caseid,task,resource,role,end_timestamp,pr_instances,tsk_start_inst,res_id,start_timestamp,rp_start_oc
Case1,W_Completeren aanvraag,res_3038739b-6c1c-42c1-b9ac-27ac6cc55a89,Role 1,2012-02-13 19:02:32.510964000,520,1,res_3038739b-6c1c-42c1-b9ac-27ac6cc55a89,2012-02-13 19:00:00.000000000,0.0
Case1,W_Nabellen offertes,res_63a2ec71-0edb-4961-a972-295906b733b9,Role 1,2012-02-13 19:21:47.015426600,521,1,res_63a2ec71-0edb-4961-a972-295906b733b9,2012-02-13 19:19:25.493952600,0.0
Case10,W_Afhandelen leads,res_d9a4b451-1c76-46c3-87c6-97373bec81d0,Role 1,2012-02-14 08:16:26.897085124,525,0,res_d9a4b451-1c76-46c3-87c6-97373bec81d0,2012-02-14 08:13:23.821260124,0.0
Case10,W_Completeren aanvraag,res_03b72214-605a-4b4f-97a5-ea18baa453ee,Role 1,2012-02-14 10:49:34.492569224,534,1,res_03b72214-605a-4b4f-97a5-ea18baa453ee,2012-02-14 10:47:10.191500224,0.0
Case10,W_Nabellen offertes,res_4d8dd482-f3ce-4175-9cd8-f5584cb38f63,Role 1,2012-02-15 05:11:48.965116724,541,1,res_4d8dd482-f3ce-4175-9cd8-f5584cb38f63,2012-02-15 05:09:16.976493724,0.0
Case10,W_Nabellen offertes,res_8f2bf97e-8175-4ba4-882d-f6b7957c1a2c,Role 1,2012-02-21 21:54:48.462571024,616,1,res_8f2bf97e-8175-4ba4-882d-f6b7957c1a2c,2012-02-21 21:51:59.797350024,0.0
Case100,W_Completeren aanvraag,res_c561e158-62af-4d50-bb96-33472303cf4c,Role 1,2012-02-15 13:54:37.020887266,556,1,res_c561e158-62af-4d50-bb96-33472303cf4c,2012-02-15 13:52:06.567416266,0.0
Case100,W_Nabellen offertes,res_0dd9fb20-75d3-4949-8e8b-38b1e2a52fbf,Role 1,2012-02-15 14:23:31.578610266,557,1,res_0dd9fb20-75d3-4949-8e8b-38b1e2a52fbf,2012-02-15 14:21:11.552232266,0.02564102564102564
Case1000,W_Completeren aanvraag,res_d9486917-858c-4563-bf95-164b83d8a3d8,Role 1,2012-03-06 16:41:10.021814473,640,1,res_d9486917-858c-4563-bf95-164b83d8a3d8,2012-03-06 16:38:45.438621473,0.0
Case1001,W_Afhandelen leads,res_5423e6a8-eed7-4dc9-b44d-98691c53411e,Role 1,2012-03-06 16:55:34.650603896,639,0,res_5423e6a8-eed7-4dc9-b44d-98691c53411e,2012-03-06 16:52:29.529152896,0.0
Case1001,W_Completeren aanvraag,res_4d8dd482-f3ce-4175-9cd8-f5584cb38f63,Role 1,2012-03-06 17:49:55.330528696,639,1,res_4d8dd482-f3ce-4175-9cd8-f5584cb38f63,2012-03-06 17:47:22.331573696,0.0
Case1002,W_Afhandelen leads,res_f8a5c2f7-852b-4750-a5bc-71d8a9f25fcd,Role 1,2012-03-06 16:56:00.761957569,640,1,res_f8a5c2f7-852b-4750-a5bc-71d8a9f25fcd,2012-03-06 16:53:03.782304569,0.02564102564102564
Case1002,W_Completeren aanvraag,res_a6b7a9b9-8dde-47b4-ba71-c31305bfae5d,Role 1,2012-03-06 17:50:10.364860869,639,2,res_a6b7a9b9-8dde-47b4-ba71-c31305bfae5d,2012-03-06 17:47:42.203919869,0.02564102564102564
Case1002,W_Nabellen offertes,res_6d1d995e-4384-448a-9bf8-9fb7d8013316,Role 1,2012-03-07 16:42:20.011344569,629,1,res_6d1d995e-4384-448a-9bf8-9fb7d8013316,2012-03-07 16:40:15.704051569,0.0
Case1003,W_Afhandelen leads,res_094e34c1-5472-4e50-8ca3-650a6a34e4ec,Role 1,2012-03-06 17:19:38.034711704,638,0,res_094e34c1-5472-4e50-8ca3-650a6a34e4ec,2012-03-06 17:16:32.191305704,0.0
Case1003,W_Completeren aanvraag,res_d9486917-858c-4563-bf95-164b83d8a3d8,Role 1,2012-03-06 18:14:03.694730104,639,1,res_d9486917-858c-4563-bf95-164b83d8a3d8,2012-03-06 18:11:31.655325104,0.02564102564102564
Case1004,W_Afhandelen leads,res_c561e158-62af-4d50-bb96-33472303cf4c,Role 1,2012-03-06 17:34:19.840405461,639,0,res_c561e158-62af-4d50-bb96-33472303cf4c,2012-03-06 17:31:13.706238461,0.0
Case1004,W_Completeren aanvraag,res_094e34c1-5472-4e50-8ca3-650a6a34e4ec,Role 1,2012-03-06 18:29:02.467220561,638,1,res_094e34c1-5472-4e50-8ca3-650a6a34e4ec,2012-03-06 18:26:29.538230561,0.0
Case1004,W_Completeren aanvraag,res_d9a4b451-1c76-46c3-87c6-97373bec81d0,Role 1,2012-03-06 19:59:37.609332261,636,1,res_d9a4b451-1c76-46c3-87c6-97373bec81d0,2012-03-06 19:57:22.551215261,0.0
Case1005,W_Afhandelen leads,res_32a810af-a1e0-4835-afe4-a9e543c58a25,Role 1,2012-03-06 17:55:06.444319968,638,0,res_32a810af-a1e0-4835-afe4-a9e543c58a25,2012-03-06 17:51:59.916491969,0.0
Case1005,W_Completeren aanvraag,res_03b72214-605a-4b4f-97a5-ea18baa453ee,Role 1,2012-03-06 18:50:31.190121369,637,1,res_03b72214-605a-4b4f-97a5-ea18baa453ee,2012-03-06 18:47:58.406172369,0.0
Case1006,W_Afhandelen leads,res_d9a4b451-1c76-46c3-87c6-97373bec81d0,Role 1,2012-03-06 17:56:22.356742151,639,1,res_d9a4b451-1c76-46c3-87c6-97373bec81d0,2012-03-06 17:53:25.549371151,0.05128205128205128
Case1006,W_Completeren aanvraag,res_e9f54089-f03e-4dc1-a453-57f4acf2c7fb,Role 1,2012-03-06 18:51:34.522631551,637,2,res_e9f54089-f03e-4dc1-a453-57f4acf2c7fb,2012-03-06 18:49:06.913383551,0.02564102564102564
Case1006,W_Completeren aanvraag,res_c77d0074-5613-45fd-a890-6d80edada349,Role 1,2012-03-06 20:27:15.318724751,636,1,res_c77d0074-5613-45fd-a890-6d80edada349,2012-03-06 20:25:02.304956751,0.02564102564102564
Case1007,W_Afhandelen leads,res_fe8f604a-4f72-4c5b-9082-2dc751f7d4b9,Role 1,2012-03-06 18:09:15.848638328,639,0,res_fe8f604a-4f72-4c5b-9082-2dc751f7d4b9,2012-03-06 18:06:09.193164328,0.0
Case1007,W_Completeren aanvraag,res_0dd9fb20-75d3-4949-8e8b-38b1e2a52fbf,Role 1,2012-03-06 19:05:09.080239828,638,1,res_0dd9fb20-75d3-4949-8e8b-38b1e2a52fbf,2012-03-06 19:02:36.461267828,0.0
Case1007,W_Completeren aanvraag,res_c05ba8c3-4cba-4513-8bb9-b3faa8713cc7,Role 1,2012-03-06 20:42:35.784848828,634,1,res_c05ba8c3-4cba-4513-8bb9-b3faa8713cc7,2012-03-06 20:40:21.093249828,0.0
Case1008,W_Completeren aanvraag,res_dfa30272-4bc0-4c82-9bd0-6b4169bccece,Role 1,2012-03-06 18:32:48.766370785,639,1,res_dfa30272-4bc0-4c82-9bd0-6b4169bccece,2012-03-06 18:30:23.944664785,0.0
Case1009,W_Completeren aanvraag,res_c66fd8c7-ae25-415c-80c1-ac9cc1be7147,Role 1,2012-03-06 18:55:55.749196535,637,1,res_c66fd8c7-ae25-415c-80c1-ac9cc1be7147,2012-03-06 18:53:31.197307535,0.0
Case1009,W_Nabellen offertes,res_c77d0074-5613-45fd-a890-6d80edada349,Role 1,2012-03-06 19:13:42.571933635,636,2,res_c77d0074-5613-45fd-a890-6d80edada349,2012-03-06 19:11:28.988735635,0.02564102564102564
Case1009,W_Nabellen offertes,res_c77d0074-5613-45fd-a890-6d80edada349,Role 1,2012-03-14 23:29:50.583695935,584,1,res_c77d0074-5613-45fd-a890-6d80edada349,2012-03-14 23:24:13.433184935,0.0
Case101,W_Afhandelen leads,res_0dcb8a75-60b3-457b-aac5-fe91506450da,Role 1,2012-02-15 14:07:58.615837355,556,0,res_0dcb8a75-60b3-457b-aac5-fe91506450da,2012-02-15 14:04:53.233546355,0.0
Case101,W_Completeren aanvraag,res_c475f0b2-f190-4931-b0ab-7a7e8189e241,Role 1,2012-02-15 15:06:44.504611455,558,1,res_c475f0b2-f190-4931-b0ab-7a7e8189e241,2012-02-15 15:04:09.557984455,0.0
Case1010,W_Afhandelen leads,res_e9f54089-f03e-4dc1-a453-57f4acf2c7fb,Role 1,2012-03-06 18:56:44.388440633,638,0,res_e9f54089-f03e-4dc1-a453-57f4acf2c7fb,2012-03-06 18:53:39.256872634,0.02564102564102564
Case1010,W_Completeren aanvraag,res_c561e158-62af-4d50-bb96-33472303cf4c,Role 1,2012-03-06 19:54:12.676274034,636,2,res_c561e158-62af-4d50-bb96-33472303cf4c,2012-03-06 19:51:44.122916034,0.02564102564102564
Case1010,W_Completeren aanvraag,res_c77d0074-5613-45fd-a890-6d80edada349,Role 1,2012-03-06 22:04:50.048032034,634,1,res_c77d0074-5613-45fd-a890-6d80edada349,2012-03-06 22:02:36.695663034,0.0
Case1010,W_Nabellen offertes,res_240d458f-f7c5-4593-8aba-741926c2775b,Role 1,2012-03-08 00:08:34.552174834,625,2,res_240d458f-f7c5-4593-8aba-741926c2775b,2012-03-08 00:06:54.380346834,0.02564102564102564
Case1011,W_Afhandelen leads,res_3d71865b-e63e-44f8-a4fd-ece0ef216fef,Role 1,2012-03-06 19:22:55.520702759,636,0,res_3d71865b-e63e-44f8-a4fd-ece0ef216fef,2012-03-06 19:19:48.857175759,0.0
Case1011,W_Completeren aanvraag,res_ffdbf4b7-c588-487c-b4ec-ae52c332aeda,Role 1,2012-03-06 20:21:18.721330359,635,2,res_ffdbf4b7-c588-487c-b4ec-ae52c332aeda,2012-03-06 20:18:50.517992359,0.02564102564102564
Case1011,W_Nabellen offertes,res_a117c367-ca0b-4fb8-9736-c1d7d3de62d1,Role 1,2012-03-09 17:14:53.352260859,607,1,res_a117c367-ca0b-4fb8-9736-c1d7d3de62d1,2012-03-09 17:12:08.311048859,0.0
Case1011,W_Nabellen offertes,res_554d030c-8ea0-477b-9a72-1469e52cca81,Role 1,2012-03-14 06:39:01.803718859,595,1,res_554d030c-8ea0-477b-9a72-1469e52cca81,2012-03-14 06:37:17.741628859,0.0
Case1011,W_Nabellen offertes,res_90ea4c98-054c-4dd3-aadb-9d56713379c2,Role 1,2012-03-15 18:30:29.446977459,578,1,res_90ea4c98-054c-4dd3-aadb-9d56713379c2,2012-03-15 18:28:57.740839459,0.0
Case1011,W_Nabellen offertes,res_7b5eefe7-a9c7-4c10-ace5-1fd3772097ff,Role 1,2012-03-17 14:01:16.208034659,559,1,res_7b5eefe7-a9c7-4c10-ace5-1fd3772097ff,2012-03-17 13:59:34.368864659,0.0
Case1011,W_Nabellen offertes,res_7b5eefe7-a9c7-4c10-ace5-1fd3772097ff,Role 1,2012-03-19 10:07:22.278646559,542,1,res_7b5eefe7-a9c7-4c10-ace5-1fd3772097ff,2012-03-19 09:56:56.346486559,0.0
Case1011,W_Nabellen offertes,res_fe8f604a-4f72-4c5b-9082-2dc751f7d4b9,Role 1,2012-03-21 01:45:42.182452059,540,1,res_fe8f604a-4f72-4c5b-9082-2dc751f7d4b9,2012-03-21 01:43:59.816845059,0.0
Case1011,W_Nabellen offertes,res_c66fd8c7-ae25-415c-80c1-ac9cc1be7147,Role 1,2012-03-22 14:33:22.520853059,533,1,res_c66fd8c7-ae25-415c-80c1-ac9cc1be7147,2012-03-22 14:26:30.143783059,0.0
Case1011,W_Nabellen offertes,res_fdf1178c-5a31-4f5e-8867-f12efd24326c,Role 1,2012-03-24 00:33:00.679733359,525,1,res_fdf1178c-5a31-4f5e-8867-f12efd24326c,2012-03-24 00:31:06.563361359,0.0
Case1012,W_Completeren aanvraag,res_c77d0074-5613-45fd-a890-6d80edada349,Role 1,2012-03-06 19:54:30.427242186,636,1,res_c77d0074-5613-45fd-a890-6d80edada349,2012-03-06 19:52:07.182582186,0.0
Case1012,W_Nabellen offertes,res_240d458f-f7c5-4593-8aba-741926c2775b,Role 1,2012-03-06 20:12:44.582746786,636,1,res_240d458f-f7c5-4593-8aba-741926c2775b,2012-03-06 20:10:30.221699786,0.0
Case1012,W_Nabellen offertes,res_03b72214-605a-4b4f-97a5-ea18baa453ee,Role 1,2012-03-14 18:40:25.092397486,586,1,res_03b72214-605a-4b4f-97a5-ea18baa453ee,2012-03-14 18:38:16.546761486,0.0
Case1013,W_Completeren aanvraag,res_32a810af-a1e0-4835-afe4-a9e543c58a25,Role 1,2012-03-06 20:25:52.460976554,635,1,res_32a810af-a1e0-4835-afe4-a9e543c58a25,2012-03-06 20:23:30.098478554,0.0
Case1014,W_Completeren aanvraag,res_3835d2af-f74a-47b9-b054-8234859b6abe,Role 1,2012-03-06 20:58:37.988790829,634,1,res_3835d2af-f74a-47b9-b054-8234859b6abe,2012-03-06 20:56:16.632362829,0.0
Case1014,W_Completeren aanvraag,res_03b72214-605a-4b4f-97a5-ea18baa453ee,Role 1,2012-03-06 22:00:10.233589829,634,1,res_03b72214-605a-4b4f-97a5-ea18baa453ee,2012-03-06 21:57:48.147479829,0.0
Case1014,W_Nabellen offertes,res_8f2bf97e-8175-4ba4-882d-f6b7957c1a2c,Role 1,2012-03-10 21:53:40.113726329,607,1,res_8f2bf97e-8175-4ba4-882d-f6b7957c1a2c,2012-03-10 21:51:40.657724329,0.0
Case1015,W_Afhandelen leads,res_63a2ec71-0edb-4961-a972-295906b733b9,Role 1,2012-03-06 21:57:51.380301568,635,0,res_63a2ec71-0edb-4961-a972-295906b733b9,2012-03-06 21:54:49.595300568,0.0
Case1015,W_Completeren aanvraag,res_3038739b-6c1c-42c1-b9ac-27ac6cc55a89,Role 1,2012-03-06 23:03:42.700914268,637,1,res_3038739b-6c1c-42c1-b9ac-27ac6cc55a89,2012-03-06 23:01:17.115759268,0.02564102564102564
Case1016,W_Afhandelen leads,res_e08dd225-6ddd-45bc-b1b2-7c6cf10375f6,Role 1,2012-03-06 21:58:08.811715504,636,1,res_e08dd225-6ddd-45bc-b1b2-7c6cf10375f6,2012-03-06 21:55:14.781441504,0.02564102564102564
Case1016,W_Completeren aanvraag,res_d9a4b451-1c76-46c3-87c6-97373bec81d0,Role 1,2012-03-06 23:04:23.627782404,638,3,res_d9a4b451-1c76-46c3-87c6-97373bec81d0,2012-03-06 23:02:04.466757404,0.07692307692307693
Case1017,W_Afhandelen leads,res_4d8dd482-f3ce-4175-9cd8-f5584cb38f63,Role 1,2012-03-06 22:56:23.753712220,637,0,res_4d8dd482-f3ce-4175-9cd8-f5584cb38f63,2012-03-06 22:53:25.580575220,0.0
Case1017,W_Completeren aanvraag,res_a117c367-ca0b-4fb8-9736-c1d7d3de62d1,Role 1,2012-03-07 00:08:59.289998220,634,1,res_a117c367-ca0b-4fb8-9736-c1d7d3de62d1,2012-03-07 00:06:25.359758220,0.0
Case1017,W_Nabellen offertes,res_fa4ebd56-fe09-4e12-ab6b-f564242582f3,Role 1,2012-03-11 17:59:21.632766720,599,1,res_fa4ebd56-fe09-4e12-ab6b-f564242582f3,2012-03-11 17:56:21.183708720,0.0
Case1018,W_Completeren aanvraag,res_c05ba8c3-4cba-4513-8bb9-b3faa8713cc7,Role 1,2012-03-06 22:58:27.377448034,638,2,res_c05ba8c3-4cba-4513-8bb9-b3faa8713cc7,2012-03-06 22:56:12.816551034,0.05128205128205128
Case1018,W_Nabellen offertes,res_fdf1178c-5a31-4f5e-8867-f12efd24326c,Role 1,2012-03-06 23:25:27.059930633,634,2,res_fdf1178c-5a31-4f5e-8867-f12efd24326c,2012-03-06 23:23:17.797242634,0.02564102564102564
Case1019,W_Completeren aanvraag,res_6d1d995e-4384-448a-9bf8-9fb7d8013316,Role 1,2012-03-06 23:57:47.813890458,634,1,res_6d1d995e-4384-448a-9bf8-9fb7d8013316,2012-03-06 23:55:31.114542458,0.0
Case1019,W_Completeren aanvraag,res_ffdbf4b7-c588-487c-b4ec-ae52c332aeda,Role 1,2012-03-07 01:31:52.088877058,634,1,res_ffdbf4b7-c588-487c-b4ec-ae52c332aeda,2012-03-07 01:29:14.734479058,0.0
Case1019,W_Completeren aanvraag,res_03b72214-605a-4b4f-97a5-ea18baa453ee,Role 1,2012-03-07 07:31:08.331372758,628,1,res_03b72214-605a-4b4f-97a5-ea18baa453ee,2012-03-07 07:28:23.426126758,0.0
Case1019,W_Nabellen offertes,res_4a606e00-143e-4039-9760-70b3cb78e66a,Role 1,2012-03-07 12:22:50.765961958,628,1,res_4a606e00-143e-4039-9760-70b3cb78e66a,2012-03-07 12:20:58.479688958,0.0
Case102,W_Completeren aanvraag,res_fe8f604a-4f72-4c5b-9082-2dc751f7d4b9,Role 1,2012-02-15 14:21:01.733596953,557,1,res_fe8f604a-4f72-4c5b-9082-2dc751f7d4b9,2012-02-15 14:18:31.279403953,0.0
Case1020,W_Afhandelen leads,res_8f2bf97e-8175-4ba4-882d-f6b7957c1a2c,Role 1,2012-03-07 12:04:16.901575353,625,0,res_8f2bf97e-8175-4ba4-882d-f6b7957c1a2c,2012-03-07 12:01:15.937329353,0.0
Case1020,W_Completeren aanvraag,res_e9f54089-f03e-4dc1-a453-57f4acf2c7fb,Role 1,2012-03-07 13:15:48.865986353,630,1,res_e9f54089-f03e-4dc1-a453-57f4acf2c7fb,2012-03-07 13:13:14.408333353,0.0
Case1020,W_Completeren aanvraag,res_094e34c1-5472-4e50-8ca3-650a6a34e4ec,Role 1,2012-03-07 16:58:26.771640753,628,1,res_094e34c1-5472-4e50-8ca3-650a6a34e4ec,2012-03-07 16:56:08.101052753,0.0
Case1021,W_Completeren aanvraag,res_90ea4c98-054c-4dd3-aadb-9d56713379c2,Role 1,2012-03-07 12:12:57.369320393,626,1,res_90ea4c98-054c-4dd3-aadb-9d56713379c2,2012-03-07 12:10:26.002647393,0.0
Case1022,W_Afhandelen leads,res_4d8dd482-f3ce-4175-9cd8-f5584cb38f63,Role 1,2012-03-07 12:18:45.825556460,626,0,res_4d8dd482-f3ce-4175-9cd8-f5584cb38f63,2012-03-07 12:15:45.362914460,0.0
Case1022,W_Completeren aanvraag,res_fe8f604a-4f72-4c5b-9082-2dc751f7d4b9,Role 1,2012-03-07 13:28:10.217874560,629,1,res_fe8f604a-4f72-4c5b-9082-2dc751f7d4b9,2012-03-07 13:25:35.778900560,0.0
Case1022,W_Completeren aanvraag,res_f8a5c2f7-852b-4750-a5bc-71d8a9f25fcd,Role 1,2012-03-07 16:53:15.402193360,629,1,res_f8a5c2f7-852b-4750-a5bc-71d8a9f25fcd,2012-03-07 16:50:57.011577360,0.0
Case1023,W_Afhandelen leads,res_3d71865b-e63e-44f8-a4fd-ece0ef216fef,Role 1,2012-03-07 12:26:10.214379844,627,0,res_3d71865b-e63e-44f8-a4fd-ece0ef216fef,2012-03-07 12:23:11.661331844,0.02564102564102564
Case1023,W_Completeren aanvraag,res_fe8f604a-4f72-4c5b-9082-2dc751f7d4b9,Role 1,2012-03-07 13:34:36.086444244,630,1,res_fe8f604a-4f72-4c5b-9082-2dc751f7d4b9,2012-03-07 13:32:01.915698244,0.0
Case1023,W_Nabellen offertes,res_e08dd225-6ddd-45bc-b1b2-7c6cf10375f6,Role 1,2012-03-08 23:56:13.083374344,622,1,res_e08dd225-6ddd-45bc-b1b2-7c6cf10375f6,2012-03-08 23:54:20.957316344,0.0
Case1023,W_Nabellen offertes,res_32a810af-a1e0-4835-afe4-a9e543c58a25,Role 1,2012-03-15 10:23:16.604500644,579,1,res_32a810af-a1e0-4835-afe4-a9e543c58a25,2012-03-15 10:21:38.619972644,0.0
Case1023,W_Nabellen offertes,res_d9486917-858c-4563-bf95-164b83d8a3d8,Role 1,2012-03-16 23:00:45.086039744,565,1,res_d9486917-858c-4563-bf95-164b83d8a3d8,2012-03-16 22:56:39.267913744,0.0
Case1024,W_Afhandelen leads,res_fa4ebd56-fe09-4e12-ab6b-f564242582f3,Role 1,2012-03-07 12:36:43.410423516,628,0,res_fa4ebd56-fe09-4e12-ab6b-f564242582f3,2012-03-07 12:33:43.329746516,0.0
Case1024,W_Completeren aanvraag,res_a6b7a9b9-8dde-47b4-ba71-c31305bfae5d,Role 1,2012-03-07 13:43:52.322799716,630,1,res_a6b7a9b9-8dde-47b4-ba71-c31305bfae5d,2012-03-07 13:41:17.888791716,0.0
Case1024,W_Completeren aanvraag,res_90ea4c98-054c-4dd3-aadb-9d56713379c2,Role 1,2012-03-07 16:57:23.861986216,628,2,res_90ea4c98-054c-4dd3-aadb-9d56713379c2,2012-03-07 16:55:09.069284216,0.02564102564102564
Case1025,W_Completeren aanvraag,res_7b5eefe7-a9c7-4c10-ace5-1fd3772097ff,Role 1,2012-03-07 12:46:26.271326715,628,1,res_7b5eefe7-a9c7-4c10-ace5-1fd3772097ff,2012-03-07 12:43:56.864139715,0.0
Case1026,W_Afhandelen leads,res_90ea4c98-054c-4dd3-aadb-9d56713379c2,Role 1,2012-03-07 12:57:00.426773539,628,0,res_90ea4c98-054c-4dd3-aadb-9d56713379c2,2012-03-07 12:54:00.324076539,0.0
Case1026,W_Completeren aanvraag,res_b48df80a-ad89-4a8c-8f9d-edecf950fdb5,Role 1,2012-03-07 14:01:57.349171239,631,1,res_b48df80a-ad89-4a8c-8f9d-edecf950fdb5,2012-03-07 13:59:22.884698239,0.0
Case1027,W_Afhandelen leads,res_c05ba8c3-4cba-4513-8bb9-b3faa8713cc7,Role 1,2012-03-07 13:04:30.802388473,629,0,res_c05ba8c3-4cba-4513-8bb9-b3faa8713cc7,2012-03-07 13:01:30.652276473,0.0
Case1027,W_Completeren aanvraag,res_fdf1178c-5a31-4f5e-8867-f12efd24326c,Role 1,2012-03-07 14:08:00.312547073,630,1,res_fdf1178c-5a31-4f5e-8867-f12efd24326c,2012-03-07 14:05:25.857414073,0.0
Case1028,W_Afhandelen leads,res_e08dd225-6ddd-45bc-b1b2-7c6cf10375f6,Role 1,2012-03-07 13:04:42.468834222,630,1,res_e08dd225-6ddd-45bc-b1b2-7c6cf10375f6,2012-03-07 13:01:50.801189222,0.02564102564102564
Case1028,W_Completeren aanvraag,res_c05ba8c3-4cba-4513-8bb9-b3faa8713cc7,Role 1,2012-03-07 14:08:51.450599722,631,3,res_c05ba8c3-4cba-4513-8bb9-b3faa8713cc7,2012-03-07 14:06:24.362903722,0.05128205128205128
Case1028,W_Completeren aanvraag,res_6d1d995e-4384-448a-9bf8-9fb7d8013316,Role 1,2012-03-07 17:03:25.754153922,626,2,res_6d1d995e-4384-448a-9bf8-9fb7d8013316,2012-03-07 17:01:17.958168922,0.02564102564102564
Case1029,W_Afhandelen leads,res_dfa30272-4bc0-4c82-9bd0-6b4169bccece,Role 1,2012-03-07 13:24:25.195588109,630,0,res_dfa30272-4bc0-4c82-9bd0-6b4169bccece,2012-03-07 13:21:26.490248109,0.02564102564102564
Case1029,W_Completeren aanvraag,res_4a606e00-143e-4039-9760-70b3cb78e66a,Role 1,2012-03-07 14:27:02.629305009,630,1,res_4a606e00-143e-4039-9760-70b3cb78e66a,2012-03-07 14:24:28.365894009,0.0
Case1029,W_Nabellen offertes,res_c05ba8c3-4cba-4513-8bb9-b3faa8713cc7,Role 1,2012-03-09 00:10:23.394547509,621,1,res_c05ba8c3-4cba-4513-8bb9-b3faa8713cc7,2012-03-09 00:08:31.250687509,0.0
Case1029,W_Nabellen offertes,res_8f2bf97e-8175-4ba4-882d-f6b7957c1a2c,Role 1,2012-03-15 12:25:36.661376309,579,1,res_8f2bf97e-8175-4ba4-882d-f6b7957c1a2c,2012-03-15 12:24:00.869582309,0.0
Case103,W_Completeren aanvraag,res_7b5eefe7-a9c7-4c10-ace5-1fd3772097ff,Role 1,2012-02-15 14:22:06.508824211,558,2,res_7b5eefe7-a9c7-4c10-ace5-1fd3772097ff,2012-02-15 14:19:42.808044211,0.05128205128205128
Case103,W_Completeren aanvraag,res_e9f54089-f03e-4dc1-a453-57f4acf2c7fb,Role 1,2012-02-15 15:20:13.916709311,558,1,res_e9f54089-f03e-4dc1-a453-57f4acf2c7fb,2012-02-15 15:17:44.569683311,0.0
Case103,W_Completeren aanvraag,res_ee19d540-6f30-4eb3-abd5-d42bf0a0cc9f,Role 1,2012-02-15 17:29:21.753568411,560,1,res_ee19d540-6f30-4eb3-abd5-d42bf0a0cc9f,2012-02-15 17:27:10.115355411,0.0
Case103,W_Nabellen offertes,res_3d71865b-e63e-44f8-a4fd-ece0ef216fef,Role 1,2012-02-16 06:17:36.909784311,560,1,res_3d71865b-e63e-44f8-a4fd-ece0ef216fef,2012-02-16 06:13:55.581666311,0.0
Case103,W_Nabellen offertes,res_32a810af-a1e0-4835-afe4-a9e543c58a25,Role 1,2012-02-21 19:08:33.219976911,615,1,res_32a810af-a1e0-4835-afe4-a9e543c58a25,2012-02-21 19:05:47.365556911,0.0
Case1030,W_Completeren aanvraag,res_554d030c-8ea0-477b-9a72-1469e52cca81,Role 1,2012-03-07 13:38:37.561922328,631,2,res_554d030c-8ea0-477b-9a72-1469e52cca81,2012-03-07 13:36:15.057300328,0.02564102564102564
Case1030,W_Nabellen offertes,res_c66fd8c7-ae25-415c-80c1-ac9cc1be7147,Role 1,2012-03-07 14:09:56.373827428,631,1,res_c66fd8c7-ae25-415c-80c1-ac9cc1be7147,2012-03-07 14:07:41.081041428,0.02564102564102564
Case1030,W_Nabellen offertes,res_c77d0074-5613-45fd-a890-6d80edada349,Role 1,2012-03-16 04:13:38.950853728,574,1,res_c77d0074-5613-45fd-a890-6d80edada349,2012-03-16 04:08:53.744789728,0.0
Case1031,W_Completeren aanvraag,res_4a606e00-143e-4039-9760-70b3cb78e66a,Role 1,2012-03-07 14:03:06.256808709,631,2,res_4a606e00-143e-4039-9760-70b3cb78e66a,2012-03-07 14:00:43.913039709,0.02564102564102564
Case1031,W_Completeren aanvraag,res_0dcb8a75-60b3-457b-aac5-fe91506450da,Role 1,2012-03-07 15:02:31.645646509,627,1,res_0dcb8a75-60b3-457b-aac5-fe91506450da,2012-03-07 15:00:02.382332509,0.0
Case1031,W_Nabellen offertes,res_63a2ec71-0edb-4961-a972-295906b733b9,Role 1,2012-03-08 21:14:16.663793909,626,1,res_63a2ec71-0edb-4961-a972-295906b733b9,2012-03-08 21:12:26.178631909,0.0
Case1032,W_Afhandelen leads,res_554d030c-8ea0-477b-9a72-1469e52cca81,Role 1,2012-03-07 14:05:22.050183091,632,0,res_554d030c-8ea0-477b-9a72-1469e52cca81,2012-03-07 14:02:25.665049091,0.07692307692307693
Case1032,W_Completeren aanvraag,res_fa4ebd56-fe09-4e12-ab6b-f564242582f3,Role 1,2012-03-07 14:59:19.140191603,627,2,res_fa4ebd56-fe09-4e12-ab6b-f564242582f3,2012-03-07 14:56:48.255975603,0.02564102564102564
Case1032,W_Nabellen offertes,res_3835d2af-f74a-47b9-b054-8234859b6abe,Role 1,2012-03-08 20:21:44.616220439,622,1,res_3835d2af-f74a-47b9-b054-8234859b6abe,2012-03-08 20:19:54.125742439,0.0
Case1032,W_Nabellen offertes,res_32a810af-a1e0-4835-afe4-a9e543c58a25,Role 1,2012-03-14 19:04:12.964232870,578,1,res_32a810af-a1e0-4835-afe4-a9e543c58a25,2012-03-14 19:02:38.942668870,0.0
Case1032,W_Nabellen offertes,res_c77d0074-5613-45fd-a890-6d80edada349,Role 1,2012-03-16 10:43:02.713872436,561,1,res_c77d0074-5613-45fd-a890-6d80edada349,2012-03-16 10:41:04.148980436,0.0
Case1032,W_Nabellen offertes,res_fa4ebd56-fe09-4e12-ab6b-f564242582f3,Role 1,2012-03-18 08:22:50.014168848,542,1,res_fa4ebd56-fe09-4e12-ab6b-f564242582f3,2012-03-18 08:20:51.985134848,0.0
Case1032,W_Nabellen offertes,res_0dcb8a75-60b3-457b-aac5-fe91506450da,Role 1,2012-03-19 21:54:23.285794456,538,1,res_0dcb8a75-60b3-457b-aac5-fe91506450da,2012-03-19 21:52:45.380153456,0.0
Case1032,W_Nabellen offertes,res_6d1d995e-4384-448a-9bf8-9fb7d8013316,Role 1,2012-03-21 07:38:11.759028634,530,1,res_6d1d995e-4384-448a-9bf8-9fb7d8013316,2012-03-21 07:34:59.460092634,0.0
Case1032,W_Nabellen offertes,res_fa4ebd56-fe09-4e12-ab6b-f564242582f3,Role 1,2012-03-22 16:28:09.830952518,524,1,res_fa4ebd56-fe09-4e12-ab6b-f564242582f3,2012-03-22 16:26:33.748507518,0.0
Case1032,W_Nabellen offertes,res_0dd9fb20-75d3-4949-8e8b-38b1e2a52fbf,Role 1,2012-03-24 04:20:41.525427301,521,1,res_0dd9fb20-75d3-4949-8e8b-38b1e2a52fbf,2012-03-24 04:18:21.322349301,0.0
Case1032,W_Nabellen offertes,res_3d71865b-e63e-44f8-a4fd-ece0ef216fef,Role 1,2012-03-25 23:36:01.328274051,521,1,res_3d71865b-e63e-44f8-a4fd-ece0ef216fef,2012-03-25 23:32:10.378512051,0.0
Case1032,W_Nabellen offertes,res_ee19d540-6f30-4eb3-abd5-d42bf0a0cc9f,Role 1,2012-03-27 06:45:14.424578144,521,1,res_ee19d540-6f30-4eb3-abd5-d42bf0a0cc9f,2012-03-27 06:43:26.963658144,0.0
Case1032,W_Nabellen offertes,res_c475f0b2-f190-4931-b0ab-7a7e8189e241,Role 1,2012-03-28 05:01:10.342639091,521,1,res_c475f0b2-f190-4931-b0ab-7a7e8189e241,2012-03-28 04:58:32.224668091,0.0
Case1033,W_Afhandelen leads,res_cd5fe8a1-7bca-4ddc-9e04-e32a42150d6e,Role 1,2012-03-07 14:23:01.509928486,631,0,res_cd5fe8a1-7bca-4ddc-9e04-e32a42150d6e,2012-03-07 14:20:00.460631486,0.02564102564102564
Case1033,W_Completeren aanvraag,res_7b5eefe7-a9c7-4c10-ace5-1fd3772097ff,Role 1,2012-03-07 15:22:17.590850286,629,1,res_7b5eefe7-a9c7-4c10-ace5-1fd3772097ff,2012-03-07 15:19:43.017959286,0.0
Case1033,W_Nabellen offertes,res_32a810af-a1e0-4835-afe4-a9e543c58a25,Role 1,2012-03-09 01:29:39.198834486,617,1,res_32a810af-a1e0-4835-afe4-a9e543c58a25,2012-03-09 01:27:45.768369486,0.05128205128205128
Case1033,W_Nabellen offertes,res_094e34c1-5472-4e50-8ca3-650a6a34e4ec,Role 1,2012-03-15 12:21:29.270261586,579,2,res_094e34c1-5472-4e50-8ca3-650a6a34e4ec,2012-03-15 12:19:53.861431586,0.02564102564102564
Case1033,W_Nabellen offertes,res_ee19d540-6f30-4eb3-abd5-d42bf0a0cc9f,Role 1,2012-03-17 04:11:20.495122486,564,1,res_ee19d540-6f30-4eb3-abd5-d42bf0a0cc9f,2012-03-17 03:59:49.928162486,0.0
Case1034,W_Afhandelen leads,res_ffdbf4b7-c588-487c-b4ec-ae52c332aeda,Role 1,2012-03-07 14:44:14.042255655,627,0,res_ffdbf4b7-c588-487c-b4ec-ae52c332aeda,2012-03-07 14:41:09.842134655,0.0
Case1034,W_Completeren aanvraag,res_a117c367-ca0b-4fb8-9736-c1d7d3de62d1,Role 1,2012-03-07 15:42:38.824376355,628,1,res_a117c367-ca0b-4fb8-9736-c1d7d3de62d1,2012-03-07 15:40:03.826580355,0.0
Case1035,W_Afhandelen leads,res_3038739b-6c1c-42c1-b9ac-27ac6cc55a89,Role 1,2012-03-07 15:05:14.411975450,628,0,res_3038739b-6c1c-42c1-b9ac-27ac6cc55a89,2012-03-07 15:02:09.149181450,0.0
Case1035,W_Completeren aanvraag,res_b48df80a-ad89-4a8c-8f9d-edecf950fdb5,Role 1,2012-03-07 16:02:59.011011450,628,1,res_b48df80a-ad89-4a8c-8f9d-edecf950fdb5,2012-03-07 16:00:23.843672450,0.0
Case1035,W_Completeren aanvraag,res_0dd9fb20-75d3-4949-8e8b-38b1e2a52fbf,Role 1,2012-03-07 17:50:20.012440450,623,1,res_0dd9fb20-75d3-4949-8e8b-38b1e2a52fbf,2012-03-07 17:48:03.106567450,0.0
Case1035,W_Completeren aanvraag,res_d9a4b451-1c76-46c3-87c6-97373bec81d0,Role 1,2012-03-07 18:43:14.753677850,627,1,res_d9a4b451-1c76-46c3-87c6-97373bec81d0,2012-03-07 18:41:22.847384850,0.0
Case1036,W_Afhandelen leads,res_5423e6a8-eed7-4dc9-b44d-98691c53411e,Role 1,2012-03-07 15:05:59.090295597,629,1,res_5423e6a8-eed7-4dc9-b44d-98691c53411e,2012-03-07 15:03:01.536354597,0.02564102564102564
Case1036,W_Completeren aanvraag,res_c561e158-62af-4d50-bb96-33472303cf4c,Role 1,2012-03-07 16:03:42.892657197,628,2,res_c561e158-62af-4d50-bb96-33472303cf4c,2012-03-07 16:01:12.303282197,0.02564102564102564
Case1036,W_Completeren aanvraag,res_240d458f-f7c5-4593-8aba-741926c2775b,Role 1,2012-03-07 18:10:54.447453497,625,1,res_240d458f-f7c5-4593-8aba-741926c2775b,2012-03-07 18:08:41.561046497,0.02564102564102564
Case1036,W_Completeren aanvraag,res_63a2ec71-0edb-4961-a972-295906b733b9,Role 1,2012-03-07 19:14:48.173057997,626,1,res_63a2ec71-0edb-4961-a972-295906b733b9,2012-03-07 19:12:58.539390997,0.0
Case1037,W_Completeren aanvraag,res_094e34c1-5472-4e50-8ca3-650a6a34e4ec,Role 1,2012-03-07 15:28:37.219462346,630,1,res_094e34c1-5472-4e50-8ca3-650a6a34e4ec,2012-03-07 15:26:08.788997346,0.0
Case1038,W_Afhandelen leads,res_13a07171-afed-4486-9431-2507f9aacd76,Role 1,2012-03-07 15:49:19.134703445,628,0,res_13a07171-afed-4486-9431-2507f9aacd76,2012-03-07 15:46:11.679088445,0.0
Case1038,W_Completeren aanvraag,res_3038739b-6c1c-42c1-b9ac-27ac6cc55a89,Role 1,2012-03-07 16:46:23.608238845,626,1,res_3038739b-6c1c-42c1-b9ac-27ac6cc55a89,2012-03-07 16:43:48.044758845,0.0
Case1038,W_Completeren aanvraag,res_4a606e00-143e-4039-9760-70b3cb78e66a,Role 1,2012-03-07 18:40:58.258435645,628,2,res_4a606e00-143e-4039-9760-70b3cb78e66a,2012-03-07 18:38:45.213095645,0.05128205128205128
Case1039,W_Afhandelen leads,res_fe8f604a-4f72-4c5b-9082-2dc751f7d4b9,Role 1,2012-03-07 16:05:00.753463810,629,0,res_fe8f604a-4f72-4c5b-9082-2dc751f7d4b9,2012-03-07 16:01:52.633313810,0.0
Case1039,W_Completeren aanvraag,res_fe8f604a-4f72-4c5b-9082-2dc751f7d4b9,Role 1,2012-03-07 17:02:08.267906510,625,1,res_fe8f604a-4f72-4c5b-9082-2dc751f7d4b9,2012-03-07 16:59:32.574397510,0.0
Case104,W_Afhandelen leads,res_a117c367-ca0b-4fb8-9736-c1d7d3de62d1,Role 1,2012-02-15 14:40:48.621948905,557,0,res_a117c367-ca0b-4fb8-9736-c1d7d3de62d1,2012-02-15 14:37:41.782321905,0.0
Case104,W_Completeren aanvraag,res_c66fd8c7-ae25-415c-80c1-ac9cc1be7147,Role 1,2012-02-15 15:38:25.898435305,558,1,res_c66fd8c7-ae25-415c-80c1-ac9cc1be7147,2012-02-15 15:35:50.686708305,0.0
Case104,W_Completeren aanvraag,res_13a07171-afed-4486-9431-2507f9aacd76,Role 1,2012-02-15 17:41:27.096708805,561,1,res_13a07171-afed-4486-9431-2507f9aacd76,2012-02-15 17:39:10.554199805,0.02564102564102564
Case104,W_Completeren aanvraag,res_ffdbf4b7-c588-487c-b4ec-ae52c332aeda,Role 1,2012-02-15 18:38:15.537140505,562,3,res_ffdbf4b7-c588-487c-b4ec-ae52c332aeda,2012-02-15 18:36:26.626576505,0.05128205128205128
Case104,W_Nabellen offertes,res_b48df80a-ad89-4a8c-8f9d-edecf950fdb5,Role 1,2012-02-15 23:25:05.441847305,563,1,res_b48df80a-ad89-4a8c-8f9d-edecf950fdb5,2012-02-15 23:23:30.100296305,0.0
Case104,W_Nabellen offertes,res_a117c367-ca0b-4fb8-9736-c1d7d3de62d1,Role 1,2012-02-19 08:08:12.714094905,591,1,res_a117c367-ca0b-4fb8-9736-c1d7d3de62d1,2012-02-19 08:06:38.572792905,0.0
Case1040,W_Afhandelen leads,res_c66fd8c7-ae25-415c-80c1-ac9cc1be7147,Role 1,2012-03-07 16:06:58.341645852,630,1,res_c66fd8c7-ae25-415c-80c1-ac9cc1be7147,2012-03-07 16:03:57.556572852,0.02564102564102564
Case1040,W_Completeren aanvraag,res_ee19d540-6f30-4eb3-abd5-d42bf0a0cc9f,Role 1,2012-03-07 17:03:55.260073452,625,2,res_ee19d540-6f30-4eb3-abd5-d42bf0a0cc9f,2012-03-07 17:01:24.198532452,0.02564102564102564
Case1041,W_Afhandelen leads,res_b48df80a-ad89-4a8c-8f9d-edecf950fdb5,Role 1,2012-03-07 17:05:01.029939369,624,0,res_b48df80a-ad89-4a8c-8f9d-edecf950fdb5,2012-03-07 17:01:52.236576369,0.02564102564102564
Case1041,W_Completeren aanvraag,res_0dd9fb20-75d3-4949-8e8b-38b1e2a52fbf,Role 1,2012-03-07 18:03:12.512633769,625,1,res_0dd9fb20-75d3-4949-8e8b-38b1e2a52fbf,2012-03-07 18:00:36.509189769,0.0
Case1041,W_Completeren aanvraag,res_a6b7a9b9-8dde-47b4-ba71-c31305bfae5d,Role 1,2012-03-07 20:13:33.716830969,625,1,res_a6b7a9b9-8dde-47b4-ba71-c31305bfae5d,2012-03-07 20:11:16.321702969,0.0
Case1041,W_Nabellen offertes,res_8f2bf97e-8175-4ba4-882d-f6b7957c1a2c,Role 1,2012-03-09 02:50:13.745977969,615,1,res_8f2bf97e-8175-4ba4-882d-f6b7957c1a2c,2012-03-09 02:48:27.141216969,0.0
Case1041,W_Nabellen offertes,res_a117c367-ca0b-4fb8-9736-c1d7d3de62d1,Role 1,2012-03-11 17:47:30.264584069,598,1,res_a117c367-ca0b-4fb8-9736-c1d7d3de62d1,2012-03-11 17:42:24.517470069,0.0
Case1041,W_Nabellen offertes,res_5423e6a8-eed7-4dc9-b44d-98691c53411e,Role 1,2012-03-13 13:28:44.634844569,616,1,res_5423e6a8-eed7-4dc9-b44d-98691c53411e,2012-03-13 13:27:03.778174569,0.0
Case1042,W_Completeren aanvraag,res_240d458f-f7c5-4593-8aba-741926c2775b,Role 1,2012-03-07 17:06:44.563834885,624,1,res_240d458f-f7c5-4593-8aba-741926c2775b,2012-03-07 17:04:15.293856885,0.02564102564102564
Case1042,W_Nabellen offertes,res_e9f54089-f03e-4dc1-a453-57f4acf2c7fb,Role 1,2012-03-07 17:27:29.381585585,625,1,res_e9f54089-f03e-4dc1-a453-57f4acf2c7fb,2012-03-07 17:25:11.842388585,0.02564102564102564
Case1042,W_Nabellen offertes,res_f8a5c2f7-852b-4750-a5bc-71d8a9f25fcd,Role 1,2012-03-16 11:33:48.227812985,569,1,res_f8a5c2f7-852b-4750-a5bc-71d8a9f25fcd,2012-03-16 11:31:57.581298985,0.0
Case1043,W_Completeren aanvraag,res_ee19d540-6f30-4eb3-abd5-d42bf0a0cc9f,Role 1,2012-03-07 17:24:46.781856854,625,1,res_ee19d540-6f30-4eb3-abd5-d42bf0a0cc9f,2012-03-07 17:22:16.283025854,0.0
Case1044,W_Afhandelen leads,res_a117c367-ca0b-4fb8-9736-c1d7d3de62d1,Role 1,2012-03-07 17:40:27.135982084,624,0,res_a117c367-ca0b-4fb8-9736-c1d7d3de62d1,2012-03-07 17:37:15.931980084,0.0
Case1044,W_Completeren aanvraag,res_0dd9fb20-75d3-4949-8e8b-38b1e2a52fbf,Role 1,2012-03-07 18:39:30.135463984,626,1,res_0dd9fb20-75d3-4949-8e8b-38b1e2a52fbf,2012-03-07 18:36:53.765952984,0.0
Case1044,W_Nabellen offertes,res_90ea4c98-054c-4dd3-aadb-9d56713379c2,Role 1,2012-03-10 20:52:21.066610984,606,1,res_90ea4c98-054c-4dd3-aadb-9d56713379c2,2012-03-10 20:50:29.572822984,0.0
Case1045,W_Afhandelen leads,res_240d458f-f7c5-4593-8aba-741926c2775b,Role 1,2012-03-07 17:53:13.972015173,625,0,res_240d458f-f7c5-4593-8aba-741926c2775b,2012-03-07 17:50:02.598110173,0.0
Case1045,W_Completeren aanvraag,res_13a07171-afed-4486-9431-2507f9aacd76,Role 1,2012-03-07 18:53:02.555543773,625,1,res_13a07171-afed-4486-9431-2507f9aacd76,2012-03-07 18:50:26.172375773,0.0
Case1045,W_Completeren aanvraag,res_7b5eefe7-a9c7-4c10-ace5-1fd3772097ff,Role 1,2012-03-07 21:26:57.966190073,625,2,res_7b5eefe7-a9c7-4c10-ace5-1fd3772097ff,2012-03-07 21:24:44.537051073,0.07692307692307693
Case1045,W_Completeren aanvraag,res_240d458f-f7c5-4593-8aba-741926c2775b,Role 1,2012-03-08 05:56:53.663470573,623,1,res_240d458f-f7c5-4593-8aba-741926c2775b,2012-03-08 05:54:33.801011573,0.0
Case1045,W_Completeren aanvraag,res_32a810af-a1e0-4835-afe4-a9e543c58a25,Role 1,2012-03-08 08:52:47.845009773,622,1,res_32a810af-a1e0-4835-afe4-a9e543c58a25,2012-03-08 08:50:52.971230773,0.0
Case1045,W_Nabellen offertes,res_7b5eefe7-a9c7-4c10-ace5-1fd3772097ff,Role 1,2012-03-08 11:51:26.204537473,617,1,res_7b5eefe7-a9c7-4c10-ace5-1fd3772097ff,2012-03-08 11:49:36.339936473,0.0
Case1045,W_Nabellen offertes,res_b48df80a-ad89-4a8c-8f9d-edecf950fdb5,Role 1,2012-03-12 18:59:26.423213873,590,1,res_b48df80a-ad89-4a8c-8f9d-edecf950fdb5,2012-03-12 18:49:36.733750873,0.0
Case1045,W_Nabellen offertes,res_554d030c-8ea0-477b-9a72-1469e52cca81,Role 1,2012-03-14 09:52:11.786200872,590,1,res_554d030c-8ea0-477b-9a72-1469e52cca81,2012-03-14 09:50:32.529087873,0.0
Case1045,W_Nabellen offertes,res_d9a4b451-1c76-46c3-87c6-97373bec81d0,Role 1,2012-03-15 23:19:14.937060073,575,2,res_d9a4b451-1c76-46c3-87c6-97373bec81d0,2012-03-15 23:07:01.104434073,0.02564102564102564
Case1045,W_Nabellen offertes,res_240d458f-f7c5-4593-8aba-741926c2775b,Role 1,2012-03-17 13:16:07.784981173,557,1,res_240d458f-f7c5-4593-8aba-741926c2775b,2012-03-17 13:14:22.503003173,0.0
Case1046,W_Completeren aanvraag,res_e08dd225-6ddd-45bc-b1b2-7c6cf10375f6,Role 1,2012-03-07 18:06:11.258426771,626,1,res_e08dd225-6ddd-45bc-b1b2-7c6cf10375f6,2012-03-07 18:03:40.643967771,0.0
Case1046,W_Completeren aanvraag,res_f8a5c2f7-852b-4750-a5bc-71d8a9f25fcd,Role 1,2012-03-07 19:06:29.444945271,625,1,res_f8a5c2f7-852b-4750-a5bc-71d8a9f25fcd,2012-03-07 19:03:57.997895271,0.0
Case1047,W_Afhandelen leads,res_6d1d995e-4384-448a-9bf8-9fb7d8013316,Role 1,2012-03-07 18:08:02.173453028,627,0,res_6d1d995e-4384-448a-9bf8-9fb7d8013316,2012-03-07 18:04:52.172608028,0.02564102564102564
Case1047,W_Completeren aanvraag,res_c05ba8c3-4cba-4513-8bb9-b3faa8713cc7,Role 1,2012-03-07 19:08:13.149260928,625,2,res_c05ba8c3-4cba-4513-8bb9-b3faa8713cc7,2012-03-07 19:05:40.054372928,0.02564102564102564
Case1047,W_Nabellen offertes,res_3835d2af-f74a-47b9-b054-8234859b6abe,Role 1,2012-03-11 15:16:40.428251828,600,1,res_3835d2af-f74a-47b9-b054-8234859b6abe,2012-03-11 15:12:10.955057828,0.0
Case1047,W_Nabellen offertes,res_3d71865b-e63e-44f8-a4fd-ece0ef216fef,Role 1,2012-03-15 20:20:04.929678628,577,1,res_3d71865b-e63e-44f8-a4fd-ece0ef216fef,2012-03-15 20:18:03.762274628,0.0
Case1047,W_Nabellen offertes,res_03b72214-605a-4b4f-97a5-ea18baa453ee,Role 1,2012-03-17 13:41:48.104487628,556,1,res_03b72214-605a-4b4f-97a5-ea18baa453ee,2012-03-17 13:40:09.221666628,0.0
Case1047,W_Nabellen offertes,res_e9f54089-f03e-4dc1-a453-57f4acf2c7fb,Role 1,2012-03-19 16:26:24.290254228,542,1,res_e9f54089-f03e-4dc1-a453-57f4acf2c7fb,2012-03-19 16:24:50.095041228,0.0
Case1047,W_Nabellen offertes,res_03b72214-605a-4b4f-97a5-ea18baa453ee,Role 1,2012-03-21 13:30:55.570770628,536,1,res_03b72214-605a-4b4f-97a5-ea18baa453ee,2012-03-21 13:19:56.973402628,0.0
Case1048,W_Afhandelen leads,res_c66fd8c7-ae25-415c-80c1-ac9cc1be7147,Role 1,2012-03-07 18:26:01.288677722,628,0,res_c66fd8c7-ae25-415c-80c1-ac9cc1be7147,2012-03-07 18:22:51.146885722,0.02564102564102564
Case1048,W_Completeren aanvraag,res_4d8dd482-f3ce-4175-9cd8-f5584cb38f63,Role 1,2012-03-07 19:26:58.798350822,625,1,res_4d8dd482-f3ce-4175-9cd8-f5584cb38f63,2012-03-07 19:24:22.654172822,0.0
Case1049,W_Completeren aanvraag,res_03b72214-605a-4b4f-97a5-ea18baa453ee,Role 1,2012-03-07 18:37:27.931545314,627,1,res_03b72214-605a-4b4f-97a5-ea18baa453ee,2012-03-07 18:34:57.515190314,0.0
Case105,W_Afhandelen leads,res_fe8f604a-4f72-4c5b-9082-2dc751f7d4b9,Role 1,2012-02-15 14:52:55.532209496,558,0,res_fe8f604a-4f72-4c5b-9082-2dc751f7d4b9,2012-02-15 14:49:48.150626496,0.0
Case105,W_Completeren aanvraag,res_0dd9fb20-75d3-4949-8e8b-38b1e2a52fbf,Role 1,2012-02-15 15:50:13.541229496,558,1,res_0dd9fb20-75d3-4949-8e8b-38b1e2a52fbf,2012-02-15 15:47:38.223918496,0.0
Case105,W_Nabellen offertes,res_e9f54089-f03e-4dc1-a453-57f4acf2c7fb,Role 1,2012-02-17 01:10:33.731266096,578,1,res_e9f54089-f03e-4dc1-a453-57f4acf2c7fb,2012-02-17 01:08:40.308876096,0.0
Case105,W_Nabellen offertes,res_3038739b-6c1c-42c1-b9ac-27ac6cc55a89,Role 1,2012-02-23 17:46:18.425593596,619,1,res_3038739b-6c1c-42c1-b9ac-27ac6cc55a89,2012-02-23 17:44:33.995897596,0.0
Case105,W_Nabellen offertes,res_0dd9fb20-75d3-4949-8e8b-38b1e2a52fbf,Role 1,2012-02-25 19:45:44.932941796,636,1,res_0dd9fb20-75d3-4949-8e8b-38b1e2a52fbf,2012-02-25 19:44:10.794678796,0.0
Case105,W_Nabellen offertes,res_094e34c1-5472-4e50-8ca3-650a6a34e4ec,Role 1,2012-02-28 19:51:15.113017096,647,1,res_094e34c1-5472-4e50-8ca3-650a6a34e4ec,2012-02-28 19:49:36.205760096,0.0
Case1050,W_Afhandelen leads,res_13a07171-afed-4486-9431-2507f9aacd76,Role 1,2012-03-07 18:50:31.320643741,626,0,res_13a07171-afed-4486-9431-2507f9aacd76,2012-03-07 18:47:21.010070741,0.02564102564102564
Case1050,W_Completeren aanvraag,res_3038739b-6c1c-42c1-b9ac-27ac6cc55a89,Role 1,2012-03-07 19:52:22.953858441,625,1,res_3038739b-6c1c-42c1-b9ac-27ac6cc55a89,2012-03-07 19:49:47.845337441,0.02564102564102564
Case1050,W_Nabellen offertes,res_6d1d995e-4384-448a-9bf8-9fb7d8013316,Role 1,2012-03-12 14:03:49.451048341,592,1,res_6d1d995e-4384-448a-9bf8-9fb7d8013316,2012-03-12 14:00:55.697978341,0.0
Case1050,W_Nabellen offertes,res_e9f54089-f03e-4dc1-a453-57f4acf2c7fb,Role 1,2012-03-16 00:06:43.269124141,574,1,res_e9f54089-f03e-4dc1-a453-57f4acf2c7fb,2012-03-16 00:03:21.899705141,0.0
Case1050,W_Nabellen offertes,res_240d458f-f7c5-4593-8aba-741926c2775b,Role 1,2012-03-17 16:44:42.265950741,554,1,res_240d458f-f7c5-4593-8aba-741926c2775b,2012-03-17 16:43:03.187091741,0.0
Case1051,W_Completeren aanvraag,res_8f2bf97e-8175-4ba4-882d-f6b7957c1a2c,Role 1,2012-03-07 19:06:46.662846277,625,1,res_8f2bf97e-8175-4ba4-882d-f6b7957c1a2c,2012-03-07 19:04:16.515273277,0.0
Case1051,W_Completeren aanvraag,res_32a810af-a1e0-4835-afe4-a9e543c58a25,Role 1,2012-03-07 20:09:22.491006977,625,1,res_32a810af-a1e0-4835-afe4-a9e543c58a25,2012-03-07 20:06:51.232404977,0.0
Case1051,W_Nabellen offertes,res_0dd9fb20-75d3-4949-8e8b-38b1e2a52fbf,Role 1,2012-03-12 17:02:46.458683077,591,1,res_0dd9fb20-75d3-4949-8e8b-38b1e2a52fbf,2012-03-12 16:57:50.165914077,0.0
Case1051,W_Nabellen offertes,res_d9486917-858c-4563-bf95-164b83d8a3d8,Role 1,2012-03-15 23:13:58.506514777,574,2,res_d9486917-858c-4563-bf95-164b83d8a3d8,2012-03-15 23:11:24.487671777,0.02564102564102564
Case1051,W_Nabellen offertes,res_ffdbf4b7-c588-487c-b4ec-ae52c332aeda,Role 1,2012-03-17 16:09:27.313721777,555,1,res_ffdbf4b7-c588-487c-b4ec-ae52c332aeda,2012-03-17 16:07:49.846935777,0.0
Case1052,W_Completeren aanvraag,res_240d458f-f7c5-4593-8aba-741926c2775b,Role 1,2012-03-07 19:06:53.745008564,626,2,res_240d458f-f7c5-4593-8aba-741926c2775b,2012-03-07 19:04:29.612066564,0.02564102564102564
Case1053,W_Afhandelen leads,res_c77d0074-5613-45fd-a890-6d80edada349,Role 1,2012-03-07 19:30:53.477848500,625,0,res_c77d0074-5613-45fd-a890-6d80edada349,2012-03-07 19:27:41.901937500,0.0
Case1053,W_Completeren aanvraag,res_3d71865b-e63e-44f8-a4fd-ece0ef216fef,Role 1,2012-03-07 20:34:02.425668200,626,1,res_3d71865b-e63e-44f8-a4fd-ece0ef216fef,2012-03-07 20:31:26.368612200,0.0
Case1054,W_Afhandelen leads,res_a117c367-ca0b-4fb8-9736-c1d7d3de62d1,Role 1,2012-03-07 19:46:34.270249865,625,0,res_a117c367-ca0b-4fb8-9736-c1d7d3de62d1,2012-03-07 19:43:22.856162865,0.0
Case1054,W_Completeren aanvraag,res_03b72214-605a-4b4f-97a5-ea18baa453ee,Role 1,2012-03-07 20:50:32.423166665,625,1,res_03b72214-605a-4b4f-97a5-ea18baa453ee,2012-03-07 20:47:56.497114665,0.0
Case1055,W_Completeren aanvraag,res_b48df80a-ad89-4a8c-8f9d-edecf950fdb5,Role 1,2012-03-07 20:07:04.045591946,626,1,res_b48df80a-ad89-4a8c-8f9d-edecf950fdb5,2012-03-07 20:04:35.260002946,0.0
Case1055,W_Completeren aanvraag,res_e08dd225-6ddd-45bc-b1b2-7c6cf10375f6,Role 1,2012-03-07 21:11:51.609388546,624,1,res_e08dd225-6ddd-45bc-b1b2-7c6cf10375f6,2012-03-07 21:09:20.620990546,0.0
Case1055,W_Nabellen offertes,res_63a2ec71-0edb-4961-a972-295906b733b9,Role 1,2012-03-12 18:30:34.861363246,591,1,res_63a2ec71-0edb-4961-a972-295906b733b9,2012-03-12 18:26:02.056599246,0.0
Case1056,W_Completeren aanvraag,res_c77d0074-5613-45fd-a890-6d80edada349,Role 1,2012-03-07 20:08:22.006457854,627,2,res_c77d0074-5613-45fd-a890-6d80edada349,2012-03-07 20:05:58.877990854,0.02564102564102564
Case1057,W_Afhandelen leads,res_4a606e00-143e-4039-9760-70b3cb78e66a,Role 1,2012-03-07 21:07:59.500113705,625,0,res_4a606e00-143e-4039-9760-70b3cb78e66a,2012-03-07 21:04:50.982395705,0.02564102564102564
Case1057,W_Completeren aanvraag,res_c77d0074-5613-45fd-a890-6d80edada349,Role 1,2012-03-07 22:15:27.970833505,626,2,res_c77d0074-5613-45fd-a890-6d80edada349,2012-03-07 22:12:57.181173505,0.05128205128205128
Case1057,W_Completeren aanvraag,res_fdf1178c-5a31-4f5e-8867-f12efd24326c,Role 1,2012-03-08 13:57:45.599646905,618,1,res_fdf1178c-5a31-4f5e-8867-f12efd24326c,2012-03-08 13:55:35.648911905,0.0
Case1058,W_Afhandelen leads,res_7b5eefe7-a9c7-4c10-ace5-1fd3772097ff,Role 1,2012-03-07 21:09:15.248763249,626,1,res_7b5eefe7-a9c7-4c10-ace5-1fd3772097ff,2012-03-07 21:06:15.607829249,0.07692307692307693
Case1058,W_Completeren aanvraag,res_3038739b-6c1c-42c1-b9ac-27ac6cc55a89,Role 1,2012-03-07 22:16:42.983513149,626,2,res_3038739b-6c1c-42c1-b9ac-27ac6cc55a89,2012-03-07 22:14:14.547561149,0.05128205128205128
Case1059,W_Afhandelen leads,res_094e34c1-5472-4e50-8ca3-650a6a34e4ec,Role 1,2012-03-07 21:45:09.388391351,625,0,res_094e34c1-5472-4e50-8ca3-650a6a34e4ec,2012-03-07 21:42:00.459591351,0.0
Case1059,W_Completeren aanvraag,res_094e34c1-5472-4e50-8ca3-650a6a34e4ec,Role 1,2012-03-07 22:55:09.384418251,626,2,res_094e34c1-5472-4e50-8ca3-650a6a34e4ec,2012-03-07 22:52:37.750070251,0.02564102564102564
Case106,W_Afhandelen leads,res_e08dd225-6ddd-45bc-b1b2-7c6cf10375f6,Role 1,2012-02-15 15:05:19.621153924,558,0,res_e08dd225-6ddd-45bc-b1b2-7c6cf10375f6,2012-02-15 15:02:11.645506924,0.0
Case106,W_Completeren aanvraag,res_63a2ec71-0edb-4961-a972-295906b733b9,Role 1,2012-02-15 16:02:20.152520924,559,1,res_63a2ec71-0edb-4961-a972-295906b733b9,2012-02-15 15:59:44.705459924,0.0
Case106,W_Completeren aanvraag,res_ee19d540-6f30-4eb3-abd5-d42bf0a0cc9f,Role 1,2012-02-15 17:59:50.526181624,560,1,res_ee19d540-6f30-4eb3-abd5-d42bf0a0cc9f,2012-02-15 17:57:33.146033624,0.0
Case106,W_Nabellen offertes,res_3835d2af-f74a-47b9-b054-8234859b6abe,Role 1,2012-02-16 10:25:12.368927223,561,1,res_3835d2af-f74a-47b9-b054-8234859b6abe,2012-02-16 10:22:15.865674224,0.0
Case106,W_Nabellen offertes,res_fe8f604a-4f72-4c5b-9082-2dc751f7d4b9,Role 1,2012-02-20 23:38:33.491105224,604,1,res_fe8f604a-4f72-4c5b-9082-2dc751f7d4b9,2012-02-20 23:36:27.052126224,0.0
Case106,W_Nabellen offertes,res_c05ba8c3-4cba-4513-8bb9-b3faa8713cc7,Role 1,2012-02-22 12:54:58.748295223,620,1,res_c05ba8c3-4cba-4513-8bb9-b3faa8713cc7,2012-02-22 12:53:25.622696224,0.0
Case106,W_Nabellen offertes,res_c66fd8c7-ae25-415c-80c1-ac9cc1be7147,Role 1,2012-02-24 04:29:18.343105924,607,1,res_c66fd8c7-ae25-415c-80c1-ac9cc1be7147,2012-02-24 04:19:41.673761924,0.0
Case106,W_Nabellen offertes,res_e08dd225-6ddd-45bc-b1b2-7c6cf10375f6,Role 1,2012-02-25 18:11:32.049267324,636,1,res_e08dd225-6ddd-45bc-b1b2-7c6cf10375f6,2012-02-25 18:09:50.501310324,0.0
Case1060,W_Completeren aanvraag,res_fa4ebd56-fe09-4e12-ab6b-f564242582f3,Role 1,2012-03-07 22:07:24.318009000,625,1,res_fa4ebd56-fe09-4e12-ab6b-f564242582f3,2012-03-07 22:04:59.652669000,0.0
Case1060,W_Completeren aanvraag,res_5423e6a8-eed7-4dc9-b44d-98691c53411e,Role 1,2012-03-07 23:19:00.379025800,624,1,res_5423e6a8-eed7-4dc9-b44d-98691c53411e,2012-03-07 23:16:28.172270800,0.0
Case1060,W_Nabellen offertes,res_3038739b-6c1c-42c1-b9ac-27ac6cc55a89,Role 1,2012-03-13 01:02:00.645915200,596,1,res_3038739b-6c1c-42c1-b9ac-27ac6cc55a89,2012-03-13 00:59:57.257377200,0.0
Case1061,W_Afhandelen leads,res_d9486917-858c-4563-bf95-164b83d8a3d8,Role 1,2012-03-07 22:09:23.847278083,626,0,res_d9486917-858c-4563-bf95-164b83d8a3d8,2012-03-07 22:06:17.225983083,0.02564102564102564
Case1061,W_Completeren aanvraag,res_cd5fe8a1-7bca-4ddc-9e04-e32a42150d6e,Role 1,2012-03-07 23:21:10.004104683,624,2,res_cd5fe8a1-7bca-4ddc-9e04-e32a42150d6e,2012-03-07 23:18:38.725099683,0.02564102564102564
Case1061,W_Nabellen offertes,res_240d458f-f7c5-4593-8aba-741926c2775b,Role 1,2012-03-13 01:44:54.978963983,601,1,res_240d458f-f7c5-4593-8aba-741926c2775b,2012-03-13 01:42:52.594437983,0.02564102564102564
Case1062,W_Completeren aanvraag,res_3835d2af-f74a-47b9-b054-8234859b6abe,Role 1,2012-03-07 22:46:47.270205062,626,1,res_3835d2af-f74a-47b9-b054-8234859b6abe,2012-03-07 22:44:24.127580062,0.0
Case1063,W_Completeren aanvraag,res_240d458f-f7c5-4593-8aba-741926c2775b,Role 1,2012-03-07 23:08:00.013587782,624,1,res_240d458f-f7c5-4593-8aba-741926c2775b,2012-03-07 23:05:37.538865782,0.0
Case1064,W_Afhandelen leads,res_4d8dd482-f3ce-4175-9cd8-f5584cb38f63,Role 1,2012-03-07 23:09:51.200022765,625,0,res_4d8dd482-f3ce-4175-9cd8-f5584cb38f63,2012-03-07 23:06:47.052614765,0.02564102564102564
Case1064,W_Completeren aanvraag,res_3d71865b-e63e-44f8-a4fd-ece0ef216fef,Role 1,2012-03-08 00:31:07.819568165,625,1,res_3d71865b-e63e-44f8-a4fd-ece0ef216fef,2012-03-08 00:28:30.032970165,0.0
Case1064,W_Nabellen offertes,res_c05ba8c3-4cba-4513-8bb9-b3faa8713cc7,Role 1,2012-03-13 22:30:07.709722565,602,1,res_c05ba8c3-4cba-4513-8bb9-b3faa8713cc7,2012-03-13 22:27:35.554170565,0.0
Case1065,W_Afhandelen leads,res_0dcb8a75-60b3-457b-aac5-fe91506450da,Role 1,2012-03-08 00:09:01.509108902,625,0,res_0dcb8a75-60b3-457b-aac5-fe91506450da,2012-03-08 00:05:52.253812902,0.0
Case1065,W_Completeren aanvraag,res_0dd9fb20-75d3-4949-8e8b-38b1e2a52fbf,Role 1,2012-03-08 02:04:16.697853002,624,1,res_0dd9fb20-75d3-4949-8e8b-38b1e2a52fbf,2012-03-08 02:01:31.568734002,0.0
Case1065,W_Nabellen offertes,res_c561e158-62af-4d50-bb96-33472303cf4c,Role 1,2012-03-13 19:09:50.260200302,605,1,res_c561e158-62af-4d50-bb96-33472303cf4c,2012-03-13 19:07:10.675403302,0.0
Case1065,W_Nabellen offertes,res_e9f54089-f03e-4dc1-a453-57f4acf2c7fb,Role 1,2012-03-16 15:33:35.445749902,567,1,res_e9f54089-f03e-4dc1-a453-57f4acf2c7fb,2012-03-16 15:31:55.420520902,0.0
Case1066,W_Afhandelen leads,res_d9a4b451-1c76-46c3-87c6-97373bec81d0,Role 1,2012-03-08 12:16:00.143306967,617,0,res_d9a4b451-1c76-46c3-87c6-97373bec81d0,2012-03-08 12:12:51.627576967,0.0
Case1066,W_Completeren aanvraag,res_c05ba8c3-4cba-4513-8bb9-b3faa8713cc7,Role 1,2012-03-08 13:30:41.765589667,622,1,res_c05ba8c3-4cba-4513-8bb9-b3faa8713cc7,2012-03-08 13:28:11.350678667,0.0
Case1066,W_Completeren aanvraag,res_7b5eefe7-a9c7-4c10-ace5-1fd3772097ff,Role 1,2012-03-08 17:44:20.105481867,623,2,res_7b5eefe7-a9c7-4c10-ace5-1fd3772097ff,2012-03-08 17:42:26.885170867,0.02564102564102564
Case1066,W_Nabellen offertes,res_fdf1178c-5a31-4f5e-8867-f12efd24326c,Role 1,2012-03-10 01:38:34.077671466,617,1,res_fdf1178c-5a31-4f5e-8867-f12efd24326c,2012-03-10 01:36:53.887510466,0.0
Case1067,W_Afhandelen leads,res_03b72214-605a-4b4f-97a5-ea18baa453ee,Role 1,2012-03-08 12:23:01.676635053,618,0,res_03b72214-605a-4b4f-97a5-ea18baa453ee,2012-03-08 12:19:53.747299053,0.0
Case1067,W_Completeren aanvraag,res_ffdbf4b7-c588-487c-b4ec-ae52c332aeda,Role 1,2012-03-08 13:36:48.287251553,623,2,res_ffdbf4b7-c588-487c-b4ec-ae52c332aeda,2012-03-08 13:34:21.672052553,0.02564102564102564
Case1068,W_Afhandelen leads,res_cd5fe8a1-7bca-4ddc-9e04-e32a42150d6e,Role 1,2012-03-08 12:32:26.217694654,618,0,res_cd5fe8a1-7bca-4ddc-9e04-e32a42150d6e,2012-03-08 12:29:18.924301654,0.0
Case1068,W_Completeren aanvraag,res_63a2ec71-0edb-4961-a972-295906b733b9,Role 1,2012-03-08 13:45:06.939598854,622,1,res_63a2ec71-0edb-4961-a972-295906b733b9,2012-03-08 13:42:37.574505854,0.02564102564102564
Case1068,W_Nabellen offertes,res_f8a5c2f7-852b-4750-a5bc-71d8a9f25fcd,Role 1,2012-03-11 09:20:56.717368854,602,2,res_f8a5c2f7-852b-4750-a5bc-71d8a9f25fcd,2012-03-11 09:18:13.199805854,0.02564102564102564
Case1069,W_Completeren aanvraag,res_0dcb8a75-60b3-457b-aac5-fe91506450da,Role 1,2012-03-08 12:38:47.973616453,618,1,res_0dcb8a75-60b3-457b-aac5-fe91506450da,2012-03-08 12:36:07.947230453,0.0
Case1069,W_Completeren aanvraag,res_ffdbf4b7-c588-487c-b4ec-ae52c332aeda,Role 1,2012-03-08 13:50:42.233092953,620,1,res_ffdbf4b7-c588-487c-b4ec-ae52c332aeda,2012-03-08 13:48:15.370976953,0.0
Case1069,W_Nabellen offertes,res_094e34c1-5472-4e50-8ca3-650a6a34e4ec,Role 1,2012-03-11 09:52:19.312656753,601,1,res_094e34c1-5472-4e50-8ca3-650a6a34e4ec,2012-03-11 09:48:51.564339753,0.0
Case1069,W_Nabellen offertes,res_5423e6a8-eed7-4dc9-b44d-98691c53411e,Role 1,2012-03-16 03:08:11.935861053,572,1,res_5423e6a8-eed7-4dc9-b44d-98691c53411e,2012-03-16 03:06:04.101671053,0.0
Case107,W_Afhandelen leads,res_fe8f604a-4f72-4c5b-9082-2dc751f7d4b9,Role 1,2012-02-15 15:22:15.886884459,559,0,res_fe8f604a-4f72-4c5b-9082-2dc751f7d4b9,2012-02-15 15:19:07.150709459,0.0
Case107,W_Completeren aanvraag,res_3835d2af-f74a-47b9-b054-8234859b6abe,Role 1,2012-02-15 16:19:04.484436259,560,1,res_3835d2af-f74a-47b9-b054-8234859b6abe,2012-02-15 16:16:28.864357259,0.0
Case1070,W_Completeren aanvraag,res_32a810af-a1e0-4835-afe4-a9e543c58a25,Role 1,2012-03-08 12:46:39.722236411,619,1,res_32a810af-a1e0-4835-afe4-a9e543c58a25,2012-03-08 12:44:00.439234411,0.0
Case1071,W_Completeren aanvraag,res_0dcb8a75-60b3-457b-aac5-fe91506450da,Role 1,2012-03-08 12:54:44.653644655,619,1,res_0dcb8a75-60b3-457b-aac5-fe91506450da,2012-03-08 12:52:06.028031655,0.0
Case1071,W_Completeren aanvraag,res_c05ba8c3-4cba-4513-8bb9-b3faa8713cc7,Role 1,2012-03-08 14:04:53.011276155,622,2,res_c05ba8c3-4cba-4513-8bb9-b3faa8713cc7,2012-03-08 14:02:32.091398155,0.02564102564102564
Case1072,W_Completeren aanvraag,res_c66fd8c7-ae25-415c-80c1-ac9cc1be7147,Role 1,2012-03-08 13:04:45.323440204,620,1,res_c66fd8c7-ae25-415c-80c1-ac9cc1be7147,2012-03-08 13:02:07.473077204,0.0
Case1072,W_Nabellen offertes,res_554d030c-8ea0-477b-9a72-1469e52cca81,Role 1,2012-03-08 13:42:14.953124804,622,2,res_554d030c-8ea0-477b-9a72-1469e52cca81,2012-03-08 13:40:09.107009804,0.05128205128205128
Case1073,W_Completeren aanvraag,res_ee19d540-6f30-4eb3-abd5-d42bf0a0cc9f,Role 1,2012-03-08 13:14:45.077018116,621,1,res_ee19d540-6f30-4eb3-abd5-d42bf0a0cc9f,2012-03-08 13:12:07.910677116,0.0
Case1073,W_Completeren aanvraag,res_3038739b-6c1c-42c1-b9ac-27ac6cc55a89,Role 1,2012-03-08 14:22:20.616840416,622,2,res_3038739b-6c1c-42c1-b9ac-27ac6cc55a89,2012-03-08 14:20:01.228931416,0.05128205128205128
Case1073,W_Nabellen offertes,res_8f2bf97e-8175-4ba4-882d-f6b7957c1a2c,Role 1,2012-03-11 06:48:04.239525416,603,1,res_8f2bf97e-8175-4ba4-882d-f6b7957c1a2c,2012-03-11 06:46:09.542531416,0.0
Case1073,W_Nabellen offertes,res_240d458f-f7c5-4593-8aba-741926c2775b,Role 1,2012-03-16 00:00:26.255873716,574,1,res_240d458f-f7c5-4593-8aba-741926c2775b,2012-03-15 23:54:19.890014716,0.0
Case1073,W_Nabellen offertes,res_c05ba8c3-4cba-4513-8bb9-b3faa8713cc7,Role 1,2012-03-17 16:38:09.531465616,553,1,res_c05ba8c3-4cba-4513-8bb9-b3faa8713cc7,2012-03-17 16:36:28.609352616,0.0
Case1073,W_Nabellen offertes,res_a6b7a9b9-8dde-47b4-ba71-c31305bfae5d,Role 1,2012-03-19 23:21:23.361346616,541,1,res_a6b7a9b9-8dde-47b4-ba71-c31305bfae5d,2012-03-19 23:19:50.749011616,0.0
Case1073,W_Nabellen offertes,res_f8a5c2f7-852b-4750-a5bc-71d8a9f25fcd,Role 1,2012-03-22 12:21:11.919363716,533,1,res_f8a5c2f7-852b-4750-a5bc-71d8a9f25fcd,2012-03-22 12:10:15.916078716,0.0
Case1074,W_Completeren aanvraag,res_fa4ebd56-fe09-4e12-ab6b-f564242582f3,Role 1,2012-03-08 13:15:17.340609613,622,2,res_fa4ebd56-fe09-4e12-ab6b-f564242582f3,2012-03-08 13:12:48.208502613,0.02564102564102564
Case1074,W_Completeren aanvraag,res_c05ba8c3-4cba-4513-8bb9-b3faa8713cc7,Role 1,2012-03-08 14:23:31.504940613,621,2,res_c05ba8c3-4cba-4513-8bb9-b3faa8713cc7,2012-03-08 14:21:15.927593613,0.05128205128205128
Case1075,W_Completeren aanvraag,res_554d030c-8ea0-477b-9a72-1469e52cca81,Role 1,2012-03-08 13:28:59.546689299,623,1,res_554d030c-8ea0-477b-9a72-1469e52cca81,2012-03-08 13:26:23.232023299,0.0
Case1075,W_Nabellen offertes,res_32a810af-a1e0-4835-afe4-a9e543c58a25,Role 1,2012-03-08 14:04:56.761217299,621,1,res_32a810af-a1e0-4835-afe4-a9e543c58a25,2012-03-08 14:02:47.844169299,0.0
Case1076,W_Completeren aanvraag,res_ee19d540-6f30-4eb3-abd5-d42bf0a0cc9f,Role 1,2012-03-08 13:48:39.593625374,621,1,res_ee19d540-6f30-4eb3-abd5-d42bf0a0cc9f,2012-03-08 13:46:03.958310374,0.0
Case1076,W_Completeren aanvraag,res_8f2bf97e-8175-4ba4-882d-f6b7957c1a2c,Role 1,2012-03-08 14:54:30.504405374,621,1,res_8f2bf97e-8175-4ba4-882d-f6b7957c1a2c,2012-03-08 14:52:04.497794374,0.0
Case1077,W_Completeren aanvraag,res_a117c367-ca0b-4fb8-9736-c1d7d3de62d1,Role 1,2012-03-08 13:58:42.726391198,622,1,res_a117c367-ca0b-4fb8-9736-c1d7d3de62d1,2012-03-08 13:56:07.418247198,0.0
Case1077,W_Nabellen offertes,res_3038739b-6c1c-42c1-b9ac-27ac6cc55a89,Role 1,2012-03-08 14:33:15.470849198,620,1,res_3038739b-6c1c-42c1-b9ac-27ac6cc55a89,2012-03-08 14:31:06.797652198,0.0
Case1077,W_Nabellen offertes,res_554d030c-8ea0-477b-9a72-1469e52cca81,Role 1,2012-03-17 10:07:18.189723998,559,1,res_554d030c-8ea0-477b-9a72-1469e52cca81,2012-03-17 10:05:33.253775998,0.0
Case1078,W_Completeren aanvraag,res_fdf1178c-5a31-4f5e-8867-f12efd24326c,Role 1,2012-03-08 14:15:12.789043798,621,1,res_fdf1178c-5a31-4f5e-8867-f12efd24326c,2012-03-08 14:12:37.737308798,0.0
Case1079,W_Afhandelen leads,res_cd5fe8a1-7bca-4ddc-9e04-e32a42150d6e,Role 1,2012-03-08 14:16:00.306506271,622,0,res_cd5fe8a1-7bca-4ddc-9e04-e32a42150d6e,2012-03-08 14:12:55.871330271,0.02564102564102564
Case1079,W_Completeren aanvraag,res_8f2bf97e-8175-4ba4-882d-f6b7957c1a2c,Role 1,2012-03-08 15:19:36.729203770,621,1,res_8f2bf97e-8175-4ba4-882d-f6b7957c1a2c,2012-03-08 15:17:06.200534771,0.0
Case108,W_Afhandelen leads,res_3835d2af-f74a-47b9-b054-8234859b6abe,Role 1,2012-02-15 15:22:21.565929746,560,1,res_3835d2af-f74a-47b9-b054-8234859b6abe,2012-02-15 15:19:20.247502746,0.02564102564102564
Case108,W_Completeren aanvraag,res_f8a5c2f7-852b-4750-a5bc-71d8a9f25fcd,Role 1,2012-02-15 16:19:02.034655446,560,2,res_f8a5c2f7-852b-4750-a5bc-71d8a9f25fcd,2012-02-15 16:16:31.092778446,0.02564102564102564
Case108,W_Completeren aanvraag,res_03b72214-605a-4b4f-97a5-ea18baa453ee,Role 1,2012-02-15 18:03:05.151793846,560,1,res_03b72214-605a-4b4f-97a5-ea18baa453ee,2012-02-15 18:00:50.548873846,0.0
Case108,W_Nabellen offertes,res_e08dd225-6ddd-45bc-b1b2-7c6cf10375f6,Role 1,2012-02-16 08:13:45.008343246,559,1,res_e08dd225-6ddd-45bc-b1b2-7c6cf10375f6,2012-02-16 08:09:47.720296246,0.0
Case108,W_Nabellen offertes,res_c66fd8c7-ae25-415c-80c1-ac9cc1be7147,Role 1,2012-02-21 14:50:41.337843446,617,1,res_c66fd8c7-ae25-415c-80c1-ac9cc1be7147,2012-02-21 14:48:48.092203446,0.0
Case108,W_Nabellen offertes,res_6d1d995e-4384-448a-9bf8-9fb7d8013316,Role 1,2012-02-23 03:56:57.098113146,613,1,res_6d1d995e-4384-448a-9bf8-9fb7d8013316,2012-02-23 03:55:02.458039146,0.02564102564102564
Case108,W_Nabellen offertes,res_094e34c1-5472-4e50-8ca3-650a6a34e4ec,Role 1,2012-02-24 17:27:45.557495646,621,1,res_094e34c1-5472-4e50-8ca3-650a6a34e4ec,2012-02-24 17:26:06.460787646,0.0
Case108,W_Nabellen offertes,res_cd5fe8a1-7bca-4ddc-9e04-e32a42150d6e,Role 1,2012-02-26 11:06:38.075317646,632,1,res_cd5fe8a1-7bca-4ddc-9e04-e32a42150d6e,2012-02-26 11:05:01.704087646,0.0
Case1080,W_Completeren aanvraag,res_63a2ec71-0edb-4961-a972-295906b733b9,Role 1,2012-03-08 14:37:10.393757564,621,1,res_63a2ec71-0edb-4961-a972-295906b733b9,2012-03-08 14:34:35.476202564,0.0
Case1080,W_Completeren aanvraag,res_0dd9fb20-75d3-4949-8e8b-38b1e2a52fbf,Role 1,2012-03-08 15:40:32.892501764,620,1,res_0dd9fb20-75d3-4949-8e8b-38b1e2a52fbf,2012-03-08 15:38:06.672847764,0.0
Case1080,W_Nabellen offertes,res_c475f0b2-f190-4931-b0ab-7a7e8189e241,Role 1,2012-03-11 15:57:17.183673564,598,1,res_c475f0b2-f190-4931-b0ab-7a7e8189e241,2012-03-11 15:53:08.221913564,0.0
Case1081,W_Afhandelen leads,res_4d8dd482-f3ce-4175-9cd8-f5584cb38f63,Role 1,2012-03-08 15:00:36.537547389,621,0,res_4d8dd482-f3ce-4175-9cd8-f5584cb38f63,2012-03-08 14:57:28.624606389,0.0
Case1081,W_Completeren aanvraag,res_094e34c1-5472-4e50-8ca3-650a6a34e4ec,Role 1,2012-03-08 16:03:19.987384888,622,1,res_094e34c1-5472-4e50-8ca3-650a6a34e4ec,2012-03-08 16:00:48.473297889,0.0
Case1081,W_Completeren aanvraag,res_ee19d540-6f30-4eb3-abd5-d42bf0a0cc9f,Role 1,2012-03-08 18:54:41.413178489,625,1,res_ee19d540-6f30-4eb3-abd5-d42bf0a0cc9f,2012-03-08 18:52:45.349202489,0.0
Case1082,W_Afhandelen leads,res_90ea4c98-054c-4dd3-aadb-9d56713379c2,Role 1,2012-03-08 15:16:09.360338292,622,0,res_90ea4c98-054c-4dd3-aadb-9d56713379c2,2012-03-08 15:13:02.526712292,0.02564102564102564
Case1082,W_Completeren aanvraag,res_90ea4c98-054c-4dd3-aadb-9d56713379c2,Role 1,2012-03-08 16:18:25.097915591,622,1,res_90ea4c98-054c-4dd3-aadb-9d56713379c2,2012-03-08 16:15:53.568991592,0.0
Case1082,W_Completeren aanvraag,res_8f2bf97e-8175-4ba4-882d-f6b7957c1a2c,Role 1,2012-03-08 18:50:19.395110192,625,2,res_8f2bf97e-8175-4ba4-882d-f6b7957c1a2c,2012-03-08 18:48:25.350788192,0.02564102564102564
Case1082,W_Nabellen offertes,res_3835d2af-f74a-47b9-b054-8234859b6abe,Role 1,2012-03-10 09:17:15.075630292,613,1,res_3835d2af-f74a-47b9-b054-8234859b6abe,2012-03-10 09:14:30.237456292,0.0
Case1083,W_Afhandelen leads,res_c66fd8c7-ae25-415c-80c1-ac9cc1be7147,Role 1,2012-03-08 15:16:16.651628854,623,1,res_c66fd8c7-ae25-415c-80c1-ac9cc1be7147,2012-03-08 15:13:17.638396854,0.05128205128205128
Case1083,W_Completeren aanvraag,res_c66fd8c7-ae25-415c-80c1-ac9cc1be7147,Role 1,2012-03-08 16:18:35.553732954,622,2,res_c66fd8c7-ae25-415c-80c1-ac9cc1be7147,2012-03-08 16:16:10.131486954,0.02564102564102564
Case1083,W_Completeren aanvraag,res_ffdbf4b7-c588-487c-b4ec-ae52c332aeda,Role 1,2012-03-08 19:07:38.121472054,625,1,res_ffdbf4b7-c588-487c-b4ec-ae52c332aeda,2012-03-08 19:05:45.066722054,0.02564102564102564
Case1083,W_Completeren aanvraag,res_0dcb8a75-60b3-457b-aac5-fe91506450da,Role 1,2012-03-08 21:47:08.968638954,620,1,res_0dcb8a75-60b3-457b-aac5-fe91506450da,2012-03-08 21:45:23.080589954,0.0
Case1084,W_Afhandelen leads,res_fe8f604a-4f72-4c5b-9082-2dc751f7d4b9,Role 1,2012-03-08 15:38:16.866366521,621,0,res_fe8f604a-4f72-4c5b-9082-2dc751f7d4b9,2012-03-08 15:35:07.317725521,0.0
Case1084,W_Completeren aanvraag,res_fa4ebd56-fe09-4e12-ab6b-f564242582f3,Role 1,2012-03-08 16:40:25.629749221,624,1,res_fa4ebd56-fe09-4e12-ab6b-f564242582f3,2012-03-08 16:37:53.366147221,0.0
Case1084,W_Completeren aanvraag,res_c05ba8c3-4cba-4513-8bb9-b3faa8713cc7,Role 1,2012-03-08 19:29:08.270908921,624,1,res_c05ba8c3-4cba-4513-8bb9-b3faa8713cc7,2012-03-08 19:27:11.370897921,0.0
Case1084,W_Nabellen offertes,res_b48df80a-ad89-4a8c-8f9d-edecf950fdb5,Role 1,2012-03-10 13:26:39.911707421,611,1,res_b48df80a-ad89-4a8c-8f9d-edecf950fdb5,2012-03-10 13:24:46.174943421,0.0
Case1084,W_Nabellen offertes,res_4a606e00-143e-4039-9760-70b3cb78e66a,Role 1,2012-03-14 06:50:05.263337421,590,1,res_4a606e00-143e-4039-9760-70b3cb78e66a,2012-03-14 06:48:21.510244421,0.0
Case1084,W_Nabellen offertes,res_c561e158-62af-4d50-bb96-33472303cf4c,Role 1,2012-03-15 20:03:18.165828621,576,1,res_c561e158-62af-4d50-bb96-33472303cf4c,2012-03-15 19:52:31.372455621,0.0
Case1085,W_Afhandelen leads,res_3835d2af-f74a-47b9-b054-8234859b6abe,Role 1,2012-03-08 15:53:39.290687774,622,0,res_3835d2af-f74a-47b9-b054-8234859b6abe,2012-03-08 15:50:29.130483774,0.0
Case1085,W_Completeren aanvraag,res_3835d2af-f74a-47b9-b054-8234859b6abe,Role 1,2012-03-08 16:55:48.393082774,623,1,res_3835d2af-f74a-47b9-b054-8234859b6abe,2012-03-08 16:53:15.817762774,0.0
Case1085,W_Nabellen offertes,res_63a2ec71-0edb-4961-a972-295906b733b9,Role 1,2012-03-12 06:22:25.036499674,593,1,res_63a2ec71-0edb-4961-a972-295906b733b9,2012-03-12 06:20:35.878232674,0.0
Case1086,W_Afhandelen leads,res_a6b7a9b9-8dde-47b4-ba71-c31305bfae5d,Role 1,2012-03-08 16:16:32.297450962,623,0,res_a6b7a9b9-8dde-47b4-ba71-c31305bfae5d,2012-03-08 16:13:21.271441962,0.0
Case1086,W_Completeren aanvraag,res_4a606e00-143e-4039-9760-70b3cb78e66a,Role 1,2012-03-08 17:18:57.732337362,623,1,res_4a606e00-143e-4039-9760-70b3cb78e66a,2012-03-08 17:16:24.670217362,0.0
Case1087,W_Completeren aanvraag,res_7b5eefe7-a9c7-4c10-ace5-1fd3772097ff,Role 1,2012-03-08 16:17:35.589606431,624,1,res_7b5eefe7-a9c7-4c10-ace5-1fd3772097ff,2012-03-08 16:15:00.001114431,0.02564102564102564
Case1087,W_Nabellen offertes,res_c66fd8c7-ae25-415c-80c1-ac9cc1be7147,Role 1,2012-03-08 16:45:38.755146031,624,1,res_c66fd8c7-ae25-415c-80c1-ac9cc1be7147,2012-03-08 16:43:29.184007031,0.0
Case1087,W_Nabellen offertes,res_d9486917-858c-4563-bf95-164b83d8a3d8,Role 1,2012-03-17 14:15:55.913453531,554,1,res_d9486917-858c-4563-bf95-164b83d8a3d8,2012-03-17 14:14:14.995665531,0.0
Case1087,W_Nabellen offertes,res_f8a5c2f7-852b-4750-a5bc-71d8a9f25fcd,Role 1,2012-03-20 07:40:52.956601431,540,1,res_f8a5c2f7-852b-4750-a5bc-71d8a9f25fcd,2012-03-20 07:29:20.638354431,0.0
Case1087,W_Nabellen offertes,res_554d030c-8ea0-477b-9a72-1469e52cca81,Role 1,2012-03-21 20:08:19.274079631,533,1,res_554d030c-8ea0-477b-9a72-1469e52cca81,2012-03-21 20:06:32.562233631,0.0
Case1087,W_Nabellen offertes,res_ee19d540-6f30-4eb3-abd5-d42bf0a0cc9f,Role 1,2012-03-23 08:26:27.931023331,526,1,res_ee19d540-6f30-4eb3-abd5-d42bf0a0cc9f,2012-03-23 08:24:33.928495331,0.0
Case1088,W_Completeren aanvraag,res_13a07171-afed-4486-9431-2507f9aacd76,Role 1,2012-03-08 16:56:03.036233884,624,1,res_13a07171-afed-4486-9431-2507f9aacd76,2012-03-08 16:53:25.036732884,0.0
Case1089,W_Completeren aanvraag,res_0dd9fb20-75d3-4949-8e8b-38b1e2a52fbf,Role 1,2012-03-08 17:16:36.494187206,623,2,res_0dd9fb20-75d3-4949-8e8b-38b1e2a52fbf,2012-03-08 17:14:06.209758206,0.02564102564102564
Case109,W_Completeren aanvraag,res_d9486917-858c-4563-bf95-164b83d8a3d8,Role 1,2012-02-15 15:41:12.525106072,559,1,res_d9486917-858c-4563-bf95-164b83d8a3d8,2012-02-15 15:38:40.824877072,0.0
Case1090,W_Afhandelen leads,res_ee19d540-6f30-4eb3-abd5-d42bf0a0cc9f,Role 1,2012-03-08 17:17:33.229102042,624,0,res_ee19d540-6f30-4eb3-abd5-d42bf0a0cc9f,2012-03-08 17:14:23.336334042,0.05128205128205128
Case1090,W_Completeren aanvraag,res_c05ba8c3-4cba-4513-8bb9-b3faa8713cc7,Role 1,2012-03-08 18:21:50.949381842,624,1,res_c05ba8c3-4cba-4513-8bb9-b3faa8713cc7,2012-03-08 18:19:17.090711842,0.0
Case1090,W_Completeren aanvraag,res_c66fd8c7-ae25-415c-80c1-ac9cc1be7147,Role 1,2012-03-08 21:43:45.395862042,619,1,res_c66fd8c7-ae25-415c-80c1-ac9cc1be7147,2012-03-08 21:41:46.040162042,0.0
Case1091,W_Afhandelen leads,res_13a07171-afed-4486-9431-2507f9aacd76,Role 1,2012-03-08 17:32:27.162530535,623,0,res_13a07171-afed-4486-9431-2507f9aacd76,2012-03-08 17:29:13.918277535,0.0
Case1091,W_Completeren aanvraag,res_3d71865b-e63e-44f8-a4fd-ece0ef216fef,Role 1,2012-03-08 18:37:28.380125335,625,1,res_3d71865b-e63e-44f8-a4fd-ece0ef216fef,2012-03-08 18:34:53.771251335,0.0
Case1091,W_Completeren aanvraag,res_4a606e00-143e-4039-9760-70b3cb78e66a,Role 1,2012-03-08 23:06:10.853045035,616,2,res_4a606e00-143e-4039-9760-70b3cb78e66a,2012-03-08 23:04:13.424122035,0.02564102564102564
Case1091,W_Completeren aanvraag,res_fe8f604a-4f72-4c5b-9082-2dc751f7d4b9,Role 1,2012-03-09 11:49:21.748655735,607,1,res_fe8f604a-4f72-4c5b-9082-2dc751f7d4b9,2012-03-09 11:47:32.062802735,0.0
Case1091,W_Completeren aanvraag,res_d9486917-858c-4563-bf95-164b83d8a3d8,Role 1,2012-03-09 15:04:24.114423035,612,1,res_d9486917-858c-4563-bf95-164b83d8a3d8,2012-03-09 15:02:36.727021035,0.02564102564102564
Case1091,W_Nabellen offertes,res_3835d2af-f74a-47b9-b054-8234859b6abe,Role 1,2012-03-10 06:13:13.266198135,616,1,res_3835d2af-f74a-47b9-b054-8234859b6abe,2012-03-10 06:11:27.353019135,0.0
Case1092,W_Afhandelen leads,res_c475f0b2-f190-4931-b0ab-7a7e8189e241,Role 1,2012-03-08 18:00:05.880973755,624,0,res_c475f0b2-f190-4931-b0ab-7a7e8189e241,2012-03-08 17:56:52.173796755,0.0
Case1092,W_Completeren aanvraag,res_ffdbf4b7-c588-487c-b4ec-ae52c332aeda,Role 1,2012-03-08 19:06:37.159221355,625,1,res_ffdbf4b7-c588-487c-b4ec-ae52c332aeda,2012-03-08 19:04:02.114183355,0.0
Case1093,W_Afhandelen leads,res_7b5eefe7-a9c7-4c10-ace5-1fd3772097ff,Role 1,2012-03-08 18:17:23.408269951,625,0,res_7b5eefe7-a9c7-4c10-ace5-1fd3772097ff,2012-03-08 18:14:10.850248951,0.02564102564102564
Case1093,W_Completeren aanvraag,res_fe8f604a-4f72-4c5b-9082-2dc751f7d4b9,Role 1,2012-03-08 19:24:55.606255751,626,2,res_fe8f604a-4f72-4c5b-9082-2dc751f7d4b9,2012-03-08 19:22:24.913479751,0.05128205128205128
Case1094,W_Afhandelen leads,res_8f2bf97e-8175-4ba4-882d-f6b7957c1a2c,Role 1,2012-03-08 18:17:42.671847525,626,1,res_8f2bf97e-8175-4ba4-882d-f6b7957c1a2c,2012-03-08 18:14:37.043835525,0.05128205128205128
Case1094,W_Completeren aanvraag,res_d9486917-858c-4563-bf95-164b83d8a3d8,Role 1,2012-03-08 19:25:05.424341925,626,3,res_d9486917-858c-4563-bf95-164b83d8a3d8,2012-03-08 19:22:41.193302925,0.07692307692307693
Case1094,W_Nabellen offertes,res_b48df80a-ad89-4a8c-8f9d-edecf950fdb5,Role 1,2012-03-15 19:28:52.457226625,576,1,res_b48df80a-ad89-4a8c-8f9d-edecf950fdb5,2012-03-15 19:26:03.404768625,0.0
Case1094,W_Nabellen offertes,res_3835d2af-f74a-47b9-b054-8234859b6abe,Role 1,2012-03-19 00:14:40.618598925,543,1,res_3835d2af-f74a-47b9-b054-8234859b6abe,2012-03-19 00:12:54.176213925,0.0
Case1095,W_Afhandelen leads,res_c77d0074-5613-45fd-a890-6d80edada349,Role 1,2012-03-08 18:46:48.043780464,625,0,res_c77d0074-5613-45fd-a890-6d80edada349,2012-03-08 18:43:33.880114464,0.0
Case1095,W_Completeren aanvraag,res_d9486917-858c-4563-bf95-164b83d8a3d8,Role 1,2012-03-08 19:56:07.187190064,624,1,res_d9486917-858c-4563-bf95-164b83d8a3d8,2012-03-08 19:53:31.594965064,0.0
Case1096,W_Afhandelen leads,res_63a2ec71-0edb-4961-a972-295906b733b9,Role 1,2012-03-08 19:17:51.926283721,625,0,res_63a2ec71-0edb-4961-a972-295906b733b9,2012-03-08 19:14:37.654543721,0.0
Case1096,W_Completeren aanvraag,res_5423e6a8-eed7-4dc9-b44d-98691c53411e,Role 1,2012-03-08 20:29:09.396467321,623,1,res_5423e6a8-eed7-4dc9-b44d-98691c53411e,2012-03-08 20:26:33.565493321,0.0
Case1096,W_Nabellen offertes,res_3038739b-6c1c-42c1-b9ac-27ac6cc55a89,Role 1,2012-03-16 05:44:00.154365321,571,1,res_3038739b-6c1c-42c1-b9ac-27ac6cc55a89,2012-03-16 05:42:08.853252321,0.0
Case1096,W_Nabellen offertes,res_dfa30272-4bc0-4c82-9bd0-6b4169bccece,Role 1,2012-03-19 17:35:15.750888921,542,1,res_dfa30272-4bc0-4c82-9bd0-6b4169bccece,2012-03-19 17:33:41.065858921,0.0
Case1097,W_Completeren aanvraag,res_cd5fe8a1-7bca-4ddc-9e04-e32a42150d6e,Role 1,2012-03-08 19:18:15.524332330,626,1,res_cd5fe8a1-7bca-4ddc-9e04-e32a42150d6e,2012-03-08 19:15:37.093836330,0.02564102564102564
Case1098,W_Afhandelen leads,res_63a2ec71-0edb-4961-a972-295906b733b9,Role 1,2012-03-08 19:45:41.261190952,624,0,res_63a2ec71-0edb-4961-a972-295906b733b9,2012-03-08 19:42:26.991964952,0.0
Case1098,W_Completeren aanvraag,res_5423e6a8-eed7-4dc9-b44d-98691c53411e,Role 1,2012-03-08 20:59:00.280504852,621,1,res_5423e6a8-eed7-4dc9-b44d-98691c53411e,2012-03-08 20:56:24.296524852,0.0
Case1098,W_Completeren aanvraag,res_554d030c-8ea0-477b-9a72-1469e52cca81,Role 1,2012-03-09 16:06:43.029614752,612,1,res_554d030c-8ea0-477b-9a72-1469e52cca81,2012-03-09 16:04:49.389866752,0.0
Case1098,W_Nabellen offertes,res_8f2bf97e-8175-4ba4-882d-f6b7957c1a2c,Role 1,2012-03-10 19:42:50.142913552,604,1,res_8f2bf97e-8175-4ba4-882d-f6b7957c1a2c,2012-03-10 19:41:13.095551552,0.0
Case1099,W_Afhandelen leads,res_3835d2af-f74a-47b9-b054-8234859b6abe,Role 1,2012-03-08 20:17:37.275546356,623,0,res_3835d2af-f74a-47b9-b054-8234859b6abe,2012-03-08 20:14:23.153567356,0.0
Case1099,W_Completeren aanvraag,res_fa4ebd56-fe09-4e12-ab6b-f564242582f3,Role 1,2012-03-08 21:33:05.365609656,619,1,res_fa4ebd56-fe09-4e12-ab6b-f564242582f3,2012-03-08 21:30:29.254248656,0.0
Case11,W_Completeren aanvraag,res_8f2bf97e-8175-4ba4-882d-f6b7957c1a2c,Role 1,2012-02-14 08:20:58.321951981,526,1,res_8f2bf97e-8175-4ba4-882d-f6b7957c1a2c,2012-02-14 08:18:15.980494981,0.0
Case110,W_Afhandelen leads,res_240d458f-f7c5-4593-8aba-741926c2775b,Role 1,2012-02-15 15:49:08.993821357,559,0,res_240d458f-f7c5-4593-8aba-741926c2775b,2012-02-15 15:45:59.063729357,0.0
Case110,W_Completeren aanvraag,res_8f2bf97e-8175-4ba4-882d-f6b7957c1a2c,Role 1,2012-02-15 16:45:32.381826757,561,1,res_8f2bf97e-8175-4ba4-882d-f6b7957c1a2c,2012-02-15 16:42:56.470814757,0.0
Case110,W_Completeren aanvraag,res_a117c367-ca0b-4fb8-9736-c1d7d3de62d1,Role 1,2012-02-15 18:31:54.553818657,562,2,res_a117c367-ca0b-4fb8-9736-c1d7d3de62d1,2012-02-15 18:29:40.022070657,0.02564102564102564
Case1100,W_Completeren aanvraag,res_03b72214-605a-4b4f-97a5-ea18baa453ee,Role 1,2012-03-08 21:15:11.820053709,620,1,res_03b72214-605a-4b4f-97a5-ea18baa453ee,2012-03-08 21:12:34.960146709,0.0
Case1101,W_Afhandelen leads,res_f8a5c2f7-852b-4750-a5bc-71d8a9f25fcd,Role 1,2012-03-08 21:22:25.964005133,620,0,res_f8a5c2f7-852b-4750-a5bc-71d8a9f25fcd,2012-03-08 21:19:13.908619133,0.02564102564102564
Case1101,W_Completeren aanvraag,res_c77d0074-5613-45fd-a890-6d80edada349,Role 1,2012-03-08 22:42:13.439304133,616,1,res_c77d0074-5613-45fd-a890-6d80edada349,2012-03-08 22:39:37.152765133,0.0
Case1102,W_Completeren aanvraag,res_4d8dd482-f3ce-4175-9cd8-f5584cb38f63,Role 1,2012-03-08 22:18:24.341605567,617,1,res_4d8dd482-f3ce-4175-9cd8-f5584cb38f63,2012-03-08 22:15:51.015308567,0.02564102564102564
Case1103,W_Completeren aanvraag,res_a117c367-ca0b-4fb8-9736-c1d7d3de62d1,Role 1,2012-03-08 22:18:56.416993427,617,2,res_a117c367-ca0b-4fb8-9736-c1d7d3de62d1,2012-03-08 22:16:30.305688427,0.02564102564102564
Case1103,W_Completeren aanvraag,res_7b5eefe7-a9c7-4c10-ace5-1fd3772097ff,Role 1,2012-03-08 23:44:18.427498127,616,1,res_7b5eefe7-a9c7-4c10-ace5-1fd3772097ff,2012-03-08 23:41:41.133571127,0.0
Case1103,W_Nabellen offertes,res_6d1d995e-4384-448a-9bf8-9fb7d8013316,Role 1,2012-03-15 18:11:30.472525427,577,1,res_6d1d995e-4384-448a-9bf8-9fb7d8013316,2012-03-15 18:09:12.405226427,0.0
Case1104,W_Afhandelen leads,res_fa4ebd56-fe09-4e12-ab6b-f564242582f3,Role 1,2012-03-08 23:19:40.777348986,615,0,res_fa4ebd56-fe09-4e12-ab6b-f564242582f3,2012-03-08 23:16:29.908950986,0.0
Case1104,W_Completeren aanvraag,res_13a07171-afed-4486-9431-2507f9aacd76,Role 1,2012-03-09 00:57:06.151116386,616,1,res_13a07171-afed-4486-9431-2507f9aacd76,2012-03-09 00:54:26.806042386,0.0
Case1104,W_Completeren aanvraag,res_4d8dd482-f3ce-4175-9cd8-f5584cb38f63,Role 1,2012-03-09 19:39:23.992592186,616,2,res_4d8dd482-f3ce-4175-9cd8-f5584cb38f63,2012-03-09 19:37:31.292427186,0.02564102564102564
Case1104,W_Completeren aanvraag,res_c475f0b2-f190-4931-b0ab-7a7e8189e241,Role 1,2012-03-10 04:11:12.716720286,616,1,res_c475f0b2-f190-4931-b0ab-7a7e8189e241,2012-03-10 04:09:26.921851286,0.0
Case1104,W_Completeren aanvraag,res_c561e158-62af-4d50-bb96-33472303cf4c,Role 1,2012-03-10 16:54:46.145327086,607,2,res_c561e158-62af-4d50-bb96-33472303cf4c,2012-03-10 16:52:59.768449086,0.02564102564102564
Case1104,W_Completeren aanvraag,res_094e34c1-5472-4e50-8ca3-650a6a34e4ec,Role 1,2012-03-10 21:15:49.031551786,603,1,res_094e34c1-5472-4e50-8ca3-650a6a34e4ec,2012-03-10 21:14:11.536307786,0.0
Case1104,W_Nabellen offertes,res_4d8dd482-f3ce-4175-9cd8-f5584cb38f63,Role 1,2012-03-12 00:55:04.797153486,595,1,res_4d8dd482-f3ce-4175-9cd8-f5584cb38f63,2012-03-12 00:53:31.847957486,0.0
Case1105,W_Afhandelen leads,res_a117c367-ca0b-4fb8-9736-c1d7d3de62d1,Role 1,2012-03-08 23:19:53.841807010,616,1,res_a117c367-ca0b-4fb8-9736-c1d7d3de62d1,2012-03-08 23:16:52.072755010,0.02564102564102564
Case1105,W_Completeren aanvraag,res_32a810af-a1e0-4835-afe4-a9e543c58a25,Role 1,2012-03-09 00:57:45.068179410,616,2,res_32a810af-a1e0-4835-afe4-a9e543c58a25,2012-03-09 00:55:13.733252410,0.02564102564102564
Case1105,W_Nabellen offertes,res_240d458f-f7c5-4593-8aba-741926c2775b,Role 1,2012-03-14 15:27:46.180773910,585,1,res_240d458f-f7c5-4593-8aba-741926c2775b,2012-03-14 15:25:36.305009910,0.0
Case1106,W_Afhandelen leads,res_e08dd225-6ddd-45bc-b1b2-7c6cf10375f6,Role 1,2012-03-08 23:55:30.743490912,616,0,res_e08dd225-6ddd-45bc-b1b2-7c6cf10375f6,2012-03-08 23:52:20.805386912,0.0
Case1106,W_Completeren aanvraag,res_63a2ec71-0edb-4961-a972-295906b733b9,Role 1,2012-03-09 01:45:23.537982312,616,1,res_63a2ec71-0edb-4961-a972-295906b733b9,2012-03-09 01:42:41.123528312,0.0
Case1106,W_Completeren aanvraag,res_dfa30272-4bc0-4c82-9bd0-6b4169bccece,Role 1,2012-03-09 16:00:37.319133612,613,1,res_dfa30272-4bc0-4c82-9bd0-6b4169bccece,2012-03-09 15:58:45.052899612,0.0
Case1106,W_Nabellen offertes,res_fa4ebd56-fe09-4e12-ab6b-f564242582f3,Role 1,2012-03-10 22:27:05.838162912,603,1,res_fa4ebd56-fe09-4e12-ab6b-f564242582f3,2012-03-10 22:25:30.766859912,0.0
Case1106,W_Nabellen offertes,res_d9486917-858c-4563-bf95-164b83d8a3d8,Role 1,2012-03-13 14:15:49.197342812,609,1,res_d9486917-858c-4563-bf95-164b83d8a3d8,2012-03-13 14:06:35.165218812,0.0
Case1107,W_Afhandelen leads,res_13a07171-afed-4486-9431-2507f9aacd76,Role 1,2012-03-09 00:18:21.733705538,617,0,res_13a07171-afed-4486-9431-2507f9aacd76,2012-03-09 00:14:57.834660538,0.0
Case1107,W_Completeren aanvraag,res_c77d0074-5613-45fd-a890-6d80edada349,Role 1,2012-03-09 02:27:45.563397238,616,1,res_c77d0074-5613-45fd-a890-6d80edada349,2012-03-09 02:24:59.104483238,0.0
Case1108,W_Completeren aanvraag,res_ee19d540-6f30-4eb3-abd5-d42bf0a0cc9f,Role 1,2012-03-09 12:25:57.653402399,608,1,res_ee19d540-6f30-4eb3-abd5-d42bf0a0cc9f,2012-03-09 12:23:01.684945399,0.0
Case1108,W_Completeren aanvraag,res_fa4ebd56-fe09-4e12-ab6b-f564242582f3,Role 1,2012-03-09 13:39:19.401038299,613,1,res_fa4ebd56-fe09-4e12-ab6b-f564242582f3,2012-03-09 13:37:01.234965299,0.0
Case1108,W_Completeren aanvraag,res_fe8f604a-4f72-4c5b-9082-2dc751f7d4b9,Role 1,2012-03-09 18:05:11.784661299,615,1,res_fe8f604a-4f72-4c5b-9082-2dc751f7d4b9,2012-03-09 18:03:25.086938299,0.0
Case1108,W_Completeren aanvraag,res_3835d2af-f74a-47b9-b054-8234859b6abe,Role 1,2012-03-09 23:10:04.633452899,617,1,res_3835d2af-f74a-47b9-b054-8234859b6abe,2012-03-09 23:08:22.659193899,0.0
Case1108,W_Completeren aanvraag,res_4d8dd482-f3ce-4175-9cd8-f5584cb38f63,Role 1,2012-03-10 12:24:07.970656599,610,1,res_4d8dd482-f3ce-4175-9cd8-f5584cb38f63,2012-03-10 12:22:21.375900599,0.0
Case1109,W_Completeren aanvraag,res_c66fd8c7-ae25-415c-80c1-ac9cc1be7147,Role 1,2012-03-09 12:31:24.327495566,609,1,res_c66fd8c7-ae25-415c-80c1-ac9cc1be7147,2012-03-09 12:28:29.104777566,0.0
Case111,W_Afhandelen leads,res_a117c367-ca0b-4fb8-9736-c1d7d3de62d1,Role 1,2012-02-15 16:06:46.483859027,560,0,res_a117c367-ca0b-4fb8-9736-c1d7d3de62d1,2012-02-15 16:03:35.874203027,0.0
Case111,W_Completeren aanvraag,res_3835d2af-f74a-47b9-b054-8234859b6abe,Role 1,2012-02-15 17:03:06.813492727,560,1,res_3835d2af-f74a-47b9-b054-8234859b6abe,2012-02-15 17:00:30.731046727,0.0
Case111,W_Nabellen offertes,res_63a2ec71-0edb-4961-a972-295906b733b9,Role 1,2012-02-17 06:16:05.100259727,577,1,res_63a2ec71-0edb-4961-a972-295906b733b9,2012-02-17 06:13:36.789310727,0.0
Case111,W_Nabellen offertes,res_4a606e00-143e-4039-9760-70b3cb78e66a,Role 1,2012-02-22 22:32:10.146596227,612,1,res_4a606e00-143e-4039-9760-70b3cb78e66a,2012-02-22 22:28:28.400283227,0.0
Case1110,W_Afhandelen leads,res_a117c367-ca0b-4fb8-9736-c1d7d3de62d1,Role 1,2012-03-09 12:38:50.467028014,609,0,res_a117c367-ca0b-4fb8-9736-c1d7d3de62d1,2012-03-09 12:35:30.217054014,0.0
Case1110,W_Completeren aanvraag,res_fa4ebd56-fe09-4e12-ab6b-f564242582f3,Role 1,2012-03-09 13:51:21.674371714,613,1,res_fa4ebd56-fe09-4e12-ab6b-f564242582f3,2012-03-09 13:48:58.009121714,0.0
Case1111,W_Afhandelen leads,res_dfa30272-4bc0-4c82-9bd0-6b4169bccece,Role 1,2012-03-09 12:49:34.131294973,610,0,res_dfa30272-4bc0-4c82-9bd0-6b4169bccece,2012-03-09 12:46:14.982261973,0.0
Case1111,W_Completeren aanvraag,res_ee19d540-6f30-4eb3-abd5-d42bf0a0cc9f,Role 1,2012-03-09 14:01:21.946169173,613,1,res_ee19d540-6f30-4eb3-abd5-d42bf0a0cc9f,2012-03-09 13:58:59.207674173,0.02564102564102564
Case1111,W_Nabellen offertes,res_554d030c-8ea0-477b-9a72-1469e52cca81,Role 1,2012-03-15 15:02:58.998747173,577,1,res_554d030c-8ea0-477b-9a72-1469e52cca81,2012-03-15 15:00:59.698817173,0.0
Case1111,W_Nabellen offertes,res_fe8f604a-4f72-4c5b-9082-2dc751f7d4b9,Role 1,2012-03-18 03:33:00.425021273,546,1,res_fe8f604a-4f72-4c5b-9082-2dc751f7d4b9,2012-03-18 03:31:14.838736273,0.0
Case1112,W_Afhandelen leads,res_0dd9fb20-75d3-4949-8e8b-38b1e2a52fbf,Role 1,2012-03-09 12:59:09.469338586,611,0,res_0dd9fb20-75d3-4949-8e8b-38b1e2a52fbf,2012-03-09 12:55:51.241166586,0.0
Case1112,W_Completeren aanvraag,res_c475f0b2-f190-4931-b0ab-7a7e8189e241,Role 1,2012-03-09 14:10:23.885290786,613,1,res_c475f0b2-f190-4931-b0ab-7a7e8189e241,2012-03-09 14:07:59.657160786,0.0
Case1112,W_Nabellen offertes,res_554d030c-8ea0-477b-9a72-1469e52cca81,Role 1,2012-03-15 16:20:43.886484686,577,1,res_554d030c-8ea0-477b-9a72-1469e52cca81,2012-03-15 16:18:22.592696686,0.0
Case1112,W_Nabellen offertes,res_e9f54089-f03e-4dc1-a453-57f4acf2c7fb,Role 1,2012-03-18 08:37:02.723722886,544,1,res_e9f54089-f03e-4dc1-a453-57f4acf2c7fb,2012-03-18 08:35:23.832614886,0.0
Case1113,W_Afhandelen leads,res_d9a4b451-1c76-46c3-87c6-97373bec81d0,Role 1,2012-03-09 13:08:44.887756200,612,0,res_d9a4b451-1c76-46c3-87c6-97373bec81d0,2012-03-09 13:05:27.500071200,0.0
Case1113,W_Completeren aanvraag,res_e08dd225-6ddd-45bc-b1b2-7c6cf10375f6,Role 1,2012-03-09 14:19:27.206205500,613,1,res_e08dd225-6ddd-45bc-b1b2-7c6cf10375f6,2012-03-09 14:17:02.714547500,0.0
Case1114,W_Completeren aanvraag,res_094e34c1-5472-4e50-8ca3-650a6a34e4ec,Role 1,2012-03-09 13:15:48.010852133,613,1,res_094e34c1-5472-4e50-8ca3-650a6a34e4ec,2012-03-09 13:12:57.828271133,0.0
Case1115,W_Completeren aanvraag,res_ee19d540-6f30-4eb3-abd5-d42bf0a0cc9f,Role 1,2012-03-09 13:25:36.563442033,613,1,res_ee19d540-6f30-4eb3-abd5-d42bf0a0cc9f,2012-03-09 13:22:47.183969033,0.0
Case1116,W_Completeren aanvraag,res_63a2ec71-0edb-4961-a972-295906b733b9,Role 1,2012-03-09 13:26:28.549694192,614,2,res_63a2ec71-0edb-4961-a972-295906b733b9,2012-03-09 13:23:50.653044192,0.02564102564102564
Case1116,W_Completeren aanvraag,res_fe8f604a-4f72-4c5b-9082-2dc751f7d4b9,Role 1,2012-03-09 14:36:07.451486392,614,1,res_fe8f604a-4f72-4c5b-9082-2dc751f7d4b9,2012-03-09 14:33:51.103431392,0.0
Case1117,W_Completeren aanvraag,res_4d8dd482-f3ce-4175-9cd8-f5584cb38f63,Role 1,2012-03-09 13:40:44.194541001,614,1,res_4d8dd482-f3ce-4175-9cd8-f5584cb38f63,2012-03-09 13:37:55.899934001,0.0
Case1118,W_Afhandelen leads,res_4d8dd482-f3ce-4175-9cd8-f5584cb38f63,Role 1,2012-03-09 13:54:20.538744751,613,0,res_4d8dd482-f3ce-4175-9cd8-f5584cb38f63,2012-03-09 13:51:05.737313751,0.0
Case1118,W_Completeren aanvraag,res_c561e158-62af-4d50-bb96-33472303cf4c,Role 1,2012-03-09 15:02:51.757903051,614,1,res_c561e158-62af-4d50-bb96-33472303cf4c,2012-03-09 15:00:25.913689051,0.0
Case1118,W_Completeren aanvraag,res_03b72214-605a-4b4f-97a5-ea18baa453ee,Role 1,2012-03-09 18:38:27.766620851,615,1,res_03b72214-605a-4b4f-97a5-ea18baa453ee,2012-03-09 18:36:38.844997851,0.02564102564102564
Case1118,W_Completeren aanvraag,res_3d71865b-e63e-44f8-a4fd-ece0ef216fef,Role 1,2012-03-09 23:34:48.497714151,618,1,res_3d71865b-e63e-44f8-a4fd-ece0ef216fef,2012-03-09 23:33:04.342552151,0.0
Case1119,W_Completeren aanvraag,res_094e34c1-5472-4e50-8ca3-650a6a34e4ec,Role 1,2012-03-09 14:13:35.604719112,614,2,res_094e34c1-5472-4e50-8ca3-650a6a34e4ec,2012-03-09 14:10:59.560394112,0.02564102564102564
Case112,W_Completeren aanvraag,res_fdf1178c-5a31-4f5e-8867-f12efd24326c,Role 1,2012-02-15 16:21:51.867006129,560,2,res_fdf1178c-5a31-4f5e-8867-f12efd24326c,2012-02-15 16:19:25.895439129,0.02564102564102564
Case112,W_Nabellen offertes,res_dfa30272-4bc0-4c82-9bd0-6b4169bccece,Role 1,2012-02-15 16:43:51.372567328,561,1,res_dfa30272-4bc0-4c82-9bd0-6b4169bccece,2012-02-15 16:41:35.844836329,0.02564102564102564
Case1120,W_Afhandelen leads,res_0dd9fb20-75d3-4949-8e8b-38b1e2a52fbf,Role 1,2012-03-09 14:26:35.220894265,613,0,res_0dd9fb20-75d3-4949-8e8b-38b1e2a52fbf,2012-03-09 14:23:21.040383265,0.0
Case1120,W_Completeren aanvraag,res_554d030c-8ea0-477b-9a72-1469e52cca81,Role 1,2012-03-09 15:34:05.949010465,616,2,res_554d030c-8ea0-477b-9a72-1469e52cca81,2012-03-09 15:31:45.049500465,0.05128205128205128
Case1120,W_Completeren aanvraag,res_c05ba8c3-4cba-4513-8bb9-b3faa8713cc7,Role 1,2012-03-09 18:59:11.811577865,616,2,res_c05ba8c3-4cba-4513-8bb9-b3faa8713cc7,2012-03-09 18:57:24.254056865,0.02564102564102564
Case1120,W_Nabellen offertes,res_dfa30272-4bc0-4c82-9bd0-6b4169bccece,Role 1,2012-03-11 16:12:15.699629165,596,1,res_dfa30272-4bc0-4c82-9bd0-6b4169bccece,2012-03-11 16:10:23.099558165,0.0
Case1120,W_Nabellen offertes,res_8f2bf97e-8175-4ba4-882d-f6b7957c1a2c,Role 1,2012-03-14 09:45:32.565999364,588,1,res_8f2bf97e-8175-4ba4-882d-f6b7957c1a2c,2012-03-14 09:43:57.541136364,0.0
Case1121,W_Completeren aanvraag,res_fa4ebd56-fe09-4e12-ab6b-f564242582f3,Role 1,2012-03-09 14:26:40.880044938,614,1,res_fa4ebd56-fe09-4e12-ab6b-f564242582f3,2012-03-09 14:23:55.293534938,0.02564102564102564
Case1121,W_Completeren aanvraag,res_b48df80a-ad89-4a8c-8f9d-edecf950fdb5,Role 1,2012-03-09 15:34:01.300811438,616,3,res_b48df80a-ad89-4a8c-8f9d-edecf950fdb5,2012-03-09 15:31:51.312917438,0.07692307692307693
Case1122,W_Afhandelen leads,res_13a07171-afed-4486-9431-2507f9aacd76,Role 1,2012-03-09 14:45:49.698039767,614,0,res_13a07171-afed-4486-9431-2507f9aacd76,2012-03-09 14:42:35.573083767,0.0
Case1122,W_Completeren aanvraag,res_dfa30272-4bc0-4c82-9bd0-6b4169bccece,Role 1,2012-03-09 15:53:05.502458567,614,1,res_dfa30272-4bc0-4c82-9bd0-6b4169bccece,2012-03-09 15:50:37.920419567,0.0
Case1122,W_Nabellen offertes,res_5423e6a8-eed7-4dc9-b44d-98691c53411e,Role 1,2012-03-16 03:42:12.345812167,571,1,res_5423e6a8-eed7-4dc9-b44d-98691c53411e,2012-03-16 03:40:22.392045167,0.0
Case1122,W_Nabellen offertes,res_c77d0074-5613-45fd-a890-6d80edada349,Role 1,2012-03-19 06:25:29.324246367,542,1,res_c77d0074-5613-45fd-a890-6d80edada349,2012-03-19 06:19:52.953249367,0.0
Case1122,W_Nabellen offertes,res_32a810af-a1e0-4835-afe4-a9e543c58a25,Role 1,2012-03-21 05:25:17.385576567,537,1,res_32a810af-a1e0-4835-afe4-a9e543c58a25,2012-03-21 05:23:05.432337567,0.0
Case1122,W_Nabellen offertes,res_a6b7a9b9-8dde-47b4-ba71-c31305bfae5d,Role 1,2012-03-22 18:46:05.415611167,530,1,res_a6b7a9b9-8dde-47b4-ba71-c31305bfae5d,2012-03-22 18:44:20.783222167,0.0
Case1122,W_Nabellen offertes,res_e9f54089-f03e-4dc1-a453-57f4acf2c7fb,Role 1,2012-03-24 06:23:39.913303167,524,1,res_e9f54089-f03e-4dc1-a453-57f4acf2c7fb,2012-03-24 06:22:00.304341167,0.0
Case1123,W_Completeren aanvraag,res_f8a5c2f7-852b-4750-a5bc-71d8a9f25fcd,Role 1,2012-03-09 15:03:08.319697174,615,1,res_f8a5c2f7-852b-4750-a5bc-71d8a9f25fcd,2012-03-09 15:00:21.450568174,0.0
Case1124,W_Afhandelen leads,res_d9486917-858c-4563-bf95-164b83d8a3d8,Role 1,2012-03-09 15:26:07.009572976,615,0,res_d9486917-858c-4563-bf95-164b83d8a3d8,2012-03-09 15:22:52.435167976,0.0
Case1124,W_Completeren aanvraag,res_d9486917-858c-4563-bf95-164b83d8a3d8,Role 1,2012-03-09 16:33:05.844058076,618,3,res_d9486917-858c-4563-bf95-164b83d8a3d8,2012-03-09 16:30:46.210658076,0.05128205128205128
Case1124,W_Completeren aanvraag,res_c66fd8c7-ae25-415c-80c1-ac9cc1be7147,Role 1,2012-03-09 19:12:26.799428676,617,1,res_c66fd8c7-ae25-415c-80c1-ac9cc1be7147,2012-03-09 19:10:38.344352676,0.0
Case1124,W_Nabellen offertes,res_3038739b-6c1c-42c1-b9ac-27ac6cc55a89,Role 1,2012-03-11 15:19:51.635741476,596,1,res_3038739b-6c1c-42c1-b9ac-27ac6cc55a89,2012-03-11 15:17:38.199614476,0.0
Case1124,W_Nabellen offertes,res_63a2ec71-0edb-4961-a972-295906b733b9,Role 1,2012-03-14 08:59:55.964496976,588,1,res_63a2ec71-0edb-4961-a972-295906b733b9,2012-03-14 08:58:21.483608976,0.0
Case1124,W_Nabellen offertes,res_c475f0b2-f190-4931-b0ab-7a7e8189e241,Role 1,2012-03-15 23:38:54.343156276,573,1,res_c475f0b2-f190-4931-b0ab-7a7e8189e241,2012-03-15 23:31:08.172482276,0.0
Case1124,W_Nabellen offertes,res_e08dd225-6ddd-45bc-b1b2-7c6cf10375f6,Role 1,2012-03-17 14:02:51.163808476,553,1,res_e08dd225-6ddd-45bc-b1b2-7c6cf10375f6,2012-03-17 14:01:10.657639476,0.0
Case1125,W_Completeren aanvraag,res_4a606e00-143e-4039-9760-70b3cb78e66a,Role 1,2012-03-09 15:27:28.449611456,616,1,res_4a606e00-143e-4039-9760-70b3cb78e66a,2012-03-09 15:24:42.246742456,0.02564102564102564
Case1125,W_Completeren aanvraag,res_c561e158-62af-4d50-bb96-33472303cf4c,Role 1,2012-03-09 16:34:19.613428956,618,4,res_c561e158-62af-4d50-bb96-33472303cf4c,2012-03-09 16:32:10.734473956,0.07692307692307693
Case1126,W_Afhandelen leads,res_dfa30272-4bc0-4c82-9bd0-6b4169bccece,Role 1,2012-03-09 15:49:11.415472450,615,0,res_dfa30272-4bc0-4c82-9bd0-6b4169bccece,2012-03-09 15:45:57.672919450,0.02564102564102564
Case1126,W_Completeren aanvraag,res_f8a5c2f7-852b-4750-a5bc-71d8a9f25fcd,Role 1,2012-03-09 16:56:39.584053550,616,1,res_f8a5c2f7-852b-4750-a5bc-71d8a9f25fcd,2012-03-09 16:54:09.877425550,0.0
Case1127,W_Completeren aanvraag,res_e9f54089-f03e-4dc1-a453-57f4acf2c7fb,Role 1,2012-03-09 16:06:53.583109244,616,1,res_e9f54089-f03e-4dc1-a453-57f4acf2c7fb,2012-03-09 16:04:04.706762244,0.0
Case1127,W_Completeren aanvraag,res_554d030c-8ea0-477b-9a72-1469e52cca81,Role 1,2012-03-09 17:14:49.102892044,615,1,res_554d030c-8ea0-477b-9a72-1469e52cca81,2012-03-09 17:12:21.164479044,0.0
Case1128,W_Completeren aanvraag,res_3038739b-6c1c-42c1-b9ac-27ac6cc55a89,Role 1,2012-03-09 16:26:27.999425857,617,1,res_3038739b-6c1c-42c1-b9ac-27ac6cc55a89,2012-03-09 16:23:38.380929857,0.0
Case1129,W_Completeren aanvraag,res_0dd9fb20-75d3-4949-8e8b-38b1e2a52fbf,Role 1,2012-03-09 16:27:27.133663839,618,2,res_0dd9fb20-75d3-4949-8e8b-38b1e2a52fbf,2012-03-09 16:24:47.894678839,0.02564102564102564
Case1129,W_Completeren aanvraag,res_fe8f604a-4f72-4c5b-9082-2dc751f7d4b9,Role 1,2012-03-09 17:36:03.347921439,616,1,res_fe8f604a-4f72-4c5b-9082-2dc751f7d4b9,2012-03-09 17:33:40.354163439,0.02564102564102564
Case113,W_Completeren aanvraag,res_fe8f604a-4f72-4c5b-9082-2dc751f7d4b9,Role 1,2012-02-15 16:23:15.470768035,561,2,res_fe8f604a-4f72-4c5b-9082-2dc751f7d4b9,2012-02-15 16:20:49.513427035,0.02564102564102564
Case113,W_Completeren aanvraag,res_0dcb8a75-60b3-457b-aac5-fe91506450da,Role 1,2012-02-15 17:19:30.171181834,560,2,res_0dcb8a75-60b3-457b-aac5-fe91506450da,2012-02-15 17:17:03.649851835,0.02564102564102564
Case1130,W_Afhandelen leads,res_03b72214-605a-4b4f-97a5-ea18baa453ee,Role 1,2012-03-09 17:26:54.929272415,615,0,res_03b72214-605a-4b4f-97a5-ea18baa453ee,2012-03-09 17:23:37.984192415,0.0
Case1130,W_Completeren aanvraag,res_f8a5c2f7-852b-4750-a5bc-71d8a9f25fcd,Role 1,2012-03-09 18:39:04.391080915,617,1,res_f8a5c2f7-852b-4750-a5bc-71d8a9f25fcd,2012-03-09 18:36:30.966142915,0.0
Case1131,W_Afhandelen leads,res_fa4ebd56-fe09-4e12-ab6b-f564242582f3,Role 1,2012-03-09 17:28:15.446261235,616,1,res_fa4ebd56-fe09-4e12-ab6b-f564242582f3,2012-03-09 17:25:04.624517235,0.02564102564102564
Case1131,W_Completeren aanvraag,res_b48df80a-ad89-4a8c-8f9d-edecf950fdb5,Role 1,2012-03-09 18:40:24.189544835,617,2,res_b48df80a-ad89-4a8c-8f9d-edecf950fdb5,2012-03-09 18:37:57.271365835,0.02564102564102564
Case1131,W_Nabellen offertes,res_c05ba8c3-4cba-4513-8bb9-b3faa8713cc7,Role 1,2012-03-17 15:00:01.870201935,552,1,res_c05ba8c3-4cba-4513-8bb9-b3faa8713cc7,2012-03-17 14:58:15.840111935,0.0
Case1132,W_Completeren aanvraag,res_c77d0074-5613-45fd-a890-6d80edada349,Role 1,2012-03-09 17:47:59.081291695,616,1,res_c77d0074-5613-45fd-a890-6d80edada349,2012-03-09 17:45:06.507162695,0.0
Case1133,W_Afhandelen leads,res_d9486917-858c-4563-bf95-164b83d8a3d8,Role 1,2012-03-09 18:12:30.805521054,615,0,res_d9486917-858c-4563-bf95-164b83d8a3d8,2012-03-09 18:09:13.199098054,0.0
Case1133,W_Completeren aanvraag,res_5423e6a8-eed7-4dc9-b44d-98691c53411e,Role 1,2012-03-09 19:28:12.780773654,617,1,res_5423e6a8-eed7-4dc9-b44d-98691c53411e,2012-03-09 19:25:38.129303654,0.0
Case1133,W_Nabellen offertes,res_32a810af-a1e0-4835-afe4-a9e543c58a25,Role 1,2012-03-18 03:44:04.651199854,545,1,res_32a810af-a1e0-4835-afe4-a9e543c58a25,2012-03-18 03:42:08.946935854,0.0
Case1133,W_Nabellen offertes,res_8f2bf97e-8175-4ba4-882d-f6b7957c1a2c,Role 1,2012-03-21 07:47:00.533538454,537,1,res_8f2bf97e-8175-4ba4-882d-f6b7957c1a2c,2012-03-21 07:39:44.584600454,0.0
Case1134,W_Afhandelen leads,res_d9486917-858c-4563-bf95-164b83d8a3d8,Role 1,2012-03-09 18:27:25.571768097,616,0,res_d9486917-858c-4563-bf95-164b83d8a3d8,2012-03-09 18:24:07.810824097,0.0
Case1134,W_Completeren aanvraag,res_fa4ebd56-fe09-4e12-ab6b-f564242582f3,Role 1,2012-03-09 19:44:27.258236397,618,1,res_fa4ebd56-fe09-4e12-ab6b-f564242582f3,2012-03-09 19:41:52.285506397,0.0
Case1135,W_Afhandelen leads,res_5423e6a8-eed7-4dc9-b44d-98691c53411e,Role 1,2012-03-09 18:28:40.162360092,617,1,res_5423e6a8-eed7-4dc9-b44d-98691c53411e,2012-03-09 18:25:28.406475092,0.02564102564102564
Case1135,W_Completeren aanvraag,res_fe8f604a-4f72-4c5b-9082-2dc751f7d4b9,Role 1,2012-03-09 19:45:55.374539292,618,2,res_fe8f604a-4f72-4c5b-9082-2dc751f7d4b9,2012-03-09 19:43:26.617445292,0.02564102564102564
Case1135,W_Completeren aanvraag,res_f8a5c2f7-852b-4750-a5bc-71d8a9f25fcd,Role 1,2012-03-10 10:14:05.480378392,611,1,res_f8a5c2f7-852b-4750-a5bc-71d8a9f25fcd,2012-03-10 10:12:11.429693392,0.0
Case1135,W_Nabellen offertes,res_c475f0b2-f190-4931-b0ab-7a7e8189e241,Role 1,2012-03-11 10:31:10.222841392,600,1,res_c475f0b2-f190-4931-b0ab-7a7e8189e241,2012-03-11 10:27:56.631220392,0.0
Case1136,W_Completeren aanvraag,res_ee19d540-6f30-4eb3-abd5-d42bf0a0cc9f,Role 1,2012-03-09 18:46:57.295653733,617,1,res_ee19d540-6f30-4eb3-abd5-d42bf0a0cc9f,2012-03-09 18:44:03.648795733,0.0
Case1136,W_Nabellen offertes,res_13a07171-afed-4486-9431-2507f9aacd76,Role 1,2012-03-09 19:16:02.421528133,618,1,res_13a07171-afed-4486-9431-2507f9aacd76,2012-03-09 19:13:45.769382133,0.0
Case1137,W_Completeren aanvraag,res_7b5eefe7-a9c7-4c10-ace5-1fd3772097ff,Role 1,2012-03-09 19:10:39.974278793,618,1,res_7b5eefe7-a9c7-4c10-ace5-1fd3772097ff,2012-03-09 19:07:46.162035793,0.0
Case1137,W_Completeren aanvraag,res_4a606e00-143e-4039-9760-70b3cb78e66a,Role 1,2012-03-09 20:31:57.804268393,618,1,res_4a606e00-143e-4039-9760-70b3cb78e66a,2012-03-09 20:29:20.108275393,0.0
Case1138,W_Completeren aanvraag,res_c66fd8c7-ae25-415c-80c1-ac9cc1be7147,Role 1,2012-03-09 19:28:07.976665364,618,1,res_c66fd8c7-ae25-415c-80c1-ac9cc1be7147,2012-03-09 19:25:14.912944364,0.02564102564102564
Case1138,W_Completeren aanvraag,res_0dd9fb20-75d3-4949-8e8b-38b1e2a52fbf,Role 1,2012-03-09 20:50:50.968890464,619,1,res_0dd9fb20-75d3-4949-8e8b-38b1e2a52fbf,2012-03-09 20:48:12.696366464,0.0
Case1138,W_Completeren aanvraag,res_4d8dd482-f3ce-4175-9cd8-f5584cb38f63,Role 1,2012-03-10 14:45:16.509535664,609,1,res_4d8dd482-f3ce-4175-9cd8-f5584cb38f63,2012-03-10 14:43:28.571762664,0.02564102564102564
Case1139,W_Completeren aanvraag,res_13a07171-afed-4486-9431-2507f9aacd76,Role 1,2012-03-09 19:28:39.263181499,619,2,res_13a07171-afed-4486-9431-2507f9aacd76,2012-03-09 19:25:56.218215499,0.05128205128205128
Case114,W_Completeren aanvraag,res_fa4ebd56-fe09-4e12-ab6b-f564242582f3,Role 1,2012-02-15 16:54:21.395710106,561,1,res_fa4ebd56-fe09-4e12-ab6b-f564242582f3,2012-02-15 16:51:48.250628106,0.0
Case1140,W_Afhandelen leads,res_3038739b-6c1c-42c1-b9ac-27ac6cc55a89,Role 1,2012-03-09 20:00:54.765784703,618,0,res_3038739b-6c1c-42c1-b9ac-27ac6cc55a89,2012-03-09 19:57:36.260687703,0.0
Case1140,W_Completeren aanvraag,res_3835d2af-f74a-47b9-b054-8234859b6abe,Role 1,2012-03-09 21:27:09.391550303,618,1,res_3835d2af-f74a-47b9-b054-8234859b6abe,2012-03-09 21:24:32.950886303,0.0
Case1141,W_Afhandelen leads,res_03b72214-605a-4b4f-97a5-ea18baa453ee,Role 1,2012-03-09 20:29:25.567505069,618,0,res_03b72214-605a-4b4f-97a5-ea18baa453ee,2012-03-09 20:26:06.903380069,0.0
Case1141,W_Completeren aanvraag,res_fa4ebd56-fe09-4e12-ab6b-f564242582f3,Role 1,2012-03-09 21:58:19.691169869,618,1,res_fa4ebd56-fe09-4e12-ab6b-f564242582f3,2012-03-09 21:55:42.889212869,0.0
Case1142,W_Completeren aanvraag,res_7b5eefe7-a9c7-4c10-ace5-1fd3772097ff,Role 1,2012-03-09 20:30:57.711379649,619,1,res_7b5eefe7-a9c7-4c10-ace5-1fd3772097ff,2012-03-09 20:28:04.774519649,0.02564102564102564
Case1142,W_Nabellen offertes,res_c77d0074-5613-45fd-a890-6d80edada349,Role 1,2012-03-09 20:55:09.663212249,619,1,res_c77d0074-5613-45fd-a890-6d80edada349,2012-03-09 20:52:49.116261249,0.0
Case1143,W_Afhandelen leads,res_63a2ec71-0edb-4961-a972-295906b733b9,Role 1,2012-03-09 21:30:41.025505436,618,0,res_63a2ec71-0edb-4961-a972-295906b733b9,2012-03-09 21:27:22.065065436,0.0
Case1143,W_Completeren aanvraag,res_094e34c1-5472-4e50-8ca3-650a6a34e4ec,Role 1,2012-03-09 23:06:35.133136336,616,1,res_094e34c1-5472-4e50-8ca3-650a6a34e4ec,2012-03-09 23:03:57.303147336,0.0
Case1143,W_Nabellen offertes,res_32a810af-a1e0-4835-afe4-a9e543c58a25,Role 1,2012-03-17 00:35:20.203160736,562,1,res_32a810af-a1e0-4835-afe4-a9e543c58a25,2012-03-17 00:32:59.157152736,0.0
Case1144,W_Afhandelen leads,res_3d71865b-e63e-44f8-a4fd-ece0ef216fef,Role 1,2012-03-09 22:30:26.019246433,617,0,res_3d71865b-e63e-44f8-a4fd-ece0ef216fef,2012-03-09 22:27:06.556643433,0.0
Case1144,W_Completeren aanvraag,res_d9a4b451-1c76-46c3-87c6-97373bec81d0,Role 1,2012-03-10 00:13:46.700596233,616,1,res_d9a4b451-1c76-46c3-87c6-97373bec81d0,2012-03-10 00:11:11.346906233,0.0
Case1144,W_Nabellen offertes,res_c475f0b2-f190-4931-b0ab-7a7e8189e241,Role 1,2012-03-15 13:03:38.781365833,577,1,res_c475f0b2-f190-4931-b0ab-7a7e8189e241,2012-03-15 13:01:44.846048833,0.0
Case1144,W_Nabellen offertes,res_f8a5c2f7-852b-4750-a5bc-71d8a9f25fcd,Role 1,2012-03-18 20:42:22.574228432,543,1,res_f8a5c2f7-852b-4750-a5bc-71d8a9f25fcd,2012-03-18 20:40:40.311534433,0.0
Case1144,W_Nabellen offertes,res_c66fd8c7-ae25-415c-80c1-ac9cc1be7147,Role 1,2012-03-21 00:53:27.417863933,539,1,res_c66fd8c7-ae25-415c-80c1-ac9cc1be7147,2012-03-21 00:51:52.874170933,0.0
Case1145,W_Completeren aanvraag,res_3d71865b-e63e-44f8-a4fd-ece0ef216fef,Role 1,2012-03-09 22:30:27.491276281,618,1,res_3d71865b-e63e-44f8-a4fd-ece0ef216fef,2012-03-09 22:27:34.765121281,0.02564102564102564
Case1145,W_Nabellen offertes,res_6d1d995e-4384-448a-9bf8-9fb7d8013316,Role 1,2012-03-09 22:55:47.229643281,616,1,res_6d1d995e-4384-448a-9bf8-9fb7d8013316,2012-03-09 22:53:22.320160281,0.0
Case1145,W_Nabellen offertes,res_b48df80a-ad89-4a8c-8f9d-edecf950fdb5,Role 1,2012-03-14 02:14:06.917039381,592,1,res_b48df80a-ad89-4a8c-8f9d-edecf950fdb5,2012-03-14 02:12:25.678095381,0.0
Case1146,W_Afhandelen leads,res_13a07171-afed-4486-9431-2507f9aacd76,Role 1,2012-03-09 23:29:54.809730593,617,0,res_13a07171-afed-4486-9431-2507f9aacd76,2012-03-09 23:26:33.921645593,0.0
Case1146,W_Completeren aanvraag,res_e08dd225-6ddd-45bc-b1b2-7c6cf10375f6,Role 1,2012-03-10 01:26:18.145750493,616,1,res_e08dd225-6ddd-45bc-b1b2-7c6cf10375f6,2012-03-10 01:23:43.355574493,0.0
Case1146,W_Completeren aanvraag,res_fa4ebd56-fe09-4e12-ab6b-f564242582f3,Role 1,2012-03-10 16:41:32.136233793,604,1,res_fa4ebd56-fe09-4e12-ab6b-f564242582f3,2012-03-10 16:39:40.762644793,0.0
Case1146,W_Nabellen offertes,res_e9f54089-f03e-4dc1-a453-57f4acf2c7fb,Role 1,2012-03-12 08:56:20.698057693,592,1,res_e9f54089-f03e-4dc1-a453-57f4acf2c7fb,2012-03-12 08:50:22.464196693,0.0
Case1147,W_Completeren aanvraag,res_b48df80a-ad89-4a8c-8f9d-edecf950fdb5,Role 1,2012-03-09 23:50:21.774805652,618,1,res_b48df80a-ad89-4a8c-8f9d-edecf950fdb5,2012-03-09 23:47:24.161681652,0.0
Case1148,W_Completeren aanvraag,res_d9486917-858c-4563-bf95-164b83d8a3d8,Role 1,2012-03-10 12:44:07.391658087,609,1,res_d9486917-858c-4563-bf95-164b83d8a3d8,2012-03-10 12:41:28.413013087,0.0
Case1148,W_Nabellen offertes,res_4a606e00-143e-4039-9760-70b3cb78e66a,Role 1,2012-03-10 13:28:40.000723187,608,1,res_4a606e00-143e-4039-9760-70b3cb78e66a,2012-03-10 13:26:42.466434187,0.0
Case1149,W_Completeren aanvraag,res_03b72214-605a-4b4f-97a5-ea18baa453ee,Role 1,2012-03-10 12:48:47.226155294,610,1,res_03b72214-605a-4b4f-97a5-ea18baa453ee,2012-03-10 12:46:08.482900294,0.0
Case115,W_Completeren aanvraag,res_32a810af-a1e0-4835-afe4-a9e543c58a25,Role 1,2012-02-15 17:22:15.201387887,560,1,res_32a810af-a1e0-4835-afe4-a9e543c58a25,2012-02-15 17:19:41.617831887,0.0
Case115,W_Nabellen offertes,res_c475f0b2-f190-4931-b0ab-7a7e8189e241,Role 1,2012-02-15 17:41:49.975204087,561,1,res_c475f0b2-f190-4931-b0ab-7a7e8189e241,2012-02-15 17:39:30.148743087,0.02564102564102564
Case1150,W_Completeren aanvraag,res_c05ba8c3-4cba-4513-8bb9-b3faa8713cc7,Role 1,2012-03-10 12:56:20.329782141,610,1,res_c05ba8c3-4cba-4513-8bb9-b3faa8713cc7,2012-03-10 12:53:41.833437141,0.0
Case1151,W_Completeren aanvraag,res_240d458f-f7c5-4593-8aba-741926c2775b,Role 1,2012-03-10 13:09:19.977829516,607,1,res_240d458f-f7c5-4593-8aba-741926c2775b,2012-03-10 13:06:41.596360516,0.0
Case1152,W_Afhandelen leads,res_f8a5c2f7-852b-4750-a5bc-71d8a9f25fcd,Role 1,2012-03-10 13:14:08.981166062,607,0,res_f8a5c2f7-852b-4750-a5bc-71d8a9f25fcd,2012-03-10 13:10:58.494998062,0.0
Case1152,W_Completeren aanvraag,res_cd5fe8a1-7bca-4ddc-9e04-e32a42150d6e,Role 1,2012-03-10 14:23:06.831481362,604,1,res_cd5fe8a1-7bca-4ddc-9e04-e32a42150d6e,2012-03-10 14:20:44.710775362,0.0
Case1152,W_Nabellen offertes,res_3d71865b-e63e-44f8-a4fd-ece0ef216fef,Role 1,2012-03-17 16:36:28.388583362,549,1,res_3d71865b-e63e-44f8-a4fd-ece0ef216fef,2012-03-17 16:34:38.971893362,0.0
Case1153,W_Afhandelen leads,res_6d1d995e-4384-448a-9bf8-9fb7d8013316,Role 1,2012-03-10 13:21:04.931894323,608,0,res_6d1d995e-4384-448a-9bf8-9fb7d8013316,2012-03-10 13:17:54.570046323,0.0
Case1153,W_Completeren aanvraag,res_ffdbf4b7-c588-487c-b4ec-ae52c332aeda,Role 1,2012-03-10 14:29:42.137673823,604,1,res_ffdbf4b7-c588-487c-b4ec-ae52c332aeda,2012-03-10 14:27:19.695307823,0.0
Case1153,W_Completeren aanvraag,res_5423e6a8-eed7-4dc9-b44d-98691c53411e,Role 1,2012-03-10 21:54:59.807278223,603,1,res_5423e6a8-eed7-4dc9-b44d-98691c53411e,2012-03-10 21:53:12.019317223,0.0
Case1153,W_Completeren aanvraag,res_240d458f-f7c5-4593-8aba-741926c2775b,Role 1,2012-03-11 12:48:50.992810623,596,1,res_240d458f-f7c5-4593-8aba-741926c2775b,2012-03-11 12:47:00.492709623,0.0
Case1153,W_Nabellen offertes,res_d9486917-858c-4563-bf95-164b83d8a3d8,Role 1,2012-03-11 22:53:10.982768323,594,1,res_d9486917-858c-4563-bf95-164b83d8a3d8,2012-03-11 22:51:26.396256323,0.0
Case1154,W_Afhandelen leads,res_dfa30272-4bc0-4c82-9bd0-6b4169bccece,Role 1,2012-03-10 13:32:49.134021891,607,0,res_dfa30272-4bc0-4c82-9bd0-6b4169bccece,2012-03-10 13:29:38.774546891,0.0
Case1154,W_Completeren aanvraag,res_cd5fe8a1-7bca-4ddc-9e04-e32a42150d6e,Role 1,2012-03-10 14:40:48.591678091,604,1,res_cd5fe8a1-7bca-4ddc-9e04-e32a42150d6e,2012-03-10 14:38:25.571276091,0.0
Case1155,W_Completeren aanvraag,res_a6b7a9b9-8dde-47b4-ba71-c31305bfae5d,Role 1,2012-03-10 13:36:57.148175098,608,1,res_a6b7a9b9-8dde-47b4-ba71-c31305bfae5d,2012-03-10 13:34:18.844434098,0.0
Case1156,W_Completeren aanvraag,res_c475f0b2-f190-4931-b0ab-7a7e8189e241,Role 1,2012-03-10 14:04:05.820387832,607,1,res_c475f0b2-f190-4931-b0ab-7a7e8189e241,2012-03-10 14:01:27.884029832,0.02564102564102564
Case1157,W_Completeren aanvraag,res_0dcb8a75-60b3-457b-aac5-fe91506450da,Role 1,2012-03-10 14:36:40.338647920,605,2,res_0dcb8a75-60b3-457b-aac5-fe91506450da,2012-03-10 14:34:09.380685920,0.02564102564102564
Case1157,W_Completeren aanvraag,res_8f2bf97e-8175-4ba4-882d-f6b7957c1a2c,Role 1,2012-03-10 15:42:14.584152620,603,1,res_8f2bf97e-8175-4ba4-882d-f6b7957c1a2c,2012-03-10 15:39:55.824558620,0.0
Case1157,W_Nabellen offertes,res_90ea4c98-054c-4dd3-aadb-9d56713379c2,Role 1,2012-03-17 13:37:42.059315820,551,1,res_90ea4c98-054c-4dd3-aadb-9d56713379c2,2012-03-17 13:35:55.961632820,0.0
Case1158,W_Completeren aanvraag,res_0dd9fb20-75d3-4949-8e8b-38b1e2a52fbf,Role 1,2012-03-10 14:37:04.376049680,606,3,res_0dd9fb20-75d3-4949-8e8b-38b1e2a52fbf,2012-03-10 14:34:40.611500680,0.05128205128205128
Case1159,W_Completeren aanvraag,res_5423e6a8-eed7-4dc9-b44d-98691c53411e,Role 1,2012-03-10 15:36:49.099032666,604,2,res_5423e6a8-eed7-4dc9-b44d-98691c53411e,2012-03-10 15:34:14.021176666,0.02564102564102564
Case1159,W_Nabellen offertes,res_63a2ec71-0edb-4961-a972-295906b733b9,Role 1,2012-03-10 16:14:03.929366266,604,1,res_63a2ec71-0edb-4961-a972-295906b733b9,2012-03-10 16:12:01.464976266,0.0
Case116,W_Afhandelen leads,res_c561e158-62af-4d50-bb96-33472303cf4c,Role 1,2012-02-15 17:24:17.649095431,561,0,res_c561e158-62af-4d50-bb96-33472303cf4c,2012-02-15 17:21:06.243265431,0.02564102564102564
Case116,W_Completeren aanvraag,res_a6b7a9b9-8dde-47b4-ba71-c31305bfae5d,Role 1,2012-02-15 18:22:12.642700931,562,1,res_a6b7a9b9-8dde-47b4-ba71-c31305bfae5d,2012-02-15 18:19:36.090963931,0.0
Case116,W_Completeren aanvraag,res_c77d0074-5613-45fd-a890-6d80edada349,Role 1,2012-02-15 20:20:16.705509431,564,1,res_c77d0074-5613-45fd-a890-6d80edada349,2012-02-15 20:17:58.723661431,0.0
Case116,W_Nabellen offertes,res_63a2ec71-0edb-4961-a972-295906b733b9,Role 1,2012-02-17 02:40:01.943385731,578,1,res_63a2ec71-0edb-4961-a972-295906b733b9,2012-02-17 02:38:15.444886731,0.0
Case1160,W_Completeren aanvraag,res_fa4ebd56-fe09-4e12-ab6b-f564242582f3,Role 1,2012-03-10 16:29:56.461886589,604,1,res_fa4ebd56-fe09-4e12-ab6b-f564242582f3,2012-03-10 16:27:07.474934589,0.0
Case1161,W_Completeren aanvraag,res_dfa30272-4bc0-4c82-9bd0-6b4169bccece,Role 1,2012-03-11 12:46:38.906106309,597,1,res_dfa30272-4bc0-4c82-9bd0-6b4169bccece,2012-03-11 12:44:06.127290309,0.0
Case1161,W_Completeren aanvraag,res_7b5eefe7-a9c7-4c10-ace5-1fd3772097ff,Role 1,2012-03-11 14:03:21.739557809,599,1,res_7b5eefe7-a9c7-4c10-ace5-1fd3772097ff,2012-03-11 14:01:04.729418809,0.0
Case1161,W_Nabellen offertes,res_fdf1178c-5a31-4f5e-8867-f12efd24326c,Role 1,2012-03-17 02:12:43.267913509,560,1,res_fdf1178c-5a31-4f5e-8867-f12efd24326c,2012-03-17 02:10:45.954248509,0.0
Case1162,W_Afhandelen leads,res_ee19d540-6f30-4eb3-abd5-d42bf0a0cc9f,Role 1,2012-03-11 13:16:58.925134759,598,0,res_ee19d540-6f30-4eb3-abd5-d42bf0a0cc9f,2012-03-11 13:13:54.343296759,0.0
Case1162,W_Completeren aanvraag,res_b48df80a-ad89-4a8c-8f9d-edecf950fdb5,Role 1,2012-03-11 14:27:18.437099259,599,1,res_b48df80a-ad89-4a8c-8f9d-edecf950fdb5,2012-03-11 14:24:56.677500259,0.0
Case1163,W_Afhandelen leads,res_32a810af-a1e0-4835-afe4-a9e543c58a25,Role 1,2012-03-11 13:47:37.425737442,599,0,res_32a810af-a1e0-4835-afe4-a9e543c58a25,2012-03-11 13:44:31.924139442,0.0
Case1163,W_Completeren aanvraag,res_b48df80a-ad89-4a8c-8f9d-edecf950fdb5,Role 1,2012-03-11 14:53:25.381606942,598,1,res_b48df80a-ad89-4a8c-8f9d-edecf950fdb5,2012-03-11 14:51:02.271831942,0.0
Case1164,W_Afhandelen leads,res_c05ba8c3-4cba-4513-8bb9-b3faa8713cc7,Role 1,2012-03-12 11:57:49.899109769,590,0,res_c05ba8c3-4cba-4513-8bb9-b3faa8713cc7,2012-03-12 11:54:53.856884769,0.0
Case1164,W_Completeren aanvraag,res_4d8dd482-f3ce-4175-9cd8-f5584cb38f63,Role 1,2012-03-12 13:49:02.192996169,597,1,res_4d8dd482-f3ce-4175-9cd8-f5584cb38f63,2012-03-12 13:46:40.887402169,0.0
Case1165,W_Afhandelen leads,res_f8a5c2f7-852b-4750-a5bc-71d8a9f25fcd,Role 1,2012-03-12 12:56:08.245842947,591,0,res_f8a5c2f7-852b-4750-a5bc-71d8a9f25fcd,2012-03-12 12:53:11.708137947,0.0
Case1165,W_Completeren aanvraag,res_3835d2af-f74a-47b9-b054-8234859b6abe,Role 1,2012-03-12 14:13:05.431179947,598,2,res_3835d2af-f74a-47b9-b054-8234859b6abe,2012-03-12 14:10:44.475633947,0.02564102564102564
Case1165,W_Nabellen offertes,res_4a606e00-143e-4039-9760-70b3cb78e66a,Role 1,2012-03-14 13:06:33.584847147,583,1,res_4a606e00-143e-4039-9760-70b3cb78e66a,2012-03-14 13:03:17.463562147,0.0
Case1165,W_Nabellen offertes,res_ee19d540-6f30-4eb3-abd5-d42bf0a0cc9f,Role 1,2012-03-19 00:59:57.403429247,542,1,res_ee19d540-6f30-4eb3-abd5-d42bf0a0cc9f,2012-03-19 00:58:01.372439247,0.0
Case1165,W_Nabellen offertes,res_fe8f604a-4f72-4c5b-9082-2dc751f7d4b9,Role 1,2012-03-21 02:40:06.487502547,535,1,res_fe8f604a-4f72-4c5b-9082-2dc751f7d4b9,2012-03-21 02:35:19.182318547,0.0
Case1165,W_Nabellen offertes,res_ee19d540-6f30-4eb3-abd5-d42bf0a0cc9f,Role 1,2012-03-22 15:40:03.482925047,528,1,res_ee19d540-6f30-4eb3-abd5-d42bf0a0cc9f,2012-03-22 15:38:27.511564047,0.0
Case1166,W_Completeren aanvraag,res_32a810af-a1e0-4835-afe4-a9e543c58a25,Role 1,2012-03-12 12:58:18.814829299,592,1,res_32a810af-a1e0-4835-afe4-a9e543c58a25,2012-03-12 12:55:51.891994299,0.02564102564102564
Case1166,W_Completeren aanvraag,res_90ea4c98-054c-4dd3-aadb-9d56713379c2,Role 1,2012-03-12 14:16:50.890237599,598,1,res_90ea4c98-054c-4dd3-aadb-9d56713379c2,2012-03-12 14:14:31.968274599,0.0
Case1166,W_Completeren aanvraag,res_dfa30272-4bc0-4c82-9bd0-6b4169bccece,Role 1,2012-03-12 17:06:40.241244299,605,1,res_dfa30272-4bc0-4c82-9bd0-6b4169bccece,2012-03-12 17:04:32.212472299,0.02564102564102564
Case1167,W_Completeren aanvraag,res_a117c367-ca0b-4fb8-9736-c1d7d3de62d1,Role 1,2012-03-12 13:05:02.671717911,593,1,res_a117c367-ca0b-4fb8-9736-c1d7d3de62d1,2012-03-12 13:02:35.877694911,0.0
Case1168,W_Completeren aanvraag,res_cd5fe8a1-7bca-4ddc-9e04-e32a42150d6e,Role 1,2012-03-12 13:09:09.251698082,593,1,res_cd5fe8a1-7bca-4ddc-9e04-e32a42150d6e,2012-03-12 13:06:42.701876082,0.0
Case1168,W_Nabellen offertes,res_a6b7a9b9-8dde-47b4-ba71-c31305bfae5d,Role 1,2012-03-12 13:48:22.996922282,597,1,res_a6b7a9b9-8dde-47b4-ba71-c31305bfae5d,2012-03-12 13:46:04.699528282,0.0
Case1169,W_Completeren aanvraag,res_4d8dd482-f3ce-4175-9cd8-f5584cb38f63,Role 1,2012-03-12 13:14:23.251307963,594,1,res_4d8dd482-f3ce-4175-9cd8-f5584cb38f63,2012-03-12 13:11:57.024914963,0.0
Case1169,W_Nabellen offertes,res_c05ba8c3-4cba-4513-8bb9-b3faa8713cc7,Role 1,2012-03-12 13:53:02.543359263,597,1,res_c05ba8c3-4cba-4513-8bb9-b3faa8713cc7,2012-03-12 13:50:44.022607263,0.0
Case117,W_Afhandelen leads,res_dfa30272-4bc0-4c82-9bd0-6b4169bccece,Role 1,2012-02-15 17:51:39.295999815,561,0,res_dfa30272-4bc0-4c82-9bd0-6b4169bccece,2012-02-15 17:48:27.372208815,0.02564102564102564
Case117,W_Completeren aanvraag,res_5423e6a8-eed7-4dc9-b44d-98691c53411e,Role 1,2012-02-15 18:50:19.079295315,563,1,res_5423e6a8-eed7-4dc9-b44d-98691c53411e,2012-02-15 18:47:42.394227315,0.0
Case117,W_Nabellen offertes,res_fa4ebd56-fe09-4e12-ab6b-f564242582f3,Role 1,2012-02-19 03:32:49.654152315,593,1,res_fa4ebd56-fe09-4e12-ab6b-f564242582f3,2012-02-19 03:30:59.301015315,0.0
Case1170,W_Completeren aanvraag,res_c475f0b2-f190-4931-b0ab-7a7e8189e241,Role 1,2012-03-12 13:19:44.315445305,595,1,res_c475f0b2-f190-4931-b0ab-7a7e8189e241,2012-03-12 13:17:18.400073305,0.0
Case1170,W_Nabellen offertes,res_cd5fe8a1-7bca-4ddc-9e04-e32a42150d6e,Role 1,2012-03-12 13:57:47.385583205,596,1,res_cd5fe8a1-7bca-4ddc-9e04-e32a42150d6e,2012-03-12 13:55:28.404160205,0.02564102564102564
Case1171,W_Completeren aanvraag,res_32a810af-a1e0-4835-afe4-a9e543c58a25,Role 1,2012-03-12 13:24:19.092487325,596,1,res_32a810af-a1e0-4835-afe4-a9e543c58a25,2012-03-12 13:21:53.432732325,0.0
Case1171,W_Completeren aanvraag,res_03b72214-605a-4b4f-97a5-ea18baa453ee,Role 1,2012-03-12 14:33:22.901450625,600,1,res_03b72214-605a-4b4f-97a5-ea18baa453ee,2012-03-12 14:31:02.735331625,0.0
Case1171,W_Nabellen offertes,res_7b5eefe7-a9c7-4c10-ace5-1fd3772097ff,Role 1,2012-03-14 10:39:11.123863525,583,1,res_7b5eefe7-a9c7-4c10-ace5-1fd3772097ff,2012-03-14 10:35:21.586048525,0.0
Case1171,W_Nabellen offertes,res_c66fd8c7-ae25-415c-80c1-ac9cc1be7147,Role 1,2012-03-19 05:11:45.231832325,542,1,res_c66fd8c7-ae25-415c-80c1-ac9cc1be7147,2012-03-19 05:10:01.167638325,0.0
Case1171,W_Nabellen offertes,res_c05ba8c3-4cba-4513-8bb9-b3faa8713cc7,Role 1,2012-03-21 10:02:05.745114625,534,1,res_c05ba8c3-4cba-4513-8bb9-b3faa8713cc7,2012-03-21 10:00:24.857938625,0.0
Case1172,W_Completeren aanvraag,res_c05ba8c3-4cba-4513-8bb9-b3faa8713cc7,Role 1,2012-03-12 13:29:40.191670667,597,1,res_c05ba8c3-4cba-4513-8bb9-b3faa8713cc7,2012-03-12 13:27:14.807890667,0.0
Case1173,W_Afhandelen leads,res_ee19d540-6f30-4eb3-abd5-d42bf0a0cc9f,Role 1,2012-03-12 13:35:42.017246746,597,0,res_ee19d540-6f30-4eb3-abd5-d42bf0a0cc9f,2012-03-12 13:32:45.250059746,0.0
Case1173,W_Completeren aanvraag,res_fdf1178c-5a31-4f5e-8867-f12efd24326c,Role 1,2012-03-12 14:41:52.371233646,600,1,res_fdf1178c-5a31-4f5e-8867-f12efd24326c,2012-03-12 14:39:28.824031646,0.02564102564102564
Case1174,W_Completeren aanvraag,res_ee19d540-6f30-4eb3-abd5-d42bf0a0cc9f,Role 1,2012-03-12 13:42:05.202378369,597,1,res_ee19d540-6f30-4eb3-abd5-d42bf0a0cc9f,2012-03-12 13:39:40.317662369,0.0
Case1174,W_Completeren aanvraag,res_554d030c-8ea0-477b-9a72-1469e52cca81,Role 1,2012-03-12 14:46:48.689175169,599,1,res_554d030c-8ea0-477b-9a72-1469e52cca81,2012-03-12 14:44:27.881657169,0.0
Case1175,W_Completeren aanvraag,res_fe8f604a-4f72-4c5b-9082-2dc751f7d4b9,Role 1,2012-03-12 13:46:46.665823851,598,1,res_fe8f604a-4f72-4c5b-9082-2dc751f7d4b9,2012-03-12 13:44:22.402440852,0.02564102564102564
Case1175,W_Completeren aanvraag,res_c77d0074-5613-45fd-a890-6d80edada349,Role 1,2012-03-12 14:50:34.800974452,598,1,res_c77d0074-5613-45fd-a890-6d80edada349,2012-03-12 14:48:14.126805452,0.0
Case1175,W_Completeren aanvraag,res_d9a4b451-1c76-46c3-87c6-97373bec81d0,Role 1,2012-03-12 16:51:14.256995552,606,2,res_d9a4b451-1c76-46c3-87c6-97373bec81d0,2012-03-12 16:49:06.931935552,0.02564102564102564
Case1175,W_Completeren aanvraag,res_c475f0b2-f190-4931-b0ab-7a7e8189e241,Role 1,2012-03-12 17:44:01.078429352,603,1,res_c475f0b2-f190-4931-b0ab-7a7e8189e241,2012-03-12 17:42:15.680941352,0.0
Case1175,W_Completeren aanvraag,res_a117c367-ca0b-4fb8-9736-c1d7d3de62d1,Role 1,2012-03-12 18:10:41.525213952,603,1,res_a117c367-ca0b-4fb8-9736-c1d7d3de62d1,2012-03-12 18:09:05.280794952,0.02564102564102564
Case1175,W_Completeren aanvraag,res_4a606e00-143e-4039-9760-70b3cb78e66a,Role 1,2012-03-12 18:33:19.562470552,603,1,res_4a606e00-143e-4039-9760-70b3cb78e66a,2012-03-12 18:31:45.577328552,0.02564102564102564
Case1175,W_Nabellen offertes,res_90ea4c98-054c-4dd3-aadb-9d56713379c2,Role 1,2012-03-12 20:38:46.006328052,610,1,res_90ea4c98-054c-4dd3-aadb-9d56713379c2,2012-03-12 20:37:07.047464052,0.07692307692307693
Case1176,W_Afhandelen leads,res_554d030c-8ea0-477b-9a72-1469e52cca81,Role 1,2012-03-12 13:52:53.081533118,597,0,res_554d030c-8ea0-477b-9a72-1469e52cca81,2012-03-12 13:49:57.881838118,0.02564102564102564
Case1176,W_Completeren aanvraag,res_0dcb8a75-60b3-457b-aac5-fe91506450da,Role 1,2012-03-12 14:54:36.810948018,599,1,res_0dcb8a75-60b3-457b-aac5-fe91506450da,2012-03-12 14:52:12.406400018,0.0
Case1176,W_Completeren aanvraag,res_8f2bf97e-8175-4ba4-882d-f6b7957c1a2c,Role 1,2012-03-12 16:53:23.645084918,606,1,res_8f2bf97e-8175-4ba4-882d-f6b7957c1a2c,2012-03-12 16:51:12.499910918,0.0
Case1177,W_Completeren aanvraag,res_dfa30272-4bc0-4c82-9bd0-6b4169bccece,Role 1,2012-03-12 13:57:15.500568612,596,1,res_dfa30272-4bc0-4c82-9bd0-6b4169bccece,2012-03-12 13:54:51.048518612,0.0
Case1177,W_Completeren aanvraag,res_c77d0074-5613-45fd-a890-6d80edada349,Role 1,2012-03-12 14:58:20.958115112,599,1,res_c77d0074-5613-45fd-a890-6d80edada349,2012-03-12 14:55:59.592794112,0.0
Case1178,W_Afhandelen leads,res_90ea4c98-054c-4dd3-aadb-9d56713379c2,Role 1,2012-03-12 13:58:17.634447372,597,0,res_90ea4c98-054c-4dd3-aadb-9d56713379c2,2012-03-12 13:55:22.279333372,0.02564102564102564
Case1178,W_Completeren aanvraag,res_63a2ec71-0edb-4961-a972-295906b733b9,Role 1,2012-03-12 15:00:11.738295471,599,2,res_63a2ec71-0edb-4961-a972-295906b733b9,2012-03-12 14:57:49.473246472,0.02564102564102564
Case1178,W_Nabellen offertes,res_240d458f-f7c5-4593-8aba-741926c2775b,Role 1,2012-03-14 07:00:34.607032972,584,1,res_240d458f-f7c5-4593-8aba-741926c2775b,2012-03-14 06:57:58.672973972,0.0
Case1178,W_Nabellen offertes,res_13a07171-afed-4486-9431-2507f9aacd76,Role 1,2012-03-19 17:21:27.239159472,541,1,res_13a07171-afed-4486-9431-2507f9aacd76,2012-03-19 17:19:31.340741472,0.0
Case1178,W_Nabellen offertes,res_c561e158-62af-4d50-bb96-33472303cf4c,Role 1,2012-03-21 08:58:40.597733072,535,1,res_c561e158-62af-4d50-bb96-33472303cf4c,2012-03-21 08:56:56.933165072,0.0
Case1179,W_Completeren aanvraag,res_dfa30272-4bc0-4c82-9bd0-6b4169bccece,Role 1,2012-03-12 14:04:32.505493259,598,1,res_dfa30272-4bc0-4c82-9bd0-6b4169bccece,2012-03-12 14:02:08.279925259,0.0
Case1179,W_Nabellen offertes,res_90ea4c98-054c-4dd3-aadb-9d56713379c2,Role 1,2012-03-12 14:36:37.014044159,600,1,res_90ea4c98-054c-4dd3-aadb-9d56713379c2,2012-03-12 14:34:16.645234159,0.0
Case118,W_Afhandelen leads,res_03b72214-605a-4b4f-97a5-ea18baa453ee,Role 1,2012-02-15 18:09:41.880544783,562,0,res_03b72214-605a-4b4f-97a5-ea18baa453ee,2012-02-15 18:06:28.361377783,0.0
Case118,W_Completeren aanvraag,res_ffdbf4b7-c588-487c-b4ec-ae52c332aeda,Role 1,2012-02-15 19:09:04.968164483,564,1,res_ffdbf4b7-c588-487c-b4ec-ae52c332aeda,2012-02-15 19:06:29.065531483,0.02564102564102564
Case1180,W_Afhandelen leads,res_c561e158-62af-4d50-bb96-33472303cf4c,Role 1,2012-03-12 14:14:09.092098837,599,0,res_c561e158-62af-4d50-bb96-33472303cf4c,2012-03-12 14:11:11.293123837,0.0
Case1180,W_Completeren aanvraag,res_cd5fe8a1-7bca-4ddc-9e04-e32a42150d6e,Role 1,2012-03-12 15:14:06.554384637,599,1,res_cd5fe8a1-7bca-4ddc-9e04-e32a42150d6e,2012-03-12 15:11:41.857159637,0.02564102564102564
Case1181,W_Afhandelen leads,res_4d8dd482-f3ce-4175-9cd8-f5584cb38f63,Role 1,2012-03-12 14:21:27.547296121,600,0,res_4d8dd482-f3ce-4175-9cd8-f5584cb38f63,2012-03-12 14:18:29.531976121,0.0
Case1181,W_Completeren aanvraag,res_240d458f-f7c5-4593-8aba-741926c2775b,Role 1,2012-03-12 15:20:41.599481021,599,1,res_240d458f-f7c5-4593-8aba-741926c2775b,2012-03-12 15:18:16.689581021,0.02564102564102564
Case1181,W_Completeren aanvraag,res_554d030c-8ea0-477b-9a72-1469e52cca81,Role 1,2012-03-12 17:08:11.579466021,603,1,res_554d030c-8ea0-477b-9a72-1469e52cca81,2012-03-12 17:06:00.715592021,0.0
Case1181,W_Completeren aanvraag,res_fa4ebd56-fe09-4e12-ab6b-f564242582f3,Role 1,2012-03-12 17:48:56.433540521,603,2,res_fa4ebd56-fe09-4e12-ab6b-f564242582f3,2012-03-12 17:47:08.248278521,0.02564102564102564
Case1182,W_Afhandelen leads,res_5423e6a8-eed7-4dc9-b44d-98691c53411e,Role 1,2012-03-12 14:29:44.448656652,601,0,res_5423e6a8-eed7-4dc9-b44d-98691c53411e,2012-03-12 14:26:48.217566652,0.02564102564102564
Case1182,W_Completeren aanvraag,res_b48df80a-ad89-4a8c-8f9d-edecf950fdb5,Role 1,2012-03-12 15:27:43.982804052,600,1,res_b48df80a-ad89-4a8c-8f9d-edecf950fdb5,2012-03-12 15:25:19.129318052,0.02564102564102564
Case1182,W_Completeren aanvraag,res_dfa30272-4bc0-4c82-9bd0-6b4169bccece,Role 1,2012-03-12 17:08:26.288234052,603,3,res_dfa30272-4bc0-4c82-9bd0-6b4169bccece,2012-03-12 17:06:18.822911052,0.07692307692307693
Case1183,W_Completeren aanvraag,res_0dcb8a75-60b3-457b-aac5-fe91506450da,Role 1,2012-03-12 14:36:19.608731112,600,2,res_0dcb8a75-60b3-457b-aac5-fe91506450da,2012-03-12 14:34:00.411745112,0.02564102564102564
Case1183,W_Nabellen offertes,res_4d8dd482-f3ce-4175-9cd8-f5584cb38f63,Role 1,2012-03-12 15:05:42.874220212,599,1,res_4d8dd482-f3ce-4175-9cd8-f5584cb38f63,2012-03-12 15:03:23.142611212,0.0
Case1184,W_Completeren aanvraag,res_3835d2af-f74a-47b9-b054-8234859b6abe,Role 1,2012-03-12 14:46:48.263900872,599,2,res_3835d2af-f74a-47b9-b054-8234859b6abe,2012-03-12 14:44:29.057822872,0.02564102564102564
Case1184,W_Completeren aanvraag,res_ffdbf4b7-c588-487c-b4ec-ae52c332aeda,Role 1,2012-03-12 15:43:59.433574772,601,2,res_ffdbf4b7-c588-487c-b4ec-ae52c332aeda,2012-03-12 15:41:40.207037772,0.02564102564102564
Case1185,W_Completeren aanvraag,res_f8a5c2f7-852b-4750-a5bc-71d8a9f25fcd,Role 1,2012-03-12 14:57:21.682252632,599,1,res_f8a5c2f7-852b-4750-a5bc-71d8a9f25fcd,2012-03-12 14:54:57.703900632,0.0
Case1186,W_Afhandelen leads,res_c05ba8c3-4cba-4513-8bb9-b3faa8713cc7,Role 1,2012-03-12 14:58:45.682663504,600,0,res_c05ba8c3-4cba-4513-8bb9-b3faa8713cc7,2012-03-12 14:55:48.076182504,0.02564102564102564
Case1186,W_Completeren aanvraag,res_c77d0074-5613-45fd-a890-6d80edada349,Role 1,2012-03-12 15:55:22.306241204,600,2,res_c77d0074-5613-45fd-a890-6d80edada349,2012-03-12 15:52:58.404121204,0.02564102564102564
Case1186,W_Completeren aanvraag,res_b48df80a-ad89-4a8c-8f9d-edecf950fdb5,Role 1,2012-03-12 17:29:15.272661504,604,2,res_b48df80a-ad89-4a8c-8f9d-edecf950fdb5,2012-03-12 17:27:06.546524504,0.02564102564102564
Case1187,W_Afhandelen leads,res_3038739b-6c1c-42c1-b9ac-27ac6cc55a89,Role 1,2012-03-12 15:06:52.750559111,599,0,res_3038739b-6c1c-42c1-b9ac-27ac6cc55a89,2012-03-12 15:03:52.657534111,0.0
Case1187,W_Completeren aanvraag,res_fa4ebd56-fe09-4e12-ab6b-f564242582f3,Role 1,2012-03-12 16:02:54.284008311,600,1,res_fa4ebd56-fe09-4e12-ab6b-f564242582f3,2012-03-12 16:00:27.208104311,0.0
Case1188,W_Afhandelen leads,res_c475f0b2-f190-4931-b0ab-7a7e8189e241,Role 1,2012-03-12 15:13:40.076563635,599,0,res_c475f0b2-f190-4931-b0ab-7a7e8189e241,2012-03-12 15:10:39.665571635,0.0
Case1188,W_Completeren aanvraag,res_4d8dd482-f3ce-4175-9cd8-f5584cb38f63,Role 1,2012-03-12 16:09:26.152752634,602,1,res_4d8dd482-f3ce-4175-9cd8-f5584cb38f63,2012-03-12 16:06:59.652734635,0.02564102564102564
Case1188,W_Nabellen offertes,res_7b5eefe7-a9c7-4c10-ace5-1fd3772097ff,Role 1,2012-03-13 21:11:16.896581835,591,1,res_7b5eefe7-a9c7-4c10-ace5-1fd3772097ff,2012-03-13 21:09:22.213985835,0.0
Case1189,W_Afhandelen leads,res_554d030c-8ea0-477b-9a72-1469e52cca81,Role 1,2012-03-12 15:21:33.885354230,600,0,res_554d030c-8ea0-477b-9a72-1469e52cca81,2012-03-12 15:18:33.165021230,0.0
Case1189,W_Completeren aanvraag,res_094e34c1-5472-4e50-8ca3-650a6a34e4ec,Role 1,2012-03-12 16:17:05.343288430,603,1,res_094e34c1-5472-4e50-8ca3-650a6a34e4ec,2012-03-12 16:14:38.627752430,0.02564102564102564
Case1189,W_Completeren aanvraag,res_63a2ec71-0edb-4961-a972-295906b733b9,Role 1,2012-03-12 17:43:11.193427830,603,1,res_63a2ec71-0edb-4961-a972-295906b733b9,2012-03-12 17:41:00.271630830,0.0
Case1189,W_Nabellen offertes,res_32a810af-a1e0-4835-afe4-a9e543c58a25,Role 1,2012-03-13 10:41:49.572488930,604,1,res_32a810af-a1e0-4835-afe4-a9e543c58a25,2012-03-13 10:38:27.535948930,0.0
Case119,W_Completeren aanvraag,res_0dd9fb20-75d3-4949-8e8b-38b1e2a52fbf,Role 1,2012-02-15 18:22:23.941703182,562,1,res_0dd9fb20-75d3-4949-8e8b-38b1e2a52fbf,2012-02-15 18:19:50.288105182,0.0
Case119,W_Nabellen offertes,res_32a810af-a1e0-4835-afe4-a9e543c58a25,Role 1,2012-02-15 18:40:14.712951582,563,1,res_32a810af-a1e0-4835-afe4-a9e543c58a25,2012-02-15 18:37:54.240494582,0.0
Case119,W_Nabellen offertes,res_13a07171-afed-4486-9431-2507f9aacd76,Role 1,2012-02-24 06:07:54.465523782,619,1,res_13a07171-afed-4486-9431-2507f9aacd76,2012-02-24 06:05:11.352489782,0.05128205128205128
Case119,W_Nabellen offertes,res_e9f54089-f03e-4dc1-a453-57f4acf2c7fb,Role 1,2012-02-26 10:08:49.541656482,631,1,res_e9f54089-f03e-4dc1-a453-57f4acf2c7fb,2012-02-26 10:07:07.087242482,0.0
Case1190,W_Completeren aanvraag,res_90ea4c98-054c-4dd3-aadb-9d56713379c2,Role 1,2012-03-12 15:29:20.336258310,601,1,res_90ea4c98-054c-4dd3-aadb-9d56713379c2,2012-03-12 15:26:55.880394310,0.0
Case1190,W_Completeren aanvraag,res_a117c367-ca0b-4fb8-9736-c1d7d3de62d1,Role 1,2012-03-12 16:24:33.797811510,603,2,res_a117c367-ca0b-4fb8-9736-c1d7d3de62d1,2012-03-12 16:22:12.102935510,0.02564102564102564
Case1190,W_Completeren aanvraag,res_b48df80a-ad89-4a8c-8f9d-edecf950fdb5,Role 1,2012-03-12 17:49:13.480408510,601,1,res_b48df80a-ad89-4a8c-8f9d-edecf950fdb5,2012-03-12 17:47:05.578931510,0.0
Case1190,W_Completeren aanvraag,res_c05ba8c3-4cba-4513-8bb9-b3faa8713cc7,Role 1,2012-03-12 18:23:49.535232610,603,2,res_c05ba8c3-4cba-4513-8bb9-b3faa8713cc7,2012-03-12 18:22:04.991456610,0.05128205128205128
Case1190,W_Completeren aanvraag,res_ffdbf4b7-c588-487c-b4ec-ae52c332aeda,Role 1,2012-03-12 18:47:08.624227810,604,1,res_ffdbf4b7-c588-487c-b4ec-ae52c332aeda,2012-03-12 18:45:33.738871810,0.0
Case1190,W_Completeren aanvraag,res_554d030c-8ea0-477b-9a72-1469e52cca81,Role 1,2012-03-12 19:09:12.746813609,605,2,res_554d030c-8ea0-477b-9a72-1469e52cca81,2012-03-12 19:07:39.944172609,0.02564102564102564
Case1190,W_Completeren aanvraag,res_ee19d540-6f30-4eb3-abd5-d42bf0a0cc9f,Role 1,2012-03-12 19:30:54.497885910,606,1,res_ee19d540-6f30-4eb3-abd5-d42bf0a0cc9f,2012-03-12 19:29:22.541028910,0.02564102564102564
Case1191,W_Completeren aanvraag,res_a117c367-ca0b-4fb8-9736-c1d7d3de62d1,Role 1,2012-03-12 15:38:42.720822000,601,1,res_a117c367-ca0b-4fb8-9736-c1d7d3de62d1,2012-03-12 15:36:18.035060000,0.0
Case1192,W_Completeren aanvraag,res_094e34c1-5472-4e50-8ca3-650a6a34e4ec,Role 1,2012-03-12 15:48:38.429751724,600,1,res_094e34c1-5472-4e50-8ca3-650a6a34e4ec,2012-03-12 15:46:13.435431724,0.0
Case1192,W_Nabellen offertes,res_c05ba8c3-4cba-4513-8bb9-b3faa8713cc7,Role 1,2012-03-12 16:12:40.747487924,603,2,res_c05ba8c3-4cba-4513-8bb9-b3faa8713cc7,2012-03-12 16:10:21.844404924,0.02564102564102564
Case1193,W_Afhandelen leads,res_fdf1178c-5a31-4f5e-8867-f12efd24326c,Role 1,2012-03-12 15:58:58.160828437,601,0,res_fdf1178c-5a31-4f5e-8867-f12efd24326c,2012-03-12 15:55:57.753901437,0.02564102564102564
Case1193,W_Completeren aanvraag,res_0dcb8a75-60b3-457b-aac5-fe91506450da,Role 1,2012-03-12 16:53:39.286494537,604,1,res_0dcb8a75-60b3-457b-aac5-fe91506450da,2012-03-12 16:51:11.017688537,0.0
Case1194,W_Afhandelen leads,res_a117c367-ca0b-4fb8-9736-c1d7d3de62d1,Role 1,2012-03-12 15:59:09.192780823,602,1,res_a117c367-ca0b-4fb8-9736-c1d7d3de62d1,2012-03-12 15:56:18.910259823,0.05128205128205128
Case1194,W_Completeren aanvraag,res_6d1d995e-4384-448a-9bf8-9fb7d8013316,Role 1,2012-03-12 16:53:51.162377623,604,2,res_6d1d995e-4384-448a-9bf8-9fb7d8013316,2012-03-12 16:51:27.477466623,0.02564102564102564
Case1194,W_Nabellen offertes,res_3835d2af-f74a-47b9-b054-8234859b6abe,Role 1,2012-03-13 23:52:59.986403823,588,1,res_3835d2af-f74a-47b9-b054-8234859b6abe,2012-03-13 23:51:11.011042823,0.0
Case1194,W_Nabellen offertes,res_0dcb8a75-60b3-457b-aac5-fe91506450da,Role 1,2012-03-20 20:18:17.379610323,538,1,res_0dcb8a75-60b3-457b-aac5-fe91506450da,2012-03-20 20:16:03.096833323,0.0
Case1195,W_Afhandelen leads,res_dfa30272-4bc0-4c82-9bd0-6b4169bccece,Role 1,2012-03-12 16:04:03.484415305,602,0,res_dfa30272-4bc0-4c82-9bd0-6b4169bccece,2012-03-12 16:01:00.995038305,0.0
Case1195,W_Completeren aanvraag,res_8f2bf97e-8175-4ba4-882d-f6b7957c1a2c,Role 1,2012-03-12 16:58:37.553536005,603,2,res_8f2bf97e-8175-4ba4-882d-f6b7957c1a2c,2012-03-12 16:56:11.807599005,0.02564102564102564
Case1195,W_Nabellen offertes,res_6d1d995e-4384-448a-9bf8-9fb7d8013316,Role 1,2012-03-13 16:43:08.751866305,595,1,res_6d1d995e-4384-448a-9bf8-9fb7d8013316,2012-03-13 16:41:04.278893305,0.0
Case1196,W_Completeren aanvraag,res_d9a4b451-1c76-46c3-87c6-97373bec81d0,Role 1,2012-03-12 16:07:40.306780939,603,1,res_d9a4b451-1c76-46c3-87c6-97373bec81d0,2012-03-12 16:05:14.871338939,0.0
Case1196,W_Completeren aanvraag,res_e9f54089-f03e-4dc1-a453-57f4acf2c7fb,Role 1,2012-03-12 17:02:11.141542139,601,1,res_e9f54089-f03e-4dc1-a453-57f4acf2c7fb,2012-03-12 16:59:45.787075139,0.0
Case1196,W_Completeren aanvraag,res_e08dd225-6ddd-45bc-b1b2-7c6cf10375f6,Role 1,2012-03-12 18:17:17.074800039,602,1,res_e08dd225-6ddd-45bc-b1b2-7c6cf10375f6,2012-03-12 18:15:07.409613039,0.0
Case1196,W_Completeren aanvraag,res_e08dd225-6ddd-45bc-b1b2-7c6cf10375f6,Role 1,2012-03-12 18:49:46.798362939,605,2,res_e08dd225-6ddd-45bc-b1b2-7c6cf10375f6,2012-03-12 18:48:00.723198939,0.02564102564102564
Case1196,W_Nabellen offertes,res_dfa30272-4bc0-4c82-9bd0-6b4169bccece,Role 1,2012-03-12 21:58:25.801622539,611,1,res_dfa30272-4bc0-4c82-9bd0-6b4169bccece,2012-03-12 21:56:50.178097539,0.0
Case1197,W_Completeren aanvraag,res_3835d2af-f74a-47b9-b054-8234859b6abe,Role 1,2012-03-12 16:18:06.256271787,603,1,res_3835d2af-f74a-47b9-b054-8234859b6abe,2012-03-12 16:15:40.495079787,0.0
Case1197,W_Nabellen offertes,res_3835d2af-f74a-47b9-b054-8234859b6abe,Role 1,2012-03-12 16:41:04.723072087,606,1,res_3835d2af-f74a-47b9-b054-8234859b6abe,2012-03-12 16:38:42.402131087,0.02564102564102564
Case1198,W_Afhandelen leads,res_4d8dd482-f3ce-4175-9cd8-f5584cb38f63,Role 1,2012-03-12 16:23:44.871334380,604,0,res_4d8dd482-f3ce-4175-9cd8-f5584cb38f63,2012-03-12 16:20:41.721325380,0.0
Case1198,W_Completeren aanvraag,res_fe8f604a-4f72-4c5b-9082-2dc751f7d4b9,Role 1,2012-03-12 17:18:10.833444280,603,1,res_fe8f604a-4f72-4c5b-9082-2dc751f7d4b9,2012-03-12 17:15:41.777488280,0.0
Case1198,W_Completeren aanvraag,res_3835d2af-f74a-47b9-b054-8234859b6abe,Role 1,2012-03-12 18:34:07.424494580,604,1,res_3835d2af-f74a-47b9-b054-8234859b6abe,2012-03-12 18:31:56.500495580,0.02564102564102564
Case1198,W_Completeren aanvraag,res_d9486917-858c-4563-bf95-164b83d8a3d8,Role 1,2012-03-12 19:07:44.360283580,606,2,res_d9486917-858c-4563-bf95-164b83d8a3d8,2012-03-12 19:05:57.300418580,0.05128205128205128
Case1199,W_Completeren aanvraag,res_4a606e00-143e-4039-9760-70b3cb78e66a,Role 1,2012-03-12 16:28:13.977251161,605,1,res_4a606e00-143e-4039-9760-70b3cb78e66a,2012-03-12 16:25:47.984799161,0.0
Case1199,W_Completeren aanvraag,res_3835d2af-f74a-47b9-b054-8234859b6abe,Role 1,2012-03-12 17:22:31.143176061,604,2,res_3835d2af-f74a-47b9-b054-8234859b6abe,2012-03-12 17:20:08.273710061,0.02564102564102564
Case12,W_Completeren aanvraag,res_0dcb8a75-60b3-457b-aac5-fe91506450da,Role 1,2012-02-14 08:24:15.746562918,526,1,res_0dcb8a75-60b3-457b-aac5-fe91506450da,2012-02-14 08:21:33.439839918,0.0
Case12,W_Nabellen offertes,res_fa4ebd56-fe09-4e12-ab6b-f564242582f3,Role 1,2012-02-14 09:33:43.967064118,534,1,res_fa4ebd56-fe09-4e12-ab6b-f564242582f3,2012-02-14 09:31:22.723816118,0.0
Case12,W_Nabellen offertes,res_3d71865b-e63e-44f8-a4fd-ece0ef216fef,Role 1,2012-02-21 09:02:41.320973118,617,1,res_3d71865b-e63e-44f8-a4fd-ece0ef216fef,2012-02-21 09:00:58.329436118,0.02564102564102564
Case120,W_Completeren aanvraag,res_fdf1178c-5a31-4f5e-8867-f12efd24326c,Role 1,2012-02-15 18:23:34.567235265,563,2,res_fdf1178c-5a31-4f5e-8867-f12efd24326c,2012-02-15 18:21:07.861419265,0.02564102564102564
Case120,W_Completeren aanvraag,res_13a07171-afed-4486-9431-2507f9aacd76,Role 1,2012-02-15 19:23:25.665265765,563,1,res_13a07171-afed-4486-9431-2507f9aacd76,2012-02-15 19:20:56.016691765,0.0
Case1200,W_Completeren aanvraag,res_32a810af-a1e0-4835-afe4-a9e543c58a25,Role 1,2012-03-12 16:33:28.420196041,606,1,res_32a810af-a1e0-4835-afe4-a9e543c58a25,2012-03-12 16:31:02.307838041,0.0
Case1200,W_Nabellen offertes,res_7b5eefe7-a9c7-4c10-ace5-1fd3772097ff,Role 1,2012-03-12 16:55:58.593775341,603,1,res_7b5eefe7-a9c7-4c10-ace5-1fd3772097ff,2012-03-12 16:53:36.257456341,0.05128205128205128
Case1201,W_Afhandelen leads,res_5423e6a8-eed7-4dc9-b44d-98691c53411e,Role 1,2012-03-12 16:43:05.056517069,605,0,res_5423e6a8-eed7-4dc9-b44d-98691c53411e,2012-03-12 16:40:01.291254069,0.0
Case1201,W_Completeren aanvraag,res_90ea4c98-054c-4dd3-aadb-9d56713379c2,Role 1,2012-03-12 17:37:14.017800469,603,3,res_90ea4c98-054c-4dd3-aadb-9d56713379c2,2012-03-12 17:34:50.162173469,0.05128205128205128
Case1201,W_Completeren aanvraag,res_c77d0074-5613-45fd-a890-6d80edada349,Role 1,2012-03-12 18:50:32.942590469,605,1,res_c77d0074-5613-45fd-a890-6d80edada349,2012-03-12 18:48:24.083204469,0.02564102564102564
Case1201,W_Completeren aanvraag,res_c66fd8c7-ae25-415c-80c1-ac9cc1be7147,Role 1,2012-03-12 19:24:31.767352969,606,2,res_c66fd8c7-ae25-415c-80c1-ac9cc1be7147,2012-03-12 19:22:46.914316969,0.05128205128205128
Case1201,W_Nabellen offertes,res_f8a5c2f7-852b-4750-a5bc-71d8a9f25fcd,Role 1,2012-03-12 22:53:27.612795069,611,1,res_f8a5c2f7-852b-4750-a5bc-71d8a9f25fcd,2012-03-12 22:51:52.511252069,0.02564102564102564
Case1201,W_Nabellen offertes,res_240d458f-f7c5-4593-8aba-741926c2775b,Role 1,2012-03-16 22:41:07.277893169,561,1,res_240d458f-f7c5-4593-8aba-741926c2775b,2012-03-16 22:38:49.307443169,0.0
Case1202,W_Completeren aanvraag,res_dfa30272-4bc0-4c82-9bd0-6b4169bccece,Role 1,2012-03-12 16:57:58.647110247,602,2,res_dfa30272-4bc0-4c82-9bd0-6b4169bccece,2012-03-12 16:55:37.208251247,0.02564102564102564
Case1202,W_Nabellen offertes,res_0dcb8a75-60b3-457b-aac5-fe91506450da,Role 1,2012-03-12 17:19:54.137733847,604,1,res_0dcb8a75-60b3-457b-aac5-fe91506450da,2012-03-12 17:17:33.829916847,0.05128205128205128
Case1202,W_Nabellen offertes,res_ee19d540-6f30-4eb3-abd5-d42bf0a0cc9f,Role 1,2012-03-21 11:39:28.947716247,533,1,res_ee19d540-6f30-4eb3-abd5-d42bf0a0cc9f,2012-03-21 11:37:41.887748247,0.0
Case1202,W_Nabellen offertes,res_f8a5c2f7-852b-4750-a5bc-71d8a9f25fcd,Role 1,2012-03-23 04:48:24.592422747,525,1,res_f8a5c2f7-852b-4750-a5bc-71d8a9f25fcd,2012-03-23 04:37:24.948129747,0.0
Case1202,W_Nabellen offertes,res_6d1d995e-4384-448a-9bf8-9fb7d8013316,Role 1,2012-03-24 19:16:14.004105847,521,1,res_6d1d995e-4384-448a-9bf8-9fb7d8013316,2012-03-24 19:14:29.793672847,0.0
Case1202,W_Nabellen offertes,res_ee19d540-6f30-4eb3-abd5-d42bf0a0cc9f,Role 1,2012-03-26 18:53:29.095059047,521,1,res_ee19d540-6f30-4eb3-abd5-d42bf0a0cc9f,2012-03-26 18:51:45.836153047,0.0
Case1202,W_Nabellen offertes,res_0dd9fb20-75d3-4949-8e8b-38b1e2a52fbf,Role 1,2012-03-28 14:15:01.275775347,521,1,res_0dd9fb20-75d3-4949-8e8b-38b1e2a52fbf,2012-03-28 14:08:41.239001347,0.0
Case1202,W_Nabellen offertes,res_fe8f604a-4f72-4c5b-9082-2dc751f7d4b9,Role 1,2012-03-30 03:47:20.716405847,520,1,res_fe8f604a-4f72-4c5b-9082-2dc751f7d4b9,2012-03-30 03:45:30.326519847,0.0
Case1203,W_Completeren aanvraag,res_03b72214-605a-4b4f-97a5-ea18baa453ee,Role 1,2012-03-12 17:00:49.493025786,603,1,res_03b72214-605a-4b4f-97a5-ea18baa453ee,2012-03-12 16:58:22.429335786,0.0
Case1204,W_Completeren aanvraag,res_094e34c1-5472-4e50-8ca3-650a6a34e4ec,Role 1,2012-03-12 17:08:11.961458621,603,1,res_094e34c1-5472-4e50-8ca3-650a6a34e4ec,2012-03-12 17:05:44.697970621,0.0
Case1204,W_Completeren aanvraag,res_4a606e00-143e-4039-9760-70b3cb78e66a,Role 1,2012-03-12 18:02:19.054671221,603,1,res_4a606e00-143e-4039-9760-70b3cb78e66a,2012-03-12 17:59:52.680075221,0.0
Case1205,W_Completeren aanvraag,res_13a07171-afed-4486-9431-2507f9aacd76,Role 1,2012-03-12 17:14:34.282009034,604,2,res_13a07171-afed-4486-9431-2507f9aacd76,2012-03-12 17:12:12.564541034,0.02564102564102564
Case1205,W_Nabellen offertes,res_554d030c-8ea0-477b-9a72-1469e52cca81,Role 1,2012-03-12 17:35:54.985171634,602,1,res_554d030c-8ea0-477b-9a72-1469e52cca81,2012-03-12 17:33:35.061105634,0.02564102564102564
Case1206,W_Afhandelen leads,res_32a810af-a1e0-4835-afe4-a9e543c58a25,Role 1,2012-03-12 17:20:18.104428540,604,0,res_32a810af-a1e0-4835-afe4-a9e543c58a25,2012-03-12 17:17:16.813123540,0.05128205128205128
Case1206,W_Completeren aanvraag,res_c475f0b2-f190-4931-b0ab-7a7e8189e241,Role 1,2012-03-12 18:14:23.491510640,603,3,res_c475f0b2-f190-4931-b0ab-7a7e8189e241,2012-03-12 18:12:00.373489640,0.07692307692307693
Case1206,W_Completeren aanvraag,res_3038739b-6c1c-42c1-b9ac-27ac6cc55a89,Role 1,2012-03-12 19:34:40.494546840,604,1,res_3038739b-6c1c-42c1-b9ac-27ac6cc55a89,2012-03-12 19:32:31.841629840,0.0
Case1206,W_Completeren aanvraag,res_13a07171-afed-4486-9431-2507f9aacd76,Role 1,2012-03-12 20:18:17.895966140,610,2,res_13a07171-afed-4486-9431-2507f9aacd76,2012-03-12 20:16:32.670480140,0.07692307692307693
Case1206,W_Nabellen offertes,res_c561e158-62af-4d50-bb96-33472303cf4c,Role 1,2012-03-13 03:07:08.246743240,613,1,res_c561e158-62af-4d50-bb96-33472303cf4c,2012-03-13 03:05:14.798543240,0.02564102564102564
Case1206,W_Nabellen offertes,res_4d8dd482-f3ce-4175-9cd8-f5584cb38f63,Role 1,2012-03-15 22:12:07.621443440,570,1,res_4d8dd482-f3ce-4175-9cd8-f5584cb38f63,2012-03-15 22:10:23.050285440,0.0
Case1207,W_Completeren aanvraag,res_5423e6a8-eed7-4dc9-b44d-98691c53411e,Role 1,2012-03-12 17:24:21.802793659,604,2,res_5423e6a8-eed7-4dc9-b44d-98691c53411e,2012-03-12 17:21:59.905347659,0.02564102564102564
Case1208,W_Completeren aanvraag,res_0dcb8a75-60b3-457b-aac5-fe91506450da,Role 1,2012-03-12 17:38:58.578916228,602,2,res_0dcb8a75-60b3-457b-aac5-fe91506450da,2012-03-12 17:36:36.383052228,0.02564102564102564
Case1208,W_Nabellen offertes,res_fe8f604a-4f72-4c5b-9082-2dc751f7d4b9,Role 1,2012-03-12 17:59:50.901981428,603,1,res_fe8f604a-4f72-4c5b-9082-2dc751f7d4b9,2012-03-12 17:57:31.392653428,0.02564102564102564
Case1209,W_Afhandelen leads,res_4d8dd482-f3ce-4175-9cd8-f5584cb38f63,Role 1,2012-03-12 17:46:28.738545752,603,0,res_4d8dd482-f3ce-4175-9cd8-f5584cb38f63,2012-03-12 17:43:23.391089752,0.0
Case1209,W_Completeren aanvraag,res_c77d0074-5613-45fd-a890-6d80edada349,Role 1,2012-03-12 18:40:57.022860951,605,1,res_c77d0074-5613-45fd-a890-6d80edada349,2012-03-12 18:38:26.904257951,0.0
Case121,W_Afhandelen leads,res_d9a4b451-1c76-46c3-87c6-97373bec81d0,Role 1,2012-02-15 19:02:28.407162245,564,0,res_d9a4b451-1c76-46c3-87c6-97373bec81d0,2012-02-15 18:59:14.763016245,0.0
Case121,W_Completeren aanvraag,res_8f2bf97e-8175-4ba4-882d-f6b7957c1a2c,Role 1,2012-02-15 20:04:11.783515945,563,1,res_8f2bf97e-8175-4ba4-882d-f6b7957c1a2c,2012-02-15 20:01:34.970948945,0.0
Case121,W_Completeren aanvraag,res_ee19d540-6f30-4eb3-abd5-d42bf0a0cc9f,Role 1,2012-02-16 01:47:51.711370045,563,1,res_ee19d540-6f30-4eb3-abd5-d42bf0a0cc9f,2012-02-16 01:45:33.047375045,0.0
Case1210,W_Completeren aanvraag,res_fa4ebd56-fe09-4e12-ab6b-f564242582f3,Role 1,2012-03-12 17:51:30.989746568,604,1,res_fa4ebd56-fe09-4e12-ab6b-f564242582f3,2012-03-12 17:49:02.900269568,0.0
Case1211,W_Completeren aanvraag,res_cd5fe8a1-7bca-4ddc-9e04-e32a42150d6e,Role 1,2012-03-12 17:58:23.489705742,604,2,res_cd5fe8a1-7bca-4ddc-9e04-e32a42150d6e,2012-03-12 17:56:01.997654742,0.05128205128205128
Case1212,W_Completeren aanvraag,res_d9486917-858c-4563-bf95-164b83d8a3d8,Role 1,2012-03-12 17:59:29.185099725,605,3,res_d9486917-858c-4563-bf95-164b83d8a3d8,2012-03-12 17:57:11.511403725,0.07692307692307693
Case1212,W_Completeren aanvraag,res_63a2ec71-0edb-4961-a972-295906b733b9,Role 1,2012-03-12 18:53:55.545860525,606,2,res_63a2ec71-0edb-4961-a972-295906b733b9,2012-03-12 18:51:35.840420525,0.02564102564102564
Case1212,W_Nabellen offertes,res_7b5eefe7-a9c7-4c10-ace5-1fd3772097ff,Role 1,2012-03-14 14:32:03.378136625,583,1,res_7b5eefe7-a9c7-4c10-ace5-1fd3772097ff,2012-03-14 14:29:19.684991625,0.0
Case1213,W_Afhandelen leads,res_f8a5c2f7-852b-4750-a5bc-71d8a9f25fcd,Role 1,2012-03-12 18:07:37.707746559,603,0,res_f8a5c2f7-852b-4750-a5bc-71d8a9f25fcd,2012-03-12 18:04:33.780038559,0.02564102564102564
Case1213,W_Completeren aanvraag,res_4a606e00-143e-4039-9760-70b3cb78e66a,Role 1,2012-03-12 19:02:38.128154059,604,1,res_4a606e00-143e-4039-9760-70b3cb78e66a,2012-03-12 19:00:08.231546059,0.0
Case1214,W_Completeren aanvraag,res_0dd9fb20-75d3-4949-8e8b-38b1e2a52fbf,Role 1,2012-03-12 18:13:37.991565071,604,1,res_0dd9fb20-75d3-4949-8e8b-38b1e2a52fbf,2012-03-12 18:11:09.706174071,0.0
Case1215,W_Afhandelen leads,res_d9486917-858c-4563-bf95-164b83d8a3d8,Role 1,2012-03-12 18:23:17.383906012,604,0,res_d9486917-858c-4563-bf95-164b83d8a3d8,2012-03-12 18:20:11.711927012,0.0
Case1215,W_Completeren aanvraag,res_c77d0074-5613-45fd-a890-6d80edada349,Role 1,2012-03-12 19:18:25.552082912,605,1,res_c77d0074-5613-45fd-a890-6d80edada349,2012-03-12 19:15:56.404010912,0.02564102564102564
Case1216,W_Completeren aanvraag,res_a6b7a9b9-8dde-47b4-ba71-c31305bfae5d,Role 1,2012-03-12 18:33:26.739125246,605,1,res_a6b7a9b9-8dde-47b4-ba71-c31305bfae5d,2012-03-12 18:30:58.492026246,0.0
Case1216,W_Nabellen offertes,res_f8a5c2f7-852b-4750-a5bc-71d8a9f25fcd,Role 1,2012-03-12 18:53:21.268559146,605,1,res_f8a5c2f7-852b-4750-a5bc-71d8a9f25fcd,2012-03-12 18:51:00.759872146,0.02564102564102564
Case1217,W_Afhandelen leads,res_c77d0074-5613-45fd-a890-6d80edada349,Role 1,2012-03-12 18:40:16.925210097,605,0,res_c77d0074-5613-45fd-a890-6d80edada349,2012-03-12 18:37:11.246912097,0.0
Case1217,W_Completeren aanvraag,res_7b5eefe7-a9c7-4c10-ace5-1fd3772097ff,Role 1,2012-03-12 19:35:56.626015197,605,1,res_7b5eefe7-a9c7-4c10-ace5-1fd3772097ff,2012-03-12 19:33:26.763797197,0.0
Case1217,W_Completeren aanvraag,res_fdf1178c-5a31-4f5e-8867-f12efd24326c,Role 1,2012-03-12 21:14:50.477267197,611,2,res_fdf1178c-5a31-4f5e-8867-f12efd24326c,2012-03-12 21:12:40.483877197,0.02564102564102564
Case1217,W_Completeren aanvraag,res_ee19d540-6f30-4eb3-abd5-d42bf0a0cc9f,Role 1,2012-03-12 23:40:11.326623597,615,1,res_ee19d540-6f30-4eb3-abd5-d42bf0a0cc9f,2012-03-12 23:38:16.485770597,0.0
Case1218,W_Completeren aanvraag,res_c66fd8c7-ae25-415c-80c1-ac9cc1be7147,Role 1,2012-03-12 18:47:13.716198581,606,1,res_c66fd8c7-ae25-415c-80c1-ac9cc1be7147,2012-03-12 18:44:45.604894581,0.0
Case1219,W_Completeren aanvraag,res_d9a4b451-1c76-46c3-87c6-97373bec81d0,Role 1,2012-03-12 18:53:13.220002783,606,1,res_d9a4b451-1c76-46c3-87c6-97373bec81d0,2012-03-12 18:50:46.270432783,0.02564102564102564
Case1219,W_Nabellen offertes,res_a117c367-ca0b-4fb8-9736-c1d7d3de62d1,Role 1,2012-03-12 19:12:53.228126983,606,1,res_a117c367-ca0b-4fb8-9736-c1d7d3de62d1,2012-03-12 19:10:33.272809983,0.07692307692307693
Case122,W_Completeren aanvraag,res_c475f0b2-f190-4931-b0ab-7a7e8189e241,Role 1,2012-02-15 19:23:00.937719964,563,1,res_c475f0b2-f190-4931-b0ab-7a7e8189e241,2012-02-15 19:20:28.174301964,0.0
Case122,W_Completeren aanvraag,res_c475f0b2-f190-4931-b0ab-7a7e8189e241,Role 1,2012-02-15 20:25:20.140563264,564,1,res_c475f0b2-f190-4931-b0ab-7a7e8189e241,2012-02-15 20:22:47.961493264,0.0
Case122,W_Completeren aanvraag,res_240d458f-f7c5-4593-8aba-741926c2775b,Role 1,2012-02-16 05:07:20.981071764,561,1,res_240d458f-f7c5-4593-8aba-741926c2775b,2012-02-16 05:04:38.384256764,0.0
Case1220,W_Completeren aanvraag,res_fe8f604a-4f72-4c5b-9082-2dc751f7d4b9,Role 1,2012-03-12 18:59:50.455475120,605,2,res_fe8f604a-4f72-4c5b-9082-2dc751f7d4b9,2012-03-12 18:57:28.241242120,0.02564102564102564
Case1220,W_Completeren aanvraag,res_a117c367-ca0b-4fb8-9736-c1d7d3de62d1,Role 1,2012-03-12 19:56:12.307289220,608,1,res_a117c367-ca0b-4fb8-9736-c1d7d3de62d1,2012-03-12 19:53:48.927823220,0.0
Case1220,W_Completeren aanvraag,res_fe8f604a-4f72-4c5b-9082-2dc751f7d4b9,Role 1,2012-03-12 21:30:26.929886219,612,1,res_fe8f604a-4f72-4c5b-9082-2dc751f7d4b9,2012-03-12 21:28:17.667943220,0.02564102564102564
Case1221,W_Afhandelen leads,res_5423e6a8-eed7-4dc9-b44d-98691c53411e,Role 1,2012-03-12 19:01:34.676527641,605,0,res_5423e6a8-eed7-4dc9-b44d-98691c53411e,2012-03-12 18:58:30.702871641,0.02564102564102564
Case1221,W_Completeren aanvraag,res_3038739b-6c1c-42c1-b9ac-27ac6cc55a89,Role 1,2012-03-12 19:57:55.018467241,609,3,res_3038739b-6c1c-42c1-b9ac-27ac6cc55a89,2012-03-12 19:55:31.371358241,0.05128205128205128
Case1222,W_Afhandelen leads,res_fe8f604a-4f72-4c5b-9082-2dc751f7d4b9,Role 1,2012-03-12 19:10:36.225748307,606,0,res_fe8f604a-4f72-4c5b-9082-2dc751f7d4b9,2012-03-12 19:07:30.693733307,0.0
Case1222,W_Completeren aanvraag,res_3d71865b-e63e-44f8-a4fd-ece0ef216fef,Role 1,2012-03-12 20:07:28.307335707,610,1,res_3d71865b-e63e-44f8-a4fd-ece0ef216fef,2012-03-12 20:05:01.414404707,0.07692307692307693
Case1222,W_Completeren aanvraag,res_d9486917-858c-4563-bf95-164b83d8a3d8,Role 1,2012-03-12 21:55:23.526660407,610,1,res_d9486917-858c-4563-bf95-164b83d8a3d8,2012-03-12 21:53:13.055687407,0.0
Case1222,W_Nabellen offertes,res_7b5eefe7-a9c7-4c10-ace5-1fd3772097ff,Role 1,2012-03-14 05:09:11.761936407,585,1,res_7b5eefe7-a9c7-4c10-ace5-1fd3772097ff,2012-03-14 05:07:18.809982407,0.0
Case1222,W_Nabellen offertes,res_094e34c1-5472-4e50-8ca3-650a6a34e4ec,Role 1,2012-03-16 04:16:18.340844707,566,1,res_094e34c1-5472-4e50-8ca3-650a6a34e4ec,2012-03-16 04:14:41.244754707,0.0
Case1222,W_Nabellen offertes,res_5423e6a8-eed7-4dc9-b44d-98691c53411e,Role 1,2012-03-17 21:08:02.146804207,545,1,res_5423e6a8-eed7-4dc9-b44d-98691c53411e,2012-03-17 21:06:15.380193207,0.0
Case1223,W_Completeren aanvraag,res_0dcb8a75-60b3-457b-aac5-fe91506450da,Role 1,2012-03-12 19:18:42.292673773,604,1,res_0dcb8a75-60b3-457b-aac5-fe91506450da,2012-03-12 19:16:14.565464773,0.0
Case1223,W_Completeren aanvraag,res_5423e6a8-eed7-4dc9-b44d-98691c53411e,Role 1,2012-03-12 20:15:47.868415873,609,1,res_5423e6a8-eed7-4dc9-b44d-98691c53411e,2012-03-12 20:13:22.511297873,0.0
Case1224,W_Afhandelen leads,res_8f2bf97e-8175-4ba4-882d-f6b7957c1a2c,Role 1,2012-03-12 19:24:13.526925542,605,0,res_8f2bf97e-8175-4ba4-882d-f6b7957c1a2c,2012-03-12 19:21:09.747036542,0.02564102564102564
Case1224,W_Completeren aanvraag,res_3835d2af-f74a-47b9-b054-8234859b6abe,Role 1,2012-03-12 20:21:38.346944742,609,1,res_3835d2af-f74a-47b9-b054-8234859b6abe,2012-03-12 20:19:09.467190742,0.0
Case1224,W_Completeren aanvraag,res_d9a4b451-1c76-46c3-87c6-97373bec81d0,Role 1,2012-03-12 22:41:10.377247142,611,1,res_d9a4b451-1c76-46c3-87c6-97373bec81d0,2012-03-12 22:38:58.877093142,0.0
Case1224,W_Nabellen offertes,res_4a606e00-143e-4039-9760-70b3cb78e66a,Role 1,2012-03-14 07:39:27.277527442,584,1,res_4a606e00-143e-4039-9760-70b3cb78e66a,2012-03-14 07:37:00.305098442,0.0
Case1224,W_Nabellen offertes,res_c77d0074-5613-45fd-a890-6d80edada349,Role 1,2012-03-16 06:02:33.759427042,566,1,res_c77d0074-5613-45fd-a890-6d80edada349,2012-03-16 06:00:52.356840042,0.0
Case1225,W_Completeren aanvraag,res_13a07171-afed-4486-9431-2507f9aacd76,Role 1,2012-03-12 19:34:25.792931051,606,1,res_13a07171-afed-4486-9431-2507f9aacd76,2012-03-12 19:31:58.542027051,0.0
Case1225,W_Completeren aanvraag,res_e08dd225-6ddd-45bc-b1b2-7c6cf10375f6,Role 1,2012-03-12 20:32:16.708531951,610,1,res_e08dd225-6ddd-45bc-b1b2-7c6cf10375f6,2012-03-12 20:29:51.790560951,0.0
Case1225,W_Completeren aanvraag,res_e9f54089-f03e-4dc1-a453-57f4acf2c7fb,Role 1,2012-03-12 23:08:02.217161351,613,1,res_e9f54089-f03e-4dc1-a453-57f4acf2c7fb,2012-03-12 23:05:51.160552351,0.02564102564102564
Case1225,W_Nabellen offertes,res_3835d2af-f74a-47b9-b054-8234859b6abe,Role 1,2012-03-14 07:10:56.651790251,584,1,res_3835d2af-f74a-47b9-b054-8234859b6abe,2012-03-14 07:08:37.772254251,0.0
Case1225,W_Nabellen offertes,res_fe8f604a-4f72-4c5b-9082-2dc751f7d4b9,Role 1,2012-03-16 03:45:57.960668751,567,1,res_fe8f604a-4f72-4c5b-9082-2dc751f7d4b9,2012-03-16 03:44:19.519948751,0.0
Case1225,W_Nabellen offertes,res_554d030c-8ea0-477b-9a72-1469e52cca81,Role 1,2012-03-17 18:33:53.791109451,547,1,res_554d030c-8ea0-477b-9a72-1469e52cca81,2012-03-17 18:30:38.840610451,0.0
Case1225,W_Nabellen offertes,res_3835d2af-f74a-47b9-b054-8234859b6abe,Role 1,2012-03-19 19:44:03.224208151,541,1,res_3835d2af-f74a-47b9-b054-8234859b6abe,2012-03-19 19:40:44.610060151,0.0
Case1226,W_Completeren aanvraag,res_c66fd8c7-ae25-415c-80c1-ac9cc1be7147,Role 1,2012-03-12 19:42:09.960371909,607,1,res_c66fd8c7-ae25-415c-80c1-ac9cc1be7147,2012-03-12 19:39:42.974465909,0.0
Case1226,W_Nabellen offertes,res_ee19d540-6f30-4eb3-abd5-d42bf0a0cc9f,Role 1,2012-03-12 20:01:54.430579309,609,1,res_ee19d540-6f30-4eb3-abd5-d42bf0a0cc9f,2012-03-12 19:59:36.102627309,0.02564102564102564
Case1226,W_Nabellen offertes,res_03b72214-605a-4b4f-97a5-ea18baa453ee,Role 1,2012-03-20 22:36:29.713784009,537,1,res_03b72214-605a-4b4f-97a5-ea18baa453ee,2012-03-20 22:32:54.369383009,0.0
Case1226,W_Nabellen offertes,res_03b72214-605a-4b4f-97a5-ea18baa453ee,Role 1,2012-03-22 15:22:58.712020809,527,1,res_03b72214-605a-4b4f-97a5-ea18baa453ee,2012-03-22 15:21:21.320095809,0.0
Case1227,W_Completeren aanvraag,res_094e34c1-5472-4e50-8ca3-650a6a34e4ec,Role 1,2012-03-12 19:48:33.556023772,608,1,res_094e34c1-5472-4e50-8ca3-650a6a34e4ec,2012-03-12 19:46:06.811253772,0.0
Case1227,W_Nabellen offertes,res_c77d0074-5613-45fd-a890-6d80edada349,Role 1,2012-03-12 20:08:22.227085872,609,1,res_c77d0074-5613-45fd-a890-6d80edada349,2012-03-12 20:06:04.280952872,0.0
Case1227,W_Nabellen offertes,res_ee19d540-6f30-4eb3-abd5-d42bf0a0cc9f,Role 1,2012-03-20 19:23:21.674629472,538,1,res_ee19d540-6f30-4eb3-abd5-d42bf0a0cc9f,2012-03-20 19:21:16.142827472,0.0
Case1227,W_Nabellen offertes,res_f8a5c2f7-852b-4750-a5bc-71d8a9f25fcd,Role 1,2012-03-22 11:54:26.188892772,529,1,res_f8a5c2f7-852b-4750-a5bc-71d8a9f25fcd,2012-03-22 11:52:43.685037772,0.0
Case1227,W_Nabellen offertes,res_c561e158-62af-4d50-bb96-33472303cf4c,Role 1,2012-03-24 00:24:20.300613072,522,1,res_c561e158-62af-4d50-bb96-33472303cf4c,2012-03-24 00:22:35.458227072,0.0
Case1228,W_Completeren aanvraag,res_a6b7a9b9-8dde-47b4-ba71-c31305bfae5d,Role 1,2012-03-12 19:52:24.627308570,609,2,res_a6b7a9b9-8dde-47b4-ba71-c31305bfae5d,2012-03-12 19:50:03.560978570,0.02564102564102564
Case1228,W_Completeren aanvraag,res_240d458f-f7c5-4593-8aba-741926c2775b,Role 1,2012-03-12 20:51:12.836181670,611,1,res_240d458f-f7c5-4593-8aba-741926c2775b,2012-03-12 20:48:51.299279670,0.02564102564102564
Case1229,W_Afhandelen leads,res_fa4ebd56-fe09-4e12-ab6b-f564242582f3,Role 1,2012-03-12 20:00:54.683175701,609,0,res_fa4ebd56-fe09-4e12-ab6b-f564242582f3,2012-03-12 19:57:50.008308701,0.0
Case1229,W_Completeren aanvraag,res_e08dd225-6ddd-45bc-b1b2-7c6cf10375f6,Role 1,2012-03-12 21:00:24.502064701,611,2,res_e08dd225-6ddd-45bc-b1b2-7c6cf10375f6,2012-03-12 20:57:59.400218701,0.02564102564102564
Case123,W_Completeren aanvraag,res_4a606e00-143e-4039-9760-70b3cb78e66a,Role 1,2012-02-15 19:24:03.684007947,564,2,res_4a606e00-143e-4039-9760-70b3cb78e66a,2012-02-15 19:21:37.688050947,0.02564102564102564
Case1230,W_Afhandelen leads,res_094e34c1-5472-4e50-8ca3-650a6a34e4ec,Role 1,2012-03-12 20:01:06.313090726,610,1,res_094e34c1-5472-4e50-8ca3-650a6a34e4ec,2012-03-12 19:58:12.172112726,0.05128205128205128
Case1230,W_Completeren aanvraag,res_c66fd8c7-ae25-415c-80c1-ac9cc1be7147,Role 1,2012-03-12 21:00:32.198037426,611,3,res_c66fd8c7-ae25-415c-80c1-ac9cc1be7147,2012-03-12 20:58:11.628068426,0.05128205128205128
Case1230,W_Nabellen offertes,res_b48df80a-ad89-4a8c-8f9d-edecf950fdb5,Role 1,2012-03-15 21:27:25.037929826,571,1,res_b48df80a-ad89-4a8c-8f9d-edecf950fdb5,2012-03-15 21:25:26.118176826,0.0
Case1231,W_Completeren aanvraag,res_fa4ebd56-fe09-4e12-ab6b-f564242582f3,Role 1,2012-03-12 20:12:36.998657042,610,2,res_fa4ebd56-fe09-4e12-ab6b-f564242582f3,2012-03-12 20:10:16.525526042,0.02564102564102564
Case1231,W_Completeren aanvraag,res_fe8f604a-4f72-4c5b-9082-2dc751f7d4b9,Role 1,2012-03-12 21:12:34.545750342,612,1,res_fe8f604a-4f72-4c5b-9082-2dc751f7d4b9,2012-03-12 21:10:13.125092342,0.0
Case1232,W_Completeren aanvraag,res_7b5eefe7-a9c7-4c10-ace5-1fd3772097ff,Role 1,2012-03-12 20:24:03.944139586,610,1,res_7b5eefe7-a9c7-4c10-ace5-1fd3772097ff,2012-03-12 20:21:38.566222586,0.0
Case1232,W_Nabellen offertes,res_094e34c1-5472-4e50-8ca3-650a6a34e4ec,Role 1,2012-03-12 20:44:29.281996286,611,2,res_094e34c1-5472-4e50-8ca3-650a6a34e4ec,2012-03-12 20:42:15.212314286,0.02564102564102564
Case1232,W_Nabellen offertes,res_03b72214-605a-4b4f-97a5-ea18baa453ee,Role 1,2012-03-20 16:45:58.785864786,540,1,res_03b72214-605a-4b4f-97a5-ea18baa453ee,2012-03-20 16:44:13.151081786,0.0
Case1233,W_Completeren aanvraag,res_cd5fe8a1-7bca-4ddc-9e04-e32a42150d6e,Role 1,2012-03-12 20:36:21.855245827,611,1,res_cd5fe8a1-7bca-4ddc-9e04-e32a42150d6e,2012-03-12 20:33:57.023874827,0.0
Case1233,W_Completeren aanvraag,res_554d030c-8ea0-477b-9a72-1469e52cca81,Role 1,2012-03-12 21:38:01.205376527,611,2,res_554d030c-8ea0-477b-9a72-1469e52cca81,2012-03-12 21:35:40.966204527,0.02564102564102564
Case1234,W_Afhandelen leads,res_a6b7a9b9-8dde-47b4-ba71-c31305bfae5d,Role 1,2012-03-12 20:45:03.103526434,611,0,res_a6b7a9b9-8dde-47b4-ba71-c31305bfae5d,2012-03-12 20:42:01.605226434,0.02564102564102564
Case1234,W_Completeren aanvraag,res_d9a4b451-1c76-46c3-87c6-97373bec81d0,Role 1,2012-03-12 21:47:12.147571034,610,2,res_d9a4b451-1c76-46c3-87c6-97373bec81d0,2012-03-12 21:44:48.645922034,0.02564102564102564
Case1234,W_Completeren aanvraag,res_fdf1178c-5a31-4f5e-8867-f12efd24326c,Role 1,2012-03-13 02:47:16.805661234,613,1,res_fdf1178c-5a31-4f5e-8867-f12efd24326c,2012-03-13 02:44:56.696209234,0.0
Case1234,W_Nabellen offertes,res_3835d2af-f74a-47b9-b054-8234859b6abe,Role 1,2012-03-13 22:55:56.856141234,589,1,res_3835d2af-f74a-47b9-b054-8234859b6abe,2012-03-13 22:54:16.547792234,0.0
Case1235,W_Completeren aanvraag,res_6d1d995e-4384-448a-9bf8-9fb7d8013316,Role 1,2012-03-12 20:53:26.707689737,611,1,res_6d1d995e-4384-448a-9bf8-9fb7d8013316,2012-03-12 20:51:02.603533737,0.0
Case1235,W_Completeren aanvraag,res_4d8dd482-f3ce-4175-9cd8-f5584cb38f63,Role 1,2012-03-12 21:55:59.577095737,611,1,res_4d8dd482-f3ce-4175-9cd8-f5584cb38f63,2012-03-12 21:53:36.958905737,0.0
Case1235,W_Completeren aanvraag,res_c475f0b2-f190-4931-b0ab-7a7e8189e241,Role 1,2012-03-13 02:49:07.607350037,613,1,res_c475f0b2-f190-4931-b0ab-7a7e8189e241,2012-03-13 02:46:45.425893037,0.0
Case1236,W_Completeren aanvraag,res_fdf1178c-5a31-4f5e-8867-f12efd24326c,Role 1,2012-03-12 21:00:39.595732834,611,1,res_fdf1178c-5a31-4f5e-8867-f12efd24326c,2012-03-12 20:58:15.805157834,0.0
Case1236,W_Completeren aanvraag,res_4a606e00-143e-4039-9760-70b3cb78e66a,Role 1,2012-03-12 22:03:47.272300534,610,1,res_4a606e00-143e-4039-9760-70b3cb78e66a,2012-03-12 22:01:24.834722534,0.0
Case1237,W_Completeren aanvraag,res_3835d2af-f74a-47b9-b054-8234859b6abe,Role 1,2012-03-12 21:01:40.007583180,612,3,res_3835d2af-f74a-47b9-b054-8234859b6abe,2012-03-12 20:59:24.311461180,0.05128205128205128
Case1237,W_Nabellen offertes,res_3038739b-6c1c-42c1-b9ac-27ac6cc55a89,Role 1,2012-03-12 21:23:17.964261280,611,1,res_3038739b-6c1c-42c1-b9ac-27ac6cc55a89,2012-03-12 21:21:06.735696280,0.0
Case1237,W_Nabellen offertes,res_dfa30272-4bc0-4c82-9bd0-6b4169bccece,Role 1,2012-03-20 12:47:03.531344280,540,1,res_dfa30272-4bc0-4c82-9bd0-6b4169bccece,2012-03-20 12:45:23.195939280,0.0
Case1237,W_Nabellen offertes,res_fe8f604a-4f72-4c5b-9082-2dc751f7d4b9,Role 1,2012-03-22 11:06:33.859285480,530,1,res_fe8f604a-4f72-4c5b-9082-2dc751f7d4b9,2012-03-22 11:04:43.081304480,0.0
Case1238,W_Afhandelen leads,res_a117c367-ca0b-4fb8-9736-c1d7d3de62d1,Role 1,2012-03-12 21:16:12.409090877,612,0,res_a117c367-ca0b-4fb8-9736-c1d7d3de62d1,2012-03-12 21:13:10.416883877,0.0
Case1238,W_Completeren aanvraag,res_f8a5c2f7-852b-4750-a5bc-71d8a9f25fcd,Role 1,2012-03-12 22:20:49.477925777,611,1,res_f8a5c2f7-852b-4750-a5bc-71d8a9f25fcd,2012-03-12 22:18:23.965445777,0.0
Case1239,W_Completeren aanvraag,res_c475f0b2-f190-4931-b0ab-7a7e8189e241,Role 1,2012-03-12 21:31:32.969785354,611,1,res_c475f0b2-f190-4931-b0ab-7a7e8189e241,2012-03-12 21:29:10.512576354,0.0
Case1239,W_Nabellen offertes,res_fa4ebd56-fe09-4e12-ab6b-f564242582f3,Role 1,2012-03-12 21:54:51.390176454,611,1,res_fa4ebd56-fe09-4e12-ab6b-f564242582f3,2012-03-12 21:52:35.713477454,0.0
Case124,W_Afhandelen leads,res_c475f0b2-f190-4931-b0ab-7a7e8189e241,Role 1,2012-02-15 20:01:15.758848183,564,0,res_c475f0b2-f190-4931-b0ab-7a7e8189e241,2012-02-15 19:58:03.845084183,0.02564102564102564
Case124,W_Completeren aanvraag,res_4a606e00-143e-4039-9760-70b3cb78e66a,Role 1,2012-02-15 21:04:57.302573383,565,1,res_4a606e00-143e-4039-9760-70b3cb78e66a,2012-02-15 21:02:21.040932383,0.0
Case124,W_Nabellen offertes,res_094e34c1-5472-4e50-8ca3-650a6a34e4ec,Role 1,2012-02-21 03:38:01.658995383,614,1,res_094e34c1-5472-4e50-8ca3-650a6a34e4ec,2012-02-21 03:36:00.119657383,0.05128205128205128
Case1240,W_Afhandelen leads,res_e08dd225-6ddd-45bc-b1b2-7c6cf10375f6,Role 1,2012-03-12 21:47:30.709152333,611,0,res_e08dd225-6ddd-45bc-b1b2-7c6cf10375f6,2012-03-12 21:44:30.310443333,0.0
Case1240,W_Completeren aanvraag,res_3038739b-6c1c-42c1-b9ac-27ac6cc55a89,Role 1,2012-03-12 22:59:06.680170433,613,1,res_3038739b-6c1c-42c1-b9ac-27ac6cc55a89,2012-03-12 22:56:42.203566433,0.0
Case1240,W_Completeren aanvraag,res_6d1d995e-4384-448a-9bf8-9fb7d8013316,Role 1,2012-03-13 06:50:10.493234633,606,1,res_6d1d995e-4384-448a-9bf8-9fb7d8013316,2012-03-13 06:47:31.011317633,0.0
Case1240,W_Nabellen offertes,res_240d458f-f7c5-4593-8aba-741926c2775b,Role 1,2012-03-13 13:46:39.686007433,599,1,res_240d458f-f7c5-4593-8aba-741926c2775b,2012-03-13 13:44:43.673542433,0.0
Case1241,W_Afhandelen leads,res_4a606e00-143e-4039-9760-70b3cb78e66a,Role 1,2012-03-12 22:01:40.189073329,610,0,res_4a606e00-143e-4039-9760-70b3cb78e66a,2012-03-12 21:58:40.594561329,0.0
Case1241,W_Completeren aanvraag,res_c475f0b2-f190-4931-b0ab-7a7e8189e241,Role 1,2012-03-12 23:15:12.668698129,615,1,res_c475f0b2-f190-4931-b0ab-7a7e8189e241,2012-03-12 23:12:48.560321129,0.0
Case1241,W_Completeren aanvraag,res_8f2bf97e-8175-4ba4-882d-f6b7957c1a2c,Role 1,2012-03-13 06:34:35.310443329,606,1,res_8f2bf97e-8175-4ba4-882d-f6b7957c1a2c,2012-03-13 06:31:56.582117329,0.02564102564102564
Case1241,W_Nabellen offertes,res_63a2ec71-0edb-4961-a972-295906b733b9,Role 1,2012-03-13 13:33:45.260938129,601,2,res_63a2ec71-0edb-4961-a972-295906b733b9,2012-03-13 13:31:49.703495129,0.02564102564102564
Case1242,W_Completeren aanvraag,res_a6b7a9b9-8dde-47b4-ba71-c31305bfae5d,Role 1,2012-03-12 22:02:12.663336587,611,1,res_a6b7a9b9-8dde-47b4-ba71-c31305bfae5d,2012-03-12 21:59:52.123201587,0.02564102564102564
Case1242,W_Nabellen offertes,res_c66fd8c7-ae25-415c-80c1-ac9cc1be7147,Role 1,2012-03-12 22:28:09.672069787,611,1,res_c66fd8c7-ae25-415c-80c1-ac9cc1be7147,2012-03-12 22:25:54.050756787,0.0
Case1242,W_Nabellen offertes,res_7b5eefe7-a9c7-4c10-ace5-1fd3772097ff,Role 1,2012-03-20 08:25:01.021947287,540,1,res_7b5eefe7-a9c7-4c10-ace5-1fd3772097ff,2012-03-20 08:23:12.379392287,0.0
Case1242,W_Nabellen offertes,res_ffdbf4b7-c588-487c-b4ec-ae52c332aeda,Role 1,2012-03-22 05:09:49.935833787,531,1,res_ffdbf4b7-c588-487c-b4ec-ae52c332aeda,2012-03-22 05:03:00.397655787,0.0
Case1243,W_Completeren aanvraag,res_6d1d995e-4384-448a-9bf8-9fb7d8013316,Role 1,2012-03-12 22:20:31.922790029,611,1,res_6d1d995e-4384-448a-9bf8-9fb7d8013316,2012-03-12 22:18:11.246392029,0.0
Case1243,W_Completeren aanvraag,res_0dd9fb20-75d3-4949-8e8b-38b1e2a52fbf,Role 1,2012-03-12 23:42:23.320740329,614,1,res_0dd9fb20-75d3-4949-8e8b-38b1e2a52fbf,2012-03-12 23:40:01.558554329,0.0
Case1243,W_Completeren aanvraag,res_7b5eefe7-a9c7-4c10-ace5-1fd3772097ff,Role 1,2012-03-13 07:04:11.606759629,605,1,res_7b5eefe7-a9c7-4c10-ace5-1fd3772097ff,2012-03-13 07:01:33.915761629,0.0
Case1243,W_Completeren aanvraag,res_8f2bf97e-8175-4ba4-882d-f6b7957c1a2c,Role 1,2012-03-13 09:52:07.798457029,605,1,res_8f2bf97e-8175-4ba4-882d-f6b7957c1a2c,2012-03-13 09:49:55.546473029,0.0
Case1244,W_Afhandelen leads,res_d9486917-858c-4563-bf95-164b83d8a3d8,Role 1,2012-03-12 22:32:03.510544363,612,0,res_d9486917-858c-4563-bf95-164b83d8a3d8,2012-03-12 22:29:06.086056363,0.0
Case1244,W_Completeren aanvraag,res_32a810af-a1e0-4835-afe4-a9e543c58a25,Role 1,2012-03-12 23:58:37.373745863,615,1,res_32a810af-a1e0-4835-afe4-a9e543c58a25,2012-03-12 23:56:13.835917863,0.0
Case1244,W_Completeren aanvraag,res_03b72214-605a-4b4f-97a5-ea18baa453ee,Role 1,2012-03-13 06:48:06.892125063,606,2,res_03b72214-605a-4b4f-97a5-ea18baa453ee,2012-03-13 06:45:30.713699063,0.02564102564102564
Case1245,W_Afhandelen leads,res_fa4ebd56-fe09-4e12-ab6b-f564242582f3,Role 1,2012-03-12 22:49:08.794927910,613,0,res_fa4ebd56-fe09-4e12-ab6b-f564242582f3,2012-03-12 22:46:12.673160910,0.0
Case1245,W_Completeren aanvraag,res_7b5eefe7-a9c7-4c10-ace5-1fd3772097ff,Role 1,2012-03-13 00:23:38.118968109,616,1,res_7b5eefe7-a9c7-4c10-ace5-1fd3772097ff,2012-03-13 00:21:12.616827110,0.0
Case1245,W_Nabellen offertes,res_dfa30272-4bc0-4c82-9bd0-6b4169bccece,Role 1,2012-03-17 05:54:30.199946910,553,1,res_dfa30272-4bc0-4c82-9bd0-6b4169bccece,2012-03-17 05:52:37.541303910,0.0
Case1245,W_Nabellen offertes,res_7b5eefe7-a9c7-4c10-ace5-1fd3772097ff,Role 1,2012-03-20 22:42:08.582547410,537,1,res_7b5eefe7-a9c7-4c10-ace5-1fd3772097ff,2012-03-20 22:33:14.020319410,0.0
Case1245,W_Nabellen offertes,res_c77d0074-5613-45fd-a890-6d80edada349,Role 1,2012-03-22 10:30:11.729748610,530,1,res_c77d0074-5613-45fd-a890-6d80edada349,2012-03-22 10:28:25.604945610,0.0
Case1245,W_Nabellen offertes,res_3d71865b-e63e-44f8-a4fd-ece0ef216fef,Role 1,2012-03-23 22:25:27.483350910,523,1,res_3d71865b-e63e-44f8-a4fd-ece0ef216fef,2012-03-23 22:23:49.418362910,0.0
Case1246,W_Afhandelen leads,res_90ea4c98-054c-4dd3-aadb-9d56713379c2,Role 1,2012-03-12 23:00:04.782704517,614,0,res_90ea4c98-054c-4dd3-aadb-9d56713379c2,2012-03-12 22:57:09.527716517,0.0
Case1246,W_Completeren aanvraag,res_240d458f-f7c5-4593-8aba-741926c2775b,Role 1,2012-03-13 00:37:47.461152117,616,1,res_240d458f-f7c5-4593-8aba-741926c2775b,2012-03-13 00:35:22.126783117,0.0
Case1247,W_Afhandelen leads,res_a117c367-ca0b-4fb8-9736-c1d7d3de62d1,Role 1,2012-03-12 23:02:04.040678748,615,1,res_a117c367-ca0b-4fb8-9736-c1d7d3de62d1,2012-03-12 22:59:19.488203748,0.02564102564102564
Case1247,W_Completeren aanvraag,res_c66fd8c7-ae25-415c-80c1-ac9cc1be7147,Role 1,2012-03-13 00:43:25.196656048,616,1,res_c66fd8c7-ae25-415c-80c1-ac9cc1be7147,2012-03-13 00:41:02.782810048,0.02564102564102564
Case1247,W_Nabellen offertes,res_094e34c1-5472-4e50-8ca3-650a6a34e4ec,Role 1,2012-03-17 02:02:18.870708047,556,1,res_094e34c1-5472-4e50-8ca3-650a6a34e4ec,2012-03-17 02:00:25.617822047,0.0
Case1248,W_Completeren aanvraag,res_c05ba8c3-4cba-4513-8bb9-b3faa8713cc7,Role 1,2012-03-12 23:25:49.101479018,615,1,res_c05ba8c3-4cba-4513-8bb9-b3faa8713cc7,2012-03-12 23:23:29.202476018,0.0
Case1249,W_Completeren aanvraag,res_e08dd225-6ddd-45bc-b1b2-7c6cf10375f6,Role 1,2012-03-12 23:40:04.696605201,615,1,res_e08dd225-6ddd-45bc-b1b2-7c6cf10375f6,2012-03-12 23:37:44.523822201,0.0
Case1249,W_Nabellen offertes,res_13a07171-afed-4486-9431-2507f9aacd76,Role 1,2012-03-13 00:28:59.458177901,616,1,res_13a07171-afed-4486-9431-2507f9aacd76,2012-03-13 00:26:43.218404901,0.0
Case1249,W_Nabellen offertes,res_c475f0b2-f190-4931-b0ab-7a7e8189e241,Role 1,2012-03-20 13:03:20.587149901,540,1,res_c475f0b2-f190-4931-b0ab-7a7e8189e241,2012-03-20 13:01:38.559650901,0.0
Case1249,W_Nabellen offertes,res_e9f54089-f03e-4dc1-a453-57f4acf2c7fb,Role 1,2012-03-22 14:32:47.666645000,529,1,res_e9f54089-f03e-4dc1-a453-57f4acf2c7fb,2012-03-22 14:31:12.784993000,0.0
Case125,W_Afhandelen leads,res_c475f0b2-f190-4931-b0ab-7a7e8189e241,Role 1,2012-02-15 20:23:55.736463084,565,0,res_c475f0b2-f190-4931-b0ab-7a7e8189e241,2012-02-15 20:20:42.889249084,0.0
Case125,W_Completeren aanvraag,res_c561e158-62af-4d50-bb96-33472303cf4c,Role 1,2012-02-15 21:28:34.526043483,565,1,res_c561e158-62af-4d50-bb96-33472303cf4c,2012-02-15 21:25:58.269127484,0.0
Case1250,W_Completeren aanvraag,res_6d1d995e-4384-448a-9bf8-9fb7d8013316,Role 1,2012-03-13 00:00:20.370702948,616,1,res_6d1d995e-4384-448a-9bf8-9fb7d8013316,2012-03-12 23:57:59.503260948,0.0
Case1250,W_Nabellen offertes,res_63a2ec71-0edb-4961-a972-295906b733b9,Role 1,2012-03-13 00:37:20.416963148,616,1,res_63a2ec71-0edb-4961-a972-295906b733b9,2012-03-13 00:35:03.891111148,0.0
Case1250,W_Nabellen offertes,res_a6b7a9b9-8dde-47b4-ba71-c31305bfae5d,Role 1,2012-03-20 09:32:53.074383948,540,1,res_a6b7a9b9-8dde-47b4-ba71-c31305bfae5d,2012-03-20 09:31:06.733647948,0.0
Case1250,W_Nabellen offertes,res_90ea4c98-054c-4dd3-aadb-9d56713379c2,Role 1,2012-03-22 04:38:46.040042348,532,1,res_90ea4c98-054c-4dd3-aadb-9d56713379c2,2012-03-22 04:31:30.933706348,0.0
Case1251,W_Completeren aanvraag,res_03b72214-605a-4b4f-97a5-ea18baa453ee,Role 1,2012-03-13 00:02:26.987979089,617,2,res_03b72214-605a-4b4f-97a5-ea18baa453ee,2012-03-13 00:00:12.486085090,0.02564102564102564
Case1252,W_Afhandelen leads,res_63a2ec71-0edb-4961-a972-295906b733b9,Role 1,2012-03-13 00:31:16.687707258,617,0,res_63a2ec71-0edb-4961-a972-295906b733b9,2012-03-13 00:28:27.009647258,0.02564102564102564
Case1252,W_Completeren aanvraag,res_0dcb8a75-60b3-457b-aac5-fe91506450da,Role 1,2012-03-13 02:19:14.647224658,614,1,res_0dcb8a75-60b3-457b-aac5-fe91506450da,2012-03-13 02:16:47.465582658,0.0
Case1253,W_Completeren aanvraag,res_90ea4c98-054c-4dd3-aadb-9d56713379c2,Role 1,2012-03-13 01:02:18.220499000,616,1,res_90ea4c98-054c-4dd3-aadb-9d56713379c2,2012-03-13 01:00:00.000000000,0.0
Case1253,W_Nabellen offertes,res_ffdbf4b7-c588-487c-b4ec-ae52c332aeda,Role 1,2012-03-13 01:55:38.217796800,615,1,res_ffdbf4b7-c588-487c-b4ec-ae52c332aeda,2012-03-13 01:53:12.862911800,0.0
Case126,W_Afhandelen leads,res_3038739b-6c1c-42c1-b9ac-27ac6cc55a89,Role 1,2012-02-16 08:31:13.905943149,560,0,res_3038739b-6c1c-42c1-b9ac-27ac6cc55a89,2012-02-16 08:27:42.263013149,0.0
Case126,W_Completeren aanvraag,res_e08dd225-6ddd-45bc-b1b2-7c6cf10375f6,Role 1,2012-02-16 10:22:55.371969449,571,1,res_e08dd225-6ddd-45bc-b1b2-7c6cf10375f6,2012-02-16 10:20:23.628191449,0.0
Case126,W_Completeren aanvraag,res_fa4ebd56-fe09-4e12-ab6b-f564242582f3,Role 1,2012-02-16 15:21:40.545164149,576,2,res_fa4ebd56-fe09-4e12-ab6b-f564242582f3,2012-02-16 15:19:44.887580149,0.02564102564102564
Case126,W_Completeren aanvraag,res_5423e6a8-eed7-4dc9-b44d-98691c53411e,Role 1,2012-02-16 17:16:13.492220649,574,3,res_5423e6a8-eed7-4dc9-b44d-98691c53411e,2012-02-16 17:14:27.920520649,0.05128205128205128
Case126,W_Nabellen offertes,res_7b5eefe7-a9c7-4c10-ace5-1fd3772097ff,Role 1,2012-02-17 07:15:48.720004749,577,1,res_7b5eefe7-a9c7-4c10-ace5-1fd3772097ff,2012-02-17 07:10:01.350948749,0.0
Case126,W_Nabellen offertes,res_03b72214-605a-4b4f-97a5-ea18baa453ee,Role 1,2012-02-22 10:26:53.842070549,620,1,res_03b72214-605a-4b4f-97a5-ea18baa453ee,2012-02-22 10:25:17.253071549,0.0
Case126,W_Nabellen offertes,res_63a2ec71-0edb-4961-a972-295906b733b9,Role 1,2012-02-24 01:27:28.002077949,608,1,res_63a2ec71-0edb-4961-a972-295906b733b9,2012-02-24 01:18:27.428522949,0.0
Case126,W_Nabellen offertes,res_0dd9fb20-75d3-4949-8e8b-38b1e2a52fbf,Role 1,2012-02-25 16:54:58.148916249,635,1,res_0dd9fb20-75d3-4949-8e8b-38b1e2a52fbf,2012-02-25 16:53:16.568632249,0.0
Case126,W_Nabellen offertes,res_e9f54089-f03e-4dc1-a453-57f4acf2c7fb,Role 1,2012-02-27 23:05:24.655788949,621,1,res_e9f54089-f03e-4dc1-a453-57f4acf2c7fb,2012-02-27 23:03:52.116987949,0.0
Case126,W_Nabellen offertes,res_fa4ebd56-fe09-4e12-ab6b-f564242582f3,Role 1,2012-03-01 10:41:17.458733849,634,1,res_fa4ebd56-fe09-4e12-ab6b-f564242582f3,2012-03-01 10:34:34.817122849,0.0
Case127,W_Completeren aanvraag,res_c05ba8c3-4cba-4513-8bb9-b3faa8713cc7,Role 1,2012-02-16 08:36:46.770819527,561,1,res_c05ba8c3-4cba-4513-8bb9-b3faa8713cc7,2012-02-16 08:33:36.883877527,0.0
Case127,W_Completeren aanvraag,res_d9486917-858c-4563-bf95-164b83d8a3d8,Role 1,2012-02-16 10:27:41.471912026,571,1,res_d9486917-858c-4563-bf95-164b83d8a3d8,2012-02-16 10:25:08.384812026,0.0
Case128,W_Afhandelen leads,res_4a606e00-143e-4039-9760-70b3cb78e66a,Role 1,2012-02-16 08:43:26.490055840,562,0,res_4a606e00-143e-4039-9760-70b3cb78e66a,2012-02-16 08:39:56.690882840,0.02564102564102564
Case128,W_Completeren aanvraag,res_a117c367-ca0b-4fb8-9736-c1d7d3de62d1,Role 1,2012-02-16 10:33:18.032550840,571,1,res_a117c367-ca0b-4fb8-9736-c1d7d3de62d1,2012-02-16 10:30:47.840069840,0.02564102564102564
Case128,W_Nabellen offertes,res_3835d2af-f74a-47b9-b054-8234859b6abe,Role 1,2012-02-18 05:23:14.729349640,594,1,res_3835d2af-f74a-47b9-b054-8234859b6abe,2012-02-18 05:21:22.425681640,0.0
Case129,W_Afhandelen leads,res_3d71865b-e63e-44f8-a4fd-ece0ef216fef,Role 1,2012-02-16 08:49:20.940830580,563,0,res_3d71865b-e63e-44f8-a4fd-ece0ef216fef,2012-02-16 08:45:50.304301580,0.0
Case129,W_Completeren aanvraag,res_f8a5c2f7-852b-4750-a5bc-71d8a9f25fcd,Role 1,2012-02-16 10:38:17.983456980,571,1,res_f8a5c2f7-852b-4750-a5bc-71d8a9f25fcd,2012-02-16 10:35:47.420318980,0.02564102564102564
Case129,W_Nabellen offertes,res_e9f54089-f03e-4dc1-a453-57f4acf2c7fb,Role 1,2012-02-18 08:34:39.907352980,593,1,res_e9f54089-f03e-4dc1-a453-57f4acf2c7fb,2012-02-18 08:32:22.807684980,0.0
Case129,W_Nabellen offertes,res_fe8f604a-4f72-4c5b-9082-2dc751f7d4b9,Role 1,2012-02-23 19:02:20.877898880,619,1,res_fe8f604a-4f72-4c5b-9082-2dc751f7d4b9,2012-02-23 19:00:06.492450880,0.0
Case129,W_Nabellen offertes,res_240d458f-f7c5-4593-8aba-741926c2775b,Role 1,2012-02-25 14:36:46.740632780,634,1,res_240d458f-f7c5-4593-8aba-741926c2775b,2012-02-25 14:35:10.498949780,0.02564102564102564
Case13,W_Completeren aanvraag,res_554d030c-8ea0-477b-9a72-1469e52cca81,Role 1,2012-02-14 08:27:26.098042394,527,1,res_554d030c-8ea0-477b-9a72-1469e52cca81,2012-02-14 08:24:43.847065394,0.0
Case13,W_Nabellen offertes,res_03b72214-605a-4b4f-97a5-ea18baa453ee,Role 1,2012-02-14 09:36:02.845428694,534,1,res_03b72214-605a-4b4f-97a5-ea18baa453ee,2012-02-14 09:33:41.657787694,0.0
Case130,W_Completeren aanvraag,res_90ea4c98-054c-4dd3-aadb-9d56713379c2,Role 1,2012-02-16 08:54:15.190767735,564,1,res_90ea4c98-054c-4dd3-aadb-9d56713379c2,2012-02-16 08:51:06.642231735,0.0
Case130,W_Completeren aanvraag,res_c05ba8c3-4cba-4513-8bb9-b3faa8713cc7,Role 1,2012-02-16 10:42:26.430328135,571,1,res_c05ba8c3-4cba-4513-8bb9-b3faa8713cc7,2012-02-16 10:39:55.075279135,0.02564102564102564
Case130,W_Nabellen offertes,res_63a2ec71-0edb-4961-a972-295906b733b9,Role 1,2012-02-18 07:06:32.065847035,593,1,res_63a2ec71-0edb-4961-a972-295906b733b9,2012-02-18 07:04:32.295307035,0.0
Case130,W_Nabellen offertes,res_03b72214-605a-4b4f-97a5-ea18baa453ee,Role 1,2012-02-23 19:22:46.772575835,617,1,res_03b72214-605a-4b4f-97a5-ea18baa453ee,2012-02-23 19:20:02.485289835,0.0
Case131,W_Afhandelen leads,res_fa4ebd56-fe09-4e12-ab6b-f564242582f3,Role 1,2012-02-16 09:02:04.816641394,565,0,res_fa4ebd56-fe09-4e12-ab6b-f564242582f3,2012-02-16 08:58:34.955540394,0.0
Case131,W_Completeren aanvraag,res_fe8f604a-4f72-4c5b-9082-2dc751f7d4b9,Role 1,2012-02-16 10:48:57.999435294,571,1,res_fe8f604a-4f72-4c5b-9082-2dc751f7d4b9,2012-02-16 10:46:26.912876294,0.0
Case132,W_Completeren aanvraag,res_0dcb8a75-60b3-457b-aac5-fe91506450da,Role 1,2012-02-16 09:06:25.593083513,566,1,res_0dcb8a75-60b3-457b-aac5-fe91506450da,2012-02-16 09:03:18.047764513,0.0
Case132,W_Completeren aanvraag,res_f8a5c2f7-852b-4750-a5bc-71d8a9f25fcd,Role 1,2012-02-16 10:52:36.096140813,570,1,res_f8a5c2f7-852b-4750-a5bc-71d8a9f25fcd,2012-02-16 10:50:04.362049813,0.0
Case133,W_Completeren aanvraag,res_4a606e00-143e-4039-9760-70b3cb78e66a,Role 1,2012-02-16 09:14:51.618396144,567,1,res_4a606e00-143e-4039-9760-70b3cb78e66a,2012-02-16 09:11:44.792920144,0.0
Case133,W_Nabellen offertes,res_c77d0074-5613-45fd-a890-6d80edada349,Role 1,2012-02-16 10:04:47.677603344,571,1,res_c77d0074-5613-45fd-a890-6d80edada349,2012-02-16 10:02:33.530418344,0.0
Case133,W_Nabellen offertes,res_0dcb8a75-60b3-457b-aac5-fe91506450da,Role 1,2012-02-23 21:52:02.754986044,611,1,res_0dcb8a75-60b3-457b-aac5-fe91506450da,2012-02-23 21:46:51.662230044,0.0
Case133,W_Nabellen offertes,res_4d8dd482-f3ce-4175-9cd8-f5584cb38f63,Role 1,2012-02-25 22:40:04.081500544,629,1,res_4d8dd482-f3ce-4175-9cd8-f5584cb38f63,2012-02-25 22:38:19.715330544,0.0
Case134,W_Completeren aanvraag,res_c05ba8c3-4cba-4513-8bb9-b3faa8713cc7,Role 1,2012-02-16 09:23:13.581345224,568,1,res_c05ba8c3-4cba-4513-8bb9-b3faa8713cc7,2012-02-16 09:20:07.508293224,0.0
Case134,W_Nabellen offertes,res_a6b7a9b9-8dde-47b4-ba71-c31305bfae5d,Role 1,2012-02-16 10:12:34.431034624,572,1,res_a6b7a9b9-8dde-47b4-ba71-c31305bfae5d,2012-02-16 10:10:20.623424624,0.02564102564102564
Case135,W_Completeren aanvraag,res_b48df80a-ad89-4a8c-8f9d-edecf950fdb5,Role 1,2012-02-16 09:30:03.968046298,569,1,res_b48df80a-ad89-4a8c-8f9d-edecf950fdb5,2012-02-16 09:26:58.546113298,0.0
Case136,W_Afhandelen leads,res_c77d0074-5613-45fd-a890-6d80edada349,Role 1,2012-02-16 09:31:05.409216795,570,0,res_c77d0074-5613-45fd-a890-6d80edada349,2012-02-16 09:27:38.843938795,0.02564102564102564
Case136,W_Completeren aanvraag,res_a6b7a9b9-8dde-47b4-ba71-c31305bfae5d,Role 1,2012-02-16 11:12:47.662702595,571,1,res_a6b7a9b9-8dde-47b4-ba71-c31305bfae5d,2012-02-16 11:10:18.165265595,0.02564102564102564
Case136,W_Completeren aanvraag,res_ee19d540-6f30-4eb3-abd5-d42bf0a0cc9f,Role 1,2012-02-16 16:06:48.447937995,576,1,res_ee19d540-6f30-4eb3-abd5-d42bf0a0cc9f,2012-02-16 16:04:52.641067995,0.0
Case137,W_Completeren aanvraag,res_a6b7a9b9-8dde-47b4-ba71-c31305bfae5d,Role 1,2012-02-16 09:42:50.384225024,570,1,res_a6b7a9b9-8dde-47b4-ba71-c31305bfae5d,2012-02-16 09:39:46.219689024,0.0
Case137,W_Nabellen offertes,res_c77d0074-5613-45fd-a890-6d80edada349,Role 1,2012-02-16 10:30:52.986892124,571,1,res_c77d0074-5613-45fd-a890-6d80edada349,2012-02-16 10:28:39.768479124,0.0
Case138,W_Completeren aanvraag,res_13a07171-afed-4486-9431-2507f9aacd76,Role 1,2012-02-16 09:55:36.698505750,571,1,res_13a07171-afed-4486-9431-2507f9aacd76,2012-02-16 09:52:33.893264750,0.0
Case138,W_Completeren aanvraag,res_7b5eefe7-a9c7-4c10-ace5-1fd3772097ff,Role 1,2012-02-16 11:32:37.017152550,571,1,res_7b5eefe7-a9c7-4c10-ace5-1fd3772097ff,2012-02-16 11:30:06.609244550,0.0
Case138,W_Completeren aanvraag,res_fdf1178c-5a31-4f5e-8867-f12efd24326c,Role 1,2012-02-16 16:23:23.159226750,576,1,res_fdf1178c-5a31-4f5e-8867-f12efd24326c,2012-02-16 16:21:30.601290750,0.0
Case139,W_Completeren aanvraag,res_3835d2af-f74a-47b9-b054-8234859b6abe,Role 1,2012-02-16 10:08:17.875948289,572,1,res_3835d2af-f74a-47b9-b054-8234859b6abe,2012-02-16 10:05:16.529612289,0.0
Case139,W_Nabellen offertes,res_13a07171-afed-4486-9431-2507f9aacd76,Role 1,2012-02-16 10:54:44.915836789,570,1,res_13a07171-afed-4486-9431-2507f9aacd76,2012-02-16 10:52:32.442296789,0.02564102564102564
Case139,W_Nabellen offertes,res_8f2bf97e-8175-4ba4-882d-f6b7957c1a2c,Role 1,2012-02-24 05:36:58.010596789,619,1,res_8f2bf97e-8175-4ba4-882d-f6b7957c1a2c,2012-02-24 05:35:02.989640789,0.0
Case14,W_Completeren aanvraag,res_c66fd8c7-ae25-415c-80c1-ac9cc1be7147,Role 1,2012-02-14 08:30:18.316842395,528,1,res_c66fd8c7-ae25-415c-80c1-ac9cc1be7147,2012-02-14 08:27:36.120269395,0.0
Case140,W_Afhandelen leads,res_094e34c1-5472-4e50-8ca3-650a6a34e4ec,Role 1,2012-02-16 10:21:22.506512828,571,0,res_094e34c1-5472-4e50-8ca3-650a6a34e4ec,2012-02-16 10:17:59.165959828,0.0
Case140,W_Completeren aanvraag,res_4d8dd482-f3ce-4175-9cd8-f5584cb38f63,Role 1,2012-02-16 11:51:39.345654528,572,1,res_4d8dd482-f3ce-4175-9cd8-f5584cb38f63,2012-02-16 11:49:08.735532528,0.0
Case140,W_Nabellen offertes,res_3d71865b-e63e-44f8-a4fd-ece0ef216fef,Role 1,2012-02-18 17:31:44.077283928,603,1,res_3d71865b-e63e-44f8-a4fd-ece0ef216fef,2012-02-18 17:29:55.626486928,0.02564102564102564
Case141,W_Completeren aanvraag,res_dfa30272-4bc0-4c82-9bd0-6b4169bccece,Role 1,2012-02-16 10:30:17.659381980,571,2,res_dfa30272-4bc0-4c82-9bd0-6b4169bccece,2012-02-16 10:27:28.372744980,0.02564102564102564
Case142,W_Afhandelen leads,res_a117c367-ca0b-4fb8-9736-c1d7d3de62d1,Role 1,2012-02-16 10:31:06.245330454,572,0,res_a117c367-ca0b-4fb8-9736-c1d7d3de62d1,2012-02-16 10:27:46.506766454,0.05128205128205128
Case142,W_Completeren aanvraag,res_ee19d540-6f30-4eb3-abd5-d42bf0a0cc9f,Role 1,2012-02-16 11:59:27.233479254,573,1,res_ee19d540-6f30-4eb3-abd5-d42bf0a0cc9f,2012-02-16 11:56:57.345865254,0.0
Case142,W_Nabellen offertes,res_32a810af-a1e0-4835-afe4-a9e543c58a25,Role 1,2012-02-18 18:42:29.054969154,599,1,res_32a810af-a1e0-4835-afe4-a9e543c58a25,2012-02-18 18:40:41.975729154,0.0
Case143,W_Afhandelen leads,res_8f2bf97e-8175-4ba4-882d-f6b7957c1a2c,Role 1,2012-02-16 10:48:36.625482662,570,0,res_8f2bf97e-8175-4ba4-882d-f6b7957c1a2c,2012-02-16 10:45:16.265120662,0.0
Case143,W_Completeren aanvraag,res_8f2bf97e-8175-4ba4-882d-f6b7957c1a2c,Role 1,2012-02-16 12:13:34.732079162,574,1,res_8f2bf97e-8175-4ba4-882d-f6b7957c1a2c,2012-02-16 12:11:04.100702162,0.0
Case143,W_Completeren aanvraag,res_8f2bf97e-8175-4ba4-882d-f6b7957c1a2c,Role 1,2012-02-16 16:50:09.121354862,576,1,res_8f2bf97e-8175-4ba4-882d-f6b7957c1a2c,2012-02-16 16:48:13.520885862,0.0
Case144,W_Afhandelen leads,res_cd5fe8a1-7bca-4ddc-9e04-e32a42150d6e,Role 1,2012-02-16 11:02:18.031469447,571,0,res_cd5fe8a1-7bca-4ddc-9e04-e32a42150d6e,2012-02-16 10:58:59.348206447,0.0
Case144,W_Completeren aanvraag,res_b48df80a-ad89-4a8c-8f9d-edecf950fdb5,Role 1,2012-02-16 12:24:49.565281447,575,1,res_b48df80a-ad89-4a8c-8f9d-edecf950fdb5,2012-02-16 12:22:18.939471447,0.0
Case144,W_Completeren aanvraag,res_4d8dd482-f3ce-4175-9cd8-f5584cb38f63,Role 1,2012-02-16 16:57:25.274535147,575,1,res_4d8dd482-f3ce-4175-9cd8-f5584cb38f63,2012-02-16 16:55:30.428213147,0.02564102564102564
Case144,W_Completeren aanvraag,res_7b5eefe7-a9c7-4c10-ace5-1fd3772097ff,Role 1,2012-02-16 18:45:06.012150347,576,1,res_7b5eefe7-a9c7-4c10-ace5-1fd3772097ff,2012-02-16 18:43:20.531577347,0.02564102564102564
Case145,W_Completeren aanvraag,res_d9486917-858c-4563-bf95-164b83d8a3d8,Role 1,2012-02-16 11:19:41.088112404,572,1,res_d9486917-858c-4563-bf95-164b83d8a3d8,2012-02-16 11:16:49.255473404,0.0
Case146,W_Afhandelen leads,res_f8a5c2f7-852b-4750-a5bc-71d8a9f25fcd,Role 1,2012-02-16 11:31:08.329353474,572,0,res_f8a5c2f7-852b-4750-a5bc-71d8a9f25fcd,2012-02-16 11:27:53.162148474,0.0
Case146,W_Completeren aanvraag,res_094e34c1-5472-4e50-8ca3-650a6a34e4ec,Role 1,2012-02-16 12:50:18.590828874,576,1,res_094e34c1-5472-4e50-8ca3-650a6a34e4ec,2012-02-16 12:47:47.995164874,0.0
Case147,W_Completeren aanvraag,res_3835d2af-f74a-47b9-b054-8234859b6abe,Role 1,2012-02-16 11:30:57.777898036,573,1,res_3835d2af-f74a-47b9-b054-8234859b6abe,2012-02-16 11:28:08.273833036,0.02564102564102564
Case148,W_Afhandelen leads,res_ffdbf4b7-c588-487c-b4ec-ae52c332aeda,Role 1,2012-02-16 11:48:53.169847519,573,0,res_ffdbf4b7-c588-487c-b4ec-ae52c332aeda,2012-02-16 11:45:40.047078519,0.0
Case148,W_Completeren aanvraag,res_fe8f604a-4f72-4c5b-9082-2dc751f7d4b9,Role 1,2012-02-16 13:05:21.919133819,575,1,res_fe8f604a-4f72-4c5b-9082-2dc751f7d4b9,2012-02-16 13:02:51.367702819,0.0
Case149,W_Afhandelen leads,res_c66fd8c7-ae25-415c-80c1-ac9cc1be7147,Role 1,2012-02-16 12:00:03.942537689,574,0,res_c66fd8c7-ae25-415c-80c1-ac9cc1be7147,2012-02-16 11:56:52.013318689,0.0
Case149,W_Completeren aanvraag,res_d9486917-858c-4563-bf95-164b83d8a3d8,Role 1,2012-02-16 13:14:59.689457189,574,1,res_d9486917-858c-4563-bf95-164b83d8a3d8,2012-02-16 13:12:29.174588189,0.0
Case149,W_Nabellen offertes,res_240d458f-f7c5-4593-8aba-741926c2775b,Role 1,2012-02-19 06:55:33.651980389,590,1,res_240d458f-f7c5-4593-8aba-741926c2775b,2012-02-19 06:53:36.974443389,0.0
Case15,W_Completeren aanvraag,res_4a606e00-143e-4039-9760-70b3cb78e66a,Role 1,2012-02-14 08:33:41.777989157,528,1,res_4a606e00-143e-4039-9760-70b3cb78e66a,2012-02-14 08:30:59.624288157,0.0
Case15,W_Nabellen offertes,res_fe8f604a-4f72-4c5b-9082-2dc751f7d4b9,Role 1,2012-02-14 09:40:38.832975957,533,1,res_fe8f604a-4f72-4c5b-9082-2dc751f7d4b9,2012-02-14 09:38:17.723961957,0.0
Case150,W_Afhandelen leads,res_094e34c1-5472-4e50-8ca3-650a6a34e4ec,Role 1,2012-02-16 12:13:26.615034363,575,0,res_094e34c1-5472-4e50-8ca3-650a6a34e4ec,2012-02-16 12:10:15.954937363,0.0
Case150,W_Completeren aanvraag,res_3038739b-6c1c-42c1-b9ac-27ac6cc55a89,Role 1,2012-02-16 13:26:38.194912663,575,1,res_3038739b-6c1c-42c1-b9ac-27ac6cc55a89,2012-02-16 13:24:07.703955663,0.0
Case151,W_Afhandelen leads,res_dfa30272-4bc0-4c82-9bd0-6b4169bccece,Role 1,2012-02-16 12:31:21.176145144,576,0,res_dfa30272-4bc0-4c82-9bd0-6b4169bccece,2012-02-16 12:28:11.906878144,0.0
Case151,W_Completeren aanvraag,res_5423e6a8-eed7-4dc9-b44d-98691c53411e,Role 1,2012-02-16 13:41:29.271389644,576,1,res_5423e6a8-eed7-4dc9-b44d-98691c53411e,2012-02-16 13:38:58.809180644,0.0
Case151,W_Nabellen offertes,res_0dd9fb20-75d3-4949-8e8b-38b1e2a52fbf,Role 1,2012-02-19 04:46:02.418541244,592,1,res_0dd9fb20-75d3-4949-8e8b-38b1e2a52fbf,2012-02-19 04:44:15.739663244,0.0
Case152,W_Completeren aanvraag,res_fdf1178c-5a31-4f5e-8867-f12efd24326c,Role 1,2012-02-16 12:32:32.377512613,577,1,res_fdf1178c-5a31-4f5e-8867-f12efd24326c,2012-02-16 12:29:50.636550613,0.02564102564102564
Case153,W_Afhandelen leads,res_a6b7a9b9-8dde-47b4-ba71-c31305bfae5d,Role 1,2012-02-16 13:11:21.686000067,575,0,res_a6b7a9b9-8dde-47b4-ba71-c31305bfae5d,2012-02-16 13:08:15.672169067,0.02564102564102564
Case153,W_Completeren aanvraag,res_13a07171-afed-4486-9431-2507f9aacd76,Role 1,2012-02-16 14:18:27.618364767,577,1,res_13a07171-afed-4486-9431-2507f9aacd76,2012-02-16 14:15:57.347280767,0.0
Case154,W_Completeren aanvraag,res_fe8f604a-4f72-4c5b-9082-2dc751f7d4b9,Role 1,2012-02-16 13:31:35.348993388,575,1,res_fe8f604a-4f72-4c5b-9082-2dc751f7d4b9,2012-02-16 13:28:56.845194388,0.0
Case154,W_Completeren aanvraag,res_13a07171-afed-4486-9431-2507f9aacd76,Role 1,2012-02-16 14:36:32.223523888,577,1,res_13a07171-afed-4486-9431-2507f9aacd76,2012-02-16 14:34:05.218704888,0.0
Case155,W_Completeren aanvraag,res_fdf1178c-5a31-4f5e-8867-f12efd24326c,Role 1,2012-02-16 13:31:44.106515224,576,2,res_fdf1178c-5a31-4f5e-8867-f12efd24326c,2012-02-16 13:29:13.971770224,0.02564102564102564
Case155,W_Completeren aanvraag,res_cd5fe8a1-7bca-4ddc-9e04-e32a42150d6e,Role 1,2012-02-16 14:37:03.647934024,578,2,res_cd5fe8a1-7bca-4ddc-9e04-e32a42150d6e,2012-02-16 14:34:47.309178024,0.05128205128205128
Case156,W_Completeren aanvraag,res_63a2ec71-0edb-4961-a972-295906b733b9,Role 1,2012-02-16 13:44:08.336793190,577,1,res_63a2ec71-0edb-4961-a972-295906b733b9,2012-02-16 13:41:30.414531190,0.0
Case156,W_Completeren aanvraag,res_c475f0b2-f190-4931-b0ab-7a7e8189e241,Role 1,2012-02-16 14:48:50.496780090,576,1,res_c475f0b2-f190-4931-b0ab-7a7e8189e241,2012-02-16 14:46:23.600676090,0.0
Case157,W_Afhandelen leads,res_3d71865b-e63e-44f8-a4fd-ece0ef216fef,Role 1,2012-02-16 14:04:29.913292277,577,0,res_3d71865b-e63e-44f8-a4fd-ece0ef216fef,2012-02-16 14:01:22.222720277,0.0
Case157,W_Completeren aanvraag,res_dfa30272-4bc0-4c82-9bd0-6b4169bccece,Role 1,2012-02-16 15:08:02.040049277,576,2,res_dfa30272-4bc0-4c82-9bd0-6b4169bccece,2012-02-16 15:05:34.912168277,0.02564102564102564
Case158,W_Completeren aanvraag,res_e9f54089-f03e-4dc1-a453-57f4acf2c7fb,Role 1,2012-02-16 14:17:55.632381348,577,1,res_e9f54089-f03e-4dc1-a453-57f4acf2c7fb,2012-02-16 14:15:18.402599348,0.0
Case158,W_Nabellen offertes,res_63a2ec71-0edb-4961-a972-295906b733b9,Role 1,2012-02-16 14:51:32.306160048,576,1,res_63a2ec71-0edb-4961-a972-295906b733b9,2012-02-16 14:49:23.351937048,0.02564102564102564
Case159,W_Afhandelen leads,res_a6b7a9b9-8dde-47b4-ba71-c31305bfae5d,Role 1,2012-02-16 14:32:08.242479134,578,0,res_a6b7a9b9-8dde-47b4-ba71-c31305bfae5d,2012-02-16 14:29:01.485685134,0.02564102564102564
Case159,W_Completeren aanvraag,res_a6b7a9b9-8dde-47b4-ba71-c31305bfae5d,Role 1,2012-02-16 15:34:28.723832134,576,1,res_a6b7a9b9-8dde-47b4-ba71-c31305bfae5d,2012-02-16 15:31:57.717170134,0.0
Case159,W_Nabellen offertes,res_03b72214-605a-4b4f-97a5-ea18baa453ee,Role 1,2012-02-19 14:20:42.032409134,589,1,res_03b72214-605a-4b4f-97a5-ea18baa453ee,2012-02-19 14:14:54.009408134,0.0
Case16,W_Completeren aanvraag,res_63a2ec71-0edb-4961-a972-295906b733b9,Role 1,2012-02-14 08:37:33.417838767,529,1,res_63a2ec71-0edb-4961-a972-295906b733b9,2012-02-14 08:34:51.336784767,0.0
Case16,W_Completeren aanvraag,res_4d8dd482-f3ce-4175-9cd8-f5584cb38f63,Role 1,2012-02-14 11:03:57.283037567,535,1,res_4d8dd482-f3ce-4175-9cd8-f5584cb38f63,2012-02-14 11:01:37.457449567,0.02564102564102564
Case16,W_Nabellen offertes,res_b48df80a-ad89-4a8c-8f9d-edecf950fdb5,Role 1,2012-02-15 06:56:35.337573667,540,2,res_b48df80a-ad89-4a8c-8f9d-edecf950fdb5,2012-02-15 06:53:47.185952667,0.02564102564102564
Case160,W_Completeren aanvraag,res_a6b7a9b9-8dde-47b4-ba71-c31305bfae5d,Role 1,2012-02-16 14:31:49.324349707,579,3,res_a6b7a9b9-8dde-47b4-ba71-c31305bfae5d,2012-02-16 14:29:27.679271707,0.10256410256410256
Case161,W_Afhandelen leads,res_0dd9fb20-75d3-4949-8e8b-38b1e2a52fbf,Role 1,2012-02-16 14:47:32.718543662,576,0,res_0dd9fb20-75d3-4949-8e8b-38b1e2a52fbf,2012-02-16 14:44:25.313334662,0.02564102564102564
Case161,W_Completeren aanvraag,res_0dd9fb20-75d3-4949-8e8b-38b1e2a52fbf,Role 1,2012-02-16 15:49:10.991899462,577,1,res_0dd9fb20-75d3-4949-8e8b-38b1e2a52fbf,2012-02-16 15:46:39.705270462,0.0
Case162,W_Completeren aanvraag,res_90ea4c98-054c-4dd3-aadb-9d56713379c2,Role 1,2012-02-16 15:01:01.979475647,576,1,res_90ea4c98-054c-4dd3-aadb-9d56713379c2,2012-02-16 14:58:24.515550647,0.0
Case162,W_Completeren aanvraag,res_3038739b-6c1c-42c1-b9ac-27ac6cc55a89,Role 1,2012-02-16 16:02:18.278943547,576,1,res_3038739b-6c1c-42c1-b9ac-27ac6cc55a89,2012-02-16 15:59:50.710790547,0.0
Case163,W_Completeren aanvraag,res_d9486917-858c-4563-bf95-164b83d8a3d8,Role 1,2012-02-16 15:19:49.677055937,576,1,res_d9486917-858c-4563-bf95-164b83d8a3d8,2012-02-16 15:17:11.847218937,0.0
Case163,W_Completeren aanvraag,res_5423e6a8-eed7-4dc9-b44d-98691c53411e,Role 1,2012-02-16 16:20:53.996481337,576,1,res_5423e6a8-eed7-4dc9-b44d-98691c53411e,2012-02-16 16:18:26.032001337,0.0
Case163,W_Nabellen offertes,res_8f2bf97e-8175-4ba4-882d-f6b7957c1a2c,Role 1,2012-02-19 20:08:10.579680637,587,1,res_8f2bf97e-8175-4ba4-882d-f6b7957c1a2c,2012-02-19 20:06:20.461198637,0.0
Case163,W_Nabellen offertes,res_fe8f604a-4f72-4c5b-9082-2dc751f7d4b9,Role 1,2012-02-24 15:20:20.536093137,622,1,res_fe8f604a-4f72-4c5b-9082-2dc751f7d4b9,2012-02-24 15:18:44.494469137,0.0
Case163,W_Nabellen offertes,res_c66fd8c7-ae25-415c-80c1-ac9cc1be7147,Role 1,2012-02-26 15:37:08.538665437,631,1,res_c66fd8c7-ae25-415c-80c1-ac9cc1be7147,2012-02-26 15:35:39.389877437,0.0
Case164,W_Afhandelen leads,res_c66fd8c7-ae25-415c-80c1-ac9cc1be7147,Role 1,2012-02-16 15:32:37.539469903,577,0,res_c66fd8c7-ae25-415c-80c1-ac9cc1be7147,2012-02-16 15:29:28.289979903,0.02564102564102564
Case164,W_Completeren aanvraag,res_4a606e00-143e-4039-9760-70b3cb78e66a,Role 1,2012-02-16 16:33:37.073121003,574,1,res_4a606e00-143e-4039-9760-70b3cb78e66a,2012-02-16 16:31:04.915816003,0.0
Case164,W_Completeren aanvraag,res_0dcb8a75-60b3-457b-aac5-fe91506450da,Role 1,2012-02-16 18:45:18.836866003,576,1,res_0dcb8a75-60b3-457b-aac5-fe91506450da,2012-02-16 18:43:22.162246003,0.0
Case164,W_Completeren aanvraag,res_90ea4c98-054c-4dd3-aadb-9d56713379c2,Role 1,2012-02-16 20:16:06.541053603,580,1,res_90ea4c98-054c-4dd3-aadb-9d56713379c2,2012-02-16 20:14:19.994155603,0.0
Case164,W_Nabellen offertes,res_3038739b-6c1c-42c1-b9ac-27ac6cc55a89,Role 1,2012-02-17 13:58:56.047146103,590,1,res_3038739b-6c1c-42c1-b9ac-27ac6cc55a89,2012-02-17 13:57:06.654620103,0.02564102564102564
Case165,W_Afhandelen leads,res_fdf1178c-5a31-4f5e-8867-f12efd24326c,Role 1,2012-02-16 15:33:29.484206512,578,1,res_fdf1178c-5a31-4f5e-8867-f12efd24326c,2012-02-16 15:30:27.729272512,0.05128205128205128
Case165,W_Completeren aanvraag,res_fdf1178c-5a31-4f5e-8867-f12efd24326c,Role 1,2012-02-16 16:34:24.983262412,574,2,res_fdf1178c-5a31-4f5e-8867-f12efd24326c,2012-02-16 16:31:58.697957412,0.02564102564102564
Case165,W_Completeren aanvraag,res_0dcb8a75-60b3-457b-aac5-fe91506450da,Role 1,2012-02-16 19:11:18.720095312,578,1,res_0dcb8a75-60b3-457b-aac5-fe91506450da,2012-02-16 19:09:24.708025312,0.0
Case165,W_Completeren aanvraag,res_d9a4b451-1c76-46c3-87c6-97373bec81d0,Role 1,2012-02-16 21:45:14.681464412,578,1,res_d9a4b451-1c76-46c3-87c6-97373bec81d0,2012-02-16 21:43:28.446064412,0.0
Case165,W_Nabellen offertes,res_13a07171-afed-4486-9431-2507f9aacd76,Role 1,2012-02-17 16:53:02.475918312,596,1,res_13a07171-afed-4486-9431-2507f9aacd76,2012-02-17 16:51:18.675762312,0.02564102564102564
Case165,W_Nabellen offertes,res_13a07171-afed-4486-9431-2507f9aacd76,Role 1,2012-02-19 15:57:23.316366212,589,1,res_13a07171-afed-4486-9431-2507f9aacd76,2012-02-19 15:50:56.319746212,0.0
Case166,W_Afhandelen leads,res_dfa30272-4bc0-4c82-9bd0-6b4169bccece,Role 1,2012-02-16 15:52:24.737054528,576,0,res_dfa30272-4bc0-4c82-9bd0-6b4169bccece,2012-02-16 15:49:13.046049528,0.0
Case166,W_Completeren aanvraag,res_90ea4c98-054c-4dd3-aadb-9d56713379c2,Role 1,2012-02-16 16:53:22.583050428,576,1,res_90ea4c98-054c-4dd3-aadb-9d56713379c2,2012-02-16 16:50:49.721866428,0.0
Case167,W_Afhandelen leads,res_f8a5c2f7-852b-4750-a5bc-71d8a9f25fcd,Role 1,2012-02-16 16:10:37.488609508,576,0,res_f8a5c2f7-852b-4750-a5bc-71d8a9f25fcd,2012-02-16 16:07:25.117120508,0.0
Case167,W_Completeren aanvraag,res_094e34c1-5472-4e50-8ca3-650a6a34e4ec,Role 1,2012-02-16 17:11:43.687193208,575,1,res_094e34c1-5472-4e50-8ca3-650a6a34e4ec,2012-02-16 17:09:10.420270208,0.0
Case167,W_Completeren aanvraag,res_ee19d540-6f30-4eb3-abd5-d42bf0a0cc9f,Role 1,2012-02-16 19:55:03.580627608,581,3,res_ee19d540-6f30-4eb3-abd5-d42bf0a0cc9f,2012-02-16 19:53:10.373822608,0.07692307692307693
Case167,W_Nabellen offertes,res_8f2bf97e-8175-4ba4-882d-f6b7957c1a2c,Role 1,2012-02-18 12:21:06.226261408,593,1,res_8f2bf97e-8175-4ba4-882d-f6b7957c1a2c,2012-02-18 12:19:00.946468408,0.0
Case167,W_Nabellen offertes,res_c66fd8c7-ae25-415c-80c1-ac9cc1be7147,Role 1,2012-02-22 03:18:20.320508108,627,1,res_c66fd8c7-ae25-415c-80c1-ac9cc1be7147,2012-02-22 03:16:37.317665108,0.02564102564102564
Case168,W_Completeren aanvraag,res_0dd9fb20-75d3-4949-8e8b-38b1e2a52fbf,Role 1,2012-02-16 16:31:53.931528538,575,1,res_0dd9fb20-75d3-4949-8e8b-38b1e2a52fbf,2012-02-16 16:29:13.789003538,0.0
Case168,W_Completeren aanvraag,res_4d8dd482-f3ce-4175-9cd8-f5584cb38f63,Role 1,2012-02-16 17:33:18.248142738,575,1,res_4d8dd482-f3ce-4175-9cd8-f5584cb38f63,2012-02-16 17:30:48.191281738,0.0
Case168,W_Nabellen offertes,res_7b5eefe7-a9c7-4c10-ace5-1fd3772097ff,Role 1,2012-02-20 22:28:15.106656538,605,1,res_7b5eefe7-a9c7-4c10-ace5-1fd3772097ff,2012-02-20 22:26:08.626227538,0.02564102564102564
Case168,W_Nabellen offertes,res_fdf1178c-5a31-4f5e-8867-f12efd24326c,Role 1,2012-02-24 13:36:17.675898438,624,1,res_fdf1178c-5a31-4f5e-8867-f12efd24326c,2012-02-24 13:34:41.351737438,0.0
Case168,W_Nabellen offertes,res_c05ba8c3-4cba-4513-8bb9-b3faa8713cc7,Role 1,2012-02-26 12:32:38.135534938,631,1,res_c05ba8c3-4cba-4513-8bb9-b3faa8713cc7,2012-02-26 12:31:06.353641938,0.0
Case168,W_Nabellen offertes,res_a6b7a9b9-8dde-47b4-ba71-c31305bfae5d,Role 1,2012-02-29 05:00:27.631507338,644,1,res_a6b7a9b9-8dde-47b4-ba71-c31305bfae5d,2012-02-29 04:58:01.928387338,0.0
Case169,W_Afhandelen leads,res_d9486917-858c-4563-bf95-164b83d8a3d8,Role 1,2012-02-16 16:35:25.313255364,576,0,res_d9486917-858c-4563-bf95-164b83d8a3d8,2012-02-16 16:32:12.106881364,0.0
Case169,W_Completeren aanvraag,res_7b5eefe7-a9c7-4c10-ace5-1fd3772097ff,Role 1,2012-02-16 17:36:59.066460364,576,1,res_7b5eefe7-a9c7-4c10-ace5-1fd3772097ff,2012-02-16 17:34:26.282071364,0.02564102564102564
Case169,W_Completeren aanvraag,res_d9a4b451-1c76-46c3-87c6-97373bec81d0,Role 1,2012-02-16 20:20:25.173171564,579,1,res_d9a4b451-1c76-46c3-87c6-97373bec81d0,2012-02-16 20:18:26.861832564,0.0
Case169,W_Nabellen offertes,res_fa4ebd56-fe09-4e12-ab6b-f564242582f3,Role 1,2012-02-18 12:46:18.620397264,593,1,res_fa4ebd56-fe09-4e12-ab6b-f564242582f3,2012-02-18 12:44:21.290709264,0.0
Case169,W_Nabellen offertes,res_c05ba8c3-4cba-4513-8bb9-b3faa8713cc7,Role 1,2012-02-21 21:53:45.098471664,620,1,res_c05ba8c3-4cba-4513-8bb9-b3faa8713cc7,2012-02-21 21:50:32.408792664,0.0
Case169,W_Nabellen offertes,res_8f2bf97e-8175-4ba4-882d-f6b7957c1a2c,Role 1,2012-02-23 10:45:06.241699764,623,1,res_8f2bf97e-8175-4ba4-882d-f6b7957c1a2c,2012-02-23 10:43:33.149397764,0.0
Case169,W_Nabellen offertes,res_4d8dd482-f3ce-4175-9cd8-f5584cb38f63,Role 1,2012-02-25 01:52:50.075498264,619,1,res_4d8dd482-f3ce-4175-9cd8-f5584cb38f63,2012-02-25 01:39:34.175348264,0.0
Case169,W_Nabellen offertes,res_cd5fe8a1-7bca-4ddc-9e04-e32a42150d6e,Role 1,2012-02-26 21:14:39.598096563,627,1,res_cd5fe8a1-7bca-4ddc-9e04-e32a42150d6e,2012-02-26 21:12:55.336429564,0.0
Case17,W_Completeren aanvraag,res_dfa30272-4bc0-4c82-9bd0-6b4169bccece,Role 1,2012-02-14 08:39:47.850977096,530,2,res_dfa30272-4bc0-4c82-9bd0-6b4169bccece,2012-02-14 08:37:09.356837096,0.02564102564102564
Case170,W_Afhandelen leads,res_90ea4c98-054c-4dd3-aadb-9d56713379c2,Role 1,2012-02-16 17:31:42.699054412,576,0,res_90ea4c98-054c-4dd3-aadb-9d56713379c2,2012-02-16 17:28:28.057212412,0.0
Case170,W_Completeren aanvraag,res_5423e6a8-eed7-4dc9-b44d-98691c53411e,Role 1,2012-02-16 18:35:28.668924412,576,2,res_5423e6a8-eed7-4dc9-b44d-98691c53411e,2012-02-16 18:32:56.995779412,0.02564102564102564
Case170,W_Nabellen offertes,res_5423e6a8-eed7-4dc9-b44d-98691c53411e,Role 1,2012-02-22 16:25:44.590536512,616,1,res_5423e6a8-eed7-4dc9-b44d-98691c53411e,2012-02-22 16:23:19.621763512,0.0
Case170,W_Nabellen offertes,res_e08dd225-6ddd-45bc-b1b2-7c6cf10375f6,Role 1,2012-02-25 18:08:22.427839712,634,1,res_e08dd225-6ddd-45bc-b1b2-7c6cf10375f6,2012-02-25 18:06:39.063186712,0.02564102564102564
Case171,W_Afhandelen leads,res_13a07171-afed-4486-9431-2507f9aacd76,Role 1,2012-02-16 17:37:19.264462315,577,0,res_13a07171-afed-4486-9431-2507f9aacd76,2012-02-16 17:34:04.544055315,0.0
Case171,W_Completeren aanvraag,res_240d458f-f7c5-4593-8aba-741926c2775b,Role 1,2012-02-16 18:41:25.678673015,578,1,res_240d458f-f7c5-4593-8aba-741926c2775b,2012-02-16 18:38:52.615230015,0.05128205128205128
Case171,W_Nabellen offertes,res_fe8f604a-4f72-4c5b-9082-2dc751f7d4b9,Role 1,2012-02-22 20:29:16.706092715,611,1,res_fe8f604a-4f72-4c5b-9082-2dc751f7d4b9,2012-02-22 20:25:48.966235715,0.0
Case172,W_Afhandelen leads,res_fdf1178c-5a31-4f5e-8867-f12efd24326c,Role 1,2012-02-16 18:08:39.678074771,576,0,res_fdf1178c-5a31-4f5e-8867-f12efd24326c,2012-02-16 18:05:24.437614771,0.0
Case172,W_Completeren aanvraag,res_e9f54089-f03e-4dc1-a453-57f4acf2c7fb,Role 1,2012-02-16 19:14:32.616783571,579,1,res_e9f54089-f03e-4dc1-a453-57f4acf2c7fb,2012-02-16 19:11:58.003680571,0.02564102564102564
Case172,W_Completeren aanvraag,res_f8a5c2f7-852b-4750-a5bc-71d8a9f25fcd,Role 1,2012-02-17 02:42:10.483442171,577,1,res_f8a5c2f7-852b-4750-a5bc-71d8a9f25fcd,2012-02-17 02:40:08.009573171,0.0
Case172,W_Completeren aanvraag,res_0dd9fb20-75d3-4949-8e8b-38b1e2a52fbf,Role 1,2012-02-17 11:56:23.780389471,588,1,res_0dd9fb20-75d3-4949-8e8b-38b1e2a52fbf,2012-02-17 11:54:36.671047471,0.0
Case172,W_Completeren aanvraag,res_240d458f-f7c5-4593-8aba-741926c2775b,Role 1,2012-02-17 14:56:22.151848171,592,1,res_240d458f-f7c5-4593-8aba-741926c2775b,2012-02-17 14:54:33.560256171,0.0
Case173,W_Afhandelen leads,res_3835d2af-f74a-47b9-b054-8234859b6abe,Role 1,2012-02-16 18:33:57.131276749,577,0,res_3835d2af-f74a-47b9-b054-8234859b6abe,2012-02-16 18:30:41.650744749,0.0
Case173,W_Completeren aanvraag,res_63a2ec71-0edb-4961-a972-295906b733b9,Role 1,2012-02-16 19:41:34.601831149,581,2,res_63a2ec71-0edb-4961-a972-295906b733b9,2012-02-16 19:39:02.900291149,0.05128205128205128
Case173,W_Nabellen offertes,res_d9486917-858c-4563-bf95-164b83d8a3d8,Role 1,2012-02-23 18:17:28.138548249,618,1,res_d9486917-858c-4563-bf95-164b83d8a3d8,2012-02-23 18:15:11.195056249,0.0
Case174,W_Afhandelen leads,res_ee19d540-6f30-4eb3-abd5-d42bf0a0cc9f,Role 1,2012-02-16 18:34:29.998933609,578,1,res_ee19d540-6f30-4eb3-abd5-d42bf0a0cc9f,2012-02-16 18:31:20.941124609,0.02564102564102564
Case174,W_Completeren aanvraag,res_fe8f604a-4f72-4c5b-9082-2dc751f7d4b9,Role 1,2012-02-16 19:41:52.619000809,581,4,res_fe8f604a-4f72-4c5b-9082-2dc751f7d4b9,2012-02-16 19:39:31.184080809,0.10256410256410256
Case174,W_Nabellen offertes,res_4d8dd482-f3ce-4175-9cd8-f5584cb38f63,Role 1,2012-02-24 00:35:36.301209009,608,1,res_4d8dd482-f3ce-4175-9cd8-f5584cb38f63,2012-02-24 00:32:27.044552009,0.0
Case175,W_Afhandelen leads,res_240d458f-f7c5-4593-8aba-741926c2775b,Role 1,2012-02-16 19:08:36.643313417,579,0,res_240d458f-f7c5-4593-8aba-741926c2775b,2012-02-16 19:05:21.018540417,0.0
Case175,W_Completeren aanvraag,res_a117c367-ca0b-4fb8-9736-c1d7d3de62d1,Role 1,2012-02-16 20:18:32.479085716,579,1,res_a117c367-ca0b-4fb8-9736-c1d7d3de62d1,2012-02-16 20:15:56.228767717,0.0
Case176,W_Afhandelen leads,res_0dcb8a75-60b3-457b-aac5-fe91506450da,Role 1,2012-02-16 19:34:36.176098168,580,0,res_0dcb8a75-60b3-457b-aac5-fe91506450da,2012-02-16 19:31:20.544387168,0.0
Case176,W_Completeren aanvraag,res_554d030c-8ea0-477b-9a72-1469e52cca81,Role 1,2012-02-16 20:46:19.054862368,579,1,res_554d030c-8ea0-477b-9a72-1469e52cca81,2012-02-16 20:43:42.644074368,0.0
Case176,W_Nabellen offertes,res_a6b7a9b9-8dde-47b4-ba71-c31305bfae5d,Role 1,2012-02-24 05:51:27.475482768,620,1,res_a6b7a9b9-8dde-47b4-ba71-c31305bfae5d,2012-02-24 05:49:35.906034768,0.0
Case177,W_Completeren aanvraag,res_3835d2af-f74a-47b9-b054-8234859b6abe,Role 1,2012-02-16 19:34:23.767850192,581,1,res_3835d2af-f74a-47b9-b054-8234859b6abe,2012-02-16 19:31:42.708191192,0.02564102564102564
Case177,W_Nabellen offertes,res_c561e158-62af-4d50-bb96-33472303cf4c,Role 1,2012-02-16 19:54:48.302205892,580,1,res_c561e158-62af-4d50-bb96-33472303cf4c,2012-02-16 19:52:32.568273892,0.02564102564102564
Case178,W_Completeren aanvraag,res_554d030c-8ea0-477b-9a72-1469e52cca81,Role 1,2012-02-16 19:55:12.611128612,581,1,res_554d030c-8ea0-477b-9a72-1469e52cca81,2012-02-16 19:52:31.940781612,0.02564102564102564
Case179,W_Completeren aanvraag,res_7b5eefe7-a9c7-4c10-ace5-1fd3772097ff,Role 1,2012-02-16 20:19:26.118778795,579,1,res_7b5eefe7-a9c7-4c10-ace5-1fd3772097ff,2012-02-16 20:16:44.677390795,0.0
Case18,W_Afhandelen leads,res_ee19d540-6f30-4eb3-abd5-d42bf0a0cc9f,Role 1,2012-02-14 08:44:09.223908894,530,0,res_ee19d540-6f30-4eb3-abd5-d42bf0a0cc9f,2012-02-14 08:41:06.106561894,0.0
Case18,W_Completeren aanvraag,res_c05ba8c3-4cba-4513-8bb9-b3faa8713cc7,Role 1,2012-02-14 11:10:01.047634794,535,1,res_c05ba8c3-4cba-4513-8bb9-b3faa8713cc7,2012-02-14 11:07:36.710047794,0.0
Case180,W_Completeren aanvraag,res_554d030c-8ea0-477b-9a72-1469e52cca81,Role 1,2012-02-16 20:32:29.522337720,579,1,res_554d030c-8ea0-477b-9a72-1469e52cca81,2012-02-16 20:29:48.470096720,0.0
Case180,W_Nabellen offertes,res_6d1d995e-4384-448a-9bf8-9fb7d8013316,Role 1,2012-02-16 20:49:20.220237020,579,1,res_6d1d995e-4384-448a-9bf8-9fb7d8013316,2012-02-16 20:47:02.075198020,0.0
Case181,W_Completeren aanvraag,res_cd5fe8a1-7bca-4ddc-9e04-e32a42150d6e,Role 1,2012-02-17 08:41:09.255928581,578,1,res_cd5fe8a1-7bca-4ddc-9e04-e32a42150d6e,2012-02-17 08:37:52.320381581,0.0
Case182,W_Completeren aanvraag,res_e08dd225-6ddd-45bc-b1b2-7c6cf10375f6,Role 1,2012-02-17 08:46:00.178122800,578,1,res_e08dd225-6ddd-45bc-b1b2-7c6cf10375f6,2012-02-17 08:42:43.472170800,0.0
Case183,W_Completeren aanvraag,res_8f2bf97e-8175-4ba4-882d-f6b7957c1a2c,Role 1,2012-02-17 08:51:48.476213353,578,1,res_8f2bf97e-8175-4ba4-882d-f6b7957c1a2c,2012-02-17 08:48:32.048361353,0.0
Case183,W_Completeren aanvraag,res_7b5eefe7-a9c7-4c10-ace5-1fd3772097ff,Role 1,2012-02-17 10:36:45.177346053,588,1,res_7b5eefe7-a9c7-4c10-ace5-1fd3772097ff,2012-02-17 10:34:32.653262053,0.0
Case184,W_Afhandelen leads,res_e9f54089-f03e-4dc1-a453-57f4acf2c7fb,Role 1,2012-02-17 09:00:25.491697246,579,0,res_e9f54089-f03e-4dc1-a453-57f4acf2c7fb,2012-02-17 08:56:49.726506246,0.0
Case184,W_Completeren aanvraag,res_0dd9fb20-75d3-4949-8e8b-38b1e2a52fbf,Role 1,2012-02-17 10:43:50.671949046,588,1,res_0dd9fb20-75d3-4949-8e8b-38b1e2a52fbf,2012-02-17 10:41:32.163504046,0.0
Case184,W_Completeren aanvraag,res_fa4ebd56-fe09-4e12-ab6b-f564242582f3,Role 1,2012-02-17 15:30:31.280374046,597,1,res_fa4ebd56-fe09-4e12-ab6b-f564242582f3,2012-02-17 15:28:41.811652046,0.0
Case184,W_Nabellen offertes,res_d9a4b451-1c76-46c3-87c6-97373bec81d0,Role 1,2012-02-20 06:28:00.568448046,587,1,res_d9a4b451-1c76-46c3-87c6-97373bec81d0,2012-02-20 06:26:11.520223046,0.0
Case184,W_Nabellen offertes,res_3d71865b-e63e-44f8-a4fd-ece0ef216fef,Role 1,2012-02-22 04:38:58.796766846,625,1,res_3d71865b-e63e-44f8-a4fd-ece0ef216fef,2012-02-22 04:37:24.645755846,0.0
Case184,W_Nabellen offertes,res_4d8dd482-f3ce-4175-9cd8-f5584cb38f63,Role 1,2012-02-23 17:54:45.069517846,616,1,res_4d8dd482-f3ce-4175-9cd8-f5584cb38f63,2012-02-23 17:43:20.680640846,0.0
Case185,W_Completeren aanvraag,res_6d1d995e-4384-448a-9bf8-9fb7d8013316,Role 1,2012-02-17 09:09:11.252224737,580,1,res_6d1d995e-4384-448a-9bf8-9fb7d8013316,2012-02-17 09:05:55.762041737,0.0
Case185,W_Completeren aanvraag,res_3038739b-6c1c-42c1-b9ac-27ac6cc55a89,Role 1,2012-02-17 10:50:46.918188337,590,1,res_3038739b-6c1c-42c1-b9ac-27ac6cc55a89,2012-02-17 10:48:36.507384337,0.05128205128205128
Case185,W_Completeren aanvraag,res_e9f54089-f03e-4dc1-a453-57f4acf2c7fb,Role 1,2012-02-17 15:34:46.615229237,598,2,res_e9f54089-f03e-4dc1-a453-57f4acf2c7fb,2012-02-17 15:32:59.687656237,0.02564102564102564
Case185,W_Nabellen offertes,res_3835d2af-f74a-47b9-b054-8234859b6abe,Role 1,2012-02-20 05:36:56.395069837,587,1,res_3835d2af-f74a-47b9-b054-8234859b6abe,2012-02-20 05:35:20.004383837,0.0
Case185,W_Nabellen offertes,res_a6b7a9b9-8dde-47b4-ba71-c31305bfae5d,Role 1,2012-02-23 05:19:28.234619137,621,1,res_a6b7a9b9-8dde-47b4-ba71-c31305bfae5d,2012-02-23 05:17:53.717893137,0.0
Case185,W_Nabellen offertes,res_554d030c-8ea0-477b-9a72-1469e52cca81,Role 1,2012-02-24 18:25:04.722451037,620,1,res_554d030c-8ea0-477b-9a72-1469e52cca81,2012-02-24 18:20:03.751890037,0.0
Case186,W_Afhandelen leads,res_3038739b-6c1c-42c1-b9ac-27ac6cc55a89,Role 1,2012-02-17 09:18:11.863424291,581,0,res_3038739b-6c1c-42c1-b9ac-27ac6cc55a89,2012-02-17 09:14:36.611436291,0.0
Case186,W_Completeren aanvraag,res_03b72214-605a-4b4f-97a5-ea18baa453ee,Role 1,2012-02-17 10:58:10.026565791,590,1,res_03b72214-605a-4b4f-97a5-ea18baa453ee,2012-02-17 10:55:51.402389791,0.0
Case186,W_Completeren aanvraag,res_fa4ebd56-fe09-4e12-ab6b-f564242582f3,Role 1,2012-02-17 15:46:25.283978091,598,1,res_fa4ebd56-fe09-4e12-ab6b-f564242582f3,2012-02-17 15:44:35.987108091,0.0
Case186,W_Completeren aanvraag,res_b48df80a-ad89-4a8c-8f9d-edecf950fdb5,Role 1,2012-02-17 18:58:28.139936491,595,1,res_b48df80a-ad89-4a8c-8f9d-edecf950fdb5,2012-02-17 18:56:46.449683491,0.0
Case187,W_Afhandelen leads,res_a6b7a9b9-8dde-47b4-ba71-c31305bfae5d,Role 1,2012-02-17 09:26:26.264168272,582,0,res_a6b7a9b9-8dde-47b4-ba71-c31305bfae5d,2012-02-17 09:22:51.267244272,0.0
Case187,W_Completeren aanvraag,res_d9a4b451-1c76-46c3-87c6-97373bec81d0,Role 1,2012-02-17 11:04:46.069527672,591,1,res_d9a4b451-1c76-46c3-87c6-97373bec81d0,2012-02-17 11:02:28.464055672,0.02564102564102564
Case188,W_Completeren aanvraag,res_240d458f-f7c5-4593-8aba-741926c2775b,Role 1,2012-02-17 09:32:04.080627199,583,1,res_240d458f-f7c5-4593-8aba-741926c2775b,2012-02-17 09:28:49.917891199,0.0
Case188,W_Completeren aanvraag,res_a6b7a9b9-8dde-47b4-ba71-c31305bfae5d,Role 1,2012-02-17 11:09:13.352707699,590,1,res_a6b7a9b9-8dde-47b4-ba71-c31305bfae5d,2012-02-17 11:07:00.689880699,0.0
Case189,W_Afhandelen leads,res_4a606e00-143e-4039-9760-70b3cb78e66a,Role 1,2012-02-17 09:41:12.321386216,584,0,res_4a606e00-143e-4039-9760-70b3cb78e66a,2012-02-17 09:37:37.819405216,0.0
Case189,W_Completeren aanvraag,res_90ea4c98-054c-4dd3-aadb-9d56713379c2,Role 1,2012-02-17 11:15:14.908202016,589,1,res_90ea4c98-054c-4dd3-aadb-9d56713379c2,2012-02-17 11:12:55.999916016,0.0
Case19,W_Completeren aanvraag,res_0dd9fb20-75d3-4949-8e8b-38b1e2a52fbf,Role 1,2012-02-14 08:48:43.153848662,531,1,res_0dd9fb20-75d3-4949-8e8b-38b1e2a52fbf,2012-02-14 08:46:01.288133662,0.0
Case19,W_Completeren aanvraag,res_f8a5c2f7-852b-4750-a5bc-71d8a9f25fcd,Role 1,2012-02-14 11:12:58.902273262,535,2,res_f8a5c2f7-852b-4750-a5bc-71d8a9f25fcd,2012-02-14 11:10:40.706866262,0.02564102564102564
Case19,W_Completeren aanvraag,res_c77d0074-5613-45fd-a890-6d80edada349,Role 1,2012-02-14 14:24:50.213995762,539,1,res_c77d0074-5613-45fd-a890-6d80edada349,2012-02-14 14:22:34.180533762,0.0
Case19,W_Completeren aanvraag,res_3835d2af-f74a-47b9-b054-8234859b6abe,Role 1,2012-02-14 15:59:42.586256762,544,3,res_3835d2af-f74a-47b9-b054-8234859b6abe,2012-02-14 15:57:43.409480762,0.05128205128205128
Case190,W_Afhandelen leads,res_a6b7a9b9-8dde-47b4-ba71-c31305bfae5d,Role 1,2012-02-17 09:42:08.706192374,585,1,res_a6b7a9b9-8dde-47b4-ba71-c31305bfae5d,2012-02-17 09:38:41.288480374,0.02564102564102564
Case190,W_Completeren aanvraag,res_0dd9fb20-75d3-4949-8e8b-38b1e2a52fbf,Role 1,2012-02-17 11:17:22.717384374,589,2,res_0dd9fb20-75d3-4949-8e8b-38b1e2a52fbf,2012-02-17 11:15:09.397044374,0.02564102564102564
Case191,W_Afhandelen leads,res_90ea4c98-054c-4dd3-aadb-9d56713379c2,Role 1,2012-02-17 09:53:14.204857257,586,0,res_90ea4c98-054c-4dd3-aadb-9d56713379c2,2012-02-17 09:49:40.157927257,0.0
Case191,W_Completeren aanvraag,res_b48df80a-ad89-4a8c-8f9d-edecf950fdb5,Role 1,2012-02-17 11:26:24.923830157,588,1,res_b48df80a-ad89-4a8c-8f9d-edecf950fdb5,2012-02-17 11:24:05.817264157,0.0
Case191,W_Completeren aanvraag,res_90ea4c98-054c-4dd3-aadb-9d56713379c2,Role 1,2012-02-17 16:16:22.499458057,598,1,res_90ea4c98-054c-4dd3-aadb-9d56713379c2,2012-02-17 16:14:33.765058057,0.02564102564102564
Case192,W_Afhandelen leads,res_fe8f604a-4f72-4c5b-9082-2dc751f7d4b9,Role 1,2012-02-17 10:06:31.584177107,587,0,res_fe8f604a-4f72-4c5b-9082-2dc751f7d4b9,2012-02-17 10:02:58.054872107,0.0
Case192,W_Completeren aanvraag,res_d9a4b451-1c76-46c3-87c6-97373bec81d0,Role 1,2012-02-17 11:37:12.298803407,588,1,res_d9a4b451-1c76-46c3-87c6-97373bec81d0,2012-02-17 11:34:52.917052407,0.0
Case192,W_Completeren aanvraag,res_a117c367-ca0b-4fb8-9736-c1d7d3de62d1,Role 1,2012-02-17 16:27:19.013438607,596,1,res_a117c367-ca0b-4fb8-9736-c1d7d3de62d1,2012-02-17 16:25:30.112360607,0.0
Case193,W_Completeren aanvraag,res_3d71865b-e63e-44f8-a4fd-ece0ef216fef,Role 1,2012-02-17 10:14:39.122806649,588,1,res_3d71865b-e63e-44f8-a4fd-ece0ef216fef,2012-02-17 10:11:27.822364649,0.0
Case193,W_Completeren aanvraag,res_4d8dd482-f3ce-4175-9cd8-f5584cb38f63,Role 1,2012-02-17 11:43:46.410618749,588,1,res_4d8dd482-f3ce-4175-9cd8-f5584cb38f63,2012-02-17 11:41:32.900046749,0.0
Case193,W_Completeren aanvraag,res_c05ba8c3-4cba-4513-8bb9-b3faa8713cc7,Role 1,2012-02-17 16:33:45.589617249,595,2,res_c05ba8c3-4cba-4513-8bb9-b3faa8713cc7,2012-02-17 16:31:59.110697249,0.02564102564102564
Case193,W_Completeren aanvraag,res_cd5fe8a1-7bca-4ddc-9e04-e32a42150d6e,Role 1,2012-02-17 20:13:37.415977749,596,1,res_cd5fe8a1-7bca-4ddc-9e04-e32a42150d6e,2012-02-17 20:11:58.058803749,0.0
Case193,W_Nabellen offertes,res_c475f0b2-f190-4931-b0ab-7a7e8189e241,Role 1,2012-02-19 06:18:57.433479249,589,1,res_c475f0b2-f190-4931-b0ab-7a7e8189e241,2012-02-19 06:16:34.466084249,0.0
Case193,W_Nabellen offertes,res_c05ba8c3-4cba-4513-8bb9-b3faa8713cc7,Role 1,2012-02-21 10:10:20.844411449,618,1,res_c05ba8c3-4cba-4513-8bb9-b3faa8713cc7,2012-02-21 10:08:41.023564449,0.0
Case193,W_Nabellen offertes,res_dfa30272-4bc0-4c82-9bd0-6b4169bccece,Role 1,2012-02-22 20:53:24.829044549,607,1,res_dfa30272-4bc0-4c82-9bd0-6b4169bccece,2012-02-22 20:48:52.264014549,0.0
Case194,W_Afhandelen leads,res_c77d0074-5613-45fd-a890-6d80edada349,Role 1,2012-02-17 10:31:04.354025675,588,0,res_c77d0074-5613-45fd-a890-6d80edada349,2012-02-17 10:27:31.947839675,0.0
Case194,W_Completeren aanvraag,res_e9f54089-f03e-4dc1-a453-57f4acf2c7fb,Role 1,2012-02-17 11:57:25.243115375,590,1,res_e9f54089-f03e-4dc1-a453-57f4acf2c7fb,2012-02-17 11:55:05.250894375,0.0
Case194,W_Nabellen offertes,res_03b72214-605a-4b4f-97a5-ea18baa453ee,Role 1,2012-02-22 13:04:01.499763775,617,1,res_03b72214-605a-4b4f-97a5-ea18baa453ee,2012-02-22 13:01:58.911030775,0.0
Case194,W_Nabellen offertes,res_fdf1178c-5a31-4f5e-8867-f12efd24326c,Role 1,2012-02-25 02:39:23.622763775,617,1,res_fdf1178c-5a31-4f5e-8867-f12efd24326c,2012-02-25 02:36:03.014142775,0.0
Case195,W_Afhandelen leads,res_3d71865b-e63e-44f8-a4fd-ece0ef216fef,Role 1,2012-02-17 10:41:43.474956447,589,0,res_3d71865b-e63e-44f8-a4fd-ece0ef216fef,2012-02-17 10:38:11.675819447,0.0
Case195,W_Completeren aanvraag,res_c77d0074-5613-45fd-a890-6d80edada349,Role 1,2012-02-17 12:04:10.714627647,590,1,res_c77d0074-5613-45fd-a890-6d80edada349,2012-02-17 12:01:50.463870647,0.0
Case196,W_Afhandelen leads,res_cd5fe8a1-7bca-4ddc-9e04-e32a42150d6e,Role 1,2012-02-17 10:42:09.140168120,590,1,res_cd5fe8a1-7bca-4ddc-9e04-e32a42150d6e,2012-02-17 10:38:45.928971120,0.02564102564102564
Case196,W_Completeren aanvraag,res_094e34c1-5472-4e50-8ca3-650a6a34e4ec,Role 1,2012-02-17 12:06:44.023449620,589,1,res_094e34c1-5472-4e50-8ca3-650a6a34e4ec,2012-02-17 12:04:26.611096620,0.02564102564102564
Case196,W_Completeren aanvraag,res_32a810af-a1e0-4835-afe4-a9e543c58a25,Role 1,2012-02-17 16:49:46.639321920,596,2,res_32a810af-a1e0-4835-afe4-a9e543c58a25,2012-02-17 16:47:59.044472920,0.02564102564102564
Case196,W_Nabellen offertes,res_554d030c-8ea0-477b-9a72-1469e52cca81,Role 1,2012-02-19 21:21:36.172942720,587,1,res_554d030c-8ea0-477b-9a72-1469e52cca81,2012-02-19 21:20:00.400992720,0.0
Case196,W_Nabellen offertes,res_cd5fe8a1-7bca-4ddc-9e04-e32a42150d6e,Role 1,2012-02-22 17:10:28.225919820,613,1,res_cd5fe8a1-7bca-4ddc-9e04-e32a42150d6e,2012-02-22 16:58:57.448537820,0.0
Case197,W_Afhandelen leads,res_c05ba8c3-4cba-4513-8bb9-b3faa8713cc7,Role 1,2012-02-17 10:56:52.186380052,591,0,res_c05ba8c3-4cba-4513-8bb9-b3faa8713cc7,2012-02-17 10:53:21.399230052,0.0
Case197,W_Completeren aanvraag,res_0dcb8a75-60b3-457b-aac5-fe91506450da,Role 1,2012-02-17 12:19:12.382499652,590,2,res_0dcb8a75-60b3-457b-aac5-fe91506450da,2012-02-17 12:16:55.714599652,0.02564102564102564
Case198,W_Completeren aanvraag,res_dfa30272-4bc0-4c82-9bd0-6b4169bccece,Role 1,2012-02-17 11:12:26.675904891,588,1,res_dfa30272-4bc0-4c82-9bd0-6b4169bccece,2012-02-17 11:09:20.487476891,0.0
Case198,W_Completeren aanvraag,res_e08dd225-6ddd-45bc-b1b2-7c6cf10375f6,Role 1,2012-02-17 12:32:31.194439491,590,1,res_e08dd225-6ddd-45bc-b1b2-7c6cf10375f6,2012-02-17 12:30:16.783683491,0.02564102564102564
Case198,W_Completeren aanvraag,res_554d030c-8ea0-477b-9a72-1469e52cca81,Role 1,2012-02-17 17:16:45.134877591,599,4,res_554d030c-8ea0-477b-9a72-1469e52cca81,2012-02-17 17:15:00.589793591,0.10256410256410256
Case199,W_Completeren aanvraag,res_8f2bf97e-8175-4ba4-882d-f6b7957c1a2c,Role 1,2012-02-17 11:21:55.789613680,589,1,res_8f2bf97e-8175-4ba4-882d-f6b7957c1a2c,2012-02-17 11:18:50.701707680,0.0
Case2,W_Completeren aanvraag,res_6d1d995e-4384-448a-9bf8-9fb7d8013316,Role 1,2012-02-13 19:13:16.010183322,521,1,res_6d1d995e-4384-448a-9bf8-9fb7d8013316,2012-02-13 19:10:43.757762322,0.0
Case2,W_Completeren aanvraag,res_4a606e00-143e-4039-9760-70b3cb78e66a,Role 1,2012-02-13 20:09:31.621105122,525,1,res_4a606e00-143e-4039-9760-70b3cb78e66a,2012-02-13 20:07:04.729796122,0.02564102564102564
Case20,W_Afhandelen leads,res_e9f54089-f03e-4dc1-a453-57f4acf2c7fb,Role 1,2012-02-14 08:54:00.607931069,532,0,res_e9f54089-f03e-4dc1-a453-57f4acf2c7fb,2012-02-14 08:50:57.477151069,0.0
Case20,W_Completeren aanvraag,res_90ea4c98-054c-4dd3-aadb-9d56713379c2,Role 1,2012-02-14 11:17:04.236411269,534,1,res_90ea4c98-054c-4dd3-aadb-9d56713379c2,2012-02-14 11:14:39.842055269,0.0
Case20,W_Completeren aanvraag,res_c475f0b2-f190-4931-b0ab-7a7e8189e241,Role 1,2012-02-14 14:29:40.383729069,539,1,res_c475f0b2-f190-4931-b0ab-7a7e8189e241,2012-02-14 14:27:21.611939069,0.0
Case200,W_Completeren aanvraag,res_0dd9fb20-75d3-4949-8e8b-38b1e2a52fbf,Role 1,2012-02-17 11:40:45.914676158,589,1,res_0dd9fb20-75d3-4949-8e8b-38b1e2a52fbf,2012-02-17 11:37:43.070604158,0.0
Case200,W_Completeren aanvraag,res_d9486917-858c-4563-bf95-164b83d8a3d8,Role 1,2012-02-17 12:56:58.301943958,592,1,res_d9486917-858c-4563-bf95-164b83d8a3d8,2012-02-17 12:54:41.518065958,0.0
Case200,W_Completeren aanvraag,res_240d458f-f7c5-4593-8aba-741926c2775b,Role 1,2012-02-17 17:18:51.016186758,597,1,res_240d458f-f7c5-4593-8aba-741926c2775b,2012-02-17 17:17:04.228915758,0.0
Case201,W_Afhandelen leads,res_f8a5c2f7-852b-4750-a5bc-71d8a9f25fcd,Role 1,2012-02-17 11:42:58.594072638,590,0,res_f8a5c2f7-852b-4750-a5bc-71d8a9f25fcd,2012-02-17 11:39:32.882178638,0.02564102564102564
Case201,W_Completeren aanvraag,res_0dcb8a75-60b3-457b-aac5-fe91506450da,Role 1,2012-02-17 12:59:38.771245238,592,1,res_0dcb8a75-60b3-457b-aac5-fe91506450da,2012-02-17 12:57:18.257430238,0.02564102564102564
Case201,W_Completeren aanvraag,res_b48df80a-ad89-4a8c-8f9d-edecf950fdb5,Role 1,2012-02-17 17:36:39.141823638,596,1,res_b48df80a-ad89-4a8c-8f9d-edecf950fdb5,2012-02-17 17:34:50.833882638,0.0
Case201,W_Completeren aanvraag,res_c66fd8c7-ae25-415c-80c1-ac9cc1be7147,Role 1,2012-02-17 22:07:09.512977838,595,1,res_c66fd8c7-ae25-415c-80c1-ac9cc1be7147,2012-02-17 22:05:27.923692838,0.0
Case202,W_Afhandelen leads,res_cd5fe8a1-7bca-4ddc-9e04-e32a42150d6e,Role 1,2012-02-17 12:01:51.062936391,589,0,res_cd5fe8a1-7bca-4ddc-9e04-e32a42150d6e,2012-02-17 11:58:27.265966391,0.02564102564102564
Case202,W_Completeren aanvraag,res_c05ba8c3-4cba-4513-8bb9-b3faa8713cc7,Role 1,2012-02-17 13:16:39.097916791,591,1,res_c05ba8c3-4cba-4513-8bb9-b3faa8713cc7,2012-02-17 13:14:16.755104791,0.0
Case203,W_Completeren aanvraag,res_094e34c1-5472-4e50-8ca3-650a6a34e4ec,Role 1,2012-02-17 12:12:16.835781175,590,1,res_094e34c1-5472-4e50-8ca3-650a6a34e4ec,2012-02-17 12:09:18.075848175,0.0
Case203,W_Nabellen offertes,res_d9a4b451-1c76-46c3-87c6-97373bec81d0,Role 1,2012-02-17 12:55:32.018152775,592,1,res_d9a4b451-1c76-46c3-87c6-97373bec81d0,2012-02-17 12:53:29.439437775,0.02564102564102564
Case204,W_Afhandelen leads,res_c77d0074-5613-45fd-a890-6d80edada349,Role 1,2012-02-17 12:24:12.784217093,590,0,res_c77d0074-5613-45fd-a890-6d80edada349,2012-02-17 12:20:50.191001093,0.0
Case204,W_Completeren aanvraag,res_fdf1178c-5a31-4f5e-8867-f12efd24326c,Role 1,2012-02-17 13:36:47.288701093,592,1,res_fdf1178c-5a31-4f5e-8867-f12efd24326c,2012-02-17 13:34:25.041002093,0.02564102564102564
Case205,W_Afhandelen leads,res_ffdbf4b7-c588-487c-b4ec-ae52c332aeda,Role 1,2012-02-17 12:41:49.729223038,591,0,res_ffdbf4b7-c588-487c-b4ec-ae52c332aeda,2012-02-17 12:38:29.016366038,0.0
Case205,W_Completeren aanvraag,res_ffdbf4b7-c588-487c-b4ec-ae52c332aeda,Role 1,2012-02-17 13:53:16.642001138,593,1,res_ffdbf4b7-c588-487c-b4ec-ae52c332aeda,2012-02-17 13:50:52.682313138,0.0
Case205,W_Completeren aanvraag,res_fdf1178c-5a31-4f5e-8867-f12efd24326c,Role 1,2012-02-17 17:48:05.376780038,595,1,res_fdf1178c-5a31-4f5e-8867-f12efd24326c,2012-02-17 17:46:16.654310038,0.0
Case205,W_Completeren aanvraag,res_32a810af-a1e0-4835-afe4-a9e543c58a25,Role 1,2012-02-17 21:37:30.698073538,596,1,res_32a810af-a1e0-4835-afe4-a9e543c58a25,2012-02-17 21:35:49.034210538,0.0
Case205,W_Completeren aanvraag,res_c77d0074-5613-45fd-a890-6d80edada349,Role 1,2012-02-18 09:02:14.262679038,593,1,res_c77d0074-5613-45fd-a890-6d80edada349,2012-02-18 09:00:22.511225038,0.0
Case205,W_Nabellen offertes,res_63a2ec71-0edb-4961-a972-295906b733b9,Role 1,2012-02-18 15:40:59.793825938,601,1,res_63a2ec71-0edb-4961-a972-295906b733b9,2012-02-18 15:39:19.991197938,0.0
Case206,W_Afhandelen leads,res_fdf1178c-5a31-4f5e-8867-f12efd24326c,Role 1,2012-02-17 12:42:48.485882022,592,1,res_fdf1178c-5a31-4f5e-8867-f12efd24326c,2012-02-17 12:39:38.530115022,0.02564102564102564
Case206,W_Completeren aanvraag,res_13a07171-afed-4486-9431-2507f9aacd76,Role 1,2012-02-17 13:54:20.399931622,593,2,res_13a07171-afed-4486-9431-2507f9aacd76,2012-02-17 13:52:03.221022622,0.02564102564102564
Case206,W_Completeren aanvraag,res_3038739b-6c1c-42c1-b9ac-27ac6cc55a89,Role 1,2012-02-17 18:08:34.887108122,595,1,res_3038739b-6c1c-42c1-b9ac-27ac6cc55a89,2012-02-17 18:06:47.254814122,0.0
Case207,W_Afhandelen leads,res_03b72214-605a-4b4f-97a5-ea18baa453ee,Role 1,2012-02-17 13:00:35.255372329,592,0,res_03b72214-605a-4b4f-97a5-ea18baa453ee,2012-02-17 12:57:16.348034329,0.0
Case207,W_Completeren aanvraag,res_4a606e00-143e-4039-9760-70b3cb78e66a,Role 1,2012-02-17 14:11:04.674339929,594,1,res_4a606e00-143e-4039-9760-70b3cb78e66a,2012-02-17 14:08:40.175327929,0.0
Case207,W_Nabellen offertes,res_3835d2af-f74a-47b9-b054-8234859b6abe,Role 1,2012-02-23 16:15:38.781150029,619,2,res_3835d2af-f74a-47b9-b054-8234859b6abe,2012-02-23 16:13:21.828976029,0.02564102564102564
Case207,W_Nabellen offertes,res_240d458f-f7c5-4593-8aba-741926c2775b,Role 1,2012-02-26 08:44:57.412928129,629,1,res_240d458f-f7c5-4593-8aba-741926c2775b,2012-02-26 08:43:19.082723129,0.0
Case207,W_Nabellen offertes,res_ffdbf4b7-c588-487c-b4ec-ae52c332aeda,Role 1,2012-02-29 04:47:42.750387429,642,1,res_ffdbf4b7-c588-487c-b4ec-ae52c332aeda,2012-02-29 04:41:20.357438429,0.0
Case207,W_Nabellen offertes,res_c77d0074-5613-45fd-a890-6d80edada349,Role 1,2012-03-01 17:17:38.232053029,632,1,res_c77d0074-5613-45fd-a890-6d80edada349,2012-03-01 17:15:48.013118029,0.0
Case208,W_Afhandelen leads,res_094e34c1-5472-4e50-8ca3-650a6a34e4ec,Role 1,2012-02-17 13:17:47.576446339,591,0,res_094e34c1-5472-4e50-8ca3-650a6a34e4ec,2012-02-17 13:14:29.987258339,0.0
Case208,W_Completeren aanvraag,res_a117c367-ca0b-4fb8-9736-c1d7d3de62d1,Role 1,2012-02-17 14:27:15.908530439,595,1,res_a117c367-ca0b-4fb8-9736-c1d7d3de62d1,2012-02-17 14:24:50.894438439,0.0
Case208,W_Nabellen offertes,res_5423e6a8-eed7-4dc9-b44d-98691c53411e,Role 1,2012-02-23 18:15:52.941192539,612,1,res_5423e6a8-eed7-4dc9-b44d-98691c53411e,2012-02-23 18:12:15.297266539,0.0
Case209,W_Afhandelen leads,res_e08dd225-6ddd-45bc-b1b2-7c6cf10375f6,Role 1,2012-02-17 13:31:16.655935837,592,0,res_e08dd225-6ddd-45bc-b1b2-7c6cf10375f6,2012-02-17 13:27:59.973550837,0.0
Case209,W_Completeren aanvraag,res_c66fd8c7-ae25-415c-80c1-ac9cc1be7147,Role 1,2012-02-17 14:40:02.761658537,596,1,res_c66fd8c7-ae25-415c-80c1-ac9cc1be7147,2012-02-17 14:37:38.584487537,0.02564102564102564
Case21,W_Afhandelen leads,res_63a2ec71-0edb-4961-a972-295906b733b9,Role 1,2012-02-14 09:02:04.220386038,533,0,res_63a2ec71-0edb-4961-a972-295906b733b9,2012-02-14 08:59:01.051057038,0.0
Case21,W_Completeren aanvraag,res_ffdbf4b7-c588-487c-b4ec-ae52c332aeda,Role 1,2012-02-14 11:23:04.650098138,535,1,res_ffdbf4b7-c588-487c-b4ec-ae52c332aeda,2012-02-14 11:20:40.733812138,0.02564102564102564
Case21,W_Completeren aanvraag,res_554d030c-8ea0-477b-9a72-1469e52cca81,Role 1,2012-02-14 14:32:55.142752938,538,1,res_554d030c-8ea0-477b-9a72-1469e52cca81,2012-02-14 14:30:36.711652938,0.0
Case21,W_Nabellen offertes,res_8f2bf97e-8175-4ba4-882d-f6b7957c1a2c,Role 1,2012-02-15 06:52:21.848851138,540,1,res_8f2bf97e-8175-4ba4-882d-f6b7957c1a2c,2012-02-15 06:49:37.164728138,0.0
Case21,W_Nabellen offertes,res_a117c367-ca0b-4fb8-9736-c1d7d3de62d1,Role 1,2012-02-19 02:02:08.461749938,597,1,res_a117c367-ca0b-4fb8-9736-c1d7d3de62d1,2012-02-19 02:00:29.137685938,0.0
Case21,W_Nabellen offertes,res_a117c367-ca0b-4fb8-9736-c1d7d3de62d1,Role 1,2012-02-21 19:30:46.357167338,617,1,res_a117c367-ca0b-4fb8-9736-c1d7d3de62d1,2012-02-21 19:24:58.613485338,0.0
Case210,W_Completeren aanvraag,res_dfa30272-4bc0-4c82-9bd0-6b4169bccece,Role 1,2012-02-17 13:41:18.287759597,592,1,res_dfa30272-4bc0-4c82-9bd0-6b4169bccece,2012-02-17 13:38:28.619628597,0.0
Case210,W_Nabellen offertes,res_c77d0074-5613-45fd-a890-6d80edada349,Role 1,2012-02-17 14:20:51.491929397,595,1,res_c77d0074-5613-45fd-a890-6d80edada349,2012-02-17 14:18:46.895107397,0.0
Case210,W_Nabellen offertes,res_a117c367-ca0b-4fb8-9736-c1d7d3de62d1,Role 1,2012-02-26 09:25:01.920828997,630,1,res_a117c367-ca0b-4fb8-9736-c1d7d3de62d1,2012-02-26 09:23:24.769152997,0.0
Case210,W_Nabellen offertes,res_fa4ebd56-fe09-4e12-ab6b-f564242582f3,Role 1,2012-02-29 13:33:38.510993997,642,1,res_fa4ebd56-fe09-4e12-ab6b-f564242582f3,2012-02-29 13:29:27.103705997,0.0
Case211,W_Afhandelen leads,res_094e34c1-5472-4e50-8ca3-650a6a34e4ec,Role 1,2012-02-17 13:43:09.962629417,593,0,res_094e34c1-5472-4e50-8ca3-650a6a34e4ec,2012-02-17 13:39:55.259953417,0.02564102564102564
Case211,W_Completeren aanvraag,res_ee19d540-6f30-4eb3-abd5-d42bf0a0cc9f,Role 1,2012-02-17 14:51:27.606519417,597,1,res_ee19d540-6f30-4eb3-abd5-d42bf0a0cc9f,2012-02-17 14:49:03.432325417,0.02564102564102564
Case211,W_Nabellen offertes,res_32a810af-a1e0-4835-afe4-a9e543c58a25,Role 1,2012-02-23 21:02:00.904688017,610,1,res_32a810af-a1e0-4835-afe4-a9e543c58a25,2012-02-23 20:57:33.900411017,0.0
Case212,W_Afhandelen leads,res_0dd9fb20-75d3-4949-8e8b-38b1e2a52fbf,Role 1,2012-02-17 13:58:11.336559284,594,0,res_0dd9fb20-75d3-4949-8e8b-38b1e2a52fbf,2012-02-17 13:54:55.916353284,0.0
Case212,W_Completeren aanvraag,res_cd5fe8a1-7bca-4ddc-9e04-e32a42150d6e,Role 1,2012-02-17 15:05:55.652303584,598,1,res_cd5fe8a1-7bca-4ddc-9e04-e32a42150d6e,2012-02-17 15:03:30.668913584,0.02564102564102564
Case212,W_Nabellen offertes,res_90ea4c98-054c-4dd3-aadb-9d56713379c2,Role 1,2012-02-23 22:26:46.401077784,608,2,res_90ea4c98-054c-4dd3-aadb-9d56713379c2,2012-02-23 22:23:23.210133784,0.02564102564102564
Case212,W_Nabellen offertes,res_f8a5c2f7-852b-4750-a5bc-71d8a9f25fcd,Role 1,2012-02-26 20:51:29.001283684,626,1,res_f8a5c2f7-852b-4750-a5bc-71d8a9f25fcd,2012-02-26 20:49:46.121802684,0.0
Case212,W_Nabellen offertes,res_63a2ec71-0edb-4961-a972-295906b733b9,Role 1,2012-02-29 05:48:22.757599184,641,2,res_63a2ec71-0edb-4961-a972-295906b733b9,2012-02-29 05:44:39.416327184,0.02564102564102564
Case213,W_Completeren aanvraag,res_3d71865b-e63e-44f8-a4fd-ece0ef216fef,Role 1,2012-02-17 14:14:51.691160469,595,1,res_3d71865b-e63e-44f8-a4fd-ece0ef216fef,2012-02-17 14:12:03.510903469,0.0
Case213,W_Completeren aanvraag,res_094e34c1-5472-4e50-8ca3-650a6a34e4ec,Role 1,2012-02-17 15:22:01.239454469,599,1,res_094e34c1-5472-4e50-8ca3-650a6a34e4ec,2012-02-17 15:19:39.761467469,0.02564102564102564
Case214,W_Afhandelen leads,res_c66fd8c7-ae25-415c-80c1-ac9cc1be7147,Role 1,2012-02-17 14:32:46.015654403,596,0,res_c66fd8c7-ae25-415c-80c1-ac9cc1be7147,2012-02-17 14:29:31.254366403,0.0
Case214,W_Completeren aanvraag,res_d9a4b451-1c76-46c3-87c6-97373bec81d0,Role 1,2012-02-17 15:39:34.685550903,599,1,res_d9a4b451-1c76-46c3-87c6-97373bec81d0,2012-02-17 15:37:08.559443903,0.02564102564102564
Case215,W_Afhandelen leads,res_cd5fe8a1-7bca-4ddc-9e04-e32a42150d6e,Role 1,2012-02-17 14:42:13.191307279,596,0,res_cd5fe8a1-7bca-4ddc-9e04-e32a42150d6e,2012-02-17 14:38:58.446260279,0.0
Case215,W_Completeren aanvraag,res_3835d2af-f74a-47b9-b054-8234859b6abe,Role 1,2012-02-17 15:48:49.093138879,598,2,res_3835d2af-f74a-47b9-b054-8234859b6abe,2012-02-17 15:46:27.350556879,0.05128205128205128
Case216,W_Afhandelen leads,res_c561e158-62af-4d50-bb96-33472303cf4c,Role 1,2012-02-17 14:43:25.736582274,597,1,res_c561e158-62af-4d50-bb96-33472303cf4c,2012-02-17 14:40:19.041911274,0.02564102564102564
Case216,W_Completeren aanvraag,res_f8a5c2f7-852b-4750-a5bc-71d8a9f25fcd,Role 1,2012-02-17 15:49:51.672241074,599,3,res_f8a5c2f7-852b-4750-a5bc-71d8a9f25fcd,2012-02-17 15:47:38.726831074,0.10256410256410256
Case217,W_Afhandelen leads,res_ffdbf4b7-c588-487c-b4ec-ae52c332aeda,Role 1,2012-02-17 14:57:50.815088369,598,0,res_ffdbf4b7-c588-487c-b4ec-ae52c332aeda,2012-02-17 14:54:37.385594369,0.02564102564102564
Case217,W_Completeren aanvraag,res_0dcb8a75-60b3-457b-aac5-fe91506450da,Role 1,2012-02-17 16:04:23.202767469,595,1,res_0dcb8a75-60b3-457b-aac5-fe91506450da,2012-02-17 16:01:55.265490469,0.0
Case217,W_Nabellen offertes,res_13a07171-afed-4486-9431-2507f9aacd76,Role 1,2012-02-23 23:21:38.446818069,607,1,res_13a07171-afed-4486-9431-2507f9aacd76,2012-02-23 23:18:55.745047069,0.0
Case217,W_Nabellen offertes,res_90ea4c98-054c-4dd3-aadb-9d56713379c2,Role 1,2012-02-27 00:38:43.268791969,625,1,res_90ea4c98-054c-4dd3-aadb-9d56713379c2,2012-02-27 00:36:11.546352969,0.0
Case218,W_Afhandelen leads,res_3835d2af-f74a-47b9-b054-8234859b6abe,Role 1,2012-02-17 15:16:00.350567800,599,0,res_3835d2af-f74a-47b9-b054-8234859b6abe,2012-02-17 15:12:45.426882800,0.0
Case218,W_Completeren aanvraag,res_03b72214-605a-4b4f-97a5-ea18baa453ee,Role 1,2012-02-17 16:22:31.277580900,596,1,res_03b72214-605a-4b4f-97a5-ea18baa453ee,2012-02-17 16:20:02.381244900,0.0
Case218,W_Nabellen offertes,res_f8a5c2f7-852b-4750-a5bc-71d8a9f25fcd,Role 1,2012-02-24 01:40:13.152609600,617,2,res_f8a5c2f7-852b-4750-a5bc-71d8a9f25fcd,2012-02-24 01:38:16.293069600,0.02564102564102564
Case218,W_Nabellen offertes,res_ffdbf4b7-c588-487c-b4ec-ae52c332aeda,Role 1,2012-02-27 03:38:54.151652100,622,1,res_ffdbf4b7-c588-487c-b4ec-ae52c332aeda,2012-02-27 03:31:12.399862100,0.0
Case219,W_Afhandelen leads,res_554d030c-8ea0-477b-9a72-1469e52cca81,Role 1,2012-02-17 15:31:33.491554066,599,0,res_554d030c-8ea0-477b-9a72-1469e52cca81,2012-02-17 15:28:18.321543066,0.0
Case219,W_Completeren aanvraag,res_3835d2af-f74a-47b9-b054-8234859b6abe,Role 1,2012-02-17 16:38:04.877578666,597,2,res_3835d2af-f74a-47b9-b054-8234859b6abe,2012-02-17 16:35:39.871493666,0.02564102564102564
Case219,W_Completeren aanvraag,res_c66fd8c7-ae25-415c-80c1-ac9cc1be7147,Role 1,2012-02-17 19:56:33.666944566,597,1,res_c66fd8c7-ae25-415c-80c1-ac9cc1be7147,2012-02-17 19:54:44.088550566,0.0
Case22,W_Completeren aanvraag,res_5423e6a8-eed7-4dc9-b44d-98691c53411e,Role 1,2012-02-14 09:07:51.186645339,534,1,res_5423e6a8-eed7-4dc9-b44d-98691c53411e,2012-02-14 09:05:09.776160339,0.0
Case220,W_Afhandelen leads,res_6d1d995e-4384-448a-9bf8-9fb7d8013316,Role 1,2012-02-17 15:43:20.962592546,598,0,res_6d1d995e-4384-448a-9bf8-9fb7d8013316,2012-02-17 15:40:05.548380546,0.0
Case220,W_Completeren aanvraag,res_dfa30272-4bc0-4c82-9bd0-6b4169bccece,Role 1,2012-02-17 16:49:58.808945846,598,1,res_dfa30272-4bc0-4c82-9bd0-6b4169bccece,2012-02-17 16:47:30.029355846,0.02564102564102564
Case221,W_Afhandelen leads,res_c561e158-62af-4d50-bb96-33472303cf4c,Role 1,2012-02-17 15:43:52.233631681,599,1,res_c561e158-62af-4d50-bb96-33472303cf4c,2012-02-17 15:40:46.853651681,0.07692307692307693
Case221,W_Completeren aanvraag,res_0dd9fb20-75d3-4949-8e8b-38b1e2a52fbf,Role 1,2012-02-17 16:50:18.908530881,599,3,res_0dd9fb20-75d3-4949-8e8b-38b1e2a52fbf,2012-02-17 16:48:03.144081881,0.07692307692307693
Case221,W_Completeren aanvraag,res_ee19d540-6f30-4eb3-abd5-d42bf0a0cc9f,Role 1,2012-02-17 20:01:35.473054881,596,1,res_ee19d540-6f30-4eb3-abd5-d42bf0a0cc9f,2012-02-17 19:59:47.494704881,0.0
Case221,W_Nabellen offertes,res_0dcb8a75-60b3-457b-aac5-fe91506450da,Role 1,2012-02-19 15:52:19.253275081,589,1,res_0dcb8a75-60b3-457b-aac5-fe91506450da,2012-02-19 15:50:24.571837081,0.0
Case221,W_Nabellen offertes,res_cd5fe8a1-7bca-4ddc-9e04-e32a42150d6e,Role 1,2012-02-22 04:45:19.792864081,625,1,res_cd5fe8a1-7bca-4ddc-9e04-e32a42150d6e,2012-02-22 04:43:39.682238081,0.0
Case222,W_Afhandelen leads,res_d9a4b451-1c76-46c3-87c6-97373bec81d0,Role 1,2012-02-17 16:07:25.162350992,596,0,res_d9a4b451-1c76-46c3-87c6-97373bec81d0,2012-02-17 16:04:09.217978992,0.0
Case222,W_Completeren aanvraag,res_a117c367-ca0b-4fb8-9736-c1d7d3de62d1,Role 1,2012-02-17 17:14:37.487002092,596,1,res_a117c367-ca0b-4fb8-9736-c1d7d3de62d1,2012-02-17 17:12:06.580695092,0.0
Case223,W_Completeren aanvraag,res_e08dd225-6ddd-45bc-b1b2-7c6cf10375f6,Role 1,2012-02-17 16:29:55.460738092,597,1,res_e08dd225-6ddd-45bc-b1b2-7c6cf10375f6,2012-02-17 16:27:04.381274092,0.0
Case223,W_Completeren aanvraag,res_3835d2af-f74a-47b9-b054-8234859b6abe,Role 1,2012-02-17 17:37:57.822498592,595,1,res_3835d2af-f74a-47b9-b054-8234859b6abe,2012-02-17 17:35:27.818282592,0.0
Case223,W_Completeren aanvraag,res_f8a5c2f7-852b-4750-a5bc-71d8a9f25fcd,Role 1,2012-02-17 21:48:10.491638992,594,1,res_f8a5c2f7-852b-4750-a5bc-71d8a9f25fcd,2012-02-17 21:46:20.218967992,0.0
Case223,W_Nabellen offertes,res_e9f54089-f03e-4dc1-a453-57f4acf2c7fb,Role 1,2012-02-19 13:55:10.325227892,590,1,res_e9f54089-f03e-4dc1-a453-57f4acf2c7fb,2012-02-19 13:51:55.835295892,0.0
Case224,W_Afhandelen leads,res_5423e6a8-eed7-4dc9-b44d-98691c53411e,Role 1,2012-02-17 16:44:14.157395251,598,0,res_5423e6a8-eed7-4dc9-b44d-98691c53411e,2012-02-17 16:40:57.538816251,0.0
Case224,W_Completeren aanvraag,res_a117c367-ca0b-4fb8-9736-c1d7d3de62d1,Role 1,2012-02-17 17:52:49.128853951,596,2,res_a117c367-ca0b-4fb8-9736-c1d7d3de62d1,2012-02-17 17:50:22.313616951,0.05128205128205128
Case224,W_Nabellen offertes,res_fe8f604a-4f72-4c5b-9082-2dc751f7d4b9,Role 1,2012-02-24 19:12:33.741418051,619,1,res_fe8f604a-4f72-4c5b-9082-2dc751f7d4b9,2012-02-24 19:09:45.651328051,0.0
Case224,W_Nabellen offertes,res_fe8f604a-4f72-4c5b-9082-2dc751f7d4b9,Role 1,2012-02-27 19:24:29.654661751,622,1,res_fe8f604a-4f72-4c5b-9082-2dc751f7d4b9,2012-02-27 19:22:55.727431751,0.0
Case225,W_Completeren aanvraag,res_fe8f604a-4f72-4c5b-9082-2dc751f7d4b9,Role 1,2012-02-17 16:44:51.101285784,599,2,res_fe8f604a-4f72-4c5b-9082-2dc751f7d4b9,2012-02-17 16:42:11.082347784,0.05128205128205128
Case225,W_Nabellen offertes,res_c475f0b2-f190-4931-b0ab-7a7e8189e241,Role 1,2012-02-17 17:17:47.662177584,595,1,res_c475f0b2-f190-4931-b0ab-7a7e8189e241,2012-02-17 17:15:40.931606584,0.0
Case225,W_Nabellen offertes,res_c66fd8c7-ae25-415c-80c1-ac9cc1be7147,Role 1,2012-02-26 09:23:42.528950084,631,1,res_c66fd8c7-ae25-415c-80c1-ac9cc1be7147,2012-02-26 09:22:04.936720084,0.0
Case225,W_Nabellen offertes,res_e08dd225-6ddd-45bc-b1b2-7c6cf10375f6,Role 1,2012-02-29 15:51:19.573683384,645,1,res_e08dd225-6ddd-45bc-b1b2-7c6cf10375f6,2012-02-29 15:49:29.975356384,0.0
Case226,W_Afhandelen leads,res_a117c367-ca0b-4fb8-9736-c1d7d3de62d1,Role 1,2012-02-17 17:44:28.962057734,595,0,res_a117c367-ca0b-4fb8-9736-c1d7d3de62d1,2012-02-17 17:41:11.246317734,0.0
Case226,W_Completeren aanvraag,res_c66fd8c7-ae25-415c-80c1-ac9cc1be7147,Role 1,2012-02-17 18:57:02.583336834,597,1,res_c66fd8c7-ae25-415c-80c1-ac9cc1be7147,2012-02-17 18:54:28.392315834,0.0
Case227,W_Completeren aanvraag,res_d9486917-858c-4563-bf95-164b83d8a3d8,Role 1,2012-02-17 17:45:05.491117618,596,1,res_d9486917-858c-4563-bf95-164b83d8a3d8,2012-02-17 17:42:12.700501618,0.02564102564102564
Case228,W_Afhandelen leads,res_fdf1178c-5a31-4f5e-8867-f12efd24326c,Role 1,2012-02-17 18:20:41.493942046,595,0,res_fdf1178c-5a31-4f5e-8867-f12efd24326c,2012-02-17 18:17:23.299112046,0.0
Case228,W_Completeren aanvraag,res_fdf1178c-5a31-4f5e-8867-f12efd24326c,Role 1,2012-02-17 19:36:37.235009746,597,1,res_fdf1178c-5a31-4f5e-8867-f12efd24326c,2012-02-17 19:34:02.129837746,0.0
Case228,W_Nabellen offertes,res_5423e6a8-eed7-4dc9-b44d-98691c53411e,Role 1,2012-02-26 06:58:12.065344646,631,1,res_5423e6a8-eed7-4dc9-b44d-98691c53411e,2012-02-26 06:56:25.258489646,0.0
Case229,W_Afhandelen leads,res_3d71865b-e63e-44f8-a4fd-ece0ef216fef,Role 1,2012-02-17 18:45:15.636111615,596,0,res_3d71865b-e63e-44f8-a4fd-ece0ef216fef,2012-02-17 18:41:57.192079615,0.0
Case229,W_Completeren aanvraag,res_3835d2af-f74a-47b9-b054-8234859b6abe,Role 1,2012-02-17 20:03:15.026564715,597,1,res_3835d2af-f74a-47b9-b054-8234859b6abe,2012-02-17 20:00:39.427395715,0.0
Case23,W_Afhandelen leads,res_13a07171-afed-4486-9431-2507f9aacd76,Role 1,2012-02-14 09:09:05.925402761,535,0,res_13a07171-afed-4486-9431-2507f9aacd76,2012-02-14 09:06:04.178224761,0.02564102564102564
Case23,W_Completeren aanvraag,res_554d030c-8ea0-477b-9a72-1469e52cca81,Role 1,2012-02-14 11:28:16.911662061,536,1,res_554d030c-8ea0-477b-9a72-1469e52cca81,2012-02-14 11:25:52.868381061,0.0
Case23,W_Completeren aanvraag,res_63a2ec71-0edb-4961-a972-295906b733b9,Role 1,2012-02-14 14:43:10.342585661,539,1,res_63a2ec71-0edb-4961-a972-295906b733b9,2012-02-14 14:40:52.146315661,0.02564102564102564
Case23,W_Nabellen offertes,res_c77d0074-5613-45fd-a890-6d80edada349,Role 1,2012-02-15 08:12:24.206585261,539,1,res_c77d0074-5613-45fd-a890-6d80edada349,2012-02-15 08:09:18.408612261,0.0
Case230,W_Afhandelen leads,res_c77d0074-5613-45fd-a890-6d80edada349,Role 1,2012-02-17 18:45:37.910405462,597,1,res_c77d0074-5613-45fd-a890-6d80edada349,2012-02-17 18:42:25.400557463,0.02564102564102564
Case230,W_Completeren aanvraag,res_63a2ec71-0edb-4961-a972-295906b733b9,Role 1,2012-02-17 20:03:48.470147362,597,2,res_63a2ec71-0edb-4961-a972-295906b733b9,2012-02-17 20:01:18.935101362,0.02564102564102564
Case231,W_Completeren aanvraag,res_0dd9fb20-75d3-4949-8e8b-38b1e2a52fbf,Role 1,2012-02-17 19:24:27.899275689,597,1,res_0dd9fb20-75d3-4949-8e8b-38b1e2a52fbf,2012-02-17 19:21:32.748892689,0.0
Case231,W_Nabellen offertes,res_a6b7a9b9-8dde-47b4-ba71-c31305bfae5d,Role 1,2012-02-17 19:52:11.628205289,598,1,res_a6b7a9b9-8dde-47b4-ba71-c31305bfae5d,2012-02-17 19:49:52.153244289,0.0
Case232,W_Completeren aanvraag,res_c561e158-62af-4d50-bb96-33472303cf4c,Role 1,2012-02-17 19:44:19.775093776,597,1,res_c561e158-62af-4d50-bb96-33472303cf4c,2012-02-17 19:41:24.557081776,0.0
Case232,W_Completeren aanvraag,res_3835d2af-f74a-47b9-b054-8234859b6abe,Role 1,2012-02-17 21:08:06.363122476,596,1,res_3835d2af-f74a-47b9-b054-8234859b6abe,2012-02-17 21:05:26.340728476,0.0
Case232,W_Nabellen offertes,res_fe8f604a-4f72-4c5b-9082-2dc751f7d4b9,Role 1,2012-02-26 00:54:38.320874676,627,1,res_fe8f604a-4f72-4c5b-9082-2dc751f7d4b9,2012-02-26 00:52:22.283818676,0.0
Case233,W_Afhandelen leads,res_c66fd8c7-ae25-415c-80c1-ac9cc1be7147,Role 1,2012-02-17 19:46:18.195557332,598,0,res_c66fd8c7-ae25-415c-80c1-ac9cc1be7147,2012-02-17 19:43:00.264417332,0.02564102564102564
Case233,W_Completeren aanvraag,res_63a2ec71-0edb-4961-a972-295906b733b9,Role 1,2012-02-17 21:10:28.629242432,596,2,res_63a2ec71-0edb-4961-a972-295906b733b9,2012-02-17 21:07:55.837153432,0.02564102564102564
Case234,W_Completeren aanvraag,res_b48df80a-ad89-4a8c-8f9d-edecf950fdb5,Role 1,2012-02-17 20:42:09.430474105,596,1,res_b48df80a-ad89-4a8c-8f9d-edecf950fdb5,2012-02-17 20:39:14.199857105,0.0
Case234,W_Completeren aanvraag,res_ffdbf4b7-c588-487c-b4ec-ae52c332aeda,Role 1,2012-02-17 22:12:15.903758605,594,1,res_ffdbf4b7-c588-487c-b4ec-ae52c332aeda,2012-02-17 22:09:32.732884605,0.0
Case234,W_Nabellen offertes,res_ffdbf4b7-c588-487c-b4ec-ae52c332aeda,Role 1,2012-02-25 15:07:17.098050505,635,1,res_ffdbf4b7-c588-487c-b4ec-ae52c332aeda,2012-02-25 15:05:29.227163505,0.0
Case235,W_Afhandelen leads,res_d9486917-858c-4563-bf95-164b83d8a3d8,Role 1,2012-02-18 08:59:37.377916269,594,0,res_d9486917-858c-4563-bf95-164b83d8a3d8,2012-02-18 08:56:19.048449269,0.0
Case235,W_Completeren aanvraag,res_a117c367-ca0b-4fb8-9736-c1d7d3de62d1,Role 1,2012-02-18 10:56:45.895699669,603,1,res_a117c367-ca0b-4fb8-9736-c1d7d3de62d1,2012-02-18 10:54:31.466539669,0.0
Case235,W_Nabellen offertes,res_4a606e00-143e-4039-9760-70b3cb78e66a,Role 1,2012-02-23 07:05:01.291033469,622,1,res_4a606e00-143e-4039-9760-70b3cb78e66a,2012-02-23 07:03:19.051035469,0.02564102564102564
Case235,W_Nabellen offertes,res_6d1d995e-4384-448a-9bf8-9fb7d8013316,Role 1,2012-02-25 14:19:20.686825469,633,1,res_6d1d995e-4384-448a-9bf8-9fb7d8013316,2012-02-25 14:17:39.536180469,0.0
Case236,W_Afhandelen leads,res_5423e6a8-eed7-4dc9-b44d-98691c53411e,Role 1,2012-02-18 09:04:17.368549476,595,0,res_5423e6a8-eed7-4dc9-b44d-98691c53411e,2012-02-18 09:00:59.118336476,0.0
Case236,W_Completeren aanvraag,res_0dcb8a75-60b3-457b-aac5-fe91506450da,Role 1,2012-02-18 11:00:18.224263576,603,1,res_0dcb8a75-60b3-457b-aac5-fe91506450da,2012-02-18 10:58:03.745822576,0.0
Case237,W_Afhandelen leads,res_554d030c-8ea0-477b-9a72-1469e52cca81,Role 1,2012-02-18 09:11:37.523792036,596,0,res_554d030c-8ea0-477b-9a72-1469e52cca81,2012-02-18 09:08:19.372080036,0.0
Case237,W_Completeren aanvraag,res_0dcb8a75-60b3-457b-aac5-fe91506450da,Role 1,2012-02-18 11:05:46.314457336,604,1,res_0dcb8a75-60b3-457b-aac5-fe91506450da,2012-02-18 11:03:31.752525336,0.0
Case237,W_Completeren aanvraag,res_03b72214-605a-4b4f-97a5-ea18baa453ee,Role 1,2012-02-18 15:26:04.978904036,598,1,res_03b72214-605a-4b4f-97a5-ea18baa453ee,2012-02-18 15:24:16.593326036,0.0
Case238,W_Afhandelen leads,res_03b72214-605a-4b4f-97a5-ea18baa453ee,Role 1,2012-02-18 09:19:20.847106256,597,0,res_03b72214-605a-4b4f-97a5-ea18baa453ee,2012-02-18 09:16:02.797073256,0.0
Case238,W_Completeren aanvraag,res_03b72214-605a-4b4f-97a5-ea18baa453ee,Role 1,2012-02-18 11:11:25.790249656,604,1,res_03b72214-605a-4b4f-97a5-ea18baa453ee,2012-02-18 11:09:11.127246656,0.0
Case238,W_Nabellen offertes,res_8f2bf97e-8175-4ba4-882d-f6b7957c1a2c,Role 1,2012-02-23 15:25:40.428991256,616,2,res_8f2bf97e-8175-4ba4-882d-f6b7957c1a2c,2012-02-23 15:22:37.202835256,0.02564102564102564
Case239,W_Afhandelen leads,res_5423e6a8-eed7-4dc9-b44d-98691c53411e,Role 1,2012-02-18 09:25:53.655822857,598,0,res_5423e6a8-eed7-4dc9-b44d-98691c53411e,2012-02-18 09:22:35.700871857,0.0
Case239,W_Completeren aanvraag,res_4a606e00-143e-4039-9760-70b3cb78e66a,Role 1,2012-02-18 11:16:09.893650957,604,1,res_4a606e00-143e-4039-9760-70b3cb78e66a,2012-02-18 11:13:55.140052957,0.0
Case24,W_Afhandelen leads,res_fe8f604a-4f72-4c5b-9082-2dc751f7d4b9,Role 1,2012-02-14 09:23:59.106246892,534,0,res_fe8f604a-4f72-4c5b-9082-2dc751f7d4b9,2012-02-14 09:20:55.767613892,0.0
Case24,W_Completeren aanvraag,res_03b72214-605a-4b4f-97a5-ea18baa453ee,Role 1,2012-02-14 11:39:07.217454392,537,1,res_03b72214-605a-4b4f-97a5-ea18baa453ee,2012-02-14 11:36:42.411184392,0.0
Case240,W_Afhandelen leads,res_13a07171-afed-4486-9431-2507f9aacd76,Role 1,2012-02-18 09:30:36.665812976,599,0,res_13a07171-afed-4486-9431-2507f9aacd76,2012-02-18 09:27:18.793095976,0.0
Case240,W_Completeren aanvraag,res_6d1d995e-4384-448a-9bf8-9fb7d8013316,Role 1,2012-02-18 11:19:37.237523776,603,1,res_6d1d995e-4384-448a-9bf8-9fb7d8013316,2012-02-18 11:17:22.411794776,0.0
Case240,W_Completeren aanvraag,res_e08dd225-6ddd-45bc-b1b2-7c6cf10375f6,Role 1,2012-02-18 15:57:40.484328276,598,1,res_e08dd225-6ddd-45bc-b1b2-7c6cf10375f6,2012-02-18 15:55:52.539646276,0.0
Case241,W_Completeren aanvraag,res_f8a5c2f7-852b-4750-a5bc-71d8a9f25fcd,Role 1,2012-02-18 09:36:50.281022401,600,1,res_f8a5c2f7-852b-4750-a5bc-71d8a9f25fcd,2012-02-18 09:33:57.741568401,0.0
Case242,W_Afhandelen leads,res_0dcb8a75-60b3-457b-aac5-fe91506450da,Role 1,2012-02-18 09:47:47.080814073,600,0,res_0dcb8a75-60b3-457b-aac5-fe91506450da,2012-02-18 09:44:29.409983073,0.0
Case242,W_Completeren aanvraag,res_03b72214-605a-4b4f-97a5-ea18baa453ee,Role 1,2012-02-18 11:31:53.276293673,604,1,res_03b72214-605a-4b4f-97a5-ea18baa453ee,2012-02-18 11:29:38.165096673,0.0
Case243,W_Afhandelen leads,res_0dcb8a75-60b3-457b-aac5-fe91506450da,Role 1,2012-02-18 09:52:27.055043280,601,0,res_0dcb8a75-60b3-457b-aac5-fe91506450da,2012-02-18 09:49:09.479870280,0.0
Case243,W_Completeren aanvraag,res_c561e158-62af-4d50-bb96-33472303cf4c,Role 1,2012-02-18 11:35:12.524034680,603,1,res_c561e158-62af-4d50-bb96-33472303cf4c,2012-02-18 11:32:57.328307680,0.0
Case243,W_Completeren aanvraag,res_d9486917-858c-4563-bf95-164b83d8a3d8,Role 1,2012-02-18 16:32:22.507316680,597,1,res_d9486917-858c-4563-bf95-164b83d8a3d8,2012-02-18 16:30:35.049085680,0.0
Case243,W_Completeren aanvraag,res_d9486917-858c-4563-bf95-164b83d8a3d8,Role 1,2012-02-19 01:21:38.406359180,591,1,res_d9486917-858c-4563-bf95-164b83d8a3d8,2012-02-19 01:19:59.801298180,0.0
Case243,W_Nabellen offertes,res_6d1d995e-4384-448a-9bf8-9fb7d8013316,Role 1,2012-02-20 05:42:09.045136579,587,1,res_6d1d995e-4384-448a-9bf8-9fb7d8013316,2012-02-20 05:40:02.028898580,0.0
Case244,W_Completeren aanvraag,res_e9f54089-f03e-4dc1-a453-57f4acf2c7fb,Role 1,2012-02-18 10:10:05.233676799,602,1,res_e9f54089-f03e-4dc1-a453-57f4acf2c7fb,2012-02-18 10:07:14.498821799,0.0
Case244,W_Completeren aanvraag,res_dfa30272-4bc0-4c82-9bd0-6b4169bccece,Role 1,2012-02-18 11:47:25.032234399,603,1,res_dfa30272-4bc0-4c82-9bd0-6b4169bccece,2012-02-18 11:45:20.260473399,0.0
Case245,W_Completeren aanvraag,res_8f2bf97e-8175-4ba4-882d-f6b7957c1a2c,Role 1,2012-02-18 10:27:51.924127481,603,1,res_8f2bf97e-8175-4ba4-882d-f6b7957c1a2c,2012-02-18 10:25:02.391197481,0.0
Case245,W_Completeren aanvraag,res_03b72214-605a-4b4f-97a5-ea18baa453ee,Role 1,2012-02-18 12:00:00.976357781,604,2,res_03b72214-605a-4b4f-97a5-ea18baa453ee,2012-02-18 11:57:59.736056781,0.05128205128205128
Case245,W_Completeren aanvraag,res_e08dd225-6ddd-45bc-b1b2-7c6cf10375f6,Role 1,2012-02-18 17:17:18.146845881,596,1,res_e08dd225-6ddd-45bc-b1b2-7c6cf10375f6,2012-02-18 17:15:37.583498881,0.02564102564102564
Case246,W_Afhandelen leads,res_c475f0b2-f190-4931-b0ab-7a7e8189e241,Role 1,2012-02-18 10:52:14.698828102,604,0,res_c475f0b2-f190-4931-b0ab-7a7e8189e241,2012-02-18 10:49:00.016122102,0.02564102564102564
Case246,W_Completeren aanvraag,res_0dcb8a75-60b3-457b-aac5-fe91506450da,Role 1,2012-02-18 12:17:11.360481902,604,1,res_0dcb8a75-60b3-457b-aac5-fe91506450da,2012-02-18 12:14:55.188161902,0.0
Case247,W_Afhandelen leads,res_13a07171-afed-4486-9431-2507f9aacd76,Role 1,2012-02-18 10:52:34.793745863,605,1,res_13a07171-afed-4486-9431-2507f9aacd76,2012-02-18 10:49:31.246936863,0.05128205128205128
Case247,W_Completeren aanvraag,res_8f2bf97e-8175-4ba4-882d-f6b7957c1a2c,Role 1,2012-02-18 12:18:33.710684963,604,2,res_8f2bf97e-8175-4ba4-882d-f6b7957c1a2c,2012-02-18 12:16:21.693525963,0.02564102564102564
Case247,W_Completeren aanvraag,res_4a606e00-143e-4039-9760-70b3cb78e66a,Role 1,2012-02-18 18:13:28.533353763,595,1,res_4a606e00-143e-4039-9760-70b3cb78e66a,2012-02-18 18:11:44.448767763,0.0
Case248,W_Afhandelen leads,res_c05ba8c3-4cba-4513-8bb9-b3faa8713cc7,Role 1,2012-02-18 11:15:40.751167325,604,0,res_c05ba8c3-4cba-4513-8bb9-b3faa8713cc7,2012-02-18 11:12:25.402786325,0.0
Case248,W_Completeren aanvraag,res_8f2bf97e-8175-4ba4-882d-f6b7957c1a2c,Role 1,2012-02-18 12:36:53.618253225,603,1,res_8f2bf97e-8175-4ba4-882d-f6b7957c1a2c,2012-02-18 12:34:36.340541225,0.0
Case248,W_Completeren aanvraag,res_c05ba8c3-4cba-4513-8bb9-b3faa8713cc7,Role 1,2012-02-18 18:44:10.214357825,594,1,res_c05ba8c3-4cba-4513-8bb9-b3faa8713cc7,2012-02-18 18:42:24.135670825,0.0
Case249,W_Afhandelen leads,res_7b5eefe7-a9c7-4c10-ace5-1fd3772097ff,Role 1,2012-02-18 11:52:18.328233848,603,0,res_7b5eefe7-a9c7-4c10-ace5-1fd3772097ff,2012-02-18 11:49:04.656612848,0.0
Case249,W_Completeren aanvraag,res_32a810af-a1e0-4835-afe4-a9e543c58a25,Role 1,2012-02-18 13:07:35.160188748,602,1,res_32a810af-a1e0-4835-afe4-a9e543c58a25,2012-02-18 13:05:16.579681748,0.0
Case249,W_Completeren aanvraag,res_6d1d995e-4384-448a-9bf8-9fb7d8013316,Role 1,2012-02-18 19:23:12.754078648,593,1,res_6d1d995e-4384-448a-9bf8-9fb7d8013316,2012-02-18 19:21:26.701275648,0.0
Case249,W_Completeren aanvraag,res_a6b7a9b9-8dde-47b4-ba71-c31305bfae5d,Role 1,2012-02-19 07:58:04.406909148,589,1,res_a6b7a9b9-8dde-47b4-ba71-c31305bfae5d,2012-02-19 07:55:12.263376148,0.0
Case249,W_Nabellen offertes,res_6d1d995e-4384-448a-9bf8-9fb7d8013316,Role 1,2012-02-19 14:55:20.903995348,588,1,res_6d1d995e-4384-448a-9bf8-9fb7d8013316,2012-02-19 14:53:35.274653348,0.0
Case25,W_Completeren aanvraag,res_7b5eefe7-a9c7-4c10-ace5-1fd3772097ff,Role 1,2012-02-14 09:36:07.486561419,534,1,res_7b5eefe7-a9c7-4c10-ace5-1fd3772097ff,2012-02-14 09:33:27.322059419,0.02564102564102564
Case250,W_Completeren aanvraag,res_094e34c1-5472-4e50-8ca3-650a6a34e4ec,Role 1,2012-02-18 11:52:22.808621796,604,1,res_094e34c1-5472-4e50-8ca3-650a6a34e4ec,2012-02-18 11:49:40.924655796,0.02564102564102564
Case250,W_Completeren aanvraag,res_554d030c-8ea0-477b-9a72-1469e52cca81,Role 1,2012-02-18 13:07:47.580719696,602,2,res_554d030c-8ea0-477b-9a72-1469e52cca81,2012-02-18 13:05:42.378399696,0.02564102564102564
Case251,W_Completeren aanvraag,res_554d030c-8ea0-477b-9a72-1469e52cca81,Role 1,2012-02-18 12:52:24.570874541,603,1,res_554d030c-8ea0-477b-9a72-1469e52cca81,2012-02-18 12:49:45.565146541,0.0
Case252,W_Completeren aanvraag,res_6d1d995e-4384-448a-9bf8-9fb7d8013316,Role 1,2012-02-18 14:38:06.764130926,599,1,res_6d1d995e-4384-448a-9bf8-9fb7d8013316,2012-02-18 14:35:25.420542926,0.0
Case253,W_Afhandelen leads,res_e9f54089-f03e-4dc1-a453-57f4acf2c7fb,Role 1,2012-02-18 15:07:54.826929614,598,0,res_e9f54089-f03e-4dc1-a453-57f4acf2c7fb,2012-02-18 15:04:42.405734614,0.0
Case253,W_Completeren aanvraag,res_8f2bf97e-8175-4ba4-882d-f6b7957c1a2c,Role 1,2012-02-18 16:12:35.360636814,597,1,res_8f2bf97e-8175-4ba4-882d-f6b7957c1a2c,2012-02-18 16:10:07.444237814,0.0
Case254,W_Afhandelen leads,res_c77d0074-5613-45fd-a890-6d80edada349,Role 1,2012-02-19 09:01:53.081221493,589,0,res_c77d0074-5613-45fd-a890-6d80edada349,2012-02-19 08:58:56.762726493,0.0
Case254,W_Completeren aanvraag,res_63a2ec71-0edb-4961-a972-295906b733b9,Role 1,2012-02-19 11:32:15.260555893,590,1,res_63a2ec71-0edb-4961-a972-295906b733b9,2012-02-19 11:29:59.264399893,0.0
Case255,W_Afhandelen leads,res_a117c367-ca0b-4fb8-9736-c1d7d3de62d1,Role 1,2012-02-19 09:22:19.680689890,590,0,res_a117c367-ca0b-4fb8-9736-c1d7d3de62d1,2012-02-19 09:19:23.831512890,0.02564102564102564
Case255,W_Completeren aanvraag,res_a6b7a9b9-8dde-47b4-ba71-c31305bfae5d,Role 1,2012-02-19 11:47:11.371198190,589,1,res_a6b7a9b9-8dde-47b4-ba71-c31305bfae5d,2012-02-19 11:44:55.485984190,0.0
Case255,W_Completeren aanvraag,res_c475f0b2-f190-4931-b0ab-7a7e8189e241,Role 1,2012-02-19 14:51:32.781318490,587,1,res_c475f0b2-f190-4931-b0ab-7a7e8189e241,2012-02-19 14:49:30.378610490,0.0
Case255,W_Completeren aanvraag,res_f8a5c2f7-852b-4750-a5bc-71d8a9f25fcd,Role 1,2012-02-19 17:48:41.267526890,587,1,res_f8a5c2f7-852b-4750-a5bc-71d8a9f25fcd,2012-02-19 17:47:01.804299890,0.0
Case255,W_Nabellen offertes,res_a117c367-ca0b-4fb8-9736-c1d7d3de62d1,Role 1,2012-02-20 23:56:13.499946790,622,1,res_a117c367-ca0b-4fb8-9736-c1d7d3de62d1,2012-02-20 23:54:35.278950790,0.0
Case256,W_Afhandelen leads,res_c77d0074-5613-45fd-a890-6d80edada349,Role 1,2012-02-19 09:41:35.139032754,590,0,res_c77d0074-5613-45fd-a890-6d80edada349,2012-02-19 09:38:37.356767754,0.0
Case256,W_Completeren aanvraag,res_fa4ebd56-fe09-4e12-ab6b-f564242582f3,Role 1,2012-02-19 12:01:57.157632854,589,1,res_fa4ebd56-fe09-4e12-ab6b-f564242582f3,2012-02-19 11:59:40.884611854,0.0
Case256,W_Completeren aanvraag,res_7b5eefe7-a9c7-4c10-ace5-1fd3772097ff,Role 1,2012-02-19 15:15:32.381920454,587,1,res_7b5eefe7-a9c7-4c10-ace5-1fd3772097ff,2012-02-19 15:13:30.214478454,0.0
Case256,W_Completeren aanvraag,res_90ea4c98-054c-4dd3-aadb-9d56713379c2,Role 1,2012-02-19 18:31:06.622449654,587,1,res_90ea4c98-054c-4dd3-aadb-9d56713379c2,2012-02-19 18:29:28.183957654,0.0
Case256,W_Completeren aanvraag,res_6d1d995e-4384-448a-9bf8-9fb7d8013316,Role 1,2012-02-19 22:27:22.595416954,587,1,res_6d1d995e-4384-448a-9bf8-9fb7d8013316,2012-02-19 22:25:49.424834954,0.0
Case256,W_Completeren aanvraag,res_5423e6a8-eed7-4dc9-b44d-98691c53411e,Role 1,2012-02-20 09:47:11.259280654,586,1,res_5423e6a8-eed7-4dc9-b44d-98691c53411e,2012-02-20 09:43:58.214620654,0.0
Case256,W_Completeren aanvraag,res_f8a5c2f7-852b-4750-a5bc-71d8a9f25fcd,Role 1,2012-02-20 13:05:51.691399754,599,1,res_f8a5c2f7-852b-4750-a5bc-71d8a9f25fcd,2012-02-20 13:04:03.317660754,0.0
Case256,W_Nabellen offertes,res_8f2bf97e-8175-4ba4-882d-f6b7957c1a2c,Role 1,2012-02-20 19:05:38.375011354,614,1,res_8f2bf97e-8175-4ba4-882d-f6b7957c1a2c,2012-02-20 19:03:51.303604354,0.02564102564102564
Case256,W_Nabellen offertes,res_0dcb8a75-60b3-457b-aac5-fe91506450da,Role 1,2012-02-23 17:08:48.342646254,609,1,res_0dcb8a75-60b3-457b-aac5-fe91506450da,2012-02-23 16:56:11.686634254,0.0
Case257,W_Afhandelen leads,res_03b72214-605a-4b4f-97a5-ea18baa453ee,Role 1,2012-02-19 10:02:21.214451625,590,0,res_03b72214-605a-4b4f-97a5-ea18baa453ee,2012-02-19 09:59:22.559575625,0.0
Case257,W_Completeren aanvraag,res_c561e158-62af-4d50-bb96-33472303cf4c,Role 1,2012-02-19 12:16:30.923821725,589,1,res_c561e158-62af-4d50-bb96-33472303cf4c,2012-02-19 12:14:14.426099725,0.0
Case258,W_Afhandelen leads,res_3835d2af-f74a-47b9-b054-8234859b6abe,Role 1,2012-02-20 08:11:18.346765143,587,0,res_3835d2af-f74a-47b9-b054-8234859b6abe,2012-02-20 08:08:28.933898143,0.0
Case258,W_Completeren aanvraag,res_3835d2af-f74a-47b9-b054-8234859b6abe,Role 1,2012-02-20 11:00:04.734620443,600,1,res_3835d2af-f74a-47b9-b054-8234859b6abe,2012-02-20 10:57:46.743758443,0.0
Case259,W_Completeren aanvraag,res_d9486917-858c-4563-bf95-164b83d8a3d8,Role 1,2012-02-20 08:12:23.171756951,588,1,res_d9486917-858c-4563-bf95-164b83d8a3d8,2012-02-20 08:09:44.492320951,0.02564102564102564
Case26,W_Completeren aanvraag,res_3d71865b-e63e-44f8-a4fd-ece0ef216fef,Role 1,2012-02-14 09:54:44.375318335,533,1,res_3d71865b-e63e-44f8-a4fd-ece0ef216fef,2012-02-14 09:52:04.579271335,0.0
Case26,W_Nabellen offertes,res_fdf1178c-5a31-4f5e-8867-f12efd24326c,Role 1,2012-02-14 10:46:28.723847234,535,1,res_fdf1178c-5a31-4f5e-8867-f12efd24326c,2012-02-14 10:44:07.596468235,0.0
Case260,W_Completeren aanvraag,res_c561e158-62af-4d50-bb96-33472303cf4c,Role 1,2012-02-20 08:39:38.340717510,588,1,res_c561e158-62af-4d50-bb96-33472303cf4c,2012-02-20 08:36:59.576590510,0.0
Case260,W_Nabellen offertes,res_3d71865b-e63e-44f8-a4fd-ece0ef216fef,Role 1,2012-02-20 09:48:02.753881910,594,1,res_3d71865b-e63e-44f8-a4fd-ece0ef216fef,2012-02-20 09:45:55.091466910,0.02564102564102564
Case261,W_Afhandelen leads,res_3038739b-6c1c-42c1-b9ac-27ac6cc55a89,Role 1,2012-02-20 09:10:53.166401129,589,0,res_3038739b-6c1c-42c1-b9ac-27ac6cc55a89,2012-02-20 09:08:02.343574129,0.0
Case261,W_Completeren aanvraag,res_cd5fe8a1-7bca-4ddc-9e04-e32a42150d6e,Role 1,2012-02-20 11:52:32.775352429,607,1,res_cd5fe8a1-7bca-4ddc-9e04-e32a42150d6e,2012-02-20 11:50:15.533900429,0.05128205128205128
Case262,W_Completeren aanvraag,res_c05ba8c3-4cba-4513-8bb9-b3faa8713cc7,Role 1,2012-02-20 09:13:20.961499481,590,1,res_c05ba8c3-4cba-4513-8bb9-b3faa8713cc7,2012-02-20 09:10:42.527430481,0.02564102564102564
Case263,W_Afhandelen leads,res_13a07171-afed-4486-9431-2507f9aacd76,Role 1,2012-02-20 09:19:31.240331771,590,0,res_13a07171-afed-4486-9431-2507f9aacd76,2012-02-20 09:16:40.170631771,0.0
Case263,W_Completeren aanvraag,res_dfa30272-4bc0-4c82-9bd0-6b4169bccece,Role 1,2012-02-20 12:00:18.381582571,606,2,res_dfa30272-4bc0-4c82-9bd0-6b4169bccece,2012-02-20 11:58:01.635410571,0.02564102564102564
Case264,W_Completeren aanvraag,res_a117c367-ca0b-4fb8-9736-c1d7d3de62d1,Role 1,2012-02-20 09:23:16.430992206,591,1,res_a117c367-ca0b-4fb8-9736-c1d7d3de62d1,2012-02-20 09:20:37.927802206,0.0
Case265,W_Afhandelen leads,res_a6b7a9b9-8dde-47b4-ba71-c31305bfae5d,Role 1,2012-02-20 09:28:31.503319437,591,0,res_a6b7a9b9-8dde-47b4-ba71-c31305bfae5d,2012-02-20 09:25:40.161493437,0.0
Case265,W_Completeren aanvraag,res_32a810af-a1e0-4835-afe4-a9e543c58a25,Role 1,2012-02-20 12:07:38.634324937,605,1,res_32a810af-a1e0-4835-afe4-a9e543c58a25,2012-02-20 12:05:20.611978937,0.0
Case266,W_Completeren aanvraag,res_4d8dd482-f3ce-4175-9cd8-f5584cb38f63,Role 1,2012-02-20 09:33:00.640053919,592,1,res_4d8dd482-f3ce-4175-9cd8-f5584cb38f63,2012-02-20 09:30:22.246271919,0.0
Case266,W_Nabellen offertes,res_03b72214-605a-4b4f-97a5-ea18baa453ee,Role 1,2012-02-20 10:29:02.203561919,598,1,res_03b72214-605a-4b4f-97a5-ea18baa453ee,2012-02-20 10:26:53.614677919,0.0
Case267,W_Completeren aanvraag,res_ee19d540-6f30-4eb3-abd5-d42bf0a0cc9f,Role 1,2012-02-20 09:37:14.455485553,593,1,res_ee19d540-6f30-4eb3-abd5-d42bf0a0cc9f,2012-02-20 09:34:36.122572553,0.0
Case267,W_Completeren aanvraag,res_a117c367-ca0b-4fb8-9736-c1d7d3de62d1,Role 1,2012-02-20 12:14:26.038775953,605,1,res_a117c367-ca0b-4fb8-9736-c1d7d3de62d1,2012-02-20 12:12:12.947406953,0.07692307692307693
Case267,W_Nabellen offertes,res_c05ba8c3-4cba-4513-8bb9-b3faa8713cc7,Role 1,2012-02-21 12:34:52.506863753,618,1,res_c05ba8c3-4cba-4513-8bb9-b3faa8713cc7,2012-02-21 12:32:15.524514753,0.0
Case268,W_Afhandelen leads,res_3d71865b-e63e-44f8-a4fd-ece0ef216fef,Role 1,2012-02-20 09:42:41.181409795,594,0,res_3d71865b-e63e-44f8-a4fd-ece0ef216fef,2012-02-20 09:39:49.438165795,0.0
Case268,W_Completeren aanvraag,res_5423e6a8-eed7-4dc9-b44d-98691c53411e,Role 1,2012-02-20 12:18:40.376616695,604,1,res_5423e6a8-eed7-4dc9-b44d-98691c53411e,2012-02-20 12:16:22.227264695,0.0
Case268,W_Completeren aanvraag,res_fdf1178c-5a31-4f5e-8867-f12efd24326c,Role 1,2012-02-20 15:05:56.207075395,610,1,res_fdf1178c-5a31-4f5e-8867-f12efd24326c,2012-02-20 15:03:43.522767395,0.0
Case268,W_Completeren aanvraag,res_240d458f-f7c5-4593-8aba-741926c2775b,Role 1,2012-02-20 16:39:16.267788095,614,2,res_240d458f-f7c5-4593-8aba-741926c2775b,2012-02-20 16:37:22.405449095,0.05128205128205128
Case268,W_Completeren aanvraag,res_c66fd8c7-ae25-415c-80c1-ac9cc1be7147,Role 1,2012-02-20 17:25:17.451758495,618,3,res_c66fd8c7-ae25-415c-80c1-ac9cc1be7147,2012-02-20 17:23:38.632167495,0.05128205128205128
Case268,W_Nabellen offertes,res_c561e158-62af-4d50-bb96-33472303cf4c,Role 1,2012-02-20 20:54:50.708400595,621,1,res_c561e158-62af-4d50-bb96-33472303cf4c,2012-02-20 20:53:10.535415595,0.0
Case268,W_Nabellen offertes,res_c05ba8c3-4cba-4513-8bb9-b3faa8713cc7,Role 1,2012-02-24 18:26:04.296574495,618,1,res_c05ba8c3-4cba-4513-8bb9-b3faa8713cc7,2012-02-24 18:13:43.418270495,0.0
Case269,W_Afhandelen leads,res_3038739b-6c1c-42c1-b9ac-27ac6cc55a89,Role 1,2012-02-20 09:46:41.099741505,594,0,res_3038739b-6c1c-42c1-b9ac-27ac6cc55a89,2012-02-20 09:43:49.210227505,0.0
Case269,W_Completeren aanvraag,res_240d458f-f7c5-4593-8aba-741926c2775b,Role 1,2012-02-20 12:21:38.188646705,605,2,res_240d458f-f7c5-4593-8aba-741926c2775b,2012-02-20 12:19:21.231735705,0.02564102564102564
Case27,W_Completeren aanvraag,res_90ea4c98-054c-4dd3-aadb-9d56713379c2,Role 1,2012-02-14 10:08:33.772018583,534,1,res_90ea4c98-054c-4dd3-aadb-9d56713379c2,2012-02-14 10:05:54.714476583,0.0
Case270,W_Afhandelen leads,res_ee19d540-6f30-4eb3-abd5-d42bf0a0cc9f,Role 1,2012-02-20 09:52:59.089577543,595,0,res_ee19d540-6f30-4eb3-abd5-d42bf0a0cc9f,2012-02-20 09:50:07.002341543,0.0
Case270,W_Completeren aanvraag,res_b48df80a-ad89-4a8c-8f9d-edecf950fdb5,Role 1,2012-02-20 12:26:12.502003243,604,1,res_b48df80a-ad89-4a8c-8f9d-edecf950fdb5,2012-02-20 12:23:54.225796243,0.0
Case270,W_Nabellen offertes,res_90ea4c98-054c-4dd3-aadb-9d56713379c2,Role 1,2012-02-21 15:18:41.096438743,624,1,res_90ea4c98-054c-4dd3-aadb-9d56713379c2,2012-02-21 15:16:24.244477743,0.0
Case270,W_Nabellen offertes,res_63a2ec71-0edb-4961-a972-295906b733b9,Role 1,2012-02-26 09:13:56.044296943,629,1,res_63a2ec71-0edb-4961-a972-295906b733b9,2012-02-26 09:12:20.547391943,0.0
Case271,W_Afhandelen leads,res_094e34c1-5472-4e50-8ca3-650a6a34e4ec,Role 1,2012-02-20 09:58:45.830564821,596,0,res_094e34c1-5472-4e50-8ca3-650a6a34e4ec,2012-02-20 09:55:53.563640821,0.0
Case271,W_Completeren aanvraag,res_c561e158-62af-4d50-bb96-33472303cf4c,Role 1,2012-02-20 12:30:12.131980521,606,1,res_c561e158-62af-4d50-bb96-33472303cf4c,2012-02-20 12:27:53.776986521,0.0
Case272,W_Afhandelen leads,res_fe8f604a-4f72-4c5b-9082-2dc751f7d4b9,Role 1,2012-02-20 10:03:16.966758292,597,0,res_fe8f604a-4f72-4c5b-9082-2dc751f7d4b9,2012-02-20 10:00:24.566517292,0.0
Case272,W_Completeren aanvraag,res_0dd9fb20-75d3-4949-8e8b-38b1e2a52fbf,Role 1,2012-02-20 12:33:10.208171891,606,1,res_0dd9fb20-75d3-4949-8e8b-38b1e2a52fbf,2012-02-20 12:30:52.191857892,0.02564102564102564
Case272,W_Completeren aanvraag,res_63a2ec71-0edb-4961-a972-295906b733b9,Role 1,2012-02-20 15:30:43.525634192,611,2,res_63a2ec71-0edb-4961-a972-295906b733b9,2012-02-20 15:28:32.254061192,0.02564102564102564
Case272,W_Completeren aanvraag,res_fe8f604a-4f72-4c5b-9082-2dc751f7d4b9,Role 1,2012-02-20 17:00:41.152323092,615,2,res_fe8f604a-4f72-4c5b-9082-2dc751f7d4b9,2012-02-20 16:58:50.456128092,0.02564102564102564
Case272,W_Completeren aanvraag,res_e08dd225-6ddd-45bc-b1b2-7c6cf10375f6,Role 1,2012-02-20 17:45:57.559696592,617,1,res_e08dd225-6ddd-45bc-b1b2-7c6cf10375f6,2012-02-20 17:44:19.416735592,0.0
Case272,W_Nabellen offertes,res_90ea4c98-054c-4dd3-aadb-9d56713379c2,Role 1,2012-02-20 21:00:50.708779492,622,1,res_90ea4c98-054c-4dd3-aadb-9d56713379c2,2012-02-20 20:59:11.642327492,0.0
Case273,W_Completeren aanvraag,res_4a606e00-143e-4039-9760-70b3cb78e66a,Role 1,2012-02-20 10:07:56.463047423,598,1,res_4a606e00-143e-4039-9760-70b3cb78e66a,2012-02-20 10:05:18.740643423,0.0
Case274,W_Completeren aanvraag,res_6d1d995e-4384-448a-9bf8-9fb7d8013316,Role 1,2012-02-20 10:12:19.294611794,598,1,res_6d1d995e-4384-448a-9bf8-9fb7d8013316,2012-02-20 10:09:41.683954794,0.0
Case275,W_Afhandelen leads,res_094e34c1-5472-4e50-8ca3-650a6a34e4ec,Role 1,2012-02-20 10:13:04.499111554,599,0,res_094e34c1-5472-4e50-8ca3-650a6a34e4ec,2012-02-20 10:10:12.914769554,0.02564102564102564
Case275,W_Completeren aanvraag,res_63a2ec71-0edb-4961-a972-295906b733b9,Role 1,2012-02-20 12:39:35.485178554,607,1,res_63a2ec71-0edb-4961-a972-295906b733b9,2012-02-20 12:37:17.257709554,0.0
Case275,W_Completeren aanvraag,res_3038739b-6c1c-42c1-b9ac-27ac6cc55a89,Role 1,2012-02-20 15:41:26.888315354,612,1,res_3038739b-6c1c-42c1-b9ac-27ac6cc55a89,2012-02-20 15:39:14.644336354,0.0
Case275,W_Nabellen offertes,res_0dcb8a75-60b3-457b-aac5-fe91506450da,Role 1,2012-02-21 19:22:53.372127954,625,1,res_0dcb8a75-60b3-457b-aac5-fe91506450da,2012-02-21 19:21:06.826152954,0.02564102564102564
Case275,W_Nabellen offertes,res_63a2ec71-0edb-4961-a972-295906b733b9,Role 1,2012-02-24 19:57:14.359333254,619,1,res_63a2ec71-0edb-4961-a972-295906b733b9,2012-02-24 19:49:24.768799254,0.0
Case276,W_Completeren aanvraag,res_c05ba8c3-4cba-4513-8bb9-b3faa8713cc7,Role 1,2012-02-20 10:18:19.779191996,599,1,res_c05ba8c3-4cba-4513-8bb9-b3faa8713cc7,2012-02-20 10:15:42.349492996,0.0
Case277,W_Completeren aanvraag,res_e08dd225-6ddd-45bc-b1b2-7c6cf10375f6,Role 1,2012-02-20 10:27:43.659900960,598,1,res_e08dd225-6ddd-45bc-b1b2-7c6cf10375f6,2012-02-20 10:25:06.519049960,0.0
Case277,W_Completeren aanvraag,res_63a2ec71-0edb-4961-a972-295906b733b9,Role 1,2012-02-20 12:49:48.800636260,608,2,res_63a2ec71-0edb-4961-a972-295906b733b9,2012-02-20 12:47:35.392264260,0.02564102564102564
Case278,W_Completeren aanvraag,res_d9a4b451-1c76-46c3-87c6-97373bec81d0,Role 1,2012-02-20 10:32:22.541694530,599,1,res_d9a4b451-1c76-46c3-87c6-97373bec81d0,2012-02-20 10:29:45.581491530,0.0
Case278,W_Nabellen offertes,res_90ea4c98-054c-4dd3-aadb-9d56713379c2,Role 1,2012-02-20 11:21:01.629782730,604,1,res_90ea4c98-054c-4dd3-aadb-9d56713379c2,2012-02-20 11:18:51.155612730,0.0
Case279,W_Afhandelen leads,res_4a606e00-143e-4039-9760-70b3cb78e66a,Role 1,2012-02-20 10:40:43.818362136,600,0,res_4a606e00-143e-4039-9760-70b3cb78e66a,2012-02-20 10:37:50.162843136,0.0
Case279,W_Completeren aanvraag,res_c05ba8c3-4cba-4513-8bb9-b3faa8713cc7,Role 1,2012-02-20 12:58:56.359158436,608,1,res_c05ba8c3-4cba-4513-8bb9-b3faa8713cc7,2012-02-20 12:56:37.688969436,0.02564102564102564
Case28,W_Completeren aanvraag,res_a117c367-ca0b-4fb8-9736-c1d7d3de62d1,Role 1,2012-02-14 10:08:49.054558331,535,2,res_a117c367-ca0b-4fb8-9736-c1d7d3de62d1,2012-02-14 10:06:14.863389331,0.02564102564102564
Case280,W_Afhandelen leads,res_fe8f604a-4f72-4c5b-9082-2dc751f7d4b9,Role 1,2012-02-20 10:47:07.597594637,601,0,res_fe8f604a-4f72-4c5b-9082-2dc751f7d4b9,2012-02-20 10:44:15.007076637,0.02564102564102564
Case280,W_Completeren aanvraag,res_e9f54089-f03e-4dc1-a453-57f4acf2c7fb,Role 1,2012-02-20 13:03:20.062012836,607,2,res_e9f54089-f03e-4dc1-a453-57f4acf2c7fb,2012-02-20 13:01:02.521097836,0.02564102564102564
Case281,W_Completeren aanvraag,res_094e34c1-5472-4e50-8ca3-650a6a34e4ec,Role 1,2012-02-20 10:54:34.382667857,601,1,res_094e34c1-5472-4e50-8ca3-650a6a34e4ec,2012-02-20 10:51:58.432069857,0.0
Case281,W_Nabellen offertes,res_f8a5c2f7-852b-4750-a5bc-71d8a9f25fcd,Role 1,2012-02-20 11:41:43.359170457,607,1,res_f8a5c2f7-852b-4750-a5bc-71d8a9f25fcd,2012-02-20 11:39:32.043376457,0.02564102564102564
Case282,W_Afhandelen leads,res_3d71865b-e63e-44f8-a4fd-ece0ef216fef,Role 1,2012-02-20 11:03:00.318266376,602,0,res_3d71865b-e63e-44f8-a4fd-ece0ef216fef,2012-02-20 11:00:06.035758376,0.0
Case282,W_Completeren aanvraag,res_c77d0074-5613-45fd-a890-6d80edada349,Role 1,2012-02-20 13:14:19.964112276,606,1,res_c77d0074-5613-45fd-a890-6d80edada349,2012-02-20 13:12:00.804491276,0.02564102564102564
Case283,W_Completeren aanvraag,res_3038739b-6c1c-42c1-b9ac-27ac6cc55a89,Role 1,2012-02-20 11:12:23.244996814,603,1,res_3038739b-6c1c-42c1-b9ac-27ac6cc55a89,2012-02-20 11:09:48.339336814,0.0
Case283,W_Completeren aanvraag,res_240d458f-f7c5-4593-8aba-741926c2775b,Role 1,2012-02-20 13:19:39.786482314,604,1,res_240d458f-f7c5-4593-8aba-741926c2775b,2012-02-20 13:17:24.381348314,0.0
Case283,W_Completeren aanvraag,res_ffdbf4b7-c588-487c-b4ec-ae52c332aeda,Role 1,2012-02-20 16:27:25.370559414,613,1,res_ffdbf4b7-c588-487c-b4ec-ae52c332aeda,2012-02-20 16:25:16.124641414,0.0
Case283,W_Completeren aanvraag,res_c475f0b2-f190-4931-b0ab-7a7e8189e241,Role 1,2012-02-20 17:49:32.555881513,617,1,res_c475f0b2-f190-4931-b0ab-7a7e8189e241,2012-02-20 17:47:43.854912513,0.0
Case284,W_Afhandelen leads,res_c05ba8c3-4cba-4513-8bb9-b3faa8713cc7,Role 1,2012-02-20 11:13:31.842748686,604,0,res_c05ba8c3-4cba-4513-8bb9-b3faa8713cc7,2012-02-20 11:10:38.711618686,0.02564102564102564
Case284,W_Completeren aanvraag,res_32a810af-a1e0-4835-afe4-a9e543c58a25,Role 1,2012-02-20 13:21:34.841510786,604,2,res_32a810af-a1e0-4835-afe4-a9e543c58a25,2012-02-20 13:19:16.771492786,0.02564102564102564
Case284,W_Completeren aanvraag,res_90ea4c98-054c-4dd3-aadb-9d56713379c2,Role 1,2012-02-20 16:35:51.617932386,614,3,res_90ea4c98-054c-4dd3-aadb-9d56713379c2,2012-02-20 16:33:43.524111386,0.05128205128205128
Case284,W_Completeren aanvraag,res_fa4ebd56-fe09-4e12-ab6b-f564242582f3,Role 1,2012-02-20 18:01:39.853845686,617,2,res_fa4ebd56-fe09-4e12-ab6b-f564242582f3,2012-02-20 17:59:55.030232686,0.02564102564102564
Case285,W_Completeren aanvraag,res_7b5eefe7-a9c7-4c10-ace5-1fd3772097ff,Role 1,2012-02-20 11:18:13.229222642,605,1,res_7b5eefe7-a9c7-4c10-ace5-1fd3772097ff,2012-02-20 11:15:38.930418642,0.02564102564102564
Case285,W_Nabellen offertes,res_4d8dd482-f3ce-4175-9cd8-f5584cb38f63,Role 1,2012-02-20 12:04:07.100937742,605,2,res_4d8dd482-f3ce-4175-9cd8-f5584cb38f63,2012-02-20 12:01:57.833777742,0.05128205128205128
Case286,W_Completeren aanvraag,res_8f2bf97e-8175-4ba4-882d-f6b7957c1a2c,Role 1,2012-02-20 11:24:50.919710429,605,1,res_8f2bf97e-8175-4ba4-882d-f6b7957c1a2c,2012-02-20 11:22:16.871445429,0.0
Case286,W_Completeren aanvraag,res_e9f54089-f03e-4dc1-a453-57f4acf2c7fb,Role 1,2012-02-20 13:29:14.082226829,606,1,res_e9f54089-f03e-4dc1-a453-57f4acf2c7fb,2012-02-20 13:26:58.560485829,0.02564102564102564
Case287,W_Afhandelen leads,res_0dd9fb20-75d3-4949-8e8b-38b1e2a52fbf,Role 1,2012-02-20 11:30:14.875922298,606,0,res_0dd9fb20-75d3-4949-8e8b-38b1e2a52fbf,2012-02-20 11:27:20.112582298,0.0
Case287,W_Completeren aanvraag,res_63a2ec71-0edb-4961-a972-295906b733b9,Role 1,2012-02-20 13:32:55.102714398,605,1,res_63a2ec71-0edb-4961-a972-295906b733b9,2012-02-20 13:30:34.759990398,0.0
Case287,W_Nabellen offertes,res_3835d2af-f74a-47b9-b054-8234859b6abe,Role 1,2012-02-22 15:52:34.181246998,613,1,res_3835d2af-f74a-47b9-b054-8234859b6abe,2012-02-22 15:49:58.575207998,0.0
Case287,W_Nabellen offertes,res_a117c367-ca0b-4fb8-9736-c1d7d3de62d1,Role 1,2012-02-26 15:19:58.834284097,625,1,res_a117c367-ca0b-4fb8-9736-c1d7d3de62d1,2012-02-26 15:18:00.305761098,0.0
Case287,W_Nabellen offertes,res_d9a4b451-1c76-46c3-87c6-97373bec81d0,Role 1,2012-02-28 21:18:40.275426998,642,1,res_d9a4b451-1c76-46c3-87c6-97373bec81d0,2012-02-28 21:16:42.083159998,0.0
Case287,W_Nabellen offertes,res_cd5fe8a1-7bca-4ddc-9e04-e32a42150d6e,Role 1,2012-03-01 11:07:43.799715198,635,2,res_cd5fe8a1-7bca-4ddc-9e04-e32a42150d6e,2012-03-01 11:05:54.790210198,0.02564102564102564
Case288,W_Afhandelen leads,res_4d8dd482-f3ce-4175-9cd8-f5584cb38f63,Role 1,2012-02-20 11:36:37.773248523,607,0,res_4d8dd482-f3ce-4175-9cd8-f5584cb38f63,2012-02-20 11:33:42.941924523,0.0
Case288,W_Completeren aanvraag,res_3d71865b-e63e-44f8-a4fd-ece0ef216fef,Role 1,2012-02-20 13:33:44.249146923,605,2,res_3d71865b-e63e-44f8-a4fd-ece0ef216fef,2012-02-20 13:31:25.368076923,0.02564102564102564
Case288,W_Completeren aanvraag,res_fdf1178c-5a31-4f5e-8867-f12efd24326c,Role 1,2012-02-20 16:40:37.289508423,613,1,res_fdf1178c-5a31-4f5e-8867-f12efd24326c,2012-02-20 16:38:26.887477423,0.0
Case288,W_Completeren aanvraag,res_3835d2af-f74a-47b9-b054-8234859b6abe,Role 1,2012-02-20 18:00:05.873305423,617,3,res_3835d2af-f74a-47b9-b054-8234859b6abe,2012-02-20 17:58:18.776283423,0.05128205128205128
Case288,W_Nabellen offertes,res_3d71865b-e63e-44f8-a4fd-ece0ef216fef,Role 1,2012-02-21 01:19:08.299461923,619,1,res_3d71865b-e63e-44f8-a4fd-ece0ef216fef,2012-02-21 01:17:34.308567923,0.0
Case289,W_Completeren aanvraag,res_e9f54089-f03e-4dc1-a453-57f4acf2c7fb,Role 1,2012-02-20 11:44:12.062100030,606,1,res_e9f54089-f03e-4dc1-a453-57f4acf2c7fb,2012-02-20 11:41:39.463711030,0.0
Case29,W_Completeren aanvraag,res_8f2bf97e-8175-4ba4-882d-f6b7957c1a2c,Role 1,2012-02-14 10:25:37.303249854,534,1,res_8f2bf97e-8175-4ba4-882d-f6b7957c1a2c,2012-02-14 10:22:59.286689855,0.0
Case29,W_Completeren aanvraag,res_ee19d540-6f30-4eb3-abd5-d42bf0a0cc9f,Role 1,2012-02-14 12:20:59.578712354,537,2,res_ee19d540-6f30-4eb3-abd5-d42bf0a0cc9f,2012-02-14 12:18:39.799987354,0.02564102564102564
Case290,W_Completeren aanvraag,res_0dcb8a75-60b3-457b-aac5-fe91506450da,Role 1,2012-02-20 11:50:51.515235093,605,1,res_0dcb8a75-60b3-457b-aac5-fe91506450da,2012-02-20 11:48:19.419629093,0.0
Case290,W_Nabellen offertes,res_3835d2af-f74a-47b9-b054-8234859b6abe,Role 1,2012-02-20 12:35:28.234212093,608,1,res_3835d2af-f74a-47b9-b054-8234859b6abe,2012-02-20 12:33:14.093020093,0.02564102564102564
Case291,W_Afhandelen leads,res_0dd9fb20-75d3-4949-8e8b-38b1e2a52fbf,Role 1,2012-02-20 11:59:34.817641536,605,0,res_0dd9fb20-75d3-4949-8e8b-38b1e2a52fbf,2012-02-20 11:56:41.127556536,0.02564102564102564
Case291,W_Completeren aanvraag,res_b48df80a-ad89-4a8c-8f9d-edecf950fdb5,Role 1,2012-02-20 13:45:28.289304136,606,1,res_b48df80a-ad89-4a8c-8f9d-edecf950fdb5,2012-02-20 13:43:07.456223136,0.0
Case291,W_Nabellen offertes,res_5423e6a8-eed7-4dc9-b44d-98691c53411e,Role 1,2012-02-22 13:45:07.487318836,606,1,res_5423e6a8-eed7-4dc9-b44d-98691c53411e,2012-02-22 13:42:01.418547836,0.0
Case292,W_Completeren aanvraag,res_0dd9fb20-75d3-4949-8e8b-38b1e2a52fbf,Role 1,2012-02-20 12:06:05.576352072,605,2,res_0dd9fb20-75d3-4949-8e8b-38b1e2a52fbf,2012-02-20 12:03:39.217496072,0.02564102564102564
Case292,W_Nabellen offertes,res_a117c367-ca0b-4fb8-9736-c1d7d3de62d1,Role 1,2012-02-20 12:49:58.207049272,608,1,res_a117c367-ca0b-4fb8-9736-c1d7d3de62d1,2012-02-20 12:47:44.867621272,0.02564102564102564
Case293,W_Afhandelen leads,res_63a2ec71-0edb-4961-a972-295906b733b9,Role 1,2012-02-20 12:13:42.137907619,605,0,res_63a2ec71-0edb-4961-a972-295906b733b9,2012-02-20 12:10:48.389337619,0.02564102564102564
Case293,W_Completeren aanvraag,res_3835d2af-f74a-47b9-b054-8234859b6abe,Role 1,2012-02-20 13:54:29.186974219,607,1,res_3835d2af-f74a-47b9-b054-8234859b6abe,2012-02-20 13:52:08.448005219,0.02564102564102564
Case294,W_Afhandelen leads,res_8f2bf97e-8175-4ba4-882d-f6b7957c1a2c,Role 1,2012-02-20 12:13:53.840864005,606,1,res_8f2bf97e-8175-4ba4-882d-f6b7957c1a2c,2012-02-20 12:11:09.545696005,0.05128205128205128
Case294,W_Completeren aanvraag,res_32a810af-a1e0-4835-afe4-a9e543c58a25,Role 1,2012-02-20 13:57:20.871349804,606,2,res_32a810af-a1e0-4835-afe4-a9e543c58a25,2012-02-20 13:55:02.810416804,0.05128205128205128
Case294,W_Nabellen offertes,res_03b72214-605a-4b4f-97a5-ea18baa453ee,Role 1,2012-02-22 19:47:07.990748805,620,1,res_03b72214-605a-4b4f-97a5-ea18baa453ee,2012-02-22 19:45:04.620122805,0.0
Case295,W_Afhandelen leads,res_a117c367-ca0b-4fb8-9736-c1d7d3de62d1,Role 1,2012-02-20 12:18:38.228627026,607,0,res_a117c367-ca0b-4fb8-9736-c1d7d3de62d1,2012-02-20 12:15:44.578355026,0.02564102564102564
Case295,W_Completeren aanvraag,res_0dcb8a75-60b3-457b-aac5-fe91506450da,Role 1,2012-02-20 13:56:31.555512126,607,2,res_0dcb8a75-60b3-457b-aac5-fe91506450da,2012-02-20 13:54:12.427098126,0.05128205128205128
Case296,W_Completeren aanvraag,res_4a606e00-143e-4039-9760-70b3cb78e66a,Role 1,2012-02-20 12:22:14.869222373,607,1,res_4a606e00-143e-4039-9760-70b3cb78e66a,2012-02-20 12:19:45.357862373,0.0
Case296,W_Nabellen offertes,res_32a810af-a1e0-4835-afe4-a9e543c58a25,Role 1,2012-02-20 13:05:26.368605373,606,1,res_32a810af-a1e0-4835-afe4-a9e543c58a25,2012-02-20 13:03:10.707156373,0.0
Case297,W_Afhandelen leads,res_c77d0074-5613-45fd-a890-6d80edada349,Role 1,2012-02-20 12:29:40.761726183,608,0,res_c77d0074-5613-45fd-a890-6d80edada349,2012-02-20 12:26:45.462693183,0.0
Case297,W_Completeren aanvraag,res_fdf1178c-5a31-4f5e-8867-f12efd24326c,Role 1,2012-02-20 14:01:15.034128983,605,1,res_fdf1178c-5a31-4f5e-8867-f12efd24326c,2012-02-20 13:58:52.970805983,0.0
Case297,W_Nabellen offertes,res_ee19d540-6f30-4eb3-abd5-d42bf0a0cc9f,Role 1,2012-02-22 16:10:45.154251483,613,1,res_ee19d540-6f30-4eb3-abd5-d42bf0a0cc9f,2012-02-22 16:08:15.279227483,0.0
Case298,W_Completeren aanvraag,res_fa4ebd56-fe09-4e12-ab6b-f564242582f3,Role 1,2012-02-20 12:36:15.972698269,608,1,res_fa4ebd56-fe09-4e12-ab6b-f564242582f3,2012-02-20 12:33:47.582415269,0.0
Case299,W_Completeren aanvraag,res_c66fd8c7-ae25-415c-80c1-ac9cc1be7147,Role 1,2012-02-20 12:39:44.276139218,607,1,res_c66fd8c7-ae25-415c-80c1-ac9cc1be7147,2012-02-20 12:37:16.123662218,0.0
Case299,W_Completeren aanvraag,res_32a810af-a1e0-4835-afe4-a9e543c58a25,Role 1,2012-02-20 14:08:28.579380018,606,3,res_32a810af-a1e0-4835-afe4-a9e543c58a25,2012-02-20 14:06:13.246099018,0.05128205128205128
Case299,W_Nabellen offertes,res_a117c367-ca0b-4fb8-9736-c1d7d3de62d1,Role 1,2012-02-22 18:28:51.547089418,620,1,res_a117c367-ca0b-4fb8-9736-c1d7d3de62d1,2012-02-22 18:26:44.834971418,0.05128205128205128
Case3,W_Completeren aanvraag,res_3835d2af-f74a-47b9-b054-8234859b6abe,Role 1,2012-02-13 19:23:11.181850046,521,1,res_3835d2af-f74a-47b9-b054-8234859b6abe,2012-02-13 19:20:39.158134046,0.0
Case3,W_Nabellen offertes,res_d9486917-858c-4563-bf95-164b83d8a3d8,Role 1,2012-02-13 19:42:24.004050146,522,1,res_d9486917-858c-4563-bf95-164b83d8a3d8,2012-02-13 19:40:03.162447146,0.0
Case3,W_Nabellen offertes,res_63a2ec71-0edb-4961-a972-295906b733b9,Role 1,2012-02-21 21:30:48.987738846,616,1,res_63a2ec71-0edb-4961-a972-295906b733b9,2012-02-21 21:27:53.218571846,0.0
Case3,W_Nabellen offertes,res_d9486917-858c-4563-bf95-164b83d8a3d8,Role 1,2012-02-23 14:54:58.245740146,622,1,res_d9486917-858c-4563-bf95-164b83d8a3d8,2012-02-23 14:53:19.946932146,0.02564102564102564
Case30,W_Completeren aanvraag,res_fa4ebd56-fe09-4e12-ab6b-f564242582f3,Role 1,2012-02-14 10:37:32.488109259,535,2,res_fa4ebd56-fe09-4e12-ab6b-f564242582f3,2012-02-14 10:35:00.617766259,0.02564102564102564
Case30,W_Completeren aanvraag,res_7b5eefe7-a9c7-4c10-ace5-1fd3772097ff,Role 1,2012-02-14 12:28:16.856594759,536,1,res_7b5eefe7-a9c7-4c10-ace5-1fd3772097ff,2012-02-14 12:25:55.900777759,0.0
Case30,W_Completeren aanvraag,res_a6b7a9b9-8dde-47b4-ba71-c31305bfae5d,Role 1,2012-02-14 15:49:07.546570859,544,1,res_a6b7a9b9-8dde-47b4-ba71-c31305bfae5d,2012-02-14 15:46:51.426306859,0.0
Case300,W_Completeren aanvraag,res_3835d2af-f74a-47b9-b054-8234859b6abe,Role 1,2012-02-20 12:44:05.865477952,608,1,res_3835d2af-f74a-47b9-b054-8234859b6abe,2012-02-20 12:41:38.059527952,0.0
Case300,W_Completeren aanvraag,res_c561e158-62af-4d50-bb96-33472303cf4c,Role 1,2012-02-20 14:07:35.242263252,606,2,res_c561e158-62af-4d50-bb96-33472303cf4c,2012-02-20 14:05:18.413898252,0.02564102564102564
Case300,W_Completeren aanvraag,res_c05ba8c3-4cba-4513-8bb9-b3faa8713cc7,Role 1,2012-02-20 16:57:41.797180452,616,1,res_c05ba8c3-4cba-4513-8bb9-b3faa8713cc7,2012-02-20 16:55:34.900469452,0.0
Case300,W_Nabellen offertes,res_c77d0074-5613-45fd-a890-6d80edada349,Role 1,2012-02-21 15:27:35.865865752,624,1,res_c77d0074-5613-45fd-a890-6d80edada349,2012-02-21 15:25:38.171003752,0.02564102564102564
Case300,W_Nabellen offertes,res_fdf1178c-5a31-4f5e-8867-f12efd24326c,Role 1,2012-02-24 15:57:47.290364252,619,1,res_fdf1178c-5a31-4f5e-8867-f12efd24326c,2012-02-24 15:46:55.112370252,0.0
Case300,W_Nabellen offertes,res_4d8dd482-f3ce-4175-9cd8-f5584cb38f63,Role 1,2012-02-26 20:22:04.845784852,623,1,res_4d8dd482-f3ce-4175-9cd8-f5584cb38f63,2012-02-26 20:20:08.105327852,0.0
Case301,W_Completeren aanvraag,res_03b72214-605a-4b4f-97a5-ea18baa453ee,Role 1,2012-02-20 12:49:53.046597867,607,1,res_03b72214-605a-4b4f-97a5-ea18baa453ee,2012-02-20 12:47:25.628272867,0.0
Case302,W_Afhandelen leads,res_6d1d995e-4384-448a-9bf8-9fb7d8013316,Role 1,2012-02-20 12:58:13.729365825,606,0,res_6d1d995e-4384-448a-9bf8-9fb7d8013316,2012-02-20 12:55:18.120276825,0.0
Case302,W_Completeren aanvraag,res_6d1d995e-4384-448a-9bf8-9fb7d8013316,Role 1,2012-02-20 14:17:33.695585125,607,1,res_6d1d995e-4384-448a-9bf8-9fb7d8013316,2012-02-20 14:15:10.732584125,0.0
Case302,W_Nabellen offertes,res_7b5eefe7-a9c7-4c10-ace5-1fd3772097ff,Role 1,2012-02-22 16:27:44.256428425,614,2,res_7b5eefe7-a9c7-4c10-ace5-1fd3772097ff,2012-02-22 16:25:20.920053425,0.05128205128205128
Case302,W_Nabellen offertes,res_c561e158-62af-4d50-bb96-33472303cf4c,Role 1,2012-02-27 04:08:25.435883725,623,1,res_c561e158-62af-4d50-bb96-33472303cf4c,2012-02-27 04:06:42.538221725,0.0
Case302,W_Nabellen offertes,res_90ea4c98-054c-4dd3-aadb-9d56713379c2,Role 1,2012-02-29 08:31:22.448205224,642,1,res_90ea4c98-054c-4dd3-aadb-9d56713379c2,2012-02-29 08:29:30.926520225,0.0
Case302,W_Nabellen offertes,res_fdf1178c-5a31-4f5e-8867-f12efd24326c,Role 1,2012-03-01 21:04:48.608933325,641,1,res_fdf1178c-5a31-4f5e-8867-f12efd24326c,2012-03-01 21:03:19.543586325,0.0
Case303,W_Afhandelen leads,res_13a07171-afed-4486-9431-2507f9aacd76,Role 1,2012-02-20 13:13:23.685612429,605,0,res_13a07171-afed-4486-9431-2507f9aacd76,2012-02-20 13:10:27.843687429,0.0
Case303,W_Completeren aanvraag,res_554d030c-8ea0-477b-9a72-1469e52cca81,Role 1,2012-02-20 14:24:24.084498529,609,1,res_554d030c-8ea0-477b-9a72-1469e52cca81,2012-02-20 14:22:00.676183529,0.0
Case303,W_Completeren aanvraag,res_32a810af-a1e0-4835-afe4-a9e543c58a25,Role 1,2012-02-20 16:41:33.396722229,615,1,res_32a810af-a1e0-4835-afe4-a9e543c58a25,2012-02-20 16:39:22.243861229,0.0
Case303,W_Nabellen offertes,res_c66fd8c7-ae25-415c-80c1-ac9cc1be7147,Role 1,2012-02-21 13:28:38.929659429,623,1,res_c66fd8c7-ae25-415c-80c1-ac9cc1be7147,2012-02-21 13:26:23.169123429,0.0
Case303,W_Nabellen offertes,res_63a2ec71-0edb-4961-a972-295906b733b9,Role 1,2012-02-24 17:12:26.689148629,618,1,res_63a2ec71-0edb-4961-a972-295906b733b9,2012-02-24 17:05:09.089859629,0.0
Case303,W_Nabellen offertes,res_f8a5c2f7-852b-4750-a5bc-71d8a9f25fcd,Role 1,2012-02-26 21:28:40.977826429,621,1,res_f8a5c2f7-852b-4750-a5bc-71d8a9f25fcd,2012-02-26 21:26:46.414428429,0.0
Case304,W_Afhandelen leads,res_a6b7a9b9-8dde-47b4-ba71-c31305bfae5d,Role 1,2012-02-20 13:15:57.835427969,606,1,res_a6b7a9b9-8dde-47b4-ba71-c31305bfae5d,2012-02-20 13:13:13.064771969,0.02564102564102564
Case304,W_Completeren aanvraag,res_e08dd225-6ddd-45bc-b1b2-7c6cf10375f6,Role 1,2012-02-20 14:26:05.329726269,609,2,res_e08dd225-6ddd-45bc-b1b2-7c6cf10375f6,2012-02-20 14:23:45.218861269,0.02564102564102564
Case305,W_Afhandelen leads,res_63a2ec71-0edb-4961-a972-295906b733b9,Role 1,2012-02-20 13:24:45.100788886,606,0,res_63a2ec71-0edb-4961-a972-295906b733b9,2012-02-20 13:21:52.906720886,0.05128205128205128
Case305,W_Completeren aanvraag,res_4a606e00-143e-4039-9760-70b3cb78e66a,Role 1,2012-02-20 14:34:07.155721586,609,1,res_4a606e00-143e-4039-9760-70b3cb78e66a,2012-02-20 14:31:44.655478586,0.02564102564102564
Case305,W_Nabellen offertes,res_b48df80a-ad89-4a8c-8f9d-edecf950fdb5,Role 1,2012-02-22 12:28:49.527638786,608,1,res_b48df80a-ad89-4a8c-8f9d-edecf950fdb5,2012-02-22 12:25:25.647840786,0.0
Case305,W_Nabellen offertes,res_d9a4b451-1c76-46c3-87c6-97373bec81d0,Role 1,2012-02-27 02:55:38.444479886,623,1,res_d9a4b451-1c76-46c3-87c6-97373bec81d0,2012-02-27 02:53:49.490774886,0.0
Case305,W_Nabellen offertes,res_240d458f-f7c5-4593-8aba-741926c2775b,Role 1,2012-02-29 05:35:48.012089386,638,1,res_240d458f-f7c5-4593-8aba-741926c2775b,2012-02-29 05:32:38.440641386,0.02564102564102564
Case306,W_Afhandelen leads,res_fdf1178c-5a31-4f5e-8867-f12efd24326c,Role 1,2012-02-20 13:31:05.701115287,607,0,res_fdf1178c-5a31-4f5e-8867-f12efd24326c,2012-02-20 13:28:09.691389287,0.0
Case306,W_Completeren aanvraag,res_4d8dd482-f3ce-4175-9cd8-f5584cb38f63,Role 1,2012-02-20 14:37:12.129826687,609,1,res_4d8dd482-f3ce-4175-9cd8-f5584cb38f63,2012-02-20 14:34:48.191703687,0.0
Case306,W_Nabellen offertes,res_32a810af-a1e0-4835-afe4-a9e543c58a25,Role 1,2012-02-22 07:49:06.250633387,616,1,res_32a810af-a1e0-4835-afe4-a9e543c58a25,2012-02-22 07:46:15.590772387,0.0
Case307,W_Completeren aanvraag,res_d9a4b451-1c76-46c3-87c6-97373bec81d0,Role 1,2012-02-20 13:37:08.857147711,607,2,res_d9a4b451-1c76-46c3-87c6-97373bec81d0,2012-02-20 13:34:48.639861711,0.02564102564102564
Case308,W_Afhandelen leads,res_fa4ebd56-fe09-4e12-ab6b-f564242582f3,Role 1,2012-02-20 13:46:05.702979517,607,0,res_fa4ebd56-fe09-4e12-ab6b-f564242582f3,2012-02-20 13:43:09.340343517,0.0
Case308,W_Completeren aanvraag,res_b48df80a-ad89-4a8c-8f9d-edecf950fdb5,Role 1,2012-02-20 14:48:05.986624317,610,1,res_b48df80a-ad89-4a8c-8f9d-edecf950fdb5,2012-02-20 14:45:41.585265317,0.0
Case308,W_Nabellen offertes,res_4a606e00-143e-4039-9760-70b3cb78e66a,Role 1,2012-02-21 22:35:53.124963017,625,1,res_4a606e00-143e-4039-9760-70b3cb78e66a,2012-02-21 22:34:01.993045017,0.0
Case308,W_Nabellen offertes,res_c561e158-62af-4d50-bb96-33472303cf4c,Role 1,2012-02-28 10:36:37.887930517,647,1,res_c561e158-62af-4d50-bb96-33472303cf4c,2012-02-28 10:34:53.256901517,0.02564102564102564
Case308,W_Nabellen offertes,res_e08dd225-6ddd-45bc-b1b2-7c6cf10375f6,Role 1,2012-03-01 00:56:35.297281017,632,1,res_e08dd225-6ddd-45bc-b1b2-7c6cf10375f6,2012-03-01 00:48:38.517292017,0.0
Case309,W_Completeren aanvraag,res_3835d2af-f74a-47b9-b054-8234859b6abe,Role 1,2012-02-20 13:58:48.329763454,606,1,res_3835d2af-f74a-47b9-b054-8234859b6abe,2012-02-20 13:56:24.214951454,0.0
Case309,W_Completeren aanvraag,res_e9f54089-f03e-4dc1-a453-57f4acf2c7fb,Role 1,2012-02-20 14:59:03.436714054,611,1,res_e9f54089-f03e-4dc1-a453-57f4acf2c7fb,2012-02-20 14:56:42.531655054,0.02564102564102564
Case31,W_Afhandelen leads,res_ffdbf4b7-c588-487c-b4ec-ae52c332aeda,Role 1,2012-02-14 10:49:07.828709330,535,0,res_ffdbf4b7-c588-487c-b4ec-ae52c332aeda,2012-02-14 10:46:04.524441330,0.0
Case31,W_Completeren aanvraag,res_13a07171-afed-4486-9431-2507f9aacd76,Role 1,2012-02-14 12:32:17.692826730,536,1,res_13a07171-afed-4486-9431-2507f9aacd76,2012-02-14 12:29:50.890628730,0.0
Case31,W_Completeren aanvraag,res_fdf1178c-5a31-4f5e-8867-f12efd24326c,Role 1,2012-02-14 15:51:12.435083430,542,1,res_fdf1178c-5a31-4f5e-8867-f12efd24326c,2012-02-14 15:48:54.484511430,0.0
Case31,W_Nabellen offertes,res_3d71865b-e63e-44f8-a4fd-ece0ef216fef,Role 1,2012-02-15 07:14:00.177082130,539,1,res_3d71865b-e63e-44f8-a4fd-ece0ef216fef,2012-02-15 07:10:59.864245130,0.0
Case31,W_Nabellen offertes,res_6d1d995e-4384-448a-9bf8-9fb7d8013316,Role 1,2012-02-19 02:50:05.472892730,596,1,res_6d1d995e-4384-448a-9bf8-9fb7d8013316,2012-02-19 02:48:26.967189730,0.0
Case31,W_Nabellen offertes,res_cd5fe8a1-7bca-4ddc-9e04-e32a42150d6e,Role 1,2012-02-21 20:58:21.948299230,616,1,res_cd5fe8a1-7bca-4ddc-9e04-e32a42150d6e,2012-02-21 20:48:24.617902230,0.0
Case31,W_Nabellen offertes,res_7b5eefe7-a9c7-4c10-ace5-1fd3772097ff,Role 1,2012-02-23 09:22:35.172179330,619,2,res_7b5eefe7-a9c7-4c10-ace5-1fd3772097ff,2012-02-23 09:20:47.595814330,0.02564102564102564
Case31,W_Nabellen offertes,res_13a07171-afed-4486-9431-2507f9aacd76,Role 1,2012-02-24 21:28:16.376985730,622,1,res_13a07171-afed-4486-9431-2507f9aacd76,2012-02-24 21:26:38.172547730,0.0
Case310,W_Afhandelen leads,res_c66fd8c7-ae25-415c-80c1-ac9cc1be7147,Role 1,2012-02-20 14:05:41.995901405,607,0,res_c66fd8c7-ae25-415c-80c1-ac9cc1be7147,2012-02-20 14:02:45.029402405,0.0
Case310,W_Completeren aanvraag,res_a117c367-ca0b-4fb8-9736-c1d7d3de62d1,Role 1,2012-02-20 15:06:51.713956805,611,1,res_a117c367-ca0b-4fb8-9736-c1d7d3de62d1,2012-02-20 15:04:26.646243805,0.0
Case310,W_Nabellen offertes,res_03b72214-605a-4b4f-97a5-ea18baa453ee,Role 1,2012-02-22 06:13:46.024373605,617,1,res_03b72214-605a-4b4f-97a5-ea18baa453ee,2012-02-22 06:11:22.050376605,0.0
Case311,W_Afhandelen leads,res_fa4ebd56-fe09-4e12-ab6b-f564242582f3,Role 1,2012-02-20 14:13:49.828267924,608,0,res_fa4ebd56-fe09-4e12-ab6b-f564242582f3,2012-02-20 14:10:52.633090924,0.0
Case311,W_Completeren aanvraag,res_a6b7a9b9-8dde-47b4-ba71-c31305bfae5d,Role 1,2012-02-20 15:13:19.597575024,612,1,res_a6b7a9b9-8dde-47b4-ba71-c31305bfae5d,2012-02-20 15:10:54.290486024,0.0
Case312,W_Completeren aanvraag,res_ffdbf4b7-c588-487c-b4ec-ae52c332aeda,Role 1,2012-02-20 14:14:25.365433907,609,1,res_ffdbf4b7-c588-487c-b4ec-ae52c332aeda,2012-02-20 14:12:02.146839907,0.02564102564102564
Case312,W_Nabellen offertes,res_7b5eefe7-a9c7-4c10-ace5-1fd3772097ff,Role 1,2012-02-20 14:46:11.856505307,610,1,res_7b5eefe7-a9c7-4c10-ace5-1fd3772097ff,2012-02-20 14:43:51.599754307,0.02564102564102564
Case313,W_Completeren aanvraag,res_3835d2af-f74a-47b9-b054-8234859b6abe,Role 1,2012-02-20 14:19:55.733738448,610,3,res_3835d2af-f74a-47b9-b054-8234859b6abe,2012-02-20 14:17:39.641128448,0.05128205128205128
Case314,W_Afhandelen leads,res_094e34c1-5472-4e50-8ca3-650a6a34e4ec,Role 1,2012-02-20 14:27:18.272559148,609,0,res_094e34c1-5472-4e50-8ca3-650a6a34e4ec,2012-02-20 14:24:20.604492148,0.0
Case314,W_Completeren aanvraag,res_3038739b-6c1c-42c1-b9ac-27ac6cc55a89,Role 1,2012-02-20 15:25:37.388664348,614,1,res_3038739b-6c1c-42c1-b9ac-27ac6cc55a89,2012-02-20 15:23:11.653922348,0.0
Case314,W_Nabellen offertes,res_c77d0074-5613-45fd-a890-6d80edada349,Role 1,2012-02-22 00:27:56.922985248,620,1,res_c77d0074-5613-45fd-a890-6d80edada349,2012-02-22 00:26:06.674931248,0.0
Case314,W_Nabellen offertes,res_a6b7a9b9-8dde-47b4-ba71-c31305bfae5d,Role 1,2012-02-28 10:46:52.463171848,648,1,res_a6b7a9b9-8dde-47b4-ba71-c31305bfae5d,2012-02-28 10:45:09.087619848,0.02564102564102564
Case314,W_Nabellen offertes,res_094e34c1-5472-4e50-8ca3-650a6a34e4ec,Role 1,2012-03-01 00:41:05.039197348,633,2,res_094e34c1-5472-4e50-8ca3-650a6a34e4ec,2012-03-01 00:33:55.172703348,0.02564102564102564
Case314,W_Nabellen offertes,res_b48df80a-ad89-4a8c-8f9d-edecf950fdb5,Role 1,2012-03-02 13:56:35.201076648,638,1,res_b48df80a-ad89-4a8c-8f9d-edecf950fdb5,2012-03-02 13:54:46.343276648,0.05128205128205128
Case315,W_Afhandelen leads,res_c561e158-62af-4d50-bb96-33472303cf4c,Role 1,2012-02-20 14:34:41.801422619,610,0,res_c561e158-62af-4d50-bb96-33472303cf4c,2012-02-20 14:31:43.880572619,0.0
Case315,W_Completeren aanvraag,res_240d458f-f7c5-4593-8aba-741926c2775b,Role 1,2012-02-20 15:32:59.765721319,614,1,res_240d458f-f7c5-4593-8aba-741926c2775b,2012-02-20 15:30:33.797869319,0.0
Case315,W_Nabellen offertes,res_3835d2af-f74a-47b9-b054-8234859b6abe,Role 1,2012-02-22 00:48:36.877407019,621,1,res_3835d2af-f74a-47b9-b054-8234859b6abe,2012-02-22 00:46:46.239091019,0.0
Case316,W_Completeren aanvraag,res_0dd9fb20-75d3-4949-8e8b-38b1e2a52fbf,Role 1,2012-02-20 14:43:51.787029519,611,2,res_0dd9fb20-75d3-4949-8e8b-38b1e2a52fbf,2012-02-20 14:41:33.236270519,0.05128205128205128
Case316,W_Completeren aanvraag,res_c561e158-62af-4d50-bb96-33472303cf4c,Role 1,2012-02-20 15:41:25.943605119,615,1,res_c561e158-62af-4d50-bb96-33472303cf4c,2012-02-20 15:39:04.781930119,0.0
Case316,W_Nabellen offertes,res_fdf1178c-5a31-4f5e-8867-f12efd24326c,Role 1,2012-02-21 23:58:48.491099819,621,1,res_fdf1178c-5a31-4f5e-8867-f12efd24326c,2012-02-21 23:57:00.880662819,0.0
Case316,W_Nabellen offertes,res_f8a5c2f7-852b-4750-a5bc-71d8a9f25fcd,Role 1,2012-02-28 12:39:10.387663319,645,1,res_f8a5c2f7-852b-4750-a5bc-71d8a9f25fcd,2012-02-28 12:37:29.792686319,0.02564102564102564
Case316,W_Nabellen offertes,res_c05ba8c3-4cba-4513-8bb9-b3faa8713cc7,Role 1,2012-03-01 07:38:47.479312719,629,1,res_c05ba8c3-4cba-4513-8bb9-b3faa8713cc7,2012-03-01 07:33:34.961062719,0.0
Case317,W_Afhandelen leads,res_fdf1178c-5a31-4f5e-8867-f12efd24326c,Role 1,2012-02-20 14:51:28.941604418,611,0,res_fdf1178c-5a31-4f5e-8867-f12efd24326c,2012-02-20 14:48:30.318764418,0.0
Case317,W_Completeren aanvraag,res_4a606e00-143e-4039-9760-70b3cb78e66a,Role 1,2012-02-20 15:48:19.247506618,615,1,res_4a606e00-143e-4039-9760-70b3cb78e66a,2012-02-20 15:45:52.767743618,0.0
Case318,W_Completeren aanvraag,res_7b5eefe7-a9c7-4c10-ace5-1fd3772097ff,Role 1,2012-02-20 14:57:11.673175456,611,1,res_7b5eefe7-a9c7-4c10-ace5-1fd3772097ff,2012-02-20 14:54:48.110878456,0.0
Case318,W_Completeren aanvraag,res_3d71865b-e63e-44f8-a4fd-ece0ef216fef,Role 1,2012-02-20 15:54:02.011699856,614,1,res_3d71865b-e63e-44f8-a4fd-ece0ef216fef,2012-02-20 15:51:38.718884856,0.0
Case318,W_Completeren aanvraag,res_5423e6a8-eed7-4dc9-b44d-98691c53411e,Role 1,2012-02-20 17:29:49.446348256,617,1,res_5423e6a8-eed7-4dc9-b44d-98691c53411e,2012-02-20 17:27:40.705983256,0.02564102564102564
Case319,W_Completeren aanvraag,res_094e34c1-5472-4e50-8ca3-650a6a34e4ec,Role 1,2012-02-20 15:04:27.942018466,612,1,res_094e34c1-5472-4e50-8ca3-650a6a34e4ec,2012-02-20 15:02:04.334839466,0.0
Case319,W_Nabellen offertes,res_d9a4b451-1c76-46c3-87c6-97373bec81d0,Role 1,2012-02-20 15:31:43.668433066,614,1,res_d9a4b451-1c76-46c3-87c6-97373bec81d0,2012-02-20 15:29:21.986280066,0.02564102564102564
Case319,W_Nabellen offertes,res_3d71865b-e63e-44f8-a4fd-ece0ef216fef,Role 1,2012-02-29 07:52:17.834910666,643,1,res_3d71865b-e63e-44f8-a4fd-ece0ef216fef,2012-02-29 07:50:12.226398666,0.0
Case319,W_Nabellen offertes,res_d9486917-858c-4563-bf95-164b83d8a3d8,Role 1,2012-03-01 23:15:41.501885066,639,1,res_d9486917-858c-4563-bf95-164b83d8a3d8,2012-03-01 23:13:37.263168066,0.0
Case32,W_Completeren aanvraag,res_d9a4b451-1c76-46c3-87c6-97373bec81d0,Role 1,2012-02-14 11:00:02.984586511,535,1,res_d9a4b451-1c76-46c3-87c6-97373bec81d0,2012-02-14 10:57:27.572583511,0.0
Case320,W_Afhandelen leads,res_554d030c-8ea0-477b-9a72-1469e52cca81,Role 1,2012-02-20 15:08:56.361486989,613,0,res_554d030c-8ea0-477b-9a72-1469e52cca81,2012-02-20 15:05:59.069672989,0.02564102564102564
Case320,W_Completeren aanvraag,res_554d030c-8ea0-477b-9a72-1469e52cca81,Role 1,2012-02-20 16:05:14.660658989,613,2,res_554d030c-8ea0-477b-9a72-1469e52cca81,2012-02-20 16:02:50.607072989,0.02564102564102564
Case320,W_Nabellen offertes,res_5423e6a8-eed7-4dc9-b44d-98691c53411e,Role 1,2012-02-21 20:03:48.884313889,625,1,res_5423e6a8-eed7-4dc9-b44d-98691c53411e,2012-02-21 20:01:52.886968889,0.02564102564102564
Case320,W_Nabellen offertes,res_e08dd225-6ddd-45bc-b1b2-7c6cf10375f6,Role 1,2012-02-28 16:57:09.347764289,646,1,res_e08dd225-6ddd-45bc-b1b2-7c6cf10375f6,2012-02-28 16:55:28.469139289,0.0
Case321,W_Completeren aanvraag,res_d9a4b451-1c76-46c3-87c6-97373bec81d0,Role 1,2012-02-20 15:14:42.598228302,613,1,res_d9a4b451-1c76-46c3-87c6-97373bec81d0,2012-02-20 15:12:18.876678302,0.0
Case321,W_Completeren aanvraag,res_d9486917-858c-4563-bf95-164b83d8a3d8,Role 1,2012-02-20 16:10:32.037600702,614,1,res_d9486917-858c-4563-bf95-164b83d8a3d8,2012-02-20 16:08:09.213336702,0.05128205128205128
Case322,W_Completeren aanvraag,res_c77d0074-5613-45fd-a890-6d80edada349,Role 1,2012-02-20 15:15:40.380084823,614,2,res_c77d0074-5613-45fd-a890-6d80edada349,2012-02-20 15:13:21.338307823,0.02564102564102564
Case322,W_Completeren aanvraag,res_63a2ec71-0edb-4961-a972-295906b733b9,Role 1,2012-02-20 16:11:38.752813023,614,2,res_63a2ec71-0edb-4961-a972-295906b733b9,2012-02-20 16:09:19.419317023,0.05128205128205128
Case323,W_Completeren aanvraag,res_8f2bf97e-8175-4ba4-882d-f6b7957c1a2c,Role 1,2012-02-20 15:24:44.156216851,615,1,res_8f2bf97e-8175-4ba4-882d-f6b7957c1a2c,2012-02-20 15:22:20.321723851,0.0
Case324,W_Completeren aanvraag,res_13a07171-afed-4486-9431-2507f9aacd76,Role 1,2012-02-20 15:32:03.558333773,615,1,res_13a07171-afed-4486-9431-2507f9aacd76,2012-02-20 15:29:39.568021773,0.0
Case324,W_Nabellen offertes,res_d9a4b451-1c76-46c3-87c6-97373bec81d0,Role 1,2012-02-20 15:57:33.537662373,614,1,res_d9a4b451-1c76-46c3-87c6-97373bec81d0,2012-02-20 15:55:11.746746373,0.0
Case325,W_Completeren aanvraag,res_63a2ec71-0edb-4961-a972-295906b733b9,Role 1,2012-02-20 15:37:27.288116578,616,2,res_63a2ec71-0edb-4961-a972-295906b733b9,2012-02-20 15:35:07.995299578,0.02564102564102564
Case326,W_Completeren aanvraag,res_b48df80a-ad89-4a8c-8f9d-edecf950fdb5,Role 1,2012-02-20 15:44:27.514082388,616,2,res_b48df80a-ad89-4a8c-8f9d-edecf950fdb5,2012-02-20 15:42:08.100130388,0.02564102564102564
Case327,W_Completeren aanvraag,res_fe8f604a-4f72-4c5b-9082-2dc751f7d4b9,Role 1,2012-02-20 15:52:55.509240106,615,1,res_fe8f604a-4f72-4c5b-9082-2dc751f7d4b9,2012-02-20 15:50:31.822949106,0.02564102564102564
Case327,W_Completeren aanvraag,res_c561e158-62af-4d50-bb96-33472303cf4c,Role 1,2012-02-20 16:47:52.878666006,617,1,res_c561e158-62af-4d50-bb96-33472303cf4c,2012-02-20 16:45:28.223397006,0.0
Case327,W_Completeren aanvraag,res_3d71865b-e63e-44f8-a4fd-ece0ef216fef,Role 1,2012-02-20 18:03:17.587073906,616,1,res_3d71865b-e63e-44f8-a4fd-ece0ef216fef,2012-02-20 18:01:08.144627906,0.0
Case327,W_Nabellen offertes,res_3d71865b-e63e-44f8-a4fd-ece0ef216fef,Role 1,2012-02-21 09:10:39.907834106,612,1,res_3d71865b-e63e-44f8-a4fd-ece0ef216fef,2012-02-21 09:06:32.982220106,0.0
Case327,W_Nabellen offertes,res_c77d0074-5613-45fd-a890-6d80edada349,Role 1,2012-02-25 03:40:34.666175706,633,1,res_c77d0074-5613-45fd-a890-6d80edada349,2012-02-25 03:38:54.226537706,0.0
Case328,W_Afhandelen leads,res_4d8dd482-f3ce-4175-9cd8-f5584cb38f63,Role 1,2012-02-20 16:00:54.915368853,614,0,res_4d8dd482-f3ce-4175-9cd8-f5584cb38f63,2012-02-20 15:57:57.113920853,0.05128205128205128
Case328,W_Completeren aanvraag,res_c475f0b2-f190-4931-b0ab-7a7e8189e241,Role 1,2012-02-20 16:55:34.636866553,617,1,res_c475f0b2-f190-4931-b0ab-7a7e8189e241,2012-02-20 16:53:06.741271553,0.0
Case328,W_Nabellen offertes,res_b48df80a-ad89-4a8c-8f9d-edecf950fdb5,Role 1,2012-02-21 16:40:13.127921053,627,1,res_b48df80a-ad89-4a8c-8f9d-edecf950fdb5,2012-02-21 16:38:07.059995053,0.05128205128205128
Case329,W_Afhandelen leads,res_dfa30272-4bc0-4c82-9bd0-6b4169bccece,Role 1,2012-02-20 16:04:02.389972416,615,0,res_dfa30272-4bc0-4c82-9bd0-6b4169bccece,2012-02-20 16:01:04.498809416,0.05128205128205128
Case329,W_Completeren aanvraag,res_c561e158-62af-4d50-bb96-33472303cf4c,Role 1,2012-02-20 16:58:38.606788716,618,1,res_c561e158-62af-4d50-bb96-33472303cf4c,2012-02-20 16:56:11.468312716,0.02564102564102564
Case33,W_Afhandelen leads,res_554d030c-8ea0-477b-9a72-1469e52cca81,Role 1,2012-02-14 11:09:41.618856189,535,0,res_554d030c-8ea0-477b-9a72-1469e52cca81,2012-02-14 11:06:38.645347189,0.0
Case33,W_Completeren aanvraag,res_63a2ec71-0edb-4961-a972-295906b733b9,Role 1,2012-02-14 12:39:43.849442989,536,1,res_63a2ec71-0edb-4961-a972-295906b733b9,2012-02-14 12:37:16.557531989,0.0
Case33,W_Completeren aanvraag,res_a6b7a9b9-8dde-47b4-ba71-c31305bfae5d,Role 1,2012-02-14 15:53:46.374973689,543,1,res_a6b7a9b9-8dde-47b4-ba71-c31305bfae5d,2012-02-14 15:51:28.520573689,0.0
Case330,W_Afhandelen leads,res_c475f0b2-f190-4931-b0ab-7a7e8189e241,Role 1,2012-02-20 16:07:54.336225301,615,0,res_c475f0b2-f190-4931-b0ab-7a7e8189e241,2012-02-20 16:04:58.226197301,0.07692307692307693
Case330,W_Completeren aanvraag,res_3038739b-6c1c-42c1-b9ac-27ac6cc55a89,Role 1,2012-02-20 17:02:36.988236201,617,1,res_3038739b-6c1c-42c1-b9ac-27ac6cc55a89,2012-02-20 17:00:09.193213201,0.0
Case331,W_Afhandelen leads,res_ffdbf4b7-c588-487c-b4ec-ae52c332aeda,Role 1,2012-02-20 16:15:41.055515884,614,0,res_ffdbf4b7-c588-487c-b4ec-ae52c332aeda,2012-02-20 16:12:40.643744884,0.02564102564102564
Case331,W_Completeren aanvraag,res_32a810af-a1e0-4835-afe4-a9e543c58a25,Role 1,2012-02-20 17:10:10.806583284,617,2,res_32a810af-a1e0-4835-afe4-a9e543c58a25,2012-02-20 17:07:45.179413284,0.02564102564102564
Case332,W_Afhandelen leads,res_d9486917-858c-4563-bf95-164b83d8a3d8,Role 1,2012-02-20 16:15:53.314983907,615,1,res_d9486917-858c-4563-bf95-164b83d8a3d8,2012-02-20 16:13:02.807548908,0.05128205128205128
Case332,W_Completeren aanvraag,res_f8a5c2f7-852b-4750-a5bc-71d8a9f25fcd,Role 1,2012-02-20 17:10:23.211024208,617,3,res_f8a5c2f7-852b-4750-a5bc-71d8a9f25fcd,2012-02-20 17:08:01.639659208,0.05128205128205128
Case332,W_Nabellen offertes,res_03b72214-605a-4b4f-97a5-ea18baa453ee,Role 1,2012-02-22 00:52:04.325391108,620,1,res_03b72214-605a-4b4f-97a5-ea18baa453ee,2012-02-22 00:50:16.843006108,0.0
Case332,W_Nabellen offertes,res_90ea4c98-054c-4dd3-aadb-9d56713379c2,Role 1,2012-02-28 20:43:33.051979308,643,1,res_90ea4c98-054c-4dd3-aadb-9d56713379c2,2012-02-28 20:40:55.567878308,0.0
Case333,W_Completeren aanvraag,res_dfa30272-4bc0-4c82-9bd0-6b4169bccece,Role 1,2012-02-20 16:27:12.498752476,616,1,res_dfa30272-4bc0-4c82-9bd0-6b4169bccece,2012-02-20 16:24:47.012049476,0.0
Case333,W_Nabellen offertes,res_240d458f-f7c5-4593-8aba-741926c2775b,Role 1,2012-02-20 16:50:11.025794876,617,2,res_240d458f-f7c5-4593-8aba-741926c2775b,2012-02-20 16:47:52.335024876,0.02564102564102564
Case333,W_Nabellen offertes,res_3d71865b-e63e-44f8-a4fd-ece0ef216fef,Role 1,2012-02-29 11:33:49.870176176,641,1,res_3d71865b-e63e-44f8-a4fd-ece0ef216fef,2012-02-29 11:32:01.977898176,0.0
Case333,W_Nabellen offertes,res_fdf1178c-5a31-4f5e-8867-f12efd24326c,Role 1,2012-03-02 04:35:30.554999676,636,1,res_fdf1178c-5a31-4f5e-8867-f12efd24326c,2012-03-02 04:24:22.381455676,0.0
Case334,W_Completeren aanvraag,res_ffdbf4b7-c588-487c-b4ec-ae52c332aeda,Role 1,2012-02-20 16:35:39.265810293,617,2,res_ffdbf4b7-c588-487c-b4ec-ae52c332aeda,2012-02-20 16:33:18.794433293,0.02564102564102564
Case334,W_Completeren aanvraag,res_094e34c1-5472-4e50-8ca3-650a6a34e4ec,Role 1,2012-02-20 17:29:58.445210793,617,1,res_094e34c1-5472-4e50-8ca3-650a6a34e4ec,2012-02-20 17:27:34.612720793,0.0
Case334,W_Nabellen offertes,res_8f2bf97e-8175-4ba4-882d-f6b7957c1a2c,Role 1,2012-02-21 23:48:35.780405493,621,2,res_8f2bf97e-8175-4ba4-882d-f6b7957c1a2c,2012-02-21 23:46:48.028802493,0.02564102564102564
Case335,W_Completeren aanvraag,res_c561e158-62af-4d50-bb96-33472303cf4c,Role 1,2012-02-20 16:44:36.404636047,618,2,res_c561e158-62af-4d50-bb96-33472303cf4c,2012-02-20 16:42:15.762958047,0.02564102564102564
Case336,W_Afhandelen leads,res_a6b7a9b9-8dde-47b4-ba71-c31305bfae5d,Role 1,2012-02-20 16:52:38.624204244,618,0,res_a6b7a9b9-8dde-47b4-ba71-c31305bfae5d,2012-02-20 16:49:37.024147244,0.02564102564102564
Case336,W_Completeren aanvraag,res_0dcb8a75-60b3-457b-aac5-fe91506450da,Role 1,2012-02-20 17:46:52.661785144,618,2,res_0dcb8a75-60b3-457b-aac5-fe91506450da,2012-02-20 17:44:26.456381144,0.02564102564102564
Case336,W_Completeren aanvraag,res_a6b7a9b9-8dde-47b4-ba71-c31305bfae5d,Role 1,2012-02-20 19:01:13.744101744,619,1,res_a6b7a9b9-8dde-47b4-ba71-c31305bfae5d,2012-02-20 18:59:03.637792744,0.0
Case336,W_Nabellen offertes,res_c561e158-62af-4d50-bb96-33472303cf4c,Role 1,2012-02-21 12:44:02.399044744,622,1,res_c561e158-62af-4d50-bb96-33472303cf4c,2012-02-21 12:41:41.809767744,0.0
Case336,W_Nabellen offertes,res_0dd9fb20-75d3-4949-8e8b-38b1e2a52fbf,Role 1,2012-02-24 18:09:40.734951244,617,1,res_0dd9fb20-75d3-4949-8e8b-38b1e2a52fbf,2012-02-24 18:04:08.593226244,0.0
Case336,W_Nabellen offertes,res_fa4ebd56-fe09-4e12-ab6b-f564242582f3,Role 1,2012-02-26 21:08:59.203105644,621,2,res_fa4ebd56-fe09-4e12-ab6b-f564242582f3,2012-02-26 21:06:59.508154644,0.02564102564102564
Case337,W_Completeren aanvraag,res_f8a5c2f7-852b-4750-a5bc-71d8a9f25fcd,Role 1,2012-02-20 17:02:51.288361115,617,1,res_f8a5c2f7-852b-4750-a5bc-71d8a9f25fcd,2012-02-20 17:00:24.811692115,0.0
Case337,W_Completeren aanvraag,res_554d030c-8ea0-477b-9a72-1469e52cca81,Role 1,2012-02-20 17:57:01.279604715,616,2,res_554d030c-8ea0-477b-9a72-1469e52cca81,2012-02-20 17:54:38.142271715,0.02564102564102564
Case338,W_Afhandelen leads,res_c05ba8c3-4cba-4513-8bb9-b3faa8713cc7,Role 1,2012-02-20 17:09:37.492723416,617,0,res_c05ba8c3-4cba-4513-8bb9-b3faa8713cc7,2012-02-20 17:06:33.536795416,0.0
Case338,W_Completeren aanvraag,res_03b72214-605a-4b4f-97a5-ea18baa453ee,Role 1,2012-02-20 18:03:53.843968416,616,1,res_03b72214-605a-4b4f-97a5-ea18baa453ee,2012-02-20 18:01:24.199920416,0.0
Case339,W_Afhandelen leads,res_5423e6a8-eed7-4dc9-b44d-98691c53411e,Role 1,2012-02-20 17:16:08.735311016,618,0,res_5423e6a8-eed7-4dc9-b44d-98691c53411e,2012-02-20 17:13:06.440594016,0.02564102564102564
Case339,W_Completeren aanvraag,res_c66fd8c7-ae25-415c-80c1-ac9cc1be7147,Role 1,2012-02-20 18:10:24.469991516,616,2,res_c66fd8c7-ae25-415c-80c1-ac9cc1be7147,2012-02-20 18:07:57.998385516,0.02564102564102564
Case339,W_Nabellen offertes,res_c561e158-62af-4d50-bb96-33472303cf4c,Role 1,2012-02-21 23:09:38.263969816,624,1,res_c561e158-62af-4d50-bb96-33472303cf4c,2012-02-21 23:07:47.518816816,0.02564102564102564
Case34,W_Completeren aanvraag,res_fa4ebd56-fe09-4e12-ab6b-f564242582f3,Role 1,2012-02-14 11:10:55.068430394,536,2,res_fa4ebd56-fe09-4e12-ab6b-f564242582f3,2012-02-14 11:08:26.442030394,0.05128205128205128
Case34,W_Completeren aanvraag,res_f8a5c2f7-852b-4750-a5bc-71d8a9f25fcd,Role 1,2012-02-14 12:46:24.707469993,536,1,res_f8a5c2f7-852b-4750-a5bc-71d8a9f25fcd,2012-02-14 12:44:03.184772994,0.0
Case34,W_Completeren aanvraag,res_0dd9fb20-75d3-4949-8e8b-38b1e2a52fbf,Role 1,2012-02-14 16:02:05.416473594,542,2,res_0dd9fb20-75d3-4949-8e8b-38b1e2a52fbf,2012-02-14 15:59:51.082080594,0.02564102564102564
Case34,W_Nabellen offertes,res_dfa30272-4bc0-4c82-9bd0-6b4169bccece,Role 1,2012-02-15 06:44:12.697226194,540,2,res_dfa30272-4bc0-4c82-9bd0-6b4169bccece,2012-02-15 06:41:09.264428194,0.02564102564102564
Case34,W_Nabellen offertes,res_ee19d540-6f30-4eb3-abd5-d42bf0a0cc9f,Role 1,2012-02-19 01:39:23.692212294,597,1,res_ee19d540-6f30-4eb3-abd5-d42bf0a0cc9f,2012-02-19 01:37:44.128048294,0.0
Case34,W_Nabellen offertes,res_3038739b-6c1c-42c1-b9ac-27ac6cc55a89,Role 1,2012-02-21 17:57:17.808552194,617,1,res_3038739b-6c1c-42c1-b9ac-27ac6cc55a89,2012-02-21 17:54:49.741396194,0.0
Case34,W_Nabellen offertes,res_c77d0074-5613-45fd-a890-6d80edada349,Role 1,2012-02-23 06:53:02.894477894,614,1,res_c77d0074-5613-45fd-a890-6d80edada349,2012-02-23 06:51:02.146073894,0.0
Case34,W_Nabellen offertes,res_0dd9fb20-75d3-4949-8e8b-38b1e2a52fbf,Role 1,2012-02-24 19:39:20.253755894,624,2,res_0dd9fb20-75d3-4949-8e8b-38b1e2a52fbf,2012-02-24 19:37:45.044510894,0.02564102564102564
Case340,W_Afhandelen leads,res_c05ba8c3-4cba-4513-8bb9-b3faa8713cc7,Role 1,2012-02-20 17:17:08.086081362,618,1,res_c05ba8c3-4cba-4513-8bb9-b3faa8713cc7,2012-02-20 17:14:14.946897362,0.05128205128205128
Case340,W_Completeren aanvraag,res_094e34c1-5472-4e50-8ca3-650a6a34e4ec,Role 1,2012-02-20 18:11:20.215156962,616,2,res_094e34c1-5472-4e50-8ca3-650a6a34e4ec,2012-02-20 18:08:55.590652962,0.02564102564102564
Case340,W_Nabellen offertes,res_d9486917-858c-4563-bf95-164b83d8a3d8,Role 1,2012-02-22 08:36:57.703426362,614,1,res_d9486917-858c-4563-bf95-164b83d8a3d8,2012-02-22 08:33:49.704078362,0.0
Case341,W_Afhandelen leads,res_3038739b-6c1c-42c1-b9ac-27ac6cc55a89,Role 1,2012-02-20 17:30:31.237173387,617,0,res_3038739b-6c1c-42c1-b9ac-27ac6cc55a89,2012-02-20 17:27:26.799168387,0.0
Case341,W_Completeren aanvraag,res_c05ba8c3-4cba-4513-8bb9-b3faa8713cc7,Role 1,2012-02-20 18:24:51.771223987,617,1,res_c05ba8c3-4cba-4513-8bb9-b3faa8713cc7,2012-02-20 18:22:22.811832987,0.02564102564102564
Case341,W_Nabellen offertes,res_fe8f604a-4f72-4c5b-9082-2dc751f7d4b9,Role 1,2012-02-22 11:25:04.856333687,610,2,res_fe8f604a-4f72-4c5b-9082-2dc751f7d4b9,2012-02-22 11:21:51.102543687,0.02564102564102564
Case342,W_Completeren aanvraag,res_fdf1178c-5a31-4f5e-8867-f12efd24326c,Role 1,2012-02-20 17:40:06.576241948,618,1,res_fdf1178c-5a31-4f5e-8867-f12efd24326c,2012-02-20 17:37:39.326115948,0.0
Case343,W_Completeren aanvraag,res_b48df80a-ad89-4a8c-8f9d-edecf950fdb5,Role 1,2012-02-20 17:55:27.690868564,616,1,res_b48df80a-ad89-4a8c-8f9d-edecf950fdb5,2012-02-20 17:53:00.131428564,0.0
Case343,W_Nabellen offertes,res_4a606e00-143e-4039-9760-70b3cb78e66a,Role 1,2012-02-20 18:16:05.430933264,616,1,res_4a606e00-143e-4039-9760-70b3cb78e66a,2012-02-20 18:13:44.307485264,0.0
Case344,W_Completeren aanvraag,res_c66fd8c7-ae25-415c-80c1-ac9cc1be7147,Role 1,2012-02-20 18:04:06.609196844,616,1,res_c66fd8c7-ae25-415c-80c1-ac9cc1be7147,2012-02-20 18:01:38.965931844,0.0
Case344,W_Nabellen offertes,res_c475f0b2-f190-4931-b0ab-7a7e8189e241,Role 1,2012-02-20 18:24:29.726906644,617,1,res_c475f0b2-f190-4931-b0ab-7a7e8189e241,2012-02-20 18:22:08.777655644,0.0
Case344,W_Nabellen offertes,res_c66fd8c7-ae25-415c-80c1-ac9cc1be7147,Role 1,2012-02-29 07:53:57.028227344,644,2,res_c66fd8c7-ae25-415c-80c1-ac9cc1be7147,2012-02-29 07:51:51.437282344,0.02564102564102564
Case345,W_Completeren aanvraag,res_0dd9fb20-75d3-4949-8e8b-38b1e2a52fbf,Role 1,2012-02-20 18:15:57.812398511,617,1,res_0dd9fb20-75d3-4949-8e8b-38b1e2a52fbf,2012-02-20 18:13:31.229997511,0.02564102564102564
Case345,W_Nabellen offertes,res_13a07171-afed-4486-9431-2507f9aacd76,Role 1,2012-02-20 18:36:08.654401311,618,1,res_13a07171-afed-4486-9431-2507f9aacd76,2012-02-20 18:33:48.206160311,0.0
Case345,W_Nabellen offertes,res_c77d0074-5613-45fd-a890-6d80edada349,Role 1,2012-02-29 06:48:21.483871211,641,1,res_c77d0074-5613-45fd-a890-6d80edada349,2012-02-29 06:46:04.581747211,0.0
Case346,W_Afhandelen leads,res_094e34c1-5472-4e50-8ca3-650a6a34e4ec,Role 1,2012-02-20 18:17:46.142280769,617,0,res_094e34c1-5472-4e50-8ca3-650a6a34e4ec,2012-02-20 18:14:42.758637769,0.02564102564102564
Case346,W_Completeren aanvraag,res_3835d2af-f74a-47b9-b054-8234859b6abe,Role 1,2012-02-20 19:12:55.693164669,620,1,res_3835d2af-f74a-47b9-b054-8234859b6abe,2012-02-20 19:10:26.053066669,0.0
Case346,W_Completeren aanvraag,res_f8a5c2f7-852b-4750-a5bc-71d8a9f25fcd,Role 1,2012-02-20 20:41:02.848887469,622,1,res_f8a5c2f7-852b-4750-a5bc-71d8a9f25fcd,2012-02-20 20:38:52.137466469,0.02564102564102564
Case346,W_Completeren aanvraag,res_5423e6a8-eed7-4dc9-b44d-98691c53411e,Role 1,2012-02-20 22:07:00.999281669,623,1,res_5423e6a8-eed7-4dc9-b44d-98691c53411e,2012-02-20 22:05:08.980034669,0.0
Case347,W_Afhandelen leads,res_fe8f604a-4f72-4c5b-9082-2dc751f7d4b9,Role 1,2012-02-20 18:30:09.338512922,618,0,res_fe8f604a-4f72-4c5b-9082-2dc751f7d4b9,2012-02-20 18:27:04.238626922,0.0
Case347,W_Completeren aanvraag,res_f8a5c2f7-852b-4750-a5bc-71d8a9f25fcd,Role 1,2012-02-20 19:25:35.561831422,621,1,res_f8a5c2f7-852b-4750-a5bc-71d8a9f25fcd,2012-02-20 19:23:05.800290422,0.0
Case347,W_Nabellen offertes,res_90ea4c98-054c-4dd3-aadb-9d56713379c2,Role 1,2012-02-23 03:14:35.656776022,620,1,res_90ea4c98-054c-4dd3-aadb-9d56713379c2,2012-02-23 03:12:42.652104022,0.0
Case347,W_Nabellen offertes,res_e9f54089-f03e-4dc1-a453-57f4acf2c7fb,Role 1,2012-02-28 22:07:08.857707722,641,2,res_e9f54089-f03e-4dc1-a453-57f4acf2c7fb,2012-02-28 22:01:59.280240722,0.02564102564102564
Case348,W_Completeren aanvraag,res_13a07171-afed-4486-9431-2507f9aacd76,Role 1,2012-02-20 18:42:23.464381198,619,1,res_13a07171-afed-4486-9431-2507f9aacd76,2012-02-20 18:39:55.941985198,0.0
Case348,W_Completeren aanvraag,res_ee19d540-6f30-4eb3-abd5-d42bf0a0cc9f,Role 1,2012-02-20 19:38:09.314987498,621,1,res_ee19d540-6f30-4eb3-abd5-d42bf0a0cc9f,2012-02-20 19:35:43.539658498,0.0
Case349,W_Afhandelen leads,res_fa4ebd56-fe09-4e12-ab6b-f564242582f3,Role 1,2012-02-20 18:52:10.354172875,620,0,res_fa4ebd56-fe09-4e12-ab6b-f564242582f3,2012-02-20 18:49:07.014748875,0.02564102564102564
Case349,W_Completeren aanvraag,res_c66fd8c7-ae25-415c-80c1-ac9cc1be7147,Role 1,2012-02-20 19:48:20.991000075,621,1,res_c66fd8c7-ae25-415c-80c1-ac9cc1be7147,2012-02-20 19:45:51.755842075,0.0
Case35,W_Completeren aanvraag,res_fe8f604a-4f72-4c5b-9082-2dc751f7d4b9,Role 1,2012-02-14 11:23:51.488170670,537,1,res_fe8f604a-4f72-4c5b-9082-2dc751f7d4b9,2012-02-14 11:21:18.145388670,0.0
Case35,W_Completeren aanvraag,res_ee19d540-6f30-4eb3-abd5-d42bf0a0cc9f,Role 1,2012-02-14 12:53:01.748674870,537,2,res_ee19d540-6f30-4eb3-abd5-d42bf0a0cc9f,2012-02-14 12:50:40.468388870,0.02564102564102564
Case35,W_Completeren aanvraag,res_4a606e00-143e-4039-9760-70b3cb78e66a,Role 1,2012-02-14 15:58:46.348827170,542,1,res_4a606e00-143e-4039-9760-70b3cb78e66a,2012-02-14 15:56:31.376516170,0.0
Case35,W_Nabellen offertes,res_ee19d540-6f30-4eb3-abd5-d42bf0a0cc9f,Role 1,2012-02-15 05:36:08.606780770,541,1,res_ee19d540-6f30-4eb3-abd5-d42bf0a0cc9f,2012-02-15 05:33:35.985464770,0.0
Case350,W_Completeren aanvraag,res_ee19d540-6f30-4eb3-abd5-d42bf0a0cc9f,Role 1,2012-02-20 19:05:04.168129374,621,1,res_ee19d540-6f30-4eb3-abd5-d42bf0a0cc9f,2012-02-20 19:02:37.001041374,0.0
Case351,W_Completeren aanvraag,res_240d458f-f7c5-4593-8aba-741926c2775b,Role 1,2012-02-20 19:14:27.165007701,621,1,res_240d458f-f7c5-4593-8aba-741926c2775b,2012-02-20 19:12:00.163152701,0.0
Case352,W_Completeren aanvraag,res_fdf1178c-5a31-4f5e-8867-f12efd24326c,Role 1,2012-02-20 19:16:31.524604930,622,2,res_fdf1178c-5a31-4f5e-8867-f12efd24326c,2012-02-20 19:14:10.123639930,0.02564102564102564
Case352,W_Nabellen offertes,res_dfa30272-4bc0-4c82-9bd0-6b4169bccece,Role 1,2012-02-20 19:36:11.095426630,621,1,res_dfa30272-4bc0-4c82-9bd0-6b4169bccece,2012-02-20 19:33:54.804927630,0.02564102564102564
Case352,W_Nabellen offertes,res_4d8dd482-f3ce-4175-9cd8-f5584cb38f63,Role 1,2012-02-28 23:59:22.087560930,639,1,res_4d8dd482-f3ce-4175-9cd8-f5584cb38f63,2012-02-28 23:54:44.358300930,0.0
Case352,W_Nabellen offertes,res_3835d2af-f74a-47b9-b054-8234859b6abe,Role 1,2012-03-01 16:48:21.337001930,641,1,res_3835d2af-f74a-47b9-b054-8234859b6abe,2012-03-01 16:46:44.720497930,0.0
Case353,W_Completeren aanvraag,res_0dcb8a75-60b3-457b-aac5-fe91506450da,Role 1,2012-02-20 19:36:25.355940742,621,1,res_0dcb8a75-60b3-457b-aac5-fe91506450da,2012-02-20 19:33:59.916937742,0.02564102564102564
Case353,W_Completeren aanvraag,res_554d030c-8ea0-477b-9a72-1469e52cca81,Role 1,2012-02-20 20:34:26.487273842,621,2,res_554d030c-8ea0-477b-9a72-1469e52cca81,2012-02-20 20:32:05.073135842,0.02564102564102564
Case353,W_Completeren aanvraag,res_c475f0b2-f190-4931-b0ab-7a7e8189e241,Role 1,2012-02-20 23:14:25.884092342,620,1,res_c475f0b2-f190-4931-b0ab-7a7e8189e241,2012-02-20 23:12:15.717379342,0.0
Case354,W_Completeren aanvraag,res_3d71865b-e63e-44f8-a4fd-ece0ef216fef,Role 1,2012-02-20 19:49:39.892179041,621,1,res_3d71865b-e63e-44f8-a4fd-ece0ef216fef,2012-02-20 19:47:13.784100041,0.0
Case354,W_Nabellen offertes,res_554d030c-8ea0-477b-9a72-1469e52cca81,Role 1,2012-02-20 20:09:34.213905141,621,1,res_554d030c-8ea0-477b-9a72-1469e52cca81,2012-02-20 20:07:16.579812141,0.0
Case355,W_Afhandelen leads,res_ffdbf4b7-c588-487c-b4ec-ae52c332aeda,Role 1,2012-02-20 19:59:03.809919783,622,0,res_ffdbf4b7-c588-487c-b4ec-ae52c332aeda,2012-02-20 19:55:59.670722783,0.0
Case355,W_Completeren aanvraag,res_4a606e00-143e-4039-9760-70b3cb78e66a,Role 1,2012-02-20 20:58:26.513514783,622,1,res_4a606e00-143e-4039-9760-70b3cb78e66a,2012-02-20 20:55:58.606062783,0.0
Case355,W_Completeren aanvraag,res_094e34c1-5472-4e50-8ca3-650a6a34e4ec,Role 1,2012-02-21 00:26:03.746939883,619,1,res_094e34c1-5472-4e50-8ca3-650a6a34e4ec,2012-02-21 00:23:50.400849883,0.0
Case355,W_Completeren aanvraag,res_90ea4c98-054c-4dd3-aadb-9d56713379c2,Role 1,2012-02-21 09:55:42.100169583,612,1,res_90ea4c98-054c-4dd3-aadb-9d56713379c2,2012-02-21 09:53:24.746082583,0.0
Case356,W_Completeren aanvraag,res_ffdbf4b7-c588-487c-b4ec-ae52c332aeda,Role 1,2012-02-20 20:15:15.367461131,621,1,res_ffdbf4b7-c588-487c-b4ec-ae52c332aeda,2012-02-20 20:12:50.138697131,0.0
Case356,W_Completeren aanvraag,res_0dd9fb20-75d3-4949-8e8b-38b1e2a52fbf,Role 1,2012-02-20 21:15:29.750808931,623,1,res_0dd9fb20-75d3-4949-8e8b-38b1e2a52fbf,2012-02-20 21:13:06.289737931,0.0
Case357,W_Afhandelen leads,res_ffdbf4b7-c588-487c-b4ec-ae52c332aeda,Role 1,2012-02-20 20:18:05.012625273,622,0,res_ffdbf4b7-c588-487c-b4ec-ae52c332aeda,2012-02-20 20:15:03.121521273,0.02564102564102564
Case357,W_Completeren aanvraag,res_3038739b-6c1c-42c1-b9ac-27ac6cc55a89,Role 1,2012-02-20 21:18:39.215474673,622,1,res_3038739b-6c1c-42c1-b9ac-27ac6cc55a89,2012-02-20 21:16:12.154397673,0.0
Case357,W_Nabellen offertes,res_6d1d995e-4384-448a-9bf8-9fb7d8013316,Role 1,2012-02-24 20:15:52.772604173,620,1,res_6d1d995e-4384-448a-9bf8-9fb7d8013316,2012-02-24 20:13:14.090351173,0.02564102564102564
Case357,W_Nabellen offertes,res_c05ba8c3-4cba-4513-8bb9-b3faa8713cc7,Role 1,2012-02-29 10:58:57.171800273,643,1,res_c05ba8c3-4cba-4513-8bb9-b3faa8713cc7,2012-02-29 10:57:17.303588273,0.05128205128205128
Case357,W_Nabellen offertes,res_3038739b-6c1c-42c1-b9ac-27ac6cc55a89,Role 1,2012-03-01 22:38:00.929801573,639,1,res_3038739b-6c1c-42c1-b9ac-27ac6cc55a89,2012-03-01 22:36:04.190074573,0.0
Case357,W_Nabellen offertes,res_8f2bf97e-8175-4ba4-882d-f6b7957c1a2c,Role 1,2012-03-03 21:42:37.871930873,644,1,res_8f2bf97e-8175-4ba4-882d-f6b7957c1a2c,2012-03-03 21:41:06.258092873,0.02564102564102564
Case357,W_Nabellen offertes,res_0dcb8a75-60b3-457b-aac5-fe91506450da,Role 1,2012-03-06 02:13:46.064000873,624,1,res_0dcb8a75-60b3-457b-aac5-fe91506450da,2012-03-06 02:12:16.125988873,0.0
Case358,W_Afhandelen leads,res_a6b7a9b9-8dde-47b4-ba71-c31305bfae5d,Role 1,2012-02-20 20:38:45.308439319,622,0,res_a6b7a9b9-8dde-47b4-ba71-c31305bfae5d,2012-02-20 20:35:42.279655319,0.0
Case358,W_Completeren aanvraag,res_554d030c-8ea0-477b-9a72-1469e52cca81,Role 1,2012-02-20 21:40:52.959844919,623,1,res_554d030c-8ea0-477b-9a72-1469e52cca81,2012-02-20 21:38:26.335213919,0.0
Case358,W_Nabellen offertes,res_a6b7a9b9-8dde-47b4-ba71-c31305bfae5d,Role 1,2012-02-25 02:57:49.506402019,632,1,res_a6b7a9b9-8dde-47b4-ba71-c31305bfae5d,2012-02-25 02:55:56.445071019,0.0
Case358,W_Nabellen offertes,res_3038739b-6c1c-42c1-b9ac-27ac6cc55a89,Role 1,2012-02-29 13:00:29.121965619,644,1,res_3038739b-6c1c-42c1-b9ac-27ac6cc55a89,2012-02-29 12:58:51.649732619,0.0
Case359,W_Afhandelen leads,res_d9a4b451-1c76-46c3-87c6-97373bec81d0,Role 1,2012-02-20 20:56:56.647016299,623,0,res_d9a4b451-1c76-46c3-87c6-97373bec81d0,2012-02-20 20:53:54.350726299,0.0
Case359,W_Completeren aanvraag,res_63a2ec71-0edb-4961-a972-295906b733b9,Role 1,2012-02-20 22:00:48.188025199,622,1,res_63a2ec71-0edb-4961-a972-295906b733b9,2012-02-20 21:58:22.215968199,0.0
Case359,W_Completeren aanvraag,res_094e34c1-5472-4e50-8ca3-650a6a34e4ec,Role 1,2012-02-21 04:05:03.952873498,616,1,res_094e34c1-5472-4e50-8ca3-650a6a34e4ec,2012-02-21 04:02:33.417123499,0.0
Case359,W_Completeren aanvraag,res_fa4ebd56-fe09-4e12-ab6b-f564242582f3,Role 1,2012-02-21 07:08:58.310996599,613,1,res_fa4ebd56-fe09-4e12-ab6b-f564242582f3,2012-02-21 07:06:38.760457599,0.0
Case36,W_Completeren aanvraag,res_63a2ec71-0edb-4961-a972-295906b733b9,Role 1,2012-02-14 11:35:03.510403477,537,1,res_63a2ec71-0edb-4961-a972-295906b733b9,2012-02-14 11:32:31.119074477,0.0
Case360,W_Afhandelen leads,res_8f2bf97e-8175-4ba4-882d-f6b7957c1a2c,Role 1,2012-02-20 21:17:51.996467182,623,0,res_8f2bf97e-8175-4ba4-882d-f6b7957c1a2c,2012-02-20 21:14:50.635436182,0.0
Case360,W_Completeren aanvraag,res_f8a5c2f7-852b-4750-a5bc-71d8a9f25fcd,Role 1,2012-02-20 22:24:20.057342882,621,1,res_f8a5c2f7-852b-4750-a5bc-71d8a9f25fcd,2012-02-20 22:21:54.818886882,0.0
Case361,W_Afhandelen leads,res_0dd9fb20-75d3-4949-8e8b-38b1e2a52fbf,Role 1,2012-02-21 09:23:43.482022176,612,0,res_0dd9fb20-75d3-4949-8e8b-38b1e2a52fbf,2012-02-21 09:20:43.517788176,0.0
Case361,W_Completeren aanvraag,res_4a606e00-143e-4039-9760-70b3cb78e66a,Role 1,2012-02-21 11:39:54.858868876,624,1,res_4a606e00-143e-4039-9760-70b3cb78e66a,2012-02-21 11:37:30.446832876,0.0
Case362,W_Afhandelen leads,res_c77d0074-5613-45fd-a890-6d80edada349,Role 1,2012-02-21 09:34:24.200535586,613,0,res_c77d0074-5613-45fd-a890-6d80edada349,2012-02-21 09:31:24.253213586,0.0
Case362,W_Completeren aanvraag,res_0dd9fb20-75d3-4949-8e8b-38b1e2a52fbf,Role 1,2012-02-21 11:47:39.836039086,623,1,res_0dd9fb20-75d3-4949-8e8b-38b1e2a52fbf,2012-02-21 11:45:15.238406086,0.0
Case362,W_Nabellen offertes,res_c77d0074-5613-45fd-a890-6d80edada349,Role 1,2012-02-22 13:04:26.505274286,614,1,res_c77d0074-5613-45fd-a890-6d80edada349,2012-02-22 13:01:50.936568286,0.05128205128205128
Case363,W_Afhandelen leads,res_3d71865b-e63e-44f8-a4fd-ece0ef216fef,Role 1,2012-02-21 09:40:20.797726238,614,0,res_3d71865b-e63e-44f8-a4fd-ece0ef216fef,2012-02-21 09:37:20.888969238,0.0
Case363,W_Completeren aanvraag,res_32a810af-a1e0-4835-afe4-a9e543c58a25,Role 1,2012-02-21 11:51:56.787692838,623,1,res_32a810af-a1e0-4835-afe4-a9e543c58a25,2012-02-21 11:49:32.077961838,0.0
Case363,W_Nabellen offertes,res_0dd9fb20-75d3-4949-8e8b-38b1e2a52fbf,Role 1,2012-02-22 13:46:58.140161238,613,1,res_0dd9fb20-75d3-4949-8e8b-38b1e2a52fbf,2012-02-22 13:44:30.452235238,0.02564102564102564
Case363,W_Nabellen offertes,res_d9486917-858c-4563-bf95-164b83d8a3d8,Role 1,2012-02-28 04:28:39.081337738,643,1,res_d9486917-858c-4563-bf95-164b83d8a3d8,2012-02-28 04:26:47.771173738,0.0
Case364,W_Completeren aanvraag,res_a6b7a9b9-8dde-47b4-ba71-c31305bfae5d,Role 1,2012-02-21 09:45:11.606023843,615,1,res_a6b7a9b9-8dde-47b4-ba71-c31305bfae5d,2012-02-21 09:42:33.197116843,0.0
Case364,W_Completeren aanvraag,res_fa4ebd56-fe09-4e12-ab6b-f564242582f3,Role 1,2012-02-21 11:55:20.463301943,623,1,res_fa4ebd56-fe09-4e12-ab6b-f564242582f3,2012-02-21 11:53:00.208031943,0.0
Case364,W_Completeren aanvraag,res_4d8dd482-f3ce-4175-9cd8-f5584cb38f63,Role 1,2012-02-21 15:18:06.451700843,625,1,res_4d8dd482-f3ce-4175-9cd8-f5584cb38f63,2012-02-21 15:15:49.821344843,0.0
Case364,W_Completeren aanvraag,res_dfa30272-4bc0-4c82-9bd0-6b4169bccece,Role 1,2012-02-21 16:48:21.039691943,626,1,res_dfa30272-4bc0-4c82-9bd0-6b4169bccece,2012-02-21 16:46:19.891743943,0.0
Case365,W_Afhandelen leads,res_6d1d995e-4384-448a-9bf8-9fb7d8013316,Role 1,2012-02-21 09:50:32.217793162,616,0,res_6d1d995e-4384-448a-9bf8-9fb7d8013316,2012-02-21 09:47:32.408471162,0.0
Case365,W_Completeren aanvraag,res_c561e158-62af-4d50-bb96-33472303cf4c,Role 1,2012-02-21 11:59:13.084464262,623,1,res_c561e158-62af-4d50-bb96-33472303cf4c,2012-02-21 11:56:48.169276262,0.0
Case365,W_Completeren aanvraag,res_c475f0b2-f190-4931-b0ab-7a7e8189e241,Role 1,2012-02-21 15:22:42.091602062,626,1,res_c475f0b2-f190-4931-b0ab-7a7e8189e241,2012-02-21 15:20:23.690152062,0.0
Case366,W_Afhandelen leads,res_fa4ebd56-fe09-4e12-ab6b-f564242582f3,Role 1,2012-02-21 09:55:48.493917316,617,0,res_fa4ebd56-fe09-4e12-ab6b-f564242582f3,2012-02-21 09:52:48.746401316,0.0
Case366,W_Completeren aanvraag,res_e9f54089-f03e-4dc1-a453-57f4acf2c7fb,Role 1,2012-02-21 12:02:55.579522816,624,1,res_e9f54089-f03e-4dc1-a453-57f4acf2c7fb,2012-02-21 12:00:31.764849816,0.05128205128205128
Case366,W_Completeren aanvraag,res_13a07171-afed-4486-9431-2507f9aacd76,Role 1,2012-02-21 15:27:03.475461516,625,1,res_13a07171-afed-4486-9431-2507f9aacd76,2012-02-21 15:24:45.703006516,0.0
Case366,W_Completeren aanvraag,res_fdf1178c-5a31-4f5e-8867-f12efd24326c,Role 1,2012-02-21 16:59:59.401604515,625,1,res_fdf1178c-5a31-4f5e-8867-f12efd24326c,2012-02-21 16:57:56.138391516,0.0
Case366,W_Completeren aanvraag,res_63a2ec71-0edb-4961-a972-295906b733b9,Role 1,2012-02-21 17:47:53.654780316,626,2,res_63a2ec71-0edb-4961-a972-295906b733b9,2012-02-21 17:46:08.121237316,0.02564102564102564
Case367,W_Afhandelen leads,res_554d030c-8ea0-477b-9a72-1469e52cca81,Role 1,2012-02-21 10:02:19.304410642,618,0,res_554d030c-8ea0-477b-9a72-1469e52cca81,2012-02-21 09:59:19.635308642,0.0
Case367,W_Completeren aanvraag,res_c77d0074-5613-45fd-a890-6d80edada349,Role 1,2012-02-21 12:07:30.608631542,624,1,res_c77d0074-5613-45fd-a890-6d80edada349,2012-02-21 12:05:05.423719542,0.0
Case367,W_Nabellen offertes,res_a117c367-ca0b-4fb8-9736-c1d7d3de62d1,Role 1,2012-02-22 16:11:26.351770542,619,1,res_a117c367-ca0b-4fb8-9736-c1d7d3de62d1,2012-02-22 16:09:14.287793542,0.0
Case367,W_Nabellen offertes,res_c561e158-62af-4d50-bb96-33472303cf4c,Role 1,2012-02-28 16:35:43.309185942,645,1,res_c561e158-62af-4d50-bb96-33472303cf4c,2012-02-28 16:33:57.736113942,0.0
Case368,W_Afhandelen leads,res_4a606e00-143e-4039-9760-70b3cb78e66a,Role 1,2012-02-21 10:10:56.624153921,619,0,res_4a606e00-143e-4039-9760-70b3cb78e66a,2012-02-21 10:07:58.469811921,0.02564102564102564
Case368,W_Completeren aanvraag,res_fe8f604a-4f72-4c5b-9082-2dc751f7d4b9,Role 1,2012-02-21 12:13:26.670709321,624,1,res_fe8f604a-4f72-4c5b-9082-2dc751f7d4b9,2012-02-21 12:11:01.758721321,0.0
Case368,W_Nabellen offertes,res_0dd9fb20-75d3-4949-8e8b-38b1e2a52fbf,Role 1,2012-02-22 16:57:50.100769121,618,1,res_0dd9fb20-75d3-4949-8e8b-38b1e2a52fbf,2012-02-22 16:55:40.679221121,0.0
Case368,W_Nabellen offertes,res_c475f0b2-f190-4931-b0ab-7a7e8189e241,Role 1,2012-02-28 20:28:27.728357221,641,1,res_c475f0b2-f190-4931-b0ab-7a7e8189e241,2012-02-28 20:23:34.193561221,0.0
Case368,W_Nabellen offertes,res_8f2bf97e-8175-4ba4-882d-f6b7957c1a2c,Role 1,2012-03-01 08:45:52.440238621,636,1,res_8f2bf97e-8175-4ba4-882d-f6b7957c1a2c,2012-03-01 08:44:02.664783621,0.05128205128205128
Case369,W_Completeren aanvraag,res_6d1d995e-4384-448a-9bf8-9fb7d8013316,Role 1,2012-02-21 10:22:48.990314612,619,1,res_6d1d995e-4384-448a-9bf8-9fb7d8013316,2012-02-21 10:20:12.897681612,0.0
Case369,W_Completeren aanvraag,res_e9f54089-f03e-4dc1-a453-57f4acf2c7fb,Role 1,2012-02-21 12:19:31.746579212,625,2,res_e9f54089-f03e-4dc1-a453-57f4acf2c7fb,2012-02-21 12:17:12.510413212,0.02564102564102564
Case369,W_Completeren aanvraag,res_fdf1178c-5a31-4f5e-8867-f12efd24326c,Role 1,2012-02-21 15:44:58.509618812,626,1,res_fdf1178c-5a31-4f5e-8867-f12efd24326c,2012-02-21 15:42:43.363759812,0.0
Case369,W_Completeren aanvraag,res_a117c367-ca0b-4fb8-9736-c1d7d3de62d1,Role 1,2012-02-21 17:15:10.110745812,627,1,res_a117c367-ca0b-4fb8-9736-c1d7d3de62d1,2012-02-21 17:13:12.611156812,0.0
Case369,W_Nabellen offertes,res_a117c367-ca0b-4fb8-9736-c1d7d3de62d1,Role 1,2012-02-21 22:24:24.505883512,620,1,res_a117c367-ca0b-4fb8-9736-c1d7d3de62d1,2012-02-21 22:22:50.222885512,0.0
Case369,W_Nabellen offertes,res_e08dd225-6ddd-45bc-b1b2-7c6cf10375f6,Role 1,2012-02-25 06:19:13.307118412,637,1,res_e08dd225-6ddd-45bc-b1b2-7c6cf10375f6,2012-02-25 06:17:36.956918412,0.02564102564102564
Case369,W_Nabellen offertes,res_c66fd8c7-ae25-415c-80c1-ac9cc1be7147,Role 1,2012-02-27 10:15:47.647473112,622,1,res_c66fd8c7-ae25-415c-80c1-ac9cc1be7147,2012-02-27 10:14:18.535603112,0.0
Case369,W_Nabellen offertes,res_d9486917-858c-4563-bf95-164b83d8a3d8,Role 1,2012-03-01 06:07:42.285711412,629,1,res_d9486917-858c-4563-bf95-164b83d8a3d8,2012-03-01 06:04:00.551399412,0.0
Case37,W_Completeren aanvraag,res_a117c367-ca0b-4fb8-9736-c1d7d3de62d1,Role 1,2012-02-14 11:49:44.823768871,537,1,res_a117c367-ca0b-4fb8-9736-c1d7d3de62d1,2012-02-14 11:47:13.641452871,0.0
Case370,W_Afhandelen leads,res_63a2ec71-0edb-4961-a972-295906b733b9,Role 1,2012-02-21 10:24:05.228446034,620,0,res_63a2ec71-0edb-4961-a972-295906b733b9,2012-02-21 10:21:07.299746034,0.02564102564102564
Case370,W_Completeren aanvraag,res_0dcb8a75-60b3-457b-aac5-fe91506450da,Role 1,2012-02-21 12:22:19.422382534,624,1,res_0dcb8a75-60b3-457b-aac5-fe91506450da,2012-02-21 12:19:54.158890534,0.0
Case370,W_Completeren aanvraag,res_d9486917-858c-4563-bf95-164b83d8a3d8,Role 1,2012-02-21 15:48:14.671875834,626,1,res_d9486917-858c-4563-bf95-164b83d8a3d8,2012-02-21 15:45:56.612799834,0.0
Case370,W_Completeren aanvraag,res_3038739b-6c1c-42c1-b9ac-27ac6cc55a89,Role 1,2012-02-21 17:18:31.721836334,627,1,res_3038739b-6c1c-42c1-b9ac-27ac6cc55a89,2012-02-21 17:16:29.111768334,0.0
Case370,W_Completeren aanvraag,res_a117c367-ca0b-4fb8-9736-c1d7d3de62d1,Role 1,2012-02-21 18:04:39.053241734,624,1,res_a117c367-ca0b-4fb8-9736-c1d7d3de62d1,2012-02-21 18:02:53.243043734,0.0
Case370,W_Completeren aanvraag,res_03b72214-605a-4b4f-97a5-ea18baa453ee,Role 1,2012-02-21 18:32:17.460854834,625,1,res_03b72214-605a-4b4f-97a5-ea18baa453ee,2012-02-21 18:30:38.524914834,0.0
Case370,W_Completeren aanvraag,res_cd5fe8a1-7bca-4ddc-9e04-e32a42150d6e,Role 1,2012-02-21 18:56:53.884712534,625,1,res_cd5fe8a1-7bca-4ddc-9e04-e32a42150d6e,2012-02-21 18:55:17.131682534,0.0
Case370,W_Nabellen offertes,res_32a810af-a1e0-4835-afe4-a9e543c58a25,Role 1,2012-02-21 20:36:47.639364534,625,1,res_32a810af-a1e0-4835-afe4-a9e543c58a25,2012-02-21 20:35:15.942863534,0.0
Case371,W_Afhandelen leads,res_90ea4c98-054c-4dd3-aadb-9d56713379c2,Role 1,2012-02-21 10:38:57.952159164,621,0,res_90ea4c98-054c-4dd3-aadb-9d56713379c2,2012-02-21 10:35:58.889135164,0.0
Case371,W_Completeren aanvraag,res_32a810af-a1e0-4835-afe4-a9e543c58a25,Role 1,2012-02-21 12:31:56.199338664,624,1,res_32a810af-a1e0-4835-afe4-a9e543c58a25,2012-02-21 12:29:30.059690664,0.0
Case372,W_Completeren aanvraag,res_240d458f-f7c5-4593-8aba-741926c2775b,Role 1,2012-02-21 10:51:04.252710692,622,1,res_240d458f-f7c5-4593-8aba-741926c2775b,2012-02-21 10:48:30.443580692,0.0
Case372,W_Completeren aanvraag,res_fdf1178c-5a31-4f5e-8867-f12efd24326c,Role 1,2012-02-21 12:39:14.911422292,624,1,res_fdf1178c-5a31-4f5e-8867-f12efd24326c,2012-02-21 12:36:52.796721292,0.0
Case372,W_Completeren aanvraag,res_3038739b-6c1c-42c1-b9ac-27ac6cc55a89,Role 1,2012-02-21 16:03:52.685199692,627,1,res_3038739b-6c1c-42c1-b9ac-27ac6cc55a89,2012-02-21 16:01:36.677414692,0.0
Case372,W_Completeren aanvraag,res_32a810af-a1e0-4835-afe4-a9e543c58a25,Role 1,2012-02-21 17:31:12.792140292,628,1,res_32a810af-a1e0-4835-afe4-a9e543c58a25,2012-02-21 17:29:14.496274292,0.0
Case373,W_Completeren aanvraag,res_b48df80a-ad89-4a8c-8f9d-edecf950fdb5,Role 1,2012-02-21 11:09:39.863794608,623,1,res_b48df80a-ad89-4a8c-8f9d-edecf950fdb5,2012-02-21 11:07:07.700792608,0.0
Case373,W_Nabellen offertes,res_0dcb8a75-60b3-457b-aac5-fe91506450da,Role 1,2012-02-21 11:55:25.702240808,624,1,res_0dcb8a75-60b3-457b-aac5-fe91506450da,2012-02-21 11:53:04.932042808,0.02564102564102564
Case373,W_Nabellen offertes,res_3038739b-6c1c-42c1-b9ac-27ac6cc55a89,Role 1,2012-02-28 21:49:41.607660708,639,1,res_3038739b-6c1c-42c1-b9ac-27ac6cc55a89,2012-02-28 21:46:09.469138708,0.0
Case373,W_Nabellen offertes,res_13a07171-afed-4486-9431-2507f9aacd76,Role 1,2012-03-01 12:01:38.836733108,640,1,res_13a07171-afed-4486-9431-2507f9aacd76,2012-03-01 11:59:58.142591108,0.0
Case374,W_Completeren aanvraag,res_63a2ec71-0edb-4961-a972-295906b733b9,Role 1,2012-02-21 11:23:28.739117855,624,1,res_63a2ec71-0edb-4961-a972-295906b733b9,2012-02-21 11:20:57.835997855,0.0
Case374,W_Completeren aanvraag,res_fa4ebd56-fe09-4e12-ab6b-f564242582f3,Role 1,2012-02-21 12:54:20.458213555,624,1,res_fa4ebd56-fe09-4e12-ab6b-f564242582f3,2012-02-21 12:51:57.318269555,0.0
Case374,W_Completeren aanvraag,res_ee19d540-6f30-4eb3-abd5-d42bf0a0cc9f,Role 1,2012-02-21 16:13:06.717420255,628,1,res_ee19d540-6f30-4eb3-abd5-d42bf0a0cc9f,2012-02-21 16:10:51.366911255,0.02564102564102564
Case375,W_Completeren aanvraag,res_240d458f-f7c5-4593-8aba-741926c2775b,Role 1,2012-02-21 11:23:43.811479604,625,2,res_240d458f-f7c5-4593-8aba-741926c2775b,2012-02-21 11:21:17.984910604,0.02564102564102564
Case376,W_Afhandelen leads,res_7b5eefe7-a9c7-4c10-ace5-1fd3772097ff,Role 1,2012-02-21 11:50:41.605407566,624,0,res_7b5eefe7-a9c7-4c10-ace5-1fd3772097ff,2012-02-21 11:47:44.711789566,0.0
Case376,W_Completeren aanvraag,res_c77d0074-5613-45fd-a890-6d80edada349,Role 1,2012-02-21 13:07:03.442686466,624,1,res_c77d0074-5613-45fd-a890-6d80edada349,2012-02-21 13:04:35.529340466,0.0
Case377,W_Completeren aanvraag,res_ee19d540-6f30-4eb3-abd5-d42bf0a0cc9f,Role 1,2012-02-21 12:07:13.497725926,625,1,res_ee19d540-6f30-4eb3-abd5-d42bf0a0cc9f,2012-02-21 12:04:46.261665926,0.0
Case378,W_Afhandelen leads,res_ffdbf4b7-c588-487c-b4ec-ae52c332aeda,Role 1,2012-02-21 12:24:36.072446461,625,0,res_ffdbf4b7-c588-487c-b4ec-ae52c332aeda,2012-02-21 12:21:41.766868461,0.02564102564102564
Case378,W_Completeren aanvraag,res_cd5fe8a1-7bca-4ddc-9e04-e32a42150d6e,Role 1,2012-02-21 13:32:56.280937561,626,2,res_cd5fe8a1-7bca-4ddc-9e04-e32a42150d6e,2012-02-21 13:30:30.620902561,0.02564102564102564
Case379,W_Completeren aanvraag,res_e08dd225-6ddd-45bc-b1b2-7c6cf10375f6,Role 1,2012-02-21 12:25:55.156815667,625,1,res_e08dd225-6ddd-45bc-b1b2-7c6cf10375f6,2012-02-21 12:23:29.563551667,0.02564102564102564
Case38,W_Completeren aanvraag,res_4d8dd482-f3ce-4175-9cd8-f5584cb38f63,Role 1,2012-02-14 12:09:29.092912133,537,1,res_4d8dd482-f3ce-4175-9cd8-f5584cb38f63,2012-02-14 12:06:59.404968133,0.0
Case380,W_Completeren aanvraag,res_a117c367-ca0b-4fb8-9736-c1d7d3de62d1,Role 1,2012-02-21 12:42:05.796322155,625,1,res_a117c367-ca0b-4fb8-9736-c1d7d3de62d1,2012-02-21 12:39:40.741146155,0.0
Case381,W_Completeren aanvraag,res_a6b7a9b9-8dde-47b4-ba71-c31305bfae5d,Role 1,2012-02-21 13:00:44.888825534,625,2,res_a6b7a9b9-8dde-47b4-ba71-c31305bfae5d,2012-02-21 12:58:25.050477534,0.02564102564102564
Case381,W_Nabellen offertes,res_dfa30272-4bc0-4c82-9bd0-6b4169bccece,Role 1,2012-02-21 13:33:54.941233634,625,1,res_dfa30272-4bc0-4c82-9bd0-6b4169bccece,2012-02-21 13:31:34.045850634,0.0
Case381,W_Nabellen offertes,res_7b5eefe7-a9c7-4c10-ace5-1fd3772097ff,Role 1,2012-02-29 15:04:01.331118234,642,1,res_7b5eefe7-a9c7-4c10-ace5-1fd3772097ff,2012-02-29 15:02:21.138110234,0.0
Case381,W_Nabellen offertes,res_e9f54089-f03e-4dc1-a453-57f4acf2c7fb,Role 1,2012-03-02 08:00:14.378580334,629,1,res_e9f54089-f03e-4dc1-a453-57f4acf2c7fb,2012-03-02 07:54:30.757542334,0.0
Case382,W_Completeren aanvraag,res_3038739b-6c1c-42c1-b9ac-27ac6cc55a89,Role 1,2012-02-21 13:24:26.023039406,625,1,res_3038739b-6c1c-42c1-b9ac-27ac6cc55a89,2012-02-21 13:22:02.526489406,0.0
Case382,W_Completeren aanvraag,res_a117c367-ca0b-4fb8-9736-c1d7d3de62d1,Role 1,2012-02-21 14:24:15.802091106,625,1,res_a117c367-ca0b-4fb8-9736-c1d7d3de62d1,2012-02-21 14:21:49.764843106,0.0
Case382,W_Nabellen offertes,res_90ea4c98-054c-4dd3-aadb-9d56713379c2,Role 1,2012-02-22 13:03:21.383017406,614,1,res_90ea4c98-054c-4dd3-aadb-9d56713379c2,2012-02-22 13:00:47.113535406,0.0
Case383,W_Completeren aanvraag,res_e08dd225-6ddd-45bc-b1b2-7c6cf10375f6,Role 1,2012-02-21 13:26:17.571100711,626,2,res_e08dd225-6ddd-45bc-b1b2-7c6cf10375f6,2012-02-21 13:23:58.382737711,0.02564102564102564
Case383,W_Completeren aanvraag,res_0dcb8a75-60b3-457b-aac5-fe91506450da,Role 1,2012-02-21 14:25:54.424097611,625,2,res_0dcb8a75-60b3-457b-aac5-fe91506450da,2012-02-21 14:23:32.542595611,0.02564102564102564
Case383,W_Nabellen offertes,res_ffdbf4b7-c588-487c-b4ec-ae52c332aeda,Role 1,2012-02-22 13:58:45.549991411,614,1,res_ffdbf4b7-c588-487c-b4ec-ae52c332aeda,2012-02-22 13:56:21.664452411,0.02564102564102564
Case383,W_Nabellen offertes,res_03b72214-605a-4b4f-97a5-ea18baa453ee,Role 1,2012-02-28 11:10:09.989918711,649,1,res_03b72214-605a-4b4f-97a5-ea18baa453ee,2012-02-28 11:08:30.641980711,0.02564102564102564
Case384,W_Completeren aanvraag,res_8f2bf97e-8175-4ba4-882d-f6b7957c1a2c,Role 1,2012-02-21 13:58:18.538334752,626,1,res_8f2bf97e-8175-4ba4-882d-f6b7957c1a2c,2012-02-21 13:55:55.551785752,0.0
Case385,W_Completeren aanvraag,res_c475f0b2-f190-4931-b0ab-7a7e8189e241,Role 1,2012-02-21 14:24:46.264832351,626,1,res_c475f0b2-f190-4931-b0ab-7a7e8189e241,2012-02-21 14:22:23.286110351,0.0
Case385,W_Nabellen offertes,res_32a810af-a1e0-4835-afe4-a9e543c58a25,Role 1,2012-02-21 14:50:40.834977151,625,1,res_32a810af-a1e0-4835-afe4-a9e543c58a25,2012-02-21 14:48:18.106899151,0.02564102564102564
Case385,W_Nabellen offertes,res_5423e6a8-eed7-4dc9-b44d-98691c53411e,Role 1,2012-03-01 07:15:36.404043651,634,2,res_5423e6a8-eed7-4dc9-b44d-98691c53411e,2012-03-01 07:13:14.020830651,0.05128205128205128
Case386,W_Completeren aanvraag,res_d9a4b451-1c76-46c3-87c6-97373bec81d0,Role 1,2012-02-21 14:25:16.319184024,627,2,res_d9a4b451-1c76-46c3-87c6-97373bec81d0,2012-02-21 14:22:57.539262024,0.02564102564102564
Case387,W_Afhandelen leads,res_c66fd8c7-ae25-415c-80c1-ac9cc1be7147,Role 1,2012-02-21 14:49:21.859601159,626,0,res_c66fd8c7-ae25-415c-80c1-ac9cc1be7147,2012-02-21 14:46:25.948263159,0.05128205128205128
Case387,W_Completeren aanvraag,res_6d1d995e-4384-448a-9bf8-9fb7d8013316,Role 1,2012-02-21 15:45:23.880247859,627,1,res_6d1d995e-4384-448a-9bf8-9fb7d8013316,2012-02-21 15:42:52.643932859,0.0
Case387,W_Completeren aanvraag,res_cd5fe8a1-7bca-4ddc-9e04-e32a42150d6e,Role 1,2012-02-21 17:18:33.909510759,626,1,res_cd5fe8a1-7bca-4ddc-9e04-e32a42150d6e,2012-02-21 17:16:17.401429759,0.0
Case387,W_Nabellen offertes,res_90ea4c98-054c-4dd3-aadb-9d56713379c2,Role 1,2012-02-22 01:50:52.558529259,620,1,res_90ea4c98-054c-4dd3-aadb-9d56713379c2,2012-02-22 01:49:03.847987259,0.0
Case388,W_Completeren aanvraag,res_63a2ec71-0edb-4961-a972-295906b733b9,Role 1,2012-02-21 15:03:30.840320916,626,1,res_63a2ec71-0edb-4961-a972-295906b733b9,2012-02-21 15:01:07.463195916,0.0
Case388,W_Completeren aanvraag,res_fdf1178c-5a31-4f5e-8867-f12efd24326c,Role 1,2012-02-21 15:59:04.549596916,626,1,res_fdf1178c-5a31-4f5e-8867-f12efd24326c,2012-02-21 15:56:37.123486916,0.0
Case388,W_Completeren aanvraag,res_3835d2af-f74a-47b9-b054-8234859b6abe,Role 1,2012-02-21 17:29:02.993216916,624,3,res_3835d2af-f74a-47b9-b054-8234859b6abe,2012-02-21 17:26:51.873812916,0.05128205128205128
Case388,W_Nabellen offertes,res_c561e158-62af-4d50-bb96-33472303cf4c,Role 1,2012-02-22 02:46:35.157446516,618,1,res_c561e158-62af-4d50-bb96-33472303cf4c,2012-02-22 02:44:43.242000516,0.0
Case389,W_Completeren aanvraag,res_ffdbf4b7-c588-487c-b4ec-ae52c332aeda,Role 1,2012-02-21 15:24:17.359257424,627,1,res_ffdbf4b7-c588-487c-b4ec-ae52c332aeda,2012-02-21 15:21:53.673449424,0.0
Case389,W_Nabellen offertes,res_3835d2af-f74a-47b9-b054-8234859b6abe,Role 1,2012-02-21 15:47:44.983826424,628,1,res_3835d2af-f74a-47b9-b054-8234859b6abe,2012-02-21 15:45:22.716317424,0.02564102564102564
Case389,W_Nabellen offertes,res_3835d2af-f74a-47b9-b054-8234859b6abe,Role 1,2012-03-01 12:40:41.242028824,642,1,res_3835d2af-f74a-47b9-b054-8234859b6abe,2012-03-01 12:38:50.811289824,0.02564102564102564
Case39,W_Afhandelen leads,res_4d8dd482-f3ce-4175-9cd8-f5584cb38f63,Role 1,2012-02-14 12:11:53.106066439,538,0,res_4d8dd482-f3ce-4175-9cd8-f5584cb38f63,2012-02-14 12:08:55.261216439,0.05128205128205128
Case39,W_Completeren aanvraag,res_a117c367-ca0b-4fb8-9736-c1d7d3de62d1,Role 1,2012-02-14 13:21:59.601036439,538,1,res_a117c367-ca0b-4fb8-9736-c1d7d3de62d1,2012-02-14 13:19:31.490088439,0.0
Case39,W_Nabellen offertes,res_3835d2af-f74a-47b9-b054-8234859b6abe,Role 1,2012-02-15 16:30:40.591941239,556,1,res_3835d2af-f74a-47b9-b054-8234859b6abe,2012-02-15 16:28:31.461675239,0.02564102564102564
Case39,W_Nabellen offertes,res_e08dd225-6ddd-45bc-b1b2-7c6cf10375f6,Role 1,2012-02-21 19:38:52.614066738,616,1,res_e08dd225-6ddd-45bc-b1b2-7c6cf10375f6,2012-02-21 19:34:52.520259738,0.0
Case39,W_Nabellen offertes,res_5423e6a8-eed7-4dc9-b44d-98691c53411e,Role 1,2012-02-23 08:19:36.872835839,618,1,res_5423e6a8-eed7-4dc9-b44d-98691c53411e,2012-02-23 08:17:49.046948839,0.0
Case390,W_Completeren aanvraag,res_32a810af-a1e0-4835-afe4-a9e543c58a25,Role 1,2012-02-21 15:25:38.032272606,628,2,res_32a810af-a1e0-4835-afe4-a9e543c58a25,2012-02-21 15:23:19.306328606,0.05128205128205128
Case390,W_Nabellen offertes,res_094e34c1-5472-4e50-8ca3-650a6a34e4ec,Role 1,2012-02-21 15:49:10.532047406,628,2,res_094e34c1-5472-4e50-8ca3-650a6a34e4ec,2012-02-21 15:46:54.894120406,0.05128205128205128
Case391,W_Completeren aanvraag,res_3d71865b-e63e-44f8-a4fd-ece0ef216fef,Role 1,2012-02-21 15:44:48.803127371,628,1,res_3d71865b-e63e-44f8-a4fd-ece0ef216fef,2012-02-21 15:42:24.772018371,0.0
Case391,W_Completeren aanvraag,res_3038739b-6c1c-42c1-b9ac-27ac6cc55a89,Role 1,2012-02-21 16:39:29.193438771,627,1,res_3038739b-6c1c-42c1-b9ac-27ac6cc55a89,2012-02-21 16:37:01.468711771,0.0
Case391,W_Completeren aanvraag,res_d9a4b451-1c76-46c3-87c6-97373bec81d0,Role 1,2012-02-21 18:02:06.691845170,625,2,res_d9a4b451-1c76-46c3-87c6-97373bec81d0,2012-02-21 17:59:53.564665171,0.02564102564102564
Case391,W_Completeren aanvraag,res_63a2ec71-0edb-4961-a972-295906b733b9,Role 1,2012-02-21 18:38:42.236263771,626,1,res_63a2ec71-0edb-4961-a972-295906b733b9,2012-02-21 18:36:50.525394771,0.0
Case392,W_Afhandelen leads,res_fa4ebd56-fe09-4e12-ab6b-f564242582f3,Role 1,2012-02-21 16:26:29.587789989,626,0,res_fa4ebd56-fe09-4e12-ab6b-f564242582f3,2012-02-21 16:23:24.954264989,0.0
Case392,W_Completeren aanvraag,res_c561e158-62af-4d50-bb96-33472303cf4c,Role 1,2012-02-21 17:20:43.307041789,624,1,res_c561e158-62af-4d50-bb96-33472303cf4c,2012-02-21 17:18:10.335987789,0.0
Case392,W_Nabellen offertes,res_e08dd225-6ddd-45bc-b1b2-7c6cf10375f6,Role 1,2012-02-22 12:04:07.899536189,610,1,res_e08dd225-6ddd-45bc-b1b2-7c6cf10375f6,2012-02-22 12:01:31.789149189,0.0
Case392,W_Nabellen offertes,res_e08dd225-6ddd-45bc-b1b2-7c6cf10375f6,Role 1,2012-02-29 02:11:05.134815489,639,1,res_e08dd225-6ddd-45bc-b1b2-7c6cf10375f6,2012-02-29 02:08:18.785580489,0.0
Case393,W_Afhandelen leads,res_554d030c-8ea0-477b-9a72-1469e52cca81,Role 1,2012-02-21 16:26:29.317782089,627,1,res_554d030c-8ea0-477b-9a72-1469e52cca81,2012-02-21 16:23:33.013830089,0.02564102564102564
Case393,W_Completeren aanvraag,res_c561e158-62af-4d50-bb96-33472303cf4c,Role 1,2012-02-21 17:20:42.648878289,624,2,res_c561e158-62af-4d50-bb96-33472303cf4c,2012-02-21 17:18:14.484167289,0.02564102564102564
Case393,W_Nabellen offertes,res_c66fd8c7-ae25-415c-80c1-ac9cc1be7147,Role 1,2012-02-22 09:03:56.421788389,610,1,res_c66fd8c7-ae25-415c-80c1-ac9cc1be7147,2012-02-22 09:00:41.827891389,0.0
Case394,W_Completeren aanvraag,res_5423e6a8-eed7-4dc9-b44d-98691c53411e,Role 1,2012-02-21 16:52:07.789077214,628,1,res_5423e6a8-eed7-4dc9-b44d-98691c53411e,2012-02-21 16:49:42.614133214,0.0
Case394,W_Nabellen offertes,res_0dcb8a75-60b3-457b-aac5-fe91506450da,Role 1,2012-02-21 17:12:33.496192414,625,1,res_0dcb8a75-60b3-457b-aac5-fe91506450da,2012-02-21 17:10:12.374031414,0.0
Case395,W_Afhandelen leads,res_fdf1178c-5a31-4f5e-8867-f12efd24326c,Role 1,2012-02-21 17:25:05.652392641,625,0,res_fdf1178c-5a31-4f5e-8867-f12efd24326c,2012-02-21 17:22:00.939539641,0.02564102564102564
Case395,W_Completeren aanvraag,res_d9486917-858c-4563-bf95-164b83d8a3d8,Role 1,2012-02-21 18:19:41.651555241,625,1,res_d9486917-858c-4563-bf95-164b83d8a3d8,2012-02-21 18:17:08.780979241,0.0
Case395,W_Completeren aanvraag,res_4a606e00-143e-4039-9760-70b3cb78e66a,Role 1,2012-02-21 19:45:45.316923741,625,1,res_4a606e00-143e-4039-9760-70b3cb78e66a,2012-02-21 19:43:30.085993741,0.0
Case395,W_Nabellen offertes,res_3835d2af-f74a-47b9-b054-8234859b6abe,Role 1,2012-02-22 14:44:23.437402441,618,1,res_3835d2af-f74a-47b9-b054-8234859b6abe,2012-02-22 14:42:29.650348441,0.0
Case396,W_Afhandelen leads,res_f8a5c2f7-852b-4750-a5bc-71d8a9f25fcd,Role 1,2012-02-21 18:18:18.741362401,626,0,res_f8a5c2f7-852b-4750-a5bc-71d8a9f25fcd,2012-02-21 18:15:11.519873401,0.0
Case396,W_Completeren aanvraag,res_63a2ec71-0edb-4961-a972-295906b733b9,Role 1,2012-02-21 19:14:16.073681301,624,1,res_63a2ec71-0edb-4961-a972-295906b733b9,2012-02-21 19:11:43.442036301,0.0
Case397,W_Afhandelen leads,res_0dcb8a75-60b3-457b-aac5-fe91506450da,Role 1,2012-02-21 18:29:17.665026284,626,0,res_0dcb8a75-60b3-457b-aac5-fe91506450da,2012-02-21 18:26:10.389320284,0.0
Case397,W_Completeren aanvraag,res_dfa30272-4bc0-4c82-9bd0-6b4169bccece,Role 1,2012-02-21 19:25:39.944323284,623,1,res_dfa30272-4bc0-4c82-9bd0-6b4169bccece,2012-02-21 19:23:07.479834284,0.0
Case397,W_Nabellen offertes,res_f8a5c2f7-852b-4750-a5bc-71d8a9f25fcd,Role 1,2012-02-23 18:37:59.045220084,621,1,res_f8a5c2f7-852b-4750-a5bc-71d8a9f25fcd,2012-02-23 18:35:56.484830084,0.0
Case397,W_Nabellen offertes,res_d9486917-858c-4563-bf95-164b83d8a3d8,Role 1,2012-02-29 12:51:48.360052584,643,1,res_d9486917-858c-4563-bf95-164b83d8a3d8,2012-02-29 12:50:11.014423584,0.0
Case398,W_Completeren aanvraag,res_ffdbf4b7-c588-487c-b4ec-ae52c332aeda,Role 1,2012-02-21 19:27:07.715350023,624,1,res_ffdbf4b7-c588-487c-b4ec-ae52c332aeda,2012-02-21 19:24:43.352258023,0.0
Case398,W_Completeren aanvraag,res_c66fd8c7-ae25-415c-80c1-ac9cc1be7147,Role 1,2012-02-21 20:25:43.235152723,623,1,res_c66fd8c7-ae25-415c-80c1-ac9cc1be7147,2012-02-21 20:23:18.522434723,0.0
Case398,W_Completeren aanvraag,res_0dcb8a75-60b3-457b-aac5-fe91506450da,Role 1,2012-02-21 23:14:28.584283223,620,1,res_0dcb8a75-60b3-457b-aac5-fe91506450da,2012-02-21 23:12:14.404808223,0.0
Case398,W_Nabellen offertes,res_d9486917-858c-4563-bf95-164b83d8a3d8,Role 1,2012-02-23 00:38:07.567253623,621,1,res_d9486917-858c-4563-bf95-164b83d8a3d8,2012-02-23 00:36:26.327529623,0.0
Case399,W_Completeren aanvraag,res_094e34c1-5472-4e50-8ca3-650a6a34e4ec,Role 1,2012-02-21 19:27:28.338203959,625,2,res_094e34c1-5472-4e50-8ca3-650a6a34e4ec,2012-02-21 19:25:08.538398959,0.02564102564102564
Case399,W_Nabellen offertes,res_5423e6a8-eed7-4dc9-b44d-98691c53411e,Role 1,2012-02-21 19:45:14.719933959,625,2,res_5423e6a8-eed7-4dc9-b44d-98691c53411e,2012-02-21 19:43:04.856775959,0.02564102564102564
Case4,W_Afhandelen leads,res_554d030c-8ea0-477b-9a72-1469e52cca81,Role 1,2012-02-13 19:31:23.346159167,522,0,res_554d030c-8ea0-477b-9a72-1469e52cca81,2012-02-13 19:28:14.523562167,0.0
Case4,W_Completeren aanvraag,res_0dd9fb20-75d3-4949-8e8b-38b1e2a52fbf,Role 1,2012-02-13 20:28:30.781317467,524,1,res_0dd9fb20-75d3-4949-8e8b-38b1e2a52fbf,2012-02-13 20:26:00.366623467,0.0
Case40,W_Completeren aanvraag,res_3d71865b-e63e-44f8-a4fd-ece0ef216fef,Role 1,2012-02-14 12:43:20.086288479,537,1,res_3d71865b-e63e-44f8-a4fd-ece0ef216fef,2012-02-14 12:40:52.430264479,0.0
Case40,W_Completeren aanvraag,res_63a2ec71-0edb-4961-a972-295906b733b9,Role 1,2012-02-14 13:45:42.299499979,539,1,res_63a2ec71-0edb-4961-a972-295906b733b9,2012-02-14 13:43:16.529209979,0.0
Case40,W_Nabellen offertes,res_554d030c-8ea0-477b-9a72-1469e52cca81,Role 1,2012-02-15 14:17:38.568012379,551,1,res_554d030c-8ea0-477b-9a72-1469e52cca81,2012-02-15 14:15:18.930321379,0.0
Case400,W_Completeren aanvraag,res_8f2bf97e-8175-4ba4-882d-f6b7957c1a2c,Role 1,2012-02-21 20:25:42.041556674,624,1,res_8f2bf97e-8175-4ba4-882d-f6b7957c1a2c,2012-02-21 20:23:19.337532674,0.0
Case401,W_Completeren aanvraag,res_7b5eefe7-a9c7-4c10-ace5-1fd3772097ff,Role 1,2012-02-21 20:28:28.220082489,624,1,res_7b5eefe7-a9c7-4c10-ace5-1fd3772097ff,2012-02-21 20:26:06.573508489,0.02564102564102564
Case402,W_Afhandelen leads,res_d9a4b451-1c76-46c3-87c6-97373bec81d0,Role 1,2012-02-21 21:28:28.620816913,621,0,res_d9a4b451-1c76-46c3-87c6-97373bec81d0,2012-02-21 21:25:24.871499913,0.0
Case402,W_Completeren aanvraag,res_554d030c-8ea0-477b-9a72-1469e52cca81,Role 1,2012-02-21 22:31:43.675685513,620,1,res_554d030c-8ea0-477b-9a72-1469e52cca81,2012-02-21 22:29:16.155626513,0.0
Case402,W_Completeren aanvraag,res_e9f54089-f03e-4dc1-a453-57f4acf2c7fb,Role 1,2012-02-22 07:44:36.905774813,611,1,res_e9f54089-f03e-4dc1-a453-57f4acf2c7fb,2012-02-22 07:41:44.673465813,0.0
Case402,W_Nabellen offertes,res_ffdbf4b7-c588-487c-b4ec-ae52c332aeda,Role 1,2012-02-22 12:31:07.131640313,613,1,res_ffdbf4b7-c588-487c-b4ec-ae52c332aeda,2012-02-22 12:29:13.544249313,0.0
Case403,W_Afhandelen leads,res_0dcb8a75-60b3-457b-aac5-fe91506450da,Role 1,2012-02-22 09:34:22.152192807,606,0,res_0dcb8a75-60b3-457b-aac5-fe91506450da,2012-02-22 09:31:09.694286807,0.0
Case403,W_Completeren aanvraag,res_554d030c-8ea0-477b-9a72-1469e52cca81,Role 1,2012-02-22 11:19:48.121453307,613,1,res_554d030c-8ea0-477b-9a72-1469e52cca81,2012-02-22 11:17:14.807665307,0.02564102564102564
Case403,W_Completeren aanvraag,res_03b72214-605a-4b4f-97a5-ea18baa453ee,Role 1,2012-02-22 15:41:03.023996507,619,1,res_03b72214-605a-4b4f-97a5-ea18baa453ee,2012-02-22 15:38:42.131320507,0.0
Case404,W_Afhandelen leads,res_5423e6a8-eed7-4dc9-b44d-98691c53411e,Role 1,2012-02-22 09:42:55.368717900,607,0,res_5423e6a8-eed7-4dc9-b44d-98691c53411e,2012-02-22 09:39:43.491561900,0.0
Case404,W_Completeren aanvraag,res_fe8f604a-4f72-4c5b-9082-2dc751f7d4b9,Role 1,2012-02-22 11:26:21.277650000,613,1,res_fe8f604a-4f72-4c5b-9082-2dc751f7d4b9,2012-02-22 11:23:47.129247000,0.0
Case404,W_Completeren aanvraag,res_7b5eefe7-a9c7-4c10-ace5-1fd3772097ff,Role 1,2012-02-22 15:46:51.112699700,619,1,res_7b5eefe7-a9c7-4c10-ace5-1fd3772097ff,2012-02-22 15:44:29.929737700,0.0
Case405,W_Completeren aanvraag,res_f8a5c2f7-852b-4750-a5bc-71d8a9f25fcd,Role 1,2012-02-22 09:47:06.228704557,608,1,res_f8a5c2f7-852b-4750-a5bc-71d8a9f25fcd,2012-02-22 09:44:19.531666557,0.0
Case405,W_Completeren aanvraag,res_fe8f604a-4f72-4c5b-9082-2dc751f7d4b9,Role 1,2012-02-22 11:29:32.165279357,613,1,res_fe8f604a-4f72-4c5b-9082-2dc751f7d4b9,2012-02-22 11:26:58.761105357,0.0
Case405,W_Completeren aanvraag,res_c05ba8c3-4cba-4513-8bb9-b3faa8713cc7,Role 1,2012-02-22 15:49:31.321971357,618,1,res_c05ba8c3-4cba-4513-8bb9-b3faa8713cc7,2012-02-22 15:47:14.353482357,0.0
Case405,W_Completeren aanvraag,res_90ea4c98-054c-4dd3-aadb-9d56713379c2,Role 1,2012-02-22 17:28:55.740258257,623,2,res_90ea4c98-054c-4dd3-aadb-9d56713379c2,2012-02-22 17:27:06.084169257,0.02564102564102564
Case406,W_Afhandelen leads,res_c561e158-62af-4d50-bb96-33472303cf4c,Role 1,2012-02-22 09:52:52.027351899,609,0,res_c561e158-62af-4d50-bb96-33472303cf4c,2012-02-22 09:49:40.906824899,0.0
Case406,W_Completeren aanvraag,res_c66fd8c7-ae25-415c-80c1-ac9cc1be7147,Role 1,2012-02-22 11:33:54.745549999,613,1,res_c66fd8c7-ae25-415c-80c1-ac9cc1be7147,2012-02-22 11:31:20.591376999,0.0
Case406,W_Nabellen offertes,res_b48df80a-ad89-4a8c-8f9d-edecf950fdb5,Role 1,2012-02-23 18:16:46.172166299,626,1,res_b48df80a-ad89-4a8c-8f9d-edecf950fdb5,2012-02-23 18:14:51.312917299,0.02564102564102564
Case406,W_Nabellen offertes,res_63a2ec71-0edb-4961-a972-295906b733b9,Role 1,2012-03-01 18:00:29.959120199,640,1,res_63a2ec71-0edb-4961-a972-295906b733b9,2012-03-01 17:58:51.726201199,0.0
Case407,W_Completeren aanvraag,res_a6b7a9b9-8dde-47b4-ba71-c31305bfae5d,Role 1,2012-02-22 10:01:50.258108863,610,1,res_a6b7a9b9-8dde-47b4-ba71-c31305bfae5d,2012-02-22 09:59:05.076381863,0.0
Case407,W_Nabellen offertes,res_32a810af-a1e0-4835-afe4-a9e543c58a25,Role 1,2012-02-22 10:50:21.962566763,613,1,res_32a810af-a1e0-4835-afe4-a9e543c58a25,2012-02-22 10:47:58.182761763,0.0
Case407,W_Nabellen offertes,res_fdf1178c-5a31-4f5e-8867-f12efd24326c,Role 1,2012-02-29 19:59:30.668245863,635,1,res_fdf1178c-5a31-4f5e-8867-f12efd24326c,2012-02-29 19:56:29.648113863,0.0
Case407,W_Nabellen offertes,res_0dcb8a75-60b3-457b-aac5-fe91506450da,Role 1,2012-03-02 11:05:49.153706763,637,1,res_0dcb8a75-60b3-457b-aac5-fe91506450da,2012-03-02 11:04:04.626889763,0.02564102564102564
Case408,W_Completeren aanvraag,res_e9f54089-f03e-4dc1-a453-57f4acf2c7fb,Role 1,2012-02-22 10:08:57.648537774,611,1,res_e9f54089-f03e-4dc1-a453-57f4acf2c7fb,2012-02-22 10:06:13.240777774,0.0
Case409,W_Afhandelen leads,res_fa4ebd56-fe09-4e12-ab6b-f564242582f3,Role 1,2012-02-22 10:19:32.332122697,611,0,res_fa4ebd56-fe09-4e12-ab6b-f564242582f3,2012-02-22 10:16:24.760279697,0.02564102564102564
Case409,W_Completeren aanvraag,res_c475f0b2-f190-4931-b0ab-7a7e8189e241,Role 1,2012-02-22 11:53:45.070028597,614,1,res_c475f0b2-f190-4931-b0ab-7a7e8189e241,2012-02-22 11:51:11.219702597,0.0
Case409,W_Completeren aanvraag,res_6d1d995e-4384-448a-9bf8-9fb7d8013316,Role 1,2012-02-22 16:03:31.140062896,618,1,res_6d1d995e-4384-448a-9bf8-9fb7d8013316,2012-02-22 16:01:10.637515897,0.0
Case409,W_Nabellen offertes,res_a117c367-ca0b-4fb8-9736-c1d7d3de62d1,Role 1,2012-02-23 05:21:31.013364897,616,1,res_a117c367-ca0b-4fb8-9736-c1d7d3de62d1,2012-02-23 05:19:05.046843897,0.0
Case409,W_Nabellen offertes,res_ffdbf4b7-c588-487c-b4ec-ae52c332aeda,Role 1,2012-02-28 00:18:16.285100597,636,1,res_ffdbf4b7-c588-487c-b4ec-ae52c332aeda,2012-02-28 00:16:15.805596597,0.0
Case409,W_Nabellen offertes,res_d9a4b451-1c76-46c3-87c6-97373bec81d0,Role 1,2012-02-29 14:32:04.801488197,640,1,res_d9a4b451-1c76-46c3-87c6-97373bec81d0,2012-02-29 14:30:31.079493197,0.0
Case409,W_Nabellen offertes,res_b48df80a-ad89-4a8c-8f9d-edecf950fdb5,Role 1,2012-03-02 06:04:57.362360097,628,2,res_b48df80a-ad89-4a8c-8f9d-edecf950fdb5,2012-03-02 05:58:54.434736097,0.02564102564102564
Case409,W_Nabellen offertes,res_c05ba8c3-4cba-4513-8bb9-b3faa8713cc7,Role 1,2012-03-03 20:25:06.016707996,643,1,res_c05ba8c3-4cba-4513-8bb9-b3faa8713cc7,2012-03-03 20:23:25.826304996,0.0
Case41,W_Afhandelen leads,res_3835d2af-f74a-47b9-b054-8234859b6abe,Role 1,2012-02-14 13:10:21.362041078,538,0,res_3835d2af-f74a-47b9-b054-8234859b6abe,2012-02-14 13:07:20.164589078,0.0
Case41,W_Completeren aanvraag,res_90ea4c98-054c-4dd3-aadb-9d56713379c2,Role 1,2012-02-14 14:10:33.065639978,538,2,res_90ea4c98-054c-4dd3-aadb-9d56713379c2,2012-02-14 14:08:05.777334978,0.02564102564102564
Case410,W_Afhandelen leads,res_e9f54089-f03e-4dc1-a453-57f4acf2c7fb,Role 1,2012-02-22 10:27:33.655053754,612,0,res_e9f54089-f03e-4dc1-a453-57f4acf2c7fb,2012-02-22 10:24:25.311848754,0.0
Case410,W_Completeren aanvraag,res_0dd9fb20-75d3-4949-8e8b-38b1e2a52fbf,Role 1,2012-02-22 11:59:43.124297754,615,1,res_0dd9fb20-75d3-4949-8e8b-38b1e2a52fbf,2012-02-22 11:57:08.841265754,0.0
Case410,W_Completeren aanvraag,res_c475f0b2-f190-4931-b0ab-7a7e8189e241,Role 1,2012-02-22 16:07:53.426993854,620,2,res_c475f0b2-f190-4931-b0ab-7a7e8189e241,2012-02-22 16:05:36.845192854,0.05128205128205128
Case411,W_Afhandelen leads,res_8f2bf97e-8175-4ba4-882d-f6b7957c1a2c,Role 1,2012-02-22 10:34:32.132649928,613,0,res_8f2bf97e-8175-4ba4-882d-f6b7957c1a2c,2012-02-22 10:31:24.409233928,0.0
Case411,W_Completeren aanvraag,res_3835d2af-f74a-47b9-b054-8234859b6abe,Role 1,2012-02-22 12:02:49.747072228,615,2,res_3835d2af-f74a-47b9-b054-8234859b6abe,2012-02-22 12:00:18.803094228,0.02564102564102564
Case411,W_Completeren aanvraag,res_3d71865b-e63e-44f8-a4fd-ece0ef216fef,Role 1,2012-02-22 16:13:48.718519328,619,1,res_3d71865b-e63e-44f8-a4fd-ece0ef216fef,2012-02-22 16:11:30.219321328,0.0
Case411,W_Completeren aanvraag,res_0dcb8a75-60b3-457b-aac5-fe91506450da,Role 1,2012-02-22 17:48:28.511554128,621,1,res_0dcb8a75-60b3-457b-aac5-fe91506450da,2012-02-22 17:46:36.180923128,0.0
Case411,W_Nabellen offertes,res_90ea4c98-054c-4dd3-aadb-9d56713379c2,Role 1,2012-02-22 23:49:08.798531428,620,1,res_90ea4c98-054c-4dd3-aadb-9d56713379c2,2012-02-22 23:47:32.195664428,0.0
Case412,W_Completeren aanvraag,res_03b72214-605a-4b4f-97a5-ea18baa453ee,Role 1,2012-02-22 10:34:25.558854676,614,1,res_03b72214-605a-4b4f-97a5-ea18baa453ee,2012-02-22 10:31:44.558146676,0.02564102564102564
Case412,W_Completeren aanvraag,res_5423e6a8-eed7-4dc9-b44d-98691c53411e,Role 1,2012-02-22 12:00:35.477214876,615,2,res_5423e6a8-eed7-4dc9-b44d-98691c53411e,2012-02-22 11:58:06.209744876,0.02564102564102564
Case412,W_Completeren aanvraag,res_63a2ec71-0edb-4961-a972-295906b733b9,Role 1,2012-02-22 16:03:20.596176076,618,2,res_63a2ec71-0edb-4961-a972-295906b733b9,2012-02-22 16:01:13.005828076,0.05128205128205128
Case412,W_Completeren aanvraag,res_fa4ebd56-fe09-4e12-ab6b-f564242582f3,Role 1,2012-02-22 17:34:48.104976076,621,1,res_fa4ebd56-fe09-4e12-ab6b-f564242582f3,2012-02-22 17:33:01.194333076,0.05128205128205128
Case413,W_Afhandelen leads,res_8f2bf97e-8175-4ba4-882d-f6b7957c1a2c,Role 1,2012-02-22 10:51:25.183715826,614,0,res_8f2bf97e-8175-4ba4-882d-f6b7957c1a2c,2012-02-22 10:48:18.906990826,0.0
Case413,W_Completeren aanvraag,res_0dcb8a75-60b3-457b-aac5-fe91506450da,Role 1,2012-02-22 12:17:31.818040026,615,1,res_0dcb8a75-60b3-457b-aac5-fe91506450da,2012-02-22 12:14:57.470206026,0.0
Case413,W_Completeren aanvraag,res_ffdbf4b7-c588-487c-b4ec-ae52c332aeda,Role 1,2012-02-22 16:20:07.667563526,619,1,res_ffdbf4b7-c588-487c-b4ec-ae52c332aeda,2012-02-22 16:17:47.661828526,0.0
Case413,W_Nabellen offertes,res_0dcb8a75-60b3-457b-aac5-fe91506450da,Role 1,2012-02-23 06:05:07.839747326,614,1,res_0dcb8a75-60b3-457b-aac5-fe91506450da,2012-02-23 06:02:18.216125326,0.0
Case414,W_Completeren aanvraag,res_f8a5c2f7-852b-4750-a5bc-71d8a9f25fcd,Role 1,2012-02-22 11:01:27.005607223,614,1,res_f8a5c2f7-852b-4750-a5bc-71d8a9f25fcd,2012-02-22 10:58:48.560514223,0.0
Case415,W_Afhandelen leads,res_fa4ebd56-fe09-4e12-ab6b-f564242582f3,Role 1,2012-02-22 11:14:31.649125212,613,0,res_fa4ebd56-fe09-4e12-ab6b-f564242582f3,2012-02-22 11:11:27.167079212,0.0
Case415,W_Completeren aanvraag,res_ee19d540-6f30-4eb3-abd5-d42bf0a0cc9f,Role 1,2012-02-22 12:35:05.407232512,616,1,res_ee19d540-6f30-4eb3-abd5-d42bf0a0cc9f,2012-02-22 12:32:30.983007512,0.0
Case415,W_Nabellen offertes,res_c77d0074-5613-45fd-a890-6d80edada349,Role 1,2012-02-23 21:39:45.912957812,621,1,res_c77d0074-5613-45fd-a890-6d80edada349,2012-02-23 21:37:53.371427812,0.0
Case415,W_Nabellen offertes,res_fe8f604a-4f72-4c5b-9082-2dc751f7d4b9,Role 1,2012-03-01 14:12:45.663887512,639,1,res_fe8f604a-4f72-4c5b-9082-2dc751f7d4b9,2012-03-01 14:11:10.742267512,0.0
Case416,W_Afhandelen leads,res_094e34c1-5472-4e50-8ca3-650a6a34e4ec,Role 1,2012-02-22 11:33:40.805431164,613,0,res_094e34c1-5472-4e50-8ca3-650a6a34e4ec,2012-02-22 11:30:37.669997164,0.0
Case416,W_Completeren aanvraag,res_03b72214-605a-4b4f-97a5-ea18baa453ee,Role 1,2012-02-22 12:48:30.685519264,618,1,res_03b72214-605a-4b4f-97a5-ea18baa453ee,2012-02-22 12:45:56.220824264,0.0
Case416,W_Nabellen offertes,res_a117c367-ca0b-4fb8-9736-c1d7d3de62d1,Role 1,2012-02-23 21:08:49.106400764,624,1,res_a117c367-ca0b-4fb8-9736-c1d7d3de62d1,2012-02-23 21:06:56.533897764,0.02564102564102564
Case416,W_Nabellen offertes,res_c561e158-62af-4d50-bb96-33472303cf4c,Role 1,2012-03-01 13:39:29.887356264,640,1,res_c561e158-62af-4d50-bb96-33472303cf4c,2012-03-01 13:37:54.520443264,0.0
Case416,W_Nabellen offertes,res_90ea4c98-054c-4dd3-aadb-9d56713379c2,Role 1,2012-03-03 09:12:30.816045264,630,1,res_90ea4c98-054c-4dd3-aadb-9d56713379c2,2012-03-03 09:09:08.105328264,0.02564102564102564
Case416,W_Nabellen offertes,res_d9486917-858c-4563-bf95-164b83d8a3d8,Role 1,2012-03-05 14:14:54.436362364,629,1,res_d9486917-858c-4563-bf95-164b83d8a3d8,2012-03-05 14:13:11.802129364,0.0
Case416,W_Nabellen offertes,res_8f2bf97e-8175-4ba4-882d-f6b7957c1a2c,Role 1,2012-03-07 09:02:15.836541864,644,2,res_8f2bf97e-8175-4ba4-882d-f6b7957c1a2c,2012-03-07 08:59:30.598939864,0.02564102564102564
Case416,W_Nabellen offertes,res_ee19d540-6f30-4eb3-abd5-d42bf0a0cc9f,Role 1,2012-03-08 22:29:20.872745664,628,1,res_ee19d540-6f30-4eb3-abd5-d42bf0a0cc9f,2012-03-08 22:27:25.132359664,0.02564102564102564
Case416,W_Nabellen offertes,res_63a2ec71-0edb-4961-a972-295906b733b9,Role 1,2012-03-10 10:05:55.730987964,621,1,res_63a2ec71-0edb-4961-a972-295906b733b9,2012-03-10 10:04:20.041693964,0.0
Case417,W_Completeren aanvraag,res_90ea4c98-054c-4dd3-aadb-9d56713379c2,Role 1,2012-02-22 11:34:53.301279545,614,1,res_90ea4c98-054c-4dd3-aadb-9d56713379c2,2012-02-22 11:32:19.422006545,0.05128205128205128
Case417,W_Nabellen offertes,res_c05ba8c3-4cba-4513-8bb9-b3faa8713cc7,Role 1,2012-02-22 12:15:15.781203845,615,1,res_c05ba8c3-4cba-4513-8bb9-b3faa8713cc7,2012-02-22 12:12:55.562032845,0.02564102564102564
Case417,W_Nabellen offertes,res_fa4ebd56-fe09-4e12-ab6b-f564242582f3,Role 1,2012-03-01 07:06:57.679709045,630,1,res_fa4ebd56-fe09-4e12-ab6b-f564242582f3,2012-03-01 07:05:03.845519045,0.0
Case417,W_Nabellen offertes,res_fdf1178c-5a31-4f5e-8867-f12efd24326c,Role 1,2012-03-02 21:40:29.745503645,634,1,res_fdf1178c-5a31-4f5e-8867-f12efd24326c,2012-03-02 21:38:15.310015645,0.0
Case417,W_Nabellen offertes,res_90ea4c98-054c-4dd3-aadb-9d56713379c2,Role 1,2012-03-05 11:34:55.391301345,631,1,res_90ea4c98-054c-4dd3-aadb-9d56713379c2,2012-03-05 11:32:49.981317345,0.0
Case417,W_Nabellen offertes,res_03b72214-605a-4b4f-97a5-ea18baa453ee,Role 1,2012-03-07 08:59:28.329763245,644,1,res_03b72214-605a-4b4f-97a5-ea18baa453ee,2012-03-07 08:57:26.507701245,0.0
Case418,W_Completeren aanvraag,res_4d8dd482-f3ce-4175-9cd8-f5584cb38f63,Role 1,2012-02-22 11:48:34.585113693,615,1,res_4d8dd482-f3ce-4175-9cd8-f5584cb38f63,2012-02-22 11:46:01.497646693,0.02564102564102564
Case418,W_Completeren aanvraag,res_4a606e00-143e-4039-9760-70b3cb78e66a,Role 1,2012-02-22 13:02:19.032240593,618,1,res_4a606e00-143e-4039-9760-70b3cb78e66a,2012-02-22 12:59:46.589849593,0.0
Case418,W_Nabellen offertes,res_f8a5c2f7-852b-4750-a5bc-71d8a9f25fcd,Role 1,2012-02-23 22:50:15.801032193,624,1,res_f8a5c2f7-852b-4750-a5bc-71d8a9f25fcd,2012-02-23 22:48:25.349834193,0.0
Case419,W_Completeren aanvraag,res_b48df80a-ad89-4a8c-8f9d-edecf950fdb5,Role 1,2012-02-22 12:00:18.346392261,616,1,res_b48df80a-ad89-4a8c-8f9d-edecf950fdb5,2012-02-22 11:57:45.702147261,0.0
Case42,W_Completeren aanvraag,res_ee19d540-6f30-4eb3-abd5-d42bf0a0cc9f,Role 1,2012-02-14 13:10:20.361207751,539,1,res_ee19d540-6f30-4eb3-abd5-d42bf0a0cc9f,2012-02-14 13:07:54.417740751,0.02564102564102564
Case420,W_Afhandelen leads,res_240d458f-f7c5-4593-8aba-741926c2775b,Role 1,2012-02-22 12:19:04.751598066,616,0,res_240d458f-f7c5-4593-8aba-741926c2775b,2012-02-22 12:16:03.817892066,0.0
Case420,W_Completeren aanvraag,res_a117c367-ca0b-4fb8-9736-c1d7d3de62d1,Role 1,2012-02-22 13:28:05.099537966,618,1,res_a117c367-ca0b-4fb8-9736-c1d7d3de62d1,2012-02-22 13:25:30.655375966,0.0
Case420,W_Nabellen offertes,res_fe8f604a-4f72-4c5b-9082-2dc751f7d4b9,Role 1,2012-02-23 23:18:50.522492866,624,1,res_fe8f604a-4f72-4c5b-9082-2dc751f7d4b9,2012-02-23 23:16:58.479260866,0.0
Case420,W_Nabellen offertes,res_ee19d540-6f30-4eb3-abd5-d42bf0a0cc9f,Role 1,2012-03-01 11:24:07.032164166,640,1,res_ee19d540-6f30-4eb3-abd5-d42bf0a0cc9f,2012-03-01 11:22:29.733559166,0.0
Case420,W_Nabellen offertes,res_c561e158-62af-4d50-bb96-33472303cf4c,Role 1,2012-03-03 01:28:22.922067266,633,1,res_c561e158-62af-4d50-bb96-33472303cf4c,2012-03-03 01:17:29.969638266,0.0
Case421,W_Completeren aanvraag,res_240d458f-f7c5-4593-8aba-741926c2775b,Role 1,2012-02-22 12:34:33.266692905,617,1,res_240d458f-f7c5-4593-8aba-741926c2775b,2012-02-22 12:32:02.906138905,0.0
Case421,W_Completeren aanvraag,res_dfa30272-4bc0-4c82-9bd0-6b4169bccece,Role 1,2012-02-22 13:40:28.958697305,620,2,res_dfa30272-4bc0-4c82-9bd0-6b4169bccece,2012-02-22 13:38:00.178608305,0.02564102564102564
Case422,W_Afhandelen leads,res_fa4ebd56-fe09-4e12-ab6b-f564242582f3,Role 1,2012-02-22 12:35:54.116086052,618,0,res_fa4ebd56-fe09-4e12-ab6b-f564242582f3,2012-02-22 12:32:55.293312052,0.02564102564102564
Case422,W_Completeren aanvraag,res_8f2bf97e-8175-4ba4-882d-f6b7957c1a2c,Role 1,2012-02-22 13:42:44.444779352,621,2,res_8f2bf97e-8175-4ba4-882d-f6b7957c1a2c,2012-02-22 13:40:15.145778352,0.07692307692307693
Case422,W_Nabellen offertes,res_c475f0b2-f190-4931-b0ab-7a7e8189e241,Role 1,2012-02-23 23:36:29.276734552,624,2,res_c475f0b2-f190-4931-b0ab-7a7e8189e241,2012-02-23 23:34:40.346515552,0.02564102564102564
Case423,W_Afhandelen leads,res_32a810af-a1e0-4835-afe4-a9e543c58a25,Role 1,2012-02-22 12:52:50.323812950,618,0,res_32a810af-a1e0-4835-afe4-a9e543c58a25,2012-02-22 12:49:49.791068950,0.0
Case423,W_Completeren aanvraag,res_f8a5c2f7-852b-4750-a5bc-71d8a9f25fcd,Role 1,2012-02-22 13:57:55.057647050,619,1,res_f8a5c2f7-852b-4750-a5bc-71d8a9f25fcd,2012-02-22 13:55:20.597770050,0.0
Case423,W_Nabellen offertes,res_4a606e00-143e-4039-9760-70b3cb78e66a,Role 1,2012-02-23 23:49:28.265406250,623,1,res_4a606e00-143e-4039-9760-70b3cb78e66a,2012-02-23 23:47:36.161786250,0.0
Case423,W_Nabellen offertes,res_63a2ec71-0edb-4961-a972-295906b733b9,Role 1,2012-03-01 10:42:59.741748650,641,1,res_63a2ec71-0edb-4961-a972-295906b733b9,2012-03-01 10:41:21.813089650,0.0
Case424,W_Completeren aanvraag,res_554d030c-8ea0-477b-9a72-1469e52cca81,Role 1,2012-02-22 13:07:08.333181806,618,1,res_554d030c-8ea0-477b-9a72-1469e52cca81,2012-02-22 13:04:39.365566806,0.0
Case424,W_Nabellen offertes,res_ee19d540-6f30-4eb3-abd5-d42bf0a0cc9f,Role 1,2012-02-22 13:40:15.172111706,620,2,res_ee19d540-6f30-4eb3-abd5-d42bf0a0cc9f,2012-02-22 13:38:01.518624706,0.07692307692307693
Case424,W_Nabellen offertes,res_e08dd225-6ddd-45bc-b1b2-7c6cf10375f6,Role 1,2012-03-01 21:19:49.892580406,638,2,res_e08dd225-6ddd-45bc-b1b2-7c6cf10375f6,2012-03-01 21:15:50.019974406,0.02564102564102564
Case425,W_Afhandelen leads,res_a6b7a9b9-8dde-47b4-ba71-c31305bfae5d,Role 1,2012-02-22 13:22:51.271129323,619,0,res_a6b7a9b9-8dde-47b4-ba71-c31305bfae5d,2012-02-22 13:19:52.111314323,0.02564102564102564
Case425,W_Completeren aanvraag,res_a6b7a9b9-8dde-47b4-ba71-c31305bfae5d,Role 1,2012-02-22 14:25:20.406611223,618,1,res_a6b7a9b9-8dde-47b4-ba71-c31305bfae5d,2012-02-22 14:22:46.132761223,0.0
Case425,W_Completeren aanvraag,res_4a606e00-143e-4039-9760-70b3cb78e66a,Role 1,2012-02-22 17:15:52.168019123,621,1,res_4a606e00-143e-4039-9760-70b3cb78e66a,2012-02-22 17:13:34.746096123,0.0
Case426,W_Completeren aanvraag,res_a6b7a9b9-8dde-47b4-ba71-c31305bfae5d,Role 1,2012-02-22 13:34:14.659647265,620,1,res_a6b7a9b9-8dde-47b4-ba71-c31305bfae5d,2012-02-22 13:31:46.390271265,0.0
Case426,W_Nabellen offertes,res_4a606e00-143e-4039-9760-70b3cb78e66a,Role 1,2012-02-22 14:04:12.983422965,618,1,res_4a606e00-143e-4039-9760-70b3cb78e66a,2012-02-22 14:01:53.374899965,0.0
Case427,W_Afhandelen leads,res_ffdbf4b7-c588-487c-b4ec-ae52c332aeda,Role 1,2012-02-22 13:36:47.125606307,621,0,res_ffdbf4b7-c588-487c-b4ec-ae52c332aeda,2012-02-22 13:33:51.313530307,0.07692307692307693
Case427,W_Completeren aanvraag,res_a117c367-ca0b-4fb8-9736-c1d7d3de62d1,Role 1,2012-02-22 14:37:18.527354007,618,1,res_a117c367-ca0b-4fb8-9736-c1d7d3de62d1,2012-02-22 14:34:44.709735007,0.0
Case427,W_Completeren aanvraag,res_094e34c1-5472-4e50-8ca3-650a6a34e4ec,Role 1,2012-02-22 16:59:42.372069807,623,1,res_094e34c1-5472-4e50-8ca3-650a6a34e4ec,2012-02-22 16:57:26.234934807,0.02564102564102564
Case427,W_Nabellen offertes,res_8f2bf97e-8175-4ba4-882d-f6b7957c1a2c,Role 1,2012-02-23 04:19:04.004673507,619,1,res_8f2bf97e-8175-4ba4-882d-f6b7957c1a2c,2012-02-23 04:16:52.579431507,0.0
Case428,W_Afhandelen leads,res_094e34c1-5472-4e50-8ca3-650a6a34e4ec,Role 1,2012-02-22 14:03:47.900601754,619,0,res_094e34c1-5472-4e50-8ca3-650a6a34e4ec,2012-02-22 14:00:47.256332754,0.02564102564102564
Case428,W_Completeren aanvraag,res_fe8f604a-4f72-4c5b-9082-2dc751f7d4b9,Role 1,2012-02-22 15:03:44.261978154,620,1,res_fe8f604a-4f72-4c5b-9082-2dc751f7d4b9,2012-02-22 15:01:09.767034154,0.0
Case429,W_Completeren aanvraag,res_094e34c1-5472-4e50-8ca3-650a6a34e4ec,Role 1,2012-02-22 14:34:08.700915824,619,2,res_094e34c1-5472-4e50-8ca3-650a6a34e4ec,2012-02-22 14:31:45.993533824,0.02564102564102564
Case429,W_Completeren aanvraag,res_ffdbf4b7-c588-487c-b4ec-ae52c332aeda,Role 1,2012-02-22 15:32:42.113639524,618,1,res_ffdbf4b7-c588-487c-b4ec-ae52c332aeda,2012-02-22 15:30:12.890158524,0.0
Case429,W_Nabellen offertes,res_cd5fe8a1-7bca-4ddc-9e04-e32a42150d6e,Role 1,2012-02-24 01:30:16.744484624,622,1,res_cd5fe8a1-7bca-4ddc-9e04-e32a42150d6e,2012-02-24 01:28:24.368666624,0.0
Case429,W_Nabellen offertes,res_90ea4c98-054c-4dd3-aadb-9d56713379c2,Role 1,2012-03-01 14:30:17.972512823,639,1,res_90ea4c98-054c-4dd3-aadb-9d56713379c2,2012-03-01 14:28:43.522260823,0.0
Case43,W_Afhandelen leads,res_03b72214-605a-4b4f-97a5-ea18baa453ee,Role 1,2012-02-14 13:28:36.706439971,539,0,res_03b72214-605a-4b4f-97a5-ea18baa453ee,2012-02-14 13:25:35.257996971,0.0
Case43,W_Completeren aanvraag,res_13a07171-afed-4486-9431-2507f9aacd76,Role 1,2012-02-14 14:27:24.847853771,540,1,res_13a07171-afed-4486-9431-2507f9aacd76,2012-02-14 14:24:55.095011771,0.02564102564102564
Case43,W_Completeren aanvraag,res_32a810af-a1e0-4835-afe4-a9e543c58a25,Role 1,2012-02-14 16:21:10.549536871,541,1,res_32a810af-a1e0-4835-afe4-a9e543c58a25,2012-02-14 16:18:53.610517871,0.0
Case43,W_Completeren aanvraag,res_3d71865b-e63e-44f8-a4fd-ece0ef216fef,Role 1,2012-02-14 17:10:56.579287071,540,1,res_3d71865b-e63e-44f8-a4fd-ece0ef216fef,2012-02-14 17:08:56.573733071,0.0
Case43,W_Completeren aanvraag,res_3d71865b-e63e-44f8-a4fd-ece0ef216fef,Role 1,2012-02-14 17:39:05.376100471,542,1,res_3d71865b-e63e-44f8-a4fd-ece0ef216fef,2012-02-14 17:37:20.315005471,0.0
Case43,W_Completeren aanvraag,res_b48df80a-ad89-4a8c-8f9d-edecf950fdb5,Role 1,2012-02-14 18:03:45.179798571,542,1,res_b48df80a-ad89-4a8c-8f9d-edecf950fdb5,2012-02-14 18:02:06.119883571,0.0
Case43,W_Nabellen offertes,res_dfa30272-4bc0-4c82-9bd0-6b4169bccece,Role 1,2012-02-14 19:45:27.157725271,543,1,res_dfa30272-4bc0-4c82-9bd0-6b4169bccece,2012-02-14 19:43:52.574980271,0.05128205128205128
Case430,W_Completeren aanvraag,res_d9a4b451-1c76-46c3-87c6-97373bec81d0,Role 1,2012-02-22 14:36:37.157567339,620,1,res_d9a4b451-1c76-46c3-87c6-97373bec81d0,2012-02-22 14:34:09.050814339,0.0
Case430,W_Nabellen offertes,res_3835d2af-f74a-47b9-b054-8234859b6abe,Role 1,2012-02-22 15:04:36.570377239,619,1,res_3835d2af-f74a-47b9-b054-8234859b6abe,2012-02-22 15:02:17.812715239,0.0
Case430,W_Nabellen offertes,res_a6b7a9b9-8dde-47b4-ba71-c31305bfae5d,Role 1,2012-03-02 08:28:22.353009239,635,1,res_a6b7a9b9-8dde-47b4-ba71-c31305bfae5d,2012-03-02 08:26:18.653401239,0.0
Case431,W_Completeren aanvraag,res_c561e158-62af-4d50-bb96-33472303cf4c,Role 1,2012-02-22 14:54:38.337191308,620,1,res_c561e158-62af-4d50-bb96-33472303cf4c,2012-02-22 14:52:10.039983308,0.0
Case431,W_Completeren aanvraag,res_32a810af-a1e0-4835-afe4-a9e543c58a25,Role 1,2012-02-22 15:52:34.268645008,619,1,res_32a810af-a1e0-4835-afe4-a9e543c58a25,2012-02-22 15:50:03.078564008,0.0
Case431,W_Completeren aanvraag,res_b48df80a-ad89-4a8c-8f9d-edecf950fdb5,Role 1,2012-02-22 18:00:56.985093807,623,1,res_b48df80a-ad89-4a8c-8f9d-edecf950fdb5,2012-02-22 17:58:44.448721808,0.0
Case432,W_Completeren aanvraag,res_c05ba8c3-4cba-4513-8bb9-b3faa8713cc7,Role 1,2012-02-22 15:09:32.667385539,620,2,res_c05ba8c3-4cba-4513-8bb9-b3faa8713cc7,2012-02-22 15:07:09.688937539,0.02564102564102564
Case432,W_Nabellen offertes,res_e08dd225-6ddd-45bc-b1b2-7c6cf10375f6,Role 1,2012-02-22 15:35:48.147629739,618,1,res_e08dd225-6ddd-45bc-b1b2-7c6cf10375f6,2012-02-22 15:33:33.749205739,0.02564102564102564
Case432,W_Nabellen offertes,res_fdf1178c-5a31-4f5e-8867-f12efd24326c,Role 1,2012-03-02 13:10:27.560031639,639,1,res_fdf1178c-5a31-4f5e-8867-f12efd24326c,2012-03-02 13:08:39.484984639,0.02564102564102564
Case433,W_Completeren aanvraag,res_ffdbf4b7-c588-487c-b4ec-ae52c332aeda,Role 1,2012-02-22 15:22:25.113160627,619,1,res_ffdbf4b7-c588-487c-b4ec-ae52c332aeda,2012-02-22 15:19:56.355067627,0.0
Case434,W_Afhandelen leads,res_dfa30272-4bc0-4c82-9bd0-6b4169bccece,Role 1,2012-02-22 15:36:37.936030225,619,0,res_dfa30272-4bc0-4c82-9bd0-6b4169bccece,2012-02-22 15:33:34.400925225,0.05128205128205128
Case434,W_Completeren aanvraag,res_554d030c-8ea0-477b-9a72-1469e52cca81,Role 1,2012-02-22 16:33:49.560681825,622,1,res_554d030c-8ea0-477b-9a72-1469e52cca81,2012-02-22 16:31:14.489151825,0.0
Case435,W_Completeren aanvraag,res_c05ba8c3-4cba-4513-8bb9-b3faa8713cc7,Role 1,2012-02-22 15:37:13.941359483,620,1,res_c05ba8c3-4cba-4513-8bb9-b3faa8713cc7,2012-02-22 15:34:45.929565483,0.02564102564102564
Case435,W_Completeren aanvraag,res_d9a4b451-1c76-46c3-87c6-97373bec81d0,Role 1,2012-02-22 16:34:15.200616183,622,2,res_d9a4b451-1c76-46c3-87c6-97373bec81d0,2012-02-22 16:31:47.271790183,0.02564102564102564
Case435,W_Completeren aanvraag,res_c561e158-62af-4d50-bb96-33472303cf4c,Role 1,2012-02-22 18:32:35.124666883,622,1,res_c561e158-62af-4d50-bb96-33472303cf4c,2012-02-22 18:30:26.217654883,0.0
Case435,W_Completeren aanvraag,res_fdf1178c-5a31-4f5e-8867-f12efd24326c,Role 1,2012-02-22 19:37:45.369730883,622,1,res_fdf1178c-5a31-4f5e-8867-f12efd24326c,2012-02-22 19:35:58.497415883,0.02564102564102564
Case435,W_Completeren aanvraag,res_3038739b-6c1c-42c1-b9ac-27ac6cc55a89,Role 1,2012-02-22 20:28:11.408465683,623,1,res_3038739b-6c1c-42c1-b9ac-27ac6cc55a89,2012-02-22 20:26:30.387791683,0.02564102564102564
Case436,W_Afhandelen leads,res_554d030c-8ea0-477b-9a72-1469e52cca81,Role 1,2012-02-22 15:55:52.950060177,620,0,res_554d030c-8ea0-477b-9a72-1469e52cca81,2012-02-22 15:52:44.903843177,0.0
Case436,W_Completeren aanvraag,res_c66fd8c7-ae25-415c-80c1-ac9cc1be7147,Role 1,2012-02-22 16:52:49.923213077,623,1,res_c66fd8c7-ae25-415c-80c1-ac9cc1be7147,2012-02-22 16:50:14.236428077,0.0
Case437,W_Afhandelen leads,res_3d71865b-e63e-44f8-a4fd-ece0ef216fef,Role 1,2012-02-22 16:07:59.806132769,621,0,res_3d71865b-e63e-44f8-a4fd-ece0ef216fef,2012-02-22 16:04:51.272147769,0.0
Case437,W_Completeren aanvraag,res_ffdbf4b7-c588-487c-b4ec-ae52c332aeda,Role 1,2012-02-22 17:04:55.836239969,620,1,res_ffdbf4b7-c588-487c-b4ec-ae52c332aeda,2012-02-22 17:02:20.062837969,0.0
Case437,W_Completeren aanvraag,res_f8a5c2f7-852b-4750-a5bc-71d8a9f25fcd,Role 1,2012-02-22 19:08:21.226656869,622,1,res_f8a5c2f7-852b-4750-a5bc-71d8a9f25fcd,2012-02-22 19:06:04.010580869,0.0
Case438,W_Completeren aanvraag,res_7b5eefe7-a9c7-4c10-ace5-1fd3772097ff,Role 1,2012-02-22 16:19:44.472362196,622,1,res_7b5eefe7-a9c7-4c10-ace5-1fd3772097ff,2012-02-22 16:17:14.767028196,0.0
Case438,W_Nabellen offertes,res_90ea4c98-054c-4dd3-aadb-9d56713379c2,Role 1,2012-02-22 16:42:39.072899896,623,1,res_90ea4c98-054c-4dd3-aadb-9d56713379c2,2012-02-22 16:40:20.534449896,0.0
Case438,W_Nabellen offertes,res_63a2ec71-0edb-4961-a972-295906b733b9,Role 1,2012-03-02 14:12:18.868247196,638,1,res_63a2ec71-0edb-4961-a972-295906b733b9,2012-03-02 14:10:31.339762196,0.0
Case438,W_Nabellen offertes,res_3038739b-6c1c-42c1-b9ac-27ac6cc55a89,Role 1,2012-03-04 18:34:16.527893396,639,1,res_3038739b-6c1c-42c1-b9ac-27ac6cc55a89,2012-03-04 18:32:44.282074396,0.0
Case438,W_Nabellen offertes,res_7b5eefe7-a9c7-4c10-ace5-1fd3772097ff,Role 1,2012-03-07 18:44:40.934646396,634,1,res_7b5eefe7-a9c7-4c10-ace5-1fd3772097ff,2012-03-07 18:41:24.074214396,0.0
Case439,W_Completeren aanvraag,res_d9486917-858c-4563-bf95-164b83d8a3d8,Role 1,2012-02-22 16:36:39.221468732,622,1,res_d9486917-858c-4563-bf95-164b83d8a3d8,2012-02-22 16:34:10.272230732,0.02564102564102564
Case439,W_Nabellen offertes,res_d9486917-858c-4563-bf95-164b83d8a3d8,Role 1,2012-02-22 16:58:34.611719532,622,1,res_d9486917-858c-4563-bf95-164b83d8a3d8,2012-02-22 16:56:17.795841532,0.05128205128205128
Case439,W_Nabellen offertes,res_8f2bf97e-8175-4ba4-882d-f6b7957c1a2c,Role 1,2012-03-02 15:56:25.116148232,636,1,res_8f2bf97e-8175-4ba4-882d-f6b7957c1a2c,2012-03-02 15:54:38.034434232,0.02564102564102564
Case44,W_Completeren aanvraag,res_fdf1178c-5a31-4f5e-8867-f12efd24326c,Role 1,2012-02-14 13:40:13.565160574,540,2,res_fdf1178c-5a31-4f5e-8867-f12efd24326c,2012-02-14 13:37:52.708203574,0.02564102564102564
Case440,W_Afhandelen leads,res_fe8f604a-4f72-4c5b-9082-2dc751f7d4b9,Role 1,2012-02-22 16:37:29.535228018,623,0,res_fe8f604a-4f72-4c5b-9082-2dc751f7d4b9,2012-02-22 16:34:23.369024018,0.05128205128205128
Case440,W_Completeren aanvraag,res_d9a4b451-1c76-46c3-87c6-97373bec81d0,Role 1,2012-02-22 17:34:40.212357118,622,1,res_d9a4b451-1c76-46c3-87c6-97373bec81d0,2012-02-22 17:32:04.622671118,0.0
Case440,W_Nabellen offertes,res_7b5eefe7-a9c7-4c10-ace5-1fd3772097ff,Role 1,2012-02-24 10:32:16.859770918,619,1,res_7b5eefe7-a9c7-4c10-ace5-1fd3772097ff,2012-02-24 10:27:53.786849918,0.0
Case440,W_Nabellen offertes,res_4d8dd482-f3ce-4175-9cd8-f5584cb38f63,Role 1,2012-02-29 15:37:03.982957618,638,1,res_4d8dd482-f3ce-4175-9cd8-f5584cb38f63,2012-02-29 15:35:18.261800618,0.0
Case441,W_Afhandelen leads,res_4d8dd482-f3ce-4175-9cd8-f5584cb38f63,Role 1,2012-02-22 16:56:52.559841345,622,0,res_4d8dd482-f3ce-4175-9cd8-f5584cb38f63,2012-02-22 16:53:43.946398345,0.02564102564102564
Case441,W_Completeren aanvraag,res_cd5fe8a1-7bca-4ddc-9e04-e32a42150d6e,Role 1,2012-02-22 17:54:37.021692645,622,1,res_cd5fe8a1-7bca-4ddc-9e04-e32a42150d6e,2012-02-22 17:52:01.063460645,0.0
Case441,W_Nabellen offertes,res_094e34c1-5472-4e50-8ca3-650a6a34e4ec,Role 1,2012-02-24 16:46:42.118086845,623,1,res_094e34c1-5472-4e50-8ca3-650a6a34e4ec,2012-02-24 16:44:40.210195845,0.0
Case442,W_Afhandelen leads,res_c77d0074-5613-45fd-a890-6d80edada349,Role 1,2012-02-22 17:04:12.675162629,621,0,res_c77d0074-5613-45fd-a890-6d80edada349,2012-02-22 17:01:02.185250629,0.0
Case442,W_Completeren aanvraag,res_63a2ec71-0edb-4961-a972-295906b733b9,Role 1,2012-02-22 18:01:57.463360729,622,1,res_63a2ec71-0edb-4961-a972-295906b733b9,2012-02-22 17:59:21.241908729,0.0
Case443,W_Completeren aanvraag,res_240d458f-f7c5-4593-8aba-741926c2775b,Role 1,2012-02-22 17:21:09.597098300,622,1,res_240d458f-f7c5-4593-8aba-741926c2775b,2012-02-22 17:18:38.995724300,0.0
Case443,W_Completeren aanvraag,res_a6b7a9b9-8dde-47b4-ba71-c31305bfae5d,Role 1,2012-02-22 18:19:22.511184400,622,1,res_a6b7a9b9-8dde-47b4-ba71-c31305bfae5d,2012-02-22 18:16:50.996952400,0.0
Case443,W_Completeren aanvraag,res_03b72214-605a-4b4f-97a5-ea18baa453ee,Role 1,2012-02-22 20:46:34.704286200,622,1,res_03b72214-605a-4b4f-97a5-ea18baa453ee,2012-02-22 20:44:19.967323200,0.0
Case444,W_Afhandelen leads,res_8f2bf97e-8175-4ba4-882d-f6b7957c1a2c,Role 1,2012-02-22 17:37:40.236085402,622,0,res_8f2bf97e-8175-4ba4-882d-f6b7957c1a2c,2012-02-22 17:34:29.016960402,0.0
Case444,W_Completeren aanvraag,res_ffdbf4b7-c588-487c-b4ec-ae52c332aeda,Role 1,2012-02-22 18:36:48.848115202,622,1,res_ffdbf4b7-c588-487c-b4ec-ae52c332aeda,2012-02-22 18:34:12.479355202,0.0
Case444,W_Nabellen offertes,res_fa4ebd56-fe09-4e12-ab6b-f564242582f3,Role 1,2012-02-25 10:34:13.439259802,628,1,res_fa4ebd56-fe09-4e12-ab6b-f564242582f3,2012-02-25 10:31:28.287799802,0.0
Case445,W_Afhandelen leads,res_4d8dd482-f3ce-4175-9cd8-f5584cb38f63,Role 1,2012-02-22 17:38:56.903346309,623,1,res_4d8dd482-f3ce-4175-9cd8-f5584cb38f63,2012-02-22 17:35:52.634948309,0.02564102564102564
Case445,W_Completeren aanvraag,res_e9f54089-f03e-4dc1-a453-57f4acf2c7fb,Role 1,2012-02-22 18:37:50.700885909,622,2,res_e9f54089-f03e-4dc1-a453-57f4acf2c7fb,2012-02-22 18:35:19.132609909,0.02564102564102564
Case446,W_Completeren aanvraag,res_ee19d540-6f30-4eb3-abd5-d42bf0a0cc9f,Role 1,2012-02-22 18:09:22.164559378,622,1,res_ee19d540-6f30-4eb3-abd5-d42bf0a0cc9f,2012-02-22 18:06:51.372149378,0.0
Case446,W_Completeren aanvraag,res_5423e6a8-eed7-4dc9-b44d-98691c53411e,Role 1,2012-02-22 19:09:30.814166278,621,1,res_5423e6a8-eed7-4dc9-b44d-98691c53411e,2012-02-22 19:06:59.323131278,0.0
Case446,W_Nabellen offertes,res_c66fd8c7-ae25-415c-80c1-ac9cc1be7147,Role 1,2012-02-26 11:45:48.682989278,625,1,res_c66fd8c7-ae25-415c-80c1-ac9cc1be7147,2012-02-26 11:42:44.291047278,0.0
Case446,W_Nabellen offertes,res_fe8f604a-4f72-4c5b-9082-2dc751f7d4b9,Role 1,2012-03-01 20:46:55.282945278,638,1,res_fe8f604a-4f72-4c5b-9082-2dc751f7d4b9,2012-03-01 20:44:33.672552278,0.0
Case446,W_Nabellen offertes,res_a6b7a9b9-8dde-47b4-ba71-c31305bfae5d,Role 1,2012-03-03 14:00:30.553374778,642,1,res_a6b7a9b9-8dde-47b4-ba71-c31305bfae5d,2012-03-03 13:58:51.207828778,0.02564102564102564
Case446,W_Nabellen offertes,res_c77d0074-5613-45fd-a890-6d80edada349,Role 1,2012-03-05 15:20:05.263609778,628,1,res_c77d0074-5613-45fd-a890-6d80edada349,2012-03-05 15:18:28.681311778,0.0
Case447,W_Afhandelen leads,res_3038739b-6c1c-42c1-b9ac-27ac6cc55a89,Role 1,2012-02-22 18:37:56.581012159,622,0,res_3038739b-6c1c-42c1-b9ac-27ac6cc55a89,2012-02-22 18:34:44.739353159,0.0
Case447,W_Completeren aanvraag,res_e08dd225-6ddd-45bc-b1b2-7c6cf10375f6,Role 1,2012-02-22 19:39:34.259104559,622,1,res_e08dd225-6ddd-45bc-b1b2-7c6cf10375f6,2012-02-22 19:36:57.887642559,0.0
Case448,W_Completeren aanvraag,res_a117c367-ca0b-4fb8-9736-c1d7d3de62d1,Role 1,2012-02-22 18:38:38.788254704,623,1,res_a117c367-ca0b-4fb8-9736-c1d7d3de62d1,2012-02-22 18:36:09.364786704,0.02564102564102564
Case449,W_Completeren aanvraag,res_554d030c-8ea0-477b-9a72-1469e52cca81,Role 1,2012-02-22 19:05:54.765494087,622,2,res_554d030c-8ea0-477b-9a72-1469e52cca81,2012-02-22 19:03:30.493730087,0.02564102564102564
Case449,W_Nabellen offertes,res_4d8dd482-f3ce-4175-9cd8-f5584cb38f63,Role 1,2012-02-22 19:23:35.522366987,622,1,res_4d8dd482-f3ce-4175-9cd8-f5584cb38f63,2012-02-22 19:21:21.699907987,0.0
Case45,W_Completeren aanvraag,res_554d030c-8ea0-477b-9a72-1469e52cca81,Role 1,2012-02-14 13:50:42.116040147,540,1,res_554d030c-8ea0-477b-9a72-1469e52cca81,2012-02-14 13:48:16.317053147,0.0
Case450,W_Completeren aanvraag,res_fa4ebd56-fe09-4e12-ab6b-f564242582f3,Role 1,2012-02-22 19:24:00.229067056,623,1,res_fa4ebd56-fe09-4e12-ab6b-f564242582f3,2012-02-22 19:21:31.482899056,0.02564102564102564
Case450,W_Completeren aanvraag,res_a6b7a9b9-8dde-47b4-ba71-c31305bfae5d,Role 1,2012-02-22 20:26:49.318153456,622,1,res_a6b7a9b9-8dde-47b4-ba71-c31305bfae5d,2012-02-22 20:24:18.303300456,0.0
Case450,W_Nabellen offertes,res_fe8f604a-4f72-4c5b-9082-2dc751f7d4b9,Role 1,2012-02-28 01:19:54.877348156,644,1,res_fe8f604a-4f72-4c5b-9082-2dc751f7d4b9,2012-02-28 01:17:49.170211156,0.02564102564102564
Case450,W_Nabellen offertes,res_c77d0074-5613-45fd-a890-6d80edada349,Role 1,2012-03-02 06:04:47.698384256,631,1,res_c77d0074-5613-45fd-a890-6d80edada349,2012-03-02 06:01:45.958177256,0.0
Case451,W_Afhandelen leads,res_dfa30272-4bc0-4c82-9bd0-6b4169bccece,Role 1,2012-02-22 19:38:05.014556455,622,0,res_dfa30272-4bc0-4c82-9bd0-6b4169bccece,2012-02-22 19:34:53.409626455,0.0
Case451,W_Completeren aanvraag,res_4d8dd482-f3ce-4175-9cd8-f5584cb38f63,Role 1,2012-02-22 20:41:40.673876555,621,1,res_4d8dd482-f3ce-4175-9cd8-f5584cb38f63,2012-02-22 20:39:04.650592555,0.0
Case451,W_Completeren aanvraag,res_4a606e00-143e-4039-9760-70b3cb78e66a,Role 1,2012-02-23 05:27:19.804016455,613,1,res_4a606e00-143e-4039-9760-70b3cb78e66a,2012-02-23 05:24:36.121473455,0.0
Case452,W_Completeren aanvraag,res_a6b7a9b9-8dde-47b4-ba71-c31305bfae5d,Role 1,2012-02-22 19:38:39.416897538,623,1,res_a6b7a9b9-8dde-47b4-ba71-c31305bfae5d,2012-02-22 19:36:10.982940538,0.02564102564102564
Case452,W_Completeren aanvraag,res_fe8f604a-4f72-4c5b-9082-2dc751f7d4b9,Role 1,2012-02-22 20:41:56.524643838,621,2,res_fe8f604a-4f72-4c5b-9082-2dc751f7d4b9,2012-02-22 20:39:28.834661838,0.02564102564102564
Case452,W_Completeren aanvraag,res_fe8f604a-4f72-4c5b-9082-2dc751f7d4b9,Role 1,2012-02-23 06:55:20.622869038,611,1,res_fe8f604a-4f72-4c5b-9082-2dc751f7d4b9,2012-02-23 06:52:36.788306038,0.0
Case453,W_Completeren aanvraag,res_4d8dd482-f3ce-4175-9cd8-f5584cb38f63,Role 1,2012-02-22 20:16:46.560745517,622,1,res_4d8dd482-f3ce-4175-9cd8-f5584cb38f63,2012-02-22 20:14:17.884537517,0.0
Case453,W_Completeren aanvraag,res_c77d0074-5613-45fd-a890-6d80edada349,Role 1,2012-02-22 21:21:44.594632317,623,1,res_c77d0074-5613-45fd-a890-6d80edada349,2012-02-22 21:19:13.544764317,0.0
Case453,W_Nabellen offertes,res_4d8dd482-f3ce-4175-9cd8-f5584cb38f63,Role 1,2012-02-28 04:36:57.011560617,646,1,res_4d8dd482-f3ce-4175-9cd8-f5584cb38f63,2012-02-28 04:34:58.072478617,0.02564102564102564
Case454,W_Afhandelen leads,res_554d030c-8ea0-477b-9a72-1469e52cca81,Role 1,2012-02-22 20:38:39.136803236,622,0,res_554d030c-8ea0-477b-9a72-1469e52cca81,2012-02-22 20:35:31.295823236,0.05128205128205128
Case454,W_Completeren aanvraag,res_0dcb8a75-60b3-457b-aac5-fe91506450da,Role 1,2012-02-22 21:44:43.790193736,622,2,res_0dcb8a75-60b3-457b-aac5-fe91506450da,2012-02-22 21:42:11.972835736,0.02564102564102564
Case454,W_Completeren aanvraag,res_e08dd225-6ddd-45bc-b1b2-7c6cf10375f6,Role 1,2012-02-23 11:48:07.403436836,615,1,res_e08dd225-6ddd-45bc-b1b2-7c6cf10375f6,2012-02-23 11:45:46.700824836,0.02564102564102564
Case454,W_Nabellen offertes,res_5423e6a8-eed7-4dc9-b44d-98691c53411e,Role 1,2012-02-23 18:17:51.618866336,627,1,res_5423e6a8-eed7-4dc9-b44d-98691c53411e,2012-02-23 18:16:06.778297336,0.0
Case455,W_Completeren aanvraag,res_c561e158-62af-4d50-bb96-33472303cf4c,Role 1,2012-02-22 20:39:07.571956219,623,1,res_c561e158-62af-4d50-bb96-33472303cf4c,2012-02-22 20:36:40.809572219,0.02564102564102564
Case455,W_Completeren aanvraag,res_3038739b-6c1c-42c1-b9ac-27ac6cc55a89,Role 1,2012-02-22 21:44:57.694580619,622,3,res_3038739b-6c1c-42c1-b9ac-27ac6cc55a89,2012-02-22 21:42:33.358241619,0.05128205128205128
Case456,W_Completeren aanvraag,res_fdf1178c-5a31-4f5e-8867-f12efd24326c,Role 1,2012-02-22 21:02:18.251709881,623,1,res_fdf1178c-5a31-4f5e-8867-f12efd24326c,2012-02-22 20:59:51.084551881,0.0
Case456,W_Nabellen offertes,res_554d030c-8ea0-477b-9a72-1469e52cca81,Role 1,2012-02-22 21:20:01.123551681,623,1,res_554d030c-8ea0-477b-9a72-1469e52cca81,2012-02-22 21:17:43.710604681,0.0
Case457,W_Completeren aanvraag,res_a117c367-ca0b-4fb8-9736-c1d7d3de62d1,Role 1,2012-02-22 21:22:27.506525442,622,1,res_a117c367-ca0b-4fb8-9736-c1d7d3de62d1,2012-02-22 21:20:01.026762442,0.0
Case458,W_Completeren aanvraag,res_094e34c1-5472-4e50-8ca3-650a6a34e4ec,Role 1,2012-02-22 21:38:11.901205357,622,1,res_094e34c1-5472-4e50-8ca3-650a6a34e4ec,2012-02-22 21:35:46.010770357,0.0
Case458,W_Completeren aanvraag,res_094e34c1-5472-4e50-8ca3-650a6a34e4ec,Role 1,2012-02-22 22:47:26.528897857,619,1,res_094e34c1-5472-4e50-8ca3-650a6a34e4ec,2012-02-22 22:44:54.990300857,0.0
Case458,W_Nabellen offertes,res_90ea4c98-054c-4dd3-aadb-9d56713379c2,Role 1,2012-02-28 01:50:20.433862557,646,1,res_90ea4c98-054c-4dd3-aadb-9d56713379c2,2012-02-28 01:48:18.242044557,0.0
Case459,W_Completeren aanvraag,res_c66fd8c7-ae25-415c-80c1-ac9cc1be7147,Role 1,2012-02-23 09:45:47.035795422,608,1,res_c66fd8c7-ae25-415c-80c1-ac9cc1be7147,2012-02-23 09:42:45.384534422,0.02564102564102564
Case459,W_Nabellen offertes,res_63a2ec71-0edb-4961-a972-295906b733b9,Role 1,2012-02-23 10:33:24.902015422,615,1,res_63a2ec71-0edb-4961-a972-295906b733b9,2012-02-23 10:31:12.575414422,0.0
Case459,W_Nabellen offertes,res_c561e158-62af-4d50-bb96-33472303cf4c,Role 1,2012-03-02 03:39:28.229451322,628,1,res_c561e158-62af-4d50-bb96-33472303cf4c,2012-03-02 03:37:01.216657322,0.0
Case46,W_Completeren aanvraag,res_c77d0074-5613-45fd-a890-6d80edada349,Role 1,2012-02-14 14:09:16.405805151,538,1,res_c77d0074-5613-45fd-a890-6d80edada349,2012-02-14 14:06:50.551928151,0.0
Case46,W_Completeren aanvraag,res_13a07171-afed-4486-9431-2507f9aacd76,Role 1,2012-02-14 15:05:46.971856651,542,1,res_13a07171-afed-4486-9431-2507f9aacd76,2012-02-14 15:03:19.600798651,0.0
Case46,W_Nabellen offertes,res_3038739b-6c1c-42c1-b9ac-27ac6cc55a89,Role 1,2012-02-15 10:11:59.018187651,537,1,res_3038739b-6c1c-42c1-b9ac-27ac6cc55a89,2012-02-15 10:08:48.111725651,0.0
Case46,W_Nabellen offertes,res_ee19d540-6f30-4eb3-abd5-d42bf0a0cc9f,Role 1,2012-02-21 14:46:16.420753151,619,1,res_ee19d540-6f30-4eb3-abd5-d42bf0a0cc9f,2012-02-21 14:44:32.780637151,0.0
Case46,W_Nabellen offertes,res_c66fd8c7-ae25-415c-80c1-ac9cc1be7147,Role 1,2012-02-23 09:02:45.777549751,619,1,res_c66fd8c7-ae25-415c-80c1-ac9cc1be7147,2012-02-23 09:00:57.393275751,0.02564102564102564
Case460,W_Afhandelen leads,res_3835d2af-f74a-47b9-b054-8234859b6abe,Role 1,2012-02-23 09:51:24.121936939,609,0,res_3835d2af-f74a-47b9-b054-8234859b6abe,2012-02-23 09:48:00.715018939,0.02564102564102564
Case460,W_Completeren aanvraag,res_6d1d995e-4384-448a-9bf8-9fb7d8013316,Role 1,2012-02-23 11:31:02.102330939,619,1,res_6d1d995e-4384-448a-9bf8-9fb7d8013316,2012-02-23 11:28:31.811408939,0.0
Case460,W_Completeren aanvraag,res_0dd9fb20-75d3-4949-8e8b-38b1e2a52fbf,Role 1,2012-02-23 16:19:45.175269539,626,3,res_0dd9fb20-75d3-4949-8e8b-38b1e2a52fbf,2012-02-23 16:17:52.322056539,0.05128205128205128
Case461,W_Afhandelen leads,res_4d8dd482-f3ce-4175-9cd8-f5584cb38f63,Role 1,2012-02-23 09:55:58.954124322,610,0,res_4d8dd482-f3ce-4175-9cd8-f5584cb38f63,2012-02-23 09:52:34.740232322,0.0
Case461,W_Completeren aanvraag,res_e9f54089-f03e-4dc1-a453-57f4acf2c7fb,Role 1,2012-02-23 11:34:45.881349522,620,1,res_e9f54089-f03e-4dc1-a453-57f4acf2c7fb,2012-02-23 11:32:16.029705522,0.02564102564102564
Case462,W_Completeren aanvraag,res_fe8f604a-4f72-4c5b-9082-2dc751f7d4b9,Role 1,2012-02-23 10:02:30.241665945,611,1,res_fe8f604a-4f72-4c5b-9082-2dc751f7d4b9,2012-02-23 09:59:29.807834945,0.0
Case462,W_Completeren aanvraag,res_3835d2af-f74a-47b9-b054-8234859b6abe,Role 1,2012-02-23 11:40:03.082570245,619,1,res_3835d2af-f74a-47b9-b054-8234859b6abe,2012-02-23 11:37:33.342523245,0.0
Case463,W_Afhandelen leads,res_4d8dd482-f3ce-4175-9cd8-f5584cb38f63,Role 1,2012-02-23 10:08:25.215195298,612,0,res_4d8dd482-f3ce-4175-9cd8-f5584cb38f63,2012-02-23 10:05:02.264895298,0.0
Case463,W_Completeren aanvraag,res_c05ba8c3-4cba-4513-8bb9-b3faa8713cc7,Role 1,2012-02-23 11:44:48.598889498,619,2,res_c05ba8c3-4cba-4513-8bb9-b3faa8713cc7,2012-02-23 11:42:21.408485498,0.02564102564102564
Case464,W_Afhandelen leads,res_8f2bf97e-8175-4ba4-882d-f6b7957c1a2c,Role 1,2012-02-23 10:13:02.763851231,613,0,res_8f2bf97e-8175-4ba4-882d-f6b7957c1a2c,2012-02-23 10:09:40.319891231,0.0
Case464,W_Completeren aanvraag,res_fdf1178c-5a31-4f5e-8867-f12efd24326c,Role 1,2012-02-23 11:48:37.079602831,617,1,res_fdf1178c-5a31-4f5e-8867-f12efd24326c,2012-02-23 11:46:07.341999831,0.02564102564102564
Case464,W_Completeren aanvraag,res_fa4ebd56-fe09-4e12-ab6b-f564242582f3,Role 1,2012-02-23 16:38:51.523939331,627,1,res_fa4ebd56-fe09-4e12-ab6b-f564242582f3,2012-02-23 16:36:56.114020331,0.0
Case464,W_Completeren aanvraag,res_c66fd8c7-ae25-415c-80c1-ac9cc1be7147,Role 1,2012-02-23 18:32:20.393437131,625,1,res_c66fd8c7-ae25-415c-80c1-ac9cc1be7147,2012-02-23 18:30:34.516244131,0.02564102564102564
Case465,W_Afhandelen leads,res_7b5eefe7-a9c7-4c10-ace5-1fd3772097ff,Role 1,2012-02-23 10:18:30.582626036,614,0,res_7b5eefe7-a9c7-4c10-ace5-1fd3772097ff,2012-02-23 10:15:08.747169036,0.0
Case465,W_Completeren aanvraag,res_13a07171-afed-4486-9431-2507f9aacd76,Role 1,2012-02-23 11:53:04.166345936,617,1,res_13a07171-afed-4486-9431-2507f9aacd76,2012-02-23 11:50:33.593161936,0.0
Case465,W_Completeren aanvraag,res_c66fd8c7-ae25-415c-80c1-ac9cc1be7147,Role 1,2012-02-23 16:32:24.553444136,627,1,res_c66fd8c7-ae25-415c-80c1-ac9cc1be7147,2012-02-23 16:30:28.727468136,0.0
Case466,W_Afhandelen leads,res_c475f0b2-f190-4931-b0ab-7a7e8189e241,Role 1,2012-02-23 10:24:48.662422712,615,0,res_c475f0b2-f190-4931-b0ab-7a7e8189e241,2012-02-23 10:21:27.546728712,0.0
Case466,W_Completeren aanvraag,res_554d030c-8ea0-477b-9a72-1469e52cca81,Role 1,2012-02-23 11:56:37.461753412,618,1,res_554d030c-8ea0-477b-9a72-1469e52cca81,2012-02-23 11:54:06.873607412,0.0
Case467,W_Afhandelen leads,res_d9a4b451-1c76-46c3-87c6-97373bec81d0,Role 1,2012-02-23 10:30:33.266222990,616,0,res_d9a4b451-1c76-46c3-87c6-97373bec81d0,2012-02-23 10:27:14.108027990,0.02564102564102564
Case467,W_Completeren aanvraag,res_e9f54089-f03e-4dc1-a453-57f4acf2c7fb,Role 1,2012-02-23 12:02:50.972415190,617,1,res_e9f54089-f03e-4dc1-a453-57f4acf2c7fb,2012-02-23 12:00:20.787287190,0.0
Case467,W_Nabellen offertes,res_c66fd8c7-ae25-415c-80c1-ac9cc1be7147,Role 1,2012-02-25 21:21:22.046033290,632,1,res_c66fd8c7-ae25-415c-80c1-ac9cc1be7147,2012-02-25 21:19:36.351081290,0.0
Case468,W_Completeren aanvraag,res_3038739b-6c1c-42c1-b9ac-27ac6cc55a89,Role 1,2012-02-23 10:38:50.568953544,617,1,res_3038739b-6c1c-42c1-b9ac-27ac6cc55a89,2012-02-23 10:35:54.957422544,0.0
Case469,W_Completeren aanvraag,res_a117c367-ca0b-4fb8-9736-c1d7d3de62d1,Role 1,2012-02-23 10:44:56.438936571,617,1,res_a117c367-ca0b-4fb8-9736-c1d7d3de62d1,2012-02-23 10:42:01.667634571,0.0
Case47,W_Afhandelen leads,res_e08dd225-6ddd-45bc-b1b2-7c6cf10375f6,Role 1,2012-02-14 14:11:16.994412333,539,0,res_e08dd225-6ddd-45bc-b1b2-7c6cf10375f6,2012-02-14 14:08:16.184807333,0.02564102564102564
Case47,W_Completeren aanvraag,res_32a810af-a1e0-4835-afe4-a9e543c58a25,Role 1,2012-02-14 15:07:44.344366733,542,2,res_32a810af-a1e0-4835-afe4-a9e543c58a25,2012-02-14 15:05:16.072357733,0.02564102564102564
Case47,W_Completeren aanvraag,res_5423e6a8-eed7-4dc9-b44d-98691c53411e,Role 1,2012-02-14 16:41:20.069437133,541,1,res_5423e6a8-eed7-4dc9-b44d-98691c53411e,2012-02-14 16:39:04.047083133,0.0
Case470,W_Afhandelen leads,res_fa4ebd56-fe09-4e12-ab6b-f564242582f3,Role 1,2012-02-23 10:45:59.230583068,618,0,res_fa4ebd56-fe09-4e12-ab6b-f564242582f3,2012-02-23 10:42:41.965460068,0.02564102564102564
Case470,W_Completeren aanvraag,res_3d71865b-e63e-44f8-a4fd-ece0ef216fef,Role 1,2012-02-23 12:15:21.877718168,618,1,res_3d71865b-e63e-44f8-a4fd-ece0ef216fef,2012-02-23 12:12:51.690067168,0.0
Case471,W_Afhandelen leads,res_13a07171-afed-4486-9431-2507f9aacd76,Role 1,2012-02-23 10:58:06.420460297,618,0,res_13a07171-afed-4486-9431-2507f9aacd76,2012-02-23 10:54:49.341210297,0.0
Case471,W_Completeren aanvraag,res_63a2ec71-0edb-4961-a972-295906b733b9,Role 1,2012-02-23 12:25:16.281442596,618,1,res_63a2ec71-0edb-4961-a972-295906b733b9,2012-02-23 12:22:45.752556597,0.0
Case471,W_Completeren aanvraag,res_63a2ec71-0edb-4961-a972-295906b733b9,Role 1,2012-02-23 17:07:11.256513297,626,1,res_63a2ec71-0edb-4961-a972-295906b733b9,2012-02-23 17:05:15.780353297,0.0
Case472,W_Afhandelen leads,res_3d71865b-e63e-44f8-a4fd-ece0ef216fef,Role 1,2012-02-23 11:10:52.471616023,619,0,res_3d71865b-e63e-44f8-a4fd-ece0ef216fef,2012-02-23 11:07:37.014786023,0.0
Case472,W_Completeren aanvraag,res_d9486917-858c-4563-bf95-164b83d8a3d8,Role 1,2012-02-23 12:35:46.506515323,619,1,res_d9486917-858c-4563-bf95-164b83d8a3d8,2012-02-23 12:33:15.988901323,0.0
Case472,W_Nabellen offertes,res_4a606e00-143e-4039-9760-70b3cb78e66a,Role 1,2012-02-26 02:29:37.326150923,628,1,res_4a606e00-143e-4039-9760-70b3cb78e66a,2012-02-26 02:27:52.722871923,0.0
Case473,W_Afhandelen leads,res_c475f0b2-f190-4931-b0ab-7a7e8189e241,Role 1,2012-02-23 11:23:32.171039562,620,0,res_c475f0b2-f190-4931-b0ab-7a7e8189e241,2012-02-23 11:20:19.651133562,0.02564102564102564
Case473,W_Completeren aanvraag,res_240d458f-f7c5-4593-8aba-741926c2775b,Role 1,2012-02-23 12:44:44.960772262,619,2,res_240d458f-f7c5-4593-8aba-741926c2775b,2012-02-23 12:42:18.409894262,0.02564102564102564
Case473,W_Completeren aanvraag,res_03b72214-605a-4b4f-97a5-ea18baa453ee,Role 1,2012-02-23 17:14:58.840132462,626,3,res_03b72214-605a-4b4f-97a5-ea18baa453ee,2012-02-23 17:13:07.981906462,0.05128205128205128
Case473,W_Completeren aanvraag,res_0dcb8a75-60b3-457b-aac5-fe91506450da,Role 1,2012-02-23 19:02:09.221019662,623,1,res_0dcb8a75-60b3-457b-aac5-fe91506450da,2012-02-23 19:00:24.795044662,0.0
Case474,W_Completeren aanvraag,res_d9486917-858c-4563-bf95-164b83d8a3d8,Role 1,2012-02-23 11:35:49.724134101,619,1,res_d9486917-858c-4563-bf95-164b83d8a3d8,2012-02-23 11:33:02.287481101,0.0
Case475,W_Afhandelen leads,res_4a606e00-143e-4039-9760-70b3cb78e66a,Role 1,2012-02-23 11:45:41.486186252,618,0,res_4a606e00-143e-4039-9760-70b3cb78e66a,2012-02-23 11:42:31.494266252,0.02564102564102564
Case475,W_Completeren aanvraag,res_d9486917-858c-4563-bf95-164b83d8a3d8,Role 1,2012-02-23 13:04:44.693692952,620,1,res_d9486917-858c-4563-bf95-164b83d8a3d8,2012-02-23 13:02:14.518296952,0.0
Case475,W_Completeren aanvraag,res_ffdbf4b7-c588-487c-b4ec-ae52c332aeda,Role 1,2012-02-23 17:24:36.074115552,626,1,res_ffdbf4b7-c588-487c-b4ec-ae52c332aeda,2012-02-23 17:22:41.089722552,0.0
Case476,W_Completeren aanvraag,res_13a07171-afed-4486-9431-2507f9aacd76,Role 1,2012-02-23 11:45:26.001625726,619,2,res_13a07171-afed-4486-9431-2507f9aacd76,2012-02-23 11:42:49.628287726,0.05128205128205128
Case477,W_Completeren aanvraag,res_5423e6a8-eed7-4dc9-b44d-98691c53411e,Role 1,2012-02-23 12:01:17.715763004,618,1,res_5423e6a8-eed7-4dc9-b44d-98691c53411e,2012-02-23 11:58:33.604850004,0.0
Case477,W_Completeren aanvraag,res_3835d2af-f74a-47b9-b054-8234859b6abe,Role 1,2012-02-23 13:17:59.634730004,621,1,res_3835d2af-f74a-47b9-b054-8234859b6abe,2012-02-23 13:15:32.026404004,0.0
Case478,W_Afhandelen leads,res_dfa30272-4bc0-4c82-9bd0-6b4169bccece,Role 1,2012-02-23 12:09:53.726724710,619,0,res_dfa30272-4bc0-4c82-9bd0-6b4169bccece,2012-02-23 12:06:46.245766710,0.02564102564102564
Case478,W_Completeren aanvraag,res_c77d0074-5613-45fd-a890-6d80edada349,Role 1,2012-02-23 13:25:26.511374310,620,1,res_c77d0074-5613-45fd-a890-6d80edada349,2012-02-23 13:22:56.399113310,0.0
Case479,W_Completeren aanvraag,res_5423e6a8-eed7-4dc9-b44d-98691c53411e,Role 1,2012-02-23 12:23:47.066868443,619,1,res_5423e6a8-eed7-4dc9-b44d-98691c53411e,2012-02-23 12:21:05.596895443,0.0
Case479,W_Nabellen offertes,res_dfa30272-4bc0-4c82-9bd0-6b4169bccece,Role 1,2012-02-23 13:03:17.564579043,620,1,res_dfa30272-4bc0-4c82-9bd0-6b4169bccece,2012-02-23 13:01:07.757382043,0.02564102564102564
Case479,W_Nabellen offertes,res_ffdbf4b7-c588-487c-b4ec-ae52c332aeda,Role 1,2012-03-03 00:25:02.071812343,631,2,res_ffdbf4b7-c588-487c-b4ec-ae52c332aeda,2012-03-03 00:17:32.679993343,0.02564102564102564
Case48,W_Afhandelen leads,res_f8a5c2f7-852b-4750-a5bc-71d8a9f25fcd,Role 1,2012-02-14 14:22:06.113950567,540,0,res_f8a5c2f7-852b-4750-a5bc-71d8a9f25fcd,2012-02-14 14:19:02.964906567,0.0
Case48,W_Completeren aanvraag,res_5423e6a8-eed7-4dc9-b44d-98691c53411e,Role 1,2012-02-14 15:18:15.572355067,544,1,res_5423e6a8-eed7-4dc9-b44d-98691c53411e,2012-02-14 15:15:44.706388067,0.02564102564102564
Case48,W_Nabellen offertes,res_fa4ebd56-fe09-4e12-ab6b-f564242582f3,Role 1,2012-02-15 11:05:49.953756067,543,1,res_fa4ebd56-fe09-4e12-ab6b-f564242582f3,2012-02-15 11:02:57.382110067,0.02564102564102564
Case48,W_Nabellen offertes,res_5423e6a8-eed7-4dc9-b44d-98691c53411e,Role 1,2012-02-21 13:05:39.705904967,622,1,res_5423e6a8-eed7-4dc9-b44d-98691c53411e,2012-02-21 13:04:00.986931967,0.0
Case480,W_Completeren aanvraag,res_a6b7a9b9-8dde-47b4-ba71-c31305bfae5d,Role 1,2012-02-23 12:36:11.526025783,620,1,res_a6b7a9b9-8dde-47b4-ba71-c31305bfae5d,2012-02-23 12:33:32.114112783,0.02564102564102564
Case481,W_Completeren aanvraag,res_3038739b-6c1c-42c1-b9ac-27ac6cc55a89,Role 1,2012-02-23 12:45:35.657723747,619,1,res_3038739b-6c1c-42c1-b9ac-27ac6cc55a89,2012-02-23 12:42:56.283669747,0.0
Case481,W_Completeren aanvraag,res_0dcb8a75-60b3-457b-aac5-fe91506450da,Role 1,2012-02-23 13:55:51.526327847,621,1,res_0dcb8a75-60b3-457b-aac5-fe91506450da,2012-02-23 13:53:25.925024847,0.02564102564102564
Case482,W_Completeren aanvraag,res_6d1d995e-4384-448a-9bf8-9fb7d8013316,Role 1,2012-02-23 12:45:42.369475309,620,2,res_6d1d995e-4384-448a-9bf8-9fb7d8013316,2012-02-23 12:43:11.395354309,0.02564102564102564
Case482,W_Nabellen offertes,res_6d1d995e-4384-448a-9bf8-9fb7d8013316,Role 1,2012-02-23 13:24:07.415479708,620,1,res_6d1d995e-4384-448a-9bf8-9fb7d8013316,2012-02-23 13:22:00.283635709,0.02564102564102564
Case482,W_Nabellen offertes,res_c475f0b2-f190-4931-b0ab-7a7e8189e241,Role 1,2012-03-03 03:00:09.720581309,628,1,res_c475f0b2-f190-4931-b0ab-7a7e8189e241,2012-03-03 02:53:13.529219309,0.0
Case483,W_Afhandelen leads,res_7b5eefe7-a9c7-4c10-ace5-1fd3772097ff,Role 1,2012-02-23 13:03:48.948759792,621,0,res_7b5eefe7-a9c7-4c10-ace5-1fd3772097ff,2012-02-23 13:00:43.168599792,0.0
Case483,W_Completeren aanvraag,res_b48df80a-ad89-4a8c-8f9d-edecf950fdb5,Role 1,2012-02-23 14:13:18.115229692,620,1,res_b48df80a-ad89-4a8c-8f9d-edecf950fdb5,2012-02-23 14:10:47.794149692,0.0
Case483,W_Completeren aanvraag,res_fdf1178c-5a31-4f5e-8867-f12efd24326c,Role 1,2012-02-23 17:50:05.916043192,624,1,res_fdf1178c-5a31-4f5e-8867-f12efd24326c,2012-02-23 17:48:11.620310192,0.02564102564102564
Case483,W_Nabellen offertes,res_0dcb8a75-60b3-457b-aac5-fe91506450da,Role 1,2012-02-25 01:19:11.308595592,636,1,res_0dcb8a75-60b3-457b-aac5-fe91506450da,2012-02-25 01:17:30.913110592,0.0
Case484,W_Completeren aanvraag,res_4a606e00-143e-4039-9760-70b3cb78e66a,Role 1,2012-02-23 13:14:32.313172961,621,1,res_4a606e00-143e-4039-9760-70b3cb78e66a,2012-02-23 13:11:55.134839961,0.0
Case485,W_Completeren aanvraag,res_240d458f-f7c5-4593-8aba-741926c2775b,Role 1,2012-02-23 13:27:55.580347635,620,1,res_240d458f-f7c5-4593-8aba-741926c2775b,2012-02-23 13:25:19.076458635,0.0
Case485,W_Completeren aanvraag,res_c66fd8c7-ae25-415c-80c1-ac9cc1be7147,Role 1,2012-02-23 14:35:13.494713435,622,1,res_c66fd8c7-ae25-415c-80c1-ac9cc1be7147,2012-02-23 14:32:47.346575435,0.0
Case485,W_Nabellen offertes,res_c475f0b2-f190-4931-b0ab-7a7e8189e241,Role 1,2012-02-26 12:14:25.920415935,624,1,res_c475f0b2-f190-4931-b0ab-7a7e8189e241,2012-02-26 12:07:43.155026935,0.0
Case486,W_Afhandelen leads,res_c475f0b2-f190-4931-b0ab-7a7e8189e241,Role 1,2012-02-23 13:46:20.622686417,620,0,res_c475f0b2-f190-4931-b0ab-7a7e8189e241,2012-02-23 13:43:15.028399417,0.0
Case486,W_Completeren aanvraag,res_cd5fe8a1-7bca-4ddc-9e04-e32a42150d6e,Role 1,2012-02-23 14:51:51.663837317,623,1,res_cd5fe8a1-7bca-4ddc-9e04-e32a42150d6e,2012-02-23 14:49:21.126786317,0.0
Case486,W_Completeren aanvraag,res_fe8f604a-4f72-4c5b-9082-2dc751f7d4b9,Role 1,2012-02-23 17:36:10.544579517,624,1,res_fe8f604a-4f72-4c5b-9082-2dc751f7d4b9,2012-02-23 17:34:15.671794517,0.0
Case487,W_Afhandelen leads,res_d9486917-858c-4563-bf95-164b83d8a3d8,Role 1,2012-02-23 13:47:50.928693886,621,1,res_d9486917-858c-4563-bf95-164b83d8a3d8,2012-02-23 13:44:53.758071886,0.02564102564102564
Case487,W_Completeren aanvraag,res_c66fd8c7-ae25-415c-80c1-ac9cc1be7147,Role 1,2012-02-23 14:53:07.960358486,625,2,res_c66fd8c7-ae25-415c-80c1-ac9cc1be7147,2012-02-23 14:50:45.994621486,0.07692307692307693
Case487,W_Completeren aanvraag,res_13a07171-afed-4486-9431-2507f9aacd76,Role 1,2012-02-23 18:05:44.280912586,624,1,res_13a07171-afed-4486-9431-2507f9aacd76,2012-02-23 18:03:52.144605586,0.0
Case487,W_Nabellen offertes,res_a117c367-ca0b-4fb8-9736-c1d7d3de62d1,Role 1,2012-02-25 04:53:12.517997186,630,1,res_a117c367-ca0b-4fb8-9736-c1d7d3de62d1,2012-02-25 04:51:29.734715186,0.0
Case488,W_Afhandelen leads,res_3038739b-6c1c-42c1-b9ac-27ac6cc55a89,Role 1,2012-02-23 14:08:03.924762897,621,0,res_3038739b-6c1c-42c1-b9ac-27ac6cc55a89,2012-02-23 14:04:59.670499897,0.02564102564102564
Case488,W_Completeren aanvraag,res_554d030c-8ea0-477b-9a72-1469e52cca81,Role 1,2012-02-23 15:12:50.292439997,626,1,res_554d030c-8ea0-477b-9a72-1469e52cca81,2012-02-23 15:10:19.808706997,0.0
Case489,W_Afhandelen leads,res_c561e158-62af-4d50-bb96-33472303cf4c,Role 1,2012-02-23 14:26:25.314007339,622,0,res_c561e158-62af-4d50-bb96-33472303cf4c,2012-02-23 14:23:18.793690339,0.0
Case489,W_Completeren aanvraag,res_094e34c1-5472-4e50-8ca3-650a6a34e4ec,Role 1,2012-02-23 15:30:20.542593639,626,1,res_094e34c1-5472-4e50-8ca3-650a6a34e4ec,2012-02-23 15:27:49.568254639,0.0
Case489,W_Completeren aanvraag,res_e08dd225-6ddd-45bc-b1b2-7c6cf10375f6,Role 1,2012-02-23 18:32:43.381761939,624,1,res_e08dd225-6ddd-45bc-b1b2-7c6cf10375f6,2012-02-23 18:30:47.882383939,0.0
Case49,W_Afhandelen leads,res_c05ba8c3-4cba-4513-8bb9-b3faa8713cc7,Role 1,2012-02-14 14:30:25.093057098,541,0,res_c05ba8c3-4cba-4513-8bb9-b3faa8713cc7,2012-02-14 14:27:21.650497098,0.0
Case49,W_Completeren aanvraag,res_d9486917-858c-4563-bf95-164b83d8a3d8,Role 1,2012-02-14 15:26:24.352962298,544,2,res_d9486917-858c-4563-bf95-164b83d8a3d8,2012-02-14 15:23:55.468491298,0.02564102564102564
Case49,W_Completeren aanvraag,res_ee19d540-6f30-4eb3-abd5-d42bf0a0cc9f,Role 1,2012-02-14 16:56:30.598173798,540,1,res_ee19d540-6f30-4eb3-abd5-d42bf0a0cc9f,2012-02-14 16:54:14.697684798,0.0
Case490,W_Afhandelen leads,res_4d8dd482-f3ce-4175-9cd8-f5584cb38f63,Role 1,2012-02-23 14:37:23.540466585,623,0,res_4d8dd482-f3ce-4175-9cd8-f5584cb38f63,2012-02-23 14:34:16.655691585,0.0
Case490,W_Completeren aanvraag,res_c475f0b2-f190-4931-b0ab-7a7e8189e241,Role 1,2012-02-23 15:40:50.176917785,626,2,res_c475f0b2-f190-4931-b0ab-7a7e8189e241,2012-02-23 15:38:22.890239785,0.02564102564102564
Case490,W_Nabellen offertes,res_cd5fe8a1-7bca-4ddc-9e04-e32a42150d6e,Role 1,2012-02-26 15:59:22.888191785,619,1,res_cd5fe8a1-7bca-4ddc-9e04-e32a42150d6e,2012-02-26 15:55:20.811796785,0.0
Case490,W_Nabellen offertes,res_13a07171-afed-4486-9431-2507f9aacd76,Role 1,2012-03-02 09:02:42.869541285,637,1,res_13a07171-afed-4486-9431-2507f9aacd76,2012-03-02 09:00:58.660513285,0.0
Case491,W_Afhandelen leads,res_4a606e00-143e-4039-9760-70b3cb78e66a,Role 1,2012-02-23 14:47:05.451328660,624,0,res_4a606e00-143e-4039-9760-70b3cb78e66a,2012-02-23 14:43:59.966715660,0.02564102564102564
Case491,W_Completeren aanvraag,res_c561e158-62af-4d50-bb96-33472303cf4c,Role 1,2012-02-23 15:49:48.759922860,626,1,res_c561e158-62af-4d50-bb96-33472303cf4c,2012-02-23 15:47:17.769567860,0.0
Case491,W_Nabellen offertes,res_c475f0b2-f190-4931-b0ab-7a7e8189e241,Role 1,2012-02-26 02:29:01.976286560,627,1,res_c475f0b2-f190-4931-b0ab-7a7e8189e241,2012-02-26 02:27:16.880037560,0.0
Case491,W_Nabellen offertes,res_554d030c-8ea0-477b-9a72-1469e52cca81,Role 1,2012-03-02 06:24:27.771968360,635,1,res_554d030c-8ea0-477b-9a72-1469e52cca81,2012-03-02 06:22:40.239084360,0.0
Case491,W_Nabellen offertes,res_a117c367-ca0b-4fb8-9736-c1d7d3de62d1,Role 1,2012-03-03 21:34:02.764267460,639,1,res_a117c367-ca0b-4fb8-9736-c1d7d3de62d1,2012-03-03 21:32:27.814239460,0.0
Case492,W_Afhandelen leads,res_fe8f604a-4f72-4c5b-9082-2dc751f7d4b9,Role 1,2012-02-23 14:47:14.551814497,625,1,res_fe8f604a-4f72-4c5b-9082-2dc751f7d4b9,2012-02-23 14:44:17.093291497,0.05128205128205128
Case492,W_Completeren aanvraag,res_e08dd225-6ddd-45bc-b1b2-7c6cf10375f6,Role 1,2012-02-23 15:50:05.238039497,626,2,res_e08dd225-6ddd-45bc-b1b2-7c6cf10375f6,2012-02-23 15:47:40.417585497,0.02564102564102564
Case492,W_Completeren aanvraag,res_0dcb8a75-60b3-457b-aac5-fe91506450da,Role 1,2012-02-23 18:10:14.409533796,624,1,res_0dcb8a75-60b3-457b-aac5-fe91506450da,2012-02-23 18:08:21.350867796,0.0
Case492,W_Nabellen offertes,res_c77d0074-5613-45fd-a890-6d80edada349,Role 1,2012-02-25 02:57:33.526334397,632,1,res_c77d0074-5613-45fd-a890-6d80edada349,2012-02-25 02:55:49.651492397,0.0
Case493,W_Completeren aanvraag,res_cd5fe8a1-7bca-4ddc-9e04-e32a42150d6e,Role 1,2012-02-23 14:59:08.332319462,626,1,res_cd5fe8a1-7bca-4ddc-9e04-e32a42150d6e,2012-02-23 14:56:33.536052462,0.0
Case493,W_Nabellen offertes,res_a117c367-ca0b-4fb8-9736-c1d7d3de62d1,Role 1,2012-02-23 15:31:20.039336662,626,1,res_a117c367-ca0b-4fb8-9736-c1d7d3de62d1,2012-02-23 15:29:11.375970662,0.0
Case494,W_Completeren aanvraag,res_90ea4c98-054c-4dd3-aadb-9d56713379c2,Role 1,2012-02-23 15:19:00.443234549,626,1,res_90ea4c98-054c-4dd3-aadb-9d56713379c2,2012-02-23 15:16:25.344241549,0.0
Case494,W_Completeren aanvraag,res_c77d0074-5613-45fd-a890-6d80edada349,Role 1,2012-02-23 16:21:15.469348149,627,1,res_c77d0074-5613-45fd-a890-6d80edada349,2012-02-23 16:18:48.654604149,0.0
Case495,W_Completeren aanvraag,res_6d1d995e-4384-448a-9bf8-9fb7d8013316,Role 1,2012-02-23 15:32:56.922251621,626,1,res_6d1d995e-4384-448a-9bf8-9fb7d8013316,2012-02-23 15:30:21.524120621,0.0
Case495,W_Completeren aanvraag,res_d9486917-858c-4563-bf95-164b83d8a3d8,Role 1,2012-02-23 16:35:03.477175021,626,1,res_d9486917-858c-4563-bf95-164b83d8a3d8,2012-02-23 16:32:37.474209021,0.02564102564102564
Case495,W_Nabellen offertes,res_c66fd8c7-ae25-415c-80c1-ac9cc1be7147,Role 1,2012-02-26 18:47:48.602946221,623,1,res_c66fd8c7-ae25-415c-80c1-ac9cc1be7147,2012-02-26 18:45:49.416370221,0.0
Case495,W_Nabellen offertes,res_ffdbf4b7-c588-487c-b4ec-ae52c332aeda,Role 1,2012-03-02 13:14:04.399354121,639,1,res_ffdbf4b7-c588-487c-b4ec-ae52c332aeda,2012-03-02 13:12:27.676991121,0.0
Case496,W_Afhandelen leads,res_fe8f604a-4f72-4c5b-9082-2dc751f7d4b9,Role 1,2012-02-23 15:47:09.158074406,627,0,res_fe8f604a-4f72-4c5b-9082-2dc751f7d4b9,2012-02-23 15:44:04.607206406,0.07692307692307693
Case496,W_Completeren aanvraag,res_c77d0074-5613-45fd-a890-6d80edada349,Role 1,2012-02-23 16:49:21.268513206,626,2,res_c77d0074-5613-45fd-a890-6d80edada349,2012-02-23 16:46:53.486402206,0.02564102564102564
Case497,W_Completeren aanvraag,res_32a810af-a1e0-4835-afe4-a9e543c58a25,Role 1,2012-02-23 15:46:52.287135980,628,3,res_32a810af-a1e0-4835-afe4-a9e543c58a25,2012-02-23 15:44:30.800792980,0.07692307692307693
Case497,W_Completeren aanvraag,res_fdf1178c-5a31-4f5e-8867-f12efd24326c,Role 1,2012-02-23 16:48:52.322750180,626,1,res_fdf1178c-5a31-4f5e-8867-f12efd24326c,2012-02-23 16:46:32.637571180,0.0
Case497,W_Completeren aanvraag,res_4d8dd482-f3ce-4175-9cd8-f5584cb38f63,Role 1,2012-02-23 19:21:31.790397980,623,1,res_4d8dd482-f3ce-4175-9cd8-f5584cb38f63,2012-02-23 19:19:40.301973980,0.0
Case498,W_Completeren aanvraag,res_f8a5c2f7-852b-4750-a5bc-71d8a9f25fcd,Role 1,2012-02-23 16:02:04.569067935,627,1,res_f8a5c2f7-852b-4750-a5bc-71d8a9f25fcd,2012-02-23 15:59:28.434855935,0.0
Case498,W_Nabellen offertes,res_f8a5c2f7-852b-4750-a5bc-71d8a9f25fcd,Role 1,2012-02-23 16:31:01.880708635,626,1,res_f8a5c2f7-852b-4750-a5bc-71d8a9f25fcd,2012-02-23 16:28:52.404359635,0.0
Case498,W_Nabellen offertes,res_fdf1178c-5a31-4f5e-8867-f12efd24326c,Role 1,2012-03-03 14:50:51.979995034,644,1,res_fdf1178c-5a31-4f5e-8867-f12efd24326c,2012-03-03 14:49:10.696239034,0.0
Case498,W_Nabellen offertes,res_4a606e00-143e-4039-9760-70b3cb78e66a,Role 1,2012-03-06 07:18:22.330370735,620,1,res_4a606e00-143e-4039-9760-70b3cb78e66a,2012-03-06 07:06:56.197988735,0.0
Case498,W_Nabellen offertes,res_3d71865b-e63e-44f8-a4fd-ece0ef216fef,Role 1,2012-03-07 20:08:18.194280235,640,1,res_3d71865b-e63e-44f8-a4fd-ece0ef216fef,2012-03-07 20:06:31.536709235,0.0
Case499,W_Completeren aanvraag,res_3d71865b-e63e-44f8-a4fd-ece0ef216fef,Role 1,2012-02-23 16:15:56.178377919,628,2,res_3d71865b-e63e-44f8-a4fd-ece0ef216fef,2012-02-23 16:13:27.637071919,0.02564102564102564
Case499,W_Completeren aanvraag,res_0dd9fb20-75d3-4949-8e8b-38b1e2a52fbf,Role 1,2012-02-23 17:18:15.255858519,626,1,res_0dd9fb20-75d3-4949-8e8b-38b1e2a52fbf,2012-02-23 17:15:52.072400519,0.02564102564102564
Case5,W_Afhandelen leads,res_fe8f604a-4f72-4c5b-9082-2dc751f7d4b9,Role 1,2012-02-13 19:41:58.367692027,523,0,res_fe8f604a-4f72-4c5b-9082-2dc751f7d4b9,2012-02-13 19:38:51.229205027,0.02564102564102564
Case5,W_Completeren aanvraag,res_90ea4c98-054c-4dd3-aadb-9d56713379c2,Role 1,2012-02-13 20:39:35.526620827,523,1,res_90ea4c98-054c-4dd3-aadb-9d56713379c2,2012-02-13 20:37:05.599573827,0.0
Case5,W_Completeren aanvraag,res_13a07171-afed-4486-9431-2507f9aacd76,Role 1,2012-02-13 23:26:16.968536427,522,1,res_13a07171-afed-4486-9431-2507f9aacd76,2012-02-13 23:24:04.539286427,0.0
Case5,W_Completeren aanvraag,res_cd5fe8a1-7bca-4ddc-9e04-e32a42150d6e,Role 1,2012-02-14 07:19:10.488334527,522,1,res_cd5fe8a1-7bca-4ddc-9e04-e32a42150d6e,2012-02-14 07:16:44.193266527,0.0
Case5,W_Nabellen offertes,res_7b5eefe7-a9c7-4c10-ace5-1fd3772097ff,Role 1,2012-02-14 11:15:32.484948927,532,1,res_7b5eefe7-a9c7-4c10-ace5-1fd3772097ff,2012-02-14 11:13:34.177307927,0.0
Case5,W_Nabellen offertes,res_c475f0b2-f190-4931-b0ab-7a7e8189e241,Role 1,2012-02-16 08:37:36.910511727,562,1,res_c475f0b2-f190-4931-b0ab-7a7e8189e241,2012-02-16 08:34:30.315516727,0.0
Case5,W_Nabellen offertes,res_5423e6a8-eed7-4dc9-b44d-98691c53411e,Role 1,2012-02-18 00:47:07.996853027,598,1,res_5423e6a8-eed7-4dc9-b44d-98691c53411e,2012-02-18 00:45:27.154510027,0.0
Case50,W_Afhandelen leads,res_c77d0074-5613-45fd-a890-6d80edada349,Role 1,2012-02-14 14:56:40.826333411,542,0,res_c77d0074-5613-45fd-a890-6d80edada349,2012-02-14 14:53:36.288028411,0.0
Case50,W_Completeren aanvraag,res_e08dd225-6ddd-45bc-b1b2-7c6cf10375f6,Role 1,2012-02-14 15:52:00.171899811,543,1,res_e08dd225-6ddd-45bc-b1b2-7c6cf10375f6,2012-02-14 15:49:27.735654811,0.0
Case50,W_Nabellen offertes,res_c561e158-62af-4d50-bb96-33472303cf4c,Role 1,2012-02-15 11:37:41.957449211,547,1,res_c561e158-62af-4d50-bb96-33472303cf4c,2012-02-15 11:34:59.286352211,0.0
Case50,W_Nabellen offertes,res_ffdbf4b7-c588-487c-b4ec-ae52c332aeda,Role 1,2012-02-21 17:02:02.660449010,618,1,res_ffdbf4b7-c588-487c-b4ec-ae52c332aeda,2012-02-21 17:00:10.529159011,0.0
Case500,W_Completeren aanvraag,res_4a606e00-143e-4039-9760-70b3cb78e66a,Role 1,2012-02-23 16:34:44.030348210,627,2,res_4a606e00-143e-4039-9760-70b3cb78e66a,2012-02-23 16:32:14.968740210,0.02564102564102564
Case500,W_Nabellen offertes,res_a117c367-ca0b-4fb8-9736-c1d7d3de62d1,Role 1,2012-02-23 17:01:47.953071110,625,1,res_a117c367-ca0b-4fb8-9736-c1d7d3de62d1,2012-02-23 16:59:41.432759110,0.0
Case500,W_Nabellen offertes,res_554d030c-8ea0-477b-9a72-1469e52cca81,Role 1,2012-03-03 14:04:18.618201910,645,1,res_554d030c-8ea0-477b-9a72-1469e52cca81,2012-03-03 14:02:37.156221910,0.0
Case501,W_Completeren aanvraag,res_3d71865b-e63e-44f8-a4fd-ece0ef216fef,Role 1,2012-02-23 16:47:09.018755176,626,1,res_3d71865b-e63e-44f8-a4fd-ece0ef216fef,2012-02-23 16:44:31.411501176,0.0
Case501,W_Nabellen offertes,res_3d71865b-e63e-44f8-a4fd-ece0ef216fef,Role 1,2012-02-23 17:13:20.058219776,626,1,res_3d71865b-e63e-44f8-a4fd-ece0ef216fef,2012-02-23 17:11:09.558092776,0.0
Case502,W_Completeren aanvraag,res_b48df80a-ad89-4a8c-8f9d-edecf950fdb5,Role 1,2012-02-23 16:48:00.252386784,627,2,res_b48df80a-ad89-4a8c-8f9d-edecf950fdb5,2012-02-23 16:45:30.850793784,0.02564102564102564
Case503,W_Afhandelen leads,res_cd5fe8a1-7bca-4ddc-9e04-e32a42150d6e,Role 1,2012-02-23 17:07:28.729098800,626,0,res_cd5fe8a1-7bca-4ddc-9e04-e32a42150d6e,2012-02-23 17:04:16.167570800,0.0
Case503,W_Completeren aanvraag,res_e9f54089-f03e-4dc1-a453-57f4acf2c7fb,Role 1,2012-02-23 18:11:25.168361100,624,1,res_e9f54089-f03e-4dc1-a453-57f4acf2c7fb,2012-02-23 18:08:51.064858100,0.0
Case503,W_Completeren aanvraag,res_c475f0b2-f190-4931-b0ab-7a7e8189e241,Role 1,2012-02-23 21:34:41.499729300,622,1,res_c475f0b2-f190-4931-b0ab-7a7e8189e241,2012-02-23 21:32:42.073016300,0.0
Case503,W_Completeren aanvraag,res_3038739b-6c1c-42c1-b9ac-27ac6cc55a89,Role 1,2012-02-24 09:00:10.580577000,619,1,res_3038739b-6c1c-42c1-b9ac-27ac6cc55a89,2012-02-24 08:57:55.943447000,0.02564102564102564
Case504,W_Afhandelen leads,res_3038739b-6c1c-42c1-b9ac-27ac6cc55a89,Role 1,2012-02-23 17:25:41.306527781,624,0,res_3038739b-6c1c-42c1-b9ac-27ac6cc55a89,2012-02-23 17:22:28.238641781,0.0
Case504,W_Completeren aanvraag,res_fe8f604a-4f72-4c5b-9082-2dc751f7d4b9,Role 1,2012-02-23 18:30:23.952694281,622,1,res_fe8f604a-4f72-4c5b-9082-2dc751f7d4b9,2012-02-23 18:27:49.486219281,0.0
Case505,W_Afhandelen leads,res_0dd9fb20-75d3-4949-8e8b-38b1e2a52fbf,Role 1,2012-02-23 17:47:30.382114810,625,0,res_0dd9fb20-75d3-4949-8e8b-38b1e2a52fbf,2012-02-23 17:44:16.910524810,0.0
Case505,W_Completeren aanvraag,res_c77d0074-5613-45fd-a890-6d80edada349,Role 1,2012-02-23 18:53:32.718353710,622,1,res_c77d0074-5613-45fd-a890-6d80edada349,2012-02-23 18:50:58.903170710,0.02564102564102564
Case505,W_Completeren aanvraag,res_5423e6a8-eed7-4dc9-b44d-98691c53411e,Role 1,2012-02-23 23:25:58.021448410,621,1,res_5423e6a8-eed7-4dc9-b44d-98691c53411e,2012-02-23 23:23:58.099126410,0.0
Case505,W_Completeren aanvraag,res_63a2ec71-0edb-4961-a972-295906b733b9,Role 1,2012-02-24 12:10:43.775869410,620,1,res_63a2ec71-0edb-4961-a972-295906b733b9,2012-02-24 12:08:55.089807410,0.0
Case506,W_Completeren aanvraag,res_554d030c-8ea0-477b-9a72-1469e52cca81,Role 1,2012-02-23 17:49:44.940204636,626,2,res_554d030c-8ea0-477b-9a72-1469e52cca81,2012-02-23 17:47:15.228402636,0.05128205128205128
Case507,W_Afhandelen leads,res_0dd9fb20-75d3-4949-8e8b-38b1e2a52fbf,Role 1,2012-02-23 18:46:45.432596684,622,0,res_0dd9fb20-75d3-4949-8e8b-38b1e2a52fbf,2012-02-23 18:43:31.178733684,0.0
Case507,W_Completeren aanvraag,res_fa4ebd56-fe09-4e12-ab6b-f564242582f3,Role 1,2012-02-23 19:55:56.690231784,625,2,res_fa4ebd56-fe09-4e12-ab6b-f564242582f3,2012-02-23 19:53:25.315275784,0.05128205128205128
Case507,W_Nabellen offertes,res_6d1d995e-4384-448a-9bf8-9fb7d8013316,Role 1,2012-03-02 05:23:54.740109284,634,1,res_6d1d995e-4384-448a-9bf8-9fb7d8013316,2012-03-02 05:22:03.326646284,0.0
Case507,W_Nabellen offertes,res_554d030c-8ea0-477b-9a72-1469e52cca81,Role 1,2012-03-05 17:03:54.111619884,624,1,res_554d030c-8ea0-477b-9a72-1469e52cca81,2012-03-05 17:02:19.213323884,0.0
Case507,W_Nabellen offertes,res_3835d2af-f74a-47b9-b054-8234859b6abe,Role 1,2012-03-07 22:29:56.854628884,638,1,res_3835d2af-f74a-47b9-b054-8234859b6abe,2012-03-07 22:28:24.217471884,0.0
Case508,W_Afhandelen leads,res_a6b7a9b9-8dde-47b4-ba71-c31305bfae5d,Role 1,2012-02-23 18:52:21.921022588,623,0,res_a6b7a9b9-8dde-47b4-ba71-c31305bfae5d,2012-02-23 18:49:07.665576588,0.0
Case508,W_Completeren aanvraag,res_0dd9fb20-75d3-4949-8e8b-38b1e2a52fbf,Role 1,2012-02-23 20:02:00.318430788,625,1,res_0dd9fb20-75d3-4949-8e8b-38b1e2a52fbf,2012-02-23 19:59:24.648007788,0.0
Case509,W_Afhandelen leads,res_5423e6a8-eed7-4dc9-b44d-98691c53411e,Role 1,2012-02-23 19:13:46.486846319,623,0,res_5423e6a8-eed7-4dc9-b44d-98691c53411e,2012-02-23 19:10:32.158764319,0.0
Case509,W_Completeren aanvraag,res_4d8dd482-f3ce-4175-9cd8-f5584cb38f63,Role 1,2012-02-23 20:24:51.886850919,624,1,res_4d8dd482-f3ce-4175-9cd8-f5584cb38f63,2012-02-23 20:22:16.053632919,0.0
Case51,W_Completeren aanvraag,res_e08dd225-6ddd-45bc-b1b2-7c6cf10375f6,Role 1,2012-02-14 15:10:48.353018717,543,1,res_e08dd225-6ddd-45bc-b1b2-7c6cf10375f6,2012-02-14 15:08:21.832743717,0.0
Case51,W_Completeren aanvraag,res_d9486917-858c-4563-bf95-164b83d8a3d8,Role 1,2012-02-14 16:05:43.556549917,542,1,res_d9486917-858c-4563-bf95-164b83d8a3d8,2012-02-14 16:03:15.414740917,0.0
Case51,W_Nabellen offertes,res_32a810af-a1e0-4835-afe4-a9e543c58a25,Role 1,2012-02-15 08:40:07.006189617,538,1,res_32a810af-a1e0-4835-afe4-a9e543c58a25,2012-02-15 08:36:40.303588617,0.0
Case510,W_Afhandelen leads,res_c561e158-62af-4d50-bb96-33472303cf4c,Role 1,2012-02-23 19:34:12.517360078,624,0,res_c561e158-62af-4d50-bb96-33472303cf4c,2012-02-23 19:30:58.220105078,0.0
Case510,W_Completeren aanvraag,res_fdf1178c-5a31-4f5e-8867-f12efd24326c,Role 1,2012-02-23 20:46:42.848923178,623,1,res_fdf1178c-5a31-4f5e-8867-f12efd24326c,2012-02-23 20:44:07.863549178,0.02564102564102564
Case510,W_Nabellen offertes,res_c77d0074-5613-45fd-a890-6d80edada349,Role 1,2012-03-02 10:52:54.301941978,638,1,res_c77d0074-5613-45fd-a890-6d80edada349,2012-03-02 10:51:04.589854978,0.0
Case511,W_Completeren aanvraag,res_fa4ebd56-fe09-4e12-ab6b-f564242582f3,Role 1,2012-02-23 19:48:24.114282022,624,1,res_fa4ebd56-fe09-4e12-ab6b-f564242582f3,2012-02-23 19:45:44.772266022,0.0
Case511,W_Completeren aanvraag,res_3038739b-6c1c-42c1-b9ac-27ac6cc55a89,Role 1,2012-02-23 21:01:45.071197122,625,1,res_3038739b-6c1c-42c1-b9ac-27ac6cc55a89,2012-02-23 20:59:10.595456122,0.0
Case512,W_Afhandelen leads,res_fa4ebd56-fe09-4e12-ab6b-f564242582f3,Role 1,2012-02-23 19:49:37.003332882,625,0,res_fa4ebd56-fe09-4e12-ab6b-f564242582f3,2012-02-23 19:46:24.062645882,0.02564102564102564
Case512,W_Completeren aanvraag,res_0dcb8a75-60b3-457b-aac5-fe91506450da,Role 1,2012-02-23 21:03:06.493736382,625,2,res_0dcb8a75-60b3-457b-aac5-fe91506450da,2012-02-23 21:00:33.891611382,0.02564102564102564
Case512,W_Nabellen offertes,res_c561e158-62af-4d50-bb96-33472303cf4c,Role 1,2012-03-02 08:04:14.287442082,636,1,res_c561e158-62af-4d50-bb96-33472303cf4c,2012-03-02 08:02:24.724865082,0.0
Case513,W_Afhandelen leads,res_d9486917-858c-4563-bf95-164b83d8a3d8,Role 1,2012-02-23 20:23:38.179344690,624,0,res_d9486917-858c-4563-bf95-164b83d8a3d8,2012-02-23 20:20:24.140061690,0.0
Case513,W_Completeren aanvraag,res_3d71865b-e63e-44f8-a4fd-ece0ef216fef,Role 1,2012-02-23 21:39:31.405067890,622,1,res_3d71865b-e63e-44f8-a4fd-ece0ef216fef,2012-02-23 21:36:55.277898890,0.0
Case514,W_Completeren aanvraag,res_fdf1178c-5a31-4f5e-8867-f12efd24326c,Role 1,2012-02-23 20:49:01.273238441,624,1,res_fdf1178c-5a31-4f5e-8867-f12efd24326c,2012-02-23 20:46:23.665908441,0.0
Case514,W_Nabellen offertes,res_7b5eefe7-a9c7-4c10-ace5-1fd3772097ff,Role 1,2012-02-23 21:07:10.257143341,624,1,res_7b5eefe7-a9c7-4c10-ace5-1fd3772097ff,2012-02-23 21:04:53.787283341,0.0
Case515,W_Afhandelen leads,res_e9f54089-f03e-4dc1-a453-57f4acf2c7fb,Role 1,2012-02-23 20:49:58.229695464,625,0,res_e9f54089-f03e-4dc1-a453-57f4acf2c7fb,2012-02-23 20:46:45.829712464,0.02564102564102564
Case515,W_Completeren aanvraag,res_c05ba8c3-4cba-4513-8bb9-b3faa8713cc7,Role 1,2012-02-23 22:07:36.887201664,622,1,res_c05ba8c3-4cba-4513-8bb9-b3faa8713cc7,2012-02-23 22:05:00.865340664,0.0
Case515,W_Nabellen offertes,res_cd5fe8a1-7bca-4ddc-9e04-e32a42150d6e,Role 1,2012-03-01 22:32:44.731608664,633,2,res_cd5fe8a1-7bca-4ddc-9e04-e32a42150d6e,2012-03-01 22:29:44.666645664,0.02564102564102564
Case515,W_Nabellen offertes,res_fe8f604a-4f72-4c5b-9082-2dc751f7d4b9,Role 1,2012-03-05 03:04:29.524906364,636,1,res_fe8f604a-4f72-4c5b-9082-2dc751f7d4b9,2012-03-05 03:02:18.971658364,0.0
Case515,W_Nabellen offertes,res_094e34c1-5472-4e50-8ca3-650a6a34e4ec,Role 1,2012-03-06 22:43:41.553508364,644,2,res_094e34c1-5472-4e50-8ca3-650a6a34e4ec,2012-03-06 22:42:05.715780364,0.02564102564102564
Case515,W_Nabellen offertes,res_f8a5c2f7-852b-4750-a5bc-71d8a9f25fcd,Role 1,2012-03-08 13:25:22.057800864,628,1,res_f8a5c2f7-852b-4750-a5bc-71d8a9f25fcd,2012-03-08 13:13:24.786356864,0.0
Case515,W_Nabellen offertes,res_d9486917-858c-4563-bf95-164b83d8a3d8,Role 1,2012-03-10 02:33:30.505015264,623,1,res_d9486917-858c-4563-bf95-164b83d8a3d8,2012-03-10 02:31:45.931844264,0.0
Case516,W_Completeren aanvraag,res_ffdbf4b7-c588-487c-b4ec-ae52c332aeda,Role 1,2012-02-23 21:24:50.841983367,623,1,res_ffdbf4b7-c588-487c-b4ec-ae52c332aeda,2012-02-23 21:22:14.562344367,0.0
Case517,W_Completeren aanvraag,res_7b5eefe7-a9c7-4c10-ace5-1fd3772097ff,Role 1,2012-02-23 21:47:27.005336993,622,1,res_7b5eefe7-a9c7-4c10-ace5-1fd3772097ff,2012-02-23 21:44:51.591617993,0.0
Case517,W_Completeren aanvraag,res_c561e158-62af-4d50-bb96-33472303cf4c,Role 1,2012-02-23 23:09:28.194782893,621,1,res_c561e158-62af-4d50-bb96-33472303cf4c,2012-02-23 23:06:49.126325893,0.0
Case518,W_Afhandelen leads,res_fdf1178c-5a31-4f5e-8867-f12efd24326c,Role 1,2012-02-24 09:56:27.143447854,618,0,res_fdf1178c-5a31-4f5e-8867-f12efd24326c,2012-02-24 09:52:55.441902854,0.02564102564102564
Case518,W_Completeren aanvraag,res_e08dd225-6ddd-45bc-b1b2-7c6cf10375f6,Role 1,2012-02-24 11:30:25.496650354,623,1,res_e08dd225-6ddd-45bc-b1b2-7c6cf10375f6,2012-02-24 11:28:08.533556354,0.02564102564102564
Case519,W_Afhandelen leads,res_6d1d995e-4384-448a-9bf8-9fb7d8013316,Role 1,2012-02-24 10:01:55.562924020,618,0,res_6d1d995e-4384-448a-9bf8-9fb7d8013316,2012-02-24 09:58:22.861735020,0.0
Case519,W_Completeren aanvraag,res_f8a5c2f7-852b-4750-a5bc-71d8a9f25fcd,Role 1,2012-02-24 11:34:55.272077220,621,1,res_f8a5c2f7-852b-4750-a5bc-71d8a9f25fcd,2012-02-24 11:32:36.406147220,0.0
Case52,W_Afhandelen leads,res_a117c367-ca0b-4fb8-9736-c1d7d3de62d1,Role 1,2012-02-14 15:11:33.101159816,544,0,res_a117c367-ca0b-4fb8-9736-c1d7d3de62d1,2012-02-14 15:08:29.892308816,0.02564102564102564
Case52,W_Completeren aanvraag,res_cd5fe8a1-7bca-4ddc-9e04-e32a42150d6e,Role 1,2012-02-14 16:06:28.559629816,542,2,res_cd5fe8a1-7bca-4ddc-9e04-e32a42150d6e,2012-02-14 16:03:59.250308816,0.02564102564102564
Case520,W_Afhandelen leads,res_3d71865b-e63e-44f8-a4fd-ece0ef216fef,Role 1,2012-02-24 10:08:56.357302469,619,0,res_3d71865b-e63e-44f8-a4fd-ece0ef216fef,2012-02-24 10:05:23.974011469,0.0
Case520,W_Completeren aanvraag,res_5423e6a8-eed7-4dc9-b44d-98691c53411e,Role 1,2012-02-24 11:40:39.114574769,620,1,res_5423e6a8-eed7-4dc9-b44d-98691c53411e,2012-02-24 11:38:20.096367769,0.0
Case520,W_Nabellen offertes,res_f8a5c2f7-852b-4750-a5bc-71d8a9f25fcd,Role 1,2012-02-29 08:15:12.518154169,642,1,res_f8a5c2f7-852b-4750-a5bc-71d8a9f25fcd,2012-02-29 08:13:28.629009169,0.0
Case521,W_Completeren aanvraag,res_6d1d995e-4384-448a-9bf8-9fb7d8013316,Role 1,2012-02-24 10:19:17.373097428,620,1,res_6d1d995e-4384-448a-9bf8-9fb7d8013316,2012-02-24 10:16:08.739219428,0.02564102564102564
Case521,W_Nabellen offertes,res_240d458f-f7c5-4593-8aba-741926c2775b,Role 1,2012-02-24 11:06:52.914210128,623,1,res_240d458f-f7c5-4593-8aba-741926c2775b,2012-02-24 11:04:52.109945128,0.0
Case522,W_Completeren aanvraag,res_240d458f-f7c5-4593-8aba-741926c2775b,Role 1,2012-02-24 10:28:53.798546041,620,1,res_240d458f-f7c5-4593-8aba-741926c2775b,2012-02-24 10:25:44.998124041,0.0
Case522,W_Completeren aanvraag,res_13a07171-afed-4486-9431-2507f9aacd76,Role 1,2012-02-24 11:56:57.209493941,620,1,res_13a07171-afed-4486-9431-2507f9aacd76,2012-02-24 11:54:44.024548941,0.0
Case522,W_Nabellen offertes,res_fdf1178c-5a31-4f5e-8867-f12efd24326c,Role 1,2012-02-29 11:49:02.880587941,637,1,res_fdf1178c-5a31-4f5e-8867-f12efd24326c,2012-02-29 11:47:11.540269941,0.0
Case522,W_Nabellen offertes,res_d9a4b451-1c76-46c3-87c6-97373bec81d0,Role 1,2012-03-02 22:08:46.387337841,631,1,res_d9a4b451-1c76-46c3-87c6-97373bec81d0,2012-03-02 22:01:07.661194841,0.0
Case523,W_Completeren aanvraag,res_094e34c1-5472-4e50-8ca3-650a6a34e4ec,Role 1,2012-02-24 10:38:29.246282654,620,1,res_094e34c1-5472-4e50-8ca3-650a6a34e4ec,2012-02-24 10:35:21.257028654,0.0
Case523,W_Nabellen offertes,res_c05ba8c3-4cba-4513-8bb9-b3faa8713cc7,Role 1,2012-02-24 11:25:43.182377354,623,1,res_c05ba8c3-4cba-4513-8bb9-b3faa8713cc7,2012-02-24 11:23:41.984736354,0.0
Case524,W_Afhandelen leads,res_e9f54089-f03e-4dc1-a453-57f4acf2c7fb,Role 1,2012-02-24 10:46:21.972137588,621,0,res_e9f54089-f03e-4dc1-a453-57f4acf2c7fb,2012-02-24 10:42:51.585228588,0.0
Case524,W_Completeren aanvraag,res_a117c367-ca0b-4fb8-9736-c1d7d3de62d1,Role 1,2012-02-24 12:11:41.482231688,622,1,res_a117c367-ca0b-4fb8-9736-c1d7d3de62d1,2012-02-24 12:09:21.462577688,0.0
Case524,W_Nabellen offertes,res_0dcb8a75-60b3-457b-aac5-fe91506450da,Role 1,2012-02-29 16:13:33.001466588,631,1,res_0dcb8a75-60b3-457b-aac5-fe91506450da,2012-02-29 16:10:12.912454588,0.0
Case525,W_Completeren aanvraag,res_7b5eefe7-a9c7-4c10-ace5-1fd3772097ff,Role 1,2012-02-24 10:55:47.221045488,622,1,res_7b5eefe7-a9c7-4c10-ace5-1fd3772097ff,2012-02-24 10:52:40.940926488,0.0
Case525,W_Nabellen offertes,res_b48df80a-ad89-4a8c-8f9d-edecf950fdb5,Role 1,2012-02-24 11:41:48.987908788,621,1,res_b48df80a-ad89-4a8c-8f9d-edecf950fdb5,2012-02-24 11:39:47.605883788,0.02564102564102564
Case526,W_Afhandelen leads,res_dfa30272-4bc0-4c82-9bd0-6b4169bccece,Role 1,2012-02-24 10:57:12.733948647,623,0,res_dfa30272-4bc0-4c82-9bd0-6b4169bccece,2012-02-24 10:53:44.410001647,0.02564102564102564
Case526,W_Completeren aanvraag,res_e9f54089-f03e-4dc1-a453-57f4acf2c7fb,Role 1,2012-02-24 12:20:57.736866846,622,1,res_e9f54089-f03e-4dc1-a453-57f4acf2c7fb,2012-02-24 12:18:37.945655846,0.0
Case526,W_Nabellen offertes,res_0dcb8a75-60b3-457b-aac5-fe91506450da,Role 1,2012-02-29 20:20:00.584775747,630,1,res_0dcb8a75-60b3-457b-aac5-fe91506450da,2012-02-29 20:16:43.842148747,0.0
Case527,W_Afhandelen leads,res_5423e6a8-eed7-4dc9-b44d-98691c53411e,Role 1,2012-02-24 11:18:17.713696266,623,0,res_5423e6a8-eed7-4dc9-b44d-98691c53411e,2012-02-24 11:14:49.761722266,0.0
Case527,W_Completeren aanvraag,res_c77d0074-5613-45fd-a890-6d80edada349,Role 1,2012-02-24 12:39:09.040143766,622,1,res_c77d0074-5613-45fd-a890-6d80edada349,2012-02-24 12:36:48.046889766,0.0
Case527,W_Completeren aanvraag,res_3d71865b-e63e-44f8-a4fd-ece0ef216fef,Role 1,2012-02-24 17:20:24.396033266,631,1,res_3d71865b-e63e-44f8-a4fd-ece0ef216fef,2012-02-24 17:18:35.789390266,0.0
Case527,W_Nabellen offertes,res_cd5fe8a1-7bca-4ddc-9e04-e32a42150d6e,Role 1,2012-02-26 19:15:27.641591866,623,1,res_cd5fe8a1-7bca-4ddc-9e04-e32a42150d6e,2012-02-26 19:13:49.018005866,0.0
Case527,W_Nabellen offertes,res_c05ba8c3-4cba-4513-8bb9-b3faa8713cc7,Role 1,2012-02-29 14:18:49.409011166,637,1,res_c05ba8c3-4cba-4513-8bb9-b3faa8713cc7,2012-02-29 14:14:17.615262166,0.0
Case528,W_Completeren aanvraag,res_fa4ebd56-fe09-4e12-ab6b-f564242582f3,Role 1,2012-02-24 11:37:08.939978680,621,1,res_fa4ebd56-fe09-4e12-ab6b-f564242582f3,2012-02-24 11:34:07.316759680,0.0
Case528,W_Nabellen offertes,res_4d8dd482-f3ce-4175-9cd8-f5584cb38f63,Role 1,2012-02-24 12:21:27.378081480,623,1,res_4d8dd482-f3ce-4175-9cd8-f5584cb38f63,2012-02-24 12:19:25.560821480,0.02564102564102564
Case528,W_Nabellen offertes,res_a117c367-ca0b-4fb8-9736-c1d7d3de62d1,Role 1,2012-03-04 01:21:12.195510880,637,1,res_a117c367-ca0b-4fb8-9736-c1d7d3de62d1,2012-03-04 01:17:35.159913880,0.0
Case528,W_Nabellen offertes,res_32a810af-a1e0-4835-afe4-a9e543c58a25,Role 1,2012-03-06 19:09:20.860774580,640,1,res_32a810af-a1e0-4835-afe4-a9e543c58a25,2012-03-06 19:07:43.459183580,0.07692307692307693
Case529,W_Completeren aanvraag,res_03b72214-605a-4b4f-97a5-ea18baa453ee,Role 1,2012-02-24 11:56:13.946245720,621,1,res_03b72214-605a-4b4f-97a5-ea18baa453ee,2012-02-24 11:53:14.797340720,0.0
Case529,W_Completeren aanvraag,res_c475f0b2-f190-4931-b0ab-7a7e8189e241,Role 1,2012-02-24 13:12:07.496436620,625,1,res_c475f0b2-f190-4931-b0ab-7a7e8189e241,2012-02-24 13:09:50.883010620,0.0
Case53,W_Completeren aanvraag,res_8f2bf97e-8175-4ba4-882d-f6b7957c1a2c,Role 1,2012-02-14 15:24:21.380232315,543,2,res_8f2bf97e-8175-4ba4-882d-f6b7957c1a2c,2012-02-14 15:21:59.878601315,0.02564102564102564
Case53,W_Completeren aanvraag,res_c475f0b2-f190-4931-b0ab-7a7e8189e241,Role 1,2012-02-14 16:18:57.998849315,541,1,res_c475f0b2-f190-4931-b0ab-7a7e8189e241,2012-02-14 16:16:31.651376315,0.0
Case530,W_Afhandelen leads,res_0dcb8a75-60b3-457b-aac5-fe91506450da,Role 1,2012-02-24 11:57:11.947603393,622,0,res_0dcb8a75-60b3-457b-aac5-fe91506450da,2012-02-24 11:53:49.050492393,0.02564102564102564
Case530,W_Completeren aanvraag,res_5423e6a8-eed7-4dc9-b44d-98691c53411e,Role 1,2012-02-24 13:13:34.853363393,625,2,res_5423e6a8-eed7-4dc9-b44d-98691c53411e,2012-02-24 13:11:17.412099393,0.02564102564102564
Case530,W_Nabellen offertes,res_a117c367-ca0b-4fb8-9736-c1d7d3de62d1,Role 1,2012-03-01 06:57:03.839018493,641,1,res_a117c367-ca0b-4fb8-9736-c1d7d3de62d1,2012-03-01 06:55:19.624772493,0.02564102564102564
Case531,W_Afhandelen leads,res_ee19d540-6f30-4eb3-abd5-d42bf0a0cc9f,Role 1,2012-02-24 12:15:50.143628222,623,0,res_ee19d540-6f30-4eb3-abd5-d42bf0a0cc9f,2012-02-24 12:12:29.330041222,0.02564102564102564
Case531,W_Completeren aanvraag,res_c475f0b2-f190-4931-b0ab-7a7e8189e241,Role 1,2012-02-24 13:30:11.639238422,625,1,res_c475f0b2-f190-4931-b0ab-7a7e8189e241,2012-02-24 13:27:49.270519422,0.0
Case531,W_Nabellen offertes,res_0dcb8a75-60b3-457b-aac5-fe91506450da,Role 1,2012-03-01 06:25:32.825744122,642,1,res_0dcb8a75-60b3-457b-aac5-fe91506450da,2012-03-01 06:23:46.486595122,0.05128205128205128
Case532,W_Afhandelen leads,res_c05ba8c3-4cba-4513-8bb9-b3faa8713cc7,Role 1,2012-02-24 12:33:34.098277629,623,0,res_c05ba8c3-4cba-4513-8bb9-b3faa8713cc7,2012-02-24 12:30:15.207525629,0.02564102564102564
Case532,W_Completeren aanvraag,res_c66fd8c7-ae25-415c-80c1-ac9cc1be7147,Role 1,2012-02-24 13:46:57.450915529,626,1,res_c66fd8c7-ae25-415c-80c1-ac9cc1be7147,2012-02-24 13:44:34.520860529,0.0
Case533,W_Completeren aanvraag,res_3d71865b-e63e-44f8-a4fd-ece0ef216fef,Role 1,2012-02-24 12:55:37.689668430,624,1,res_3d71865b-e63e-44f8-a4fd-ece0ef216fef,2012-02-24 12:52:46.192125430,0.0
Case533,W_Nabellen offertes,res_fa4ebd56-fe09-4e12-ab6b-f564242582f3,Role 1,2012-02-24 13:37:01.694544430,625,1,res_fa4ebd56-fe09-4e12-ab6b-f564242582f3,2012-02-24 13:34:58.473335430,0.0
Case533,W_Nabellen offertes,res_c475f0b2-f190-4931-b0ab-7a7e8189e241,Role 1,2012-03-04 07:20:54.056410430,645,1,res_c475f0b2-f190-4931-b0ab-7a7e8189e241,2012-03-04 07:19:13.186771430,0.0
Case533,W_Nabellen offertes,res_e08dd225-6ddd-45bc-b1b2-7c6cf10375f6,Role 1,2012-03-07 09:37:22.387618030,636,1,res_e08dd225-6ddd-45bc-b1b2-7c6cf10375f6,2012-03-07 09:27:37.399729030,0.0
Case533,W_Nabellen offertes,res_c77d0074-5613-45fd-a890-6d80edada349,Role 1,2012-03-08 21:32:25.545968430,630,1,res_c77d0074-5613-45fd-a890-6d80edada349,2012-03-08 21:30:40.853370430,0.0
Case534,W_Afhandelen leads,res_fa4ebd56-fe09-4e12-ab6b-f564242582f3,Role 1,2012-02-24 12:57:52.415924911,625,0,res_fa4ebd56-fe09-4e12-ab6b-f564242582f3,2012-02-24 12:54:36.003699911,0.02564102564102564
Case534,W_Completeren aanvraag,res_c66fd8c7-ae25-415c-80c1-ac9cc1be7147,Role 1,2012-02-24 14:09:40.382357211,627,1,res_c66fd8c7-ae25-415c-80c1-ac9cc1be7147,2012-02-24 14:07:16.749387211,0.0
Case535,W_Completeren aanvraag,res_ee19d540-6f30-4eb3-abd5-d42bf0a0cc9f,Role 1,2012-02-24 13:18:40.630951905,625,1,res_ee19d540-6f30-4eb3-abd5-d42bf0a0cc9f,2012-02-24 13:15:51.429876905,0.0
Case535,W_Nabellen offertes,res_32a810af-a1e0-4835-afe4-a9e543c58a25,Role 1,2012-02-24 13:59:48.232170505,626,1,res_32a810af-a1e0-4835-afe4-a9e543c58a25,2012-02-24 13:57:44.644003505,0.02564102564102564
Case535,W_Nabellen offertes,res_554d030c-8ea0-477b-9a72-1469e52cca81,Role 1,2012-03-04 09:25:31.398672205,639,1,res_554d030c-8ea0-477b-9a72-1469e52cca81,2012-03-04 09:23:54.495716205,0.0
Case536,W_Completeren aanvraag,res_63a2ec71-0edb-4961-a972-295906b733b9,Role 1,2012-02-24 13:36:46.253252698,626,1,res_63a2ec71-0edb-4961-a972-295906b733b9,2012-02-24 13:33:58.463719698,0.0
Case536,W_Completeren aanvraag,res_0dcb8a75-60b3-457b-aac5-fe91506450da,Role 1,2012-02-24 14:46:26.856886198,626,1,res_0dcb8a75-60b3-457b-aac5-fe91506450da,2012-02-24 14:44:06.578646198,0.0
Case536,W_Nabellen offertes,res_e08dd225-6ddd-45bc-b1b2-7c6cf10375f6,Role 1,2012-03-01 21:06:25.965818498,632,1,res_e08dd225-6ddd-45bc-b1b2-7c6cf10375f6,2012-03-01 21:01:12.341886498,0.0
Case537,W_Afhandelen leads,res_0dd9fb20-75d3-4949-8e8b-38b1e2a52fbf,Role 1,2012-02-24 13:56:46.350510311,626,0,res_0dd9fb20-75d3-4949-8e8b-38b1e2a52fbf,2012-02-24 13:53:32.137887311,0.0
Case537,W_Completeren aanvraag,res_cd5fe8a1-7bca-4ddc-9e04-e32a42150d6e,Role 1,2012-02-24 15:05:40.355727811,628,1,res_cd5fe8a1-7bca-4ddc-9e04-e32a42150d6e,2012-02-24 15:03:15.849083811,0.02564102564102564
Case538,W_Afhandelen leads,res_3d71865b-e63e-44f8-a4fd-ece0ef216fef,Role 1,2012-02-24 13:57:45.040115294,627,1,res_3d71865b-e63e-44f8-a4fd-ece0ef216fef,2012-02-24 13:54:41.651636294,0.05128205128205128
Case538,W_Completeren aanvraag,res_3038739b-6c1c-42c1-b9ac-27ac6cc55a89,Role 1,2012-02-24 15:06:33.938282494,628,2,res_3038739b-6c1c-42c1-b9ac-27ac6cc55a89,2012-02-24 15:04:15.870917494,0.02564102564102564
Case538,W_Nabellen offertes,res_90ea4c98-054c-4dd3-aadb-9d56713379c2,Role 1,2012-03-01 23:21:06.459640093,631,1,res_90ea4c98-054c-4dd3-aadb-9d56713379c2,2012-03-01 23:17:59.783763093,0.0
Case539,W_Afhandelen leads,res_63a2ec71-0edb-4961-a972-295906b733b9,Role 1,2012-02-24 14:56:45.495125870,627,0,res_63a2ec71-0edb-4961-a972-295906b733b9,2012-02-24 14:53:31.741149870,0.0
Case539,W_Completeren aanvraag,res_4a606e00-143e-4039-9760-70b3cb78e66a,Role 1,2012-02-24 16:04:15.442682870,630,3,res_4a606e00-143e-4039-9760-70b3cb78e66a,2012-02-24 16:01:57.207710870,0.05128205128205128
Case539,W_Nabellen offertes,res_d9486917-858c-4563-bf95-164b83d8a3d8,Role 1,2012-03-02 00:29:55.273432470,630,1,res_d9486917-858c-4563-bf95-164b83d8a3d8,2012-03-02 00:27:33.926507470,0.0
Case54,W_Completeren aanvraag,res_4a606e00-143e-4039-9760-70b3cb78e66a,Role 1,2012-02-14 15:37:01.217293942,543,2,res_4a606e00-143e-4039-9760-70b3cb78e66a,2012-02-14 15:34:39.492611942,0.02564102564102564
Case54,W_Nabellen offertes,res_554d030c-8ea0-477b-9a72-1469e52cca81,Role 1,2012-02-14 15:59:28.033389342,543,1,res_554d030c-8ea0-477b-9a72-1469e52cca81,2012-02-14 15:57:06.940773342,0.0
Case540,W_Afhandelen leads,res_13a07171-afed-4486-9431-2507f9aacd76,Role 1,2012-02-24 14:58:04.242165689,628,1,res_13a07171-afed-4486-9431-2507f9aacd76,2012-02-24 14:54:58.381474689,0.02564102564102564
Case540,W_Completeren aanvraag,res_32a810af-a1e0-4835-afe4-a9e543c58a25,Role 1,2012-02-24 16:05:30.847913389,629,3,res_32a810af-a1e0-4835-afe4-a9e543c58a25,2012-02-24 16:03:15.309245389,0.05128205128205128
Case540,W_Completeren aanvraag,res_8f2bf97e-8175-4ba4-882d-f6b7957c1a2c,Role 1,2012-02-24 19:30:09.383370789,633,1,res_8f2bf97e-8175-4ba4-882d-f6b7957c1a2c,2012-02-24 19:28:21.668942789,0.0
Case540,W_Completeren aanvraag,res_ee19d540-6f30-4eb3-abd5-d42bf0a0cc9f,Role 1,2012-02-25 02:17:57.300245289,631,1,res_ee19d540-6f30-4eb3-abd5-d42bf0a0cc9f,2012-02-25 02:16:12.854662289,0.0
Case541,W_Completeren aanvraag,res_7b5eefe7-a9c7-4c10-ace5-1fd3772097ff,Role 1,2012-02-24 15:17:46.599072150,628,1,res_7b5eefe7-a9c7-4c10-ace5-1fd3772097ff,2012-02-24 15:15:00.264120150,0.0
Case542,W_Afhandelen leads,res_0dd9fb20-75d3-4949-8e8b-38b1e2a52fbf,Role 1,2012-02-24 15:42:21.438810509,628,0,res_0dd9fb20-75d3-4949-8e8b-38b1e2a52fbf,2012-02-24 15:39:06.956055509,0.0
Case542,W_Completeren aanvraag,res_e08dd225-6ddd-45bc-b1b2-7c6cf10375f6,Role 1,2012-02-24 16:50:12.080532209,631,1,res_e08dd225-6ddd-45bc-b1b2-7c6cf10375f6,2012-02-24 16:47:42.543764209,0.0
Case542,W_Completeren aanvraag,res_90ea4c98-054c-4dd3-aadb-9d56713379c2,Role 1,2012-02-24 20:41:53.669118209,635,1,res_90ea4c98-054c-4dd3-aadb-9d56713379c2,2012-02-24 20:40:02.824279209,0.0
Case542,W_Completeren aanvraag,res_0dd9fb20-75d3-4949-8e8b-38b1e2a52fbf,Role 1,2012-02-25 07:06:17.036241808,627,1,res_0dd9fb20-75d3-4949-8e8b-38b1e2a52fbf,2012-02-25 07:04:21.477908808,0.0
Case542,W_Completeren aanvraag,res_3835d2af-f74a-47b9-b054-8234859b6abe,Role 1,2012-02-25 10:16:13.872877109,626,1,res_3835d2af-f74a-47b9-b054-8234859b6abe,2012-02-25 10:14:26.592820109,0.0
Case543,W_Completeren aanvraag,res_3038739b-6c1c-42c1-b9ac-27ac6cc55a89,Role 1,2012-02-24 15:56:49.170531552,629,1,res_3038739b-6c1c-42c1-b9ac-27ac6cc55a89,2012-02-24 15:54:01.567781552,0.0
Case544,W_Completeren aanvraag,res_ffdbf4b7-c588-487c-b4ec-ae52c332aeda,Role 1,2012-02-24 15:57:59.370656547,630,2,res_ffdbf4b7-c588-487c-b4ec-ae52c332aeda,2012-02-24 15:55:22.163432547,0.02564102564102564
Case544,W_Nabellen offertes,res_90ea4c98-054c-4dd3-aadb-9d56713379c2,Role 1,2012-02-24 16:32:11.458405647,630,1,res_90ea4c98-054c-4dd3-aadb-9d56713379c2,2012-02-24 16:30:06.684485647,0.0
Case544,W_Nabellen offertes,res_554d030c-8ea0-477b-9a72-1469e52cca81,Role 1,2012-03-04 10:33:23.118836847,641,1,res_554d030c-8ea0-477b-9a72-1469e52cca81,2012-03-04 10:31:46.172594847,0.05128205128205128
Case544,W_Nabellen offertes,res_fa4ebd56-fe09-4e12-ab6b-f564242582f3,Role 1,2012-03-07 16:02:48.486622547,638,1,res_fa4ebd56-fe09-4e12-ab6b-f564242582f3,2012-03-07 16:00:57.854641547,0.02564102564102564
Case545,W_Afhandelen leads,res_b48df80a-ad89-4a8c-8f9d-edecf950fdb5,Role 1,2012-02-24 16:17:12.588860188,630,0,res_b48df80a-ad89-4a8c-8f9d-edecf950fdb5,2012-02-24 16:13:57.405753188,0.0
Case545,W_Completeren aanvraag,res_094e34c1-5472-4e50-8ca3-650a6a34e4ec,Role 1,2012-02-24 17:26:04.616669888,632,1,res_094e34c1-5472-4e50-8ca3-650a6a34e4ec,2012-02-24 17:23:33.776770888,0.0
Case546,W_Completeren aanvraag,res_554d030c-8ea0-477b-9a72-1469e52cca81,Role 1,2012-02-24 16:40:29.196293248,631,1,res_554d030c-8ea0-477b-9a72-1469e52cca81,2012-02-24 16:37:39.918993248,0.0
Case546,W_Nabellen offertes,res_13a07171-afed-4486-9431-2507f9aacd76,Role 1,2012-02-24 17:14:02.030552748,632,1,res_13a07171-afed-4486-9431-2507f9aacd76,2012-02-24 17:11:52.195097748,0.0
Case546,W_Nabellen offertes,res_8f2bf97e-8175-4ba4-882d-f6b7957c1a2c,Role 1,2012-03-04 09:29:17.443237648,640,1,res_8f2bf97e-8175-4ba4-882d-f6b7957c1a2c,2012-03-04 09:27:39.570981648,0.0
Case546,W_Nabellen offertes,res_4d8dd482-f3ce-4175-9cd8-f5584cb38f63,Role 1,2012-03-07 15:40:08.293034548,639,2,res_4d8dd482-f3ce-4175-9cd8-f5584cb38f63,2012-03-07 15:38:15.862763548,0.02564102564102564
Case546,W_Nabellen offertes,res_4a606e00-143e-4039-9760-70b3cb78e66a,Role 1,2012-03-09 03:16:02.520080048,625,1,res_4a606e00-143e-4039-9760-70b3cb78e66a,2012-03-09 03:14:36.069184048,0.0
Case547,W_Completeren aanvraag,res_c475f0b2-f190-4931-b0ab-7a7e8189e241,Role 1,2012-02-24 16:57:58.581942819,632,1,res_c475f0b2-f190-4931-b0ab-7a7e8189e241,2012-02-24 16:55:08.669901819,0.0
Case548,W_Completeren aanvraag,res_dfa30272-4bc0-4c82-9bd0-6b4169bccece,Role 1,2012-02-24 16:58:29.720316953,633,2,res_dfa30272-4bc0-4c82-9bd0-6b4169bccece,2012-02-24 16:55:49.975172953,0.02564102564102564
Case548,W_Nabellen offertes,res_d9486917-858c-4563-bf95-164b83d8a3d8,Role 1,2012-02-24 17:31:13.469507753,632,1,res_d9486917-858c-4563-bf95-164b83d8a3d8,2012-02-24 17:29:06.806829753,0.0
Case548,W_Nabellen offertes,res_dfa30272-4bc0-4c82-9bd0-6b4169bccece,Role 1,2012-03-04 09:12:16.251421853,638,1,res_dfa30272-4bc0-4c82-9bd0-6b4169bccece,2012-03-04 09:10:38.510379853,0.0
Case548,W_Nabellen offertes,res_c66fd8c7-ae25-415c-80c1-ac9cc1be7147,Role 1,2012-03-07 15:37:12.710359253,639,1,res_c66fd8c7-ae25-415c-80c1-ac9cc1be7147,2012-03-07 15:35:20.568225253,0.0
Case549,W_Completeren aanvraag,res_13a07171-afed-4486-9431-2507f9aacd76,Role 1,2012-02-24 17:21:53.057805264,633,2,res_13a07171-afed-4486-9431-2507f9aacd76,2012-02-24 17:19:12.339500264,0.02564102564102564
Case549,W_Completeren aanvraag,res_0dd9fb20-75d3-4949-8e8b-38b1e2a52fbf,Role 1,2012-02-24 18:34:17.375998764,634,1,res_0dd9fb20-75d3-4949-8e8b-38b1e2a52fbf,2012-02-24 18:31:50.513600764,0.0
Case549,W_Nabellen offertes,res_a117c367-ca0b-4fb8-9736-c1d7d3de62d1,Role 1,2012-03-03 17:28:26.967981864,641,1,res_a117c367-ca0b-4fb8-9736-c1d7d3de62d1,2012-03-03 17:26:37.549290864,0.0
Case549,W_Nabellen offertes,res_a6b7a9b9-8dde-47b4-ba71-c31305bfae5d,Role 1,2012-03-06 16:35:04.288764764,637,1,res_a6b7a9b9-8dde-47b4-ba71-c31305bfae5d,2012-03-06 16:33:27.884702764,0.0
Case549,W_Nabellen offertes,res_f8a5c2f7-852b-4750-a5bc-71d8a9f25fcd,Role 1,2012-03-08 04:36:09.391192764,634,1,res_f8a5c2f7-852b-4750-a5bc-71d8a9f25fcd,2012-03-08 04:34:19.582137764,0.02564102564102564
Case55,W_Completeren aanvraag,res_4d8dd482-f3ce-4175-9cd8-f5584cb38f63,Role 1,2012-02-14 15:50:07.657953954,544,1,res_4d8dd482-f3ce-4175-9cd8-f5584cb38f63,2012-02-14 15:47:40.262980954,0.0
Case550,W_Completeren aanvraag,res_ffdbf4b7-c588-487c-b4ec-ae52c332aeda,Role 1,2012-02-24 17:44:58.941291364,633,1,res_ffdbf4b7-c588-487c-b4ec-ae52c332aeda,2012-02-24 17:42:07.502795364,0.0
Case550,W_Nabellen offertes,res_32a810af-a1e0-4835-afe4-a9e543c58a25,Role 1,2012-02-24 18:15:58.978644964,634,1,res_32a810af-a1e0-4835-afe4-a9e543c58a25,2012-02-24 18:13:46.102579964,0.0
Case550,W_Nabellen offertes,res_240d458f-f7c5-4593-8aba-741926c2775b,Role 1,2012-03-04 08:07:51.160141664,641,1,res_240d458f-f7c5-4593-8aba-741926c2775b,2012-03-04 08:06:10.389693664,0.05128205128205128
Case550,W_Nabellen offertes,res_f8a5c2f7-852b-4750-a5bc-71d8a9f25fcd,Role 1,2012-03-07 14:32:30.994211764,638,1,res_f8a5c2f7-852b-4750-a5bc-71d8a9f25fcd,2012-03-07 14:30:19.687187764,0.0
Case550,W_Nabellen offertes,res_3038739b-6c1c-42c1-b9ac-27ac6cc55a89,Role 1,2012-03-09 02:13:50.646199464,625,1,res_3038739b-6c1c-42c1-b9ac-27ac6cc55a89,2012-03-09 02:12:20.023878464,0.05128205128205128
Case551,W_Afhandelen leads,res_3038739b-6c1c-42c1-b9ac-27ac6cc55a89,Role 1,2012-02-24 17:59:17.644402524,633,0,res_3038739b-6c1c-42c1-b9ac-27ac6cc55a89,2012-02-24 17:56:00.660337524,0.0
Case551,W_Completeren aanvraag,res_554d030c-8ea0-477b-9a72-1469e52cca81,Role 1,2012-02-24 19:14:29.681475924,633,2,res_554d030c-8ea0-477b-9a72-1469e52cca81,2012-02-24 19:11:59.488057924,0.02564102564102564
Case551,W_Nabellen offertes,res_fdf1178c-5a31-4f5e-8867-f12efd24326c,Role 1,2012-03-04 00:10:19.963033324,638,1,res_fdf1178c-5a31-4f5e-8867-f12efd24326c,2012-03-04 00:07:39.812210324,0.0
Case552,W_Afhandelen leads,res_dfa30272-4bc0-4c82-9bd0-6b4169bccece,Role 1,2012-02-24 18:00:25.073823057,634,1,res_dfa30272-4bc0-4c82-9bd0-6b4169bccece,2012-02-24 17:57:14.203869057,0.02564102564102564
Case552,W_Completeren aanvraag,res_cd5fe8a1-7bca-4ddc-9e04-e32a42150d6e,Role 1,2012-02-24 19:15:50.470093757,633,2,res_cd5fe8a1-7bca-4ddc-9e04-e32a42150d6e,2012-02-24 19:13:22.815770757,0.02564102564102564
Case552,W_Nabellen offertes,res_e08dd225-6ddd-45bc-b1b2-7c6cf10375f6,Role 1,2012-03-04 03:34:39.643385657,637,1,res_e08dd225-6ddd-45bc-b1b2-7c6cf10375f6,2012-03-04 03:32:38.517742657,0.0
Case552,W_Nabellen offertes,res_3d71865b-e63e-44f8-a4fd-ece0ef216fef,Role 1,2012-03-07 06:54:08.255866757,637,2,res_3d71865b-e63e-44f8-a4fd-ece0ef216fef,2012-03-07 06:47:36.945214757,0.02564102564102564
Case552,W_Nabellen offertes,res_a117c367-ca0b-4fb8-9736-c1d7d3de62d1,Role 1,2012-03-08 18:34:49.326174257,631,1,res_a117c367-ca0b-4fb8-9736-c1d7d3de62d1,2012-03-08 18:33:03.177411257,0.0
Case553,W_Completeren aanvraag,res_d9486917-858c-4563-bf95-164b83d8a3d8,Role 1,2012-02-24 18:59:07.122576007,634,1,res_d9486917-858c-4563-bf95-164b83d8a3d8,2012-02-24 18:56:14.367839007,0.0
Case554,W_Completeren aanvraag,res_03b72214-605a-4b4f-97a5-ea18baa453ee,Role 1,2012-02-24 18:59:58.824205890,635,2,res_03b72214-605a-4b4f-97a5-ea18baa453ee,2012-02-24 18:57:15.822022890,0.02564102564102564
Case555,W_Afhandelen leads,res_fdf1178c-5a31-4f5e-8867-f12efd24326c,Role 1,2012-02-24 19:35:44.345039319,634,0,res_fdf1178c-5a31-4f5e-8867-f12efd24326c,2012-02-24 19:32:26.420633319,0.0
Case555,W_Completeren aanvraag,res_6d1d995e-4384-448a-9bf8-9fb7d8013316,Role 1,2012-02-24 20:59:51.945752919,635,1,res_6d1d995e-4384-448a-9bf8-9fb7d8013316,2012-02-24 20:57:16.057035919,0.0
Case555,W_Nabellen offertes,res_a6b7a9b9-8dde-47b4-ba71-c31305bfae5d,Role 1,2012-03-04 03:34:42.027866919,637,1,res_a6b7a9b9-8dde-47b4-ba71-c31305bfae5d,2012-03-04 03:32:45.744590919,0.0
Case555,W_Nabellen offertes,res_c66fd8c7-ae25-415c-80c1-ac9cc1be7147,Role 1,2012-03-07 11:59:25.592216119,635,2,res_c66fd8c7-ae25-415c-80c1-ac9cc1be7147,2012-03-07 11:56:05.095657119,0.02564102564102564
Case555,W_Nabellen offertes,res_fe8f604a-4f72-4c5b-9082-2dc751f7d4b9,Role 1,2012-03-08 23:46:11.623893119,625,1,res_fe8f604a-4f72-4c5b-9082-2dc751f7d4b9,2012-03-08 23:44:37.294995119,0.05128205128205128
Case555,W_Nabellen offertes,res_32a810af-a1e0-4835-afe4-a9e543c58a25,Role 1,2012-03-10 14:13:31.246807619,611,1,res_32a810af-a1e0-4835-afe4-a9e543c58a25,2012-03-10 13:59:56.951540619,0.0
Case556,W_Completeren aanvraag,res_7b5eefe7-a9c7-4c10-ace5-1fd3772097ff,Role 1,2012-02-24 19:59:53.201781888,635,1,res_7b5eefe7-a9c7-4c10-ace5-1fd3772097ff,2012-02-24 19:57:00.313600888,0.0
Case556,W_Completeren aanvraag,res_c77d0074-5613-45fd-a890-6d80edada349,Role 1,2012-02-24 21:26:12.929856988,636,1,res_c77d0074-5613-45fd-a890-6d80edada349,2012-02-24 21:23:33.560543988,0.0
Case556,W_Completeren aanvraag,res_4a606e00-143e-4039-9760-70b3cb78e66a,Role 1,2012-02-25 16:13:36.933856188,631,1,res_4a606e00-143e-4039-9760-70b3cb78e66a,2012-02-25 16:11:48.381711188,0.0
Case556,W_Nabellen offertes,res_fa4ebd56-fe09-4e12-ab6b-f564242582f3,Role 1,2012-02-27 05:24:46.153625388,621,1,res_fa4ebd56-fe09-4e12-ab6b-f564242582f3,2012-02-27 05:23:00.685441388,0.0
Case556,W_Nabellen offertes,res_c66fd8c7-ae25-415c-80c1-ac9cc1be7147,Role 1,2012-02-28 18:47:47.326696488,638,1,res_c66fd8c7-ae25-415c-80c1-ac9cc1be7147,2012-02-28 18:44:09.667757488,0.0
Case556,W_Nabellen offertes,res_32a810af-a1e0-4835-afe4-a9e543c58a25,Role 1,2012-03-01 06:15:47.166821988,639,1,res_32a810af-a1e0-4835-afe4-a9e543c58a25,2012-03-01 06:14:13.451510988,0.0
Case556,W_Nabellen offertes,res_ee19d540-6f30-4eb3-abd5-d42bf0a0cc9f,Role 1,2012-03-02 18:13:17.431040987,634,1,res_ee19d540-6f30-4eb3-abd5-d42bf0a0cc9f,2012-03-02 18:04:23.164966988,0.0
Case556,W_Nabellen offertes,res_13a07171-afed-4486-9431-2507f9aacd76,Role 1,2012-03-04 20:28:26.827491988,637,1,res_13a07171-afed-4486-9431-2507f9aacd76,2012-03-04 20:26:39.371381988,0.0
Case556,W_Nabellen offertes,res_8f2bf97e-8175-4ba4-882d-f6b7957c1a2c,Role 1,2012-03-06 18:25:45.672837988,639,2,res_8f2bf97e-8175-4ba4-882d-f6b7957c1a2c,2012-03-06 18:24:11.909866988,0.02564102564102564
Case556,W_Nabellen offertes,res_a6b7a9b9-8dde-47b4-ba71-c31305bfae5d,Role 1,2012-03-08 07:34:02.074109188,630,1,res_a6b7a9b9-8dde-47b4-ba71-c31305bfae5d,2012-03-08 07:24:33.990954188,0.0
Case557,W_Completeren aanvraag,res_f8a5c2f7-852b-4750-a5bc-71d8a9f25fcd,Role 1,2012-02-24 20:00:11.403093736,636,2,res_f8a5c2f7-852b-4750-a5bc-71d8a9f25fcd,2012-02-24 19:57:28.522078736,0.02564102564102564
Case557,W_Completeren aanvraag,res_c05ba8c3-4cba-4513-8bb9-b3faa8713cc7,Role 1,2012-02-24 21:26:41.112097436,636,2,res_c05ba8c3-4cba-4513-8bb9-b3faa8713cc7,2012-02-24 21:24:12.862579436,0.02564102564102564
Case557,W_Nabellen offertes,res_c475f0b2-f190-4931-b0ab-7a7e8189e241,Role 1,2012-03-03 23:43:18.735470436,638,1,res_c475f0b2-f190-4931-b0ab-7a7e8189e241,2012-03-03 23:40:51.366393436,0.0
Case557,W_Nabellen offertes,res_cd5fe8a1-7bca-4ddc-9e04-e32a42150d6e,Role 1,2012-03-07 05:42:50.330204036,640,1,res_cd5fe8a1-7bca-4ddc-9e04-e32a42150d6e,2012-03-07 05:39:31.914891036,0.0
Case558,W_Completeren aanvraag,res_a117c367-ca0b-4fb8-9736-c1d7d3de62d1,Role 1,2012-02-24 20:59:20.169903048,636,1,res_a117c367-ca0b-4fb8-9736-c1d7d3de62d1,2012-02-24 20:56:27.678603048,0.0
Case559,W_Afhandelen leads,res_f8a5c2f7-852b-4750-a5bc-71d8a9f25fcd,Role 1,2012-02-24 21:01:20.537834605,637,0,res_f8a5c2f7-852b-4750-a5bc-71d8a9f25fcd,2012-02-24 20:58:03.385938605,0.02564102564102564
Case559,W_Completeren aanvraag,res_3038739b-6c1c-42c1-b9ac-27ac6cc55a89,Role 1,2012-02-24 22:34:25.212608005,634,1,res_3038739b-6c1c-42c1-b9ac-27ac6cc55a89,2012-02-24 22:31:48.411554005,0.0
Case559,W_Nabellen offertes,res_e9f54089-f03e-4dc1-a453-57f4acf2c7fb,Role 1,2012-03-03 09:31:13.706750605,643,1,res_e9f54089-f03e-4dc1-a453-57f4acf2c7fb,2012-03-03 09:29:26.630189605,0.0
Case56,W_Completeren aanvraag,res_fa4ebd56-fe09-4e12-ab6b-f564242582f3,Role 1,2012-02-14 16:09:25.754017368,542,1,res_fa4ebd56-fe09-4e12-ab6b-f564242582f3,2012-02-14 16:06:57.818018368,0.0
Case560,W_Completeren aanvraag,res_c05ba8c3-4cba-4513-8bb9-b3faa8713cc7,Role 1,2012-02-24 21:57:09.356955378,637,1,res_c05ba8c3-4cba-4513-8bb9-b3faa8713cc7,2012-02-24 21:54:17.321378378,0.0
Case561,W_Afhandelen leads,res_0dd9fb20-75d3-4949-8e8b-38b1e2a52fbf,Role 1,2012-02-25 10:14:38.275464542,626,0,res_0dd9fb20-75d3-4949-8e8b-38b1e2a52fbf,2012-02-25 10:11:22.169970542,0.0
Case561,W_Completeren aanvraag,res_cd5fe8a1-7bca-4ddc-9e04-e32a42150d6e,Role 1,2012-02-25 11:51:54.386249842,632,1,res_cd5fe8a1-7bca-4ddc-9e04-e32a42150d6e,2012-02-25 11:49:39.853338842,0.02564102564102564
Case561,W_Completeren aanvraag,res_f8a5c2f7-852b-4750-a5bc-71d8a9f25fcd,Role 1,2012-02-25 17:05:10.840914542,631,1,res_f8a5c2f7-852b-4750-a5bc-71d8a9f25fcd,2012-02-25 17:03:24.283912542,0.0
Case561,W_Completeren aanvraag,res_094e34c1-5472-4e50-8ca3-650a6a34e4ec,Role 1,2012-02-26 02:32:46.813078342,626,1,res_094e34c1-5472-4e50-8ca3-650a6a34e4ec,2012-02-26 02:31:02.386650342,0.0
Case562,W_Afhandelen leads,res_4a606e00-143e-4039-9760-70b3cb78e66a,Role 1,2012-02-25 10:19:18.209399749,627,0,res_4a606e00-143e-4039-9760-70b3cb78e66a,2012-02-25 10:16:02.239857749,0.0
Case562,W_Completeren aanvraag,res_d9a4b451-1c76-46c3-87c6-97373bec81d0,Role 1,2012-02-25 11:55:16.087669849,632,1,res_d9a4b451-1c76-46c3-87c6-97373bec81d0,2012-02-25 11:53:00.624374849,0.0
Case562,W_Nabellen offertes,res_d9486917-858c-4563-bf95-164b83d8a3d8,Role 1,2012-03-02 10:04:24.120667349,635,1,res_d9486917-858c-4563-bf95-164b83d8a3d8,2012-03-02 10:02:39.684084349,0.0
Case562,W_Nabellen offertes,res_c66fd8c7-ae25-415c-80c1-ac9cc1be7147,Role 1,2012-03-05 00:52:40.219331249,635,1,res_c66fd8c7-ae25-415c-80c1-ac9cc1be7147,2012-03-05 00:42:33.577584249,0.0
Case563,W_Completeren aanvraag,res_e08dd225-6ddd-45bc-b1b2-7c6cf10375f6,Role 1,2012-02-25 10:26:11.170958309,628,1,res_e08dd225-6ddd-45bc-b1b2-7c6cf10375f6,2012-02-25 10:23:22.493601309,0.0
Case563,W_Completeren aanvraag,res_7b5eefe7-a9c7-4c10-ace5-1fd3772097ff,Role 1,2012-02-25 12:00:02.302094309,632,1,res_7b5eefe7-a9c7-4c10-ace5-1fd3772097ff,2012-02-25 11:57:57.653577309,0.0
Case564,W_Completeren aanvraag,res_b48df80a-ad89-4a8c-8f9d-edecf950fdb5,Role 1,2012-02-25 10:33:53.992237529,629,1,res_b48df80a-ad89-4a8c-8f9d-edecf950fdb5,2012-02-25 10:31:05.918594529,0.0
Case564,W_Nabellen offertes,res_ee19d540-6f30-4eb3-abd5-d42bf0a0cc9f,Role 1,2012-02-25 11:25:54.396646229,632,1,res_ee19d540-6f30-4eb3-abd5-d42bf0a0cc9f,2012-02-25 11:23:59.619133229,0.0
Case565,W_Completeren aanvraag,res_fa4ebd56-fe09-4e12-ab6b-f564242582f3,Role 1,2012-02-25 10:40:26.352963129,630,1,res_fa4ebd56-fe09-4e12-ab6b-f564242582f3,2012-02-25 10:37:38.822393129,0.0
Case565,W_Completeren aanvraag,res_7b5eefe7-a9c7-4c10-ace5-1fd3772097ff,Role 1,2012-02-25 12:10:29.686278729,631,1,res_7b5eefe7-a9c7-4c10-ace5-1fd3772097ff,2012-02-25 12:08:24.475533729,0.0
Case566,W_Completeren aanvraag,res_e08dd225-6ddd-45bc-b1b2-7c6cf10375f6,Role 1,2012-02-25 10:45:09.029828249,631,1,res_e08dd225-6ddd-45bc-b1b2-7c6cf10375f6,2012-02-25 10:42:21.914617249,0.0
Case567,W_Completeren aanvraag,res_094e34c1-5472-4e50-8ca3-650a6a34e4ec,Role 1,2012-02-25 10:51:47.430715673,631,1,res_094e34c1-5472-4e50-8ca3-650a6a34e4ec,2012-02-25 10:49:00.863089673,0.0
Case567,W_Nabellen offertes,res_3038739b-6c1c-42c1-b9ac-27ac6cc55a89,Role 1,2012-02-25 11:42:55.306239373,631,1,res_3038739b-6c1c-42c1-b9ac-27ac6cc55a89,2012-02-25 11:41:00.351265373,0.0
Case567,W_Nabellen offertes,res_3835d2af-f74a-47b9-b054-8234859b6abe,Role 1,2012-03-04 18:17:34.556007273,637,1,res_3835d2af-f74a-47b9-b054-8234859b6abe,2012-03-04 18:15:53.195063273,0.0
Case567,W_Nabellen offertes,res_fdf1178c-5a31-4f5e-8867-f12efd24326c,Role 1,2012-03-07 14:34:14.703612273,638,1,res_fdf1178c-5a31-4f5e-8867-f12efd24326c,2012-03-07 14:32:32.185690273,0.02564102564102564
Case568,W_Completeren aanvraag,res_554d030c-8ea0-477b-9a72-1469e52cca81,Role 1,2012-02-25 11:02:18.197547345,631,1,res_554d030c-8ea0-477b-9a72-1469e52cca81,2012-02-25 10:59:32.531504345,0.0
Case568,W_Completeren aanvraag,res_fe8f604a-4f72-4c5b-9082-2dc751f7d4b9,Role 1,2012-02-25 12:27:08.572092045,631,1,res_fe8f604a-4f72-4c5b-9082-2dc751f7d4b9,2012-02-25 12:25:02.345865045,0.0
Case568,W_Completeren aanvraag,res_094e34c1-5472-4e50-8ca3-650a6a34e4ec,Role 1,2012-02-25 18:34:39.838504744,630,1,res_094e34c1-5472-4e50-8ca3-650a6a34e4ec,2012-02-25 18:32:58.570598745,0.0
Case569,W_Completeren aanvraag,res_e9f54089-f03e-4dc1-a453-57f4acf2c7fb,Role 1,2012-02-25 11:06:57.816165553,632,1,res_e9f54089-f03e-4dc1-a453-57f4acf2c7fb,2012-02-25 11:04:12.601391553,0.0
Case569,W_Completeren aanvraag,res_a6b7a9b9-8dde-47b4-ba71-c31305bfae5d,Role 1,2012-02-25 12:30:50.079191253,631,1,res_a6b7a9b9-8dde-47b4-ba71-c31305bfae5d,2012-02-25 12:28:44.655825253,0.02564102564102564
Case569,W_Nabellen offertes,res_fa4ebd56-fe09-4e12-ab6b-f564242582f3,Role 1,2012-03-02 22:37:26.509736453,627,1,res_fa4ebd56-fe09-4e12-ab6b-f564242582f3,2012-03-02 22:31:04.559494453,0.0
Case57,W_Afhandelen leads,res_3038739b-6c1c-42c1-b9ac-27ac6cc55a89,Role 1,2012-02-14 16:15:26.200185348,542,0,res_3038739b-6c1c-42c1-b9ac-27ac6cc55a89,2012-02-14 16:12:20.200622348,0.02564102564102564
Case57,W_Completeren aanvraag,res_f8a5c2f7-852b-4750-a5bc-71d8a9f25fcd,Role 1,2012-02-14 17:09:22.692694648,540,1,res_f8a5c2f7-852b-4750-a5bc-71d8a9f25fcd,2012-02-14 17:06:49.376625648,0.0
Case57,W_Completeren aanvraag,res_63a2ec71-0edb-4961-a972-295906b733b9,Role 1,2012-02-14 18:26:00.731760848,545,2,res_63a2ec71-0edb-4961-a972-295906b733b9,2012-02-14 18:23:46.135306848,0.02564102564102564
Case570,W_Afhandelen leads,res_f8a5c2f7-852b-4750-a5bc-71d8a9f25fcd,Role 1,2012-02-25 11:25:31.095920071,632,0,res_f8a5c2f7-852b-4750-a5bc-71d8a9f25fcd,2012-02-25 11:22:17.620343071,0.0
Case570,W_Completeren aanvraag,res_d9a4b451-1c76-46c3-87c6-97373bec81d0,Role 1,2012-02-25 12:46:02.853022671,630,1,res_d9a4b451-1c76-46c3-87c6-97373bec81d0,2012-02-25 12:43:45.536666671,0.0
Case571,W_Afhandelen leads,res_b48df80a-ad89-4a8c-8f9d-edecf950fdb5,Role 1,2012-02-25 11:43:18.107199753,632,0,res_b48df80a-ad89-4a8c-8f9d-edecf950fdb5,2012-02-25 11:40:05.512718753,0.0
Case571,W_Completeren aanvraag,res_240d458f-f7c5-4593-8aba-741926c2775b,Role 1,2012-02-25 13:01:04.163127853,629,1,res_240d458f-f7c5-4593-8aba-741926c2775b,2012-02-25 12:58:46.211495853,0.0
Case571,W_Nabellen offertes,res_c77d0074-5613-45fd-a890-6d80edada349,Role 1,2012-03-03 06:01:39.090510153,640,1,res_c77d0074-5613-45fd-a890-6d80edada349,2012-03-03 05:59:50.887545153,0.0
Case572,W_Afhandelen leads,res_5423e6a8-eed7-4dc9-b44d-98691c53411e,Role 1,2012-02-25 12:07:14.568338375,631,0,res_5423e6a8-eed7-4dc9-b44d-98691c53411e,2012-02-25 12:04:03.137643375,0.0
Case572,W_Completeren aanvraag,res_f8a5c2f7-852b-4750-a5bc-71d8a9f25fcd,Role 1,2012-02-25 13:22:03.347575875,629,1,res_f8a5c2f7-852b-4750-a5bc-71d8a9f25fcd,2012-02-25 13:19:44.457700875,0.0
Case572,W_Nabellen offertes,res_5423e6a8-eed7-4dc9-b44d-98691c53411e,Role 1,2012-03-03 09:53:43.979085575,644,1,res_5423e6a8-eed7-4dc9-b44d-98691c53411e,2012-03-03 09:51:59.155875575,0.0
Case572,W_Nabellen offertes,res_4a606e00-143e-4039-9760-70b3cb78e66a,Role 1,2012-03-06 12:11:44.674467575,631,1,res_4a606e00-143e-4039-9760-70b3cb78e66a,2012-03-06 12:09:50.747809575,0.02564102564102564
Case573,W_Completeren aanvraag,res_3835d2af-f74a-47b9-b054-8234859b6abe,Role 1,2012-02-25 12:07:13.753907135,632,1,res_3835d2af-f74a-47b9-b054-8234859b6abe,2012-02-25 12:04:34.368458135,0.02564102564102564
Case574,W_Completeren aanvraag,res_3d71865b-e63e-44f8-a4fd-ece0ef216fef,Role 1,2012-02-25 13:06:44.918910121,630,1,res_3d71865b-e63e-44f8-a4fd-ece0ef216fef,2012-02-25 13:04:07.778134121,0.0
Case575,W_Completeren aanvraag,res_5423e6a8-eed7-4dc9-b44d-98691c53411e,Role 1,2012-02-25 13:07:11.806438068,631,2,res_5423e6a8-eed7-4dc9-b44d-98691c53411e,2012-02-25 13:04:44.046177068,0.02564102564102564
Case576,W_Afhandelen leads,res_32a810af-a1e0-4835-afe4-a9e543c58a25,Role 1,2012-02-25 14:07:58.297376814,630,0,res_32a810af-a1e0-4835-afe4-a9e543c58a25,2012-02-25 14:04:48.686667814,0.0
Case576,W_Completeren aanvraag,res_c77d0074-5613-45fd-a890-6d80edada349,Role 1,2012-02-25 15:15:19.527627214,631,1,res_c77d0074-5613-45fd-a890-6d80edada349,2012-02-25 15:12:55.030419214,0.0
Case576,W_Completeren aanvraag,res_7b5eefe7-a9c7-4c10-ace5-1fd3772097ff,Role 1,2012-02-25 22:40:34.338908214,627,1,res_7b5eefe7-a9c7-4c10-ace5-1fd3772097ff,2012-02-25 22:38:45.450564214,0.0
Case576,W_Nabellen offertes,res_cd5fe8a1-7bca-4ddc-9e04-e32a42150d6e,Role 1,2012-02-27 23:50:04.979799714,648,1,res_cd5fe8a1-7bca-4ddc-9e04-e32a42150d6e,2012-02-27 23:48:26.377872714,0.0
Case577,W_Completeren aanvraag,res_c05ba8c3-4cba-4513-8bb9-b3faa8713cc7,Role 1,2012-02-25 14:17:23.195613176,631,1,res_c05ba8c3-4cba-4513-8bb9-b3faa8713cc7,2012-02-25 14:14:45.094485176,0.0
Case577,W_Completeren aanvraag,res_c77d0074-5613-45fd-a890-6d80edada349,Role 1,2012-02-25 15:24:23.453199076,631,1,res_c77d0074-5613-45fd-a890-6d80edada349,2012-02-25 15:22:03.310840076,0.0
Case577,W_Nabellen offertes,res_c05ba8c3-4cba-4513-8bb9-b3faa8713cc7,Role 1,2012-03-03 18:07:24.825511376,638,1,res_c05ba8c3-4cba-4513-8bb9-b3faa8713cc7,2012-03-03 18:05:22.166807376,0.0
Case577,W_Nabellen offertes,res_dfa30272-4bc0-4c82-9bd0-6b4169bccece,Role 1,2012-03-06 16:37:31.515390776,639,1,res_dfa30272-4bc0-4c82-9bd0-6b4169bccece,2012-03-06 16:35:55.329287776,0.0
Case577,W_Nabellen offertes,res_094e34c1-5472-4e50-8ca3-650a6a34e4ec,Role 1,2012-03-08 05:24:07.886084976,631,1,res_094e34c1-5472-4e50-8ca3-650a6a34e4ec,2012-03-08 05:16:26.312551976,0.0
Case577,W_Nabellen offertes,res_90ea4c98-054c-4dd3-aadb-9d56713379c2,Role 1,2012-03-09 18:20:00.941419276,622,1,res_90ea4c98-054c-4dd3-aadb-9d56713379c2,2012-03-09 18:18:13.379550276,0.0
Case578,W_Completeren aanvraag,res_5423e6a8-eed7-4dc9-b44d-98691c53411e,Role 1,2012-02-25 15:58:01.534602505,632,1,res_5423e6a8-eed7-4dc9-b44d-98691c53411e,2012-02-25 15:55:16.671516505,0.0
Case578,W_Nabellen offertes,res_c561e158-62af-4d50-bb96-33472303cf4c,Role 1,2012-02-25 16:34:45.152285405,631,1,res_c561e158-62af-4d50-bb96-33472303cf4c,2012-02-25 16:32:39.071634405,0.0
Case578,W_Nabellen offertes,res_554d030c-8ea0-477b-9a72-1469e52cca81,Role 1,2012-03-05 04:51:52.431725805,630,1,res_554d030c-8ea0-477b-9a72-1469e52cca81,2012-03-05 04:48:42.946404805,0.0
Case579,W_Completeren aanvraag,res_03b72214-605a-4b4f-97a5-ea18baa453ee,Role 1,2012-02-26 10:16:39.066012765,620,1,res_03b72214-605a-4b4f-97a5-ea18baa453ee,2012-02-26 10:13:59.884247765,0.0
Case579,W_Nabellen offertes,res_fdf1178c-5a31-4f5e-8867-f12efd24326c,Role 1,2012-02-26 11:03:00.769838265,622,1,res_fdf1178c-5a31-4f5e-8867-f12efd24326c,2012-02-26 11:01:03.253522265,0.0
Case579,W_Nabellen offertes,res_094e34c1-5472-4e50-8ca3-650a6a34e4ec,Role 1,2012-03-05 06:43:50.360237665,626,1,res_094e34c1-5472-4e50-8ca3-650a6a34e4ec,2012-03-05 06:42:03.965488665,0.0
Case58,W_Completeren aanvraag,res_0dd9fb20-75d3-4949-8e8b-38b1e2a52fbf,Role 1,2012-02-14 16:44:39.393071896,541,2,res_0dd9fb20-75d3-4949-8e8b-38b1e2a52fbf,2012-02-14 16:42:16.476193896,0.02564102564102564
Case58,W_Completeren aanvraag,res_a117c367-ca0b-4fb8-9736-c1d7d3de62d1,Role 1,2012-02-14 17:38:17.759934496,542,1,res_a117c367-ca0b-4fb8-9736-c1d7d3de62d1,2012-02-14 17:35:51.173592496,0.0
Case58,W_Nabellen offertes,res_f8a5c2f7-852b-4750-a5bc-71d8a9f25fcd,Role 1,2012-02-15 14:19:43.675817196,553,1,res_f8a5c2f7-852b-4750-a5bc-71d8a9f25fcd,2012-02-15 14:17:26.335122196,0.02564102564102564
Case58,W_Nabellen offertes,res_ffdbf4b7-c588-487c-b4ec-ae52c332aeda,Role 1,2012-02-22 09:47:41.981505096,627,1,res_ffdbf4b7-c588-487c-b4ec-ae52c332aeda,2012-02-22 09:46:02.743752096,0.0
Case580,W_Afhandelen leads,res_a117c367-ca0b-4fb8-9736-c1d7d3de62d1,Role 1,2012-02-26 10:37:25.646721162,621,0,res_a117c367-ca0b-4fb8-9736-c1d7d3de62d1,2012-02-26 10:34:26.953034162,0.0
Case580,W_Completeren aanvraag,res_c05ba8c3-4cba-4513-8bb9-b3faa8713cc7,Role 1,2012-02-26 12:42:12.756471062,623,1,res_c05ba8c3-4cba-4513-8bb9-b3faa8713cc7,2012-02-26 12:39:55.911543062,0.0
Case580,W_Nabellen offertes,res_3d71865b-e63e-44f8-a4fd-ece0ef216fef,Role 1,2012-03-01 16:18:59.813825862,633,1,res_3d71865b-e63e-44f8-a4fd-ece0ef216fef,2012-03-01 16:14:08.907320862,0.0
Case581,W_Afhandelen leads,res_4a606e00-143e-4039-9760-70b3cb78e66a,Role 1,2012-02-26 10:56:39.825306026,622,0,res_4a606e00-143e-4039-9760-70b3cb78e66a,2012-02-26 10:53:40.478289026,0.0
Case581,W_Completeren aanvraag,res_c77d0074-5613-45fd-a890-6d80edada349,Role 1,2012-02-26 12:55:57.207493326,623,1,res_c77d0074-5613-45fd-a890-6d80edada349,2012-02-26 12:53:40.005652326,0.0
Case581,W_Nabellen offertes,res_4d8dd482-f3ce-4175-9cd8-f5584cb38f63,Role 1,2012-03-01 22:40:23.425778926,634,1,res_4d8dd482-f3ce-4175-9cd8-f5584cb38f63,2012-03-01 22:38:13.760280926,0.0
Case581,W_Nabellen offertes,res_3835d2af-f74a-47b9-b054-8234859b6abe,Role 1,2012-03-05 01:34:11.228430926,632,1,res_3835d2af-f74a-47b9-b054-8234859b6abe,2012-03-05 01:29:10.250237926,0.0
Case582,W_Completeren aanvraag,res_90ea4c98-054c-4dd3-aadb-9d56713379c2,Role 1,2012-02-26 11:17:02.514208897,623,1,res_90ea4c98-054c-4dd3-aadb-9d56713379c2,2012-02-26 11:14:25.681096897,0.0
Case582,W_Completeren aanvraag,res_3d71865b-e63e-44f8-a4fd-ece0ef216fef,Role 1,2012-02-26 13:09:21.454564997,623,1,res_3d71865b-e63e-44f8-a4fd-ece0ef216fef,2012-02-26 13:07:07.910699997,0.0
Case582,W_Completeren aanvraag,res_5423e6a8-eed7-4dc9-b44d-98691c53411e,Role 1,2012-02-26 17:23:00.458937197,623,1,res_5423e6a8-eed7-4dc9-b44d-98691c53411e,2012-02-26 17:21:08.375055197,0.0
Case582,W_Nabellen offertes,res_0dd9fb20-75d3-4949-8e8b-38b1e2a52fbf,Role 1,2012-02-28 14:31:50.122514197,639,1,res_0dd9fb20-75d3-4949-8e8b-38b1e2a52fbf,2012-02-28 14:27:39.879515197,0.0
Case582,W_Nabellen offertes,res_d9a4b451-1c76-46c3-87c6-97373bec81d0,Role 1,2012-03-01 16:05:28.814967096,633,1,res_d9a4b451-1c76-46c3-87c6-97373bec81d0,2012-03-01 16:01:57.551528097,0.0
Case582,W_Nabellen offertes,res_b48df80a-ad89-4a8c-8f9d-edecf950fdb5,Role 1,2012-03-03 09:03:05.822632797,644,1,res_b48df80a-ad89-4a8c-8f9d-edecf950fdb5,2012-03-03 09:01:27.001851797,0.0
Case582,W_Nabellen offertes,res_094e34c1-5472-4e50-8ca3-650a6a34e4ec,Role 1,2012-03-05 17:58:23.846946697,623,1,res_094e34c1-5472-4e50-8ca3-650a6a34e4ec,2012-03-05 17:56:48.660774697,0.0
Case582,W_Nabellen offertes,res_5423e6a8-eed7-4dc9-b44d-98691c53411e,Role 1,2012-03-08 04:22:02.914800497,629,1,res_5423e6a8-eed7-4dc9-b44d-98691c53411e,2012-03-08 04:13:53.142599497,0.0
Case582,W_Nabellen offertes,res_13a07171-afed-4486-9431-2507f9aacd76,Role 1,2012-03-09 18:06:26.266584497,621,1,res_13a07171-afed-4486-9431-2507f9aacd76,2012-03-09 18:04:41.247862497,0.0
Case583,W_Completeren aanvraag,res_cd5fe8a1-7bca-4ddc-9e04-e32a42150d6e,Role 1,2012-02-27 09:26:10.256948416,622,1,res_cd5fe8a1-7bca-4ddc-9e04-e32a42150d6e,2012-02-27 09:23:32.055419416,0.0
Case584,W_Completeren aanvraag,res_240d458f-f7c5-4593-8aba-741926c2775b,Role 1,2012-02-27 09:27:24.225542224,623,2,res_240d458f-f7c5-4593-8aba-741926c2775b,2012-02-27 09:24:47.613842224,0.02564102564102564
Case585,W_Completeren aanvraag,res_90ea4c98-054c-4dd3-aadb-9d56713379c2,Role 1,2012-02-27 10:25:42.371377402,622,1,res_90ea4c98-054c-4dd3-aadb-9d56713379c2,2012-02-27 10:23:05.465095402,0.0
Case586,W_Afhandelen leads,res_3835d2af-f74a-47b9-b054-8234859b6abe,Role 1,2012-02-27 10:28:38.030837754,622,0,res_3835d2af-f74a-47b9-b054-8234859b6abe,2012-02-27 10:25:45.648951754,0.0
Case586,W_Completeren aanvraag,res_7b5eefe7-a9c7-4c10-ace5-1fd3772097ff,Role 1,2012-02-27 12:50:46.368685554,640,1,res_7b5eefe7-a9c7-4c10-ace5-1fd3772097ff,2012-02-27 12:48:27.650403554,0.0
Case586,W_Nabellen offertes,res_4d8dd482-f3ce-4175-9cd8-f5584cb38f63,Role 1,2012-02-29 02:01:09.604230654,641,1,res_4d8dd482-f3ce-4175-9cd8-f5584cb38f63,2012-02-29 01:59:21.015565654,0.0
Case587,W_Afhandelen leads,res_c66fd8c7-ae25-415c-80c1-ac9cc1be7147,Role 1,2012-02-27 10:35:22.197939365,623,0,res_c66fd8c7-ae25-415c-80c1-ac9cc1be7147,2012-02-27 10:32:29.634652365,0.0
Case587,W_Completeren aanvraag,res_e08dd225-6ddd-45bc-b1b2-7c6cf10375f6,Role 1,2012-02-27 12:55:27.251384765,641,2,res_e08dd225-6ddd-45bc-b1b2-7c6cf10375f6,2012-02-27 12:53:09.739335765,0.02564102564102564
Case587,W_Completeren aanvraag,res_b48df80a-ad89-4a8c-8f9d-edecf950fdb5,Role 1,2012-02-27 16:04:17.763458965,647,1,res_b48df80a-ad89-4a8c-8f9d-edecf950fdb5,2012-02-27 16:02:06.678636965,0.0
Case588,W_Completeren aanvraag,res_c66fd8c7-ae25-415c-80c1-ac9cc1be7147,Role 1,2012-02-27 10:39:12.805458537,624,1,res_c66fd8c7-ae25-415c-80c1-ac9cc1be7147,2012-02-27 10:36:36.458833537,0.0
Case588,W_Nabellen offertes,res_e9f54089-f03e-4dc1-a453-57f4acf2c7fb,Role 1,2012-02-27 11:27:27.860284037,631,1,res_e9f54089-f03e-4dc1-a453-57f4acf2c7fb,2012-02-27 11:25:17.857149037,0.02564102564102564
Case588,W_Nabellen offertes,res_c475f0b2-f190-4931-b0ab-7a7e8189e241,Role 1,2012-03-05 19:57:30.643676037,622,1,res_c475f0b2-f190-4931-b0ab-7a7e8189e241,2012-03-05 19:54:20.131483037,0.0
Case589,W_Completeren aanvraag,res_b48df80a-ad89-4a8c-8f9d-edecf950fdb5,Role 1,2012-02-27 10:44:26.877501417,625,1,res_b48df80a-ad89-4a8c-8f9d-edecf950fdb5,2012-02-27 10:41:50.781872417,0.0
Case59,W_Afhandelen leads,res_03b72214-605a-4b4f-97a5-ea18baa453ee,Role 1,2012-02-14 17:09:39.573820716,541,0,res_03b72214-605a-4b4f-97a5-ea18baa453ee,2012-02-14 17:06:30.220248716,0.0
Case59,W_Completeren aanvraag,res_fdf1178c-5a31-4f5e-8867-f12efd24326c,Role 1,2012-02-14 18:03:28.984337016,543,1,res_fdf1178c-5a31-4f5e-8867-f12efd24326c,2012-02-14 18:00:55.094503016,0.0
Case59,W_Completeren aanvraag,res_a117c367-ca0b-4fb8-9736-c1d7d3de62d1,Role 1,2012-02-14 19:23:27.938733716,543,2,res_a117c367-ca0b-4fb8-9736-c1d7d3de62d1,2012-02-14 19:21:13.736051716,0.02564102564102564
Case590,W_Afhandelen leads,res_b48df80a-ad89-4a8c-8f9d-edecf950fdb5,Role 1,2012-02-27 10:50:05.090655759,625,0,res_b48df80a-ad89-4a8c-8f9d-edecf950fdb5,2012-02-27 10:47:12.157030759,0.0
Case590,W_Completeren aanvraag,res_fa4ebd56-fe09-4e12-ab6b-f564242582f3,Role 1,2012-02-27 13:05:41.740527859,639,1,res_fa4ebd56-fe09-4e12-ab6b-f564242582f3,2012-02-27 13:03:22.579903859,0.0
Case590,W_Completeren aanvraag,res_d9486917-858c-4563-bf95-164b83d8a3d8,Role 1,2012-02-27 16:13:19.727696559,647,2,res_d9486917-858c-4563-bf95-164b83d8a3d8,2012-02-27 16:11:09.032854559,0.02564102564102564
Case591,W_Completeren aanvraag,res_ee19d540-6f30-4eb3-abd5-d42bf0a0cc9f,Role 1,2012-02-27 10:54:22.771685779,626,1,res_ee19d540-6f30-4eb3-abd5-d42bf0a0cc9f,2012-02-27 10:51:47.189689779,0.0
Case591,W_Completeren aanvraag,res_fdf1178c-5a31-4f5e-8867-f12efd24326c,Role 1,2012-02-27 13:08:36.258412678,640,1,res_fdf1178c-5a31-4f5e-8867-f12efd24326c,2012-02-27 13:06:21.744306679,0.02564102564102564
Case591,W_Nabellen offertes,res_b48df80a-ad89-4a8c-8f9d-edecf950fdb5,Role 1,2012-02-29 08:54:59.850590579,631,2,res_b48df80a-ad89-4a8c-8f9d-edecf950fdb5,2012-02-29 08:51:45.316468579,0.02564102564102564
Case591,W_Nabellen offertes,res_e08dd225-6ddd-45bc-b1b2-7c6cf10375f6,Role 1,2012-03-04 23:42:52.787356079,631,1,res_e08dd225-6ddd-45bc-b1b2-7c6cf10375f6,2012-03-04 23:40:47.826299079,0.0
Case592,W_Afhandelen leads,res_4d8dd482-f3ce-4175-9cd8-f5584cb38f63,Role 1,2012-02-27 11:00:01.687675121,627,0,res_4d8dd482-f3ce-4175-9cd8-f5584cb38f63,2012-02-27 10:57:08.564848121,0.0
Case592,W_Completeren aanvraag,res_e9f54089-f03e-4dc1-a453-57f4acf2c7fb,Role 1,2012-02-27 13:12:36.301670221,639,1,res_e9f54089-f03e-4dc1-a453-57f4acf2c7fb,2012-02-27 13:10:16.915635221,0.0
Case593,W_Completeren aanvraag,res_4d8dd482-f3ce-4175-9cd8-f5584cb38f63,Role 1,2012-02-27 11:05:13.940037201,628,1,res_4d8dd482-f3ce-4175-9cd8-f5584cb38f63,2012-02-27 11:02:39.007017201,0.0
Case593,W_Nabellen offertes,res_fe8f604a-4f72-4c5b-9082-2dc751f7d4b9,Role 1,2012-02-27 11:51:54.334130101,636,1,res_fe8f604a-4f72-4c5b-9082-2dc751f7d4b9,2012-02-27 11:49:43.168917101,0.02564102564102564
Case594,W_Afhandelen leads,res_ffdbf4b7-c588-487c-b4ec-ae52c332aeda,Role 1,2012-02-27 11:12:27.407468824,629,0,res_ffdbf4b7-c588-487c-b4ec-ae52c332aeda,2012-02-27 11:09:34.074619824,0.0
Case594,W_Completeren aanvraag,res_fa4ebd56-fe09-4e12-ab6b-f564242582f3,Role 1,2012-02-27 13:21:13.479163624,639,1,res_fa4ebd56-fe09-4e12-ab6b-f564242582f3,2012-02-27 13:18:53.786068624,0.0
Case595,W_Afhandelen leads,res_03b72214-605a-4b4f-97a5-ea18baa453ee,Role 1,2012-02-27 11:17:09.545540306,630,0,res_03b72214-605a-4b4f-97a5-ea18baa453ee,2012-02-27 11:14:16.159398306,0.0
Case595,W_Completeren aanvraag,res_cd5fe8a1-7bca-4ddc-9e04-e32a42150d6e,Role 1,2012-02-27 13:24:28.084405306,639,1,res_cd5fe8a1-7bca-4ddc-9e04-e32a42150d6e,2012-02-27 13:22:08.750374306,0.02564102564102564
Case595,W_Completeren aanvraag,res_fe8f604a-4f72-4c5b-9082-2dc751f7d4b9,Role 1,2012-02-27 16:35:34.564563906,647,2,res_fe8f604a-4f72-4c5b-9082-2dc751f7d4b9,2012-02-27 16:33:24.631435906,0.02564102564102564
Case595,W_Completeren aanvraag,res_ffdbf4b7-c588-487c-b4ec-ae52c332aeda,Role 1,2012-02-27 18:01:55.894110906,647,1,res_ffdbf4b7-c588-487c-b4ec-ae52c332aeda,2012-02-27 18:00:07.601961906,0.0
Case596,W_Completeren aanvraag,res_0dcb8a75-60b3-457b-aac5-fe91506450da,Role 1,2012-02-27 11:22:25.392792572,631,1,res_0dcb8a75-60b3-457b-aac5-fe91506450da,2012-02-27 11:19:51.638795572,0.0
Case596,W_Completeren aanvraag,res_6d1d995e-4384-448a-9bf8-9fb7d8013316,Role 1,2012-02-27 13:26:48.798415072,639,1,res_6d1d995e-4384-448a-9bf8-9fb7d8013316,2012-02-27 13:24:33.550789072,0.02564102564102564
Case597,W_Completeren aanvraag,res_3d71865b-e63e-44f8-a4fd-ece0ef216fef,Role 1,2012-02-27 11:27:18.190508066,632,1,res_3d71865b-e63e-44f8-a4fd-ece0ef216fef,2012-02-27 11:24:44.805476066,0.0
Case597,W_Nabellen offertes,res_a6b7a9b9-8dde-47b4-ba71-c31305bfae5d,Role 1,2012-02-27 12:12:52.816984166,636,2,res_a6b7a9b9-8dde-47b4-ba71-c31305bfae5d,2012-02-27 12:10:42.835024166,0.02564102564102564
Case598,W_Afhandelen leads,res_c475f0b2-f190-4931-b0ab-7a7e8189e241,Role 1,2012-02-27 11:28:08.126084827,633,0,res_c475f0b2-f190-4931-b0ab-7a7e8189e241,2012-02-27 11:25:16.036290827,0.02564102564102564
Case598,W_Completeren aanvraag,res_094e34c1-5472-4e50-8ca3-650a6a34e4ec,Role 1,2012-02-27 13:31:57.062786527,639,2,res_094e34c1-5472-4e50-8ca3-650a6a34e4ec,2012-02-27 13:29:38.817390527,0.02564102564102564
Case598,W_Completeren aanvraag,res_c66fd8c7-ae25-415c-80c1-ac9cc1be7147,Role 1,2012-02-27 16:48:56.551380627,646,3,res_c66fd8c7-ae25-415c-80c1-ac9cc1be7147,2012-02-27 16:46:49.010505627,0.05128205128205128
Case598,W_Completeren aanvraag,res_5423e6a8-eed7-4dc9-b44d-98691c53411e,Role 1,2012-02-27 18:18:14.348030427,648,1,res_5423e6a8-eed7-4dc9-b44d-98691c53411e,2012-02-27 18:16:29.816131427,0.05128205128205128
Case598,W_Nabellen offertes,res_8f2bf97e-8175-4ba4-882d-f6b7957c1a2c,Role 1,2012-02-28 01:37:20.524564327,645,1,res_8f2bf97e-8175-4ba4-882d-f6b7957c1a2c,2012-02-28 01:35:45.687341327,0.0
Case598,W_Nabellen offertes,res_fa4ebd56-fe09-4e12-ab6b-f564242582f3,Role 1,2012-03-02 04:04:09.338562127,638,1,res_fa4ebd56-fe09-4e12-ab6b-f564242582f3,2012-03-02 04:02:37.088741127,0.0
Case599,W_Afhandelen leads,res_e9f54089-f03e-4dc1-a453-57f4acf2c7fb,Role 1,2012-02-27 11:33:38.947568268,634,0,res_e9f54089-f03e-4dc1-a453-57f4acf2c7fb,2012-02-27 11:30:45.471014268,0.0
Case599,W_Completeren aanvraag,res_240d458f-f7c5-4593-8aba-741926c2775b,Role 1,2012-02-27 13:35:40.042919168,639,1,res_240d458f-f7c5-4593-8aba-741926c2775b,2012-02-27 13:33:19.794856168,0.0
Case599,W_Nabellen offertes,res_ee19d540-6f30-4eb3-abd5-d42bf0a0cc9f,Role 1,2012-02-29 17:24:41.208406168,632,1,res_ee19d540-6f30-4eb3-abd5-d42bf0a0cc9f,2012-02-29 17:22:22.043638168,0.0
Case599,W_Nabellen offertes,res_3d71865b-e63e-44f8-a4fd-ece0ef216fef,Role 1,2012-03-04 18:35:10.748279768,636,1,res_3d71865b-e63e-44f8-a4fd-ece0ef216fef,2012-03-04 18:30:21.937543768,0.0
Case6,W_Afhandelen leads,res_8f2bf97e-8175-4ba4-882d-f6b7957c1a2c,Role 1,2012-02-13 19:45:54.528211549,524,0,res_8f2bf97e-8175-4ba4-882d-f6b7957c1a2c,2012-02-13 19:42:45.964038549,0.0
Case6,W_Completeren aanvraag,res_6d1d995e-4384-448a-9bf8-9fb7d8013316,Role 1,2012-02-13 20:43:43.663297449,523,1,res_6d1d995e-4384-448a-9bf8-9fb7d8013316,2012-02-13 20:41:13.631789449,0.0
Case6,W_Completeren aanvraag,res_554d030c-8ea0-477b-9a72-1469e52cca81,Role 1,2012-02-13 23:38:28.735178749,522,1,res_554d030c-8ea0-477b-9a72-1469e52cca81,2012-02-13 23:36:16.093509749,0.0
Case6,W_Completeren aanvraag,res_3d71865b-e63e-44f8-a4fd-ece0ef216fef,Role 1,2012-02-14 07:43:56.807942849,522,1,res_3d71865b-e63e-44f8-a4fd-ece0ef216fef,2012-02-14 07:41:30.879469849,0.0
Case6,W_Completeren aanvraag,res_e9f54089-f03e-4dc1-a453-57f4acf2c7fb,Role 1,2012-02-14 10:31:17.851422949,534,1,res_e9f54089-f03e-4dc1-a453-57f4acf2c7fb,2012-02-14 10:29:15.645916949,0.0
Case60,W_Completeren aanvraag,res_03b72214-605a-4b4f-97a5-ea18baa453ee,Role 1,2012-02-14 17:13:36.306154010,542,1,res_03b72214-605a-4b4f-97a5-ea18baa453ee,2012-02-14 17:11:07.267799010,0.0
Case60,W_Completeren aanvraag,res_dfa30272-4bc0-4c82-9bd0-6b4169bccece,Role 1,2012-02-14 18:07:22.640044010,543,1,res_dfa30272-4bc0-4c82-9bd0-6b4169bccece,2012-02-14 18:04:54.038471010,0.0
Case60,W_Completeren aanvraag,res_cd5fe8a1-7bca-4ddc-9e04-e32a42150d6e,Role 1,2012-02-14 19:27:53.334837110,542,1,res_cd5fe8a1-7bca-4ddc-9e04-e32a42150d6e,2012-02-14 19:25:38.366157110,0.0
Case60,W_Completeren aanvraag,res_cd5fe8a1-7bca-4ddc-9e04-e32a42150d6e,Role 1,2012-02-14 20:13:47.408432110,542,1,res_cd5fe8a1-7bca-4ddc-9e04-e32a42150d6e,2012-02-14 20:11:50.685883110,0.0
Case60,W_Completeren aanvraag,res_cd5fe8a1-7bca-4ddc-9e04-e32a42150d6e,Role 1,2012-02-14 20:49:55.541254410,542,1,res_cd5fe8a1-7bca-4ddc-9e04-e32a42150d6e,2012-02-14 20:48:14.648005410,0.0
Case60,W_Nabellen offertes,res_3d71865b-e63e-44f8-a4fd-ece0ef216fef,Role 1,2012-02-15 02:23:56.675042910,542,1,res_3d71865b-e63e-44f8-a4fd-ece0ef216fef,2012-02-15 02:22:12.008447910,0.0
Case600,W_Completeren aanvraag,res_f8a5c2f7-852b-4750-a5bc-71d8a9f25fcd,Role 1,2012-02-27 11:42:41.788017232,635,1,res_f8a5c2f7-852b-4750-a5bc-71d8a9f25fcd,2012-02-27 11:40:09.640571232,0.0
Case600,W_Nabellen offertes,res_e9f54089-f03e-4dc1-a453-57f4acf2c7fb,Role 1,2012-02-27 12:27:44.926567332,637,1,res_e9f54089-f03e-4dc1-a453-57f4acf2c7fb,2012-02-27 12:25:31.858598332,0.0
Case600,W_Nabellen offertes,res_0dd9fb20-75d3-4949-8e8b-38b1e2a52fbf,Role 1,2012-03-06 02:15:14.993732532,619,1,res_0dd9fb20-75d3-4949-8e8b-38b1e2a52fbf,2012-03-06 02:11:46.987151532,0.0
Case600,W_Nabellen offertes,res_240d458f-f7c5-4593-8aba-741926c2775b,Role 1,2012-03-07 19:43:34.511401032,634,1,res_240d458f-f7c5-4593-8aba-741926c2775b,2012-03-07 19:42:01.154193032,0.0
Case600,W_Nabellen offertes,res_32a810af-a1e0-4835-afe4-a9e543c58a25,Role 1,2012-03-09 12:40:00.278831432,618,1,res_32a810af-a1e0-4835-afe4-a9e543c58a25,2012-03-09 12:37:14.057703432,0.0
Case601,W_Completeren aanvraag,res_e9f54089-f03e-4dc1-a453-57f4acf2c7fb,Role 1,2012-02-27 11:47:20.457206802,636,1,res_e9f54089-f03e-4dc1-a453-57f4acf2c7fb,2012-02-27 11:44:48.703012802,0.0
Case602,W_Completeren aanvraag,res_fdf1178c-5a31-4f5e-8867-f12efd24326c,Role 1,2012-02-27 11:55:24.394639409,635,1,res_fdf1178c-5a31-4f5e-8867-f12efd24326c,2012-02-27 11:52:53.284364409,0.0
Case602,W_Completeren aanvraag,res_554d030c-8ea0-477b-9a72-1469e52cca81,Role 1,2012-02-27 13:48:58.572193609,643,2,res_554d030c-8ea0-477b-9a72-1469e52cca81,2012-02-27 13:46:43.320279609,0.02564102564102564
Case602,W_Completeren aanvraag,res_7b5eefe7-a9c7-4c10-ace5-1fd3772097ff,Role 1,2012-02-27 17:05:27.683260009,646,3,res_7b5eefe7-a9c7-4c10-ace5-1fd3772097ff,2012-02-27 17:03:24.855387009,0.05128205128205128
Case603,W_Afhandelen leads,res_03b72214-605a-4b4f-97a5-ea18baa453ee,Role 1,2012-02-27 12:02:11.750057910,636,0,res_03b72214-605a-4b4f-97a5-ea18baa453ee,2012-02-27 11:59:18.128597910,0.0
Case603,W_Completeren aanvraag,res_5423e6a8-eed7-4dc9-b44d-98691c53411e,Role 1,2012-02-27 13:52:47.836967310,643,1,res_5423e6a8-eed7-4dc9-b44d-98691c53411e,2012-02-27 13:50:27.277056310,0.02564102564102564
Case603,W_Completeren aanvraag,res_c475f0b2-f190-4931-b0ab-7a7e8189e241,Role 1,2012-02-27 17:08:46.766573910,645,1,res_c475f0b2-f190-4931-b0ab-7a7e8189e241,2012-02-27 17:06:37.004402910,0.05128205128205128
Case603,W_Nabellen offertes,res_c66fd8c7-ae25-415c-80c1-ac9cc1be7147,Role 1,2012-02-28 19:28:54.279485710,641,1,res_c66fd8c7-ae25-415c-80c1-ac9cc1be7147,2012-02-28 19:27:10.460887710,0.0
Case604,W_Completeren aanvraag,res_3d71865b-e63e-44f8-a4fd-ece0ef216fef,Role 1,2012-02-27 12:09:31.074712129,637,1,res_3d71865b-e63e-44f8-a4fd-ece0ef216fef,2012-02-27 12:07:01.553591130,0.05128205128205128
Case604,W_Nabellen offertes,res_3d71865b-e63e-44f8-a4fd-ece0ef216fef,Role 1,2012-02-27 12:53:27.516164430,640,1,res_3d71865b-e63e-44f8-a4fd-ece0ef216fef,2012-02-27 12:51:14.621266430,0.0
Case605,W_Completeren aanvraag,res_5423e6a8-eed7-4dc9-b44d-98691c53411e,Role 1,2012-02-27 12:17:38.368440649,637,1,res_5423e6a8-eed7-4dc9-b44d-98691c53411e,2012-02-27 12:15:09.157279649,0.0
Case605,W_Nabellen offertes,res_03b72214-605a-4b4f-97a5-ea18baa453ee,Role 1,2012-02-27 13:01:13.892080349,640,1,res_03b72214-605a-4b4f-97a5-ea18baa453ee,2012-02-27 12:58:59.034482349,0.02564102564102564
Case606,W_Completeren aanvraag,res_fa4ebd56-fe09-4e12-ab6b-f564242582f3,Role 1,2012-02-27 12:27:19.855273087,638,1,res_fa4ebd56-fe09-4e12-ab6b-f564242582f3,2012-02-27 12:24:51.460858087,0.0
Case606,W_Nabellen offertes,res_b48df80a-ad89-4a8c-8f9d-edecf950fdb5,Role 1,2012-02-27 13:10:16.932312287,639,1,res_b48df80a-ad89-4a8c-8f9d-edecf950fdb5,2012-02-27 13:08:01.649014287,0.0
Case606,W_Nabellen offertes,res_c561e158-62af-4d50-bb96-33472303cf4c,Role 1,2012-03-06 07:59:40.590285487,634,1,res_c561e158-62af-4d50-bb96-33472303cf4c,2012-03-06 07:57:50.309602487,0.0
Case606,W_Nabellen offertes,res_32a810af-a1e0-4835-afe4-a9e543c58a25,Role 1,2012-03-07 23:43:00.414674887,632,1,res_32a810af-a1e0-4835-afe4-a9e543c58a25,2012-03-07 23:39:04.136082887,0.0
Case607,W_Afhandelen leads,res_4a606e00-143e-4039-9760-70b3cb78e66a,Role 1,2012-02-27 12:28:33.724219959,639,0,res_4a606e00-143e-4039-9760-70b3cb78e66a,2012-02-27 12:25:41.833139959,0.02564102564102564
Case607,W_Completeren aanvraag,res_cd5fe8a1-7bca-4ddc-9e04-e32a42150d6e,Role 1,2012-02-27 14:05:19.118683558,644,1,res_cd5fe8a1-7bca-4ddc-9e04-e32a42150d6e,2012-02-27 14:02:57.613314559,0.0
Case607,W_Nabellen offertes,res_fa4ebd56-fe09-4e12-ab6b-f564242582f3,Role 1,2012-02-29 17:44:55.055672459,634,1,res_fa4ebd56-fe09-4e12-ab6b-f564242582f3,2012-02-29 17:42:39.686892459,0.0
Case607,W_Nabellen offertes,res_c77d0074-5613-45fd-a890-6d80edada349,Role 1,2012-03-05 03:18:45.119091559,629,1,res_c77d0074-5613-45fd-a890-6d80edada349,2012-03-05 03:16:57.699279559,0.0
Case607,W_Nabellen offertes,res_0dd9fb20-75d3-4949-8e8b-38b1e2a52fbf,Role 1,2012-03-07 07:17:28.031194059,633,1,res_0dd9fb20-75d3-4949-8e8b-38b1e2a52fbf,2012-03-07 07:15:13.786149059,0.0
Case607,W_Nabellen offertes,res_a117c367-ca0b-4fb8-9736-c1d7d3de62d1,Role 1,2012-03-08 19:57:52.904372759,625,1,res_a117c367-ca0b-4fb8-9736-c1d7d3de62d1,2012-03-08 19:56:22.450884759,0.0
Case607,W_Nabellen offertes,res_3038739b-6c1c-42c1-b9ac-27ac6cc55a89,Role 1,2012-03-10 14:20:01.309991559,607,1,res_3038739b-6c1c-42c1-b9ac-27ac6cc55a89,2012-03-10 14:16:24.805540559,0.0
Case607,W_Nabellen offertes,res_e08dd225-6ddd-45bc-b1b2-7c6cf10375f6,Role 1,2012-03-12 07:53:47.844458159,603,1,res_e08dd225-6ddd-45bc-b1b2-7c6cf10375f6,2012-03-12 07:52:00.990968159,0.0
Case608,W_Completeren aanvraag,res_5423e6a8-eed7-4dc9-b44d-98691c53411e,Role 1,2012-02-27 12:34:52.559739933,640,1,res_5423e6a8-eed7-4dc9-b44d-98691c53411e,2012-02-27 12:32:24.811394933,0.0
Case608,W_Nabellen offertes,res_4d8dd482-f3ce-4175-9cd8-f5584cb38f63,Role 1,2012-02-27 13:17:31.458206833,639,1,res_4d8dd482-f3ce-4175-9cd8-f5584cb38f63,2012-02-27 13:15:15.401676833,0.05128205128205128
Case608,W_Nabellen offertes,res_6d1d995e-4384-448a-9bf8-9fb7d8013316,Role 1,2012-03-06 09:49:52.898553533,637,1,res_6d1d995e-4384-448a-9bf8-9fb7d8013316,2012-03-06 09:48:08.314155533,0.02564102564102564
Case608,W_Nabellen offertes,res_0dd9fb20-75d3-4949-8e8b-38b1e2a52fbf,Role 1,2012-03-08 02:21:20.770017733,629,1,res_0dd9fb20-75d3-4949-8e8b-38b1e2a52fbf,2012-03-08 02:11:55.188173733,0.0
Case609,W_Completeren aanvraag,res_094e34c1-5472-4e50-8ca3-650a6a34e4ec,Role 1,2012-02-27 12:41:11.855166247,641,1,res_094e34c1-5472-4e50-8ca3-650a6a34e4ec,2012-02-27 12:38:44.618400247,0.0
Case61,W_Afhandelen leads,res_a6b7a9b9-8dde-47b4-ba71-c31305bfae5d,Role 1,2012-02-14 17:48:29.401529468,543,0,res_a6b7a9b9-8dde-47b4-ba71-c31305bfae5d,2012-02-14 17:45:19.434562468,0.0
Case61,W_Completeren aanvraag,res_ffdbf4b7-c588-487c-b4ec-ae52c332aeda,Role 1,2012-02-14 18:42:55.485189068,543,1,res_ffdbf4b7-c588-487c-b4ec-ae52c332aeda,2012-02-14 18:40:21.697613068,0.0
Case610,W_Completeren aanvraag,res_d9486917-858c-4563-bf95-164b83d8a3d8,Role 1,2012-02-27 12:47:11.066075811,641,1,res_d9486917-858c-4563-bf95-164b83d8a3d8,2012-02-27 12:44:44.276492811,0.0
Case611,W_Afhandelen leads,res_094e34c1-5472-4e50-8ca3-650a6a34e4ec,Role 1,2012-02-27 12:55:13.418179207,640,0,res_094e34c1-5472-4e50-8ca3-650a6a34e4ec,2012-02-27 12:52:21.656812207,0.02564102564102564
Case611,W_Completeren aanvraag,res_e9f54089-f03e-4dc1-a453-57f4acf2c7fb,Role 1,2012-02-27 14:14:56.927117607,645,1,res_e9f54089-f03e-4dc1-a453-57f4acf2c7fb,2012-02-27 14:12:34.676959607,0.0
Case612,W_Completeren aanvraag,res_d9486917-858c-4563-bf95-164b83d8a3d8,Role 1,2012-02-27 13:01:57.255710942,640,2,res_d9486917-858c-4563-bf95-164b83d8a3d8,2012-02-27 12:59:35.865881942,0.02564102564102564
Case612,W_Completeren aanvraag,res_3d71865b-e63e-44f8-a4fd-ece0ef216fef,Role 1,2012-02-27 14:21:06.451214342,645,2,res_3d71865b-e63e-44f8-a4fd-ece0ef216fef,2012-02-27 14:18:50.213273342,0.02564102564102564
Case612,W_Completeren aanvraag,res_4d8dd482-f3ce-4175-9cd8-f5584cb38f63,Role 1,2012-02-27 17:15:37.742526742,645,1,res_4d8dd482-f3ce-4175-9cd8-f5584cb38f63,2012-02-27 17:13:32.268029742,0.0
Case612,W_Completeren aanvraag,res_ffdbf4b7-c588-487c-b4ec-ae52c332aeda,Role 1,2012-02-27 18:26:28.182371442,647,1,res_ffdbf4b7-c588-487c-b4ec-ae52c332aeda,2012-02-27 18:24:44.301478442,0.0
Case613,W_Afhandelen leads,res_0dd9fb20-75d3-4949-8e8b-38b1e2a52fbf,Role 1,2012-02-27 13:12:02.921219918,640,0,res_0dd9fb20-75d3-4949-8e8b-38b1e2a52fbf,2012-02-27 13:09:11.117340918,0.02564102564102564
Case613,W_Completeren aanvraag,res_03b72214-605a-4b4f-97a5-ea18baa453ee,Role 1,2012-02-27 14:22:50.165377318,645,1,res_03b72214-605a-4b4f-97a5-ea18baa453ee,2012-02-27 14:20:27.434010318,0.0
Case614,W_Completeren aanvraag,res_4d8dd482-f3ce-4175-9cd8-f5584cb38f63,Role 1,2012-02-27 13:19:59.585398636,639,1,res_4d8dd482-f3ce-4175-9cd8-f5584cb38f63,2012-02-27 13:17:34.840159636,0.0
Case614,W_Completeren aanvraag,res_5423e6a8-eed7-4dc9-b44d-98691c53411e,Role 1,2012-02-27 14:30:11.144660336,644,1,res_5423e6a8-eed7-4dc9-b44d-98691c53411e,2012-02-27 14:27:51.553702336,0.0
Case614,W_Completeren aanvraag,res_554d030c-8ea0-477b-9a72-1469e52cca81,Role 1,2012-02-27 16:55:11.648829436,646,1,res_554d030c-8ea0-477b-9a72-1469e52cca81,2012-02-27 16:53:03.270179436,0.0
Case615,W_Completeren aanvraag,res_13a07171-afed-4486-9431-2507f9aacd76,Role 1,2012-02-27 13:28:15.812412892,640,1,res_13a07171-afed-4486-9431-2507f9aacd76,2012-02-27 13:25:51.510858892,0.0
Case615,W_Completeren aanvraag,res_ee19d540-6f30-4eb3-abd5-d42bf0a0cc9f,Role 1,2012-02-27 14:36:11.685025891,645,1,res_ee19d540-6f30-4eb3-abd5-d42bf0a0cc9f,2012-02-27 14:33:52.167054892,0.02564102564102564
Case615,W_Nabellen offertes,res_4d8dd482-f3ce-4175-9cd8-f5584cb38f63,Role 1,2012-02-29 07:16:49.986499792,636,1,res_4d8dd482-f3ce-4175-9cd8-f5584cb38f63,2012-02-29 07:14:01.549512792,0.0
Case616,W_Completeren aanvraag,res_e9f54089-f03e-4dc1-a453-57f4acf2c7fb,Role 1,2012-02-27 13:28:32.634632278,641,2,res_e9f54089-f03e-4dc1-a453-57f4acf2c7fb,2012-02-27 13:26:12.667217278,0.02564102564102564
Case616,W_Nabellen offertes,res_b48df80a-ad89-4a8c-8f9d-edecf950fdb5,Role 1,2012-02-27 14:06:10.179758178,645,1,res_b48df80a-ad89-4a8c-8f9d-edecf950fdb5,2012-02-27 14:03:53.129799178,0.0
Case617,W_Afhandelen leads,res_32a810af-a1e0-4835-afe4-a9e543c58a25,Role 1,2012-02-27 13:33:48.563321760,642,0,res_32a810af-a1e0-4835-afe4-a9e543c58a25,2012-02-27 13:30:54.751995760,0.0
Case617,W_Completeren aanvraag,res_0dcb8a75-60b3-457b-aac5-fe91506450da,Role 1,2012-02-27 14:42:03.962732060,645,1,res_0dcb8a75-60b3-457b-aac5-fe91506450da,2012-02-27 14:39:40.204326060,0.0
Case618,W_Completeren aanvraag,res_d9a4b451-1c76-46c3-87c6-97373bec81d0,Role 1,2012-02-27 13:37:32.439447394,643,1,res_d9a4b451-1c76-46c3-87c6-97373bec81d0,2012-02-27 13:35:08.628296394,0.0
Case618,W_Completeren aanvraag,res_4d8dd482-f3ce-4175-9cd8-f5584cb38f63,Role 1,2012-02-27 14:43:17.701405194,645,2,res_4d8dd482-f3ce-4175-9cd8-f5584cb38f63,2012-02-27 14:40:59.547475194,0.02564102564102564
Case618,W_Completeren aanvraag,res_c66fd8c7-ae25-415c-80c1-ac9cc1be7147,Role 1,2012-02-27 16:53:42.501677494,646,2,res_c66fd8c7-ae25-415c-80c1-ac9cc1be7147,2012-02-27 16:51:37.665669494,0.02564102564102564
Case618,W_Completeren aanvraag,res_d9486917-858c-4563-bf95-164b83d8a3d8,Role 1,2012-02-27 17:49:56.427299894,646,1,res_d9486917-858c-4563-bf95-164b83d8a3d8,2012-02-27 17:48:13.066528894,0.02564102564102564
Case618,W_Nabellen offertes,res_d9486917-858c-4563-bf95-164b83d8a3d8,Role 1,2012-02-27 22:24:43.305499294,648,1,res_d9486917-858c-4563-bf95-164b83d8a3d8,2012-02-27 22:23:06.141139294,0.0
Case618,W_Nabellen offertes,res_ffdbf4b7-c588-487c-b4ec-ae52c332aeda,Role 1,2012-03-02 16:45:49.326830594,629,1,res_ffdbf4b7-c588-487c-b4ec-ae52c332aeda,2012-03-02 16:32:55.313529594,0.0
Case619,W_Afhandelen leads,res_f8a5c2f7-852b-4750-a5bc-71d8a9f25fcd,Role 1,2012-02-27 13:48:28.342497242,643,0,res_f8a5c2f7-852b-4750-a5bc-71d8a9f25fcd,2012-02-27 13:45:34.252037242,0.0
Case619,W_Completeren aanvraag,res_ffdbf4b7-c588-487c-b4ec-ae52c332aeda,Role 1,2012-02-27 14:53:25.276811242,646,1,res_ffdbf4b7-c588-487c-b4ec-ae52c332aeda,2012-02-27 14:51:01.075063242,0.0
Case619,W_Nabellen offertes,res_d9486917-858c-4563-bf95-164b83d8a3d8,Role 1,2012-02-29 07:39:00.416494642,635,2,res_d9486917-858c-4563-bf95-164b83d8a3d8,2012-02-29 07:36:16.201623642,0.02564102564102564
Case62,W_Completeren aanvraag,res_3038739b-6c1c-42c1-b9ac-27ac6cc55a89,Role 1,2012-02-14 18:12:09.206646750,544,1,res_3038739b-6c1c-42c1-b9ac-27ac6cc55a89,2012-02-14 18:09:40.230736750,0.0
Case62,W_Nabellen offertes,res_e9f54089-f03e-4dc1-a453-57f4acf2c7fb,Role 1,2012-02-14 18:30:03.894959350,544,1,res_e9f54089-f03e-4dc1-a453-57f4acf2c7fb,2012-02-14 18:27:43.593678350,0.0
Case62,W_Nabellen offertes,res_a117c367-ca0b-4fb8-9736-c1d7d3de62d1,Role 1,2012-02-23 02:32:59.066619550,608,1,res_a117c367-ca0b-4fb8-9736-c1d7d3de62d1,2012-02-23 02:28:21.624028550,0.0
Case620,W_Completeren aanvraag,res_ffdbf4b7-c588-487c-b4ec-ae52c332aeda,Role 1,2012-02-27 13:52:58.702722835,644,1,res_ffdbf4b7-c588-487c-b4ec-ae52c332aeda,2012-02-27 13:50:35.478282835,0.0
Case620,W_Nabellen offertes,res_ee19d540-6f30-4eb3-abd5-d42bf0a0cc9f,Role 1,2012-02-27 14:27:10.944949635,644,1,res_ee19d540-6f30-4eb3-abd5-d42bf0a0cc9f,2012-02-27 14:24:51.398230635,0.02564102564102564
Case620,W_Nabellen offertes,res_fa4ebd56-fe09-4e12-ab6b-f564242582f3,Role 1,2012-03-06 22:52:44.993441635,641,1,res_fa4ebd56-fe09-4e12-ab6b-f564242582f3,2012-03-06 22:49:08.482560635,0.0
Case621,W_Completeren aanvraag,res_8f2bf97e-8175-4ba4-882d-f6b7957c1a2c,Role 1,2012-02-27 13:58:00.622626616,645,2,res_8f2bf97e-8175-4ba4-882d-f6b7957c1a2c,2012-02-27 13:55:41.741756616,0.02564102564102564
Case621,W_Completeren aanvraag,res_8f2bf97e-8175-4ba4-882d-f6b7957c1a2c,Role 1,2012-02-27 15:01:12.563932916,648,1,res_8f2bf97e-8175-4ba4-882d-f6b7957c1a2c,2012-02-27 14:58:53.286501916,0.02564102564102564
Case622,W_Afhandelen leads,res_90ea4c98-054c-4dd3-aadb-9d56713379c2,Role 1,2012-02-27 14:03:48.444284495,646,0,res_90ea4c98-054c-4dd3-aadb-9d56713379c2,2012-02-27 14:00:56.064795495,0.02564102564102564
Case622,W_Completeren aanvraag,res_3835d2af-f74a-47b9-b054-8234859b6abe,Role 1,2012-02-27 15:06:10.934854395,647,1,res_3835d2af-f74a-47b9-b054-8234859b6abe,2012-02-27 15:03:46.599624395,0.0
Case622,W_Completeren aanvraag,res_03b72214-605a-4b4f-97a5-ea18baa453ee,Role 1,2012-02-27 17:10:06.842082795,646,2,res_03b72214-605a-4b4f-97a5-ea18baa453ee,2012-02-27 17:07:57.770317795,0.05128205128205128
Case622,W_Completeren aanvraag,res_6d1d995e-4384-448a-9bf8-9fb7d8013316,Role 1,2012-02-27 18:00:08.847862395,648,2,res_6d1d995e-4384-448a-9bf8-9fb7d8013316,2012-02-27 17:58:23.593804395,0.02564102564102564
Case622,W_Nabellen offertes,res_90ea4c98-054c-4dd3-aadb-9d56713379c2,Role 1,2012-02-27 21:38:53.727825495,646,1,res_90ea4c98-054c-4dd3-aadb-9d56713379c2,2012-02-27 21:37:16.520532495,0.0
Case622,W_Nabellen offertes,res_554d030c-8ea0-477b-9a72-1469e52cca81,Role 1,2012-03-02 20:17:53.248996495,626,1,res_554d030c-8ea0-477b-9a72-1469e52cca81,2012-03-02 20:10:26.228560495,0.0
Case622,W_Nabellen offertes,res_c475f0b2-f190-4931-b0ab-7a7e8189e241,Role 1,2012-03-04 21:53:29.071725295,633,1,res_c475f0b2-f190-4931-b0ab-7a7e8189e241,2012-03-04 21:51:19.293591295,0.0
Case623,W_Completeren aanvraag,res_d9486917-858c-4563-bf95-164b83d8a3d8,Role 1,2012-02-27 14:12:17.767311524,645,1,res_d9486917-858c-4563-bf95-164b83d8a3d8,2012-02-27 14:09:55.048211524,0.0
Case623,W_Completeren aanvraag,res_c561e158-62af-4d50-bb96-33472303cf4c,Role 1,2012-02-27 15:12:37.930464124,646,1,res_c561e158-62af-4d50-bb96-33472303cf4c,2012-02-27 15:10:16.529363124,0.0
Case624,W_Afhandelen leads,res_240d458f-f7c5-4593-8aba-741926c2775b,Role 1,2012-02-27 14:28:26.370449702,645,0,res_240d458f-f7c5-4593-8aba-741926c2775b,2012-02-27 14:25:30.965208702,0.0
Case624,W_Completeren aanvraag,res_c66fd8c7-ae25-415c-80c1-ac9cc1be7147,Role 1,2012-02-27 15:26:44.286031002,648,1,res_c66fd8c7-ae25-415c-80c1-ac9cc1be7147,2012-02-27 15:24:19.591863002,0.02564102564102564
Case625,W_Completeren aanvraag,res_c66fd8c7-ae25-415c-80c1-ac9cc1be7147,Role 1,2012-02-27 14:30:34.182125241,646,2,res_c66fd8c7-ae25-415c-80c1-ac9cc1be7147,2012-02-27 14:28:16.186293241,0.05128205128205128
Case625,W_Completeren aanvraag,res_a117c367-ca0b-4fb8-9736-c1d7d3de62d1,Role 1,2012-02-27 15:29:46.882828741,647,1,res_a117c367-ca0b-4fb8-9736-c1d7d3de62d1,2012-02-27 15:27:26.448009741,0.0
Case626,W_Afhandelen leads,res_3835d2af-f74a-47b9-b054-8234859b6abe,Role 1,2012-02-27 14:38:30.197019076,646,0,res_3835d2af-f74a-47b9-b054-8234859b6abe,2012-02-27 14:35:38.454928076,0.05128205128205128
Case626,W_Completeren aanvraag,res_cd5fe8a1-7bca-4ddc-9e04-e32a42150d6e,Role 1,2012-02-27 15:37:06.399606276,647,1,res_cd5fe8a1-7bca-4ddc-9e04-e32a42150d6e,2012-02-27 15:34:41.267801276,0.0
Case626,W_Completeren aanvraag,res_c77d0074-5613-45fd-a890-6d80edada349,Role 1,2012-02-27 17:23:20.118633576,645,1,res_c77d0074-5613-45fd-a890-6d80edada349,2012-02-27 17:21:09.256394576,0.0
Case626,W_Completeren aanvraag,res_3038739b-6c1c-42c1-b9ac-27ac6cc55a89,Role 1,2012-02-27 18:08:47.449093876,650,2,res_3038739b-6c1c-42c1-b9ac-27ac6cc55a89,2012-02-27 18:07:00.083500876,0.05128205128205128
Case627,W_Afhandelen leads,res_c66fd8c7-ae25-415c-80c1-ac9cc1be7147,Role 1,2012-02-27 14:45:02.436339489,646,0,res_c66fd8c7-ae25-415c-80c1-ac9cc1be7147,2012-02-27 14:42:06.321498489,0.0
Case627,W_Completeren aanvraag,res_ee19d540-6f30-4eb3-abd5-d42bf0a0cc9f,Role 1,2012-02-27 15:43:11.426690889,647,1,res_ee19d540-6f30-4eb3-abd5-d42bf0a0cc9f,2012-02-27 15:40:45.503752889,0.0
Case627,W_Nabellen offertes,res_32a810af-a1e0-4835-afe4-a9e543c58a25,Role 1,2012-02-29 02:50:01.703527889,640,1,res_32a810af-a1e0-4835-afe4-a9e543c58a25,2012-02-29 02:48:06.085598889,0.0
Case628,W_Afhandelen leads,res_c66fd8c7-ae25-415c-80c1-ac9cc1be7147,Role 1,2012-02-27 14:50:04.808128994,647,0,res_c66fd8c7-ae25-415c-80c1-ac9cc1be7147,2012-02-27 14:47:10.570080994,0.02564102564102564
Case628,W_Completeren aanvraag,res_3d71865b-e63e-44f8-a4fd-ece0ef216fef,Role 1,2012-02-27 15:47:51.807729594,648,2,res_3d71865b-e63e-44f8-a4fd-ece0ef216fef,2012-02-27 15:45:28.553714594,0.02564102564102564
Case629,W_Afhandelen leads,res_554d030c-8ea0-477b-9a72-1469e52cca81,Role 1,2012-02-27 14:54:50.138475114,648,0,res_554d030c-8ea0-477b-9a72-1469e52cca81,2012-02-27 14:51:53.662305114,0.0
Case629,W_Completeren aanvraag,res_a6b7a9b9-8dde-47b4-ba71-c31305bfae5d,Role 1,2012-02-27 15:51:58.973583813,645,1,res_a6b7a9b9-8dde-47b4-ba71-c31305bfae5d,2012-02-27 15:49:32.792604813,0.0
Case629,W_Nabellen offertes,res_32a810af-a1e0-4835-afe4-a9e543c58a25,Role 1,2012-02-28 21:02:39.242574014,644,1,res_32a810af-a1e0-4835-afe4-a9e543c58a25,2012-02-28 21:00:44.343542014,0.0
Case63,W_Completeren aanvraag,res_8f2bf97e-8175-4ba4-882d-f6b7957c1a2c,Role 1,2012-02-14 18:12:28.520948686,545,2,res_8f2bf97e-8175-4ba4-882d-f6b7957c1a2c,2012-02-14 18:10:05.416877686,0.02564102564102564
Case63,W_Nabellen offertes,res_3038739b-6c1c-42c1-b9ac-27ac6cc55a89,Role 1,2012-02-14 18:30:16.647631286,544,2,res_3038739b-6c1c-42c1-b9ac-27ac6cc55a89,2012-02-14 18:28:02.594887286,0.02564102564102564
Case630,W_Afhandelen leads,res_d9a4b451-1c76-46c3-87c6-97373bec81d0,Role 1,2012-02-27 15:09:25.365920683,647,0,res_d9a4b451-1c76-46c3-87c6-97373bec81d0,2012-02-27 15:06:30.140009683,0.02564102564102564
Case630,W_Completeren aanvraag,res_4d8dd482-f3ce-4175-9cd8-f5584cb38f63,Role 1,2012-02-27 16:06:08.038884683,647,2,res_4d8dd482-f3ce-4175-9cd8-f5584cb38f63,2012-02-27 16:03:44.287036683,0.02564102564102564
Case631,W_Afhandelen leads,res_4d8dd482-f3ce-4175-9cd8-f5584cb38f63,Role 1,2012-02-27 15:16:14.789194207,647,0,res_4d8dd482-f3ce-4175-9cd8-f5584cb38f63,2012-02-27 15:13:17.148047207,0.0
Case631,W_Completeren aanvraag,res_b48df80a-ad89-4a8c-8f9d-edecf950fdb5,Role 1,2012-02-27 16:12:38.244375907,647,3,res_b48df80a-ad89-4a8c-8f9d-edecf950fdb5,2012-02-27 16:10:16.337049907,0.05128205128205128
Case632,W_Afhandelen leads,res_c05ba8c3-4cba-4513-8bb9-b3faa8713cc7,Role 1,2012-02-27 15:21:54.533121023,648,0,res_c05ba8c3-4cba-4513-8bb9-b3faa8713cc7,2012-02-27 15:18:56.657227023,0.0
Case632,W_Completeren aanvraag,res_fa4ebd56-fe09-4e12-ab6b-f564242582f3,Role 1,2012-02-27 16:18:05.986517223,647,2,res_fa4ebd56-fe09-4e12-ab6b-f564242582f3,2012-02-27 16:15:42.393473223,0.05128205128205128
Case633,W_Afhandelen leads,res_ffdbf4b7-c588-487c-b4ec-ae52c332aeda,Role 1,2012-02-27 15:28:54.052102196,647,0,res_ffdbf4b7-c588-487c-b4ec-ae52c332aeda,2012-02-27 15:25:55.754612196,0.0
Case633,W_Completeren aanvraag,res_63a2ec71-0edb-4961-a972-295906b733b9,Role 1,2012-02-27 16:24:37.976192496,646,2,res_63a2ec71-0edb-4961-a972-295906b733b9,2012-02-27 16:22:13.495495496,0.02564102564102564
Case634,W_Completeren aanvraag,res_03b72214-605a-4b4f-97a5-ea18baa453ee,Role 1,2012-02-27 15:29:27.361362179,648,1,res_03b72214-605a-4b4f-97a5-ea18baa453ee,2012-02-27 15:27:05.268361179,0.02564102564102564
Case635,W_Completeren aanvraag,res_0dcb8a75-60b3-457b-aac5-fe91506450da,Role 1,2012-02-27 15:35:01.261515721,648,2,res_0dcb8a75-60b3-457b-aac5-fe91506450da,2012-02-27 15:32:42.762649721,0.02564102564102564
Case635,W_Completeren aanvraag,res_5423e6a8-eed7-4dc9-b44d-98691c53411e,Role 1,2012-02-27 16:30:44.111707821,645,1,res_5423e6a8-eed7-4dc9-b44d-98691c53411e,2012-02-27 16:28:21.747431821,0.0
Case636,W_Completeren aanvraag,res_d9a4b451-1c76-46c3-87c6-97373bec81d0,Role 1,2012-02-27 15:41:46.749917420,648,1,res_d9a4b451-1c76-46c3-87c6-97373bec81d0,2012-02-27 15:39:23.726013420,0.0
Case637,W_Completeren aanvraag,res_c475f0b2-f190-4931-b0ab-7a7e8189e241,Role 1,2012-02-27 15:49:05.758822892,646,2,res_c475f0b2-f190-4931-b0ab-7a7e8189e241,2012-02-27 15:46:47.002093892,0.02564102564102564
Case637,W_Nabellen offertes,res_3038739b-6c1c-42c1-b9ac-27ac6cc55a89,Role 1,2012-02-27 16:14:00.468003792,646,1,res_3038739b-6c1c-42c1-b9ac-27ac6cc55a89,2012-02-27 16:11:40.556771792,0.0
Case638,W_Completeren aanvraag,res_c561e158-62af-4d50-bb96-33472303cf4c,Role 1,2012-02-27 15:58:59.824855792,647,1,res_c561e158-62af-4d50-bb96-33472303cf4c,2012-02-27 15:56:36.357791792,0.0
Case638,W_Completeren aanvraag,res_cd5fe8a1-7bca-4ddc-9e04-e32a42150d6e,Role 1,2012-02-27 16:53:56.411033492,646,2,res_cd5fe8a1-7bca-4ddc-9e04-e32a42150d6e,2012-02-27 16:51:34.598463492,0.02564102564102564
Case639,W_Completeren aanvraag,res_fdf1178c-5a31-4f5e-8867-f12efd24326c,Role 1,2012-02-27 16:05:57.087049691,647,1,res_fdf1178c-5a31-4f5e-8867-f12efd24326c,2012-02-27 16:03:33.440285691,0.0
Case639,W_Completeren aanvraag,res_fa4ebd56-fe09-4e12-ab6b-f564242582f3,Role 1,2012-02-27 17:00:39.875080491,646,2,res_fa4ebd56-fe09-4e12-ab6b-f564242582f3,2012-02-27 16:58:18.427051491,0.05128205128205128
Case639,W_Completeren aanvraag,res_3038739b-6c1c-42c1-b9ac-27ac6cc55a89,Role 1,2012-02-27 18:17:37.829225891,646,1,res_3038739b-6c1c-42c1-b9ac-27ac6cc55a89,2012-02-27 18:15:30.740386891,0.0
Case639,W_Completeren aanvraag,res_3835d2af-f74a-47b9-b054-8234859b6abe,Role 1,2012-02-27 18:51:20.638220591,648,1,res_3835d2af-f74a-47b9-b054-8234859b6abe,2012-02-27 18:49:36.260594591,0.05128205128205128
Case639,W_Completeren aanvraag,res_7b5eefe7-a9c7-4c10-ace5-1fd3772097ff,Role 1,2012-02-27 19:15:04.018796291,645,1,res_7b5eefe7-a9c7-4c10-ace5-1fd3772097ff,2012-02-27 19:13:29.329933291,0.0
Case639,W_Nabellen offertes,res_240d458f-f7c5-4593-8aba-741926c2775b,Role 1,2012-02-27 22:05:48.105101791,649,1,res_240d458f-f7c5-4593-8aba-741926c2775b,2012-02-27 22:04:14.034545791,0.02564102564102564
Case64,W_Completeren aanvraag,res_0dd9fb20-75d3-4949-8e8b-38b1e2a52fbf,Role 1,2012-02-14 18:41:31.890141263,543,1,res_0dd9fb20-75d3-4949-8e8b-38b1e2a52fbf,2012-02-14 18:39:03.260602263,0.0
Case640,W_Completeren aanvraag,res_ffdbf4b7-c588-487c-b4ec-ae52c332aeda,Role 1,2012-02-27 16:12:14.223754729,647,1,res_ffdbf4b7-c588-487c-b4ec-ae52c332aeda,2012-02-27 16:09:51.232399729,0.02564102564102564
Case640,W_Completeren aanvraag,res_554d030c-8ea0-477b-9a72-1469e52cca81,Role 1,2012-02-27 17:06:59.841858829,645,1,res_554d030c-8ea0-477b-9a72-1469e52cca81,2012-02-27 17:04:35.186173829,0.0
Case640,W_Completeren aanvraag,res_0dcb8a75-60b3-457b-aac5-fe91506450da,Role 1,2012-02-27 18:25:16.654172229,646,1,res_0dcb8a75-60b3-457b-aac5-fe91506450da,2012-02-27 18:23:07.462833229,0.0
Case640,W_Nabellen offertes,res_03b72214-605a-4b4f-97a5-ea18baa453ee,Role 1,2012-02-28 12:22:57.450497629,638,1,res_03b72214-605a-4b4f-97a5-ea18baa453ee,2012-02-28 12:20:23.269096629,0.0
Case641,W_Completeren aanvraag,res_ee19d540-6f30-4eb3-abd5-d42bf0a0cc9f,Role 1,2012-02-27 16:19:31.507318739,646,1,res_ee19d540-6f30-4eb3-abd5-d42bf0a0cc9f,2012-02-27 16:17:07.456360739,0.0
Case641,W_Nabellen offertes,res_0dcb8a75-60b3-457b-aac5-fe91506450da,Role 1,2012-02-27 16:42:32.502580939,645,1,res_0dcb8a75-60b3-457b-aac5-fe91506450da,2012-02-27 16:40:10.818250939,0.02564102564102564
Case641,W_Nabellen offertes,res_e9f54089-f03e-4dc1-a453-57f4acf2c7fb,Role 1,2012-03-07 14:05:49.625549839,638,1,res_e9f54089-f03e-4dc1-a453-57f4acf2c7fb,2012-03-07 14:04:07.432357839,0.0
Case642,W_Completeren aanvraag,res_cd5fe8a1-7bca-4ddc-9e04-e32a42150d6e,Role 1,2012-02-27 16:23:26.350367261,646,1,res_cd5fe8a1-7bca-4ddc-9e04-e32a42150d6e,2012-02-27 16:21:02.191194261,0.0
Case643,W_Afhandelen leads,res_0dd9fb20-75d3-4949-8e8b-38b1e2a52fbf,Role 1,2012-02-27 16:30:23.276727575,645,0,res_0dd9fb20-75d3-4949-8e8b-38b1e2a52fbf,2012-02-27 16:27:21.998199575,0.0
Case643,W_Completeren aanvraag,res_5423e6a8-eed7-4dc9-b44d-98691c53411e,Role 1,2012-02-27 17:24:58.894609675,647,1,res_5423e6a8-eed7-4dc9-b44d-98691c53411e,2012-02-27 17:22:31.064248675,0.02564102564102564
Case643,W_Nabellen offertes,res_90ea4c98-054c-4dd3-aadb-9d56713379c2,Role 1,2012-02-28 18:38:33.326567675,642,1,res_90ea4c98-054c-4dd3-aadb-9d56713379c2,2012-02-28 18:36:32.440904675,0.0
Case644,W_Afhandelen leads,res_fa4ebd56-fe09-4e12-ab6b-f564242582f3,Role 1,2012-02-27 16:31:16.117512096,646,1,res_fa4ebd56-fe09-4e12-ab6b-f564242582f3,2012-02-27 16:28:24.459829096,0.02564102564102564
Case644,W_Completeren aanvraag,res_d9486917-858c-4563-bf95-164b83d8a3d8,Role 1,2012-02-27 17:25:51.043296796,647,2,res_d9486917-858c-4563-bf95-164b83d8a3d8,2012-02-27 17:23:27.752201796,0.05128205128205128
Case645,W_Afhandelen leads,res_6d1d995e-4384-448a-9bf8-9fb7d8013316,Role 1,2012-02-27 16:40:24.158564761,646,0,res_6d1d995e-4384-448a-9bf8-9fb7d8013316,2012-02-27 16:37:24.450690761,0.02564102564102564
Case645,W_Completeren aanvraag,res_c561e158-62af-4d50-bb96-33472303cf4c,Role 1,2012-02-27 17:34:52.636667661,646,1,res_c561e158-62af-4d50-bb96-33472303cf4c,2012-02-27 17:32:24.045652661,0.0
Case645,W_Completeren aanvraag,res_5423e6a8-eed7-4dc9-b44d-98691c53411e,Role 1,2012-02-27 18:49:50.537862261,647,2,res_5423e6a8-eed7-4dc9-b44d-98691c53411e,2012-02-27 18:47:41.246909261,0.05128205128205128
Case646,W_Completeren aanvraag,res_e08dd225-6ddd-45bc-b1b2-7c6cf10375f6,Role 1,2012-02-27 16:48:33.170344228,646,1,res_e08dd225-6ddd-45bc-b1b2-7c6cf10375f6,2012-02-27 16:46:08.322422228,0.0
Case646,W_Completeren aanvraag,res_fa4ebd56-fe09-4e12-ab6b-f564242582f3,Role 1,2012-02-27 17:42:58.751518528,648,1,res_fa4ebd56-fe09-4e12-ab6b-f564242582f3,2012-02-27 17:40:33.280670528,0.0
Case646,W_Completeren aanvraag,res_0dd9fb20-75d3-4949-8e8b-38b1e2a52fbf,Role 1,2012-02-27 18:59:37.494712928,645,1,res_0dd9fb20-75d3-4949-8e8b-38b1e2a52fbf,2012-02-27 18:57:28.141865928,0.0
Case646,W_Completeren aanvraag,res_b48df80a-ad89-4a8c-8f9d-edecf950fdb5,Role 1,2012-02-27 19:36:18.392002627,646,2,res_b48df80a-ad89-4a8c-8f9d-edecf950fdb5,2012-02-27 19:34:32.885633628,0.02564102564102564
Case647,W_Afhandelen leads,res_3835d2af-f74a-47b9-b054-8234859b6abe,Role 1,2012-02-27 16:54:03.719852997,646,0,res_3835d2af-f74a-47b9-b054-8234859b6abe,2012-02-27 16:51:03.503993997,0.02564102564102564
Case647,W_Completeren aanvraag,res_3d71865b-e63e-44f8-a4fd-ece0ef216fef,Role 1,2012-02-27 17:48:26.957337797,649,2,res_3d71865b-e63e-44f8-a4fd-ece0ef216fef,2012-02-27 17:46:02.583224797,0.07692307692307693
Case647,W_Nabellen offertes,res_d9486917-858c-4563-bf95-164b83d8a3d8,Role 1,2012-02-29 01:58:19.261000797,640,1,res_d9486917-858c-4563-bf95-164b83d8a3d8,2012-02-29 01:56:27.357722797,0.0
Case647,W_Nabellen offertes,res_e9f54089-f03e-4dc1-a453-57f4acf2c7fb,Role 1,2012-03-06 21:10:56.373560397,643,1,res_e9f54089-f03e-4dc1-a453-57f4acf2c7fb,2012-03-06 21:08:07.099264397,0.0
Case648,W_Completeren aanvraag,res_6d1d995e-4384-448a-9bf8-9fb7d8013316,Role 1,2012-02-27 17:04:12.513038506,646,2,res_6d1d995e-4384-448a-9bf8-9fb7d8013316,2012-02-27 17:01:52.298984506,0.02564102564102564
Case649,W_Afhandelen leads,res_fe8f604a-4f72-4c5b-9082-2dc751f7d4b9,Role 1,2012-02-27 17:12:39.385538364,646,0,res_fe8f604a-4f72-4c5b-9082-2dc751f7d4b9,2012-02-27 17:09:36.731423364,0.0
Case649,W_Completeren aanvraag,res_094e34c1-5472-4e50-8ca3-650a6a34e4ec,Role 1,2012-02-27 18:07:08.234441564,647,1,res_094e34c1-5472-4e50-8ca3-650a6a34e4ec,2012-02-27 18:04:38.949702564,0.0
Case65,W_Completeren aanvraag,res_ee19d540-6f30-4eb3-abd5-d42bf0a0cc9f,Role 1,2012-02-14 19:10:44.207272402,543,1,res_ee19d540-6f30-4eb3-abd5-d42bf0a0cc9f,2012-02-14 19:08:16.216011402,0.0
Case65,W_Completeren aanvraag,res_fe8f604a-4f72-4c5b-9082-2dc751f7d4b9,Role 1,2012-02-14 20:08:16.736463102,542,1,res_fe8f604a-4f72-4c5b-9082-2dc751f7d4b9,2012-02-14 20:05:50.325601102,0.0
Case65,W_Nabellen offertes,res_e08dd225-6ddd-45bc-b1b2-7c6cf10375f6,Role 1,2012-02-17 02:53:23.696840002,578,1,res_e08dd225-6ddd-45bc-b1b2-7c6cf10375f6,2012-02-17 02:51:27.357905002,0.0
Case65,W_Nabellen offertes,res_e9f54089-f03e-4dc1-a453-57f4acf2c7fb,Role 1,2012-02-22 11:23:26.522775402,626,1,res_e9f54089-f03e-4dc1-a453-57f4acf2c7fb,2012-02-22 11:21:49.331028402,0.0
Case650,W_Afhandelen leads,res_e9f54089-f03e-4dc1-a453-57f4acf2c7fb,Role 1,2012-02-27 17:19:03.344794227,647,0,res_e9f54089-f03e-4dc1-a453-57f4acf2c7fb,2012-02-27 17:16:00.568211227,0.0
Case650,W_Completeren aanvraag,res_3835d2af-f74a-47b9-b054-8234859b6abe,Role 1,2012-02-27 18:13:30.010586227,647,2,res_3835d2af-f74a-47b9-b054-8234859b6abe,2012-02-27 18:11:03.644141227,0.02564102564102564
Case651,W_Completeren aanvraag,res_90ea4c98-054c-4dd3-aadb-9d56713379c2,Role 1,2012-02-27 17:22:14.330839024,648,3,res_90ea4c98-054c-4dd3-aadb-9d56713379c2,2012-02-27 17:19:57.317936024,0.05128205128205128
Case651,W_Nabellen offertes,res_13a07171-afed-4486-9431-2507f9aacd76,Role 1,2012-02-27 17:43:43.621001724,648,2,res_13a07171-afed-4486-9431-2507f9aacd76,2012-02-27 17:41:29.722017724,0.02564102564102564
Case651,W_Nabellen offertes,res_32a810af-a1e0-4835-afe4-a9e543c58a25,Role 1,2012-03-07 11:55:52.226477824,638,1,res_32a810af-a1e0-4835-afe4-a9e543c58a25,2012-03-07 11:54:06.029830824,0.02564102564102564
Case651,W_Nabellen offertes,res_ee19d540-6f30-4eb3-abd5-d42bf0a0cc9f,Role 1,2012-03-09 05:44:10.689849324,622,1,res_ee19d540-6f30-4eb3-abd5-d42bf0a0cc9f,2012-03-09 05:32:53.798394324,0.0
Case651,W_Nabellen offertes,res_094e34c1-5472-4e50-8ca3-650a6a34e4ec,Role 1,2012-03-10 20:16:49.352896424,615,1,res_094e34c1-5472-4e50-8ca3-650a6a34e4ec,2012-03-10 20:15:05.442042424,0.0
Case652,W_Completeren aanvraag,res_c66fd8c7-ae25-415c-80c1-ac9cc1be7147,Role 1,2012-02-27 17:30:04.377432157,647,2,res_c66fd8c7-ae25-415c-80c1-ac9cc1be7147,2012-02-27 17:27:43.765266157,0.02564102564102564
Case652,W_Nabellen offertes,res_b48df80a-ad89-4a8c-8f9d-edecf950fdb5,Role 1,2012-02-27 17:51:13.240543257,649,1,res_b48df80a-ad89-4a8c-8f9d-edecf950fdb5,2012-02-27 17:48:54.248373257,0.0
Case653,W_Afhandelen leads,res_dfa30272-4bc0-4c82-9bd0-6b4169bccece,Role 1,2012-02-27 17:31:05.284945181,648,0,res_dfa30272-4bc0-4c82-9bd0-6b4169bccece,2012-02-27 17:28:05.929070181,0.05128205128205128
Case653,W_Completeren aanvraag,res_f8a5c2f7-852b-4750-a5bc-71d8a9f25fcd,Role 1,2012-02-27 18:25:39.372701181,647,1,res_f8a5c2f7-852b-4750-a5bc-71d8a9f25fcd,2012-02-27 18:23:10.447700181,0.0
Case654,W_Afhandelen leads,res_fdf1178c-5a31-4f5e-8867-f12efd24326c,Role 1,2012-02-27 17:42:47.836230747,649,0,res_fdf1178c-5a31-4f5e-8867-f12efd24326c,2012-02-27 17:39:50.133570747,0.07692307692307693
Case654,W_Completeren aanvraag,res_6d1d995e-4384-448a-9bf8-9fb7d8013316,Role 1,2012-02-27 18:37:25.561295547,648,2,res_6d1d995e-4384-448a-9bf8-9fb7d8013316,2012-02-27 18:35:00.566070547,0.05128205128205128
Case654,W_Completeren aanvraag,res_cd5fe8a1-7bca-4ddc-9e04-e32a42150d6e,Role 1,2012-02-27 20:01:09.165220747,647,1,res_cd5fe8a1-7bca-4ddc-9e04-e32a42150d6e,2012-02-27 19:58:59.737639747,0.0
Case654,W_Completeren aanvraag,res_e9f54089-f03e-4dc1-a453-57f4acf2c7fb,Role 1,2012-02-27 20:59:56.138026447,647,1,res_e9f54089-f03e-4dc1-a453-57f4acf2c7fb,2012-02-27 20:58:07.892353447,0.0
Case655,W_Completeren aanvraag,res_0dd9fb20-75d3-4949-8e8b-38b1e2a52fbf,Role 1,2012-02-27 17:50:46.859046566,650,1,res_0dd9fb20-75d3-4949-8e8b-38b1e2a52fbf,2012-02-27 17:48:21.915954566,0.02564102564102564
Case656,W_Completeren aanvraag,res_3835d2af-f74a-47b9-b054-8234859b6abe,Role 1,2012-02-27 17:59:39.784192319,648,2,res_3835d2af-f74a-47b9-b054-8234859b6abe,2012-02-27 17:57:18.884479319,0.02564102564102564
Case656,W_Completeren aanvraag,res_dfa30272-4bc0-4c82-9bd0-6b4169bccece,Role 1,2012-02-27 18:54:26.584206619,645,2,res_dfa30272-4bc0-4c82-9bd0-6b4169bccece,2012-02-27 18:52:05.708240619,0.02564102564102564
Case656,W_Completeren aanvraag,res_90ea4c98-054c-4dd3-aadb-9d56713379c2,Role 1,2012-02-27 20:22:51.619586619,648,2,res_90ea4c98-054c-4dd3-aadb-9d56713379c2,2012-02-27 20:20:46.069440619,0.02564102564102564
Case657,W_Completeren aanvraag,res_c475f0b2-f190-4931-b0ab-7a7e8189e241,Role 1,2012-02-27 18:07:01.120507516,647,2,res_c475f0b2-f190-4931-b0ab-7a7e8189e241,2012-02-27 18:04:40.145668516,0.02564102564102564
Case657,W_Nabellen offertes,res_32a810af-a1e0-4835-afe4-a9e543c58a25,Role 1,2012-02-27 18:27:30.002025516,647,1,res_32a810af-a1e0-4835-afe4-a9e543c58a25,2012-02-27 18:25:11.826794516,0.02564102564102564
Case658,W_Completeren aanvraag,res_a117c367-ca0b-4fb8-9736-c1d7d3de62d1,Role 1,2012-02-27 18:17:54.217465387,647,1,res_a117c367-ca0b-4fb8-9736-c1d7d3de62d1,2012-02-27 18:15:27.933213387,0.0
Case658,W_Nabellen offertes,res_c05ba8c3-4cba-4513-8bb9-b3faa8713cc7,Role 1,2012-02-27 18:38:14.365975887,648,2,res_c05ba8c3-4cba-4513-8bb9-b3faa8713cc7,2012-02-27 18:35:57.575658887,0.02564102564102564
Case659,W_Afhandelen leads,res_3038739b-6c1c-42c1-b9ac-27ac6cc55a89,Role 1,2012-02-27 18:24:40.466666689,647,0,res_3038739b-6c1c-42c1-b9ac-27ac6cc55a89,2012-02-27 18:21:36.658316689,0.0
Case659,W_Completeren aanvraag,res_c05ba8c3-4cba-4513-8bb9-b3faa8713cc7,Role 1,2012-02-27 19:20:11.938019989,646,1,res_c05ba8c3-4cba-4513-8bb9-b3faa8713cc7,2012-02-27 19:17:42.579020989,0.0
Case659,W_Completeren aanvraag,res_7b5eefe7-a9c7-4c10-ace5-1fd3772097ff,Role 1,2012-02-27 20:47:29.563571689,649,1,res_7b5eefe7-a9c7-4c10-ace5-1fd3772097ff,2012-02-27 20:45:18.757657689,0.0
Case66,W_Completeren aanvraag,res_a6b7a9b9-8dde-47b4-ba71-c31305bfae5d,Role 1,2012-02-14 19:13:24.851933216,544,2,res_a6b7a9b9-8dde-47b4-ba71-c31305bfae5d,2012-02-14 19:11:03.451987216,0.05128205128205128
Case66,W_Nabellen offertes,res_240d458f-f7c5-4593-8aba-741926c2775b,Role 1,2012-02-14 19:30:49.327610316,542,1,res_240d458f-f7c5-4593-8aba-741926c2775b,2012-02-14 19:28:34.783066316,0.0
Case66,W_Nabellen offertes,res_c77d0074-5613-45fd-a890-6d80edada349,Role 1,2012-02-22 19:03:06.046582616,619,1,res_c77d0074-5613-45fd-a890-6d80edada349,2012-02-22 19:00:50.752886616,0.0
Case660,W_Completeren aanvraag,res_3d71865b-e63e-44f8-a4fd-ece0ef216fef,Role 1,2012-02-27 18:30:35.847210289,647,1,res_3d71865b-e63e-44f8-a4fd-ece0ef216fef,2012-02-27 18:28:09.562115289,0.0
Case660,W_Completeren aanvraag,res_fa4ebd56-fe09-4e12-ab6b-f564242582f3,Role 1,2012-02-27 19:26:17.220046089,647,1,res_fa4ebd56-fe09-4e12-ab6b-f564242582f3,2012-02-27 19:23:52.341938089,0.02564102564102564
Case660,W_Completeren aanvraag,res_3835d2af-f74a-47b9-b054-8234859b6abe,Role 1,2012-02-27 20:48:16.074717389,649,2,res_3835d2af-f74a-47b9-b054-8234859b6abe,2012-02-27 20:46:08.228117389,0.02564102564102564
Case661,W_Afhandelen leads,res_8f2bf97e-8175-4ba4-882d-f6b7957c1a2c,Role 1,2012-02-27 18:32:20.122938635,648,0,res_8f2bf97e-8175-4ba4-882d-f6b7957c1a2c,2012-02-27 18:29:18.068418635,0.02564102564102564
Case661,W_Completeren aanvraag,res_4d8dd482-f3ce-4175-9cd8-f5584cb38f63,Role 1,2012-02-27 19:27:59.558076335,646,3,res_4d8dd482-f3ce-4175-9cd8-f5584cb38f63,2012-02-27 19:25:36.084055335,0.05128205128205128
Case661,W_Nabellen offertes,res_c475f0b2-f190-4931-b0ab-7a7e8189e241,Role 1,2012-02-29 20:22:11.743875335,639,1,res_c475f0b2-f190-4931-b0ab-7a7e8189e241,2012-02-29 20:20:12.530533335,0.02564102564102564
Case661,W_Nabellen offertes,res_fe8f604a-4f72-4c5b-9082-2dc751f7d4b9,Role 1,2012-03-06 23:11:31.166961235,639,2,res_fe8f604a-4f72-4c5b-9082-2dc751f7d4b9,2012-03-06 23:03:34.068369235,0.02564102564102564
Case661,W_Nabellen offertes,res_c561e158-62af-4d50-bb96-33472303cf4c,Role 1,2012-03-08 11:46:40.312318934,628,1,res_c561e158-62af-4d50-bb96-33472303cf4c,2012-03-08 11:44:53.579360934,0.0
Case662,W_Completeren aanvraag,res_ffdbf4b7-c588-487c-b4ec-ae52c332aeda,Role 1,2012-02-27 18:45:30.426282332,646,1,res_ffdbf4b7-c588-487c-b4ec-ae52c332aeda,2012-02-27 18:43:04.173841332,0.0
Case663,W_Completeren aanvraag,res_3835d2af-f74a-47b9-b054-8234859b6abe,Role 1,2012-02-27 19:01:30.345137809,646,1,res_3835d2af-f74a-47b9-b054-8234859b6abe,2012-02-27 18:59:04.269533809,0.0
Case663,W_Nabellen offertes,res_240d458f-f7c5-4593-8aba-741926c2775b,Role 1,2012-02-27 19:21:23.525718309,647,1,res_240d458f-f7c5-4593-8aba-741926c2775b,2012-02-27 19:19:04.753861309,0.0
Case664,W_Afhandelen leads,res_0dcb8a75-60b3-457b-aac5-fe91506450da,Role 1,2012-02-27 19:17:26.023399788,647,0,res_0dcb8a75-60b3-457b-aac5-fe91506450da,2012-02-27 19:14:24.067400788,0.02564102564102564
Case664,W_Completeren aanvraag,res_c561e158-62af-4d50-bb96-33472303cf4c,Role 1,2012-02-27 20:14:51.528583388,648,1,res_c561e158-62af-4d50-bb96-33472303cf4c,2012-02-27 20:12:23.202753388,0.0
Case664,W_Completeren aanvraag,res_ffdbf4b7-c588-487c-b4ec-ae52c332aeda,Role 1,2012-02-27 22:18:24.268638888,647,1,res_ffdbf4b7-c588-487c-b4ec-ae52c332aeda,2012-02-27 22:16:13.171407888,0.0
Case665,W_Afhandelen leads,res_b48df80a-ad89-4a8c-8f9d-edecf950fdb5,Role 1,2012-02-27 19:31:37.925432784,646,0,res_b48df80a-ad89-4a8c-8f9d-edecf950fdb5,2012-02-27 19:28:34.351518784,0.0
Case665,W_Completeren aanvraag,res_a6b7a9b9-8dde-47b4-ba71-c31305bfae5d,Role 1,2012-02-27 20:29:46.228548684,647,1,res_a6b7a9b9-8dde-47b4-ba71-c31305bfae5d,2012-02-27 20:27:17.977179684,0.0
Case665,W_Completeren aanvraag,res_c77d0074-5613-45fd-a890-6d80edada349,Role 1,2012-02-27 22:41:45.845857684,646,1,res_c77d0074-5613-45fd-a890-6d80edada349,2012-02-27 22:39:34.496431684,0.0
Case665,W_Nabellen offertes,res_a117c367-ca0b-4fb8-9736-c1d7d3de62d1,Role 1,2012-02-29 06:54:32.437189084,635,1,res_a117c367-ca0b-4fb8-9736-c1d7d3de62d1,2012-02-29 06:52:17.376347084,0.0
Case665,W_Nabellen offertes,res_c66fd8c7-ae25-415c-80c1-ac9cc1be7147,Role 1,2012-03-02 03:20:12.242905684,637,2,res_c66fd8c7-ae25-415c-80c1-ac9cc1be7147,2012-03-02 03:18:33.808159684,0.02564102564102564
Case665,W_Nabellen offertes,res_094e34c1-5472-4e50-8ca3-650a6a34e4ec,Role 1,2012-03-03 18:12:29.456108484,637,1,res_094e34c1-5472-4e50-8ca3-650a6a34e4ec,2012-03-03 18:08:32.246335484,0.0
Case665,W_Nabellen offertes,res_fdf1178c-5a31-4f5e-8867-f12efd24326c,Role 1,2012-03-05 19:31:28.851967284,621,1,res_fdf1178c-5a31-4f5e-8867-f12efd24326c,2012-03-05 19:28:45.889505284,0.0
Case666,W_Completeren aanvraag,res_8f2bf97e-8175-4ba4-882d-f6b7957c1a2c,Role 1,2012-02-27 19:32:10.304053042,647,1,res_8f2bf97e-8175-4ba4-882d-f6b7957c1a2c,2012-02-27 19:29:45.880159042,0.02564102564102564
Case667,W_Afhandelen leads,res_cd5fe8a1-7bca-4ddc-9e04-e32a42150d6e,Role 1,2012-02-27 19:45:10.668810194,647,0,res_cd5fe8a1-7bca-4ddc-9e04-e32a42150d6e,2012-02-27 19:42:07.360148194,0.0
Case667,W_Completeren aanvraag,res_fe8f604a-4f72-4c5b-9082-2dc751f7d4b9,Role 1,2012-02-27 20:44:00.529966494,647,1,res_fe8f604a-4f72-4c5b-9082-2dc751f7d4b9,2012-02-27 20:41:32.649635494,0.0
Case667,W_Nabellen offertes,res_ffdbf4b7-c588-487c-b4ec-ae52c332aeda,Role 1,2012-03-02 03:10:06.767339094,639,1,res_ffdbf4b7-c588-487c-b4ec-ae52c332aeda,2012-03-02 03:08:14.555642094,0.0
Case667,W_Nabellen offertes,res_7b5eefe7-a9c7-4c10-ace5-1fd3772097ff,Role 1,2012-03-06 22:46:06.731750594,639,1,res_7b5eefe7-a9c7-4c10-ace5-1fd3772097ff,2012-03-06 22:37:16.770418594,0.0
Case667,W_Nabellen offertes,res_cd5fe8a1-7bca-4ddc-9e04-e32a42150d6e,Role 1,2012-03-08 10:40:08.153168094,631,1,res_cd5fe8a1-7bca-4ddc-9e04-e32a42150d6e,2012-03-08 10:38:21.388253094,0.0
Case667,W_Nabellen offertes,res_dfa30272-4bc0-4c82-9bd0-6b4169bccece,Role 1,2012-03-09 23:28:55.020541794,615,1,res_dfa30272-4bc0-4c82-9bd0-6b4169bccece,2012-03-09 23:27:14.450849794,0.0
Case668,W_Completeren aanvraag,res_fdf1178c-5a31-4f5e-8867-f12efd24326c,Role 1,2012-02-27 19:57:23.745239470,648,1,res_fdf1178c-5a31-4f5e-8867-f12efd24326c,2012-02-27 19:54:59.063506470,0.0
Case668,W_Nabellen offertes,res_03b72214-605a-4b4f-97a5-ea18baa453ee,Role 1,2012-02-27 20:17:35.725826670,647,1,res_03b72214-605a-4b4f-97a5-ea18baa453ee,2012-02-27 20:15:18.886814670,0.0
Case669,W_Completeren aanvraag,res_6d1d995e-4384-448a-9bf8-9fb7d8013316,Role 1,2012-02-27 20:06:34.476351148,649,1,res_6d1d995e-4384-448a-9bf8-9fb7d8013316,2012-02-27 20:04:10.136270148,0.0
Case669,W_Nabellen offertes,res_6d1d995e-4384-448a-9bf8-9fb7d8013316,Role 1,2012-02-27 20:26:55.123108848,647,1,res_6d1d995e-4384-448a-9bf8-9fb7d8013316,2012-02-27 20:24:38.427831848,0.02564102564102564
Case669,W_Nabellen offertes,res_c05ba8c3-4cba-4513-8bb9-b3faa8713cc7,Role 1,2012-03-06 19:33:47.494088048,645,1,res_c05ba8c3-4cba-4513-8bb9-b3faa8713cc7,2012-03-06 19:31:38.162746048,0.0
Case67,W_Completeren aanvraag,res_094e34c1-5472-4e50-8ca3-650a6a34e4ec,Role 1,2012-02-14 20:12:47.754907640,543,1,res_094e34c1-5472-4e50-8ca3-650a6a34e4ec,2012-02-14 20:10:21.749978640,0.0
Case670,W_Completeren aanvraag,res_4d8dd482-f3ce-4175-9cd8-f5584cb38f63,Role 1,2012-02-27 20:20:04.070845646,647,1,res_4d8dd482-f3ce-4175-9cd8-f5584cb38f63,2012-02-27 20:17:40.122562646,0.0
Case670,W_Nabellen offertes,res_4a606e00-143e-4039-9760-70b3cb78e66a,Role 1,2012-02-27 20:40:44.098180946,647,1,res_4a606e00-143e-4039-9760-70b3cb78e66a,2012-02-27 20:38:27.739711946,0.02564102564102564
Case670,W_Nabellen offertes,res_5423e6a8-eed7-4dc9-b44d-98691c53411e,Role 1,2012-03-06 16:50:32.111488346,647,1,res_5423e6a8-eed7-4dc9-b44d-98691c53411e,2012-03-06 16:48:44.486860346,0.0
Case670,W_Nabellen offertes,res_fdf1178c-5a31-4f5e-8867-f12efd24326c,Role 1,2012-03-08 14:22:08.901179346,624,1,res_fdf1178c-5a31-4f5e-8867-f12efd24326c,2012-03-08 14:20:32.036216346,0.05128205128205128
Case670,W_Nabellen offertes,res_e9f54089-f03e-4dc1-a453-57f4acf2c7fb,Role 1,2012-03-10 03:24:14.987146546,614,1,res_e9f54089-f03e-4dc1-a453-57f4acf2c7fb,2012-03-10 03:17:26.502173546,0.0
Case671,W_Afhandelen leads,res_7b5eefe7-a9c7-4c10-ace5-1fd3772097ff,Role 1,2012-02-27 20:30:05.392708973,648,0,res_7b5eefe7-a9c7-4c10-ace5-1fd3772097ff,2012-02-27 20:27:03.284673973,0.0
Case671,W_Completeren aanvraag,res_e9f54089-f03e-4dc1-a453-57f4acf2c7fb,Role 1,2012-02-27 21:31:40.034546773,648,1,res_e9f54089-f03e-4dc1-a453-57f4acf2c7fb,2012-02-27 21:29:13.560549773,0.0
Case671,W_Nabellen offertes,res_c77d0074-5613-45fd-a890-6d80edada349,Role 1,2012-03-02 14:15:16.345033173,629,1,res_c77d0074-5613-45fd-a890-6d80edada349,2012-03-02 14:09:43.684403173,0.0
Case671,W_Nabellen offertes,res_c77d0074-5613-45fd-a890-6d80edada349,Role 1,2012-03-07 02:34:37.154818473,636,1,res_c77d0074-5613-45fd-a890-6d80edada349,2012-03-07 02:32:15.005036473,0.0
Case671,W_Nabellen offertes,res_3835d2af-f74a-47b9-b054-8234859b6abe,Role 1,2012-03-08 14:16:58.862380273,623,1,res_3835d2af-f74a-47b9-b054-8234859b6abe,2012-03-08 14:15:21.172881273,0.0
Case672,W_Completeren aanvraag,res_f8a5c2f7-852b-4750-a5bc-71d8a9f25fcd,Role 1,2012-02-27 20:31:35.758679202,649,1,res_f8a5c2f7-852b-4750-a5bc-71d8a9f25fcd,2012-02-27 20:29:13.245161202,0.02564102564102564
Case672,W_Completeren aanvraag,res_240d458f-f7c5-4593-8aba-741926c2775b,Role 1,2012-02-27 21:33:25.514891302,648,2,res_240d458f-f7c5-4593-8aba-741926c2775b,2012-02-27 21:31:05.986132302,0.02564102564102564
Case673,W_Completeren aanvraag,res_d9486917-858c-4563-bf95-164b83d8a3d8,Role 1,2012-02-27 20:51:25.778668014,647,1,res_d9486917-858c-4563-bf95-164b83d8a3d8,2012-02-27 20:49:03.038459014,0.0
Case674,W_Afhandelen leads,res_7b5eefe7-a9c7-4c10-ace5-1fd3772097ff,Role 1,2012-02-27 21:05:17.668158314,647,0,res_7b5eefe7-a9c7-4c10-ace5-1fd3772097ff,2012-02-27 21:02:16.905621314,0.0
Case674,W_Completeren aanvraag,res_d9a4b451-1c76-46c3-87c6-97373bec81d0,Role 1,2012-02-27 22:10:37.410693414,646,1,res_d9a4b451-1c76-46c3-87c6-97373bec81d0,2012-02-27 22:08:12.147131414,0.0
Case674,W_Completeren aanvraag,res_7b5eefe7-a9c7-4c10-ace5-1fd3772097ff,Role 1,2012-02-28 04:40:32.730440014,642,1,res_7b5eefe7-a9c7-4c10-ace5-1fd3772097ff,2012-02-28 04:37:58.296951014,0.0
Case675,W_Afhandelen leads,res_8f2bf97e-8175-4ba4-882d-f6b7957c1a2c,Role 1,2012-02-27 21:14:03.086581055,648,0,res_8f2bf97e-8175-4ba4-882d-f6b7957c1a2c,2012-02-27 21:11:02.792244055,0.0
Case675,W_Completeren aanvraag,res_d9a4b451-1c76-46c3-87c6-97373bec81d0,Role 1,2012-02-27 22:20:35.625835555,646,1,res_d9a4b451-1c76-46c3-87c6-97373bec81d0,2012-02-27 22:18:10.684901555,0.0
Case675,W_Nabellen offertes,res_cd5fe8a1-7bca-4ddc-9e04-e32a42150d6e,Role 1,2012-03-03 06:58:38.214734955,644,1,res_cd5fe8a1-7bca-4ddc-9e04-e32a42150d6e,2012-03-03 06:56:46.073356955,0.0
Case675,W_Nabellen offertes,res_d9486917-858c-4563-bf95-164b83d8a3d8,Role 1,2012-03-06 21:49:17.113263355,642,1,res_d9486917-858c-4563-bf95-164b83d8a3d8,2012-03-06 21:42:00.481643355,0.0
Case676,W_Afhandelen leads,res_a117c367-ca0b-4fb8-9736-c1d7d3de62d1,Role 1,2012-02-27 21:30:50.570226404,649,0,res_a117c367-ca0b-4fb8-9736-c1d7d3de62d1,2012-02-27 21:27:53.260218404,0.02564102564102564
Case676,W_Completeren aanvraag,res_cd5fe8a1-7bca-4ddc-9e04-e32a42150d6e,Role 1,2012-02-27 22:38:58.945446404,647,2,res_cd5fe8a1-7bca-4ddc-9e04-e32a42150d6e,2012-02-27 22:36:37.453056404,0.02564102564102564
Case676,W_Nabellen offertes,res_c475f0b2-f190-4931-b0ab-7a7e8189e241,Role 1,2012-03-03 09:42:53.974511404,641,1,res_c475f0b2-f190-4931-b0ab-7a7e8189e241,2012-03-03 09:40:53.547360404,0.0
Case676,W_Nabellen offertes,res_554d030c-8ea0-477b-9a72-1469e52cca81,Role 1,2012-03-06 23:11:44.210119204,638,1,res_554d030c-8ea0-477b-9a72-1469e52cca81,2012-03-06 23:04:27.100363204,0.0
Case677,W_Completeren aanvraag,res_c561e158-62af-4d50-bb96-33472303cf4c,Role 1,2012-02-27 21:32:26.535834545,649,1,res_c561e158-62af-4d50-bb96-33472303cf4c,2012-02-27 21:30:06.243042545,0.02564102564102564
Case677,W_Nabellen offertes,res_90ea4c98-054c-4dd3-aadb-9d56713379c2,Role 1,2012-02-27 21:56:25.704796545,648,1,res_90ea4c98-054c-4dd3-aadb-9d56713379c2,2012-02-27 21:54:10.677233545,0.02564102564102564
Case678,W_Completeren aanvraag,res_a117c367-ca0b-4fb8-9736-c1d7d3de62d1,Role 1,2012-02-27 21:53:05.745248591,648,1,res_a117c367-ca0b-4fb8-9736-c1d7d3de62d1,2012-02-27 21:50:45.401176591,0.0
Case678,W_Nabellen offertes,res_90ea4c98-054c-4dd3-aadb-9d56713379c2,Role 1,2012-02-27 22:18:57.772964291,646,1,res_90ea4c98-054c-4dd3-aadb-9d56713379c2,2012-02-27 22:16:42.336410291,0.02564102564102564
Case678,W_Nabellen offertes,res_7b5eefe7-a9c7-4c10-ace5-1fd3772097ff,Role 1,2012-03-06 09:51:17.573721591,638,1,res_7b5eefe7-a9c7-4c10-ace5-1fd3772097ff,2012-03-06 09:49:32.368545591,0.0
Case678,W_Nabellen offertes,res_c561e158-62af-4d50-bb96-33472303cf4c,Role 1,2012-03-08 06:56:53.816591891,628,1,res_c561e158-62af-4d50-bb96-33472303cf4c,2012-03-08 06:52:11.816085891,0.0
Case678,W_Nabellen offertes,res_d9486917-858c-4563-bf95-164b83d8a3d8,Role 1,2012-03-09 19:52:59.432211491,623,1,res_d9486917-858c-4563-bf95-164b83d8a3d8,2012-03-09 19:51:20.976221491,0.0
Case679,W_Completeren aanvraag,res_90ea4c98-054c-4dd3-aadb-9d56713379c2,Role 1,2012-02-27 22:11:17.282257572,647,1,res_90ea4c98-054c-4dd3-aadb-9d56713379c2,2012-02-27 22:08:57.472247572,0.0
Case68,W_Completeren aanvraag,res_6d1d995e-4384-448a-9bf8-9fb7d8013316,Role 1,2012-02-15 08:19:01.451131535,538,1,res_6d1d995e-4384-448a-9bf8-9fb7d8013316,2012-02-15 08:16:06.572765535,0.0
Case680,W_Completeren aanvraag,res_094e34c1-5472-4e50-8ca3-650a6a34e4ec,Role 1,2012-02-27 22:32:13.062551455,647,1,res_094e34c1-5472-4e50-8ca3-650a6a34e4ec,2012-02-27 22:29:53.756957455,0.0
Case681,W_Afhandelen leads,res_e9f54089-f03e-4dc1-a453-57f4acf2c7fb,Role 1,2012-02-28 10:38:44.885082449,638,0,res_e9f54089-f03e-4dc1-a453-57f4acf2c7fb,2012-02-28 10:35:46.639309449,0.0
Case681,W_Completeren aanvraag,res_fa4ebd56-fe09-4e12-ab6b-f564242582f3,Role 1,2012-02-28 12:30:08.080178949,641,1,res_fa4ebd56-fe09-4e12-ab6b-f564242582f3,2012-02-28 12:27:42.748111949,0.02564102564102564
Case681,W_Nabellen offertes,res_c05ba8c3-4cba-4513-8bb9-b3faa8713cc7,Role 1,2012-02-29 17:05:28.735002949,631,1,res_c05ba8c3-4cba-4513-8bb9-b3faa8713cc7,2012-02-29 17:03:20.415131949,0.0
Case681,W_Nabellen offertes,res_c475f0b2-f190-4931-b0ab-7a7e8189e241,Role 1,2012-03-06 21:30:34.599671649,639,1,res_c475f0b2-f190-4931-b0ab-7a7e8189e241,2012-03-06 21:24:05.253167649,0.0
Case681,W_Nabellen offertes,res_4d8dd482-f3ce-4175-9cd8-f5584cb38f63,Role 1,2012-03-08 09:39:00.778108549,631,2,res_4d8dd482-f3ce-4175-9cd8-f5584cb38f63,2012-03-08 09:37:13.346405549,0.02564102564102564
Case681,W_Nabellen offertes,res_0dd9fb20-75d3-4949-8e8b-38b1e2a52fbf,Role 1,2012-03-09 23:34:28.647035449,617,1,res_0dd9fb20-75d3-4949-8e8b-38b1e2a52fbf,2012-03-09 23:32:37.245096449,0.0
Case682,W_Completeren aanvraag,res_32a810af-a1e0-4835-afe4-a9e543c58a25,Role 1,2012-02-28 10:49:40.209166718,638,1,res_32a810af-a1e0-4835-afe4-a9e543c58a25,2012-02-28 10:47:06.665114718,0.0
Case682,W_Nabellen offertes,res_fa4ebd56-fe09-4e12-ab6b-f564242582f3,Role 1,2012-02-28 11:37:07.784521518,641,1,res_fa4ebd56-fe09-4e12-ab6b-f564242582f3,2012-02-28 11:34:47.631662518,0.0
Case683,W_Afhandelen leads,res_32a810af-a1e0-4835-afe4-a9e543c58a25,Role 1,2012-02-28 10:56:16.179901932,639,0,res_32a810af-a1e0-4835-afe4-a9e543c58a25,2012-02-28 10:53:18.412554932,0.0
Case683,W_Completeren aanvraag,res_c77d0074-5613-45fd-a890-6d80edada349,Role 1,2012-02-28 12:42:58.391604532,641,1,res_c77d0074-5613-45fd-a890-6d80edada349,2012-02-28 12:40:31.864365532,0.0
Case683,W_Nabellen offertes,res_e08dd225-6ddd-45bc-b1b2-7c6cf10375f6,Role 1,2012-02-29 18:26:15.723571732,638,1,res_e08dd225-6ddd-45bc-b1b2-7c6cf10375f6,2012-02-29 18:24:10.771704732,0.02564102564102564
Case683,W_Nabellen offertes,res_6d1d995e-4384-448a-9bf8-9fb7d8013316,Role 1,2012-03-07 03:01:10.775664232,636,1,res_6d1d995e-4384-448a-9bf8-9fb7d8013316,2012-03-07 02:56:55.429968232,0.0
Case684,W_Afhandelen leads,res_4d8dd482-f3ce-4175-9cd8-f5584cb38f63,Role 1,2012-02-28 11:02:41.799190070,640,0,res_4d8dd482-f3ce-4175-9cd8-f5584cb38f63,2012-02-28 10:59:44.264234070,0.0
Case684,W_Completeren aanvraag,res_ffdbf4b7-c588-487c-b4ec-ae52c332aeda,Role 1,2012-02-28 12:46:42.591207570,641,1,res_ffdbf4b7-c588-487c-b4ec-ae52c332aeda,2012-02-28 12:44:15.897997570,0.0
Case684,W_Completeren aanvraag,res_90ea4c98-054c-4dd3-aadb-9d56713379c2,Role 1,2012-02-28 15:59:43.699686370,642,1,res_90ea4c98-054c-4dd3-aadb-9d56713379c2,2012-02-28 15:57:25.902282370,0.0
Case685,W_Completeren aanvraag,res_b48df80a-ad89-4a8c-8f9d-edecf950fdb5,Role 1,2012-02-28 11:08:15.763077635,641,1,res_b48df80a-ad89-4a8c-8f9d-edecf950fdb5,2012-02-28 11:05:43.922326635,0.0
Case685,W_Nabellen offertes,res_240d458f-f7c5-4593-8aba-741926c2775b,Role 1,2012-02-28 11:54:18.190358335,641,1,res_240d458f-f7c5-4593-8aba-741926c2775b,2012-02-28 11:51:57.682143335,0.0
Case686,W_Completeren aanvraag,res_63a2ec71-0edb-4961-a972-295906b733b9,Role 1,2012-02-28 11:15:12.194973533,642,1,res_63a2ec71-0edb-4961-a972-295906b733b9,2012-02-28 11:12:41.004820533,0.0
Case686,W_Nabellen offertes,res_ffdbf4b7-c588-487c-b4ec-ae52c332aeda,Role 1,2012-02-28 12:00:41.848712633,641,1,res_ffdbf4b7-c588-487c-b4ec-ae52c332aeda,2012-02-28 11:58:21.298656633,0.02564102564102564
Case686,W_Nabellen offertes,res_e9f54089-f03e-4dc1-a453-57f4acf2c7fb,Role 1,2012-03-06 21:52:56.517644733,638,2,res_e9f54089-f03e-4dc1-a453-57f4acf2c7fb,2012-03-06 21:49:16.795118733,0.02564102564102564
Case686,W_Nabellen offertes,res_c66fd8c7-ae25-415c-80c1-ac9cc1be7147,Role 1,2012-03-08 11:57:15.239745633,630,1,res_c66fd8c7-ae25-415c-80c1-ac9cc1be7147,2012-03-08 11:55:34.222087633,0.0
Case686,W_Nabellen offertes,res_ffdbf4b7-c588-487c-b4ec-ae52c332aeda,Role 1,2012-03-10 01:33:57.422250333,615,1,res_ffdbf4b7-c588-487c-b4ec-ae52c332aeda,2012-03-10 01:28:42.122750333,0.0
Case687,W_Completeren aanvraag,res_0dd9fb20-75d3-4949-8e8b-38b1e2a52fbf,Role 1,2012-02-28 11:23:53.978701363,643,1,res_0dd9fb20-75d3-4949-8e8b-38b1e2a52fbf,2012-02-28 11:21:23.869106363,0.02564102564102564
Case688,W_Afhandelen leads,res_0dd9fb20-75d3-4949-8e8b-38b1e2a52fbf,Role 1,2012-02-28 11:38:12.365263885,641,0,res_0dd9fb20-75d3-4949-8e8b-38b1e2a52fbf,2012-02-28 11:35:16.019202885,0.0
Case688,W_Completeren aanvraag,res_0dd9fb20-75d3-4949-8e8b-38b1e2a52fbf,Role 1,2012-02-28 13:03:13.296457785,643,1,res_0dd9fb20-75d3-4949-8e8b-38b1e2a52fbf,2012-02-28 13:00:46.470858785,0.02564102564102564
Case688,W_Completeren aanvraag,res_3835d2af-f74a-47b9-b054-8234859b6abe,Role 1,2012-02-28 16:19:11.415846385,642,1,res_3835d2af-f74a-47b9-b054-8234859b6abe,2012-02-28 16:16:54.192586385,0.0
Case688,W_Nabellen offertes,res_c561e158-62af-4d50-bb96-33472303cf4c,Role 1,2012-02-29 06:22:52.295877785,631,1,res_c561e158-62af-4d50-bb96-33472303cf4c,2012-02-29 06:20:02.200124785,0.0
Case688,W_Nabellen offertes,res_fa4ebd56-fe09-4e12-ab6b-f564242582f3,Role 1,2012-03-03 22:52:14.493415885,642,1,res_fa4ebd56-fe09-4e12-ab6b-f564242582f3,2012-03-03 22:50:30.608171885,0.0
Case689,W_Completeren aanvraag,res_3d71865b-e63e-44f8-a4fd-ece0ef216fef,Role 1,2012-02-28 11:38:39.235714306,642,1,res_3d71865b-e63e-44f8-a4fd-ece0ef216fef,2012-02-28 11:36:10.421267306,0.02564102564102564
Case69,W_Afhandelen leads,res_4d8dd482-f3ce-4175-9cd8-f5584cb38f63,Role 1,2012-02-15 08:27:58.901300626,538,0,res_4d8dd482-f3ce-4175-9cd8-f5584cb38f63,2012-02-15 08:24:40.370040627,0.0
Case69,W_Completeren aanvraag,res_b48df80a-ad89-4a8c-8f9d-edecf950fdb5,Role 1,2012-02-15 10:24:57.324701927,548,1,res_b48df80a-ad89-4a8c-8f9d-edecf950fdb5,2012-02-15 10:22:22.807660927,0.0
Case69,W_Completeren aanvraag,res_d9a4b451-1c76-46c3-87c6-97373bec81d0,Role 1,2012-02-15 14:46:33.913509127,556,1,res_d9a4b451-1c76-46c3-87c6-97373bec81d0,2012-02-15 14:44:11.763659127,0.0
Case69,W_Nabellen offertes,res_f8a5c2f7-852b-4750-a5bc-71d8a9f25fcd,Role 1,2012-02-16 06:40:25.024807027,560,1,res_f8a5c2f7-852b-4750-a5bc-71d8a9f25fcd,2012-02-16 06:37:37.268109027,0.0
Case69,W_Nabellen offertes,res_e9f54089-f03e-4dc1-a453-57f4acf2c7fb,Role 1,2012-02-21 05:35:50.185190827,617,1,res_e9f54089-f03e-4dc1-a453-57f4acf2c7fb,2012-02-21 05:34:12.662655827,0.0
Case69,W_Nabellen offertes,res_90ea4c98-054c-4dd3-aadb-9d56713379c2,Role 1,2012-02-22 20:32:22.829752527,615,1,res_90ea4c98-054c-4dd3-aadb-9d56713379c2,2012-02-22 20:25:32.148706527,0.0
Case690,W_Afhandelen leads,res_8f2bf97e-8175-4ba4-882d-f6b7957c1a2c,Role 1,2012-02-28 11:56:39.986748064,641,0,res_8f2bf97e-8175-4ba4-882d-f6b7957c1a2c,2012-02-28 11:53:44.209404064,0.0
Case690,W_Completeren aanvraag,res_c66fd8c7-ae25-415c-80c1-ac9cc1be7147,Role 1,2012-02-28 13:14:06.688725363,644,1,res_c66fd8c7-ae25-415c-80c1-ac9cc1be7147,2012-02-28 13:11:39.423682364,0.02564102564102564
Case690,W_Completeren aanvraag,res_4d8dd482-f3ce-4175-9cd8-f5584cb38f63,Role 1,2012-02-28 16:22:03.547461464,642,1,res_4d8dd482-f3ce-4175-9cd8-f5584cb38f63,2012-02-28 16:19:46.415654464,0.0
Case690,W_Completeren aanvraag,res_c05ba8c3-4cba-4513-8bb9-b3faa8713cc7,Role 1,2012-02-28 17:40:45.342996763,643,1,res_c05ba8c3-4cba-4513-8bb9-b3faa8713cc7,2012-02-28 17:38:45.714902763,0.0
Case690,W_Nabellen offertes,res_fa4ebd56-fe09-4e12-ab6b-f564242582f3,Role 1,2012-02-28 21:41:58.596659564,644,1,res_fa4ebd56-fe09-4e12-ab6b-f564242582f3,2012-02-28 21:40:24.084624564,0.0
Case691,W_Afhandelen leads,res_fe8f604a-4f72-4c5b-9082-2dc751f7d4b9,Role 1,2012-02-28 12:18:02.958707158,641,0,res_fe8f604a-4f72-4c5b-9082-2dc751f7d4b9,2012-02-28 12:15:07.695146158,0.0
Case691,W_Completeren aanvraag,res_0dd9fb20-75d3-4949-8e8b-38b1e2a52fbf,Role 1,2012-02-28 13:28:38.695229958,643,2,res_0dd9fb20-75d3-4949-8e8b-38b1e2a52fbf,2012-02-28 13:26:12.889032958,0.02564102564102564
Case691,W_Nabellen offertes,res_ee19d540-6f30-4eb3-abd5-d42bf0a0cc9f,Role 1,2012-02-29 15:56:40.427714058,634,1,res_ee19d540-6f30-4eb3-abd5-d42bf0a0cc9f,2012-02-29 15:54:30.245989058,0.0
Case692,W_Afhandelen leads,res_094e34c1-5472-4e50-8ca3-650a6a34e4ec,Role 1,2012-02-28 12:38:54.118875128,642,0,res_094e34c1-5472-4e50-8ca3-650a6a34e4ec,2012-02-28 12:36:00.957519128,0.02564102564102564
Case692,W_Completeren aanvraag,res_c475f0b2-f190-4931-b0ab-7a7e8189e241,Role 1,2012-02-28 13:46:19.628406728,644,1,res_c475f0b2-f190-4931-b0ab-7a7e8189e241,2012-02-28 13:43:51.755316728,0.02564102564102564
Case692,W_Nabellen offertes,res_5423e6a8-eed7-4dc9-b44d-98691c53411e,Role 1,2012-02-29 16:03:27.577778428,633,1,res_5423e6a8-eed7-4dc9-b44d-98691c53411e,2012-02-29 16:01:17.171862428,0.02564102564102564
Case693,W_Completeren aanvraag,res_c66fd8c7-ae25-415c-80c1-ac9cc1be7147,Role 1,2012-02-28 12:38:41.214403877,643,2,res_c66fd8c7-ae25-415c-80c1-ac9cc1be7147,2012-02-28 12:36:21.106431877,0.05128205128205128
Case693,W_Nabellen offertes,res_7b5eefe7-a9c7-4c10-ace5-1fd3772097ff,Role 1,2012-02-28 13:14:48.183812177,644,1,res_7b5eefe7-a9c7-4c10-ace5-1fd3772097ff,2012-02-28 13:12:28.319069177,0.0
Case694,W_Afhandelen leads,res_ee19d540-6f30-4eb3-abd5-d42bf0a0cc9f,Role 1,2012-02-28 13:05:42.752691838,644,0,res_ee19d540-6f30-4eb3-abd5-d42bf0a0cc9f,2012-02-28 13:02:47.833310838,0.0
Case694,W_Completeren aanvraag,res_cd5fe8a1-7bca-4ddc-9e04-e32a42150d6e,Role 1,2012-02-28 14:07:45.379498038,643,1,res_cd5fe8a1-7bca-4ddc-9e04-e32a42150d6e,2012-02-28 14:05:15.784288038,0.0
Case695,W_Completeren aanvraag,res_7b5eefe7-a9c7-4c10-ace5-1fd3772097ff,Role 1,2012-02-28 13:22:12.442326198,643,1,res_7b5eefe7-a9c7-4c10-ace5-1fd3772097ff,2012-02-28 13:19:49.383187198,0.0
Case695,W_Nabellen offertes,res_4d8dd482-f3ce-4175-9cd8-f5584cb38f63,Role 1,2012-02-28 13:53:30.790850098,644,1,res_4d8dd482-f3ce-4175-9cd8-f5584cb38f63,2012-02-28 13:51:08.123481098,0.0
Case696,W_Afhandelen leads,res_63a2ec71-0edb-4961-a972-295906b733b9,Role 1,2012-02-28 13:39:40.616427734,644,0,res_63a2ec71-0edb-4961-a972-295906b733b9,2012-02-28 13:36:44.888389734,0.0
Case696,W_Completeren aanvraag,res_6d1d995e-4384-448a-9bf8-9fb7d8013316,Role 1,2012-02-28 14:38:18.862827034,642,1,res_6d1d995e-4384-448a-9bf8-9fb7d8013316,2012-02-28 14:35:48.549901034,0.0
Case696,W_Completeren aanvraag,res_03b72214-605a-4b4f-97a5-ea18baa453ee,Role 1,2012-02-28 16:26:32.612137134,643,1,res_03b72214-605a-4b4f-97a5-ea18baa453ee,2012-02-28 16:24:16.035716134,0.02564102564102564
Case697,W_Afhandelen leads,res_f8a5c2f7-852b-4750-a5bc-71d8a9f25fcd,Role 1,2012-02-28 13:41:17.114444939,645,1,res_f8a5c2f7-852b-4750-a5bc-71d8a9f25fcd,2012-02-28 13:38:32.685072939,0.05128205128205128
Case697,W_Completeren aanvraag,res_5423e6a8-eed7-4dc9-b44d-98691c53411e,Role 1,2012-02-28 14:40:40.555130238,642,2,res_5423e6a8-eed7-4dc9-b44d-98691c53411e,2012-02-28 14:38:14.944809238,0.02564102564102564
Case698,W_Completeren aanvraag,res_ee19d540-6f30-4eb3-abd5-d42bf0a0cc9f,Role 1,2012-02-28 14:04:59.832461023,643,1,res_ee19d540-6f30-4eb3-abd5-d42bf0a0cc9f,2012-02-28 14:02:37.362117023,0.0
Case699,W_Completeren aanvraag,res_3d71865b-e63e-44f8-a4fd-ece0ef216fef,Role 1,2012-02-28 14:39:28.243876679,642,1,res_3d71865b-e63e-44f8-a4fd-ece0ef216fef,2012-02-28 14:37:05.648010679,0.0
Case7,W_Afhandelen leads,res_fa4ebd56-fe09-4e12-ab6b-f564242582f3,Role 1,2012-02-13 20:02:55.769472909,525,0,res_fa4ebd56-fe09-4e12-ab6b-f564242582f3,2012-02-13 19:59:47.513914909,0.0
Case7,W_Completeren aanvraag,res_fa4ebd56-fe09-4e12-ab6b-f564242582f3,Role 1,2012-02-13 21:01:45.108492409,523,1,res_fa4ebd56-fe09-4e12-ab6b-f564242582f3,2012-02-13 20:59:15.560310409,0.0
Case70,W_Completeren aanvraag,res_094e34c1-5472-4e50-8ca3-650a6a34e4ec,Role 1,2012-02-15 08:32:10.662817285,539,1,res_094e34c1-5472-4e50-8ca3-650a6a34e4ec,2012-02-15 08:29:16.410145285,0.0
Case700,W_Afhandelen leads,res_c66fd8c7-ae25-415c-80c1-ac9cc1be7147,Role 1,2012-02-28 14:59:53.107667216,642,0,res_c66fd8c7-ae25-415c-80c1-ac9cc1be7147,2012-02-28 14:56:53.426417216,0.0
Case700,W_Completeren aanvraag,res_f8a5c2f7-852b-4750-a5bc-71d8a9f25fcd,Role 1,2012-02-28 15:55:43.762253816,642,1,res_f8a5c2f7-852b-4750-a5bc-71d8a9f25fcd,2012-02-28 15:53:11.914724816,0.0
Case700,W_Nabellen offertes,res_f8a5c2f7-852b-4750-a5bc-71d8a9f25fcd,Role 1,2012-02-29 12:56:33.042733516,629,1,res_f8a5c2f7-852b-4750-a5bc-71d8a9f25fcd,2012-02-29 12:54:01.786962516,0.02564102564102564
Case700,W_Nabellen offertes,res_3835d2af-f74a-47b9-b054-8234859b6abe,Role 1,2012-03-06 17:35:43.170721616,646,1,res_3835d2af-f74a-47b9-b054-8234859b6abe,2012-03-06 17:33:41.756129616,0.0
Case701,W_Completeren aanvraag,res_d9486917-858c-4563-bf95-164b83d8a3d8,Role 1,2012-02-28 15:40:24.134667296,642,1,res_d9486917-858c-4563-bf95-164b83d8a3d8,2012-02-28 15:38:00.660783296,0.0
Case701,W_Completeren aanvraag,res_5423e6a8-eed7-4dc9-b44d-98691c53411e,Role 1,2012-02-28 16:35:13.061118996,641,1,res_5423e6a8-eed7-4dc9-b44d-98691c53411e,2012-02-28 16:32:45.467176996,0.0
Case701,W_Completeren aanvraag,res_c77d0074-5613-45fd-a890-6d80edada349,Role 1,2012-02-28 18:01:09.444289796,645,1,res_c77d0074-5613-45fd-a890-6d80edada349,2012-02-28 17:58:54.406478796,0.0
Case701,W_Completeren aanvraag,res_b48df80a-ad89-4a8c-8f9d-edecf950fdb5,Role 1,2012-02-28 18:37:48.748571596,643,1,res_b48df80a-ad89-4a8c-8f9d-edecf950fdb5,2012-02-28 18:35:54.585587596,0.0
Case701,W_Completeren aanvraag,res_a6b7a9b9-8dde-47b4-ba71-c31305bfae5d,Role 1,2012-02-28 19:04:33.779550296,643,1,res_a6b7a9b9-8dde-47b4-ba71-c31305bfae5d,2012-02-28 19:02:53.495834296,0.0
Case701,W_Completeren aanvraag,res_c66fd8c7-ae25-415c-80c1-ac9cc1be7147,Role 1,2012-02-28 19:29:58.423075596,643,1,res_c66fd8c7-ae25-415c-80c1-ac9cc1be7147,2012-02-28 19:28:22.633496596,0.0
Case701,W_Completeren aanvraag,res_d9a4b451-1c76-46c3-87c6-97373bec81d0,Role 1,2012-02-28 19:55:38.891669396,644,1,res_d9a4b451-1c76-46c3-87c6-97373bec81d0,2012-02-28 19:54:04.507526396,0.0
Case702,W_Afhandelen leads,res_4d8dd482-f3ce-4175-9cd8-f5584cb38f63,Role 1,2012-02-28 16:11:02.196729120,643,0,res_4d8dd482-f3ce-4175-9cd8-f5584cb38f63,2012-02-28 16:07:58.951246120,0.0
Case702,W_Completeren aanvraag,res_f8a5c2f7-852b-4750-a5bc-71d8a9f25fcd,Role 1,2012-02-28 17:05:33.225768220,643,1,res_f8a5c2f7-852b-4750-a5bc-71d8a9f25fcd,2012-02-28 17:03:01.440979220,0.02564102564102564
Case702,W_Completeren aanvraag,res_240d458f-f7c5-4593-8aba-741926c2775b,Role 1,2012-02-28 18:26:20.972047720,644,1,res_240d458f-f7c5-4593-8aba-741926c2775b,2012-02-28 18:24:05.275665720,0.0
Case702,W_Nabellen offertes,res_f8a5c2f7-852b-4750-a5bc-71d8a9f25fcd,Role 1,2012-02-29 05:11:29.691649520,634,2,res_f8a5c2f7-852b-4750-a5bc-71d8a9f25fcd,2012-02-29 05:09:01.750466520,0.02564102564102564
Case703,W_Afhandelen leads,res_4d8dd482-f3ce-4175-9cd8-f5584cb38f63,Role 1,2012-02-28 16:39:59.374401697,642,0,res_4d8dd482-f3ce-4175-9cd8-f5584cb38f63,2012-02-28 16:36:56.794970697,0.02564102564102564
Case703,W_Completeren aanvraag,res_d9486917-858c-4563-bf95-164b83d8a3d8,Role 1,2012-02-28 17:34:18.492491397,643,1,res_d9486917-858c-4563-bf95-164b83d8a3d8,2012-02-28 17:31:45.798565397,0.0
Case703,W_Completeren aanvraag,res_3038739b-6c1c-42c1-b9ac-27ac6cc55a89,Role 1,2012-02-28 18:52:17.571231297,643,2,res_3038739b-6c1c-42c1-b9ac-27ac6cc55a89,2012-02-28 18:50:03.560468297,0.02564102564102564
Case703,W_Completeren aanvraag,res_13a07171-afed-4486-9431-2507f9aacd76,Role 1,2012-02-28 19:31:44.853092497,643,1,res_13a07171-afed-4486-9431-2507f9aacd76,2012-02-28 19:29:50.475799497,0.0
Case703,W_Nabellen offertes,res_cd5fe8a1-7bca-4ddc-9e04-e32a42150d6e,Role 1,2012-02-28 23:14:10.869785097,640,1,res_cd5fe8a1-7bca-4ddc-9e04-e32a42150d6e,2012-02-28 23:12:36.669215097,0.0
Case704,W_Afhandelen leads,res_4d8dd482-f3ce-4175-9cd8-f5584cb38f63,Role 1,2012-02-28 16:41:18.719458879,642,1,res_4d8dd482-f3ce-4175-9cd8-f5584cb38f63,2012-02-28 16:38:22.427849879,0.02564102564102564
Case704,W_Completeren aanvraag,res_b48df80a-ad89-4a8c-8f9d-edecf950fdb5,Role 1,2012-02-28 17:35:28.003366579,643,2,res_b48df80a-ad89-4a8c-8f9d-edecf950fdb5,2012-02-28 17:32:59.867032579,0.02564102564102564
Case704,W_Nabellen offertes,res_fdf1178c-5a31-4f5e-8867-f12efd24326c,Role 1,2012-02-29 15:10:48.652494679,635,1,res_fdf1178c-5a31-4f5e-8867-f12efd24326c,2012-02-29 15:08:39.310897679,0.0
Case704,W_Nabellen offertes,res_e08dd225-6ddd-45bc-b1b2-7c6cf10375f6,Role 1,2012-03-07 11:35:59.373956579,638,1,res_e08dd225-6ddd-45bc-b1b2-7c6cf10375f6,2012-03-07 11:34:20.546463579,0.0
Case704,W_Nabellen offertes,res_32a810af-a1e0-4835-afe4-a9e543c58a25,Role 1,2012-03-09 00:48:02.171138079,623,1,res_32a810af-a1e0-4835-afe4-a9e543c58a25,2012-03-09 00:37:22.294656079,0.0
Case704,W_Nabellen offertes,res_0dcb8a75-60b3-457b-aac5-fe91506450da,Role 1,2012-03-10 19:41:21.244808779,617,1,res_0dcb8a75-60b3-457b-aac5-fe91506450da,2012-03-10 19:39:38.608154779,0.0
Case704,W_Nabellen offertes,res_ee19d540-6f30-4eb3-abd5-d42bf0a0cc9f,Role 1,2012-03-12 22:01:48.787725279,596,1,res_ee19d540-6f30-4eb3-abd5-d42bf0a0cc9f,2012-03-12 22:00:15.930634279,0.0
Case705,W_Afhandelen leads,res_c66fd8c7-ae25-415c-80c1-ac9cc1be7147,Role 1,2012-02-28 17:00:33.005228643,643,0,res_c66fd8c7-ae25-415c-80c1-ac9cc1be7147,2012-02-28 16:57:27.893539643,0.0
Case705,W_Completeren aanvraag,res_63a2ec71-0edb-4961-a972-295906b733b9,Role 1,2012-02-28 17:54:53.211531843,645,2,res_63a2ec71-0edb-4961-a972-295906b733b9,2012-02-28 17:52:23.276999843,0.02564102564102564
Case705,W_Nabellen offertes,res_4a606e00-143e-4039-9760-70b3cb78e66a,Role 1,2012-02-29 15:32:11.233993943,633,1,res_4a606e00-143e-4039-9760-70b3cb78e66a,2012-02-29 15:30:03.450721943,0.0
Case706,W_Completeren aanvraag,res_4d8dd482-f3ce-4175-9cd8-f5584cb38f63,Role 1,2012-02-28 17:40:52.997028262,644,1,res_4d8dd482-f3ce-4175-9cd8-f5584cb38f63,2012-02-28 17:38:28.075786262,0.0
Case706,W_Nabellen offertes,res_3835d2af-f74a-47b9-b054-8234859b6abe,Role 1,2012-02-28 17:59:57.218939662,645,1,res_3835d2af-f74a-47b9-b054-8234859b6abe,2012-02-28 17:57:37.620674662,0.0
Case707,W_Afhandelen leads,res_e08dd225-6ddd-45bc-b1b2-7c6cf10375f6,Role 1,2012-02-28 17:41:40.394208361,645,0,res_e08dd225-6ddd-45bc-b1b2-7c6cf10375f6,2012-02-28 17:38:36.135351361,0.02564102564102564
Case707,W_Completeren aanvraag,res_03b72214-605a-4b4f-97a5-ea18baa453ee,Role 1,2012-02-28 18:36:34.943534461,643,1,res_03b72214-605a-4b4f-97a5-ea18baa453ee,2012-02-28 18:34:02.350125461,0.0
Case708,W_Completeren aanvraag,res_6d1d995e-4384-448a-9bf8-9fb7d8013316,Role 1,2012-02-28 18:07:10.599642487,644,1,res_6d1d995e-4384-448a-9bf8-9fb7d8013316,2012-02-28 18:04:45.735654487,0.0
Case708,W_Completeren aanvraag,res_a6b7a9b9-8dde-47b4-ba71-c31305bfae5d,Role 1,2012-02-28 19:02:45.067630887,643,1,res_a6b7a9b9-8dde-47b4-ba71-c31305bfae5d,2012-02-28 19:00:18.480584887,0.0
Case708,W_Completeren aanvraag,res_c66fd8c7-ae25-415c-80c1-ac9cc1be7147,Role 1,2012-02-28 20:42:17.962012087,642,1,res_c66fd8c7-ae25-415c-80c1-ac9cc1be7147,2012-02-28 20:40:04.358662087,0.0
Case708,W_Completeren aanvraag,res_240d458f-f7c5-4593-8aba-741926c2775b,Role 1,2012-02-28 22:42:39.410844887,641,1,res_240d458f-f7c5-4593-8aba-741926c2775b,2012-02-28 22:40:41.950406887,0.0
Case708,W_Nabellen offertes,res_3038739b-6c1c-42c1-b9ac-27ac6cc55a89,Role 1,2012-02-29 14:02:37.617860987,634,1,res_3038739b-6c1c-42c1-b9ac-27ac6cc55a89,2012-02-29 14:00:43.620267987,0.0
Case708,W_Nabellen offertes,res_4a606e00-143e-4039-9760-70b3cb78e66a,Role 1,2012-03-01 17:17:35.135162187,636,1,res_4a606e00-143e-4039-9760-70b3cb78e66a,2012-03-01 17:15:37.052878187,0.05128205128205128
Case709,W_Completeren aanvraag,res_fdf1178c-5a31-4f5e-8867-f12efd24326c,Role 1,2012-02-28 18:39:28.651751914,643,1,res_fdf1178c-5a31-4f5e-8867-f12efd24326c,2012-02-28 18:37:04.061060914,0.0
Case709,W_Completeren aanvraag,res_32a810af-a1e0-4835-afe4-a9e543c58a25,Role 1,2012-02-28 19:36:27.239456614,644,1,res_32a810af-a1e0-4835-afe4-a9e543c58a25,2012-02-28 19:34:01.401404614,0.0
Case709,W_Completeren aanvraag,res_c77d0074-5613-45fd-a890-6d80edada349,Role 1,2012-02-28 21:28:14.256618214,643,1,res_c77d0074-5613-45fd-a890-6d80edada349,2012-02-28 21:26:00.876379214,0.0
Case71,W_Completeren aanvraag,res_3835d2af-f74a-47b9-b054-8234859b6abe,Role 1,2012-02-15 08:37:31.775020627,539,1,res_3835d2af-f74a-47b9-b054-8234859b6abe,2012-02-15 08:34:37.785303627,0.0
Case71,W_Nabellen offertes,res_8f2bf97e-8175-4ba4-882d-f6b7957c1a2c,Role 1,2012-02-15 09:35:27.288489627,545,1,res_8f2bf97e-8175-4ba4-882d-f6b7957c1a2c,2012-02-15 09:33:00.534278627,0.0
Case71,W_Nabellen offertes,res_e9f54089-f03e-4dc1-a453-57f4acf2c7fb,Role 1,2012-02-22 12:03:50.199074527,623,1,res_e9f54089-f03e-4dc1-a453-57f4acf2c7fb,2012-02-22 12:02:08.704696527,0.02564102564102564
Case710,W_Completeren aanvraag,res_ffdbf4b7-c588-487c-b4ec-ae52c332aeda,Role 1,2012-02-28 19:27:28.013112343,644,1,res_ffdbf4b7-c588-487c-b4ec-ae52c332aeda,2012-02-28 19:25:04.348138343,0.0
Case710,W_Completeren aanvraag,res_f8a5c2f7-852b-4750-a5bc-71d8a9f25fcd,Role 1,2012-02-28 20:26:00.538713143,642,1,res_f8a5c2f7-852b-4750-a5bc-71d8a9f25fcd,2012-02-28 20:23:36.100811143,0.0
Case710,W_Nabellen offertes,res_fe8f604a-4f72-4c5b-9082-2dc751f7d4b9,Role 1,2012-03-02 19:15:26.100945643,634,1,res_fe8f604a-4f72-4c5b-9082-2dc751f7d4b9,2012-03-02 19:13:09.411577643,0.0
Case711,W_Completeren aanvraag,res_3038739b-6c1c-42c1-b9ac-27ac6cc55a89,Role 1,2012-02-28 19:43:36.783773556,644,1,res_3038739b-6c1c-42c1-b9ac-27ac6cc55a89,2012-02-28 19:41:13.510841556,0.0
Case712,W_Afhandelen leads,res_240d458f-f7c5-4593-8aba-741926c2775b,Role 1,2012-02-28 20:42:51.070573296,643,0,res_240d458f-f7c5-4593-8aba-741926c2775b,2012-02-28 20:39:46.473779296,0.0
Case712,W_Completeren aanvraag,res_fdf1178c-5a31-4f5e-8867-f12efd24326c,Role 1,2012-02-28 21:44:00.695692596,641,1,res_fdf1178c-5a31-4f5e-8867-f12efd24326c,2012-02-28 21:41:31.960377596,0.0
Case713,W_Afhandelen leads,res_c66fd8c7-ae25-415c-80c1-ac9cc1be7147,Role 1,2012-02-28 20:43:08.669279231,644,1,res_c66fd8c7-ae25-415c-80c1-ac9cc1be7147,2012-02-28 20:40:11.659920231,0.02564102564102564
Case713,W_Completeren aanvraag,res_8f2bf97e-8175-4ba4-882d-f6b7957c1a2c,Role 1,2012-02-28 21:44:07.331127031,641,2,res_8f2bf97e-8175-4ba4-882d-f6b7957c1a2c,2012-02-28 21:41:43.407724031,0.02564102564102564
Case714,W_Afhandelen leads,res_ffdbf4b7-c588-487c-b4ec-ae52c332aeda,Role 1,2012-02-28 21:41:21.068532947,642,0,res_ffdbf4b7-c588-487c-b4ec-ae52c332aeda,2012-02-28 21:38:22.459053947,0.05128205128205128
Case714,W_Completeren aanvraag,res_554d030c-8ea0-477b-9a72-1469e52cca81,Role 1,2012-02-28 22:45:36.803548147,640,1,res_554d030c-8ea0-477b-9a72-1469e52cca81,2012-02-28 22:43:11.369921147,0.02564102564102564
Case714,W_Nabellen offertes,res_7b5eefe7-a9c7-4c10-ace5-1fd3772097ff,Role 1,2012-03-04 01:51:15.311688347,638,1,res_7b5eefe7-a9c7-4c10-ace5-1fd3772097ff,2012-03-04 01:49:22.715896347,0.0
Case715,W_Completeren aanvraag,res_094e34c1-5472-4e50-8ca3-650a6a34e4ec,Role 1,2012-02-28 21:43:28.594976761,641,1,res_094e34c1-5472-4e50-8ca3-650a6a34e4ec,2012-02-28 21:41:09.695029761,0.02564102564102564
Case716,W_Afhandelen leads,res_ee19d540-6f30-4eb3-abd5-d42bf0a0cc9f,Role 1,2012-02-28 22:14:27.763346696,641,0,res_ee19d540-6f30-4eb3-abd5-d42bf0a0cc9f,2012-02-28 22:11:27.126959696,0.0
Case716,W_Completeren aanvraag,res_3835d2af-f74a-47b9-b054-8234859b6abe,Role 1,2012-02-28 23:22:57.245003996,640,1,res_3835d2af-f74a-47b9-b054-8234859b6abe,2012-02-28 23:20:31.383493996,0.0
Case716,W_Nabellen offertes,res_3835d2af-f74a-47b9-b054-8234859b6abe,Role 1,2012-03-04 01:05:41.320039596,639,1,res_3835d2af-f74a-47b9-b054-8234859b6abe,2012-03-04 01:03:48.083714596,0.0
Case717,W_Afhandelen leads,res_3038739b-6c1c-42c1-b9ac-27ac6cc55a89,Role 1,2012-02-28 22:43:26.907224185,640,0,res_3038739b-6c1c-42c1-b9ac-27ac6cc55a89,2012-02-28 22:40:27.993021185,0.0
Case717,W_Completeren aanvraag,res_6d1d995e-4384-448a-9bf8-9fb7d8013316,Role 1,2012-02-28 23:56:34.350200085,639,1,res_6d1d995e-4384-448a-9bf8-9fb7d8013316,2012-02-28 23:54:09.157411085,0.0
Case718,W_Completeren aanvraag,res_f8a5c2f7-852b-4750-a5bc-71d8a9f25fcd,Role 1,2012-02-29 10:48:52.156677080,629,1,res_f8a5c2f7-852b-4750-a5bc-71d8a9f25fcd,2012-02-29 10:46:12.815808080,0.0
Case718,W_Completeren aanvraag,res_cd5fe8a1-7bca-4ddc-9e04-e32a42150d6e,Role 1,2012-02-29 12:16:20.563823780,634,1,res_cd5fe8a1-7bca-4ddc-9e04-e32a42150d6e,2012-02-29 12:13:47.361766780,0.0
Case719,W_Afhandelen leads,res_c77d0074-5613-45fd-a890-6d80edada349,Role 1,2012-02-29 10:57:51.624073172,629,0,res_c77d0074-5613-45fd-a890-6d80edada349,2012-02-29 10:54:46.613083172,0.0
Case719,W_Completeren aanvraag,res_b48df80a-ad89-4a8c-8f9d-edecf950fdb5,Role 1,2012-02-29 12:23:06.338867871,634,1,res_b48df80a-ad89-4a8c-8f9d-edecf950fdb5,2012-02-29 12:20:32.813753872,0.02564102564102564
Case72,W_Afhandelen leads,res_c475f0b2-f190-4931-b0ab-7a7e8189e241,Role 1,2012-02-15 08:47:19.690500591,540,0,res_c475f0b2-f190-4931-b0ab-7a7e8189e241,2012-02-15 08:44:01.954860591,0.0
Case72,W_Completeren aanvraag,res_13a07171-afed-4486-9431-2507f9aacd76,Role 1,2012-02-15 10:40:37.183646591,550,1,res_13a07171-afed-4486-9431-2507f9aacd76,2012-02-15 10:38:02.858625591,0.0
Case720,W_Completeren aanvraag,res_c66fd8c7-ae25-415c-80c1-ac9cc1be7147,Role 1,2012-02-29 11:02:00.478404830,630,1,res_c66fd8c7-ae25-415c-80c1-ac9cc1be7147,2012-02-29 10:59:22.653187830,0.0
Case721,W_Completeren aanvraag,res_a117c367-ca0b-4fb8-9736-c1d7d3de62d1,Role 1,2012-02-29 11:07:21.261523172,630,1,res_a117c367-ca0b-4fb8-9736-c1d7d3de62d1,2012-02-29 11:04:44.028346172,0.0
Case722,W_Completeren aanvraag,res_b48df80a-ad89-4a8c-8f9d-edecf950fdb5,Role 1,2012-02-29 11:16:44.418830136,630,1,res_b48df80a-ad89-4a8c-8f9d-edecf950fdb5,2012-02-29 11:14:08.197903136,0.0
Case722,W_Nabellen offertes,res_d9486917-858c-4563-bf95-164b83d8a3d8,Role 1,2012-02-29 11:58:56.436793736,633,1,res_d9486917-858c-4563-bf95-164b83d8a3d8,2012-02-29 11:56:33.971375736,0.0
Case722,W_Nabellen offertes,res_0dcb8a75-60b3-457b-aac5-fe91506450da,Role 1,2012-03-08 04:34:47.790714536,625,1,res_0dcb8a75-60b3-457b-aac5-fe91506450da,2012-03-08 04:32:33.320735536,0.0
Case723,W_Afhandelen leads,res_7b5eefe7-a9c7-4c10-ace5-1fd3772097ff,Role 1,2012-02-29 11:24:19.241001046,631,0,res_7b5eefe7-a9c7-4c10-ace5-1fd3772097ff,2012-02-29 11:21:16.362299046,0.0
Case723,W_Completeren aanvraag,res_7b5eefe7-a9c7-4c10-ace5-1fd3772097ff,Role 1,2012-02-29 12:43:33.670225446,632,1,res_7b5eefe7-a9c7-4c10-ace5-1fd3772097ff,2012-02-29 12:41:00.153068446,0.02564102564102564
Case723,W_Completeren aanvraag,res_a117c367-ca0b-4fb8-9736-c1d7d3de62d1,Role 1,2012-02-29 16:44:25.322891546,640,1,res_a117c367-ca0b-4fb8-9736-c1d7d3de62d1,2012-02-29 16:42:06.395323546,0.0
Case723,W_Nabellen offertes,res_e9f54089-f03e-4dc1-a453-57f4acf2c7fb,Role 1,2012-03-01 06:58:42.292608046,636,1,res_e9f54089-f03e-4dc1-a453-57f4acf2c7fb,2012-03-01 06:55:12.667960046,0.0
Case723,W_Nabellen offertes,res_32a810af-a1e0-4835-afe4-a9e543c58a25,Role 1,2012-03-05 22:45:13.259487946,620,1,res_32a810af-a1e0-4835-afe4-a9e543c58a25,2012-03-05 22:43:01.521813946,0.0
Case724,W_Completeren aanvraag,res_d9486917-858c-4563-bf95-164b83d8a3d8,Role 1,2012-02-29 11:34:02.280384970,632,1,res_d9486917-858c-4563-bf95-164b83d8a3d8,2012-02-29 11:31:27.881800970,0.0
Case725,W_Completeren aanvraag,res_fdf1178c-5a31-4f5e-8867-f12efd24326c,Role 1,2012-02-29 11:42:02.080036027,632,1,res_fdf1178c-5a31-4f5e-8867-f12efd24326c,2012-02-29 11:39:28.433370027,0.0
Case725,W_Nabellen offertes,res_094e34c1-5472-4e50-8ca3-650a6a34e4ec,Role 1,2012-02-29 12:22:01.459863827,633,2,res_094e34c1-5472-4e50-8ca3-650a6a34e4ec,2012-02-29 12:19:45.032604827,0.02564102564102564
Case725,W_Nabellen offertes,res_7b5eefe7-a9c7-4c10-ace5-1fd3772097ff,Role 1,2012-03-08 09:11:18.654885827,628,1,res_7b5eefe7-a9c7-4c10-ace5-1fd3772097ff,2012-03-08 09:09:30.643065827,0.05128205128205128
Case725,W_Nabellen offertes,res_fdf1178c-5a31-4f5e-8867-f12efd24326c,Role 1,2012-03-09 23:58:48.331970927,613,1,res_fdf1178c-5a31-4f5e-8867-f12efd24326c,2012-03-09 23:52:13.716194927,0.0
Case726,W_Completeren aanvraag,res_4a606e00-143e-4039-9760-70b3cb78e66a,Role 1,2012-02-29 11:49:00.523322200,633,1,res_4a606e00-143e-4039-9760-70b3cb78e66a,2012-02-29 11:46:27.530755200,0.0
Case727,W_Completeren aanvraag,res_240d458f-f7c5-4593-8aba-741926c2775b,Role 1,2012-02-29 11:49:14.213660949,634,2,res_240d458f-f7c5-4593-8aba-741926c2775b,2012-02-29 11:46:47.679667949,0.02564102564102564
Case727,W_Completeren aanvraag,res_a6b7a9b9-8dde-47b4-ba71-c31305bfae5d,Role 1,2012-02-29 13:03:34.543878849,634,1,res_a6b7a9b9-8dde-47b4-ba71-c31305bfae5d,2012-02-29 13:01:04.474988849,0.02564102564102564
Case727,W_Completeren aanvraag,res_5423e6a8-eed7-4dc9-b44d-98691c53411e,Role 1,2012-02-29 16:54:20.122492849,640,2,res_5423e6a8-eed7-4dc9-b44d-98691c53411e,2012-02-29 16:52:12.285476849,0.02564102564102564
Case728,W_Afhandelen leads,res_0dd9fb20-75d3-4949-8e8b-38b1e2a52fbf,Role 1,2012-02-29 12:03:36.356617921,634,0,res_0dd9fb20-75d3-4949-8e8b-38b1e2a52fbf,2012-02-29 12:00:35.799981921,0.0
Case728,W_Completeren aanvraag,res_63a2ec71-0edb-4961-a972-295906b733b9,Role 1,2012-02-29 13:15:34.974350721,635,1,res_63a2ec71-0edb-4961-a972-295906b733b9,2012-02-29 13:13:01.464782721,0.02564102564102564
Case728,W_Nabellen offertes,res_13a07171-afed-4486-9431-2507f9aacd76,Role 1,2012-03-01 23:23:34.700353721,636,1,res_13a07171-afed-4486-9431-2507f9aacd76,2012-03-01 23:21:42.953200721,0.0
Case728,W_Nabellen offertes,res_fdf1178c-5a31-4f5e-8867-f12efd24326c,Role 1,2012-03-08 10:49:50.905638421,624,1,res_fdf1178c-5a31-4f5e-8867-f12efd24326c,2012-03-08 10:48:13.097102421,0.0
Case729,W_Afhandelen leads,res_c475f0b2-f190-4931-b0ab-7a7e8189e241,Role 1,2012-02-29 12:10:52.630842206,635,0,res_c475f0b2-f190-4931-b0ab-7a7e8189e241,2012-02-29 12:07:54.038834206,0.02564102564102564
Case729,W_Completeren aanvraag,res_094e34c1-5472-4e50-8ca3-650a6a34e4ec,Role 1,2012-02-29 13:21:40.334863406,636,2,res_094e34c1-5472-4e50-8ca3-650a6a34e4ec,2012-02-29 13:19:09.398420406,0.02564102564102564
Case729,W_Nabellen offertes,res_7b5eefe7-a9c7-4c10-ace5-1fd3772097ff,Role 1,2012-03-01 23:16:13.401174906,637,1,res_7b5eefe7-a9c7-4c10-ace5-1fd3772097ff,2012-03-01 23:14:22.753116906,0.0
Case73,W_Afhandelen leads,res_3835d2af-f74a-47b9-b054-8234859b6abe,Role 1,2012-02-15 08:54:27.523402501,541,0,res_3835d2af-f74a-47b9-b054-8234859b6abe,2012-02-15 08:51:10.119256501,0.0
Case73,W_Completeren aanvraag,res_d9a4b451-1c76-46c3-87c6-97373bec81d0,Role 1,2012-02-15 10:46:18.287906101,550,1,res_d9a4b451-1c76-46c3-87c6-97373bec81d0,2012-02-15 10:43:44.840582101,0.02564102564102564
Case73,W_Completeren aanvraag,res_0dcb8a75-60b3-457b-aac5-fe91506450da,Role 1,2012-02-15 15:08:25.446301401,556,2,res_0dcb8a75-60b3-457b-aac5-fe91506450da,2012-02-15 15:06:06.527807401,0.02564102564102564
Case73,W_Nabellen offertes,res_3835d2af-f74a-47b9-b054-8234859b6abe,Role 1,2012-02-16 07:19:12.474067101,559,1,res_3835d2af-f74a-47b9-b054-8234859b6abe,2012-02-16 07:15:53.456219101,0.0
Case73,W_Nabellen offertes,res_ffdbf4b7-c588-487c-b4ec-ae52c332aeda,Role 1,2012-02-21 04:32:35.008308301,614,1,res_ffdbf4b7-c588-487c-b4ec-ae52c332aeda,2012-02-21 04:30:55.632086301,0.0
Case730,W_Completeren aanvraag,res_ee19d540-6f30-4eb3-abd5-d42bf0a0cc9f,Role 1,2012-02-29 12:20:22.502773843,633,1,res_ee19d540-6f30-4eb3-abd5-d42bf0a0cc9f,2012-02-29 12:17:52.461542843,0.02564102564102564
Case731,W_Afhandelen leads,res_554d030c-8ea0-477b-9a72-1469e52cca81,Role 1,2012-02-29 12:35:10.949004213,633,0,res_554d030c-8ea0-477b-9a72-1469e52cca81,2012-02-29 12:32:12.820117213,0.02564102564102564
Case731,W_Completeren aanvraag,res_ee19d540-6f30-4eb3-abd5-d42bf0a0cc9f,Role 1,2012-02-29 13:41:29.377048713,633,2,res_ee19d540-6f30-4eb3-abd5-d42bf0a0cc9f,2012-02-29 13:38:59.274730713,0.05128205128205128
Case731,W_Nabellen offertes,res_5423e6a8-eed7-4dc9-b44d-98691c53411e,Role 1,2012-03-01 22:48:54.587637813,639,1,res_5423e6a8-eed7-4dc9-b44d-98691c53411e,2012-03-01 22:47:04.241084813,0.02564102564102564
Case731,W_Nabellen offertes,res_e08dd225-6ddd-45bc-b1b2-7c6cf10375f6,Role 1,2012-03-08 11:07:12.834016513,624,1,res_e08dd225-6ddd-45bc-b1b2-7c6cf10375f6,2012-03-08 11:05:35.529130513,0.0
Case731,W_Nabellen offertes,res_c05ba8c3-4cba-4513-8bb9-b3faa8713cc7,Role 1,2012-03-10 01:02:14.746474913,612,1,res_c05ba8c3-4cba-4513-8bb9-b3faa8713cc7,2012-03-10 00:52:04.716586913,0.0
Case731,W_Nabellen offertes,res_3d71865b-e63e-44f8-a4fd-ece0ef216fef,Role 1,2012-03-12 11:11:17.599664813,598,1,res_3d71865b-e63e-44f8-a4fd-ece0ef216fef,2012-03-12 11:09:26.596905813,0.0
Case731,W_Nabellen offertes,res_240d458f-f7c5-4593-8aba-741926c2775b,Role 1,2012-03-14 06:04:23.856580512,616,2,res_240d458f-f7c5-4593-8aba-741926c2775b,2012-03-14 06:02:49.327966512,0.02564102564102564
Case731,W_Nabellen offertes,res_c05ba8c3-4cba-4513-8bb9-b3faa8713cc7,Role 1,2012-03-15 20:00:21.880189113,582,1,res_c05ba8c3-4cba-4513-8bb9-b3faa8713cc7,2012-03-15 19:55:17.798048113,0.0
Case731,W_Nabellen offertes,res_e08dd225-6ddd-45bc-b1b2-7c6cf10375f6,Role 1,2012-03-17 08:41:19.046730613,568,1,res_e08dd225-6ddd-45bc-b1b2-7c6cf10375f6,2012-03-17 08:39:41.341135613,0.0
Case731,W_Nabellen offertes,res_c05ba8c3-4cba-4513-8bb9-b3faa8713cc7,Role 1,2012-03-19 00:15:03.640854213,547,1,res_c05ba8c3-4cba-4513-8bb9-b3faa8713cc7,2012-03-19 00:12:32.882386213,0.0
Case732,W_Afhandelen leads,res_b48df80a-ad89-4a8c-8f9d-edecf950fdb5,Role 1,2012-02-29 12:48:40.611532437,633,0,res_b48df80a-ad89-4a8c-8f9d-edecf950fdb5,2012-02-29 12:45:40.791518437,0.0
Case732,W_Completeren aanvraag,res_e9f54089-f03e-4dc1-a453-57f4acf2c7fb,Role 1,2012-02-29 13:53:42.140060437,630,1,res_e9f54089-f03e-4dc1-a453-57f4acf2c7fb,2012-02-29 13:51:07.749256437,0.0
Case733,W_Completeren aanvraag,res_ffdbf4b7-c588-487c-b4ec-ae52c332aeda,Role 1,2012-02-29 12:49:50.949269818,634,1,res_ffdbf4b7-c588-487c-b4ec-ae52c332aeda,2012-02-29 12:47:22.543527818,0.02564102564102564
Case733,W_Nabellen offertes,res_fa4ebd56-fe09-4e12-ab6b-f564242582f3,Role 1,2012-02-29 13:24:33.020942018,635,1,res_fa4ebd56-fe09-4e12-ab6b-f564242582f3,2012-02-29 13:22:13.369301018,0.0
Case733,W_Nabellen offertes,res_03b72214-605a-4b4f-97a5-ea18baa453ee,Role 1,2012-03-08 19:51:38.135878018,625,1,res_03b72214-605a-4b4f-97a5-ea18baa453ee,2012-03-08 19:49:07.335795018,0.0
Case734,W_Completeren aanvraag,res_d9a4b451-1c76-46c3-87c6-97373bec81d0,Role 1,2012-02-29 13:03:33.126107965,635,1,res_d9a4b451-1c76-46c3-87c6-97373bec81d0,2012-02-29 13:01:04.619167966,0.0
Case734,W_Completeren aanvraag,res_6d1d995e-4384-448a-9bf8-9fb7d8013316,Role 1,2012-02-29 14:08:01.242875566,630,1,res_6d1d995e-4384-448a-9bf8-9fb7d8013316,2012-02-29 14:05:29.545194566,0.0
Case734,W_Completeren aanvraag,res_cd5fe8a1-7bca-4ddc-9e04-e32a42150d6e,Role 1,2012-02-29 17:13:42.349245266,640,2,res_cd5fe8a1-7bca-4ddc-9e04-e32a42150d6e,2012-02-29 17:11:33.569714266,0.02564102564102564
Case734,W_Nabellen offertes,res_4d8dd482-f3ce-4175-9cd8-f5584cb38f63,Role 1,2012-03-01 06:14:08.527481366,637,1,res_4d8dd482-f3ce-4175-9cd8-f5584cb38f63,2012-03-01 06:10:08.871283366,0.0
Case735,W_Completeren aanvraag,res_d9486917-858c-4563-bf95-164b83d8a3d8,Role 1,2012-02-29 13:15:16.947131533,636,1,res_d9486917-858c-4563-bf95-164b83d8a3d8,2012-02-29 13:12:48.823668533,0.0
Case735,W_Nabellen offertes,res_3d71865b-e63e-44f8-a4fd-ece0ef216fef,Role 1,2012-02-29 13:47:09.928415433,631,1,res_3d71865b-e63e-44f8-a4fd-ece0ef216fef,2012-02-29 13:44:50.315199433,0.0
Case736,W_Completeren aanvraag,res_4a606e00-143e-4039-9760-70b3cb78e66a,Role 1,2012-02-29 13:33:34.773039339,633,1,res_4a606e00-143e-4039-9760-70b3cb78e66a,2012-02-29 13:31:06.939413339,0.0
Case737,W_Completeren aanvraag,res_c05ba8c3-4cba-4513-8bb9-b3faa8713cc7,Role 1,2012-02-29 13:49:28.436788178,631,2,res_c05ba8c3-4cba-4513-8bb9-b3faa8713cc7,2012-02-29 13:47:06.027660178,0.02564102564102564
Case738,W_Completeren aanvraag,res_90ea4c98-054c-4dd3-aadb-9d56713379c2,Role 1,2012-02-29 13:50:16.947827323,632,3,res_90ea4c98-054c-4dd3-aadb-9d56713379c2,2012-02-29 13:47:58.414833324,0.05128205128205128
Case738,W_Completeren aanvraag,res_c05ba8c3-4cba-4513-8bb9-b3faa8713cc7,Role 1,2012-02-29 14:51:03.921281324,633,1,res_c05ba8c3-4cba-4513-8bb9-b3faa8713cc7,2012-02-29 14:48:36.276385324,0.0
Case738,W_Nabellen offertes,res_554d030c-8ea0-477b-9a72-1469e52cca81,Role 1,2012-03-02 01:11:45.024067224,635,1,res_554d030c-8ea0-477b-9a72-1469e52cca81,2012-03-02 01:09:53.763430224,0.0
Case738,W_Nabellen offertes,res_dfa30272-4bc0-4c82-9bd0-6b4169bccece,Role 1,2012-03-08 11:53:59.165765223,627,1,res_dfa30272-4bc0-4c82-9bd0-6b4169bccece,2012-03-08 11:52:22.675415223,0.02564102564102564
Case739,W_Afhandelen leads,res_90ea4c98-054c-4dd3-aadb-9d56713379c2,Role 1,2012-02-29 14:07:55.114335222,631,0,res_90ea4c98-054c-4dd3-aadb-9d56713379c2,2012-02-29 14:04:52.912590222,0.0
Case739,W_Completeren aanvraag,res_ffdbf4b7-c588-487c-b4ec-ae52c332aeda,Role 1,2012-02-29 15:07:52.066811722,636,1,res_ffdbf4b7-c588-487c-b4ec-ae52c332aeda,2012-02-29 15:05:18.264842722,0.02564102564102564
Case739,W_Completeren aanvraag,res_c77d0074-5613-45fd-a890-6d80edada349,Role 1,2012-02-29 17:35:37.500475322,642,1,res_c77d0074-5613-45fd-a890-6d80edada349,2012-02-29 17:33:20.986820322,0.0
Case74,W_Completeren aanvraag,res_c05ba8c3-4cba-4513-8bb9-b3faa8713cc7,Role 1,2012-02-15 09:04:13.991876425,542,1,res_c05ba8c3-4cba-4513-8bb9-b3faa8713cc7,2012-02-15 09:01:21.638758425,0.0
Case74,W_Nabellen offertes,res_ee19d540-6f30-4eb3-abd5-d42bf0a0cc9f,Role 1,2012-02-15 09:58:27.133734925,548,1,res_ee19d540-6f30-4eb3-abd5-d42bf0a0cc9f,2012-02-15 09:56:01.022148925,0.0
Case740,W_Completeren aanvraag,res_a6b7a9b9-8dde-47b4-ba71-c31305bfae5d,Role 1,2012-02-29 14:22:09.247499078,632,1,res_a6b7a9b9-8dde-47b4-ba71-c31305bfae5d,2012-02-29 14:19:42.487088078,0.02564102564102564
Case740,W_Nabellen offertes,res_0dcb8a75-60b3-457b-aac5-fe91506450da,Role 1,2012-02-29 14:51:02.967461677,633,1,res_0dcb8a75-60b3-457b-aac5-fe91506450da,2012-02-29 14:48:44.740855677,0.0
Case740,W_Nabellen offertes,res_32a810af-a1e0-4835-afe4-a9e543c58a25,Role 1,2012-03-09 08:11:02.096153378,620,1,res_32a810af-a1e0-4835-afe4-a9e543c58a25,2012-03-09 08:08:55.792189378,0.0
Case740,W_Nabellen offertes,res_3d71865b-e63e-44f8-a4fd-ece0ef216fef,Role 1,2012-03-11 08:04:29.829202178,612,1,res_3d71865b-e63e-44f8-a4fd-ece0ef216fef,2012-03-11 08:02:34.108186178,0.0
Case741,W_Afhandelen leads,res_13a07171-afed-4486-9431-2507f9aacd76,Role 1,2012-02-29 14:37:58.861501595,633,0,res_13a07171-afed-4486-9431-2507f9aacd76,2012-02-29 14:34:55.232835595,0.0
Case741,W_Completeren aanvraag,res_c561e158-62af-4d50-bb96-33472303cf4c,Role 1,2012-02-29 15:36:41.834853495,637,1,res_c561e158-62af-4d50-bb96-33472303cf4c,2012-02-29 15:34:06.888151495,0.0
Case741,W_Nabellen offertes,res_b48df80a-ad89-4a8c-8f9d-edecf950fdb5,Role 1,2012-03-02 00:27:03.554023295,636,1,res_b48df80a-ad89-4a8c-8f9d-edecf950fdb5,2012-03-02 00:25:11.088102295,0.0
Case741,W_Nabellen offertes,res_03b72214-605a-4b4f-97a5-ea18baa453ee,Role 1,2012-03-08 17:23:14.985730294,624,1,res_03b72214-605a-4b4f-97a5-ea18baa453ee,2012-03-08 17:21:37.758345294,0.0
Case741,W_Nabellen offertes,res_c66fd8c7-ae25-415c-80c1-ac9cc1be7147,Role 1,2012-03-10 13:14:44.693828395,615,1,res_c66fd8c7-ae25-415c-80c1-ac9cc1be7147,2012-03-10 13:13:07.124444395,0.0
Case742,W_Afhandelen leads,res_6d1d995e-4384-448a-9bf8-9fb7d8013316,Role 1,2012-02-29 14:49:51.840949538,634,0,res_6d1d995e-4384-448a-9bf8-9fb7d8013316,2012-02-29 14:46:49.511792538,0.02564102564102564
Case742,W_Completeren aanvraag,res_094e34c1-5472-4e50-8ca3-650a6a34e4ec,Role 1,2012-02-29 15:48:03.114414638,638,1,res_094e34c1-5472-4e50-8ca3-650a6a34e4ec,2012-02-29 15:45:28.303585638,0.0
Case742,W_Nabellen offertes,res_90ea4c98-054c-4dd3-aadb-9d56713379c2,Role 1,2012-03-01 22:52:42.265882938,639,2,res_90ea4c98-054c-4dd3-aadb-9d56713379c2,2012-03-01 22:50:51.741002938,0.02564102564102564
Case742,W_Nabellen offertes,res_d9486917-858c-4563-bf95-164b83d8a3d8,Role 1,2012-03-08 18:42:11.715101138,625,1,res_d9486917-858c-4563-bf95-164b83d8a3d8,2012-03-08 18:40:21.523952138,0.0
Case742,W_Nabellen offertes,res_d9486917-858c-4563-bf95-164b83d8a3d8,Role 1,2012-03-10 18:02:30.003264638,617,1,res_d9486917-858c-4563-bf95-164b83d8a3d8,2012-03-10 18:00:56.405983638,0.0
Case742,W_Nabellen offertes,res_f8a5c2f7-852b-4750-a5bc-71d8a9f25fcd,Role 1,2012-03-13 15:00:22.211692538,590,1,res_f8a5c2f7-852b-4750-a5bc-71d8a9f25fcd,2012-03-13 14:50:39.386710538,0.0
Case742,W_Nabellen offertes,res_ee19d540-6f30-4eb3-abd5-d42bf0a0cc9f,Role 1,2012-03-15 03:22:36.168349038,590,1,res_ee19d540-6f30-4eb3-abd5-d42bf0a0cc9f,2012-03-15 03:20:59.382965038,0.0
Case742,W_Nabellen offertes,res_dfa30272-4bc0-4c82-9bd0-6b4169bccece,Role 1,2012-03-16 16:03:45.222066238,575,1,res_dfa30272-4bc0-4c82-9bd0-6b4169bccece,2012-03-16 15:51:09.605100238,0.0
Case742,W_Nabellen offertes,res_4a606e00-143e-4039-9760-70b3cb78e66a,Role 1,2012-03-18 05:59:38.898379538,558,1,res_4a606e00-143e-4039-9760-70b3cb78e66a,2012-03-18 05:57:53.436642538,0.0
Case743,W_Afhandelen leads,res_32a810af-a1e0-4835-afe4-a9e543c58a25,Role 1,2012-02-29 14:51:50.921123579,635,1,res_32a810af-a1e0-4835-afe4-a9e543c58a25,2012-02-29 14:48:54.435051579,0.02564102564102564
Case743,W_Completeren aanvraag,res_a117c367-ca0b-4fb8-9736-c1d7d3de62d1,Role 1,2012-02-29 15:50:03.143837779,638,2,res_a117c367-ca0b-4fb8-9736-c1d7d3de62d1,2012-02-29 15:47:32.655697779,0.02564102564102564
Case743,W_Nabellen offertes,res_e9f54089-f03e-4dc1-a453-57f4acf2c7fb,Role 1,2012-03-02 01:58:59.973466378,636,1,res_e9f54089-f03e-4dc1-a453-57f4acf2c7fb,2012-03-02 01:57:07.451912379,0.0
Case744,W_Afhandelen leads,res_8f2bf97e-8175-4ba4-882d-f6b7957c1a2c,Role 1,2012-02-29 15:01:01.165081520,636,0,res_8f2bf97e-8175-4ba4-882d-f6b7957c1a2c,2012-02-29 14:57:56.440804520,0.0
Case744,W_Completeren aanvraag,res_c66fd8c7-ae25-415c-80c1-ac9cc1be7147,Role 1,2012-02-29 15:58:55.377369220,640,1,res_c66fd8c7-ae25-415c-80c1-ac9cc1be7147,2012-02-29 15:56:21.209212220,0.02564102564102564
Case744,W_Completeren aanvraag,res_c475f0b2-f190-4931-b0ab-7a7e8189e241,Role 1,2012-02-29 18:04:26.635446920,640,1,res_c475f0b2-f190-4931-b0ab-7a7e8189e241,2012-02-29 18:02:10.246517920,0.0
Case744,W_Nabellen offertes,res_cd5fe8a1-7bca-4ddc-9e04-e32a42150d6e,Role 1,2012-03-01 10:32:08.057323019,631,1,res_cd5fe8a1-7bca-4ddc-9e04-e32a42150d6e,2012-03-01 10:29:05.976615019,0.0
Case744,W_Nabellen offertes,res_240d458f-f7c5-4593-8aba-741926c2775b,Role 1,2012-03-05 20:16:41.101251320,620,1,res_240d458f-f7c5-4593-8aba-741926c2775b,2012-03-05 20:12:37.567017320,0.0
Case745,W_Completeren aanvraag,res_094e34c1-5472-4e50-8ca3-650a6a34e4ec,Role 1,2012-02-29 15:18:18.367055027,637,1,res_094e34c1-5472-4e50-8ca3-650a6a34e4ec,2012-02-29 15:15:50.377854027,0.0
Case745,W_Completeren aanvraag,res_c561e158-62af-4d50-bb96-33472303cf4c,Role 1,2012-02-29 16:15:51.572098926,640,1,res_c561e158-62af-4d50-bb96-33472303cf4c,2012-02-29 16:13:20.444414927,0.0
Case745,W_Completeren aanvraag,res_c05ba8c3-4cba-4513-8bb9-b3faa8713cc7,Role 1,2012-02-29 18:22:25.893154227,640,2,res_c05ba8c3-4cba-4513-8bb9-b3faa8713cc7,2012-02-29 18:20:17.490133227,0.02564102564102564
Case746,W_Afhandelen leads,res_3835d2af-f74a-47b9-b054-8234859b6abe,Role 1,2012-02-29 15:33:30.334403959,638,0,res_3835d2af-f74a-47b9-b054-8234859b6abe,2012-02-29 15:30:25.848112959,0.02564102564102564
Case746,W_Completeren aanvraag,res_3d71865b-e63e-44f8-a4fd-ece0ef216fef,Role 1,2012-02-29 16:30:52.215836859,640,1,res_3d71865b-e63e-44f8-a4fd-ece0ef216fef,2012-02-29 16:28:17.040231859,0.0
Case746,W_Nabellen offertes,res_fe8f604a-4f72-4c5b-9082-2dc751f7d4b9,Role 1,2012-03-01 23:59:04.729390959,635,1,res_fe8f604a-4f72-4c5b-9082-2dc751f7d4b9,2012-03-01 23:57:12.431502959,0.0
Case746,W_Nabellen offertes,res_240d458f-f7c5-4593-8aba-741926c2775b,Role 1,2012-03-08 21:05:03.725053259,624,1,res_240d458f-f7c5-4593-8aba-741926c2775b,2012-03-08 21:01:41.811528259,0.0
Case747,W_Afhandelen leads,res_f8a5c2f7-852b-4750-a5bc-71d8a9f25fcd,Role 1,2012-02-29 15:49:56.193176096,639,0,res_f8a5c2f7-852b-4750-a5bc-71d8a9f25fcd,2012-02-29 15:46:49.115055096,0.0
Case747,W_Completeren aanvraag,res_7b5eefe7-a9c7-4c10-ace5-1fd3772097ff,Role 1,2012-02-29 16:47:15.109492596,641,1,res_7b5eefe7-a9c7-4c10-ace5-1fd3772097ff,2012-02-29 16:44:39.567660596,0.0
Case747,W_Completeren aanvraag,res_ee19d540-6f30-4eb3-abd5-d42bf0a0cc9f,Role 1,2012-02-29 18:29:22.922426996,640,1,res_ee19d540-6f30-4eb3-abd5-d42bf0a0cc9f,2012-02-29 18:27:05.921631996,0.0
Case747,W_Completeren aanvraag,res_e08dd225-6ddd-45bc-b1b2-7c6cf10375f6,Role 1,2012-02-29 19:23:48.702930096,642,1,res_e08dd225-6ddd-45bc-b1b2-7c6cf10375f6,2012-02-29 19:21:56.533009096,0.0
Case747,W_Completeren aanvraag,res_c475f0b2-f190-4931-b0ab-7a7e8189e241,Role 1,2012-02-29 20:03:45.480268196,639,1,res_c475f0b2-f190-4931-b0ab-7a7e8189e241,2012-02-29 20:02:01.576767196,0.0
Case748,W_Afhandelen leads,res_ee19d540-6f30-4eb3-abd5-d42bf0a0cc9f,Role 1,2012-02-29 15:52:09.866133612,640,1,res_ee19d540-6f30-4eb3-abd5-d42bf0a0cc9f,2012-02-29 15:49:12.172335612,0.05128205128205128
Case748,W_Completeren aanvraag,res_d9486917-858c-4563-bf95-164b83d8a3d8,Role 1,2012-02-29 16:49:18.504417112,641,2,res_d9486917-858c-4563-bf95-164b83d8a3d8,2012-02-29 16:46:48.695638112,0.05128205128205128
Case749,W_Completeren aanvraag,res_0dcb8a75-60b3-457b-aac5-fe91506450da,Role 1,2012-02-29 16:06:24.374442643,641,1,res_0dcb8a75-60b3-457b-aac5-fe91506450da,2012-02-29 16:03:55.702159643,0.0
Case75,W_Afhandelen leads,res_fa4ebd56-fe09-4e12-ab6b-f564242582f3,Role 1,2012-02-15 09:12:38.698121481,543,0,res_fa4ebd56-fe09-4e12-ab6b-f564242582f3,2012-02-15 09:09:22.190327482,0.0
Case75,W_Completeren aanvraag,res_e08dd225-6ddd-45bc-b1b2-7c6cf10375f6,Role 1,2012-02-15 10:58:52.829322582,550,1,res_e08dd225-6ddd-45bc-b1b2-7c6cf10375f6,2012-02-15 10:56:18.617949582,0.0
Case75,W_Completeren aanvraag,res_c475f0b2-f190-4931-b0ab-7a7e8189e241,Role 1,2012-02-15 15:18:40.036113882,557,1,res_c475f0b2-f190-4931-b0ab-7a7e8189e241,2012-02-15 15:16:18.391919882,0.0
Case75,W_Nabellen offertes,res_f8a5c2f7-852b-4750-a5bc-71d8a9f25fcd,Role 1,2012-02-16 06:59:08.716993382,560,1,res_f8a5c2f7-852b-4750-a5bc-71d8a9f25fcd,2012-02-16 06:56:06.397103382,0.0
Case750,W_Completeren aanvraag,res_e9f54089-f03e-4dc1-a453-57f4acf2c7fb,Role 1,2012-02-29 16:22:04.639081371,640,1,res_e9f54089-f03e-4dc1-a453-57f4acf2c7fb,2012-02-29 16:19:35.648939371,0.0
Case750,W_Nabellen offertes,res_e08dd225-6ddd-45bc-b1b2-7c6cf10375f6,Role 1,2012-02-29 16:45:02.323778471,641,1,res_e08dd225-6ddd-45bc-b1b2-7c6cf10375f6,2012-02-29 16:42:45.009796471,0.02564102564102564
Case751,W_Afhandelen leads,res_c77d0074-5613-45fd-a890-6d80edada349,Role 1,2012-02-29 16:29:56.829169106,641,0,res_c77d0074-5613-45fd-a890-6d80edada349,2012-02-29 16:26:49.858009106,0.02564102564102564
Case751,W_Completeren aanvraag,res_a117c367-ca0b-4fb8-9736-c1d7d3de62d1,Role 1,2012-02-29 17:27:12.328493006,640,1,res_a117c367-ca0b-4fb8-9736-c1d7d3de62d1,2012-02-29 17:24:36.684813006,0.0
Case751,W_Nabellen offertes,res_c561e158-62af-4d50-bb96-33472303cf4c,Role 1,2012-03-02 08:49:35.890149906,632,1,res_c561e158-62af-4d50-bb96-33472303cf4c,2012-03-02 08:45:38.507547906,0.0
Case752,W_Afhandelen leads,res_c77d0074-5613-45fd-a890-6d80edada349,Role 1,2012-02-29 16:39:10.969384421,641,0,res_c77d0074-5613-45fd-a890-6d80edada349,2012-02-29 16:36:01.938218421,0.0
Case752,W_Completeren aanvraag,res_c66fd8c7-ae25-415c-80c1-ac9cc1be7147,Role 1,2012-02-29 17:36:35.044731821,640,1,res_c66fd8c7-ae25-415c-80c1-ac9cc1be7147,2012-02-29 17:33:59.117856821,0.0
Case753,W_Completeren aanvraag,res_4d8dd482-f3ce-4175-9cd8-f5584cb38f63,Role 1,2012-02-29 16:51:06.973890498,640,1,res_4d8dd482-f3ce-4175-9cd8-f5584cb38f63,2012-02-29 16:48:37.522446498,0.0
Case753,W_Completeren aanvraag,res_5423e6a8-eed7-4dc9-b44d-98691c53411e,Role 1,2012-02-29 17:49:00.767707898,640,1,res_5423e6a8-eed7-4dc9-b44d-98691c53411e,2012-02-29 17:46:29.479916898,0.0
Case753,W_Completeren aanvraag,res_4a606e00-143e-4039-9760-70b3cb78e66a,Role 1,2012-02-29 19:47:34.896329398,641,1,res_4a606e00-143e-4039-9760-70b3cb78e66a,2012-02-29 19:45:21.046480398,0.0
Case754,W_Afhandelen leads,res_fdf1178c-5a31-4f5e-8867-f12efd24326c,Role 1,2012-02-29 16:52:55.123068756,641,0,res_fdf1178c-5a31-4f5e-8867-f12efd24326c,2012-02-29 16:49:49.051086756,0.05128205128205128
Case754,W_Completeren aanvraag,res_fe8f604a-4f72-4c5b-9082-2dc751f7d4b9,Role 1,2012-02-29 17:50:32.170087456,640,2,res_fe8f604a-4f72-4c5b-9082-2dc751f7d4b9,2012-02-29 17:47:59.604872456,0.02564102564102564
Case754,W_Completeren aanvraag,res_ffdbf4b7-c588-487c-b4ec-ae52c332aeda,Role 1,2012-02-29 20:06:57.298032856,638,2,res_ffdbf4b7-c588-487c-b4ec-ae52c332aeda,2012-02-29 20:04:45.469246856,0.02564102564102564
Case754,W_Completeren aanvraag,res_f8a5c2f7-852b-4750-a5bc-71d8a9f25fcd,Role 1,2012-02-29 23:15:32.683825056,640,1,res_f8a5c2f7-852b-4750-a5bc-71d8a9f25fcd,2012-02-29 23:13:42.217002056,0.0
Case754,W_Completeren aanvraag,res_90ea4c98-054c-4dd3-aadb-9d56713379c2,Role 1,2012-03-01 10:33:05.218347556,631,1,res_90ea4c98-054c-4dd3-aadb-9d56713379c2,2012-03-01 10:30:57.900936556,0.0
Case754,W_Nabellen offertes,res_8f2bf97e-8175-4ba4-882d-f6b7957c1a2c,Role 1,2012-03-01 14:29:00.535965756,634,1,res_8f2bf97e-8175-4ba4-882d-f6b7957c1a2c,2012-03-01 14:27:13.142206756,0.0
Case755,W_Afhandelen leads,res_fe8f604a-4f72-4c5b-9082-2dc751f7d4b9,Role 1,2012-02-29 17:10:57.994881450,642,0,res_fe8f604a-4f72-4c5b-9082-2dc751f7d4b9,2012-02-29 17:07:48.025364450,0.0
Case755,W_Completeren aanvraag,res_c77d0074-5613-45fd-a890-6d80edada349,Role 1,2012-02-29 18:09:08.194462950,640,1,res_c77d0074-5613-45fd-a890-6d80edada349,2012-02-29 18:06:33.050951950,0.02564102564102564
Case755,W_Completeren aanvraag,res_ffdbf4b7-c588-487c-b4ec-ae52c332aeda,Role 1,2012-02-29 20:23:19.005046750,640,1,res_ffdbf4b7-c588-487c-b4ec-ae52c332aeda,2012-02-29 20:21:02.025044750,0.0
Case756,W_Afhandelen leads,res_3038739b-6c1c-42c1-b9ac-27ac6cc55a89,Role 1,2012-02-29 17:23:03.088322041,641,0,res_3038739b-6c1c-42c1-b9ac-27ac6cc55a89,2012-02-29 17:19:54.393669041,0.02564102564102564
Case756,W_Completeren aanvraag,res_32a810af-a1e0-4835-afe4-a9e543c58a25,Role 1,2012-02-29 18:21:35.115859541,640,2,res_32a810af-a1e0-4835-afe4-a9e543c58a25,2012-02-29 18:19:02.178501541,0.02564102564102564
Case756,W_Nabellen offertes,res_0dcb8a75-60b3-457b-aac5-fe91506450da,Role 1,2012-03-03 05:55:18.333224241,640,1,res_0dcb8a75-60b3-457b-aac5-fe91506450da,2012-03-03 05:53:23.614381241,0.0
Case757,W_Completeren aanvraag,res_3835d2af-f74a-47b9-b054-8234859b6abe,Role 1,2012-02-29 17:34:47.794007469,640,1,res_3835d2af-f74a-47b9-b054-8234859b6abe,2012-02-29 17:32:17.888549469,0.0
Case757,W_Nabellen offertes,res_3835d2af-f74a-47b9-b054-8234859b6abe,Role 1,2012-02-29 17:54:27.673380369,642,2,res_3835d2af-f74a-47b9-b054-8234859b6abe,2012-02-29 17:52:16.095238369,0.07692307692307693
Case758,W_Afhandelen leads,res_ffdbf4b7-c588-487c-b4ec-ae52c332aeda,Role 1,2012-02-29 17:52:24.238639004,641,0,res_ffdbf4b7-c588-487c-b4ec-ae52c332aeda,2012-02-29 17:49:13.393752004,0.0
Case758,W_Completeren aanvraag,res_32a810af-a1e0-4835-afe4-a9e543c58a25,Role 1,2012-02-29 18:52:22.402755904,640,1,res_32a810af-a1e0-4835-afe4-a9e543c58a25,2012-02-29 18:49:46.141189904,0.0
Case758,W_Completeren aanvraag,res_c475f0b2-f190-4931-b0ab-7a7e8189e241,Role 1,2012-02-29 21:39:33.025766904,638,1,res_c475f0b2-f190-4931-b0ab-7a7e8189e241,2012-02-29 21:37:15.598430904,0.0
Case758,W_Completeren aanvraag,res_4d8dd482-f3ce-4175-9cd8-f5584cb38f63,Role 1,2012-03-01 07:14:56.224579304,635,1,res_4d8dd482-f3ce-4175-9cd8-f5584cb38f63,2012-03-01 07:12:32.685855304,0.0
Case759,W_Completeren aanvraag,res_03b72214-605a-4b4f-97a5-ea18baa453ee,Role 1,2012-02-29 17:51:55.275348291,642,1,res_03b72214-605a-4b4f-97a5-ea18baa453ee,2012-02-29 17:49:26.490545291,0.02564102564102564
Case759,W_Nabellen offertes,res_c77d0074-5613-45fd-a890-6d80edada349,Role 1,2012-02-29 18:11:06.429153191,639,1,res_c77d0074-5613-45fd-a890-6d80edada349,2012-02-29 18:08:48.730394191,0.0
Case759,W_Nabellen offertes,res_13a07171-afed-4486-9431-2507f9aacd76,Role 1,2012-03-09 12:48:58.216115491,623,1,res_13a07171-afed-4486-9431-2507f9aacd76,2012-03-09 12:47:08.795370491,0.0
Case759,W_Nabellen offertes,res_cd5fe8a1-7bca-4ddc-9e04-e32a42150d6e,Role 1,2012-03-11 18:56:03.124317291,603,1,res_cd5fe8a1-7bca-4ddc-9e04-e32a42150d6e,2012-03-11 18:54:30.767764291,0.0
Case759,W_Nabellen offertes,res_6d1d995e-4384-448a-9bf8-9fb7d8013316,Role 1,2012-03-14 19:11:38.564623091,598,1,res_6d1d995e-4384-448a-9bf8-9fb7d8013316,2012-03-14 19:09:12.420134091,0.0
Case76,W_Afhandelen leads,res_32a810af-a1e0-4835-afe4-a9e543c58a25,Role 1,2012-02-15 09:19:37.407399655,544,0,res_32a810af-a1e0-4835-afe4-a9e543c58a25,2012-02-15 09:16:21.287712655,0.0
Case76,W_Completeren aanvraag,res_4d8dd482-f3ce-4175-9cd8-f5584cb38f63,Role 1,2012-02-15 11:04:15.740973955,550,1,res_4d8dd482-f3ce-4175-9cd8-f5584cb38f63,2012-02-15 11:01:41.550988955,0.0
Case760,W_Afhandelen leads,res_d9a4b451-1c76-46c3-87c6-97373bec81d0,Role 1,2012-02-29 18:11:56.677446617,640,0,res_d9a4b451-1c76-46c3-87c6-97373bec81d0,2012-02-29 18:08:47.067919617,0.02564102564102564
Case760,W_Completeren aanvraag,res_cd5fe8a1-7bca-4ddc-9e04-e32a42150d6e,Role 1,2012-02-29 19:12:27.889930117,642,2,res_cd5fe8a1-7bca-4ddc-9e04-e32a42150d6e,2012-02-29 19:09:54.865418117,0.02564102564102564
Case761,W_Completeren aanvraag,res_cd5fe8a1-7bca-4ddc-9e04-e32a42150d6e,Role 1,2012-02-29 18:18:29.305864902,641,2,res_cd5fe8a1-7bca-4ddc-9e04-e32a42150d6e,2012-02-29 18:16:05.306771902,0.02564102564102564
Case762,W_Completeren aanvraag,res_094e34c1-5472-4e50-8ca3-650a6a34e4ec,Role 1,2012-02-29 18:36:11.965508572,640,1,res_094e34c1-5472-4e50-8ca3-650a6a34e4ec,2012-02-29 18:33:42.117245572,0.0
Case762,W_Completeren aanvraag,res_7b5eefe7-a9c7-4c10-ace5-1fd3772097ff,Role 1,2012-02-29 19:37:36.601308572,641,2,res_7b5eefe7-a9c7-4c10-ace5-1fd3772097ff,2012-02-29 19:35:08.552419572,0.02564102564102564
Case763,W_Completeren aanvraag,res_6d1d995e-4384-448a-9bf8-9fb7d8013316,Role 1,2012-02-29 18:52:01.784541674,641,1,res_6d1d995e-4384-448a-9bf8-9fb7d8013316,2012-02-29 18:49:32.138481674,0.0
Case763,W_Nabellen offertes,res_a117c367-ca0b-4fb8-9736-c1d7d3de62d1,Role 1,2012-02-29 19:09:59.647249974,642,1,res_a117c367-ca0b-4fb8-9736-c1d7d3de62d1,2012-02-29 19:07:42.704744974,0.02564102564102564
Case763,W_Nabellen offertes,res_c475f0b2-f190-4931-b0ab-7a7e8189e241,Role 1,2012-03-09 04:27:23.756438674,618,1,res_c475f0b2-f190-4931-b0ab-7a7e8189e241,2012-03-09 04:23:29.728498674,0.0
Case764,W_Completeren aanvraag,res_fa4ebd56-fe09-4e12-ab6b-f564242582f3,Role 1,2012-02-29 18:53:19.523503582,642,2,res_fa4ebd56-fe09-4e12-ab6b-f564242582f3,2012-02-29 18:50:55.756469582,0.02564102564102564
Case764,W_Completeren aanvraag,res_c475f0b2-f190-4931-b0ab-7a7e8189e241,Role 1,2012-02-29 19:55:23.477564382,638,1,res_c475f0b2-f190-4931-b0ab-7a7e8189e241,2012-02-29 19:52:54.846384382,0.0
Case764,W_Nabellen offertes,res_63a2ec71-0edb-4961-a972-295906b733b9,Role 1,2012-03-05 11:58:26.112088982,623,1,res_63a2ec71-0edb-4961-a972-295906b733b9,2012-03-05 11:56:04.833769982,0.0
Case765,W_Afhandelen leads,res_13a07171-afed-4486-9431-2507f9aacd76,Role 1,2012-02-29 19:25:05.597250651,641,0,res_13a07171-afed-4486-9431-2507f9aacd76,2012-02-29 19:21:54.493670651,0.0
Case765,W_Completeren aanvraag,res_dfa30272-4bc0-4c82-9bd0-6b4169bccece,Role 1,2012-02-29 20:28:13.321074551,640,2,res_dfa30272-4bc0-4c82-9bd0-6b4169bccece,2012-02-29 20:25:40.495175551,0.02564102564102564
Case766,W_Afhandelen leads,res_32a810af-a1e0-4835-afe4-a9e543c58a25,Role 1,2012-02-29 19:52:57.348194432,639,0,res_32a810af-a1e0-4835-afe4-a9e543c58a25,2012-02-29 19:49:47.860874432,0.02564102564102564
Case766,W_Completeren aanvraag,res_d9486917-858c-4563-bf95-164b83d8a3d8,Role 1,2012-02-29 20:57:21.624776232,639,1,res_d9486917-858c-4563-bf95-164b83d8a3d8,2012-02-29 20:54:46.096081232,0.0
Case767,W_Completeren aanvraag,res_3d71865b-e63e-44f8-a4fd-ece0ef216fef,Role 1,2012-02-29 19:53:39.870454977,640,1,res_3d71865b-e63e-44f8-a4fd-ece0ef216fef,2012-02-29 19:51:12.486307977,0.02564102564102564
Case767,W_Completeren aanvraag,res_a6b7a9b9-8dde-47b4-ba71-c31305bfae5d,Role 1,2012-02-29 20:57:48.371189877,639,2,res_a6b7a9b9-8dde-47b4-ba71-c31305bfae5d,2012-02-29 20:55:20.991217877,0.02564102564102564
Case767,W_Completeren aanvraag,res_5423e6a8-eed7-4dc9-b44d-98691c53411e,Role 1,2012-03-01 07:34:11.528503877,634,1,res_5423e6a8-eed7-4dc9-b44d-98691c53411e,2012-03-01 07:31:27.789175877,0.0
Case768,W_Completeren aanvraag,res_8f2bf97e-8175-4ba4-882d-f6b7957c1a2c,Role 1,2012-02-29 20:21:01.445115360,640,1,res_8f2bf97e-8175-4ba4-882d-f6b7957c1a2c,2012-02-29 20:18:33.615251360,0.0
Case768,W_Completeren aanvraag,res_c05ba8c3-4cba-4513-8bb9-b3faa8713cc7,Role 1,2012-02-29 21:26:28.976456460,638,2,res_c05ba8c3-4cba-4513-8bb9-b3faa8713cc7,2012-02-29 21:24:01.541711460,0.02564102564102564
Case768,W_Completeren aanvraag,res_90ea4c98-054c-4dd3-aadb-9d56713379c2,Role 1,2012-03-01 11:25:06.866758360,630,1,res_90ea4c98-054c-4dd3-aadb-9d56713379c2,2012-03-01 11:22:41.944542360,0.0
Case768,W_Completeren aanvraag,res_094e34c1-5472-4e50-8ca3-650a6a34e4ec,Role 1,2012-03-01 14:21:17.611943660,635,1,res_094e34c1-5472-4e50-8ca3-650a6a34e4ec,2012-03-01 14:19:29.549222660,0.02564102564102564
Case768,W_Completeren aanvraag,res_3835d2af-f74a-47b9-b054-8234859b6abe,Role 1,2012-03-01 15:58:58.626829060,637,1,res_3835d2af-f74a-47b9-b054-8234859b6abe,2012-03-01 15:57:09.306974060,0.0
Case768,W_Completeren aanvraag,res_0dcb8a75-60b3-457b-aac5-fe91506450da,Role 1,2012-03-01 17:13:37.954716860,638,1,res_0dcb8a75-60b3-457b-aac5-fe91506450da,2012-03-01 17:11:49.037706860,0.0
Case769,W_Completeren aanvraag,res_0dd9fb20-75d3-4949-8e8b-38b1e2a52fbf,Role 1,2012-02-29 20:39:01.934095329,639,1,res_0dd9fb20-75d3-4949-8e8b-38b1e2a52fbf,2012-02-29 20:36:34.604420329,0.0
Case769,W_Nabellen offertes,res_4d8dd482-f3ce-4175-9cd8-f5584cb38f63,Role 1,2012-02-29 20:57:10.524874228,639,1,res_4d8dd482-f3ce-4175-9cd8-f5584cb38f63,2012-02-29 20:54:54.268543229,0.02564102564102564
Case769,W_Nabellen offertes,res_240d458f-f7c5-4593-8aba-741926c2775b,Role 1,2012-03-09 01:46:22.366732629,620,1,res_240d458f-f7c5-4593-8aba-741926c2775b,2012-03-09 01:40:11.205470629,0.0
Case769,W_Nabellen offertes,res_dfa30272-4bc0-4c82-9bd0-6b4169bccece,Role 1,2012-03-11 09:07:04.291636029,611,1,res_dfa30272-4bc0-4c82-9bd0-6b4169bccece,2012-03-11 09:05:18.367801029,0.0
Case77,W_Afhandelen leads,res_f8a5c2f7-852b-4750-a5bc-71d8a9f25fcd,Role 1,2012-02-15 09:19:48.621050404,545,1,res_f8a5c2f7-852b-4750-a5bc-71d8a9f25fcd,2012-02-15 09:16:41.436625404,0.02564102564102564
Case77,W_Completeren aanvraag,res_c66fd8c7-ae25-415c-80c1-ac9cc1be7147,Role 1,2012-02-15 11:06:07.105632404,550,2,res_c66fd8c7-ae25-415c-80c1-ac9cc1be7147,2012-02-15 11:03:37.802976404,0.02564102564102564
Case77,W_Nabellen offertes,res_ffdbf4b7-c588-487c-b4ec-ae52c332aeda,Role 1,2012-02-16 16:42:45.057266104,577,1,res_ffdbf4b7-c588-487c-b4ec-ae52c332aeda,2012-02-16 16:40:49.225329104,0.0
Case770,W_Completeren aanvraag,res_4d8dd482-f3ce-4175-9cd8-f5584cb38f63,Role 1,2012-02-29 20:52:14.904682728,640,3,res_4d8dd482-f3ce-4175-9cd8-f5584cb38f63,2012-02-29 20:49:56.531147728,0.05128205128205128
Case771,W_Completeren aanvraag,res_e08dd225-6ddd-45bc-b1b2-7c6cf10375f6,Role 1,2012-02-29 20:53:30.079976810,641,4,res_e08dd225-6ddd-45bc-b1b2-7c6cf10375f6,2012-02-29 20:51:14.104461810,0.07692307692307693
Case771,W_Nabellen offertes,res_e08dd225-6ddd-45bc-b1b2-7c6cf10375f6,Role 1,2012-02-29 21:12:00.970275310,638,1,res_e08dd225-6ddd-45bc-b1b2-7c6cf10375f6,2012-02-29 21:09:54.788509310,0.0
Case771,W_Nabellen offertes,res_ffdbf4b7-c588-487c-b4ec-ae52c332aeda,Role 1,2012-03-09 01:36:14.225083210,622,1,res_ffdbf4b7-c588-487c-b4ec-ae52c332aeda,2012-03-09 01:28:53.144080210,0.0
Case772,W_Completeren aanvraag,res_fdf1178c-5a31-4f5e-8867-f12efd24326c,Role 1,2012-02-29 21:31:46.543971790,639,1,res_fdf1178c-5a31-4f5e-8867-f12efd24326c,2012-02-29 21:29:21.006058790,0.0
Case772,W_Completeren aanvraag,res_ffdbf4b7-c588-487c-b4ec-ae52c332aeda,Role 1,2012-02-29 22:40:55.999237390,641,1,res_ffdbf4b7-c588-487c-b4ec-ae52c332aeda,2012-02-29 22:38:25.396561390,0.02564102564102564
Case772,W_Nabellen offertes,res_c77d0074-5613-45fd-a890-6d80edada349,Role 1,2012-03-06 03:51:36.593031190,637,1,res_c77d0074-5613-45fd-a890-6d80edada349,2012-03-06 03:49:37.557084190,0.0
Case773,W_Afhandelen leads,res_d9a4b451-1c76-46c3-87c6-97373bec81d0,Role 1,2012-02-29 21:53:42.537584509,640,0,res_d9a4b451-1c76-46c3-87c6-97373bec81d0,2012-02-29 21:50:34.417344509,0.0
Case773,W_Completeren aanvraag,res_cd5fe8a1-7bca-4ddc-9e04-e32a42150d6e,Role 1,2012-02-29 23:04:34.494746209,641,1,res_cd5fe8a1-7bca-4ddc-9e04-e32a42150d6e,2012-02-29 23:01:59.660809209,0.0
Case774,W_Afhandelen leads,res_4d8dd482-f3ce-4175-9cd8-f5584cb38f63,Role 1,2012-02-29 21:54:44.808592492,641,1,res_4d8dd482-f3ce-4175-9cd8-f5584cb38f63,2012-02-29 21:51:43.931093492,0.02564102564102564
Case774,W_Completeren aanvraag,res_c66fd8c7-ae25-415c-80c1-ac9cc1be7147,Role 1,2012-02-29 23:05:47.937137092,641,2,res_c66fd8c7-ae25-415c-80c1-ac9cc1be7147,2012-02-29 23:03:18.697752092,0.02564102564102564
Case774,W_Nabellen offertes,res_90ea4c98-054c-4dd3-aadb-9d56713379c2,Role 1,2012-03-06 03:55:48.161009992,637,1,res_90ea4c98-054c-4dd3-aadb-9d56713379c2,2012-03-06 03:53:48.653646992,0.0
Case775,W_Completeren aanvraag,res_03b72214-605a-4b4f-97a5-ea18baa453ee,Role 1,2012-02-29 22:53:11.607150629,641,1,res_03b72214-605a-4b4f-97a5-ea18baa453ee,2012-02-29 22:50:49.132291629,0.0
Case775,W_Nabellen offertes,res_fdf1178c-5a31-4f5e-8867-f12efd24326c,Role 1,2012-02-29 23:14:57.836737629,640,1,res_fdf1178c-5a31-4f5e-8867-f12efd24326c,2012-02-29 23:12:37.910453629,0.0
Case775,W_Nabellen offertes,res_32a810af-a1e0-4835-afe4-a9e543c58a25,Role 1,2012-03-09 04:59:59.325805529,616,1,res_32a810af-a1e0-4835-afe4-a9e543c58a25,2012-03-09 04:57:23.307612529,0.0
Case775,W_Nabellen offertes,res_13a07171-afed-4486-9431-2507f9aacd76,Role 1,2012-03-11 12:56:53.811598829,607,1,res_13a07171-afed-4486-9431-2507f9aacd76,2012-03-11 12:55:16.166324829,0.0
Case776,W_Afhandelen leads,res_a117c367-ca0b-4fb8-9736-c1d7d3de62d1,Role 1,2012-03-01 11:01:04.771392693,628,0,res_a117c367-ca0b-4fb8-9736-c1d7d3de62d1,2012-03-01 10:57:48.506055693,0.0
Case776,W_Completeren aanvraag,res_cd5fe8a1-7bca-4ddc-9e04-e32a42150d6e,Role 1,2012-03-01 12:28:11.363358593,634,1,res_cd5fe8a1-7bca-4ddc-9e04-e32a42150d6e,2012-03-01 12:25:40.795377593,0.0
Case776,W_Completeren aanvraag,res_c77d0074-5613-45fd-a890-6d80edada349,Role 1,2012-03-01 17:10:33.473154593,637,1,res_c77d0074-5613-45fd-a890-6d80edada349,2012-03-01 17:08:38.042029593,0.0
Case777,W_Completeren aanvraag,res_5423e6a8-eed7-4dc9-b44d-98691c53411e,Role 1,2012-03-01 11:07:41.651176780,629,1,res_5423e6a8-eed7-4dc9-b44d-98691c53411e,2012-03-01 11:04:50.625777780,0.0
Case777,W_Completeren aanvraag,res_cd5fe8a1-7bca-4ddc-9e04-e32a42150d6e,Role 1,2012-03-01 12:33:37.006917380,634,1,res_cd5fe8a1-7bca-4ddc-9e04-e32a42150d6e,2012-03-01 12:31:08.566547380,0.0
Case777,W_Completeren aanvraag,res_c561e158-62af-4d50-bb96-33472303cf4c,Role 1,2012-03-01 17:14:21.222076980,636,1,res_c561e158-62af-4d50-bb96-33472303cf4c,2012-03-01 17:12:29.235051980,0.0
Case777,W_Nabellen offertes,res_4a606e00-143e-4039-9760-70b3cb78e66a,Role 1,2012-03-03 02:37:47.978134080,641,1,res_4a606e00-143e-4039-9760-70b3cb78e66a,2012-03-03 02:36:06.441961080,0.0
Case777,W_Nabellen offertes,res_03b72214-605a-4b4f-97a5-ea18baa453ee,Role 1,2012-03-06 15:02:59.897961080,642,1,res_03b72214-605a-4b4f-97a5-ea18baa453ee,2012-03-06 14:56:09.940447080,0.0
Case777,W_Nabellen offertes,res_3835d2af-f74a-47b9-b054-8234859b6abe,Role 1,2012-03-08 03:12:35.904811580,628,2,res_3835d2af-f74a-47b9-b054-8234859b6abe,2012-03-08 03:10:47.594472580,0.02564102564102564
Case778,W_Completeren aanvraag,res_3d71865b-e63e-44f8-a4fd-ece0ef216fef,Role 1,2012-03-01 11:17:05.426890381,630,1,res_3d71865b-e63e-44f8-a4fd-ece0ef216fef,2012-03-01 11:14:15.802780381,0.0
Case779,W_Completeren aanvraag,res_cd5fe8a1-7bca-4ddc-9e04-e32a42150d6e,Role 1,2012-03-01 11:23:53.471434180,630,1,res_cd5fe8a1-7bca-4ddc-9e04-e32a42150d6e,2012-03-01 11:21:04.825709180,0.0
Case779,W_Nabellen offertes,res_4a606e00-143e-4039-9760-70b3cb78e66a,Role 1,2012-03-01 12:06:33.757197180,633,1,res_4a606e00-143e-4039-9760-70b3cb78e66a,2012-03-01 12:04:22.818981180,0.0
Case779,W_Nabellen offertes,res_63a2ec71-0edb-4961-a972-295906b733b9,Role 1,2012-03-09 16:08:52.101593280,616,1,res_63a2ec71-0edb-4961-a972-295906b733b9,2012-03-09 16:07:09.481838280,0.0
Case78,W_Afhandelen leads,res_d9486917-858c-4563-bf95-164b83d8a3d8,Role 1,2012-02-15 09:33:44.829498376,546,0,res_d9486917-858c-4563-bf95-164b83d8a3d8,2012-02-15 09:30:29.556939376,0.0
Case78,W_Completeren aanvraag,res_c66fd8c7-ae25-415c-80c1-ac9cc1be7147,Role 1,2012-02-15 11:16:48.331050076,550,1,res_c66fd8c7-ae25-415c-80c1-ac9cc1be7147,2012-02-15 11:14:14.188270076,0.0
Case78,W_Nabellen offertes,res_32a810af-a1e0-4835-afe4-a9e543c58a25,Role 1,2012-02-16 17:24:35.201001476,578,1,res_32a810af-a1e0-4835-afe4-a9e543c58a25,2012-02-16 17:22:39.655784476,0.07692307692307693
Case78,W_Nabellen offertes,res_f8a5c2f7-852b-4750-a5bc-71d8a9f25fcd,Role 1,2012-02-23 15:16:29.677615875,623,2,res_f8a5c2f7-852b-4750-a5bc-71d8a9f25fcd,2012-02-23 15:14:54.420417876,0.02564102564102564
Case780,W_Afhandelen leads,res_d9486917-858c-4563-bf95-164b83d8a3d8,Role 1,2012-03-01 11:32:09.640062138,631,0,res_d9486917-858c-4563-bf95-164b83d8a3d8,2012-03-01 11:28:57.317713138,0.0
Case780,W_Completeren aanvraag,res_c561e158-62af-4d50-bb96-33472303cf4c,Role 1,2012-03-01 12:53:59.545855038,635,1,res_c561e158-62af-4d50-bb96-33472303cf4c,2012-03-01 12:51:29.049914038,0.0
Case781,W_Afhandelen leads,res_c77d0074-5613-45fd-a890-6d80edada349,Role 1,2012-03-01 11:40:12.874388382,632,0,res_c77d0074-5613-45fd-a890-6d80edada349,2012-03-01 11:37:02.906510382,0.02564102564102564
Case781,W_Completeren aanvraag,res_e9f54089-f03e-4dc1-a453-57f4acf2c7fb,Role 1,2012-03-01 13:00:43.249083882,634,1,res_e9f54089-f03e-4dc1-a453-57f4acf2c7fb,2012-03-01 12:58:14.052103882,0.02564102564102564
Case781,W_Completeren aanvraag,res_240d458f-f7c5-4593-8aba-741926c2775b,Role 1,2012-03-01 17:31:42.549279982,637,3,res_240d458f-f7c5-4593-8aba-741926c2775b,2012-03-01 17:29:51.024321982,0.05128205128205128
Case781,W_Nabellen offertes,res_8f2bf97e-8175-4ba4-882d-f6b7957c1a2c,Role 1,2012-03-03 01:24:35.569163382,642,1,res_8f2bf97e-8175-4ba4-882d-f6b7957c1a2c,2012-03-03 01:22:56.250074382,0.0
Case781,W_Nabellen offertes,res_ee19d540-6f30-4eb3-abd5-d42bf0a0cc9f,Role 1,2012-03-06 12:36:04.780017182,647,1,res_ee19d540-6f30-4eb3-abd5-d42bf0a0cc9f,2012-03-06 12:34:04.320843182,0.0
Case781,W_Nabellen offertes,res_cd5fe8a1-7bca-4ddc-9e04-e32a42150d6e,Role 1,2012-03-08 02:04:29.350339781,626,1,res_cd5fe8a1-7bca-4ddc-9e04-e32a42150d6e,2012-03-08 02:02:30.922712781,0.0
Case782,W_Afhandelen leads,res_ee19d540-6f30-4eb3-abd5-d42bf0a0cc9f,Role 1,2012-03-01 11:50:14.596823931,632,0,res_ee19d540-6f30-4eb3-abd5-d42bf0a0cc9f,2012-03-01 11:47:04.351555931,0.0
Case782,W_Completeren aanvraag,res_094e34c1-5472-4e50-8ca3-650a6a34e4ec,Role 1,2012-03-01 13:09:12.467791831,636,1,res_094e34c1-5472-4e50-8ca3-650a6a34e4ec,2012-03-01 13:06:44.943979831,0.07692307692307693
Case783,W_Completeren aanvraag,res_e08dd225-6ddd-45bc-b1b2-7c6cf10375f6,Role 1,2012-03-01 11:59:48.421214843,633,1,res_e08dd225-6ddd-45bc-b1b2-7c6cf10375f6,2012-03-01 11:57:04.789155843,0.0
Case784,W_Completeren aanvraag,res_094e34c1-5472-4e50-8ca3-650a6a34e4ec,Role 1,2012-03-01 12:00:19.716855341,634,2,res_094e34c1-5472-4e50-8ca3-650a6a34e4ec,2012-03-01 11:57:45.086981341,0.02564102564102564
Case784,W_Completeren aanvraag,res_3d71865b-e63e-44f8-a4fd-ece0ef216fef,Role 1,2012-03-01 13:17:45.823965941,634,1,res_3d71865b-e63e-44f8-a4fd-ece0ef216fef,2012-03-01 13:15:23.181530941,0.02564102564102564
Case784,W_Nabellen offertes,res_f8a5c2f7-852b-4750-a5bc-71d8a9f25fcd,Role 1,2012-03-04 07:22:43.219746741,637,1,res_f8a5c2f7-852b-4750-a5bc-71d8a9f25fcd,2012-03-04 07:20:42.817780741,0.0
Case785,W_Completeren aanvraag,res_e9f54089-f03e-4dc1-a453-57f4acf2c7fb,Role 1,2012-03-01 12:14:01.986313026,634,1,res_e9f54089-f03e-4dc1-a453-57f4acf2c7fb,2012-03-01 12:11:20.110502026,0.0
Case785,W_Nabellen offertes,res_6d1d995e-4384-448a-9bf8-9fb7d8013316,Role 1,2012-03-01 12:54:10.450069626,634,1,res_6d1d995e-4384-448a-9bf8-9fb7d8013316,2012-03-01 12:52:00.445997626,0.0
Case785,W_Nabellen offertes,res_d9486917-858c-4563-bf95-164b83d8a3d8,Role 1,2012-03-09 23:03:13.831178826,612,1,res_d9486917-858c-4563-bf95-164b83d8a3d8,2012-03-09 22:56:38.450087826,0.0
Case785,W_Nabellen offertes,res_3038739b-6c1c-42c1-b9ac-27ac6cc55a89,Role 1,2012-03-12 07:45:42.155659426,598,1,res_3038739b-6c1c-42c1-b9ac-27ac6cc55a89,2012-03-12 07:43:52.730018426,0.0
Case785,W_Nabellen offertes,res_0dd9fb20-75d3-4949-8e8b-38b1e2a52fbf,Role 1,2012-03-14 03:42:08.511157426,616,1,res_0dd9fb20-75d3-4949-8e8b-38b1e2a52fbf,2012-03-14 03:40:32.834449426,0.0
Case785,W_Nabellen offertes,res_c05ba8c3-4cba-4513-8bb9-b3faa8713cc7,Role 1,2012-03-15 18:31:39.632112926,582,1,res_c05ba8c3-4cba-4513-8bb9-b3faa8713cc7,2012-03-15 18:27:51.658532926,0.0
Case785,W_Nabellen offertes,res_4a606e00-143e-4039-9760-70b3cb78e66a,Role 1,2012-03-17 06:26:18.920839226,568,1,res_4a606e00-143e-4039-9760-70b3cb78e66a,2012-03-17 06:24:43.682595226,0.0
Case786,W_Completeren aanvraag,res_32a810af-a1e0-4835-afe4-a9e543c58a25,Role 1,2012-03-01 12:33:39.842060101,635,1,res_32a810af-a1e0-4835-afe4-a9e543c58a25,2012-03-01 12:31:00.836789101,0.02564102564102564
Case786,W_Completeren aanvraag,res_c05ba8c3-4cba-4513-8bb9-b3faa8713cc7,Role 1,2012-03-01 13:46:49.062613601,635,1,res_c05ba8c3-4cba-4513-8bb9-b3faa8713cc7,2012-03-01 13:44:22.824776601,0.0
Case786,W_Completeren aanvraag,res_c561e158-62af-4d50-bb96-33472303cf4c,Role 1,2012-03-01 17:53:47.728801001,638,1,res_c561e158-62af-4d50-bb96-33472303cf4c,2012-03-01 17:51:56.168746001,0.0
Case786,W_Nabellen offertes,res_cd5fe8a1-7bca-4ddc-9e04-e32a42150d6e,Role 1,2012-03-03 03:56:12.664834901,640,1,res_cd5fe8a1-7bca-4ddc-9e04-e32a42150d6e,2012-03-03 03:54:33.687665901,0.0
Case786,W_Nabellen offertes,res_4a606e00-143e-4039-9760-70b3cb78e66a,Role 1,2012-03-06 10:14:21.591713001,647,1,res_4a606e00-143e-4039-9760-70b3cb78e66a,2012-03-06 10:12:44.350088001,0.0
Case786,W_Nabellen offertes,res_fe8f604a-4f72-4c5b-9082-2dc751f7d4b9,Role 1,2012-03-08 03:04:27.945583101,628,1,res_fe8f604a-4f72-4c5b-9082-2dc751f7d4b9,2012-03-08 03:02:30.445485101,0.0
Case786,W_Nabellen offertes,res_e08dd225-6ddd-45bc-b1b2-7c6cf10375f6,Role 1,2012-03-09 15:10:51.619027501,618,1,res_e08dd225-6ddd-45bc-b1b2-7c6cf10375f6,2012-03-09 15:09:17.018505501,0.0
Case787,W_Afhandelen leads,res_c05ba8c3-4cba-4513-8bb9-b3faa8713cc7,Role 1,2012-03-01 12:44:10.181118926,635,0,res_c05ba8c3-4cba-4513-8bb9-b3faa8713cc7,2012-03-01 12:41:04.296725926,0.0
Case787,W_Completeren aanvraag,res_4a606e00-143e-4039-9760-70b3cb78e66a,Role 1,2012-03-01 13:56:12.498066126,636,1,res_4a606e00-143e-4039-9760-70b3cb78e66a,2012-03-01 13:53:43.243278126,0.02564102564102564
Case787,W_Completeren aanvraag,res_7b5eefe7-a9c7-4c10-ace5-1fd3772097ff,Role 1,2012-03-01 17:48:23.922469626,637,1,res_7b5eefe7-a9c7-4c10-ace5-1fd3772097ff,2012-03-01 17:46:29.533237626,0.0
Case787,W_Nabellen offertes,res_5423e6a8-eed7-4dc9-b44d-98691c53411e,Role 1,2012-03-03 01:20:45.758959326,642,1,res_5423e6a8-eed7-4dc9-b44d-98691c53411e,2012-03-03 01:19:05.325464326,0.0
Case788,W_Afhandelen leads,res_3038739b-6c1c-42c1-b9ac-27ac6cc55a89,Role 1,2012-03-01 13:00:39.868456524,635,0,res_3038739b-6c1c-42c1-b9ac-27ac6cc55a89,2012-03-01 12:57:34.615787525,0.0
Case788,W_Completeren aanvraag,res_03b72214-605a-4b4f-97a5-ea18baa453ee,Role 1,2012-03-01 14:08:29.429842525,638,2,res_03b72214-605a-4b4f-97a5-ea18baa453ee,2012-03-01 14:06:05.408415525,0.07692307692307693
Case788,W_Completeren aanvraag,res_e9f54089-f03e-4dc1-a453-57f4acf2c7fb,Role 1,2012-03-01 17:28:44.765365325,638,1,res_e9f54089-f03e-4dc1-a453-57f4acf2c7fb,2012-03-01 17:26:52.278017325,0.0
Case788,W_Nabellen offertes,res_3d71865b-e63e-44f8-a4fd-ece0ef216fef,Role 1,2012-03-02 23:01:16.994182825,645,1,res_3d71865b-e63e-44f8-a4fd-ece0ef216fef,2012-03-02 22:59:38.236496825,0.0
Case789,W_Afhandelen leads,res_0dcb8a75-60b3-457b-aac5-fe91506450da,Role 1,2012-03-01 13:00:48.911950999,636,1,res_0dcb8a75-60b3-457b-aac5-fe91506450da,2012-03-01 12:57:52.749808999,0.02564102564102564
Case789,W_Completeren aanvraag,res_5423e6a8-eed7-4dc9-b44d-98691c53411e,Role 1,2012-03-01 14:09:21.864028899,637,2,res_5423e6a8-eed7-4dc9-b44d-98691c53411e,2012-03-01 14:06:58.889356899,0.05128205128205128
Case789,W_Nabellen offertes,res_0dcb8a75-60b3-457b-aac5-fe91506450da,Role 1,2012-03-04 03:08:13.088990099,638,1,res_0dcb8a75-60b3-457b-aac5-fe91506450da,2012-03-04 03:06:29.814025099,0.0
Case789,W_Nabellen offertes,res_c66fd8c7-ae25-415c-80c1-ac9cc1be7147,Role 1,2012-03-09 01:30:39.909787899,619,1,res_c66fd8c7-ae25-415c-80c1-ac9cc1be7147,2012-03-09 01:23:43.441221899,0.0
Case79,W_Afhandelen leads,res_d9486917-858c-4563-bf95-164b83d8a3d8,Role 1,2012-02-15 09:41:02.596849661,547,0,res_d9486917-858c-4563-bf95-164b83d8a3d8,2012-02-15 09:37:47.795791661,0.0
Case79,W_Completeren aanvraag,res_3038739b-6c1c-42c1-b9ac-27ac6cc55a89,Role 1,2012-02-15 11:22:18.324342861,550,1,res_3038739b-6c1c-42c1-b9ac-27ac6cc55a89,2012-02-15 11:19:44.177197861,0.0
Case790,W_Afhandelen leads,res_c561e158-62af-4d50-bb96-33472303cf4c,Role 1,2012-03-01 13:18:27.413988206,635,0,res_c561e158-62af-4d50-bb96-33472303cf4c,2012-03-01 13:15:22.508163206,0.0
Case790,W_Completeren aanvraag,res_90ea4c98-054c-4dd3-aadb-9d56713379c2,Role 1,2012-03-01 14:27:08.758035106,637,1,res_90ea4c98-054c-4dd3-aadb-9d56713379c2,2012-03-01 14:24:38.440563106,0.0
Case790,W_Nabellen offertes,res_90ea4c98-054c-4dd3-aadb-9d56713379c2,Role 1,2012-03-04 11:33:12.547341606,635,1,res_90ea4c98-054c-4dd3-aadb-9d56713379c2,2012-03-04 11:27:48.790177606,0.0
Case790,W_Nabellen offertes,res_dfa30272-4bc0-4c82-9bd0-6b4169bccece,Role 1,2012-03-09 03:22:34.606991206,617,1,res_dfa30272-4bc0-4c82-9bd0-6b4169bccece,2012-03-09 03:20:38.261678206,0.0
Case791,W_Completeren aanvraag,res_4a606e00-143e-4039-9760-70b3cb78e66a,Role 1,2012-03-01 13:31:41.233285992,635,1,res_4a606e00-143e-4039-9760-70b3cb78e66a,2012-03-01 13:29:05.591248992,0.0
Case791,W_Completeren aanvraag,res_3038739b-6c1c-42c1-b9ac-27ac6cc55a89,Role 1,2012-03-01 14:39:13.311024292,638,1,res_3038739b-6c1c-42c1-b9ac-27ac6cc55a89,2012-03-01 14:36:47.486695292,0.0
Case792,W_Afhandelen leads,res_c475f0b2-f190-4931-b0ab-7a7e8189e241,Role 1,2012-03-01 13:50:00.478287949,636,0,res_c475f0b2-f190-4931-b0ab-7a7e8189e241,2012-03-01 13:46:55.498515949,0.0
Case792,W_Completeren aanvraag,res_6d1d995e-4384-448a-9bf8-9fb7d8013316,Role 1,2012-03-01 14:56:20.886718549,638,1,res_6d1d995e-4384-448a-9bf8-9fb7d8013316,2012-03-01 14:53:50.396628549,0.0
Case792,W_Completeren aanvraag,res_554d030c-8ea0-477b-9a72-1469e52cca81,Role 1,2012-03-01 18:19:27.637523749,637,1,res_554d030c-8ea0-477b-9a72-1469e52cca81,2012-03-01 18:17:32.551600749,0.0
Case792,W_Completeren aanvraag,res_7b5eefe7-a9c7-4c10-ace5-1fd3772097ff,Role 1,2012-03-01 20:16:54.996421249,639,1,res_7b5eefe7-a9c7-4c10-ace5-1fd3772097ff,2012-03-01 20:15:09.274297249,0.0
Case792,W_Nabellen offertes,res_a117c367-ca0b-4fb8-9736-c1d7d3de62d1,Role 1,2012-03-02 15:11:41.307392249,633,1,res_a117c367-ca0b-4fb8-9736-c1d7d3de62d1,2012-03-02 15:09:54.383061249,0.02564102564102564
Case793,W_Afhandelen leads,res_c561e158-62af-4d50-bb96-33472303cf4c,Role 1,2012-03-01 14:01:04.564986020,637,0,res_c561e158-62af-4d50-bb96-33472303cf4c,2012-03-01 13:57:59.405191020,0.0
Case793,W_Completeren aanvraag,res_c77d0074-5613-45fd-a890-6d80edada349,Role 1,2012-03-01 15:05:44.190402220,638,2,res_c77d0074-5613-45fd-a890-6d80edada349,2012-03-01 15:03:17.538386220,0.02564102564102564
Case793,W_Completeren aanvraag,res_d9a4b451-1c76-46c3-87c6-97373bec81d0,Role 1,2012-03-01 17:48:48.416597320,638,1,res_d9a4b451-1c76-46c3-87c6-97373bec81d0,2012-03-01 17:46:55.035884320,0.0
Case793,W_Completeren aanvraag,res_ffdbf4b7-c588-487c-b4ec-ae52c332aeda,Role 1,2012-03-01 19:15:23.405362020,638,1,res_ffdbf4b7-c588-487c-b4ec-ae52c332aeda,2012-03-01 19:13:37.836457020,0.02564102564102564
Case794,W_Completeren aanvraag,res_ee19d540-6f30-4eb3-abd5-d42bf0a0cc9f,Role 1,2012-03-01 14:00:48.095051581,638,1,res_ee19d540-6f30-4eb3-abd5-d42bf0a0cc9f,2012-03-01 13:58:14.516875581,0.02564102564102564
Case794,W_Completeren aanvraag,res_c66fd8c7-ae25-415c-80c1-ac9cc1be7147,Role 1,2012-03-01 15:05:27.162338281,638,1,res_c66fd8c7-ae25-415c-80c1-ac9cc1be7147,2012-03-01 15:03:01.848412281,0.0
Case795,W_Afhandelen leads,res_c05ba8c3-4cba-4513-8bb9-b3faa8713cc7,Role 1,2012-03-01 14:23:08.200027248,638,0,res_c05ba8c3-4cba-4513-8bb9-b3faa8713cc7,2012-03-01 14:20:04.196204248,0.02564102564102564
Case795,W_Completeren aanvraag,res_13a07171-afed-4486-9431-2507f9aacd76,Role 1,2012-03-01 15:27:37.474036348,638,2,res_13a07171-afed-4486-9431-2507f9aacd76,2012-03-01 15:25:10.867636348,0.02564102564102564
Case795,W_Nabellen offertes,res_3d71865b-e63e-44f8-a4fd-ece0ef216fef,Role 1,2012-03-04 14:10:47.235700248,634,1,res_3d71865b-e63e-44f8-a4fd-ece0ef216fef,2012-03-04 14:04:09.931895248,0.0
Case796,W_Afhandelen leads,res_d9a4b451-1c76-46c3-87c6-97373bec81d0,Role 1,2012-03-01 14:38:32.349191502,638,0,res_d9a4b451-1c76-46c3-87c6-97373bec81d0,2012-03-01 14:35:26.008962502,0.0
Case796,W_Completeren aanvraag,res_cd5fe8a1-7bca-4ddc-9e04-e32a42150d6e,Role 1,2012-03-01 15:42:27.036366202,636,1,res_cd5fe8a1-7bca-4ddc-9e04-e32a42150d6e,2012-03-01 15:39:56.006000202,0.0
Case796,W_Nabellen offertes,res_c66fd8c7-ae25-415c-80c1-ac9cc1be7147,Role 1,2012-03-04 16:31:19.294725601,630,1,res_c66fd8c7-ae25-415c-80c1-ac9cc1be7147,2012-03-04 16:28:05.267067601,0.0
Case796,W_Nabellen offertes,res_3038739b-6c1c-42c1-b9ac-27ac6cc55a89,Role 1,2012-03-09 09:45:51.538419402,624,1,res_3038739b-6c1c-42c1-b9ac-27ac6cc55a89,2012-03-09 09:44:09.663445402,0.0
Case797,W_Completeren aanvraag,res_0dcb8a75-60b3-457b-aac5-fe91506450da,Role 1,2012-03-01 15:00:39.515784690,639,3,res_0dcb8a75-60b3-457b-aac5-fe91506450da,2012-03-01 14:58:18.149920690,0.05128205128205128
Case797,W_Completeren aanvraag,res_c475f0b2-f190-4931-b0ab-7a7e8189e241,Role 1,2012-03-01 16:03:26.716110390,635,1,res_c475f0b2-f190-4931-b0ab-7a7e8189e241,2012-03-01 16:01:07.910925390,0.0
Case797,W_Completeren aanvraag,res_7b5eefe7-a9c7-4c10-ace5-1fd3772097ff,Role 1,2012-03-01 18:50:49.718249290,638,2,res_7b5eefe7-a9c7-4c10-ace5-1fd3772097ff,2012-03-01 18:49:00.105366290,0.02564102564102564
Case797,W_Completeren aanvraag,res_63a2ec71-0edb-4961-a972-295906b733b9,Role 1,2012-03-01 21:00:58.126101590,635,1,res_63a2ec71-0edb-4961-a972-295906b733b9,2012-03-01 20:59:14.421049590,0.0
Case797,W_Completeren aanvraag,res_0dcb8a75-60b3-457b-aac5-fe91506450da,Role 1,2012-03-02 04:22:42.024643990,634,1,res_0dcb8a75-60b3-457b-aac5-fe91506450da,2012-03-02 04:20:41.059330990,0.0
Case798,W_Completeren aanvraag,res_5423e6a8-eed7-4dc9-b44d-98691c53411e,Role 1,2012-03-01 15:02:18.255572158,639,3,res_5423e6a8-eed7-4dc9-b44d-98691c53411e,2012-03-01 14:59:56.879593158,0.05128205128205128
Case799,W_Afhandelen leads,res_d9486917-858c-4563-bf95-164b83d8a3d8,Role 1,2012-03-01 16:02:13.109392933,636,0,res_d9486917-858c-4563-bf95-164b83d8a3d8,2012-03-01 15:59:03.088236933,0.0
Case799,W_Completeren aanvraag,res_03b72214-605a-4b4f-97a5-ea18baa453ee,Role 1,2012-03-01 17:04:46.411976933,637,1,res_03b72214-605a-4b4f-97a5-ea18baa453ee,2012-03-01 17:02:13.750733933,0.0
Case799,W_Nabellen offertes,res_3d71865b-e63e-44f8-a4fd-ece0ef216fef,Role 1,2012-03-04 20:18:30.776284133,628,1,res_3d71865b-e63e-44f8-a4fd-ece0ef216fef,2012-03-04 20:16:39.421073133,0.0
Case799,W_Nabellen offertes,res_cd5fe8a1-7bca-4ddc-9e04-e32a42150d6e,Role 1,2012-03-09 15:24:58.321878433,617,1,res_cd5fe8a1-7bca-4ddc-9e04-e32a42150d6e,2012-03-09 15:23:21.997763433,0.0
Case8,W_Afhandelen leads,res_6d1d995e-4384-448a-9bf8-9fb7d8013316,Role 1,2012-02-14 07:37:29.469929273,523,0,res_6d1d995e-4384-448a-9bf8-9fb7d8013316,2012-02-14 07:34:26.547381273,0.0
Case8,W_Completeren aanvraag,res_a6b7a9b9-8dde-47b4-ba71-c31305bfae5d,Role 1,2012-02-14 10:17:42.850864873,533,1,res_a6b7a9b9-8dde-47b4-ba71-c31305bfae5d,2012-02-14 10:15:18.185246873,0.0
Case8,W_Completeren aanvraag,res_8f2bf97e-8175-4ba4-882d-f6b7957c1a2c,Role 1,2012-02-14 13:16:20.709664273,537,2,res_8f2bf97e-8175-4ba4-882d-f6b7957c1a2c,2012-02-14 13:14:02.941907273,0.02564102564102564
Case8,W_Nabellen offertes,res_d9a4b451-1c76-46c3-87c6-97373bec81d0,Role 1,2012-02-15 03:55:07.371302273,541,1,res_d9a4b451-1c76-46c3-87c6-97373bec81d0,2012-02-15 03:53:06.811080273,0.0
Case8,W_Nabellen offertes,res_0dd9fb20-75d3-4949-8e8b-38b1e2a52fbf,Role 1,2012-02-18 23:30:27.473060773,600,1,res_0dd9fb20-75d3-4949-8e8b-38b1e2a52fbf,2012-02-18 23:28:46.691062773,0.0
Case80,W_Afhandelen leads,res_fdf1178c-5a31-4f5e-8867-f12efd24326c,Role 1,2012-02-15 09:51:00.352203297,548,0,res_fdf1178c-5a31-4f5e-8867-f12efd24326c,2012-02-15 09:47:46.218500298,0.0
Case80,W_Completeren aanvraag,res_f8a5c2f7-852b-4750-a5bc-71d8a9f25fcd,Role 1,2012-02-15 11:29:39.677679198,551,2,res_f8a5c2f7-852b-4750-a5bc-71d8a9f25fcd,2012-02-15 11:27:09.789777198,0.05128205128205128
Case80,W_Nabellen offertes,res_e9f54089-f03e-4dc1-a453-57f4acf2c7fb,Role 1,2012-02-16 18:11:18.153835498,575,1,res_e9f54089-f03e-4dc1-a453-57f4acf2c7fb,2012-02-16 18:09:24.531360498,0.0
Case80,W_Nabellen offertes,res_32a810af-a1e0-4835-afe4-a9e543c58a25,Role 1,2012-02-23 17:17:38.219316098,619,1,res_32a810af-a1e0-4835-afe4-a9e543c58a25,2012-02-23 17:16:01.846322098,0.0
Case80,W_Nabellen offertes,res_094e34c1-5472-4e50-8ca3-650a6a34e4ec,Role 1,2012-02-25 14:32:59.396598698,630,1,res_094e34c1-5472-4e50-8ca3-650a6a34e4ec,2012-02-25 14:31:23.630785698,0.0
Case80,W_Nabellen offertes,res_c475f0b2-f190-4931-b0ab-7a7e8189e241,Role 1,2012-02-28 00:37:44.292968697,623,1,res_c475f0b2-f190-4931-b0ab-7a7e8189e241,2012-02-28 00:36:13.729695697,0.0
Case800,W_Afhandelen leads,res_b48df80a-ad89-4a8c-8f9d-edecf950fdb5,Role 1,2012-03-01 16:02:22.875671769,637,1,res_b48df80a-ad89-4a8c-8f9d-edecf950fdb5,2012-03-01 15:59:20.214812769,0.02564102564102564
Case800,W_Completeren aanvraag,res_c77d0074-5613-45fd-a890-6d80edada349,Role 1,2012-03-01 17:04:52.731917369,637,2,res_c77d0074-5613-45fd-a890-6d80edada349,2012-03-01 17:02:26.015042369,0.02564102564102564
Case801,W_Afhandelen leads,res_fdf1178c-5a31-4f5e-8867-f12efd24326c,Role 1,2012-03-01 16:17:21.377634263,637,0,res_fdf1178c-5a31-4f5e-8867-f12efd24326c,2012-03-01 16:14:10.796756263,0.0
Case801,W_Completeren aanvraag,res_8f2bf97e-8175-4ba4-882d-f6b7957c1a2c,Role 1,2012-03-01 17:20:07.527813463,638,1,res_8f2bf97e-8175-4ba4-882d-f6b7957c1a2c,2012-03-01 17:17:34.547141463,0.0
Case802,W_Afhandelen leads,res_b48df80a-ad89-4a8c-8f9d-edecf950fdb5,Role 1,2012-03-01 16:45:00.602384482,637,0,res_b48df80a-ad89-4a8c-8f9d-edecf950fdb5,2012-03-01 16:41:49.052275482,0.0
Case802,W_Completeren aanvraag,res_63a2ec71-0edb-4961-a972-295906b733b9,Role 1,2012-03-01 17:48:25.424473982,639,1,res_63a2ec71-0edb-4961-a972-295906b733b9,2012-03-01 17:45:51.851826982,0.0
Case802,W_Nabellen offertes,res_7b5eefe7-a9c7-4c10-ace5-1fd3772097ff,Role 1,2012-03-06 05:37:43.477677881,641,1,res_7b5eefe7-a9c7-4c10-ace5-1fd3772097ff,2012-03-06 05:35:52.220840882,0.0
Case802,W_Nabellen offertes,res_90ea4c98-054c-4dd3-aadb-9d56713379c2,Role 1,2012-03-10 02:38:38.984980182,608,1,res_90ea4c98-054c-4dd3-aadb-9d56713379c2,2012-03-10 02:27:44.254272182,0.0
Case803,W_Afhandelen leads,res_a117c367-ca0b-4fb8-9736-c1d7d3de62d1,Role 1,2012-03-01 17:02:15.014488679,638,0,res_a117c367-ca0b-4fb8-9736-c1d7d3de62d1,2012-03-01 16:59:07.728727679,0.07692307692307693
Case803,W_Completeren aanvraag,res_094e34c1-5472-4e50-8ca3-650a6a34e4ec,Role 1,2012-03-01 18:06:20.332556179,637,1,res_094e34c1-5472-4e50-8ca3-650a6a34e4ec,2012-03-01 18:03:47.153439179,0.0
Case804,W_Afhandelen leads,res_8f2bf97e-8175-4ba4-882d-f6b7957c1a2c,Role 1,2012-03-01 17:02:37.252948252,638,1,res_8f2bf97e-8175-4ba4-882d-f6b7957c1a2c,2012-03-01 16:59:33.922314252,0.05128205128205128
Case804,W_Completeren aanvraag,res_ffdbf4b7-c588-487c-b4ec-ae52c332aeda,Role 1,2012-03-01 18:06:34.608305052,637,2,res_ffdbf4b7-c588-487c-b4ec-ae52c332aeda,2012-03-01 18:04:06.765311052,0.02564102564102564
Case804,W_Completeren aanvraag,res_63a2ec71-0edb-4961-a972-295906b733b9,Role 1,2012-03-01 21:13:52.347044452,636,1,res_63a2ec71-0edb-4961-a972-295906b733b9,2012-03-01 21:11:56.850055452,0.0
Case805,W_Completeren aanvraag,res_a6b7a9b9-8dde-47b4-ba71-c31305bfae5d,Role 1,2012-03-01 17:22:44.815909573,638,2,res_a6b7a9b9-8dde-47b4-ba71-c31305bfae5d,2012-03-01 17:20:15.095339573,0.02564102564102564
Case805,W_Nabellen offertes,res_094e34c1-5472-4e50-8ca3-650a6a34e4ec,Role 1,2012-03-01 17:47:17.357996273,639,2,res_094e34c1-5472-4e50-8ca3-650a6a34e4ec,2012-03-01 17:45:13.772680273,0.02564102564102564
Case806,W_Completeren aanvraag,res_3835d2af-f74a-47b9-b054-8234859b6abe,Role 1,2012-03-01 17:39:47.866759471,639,1,res_3835d2af-f74a-47b9-b054-8234859b6abe,2012-03-01 17:37:09.593096471,0.0
Case806,W_Completeren aanvraag,res_fdf1178c-5a31-4f5e-8867-f12efd24326c,Role 1,2012-03-01 18:45:31.738249771,638,1,res_fdf1178c-5a31-4f5e-8867-f12efd24326c,2012-03-01 18:43:01.068691771,0.0
Case806,W_Completeren aanvraag,res_fe8f604a-4f72-4c5b-9082-2dc751f7d4b9,Role 1,2012-03-01 23:43:53.276673671,635,1,res_fe8f604a-4f72-4c5b-9082-2dc751f7d4b9,2012-03-01 23:41:56.523134671,0.0
Case806,W_Completeren aanvraag,res_c05ba8c3-4cba-4513-8bb9-b3faa8713cc7,Role 1,2012-03-02 12:29:23.720827470,626,1,res_c05ba8c3-4cba-4513-8bb9-b3faa8713cc7,2012-03-02 12:27:35.465413471,0.0
Case806,W_Nabellen offertes,res_a117c367-ca0b-4fb8-9736-c1d7d3de62d1,Role 1,2012-03-02 21:23:58.600432071,644,1,res_a117c367-ca0b-4fb8-9736-c1d7d3de62d1,2012-03-02 21:22:20.414110071,0.0
Case806,W_Nabellen offertes,res_c475f0b2-f190-4931-b0ab-7a7e8189e241,Role 1,2012-03-05 20:04:48.376318171,619,1,res_c475f0b2-f190-4931-b0ab-7a7e8189e241,2012-03-05 19:56:29.240354171,0.0
Case807,W_Completeren aanvraag,res_13a07171-afed-4486-9431-2507f9aacd76,Role 1,2012-03-01 18:01:58.681536448,638,3,res_13a07171-afed-4486-9431-2507f9aacd76,2012-03-01 17:59:34.533022448,0.05128205128205128
Case807,W_Completeren aanvraag,res_c05ba8c3-4cba-4513-8bb9-b3faa8713cc7,Role 1,2012-03-01 19:08:47.716369348,638,1,res_c05ba8c3-4cba-4513-8bb9-b3faa8713cc7,2012-03-01 19:06:25.107219348,0.02564102564102564
Case807,W_Completeren aanvraag,res_dfa30272-4bc0-4c82-9bd0-6b4169bccece,Role 1,2012-03-02 00:53:35.454432248,634,1,res_dfa30272-4bc0-4c82-9bd0-6b4169bccece,2012-03-02 00:51:42.014090248,0.0
Case807,W_Completeren aanvraag,res_0dcb8a75-60b3-457b-aac5-fe91506450da,Role 1,2012-03-02 13:13:49.733839448,629,1,res_0dcb8a75-60b3-457b-aac5-fe91506450da,2012-03-02 13:12:02.763337448,0.0
Case807,W_Completeren aanvraag,res_dfa30272-4bc0-4c82-9bd0-6b4169bccece,Role 1,2012-03-02 16:27:43.952844348,637,1,res_dfa30272-4bc0-4c82-9bd0-6b4169bccece,2012-03-02 16:25:56.800191348,0.0
Case807,W_Completeren aanvraag,res_240d458f-f7c5-4593-8aba-741926c2775b,Role 1,2012-03-02 18:20:13.855875348,640,1,res_240d458f-f7c5-4593-8aba-741926c2775b,2012-03-02 18:18:28.489787348,0.0
Case807,W_Completeren aanvraag,res_3835d2af-f74a-47b9-b054-8234859b6abe,Role 1,2012-03-02 19:46:26.477458248,644,1,res_3835d2af-f74a-47b9-b054-8234859b6abe,2012-03-02 19:44:43.478036248,0.02564102564102564
Case807,W_Nabellen offertes,res_d9486917-858c-4563-bf95-164b83d8a3d8,Role 1,2012-03-03 03:19:33.435319348,641,1,res_d9486917-858c-4563-bf95-164b83d8a3d8,2012-03-03 03:17:57.307126348,0.0
Case808,W_Completeren aanvraag,res_32a810af-a1e0-4835-afe4-a9e543c58a25,Role 1,2012-03-01 18:02:53.740367057,639,4,res_32a810af-a1e0-4835-afe4-a9e543c58a25,2012-03-01 18:00:33.972315057,0.07692307692307693
Case808,W_Completeren aanvraag,res_8f2bf97e-8175-4ba4-882d-f6b7957c1a2c,Role 1,2012-03-01 19:09:32.773423257,638,2,res_8f2bf97e-8175-4ba4-882d-f6b7957c1a2c,2012-03-01 19:07:19.457950257,0.05128205128205128
Case808,W_Nabellen offertes,res_3038739b-6c1c-42c1-b9ac-27ac6cc55a89,Role 1,2012-03-08 13:48:40.561305557,624,1,res_3038739b-6c1c-42c1-b9ac-27ac6cc55a89,2012-03-08 13:46:56.657704557,0.0
Case809,W_Completeren aanvraag,res_c561e158-62af-4d50-bb96-33472303cf4c,Role 1,2012-03-01 18:30:02.915393680,638,1,res_c561e158-62af-4d50-bb96-33472303cf4c,2012-03-01 18:27:23.870443680,0.0
Case809,W_Completeren aanvraag,res_e08dd225-6ddd-45bc-b1b2-7c6cf10375f6,Role 1,2012-03-01 19:38:34.385989180,639,1,res_e08dd225-6ddd-45bc-b1b2-7c6cf10375f6,2012-03-01 19:36:02.235038180,0.0
Case809,W_Nabellen offertes,res_d9486917-858c-4563-bf95-164b83d8a3d8,Role 1,2012-03-08 23:27:54.934807980,622,2,res_d9486917-858c-4563-bf95-164b83d8a3d8,2012-03-08 23:24:21.706346980,0.02564102564102564
Case81,W_Afhandelen leads,res_a6b7a9b9-8dde-47b4-ba71-c31305bfae5d,Role 1,2012-02-15 10:05:19.744002668,548,0,res_a6b7a9b9-8dde-47b4-ba71-c31305bfae5d,2012-02-15 10:02:06.577074668,0.0
Case81,W_Completeren aanvraag,res_e9f54089-f03e-4dc1-a453-57f4acf2c7fb,Role 1,2012-02-15 11:40:14.872107568,550,1,res_e9f54089-f03e-4dc1-a453-57f4acf2c7fb,2012-02-15 11:37:40.647930568,0.0
Case81,W_Completeren aanvraag,res_d9a4b451-1c76-46c3-87c6-97373bec81d0,Role 1,2012-02-15 15:55:21.464334268,560,1,res_d9a4b451-1c76-46c3-87c6-97373bec81d0,2012-02-15 15:53:02.211115268,0.05128205128205128
Case810,W_Afhandelen leads,res_3038739b-6c1c-42c1-b9ac-27ac6cc55a89,Role 1,2012-03-01 19:02:33.872964083,638,0,res_3038739b-6c1c-42c1-b9ac-27ac6cc55a89,2012-03-01 18:59:20.032046083,0.0
Case810,W_Completeren aanvraag,res_c561e158-62af-4d50-bb96-33472303cf4c,Role 1,2012-03-01 20:13:01.746521483,638,2,res_c561e158-62af-4d50-bb96-33472303cf4c,2012-03-01 20:10:31.423060483,0.07692307692307693
Case811,W_Afhandelen leads,res_03b72214-605a-4b4f-97a5-ea18baa453ee,Role 1,2012-03-01 19:17:30.498001401,639,0,res_03b72214-605a-4b4f-97a5-ea18baa453ee,2012-03-01 19:14:16.658663401,0.0
Case811,W_Completeren aanvraag,res_d9a4b451-1c76-46c3-87c6-97373bec81d0,Role 1,2012-03-01 20:29:09.924108301,636,1,res_d9a4b451-1c76-46c3-87c6-97373bec81d0,2012-03-01 20:26:34.241582301,0.0
Case811,W_Nabellen offertes,res_c475f0b2-f190-4931-b0ab-7a7e8189e241,Role 1,2012-03-09 12:11:02.256480501,624,1,res_c475f0b2-f190-4931-b0ab-7a7e8189e241,2012-03-09 12:09:12.556904501,0.0
Case812,W_Completeren aanvraag,res_a6b7a9b9-8dde-47b4-ba71-c31305bfae5d,Role 1,2012-03-01 20:06:46.345351861,638,1,res_a6b7a9b9-8dde-47b4-ba71-c31305bfae5d,2012-03-01 20:04:10.787097861,0.05128205128205128
Case812,W_Completeren aanvraag,res_3835d2af-f74a-47b9-b054-8234859b6abe,Role 1,2012-03-01 21:21:41.042138061,637,1,res_3835d2af-f74a-47b9-b054-8234859b6abe,2012-03-01 21:19:06.879530061,0.0
Case812,W_Nabellen offertes,res_6d1d995e-4384-448a-9bf8-9fb7d8013316,Role 1,2012-03-09 05:30:56.833090361,622,1,res_6d1d995e-4384-448a-9bf8-9fb7d8013316,2012-03-09 05:29:05.220370361,0.02564102564102564
Case812,W_Nabellen offertes,res_a6b7a9b9-8dde-47b4-ba71-c31305bfae5d,Role 1,2012-03-12 16:18:43.410461260,597,1,res_a6b7a9b9-8dde-47b4-ba71-c31305bfae5d,2012-03-12 16:17:09.039280260,0.0
Case813,W_Afhandelen leads,res_fdf1178c-5a31-4f5e-8867-f12efd24326c,Role 1,2012-03-01 20:38:44.166528316,636,0,res_fdf1178c-5a31-4f5e-8867-f12efd24326c,2012-03-01 20:35:30.680657316,0.0
Case813,W_Completeren aanvraag,res_554d030c-8ea0-477b-9a72-1469e52cca81,Role 1,2012-03-01 21:55:52.021899016,636,1,res_554d030c-8ea0-477b-9a72-1469e52cca81,2012-03-01 21:53:15.966341016,0.0
Case814,W_Completeren aanvraag,res_4a606e00-143e-4039-9760-70b3cb78e66a,Role 1,2012-03-01 21:03:22.951029295,636,1,res_4a606e00-143e-4039-9760-70b3cb78e66a,2012-03-01 21:00:47.893787295,0.02564102564102564
Case814,W_Nabellen offertes,res_c475f0b2-f190-4931-b0ab-7a7e8189e241,Role 1,2012-03-01 21:21:31.120246295,637,1,res_c475f0b2-f190-4931-b0ab-7a7e8189e241,2012-03-01 21:19:15.170462295,0.0
Case815,W_Afhandelen leads,res_3835d2af-f74a-47b9-b054-8234859b6abe,Role 1,2012-03-01 21:04:37.465550155,637,0,res_3835d2af-f74a-47b9-b054-8234859b6abe,2012-03-01 21:01:27.184167155,0.05128205128205128
Case815,W_Completeren aanvraag,res_0dcb8a75-60b3-457b-aac5-fe91506450da,Role 1,2012-03-01 22:23:31.913564355,636,1,res_0dcb8a75-60b3-457b-aac5-fe91506450da,2012-03-01 22:20:56.149431355,0.0
Case815,W_Nabellen offertes,res_fdf1178c-5a31-4f5e-8867-f12efd24326c,Role 1,2012-03-08 20:56:28.713186455,623,1,res_fdf1178c-5a31-4f5e-8867-f12efd24326c,2012-03-08 20:53:30.675329455,0.0
Case816,W_Completeren aanvraag,res_c475f0b2-f190-4931-b0ab-7a7e8189e241,Role 1,2012-03-01 22:04:00.665521713,636,1,res_c475f0b2-f190-4931-b0ab-7a7e8189e241,2012-03-01 22:01:26.787429713,0.0
Case817,W_Afhandelen leads,res_fe8f604a-4f72-4c5b-9082-2dc751f7d4b9,Role 1,2012-03-01 22:04:59.363000737,637,0,res_fe8f604a-4f72-4c5b-9082-2dc751f7d4b9,2012-03-01 22:01:48.951233737,0.02564102564102564
Case817,W_Completeren aanvraag,res_d9486917-858c-4563-bf95-164b83d8a3d8,Role 1,2012-03-01 23:29:13.491404037,635,1,res_d9486917-858c-4563-bf95-164b83d8a3d8,2012-03-01 23:26:36.799042037,0.0
Case818,W_Completeren aanvraag,res_c561e158-62af-4d50-bb96-33472303cf4c,Role 1,2012-03-01 23:02:26.938013265,636,1,res_c561e158-62af-4d50-bb96-33472303cf4c,2012-03-01 22:59:54.713139265,0.0
Case819,W_Completeren aanvraag,res_8f2bf97e-8175-4ba4-882d-f6b7957c1a2c,Role 1,2012-03-02 11:11:02.998865126,627,1,res_8f2bf97e-8175-4ba4-882d-f6b7957c1a2c,2012-03-02 11:07:58.563424126,0.0
Case819,W_Completeren aanvraag,res_dfa30272-4bc0-4c82-9bd0-6b4169bccece,Role 1,2012-03-02 12:32:55.262296426,635,1,res_dfa30272-4bc0-4c82-9bd0-6b4169bccece,2012-03-02 12:30:40.680777426,0.0
Case82,W_Afhandelen leads,res_3d71865b-e63e-44f8-a4fd-ece0ef216fef,Role 1,2012-02-15 10:18:46.681480892,549,0,res_3d71865b-e63e-44f8-a4fd-ece0ef216fef,2012-02-15 10:15:34.548475892,0.0
Case82,W_Completeren aanvraag,res_4a606e00-143e-4039-9760-70b3cb78e66a,Role 1,2012-02-15 11:48:02.989681192,551,1,res_4a606e00-143e-4039-9760-70b3cb78e66a,2012-02-15 11:45:28.690285192,0.0
Case82,W_Completeren aanvraag,res_d9a4b451-1c76-46c3-87c6-97373bec81d0,Role 1,2012-02-15 15:58:44.088861892,559,1,res_d9a4b451-1c76-46c3-87c6-97373bec81d0,2012-02-15 15:56:23.396451892,0.0
Case820,W_Afhandelen leads,res_90ea4c98-054c-4dd3-aadb-9d56713379c2,Role 1,2012-03-02 11:16:53.861711293,628,0,res_90ea4c98-054c-4dd3-aadb-9d56713379c2,2012-03-02 11:13:25.983256293,0.0
Case820,W_Completeren aanvraag,res_094e34c1-5472-4e50-8ca3-650a6a34e4ec,Role 1,2012-03-02 12:38:08.214647793,634,1,res_094e34c1-5472-4e50-8ca3-650a6a34e4ec,2012-03-02 12:35:47.323933793,0.0
Case820,W_Completeren aanvraag,res_03b72214-605a-4b4f-97a5-ea18baa453ee,Role 1,2012-03-02 17:20:54.686871693,642,1,res_03b72214-605a-4b4f-97a5-ea18baa453ee,2012-03-02 17:19:06.071761693,0.0
Case820,W_Completeren aanvraag,res_f8a5c2f7-852b-4750-a5bc-71d8a9f25fcd,Role 1,2012-03-02 21:32:50.291161893,644,1,res_f8a5c2f7-852b-4750-a5bc-71d8a9f25fcd,2012-03-02 21:31:09.003113893,0.0
Case820,W_Completeren aanvraag,res_6d1d995e-4384-448a-9bf8-9fb7d8013316,Role 1,2012-03-03 09:36:25.453596193,637,1,res_6d1d995e-4384-448a-9bf8-9fb7d8013316,2012-03-03 09:34:33.946450193,0.0
Case820,W_Nabellen offertes,res_b48df80a-ad89-4a8c-8f9d-edecf950fdb5,Role 1,2012-03-03 16:41:13.222488593,639,1,res_b48df80a-ad89-4a8c-8f9d-edecf950fdb5,2012-03-03 16:39:34.937742593,0.0
Case820,W_Nabellen offertes,res_3d71865b-e63e-44f8-a4fd-ece0ef216fef,Role 1,2012-03-06 15:53:25.221294393,637,1,res_3d71865b-e63e-44f8-a4fd-ece0ef216fef,2012-03-06 15:42:00.212161393,0.0
Case821,W_Afhandelen leads,res_240d458f-f7c5-4593-8aba-741926c2775b,Role 1,2012-03-02 11:23:54.319838741,629,0,res_240d458f-f7c5-4593-8aba-741926c2775b,2012-03-02 11:20:27.095532741,0.0
Case821,W_Completeren aanvraag,res_3d71865b-e63e-44f8-a4fd-ece0ef216fef,Role 1,2012-03-02 12:44:17.686764741,634,1,res_3d71865b-e63e-44f8-a4fd-ece0ef216fef,2012-03-02 12:41:56.582764741,0.0
Case821,W_Completeren aanvraag,res_63a2ec71-0edb-4961-a972-295906b733b9,Role 1,2012-03-02 17:32:15.056986741,643,1,res_63a2ec71-0edb-4961-a972-295906b733b9,2012-03-02 17:30:26.461893741,0.0
Case821,W_Nabellen offertes,res_b48df80a-ad89-4a8c-8f9d-edecf950fdb5,Role 1,2012-03-04 19:51:28.560299441,625,1,res_b48df80a-ad89-4a8c-8f9d-edecf950fdb5,2012-03-04 19:49:50.988424441,0.0
Case822,W_Completeren aanvraag,res_240d458f-f7c5-4593-8aba-741926c2775b,Role 1,2012-03-02 11:34:13.398291700,630,1,res_240d458f-f7c5-4593-8aba-741926c2775b,2012-03-02 11:31:11.860740700,0.0
Case822,W_Completeren aanvraag,res_e9f54089-f03e-4dc1-a453-57f4acf2c7fb,Role 1,2012-03-02 12:52:32.985995199,634,1,res_e9f54089-f03e-4dc1-a453-57f4acf2c7fb,2012-03-02 12:50:18.723666200,0.02564102564102564
Case823,W_Completeren aanvraag,res_e08dd225-6ddd-45bc-b1b2-7c6cf10375f6,Role 1,2012-03-02 11:43:48.377764314,631,1,res_e08dd225-6ddd-45bc-b1b2-7c6cf10375f6,2012-03-02 11:40:48.119645314,0.0
Case823,W_Completeren aanvraag,res_8f2bf97e-8175-4ba4-882d-f6b7957c1a2c,Role 1,2012-03-02 13:01:51.375268014,633,1,res_8f2bf97e-8175-4ba4-882d-f6b7957c1a2c,2012-03-02 12:59:36.733287014,0.02564102564102564
Case823,W_Nabellen offertes,res_c561e158-62af-4d50-bb96-33472303cf4c,Role 1,2012-03-08 04:27:00.198652514,628,1,res_c561e158-62af-4d50-bb96-33472303cf4c,2012-03-08 04:25:15.121828514,0.0
Case823,W_Nabellen offertes,res_32a810af-a1e0-4835-afe4-a9e543c58a25,Role 1,2012-03-10 21:55:27.577611914,615,1,res_32a810af-a1e0-4835-afe4-a9e543c58a25,2012-03-10 21:52:27.080873914,0.0
Case824,W_Afhandelen leads,res_32a810af-a1e0-4835-afe4-a9e543c58a25,Role 1,2012-03-02 11:53:48.509478926,632,0,res_32a810af-a1e0-4835-afe4-a9e543c58a25,2012-03-02 11:50:24.378549927,0.0
Case824,W_Completeren aanvraag,res_b48df80a-ad89-4a8c-8f9d-edecf950fdb5,Role 1,2012-03-02 13:10:58.556117127,632,1,res_b48df80a-ad89-4a8c-8f9d-edecf950fdb5,2012-03-02 13:08:36.531195127,0.0
Case824,W_Nabellen offertes,res_554d030c-8ea0-477b-9a72-1469e52cca81,Role 1,2012-03-08 06:21:23.728386327,624,1,res_554d030c-8ea0-477b-9a72-1469e52cca81,2012-03-08 06:19:37.544772327,0.0
Case824,W_Nabellen offertes,res_3038739b-6c1c-42c1-b9ac-27ac6cc55a89,Role 1,2012-03-10 23:13:56.534532227,614,1,res_3038739b-6c1c-42c1-b9ac-27ac6cc55a89,2012-03-10 23:09:31.335124227,0.0
Case825,W_Afhandelen leads,res_240d458f-f7c5-4593-8aba-741926c2775b,Role 1,2012-03-02 12:01:17.986705861,633,0,res_240d458f-f7c5-4593-8aba-741926c2775b,2012-03-02 11:57:54.706749861,0.0
Case825,W_Completeren aanvraag,res_d9486917-858c-4563-bf95-164b83d8a3d8,Role 1,2012-03-02 13:17:45.278026161,633,1,res_d9486917-858c-4563-bf95-164b83d8a3d8,2012-03-02 13:15:24.252742161,0.02564102564102564
Case825,W_Completeren aanvraag,res_094e34c1-5472-4e50-8ca3-650a6a34e4ec,Role 1,2012-03-02 17:41:16.480906461,642,1,res_094e34c1-5472-4e50-8ca3-650a6a34e4ec,2012-03-02 17:39:28.101847461,0.0
Case825,W_Nabellen offertes,res_8f2bf97e-8175-4ba4-882d-f6b7957c1a2c,Role 1,2012-03-04 15:29:17.853085561,629,1,res_8f2bf97e-8175-4ba4-882d-f6b7957c1a2c,2012-03-04 15:26:43.801049561,0.0
Case825,W_Nabellen offertes,res_c66fd8c7-ae25-415c-80c1-ac9cc1be7147,Role 1,2012-03-07 12:09:38.765586761,634,1,res_c66fd8c7-ae25-415c-80c1-ac9cc1be7147,2012-03-07 12:07:54.367457761,0.0
Case825,W_Nabellen offertes,res_d9486917-858c-4563-bf95-164b83d8a3d8,Role 1,2012-03-09 02:21:20.349933161,616,1,res_d9486917-858c-4563-bf95-164b83d8a3d8,2012-03-09 02:19:09.440087161,0.0
Case825,W_Nabellen offertes,res_3d71865b-e63e-44f8-a4fd-ece0ef216fef,Role 1,2012-03-10 17:49:09.715269261,618,1,res_3d71865b-e63e-44f8-a4fd-ece0ef216fef,2012-03-10 17:47:28.953216261,0.02564102564102564
Case826,W_Afhandelen leads,res_ffdbf4b7-c588-487c-b4ec-ae52c332aeda,Role 1,2012-03-02 12:11:06.222464761,634,0,res_ffdbf4b7-c588-487c-b4ec-ae52c332aeda,2012-03-02 12:07:44.062447761,0.0
Case826,W_Completeren aanvraag,res_a117c367-ca0b-4fb8-9736-c1d7d3de62d1,Role 1,2012-03-02 13:26:15.896962561,634,1,res_a117c367-ca0b-4fb8-9736-c1d7d3de62d1,2012-03-02 13:23:53.370236561,0.0
Case827,W_Afhandelen leads,res_90ea4c98-054c-4dd3-aadb-9d56713379c2,Role 1,2012-03-02 12:11:58.678710919,635,1,res_90ea4c98-054c-4dd3-aadb-9d56713379c2,2012-03-02 12:08:47.531522919,0.02564102564102564
Case827,W_Completeren aanvraag,res_63a2ec71-0edb-4961-a972-295906b733b9,Role 1,2012-03-02 13:27:26.424191619,634,2,res_63a2ec71-0edb-4961-a972-295906b733b9,2012-03-02 13:25:10.495433619,0.02564102564102564
Case827,W_Completeren aanvraag,res_3038739b-6c1c-42c1-b9ac-27ac6cc55a89,Role 1,2012-03-02 18:03:27.582133819,644,2,res_3038739b-6c1c-42c1-b9ac-27ac6cc55a89,2012-03-02 18:01:40.792035819,0.02564102564102564
Case827,W_Completeren aanvraag,res_c66fd8c7-ae25-415c-80c1-ac9cc1be7147,Role 1,2012-03-02 23:21:26.421827919,642,1,res_c66fd8c7-ae25-415c-80c1-ac9cc1be7147,2012-03-02 23:19:43.909581919,0.0
Case827,W_Completeren aanvraag,res_dfa30272-4bc0-4c82-9bd0-6b4169bccece,Role 1,2012-03-03 12:47:14.688515319,637,1,res_dfa30272-4bc0-4c82-9bd0-6b4169bccece,2012-03-03 12:45:27.681041319,0.0
Case827,W_Nabellen offertes,res_6d1d995e-4384-448a-9bf8-9fb7d8013316,Role 1,2012-03-04 02:40:36.993600619,638,1,res_6d1d995e-4384-448a-9bf8-9fb7d8013316,2012-03-04 02:39:03.220598619,0.0
Case828,W_Completeren aanvraag,res_c05ba8c3-4cba-4513-8bb9-b3faa8713cc7,Role 1,2012-03-02 12:32:34.928841539,635,2,res_c05ba8c3-4cba-4513-8bb9-b3faa8713cc7,2012-03-02 12:29:52.883243539,0.02564102564102564
Case829,W_Afhandelen leads,res_ffdbf4b7-c588-487c-b4ec-ae52c332aeda,Role 1,2012-03-02 12:52:28.329394953,633,0,res_ffdbf4b7-c588-487c-b4ec-ae52c332aeda,2012-03-02 12:49:10.438280953,0.0
Case829,W_Completeren aanvraag,res_e9f54089-f03e-4dc1-a453-57f4acf2c7fb,Role 1,2012-03-02 14:04:38.384794353,635,1,res_e9f54089-f03e-4dc1-a453-57f4acf2c7fb,2012-03-02 14:02:14.624732353,0.0
Case829,W_Completeren aanvraag,res_094e34c1-5472-4e50-8ca3-650a6a34e4ec,Role 1,2012-03-02 18:13:53.762840753,644,1,res_094e34c1-5472-4e50-8ca3-650a6a34e4ec,2012-03-02 18:12:05.000076753,0.0
Case829,W_Completeren aanvraag,res_b48df80a-ad89-4a8c-8f9d-edecf950fdb5,Role 1,2012-03-02 23:14:30.590295253,643,1,res_b48df80a-ad89-4a8c-8f9d-edecf950fdb5,2012-03-02 23:12:47.192294253,0.0
Case83,W_Afhandelen leads,res_0dd9fb20-75d3-4949-8e8b-38b1e2a52fbf,Role 1,2012-02-15 10:20:18.511054273,550,1,res_0dd9fb20-75d3-4949-8e8b-38b1e2a52fbf,2012-02-15 10:17:16.300485273,0.02564102564102564
Case83,W_Completeren aanvraag,res_fdf1178c-5a31-4f5e-8867-f12efd24326c,Role 1,2012-02-15 11:51:16.535082473,551,1,res_fdf1178c-5a31-4f5e-8867-f12efd24326c,2012-02-15 11:48:43.658123473,0.0
Case830,W_Afhandelen leads,res_32a810af-a1e0-4835-afe4-a9e543c58a25,Role 1,2012-03-02 13:11:34.202071992,633,0,res_32a810af-a1e0-4835-afe4-a9e543c58a25,2012-03-02 13:08:17.918861992,0.0
Case830,W_Completeren aanvraag,res_a6b7a9b9-8dde-47b4-ba71-c31305bfae5d,Role 1,2012-03-02 14:22:41.559371992,637,1,res_a6b7a9b9-8dde-47b4-ba71-c31305bfae5d,2012-03-02 14:20:17.249087992,0.0
Case830,W_Nabellen offertes,res_c05ba8c3-4cba-4513-8bb9-b3faa8713cc7,Role 1,2012-03-08 14:38:19.450949692,625,1,res_c05ba8c3-4cba-4513-8bb9-b3faa8713cc7,2012-03-08 14:36:22.842410692,0.0
Case830,W_Nabellen offertes,res_32a810af-a1e0-4835-afe4-a9e543c58a25,Role 1,2012-03-11 02:45:07.643835492,612,1,res_32a810af-a1e0-4835-afe4-a9e543c58a25,2012-03-11 02:43:17.585846492,0.0
Case830,W_Nabellen offertes,res_f8a5c2f7-852b-4750-a5bc-71d8a9f25fcd,Role 1,2012-03-13 15:43:29.036286192,601,2,res_f8a5c2f7-852b-4750-a5bc-71d8a9f25fcd,2012-03-13 15:41:50.274367192,0.05128205128205128
Case831,W_Afhandelen leads,res_cd5fe8a1-7bca-4ddc-9e04-e32a42150d6e,Role 1,2012-03-02 13:11:56.602856665,634,1,res_cd5fe8a1-7bca-4ddc-9e04-e32a42150d6e,2012-03-02 13:08:52.172013665,0.05128205128205128
Case831,W_Completeren aanvraag,res_240d458f-f7c5-4593-8aba-741926c2775b,Role 1,2012-03-02 14:23:06.201869065,637,2,res_240d458f-f7c5-4593-8aba-741926c2775b,2012-03-02 14:20:49.447027065,0.02564102564102564
Case831,W_Nabellen offertes,res_8f2bf97e-8175-4ba4-882d-f6b7957c1a2c,Role 1,2012-03-08 18:14:13.002090165,623,1,res_8f2bf97e-8175-4ba4-882d-f6b7957c1a2c,2012-03-08 18:10:02.780535165,0.0
Case831,W_Nabellen offertes,res_13a07171-afed-4486-9431-2507f9aacd76,Role 1,2012-03-11 15:32:12.997066465,603,1,res_13a07171-afed-4486-9431-2507f9aacd76,2012-03-11 15:30:36.626022465,0.0
Case831,W_Nabellen offertes,res_fe8f604a-4f72-4c5b-9082-2dc751f7d4b9,Role 1,2012-03-14 23:32:29.315964965,590,1,res_fe8f604a-4f72-4c5b-9082-2dc751f7d4b9,2012-03-14 23:30:57.232472965,0.0
Case832,W_Afhandelen leads,res_d9a4b451-1c76-46c3-87c6-97373bec81d0,Role 1,2012-03-02 13:30:47.437570494,634,0,res_d9a4b451-1c76-46c3-87c6-97373bec81d0,2012-03-02 13:27:32.451562494,0.0
Case832,W_Completeren aanvraag,res_ffdbf4b7-c588-487c-b4ec-ae52c332aeda,Role 1,2012-03-02 14:41:01.461904294,638,2,res_ffdbf4b7-c588-487c-b4ec-ae52c332aeda,2012-03-02 14:38:41.298007294,0.02564102564102564
Case832,W_Completeren aanvraag,res_ffdbf4b7-c588-487c-b4ec-ae52c332aeda,Role 1,2012-03-02 18:45:43.301880894,647,2,res_ffdbf4b7-c588-487c-b4ec-ae52c332aeda,2012-03-02 18:43:55.956592894,0.02564102564102564
Case832,W_Nabellen offertes,res_13a07171-afed-4486-9431-2507f9aacd76,Role 1,2012-03-04 15:33:28.735167294,629,1,res_13a07171-afed-4486-9431-2507f9aacd76,2012-03-04 15:31:11.367423294,0.0
Case833,W_Afhandelen leads,res_3038739b-6c1c-42c1-b9ac-27ac6cc55a89,Role 1,2012-03-02 13:48:32.457724900,635,0,res_3038739b-6c1c-42c1-b9ac-27ac6cc55a89,2012-03-02 13:45:18.329046901,0.0
Case833,W_Completeren aanvraag,res_e08dd225-6ddd-45bc-b1b2-7c6cf10375f6,Role 1,2012-03-02 14:58:05.541091100,638,1,res_e08dd225-6ddd-45bc-b1b2-7c6cf10375f6,2012-03-02 14:55:41.413823101,0.02564102564102564
Case833,W_Nabellen offertes,res_c77d0074-5613-45fd-a890-6d80edada349,Role 1,2012-03-08 22:38:52.556438801,620,1,res_c77d0074-5613-45fd-a890-6d80edada349,2012-03-08 22:35:30.111314801,0.0
Case834,W_Completeren aanvraag,res_ee19d540-6f30-4eb3-abd5-d42bf0a0cc9f,Role 1,2012-03-02 14:10:34.944169703,636,1,res_ee19d540-6f30-4eb3-abd5-d42bf0a0cc9f,2012-03-02 14:07:49.313646703,0.0
Case834,W_Nabellen offertes,res_c05ba8c3-4cba-4513-8bb9-b3faa8713cc7,Role 1,2012-03-02 14:49:23.959390203,638,1,res_c05ba8c3-4cba-4513-8bb9-b3faa8713cc7,2012-03-02 14:47:19.295654203,0.0
Case834,W_Nabellen offertes,res_e08dd225-6ddd-45bc-b1b2-7c6cf10375f6,Role 1,2012-03-11 10:02:15.499058903,604,1,res_e08dd225-6ddd-45bc-b1b2-7c6cf10375f6,2012-03-11 10:00:39.097690903,0.0
Case834,W_Nabellen offertes,res_03b72214-605a-4b4f-97a5-ea18baa453ee,Role 1,2012-03-14 14:20:58.814141703,601,1,res_03b72214-605a-4b4f-97a5-ea18baa453ee,2012-03-14 14:18:08.969159703,0.0
Case835,W_Completeren aanvraag,res_a117c367-ca0b-4fb8-9736-c1d7d3de62d1,Role 1,2012-03-02 14:12:14.014601184,637,2,res_a117c367-ca0b-4fb8-9736-c1d7d3de62d1,2012-03-02 14:09:39.125221184,0.02564102564102564
Case835,W_Nabellen offertes,res_d9a4b451-1c76-46c3-87c6-97373bec81d0,Role 1,2012-03-02 14:51:31.941090884,638,1,res_d9a4b451-1c76-46c3-87c6-97373bec81d0,2012-03-02 14:49:29.464748884,0.0
Case836,W_Completeren aanvraag,res_e9f54089-f03e-4dc1-a453-57f4acf2c7fb,Role 1,2012-03-02 14:33:39.692717177,638,1,res_e9f54089-f03e-4dc1-a453-57f4acf2c7fb,2012-03-02 14:30:54.551398177,0.0
Case836,W_Completeren aanvraag,res_fa4ebd56-fe09-4e12-ab6b-f564242582f3,Role 1,2012-03-02 15:41:54.513838777,639,1,res_fa4ebd56-fe09-4e12-ab6b-f564242582f3,2012-03-02 15:39:32.313945777,0.0
Case836,W_Completeren aanvraag,res_c561e158-62af-4d50-bb96-33472303cf4c,Role 1,2012-03-02 19:12:53.631151177,645,1,res_c561e158-62af-4d50-bb96-33472303cf4c,2012-03-02 19:11:05.929786177,0.0
Case837,W_Afhandelen leads,res_240d458f-f7c5-4593-8aba-741926c2775b,Role 1,2012-03-02 14:52:14.913427971,638,0,res_240d458f-f7c5-4593-8aba-741926c2775b,2012-03-02 14:49:01.585240971,0.0
Case837,W_Completeren aanvraag,res_fe8f604a-4f72-4c5b-9082-2dc751f7d4b9,Role 1,2012-03-02 16:00:18.773327971,640,1,res_fe8f604a-4f72-4c5b-9082-2dc751f7d4b9,2012-03-02 15:57:51.268069971,0.0
Case837,W_Completeren aanvraag,res_0dcb8a75-60b3-457b-aac5-fe91506450da,Role 1,2012-03-02 19:43:17.332376471,644,1,res_0dcb8a75-60b3-457b-aac5-fe91506450da,2012-03-02 19:41:27.397284471,0.0
Case837,W_Nabellen offertes,res_ffdbf4b7-c588-487c-b4ec-ae52c332aeda,Role 1,2012-03-04 16:24:23.729356771,629,2,res_ffdbf4b7-c588-487c-b4ec-ae52c332aeda,2012-03-04 16:22:34.264638771,0.02564102564102564
Case838,W_Afhandelen leads,res_0dd9fb20-75d3-4949-8e8b-38b1e2a52fbf,Role 1,2012-03-02 15:11:48.808351584,639,0,res_0dd9fb20-75d3-4949-8e8b-38b1e2a52fbf,2012-03-02 15:08:35.259408584,0.0
Case838,W_Completeren aanvraag,res_c77d0074-5613-45fd-a890-6d80edada349,Role 1,2012-03-02 16:19:45.225004484,642,2,res_c77d0074-5613-45fd-a890-6d80edada349,2012-03-02 16:17:23.019444484,0.05128205128205128
Case839,W_Afhandelen leads,res_cd5fe8a1-7bca-4ddc-9e04-e32a42150d6e,Role 1,2012-03-02 15:12:50.636699567,640,1,res_cd5fe8a1-7bca-4ddc-9e04-e32a42150d6e,2012-03-02 15:09:44.773157567,0.02564102564102564
Case839,W_Completeren aanvraag,res_3835d2af-f74a-47b9-b054-8234859b6abe,Role 1,2012-03-02 16:20:40.631742267,642,3,res_3835d2af-f74a-47b9-b054-8234859b6abe,2012-03-02 16:18:24.738956267,0.05128205128205128
Case839,W_Completeren aanvraag,res_13a07171-afed-4486-9431-2507f9aacd76,Role 1,2012-03-02 20:05:21.423564067,644,1,res_13a07171-afed-4486-9431-2507f9aacd76,2012-03-02 20:03:33.509995067,0.0
Case839,W_Nabellen offertes,res_cd5fe8a1-7bca-4ddc-9e04-e32a42150d6e,Role 1,2012-03-04 16:20:28.887045467,629,1,res_cd5fe8a1-7bca-4ddc-9e04-e32a42150d6e,2012-03-04 16:18:38.674792467,0.0
Case84,W_Afhandelen leads,res_8f2bf97e-8175-4ba4-882d-f6b7957c1a2c,Role 1,2012-02-15 10:34:09.262090421,550,0,res_8f2bf97e-8175-4ba4-882d-f6b7957c1a2c,2012-02-15 10:30:58.376125421,0.0
Case84,W_Completeren aanvraag,res_554d030c-8ea0-477b-9a72-1469e52cca81,Role 1,2012-02-15 11:59:22.117403921,550,1,res_554d030c-8ea0-477b-9a72-1469e52cca81,2012-02-15 11:56:47.778680921,0.0
Case84,W_Completeren aanvraag,res_8f2bf97e-8175-4ba4-882d-f6b7957c1a2c,Role 1,2012-02-15 15:59:51.141180621,558,1,res_8f2bf97e-8175-4ba4-882d-f6b7957c1a2c,2012-02-15 15:57:30.714723621,0.0
Case84,W_Nabellen offertes,res_cd5fe8a1-7bca-4ddc-9e04-e32a42150d6e,Role 1,2012-02-16 05:35:17.600327621,562,1,res_cd5fe8a1-7bca-4ddc-9e04-e32a42150d6e,2012-02-16 05:32:47.794281621,0.0
Case84,W_Nabellen offertes,res_dfa30272-4bc0-4c82-9bd0-6b4169bccece,Role 1,2012-02-21 01:48:20.081453321,607,1,res_dfa30272-4bc0-4c82-9bd0-6b4169bccece,2012-02-21 01:46:32.283480321,0.02564102564102564
Case840,W_Completeren aanvraag,res_e08dd225-6ddd-45bc-b1b2-7c6cf10375f6,Role 1,2012-03-02 15:47:22.736412884,640,1,res_e08dd225-6ddd-45bc-b1b2-7c6cf10375f6,2012-03-02 15:44:36.230300884,0.0
Case840,W_Completeren aanvraag,res_3835d2af-f74a-47b9-b054-8234859b6abe,Role 1,2012-03-02 16:55:36.641911984,642,2,res_3835d2af-f74a-47b9-b054-8234859b6abe,2012-03-02 16:53:16.749223984,0.02564102564102564
Case840,W_Nabellen offertes,res_f8a5c2f7-852b-4750-a5bc-71d8a9f25fcd,Role 1,2012-03-09 14:51:06.900067984,616,1,res_f8a5c2f7-852b-4750-a5bc-71d8a9f25fcd,2012-03-09 14:49:18.588947984,0.0
Case841,W_Afhandelen leads,res_d9486917-858c-4563-bf95-164b83d8a3d8,Role 1,2012-03-02 16:11:49.607531142,641,0,res_d9486917-858c-4563-bf95-164b83d8a3d8,2012-03-02 16:08:34.862671142,0.0
Case841,W_Completeren aanvraag,res_dfa30272-4bc0-4c82-9bd0-6b4169bccece,Role 1,2012-03-02 17:20:51.894233142,644,1,res_dfa30272-4bc0-4c82-9bd0-6b4169bccece,2012-03-02 17:18:22.586059142,0.02564102564102564
Case841,W_Completeren aanvraag,res_b48df80a-ad89-4a8c-8f9d-edecf950fdb5,Role 1,2012-03-02 20:51:28.559180942,645,1,res_b48df80a-ad89-4a8c-8f9d-edecf950fdb5,2012-03-02 20:49:37.598872942,0.0
Case842,W_Completeren aanvraag,res_c561e158-62af-4d50-bb96-33472303cf4c,Role 1,2012-03-02 16:12:47.697253961,642,1,res_c561e158-62af-4d50-bb96-33472303cf4c,2012-03-02 16:10:01.502995961,0.02564102564102564
Case842,W_Completeren aanvraag,res_a6b7a9b9-8dde-47b4-ba71-c31305bfae5d,Role 1,2012-03-02 17:21:42.269684961,644,2,res_a6b7a9b9-8dde-47b4-ba71-c31305bfae5d,2012-03-02 17:19:22.546463961,0.05128205128205128
Case842,W_Completeren aanvraag,res_c05ba8c3-4cba-4513-8bb9-b3faa8713cc7,Role 1,2012-03-02 21:05:31.583131261,644,1,res_c05ba8c3-4cba-4513-8bb9-b3faa8713cc7,2012-03-02 21:03:43.465114261,0.0
Case843,W_Afhandelen leads,res_dfa30272-4bc0-4c82-9bd0-6b4169bccece,Role 1,2012-03-02 16:33:18.583903423,642,0,res_dfa30272-4bc0-4c82-9bd0-6b4169bccece,2012-03-02 16:30:03.385641423,0.0
Case843,W_Completeren aanvraag,res_a117c367-ca0b-4fb8-9736-c1d7d3de62d1,Role 1,2012-03-02 17:43:16.287929823,644,1,res_a117c367-ca0b-4fb8-9736-c1d7d3de62d1,2012-03-02 17:40:45.011248823,0.0
Case843,W_Nabellen offertes,res_e9f54089-f03e-4dc1-a453-57f4acf2c7fb,Role 1,2012-03-09 22:18:46.615564923,610,1,res_e9f54089-f03e-4dc1-a453-57f4acf2c7fb,2012-03-09 22:14:20.423974923,0.0
Case844,W_Completeren aanvraag,res_c66fd8c7-ae25-415c-80c1-ac9cc1be7147,Role 1,2012-03-02 16:56:59.241241781,643,1,res_c66fd8c7-ae25-415c-80c1-ac9cc1be7147,2012-03-02 16:54:10.077576781,0.0
Case844,W_Nabellen offertes,res_4d8dd482-f3ce-4175-9cd8-f5584cb38f63,Role 1,2012-03-02 17:29:57.907445481,644,1,res_4d8dd482-f3ce-4175-9cd8-f5584cb38f63,2012-03-02 17:27:47.680237481,0.0
Case845,W_Afhandelen leads,res_4a606e00-143e-4039-9760-70b3cb78e66a,Role 1,2012-03-02 17:12:19.479343824,643,0,res_4a606e00-143e-4039-9760-70b3cb78e66a,2012-03-02 17:09:04.689302824,0.02564102564102564
Case845,W_Completeren aanvraag,res_3038739b-6c1c-42c1-b9ac-27ac6cc55a89,Role 1,2012-03-02 18:24:31.370861824,647,1,res_3038739b-6c1c-42c1-b9ac-27ac6cc55a89,2012-03-02 18:21:58.983408824,0.0
Case846,W_Afhandelen leads,res_c05ba8c3-4cba-4513-8bb9-b3faa8713cc7,Role 1,2012-03-02 17:13:33.509920819,644,1,res_c05ba8c3-4cba-4513-8bb9-b3faa8713cc7,2012-03-02 17:10:25.284953819,0.05128205128205128
Case846,W_Completeren aanvraag,res_4d8dd482-f3ce-4175-9cd8-f5584cb38f63,Role 1,2012-03-02 18:25:30.065008219,647,3,res_4d8dd482-f3ce-4175-9cd8-f5584cb38f63,2012-03-02 18:23:09.570693219,0.05128205128205128
Case847,W_Completeren aanvraag,res_c475f0b2-f190-4931-b0ab-7a7e8189e241,Role 1,2012-03-02 17:31:50.881274461,644,1,res_c475f0b2-f190-4931-b0ab-7a7e8189e241,2012-03-02 17:29:00.527274461,0.0
Case847,W_Nabellen offertes,res_e08dd225-6ddd-45bc-b1b2-7c6cf10375f6,Role 1,2012-03-02 18:03:12.025254161,645,1,res_e08dd225-6ddd-45bc-b1b2-7c6cf10375f6,2012-03-02 18:01:00.194188161,0.0
Case847,W_Nabellen offertes,res_e08dd225-6ddd-45bc-b1b2-7c6cf10375f6,Role 1,2012-03-11 09:03:15.699874261,605,1,res_e08dd225-6ddd-45bc-b1b2-7c6cf10375f6,2012-03-11 09:01:37.219979261,0.0
Case848,W_Afhandelen leads,res_ee19d540-6f30-4eb3-abd5-d42bf0a0cc9f,Role 1,2012-03-02 17:55:59.674831520,645,0,res_ee19d540-6f30-4eb3-abd5-d42bf0a0cc9f,2012-03-02 17:52:43.040514520,0.0
Case848,W_Completeren aanvraag,res_3d71865b-e63e-44f8-a4fd-ece0ef216fef,Role 1,2012-03-02 19:11:32.605439820,644,1,res_3d71865b-e63e-44f8-a4fd-ece0ef216fef,2012-03-02 19:08:58.757476820,0.0
Case849,W_Completeren aanvraag,res_cd5fe8a1-7bca-4ddc-9e04-e32a42150d6e,Role 1,2012-03-02 18:13:03.121580091,646,1,res_cd5fe8a1-7bca-4ddc-9e04-e32a42150d6e,2012-03-02 18:10:11.791423091,0.0
Case849,W_Nabellen offertes,res_554d030c-8ea0-477b-9a72-1469e52cca81,Role 1,2012-03-02 18:43:13.534383391,645,2,res_554d030c-8ea0-477b-9a72-1469e52cca81,2012-03-02 18:41:04.069357391,0.02564102564102564
Case849,W_Nabellen offertes,res_0dcb8a75-60b3-457b-aac5-fe91506450da,Role 1,2012-03-11 07:39:19.624256291,609,1,res_0dcb8a75-60b3-457b-aac5-fe91506450da,2012-03-11 07:37:40.006034291,0.0
Case85,W_Completeren aanvraag,res_094e34c1-5472-4e50-8ca3-650a6a34e4ec,Role 1,2012-02-15 10:45:25.148033988,551,1,res_094e34c1-5472-4e50-8ca3-650a6a34e4ec,2012-02-15 10:42:42.580625988,0.0
Case850,W_Afhandelen leads,res_094e34c1-5472-4e50-8ca3-650a6a34e4ec,Role 1,2012-03-02 18:14:08.823221226,647,0,res_094e34c1-5472-4e50-8ca3-650a6a34e4ec,2012-03-02 18:10:53.096694226,0.02564102564102564
Case850,W_Completeren aanvraag,res_c561e158-62af-4d50-bb96-33472303cf4c,Role 1,2012-03-02 19:31:13.878708326,644,1,res_c561e158-62af-4d50-bb96-33472303cf4c,2012-03-02 19:28:39.799831326,0.0
Case850,W_Nabellen offertes,res_c77d0074-5613-45fd-a890-6d80edada349,Role 1,2012-03-11 05:20:24.117952226,609,1,res_c77d0074-5613-45fd-a890-6d80edada349,2012-03-11 05:18:35.144741226,0.0
Case851,W_Afhandelen leads,res_d9486917-858c-4563-bf95-164b83d8a3d8,Role 1,2012-03-02 18:45:50.373471430,645,0,res_d9486917-858c-4563-bf95-164b83d8a3d8,2012-03-02 18:42:33.139166430,0.0
Case851,W_Completeren aanvraag,res_fa4ebd56-fe09-4e12-ab6b-f564242582f3,Role 1,2012-03-02 20:05:34.221778030,645,1,res_fa4ebd56-fe09-4e12-ab6b-f564242582f3,2012-03-02 20:03:00.263611030,0.02564102564102564
Case851,W_Nabellen offertes,res_f8a5c2f7-852b-4750-a5bc-71d8a9f25fcd,Role 1,2012-03-11 08:04:30.357294930,608,2,res_f8a5c2f7-852b-4750-a5bc-71d8a9f25fcd,2012-03-11 08:02:44.412349930,0.02564102564102564
Case852,W_Completeren aanvraag,res_4d8dd482-f3ce-4175-9cd8-f5584cb38f63,Role 1,2012-03-02 19:13:56.044733796,644,1,res_4d8dd482-f3ce-4175-9cd8-f5584cb38f63,2012-03-02 19:11:03.781858796,0.0
Case852,W_Completeren aanvraag,res_4d8dd482-f3ce-4175-9cd8-f5584cb38f63,Role 1,2012-03-02 20:36:10.039560996,645,2,res_4d8dd482-f3ce-4175-9cd8-f5584cb38f63,2012-03-02 20:33:38.459570996,0.02564102564102564
Case852,W_Completeren aanvraag,res_4d8dd482-f3ce-4175-9cd8-f5584cb38f63,Role 1,2012-03-03 14:36:28.406333196,644,1,res_4d8dd482-f3ce-4175-9cd8-f5584cb38f63,2012-03-03 14:34:40.852125196,0.0
Case853,W_Afhandelen leads,res_3835d2af-f74a-47b9-b054-8234859b6abe,Role 1,2012-03-02 19:47:57.391108306,645,0,res_3835d2af-f74a-47b9-b054-8234859b6abe,2012-03-02 19:44:39.680579306,0.0
Case853,W_Completeren aanvraag,res_3038739b-6c1c-42c1-b9ac-27ac6cc55a89,Role 1,2012-03-02 21:13:34.663014706,643,1,res_3038739b-6c1c-42c1-b9ac-27ac6cc55a89,2012-03-02 21:10:58.772352706,0.0
Case854,W_Afhandelen leads,res_c66fd8c7-ae25-415c-80c1-ac9cc1be7147,Role 1,2012-03-02 20:15:36.791322163,645,0,res_c66fd8c7-ae25-415c-80c1-ac9cc1be7147,2012-03-02 20:12:18.943544163,0.0
Case854,W_Completeren aanvraag,res_d9a4b451-1c76-46c3-87c6-97373bec81d0,Role 1,2012-03-02 21:44:03.131894563,644,1,res_d9a4b451-1c76-46c3-87c6-97373bec81d0,2012-03-02 21:41:26.899421563,0.0
Case855,W_Completeren aanvraag,res_c475f0b2-f190-4931-b0ab-7a7e8189e241,Role 1,2012-03-02 21:14:55.313671160,643,1,res_c475f0b2-f190-4931-b0ab-7a7e8189e241,2012-03-02 21:12:03.435122160,0.0
Case855,W_Completeren aanvraag,res_3038739b-6c1c-42c1-b9ac-27ac6cc55a89,Role 1,2012-03-02 22:49:27.152740360,642,1,res_3038739b-6c1c-42c1-b9ac-27ac6cc55a89,2012-03-02 22:46:43.708510360,0.0
Case856,W_Afhandelen leads,res_fdf1178c-5a31-4f5e-8867-f12efd24326c,Role 1,2012-03-02 21:15:48.591983008,644,0,res_fdf1178c-5a31-4f5e-8867-f12efd24326c,2012-03-02 21:12:31.643600008,0.02564102564102564
Case856,W_Completeren aanvraag,res_13a07171-afed-4486-9431-2507f9aacd76,Role 1,2012-03-02 22:50:38.169379608,642,2,res_13a07171-afed-4486-9431-2507f9aacd76,2012-03-02 22:48:05.179529608,0.02564102564102564
Case856,W_Nabellen offertes,res_a6b7a9b9-8dde-47b4-ba71-c31305bfae5d,Role 1,2012-03-10 05:43:06.660508808,614,1,res_a6b7a9b9-8dde-47b4-ba71-c31305bfae5d,2012-03-10 05:41:18.836852808,0.02564102564102564
Case856,W_Nabellen offertes,res_63a2ec71-0edb-4961-a972-295906b733b9,Role 1,2012-03-14 04:03:18.222722107,611,1,res_63a2ec71-0edb-4961-a972-295906b733b9,2012-03-14 03:57:03.162248107,0.0
Case857,W_Afhandelen leads,res_ee19d540-6f30-4eb3-abd5-d42bf0a0cc9f,Role 1,2012-03-02 22:14:49.159343321,642,0,res_ee19d540-6f30-4eb3-abd5-d42bf0a0cc9f,2012-03-02 22:11:30.800124321,0.0
Case857,W_Completeren aanvraag,res_cd5fe8a1-7bca-4ddc-9e04-e32a42150d6e,Role 1,2012-03-02 23:56:41.361707421,642,1,res_cd5fe8a1-7bca-4ddc-9e04-e32a42150d6e,2012-03-02 23:54:02.630868421,0.0
Case858,W_Afhandelen leads,res_c77d0074-5613-45fd-a890-6d80edada349,Role 1,2012-03-02 22:16:16.526702876,643,1,res_c77d0074-5613-45fd-a890-6d80edada349,2012-03-02 22:13:06.507459876,0.02564102564102564
Case858,W_Completeren aanvraag,res_c66fd8c7-ae25-415c-80c1-ac9cc1be7147,Role 1,2012-03-02 23:58:46.511371576,642,2,res_c66fd8c7-ae25-415c-80c1-ac9cc1be7147,2012-03-02 23:56:15.172594576,0.02564102564102564
Case858,W_Nabellen offertes,res_0dcb8a75-60b3-457b-aac5-fe91506450da,Role 1,2012-03-09 09:25:43.225726676,626,1,res_0dcb8a75-60b3-457b-aac5-fe91506450da,2012-03-09 09:23:55.886792676,0.07692307692307693
Case858,W_Nabellen offertes,res_3038739b-6c1c-42c1-b9ac-27ac6cc55a89,Role 1,2012-03-13 00:29:56.755726876,592,1,res_3038739b-6c1c-42c1-b9ac-27ac6cc55a89,2012-03-13 00:24:38.812162876,0.0
Case858,W_Nabellen offertes,res_3d71865b-e63e-44f8-a4fd-ece0ef216fef,Role 1,2012-03-14 15:05:27.964444976,596,1,res_3d71865b-e63e-44f8-a4fd-ece0ef216fef,2012-03-14 15:03:41.530871976,0.0
Case859,W_Completeren aanvraag,res_32a810af-a1e0-4835-afe4-a9e543c58a25,Role 1,2012-03-02 23:12:13.212053650,642,1,res_32a810af-a1e0-4835-afe4-a9e543c58a25,2012-03-02 23:09:20.442899650,0.0
Case859,W_Nabellen offertes,res_fa4ebd56-fe09-4e12-ab6b-f564242582f3,Role 1,2012-03-02 23:43:44.612002050,642,1,res_fa4ebd56-fe09-4e12-ab6b-f564242582f3,2012-03-02 23:41:18.499855050,0.0
Case859,W_Nabellen offertes,res_4a606e00-143e-4039-9760-70b3cb78e66a,Role 1,2012-03-07 08:37:58.918579750,636,1,res_4a606e00-143e-4039-9760-70b3cb78e66a,2012-03-07 08:36:17.832746750,0.0
Case86,W_Afhandelen leads,res_b48df80a-ad89-4a8c-8f9d-edecf950fdb5,Role 1,2012-02-15 11:04:09.174691793,550,0,res_b48df80a-ad89-4a8c-8f9d-edecf950fdb5,2012-02-15 11:01:00.696370793,0.0
Case86,W_Completeren aanvraag,res_f8a5c2f7-852b-4750-a5bc-71d8a9f25fcd,Role 1,2012-02-15 12:24:03.724084893,551,1,res_f8a5c2f7-852b-4750-a5bc-71d8a9f25fcd,2012-02-15 12:21:29.282516893,0.0
Case86,W_Nabellen offertes,res_3835d2af-f74a-47b9-b054-8234859b6abe,Role 1,2012-02-16 20:59:18.815959093,577,1,res_3835d2af-f74a-47b9-b054-8234859b6abe,2012-02-16 20:57:25.906217093,0.0
Case860,W_Afhandelen leads,res_13a07171-afed-4486-9431-2507f9aacd76,Role 1,2012-03-03 11:29:38.260756814,638,0,res_13a07171-afed-4486-9431-2507f9aacd76,2012-03-03 11:26:25.291491814,0.0
Case860,W_Completeren aanvraag,res_240d458f-f7c5-4593-8aba-741926c2775b,Role 1,2012-03-03 12:49:41.054677914,647,1,res_240d458f-f7c5-4593-8aba-741926c2775b,2012-03-03 12:47:24.565675914,0.02564102564102564
Case861,W_Afhandelen leads,res_4a606e00-143e-4039-9760-70b3cb78e66a,Role 1,2012-03-03 11:33:12.618726588,639,0,res_4a606e00-143e-4039-9760-70b3cb78e66a,2012-03-03 11:29:59.877412588,0.0
Case861,W_Completeren aanvraag,res_d9486917-858c-4563-bf95-164b83d8a3d8,Role 1,2012-03-03 12:52:43.904250188,645,1,res_d9486917-858c-4563-bf95-164b83d8a3d8,2012-03-03 12:50:26.419080188,0.0
Case862,W_Afhandelen leads,res_f8a5c2f7-852b-4750-a5bc-71d8a9f25fcd,Role 1,2012-03-03 11:41:00.633776996,640,0,res_f8a5c2f7-852b-4750-a5bc-71d8a9f25fcd,2012-03-03 11:37:48.339633996,0.0
Case862,W_Completeren aanvraag,res_03b72214-605a-4b4f-97a5-ea18baa453ee,Role 1,2012-03-03 12:59:20.342633396,644,2,res_03b72214-605a-4b4f-97a5-ea18baa453ee,2012-03-03 12:57:05.349508396,0.02564102564102564
Case863,W_Completeren aanvraag,res_90ea4c98-054c-4dd3-aadb-9d56713379c2,Role 1,2012-03-03 11:45:13.824776753,641,1,res_90ea4c98-054c-4dd3-aadb-9d56713379c2,2012-03-03 11:42:32.439303753,0.0
Case863,W_Nabellen offertes,res_90ea4c98-054c-4dd3-aadb-9d56713379c2,Role 1,2012-03-03 12:33:20.655373953,647,1,res_90ea4c98-054c-4dd3-aadb-9d56713379c2,2012-03-03 12:31:24.856690953,0.0
Case864,W_Afhandelen leads,res_0dd9fb20-75d3-4949-8e8b-38b1e2a52fbf,Role 1,2012-03-03 11:54:49.949399243,642,0,res_0dd9fb20-75d3-4949-8e8b-38b1e2a52fbf,2012-03-03 11:51:38.474839243,0.0
Case864,W_Completeren aanvraag,res_03b72214-605a-4b4f-97a5-ea18baa453ee,Role 1,2012-03-03 13:11:24.572969743,643,1,res_03b72214-605a-4b4f-97a5-ea18baa453ee,2012-03-03 13:09:07.192821743,0.02564102564102564
Case865,W_Completeren aanvraag,res_7b5eefe7-a9c7-4c10-ace5-1fd3772097ff,Role 1,2012-03-03 11:57:51.267402742,643,1,res_7b5eefe7-a9c7-4c10-ace5-1fd3772097ff,2012-03-03 11:55:11.045868742,0.0
Case865,W_Nabellen offertes,res_0dcb8a75-60b3-457b-aac5-fe91506450da,Role 1,2012-03-03 12:45:14.649873942,647,1,res_0dcb8a75-60b3-457b-aac5-fe91506450da,2012-03-03 12:43:18.526378942,0.02564102564102564
Case866,W_Completeren aanvraag,res_f8a5c2f7-852b-4750-a5bc-71d8a9f25fcd,Role 1,2012-03-03 12:03:27.258004646,644,1,res_f8a5c2f7-852b-4750-a5bc-71d8a9f25fcd,2012-03-03 12:00:47.532711646,0.0
Case866,W_Nabellen offertes,res_0dcb8a75-60b3-457b-aac5-fe91506450da,Role 1,2012-03-03 12:50:31.662045746,645,1,res_0dcb8a75-60b3-457b-aac5-fe91506450da,2012-03-03 12:48:35.433563746,0.02564102564102564
Case866,W_Nabellen offertes,res_0dd9fb20-75d3-4949-8e8b-38b1e2a52fbf,Role 1,2012-03-12 00:35:04.745224246,601,1,res_0dd9fb20-75d3-4949-8e8b-38b1e2a52fbf,2012-03-12 00:28:06.429045246,0.0
Case867,W_Afhandelen leads,res_8f2bf97e-8175-4ba4-882d-f6b7957c1a2c,Role 1,2012-03-03 12:08:34.191335303,645,0,res_8f2bf97e-8175-4ba4-882d-f6b7957c1a2c,2012-03-03 12:05:23.572816303,0.0
Case867,W_Completeren aanvraag,res_8f2bf97e-8175-4ba4-882d-f6b7957c1a2c,Role 1,2012-03-03 13:23:41.269493403,641,1,res_8f2bf97e-8175-4ba4-882d-f6b7957c1a2c,2012-03-03 13:21:22.472374403,0.0
Case868,W_Afhandelen leads,res_f8a5c2f7-852b-4750-a5bc-71d8a9f25fcd,Role 1,2012-03-03 12:17:45.778321617,646,0,res_f8a5c2f7-852b-4750-a5bc-71d8a9f25fcd,2012-03-03 12:14:35.653025618,0.0
Case868,W_Completeren aanvraag,res_8f2bf97e-8175-4ba4-882d-f6b7957c1a2c,Role 1,2012-03-03 13:31:59.549588118,640,1,res_8f2bf97e-8175-4ba4-882d-f6b7957c1a2c,2012-03-03 13:29:40.379607118,0.0
Case869,W_Completeren aanvraag,res_c561e158-62af-4d50-bb96-33472303cf4c,Role 1,2012-03-03 12:21:53.967338825,647,1,res_c561e158-62af-4d50-bb96-33472303cf4c,2012-03-03 12:19:15.722912825,0.0
Case869,W_Nabellen offertes,res_03b72214-605a-4b4f-97a5-ea18baa453ee,Role 1,2012-03-03 13:07:57.246071425,643,1,res_03b72214-605a-4b4f-97a5-ea18baa453ee,2012-03-03 13:06:00.675156425,0.0
Case869,W_Nabellen offertes,res_0dd9fb20-75d3-4949-8e8b-38b1e2a52fbf,Role 1,2012-03-12 02:33:09.930889424,598,1,res_0dd9fb20-75d3-4949-8e8b-38b1e2a52fbf,2012-03-12 02:26:51.258358424,0.0
Case869,W_Nabellen offertes,res_c77d0074-5613-45fd-a890-6d80edada349,Role 1,2012-03-14 13:01:01.494681125,597,1,res_c77d0074-5613-45fd-a890-6d80edada349,2012-03-14 12:59:11.021958125,0.0
Case87,W_Afhandelen leads,res_3835d2af-f74a-47b9-b054-8234859b6abe,Role 1,2012-02-15 11:20:07.044792633,550,0,res_3835d2af-f74a-47b9-b054-8234859b6abe,2012-02-15 11:16:59.784617633,0.0
Case87,W_Completeren aanvraag,res_90ea4c98-054c-4dd3-aadb-9d56713379c2,Role 1,2012-02-15 12:33:06.861618133,552,1,res_90ea4c98-054c-4dd3-aadb-9d56713379c2,2012-02-15 12:30:32.372828133,0.0
Case87,W_Nabellen offertes,res_90ea4c98-054c-4dd3-aadb-9d56713379c2,Role 1,2012-02-16 19:18:31.417473933,575,1,res_90ea4c98-054c-4dd3-aadb-9d56713379c2,2012-02-16 19:16:37.649903933,0.0
Case870,W_Completeren aanvraag,res_ffdbf4b7-c588-487c-b4ec-ae52c332aeda,Role 1,2012-03-03 12:39:57.941695344,647,1,res_ffdbf4b7-c588-487c-b4ec-ae52c332aeda,2012-03-03 12:37:20.741864344,0.0
Case870,W_Nabellen offertes,res_d9486917-858c-4563-bf95-164b83d8a3d8,Role 1,2012-03-03 13:24:27.146799444,640,1,res_d9486917-858c-4563-bf95-164b83d8a3d8,2012-03-03 13:22:30.103792444,0.0
Case871,W_Afhandelen leads,res_c66fd8c7-ae25-415c-80c1-ac9cc1be7147,Role 1,2012-03-03 12:58:17.506264026,643,0,res_c66fd8c7-ae25-415c-80c1-ac9cc1be7147,2012-03-03 12:55:08.634240026,0.0
Case871,W_Completeren aanvraag,res_d9486917-858c-4563-bf95-164b83d8a3d8,Role 1,2012-03-03 14:09:18.247798826,639,1,res_d9486917-858c-4563-bf95-164b83d8a3d8,2012-03-03 14:06:58.213753826,0.02564102564102564
Case871,W_Nabellen offertes,res_cd5fe8a1-7bca-4ddc-9e04-e32a42150d6e,Role 1,2012-03-10 15:25:19.096531526,616,1,res_cd5fe8a1-7bca-4ddc-9e04-e32a42150d6e,2012-03-10 15:23:27.992734526,0.0
Case871,W_Nabellen offertes,res_ffdbf4b7-c588-487c-b4ec-ae52c332aeda,Role 1,2012-03-13 14:03:26.731921826,603,1,res_ffdbf4b7-c588-487c-b4ec-ae52c332aeda,2012-03-13 14:01:48.887807826,0.02564102564102564
Case871,W_Nabellen offertes,res_c05ba8c3-4cba-4513-8bb9-b3faa8713cc7,Role 1,2012-03-15 02:08:18.401633426,586,1,res_c05ba8c3-4cba-4513-8bb9-b3faa8713cc7,2012-03-15 02:06:40.829053426,0.0
Case871,W_Nabellen offertes,res_4a606e00-143e-4039-9760-70b3cb78e66a,Role 1,2012-03-16 17:31:06.046525026,571,1,res_4a606e00-143e-4039-9760-70b3cb78e66a,2012-03-16 17:29:00.947729026,0.0
Case871,W_Nabellen offertes,res_240d458f-f7c5-4593-8aba-741926c2775b,Role 1,2012-03-18 08:11:37.162752426,550,1,res_240d458f-f7c5-4593-8aba-741926c2775b,2012-03-18 08:10:01.501900426,0.0
Case872,W_Completeren aanvraag,res_7b5eefe7-a9c7-4c10-ace5-1fd3772097ff,Role 1,2012-03-03 13:21:41.713462647,641,1,res_7b5eefe7-a9c7-4c10-ace5-1fd3772097ff,2012-03-03 13:19:06.259164647,0.02564102564102564
Case873,W_Afhandelen leads,res_3038739b-6c1c-42c1-b9ac-27ac6cc55a89,Role 1,2012-03-03 13:22:42.940182408,642,0,res_3038739b-6c1c-42c1-b9ac-27ac6cc55a89,2012-03-03 13:19:37.489979408,0.05128205128205128
Case873,W_Completeren aanvraag,res_a117c367-ca0b-4fb8-9736-c1d7d3de62d1,Role 1,2012-03-03 14:32:17.273584308,640,1,res_a117c367-ca0b-4fb8-9736-c1d7d3de62d1,2012-03-03 14:29:55.776098308,0.0
Case873,W_Nabellen offertes,res_ffdbf4b7-c588-487c-b4ec-ae52c332aeda,Role 1,2012-03-10 16:54:58.431597808,616,1,res_ffdbf4b7-c588-487c-b4ec-ae52c332aeda,2012-03-10 16:53:07.099206808,0.0
Case873,W_Nabellen offertes,res_d9486917-858c-4563-bf95-164b83d8a3d8,Role 1,2012-03-13 19:39:58.211495708,612,1,res_d9486917-858c-4563-bf95-164b83d8a3d8,2012-03-13 19:38:22.074548708,0.05128205128205128
Case873,W_Nabellen offertes,res_6d1d995e-4384-448a-9bf8-9fb7d8013316,Role 1,2012-03-15 11:57:07.247335808,583,1,res_6d1d995e-4384-448a-9bf8-9fb7d8013316,2012-03-15 11:51:30.449439808,0.0
Case873,W_Nabellen offertes,res_4d8dd482-f3ce-4175-9cd8-f5584cb38f63,Role 1,2012-03-17 00:53:06.842103808,568,1,res_4d8dd482-f3ce-4175-9cd8-f5584cb38f63,2012-03-17 00:51:28.831707808,0.0
Case873,W_Nabellen offertes,res_c77d0074-5613-45fd-a890-6d80edada349,Role 1,2012-03-18 16:06:55.564693008,548,1,res_c77d0074-5613-45fd-a890-6d80edada349,2012-03-18 16:02:14.346595008,0.0
Case874,W_Completeren aanvraag,res_e08dd225-6ddd-45bc-b1b2-7c6cf10375f6,Role 1,2012-03-03 13:45:08.172475870,640,1,res_e08dd225-6ddd-45bc-b1b2-7c6cf10375f6,2012-03-03 13:42:31.645828870,0.0
Case875,W_Afhandelen leads,res_6d1d995e-4384-448a-9bf8-9fb7d8013316,Role 1,2012-03-03 14:22:20.431578393,639,0,res_6d1d995e-4384-448a-9bf8-9fb7d8013316,2012-03-03 14:19:10.899655393,0.0
Case875,W_Completeren aanvraag,res_8f2bf97e-8175-4ba4-882d-f6b7957c1a2c,Role 1,2012-03-03 15:29:48.182234293,641,1,res_8f2bf97e-8175-4ba4-882d-f6b7957c1a2c,2012-03-03 15:27:24.066246293,0.02564102564102564
Case876,W_Afhandelen leads,res_094e34c1-5472-4e50-8ca3-650a6a34e4ec,Role 1,2012-03-03 14:22:47.066363341,640,1,res_094e34c1-5472-4e50-8ca3-650a6a34e4ec,2012-03-03 14:19:47.167698341,0.02564102564102564
Case876,W_Completeren aanvraag,res_03b72214-605a-4b4f-97a5-ea18baa453ee,Role 1,2012-03-03 15:29:56.408046541,641,2,res_03b72214-605a-4b4f-97a5-ea18baa453ee,2012-03-03 15:27:37.956533541,0.05128205128205128
Case877,W_Afhandelen leads,res_0dd9fb20-75d3-4949-8e8b-38b1e2a52fbf,Role 1,2012-03-03 15:23:03.113399087,641,0,res_0dd9fb20-75d3-4949-8e8b-38b1e2a52fbf,2012-03-03 15:19:51.808189087,0.0
Case877,W_Completeren aanvraag,res_a117c367-ca0b-4fb8-9736-c1d7d3de62d1,Role 1,2012-03-03 16:29:38.667423787,638,1,res_a117c367-ca0b-4fb8-9736-c1d7d3de62d1,2012-03-03 16:27:10.513523787,0.0
Case877,W_Nabellen offertes,res_dfa30272-4bc0-4c82-9bd0-6b4169bccece,Role 1,2012-03-10 09:23:14.686492587,616,1,res_dfa30272-4bc0-4c82-9bd0-6b4169bccece,2012-03-10 09:21:28.820306587,0.0
Case877,W_Nabellen offertes,res_a6b7a9b9-8dde-47b4-ba71-c31305bfae5d,Role 1,2012-03-13 08:45:09.951293387,590,1,res_a6b7a9b9-8dde-47b4-ba71-c31305bfae5d,2012-03-13 08:39:11.709553387,0.0
Case878,W_Completeren aanvraag,res_5423e6a8-eed7-4dc9-b44d-98691c53411e,Role 1,2012-03-03 16:49:43.380190192,638,1,res_5423e6a8-eed7-4dc9-b44d-98691c53411e,2012-03-03 16:46:55.413819192,0.0
Case878,W_Nabellen offertes,res_63a2ec71-0edb-4961-a972-295906b733b9,Role 1,2012-03-03 17:24:44.391506592,638,1,res_63a2ec71-0edb-4961-a972-295906b733b9,2012-03-03 17:22:34.994707592,0.0
Case878,W_Nabellen offertes,res_094e34c1-5472-4e50-8ca3-650a6a34e4ec,Role 1,2012-03-12 04:00:39.373955392,597,1,res_094e34c1-5472-4e50-8ca3-650a6a34e4ec,2012-03-12 03:56:49.620248392,0.0
Case879,W_Afhandelen leads,res_d9a4b451-1c76-46c3-87c6-97373bec81d0,Role 1,2012-03-03 17:25:00.508903872,639,0,res_d9a4b451-1c76-46c3-87c6-97373bec81d0,2012-03-03 17:21:45.863516872,0.0
Case879,W_Completeren aanvraag,res_90ea4c98-054c-4dd3-aadb-9d56713379c2,Role 1,2012-03-03 18:36:57.267315572,639,1,res_90ea4c98-054c-4dd3-aadb-9d56713379c2,2012-03-03 18:34:23.845396572,0.0
Case88,W_Completeren aanvraag,res_554d030c-8ea0-477b-9a72-1469e52cca81,Role 1,2012-02-15 11:20:30.301522778,551,1,res_554d030c-8ea0-477b-9a72-1469e52cca81,2012-02-15 11:17:52.171790779,0.02564102564102564
Case880,W_Completeren aanvraag,res_c475f0b2-f190-4931-b0ab-7a7e8189e241,Role 1,2012-03-04 11:31:38.904511038,629,1,res_c475f0b2-f190-4931-b0ab-7a7e8189e241,2012-03-04 11:29:03.005769038,0.0
Case880,W_Completeren aanvraag,res_c05ba8c3-4cba-4513-8bb9-b3faa8713cc7,Role 1,2012-03-04 13:18:22.285935138,629,1,res_c05ba8c3-4cba-4513-8bb9-b3faa8713cc7,2012-03-04 13:16:08.387787138,0.0
Case881,W_Afhandelen leads,res_554d030c-8ea0-477b-9a72-1469e52cca81,Role 1,2012-03-04 12:01:52.073345487,628,0,res_554d030c-8ea0-477b-9a72-1469e52cca81,2012-03-04 11:58:51.221775487,0.0
Case881,W_Completeren aanvraag,res_3835d2af-f74a-47b9-b054-8234859b6abe,Role 1,2012-03-04 13:35:28.711352987,628,1,res_3835d2af-f74a-47b9-b054-8234859b6abe,2012-03-04 13:33:10.391107987,0.02564102564102564
Case882,W_Afhandelen leads,res_c05ba8c3-4cba-4513-8bb9-b3faa8713cc7,Role 1,2012-03-04 12:32:30.240360170,629,0,res_c05ba8c3-4cba-4513-8bb9-b3faa8713cc7,2012-03-04 12:29:28.802618170,0.0
Case882,W_Completeren aanvraag,res_5423e6a8-eed7-4dc9-b44d-98691c53411e,Role 1,2012-03-04 13:54:37.488104170,625,1,res_5423e6a8-eed7-4dc9-b44d-98691c53411e,2012-03-04 13:52:17.703337170,0.0
Case882,W_Nabellen offertes,res_6d1d995e-4384-448a-9bf8-9fb7d8013316,Role 1,2012-03-09 23:17:58.599297370,607,1,res_6d1d995e-4384-448a-9bf8-9fb7d8013316,2012-03-09 23:15:10.767987370,0.0
Case882,W_Nabellen offertes,res_e08dd225-6ddd-45bc-b1b2-7c6cf10375f6,Role 1,2012-03-13 10:58:02.752795670,601,1,res_e08dd225-6ddd-45bc-b1b2-7c6cf10375f6,2012-03-13 10:56:22.498198670,0.02564102564102564
Case882,W_Nabellen offertes,res_554d030c-8ea0-477b-9a72-1469e52cca81,Role 1,2012-03-14 23:03:57.647750870,587,1,res_554d030c-8ea0-477b-9a72-1469e52cca81,2012-03-14 23:02:25.071922870,0.0
Case883,W_Completeren aanvraag,res_fdf1178c-5a31-4f5e-8867-f12efd24326c,Role 1,2012-03-05 10:42:26.992429496,620,1,res_fdf1178c-5a31-4f5e-8867-f12efd24326c,2012-03-05 10:39:50.735363496,0.0
Case883,W_Completeren aanvraag,res_094e34c1-5472-4e50-8ca3-650a6a34e4ec,Role 1,2012-03-05 13:00:17.018029796,630,1,res_094e34c1-5472-4e50-8ca3-650a6a34e4ec,2012-03-05 12:58:02.521757796,0.0
Case883,W_Completeren aanvraag,res_8f2bf97e-8175-4ba4-882d-f6b7957c1a2c,Role 1,2012-03-05 16:05:58.557199096,638,3,res_8f2bf97e-8175-4ba4-882d-f6b7957c1a2c,2012-03-05 16:03:51.676831096,0.05128205128205128
Case883,W_Nabellen offertes,res_63a2ec71-0edb-4961-a972-295906b733b9,Role 1,2012-03-06 19:40:52.041098196,640,1,res_63a2ec71-0edb-4961-a972-295906b733b9,2012-03-06 19:39:08.562620196,0.02564102564102564
Case884,W_Afhandelen leads,res_7b5eefe7-a9c7-4c10-ace5-1fd3772097ff,Role 1,2012-03-05 11:41:02.889937674,619,0,res_7b5eefe7-a9c7-4c10-ace5-1fd3772097ff,2012-03-05 11:38:08.586616674,0.0
Case884,W_Completeren aanvraag,res_0dcb8a75-60b3-457b-aac5-fe91506450da,Role 1,2012-03-05 13:38:29.715741774,634,1,res_0dcb8a75-60b3-457b-aac5-fe91506450da,2012-03-05 13:36:09.134701774,0.0
Case884,W_Nabellen offertes,res_8f2bf97e-8175-4ba4-882d-f6b7957c1a2c,Role 1,2012-03-07 16:20:19.078145174,626,1,res_8f2bf97e-8175-4ba4-882d-f6b7957c1a2c,2012-03-07 16:17:49.310350174,0.0
Case884,W_Nabellen offertes,res_4a606e00-143e-4039-9760-70b3cb78e66a,Role 1,2012-03-11 16:35:26.770383274,602,1,res_4a606e00-143e-4039-9760-70b3cb78e66a,2012-03-11 16:32:53.930473274,0.0
Case884,W_Nabellen offertes,res_3835d2af-f74a-47b9-b054-8234859b6abe,Role 1,2012-03-13 19:41:33.618999674,616,1,res_3835d2af-f74a-47b9-b054-8234859b6abe,2012-03-13 19:39:52.372791674,0.0
Case885,W_Completeren aanvraag,res_03b72214-605a-4b4f-97a5-ea18baa453ee,Role 1,2012-03-05 11:43:20.960938026,620,1,res_03b72214-605a-4b4f-97a5-ea18baa453ee,2012-03-05 11:40:48.770473026,0.02564102564102564
Case885,W_Completeren aanvraag,res_fdf1178c-5a31-4f5e-8867-f12efd24326c,Role 1,2012-03-05 13:41:29.681331726,634,1,res_fdf1178c-5a31-4f5e-8867-f12efd24326c,2012-03-05 13:39:13.696933726,0.0
Case886,W_Afhandelen leads,res_b48df80a-ad89-4a8c-8f9d-edecf950fdb5,Role 1,2012-03-05 11:50:27.069525638,621,0,res_b48df80a-ad89-4a8c-8f9d-edecf950fdb5,2012-03-05 11:47:32.756173638,0.0
Case886,W_Completeren aanvraag,res_d9486917-858c-4563-bf95-164b83d8a3d8,Role 1,2012-03-05 13:45:50.956568038,634,1,res_d9486917-858c-4563-bf95-164b83d8a3d8,2012-03-05 13:43:30.096770038,0.0
Case886,W_Nabellen offertes,res_0dd9fb20-75d3-4949-8e8b-38b1e2a52fbf,Role 1,2012-03-07 18:07:44.133600338,630,1,res_0dd9fb20-75d3-4949-8e8b-38b1e2a52fbf,2012-03-07 18:05:30.553097338,0.0
Case887,W_Afhandelen leads,res_c77d0074-5613-45fd-a890-6d80edada349,Role 1,2012-03-05 11:54:33.880916810,622,0,res_c77d0074-5613-45fd-a890-6d80edada349,2012-03-05 11:51:39.580354810,0.0
Case887,W_Completeren aanvraag,res_3835d2af-f74a-47b9-b054-8234859b6abe,Role 1,2012-03-05 13:48:13.471401210,634,1,res_3835d2af-f74a-47b9-b054-8234859b6abe,2012-03-05 13:45:53.023160210,0.02564102564102564
Case888,W_Afhandelen leads,res_0dcb8a75-60b3-457b-aac5-fe91506450da,Role 1,2012-03-05 11:59:48.193423690,623,0,res_0dcb8a75-60b3-457b-aac5-fe91506450da,2012-03-05 11:56:53.903393690,0.0
Case888,W_Completeren aanvraag,res_a6b7a9b9-8dde-47b4-ba71-c31305bfae5d,Role 1,2012-03-05 13:51:07.246464190,632,1,res_a6b7a9b9-8dde-47b4-ba71-c31305bfae5d,2012-03-05 13:48:46.125049190,0.0
Case888,W_Nabellen offertes,res_8f2bf97e-8175-4ba4-882d-f6b7957c1a2c,Role 1,2012-03-07 17:15:21.553784490,626,1,res_8f2bf97e-8175-4ba4-882d-f6b7957c1a2c,2012-03-07 17:13:01.786068490,0.0
Case888,W_Nabellen offertes,res_3835d2af-f74a-47b9-b054-8234859b6abe,Role 1,2012-03-11 21:13:56.156218590,599,1,res_3835d2af-f74a-47b9-b054-8234859b6abe,2012-03-11 21:09:01.675272590,0.0
Case888,W_Nabellen offertes,res_03b72214-605a-4b4f-97a5-ea18baa453ee,Role 1,2012-03-13 21:58:05.761944290,610,1,res_03b72214-605a-4b4f-97a5-ea18baa453ee,2012-03-13 21:56:05.975451290,0.0
Case889,W_Afhandelen leads,res_0dcb8a75-60b3-457b-aac5-fe91506450da,Role 1,2012-03-05 12:05:09.549860032,624,0,res_0dcb8a75-60b3-457b-aac5-fe91506450da,2012-03-05 12:02:15.278552032,0.0
Case889,W_Completeren aanvraag,res_fa4ebd56-fe09-4e12-ab6b-f564242582f3,Role 1,2012-03-05 13:53:53.598714132,634,2,res_fa4ebd56-fe09-4e12-ab6b-f564242582f3,2012-03-05 13:51:34.555334132,0.05128205128205128
Case889,W_Nabellen offertes,res_7b5eefe7-a9c7-4c10-ace5-1fd3772097ff,Role 1,2012-03-07 19:30:40.953302532,631,2,res_7b5eefe7-a9c7-4c10-ace5-1fd3772097ff,2012-03-07 19:28:38.588719532,0.02564102564102564
Case89,W_Completeren aanvraag,res_6d1d995e-4384-448a-9bf8-9fb7d8013316,Role 1,2012-02-15 11:37:23.697855677,551,1,res_6d1d995e-4384-448a-9bf8-9fb7d8013316,2012-02-15 11:34:46.669547677,0.0
Case89,W_Completeren aanvraag,res_f8a5c2f7-852b-4750-a5bc-71d8a9f25fcd,Role 1,2012-02-15 12:50:29.264565577,553,1,res_f8a5c2f7-852b-4750-a5bc-71d8a9f25fcd,2012-02-15 12:47:56.012721577,0.0
Case89,W_Nabellen offertes,res_6d1d995e-4384-448a-9bf8-9fb7d8013316,Role 1,2012-02-16 22:09:24.793526077,578,1,res_6d1d995e-4384-448a-9bf8-9fb7d8013316,2012-02-16 22:07:34.069099077,0.0
Case89,W_Nabellen offertes,res_e08dd225-6ddd-45bc-b1b2-7c6cf10375f6,Role 1,2012-02-23 12:49:31.917225777,622,1,res_e08dd225-6ddd-45bc-b1b2-7c6cf10375f6,2012-02-23 12:47:56.197220777,0.0
Case89,W_Nabellen offertes,res_554d030c-8ea0-477b-9a72-1469e52cca81,Role 1,2012-02-25 06:21:23.221702977,618,2,res_554d030c-8ea0-477b-9a72-1469e52cca81,2012-02-25 06:12:53.597527977,0.02564102564102564
Case89,W_Nabellen offertes,res_3d71865b-e63e-44f8-a4fd-ece0ef216fef,Role 1,2012-02-27 10:29:24.793317677,619,1,res_3d71865b-e63e-44f8-a4fd-ece0ef216fef,2012-02-27 10:27:25.554349677,0.0
Case89,W_Nabellen offertes,res_f8a5c2f7-852b-4750-a5bc-71d8a9f25fcd,Role 1,2012-02-29 03:28:02.389371077,648,1,res_f8a5c2f7-852b-4750-a5bc-71d8a9f25fcd,2012-02-29 03:26:28.342430077,0.0
Case890,W_Completeren aanvraag,res_5423e6a8-eed7-4dc9-b44d-98691c53411e,Role 1,2012-03-05 12:09:20.470893052,625,1,res_5423e6a8-eed7-4dc9-b44d-98691c53411e,2012-03-05 12:06:50.311211052,0.0
Case891,W_Completeren aanvraag,res_094e34c1-5472-4e50-8ca3-650a6a34e4ec,Role 1,2012-03-05 12:14:41.403848394,625,1,res_094e34c1-5472-4e50-8ca3-650a6a34e4ec,2012-03-05 12:12:11.686369394,0.0
Case891,W_Completeren aanvraag,res_c66fd8c7-ae25-415c-80c1-ac9cc1be7147,Role 1,2012-03-05 13:58:28.635502394,634,1,res_c66fd8c7-ae25-415c-80c1-ac9cc1be7147,2012-03-05 13:56:11.260764394,0.0
Case892,W_Completeren aanvraag,res_03b72214-605a-4b4f-97a5-ea18baa453ee,Role 1,2012-03-05 12:20:11.370932472,626,1,res_03b72214-605a-4b4f-97a5-ea18baa453ee,2012-03-05 12:17:42.128538472,0.0
Case892,W_Completeren aanvraag,res_fa4ebd56-fe09-4e12-ab6b-f564242582f3,Role 1,2012-03-05 14:00:58.259780672,634,2,res_fa4ebd56-fe09-4e12-ab6b-f564242582f3,2012-03-05 13:58:42.223574672,0.02564102564102564
Case892,W_Completeren aanvraag,res_0dcb8a75-60b3-457b-aac5-fe91506450da,Role 1,2012-03-05 17:13:48.600529872,638,1,res_0dcb8a75-60b3-457b-aac5-fe91506450da,2012-03-05 17:11:42.203898872,0.0
Case892,W_Completeren aanvraag,res_f8a5c2f7-852b-4750-a5bc-71d8a9f25fcd,Role 1,2012-03-05 18:37:58.413172172,640,2,res_f8a5c2f7-852b-4750-a5bc-71d8a9f25fcd,2012-03-05 18:36:14.863030172,0.05128205128205128
Case892,W_Completeren aanvraag,res_0dcb8a75-60b3-457b-aac5-fe91506450da,Role 1,2012-03-05 19:16:15.738254572,640,1,res_0dcb8a75-60b3-457b-aac5-fe91506450da,2012-03-05 19:14:41.330684572,0.0
Case892,W_Nabellen offertes,res_63a2ec71-0edb-4961-a972-295906b733b9,Role 1,2012-03-05 23:12:35.279328372,648,1,res_63a2ec71-0edb-4961-a972-295906b733b9,2012-03-05 23:11:01.173451372,0.02564102564102564
Case893,W_Afhandelen leads,res_240d458f-f7c5-4593-8aba-741926c2775b,Role 1,2012-03-05 12:27:31.384812097,627,0,res_240d458f-f7c5-4593-8aba-741926c2775b,2012-03-05 12:24:37.196141097,0.0
Case893,W_Completeren aanvraag,res_8f2bf97e-8175-4ba4-882d-f6b7957c1a2c,Role 1,2012-03-05 14:04:18.246297397,633,1,res_8f2bf97e-8175-4ba4-882d-f6b7957c1a2c,2012-03-05 14:01:56.332906397,0.0
Case894,W_Afhandelen leads,res_8f2bf97e-8175-4ba4-882d-f6b7957c1a2c,Role 1,2012-03-05 12:32:13.423568579,628,0,res_8f2bf97e-8175-4ba4-882d-f6b7957c1a2c,2012-03-05 12:29:19.280919579,0.0
Case894,W_Completeren aanvraag,res_c475f0b2-f190-4931-b0ab-7a7e8189e241,Role 1,2012-03-05 14:06:19.249668779,634,3,res_c475f0b2-f190-4931-b0ab-7a7e8189e241,2012-03-05 14:04:00.683603779,0.05128205128205128
Case895,W_Completeren aanvraag,res_c561e158-62af-4d50-bb96-33472303cf4c,Role 1,2012-03-05 12:37:22.565627845,629,1,res_c561e158-62af-4d50-bb96-33472303cf4c,2012-03-05 12:34:54.760316845,0.0
Case896,W_Afhandelen leads,res_3835d2af-f74a-47b9-b054-8234859b6abe,Role 1,2012-03-05 12:42:42.038831339,629,0,res_3835d2af-f74a-47b9-b054-8234859b6abe,2012-03-05 12:39:47.926997339,0.0
Case896,W_Completeren aanvraag,res_63a2ec71-0edb-4961-a972-295906b733b9,Role 1,2012-03-05 14:08:08.320900639,632,1,res_63a2ec71-0edb-4961-a972-295906b733b9,2012-03-05 14:05:46.019913639,0.0
Case897,W_Afhandelen leads,res_554d030c-8ea0-477b-9a72-1469e52cca81,Role 1,2012-03-05 12:43:02.924243099,630,1,res_554d030c-8ea0-477b-9a72-1469e52cca81,2012-03-05 12:40:19.157812099,0.02564102564102564
Case897,W_Completeren aanvraag,res_03b72214-605a-4b4f-97a5-ea18baa453ee,Role 1,2012-03-05 14:11:14.996051299,631,1,res_03b72214-605a-4b4f-97a5-ea18baa453ee,2012-03-05 14:08:53.911768299,0.0
Case897,W_Completeren aanvraag,res_5423e6a8-eed7-4dc9-b44d-98691c53411e,Role 1,2012-03-05 17:16:28.678796699,639,2,res_5423e6a8-eed7-4dc9-b44d-98691c53411e,2012-03-05 17:14:19.566399699,0.02564102564102564
Case898,W_Afhandelen leads,res_5423e6a8-eed7-4dc9-b44d-98691c53411e,Role 1,2012-03-05 12:49:57.442843986,631,0,res_5423e6a8-eed7-4dc9-b44d-98691c53411e,2012-03-05 12:47:05.158403986,0.02564102564102564
Case898,W_Completeren aanvraag,res_3d71865b-e63e-44f8-a4fd-ece0ef216fef,Role 1,2012-03-05 14:14:33.760498486,632,1,res_3d71865b-e63e-44f8-a4fd-ece0ef216fef,2012-03-05 14:12:12.149901486,0.02564102564102564
Case899,W_Completeren aanvraag,res_a117c367-ca0b-4fb8-9736-c1d7d3de62d1,Role 1,2012-03-05 12:58:34.376655564,632,1,res_a117c367-ca0b-4fb8-9736-c1d7d3de62d1,2012-03-05 12:56:08.171602564,0.0
Case899,W_Nabellen offertes,res_03b72214-605a-4b4f-97a5-ea18baa453ee,Role 1,2012-03-05 13:39:18.318117864,634,1,res_03b72214-605a-4b4f-97a5-ea18baa453ee,2012-03-05 13:37:00.987580864,0.02564102564102564
Case9,W_Completeren aanvraag,res_fdf1178c-5a31-4f5e-8867-f12efd24326c,Role 1,2012-02-14 08:08:22.890765904,524,1,res_fdf1178c-5a31-4f5e-8867-f12efd24326c,2012-02-14 08:05:40.396266904,0.0
Case9,W_Completeren aanvraag,res_3038739b-6c1c-42c1-b9ac-27ac6cc55a89,Role 1,2012-02-14 10:43:05.985522304,534,1,res_3038739b-6c1c-42c1-b9ac-27ac6cc55a89,2012-02-14 10:40:45.775037304,0.0
Case9,W_Nabellen offertes,res_5423e6a8-eed7-4dc9-b44d-98691c53411e,Role 1,2012-02-15 04:43:30.866228904,541,1,res_5423e6a8-eed7-4dc9-b44d-98691c53411e,2012-02-15 04:41:04.653032904,0.0
Case9,W_Nabellen offertes,res_c66fd8c7-ae25-415c-80c1-ac9cc1be7147,Role 1,2012-02-21 22:32:07.289469604,614,1,res_c66fd8c7-ae25-415c-80c1-ac9cc1be7147,2012-02-21 22:28:59.247849604,0.0
Case90,W_Afhandelen leads,res_4a606e00-143e-4039-9760-70b3cb78e66a,Role 1,2012-02-15 11:52:39.753722533,551,0,res_4a606e00-143e-4039-9760-70b3cb78e66a,2012-02-15 11:49:36.244045533,0.02564102564102564
Case90,W_Completeren aanvraag,res_3835d2af-f74a-47b9-b054-8234859b6abe,Role 1,2012-02-15 13:03:10.731453433,553,1,res_3835d2af-f74a-47b9-b054-8234859b6abe,2012-02-15 13:00:36.494840433,0.0
Case900,W_Completeren aanvraag,res_c475f0b2-f190-4931-b0ab-7a7e8189e241,Role 1,2012-03-05 13:05:52.120919849,633,1,res_c475f0b2-f190-4931-b0ab-7a7e8189e241,2012-03-05 13:03:26.410454849,0.0
Case901,W_Afhandelen leads,res_fdf1178c-5a31-4f5e-8867-f12efd24326c,Role 1,2012-03-05 13:14:39.176653380,633,0,res_fdf1178c-5a31-4f5e-8867-f12efd24326c,2012-03-05 13:11:45.096045380,0.0
Case901,W_Completeren aanvraag,res_d9a4b451-1c76-46c3-87c6-97373bec81d0,Role 1,2012-03-05 14:28:29.476606280,631,1,res_d9a4b451-1c76-46c3-87c6-97373bec81d0,2012-03-05 14:26:06.241093280,0.0
Case901,W_Completeren aanvraag,res_554d030c-8ea0-477b-9a72-1469e52cca81,Role 1,2012-03-05 16:54:31.497641980,637,1,res_554d030c-8ea0-477b-9a72-1469e52cca81,2012-03-05 16:52:20.894639980,0.02564102564102564
Case901,W_Nabellen offertes,res_32a810af-a1e0-4835-afe4-a9e543c58a25,Role 1,2012-03-06 14:01:42.411526880,634,1,res_32a810af-a1e0-4835-afe4-a9e543c58a25,2012-03-06 13:59:34.895595880,0.0
Case902,W_Afhandelen leads,res_0dcb8a75-60b3-457b-aac5-fe91506450da,Role 1,2012-03-05 13:21:51.402558839,634,0,res_0dcb8a75-60b3-457b-aac5-fe91506450da,2012-03-05 13:18:57.290223839,0.0
Case902,W_Completeren aanvraag,res_13a07171-afed-4486-9431-2507f9aacd76,Role 1,2012-03-05 14:33:16.173859839,631,1,res_13a07171-afed-4486-9431-2507f9aacd76,2012-03-05 14:30:52.731662839,0.0
Case902,W_Completeren aanvraag,res_fdf1178c-5a31-4f5e-8867-f12efd24326c,Role 1,2012-03-05 17:00:37.777238939,637,1,res_fdf1178c-5a31-4f5e-8867-f12efd24326c,2012-03-05 16:58:27.237100939,0.02564102564102564
Case903,W_Afhandelen leads,res_b48df80a-ad89-4a8c-8f9d-edecf950fdb5,Role 1,2012-03-05 13:32:18.259168600,635,0,res_b48df80a-ad89-4a8c-8f9d-edecf950fdb5,2012-03-05 13:29:25.936301600,0.02564102564102564
Case903,W_Completeren aanvraag,res_e9f54089-f03e-4dc1-a453-57f4acf2c7fb,Role 1,2012-03-05 14:40:36.964789300,631,2,res_e9f54089-f03e-4dc1-a453-57f4acf2c7fb,2012-03-05 14:38:15.687013300,0.02564102564102564
Case903,W_Nabellen offertes,res_c66fd8c7-ae25-415c-80c1-ac9cc1be7147,Role 1,2012-03-07 11:45:49.320919500,628,2,res_c66fd8c7-ae25-415c-80c1-ac9cc1be7147,2012-03-07 11:42:15.259325500,0.02564102564102564
Case903,W_Nabellen offertes,res_d9486917-858c-4563-bf95-164b83d8a3d8,Role 1,2012-03-12 02:56:46.134124400,596,1,res_d9486917-858c-4563-bf95-164b83d8a3d8,2012-03-12 02:54:57.265532400,0.0
Case903,W_Nabellen offertes,res_c77d0074-5613-45fd-a890-6d80edada349,Role 1,2012-03-14 05:16:32.973407400,601,1,res_c77d0074-5613-45fd-a890-6d80edada349,2012-03-14 05:13:12.665751400,0.0
Case903,W_Nabellen offertes,res_240d458f-f7c5-4593-8aba-741926c2775b,Role 1,2012-03-15 18:02:31.349981500,578,1,res_240d458f-f7c5-4593-8aba-741926c2775b,2012-03-15 18:00:58.093593500,0.0
Case903,W_Nabellen offertes,res_0dd9fb20-75d3-4949-8e8b-38b1e2a52fbf,Role 1,2012-03-17 09:49:54.612507199,563,1,res_0dd9fb20-75d3-4949-8e8b-38b1e2a52fbf,2012-03-17 09:37:19.999655199,0.0
Case904,W_Completeren aanvraag,res_13a07171-afed-4486-9431-2507f9aacd76,Role 1,2012-03-05 13:42:14.147462360,633,2,res_13a07171-afed-4486-9431-2507f9aacd76,2012-03-05 13:39:54.582379360,0.02564102564102564
Case904,W_Nabellen offertes,res_90ea4c98-054c-4dd3-aadb-9d56713379c2,Role 1,2012-03-05 14:16:57.859547560,631,1,res_90ea4c98-054c-4dd3-aadb-9d56713379c2,2012-03-05 14:14:40.097877560,0.0
Case904,W_Nabellen offertes,res_0dcb8a75-60b3-457b-aac5-fe91506450da,Role 1,2012-03-13 22:32:46.783648160,609,2,res_0dcb8a75-60b3-457b-aac5-fe91506450da,2012-03-13 22:29:22.601458160,0.02564102564102564
Case904,W_Nabellen offertes,res_d9a4b451-1c76-46c3-87c6-97373bec81d0,Role 1,2012-03-15 13:02:37.581019460,580,1,res_d9a4b451-1c76-46c3-87c6-97373bec81d0,2012-03-15 13:00:54.494628460,0.0
Case905,W_Afhandelen leads,res_e9f54089-f03e-4dc1-a453-57f4acf2c7fb,Role 1,2012-03-05 13:43:35.688779231,634,0,res_e9f54089-f03e-4dc1-a453-57f4acf2c7fb,2012-03-05 13:40:44.954661231,0.05128205128205128
Case905,W_Completeren aanvraag,res_094e34c1-5472-4e50-8ca3-650a6a34e4ec,Role 1,2012-03-05 14:47:54.879997031,631,1,res_094e34c1-5472-4e50-8ca3-650a6a34e4ec,2012-03-05 14:45:31.430774031,0.0
Case906,W_Completeren aanvraag,res_4d8dd482-f3ce-4175-9cd8-f5584cb38f63,Role 1,2012-03-05 13:51:08.780002838,635,2,res_4d8dd482-f3ce-4175-9cd8-f5584cb38f63,2012-03-05 13:48:49.536012838,0.02564102564102564
Case907,W_Completeren aanvraag,res_d9a4b451-1c76-46c3-87c6-97373bec81d0,Role 1,2012-03-05 13:57:55.619887362,634,2,res_d9a4b451-1c76-46c3-87c6-97373bec81d0,2012-03-05 13:55:36.544050362,0.02564102564102564
Case907,W_Nabellen offertes,res_c561e158-62af-4d50-bb96-33472303cf4c,Role 1,2012-03-05 14:31:20.074693062,631,1,res_c561e158-62af-4d50-bb96-33472303cf4c,2012-03-05 14:29:01.585073062,0.02564102564102564
Case908,W_Afhandelen leads,res_3d71865b-e63e-44f8-a4fd-ece0ef216fef,Role 1,2012-03-05 14:06:25.404163957,632,0,res_3d71865b-e63e-44f8-a4fd-ece0ef216fef,2012-03-05 14:03:30.043499957,0.0
Case908,W_Completeren aanvraag,res_3835d2af-f74a-47b9-b054-8234859b6abe,Role 1,2012-03-05 15:07:12.690653857,634,1,res_3835d2af-f74a-47b9-b054-8234859b6abe,2012-03-05 15:04:47.848712857,0.0
Case909,W_Completeren aanvraag,res_f8a5c2f7-852b-4750-a5bc-71d8a9f25fcd,Role 1,2012-03-05 14:14:15.343716038,632,1,res_f8a5c2f7-852b-4750-a5bc-71d8a9f25fcd,2012-03-05 14:11:52.758873038,0.02564102564102564
Case91,W_Afhandelen leads,res_dfa30272-4bc0-4c82-9bd0-6b4169bccece,Role 1,2012-02-15 12:07:53.463083050,551,0,res_dfa30272-4bc0-4c82-9bd0-6b4169bccece,2012-02-15 12:04:48.989793050,0.0
Case91,W_Completeren aanvraag,res_32a810af-a1e0-4835-afe4-a9e543c58a25,Role 1,2012-02-15 13:16:09.553503450,553,1,res_32a810af-a1e0-4835-afe4-a9e543c58a25,2012-02-15 13:13:35.018144450,0.0
Case91,W_Completeren aanvraag,res_c66fd8c7-ae25-415c-80c1-ac9cc1be7147,Role 1,2012-02-15 16:45:22.949016450,559,1,res_c66fd8c7-ae25-415c-80c1-ac9cc1be7147,2012-02-15 16:43:04.066812450,0.0
Case91,W_Nabellen offertes,res_fa4ebd56-fe09-4e12-ab6b-f564242582f3,Role 1,2012-02-16 05:42:52.880927250,562,1,res_fa4ebd56-fe09-4e12-ab6b-f564242582f3,2012-02-16 05:40:13.557948250,0.0
Case910,W_Completeren aanvraag,res_fdf1178c-5a31-4f5e-8867-f12efd24326c,Role 1,2012-03-05 14:23:33.245011727,632,2,res_fdf1178c-5a31-4f5e-8867-f12efd24326c,2012-03-05 14:21:14.913538727,0.05128205128205128
Case910,W_Completeren aanvraag,res_3835d2af-f74a-47b9-b054-8234859b6abe,Role 1,2012-03-05 15:23:07.650733527,636,1,res_3835d2af-f74a-47b9-b054-8234859b6abe,2012-03-05 15:20:47.305650527,0.0
Case910,W_Completeren aanvraag,res_e9f54089-f03e-4dc1-a453-57f4acf2c7fb,Role 1,2012-03-05 17:08:11.629454127,639,4,res_e9f54089-f03e-4dc1-a453-57f4acf2c7fb,2012-03-05 17:06:09.645350127,0.07692307692307693
Case910,W_Completeren aanvraag,res_8f2bf97e-8175-4ba4-882d-f6b7957c1a2c,Role 1,2012-03-05 17:52:10.010372927,638,1,res_8f2bf97e-8175-4ba4-882d-f6b7957c1a2c,2012-03-05 17:50:29.275441927,0.02564102564102564
Case910,W_Completeren aanvraag,res_0dcb8a75-60b3-457b-aac5-fe91506450da,Role 1,2012-03-05 18:17:18.563297627,639,1,res_0dcb8a75-60b3-457b-aac5-fe91506450da,2012-03-05 18:15:43.510820627,0.0
Case910,W_Completeren aanvraag,res_dfa30272-4bc0-4c82-9bd0-6b4169bccece,Role 1,2012-03-05 18:39:46.771230027,640,1,res_dfa30272-4bc0-4c82-9bd0-6b4169bccece,2012-03-05 18:38:13.105767027,0.0
Case910,W_Nabellen offertes,res_554d030c-8ea0-477b-9a72-1469e52cca81,Role 1,2012-03-05 20:57:53.307881627,644,1,res_554d030c-8ea0-477b-9a72-1469e52cca81,2012-03-05 20:56:18.362611627,0.0
Case911,W_Completeren aanvraag,res_13a07171-afed-4486-9431-2507f9aacd76,Role 1,2012-03-05 14:33:33.184405452,631,1,res_13a07171-afed-4486-9431-2507f9aacd76,2012-03-05 14:31:10.313910452,0.0
Case911,W_Completeren aanvraag,res_c77d0074-5613-45fd-a890-6d80edada349,Role 1,2012-03-05 15:31:42.428309352,637,1,res_c77d0074-5613-45fd-a890-6d80edada349,2012-03-05 15:29:20.135385352,0.0
Case911,W_Completeren aanvraag,res_554d030c-8ea0-477b-9a72-1469e52cca81,Role 1,2012-03-05 17:09:36.648155652,637,1,res_554d030c-8ea0-477b-9a72-1469e52cca81,2012-03-05 17:07:27.751797652,0.0
Case911,W_Nabellen offertes,res_63a2ec71-0edb-4961-a972-295906b733b9,Role 1,2012-03-06 12:28:05.070580252,635,1,res_63a2ec71-0edb-4961-a972-295906b733b9,2012-03-06 12:25:26.519467252,0.0
Case912,W_Afhandelen leads,res_dfa30272-4bc0-4c82-9bd0-6b4169bccece,Role 1,2012-03-05 14:43:49.508314164,632,0,res_dfa30272-4bc0-4c82-9bd0-6b4169bccece,2012-03-05 14:40:54.632380164,0.02564102564102564
Case912,W_Completeren aanvraag,res_a117c367-ca0b-4fb8-9736-c1d7d3de62d1,Role 1,2012-03-05 15:41:46.929660364,638,2,res_a117c367-ca0b-4fb8-9736-c1d7d3de62d1,2012-03-05 15:39:23.699099364,0.02564102564102564
Case912,W_Completeren aanvraag,res_3835d2af-f74a-47b9-b054-8234859b6abe,Role 1,2012-03-05 17:18:59.556670364,638,1,res_3835d2af-f74a-47b9-b054-8234859b6abe,2012-03-05 17:16:49.916279364,0.02564102564102564
Case913,W_Completeren aanvraag,res_13a07171-afed-4486-9431-2507f9aacd76,Role 1,2012-03-05 14:43:33.913873551,633,2,res_13a07171-afed-4486-9431-2507f9aacd76,2012-03-05 14:41:15.788738551,0.05128205128205128
Case913,W_Completeren aanvraag,res_03b72214-605a-4b4f-97a5-ea18baa453ee,Role 1,2012-03-05 15:41:02.541052351,638,1,res_03b72214-605a-4b4f-97a5-ea18baa453ee,2012-03-05 15:38:41.590650351,0.0
Case914,W_Afhandelen leads,res_d9a4b451-1c76-46c3-87c6-97373bec81d0,Role 1,2012-03-05 14:48:54.991218033,633,0,res_d9a4b451-1c76-46c3-87c6-97373bec81d0,2012-03-05 14:45:57.873517033,0.0
Case914,W_Completeren aanvraag,res_7b5eefe7-a9c7-4c10-ace5-1fd3772097ff,Role 1,2012-03-05 15:46:36.114297333,637,1,res_7b5eefe7-a9c7-4c10-ace5-1fd3772097ff,2012-03-05 15:44:09.933599333,0.0
Case914,W_Nabellen offertes,res_d9486917-858c-4563-bf95-164b83d8a3d8,Role 1,2012-03-06 21:55:07.119486533,638,2,res_d9486917-858c-4563-bf95-164b83d8a3d8,2012-03-06 21:53:16.119771533,0.02564102564102564
Case915,W_Afhandelen leads,res_3038739b-6c1c-42c1-b9ac-27ac6cc55a89,Role 1,2012-03-05 14:53:09.011878667,634,0,res_3038739b-6c1c-42c1-b9ac-27ac6cc55a89,2012-03-05 14:50:11.749817667,0.0
Case915,W_Completeren aanvraag,res_4d8dd482-f3ce-4175-9cd8-f5584cb38f63,Role 1,2012-03-05 15:50:35.525055967,637,1,res_4d8dd482-f3ce-4175-9cd8-f5584cb38f63,2012-03-05 15:48:09.228020967,0.0
Case915,W_Completeren aanvraag,res_fdf1178c-5a31-4f5e-8867-f12efd24326c,Role 1,2012-03-05 17:24:55.726963267,637,1,res_fdf1178c-5a31-4f5e-8867-f12efd24326c,2012-03-05 17:22:44.697554267,0.0
Case915,W_Completeren aanvraag,res_f8a5c2f7-852b-4750-a5bc-71d8a9f25fcd,Role 1,2012-03-05 18:04:00.515049467,639,2,res_f8a5c2f7-852b-4750-a5bc-71d8a9f25fcd,2012-03-05 18:02:12.640787467,0.02564102564102564
Case915,W_Nabellen offertes,res_90ea4c98-054c-4dd3-aadb-9d56713379c2,Role 1,2012-03-05 21:10:45.060313367,644,1,res_90ea4c98-054c-4dd3-aadb-9d56713379c2,2012-03-05 21:09:07.481105367,0.0
Case916,W_Afhandelen leads,res_3d71865b-e63e-44f8-a4fd-ece0ef216fef,Role 1,2012-03-05 15:03:33.033435514,635,0,res_3d71865b-e63e-44f8-a4fd-ece0ef216fef,2012-03-05 15:00:37.373558514,0.02564102564102564
Case916,W_Completeren aanvraag,res_32a810af-a1e0-4835-afe4-a9e543c58a25,Role 1,2012-03-05 16:00:25.608120014,638,1,res_32a810af-a1e0-4835-afe4-a9e543c58a25,2012-03-05 15:57:59.292261014,0.0
Case916,W_Nabellen offertes,res_e08dd225-6ddd-45bc-b1b2-7c6cf10375f6,Role 1,2012-03-06 23:06:17.037969514,636,2,res_e08dd225-6ddd-45bc-b1b2-7c6cf10375f6,2012-03-06 23:04:27.913997514,0.02564102564102564
Case917,W_Afhandelen leads,res_13a07171-afed-4486-9431-2507f9aacd76,Role 1,2012-03-05 15:08:36.574838108,635,0,res_13a07171-afed-4486-9431-2507f9aacd76,2012-03-05 15:05:38.599804108,0.0
Case917,W_Completeren aanvraag,res_fe8f604a-4f72-4c5b-9082-2dc751f7d4b9,Role 1,2012-03-05 16:05:15.843526908,638,1,res_fe8f604a-4f72-4c5b-9082-2dc751f7d4b9,2012-03-05 16:02:49.093049908,0.0
Case918,W_Afhandelen leads,res_e08dd225-6ddd-45bc-b1b2-7c6cf10375f6,Role 1,2012-03-05 15:13:43.036927888,636,0,res_e08dd225-6ddd-45bc-b1b2-7c6cf10375f6,2012-03-05 15:10:44.863277888,0.0
Case918,W_Completeren aanvraag,res_c77d0074-5613-45fd-a890-6d80edada349,Role 1,2012-03-05 16:10:08.821568588,638,1,res_c77d0074-5613-45fd-a890-6d80edada349,2012-03-05 16:07:42.712858588,0.02564102564102564
Case918,W_Completeren aanvraag,res_ee19d540-6f30-4eb3-abd5-d42bf0a0cc9f,Role 1,2012-03-05 17:44:04.816079688,638,1,res_ee19d540-6f30-4eb3-abd5-d42bf0a0cc9f,2012-03-05 17:41:54.469112688,0.02564102564102564
Case919,W_Completeren aanvraag,res_fdf1178c-5a31-4f5e-8867-f12efd24326c,Role 1,2012-03-05 15:18:17.733349768,637,2,res_fdf1178c-5a31-4f5e-8867-f12efd24326c,2012-03-05 15:15:59.186316768,0.02564102564102564
Case919,W_Nabellen offertes,res_094e34c1-5472-4e50-8ca3-650a6a34e4ec,Role 1,2012-03-05 15:44:53.786083268,637,1,res_094e34c1-5472-4e50-8ca3-650a6a34e4ec,2012-03-05 15:42:33.780684268,0.02564102564102564
Case919,W_Nabellen offertes,res_63a2ec71-0edb-4961-a972-295906b733b9,Role 1,2012-03-14 09:57:28.731461668,594,1,res_63a2ec71-0edb-4961-a972-295906b733b9,2012-03-14 09:55:36.399209668,0.0
Case92,W_Afhandelen leads,res_c475f0b2-f190-4931-b0ab-7a7e8189e241,Role 1,2012-02-15 12:19:45.603500992,552,0,res_c475f0b2-f190-4931-b0ab-7a7e8189e241,2012-02-15 12:16:43.268749992,0.02564102564102564
Case92,W_Completeren aanvraag,res_8f2bf97e-8175-4ba4-882d-f6b7957c1a2c,Role 1,2012-02-15 13:25:27.293669392,554,1,res_8f2bf97e-8175-4ba4-882d-f6b7957c1a2c,2012-02-15 13:22:53.966930392,0.02564102564102564
Case92,W_Nabellen offertes,res_fe8f604a-4f72-4c5b-9082-2dc751f7d4b9,Role 1,2012-02-16 21:00:24.344310192,576,1,res_fe8f604a-4f72-4c5b-9082-2dc751f7d4b9,2012-02-16 20:58:32.135312192,0.0
Case92,W_Nabellen offertes,res_a117c367-ca0b-4fb8-9736-c1d7d3de62d1,Role 1,2012-02-23 13:40:02.402049792,622,1,res_a117c367-ca0b-4fb8-9736-c1d7d3de62d1,2012-02-23 13:38:27.215647792,0.0
Case920,W_Afhandelen leads,res_ffdbf4b7-c588-487c-b4ec-ae52c332aeda,Role 1,2012-03-05 15:27:54.910051796,638,0,res_ffdbf4b7-c588-487c-b4ec-ae52c332aeda,2012-03-05 15:24:58.169732796,0.02564102564102564
Case920,W_Completeren aanvraag,res_4d8dd482-f3ce-4175-9cd8-f5584cb38f63,Role 1,2012-03-05 16:23:50.429419596,638,1,res_4d8dd482-f3ce-4175-9cd8-f5584cb38f63,2012-03-05 16:21:23.439208596,0.0
Case921,W_Completeren aanvraag,res_a6b7a9b9-8dde-47b4-ba71-c31305bfae5d,Role 1,2012-03-05 15:42:52.412422974,638,2,res_a6b7a9b9-8dde-47b4-ba71-c31305bfae5d,2012-03-05 15:40:34.086729974,0.05128205128205128
Case922,W_Afhandelen leads,res_cd5fe8a1-7bca-4ddc-9e04-e32a42150d6e,Role 1,2012-03-05 15:46:16.993262514,638,0,res_cd5fe8a1-7bca-4ddc-9e04-e32a42150d6e,2012-03-05 15:43:19.307814514,0.02564102564102564
Case922,W_Completeren aanvraag,res_5423e6a8-eed7-4dc9-b44d-98691c53411e,Role 1,2012-03-05 16:41:36.696149414,637,2,res_5423e6a8-eed7-4dc9-b44d-98691c53411e,2012-03-05 16:39:12.697540414,0.05128205128205128
Case922,W_Nabellen offertes,res_094e34c1-5472-4e50-8ca3-650a6a34e4ec,Role 1,2012-03-06 21:56:02.219717214,636,1,res_094e34c1-5472-4e50-8ca3-650a6a34e4ec,2012-03-06 21:54:11.266349214,0.0
Case923,W_Completeren aanvraag,res_a117c367-ca0b-4fb8-9736-c1d7d3de62d1,Role 1,2012-03-05 15:55:46.846288525,639,2,res_a117c367-ca0b-4fb8-9736-c1d7d3de62d1,2012-03-05 15:53:27.804979525,0.02564102564102564
Case924,W_Afhandelen leads,res_c561e158-62af-4d50-bb96-33472303cf4c,Role 1,2012-03-05 16:03:37.486021073,638,0,res_c561e158-62af-4d50-bb96-33472303cf4c,2012-03-05 16:00:36.976821073,0.0
Case924,W_Completeren aanvraag,res_d9a4b451-1c76-46c3-87c6-97373bec81d0,Role 1,2012-03-05 16:58:25.773827573,639,3,res_d9a4b451-1c76-46c3-87c6-97373bec81d0,2012-03-05 16:56:02.854890573,0.05128205128205128
Case925,W_Completeren aanvraag,res_13a07171-afed-4486-9431-2507f9aacd76,Role 1,2012-03-05 16:09:20.822749386,639,1,res_13a07171-afed-4486-9431-2507f9aacd76,2012-03-05 16:06:56.783826386,0.0
Case926,W_Afhandelen leads,res_0dcb8a75-60b3-457b-aac5-fe91506450da,Role 1,2012-03-05 16:26:06.464187962,637,0,res_0dcb8a75-60b3-457b-aac5-fe91506450da,2012-03-05 16:23:04.939083962,0.0
Case926,W_Completeren aanvraag,res_a6b7a9b9-8dde-47b4-ba71-c31305bfae5d,Role 1,2012-03-05 17:20:45.965944062,636,1,res_a6b7a9b9-8dde-47b4-ba71-c31305bfae5d,2012-03-05 17:18:17.278887062,0.0
Case926,W_Completeren aanvraag,res_c475f0b2-f190-4931-b0ab-7a7e8189e241,Role 1,2012-03-05 18:39:17.281906662,640,1,res_c475f0b2-f190-4931-b0ab-7a7e8189e241,2012-03-05 18:37:06.550134662,0.02564102564102564
Case927,W_Afhandelen leads,res_c05ba8c3-4cba-4513-8bb9-b3faa8713cc7,Role 1,2012-03-05 16:34:36.561928505,637,0,res_c05ba8c3-4cba-4513-8bb9-b3faa8713cc7,2012-03-05 16:31:34.706576505,0.0
Case927,W_Completeren aanvraag,res_32a810af-a1e0-4835-afe4-a9e543c58a25,Role 1,2012-03-05 17:29:04.367008505,637,1,res_32a810af-a1e0-4835-afe4-a9e543c58a25,2012-03-05 17:26:35.516052505,0.0
Case927,W_Nabellen offertes,res_b48df80a-ad89-4a8c-8f9d-edecf950fdb5,Role 1,2012-03-06 18:39:01.375731705,638,1,res_b48df80a-ad89-4a8c-8f9d-edecf950fdb5,2012-03-06 18:37:00.039682705,0.0
Case927,W_Nabellen offertes,res_32a810af-a1e0-4835-afe4-a9e543c58a25,Role 1,2012-03-13 19:42:54.206846305,614,1,res_32a810af-a1e0-4835-afe4-a9e543c58a25,2012-03-13 19:40:51.922239305,0.0
Case927,W_Nabellen offertes,res_5423e6a8-eed7-4dc9-b44d-98691c53411e,Role 1,2012-03-15 10:40:14.852865605,582,1,res_5423e6a8-eed7-4dc9-b44d-98691c53411e,2012-03-15 10:38:27.075538605,0.0
Case928,W_Completeren aanvraag,res_4a606e00-143e-4039-9760-70b3cb78e66a,Role 1,2012-03-05 16:43:18.906008469,638,2,res_4a606e00-143e-4039-9760-70b3cb78e66a,2012-03-05 16:40:58.876133469,0.02564102564102564
Case928,W_Nabellen offertes,res_c05ba8c3-4cba-4513-8bb9-b3faa8713cc7,Role 1,2012-03-05 17:05:43.839564969,638,1,res_c05ba8c3-4cba-4513-8bb9-b3faa8713cc7,2012-03-05 17:03:24.036335969,0.0
Case929,W_Afhandelen leads,res_4a606e00-143e-4039-9760-70b3cb78e66a,Role 1,2012-03-05 16:45:08.697532452,638,0,res_4a606e00-143e-4039-9760-70b3cb78e66a,2012-03-05 16:42:08.389882452,0.02564102564102564
Case929,W_Completeren aanvraag,res_32a810af-a1e0-4835-afe4-a9e543c58a25,Role 1,2012-03-05 17:39:34.280691452,638,2,res_32a810af-a1e0-4835-afe4-a9e543c58a25,2012-03-05 17:37:09.196331452,0.05128205128205128
Case93,W_Completeren aanvraag,res_554d030c-8ea0-477b-9a72-1469e52cca81,Role 1,2012-02-15 12:21:20.965545034,553,1,res_554d030c-8ea0-477b-9a72-1469e52cca81,2012-02-15 12:18:48.192009034,0.02564102564102564
Case930,W_Completeren aanvraag,res_ffdbf4b7-c588-487c-b4ec-ae52c332aeda,Role 1,2012-03-05 16:51:55.886096287,639,1,res_ffdbf4b7-c588-487c-b4ec-ae52c332aeda,2012-03-05 16:49:30.658517287,0.0
Case930,W_Nabellen offertes,res_e9f54089-f03e-4dc1-a453-57f4acf2c7fb,Role 1,2012-03-05 17:13:47.518704387,637,1,res_e9f54089-f03e-4dc1-a453-57f4acf2c7fb,2012-03-05 17:11:25.868592387,0.02564102564102564
Case931,W_Completeren aanvraag,res_03b72214-605a-4b4f-97a5-ea18baa453ee,Role 1,2012-03-05 16:58:32.028473799,638,1,res_03b72214-605a-4b4f-97a5-ea18baa453ee,2012-03-05 16:56:06.584652799,0.0
Case931,W_Completeren aanvraag,res_c475f0b2-f190-4931-b0ab-7a7e8189e241,Role 1,2012-03-05 17:52:48.954704099,639,3,res_c475f0b2-f190-4931-b0ab-7a7e8189e241,2012-03-05 17:50:28.671479099,0.05128205128205128
Case931,W_Completeren aanvraag,res_6d1d995e-4384-448a-9bf8-9fb7d8013316,Role 1,2012-03-05 19:14:59.858639999,642,1,res_6d1d995e-4384-448a-9bf8-9fb7d8013316,2012-03-05 19:12:53.894402999,0.0
Case932,W_Completeren aanvraag,res_32a810af-a1e0-4835-afe4-a9e543c58a25,Role 1,2012-03-05 17:07:29.100239739,638,2,res_32a810af-a1e0-4835-afe4-a9e543c58a25,2012-03-05 17:05:08.590405739,0.02564102564102564
Case932,W_Nabellen offertes,res_ee19d540-6f30-4eb3-abd5-d42bf0a0cc9f,Role 1,2012-03-05 17:29:23.186025139,638,1,res_ee19d540-6f30-4eb3-abd5-d42bf0a0cc9f,2012-03-05 17:27:03.688087139,0.0
Case932,W_Nabellen offertes,res_c475f0b2-f190-4931-b0ab-7a7e8189e241,Role 1,2012-03-14 11:00:46.965508439,593,1,res_c475f0b2-f190-4931-b0ab-7a7e8189e241,2012-03-14 10:58:56.941088439,0.0
Case932,W_Nabellen offertes,res_e9f54089-f03e-4dc1-a453-57f4acf2c7fb,Role 1,2012-03-16 04:08:24.529242039,575,1,res_e9f54089-f03e-4dc1-a453-57f4acf2c7fb,2012-03-16 03:57:55.716732039,0.0
Case933,W_Completeren aanvraag,res_32a810af-a1e0-4835-afe4-a9e543c58a25,Role 1,2012-03-05 17:18:16.102377973,637,2,res_32a810af-a1e0-4835-afe4-a9e543c58a25,2012-03-05 17:15:55.370504973,0.02564102564102564
Case933,W_Nabellen offertes,res_8f2bf97e-8175-4ba4-882d-f6b7957c1a2c,Role 1,2012-03-05 17:39:52.699983173,638,1,res_8f2bf97e-8175-4ba4-882d-f6b7957c1a2c,2012-03-05 17:37:33.277795173,0.02564102564102564
Case933,W_Nabellen offertes,res_c561e158-62af-4d50-bb96-33472303cf4c,Role 1,2012-03-14 11:16:13.800311373,593,1,res_c561e158-62af-4d50-bb96-33472303cf4c,2012-03-14 11:14:24.997553373,0.0
Case934,W_Completeren aanvraag,res_a117c367-ca0b-4fb8-9736-c1d7d3de62d1,Role 1,2012-03-05 17:24:28.928175825,638,2,res_a117c367-ca0b-4fb8-9736-c1d7d3de62d1,2012-03-05 17:22:08.125390825,0.02564102564102564
Case934,W_Nabellen offertes,res_c475f0b2-f190-4931-b0ab-7a7e8189e241,Role 1,2012-03-05 17:45:56.187333525,638,1,res_c475f0b2-f190-4931-b0ab-7a7e8189e241,2012-03-05 17:43:36.978581525,0.0
Case935,W_Afhandelen leads,res_d9486917-858c-4563-bf95-164b83d8a3d8,Role 1,2012-03-05 17:32:42.330721308,639,0,res_d9486917-858c-4563-bf95-164b83d8a3d8,2012-03-05 17:29:42.483373308,0.05128205128205128
Case935,W_Completeren aanvraag,res_cd5fe8a1-7bca-4ddc-9e04-e32a42150d6e,Role 1,2012-03-05 18:27:14.794735708,641,1,res_cd5fe8a1-7bca-4ddc-9e04-e32a42150d6e,2012-03-05 18:24:45.727474708,0.0
Case936,W_Afhandelen leads,res_240d458f-f7c5-4593-8aba-741926c2775b,Role 1,2012-03-05 17:38:46.787085510,638,0,res_240d458f-f7c5-4593-8aba-741926c2775b,2012-03-05 17:35:43.148911510,0.0
Case936,W_Completeren aanvraag,res_c561e158-62af-4d50-bb96-33472303cf4c,Role 1,2012-03-05 18:33:17.362884610,640,2,res_c561e158-62af-4d50-bb96-33472303cf4c,2012-03-05 18:30:51.583145610,0.05128205128205128
Case936,W_Completeren aanvraag,res_a6b7a9b9-8dde-47b4-ba71-c31305bfae5d,Role 1,2012-03-05 19:53:34.262262010,641,1,res_a6b7a9b9-8dde-47b4-ba71-c31305bfae5d,2012-03-05 19:51:24.635325010,0.0
Case936,W_Nabellen offertes,res_f8a5c2f7-852b-4750-a5bc-71d8a9f25fcd,Role 1,2012-03-06 20:04:26.359284310,639,1,res_f8a5c2f7-852b-4750-a5bc-71d8a9f25fcd,2012-03-06 20:02:45.343086310,0.0
Case936,W_Nabellen offertes,res_c05ba8c3-4cba-4513-8bb9-b3faa8713cc7,Role 1,2012-03-09 13:15:59.007387710,612,1,res_c05ba8c3-4cba-4513-8bb9-b3faa8713cc7,2012-03-09 13:03:28.086890710,0.0
Case937,W_Completeren aanvraag,res_b48df80a-ad89-4a8c-8f9d-edecf950fdb5,Role 1,2012-03-05 17:44:50.456671847,639,1,res_b48df80a-ad89-4a8c-8f9d-edecf950fdb5,2012-03-05 17:42:25.119720847,0.02564102564102564
Case937,W_Nabellen offertes,res_554d030c-8ea0-477b-9a72-1469e52cca81,Role 1,2012-03-05 18:05:44.738168147,640,1,res_554d030c-8ea0-477b-9a72-1469e52cca81,2012-03-05 18:03:23.937208147,0.02564102564102564
Case938,W_Completeren aanvraag,res_90ea4c98-054c-4dd3-aadb-9d56713379c2,Role 1,2012-03-05 17:45:47.830019368,640,2,res_90ea4c98-054c-4dd3-aadb-9d56713379c2,2012-03-05 17:43:27.581350368,0.05128205128205128
Case939,W_Completeren aanvraag,res_dfa30272-4bc0-4c82-9bd0-6b4169bccece,Role 1,2012-03-05 17:54:54.060485034,639,1,res_dfa30272-4bc0-4c82-9bd0-6b4169bccece,2012-03-05 17:52:27.572212034,0.0
Case939,W_Completeren aanvraag,res_dfa30272-4bc0-4c82-9bd0-6b4169bccece,Role 1,2012-03-05 18:49:37.640083934,640,1,res_dfa30272-4bc0-4c82-9bd0-6b4169bccece,2012-03-05 18:47:11.753921934,0.0
Case94,W_Afhandelen leads,res_e9f54089-f03e-4dc1-a453-57f4acf2c7fb,Role 1,2012-02-15 12:30:53.940030975,553,0,res_e9f54089-f03e-4dc1-a453-57f4acf2c7fb,2012-02-15 12:27:50.197761975,0.0
Case94,W_Completeren aanvraag,res_c05ba8c3-4cba-4513-8bb9-b3faa8713cc7,Role 1,2012-02-15 13:36:23.817829875,554,1,res_c05ba8c3-4cba-4513-8bb9-b3faa8713cc7,2012-02-15 13:33:49.272458875,0.0
Case94,W_Completeren aanvraag,res_c475f0b2-f190-4931-b0ab-7a7e8189e241,Role 1,2012-02-15 16:50:30.912819074,561,1,res_c475f0b2-f190-4931-b0ab-7a7e8189e241,2012-02-15 16:48:12.406902075,0.0
Case94,W_Completeren aanvraag,res_e08dd225-6ddd-45bc-b1b2-7c6cf10375f6,Role 1,2012-02-15 18:08:25.248467175,561,1,res_e08dd225-6ddd-45bc-b1b2-7c6cf10375f6,2012-02-15 18:06:32.803483175,0.0
Case94,W_Nabellen offertes,res_cd5fe8a1-7bca-4ddc-9e04-e32a42150d6e,Role 1,2012-02-15 23:12:54.571388375,564,1,res_cd5fe8a1-7bca-4ddc-9e04-e32a42150d6e,2012-02-15 23:11:18.643390375,0.0
Case940,W_Completeren aanvraag,res_d9486917-858c-4563-bf95-164b83d8a3d8,Role 1,2012-03-05 18:03:37.969072500,640,1,res_d9486917-858c-4563-bf95-164b83d8a3d8,2012-03-05 18:01:11.443943501,0.0
Case940,W_Nabellen offertes,res_a117c367-ca0b-4fb8-9736-c1d7d3de62d1,Role 1,2012-03-05 18:24:06.166854400,641,1,res_a117c367-ca0b-4fb8-9736-c1d7d3de62d1,2012-03-05 18:21:45.575349400,0.02564102564102564
Case941,W_Afhandelen leads,res_5423e6a8-eed7-4dc9-b44d-98691c53411e,Role 1,2012-03-05 18:09:10.619017270,640,0,res_5423e6a8-eed7-4dc9-b44d-98691c53411e,2012-03-05 18:06:06.625515270,0.0
Case941,W_Completeren aanvraag,res_ffdbf4b7-c588-487c-b4ec-ae52c332aeda,Role 1,2012-03-05 19:04:13.307515170,642,1,res_ffdbf4b7-c588-487c-b4ec-ae52c332aeda,2012-03-05 19:01:44.622242170,0.02564102564102564
Case941,W_Nabellen offertes,res_e9f54089-f03e-4dc1-a453-57f4acf2c7fb,Role 1,2012-03-07 21:30:57.657492770,625,1,res_e9f54089-f03e-4dc1-a453-57f4acf2c7fb,2012-03-07 21:28:58.139038770,0.0
Case941,W_Nabellen offertes,res_7b5eefe7-a9c7-4c10-ace5-1fd3772097ff,Role 1,2012-03-14 03:26:00.161640870,603,1,res_7b5eefe7-a9c7-4c10-ace5-1fd3772097ff,2012-03-14 03:19:15.175296870,0.0
Case942,W_Afhandelen leads,res_13a07171-afed-4486-9431-2507f9aacd76,Role 1,2012-03-05 18:19:57.723525778,641,0,res_13a07171-afed-4486-9431-2507f9aacd76,2012-03-05 18:16:55.420505778,0.02564102564102564
Case942,W_Completeren aanvraag,res_0dd9fb20-75d3-4949-8e8b-38b1e2a52fbf,Role 1,2012-03-05 19:15:16.532474078,642,1,res_0dd9fb20-75d3-4949-8e8b-38b1e2a52fbf,2012-03-05 19:12:47.277543078,0.0
Case942,W_Nabellen offertes,res_d9a4b451-1c76-46c3-87c6-97373bec81d0,Role 1,2012-03-08 00:38:22.306962378,625,1,res_d9a4b451-1c76-46c3-87c6-97373bec81d0,2012-03-08 00:36:29.256562378,0.0
Case943,W_Afhandelen leads,res_4d8dd482-f3ce-4175-9cd8-f5584cb38f63,Role 1,2012-03-05 18:27:43.985432636,640,0,res_4d8dd482-f3ce-4175-9cd8-f5584cb38f63,2012-03-05 18:24:39.852944636,0.0
Case943,W_Completeren aanvraag,res_fe8f604a-4f72-4c5b-9082-2dc751f7d4b9,Role 1,2012-03-05 19:23:21.834744536,643,1,res_fe8f604a-4f72-4c5b-9082-2dc751f7d4b9,2012-03-05 19:20:52.392554536,0.0
Case944,W_Afhandelen leads,res_6d1d995e-4384-448a-9bf8-9fb7d8013316,Role 1,2012-03-05 18:34:07.890383499,639,0,res_6d1d995e-4384-448a-9bf8-9fb7d8013316,2012-03-05 18:31:03.689732499,0.0
Case944,W_Completeren aanvraag,res_b48df80a-ad89-4a8c-8f9d-edecf950fdb5,Role 1,2012-03-05 19:29:49.072262799,643,1,res_b48df80a-ad89-4a8c-8f9d-edecf950fdb5,2012-03-05 19:27:20.548140799,0.02564102564102564
Case945,W_Completeren aanvraag,res_fdf1178c-5a31-4f5e-8867-f12efd24326c,Role 1,2012-03-05 18:37:24.973510297,640,1,res_fdf1178c-5a31-4f5e-8867-f12efd24326c,2012-03-05 18:35:00.439457297,0.05128205128205128
Case945,W_Nabellen offertes,res_63a2ec71-0edb-4961-a972-295906b733b9,Role 1,2012-03-05 18:57:28.105784897,641,1,res_63a2ec71-0edb-4961-a972-295906b733b9,2012-03-05 18:55:08.885398897,0.0
Case945,W_Nabellen offertes,res_cd5fe8a1-7bca-4ddc-9e04-e32a42150d6e,Role 1,2012-03-14 04:38:41.243921797,601,1,res_cd5fe8a1-7bca-4ddc-9e04-e32a42150d6e,2012-03-14 04:35:40.197488797,0.0
Case945,W_Nabellen offertes,res_fa4ebd56-fe09-4e12-ab6b-f564242582f3,Role 1,2012-03-15 21:06:23.921174297,578,1,res_fa4ebd56-fe09-4e12-ab6b-f564242582f3,2012-03-15 21:04:47.936495297,0.0
Case946,W_Afhandelen leads,res_6d1d995e-4384-448a-9bf8-9fb7d8013316,Role 1,2012-03-05 18:45:49.285979430,641,0,res_6d1d995e-4384-448a-9bf8-9fb7d8013316,2012-03-05 18:42:46.886787430,0.02564102564102564
Case946,W_Completeren aanvraag,res_3835d2af-f74a-47b9-b054-8234859b6abe,Role 1,2012-03-05 19:41:58.423696030,642,1,res_3835d2af-f74a-47b9-b054-8234859b6abe,2012-03-05 19:39:29.435556030,0.0
Case946,W_Nabellen offertes,res_e9f54089-f03e-4dc1-a453-57f4acf2c7fb,Role 1,2012-03-07 19:59:41.289203729,629,1,res_e9f54089-f03e-4dc1-a453-57f4acf2c7fb,2012-03-07 19:57:38.153438729,0.0
Case947,W_Afhandelen leads,res_b48df80a-ad89-4a8c-8f9d-edecf950fdb5,Role 1,2012-03-05 18:46:02.702279453,642,1,res_b48df80a-ad89-4a8c-8f9d-edecf950fdb5,2012-03-05 18:43:09.050591453,0.05128205128205128
Case947,W_Completeren aanvraag,res_d9a4b451-1c76-46c3-87c6-97373bec81d0,Role 1,2012-03-05 19:42:03.987490753,642,2,res_d9a4b451-1c76-46c3-87c6-97373bec81d0,2012-03-05 19:39:39.948567753,0.02564102564102564
Case948,W_Afhandelen leads,res_8f2bf97e-8175-4ba4-882d-f6b7957c1a2c,Role 1,2012-03-05 18:57:55.581364021,642,0,res_8f2bf97e-8175-4ba4-882d-f6b7957c1a2c,2012-03-05 18:54:53.255092021,0.02564102564102564
Case948,W_Completeren aanvraag,res_fa4ebd56-fe09-4e12-ab6b-f564242582f3,Role 1,2012-03-05 19:54:31.326512621,643,1,res_fa4ebd56-fe09-4e12-ab6b-f564242582f3,2012-03-05 19:52:03.402089621,0.02564102564102564
Case948,W_Completeren aanvraag,res_32a810af-a1e0-4835-afe4-a9e543c58a25,Role 1,2012-03-05 21:42:02.673773821,647,1,res_32a810af-a1e0-4835-afe4-a9e543c58a25,2012-03-05 21:39:52.009949821,0.0
Case948,W_Nabellen offertes,res_0dcb8a75-60b3-457b-aac5-fe91506450da,Role 1,2012-03-07 05:00:27.417326921,633,1,res_0dcb8a75-60b3-457b-aac5-fe91506450da,2012-03-07 04:58:35.293804921,0.0
Case949,W_Afhandelen leads,res_cd5fe8a1-7bca-4ddc-9e04-e32a42150d6e,Role 1,2012-03-05 19:06:29.047385838,642,0,res_cd5fe8a1-7bca-4ddc-9e04-e32a42150d6e,2012-03-05 19:03:25.037475838,0.0
Case949,W_Completeren aanvraag,res_4d8dd482-f3ce-4175-9cd8-f5584cb38f63,Role 1,2012-03-05 20:03:23.507147638,643,1,res_4d8dd482-f3ce-4175-9cd8-f5584cb38f63,2012-03-05 20:00:54.637898638,0.0
Case95,W_Completeren aanvraag,res_cd5fe8a1-7bca-4ddc-9e04-e32a42150d6e,Role 1,2012-02-15 12:48:16.127957482,554,1,res_cd5fe8a1-7bca-4ddc-9e04-e32a42150d6e,2012-02-15 12:45:44.134811482,0.0
Case950,W_Afhandelen leads,res_240d458f-f7c5-4593-8aba-741926c2775b,Role 1,2012-03-05 19:15:25.901260592,643,0,res_240d458f-f7c5-4593-8aba-741926c2775b,2012-03-05 19:12:22.006000592,0.0
Case950,W_Completeren aanvraag,res_a117c367-ca0b-4fb8-9736-c1d7d3de62d1,Role 1,2012-03-05 20:12:44.254093392,643,1,res_a117c367-ca0b-4fb8-9736-c1d7d3de62d1,2012-03-05 20:10:15.580882392,0.0
Case950,W_Nabellen offertes,res_8f2bf97e-8175-4ba4-882d-f6b7957c1a2c,Role 1,2012-03-08 20:19:38.422765792,620,1,res_8f2bf97e-8175-4ba4-882d-f6b7957c1a2c,2012-03-08 20:17:32.685838792,0.0
Case950,W_Nabellen offertes,res_b48df80a-ad89-4a8c-8f9d-edecf950fdb5,Role 1,2012-03-13 22:50:09.907247792,607,1,res_b48df80a-ad89-4a8c-8f9d-edecf950fdb5,2012-03-13 22:42:18.570155792,0.0
Case951,W_Afhandelen leads,res_fe8f604a-4f72-4c5b-9082-2dc751f7d4b9,Role 1,2012-03-05 19:22:47.086291789,643,0,res_fe8f604a-4f72-4c5b-9082-2dc751f7d4b9,2012-03-05 19:19:43.267189789,0.0
Case951,W_Completeren aanvraag,res_c05ba8c3-4cba-4513-8bb9-b3faa8713cc7,Role 1,2012-03-05 20:20:28.456437689,643,1,res_c05ba8c3-4cba-4513-8bb9-b3faa8713cc7,2012-03-05 20:17:59.945290689,0.0
Case951,W_Completeren aanvraag,res_13a07171-afed-4486-9431-2507f9aacd76,Role 1,2012-03-05 22:21:59.268114489,648,1,res_13a07171-afed-4486-9431-2507f9aacd76,2012-03-05 22:19:48.088783489,0.0
Case951,W_Nabellen offertes,res_d9486917-858c-4563-bf95-164b83d8a3d8,Role 1,2012-03-07 06:36:39.912233489,631,1,res_d9486917-858c-4563-bf95-164b83d8a3d8,2012-03-07 06:34:29.279357489,0.0
Case951,W_Nabellen offertes,res_32a810af-a1e0-4835-afe4-a9e543c58a25,Role 1,2012-03-09 04:06:51.858067989,622,1,res_32a810af-a1e0-4835-afe4-a9e543c58a25,2012-03-09 04:05:13.474041989,0.0
Case952,W_Completeren aanvraag,res_5423e6a8-eed7-4dc9-b44d-98691c53411e,Role 1,2012-03-05 19:32:56.646670660,643,1,res_5423e6a8-eed7-4dc9-b44d-98691c53411e,2012-03-05 19:30:31.054734660,0.0
Case953,W_Completeren aanvraag,res_b48df80a-ad89-4a8c-8f9d-edecf950fdb5,Role 1,2012-03-05 19:38:56.622004962,643,3,res_b48df80a-ad89-4a8c-8f9d-edecf950fdb5,2012-03-05 19:36:39.779837962,0.05128205128205128
Case954,W_Afhandelen leads,res_63a2ec71-0edb-4961-a972-295906b733b9,Role 1,2012-03-05 19:46:14.432208562,642,0,res_63a2ec71-0edb-4961-a972-295906b733b9,2012-03-05 19:43:12.683636562,0.02564102564102564
Case954,W_Completeren aanvraag,res_fa4ebd56-fe09-4e12-ab6b-f564242582f3,Role 1,2012-03-05 20:45:05.307974562,643,1,res_fa4ebd56-fe09-4e12-ab6b-f564242582f3,2012-03-05 20:42:37.619906562,0.0
Case954,W_Nabellen offertes,res_8f2bf97e-8175-4ba4-882d-f6b7957c1a2c,Role 1,2012-03-08 22:03:06.016484062,622,1,res_8f2bf97e-8175-4ba4-882d-f6b7957c1a2c,2012-03-08 22:01:06.432959062,0.0
Case955,W_Afhandelen leads,res_e08dd225-6ddd-45bc-b1b2-7c6cf10375f6,Role 1,2012-03-05 19:47:16.068221907,643,1,res_e08dd225-6ddd-45bc-b1b2-7c6cf10375f6,2012-03-05 19:44:21.189939907,0.02564102564102564
Case955,W_Completeren aanvraag,res_e08dd225-6ddd-45bc-b1b2-7c6cf10375f6,Role 1,2012-03-05 20:46:05.566900607,643,2,res_e08dd225-6ddd-45bc-b1b2-7c6cf10375f6,2012-03-05 20:43:42.559271607,0.02564102564102564
Case955,W_Nabellen offertes,res_c77d0074-5613-45fd-a890-6d80edada349,Role 1,2012-03-09 03:40:40.953374107,623,1,res_c77d0074-5613-45fd-a890-6d80edada349,2012-03-09 03:38:50.818465107,0.0
Case956,W_Afhandelen leads,res_e08dd225-6ddd-45bc-b1b2-7c6cf10375f6,Role 1,2012-03-05 20:01:08.616049605,644,0,res_e08dd225-6ddd-45bc-b1b2-7c6cf10375f6,2012-03-05 19:58:07.295362605,0.02564102564102564
Case956,W_Completeren aanvraag,res_fdf1178c-5a31-4f5e-8867-f12efd24326c,Role 1,2012-03-05 21:00:51.601674405,645,1,res_fdf1178c-5a31-4f5e-8867-f12efd24326c,2012-03-05 20:58:24.383921405,0.0
Case956,W_Completeren aanvraag,res_094e34c1-5472-4e50-8ca3-650a6a34e4ec,Role 1,2012-03-06 00:34:18.085455605,647,1,res_094e34c1-5472-4e50-8ca3-650a6a34e4ec,2012-03-06 00:32:04.339798605,0.0
Case956,W_Nabellen offertes,res_8f2bf97e-8175-4ba4-882d-f6b7957c1a2c,Role 1,2012-03-07 01:46:12.727048305,636,2,res_8f2bf97e-8175-4ba4-882d-f6b7957c1a2c,2012-03-07 01:44:30.537448305,0.02564102564102564
Case957,W_Completeren aanvraag,res_3835d2af-f74a-47b9-b054-8234859b6abe,Role 1,2012-03-05 20:16:26.747773081,644,2,res_3835d2af-f74a-47b9-b054-8234859b6abe,2012-03-05 20:14:07.391055081,0.02564102564102564
Case957,W_Completeren aanvraag,res_dfa30272-4bc0-4c82-9bd0-6b4169bccece,Role 1,2012-03-05 21:17:04.495773381,645,1,res_dfa30272-4bc0-4c82-9bd0-6b4169bccece,2012-03-05 21:14:43.700290381,0.0
Case957,W_Nabellen offertes,res_c475f0b2-f190-4931-b0ab-7a7e8189e241,Role 1,2012-03-09 14:51:44.778642681,609,1,res_c475f0b2-f190-4931-b0ab-7a7e8189e241,2012-03-09 14:45:08.593826681,0.0
Case958,W_Afhandelen leads,res_fa4ebd56-fe09-4e12-ab6b-f564242582f3,Role 1,2012-03-05 20:32:29.402810060,644,0,res_fa4ebd56-fe09-4e12-ab6b-f564242582f3,2012-03-05 20:29:27.188922060,0.0
Case958,W_Completeren aanvraag,res_0dd9fb20-75d3-4949-8e8b-38b1e2a52fbf,Role 1,2012-03-05 21:34:23.136311360,647,2,res_0dd9fb20-75d3-4949-8e8b-38b1e2a52fbf,2012-03-05 21:31:59.494030360,0.02564102564102564
Case958,W_Completeren aanvraag,res_c05ba8c3-4cba-4513-8bb9-b3faa8713cc7,Role 1,2012-03-06 02:30:45.677453260,647,1,res_c05ba8c3-4cba-4513-8bb9-b3faa8713cc7,2012-03-06 02:28:27.154306260,0.0
Case959,W_Completeren aanvraag,res_03b72214-605a-4b4f-97a5-ea18baa453ee,Role 1,2012-03-05 20:46:00.545575056,644,1,res_03b72214-605a-4b4f-97a5-ea18baa453ee,2012-03-05 20:43:37.473040056,0.0
Case959,W_Completeren aanvraag,res_fe8f604a-4f72-4c5b-9082-2dc751f7d4b9,Role 1,2012-03-05 21:48:42.186317456,648,1,res_fe8f604a-4f72-4c5b-9082-2dc751f7d4b9,2012-03-05 21:46:20.408133456,0.02564102564102564
Case96,W_Afhandelen leads,res_63a2ec71-0edb-4961-a972-295906b733b9,Role 1,2012-02-15 13:03:23.251168413,553,0,res_63a2ec71-0edb-4961-a972-295906b733b9,2012-02-15 13:00:19.605070413,0.0
Case96,W_Completeren aanvraag,res_c561e158-62af-4d50-bb96-33472303cf4c,Role 1,2012-02-15 14:05:50.871700413,556,1,res_c561e158-62af-4d50-bb96-33472303cf4c,2012-02-15 14:03:16.244275413,0.0
Case960,W_Completeren aanvraag,res_03b72214-605a-4b4f-97a5-ea18baa453ee,Role 1,2012-03-05 20:47:07.443817314,645,2,res_03b72214-605a-4b4f-97a5-ea18baa453ee,2012-03-05 20:44:49.001680314,0.02564102564102564
Case960,W_Nabellen offertes,res_c475f0b2-f190-4931-b0ab-7a7e8189e241,Role 1,2012-03-05 21:08:34.712899314,646,1,res_c475f0b2-f190-4931-b0ab-7a7e8189e241,2012-03-05 21:06:21.629586314,0.0
Case961,W_Completeren aanvraag,res_c561e158-62af-4d50-bb96-33472303cf4c,Role 1,2012-03-05 20:59:32.934500467,646,1,res_c561e158-62af-4d50-bb96-33472303cf4c,2012-03-05 20:57:10.481669467,0.0
Case961,W_Completeren aanvraag,res_554d030c-8ea0-477b-9a72-1469e52cca81,Role 1,2012-03-05 22:04:05.822792667,648,1,res_554d030c-8ea0-477b-9a72-1469e52cca81,2012-03-05 22:01:44.017440667,0.0
Case961,W_Nabellen offertes,res_ffdbf4b7-c588-487c-b4ec-ae52c332aeda,Role 1,2012-03-10 08:33:24.809469167,617,1,res_ffdbf4b7-c588-487c-b4ec-ae52c332aeda,2012-03-10 08:31:28.365074167,0.0
Case962,W_Afhandelen leads,res_ee19d540-6f30-4eb3-abd5-d42bf0a0cc9f,Role 1,2012-03-05 21:13:00.650681743,646,0,res_ee19d540-6f30-4eb3-abd5-d42bf0a0cc9f,2012-03-05 21:10:02.185027743,0.02564102564102564
Case962,W_Completeren aanvraag,res_c561e158-62af-4d50-bb96-33472303cf4c,Role 1,2012-03-05 22:19:20.871463643,648,1,res_c561e158-62af-4d50-bb96-33472303cf4c,2012-03-05 22:16:56.137412643,0.0
Case963,W_Completeren aanvraag,res_fa4ebd56-fe09-4e12-ab6b-f564242582f3,Role 1,2012-03-05 21:21:34.795304420,647,1,res_fa4ebd56-fe09-4e12-ab6b-f564242582f3,2012-03-05 21:19:13.257791420,0.0
Case963,W_Nabellen offertes,res_c05ba8c3-4cba-4513-8bb9-b3faa8713cc7,Role 1,2012-03-05 21:44:47.353424720,648,1,res_c05ba8c3-4cba-4513-8bb9-b3faa8713cc7,2012-03-05 21:42:32.269613720,0.0
Case964,W_Afhandelen leads,res_e9f54089-f03e-4dc1-a453-57f4acf2c7fb,Role 1,2012-03-05 21:35:42.375293919,648,0,res_e9f54089-f03e-4dc1-a453-57f4acf2c7fb,2012-03-05 21:32:43.244083919,0.0
Case964,W_Completeren aanvraag,res_f8a5c2f7-852b-4750-a5bc-71d8a9f25fcd,Role 1,2012-03-05 22:45:59.821398219,647,1,res_f8a5c2f7-852b-4750-a5bc-71d8a9f25fcd,2012-03-05 22:43:35.606217219,0.0
Case964,W_Completeren aanvraag,res_f8a5c2f7-852b-4750-a5bc-71d8a9f25fcd,Role 1,2012-03-06 06:22:22.713064519,638,1,res_f8a5c2f7-852b-4750-a5bc-71d8a9f25fcd,2012-03-06 06:19:43.519001519,0.02564102564102564
Case964,W_Nabellen offertes,res_03b72214-605a-4b4f-97a5-ea18baa453ee,Role 1,2012-03-06 13:31:31.338649019,634,1,res_03b72214-605a-4b4f-97a5-ea18baa453ee,2012-03-06 13:29:35.890145019,0.0
Case965,W_Afhandelen leads,res_b48df80a-ad89-4a8c-8f9d-edecf950fdb5,Role 1,2012-03-05 21:45:00.688034246,649,0,res_b48df80a-ad89-4a8c-8f9d-edecf950fdb5,2012-03-05 21:42:06.406195246,0.05128205128205128
Case965,W_Completeren aanvraag,res_c05ba8c3-4cba-4513-8bb9-b3faa8713cc7,Role 1,2012-03-05 22:55:47.351572146,649,2,res_c05ba8c3-4cba-4513-8bb9-b3faa8713cc7,2012-03-05 22:53:26.528365146,0.02564102564102564
Case965,W_Completeren aanvraag,res_0dd9fb20-75d3-4949-8e8b-38b1e2a52fbf,Role 1,2012-03-06 06:07:47.588806146,639,1,res_0dd9fb20-75d3-4949-8e8b-38b1e2a52fbf,2012-03-06 06:05:09.269644146,0.02564102564102564
Case966,W_Completeren aanvraag,res_90ea4c98-054c-4dd3-aadb-9d56713379c2,Role 1,2012-03-05 21:46:36.223701475,648,1,res_90ea4c98-054c-4dd3-aadb-9d56713379c2,2012-03-05 21:44:16.366682475,0.02564102564102564
Case966,W_Completeren aanvraag,res_90ea4c98-054c-4dd3-aadb-9d56713379c2,Role 1,2012-03-05 22:59:16.499452775,649,1,res_90ea4c98-054c-4dd3-aadb-9d56713379c2,2012-03-05 22:56:55.679153775,0.0
Case966,W_Nabellen offertes,res_03b72214-605a-4b4f-97a5-ea18baa453ee,Role 1,2012-03-10 14:30:04.775764575,614,1,res_03b72214-605a-4b4f-97a5-ea18baa453ee,2012-03-10 14:27:04.130456575,0.0
Case966,W_Nabellen offertes,res_c475f0b2-f190-4931-b0ab-7a7e8189e241,Role 1,2012-03-14 18:58:13.687098975,587,1,res_c475f0b2-f190-4931-b0ab-7a7e8189e241,2012-03-14 18:56:37.859851975,0.0
Case966,W_Nabellen offertes,res_6d1d995e-4384-448a-9bf8-9fb7d8013316,Role 1,2012-03-16 09:20:16.700062375,573,1,res_6d1d995e-4384-448a-9bf8-9fb7d8013316,2012-03-16 09:16:14.008462375,0.0
Case967,W_Completeren aanvraag,res_c05ba8c3-4cba-4513-8bb9-b3faa8713cc7,Role 1,2012-03-05 22:10:45.846120745,649,1,res_c05ba8c3-4cba-4513-8bb9-b3faa8713cc7,2012-03-05 22:08:26.080954745,0.0
Case968,W_Afhandelen leads,res_90ea4c98-054c-4dd3-aadb-9d56713379c2,Role 1,2012-03-05 22:25:37.265307928,647,0,res_90ea4c98-054c-4dd3-aadb-9d56713379c2,2012-03-05 22:22:41.402300928,0.0
Case968,W_Completeren aanvraag,res_e08dd225-6ddd-45bc-b1b2-7c6cf10375f6,Role 1,2012-03-05 23:51:17.531314328,647,1,res_e08dd225-6ddd-45bc-b1b2-7c6cf10375f6,2012-03-05 23:48:54.942843328,0.02564102564102564
Case968,W_Nabellen offertes,res_d9486917-858c-4563-bf95-164b83d8a3d8,Role 1,2012-03-10 06:45:35.184206428,618,1,res_d9486917-858c-4563-bf95-164b83d8a3d8,2012-03-10 06:43:44.245998428,0.0
Case968,W_Nabellen offertes,res_fa4ebd56-fe09-4e12-ab6b-f564242582f3,Role 1,2012-03-13 20:29:43.667363528,612,1,res_fa4ebd56-fe09-4e12-ab6b-f564242582f3,2012-03-13 20:25:37.188337528,0.0
Case969,W_Completeren aanvraag,res_63a2ec71-0edb-4961-a972-295906b733b9,Role 1,2012-03-05 22:45:15.447491676,648,1,res_63a2ec71-0edb-4961-a972-295906b733b9,2012-03-05 22:42:56.381739676,0.0
Case969,W_Nabellen offertes,res_c77d0074-5613-45fd-a890-6d80edada349,Role 1,2012-03-05 23:19:59.251823876,649,1,res_c77d0074-5613-45fd-a890-6d80edada349,2012-03-05 23:17:42.539277876,0.0
Case97,W_Afhandelen leads,res_13a07171-afed-4486-9431-2507f9aacd76,Role 1,2012-02-15 13:19:46.731922551,554,0,res_13a07171-afed-4486-9431-2507f9aacd76,2012-02-15 13:16:42.872012551,0.0
Case97,W_Completeren aanvraag,res_fe8f604a-4f72-4c5b-9082-2dc751f7d4b9,Role 1,2012-02-15 14:20:34.090319151,556,1,res_fe8f604a-4f72-4c5b-9082-2dc751f7d4b9,2012-02-15 14:17:59.420293151,0.0
Case97,W_Nabellen offertes,res_03b72214-605a-4b4f-97a5-ea18baa453ee,Role 1,2012-02-16 22:43:55.273986151,581,1,res_03b72214-605a-4b4f-97a5-ea18baa453ee,2012-02-16 22:42:03.321221151,0.0
Case970,W_Completeren aanvraag,res_8f2bf97e-8175-4ba4-882d-f6b7957c1a2c,Role 1,2012-03-05 22:47:25.006334818,649,2,res_8f2bf97e-8175-4ba4-882d-f6b7957c1a2c,2012-03-05 22:45:09.364563818,0.02564102564102564
Case970,W_Nabellen offertes,res_6d1d995e-4384-448a-9bf8-9fb7d8013316,Role 1,2012-03-05 23:22:37.203179518,648,1,res_6d1d995e-4384-448a-9bf8-9fb7d8013316,2012-03-05 23:20:22.394612518,0.0
Case971,W_Completeren aanvraag,res_240d458f-f7c5-4593-8aba-741926c2775b,Role 1,2012-03-05 23:08:07.401032863,650,1,res_240d458f-f7c5-4593-8aba-741926c2775b,2012-03-05 23:05:48.522697863,0.0
Case972,W_Completeren aanvraag,res_13a07171-afed-4486-9431-2507f9aacd76,Role 1,2012-03-05 23:26:19.668203845,648,1,res_13a07171-afed-4486-9431-2507f9aacd76,2012-03-05 23:24:00.593768845,0.0
Case973,W_Completeren aanvraag,res_f8a5c2f7-852b-4750-a5bc-71d8a9f25fcd,Role 1,2012-03-05 23:47:16.459380727,648,1,res_f8a5c2f7-852b-4750-a5bc-71d8a9f25fcd,2012-03-05 23:44:56.878478727,0.0
Case974,W_Afhandelen leads,res_554d030c-8ea0-477b-9a72-1469e52cca81,Role 1,2012-03-06 11:53:46.009245722,634,0,res_554d030c-8ea0-477b-9a72-1469e52cca81,2012-03-06 11:50:49.760830722,0.0
Case974,W_Completeren aanvraag,res_03b72214-605a-4b4f-97a5-ea18baa453ee,Role 1,2012-03-06 13:14:34.331364422,641,1,res_03b72214-605a-4b4f-97a5-ea18baa453ee,2012-03-06 13:12:06.266056422,0.0
Case974,W_Completeren aanvraag,res_03b72214-605a-4b4f-97a5-ea18baa453ee,Role 1,2012-03-06 16:18:53.797277822,639,1,res_03b72214-605a-4b4f-97a5-ea18baa453ee,2012-03-06 16:16:36.824906822,0.02564102564102564
Case974,W_Completeren aanvraag,res_63a2ec71-0edb-4961-a972-295906b733b9,Role 1,2012-03-06 17:35:05.442627622,640,3,res_63a2ec71-0edb-4961-a972-295906b733b9,2012-03-06 17:33:10.547518622,0.05128205128205128
Case975,W_Completeren aanvraag,res_fdf1178c-5a31-4f5e-8867-f12efd24326c,Role 1,2012-03-06 12:03:15.477076358,634,1,res_fdf1178c-5a31-4f5e-8867-f12efd24326c,2012-03-06 12:00:48.183539358,0.0
Case975,W_Completeren aanvraag,res_03b72214-605a-4b4f-97a5-ea18baa453ee,Role 1,2012-03-06 13:20:22.149048858,641,1,res_03b72214-605a-4b4f-97a5-ea18baa453ee,2012-03-06 13:17:57.846940858,0.0
Case975,W_Completeren aanvraag,res_3835d2af-f74a-47b9-b054-8234859b6abe,Role 1,2012-03-06 16:26:56.693102258,640,2,res_3835d2af-f74a-47b9-b054-8234859b6abe,2012-03-06 16:24:42.822996258,0.02564102564102564
Case976,W_Afhandelen leads,res_240d458f-f7c5-4593-8aba-741926c2775b,Role 1,2012-03-06 12:09:36.942709736,634,0,res_240d458f-f7c5-4593-8aba-741926c2775b,2012-03-06 12:06:42.804403736,0.02564102564102564
Case976,W_Completeren aanvraag,res_c77d0074-5613-45fd-a890-6d80edada349,Role 1,2012-03-06 13:24:34.926693236,641,1,res_c77d0074-5613-45fd-a890-6d80edada349,2012-03-06 13:22:06.869417236,0.0
Case976,W_Completeren aanvraag,res_c05ba8c3-4cba-4513-8bb9-b3faa8713cc7,Role 1,2012-03-06 16:27:31.048390836,640,3,res_c05ba8c3-4cba-4513-8bb9-b3faa8713cc7,2012-03-06 16:25:17.023206836,0.05128205128205128
Case976,W_Nabellen offertes,res_3835d2af-f74a-47b9-b054-8234859b6abe,Role 1,2012-03-07 05:32:52.132174236,631,2,res_3835d2af-f74a-47b9-b054-8234859b6abe,2012-03-07 05:30:19.577211236,0.02564102564102564
Case977,W_Afhandelen leads,res_4a606e00-143e-4039-9760-70b3cb78e66a,Role 1,2012-03-06 12:14:01.429495107,635,0,res_4a606e00-143e-4039-9760-70b3cb78e66a,2012-03-06 12:11:05.747715107,0.0
Case977,W_Completeren aanvraag,res_fe8f604a-4f72-4c5b-9082-2dc751f7d4b9,Role 1,2012-03-06 13:27:34.247073407,642,2,res_fe8f604a-4f72-4c5b-9082-2dc751f7d4b9,2012-03-06 13:25:08.441016407,0.02564102564102564
Case977,W_Nabellen offertes,res_fe8f604a-4f72-4c5b-9082-2dc751f7d4b9,Role 1,2012-03-07 17:14:04.511731107,628,2,res_fe8f604a-4f72-4c5b-9082-2dc751f7d4b9,2012-03-07 17:12:01.210827107,0.02564102564102564
Case978,W_Afhandelen leads,res_03b72214-605a-4b4f-97a5-ea18baa453ee,Role 1,2012-03-06 12:18:25.237256115,636,0,res_03b72214-605a-4b4f-97a5-ea18baa453ee,2012-03-06 12:15:29.698472115,0.0
Case978,W_Completeren aanvraag,res_fa4ebd56-fe09-4e12-ab6b-f564242582f3,Role 1,2012-03-06 13:30:43.455426615,641,1,res_fa4ebd56-fe09-4e12-ab6b-f564242582f3,2012-03-06 13:28:14.832451615,0.0
Case979,W_Afhandelen leads,res_fa4ebd56-fe09-4e12-ab6b-f564242582f3,Role 1,2012-03-06 12:23:07.184705597,637,0,res_fa4ebd56-fe09-4e12-ab6b-f564242582f3,2012-03-06 12:20:11.783250597,0.0
Case979,W_Completeren aanvraag,res_dfa30272-4bc0-4c82-9bd0-6b4169bccece,Role 1,2012-03-06 13:34:08.221525997,640,1,res_dfa30272-4bc0-4c82-9bd0-6b4169bccece,2012-03-06 13:31:39.508342997,0.0
Case979,W_Nabellen offertes,res_5423e6a8-eed7-4dc9-b44d-98691c53411e,Role 1,2012-03-07 17:04:11.952452297,631,1,res_5423e6a8-eed7-4dc9-b44d-98691c53411e,2012-03-07 17:02:04.193372297,0.0
Case98,W_Completeren aanvraag,res_d9486917-858c-4563-bf95-164b83d8a3d8,Role 1,2012-02-15 13:21:30.114356067,555,2,res_d9486917-858c-4563-bf95-164b83d8a3d8,2012-02-15 13:19:05.929293067,0.05128205128205128
Case980,W_Afhandelen leads,res_ffdbf4b7-c588-487c-b4ec-ae52c332aeda,Role 1,2012-03-06 12:28:02.238637366,638,0,res_ffdbf4b7-c588-487c-b4ec-ae52c332aeda,2012-03-06 12:25:06.964822366,0.0
Case980,W_Completeren aanvraag,res_094e34c1-5472-4e50-8ca3-650a6a34e4ec,Role 1,2012-03-06 13:37:48.416109766,640,1,res_094e34c1-5472-4e50-8ca3-650a6a34e4ec,2012-03-06 13:35:19.601234766,0.0
Case981,W_Completeren aanvraag,res_3835d2af-f74a-47b9-b054-8234859b6abe,Role 1,2012-03-06 12:33:51.895898679,639,1,res_3835d2af-f74a-47b9-b054-8234859b6abe,2012-03-06 12:31:26.771827679,0.0
Case982,W_Afhandelen leads,res_fa4ebd56-fe09-4e12-ab6b-f564242582f3,Role 1,2012-03-06 12:41:41.338019876,639,0,res_fa4ebd56-fe09-4e12-ab6b-f564242582f3,2012-03-06 12:38:48.033016876,0.02564102564102564
Case982,W_Completeren aanvraag,res_fe8f604a-4f72-4c5b-9082-2dc751f7d4b9,Role 1,2012-03-06 13:48:25.425326576,638,1,res_fe8f604a-4f72-4c5b-9082-2dc751f7d4b9,2012-03-06 13:45:56.677658576,0.0
Case982,W_Nabellen offertes,res_e08dd225-6ddd-45bc-b1b2-7c6cf10375f6,Role 1,2012-03-07 16:40:03.715363976,631,3,res_e08dd225-6ddd-45bc-b1b2-7c6cf10375f6,2012-03-07 16:38:00.227852976,0.05128205128205128
Case982,W_Nabellen offertes,res_3835d2af-f74a-47b9-b054-8234859b6abe,Role 1,2012-03-13 21:58:51.806788676,606,1,res_3835d2af-f74a-47b9-b054-8234859b6abe,2012-03-13 21:51:16.791141676,0.0
Case982,W_Nabellen offertes,res_c05ba8c3-4cba-4513-8bb9-b3faa8713cc7,Role 1,2012-03-15 10:16:52.465675976,581,1,res_c05ba8c3-4cba-4513-8bb9-b3faa8713cc7,2012-03-15 10:15:06.585730976,0.0
Case983,W_Afhandelen leads,res_63a2ec71-0edb-4961-a972-295906b733b9,Role 1,2012-03-06 12:53:14.183039157,640,0,res_63a2ec71-0edb-4961-a972-295906b733b9,2012-03-06 12:50:19.140724157,0.0
Case983,W_Completeren aanvraag,res_d9486917-858c-4563-bf95-164b83d8a3d8,Role 1,2012-03-06 13:56:48.874362357,638,1,res_d9486917-858c-4563-bf95-164b83d8a3d8,2012-03-06 13:54:19.545544357,0.0
Case984,W_Afhandelen leads,res_5423e6a8-eed7-4dc9-b44d-98691c53411e,Role 1,2012-03-06 12:53:58.765964579,641,1,res_5423e6a8-eed7-4dc9-b44d-98691c53411e,2012-03-06 12:51:13.542788579,0.02564102564102564
Case984,W_Completeren aanvraag,res_240d458f-f7c5-4593-8aba-741926c2775b,Role 1,2012-03-06 13:58:29.663410179,638,2,res_240d458f-f7c5-4593-8aba-741926c2775b,2012-03-06 13:56:05.381116179,0.05128205128205128
Case985,W_Completeren aanvraag,res_5423e6a8-eed7-4dc9-b44d-98691c53411e,Role 1,2012-03-06 13:08:24.429810710,642,2,res_5423e6a8-eed7-4dc9-b44d-98691c53411e,2012-03-06 13:06:05.132177710,0.02564102564102564
Case986,W_Completeren aanvraag,res_4d8dd482-f3ce-4175-9cd8-f5584cb38f63,Role 1,2012-03-06 13:20:59.803407237,642,1,res_4d8dd482-f3ce-4175-9cd8-f5584cb38f63,2012-03-06 13:18:36.686623237,0.0
Case987,W_Completeren aanvraag,res_63a2ec71-0edb-4961-a972-295906b733b9,Role 1,2012-03-06 13:39:36.760144153,639,1,res_63a2ec71-0edb-4961-a972-295906b733b9,2012-03-06 13:37:13.943835153,0.0
Case988,W_Afhandelen leads,res_0dd9fb20-75d3-4949-8e8b-38b1e2a52fbf,Role 1,2012-03-06 13:53:54.801121400,639,0,res_0dd9fb20-75d3-4949-8e8b-38b1e2a52fbf,2012-03-06 13:51:04.079040400,0.07692307692307693
Case988,W_Completeren aanvraag,res_fe8f604a-4f72-4c5b-9082-2dc751f7d4b9,Role 1,2012-03-06 14:52:02.001231000,639,1,res_fe8f604a-4f72-4c5b-9082-2dc751f7d4b9,2012-03-06 14:49:32.250617000,0.0
Case988,W_Completeren aanvraag,res_ee19d540-6f30-4eb3-abd5-d42bf0a0cc9f,Role 1,2012-03-06 16:36:00.832850900,639,2,res_ee19d540-6f30-4eb3-abd5-d42bf0a0cc9f,2012-03-06 16:33:45.652189900,0.02564102564102564
Case988,W_Completeren aanvraag,res_0dd9fb20-75d3-4949-8e8b-38b1e2a52fbf,Role 1,2012-03-06 17:22:44.524132000,640,2,res_0dd9fb20-75d3-4949-8e8b-38b1e2a52fbf,2012-03-06 17:20:50.771829000,0.02564102564102564
Case988,W_Nabellen offertes,res_3d71865b-e63e-44f8-a4fd-ece0ef216fef,Role 1,2012-03-06 19:35:55.322187300,638,1,res_3d71865b-e63e-44f8-a4fd-ece0ef216fef,2012-03-06 19:34:18.723415300,0.0
Case989,W_Afhandelen leads,res_c66fd8c7-ae25-415c-80c1-ac9cc1be7147,Role 1,2012-03-06 13:54:07.684651149,639,1,res_c66fd8c7-ae25-415c-80c1-ac9cc1be7147,2012-03-06 13:51:24.227953149,0.07692307692307693
Case989,W_Completeren aanvraag,res_6d1d995e-4384-448a-9bf8-9fb7d8013316,Role 1,2012-03-06 14:52:32.932003849,639,2,res_6d1d995e-4384-448a-9bf8-9fb7d8013316,2012-03-06 14:50:07.316439849,0.02564102564102564
Case99,W_Completeren aanvraag,res_c05ba8c3-4cba-4513-8bb9-b3faa8713cc7,Role 1,2012-02-15 13:39:37.524608036,555,1,res_c05ba8c3-4cba-4513-8bb9-b3faa8713cc7,2012-02-15 13:37:06.918462036,0.0
Case99,W_Completeren aanvraag,res_0dd9fb20-75d3-4949-8e8b-38b1e2a52fbf,Role 1,2012-02-15 14:39:40.977833636,556,1,res_0dd9fb20-75d3-4949-8e8b-38b1e2a52fbf,2012-02-15 14:37:09.137009636,0.0
Case99,W_Nabellen offertes,res_094e34c1-5472-4e50-8ca3-650a6a34e4ec,Role 1,2012-02-16 23:25:49.552561336,578,1,res_094e34c1-5472-4e50-8ca3-650a6a34e4ec,2012-02-16 23:23:58.751446336,0.0
Case99,W_Nabellen offertes,res_6d1d995e-4384-448a-9bf8-9fb7d8013316,Role 1,2012-02-23 14:11:48.865647036,623,1,res_6d1d995e-4384-448a-9bf8-9fb7d8013316,2012-02-23 14:10:14.546977036,0.0
Case990,W_Completeren aanvraag,res_fdf1178c-5a31-4f5e-8867-f12efd24326c,Role 1,2012-03-06 14:14:26.991315833,638,1,res_fdf1178c-5a31-4f5e-8867-f12efd24326c,2012-03-06 14:12:04.393532833,0.0
Case990,W_Completeren aanvraag,res_fdf1178c-5a31-4f5e-8867-f12efd24326c,Role 1,2012-03-06 15:11:34.255646933,640,1,res_fdf1178c-5a31-4f5e-8867-f12efd24326c,2012-03-06 15:09:07.482200933,0.0
Case991,W_Afhandelen leads,res_cd5fe8a1-7bca-4ddc-9e04-e32a42150d6e,Role 1,2012-03-06 14:28:56.792413630,638,0,res_cd5fe8a1-7bca-4ddc-9e04-e32a42150d6e,2012-03-06 14:25:58.558520630,0.0
Case991,W_Completeren aanvraag,res_3d71865b-e63e-44f8-a4fd-ece0ef216fef,Role 1,2012-03-06 15:25:47.350623330,640,1,res_3d71865b-e63e-44f8-a4fd-ece0ef216fef,2012-03-06 15:23:15.999570330,0.0
Case991,W_Nabellen offertes,res_e08dd225-6ddd-45bc-b1b2-7c6cf10375f6,Role 1,2012-03-07 13:35:58.823409930,627,1,res_e08dd225-6ddd-45bc-b1b2-7c6cf10375f6,2012-03-07 13:33:34.269785930,0.0
Case992,W_Completeren aanvraag,res_0dcb8a75-60b3-457b-aac5-fe91506450da,Role 1,2012-03-06 14:43:22.943590135,639,1,res_0dcb8a75-60b3-457b-aac5-fe91506450da,2012-03-06 14:41:00.222366135,0.0
Case992,W_Completeren aanvraag,res_03b72214-605a-4b4f-97a5-ea18baa453ee,Role 1,2012-03-06 15:39:38.372021035,640,1,res_03b72214-605a-4b4f-97a5-ea18baa453ee,2012-03-06 15:37:11.241244035,0.0
Case993,W_Afhandelen leads,res_fa4ebd56-fe09-4e12-ab6b-f564242582f3,Role 1,2012-03-06 14:54:47.566795006,639,0,res_fa4ebd56-fe09-4e12-ab6b-f564242582f3,2012-03-06 14:51:48.009911006,0.0
Case993,W_Completeren aanvraag,res_dfa30272-4bc0-4c82-9bd0-6b4169bccece,Role 1,2012-03-06 15:50:39.736956006,639,1,res_dfa30272-4bc0-4c82-9bd0-6b4169bccece,2012-03-06 15:48:07.955008006,0.0
Case993,W_Completeren aanvraag,res_ee19d540-6f30-4eb3-abd5-d42bf0a0cc9f,Role 1,2012-03-06 17:16:24.225567106,640,1,res_ee19d540-6f30-4eb3-abd5-d42bf0a0cc9f,2012-03-06 17:14:07.688829106,0.0
Case994,W_Afhandelen leads,res_7b5eefe7-a9c7-4c10-ace5-1fd3772097ff,Role 1,2012-03-06 14:56:26.388793212,640,1,res_7b5eefe7-a9c7-4c10-ace5-1fd3772097ff,2012-03-06 14:53:35.806594212,0.02564102564102564
Case994,W_Completeren aanvraag,res_ffdbf4b7-c588-487c-b4ec-ae52c332aeda,Role 1,2012-03-06 15:52:17.553860112,639,2,res_ffdbf4b7-c588-487c-b4ec-ae52c332aeda,2012-03-06 15:49:50.383311112,0.02564102564102564
Case995,W_Afhandelen leads,res_fa4ebd56-fe09-4e12-ab6b-f564242582f3,Role 1,2012-03-06 15:12:47.464483700,640,0,res_fa4ebd56-fe09-4e12-ab6b-f564242582f3,2012-03-06 15:09:46.984188700,0.0
Case995,W_Completeren aanvraag,res_fdf1178c-5a31-4f5e-8867-f12efd24326c,Role 1,2012-03-06 16:08:16.659202800,640,1,res_fdf1178c-5a31-4f5e-8867-f12efd24326c,2012-03-06 16:05:44.599071800,0.0
Case996,W_Completeren aanvraag,res_c77d0074-5613-45fd-a890-6d80edada349,Role 1,2012-03-06 15:30:54.664518079,640,1,res_c77d0074-5613-45fd-a890-6d80edada349,2012-03-06 15:28:31.293520079,0.0
Case996,W_Completeren aanvraag,res_03b72214-605a-4b4f-97a5-ea18baa453ee,Role 1,2012-03-06 16:25:53.625423079,639,1,res_03b72214-605a-4b4f-97a5-ea18baa453ee,2012-03-06 16:23:26.688481079,0.02564102564102564
Case996,W_Nabellen offertes,res_3d71865b-e63e-44f8-a4fd-ece0ef216fef,Role 1,2012-03-07 11:06:10.204915278,628,1,res_3d71865b-e63e-44f8-a4fd-ece0ef216fef,2012-03-07 11:03:08.943335279,0.0
Case996,W_Nabellen offertes,res_d9a4b451-1c76-46c3-87c6-97373bec81d0,Role 1,2012-03-13 20:25:15.259861279,608,1,res_d9a4b451-1c76-46c3-87c6-97373bec81d0,2012-03-13 20:22:20.477914279,0.0
Case997,W_Afhandelen leads,res_0dcb8a75-60b3-457b-aac5-fe91506450da,Role 1,2012-03-06 15:55:11.467964951,639,0,res_0dcb8a75-60b3-457b-aac5-fe91506450da,2012-03-06 15:52:08.769531951,0.0
Case997,W_Completeren aanvraag,res_094e34c1-5472-4e50-8ca3-650a6a34e4ec,Role 1,2012-03-06 16:49:52.390326751,638,1,res_094e34c1-5472-4e50-8ca3-650a6a34e4ec,2012-03-06 16:47:19.782195751,0.0
Case997,W_Completeren aanvraag,res_3d71865b-e63e-44f8-a4fd-ece0ef216fef,Role 1,2012-03-06 18:06:22.642442451,638,1,res_3d71865b-e63e-44f8-a4fd-ece0ef216fef,2012-03-06 18:04:06.951665451,0.02564102564102564
Case997,W_Nabellen offertes,res_13a07171-afed-4486-9431-2507f9aacd76,Role 1,2012-03-07 01:18:41.475356851,634,1,res_13a07171-afed-4486-9431-2507f9aacd76,2012-03-07 01:16:54.383282851,0.0
Case997,W_Nabellen offertes,res_c77d0074-5613-45fd-a890-6d80edada349,Role 1,2012-03-11 12:05:48.382939251,603,1,res_c77d0074-5613-45fd-a890-6d80edada349,2012-03-11 12:03:57.499321251,0.0
Case997,W_Nabellen offertes,res_c475f0b2-f190-4931-b0ab-7a7e8189e241,Role 1,2012-03-13 11:33:40.877841850,611,1,res_c475f0b2-f190-4931-b0ab-7a7e8189e241,2012-03-13 11:32:07.360457851,0.0
Case998,W_Completeren aanvraag,res_fa4ebd56-fe09-4e12-ab6b-f564242582f3,Role 1,2012-03-06 15:56:23.446699256,640,2,res_fa4ebd56-fe09-4e12-ab6b-f564242582f3,2012-03-06 15:54:04.625780256,0.05128205128205128
Case998,W_Completeren aanvraag,res_63a2ec71-0edb-4961-a972-295906b733b9,Role 1,2012-03-06 16:50:50.949167756,638,2,res_63a2ec71-0edb-4961-a972-295906b733b9,2012-03-06 16:48:27.892501756,0.02564102564102564
Case998,W_Completeren aanvraag,res_a117c367-ca0b-4fb8-9736-c1d7d3de62d1,Role 1,2012-03-06 18:10:22.058718656,639,1,res_a117c367-ca0b-4fb8-9736-c1d7d3de62d1,2012-03-06 18:08:09.224907656,0.0
Case999,W_Afhandelen leads,res_ee19d540-6f30-4eb3-abd5-d42bf0a0cc9f,Role 1,2012-03-06 16:19:06.236137298,639,0,res_ee19d540-6f30-4eb3-abd5-d42bf0a0cc9f,2012-03-06 16:16:04.379565298,0.02564102564102564
Case999,W_Completeren aanvraag,res_0dcb8a75-60b3-457b-aac5-fe91506450da,Role 1,2012-03-06 17:13:29.941751898,638,1,res_0dcb8a75-60b3-457b-aac5-fe91506450da,2012-03-06 17:10:57.359620898,0.0
