caseid,task,resource,role,end_timestamp,pr_instances,tsk_start_inst,res_id,start_timestamp,rp_start_oc
Case1,W_Completeren aanvraag,res_c09d353e-d1d3-4710-a13d-39ecb25ed3a8,Role 1,2012-02-13 19:02:32.510964000,520,1,res_c09d353e-d1d3-4710-a13d-39ecb25ed3a8,2012-02-13 19:00:00.000000000,0.0
Case10,W_Afhandelen leads,res_42f40199-b27a-43f0-a89c-188ab6bfaf36,Role 1,2012-02-14 08:16:26.897085124,525,0,res_42f40199-b27a-43f0-a89c-188ab6bfaf36,2012-02-14 08:13:23.821260124,0.0
Case10,W_Completeren aanvraag,res_425ded41-e317-4198-891a-d9f3e32a6030,Role 1,2012-02-14 10:49:34.519662224,538,1,res_425ded41-e317-4198-891a-d9f3e32a6030,2012-02-14 10:47:10.191500224,0.0
Case100,W_Afhandelen leads,res_7a10508e-56ae-4766-abd2-e94c8442b539,Role 1,2012-02-15 13:55:11.386033266,557,0,res_7a10508e-56ae-4766-abd2-e94c8442b539,2012-02-15 13:52:06.567416266,0.0
Case100,W_Completeren aanvraag,res_f3a5d8a5-7894-4471-8b15-4aeaf83a4249,Role 1,2012-02-15 14:54:32.171309866,560,1,res_f3a5d8a5-7894-4471-8b15-4aeaf83a4249,2012-02-15 14:51:57.310099866,0.0
Case100,W_Nabellen offertes,res_7a10508e-56ae-4766-abd2-e94c8442b539,Role 1,2012-02-17 00:31:16.201844966,584,1,res_7a10508e-56ae-4766-abd2-e94c8442b539,2012-02-17 00:29:23.536806966,0.0
Case100,W_Nabellen offertes,res_8435ed72-5b45-4de1-a40d-2e20f14bd3c6,Role 1,2012-02-23 13:54:54.770221866,633,1,res_8435ed72-5b45-4de1-a40d-2e20f14bd3c6,2012-02-23 13:53:19.980422866,0.0
Case100,W_Nabellen offertes,res_8435ed72-5b45-4de1-a40d-2e20f14bd3c6,Role 1,2012-02-25 09:09:53.455859766,642,1,res_8435ed72-5b45-4de1-a40d-2e20f14bd3c6,2012-02-25 09:07:02.141725766,0.0
Case1000,W_Afhandelen leads,res_177ed8cb-552b-4612-b348-20f464d6e7e5,Role 1,2012-03-06 16:41:50.389307473,632,0,res_177ed8cb-552b-4612-b348-20f464d6e7e5,2012-03-06 16:38:45.438621473,0.0
Case1000,W_Completeren aanvraag,res_d5418cc0-ed10-4016-ac16-0bc32f58673f,Role 1,2012-03-06 17:36:07.144296473,630,1,res_d5418cc0-ed10-4016-ac16-0bc32f58673f,2012-03-06 17:33:34.137042473,0.0
Case1001,W_Completeren aanvraag,res_42f40199-b27a-43f0-a89c-188ab6bfaf36,Role 1,2012-03-06 16:54:54.625424896,631,1,res_42f40199-b27a-43f0-a89c-188ab6bfaf36,2012-03-06 16:52:29.529152896,0.0
Case1001,W_Nabellen offertes,res_63d2fda6-0454-4ad2-8b55-d59c9622a8ed,Role 1,2012-03-06 17:15:14.725257296,631,1,res_63d2fda6-0454-4ad2-8b55-d59c9622a8ed,2012-03-06 17:12:53.691846296,0.0
Case1001,W_Nabellen offertes,res_3e93a9a9-cdc4-46ed-8b29-3e63e6d2a9a2,Role 1,2012-03-15 11:34:45.535667196,594,1,res_3e93a9a9-cdc4-46ed-8b29-3e63e6d2a9a2,2012-03-15 11:32:51.645392196,0.0
Case1002,W_Completeren aanvraag,res_46a776b0-74ef-429c-befa-758731ba64c1,Role 1,2012-03-06 16:55:24.120108569,632,2,res_46a776b0-74ef-429c-befa-758731ba64c1,2012-03-06 16:53:03.782304569,0.02564102564102564
Case1002,W_Nabellen offertes,res_7848a1c1-2878-42e4-b2ac-02ba3ecca52c,Role 1,2012-03-06 17:15:38.548437769,631,2,res_7848a1c1-2878-42e4-b2ac-02ba3ecca52c,2012-03-06 17:13:23.871266769,0.02564102564102564
Case1002,W_Nabellen offertes,res_42f40199-b27a-43f0-a89c-188ab6bfaf36,Role 1,2012-03-15 09:27:14.460134669,595,1,res_42f40199-b27a-43f0-a89c-188ab6bfaf36,2012-03-15 09:25:13.779634669,0.0
Case1003,W_Completeren aanvraag,res_177ed8cb-552b-4612-b348-20f464d6e7e5,Role 1,2012-03-06 17:18:57.476698704,632,1,res_177ed8cb-552b-4612-b348-20f464d6e7e5,2012-03-06 17:16:32.191305704,0.0
Case1003,W_Nabellen offertes,res_3e93a9a9-cdc4-46ed-8b29-3e63e6d2a9a2,Role 1,2012-03-06 17:38:33.692942404,630,1,res_3e93a9a9-cdc4-46ed-8b29-3e63e6d2a9a2,2012-03-06 17:36:13.273633404,0.0
Case1003,W_Nabellen offertes,res_2f56cb7e-3c7c-424a-95d0-d464cdf4e447,Role 1,2012-03-15 07:37:49.307619304,597,1,res_2f56cb7e-3c7c-424a-95d0-d464cdf4e447,2012-03-15 07:35:34.387362304,0.0
Case1003,W_Nabellen offertes,res_c6ff2914-8075-4a61-b381-b682f6eb47de,Role 1,2012-03-17 01:10:01.737032704,575,1,res_c6ff2914-8075-4a61-b381-b682f6eb47de,2012-03-17 01:06:38.746563704,0.0
Case1003,W_Nabellen offertes,res_f664dcd9-d4b7-456f-a1f7-9daea9e497fd,Role 1,2012-03-19 09:39:21.331461904,550,2,res_f664dcd9-d4b7-456f-a1f7-9daea9e497fd,2012-03-19 09:37:21.476583904,0.02564102564102564
Case1004,W_Afhandelen leads,res_7cc6cf66-7797-453d-b952-98449834316b,Role 1,2012-03-06 17:34:18.384115461,631,0,res_7cc6cf66-7797-453d-b952-98449834316b,2012-03-06 17:31:13.706238461,0.02564102564102564
Case1004,W_Completeren aanvraag,res_46a776b0-74ef-429c-befa-758731ba64c1,Role 1,2012-03-06 18:28:57.781088061,632,1,res_46a776b0-74ef-429c-befa-758731ba64c1,2012-03-06 18:26:25.000659061,0.0
Case1004,W_Nabellen offertes,res_dcb46f81-367a-42ae-96c2-833faef25480,Role 1,2012-03-07 20:54:53.739481061,626,2,res_dcb46f81-367a-42ae-96c2-833faef25480,2012-03-07 20:52:57.056276061,0.05128205128205128
Case1005,W_Completeren aanvraag,res_cd801f30-7ddb-4e0a-8319-c3bbd19d3bc0,Role 1,2012-03-06 17:54:25.357519969,630,1,res_cd801f30-7ddb-4e0a-8319-c3bbd19d3bc0,2012-03-06 17:51:59.916491969,0.0
Case1005,W_Nabellen offertes,res_7cc6cf66-7797-453d-b952-98449834316b,Role 1,2012-03-06 18:13:05.140471669,632,1,res_7cc6cf66-7797-453d-b952-98449834316b,2012-03-06 18:10:45.742922669,0.0
Case1005,W_Nabellen offertes,res_85f526bd-1f2c-4373-8dcc-9710ee98b7b2,Role 1,2012-03-15 05:25:03.909672169,601,1,res_85f526bd-1f2c-4373-8dcc-9710ee98b7b2,2012-03-15 05:22:07.725395169,0.0
Case1006,W_Afhandelen leads,res_c3a01281-6e48-4ea3-a47a-9410360458be,Role 1,2012-03-06 17:56:30.630623151,631,0,res_c3a01281-6e48-4ea3-a47a-9410360458be,2012-03-06 17:53:25.549371151,0.02564102564102564
Case1006,W_Completeren aanvraag,res_7a10508e-56ae-4766-abd2-e94c8442b539,Role 1,2012-03-06 18:51:45.040789551,632,1,res_7a10508e-56ae-4766-abd2-e94c8442b539,2012-03-06 18:49:12.423063551,0.0
Case1006,W_Completeren aanvraag,res_7848a1c1-2878-42e4-b2ac-02ba3ecca52c,Role 1,2012-03-06 20:27:07.952841251,633,1,res_7848a1c1-2878-42e4-b2ac-02ba3ecca52c,2012-03-06 20:24:53.130480251,0.0
Case1006,W_Nabellen offertes,res_a7efadcf-4796-49e4-a611-9f847fa3b6b3,Role 1,2012-03-07 18:19:51.198414451,630,2,res_a7efadcf-4796-49e4-a611-9f847fa3b6b3,2012-03-07 18:18:03.553273451,0.05128205128205128
Case1006,W_Nabellen offertes,res_9548f08a-bc89-4837-8ec2-cdb10b4e93b0,Role 1,2012-03-10 05:00:10.067244551,622,1,res_9548f08a-bc89-4837-8ec2-cdb10b4e93b0,2012-03-10 04:58:33.198361551,0.0
Case1006,W_Nabellen offertes,res_75b73935-48c2-4abe-9548-628b120b0d25,Role 1,2012-03-12 15:56:54.899012151,600,1,res_75b73935-48c2-4abe-9548-628b120b0d25,2012-03-12 15:48:16.983824151,0.0
Case1007,W_Completeren aanvraag,res_6f56bab9-a4f7-420f-96ab-b17cd82647c1,Role 1,2012-03-06 18:08:34.497811328,632,1,res_6f56bab9-a4f7-420f-96ab-b17cd82647c1,2012-03-06 18:06:09.193164328,0.0
Case1007,W_Nabellen offertes,res_7a10508e-56ae-4766-abd2-e94c8442b539,Role 1,2012-03-06 18:26:55.598609928,632,1,res_7a10508e-56ae-4766-abd2-e94c8442b539,2012-03-06 18:24:36.920828928,0.02564102564102564
Case1007,W_Nabellen offertes,res_177ed8cb-552b-4612-b348-20f464d6e7e5,Role 1,2012-03-15 02:38:13.101831728,602,1,res_177ed8cb-552b-4612-b348-20f464d6e7e5,2012-03-15 02:33:27.125704728,0.0
Case1007,W_Nabellen offertes,res_a7efadcf-4796-49e4-a611-9f847fa3b6b3,Role 1,2012-03-16 20:14:14.752020828,576,1,res_a7efadcf-4796-49e4-a611-9f847fa3b6b3,2012-03-16 20:12:31.448560828,0.0
Case1007,W_Nabellen offertes,res_2f56cb7e-3c7c-424a-95d0-d464cdf4e447,Role 1,2012-03-18 17:07:36.610341628,554,1,res_2f56cb7e-3c7c-424a-95d0-d464cdf4e447,2012-03-18 17:06:02.046736628,0.0
Case1008,W_Afhandelen leads,res_e30a7ff2-fdff-43e2-93a6-f30f7d1f4d80,Role 1,2012-03-06 18:33:31.006374785,632,0,res_e30a7ff2-fdff-43e2-93a6-f30f7d1f4d80,2012-03-06 18:30:23.944664785,0.0
Case1008,W_Completeren aanvraag,res_2f56cb7e-3c7c-424a-95d0-d464cdf4e447,Role 1,2012-03-06 19:30:04.825139685,634,1,res_2f56cb7e-3c7c-424a-95d0-d464cdf4e447,2012-03-06 19:27:33.454252685,0.02564102564102564
Case1008,W_Nabellen offertes,res_f612d14e-303a-4d03-a37a-3b98918a5014,Role 1,2012-03-08 16:27:01.159702585,613,1,res_f612d14e-303a-4d03-a37a-3b98918a5014,2012-03-08 16:24:45.800935585,0.02564102564102564
Case1008,W_Nabellen offertes,res_75b73935-48c2-4abe-9548-628b120b0d25,Role 1,2012-03-14 03:29:49.903928285,617,1,res_75b73935-48c2-4abe-9548-628b120b0d25,2012-03-14 03:27:12.280262285,0.0
Case1008,W_Nabellen offertes,res_63d2fda6-0454-4ad2-8b55-d59c9622a8ed,Role 1,2012-03-15 15:19:14.235193185,592,1,res_63d2fda6-0454-4ad2-8b55-d59c9622a8ed,2012-03-15 15:17:40.912083185,0.0
Case1009,W_Afhandelen leads,res_425ded41-e317-4198-891a-d9f3e32a6030,Role 1,2012-03-06 18:56:38.192400535,633,0,res_425ded41-e317-4198-891a-d9f3e32a6030,2012-03-06 18:53:31.197307535,0.0
Case1009,W_Completeren aanvraag,res_f664dcd9-d4b7-456f-a1f7-9daea9e497fd,Role 1,2012-03-06 19:54:07.641333435,633,1,res_f664dcd9-d4b7-456f-a1f7-9daea9e497fd,2012-03-06 19:51:35.758671435,0.0
Case101,W_Completeren aanvraag,res_425ded41-e317-4198-891a-d9f3e32a6030,Role 1,2012-02-15 14:07:17.616671355,558,2,res_425ded41-e317-4198-891a-d9f3e32a6030,2012-02-15 14:04:53.233546355,0.02564102564102564
Case101,W_Nabellen offertes,res_7cc6cf66-7797-453d-b952-98449834316b,Role 1,2012-02-15 14:35:58.678448655,560,1,res_7cc6cf66-7797-453d-b952-98449834316b,2012-02-15 14:33:41.826290655,0.0
Case1010,W_Completeren aanvraag,res_7cc6cf66-7797-453d-b952-98449834316b,Role 1,2012-03-06 18:56:02.917983634,634,1,res_7cc6cf66-7797-453d-b952-98449834316b,2012-03-06 18:53:39.256872634,0.02564102564102564
Case1010,W_Nabellen offertes,res_cd801f30-7ddb-4e0a-8319-c3bbd19d3bc0,Role 1,2012-03-06 19:13:51.625992434,634,1,res_cd801f30-7ddb-4e0a-8319-c3bbd19d3bc0,2012-03-06 19:11:34.958486434,0.0
Case1010,W_Nabellen offertes,res_cd801f30-7ddb-4e0a-8319-c3bbd19d3bc0,Role 1,2012-03-14 23:25:42.722161534,603,1,res_cd801f30-7ddb-4e0a-8319-c3bbd19d3bc0,2012-03-14 23:20:29.489399534,0.0
Case1010,W_Nabellen offertes,res_2f56cb7e-3c7c-424a-95d0-d464cdf4e447,Role 1,2012-03-16 17:11:13.301353134,578,1,res_2f56cb7e-3c7c-424a-95d0-d464cdf4e447,2012-03-16 17:09:31.202152134,0.0
Case1011,W_Afhandelen leads,res_c6ff2914-8075-4a61-b381-b682f6eb47de,Role 1,2012-03-06 19:22:55.558379759,635,0,res_c6ff2914-8075-4a61-b381-b682f6eb47de,2012-03-06 19:19:48.857175759,0.0
Case1011,W_Completeren aanvraag,res_31f16881-0e61-460a-88bc-abc46854faba,Role 1,2012-03-06 20:21:32.722828358,633,1,res_31f16881-0e61-460a-88bc-abc46854faba,2012-03-06 20:19:02.463862359,0.02564102564102564
Case1011,W_Completeren aanvraag,res_a7efadcf-4796-49e4-a611-9f847fa3b6b3,Role 1,2012-03-06 23:02:40.067828559,632,1,res_a7efadcf-4796-49e4-a611-9f847fa3b6b3,2012-03-06 23:00:25.694839559,0.0
Case1011,W_Completeren aanvraag,res_5c0494f5-5178-4b1a-9a41-59b27da90a66,Role 1,2012-03-07 07:37:11.101015759,626,1,res_5c0494f5-5178-4b1a-9a41-59b27da90a66,2012-03-07 07:34:44.008517759,0.0
Case1011,W_Completeren aanvraag,res_b5ab845a-5020-427e-b6f1-42df333cb3fb,Role 1,2012-03-07 10:23:50.235111859,625,1,res_b5ab845a-5020-427e-b6f1-42df333cb3fb,2012-03-07 10:21:52.433400859,0.0
Case1011,W_Completeren aanvraag,res_e30a7ff2-fdff-43e2-93a6-f30f7d1f4d80,Role 1,2012-03-07 12:16:10.630153559,624,1,res_e30a7ff2-fdff-43e2-93a6-f30f7d1f4d80,2012-03-07 12:14:16.569592559,0.0
Case1011,W_Completeren aanvraag,res_5c0494f5-5178-4b1a-9a41-59b27da90a66,Role 1,2012-03-07 13:52:06.799593059,625,1,res_5c0494f5-5178-4b1a-9a41-59b27da90a66,2012-03-07 13:50:14.161272059,0.02564102564102564
Case1012,W_Afhandelen leads,res_501654f1-1e08-4e04-8b11-a5fd18a76e7d,Role 1,2012-03-06 19:55:13.432073186,633,0,res_501654f1-1e08-4e04-8b11-a5fd18a76e7d,2012-03-06 19:52:07.182582186,0.0
Case1012,W_Completeren aanvraag,res_5c0494f5-5178-4b1a-9a41-59b27da90a66,Role 1,2012-03-06 20:54:36.994465486,633,1,res_5c0494f5-5178-4b1a-9a41-59b27da90a66,2012-03-06 20:52:06.625827486,0.0
Case1012,W_Completeren aanvraag,res_c3a01281-6e48-4ea3-a47a-9410360458be,Role 1,2012-03-07 01:14:16.775234786,628,1,res_c3a01281-6e48-4ea3-a47a-9410360458be,2012-03-07 01:11:55.060760786,0.0
Case1012,W_Nabellen offertes,res_c6ff2914-8075-4a61-b381-b682f6eb47de,Role 1,2012-03-07 23:12:47.959279986,624,1,res_c6ff2914-8075-4a61-b381-b682f6eb47de,2012-03-07 23:11:03.843772986,0.0
Case1013,W_Afhandelen leads,res_7cc6cf66-7797-453d-b952-98449834316b,Role 1,2012-03-06 20:26:35.579979554,633,0,res_7cc6cf66-7797-453d-b952-98449834316b,2012-03-06 20:23:30.098478554,0.0
Case1013,W_Completeren aanvraag,res_5c0494f5-5178-4b1a-9a41-59b27da90a66,Role 1,2012-03-06 21:26:55.587908754,634,1,res_5c0494f5-5178-4b1a-9a41-59b27da90a66,2012-03-06 21:24:27.138060754,0.02564102564102564
Case1013,W_Nabellen offertes,res_f664dcd9-d4b7-456f-a1f7-9daea9e497fd,Role 1,2012-03-10 14:45:34.171936654,618,1,res_f664dcd9-d4b7-456f-a1f7-9daea9e497fd,2012-03-10 14:42:09.931818654,0.0
Case1014,W_Afhandelen leads,res_425ded41-e317-4198-891a-d9f3e32a6030,Role 1,2012-03-06 20:59:21.015288829,634,0,res_425ded41-e317-4198-891a-d9f3e32a6030,2012-03-06 20:56:16.632362829,0.0
Case1014,W_Completeren aanvraag,res_85f526bd-1f2c-4373-8dcc-9710ee98b7b2,Role 1,2012-03-06 22:01:01.637271629,632,1,res_85f526bd-1f2c-4373-8dcc-9710ee98b7b2,2012-03-06 21:58:33.328600629,0.0
Case1015,W_Completeren aanvraag,res_408aec04-fa16-4916-b3c7-40322d591997,Role 1,2012-03-06 21:57:05.971520568,633,2,res_408aec04-fa16-4916-b3c7-40322d591997,2012-03-06 21:54:49.595300568,0.02564102564102564
Case1016,W_Afhandelen leads,res_9548f08a-bc89-4837-8ec2-cdb10b4e93b0,Role 1,2012-03-06 21:58:12.811871504,634,0,res_9548f08a-bc89-4837-8ec2-cdb10b4e93b0,2012-03-06 21:55:14.781441504,0.05128205128205128
Case1016,W_Completeren aanvraag,res_0eb69d82-9670-4fe3-a195-9d055d280321,Role 1,2012-03-06 23:04:28.673177004,632,2,res_0eb69d82-9670-4fe3-a195-9d055d280321,2012-03-06 23:02:05.515224004,0.02564102564102564
Case1016,W_Nabellen offertes,res_ee4279a0-2b97-4f9d-9945-00c80ada4a95,Role 1,2012-03-11 01:35:47.156045803,611,1,res_ee4279a0-2b97-4f9d-9945-00c80ada4a95,2012-03-11 01:33:55.091358804,0.02564102564102564
Case1016,W_Nabellen offertes,res_0eb69d82-9670-4fe3-a195-9d055d280321,Role 1,2012-03-14 21:11:27.866264404,604,1,res_0eb69d82-9670-4fe3-a195-9d055d280321,2012-03-14 21:06:09.751103404,0.0
Case1017,W_Completeren aanvraag,res_e30a7ff2-fdff-43e2-93a6-f30f7d1f4d80,Role 1,2012-03-06 22:55:43.326961220,632,1,res_e30a7ff2-fdff-43e2-93a6-f30f7d1f4d80,2012-03-06 22:53:25.580575220,0.0
Case1018,W_Completeren aanvraag,res_d5418cc0-ed10-4016-ac16-0bc32f58673f,Role 1,2012-03-06 22:58:30.492561034,632,1,res_d5418cc0-ed10-4016-ac16-0bc32f58673f,2012-03-06 22:56:12.816551034,0.0
Case1018,W_Nabellen offertes,res_ddc79bf3-8255-4b9b-ace2-8a46af780bc5,Role 1,2012-03-06 23:25:27.798057334,631,1,res_ddc79bf3-8255-4b9b-ace2-8a46af780bc5,2012-03-06 23:23:13.831322334,0.0
Case1019,W_Completeren aanvraag,res_2f56cb7e-3c7c-424a-95d0-d464cdf4e447,Role 1,2012-03-06 23:57:47.879040458,630,1,res_2f56cb7e-3c7c-424a-95d0-d464cdf4e447,2012-03-06 23:55:31.114542458,0.0
Case1019,W_Completeren aanvraag,res_408aec04-fa16-4916-b3c7-40322d591997,Role 1,2012-03-07 01:31:39.367901158,628,1,res_408aec04-fa16-4916-b3c7-40322d591997,2012-03-07 01:29:02.028377158,0.0
Case102,W_Afhandelen leads,res_a6c40c08-3f7b-4865-a717-e7f1f1b6f98b,Role 1,2012-02-15 14:21:37.139648953,559,0,res_a6c40c08-3f7b-4865-a717-e7f1f1b6f98b,2012-02-15 14:18:31.279403953,0.0
Case102,W_Completeren aanvraag,res_a7efadcf-4796-49e4-a611-9f847fa3b6b3,Role 1,2012-02-15 15:19:44.012703853,560,1,res_a7efadcf-4796-49e4-a611-9f847fa3b6b3,2012-02-15 15:17:08.977486853,0.0
Case102,W_Completeren aanvraag,res_e30a7ff2-fdff-43e2-93a6-f30f7d1f4d80,Role 1,2012-02-15 17:08:53.090164853,562,2,res_e30a7ff2-fdff-43e2-93a6-f30f7d1f4d80,2012-02-15 17:06:39.003736853,0.02564102564102564
Case102,W_Nabellen offertes,res_f664dcd9-d4b7-456f-a1f7-9daea9e497fd,Role 1,2012-02-16 03:08:09.308202353,563,1,res_f664dcd9-d4b7-456f-a1f7-9daea9e497fd,2012-02-16 03:06:15.112210353,0.0
Case102,W_Nabellen offertes,res_a7efadcf-4796-49e4-a611-9f847fa3b6b3,Role 1,2012-02-21 15:43:45.783797253,633,1,res_a7efadcf-4796-49e4-a611-9f847fa3b6b3,2012-02-21 15:41:28.314408253,0.0
Case102,W_Nabellen offertes,res_31f16881-0e61-460a-88bc-abc46854faba,Role 1,2012-02-23 05:44:38.981074153,633,1,res_31f16881-0e61-460a-88bc-abc46854faba,2012-02-23 05:42:51.926362153,0.0
Case1020,W_Completeren aanvraag,res_5c0494f5-5178-4b1a-9a41-59b27da90a66,Role 1,2012-03-07 12:03:48.036074353,624,1,res_5c0494f5-5178-4b1a-9a41-59b27da90a66,2012-03-07 12:01:15.937329353,0.0
Case1020,W_Nabellen offertes,res_fa3ac963-7739-40ef-84e6-624c11774546,Role 1,2012-03-07 12:41:56.252023253,626,1,res_fa3ac963-7739-40ef-84e6-624c11774546,2012-03-07 12:39:34.651830253,0.0
Case1020,W_Nabellen offertes,res_a6c40c08-3f7b-4865-a717-e7f1f1b6f98b,Role 1,2012-03-15 11:25:49.700833353,593,1,res_a6c40c08-3f7b-4865-a717-e7f1f1b6f98b,2012-03-15 11:24:05.293959353,0.0
Case1020,W_Nabellen offertes,res_31f16881-0e61-460a-88bc-abc46854faba,Role 1,2012-03-17 02:53:00.632845553,573,2,res_31f16881-0e61-460a-88bc-abc46854faba,2012-03-17 02:42:37.669031553,0.02564102564102564
Case1020,W_Nabellen offertes,res_46a776b0-74ef-429c-befa-758731ba64c1,Role 1,2012-03-19 05:46:55.021676553,550,1,res_46a776b0-74ef-429c-befa-758731ba64c1,2012-03-19 05:44:58.144488553,0.0
Case1020,W_Nabellen offertes,res_7cc6cf66-7797-453d-b952-98449834316b,Role 1,2012-03-20 23:19:45.165924553,545,1,res_7cc6cf66-7797-453d-b952-98449834316b,2012-03-20 23:18:10.647558553,0.0
Case1021,W_Afhandelen leads,res_501654f1-1e08-4e04-8b11-a5fd18a76e7d,Role 1,2012-03-07 12:13:26.656531393,625,0,res_501654f1-1e08-4e04-8b11-a5fd18a76e7d,2012-03-07 12:10:26.002647393,0.0
Case1021,W_Completeren aanvraag,res_a6c40c08-3f7b-4865-a717-e7f1f1b6f98b,Role 1,2012-03-07 13:23:32.398594693,629,1,res_a6c40c08-3f7b-4865-a717-e7f1f1b6f98b,2012-03-07 13:20:57.950429693,0.0
Case1021,W_Nabellen offertes,res_0eb69d82-9670-4fe3-a195-9d055d280321,Role 1,2012-03-08 23:15:29.326818193,624,1,res_0eb69d82-9670-4fe3-a195-9d055d280321,2012-03-08 23:13:37.313876193,0.0
Case1022,W_Afhandelen leads,res_ee4279a0-2b97-4f9d-9945-00c80ada4a95,Role 1,2012-03-07 12:18:44.186546460,625,0,res_ee4279a0-2b97-4f9d-9945-00c80ada4a95,2012-03-07 12:15:45.362914460,0.02564102564102564
Case1022,W_Completeren aanvraag,res_c6ff2914-8075-4a61-b381-b682f6eb47de,Role 1,2012-03-07 13:28:06.295958460,628,1,res_c6ff2914-8075-4a61-b381-b682f6eb47de,2012-03-07 13:25:32.128319460,0.0
Case1022,W_Completeren aanvraag,res_fa3ac963-7739-40ef-84e6-624c11774546,Role 1,2012-03-07 16:53:02.857716260,629,1,res_fa3ac963-7739-40ef-84e6-624c11774546,2012-03-07 16:50:44.528768260,0.0
Case1023,W_Afhandelen leads,res_177ed8cb-552b-4612-b348-20f464d6e7e5,Role 1,2012-03-07 12:26:11.968462844,626,0,res_177ed8cb-552b-4612-b348-20f464d6e7e5,2012-03-07 12:23:11.661331844,0.0
Case1023,W_Completeren aanvraag,res_69f394fc-b099-49f7-8f4e-cce94cd03365,Role 1,2012-03-07 13:34:35.912825444,629,1,res_69f394fc-b099-49f7-8f4e-cce94cd03365,2012-03-07 13:32:01.472665444,0.0
Case1023,W_Nabellen offertes,res_f664dcd9-d4b7-456f-a1f7-9daea9e497fd,Role 1,2012-03-08 23:55:52.935803544,624,1,res_f664dcd9-d4b7-456f-a1f7-9daea9e497fd,2012-03-08 23:54:00.748990544,0.0
Case1024,W_Completeren aanvraag,res_63d2fda6-0454-4ad2-8b55-d59c9622a8ed,Role 1,2012-03-07 12:36:13.261615516,627,1,res_63d2fda6-0454-4ad2-8b55-d59c9622a8ed,2012-03-07 12:33:43.329746516,0.0
Case1025,W_Completeren aanvraag,res_69f394fc-b099-49f7-8f4e-cce94cd03365,Role 1,2012-03-07 12:46:26.305038715,627,1,res_69f394fc-b099-49f7-8f4e-cce94cd03365,2012-03-07 12:43:56.864139715,0.0
Case1025,W_Nabellen offertes,res_177ed8cb-552b-4612-b348-20f464d6e7e5,Role 1,2012-03-07 13:21:16.370477615,629,1,res_177ed8cb-552b-4612-b348-20f464d6e7e5,2012-03-07 13:18:56.522526615,0.02564102564102564
Case1026,W_Afhandelen leads,res_ee4279a0-2b97-4f9d-9945-00c80ada4a95,Role 1,2012-03-07 12:57:00.426773539,628,0,res_ee4279a0-2b97-4f9d-9945-00c80ada4a95,2012-03-07 12:54:00.324076539,0.0
Case1026,W_Completeren aanvraag,res_42f40199-b27a-43f0-a89c-188ab6bfaf36,Role 1,2012-03-07 14:01:57.341462239,630,1,res_42f40199-b27a-43f0-a89c-188ab6bfaf36,2012-03-07 13:59:22.884698239,0.0
Case1027,W_Completeren aanvraag,res_7a10508e-56ae-4766-abd2-e94c8442b539,Role 1,2012-03-07 13:03:59.345971473,629,1,res_7a10508e-56ae-4766-abd2-e94c8442b539,2012-03-07 13:01:30.652276473,0.0
Case1027,W_Completeren aanvraag,res_3e93a9a9-cdc4-46ed-8b29-3e63e6d2a9a2,Role 1,2012-03-07 14:07:28.147527873,629,1,res_3e93a9a9-cdc4-46ed-8b29-3e63e6d2a9a2,2012-03-07 14:04:56.978635873,0.02564102564102564
Case1027,W_Nabellen offertes,res_75b73935-48c2-4abe-9548-628b120b0d25,Role 1,2012-03-08 22:36:42.716888673,628,1,res_75b73935-48c2-4abe-9548-628b120b0d25,2012-03-08 22:34:52.530246673,0.0
Case1028,W_Completeren aanvraag,res_3e93a9a9-cdc4-46ed-8b29-3e63e6d2a9a2,Role 1,2012-03-07 13:04:13.936735222,630,2,res_3e93a9a9-cdc4-46ed-8b29-3e63e6d2a9a2,2012-03-07 13:01:50.801189222,0.02564102564102564
Case1029,W_Completeren aanvraag,res_a7efadcf-4796-49e4-a611-9f847fa3b6b3,Role 1,2012-03-07 13:23:49.245399109,629,2,res_a7efadcf-4796-49e4-a611-9f847fa3b6b3,2012-03-07 13:21:26.490248109,0.02564102564102564
Case1029,W_Completeren aanvraag,res_177ed8cb-552b-4612-b348-20f464d6e7e5,Role 1,2012-03-07 14:26:23.348145809,631,1,res_177ed8cb-552b-4612-b348-20f464d6e7e5,2012-03-07 14:23:53.746185809,0.0
Case1029,W_Completeren aanvraag,res_ee4279a0-2b97-4f9d-9945-00c80ada4a95,Role 1,2012-03-07 16:58:35.351823709,627,1,res_ee4279a0-2b97-4f9d-9945-00c80ada4a95,2012-03-07 16:56:25.687259709,0.02564102564102564
Case103,W_Afhandelen leads,res_7cc6cf66-7797-453d-b952-98449834316b,Role 1,2012-02-15 14:22:40.846157211,560,1,res_7cc6cf66-7797-453d-b952-98449834316b,2012-02-15 14:19:42.808044211,0.02564102564102564
Case103,W_Completeren aanvraag,res_408aec04-fa16-4916-b3c7-40322d591997,Role 1,2012-02-15 15:20:51.279382811,560,2,res_408aec04-fa16-4916-b3c7-40322d591997,2012-02-15 15:18:20.872413811,0.02564102564102564
Case1030,W_Completeren aanvraag,res_42f40199-b27a-43f0-a89c-188ab6bfaf36,Role 1,2012-03-07 13:38:42.914773328,630,1,res_42f40199-b27a-43f0-a89c-188ab6bfaf36,2012-03-07 13:36:15.057300328,0.0
Case1030,W_Nabellen offertes,res_408aec04-fa16-4916-b3c7-40322d591997,Role 1,2012-03-07 14:10:04.487542128,631,1,res_408aec04-fa16-4916-b3c7-40322d591997,2012-03-07 14:07:45.202285128,0.0
Case1030,W_Nabellen offertes,res_dcb46f81-367a-42ae-96c2-833faef25480,Role 1,2012-03-16 03:03:43.972363428,584,1,res_dcb46f81-367a-42ae-96c2-833faef25480,2012-03-16 02:57:59.216747428,0.0
Case1031,W_Afhandelen leads,res_2f56cb7e-3c7c-424a-95d0-d464cdf4e447,Role 1,2012-03-07 14:03:44.076627709,630,0,res_2f56cb7e-3c7c-424a-95d0-d464cdf4e447,2012-03-07 14:00:43.913039709,0.02564102564102564
Case1031,W_Completeren aanvraag,res_31f16881-0e61-460a-88bc-abc46854faba,Role 1,2012-03-07 15:03:31.164759609,627,1,res_31f16881-0e61-460a-88bc-abc46854faba,2012-03-07 15:00:57.675377609,0.02564102564102564
Case1031,W_Completeren aanvraag,res_dcb46f81-367a-42ae-96c2-833faef25480,Role 1,2012-03-07 17:27:22.580617309,628,1,res_dcb46f81-367a-42ae-96c2-833faef25480,2012-03-07 17:25:07.005615309,0.02564102564102564
Case1032,W_Completeren aanvraag,res_177ed8cb-552b-4612-b348-20f464d6e7e5,Role 1,2012-03-07 14:04:52.483035091,631,1,res_177ed8cb-552b-4612-b348-20f464d6e7e5,2012-03-07 14:02:25.665049091,0.02564102564102564
Case1032,W_Nabellen offertes,res_63d2fda6-0454-4ad2-8b55-d59c9622a8ed,Role 1,2012-03-07 14:34:42.223882691,630,1,res_63d2fda6-0454-4ad2-8b55-d59c9622a8ed,2012-03-07 14:32:23.804350691,0.0
Case1033,W_Completeren aanvraag,res_0eb69d82-9670-4fe3-a195-9d055d280321,Role 1,2012-03-07 14:22:22.144485486,632,2,res_0eb69d82-9670-4fe3-a195-9d055d280321,2012-03-07 14:20:00.460631486,0.05128205128205128
Case1033,W_Completeren aanvraag,res_7848a1c1-2878-42e4-b2ac-02ba3ecca52c,Role 1,2012-03-07 15:21:18.097192886,629,1,res_7848a1c1-2878-42e4-b2ac-02ba3ecca52c,2012-03-07 15:18:49.094319886,0.0
Case1033,W_Completeren aanvraag,res_3e93a9a9-cdc4-46ed-8b29-3e63e6d2a9a2,Role 1,2012-03-07 17:37:10.049806486,626,1,res_3e93a9a9-cdc4-46ed-8b29-3e63e6d2a9a2,2012-03-07 17:34:59.834549486,0.0
Case1034,W_Afhandelen leads,res_5c0494f5-5178-4b1a-9a41-59b27da90a66,Role 1,2012-03-07 14:44:12.076030655,629,0,res_5c0494f5-5178-4b1a-9a41-59b27da90a66,2012-03-07 14:41:09.842134655,0.02564102564102564
Case1034,W_Completeren aanvraag,res_a6c40c08-3f7b-4865-a717-e7f1f1b6f98b,Role 1,2012-03-07 15:42:37.522265855,629,1,res_a6c40c08-3f7b-4865-a717-e7f1f1b6f98b,2012-03-07 15:40:02.764846855,0.0
Case1035,W_Afhandelen leads,res_7cc6cf66-7797-453d-b952-98449834316b,Role 1,2012-03-07 15:05:14.411975450,628,0,res_7cc6cf66-7797-453d-b952-98449834316b,2012-03-07 15:02:09.149181450,0.0
Case1035,W_Completeren aanvraag,res_7a10508e-56ae-4766-abd2-e94c8442b539,Role 1,2012-03-07 16:02:59.016745450,629,1,res_7a10508e-56ae-4766-abd2-e94c8442b539,2012-03-07 16:00:23.843672450,0.0
Case1035,W_Completeren aanvraag,res_ddc79bf3-8255-4b9b-ace2-8a46af780bc5,Role 1,2012-03-07 17:58:07.029919950,627,1,res_ddc79bf3-8255-4b9b-ace2-8a46af780bc5,2012-03-07 17:55:50.111157950,0.0
Case1036,W_Afhandelen leads,res_f612d14e-303a-4d03-a37a-3b98918a5014,Role 1,2012-03-07 15:05:59.090295597,629,1,res_f612d14e-303a-4d03-a37a-3b98918a5014,2012-03-07 15:03:01.536354597,0.02564102564102564
Case1036,W_Completeren aanvraag,res_24e554c7-8afb-451c-a96e-dea7923be74d,Role 1,2012-03-07 16:03:42.899163197,629,2,res_24e554c7-8afb-451c-a96e-dea7923be74d,2012-03-07 16:01:12.303282197,0.02564102564102564
Case1037,W_Completeren aanvraag,res_7848a1c1-2878-42e4-b2ac-02ba3ecca52c,Role 1,2012-03-07 15:28:37.258871346,629,1,res_7848a1c1-2878-42e4-b2ac-02ba3ecca52c,2012-03-07 15:26:08.788997346,0.0
Case1037,W_Completeren aanvraag,res_f3a5d8a5-7894-4471-8b15-4aeaf83a4249,Role 1,2012-03-07 16:25:53.305293246,629,1,res_f3a5d8a5-7894-4471-8b15-4aeaf83a4249,2012-03-07 16:23:22.134079246,0.0
Case1037,W_Nabellen offertes,res_85f526bd-1f2c-4373-8dcc-9710ee98b7b2,Role 1,2012-03-09 03:15:31.883384446,621,1,res_85f526bd-1f2c-4373-8dcc-9710ee98b7b2,2012-03-09 03:13:33.625568446,0.0
Case1037,W_Nabellen offertes,res_501654f1-1e08-4e04-8b11-a5fd18a76e7d,Role 1,2012-03-14 23:46:51.222870646,602,2,res_501654f1-1e08-4e04-8b11-a5fd18a76e7d,2012-03-14 23:41:22.035053646,0.02564102564102564
Case1037,W_Nabellen offertes,res_7cc6cf66-7797-453d-b952-98449834316b,Role 1,2012-03-16 11:28:40.206093746,580,1,res_7cc6cf66-7797-453d-b952-98449834316b,2012-03-16 11:26:56.048574746,0.0
Case1037,W_Nabellen offertes,res_46a776b0-74ef-429c-befa-758731ba64c1,Role 1,2012-03-18 01:42:26.512140046,558,1,res_46a776b0-74ef-429c-befa-758731ba64c1,2012-03-18 01:40:12.903142046,0.0
Case1038,W_Completeren aanvraag,res_fa3ac963-7739-40ef-84e6-624c11774546,Role 1,2012-03-07 15:48:40.511609445,629,1,res_fa3ac963-7739-40ef-84e6-624c11774546,2012-03-07 15:46:11.679088445,0.0
Case1038,W_Nabellen offertes,res_7a10508e-56ae-4766-abd2-e94c8442b539,Role 1,2012-03-07 16:13:10.855061045,630,1,res_7a10508e-56ae-4766-abd2-e94c8442b539,2012-03-07 16:10:52.539665045,0.0
Case1039,W_Afhandelen leads,res_501654f1-1e08-4e04-8b11-a5fd18a76e7d,Role 1,2012-03-07 16:05:00.753463810,629,0,res_501654f1-1e08-4e04-8b11-a5fd18a76e7d,2012-03-07 16:01:52.633313810,0.0
Case1039,W_Completeren aanvraag,res_9e7fccd4-b30d-488c-ad55-351ad1a60226,Role 1,2012-03-07 17:02:14.722294810,626,1,res_9e7fccd4-b30d-488c-ad55-351ad1a60226,2012-03-07 16:59:39.023106810,0.0
Case1039,W_Nabellen offertes,res_8435ed72-5b45-4de1-a40d-2e20f14bd3c6,Role 1,2012-03-09 00:11:24.738099310,624,1,res_8435ed72-5b45-4de1-a40d-2e20f14bd3c6,2012-03-09 00:09:32.176697310,0.02564102564102564
Case104,W_Completeren aanvraag,res_46a776b0-74ef-429c-befa-758731ba64c1,Role 1,2012-02-15 14:40:12.298274905,560,1,res_46a776b0-74ef-429c-befa-758731ba64c1,2012-02-15 14:37:41.782321905,0.0
Case104,W_Nabellen offertes,res_3e93a9a9-cdc4-46ed-8b29-3e63e6d2a9a2,Role 1,2012-02-15 15:07:18.083240705,562,1,res_3e93a9a9-cdc4-46ed-8b29-3e63e6d2a9a2,2012-02-15 15:04:58.622144705,0.02564102564102564
Case1040,W_Afhandelen leads,res_7848a1c1-2878-42e4-b2ac-02ba3ecca52c,Role 1,2012-03-07 16:06:56.410989852,630,1,res_7848a1c1-2878-42e4-b2ac-02ba3ecca52c,2012-03-07 16:03:57.556572852,0.05128205128205128
Case1040,W_Completeren aanvraag,res_31f16881-0e61-460a-88bc-abc46854faba,Role 1,2012-03-07 17:03:59.279178852,626,2,res_31f16881-0e61-460a-88bc-abc46854faba,2012-03-07 17:01:28.439496852,0.02564102564102564
Case1040,W_Completeren aanvraag,res_ddc79bf3-8255-4b9b-ace2-8a46af780bc5,Role 1,2012-03-07 19:04:04.167473652,624,2,res_ddc79bf3-8255-4b9b-ace2-8a46af780bc5,2012-03-07 19:01:53.650854652,0.02564102564102564
Case1040,W_Completeren aanvraag,res_c09d353e-d1d3-4710-a13d-39ecb25ed3a8,Role 1,2012-03-07 20:20:21.435756452,623,1,res_c09d353e-d1d3-4710-a13d-39ecb25ed3a8,2012-03-07 20:18:32.807526452,0.0
Case1040,W_Completeren aanvraag,res_b5ab845a-5020-427e-b6f1-42df333cb3fb,Role 1,2012-03-07 21:53:26.085915852,624,1,res_b5ab845a-5020-427e-b6f1-42df333cb3fb,2012-03-07 21:51:43.564291852,0.0
Case1040,W_Completeren aanvraag,res_177ed8cb-552b-4612-b348-20f464d6e7e5,Role 1,2012-03-08 03:21:45.565230652,619,1,res_177ed8cb-552b-4612-b348-20f464d6e7e5,2012-03-08 03:19:50.480248652,0.0
Case1041,W_Afhandelen leads,res_24e554c7-8afb-451c-a96e-dea7923be74d,Role 1,2012-03-07 17:05:02.549521369,627,0,res_24e554c7-8afb-451c-a96e-dea7923be74d,2012-03-07 17:01:52.236576369,0.0
Case1041,W_Completeren aanvraag,res_69f394fc-b099-49f7-8f4e-cce94cd03365,Role 1,2012-03-07 18:03:04.160246869,626,1,res_69f394fc-b099-49f7-8f4e-cce94cd03365,2012-03-07 18:00:28.956489869,0.02564102564102564
Case1041,W_Completeren aanvraag,res_ee4279a0-2b97-4f9d-9945-00c80ada4a95,Role 1,2012-03-07 20:08:44.059431769,624,1,res_ee4279a0-2b97-4f9d-9945-00c80ada4a95,2012-03-07 20:06:26.961607769,0.0
Case1042,W_Afhandelen leads,res_0eb69d82-9670-4fe3-a195-9d055d280321,Role 1,2012-03-07 17:07:18.556647885,628,1,res_0eb69d82-9670-4fe3-a195-9d055d280321,2012-03-07 17:04:15.293856885,0.02564102564102564
Case1042,W_Completeren aanvraag,res_d5418cc0-ed10-4016-ac16-0bc32f58673f,Role 1,2012-03-07 18:05:20.496455485,625,2,res_d5418cc0-ed10-4016-ac16-0bc32f58673f,2012-03-07 18:02:49.043880485,0.02564102564102564
Case1042,W_Nabellen offertes,res_425ded41-e317-4198-891a-d9f3e32a6030,Role 1,2012-03-09 21:23:05.647192485,624,1,res_425ded41-e317-4198-891a-d9f3e32a6030,2012-03-09 21:21:15.457210485,0.0
Case1043,W_Afhandelen leads,res_a6c40c08-3f7b-4865-a717-e7f1f1b6f98b,Role 1,2012-03-07 17:25:27.128552854,626,0,res_a6c40c08-3f7b-4865-a717-e7f1f1b6f98b,2012-03-07 17:22:16.283025854,0.0
Case1043,W_Completeren aanvraag,res_fa3ac963-7739-40ef-84e6-624c11774546,Role 1,2012-03-07 18:23:56.920473954,626,1,res_fa3ac963-7739-40ef-84e6-624c11774546,2012-03-07 18:21:20.625084954,0.0
Case1044,W_Afhandelen leads,res_63d2fda6-0454-4ad2-8b55-d59c9622a8ed,Role 1,2012-03-07 17:40:27.039041084,627,0,res_63d2fda6-0454-4ad2-8b55-d59c9622a8ed,2012-03-07 17:37:15.931980084,0.0
Case1044,W_Completeren aanvraag,res_46a776b0-74ef-429c-befa-758731ba64c1,Role 1,2012-03-07 18:39:32.283478684,623,1,res_46a776b0-74ef-429c-befa-758731ba64c1,2012-03-07 18:36:55.957184684,0.0
Case1044,W_Completeren aanvraag,res_42f40199-b27a-43f0-a89c-188ab6bfaf36,Role 1,2012-03-07 21:20:31.405474784,623,1,res_42f40199-b27a-43f0-a89c-188ab6bfaf36,2012-03-07 21:18:13.905842784,0.0
Case1045,W_Afhandelen leads,res_5c0494f5-5178-4b1a-9a41-59b27da90a66,Role 1,2012-03-07 17:53:13.939912173,626,0,res_5c0494f5-5178-4b1a-9a41-59b27da90a66,2012-03-07 17:50:02.598110173,0.0
Case1045,W_Completeren aanvraag,res_c6ff2914-8075-4a61-b381-b682f6eb47de,Role 1,2012-03-07 18:52:50.010727273,624,1,res_c6ff2914-8075-4a61-b381-b682f6eb47de,2012-03-07 18:50:13.642342273,0.0
Case1046,W_Afhandelen leads,res_a7efadcf-4796-49e4-a611-9f847fa3b6b3,Role 1,2012-03-07 18:06:52.153682771,626,0,res_a7efadcf-4796-49e4-a611-9f847fa3b6b3,2012-03-07 18:03:40.643967771,0.0
Case1046,W_Completeren aanvraag,res_b5ab845a-5020-427e-b6f1-42df333cb3fb,Role 1,2012-03-07 19:07:17.016044571,624,1,res_b5ab845a-5020-427e-b6f1-42df333cb3fb,2012-03-07 19:04:40.636478571,0.0
Case1047,W_Completeren aanvraag,res_0eb69d82-9670-4fe3-a195-9d055d280321,Role 1,2012-03-07 18:07:21.603608028,627,1,res_0eb69d82-9670-4fe3-a195-9d055d280321,2012-03-07 18:04:52.172608028,0.02564102564102564
Case1047,W_Nabellen offertes,res_75b73935-48c2-4abe-9548-628b120b0d25,Role 1,2012-03-07 18:25:58.951247828,625,1,res_75b73935-48c2-4abe-9548-628b120b0d25,2012-03-07 18:23:40.848201828,0.0
Case1048,W_Completeren aanvraag,res_0eb69d82-9670-4fe3-a195-9d055d280321,Role 1,2012-03-07 18:25:20.545251722,626,1,res_0eb69d82-9670-4fe3-a195-9d055d280321,2012-03-07 18:22:51.146885722,0.02564102564102564
Case1049,W_Afhandelen leads,res_75b73935-48c2-4abe-9548-628b120b0d25,Role 1,2012-03-07 18:38:09.293870314,624,0,res_75b73935-48c2-4abe-9548-628b120b0d25,2012-03-07 18:34:57.515190314,0.0
Case1049,W_Completeren aanvraag,res_7a10508e-56ae-4766-abd2-e94c8442b539,Role 1,2012-03-07 19:39:33.574856814,624,1,res_7a10508e-56ae-4766-abd2-e94c8442b539,2012-03-07 19:36:57.220728814,0.0
Case1049,W_Nabellen offertes,res_3e93a9a9-cdc4-46ed-8b29-3e63e6d2a9a2,Role 1,2012-03-12 08:24:14.197056814,601,1,res_3e93a9a9-cdc4-46ed-8b29-3e63e6d2a9a2,2012-03-12 08:22:17.353981814,0.0
Case105,W_Completeren aanvraag,res_dcb46f81-367a-42ae-96c2-833faef25480,Role 1,2012-02-15 14:52:18.795019496,561,1,res_dcb46f81-367a-42ae-96c2-833faef25480,2012-02-15 14:49:48.150626496,0.0
Case105,W_Nabellen offertes,res_a7efadcf-4796-49e4-a611-9f847fa3b6b3,Role 1,2012-02-15 15:18:49.305019496,560,1,res_a7efadcf-4796-49e4-a611-9f847fa3b6b3,2012-02-15 15:16:30.650281496,0.05128205128205128
Case105,W_Nabellen offertes,res_c09d353e-d1d3-4710-a13d-39ecb25ed3a8,Role 1,2012-02-24 09:44:39.531465696,635,1,res_c09d353e-d1d3-4710-a13d-39ecb25ed3a8,2012-02-24 09:42:43.918429696,0.0
Case105,W_Nabellen offertes,res_6f56bab9-a4f7-420f-96ab-b17cd82647c1,Role 1,2012-02-26 11:11:55.807634896,649,1,res_6f56bab9-a4f7-420f-96ab-b17cd82647c1,2012-02-26 11:10:18.128017896,0.0
Case1050,W_Completeren aanvraag,res_75b73935-48c2-4abe-9548-628b120b0d25,Role 1,2012-03-07 18:49:41.068865741,625,3,res_75b73935-48c2-4abe-9548-628b120b0d25,2012-03-07 18:47:21.010070741,0.05128205128205128
Case1050,W_Nabellen offertes,res_24e554c7-8afb-451c-a96e-dea7923be74d,Role 1,2012-03-07 19:07:24.698324141,623,1,res_24e554c7-8afb-451c-a96e-dea7923be74d,2012-03-07 19:05:14.225094141,0.0
Case1050,W_Nabellen offertes,res_a6c40c08-3f7b-4865-a717-e7f1f1b6f98b,Role 1,2012-03-16 04:42:03.485796041,583,1,res_a6c40c08-3f7b-4865-a717-e7f1f1b6f98b,2012-03-16 04:38:09.032278041,0.0
Case1051,W_Afhandelen leads,res_7cc6cf66-7797-453d-b952-98449834316b,Role 1,2012-03-07 19:07:26.876847277,624,0,res_7cc6cf66-7797-453d-b952-98449834316b,2012-03-07 19:04:16.515273277,0.02564102564102564
Case1051,W_Completeren aanvraag,res_7cc6cf66-7797-453d-b952-98449834316b,Role 1,2012-03-07 20:09:52.548414677,623,1,res_7cc6cf66-7797-453d-b952-98449834316b,2012-03-07 20:07:16.526178677,0.0
Case1051,W_Nabellen offertes,res_f612d14e-303a-4d03-a37a-3b98918a5014,Role 1,2012-03-12 20:29:26.528419277,595,1,res_f612d14e-303a-4d03-a37a-3b98918a5014,2012-03-12 20:26:00.348389277,0.0
Case1051,W_Nabellen offertes,res_e30a7ff2-fdff-43e2-93a6-f30f7d1f4d80,Role 1,2012-03-16 01:23:07.494370477,584,1,res_e30a7ff2-fdff-43e2-93a6-f30f7d1f4d80,2012-03-16 01:19:39.955676477,0.0
Case1051,W_Nabellen offertes,res_f612d14e-303a-4d03-a37a-3b98918a5014,Role 1,2012-03-17 18:19:05.251205377,563,1,res_f612d14e-303a-4d03-a37a-3b98918a5014,2012-03-17 18:17:26.498514377,0.0
Case1052,W_Completeren aanvraag,res_31f16881-0e61-460a-88bc-abc46854faba,Role 1,2012-03-07 19:06:57.456692564,625,1,res_31f16881-0e61-460a-88bc-abc46854faba,2012-03-07 19:04:29.612066564,0.05128205128205128
Case1052,W_Nabellen offertes,res_75b73935-48c2-4abe-9548-628b120b0d25,Role 1,2012-03-07 19:24:44.236597464,625,1,res_75b73935-48c2-4abe-9548-628b120b0d25,2012-03-07 19:22:26.792230464,0.0
Case1053,W_Completeren aanvraag,res_5c0494f5-5178-4b1a-9a41-59b27da90a66,Role 1,2012-03-07 19:30:11.622650500,625,1,res_5c0494f5-5178-4b1a-9a41-59b27da90a66,2012-03-07 19:27:41.901937500,0.0
Case1054,W_Completeren aanvraag,res_ddc79bf3-8255-4b9b-ace2-8a46af780bc5,Role 1,2012-03-07 19:45:52.227637865,625,1,res_ddc79bf3-8255-4b9b-ace2-8a46af780bc5,2012-03-07 19:43:22.856162865,0.0
Case1055,W_Afhandelen leads,res_dcb46f81-367a-42ae-96c2-833faef25480,Role 1,2012-03-07 20:07:46.417727946,624,0,res_dcb46f81-367a-42ae-96c2-833faef25480,2012-03-07 20:04:35.260002946,0.0
Case1055,W_Completeren aanvraag,res_2f56cb7e-3c7c-424a-95d0-d464cdf4e447,Role 1,2012-03-07 21:12:39.158439346,622,1,res_2f56cb7e-3c7c-424a-95d0-d464cdf4e447,2012-03-07 21:10:03.417328346,0.0
Case1055,W_Nabellen offertes,res_501654f1-1e08-4e04-8b11-a5fd18a76e7d,Role 1,2012-03-12 18:29:52.781286546,595,1,res_501654f1-1e08-4e04-8b11-a5fd18a76e7d,2012-03-12 18:25:51.649669546,0.0
Case1055,W_Nabellen offertes,res_ee4279a0-2b97-4f9d-9945-00c80ada4a95,Role 1,2012-03-15 21:07:53.217207046,589,1,res_ee4279a0-2b97-4f9d-9945-00c80ada4a95,2012-03-15 21:05:38.628576046,0.0
Case1056,W_Afhandelen leads,res_f664dcd9-d4b7-456f-a1f7-9daea9e497fd,Role 1,2012-03-07 20:09:03.086943854,625,1,res_f664dcd9-d4b7-456f-a1f7-9daea9e497fd,2012-03-07 20:05:58.877990854,0.02564102564102564
Case1056,W_Completeren aanvraag,res_6f56bab9-a4f7-420f-96ab-b17cd82647c1,Role 1,2012-03-07 21:13:42.440993654,623,2,res_6f56bab9-a4f7-420f-96ab-b17cd82647c1,2012-03-07 21:11:12.853179654,0.05128205128205128
Case1056,W_Nabellen offertes,res_b5ab845a-5020-427e-b6f1-42df333cb3fb,Role 1,2012-03-13 02:18:16.144967154,604,1,res_b5ab845a-5020-427e-b6f1-42df333cb3fb,2012-03-13 02:16:15.079000154,0.02564102564102564
Case1057,W_Afhandelen leads,res_8435ed72-5b45-4de1-a40d-2e20f14bd3c6,Role 1,2012-03-07 21:07:59.572603705,623,0,res_8435ed72-5b45-4de1-a40d-2e20f14bd3c6,2012-03-07 21:04:50.982395705,0.02564102564102564
Case1057,W_Completeren aanvraag,res_9e7fccd4-b30d-488c-ad55-351ad1a60226,Role 1,2012-03-07 22:15:31.142189305,625,2,res_9e7fccd4-b30d-488c-ad55-351ad1a60226,2012-03-07 22:13:00.329800305,0.05128205128205128
Case1057,W_Completeren aanvraag,res_69f394fc-b099-49f7-8f4e-cce94cd03365,Role 1,2012-03-08 14:27:29.362621305,617,1,res_69f394fc-b099-49f7-8f4e-cce94cd03365,2012-03-08 14:25:20.325274305,0.0
Case1058,W_Completeren aanvraag,res_69f394fc-b099-49f7-8f4e-cce94cd03365,Role 1,2012-03-07 21:08:33.230684249,624,3,res_69f394fc-b099-49f7-8f4e-cce94cd03365,2012-03-07 21:06:15.607829249,0.07692307692307693
Case1058,W_Nabellen offertes,res_f3a5d8a5-7894-4471-8b15-4aeaf83a4249,Role 1,2012-03-07 21:25:59.497939049,624,2,res_f3a5d8a5-7894-4471-8b15-4aeaf83a4249,2012-03-07 21:23:55.222071049,0.05128205128205128
Case1059,W_Afhandelen leads,res_a6c40c08-3f7b-4865-a717-e7f1f1b6f98b,Role 1,2012-03-07 21:45:09.462035351,623,0,res_a6c40c08-3f7b-4865-a717-e7f1f1b6f98b,2012-03-07 21:42:00.459591351,0.0
Case1059,W_Completeren aanvraag,res_e30a7ff2-fdff-43e2-93a6-f30f7d1f4d80,Role 1,2012-03-07 22:55:07.620873051,624,2,res_e30a7ff2-fdff-43e2-93a6-f30f7d1f4d80,2012-03-07 22:52:35.966582051,0.02564102564102564
Case1059,W_Completeren aanvraag,res_2f56cb7e-3c7c-424a-95d0-d464cdf4e447,Role 1,2012-03-08 18:00:50.690826651,625,1,res_2f56cb7e-3c7c-424a-95d0-d464cdf4e447,2012-03-08 17:58:40.424127651,0.0
Case1059,W_Nabellen offertes,res_c6ff2914-8075-4a61-b381-b682f6eb47de,Role 1,2012-03-09 08:06:43.766462951,617,1,res_c6ff2914-8075-4a61-b381-b682f6eb47de,2012-03-09 08:03:18.808614951,0.0
Case1059,W_Nabellen offertes,res_fa3ac963-7739-40ef-84e6-624c11774546,Role 1,2012-03-12 15:34:37.672992451,599,1,res_fa3ac963-7739-40ef-84e6-624c11774546,2012-03-12 15:31:18.673170451,0.0
Case106,W_Completeren aanvraag,res_3e93a9a9-cdc4-46ed-8b29-3e63e6d2a9a2,Role 1,2012-02-15 15:04:42.455940924,562,1,res_3e93a9a9-cdc4-46ed-8b29-3e63e6d2a9a2,2012-02-15 15:02:11.645506924,0.0
Case1060,W_Completeren aanvraag,res_fa3ac963-7739-40ef-84e6-624c11774546,Role 1,2012-03-07 22:07:24.351005000,624,1,res_fa3ac963-7739-40ef-84e6-624c11774546,2012-03-07 22:04:59.652669000,0.0
Case1061,W_Afhandelen leads,res_31f16881-0e61-460a-88bc-abc46854faba,Role 1,2012-03-07 22:09:23.885842083,625,0,res_31f16881-0e61-460a-88bc-abc46854faba,2012-03-07 22:06:17.225983083,0.02564102564102564
Case1061,W_Completeren aanvraag,res_f664dcd9-d4b7-456f-a1f7-9daea9e497fd,Role 1,2012-03-07 23:21:26.508922182,624,1,res_f664dcd9-d4b7-456f-a1f7-9daea9e497fd,2012-03-07 23:18:51.744373182,0.0
Case1062,W_Completeren aanvraag,res_5c0494f5-5178-4b1a-9a41-59b27da90a66,Role 1,2012-03-07 22:46:47.330909062,624,1,res_5c0494f5-5178-4b1a-9a41-59b27da90a66,2012-03-07 22:44:24.127580062,0.0
Case1062,W_Completeren aanvraag,res_f3a5d8a5-7894-4471-8b15-4aeaf83a4249,Role 1,2012-03-08 00:03:24.286603662,622,1,res_f3a5d8a5-7894-4471-8b15-4aeaf83a4249,2012-03-08 00:00:50.302646662,0.0
Case1062,W_Nabellen offertes,res_fa3ac963-7739-40ef-84e6-624c11774546,Role 1,2012-03-13 01:38:48.043673562,605,1,res_fa3ac963-7739-40ef-84e6-624c11774546,2012-03-13 01:36:46.455419562,0.02564102564102564
Case1062,W_Nabellen offertes,res_177ed8cb-552b-4612-b348-20f464d6e7e5,Role 1,2012-03-15 21:04:44.307238562,588,1,res_177ed8cb-552b-4612-b348-20f464d6e7e5,2012-03-15 20:58:09.600902562,0.0
Case1062,W_Nabellen offertes,res_f3a5d8a5-7894-4471-8b15-4aeaf83a4249,Role 1,2012-03-17 15:13:49.647956462,565,1,res_f3a5d8a5-7894-4471-8b15-4aeaf83a4249,2012-03-17 15:12:08.332737462,0.0
Case1063,W_Afhandelen leads,res_0eb69d82-9670-4fe3-a195-9d055d280321,Role 1,2012-03-07 23:08:43.520239782,624,0,res_0eb69d82-9670-4fe3-a195-9d055d280321,2012-03-07 23:05:37.538865782,0.0
Case1063,W_Completeren aanvraag,res_cd801f30-7ddb-4e0a-8319-c3bbd19d3bc0,Role 1,2012-03-08 00:29:09.028287482,623,1,res_cd801f30-7ddb-4e0a-8319-c3bbd19d3bc0,2012-03-08 00:26:31.098371482,0.0
Case1064,W_Completeren aanvraag,res_46a776b0-74ef-429c-befa-758731ba64c1,Role 1,2012-03-07 23:09:08.570690765,625,1,res_46a776b0-74ef-429c-befa-758731ba64c1,2012-03-07 23:06:47.052614765,0.02564102564102564
Case1065,W_Completeren aanvraag,res_425ded41-e317-4198-891a-d9f3e32a6030,Role 1,2012-03-08 00:08:26.874187902,623,1,res_425ded41-e317-4198-891a-d9f3e32a6030,2012-03-08 00:05:52.253812902,0.0
Case1065,W_Nabellen offertes,res_ee4279a0-2b97-4f9d-9945-00c80ada4a95,Role 1,2012-03-08 00:45:12.743818402,622,1,res_ee4279a0-2b97-4f9d-9945-00c80ada4a95,2012-03-08 00:42:42.246721402,0.0
Case1066,W_Completeren aanvraag,res_85f526bd-1f2c-4373-8dcc-9710ee98b7b2,Role 1,2012-03-08 12:15:34.268862967,613,1,res_85f526bd-1f2c-4373-8dcc-9710ee98b7b2,2012-03-08 12:12:51.627576967,0.0
Case1066,W_Completeren aanvraag,res_85f526bd-1f2c-4373-8dcc-9710ee98b7b2,Role 1,2012-03-08 13:28:56.682468267,620,1,res_85f526bd-1f2c-4373-8dcc-9710ee98b7b2,2012-03-08 13:26:29.232788267,0.0
Case1067,W_Afhandelen leads,res_42f40199-b27a-43f0-a89c-188ab6bfaf36,Role 1,2012-03-08 12:23:01.858611053,614,0,res_42f40199-b27a-43f0-a89c-188ab6bfaf36,2012-03-08 12:19:53.747299053,0.0
Case1067,W_Completeren aanvraag,res_2f56cb7e-3c7c-424a-95d0-d464cdf4e447,Role 1,2012-03-08 13:36:39.954709153,620,1,res_2f56cb7e-3c7c-424a-95d0-d464cdf4e447,2012-03-08 13:34:11.537069153,0.05128205128205128
Case1067,W_Completeren aanvraag,res_a7efadcf-4796-49e4-a611-9f847fa3b6b3,Role 1,2012-03-08 17:46:12.487518253,629,1,res_a7efadcf-4796-49e4-a611-9f847fa3b6b3,2012-03-08 17:44:19.446907253,0.05128205128205128
Case1067,W_Nabellen offertes,res_501654f1-1e08-4e04-8b11-a5fd18a76e7d,Role 1,2012-03-10 01:39:21.420334453,622,1,res_501654f1-1e08-4e04-8b11-a5fd18a76e7d,2012-03-10 01:37:40.734435453,0.02564102564102564
Case1067,W_Nabellen offertes,res_63d2fda6-0454-4ad2-8b55-d59c9622a8ed,Role 1,2012-03-13 12:20:07.418443553,630,1,res_63d2fda6-0454-4ad2-8b55-d59c9622a8ed,2012-03-13 12:18:12.070455553,0.02564102564102564
Case1068,W_Afhandelen leads,res_f664dcd9-d4b7-456f-a1f7-9daea9e497fd,Role 1,2012-03-08 12:32:26.353229654,615,0,res_f664dcd9-d4b7-456f-a1f7-9daea9e497fd,2012-03-08 12:29:18.924301654,0.0
Case1068,W_Completeren aanvraag,res_3e93a9a9-cdc4-46ed-8b29-3e63e6d2a9a2,Role 1,2012-03-08 13:45:00.550366854,620,1,res_3e93a9a9-cdc4-46ed-8b29-3e63e6d2a9a2,2012-03-08 13:42:30.164260854,0.0
Case1068,W_Completeren aanvraag,res_c6ff2914-8075-4a61-b381-b682f6eb47de,Role 1,2012-03-08 17:49:24.419010954,629,3,res_c6ff2914-8075-4a61-b381-b682f6eb47de,2012-03-08 17:47:33.057369954,0.07692307692307693
Case1069,W_Afhandelen leads,res_7cc6cf66-7797-453d-b952-98449834316b,Role 1,2012-03-08 12:39:14.933987453,616,0,res_7cc6cf66-7797-453d-b952-98449834316b,2012-03-08 12:36:07.947230453,0.0
Case1069,W_Completeren aanvraag,res_b5ab845a-5020-427e-b6f1-42df333cb3fb,Role 1,2012-03-08 13:51:04.723671153,620,1,res_b5ab845a-5020-427e-b6f1-42df333cb3fb,2012-03-08 13:48:34.356405153,0.0
Case1069,W_Completeren aanvraag,res_c6ff2914-8075-4a61-b381-b682f6eb47de,Role 1,2012-03-08 17:51:43.680535653,626,1,res_c6ff2914-8075-4a61-b381-b682f6eb47de,2012-03-08 17:49:48.728712653,0.0
Case1069,W_Nabellen offertes,res_5c0494f5-5178-4b1a-9a41-59b27da90a66,Role 1,2012-03-10 03:44:26.710890453,624,1,res_5c0494f5-5178-4b1a-9a41-59b27da90a66,2012-03-10 03:42:46.923738453,0.0
Case107,W_Completeren aanvraag,res_8435ed72-5b45-4de1-a40d-2e20f14bd3c6,Role 1,2012-02-15 15:21:32.143776459,560,2,res_8435ed72-5b45-4de1-a40d-2e20f14bd3c6,2012-02-15 15:19:07.150709459,0.02564102564102564
Case1070,W_Afhandelen leads,res_c3a01281-6e48-4ea3-a47a-9410360458be,Role 1,2012-03-08 12:47:06.989865411,617,0,res_c3a01281-6e48-4ea3-a47a-9410360458be,2012-03-08 12:44:00.439234411,0.0
Case1070,W_Completeren aanvraag,res_177ed8cb-552b-4612-b348-20f464d6e7e5,Role 1,2012-03-08 13:58:07.547232311,620,1,res_177ed8cb-552b-4612-b348-20f464d6e7e5,2012-03-08 13:55:37.195700311,0.0
Case1071,W_Completeren aanvraag,res_ee4279a0-2b97-4f9d-9945-00c80ada4a95,Role 1,2012-03-08 12:54:36.466048655,618,2,res_ee4279a0-2b97-4f9d-9945-00c80ada4a95,2012-03-08 12:52:06.028031655,0.02564102564102564
Case1071,W_Nabellen offertes,res_408aec04-fa16-4916-b3c7-40322d591997,Role 1,2012-03-08 13:32:34.072542355,620,1,res_408aec04-fa16-4916-b3c7-40322d591997,2012-03-08 13:30:27.117515355,0.02564102564102564
Case1071,W_Nabellen offertes,res_46a776b0-74ef-429c-befa-758731ba64c1,Role 1,2012-03-17 06:08:25.059415355,570,1,res_46a776b0-74ef-429c-befa-758731ba64c1,2012-03-17 06:05:42.089213355,0.0
Case1072,W_Afhandelen leads,res_ddc79bf3-8255-4b9b-ace2-8a46af780bc5,Role 1,2012-03-08 13:05:13.348916204,618,0,res_ddc79bf3-8255-4b9b-ace2-8a46af780bc5,2012-03-08 13:02:07.473077204,0.0
Case1072,W_Completeren aanvraag,res_501654f1-1e08-4e04-8b11-a5fd18a76e7d,Role 1,2012-03-08 14:14:27.679392804,619,1,res_501654f1-1e08-4e04-8b11-a5fd18a76e7d,2012-03-08 14:11:57.331685804,0.0
Case1072,W_Nabellen offertes,res_3e93a9a9-cdc4-46ed-8b29-3e63e6d2a9a2,Role 1,2012-03-11 11:13:25.666109504,605,1,res_3e93a9a9-cdc4-46ed-8b29-3e63e6d2a9a2,2012-03-11 11:08:34.479137504,0.0
Case1072,W_Nabellen offertes,res_177ed8cb-552b-4612-b348-20f464d6e7e5,Role 1,2012-03-16 03:21:47.630133904,582,1,res_177ed8cb-552b-4612-b348-20f464d6e7e5,2012-03-16 03:19:50.197540904,0.0
Case1072,W_Nabellen offertes,res_5c0494f5-5178-4b1a-9a41-59b27da90a66,Role 1,2012-03-17 22:01:24.092485104,560,1,res_5c0494f5-5178-4b1a-9a41-59b27da90a66,2012-03-17 21:59:44.860515104,0.0
Case1073,W_Afhandelen leads,res_8435ed72-5b45-4de1-a40d-2e20f14bd3c6,Role 1,2012-03-08 13:15:13.547855116,619,0,res_8435ed72-5b45-4de1-a40d-2e20f14bd3c6,2012-03-08 13:12:07.910677116,0.0
Case1073,W_Completeren aanvraag,res_d5418cc0-ed10-4016-ac16-0bc32f58673f,Role 1,2012-03-08 14:22:51.492962716,621,1,res_d5418cc0-ed10-4016-ac16-0bc32f58673f,2012-03-08 14:20:23.219814716,0.05128205128205128
Case1073,W_Completeren aanvraag,res_ddc79bf3-8255-4b9b-ace2-8a46af780bc5,Role 1,2012-03-08 17:44:32.625544916,629,2,res_ddc79bf3-8255-4b9b-ace2-8a46af780bc5,2012-03-08 17:42:40.693352916,0.05128205128205128
Case1073,W_Nabellen offertes,res_a6c40c08-3f7b-4865-a717-e7f1f1b6f98b,Role 1,2012-03-10 00:17:17.312675616,622,1,res_a6c40c08-3f7b-4865-a717-e7f1f1b6f98b,2012-03-10 00:15:38.657399616,0.0
Case1073,W_Nabellen offertes,res_24e554c7-8afb-451c-a96e-dea7923be74d,Role 1,2012-03-13 15:42:31.701262416,628,1,res_24e554c7-8afb-451c-a96e-dea7923be74d,2012-03-13 15:32:59.704181416,0.0
Case1074,W_Afhandelen leads,res_f664dcd9-d4b7-456f-a1f7-9daea9e497fd,Role 1,2012-03-08 13:15:44.975096613,620,1,res_f664dcd9-d4b7-456f-a1f7-9daea9e497fd,2012-03-08 13:12:48.208502613,0.02564102564102564
Case1074,W_Completeren aanvraag,res_8435ed72-5b45-4de1-a40d-2e20f14bd3c6,Role 1,2012-03-08 14:23:58.651274713,621,2,res_8435ed72-5b45-4de1-a40d-2e20f14bd3c6,2012-03-08 14:21:36.781967713,0.07692307692307693
Case1074,W_Completeren aanvraag,res_ddc79bf3-8255-4b9b-ace2-8a46af780bc5,Role 1,2012-03-08 18:03:03.116052013,627,1,res_ddc79bf3-8255-4b9b-ace2-8a46af780bc5,2012-03-08 18:01:11.033949013,0.0
Case1074,W_Completeren aanvraag,res_c6ff2914-8075-4a61-b381-b682f6eb47de,Role 1,2012-03-08 19:55:36.677328713,629,3,res_c6ff2914-8075-4a61-b381-b682f6eb47de,2012-03-08 19:53:53.213546713,0.05128205128205128
Case1074,W_Nabellen offertes,res_63d2fda6-0454-4ad2-8b55-d59c9622a8ed,Role 1,2012-03-09 15:01:56.207508413,618,1,res_63d2fda6-0454-4ad2-8b55-d59c9622a8ed,2012-03-09 15:00:09.445522413,0.0
Case1075,W_Afhandelen leads,res_501654f1-1e08-4e04-8b11-a5fd18a76e7d,Role 1,2012-03-08 13:29:28.720460299,620,0,res_501654f1-1e08-4e04-8b11-a5fd18a76e7d,2012-03-08 13:26:23.232023299,0.0
Case1075,W_Completeren aanvraag,res_6f56bab9-a4f7-420f-96ab-b17cd82647c1,Role 1,2012-03-08 14:36:04.275595199,621,1,res_6f56bab9-a4f7-420f-96ab-b17cd82647c1,2012-03-08 14:33:33.860395199,0.0
Case1076,W_Completeren aanvraag,res_f3a5d8a5-7894-4471-8b15-4aeaf83a4249,Role 1,2012-03-08 13:48:39.593625374,621,1,res_f3a5d8a5-7894-4471-8b15-4aeaf83a4249,2012-03-08 13:46:03.958310374,0.0
Case1077,W_Completeren aanvraag,res_c09d353e-d1d3-4710-a13d-39ecb25ed3a8,Role 1,2012-03-08 13:58:42.821151198,620,1,res_c09d353e-d1d3-4710-a13d-39ecb25ed3a8,2012-03-08 13:56:07.418247198,0.0
Case1078,W_Afhandelen leads,res_408aec04-fa16-4916-b3c7-40322d591997,Role 1,2012-03-08 14:15:43.987692798,620,0,res_408aec04-fa16-4916-b3c7-40322d591997,2012-03-08 14:12:37.737308798,0.0
Case1078,W_Completeren aanvraag,res_46a776b0-74ef-429c-befa-758731ba64c1,Role 1,2012-03-08 15:19:02.820832898,621,1,res_46a776b0-74ef-429c-befa-758731ba64c1,2012-03-08 15:16:32.006199898,0.0
Case1078,W_Completeren aanvraag,res_8435ed72-5b45-4de1-a40d-2e20f14bd3c6,Role 1,2012-03-08 17:37:17.656182198,629,1,res_8435ed72-5b45-4de1-a40d-2e20f14bd3c6,2012-03-08 17:35:23.176789198,0.02564102564102564
Case1079,W_Afhandelen leads,res_fa3ac963-7739-40ef-84e6-624c11774546,Role 1,2012-03-08 14:15:53.975021271,621,1,res_fa3ac963-7739-40ef-84e6-624c11774546,2012-03-08 14:12:55.871330271,0.02564102564102564
Case1079,W_Completeren aanvraag,res_3e93a9a9-cdc4-46ed-8b29-3e63e6d2a9a2,Role 1,2012-03-08 15:19:24.879615371,621,2,res_3e93a9a9-cdc4-46ed-8b29-3e63e6d2a9a2,2012-03-08 15:17:00.148830371,0.02564102564102564
Case1079,W_Nabellen offertes,res_fa3ac963-7739-40ef-84e6-624c11774546,Role 1,2012-03-11 02:48:15.880853371,608,1,res_fa3ac963-7739-40ef-84e6-624c11774546,2012-03-11 02:46:32.333552371,0.0
Case108,W_Afhandelen leads,res_9548f08a-bc89-4837-8ec2-cdb10b4e93b0,Role 1,2012-02-15 15:22:25.371527746,561,0,res_9548f08a-bc89-4837-8ec2-cdb10b4e93b0,2012-02-15 15:19:20.247502746,0.05128205128205128
Case108,W_Completeren aanvraag,res_dcb46f81-367a-42ae-96c2-833faef25480,Role 1,2012-02-15 16:19:10.009677646,560,1,res_dcb46f81-367a-42ae-96c2-833faef25480,2012-02-15 16:16:34.844126646,0.0
Case108,W_Nabellen offertes,res_31f16881-0e61-460a-88bc-abc46854faba,Role 1,2012-02-17 00:15:45.077826346,585,1,res_31f16881-0e61-460a-88bc-abc46854faba,2012-02-17 00:13:52.454351346,0.0
Case1080,W_Afhandelen leads,res_f612d14e-303a-4d03-a37a-3b98918a5014,Role 1,2012-03-08 14:37:42.451485564,621,0,res_f612d14e-303a-4d03-a37a-3b98918a5014,2012-03-08 14:34:35.476202564,0.0
Case1080,W_Completeren aanvraag,res_75b73935-48c2-4abe-9548-628b120b0d25,Role 1,2012-03-08 15:41:08.672829964,623,1,res_75b73935-48c2-4abe-9548-628b120b0d25,2012-03-08 15:38:37.537891964,0.0
Case1080,W_Nabellen offertes,res_a6c40c08-3f7b-4865-a717-e7f1f1b6f98b,Role 1,2012-03-11 14:36:29.697171364,603,1,res_a6c40c08-3f7b-4865-a717-e7f1f1b6f98b,2012-03-11 14:30:57.506197364,0.0
Case1080,W_Nabellen offertes,res_9548f08a-bc89-4837-8ec2-cdb10b4e93b0,Role 1,2012-03-16 06:55:19.432027864,581,1,res_9548f08a-bc89-4837-8ec2-cdb10b4e93b0,2012-03-16 06:53:32.494264864,0.0
Case1080,W_Nabellen offertes,res_24e554c7-8afb-451c-a96e-dea7923be74d,Role 1,2012-03-18 01:07:12.775254364,557,1,res_24e554c7-8afb-451c-a96e-dea7923be74d,2012-03-18 01:03:22.799286364,0.0
Case1081,W_Afhandelen leads,res_408aec04-fa16-4916-b3c7-40322d591997,Role 1,2012-03-08 15:00:36.537547389,621,0,res_408aec04-fa16-4916-b3c7-40322d591997,2012-03-08 14:57:28.624606389,0.0
Case1081,W_Completeren aanvraag,res_cd801f30-7ddb-4e0a-8319-c3bbd19d3bc0,Role 1,2012-03-08 16:03:20.001566889,625,1,res_cd801f30-7ddb-4e0a-8319-c3bbd19d3bc0,2012-03-08 16:00:48.473297889,0.0
Case1081,W_Completeren aanvraag,res_6f56bab9-a4f7-420f-96ab-b17cd82647c1,Role 1,2012-03-08 18:55:05.267288889,628,1,res_6f56bab9-a4f7-420f-96ab-b17cd82647c1,2012-03-08 18:53:09.203424889,0.0
Case1081,W_Completeren aanvraag,res_ddc79bf3-8255-4b9b-ace2-8a46af780bc5,Role 1,2012-03-08 21:13:51.700776989,624,1,res_ddc79bf3-8255-4b9b-ace2-8a46af780bc5,2012-03-08 21:12:05.402872989,0.0
Case1081,W_Completeren aanvraag,res_425ded41-e317-4198-891a-d9f3e32a6030,Role 1,2012-03-09 05:39:51.211414889,618,1,res_425ded41-e317-4198-891a-d9f3e32a6030,2012-03-09 05:37:39.165075889,0.0
Case1082,W_Completeren aanvraag,res_69f394fc-b099-49f7-8f4e-cce94cd03365,Role 1,2012-03-08 15:15:24.463683292,622,3,res_69f394fc-b099-49f7-8f4e-cce94cd03365,2012-03-08 15:13:02.526712292,0.05128205128205128
Case1082,W_Completeren aanvraag,res_d5418cc0-ed10-4016-ac16-0bc32f58673f,Role 1,2012-03-08 16:17:24.582857792,625,2,res_d5418cc0-ed10-4016-ac16-0bc32f58673f,2012-03-08 16:15:10.885252792,0.02564102564102564
Case1082,W_Completeren aanvraag,res_5c0494f5-5178-4b1a-9a41-59b27da90a66,Role 1,2012-03-08 18:49:50.775668392,629,1,res_5c0494f5-5178-4b1a-9a41-59b27da90a66,2012-03-08 18:48:00.824441392,0.0
Case1082,W_Nabellen offertes,res_75b73935-48c2-4abe-9548-628b120b0d25,Role 1,2012-03-10 09:11:54.763622392,619,1,res_75b73935-48c2-4abe-9548-628b120b0d25,2012-03-10 09:08:51.860631392,0.0
Case1083,W_Completeren aanvraag,res_69f394fc-b099-49f7-8f4e-cce94cd03365,Role 1,2012-03-08 15:15:35.680233854,623,4,res_69f394fc-b099-49f7-8f4e-cce94cd03365,2012-03-08 15:13:17.638396854,0.07692307692307693
Case1083,W_Completeren aanvraag,res_3e93a9a9-cdc4-46ed-8b29-3e63e6d2a9a2,Role 1,2012-03-08 16:17:37.313597654,625,3,res_3e93a9a9-cdc4-46ed-8b29-3e63e6d2a9a2,2012-03-08 16:15:31.546813654,0.05128205128205128
Case1083,W_Nabellen offertes,res_a7efadcf-4796-49e4-a611-9f847fa3b6b3,Role 1,2012-03-11 20:39:30.011746554,604,1,res_a7efadcf-4796-49e4-a611-9f847fa3b6b3,2012-03-11 20:37:41.998938554,0.0
Case1083,W_Nabellen offertes,res_5c0494f5-5178-4b1a-9a41-59b27da90a66,Role 1,2012-03-16 15:39:12.910093354,577,1,res_5c0494f5-5178-4b1a-9a41-59b27da90a66,2012-03-16 15:37:38.032510354,0.0
Case1084,W_Completeren aanvraag,res_e30a7ff2-fdff-43e2-93a6-f30f7d1f4d80,Role 1,2012-03-08 15:37:35.161854521,624,2,res_e30a7ff2-fdff-43e2-93a6-f30f7d1f4d80,2012-03-08 15:35:07.317725521,0.02564102564102564
Case1084,W_Nabellen offertes,res_c09d353e-d1d3-4710-a13d-39ecb25ed3a8,Role 1,2012-03-08 16:07:45.170382721,625,1,res_c09d353e-d1d3-4710-a13d-39ecb25ed3a8,2012-03-08 16:05:39.295230721,0.0
Case1084,W_Nabellen offertes,res_dcb46f81-367a-42ae-96c2-833faef25480,Role 1,2012-03-17 14:02:57.942367321,564,1,res_dcb46f81-367a-42ae-96c2-833faef25480,2012-03-17 14:01:17.279013321,0.0
Case1085,W_Afhandelen leads,res_fa3ac963-7739-40ef-84e6-624c11774546,Role 1,2012-03-08 15:53:39.185344774,625,0,res_fa3ac963-7739-40ef-84e6-624c11774546,2012-03-08 15:50:29.130483774,0.0
Case1085,W_Completeren aanvraag,res_c6ff2914-8075-4a61-b381-b682f6eb47de,Role 1,2012-03-08 16:55:53.077383774,626,1,res_c6ff2914-8075-4a61-b381-b682f6eb47de,2012-03-08 16:53:20.523005774,0.0
Case1085,W_Completeren aanvraag,res_ee4279a0-2b97-4f9d-9945-00c80ada4a95,Role 1,2012-03-08 19:47:10.911700074,629,1,res_ee4279a0-2b97-4f9d-9945-00c80ada4a95,2012-03-08 19:45:13.631373074,0.0
Case1086,W_Afhandelen leads,res_7848a1c1-2878-42e4-b2ac-02ba3ecca52c,Role 1,2012-03-08 16:16:32.195931962,626,0,res_7848a1c1-2878-42e4-b2ac-02ba3ecca52c,2012-03-08 16:13:21.271441962,0.0
Case1086,W_Completeren aanvraag,res_7848a1c1-2878-42e4-b2ac-02ba3ecca52c,Role 1,2012-03-08 17:19:02.111790162,627,1,res_7848a1c1-2878-42e4-b2ac-02ba3ecca52c,2012-03-08 17:16:29.067740162,0.0
Case1086,W_Completeren aanvraag,res_24e554c7-8afb-451c-a96e-dea7923be74d,Role 1,2012-03-08 20:08:42.392722662,626,1,res_24e554c7-8afb-451c-a96e-dea7923be74d,2012-03-08 20:06:45.257481662,0.02564102564102564
Case1086,W_Completeren aanvraag,res_5c0494f5-5178-4b1a-9a41-59b27da90a66,Role 1,2012-03-09 02:33:30.831892262,621,1,res_5c0494f5-5178-4b1a-9a41-59b27da90a66,2012-03-09 02:31:41.331877262,0.0
Case1086,W_Nabellen offertes,res_fa3ac963-7739-40ef-84e6-624c11774546,Role 1,2012-03-09 19:34:42.200435562,619,1,res_fa3ac963-7739-40ef-84e6-624c11774546,2012-03-09 19:33:02.747843562,0.0
Case1086,W_Nabellen offertes,res_5c0494f5-5178-4b1a-9a41-59b27da90a66,Role 1,2012-03-12 03:37:45.539259462,602,1,res_5c0494f5-5178-4b1a-9a41-59b27da90a66,2012-03-12 03:36:13.196149462,0.0
Case1087,W_Completeren aanvraag,res_31f16881-0e61-460a-88bc-abc46854faba,Role 1,2012-03-08 16:17:35.423186431,627,1,res_31f16881-0e61-460a-88bc-abc46854faba,2012-03-08 16:15:00.001114431,0.02564102564102564
Case1088,W_Completeren aanvraag,res_42f40199-b27a-43f0-a89c-188ab6bfaf36,Role 1,2012-03-08 16:56:02.860586884,627,1,res_42f40199-b27a-43f0-a89c-188ab6bfaf36,2012-03-08 16:53:25.036732884,0.0
Case1088,W_Nabellen offertes,res_c3a01281-6e48-4ea3-a47a-9410360458be,Role 1,2012-03-08 17:21:59.191325484,629,1,res_c3a01281-6e48-4ea3-a47a-9410360458be,2012-03-08 17:19:48.957045484,0.02564102564102564
Case1089,W_Afhandelen leads,res_d5418cc0-ed10-4016-ac16-0bc32f58673f,Role 1,2012-03-08 17:17:18.957724206,628,0,res_d5418cc0-ed10-4016-ac16-0bc32f58673f,2012-03-08 17:14:06.209758206,0.0
Case1089,W_Completeren aanvraag,res_dcb46f81-367a-42ae-96c2-833faef25480,Role 1,2012-03-08 18:21:50.498693606,627,1,res_dcb46f81-367a-42ae-96c2-833faef25480,2012-03-08 18:19:16.217142606,0.0
Case1089,W_Nabellen offertes,res_9548f08a-bc89-4837-8ec2-cdb10b4e93b0,Role 1,2012-03-13 15:21:54.396515406,628,2,res_9548f08a-bc89-4837-8ec2-cdb10b4e93b0,2012-03-13 15:18:39.758032406,0.02564102564102564
Case109,W_Afhandelen leads,res_9548f08a-bc89-4837-8ec2-cdb10b4e93b0,Role 1,2012-02-15 15:41:50.370065072,561,0,res_9548f08a-bc89-4837-8ec2-cdb10b4e93b0,2012-02-15 15:38:40.824877072,0.0
Case109,W_Completeren aanvraag,res_c6ff2914-8075-4a61-b381-b682f6eb47de,Role 1,2012-02-15 16:38:18.429690272,561,1,res_c6ff2914-8075-4a61-b381-b682f6eb47de,2012-02-15 16:35:42.616887272,0.0
Case109,W_Completeren aanvraag,res_46a776b0-74ef-429c-befa-758731ba64c1,Role 1,2012-02-15 18:32:42.435353372,563,2,res_46a776b0-74ef-429c-befa-758731ba64c1,2012-02-15 18:30:27.956330372,0.02564102564102564
Case109,W_Nabellen offertes,res_fa3ac963-7739-40ef-84e6-624c11774546,Role 1,2012-02-16 15:49:39.905751272,581,1,res_fa3ac963-7739-40ef-84e6-624c11774546,2012-02-16 15:47:52.030866272,0.0
Case1090,W_Afhandelen leads,res_42f40199-b27a-43f0-a89c-188ab6bfaf36,Role 1,2012-03-08 17:17:29.207004042,629,1,res_42f40199-b27a-43f0-a89c-188ab6bfaf36,2012-03-08 17:14:23.336334042,0.02564102564102564
Case1090,W_Completeren aanvraag,res_69f394fc-b099-49f7-8f4e-cce94cd03365,Role 1,2012-03-08 18:21:55.576661042,627,2,res_69f394fc-b099-49f7-8f4e-cce94cd03365,2012-03-08 18:19:26.966456042,0.02564102564102564
Case1090,W_Completeren aanvraag,res_408aec04-fa16-4916-b3c7-40322d591997,Role 1,2012-03-08 21:32:35.578571542,623,1,res_408aec04-fa16-4916-b3c7-40322d591997,2012-03-08 21:30:39.545014542,0.0
Case1090,W_Completeren aanvraag,res_24e554c7-8afb-451c-a96e-dea7923be74d,Role 1,2012-03-09 08:48:14.808715542,617,1,res_24e554c7-8afb-451c-a96e-dea7923be74d,2012-03-09 08:45:57.962736542,0.0
Case1090,W_Completeren aanvraag,res_a6c40c08-3f7b-4865-a717-e7f1f1b6f98b,Role 1,2012-03-09 11:50:11.379886142,617,1,res_a6c40c08-3f7b-4865-a717-e7f1f1b6f98b,2012-03-09 11:48:24.297863142,0.0
Case1091,W_Afhandelen leads,res_a7efadcf-4796-49e4-a611-9f847fa3b6b3,Role 1,2012-03-08 17:32:27.039103535,627,0,res_a7efadcf-4796-49e4-a611-9f847fa3b6b3,2012-03-08 17:29:13.918277535,0.0
Case1091,W_Completeren aanvraag,res_63d2fda6-0454-4ad2-8b55-d59c9622a8ed,Role 1,2012-03-08 18:37:30.915285435,629,2,res_63d2fda6-0454-4ad2-8b55-d59c9622a8ed,2012-03-08 18:34:59.714391435,0.02564102564102564
Case1092,W_Completeren aanvraag,res_2f56cb7e-3c7c-424a-95d0-d464cdf4e447,Role 1,2012-03-08 17:59:31.479422755,628,1,res_2f56cb7e-3c7c-424a-95d0-d464cdf4e447,2012-03-08 17:56:52.173796755,0.0
Case1093,W_Afhandelen leads,res_f664dcd9-d4b7-456f-a1f7-9daea9e497fd,Role 1,2012-03-08 18:17:21.885413951,628,0,res_f664dcd9-d4b7-456f-a1f7-9daea9e497fd,2012-03-08 18:14:10.850248951,0.05128205128205128
Case1093,W_Completeren aanvraag,res_425ded41-e317-4198-891a-d9f3e32a6030,Role 1,2012-03-08 19:24:51.160122651,629,3,res_425ded41-e317-4198-891a-d9f3e32a6030,2012-03-08 19:22:23.368292651,0.05128205128205128
Case1093,W_Nabellen offertes,res_f664dcd9-d4b7-456f-a1f7-9daea9e497fd,Role 1,2012-03-15 19:20:13.208096351,588,1,res_f664dcd9-d4b7-456f-a1f7-9daea9e497fd,2012-03-15 19:17:32.110026351,0.0
Case1094,W_Completeren aanvraag,res_a7efadcf-4796-49e4-a611-9f847fa3b6b3,Role 1,2012-03-08 18:17:00.752067525,629,3,res_a7efadcf-4796-49e4-a611-9f847fa3b6b3,2012-03-08 18:14:37.043835525,0.07692307692307693
Case1094,W_Nabellen offertes,res_6f56bab9-a4f7-420f-96ab-b17cd82647c1,Role 1,2012-03-08 18:38:56.519027825,628,1,res_6f56bab9-a4f7-420f-96ab-b17cd82647c1,2012-03-08 18:36:51.965258825,0.0
Case1095,W_Afhandelen leads,res_e30a7ff2-fdff-43e2-93a6-f30f7d1f4d80,Role 1,2012-03-08 18:46:46.636857464,628,0,res_e30a7ff2-fdff-43e2-93a6-f30f7d1f4d80,2012-03-08 18:43:33.880114464,0.02564102564102564
Case1095,W_Completeren aanvraag,res_f612d14e-303a-4d03-a37a-3b98918a5014,Role 1,2012-03-08 19:56:03.188700664,626,2,res_f612d14e-303a-4d03-a37a-3b98918a5014,2012-03-08 19:53:32.132452664,0.05128205128205128
Case1095,W_Nabellen offertes,res_7848a1c1-2878-42e4-b2ac-02ba3ecca52c,Role 1,2012-03-16 08:30:12.038553464,581,1,res_7848a1c1-2878-42e4-b2ac-02ba3ecca52c,2012-03-16 08:28:23.075096464,0.0
Case1096,W_Completeren aanvraag,res_7cc6cf66-7797-453d-b952-98449834316b,Role 1,2012-03-08 19:17:17.219203721,628,1,res_7cc6cf66-7797-453d-b952-98449834316b,2012-03-08 19:14:37.654543721,0.0
Case1096,W_Nabellen offertes,res_dcb46f81-367a-42ae-96c2-833faef25480,Role 1,2012-03-08 19:38:03.448122021,627,1,res_dcb46f81-367a-42ae-96c2-833faef25480,2012-03-08 19:35:49.129281021,0.0
Case1097,W_Completeren aanvraag,res_3e93a9a9-cdc4-46ed-8b29-3e63e6d2a9a2,Role 1,2012-03-08 19:18:08.062522330,629,2,res_3e93a9a9-cdc4-46ed-8b29-3e63e6d2a9a2,2012-03-08 19:15:37.093836330,0.02564102564102564
Case1097,W_Nabellen offertes,res_8435ed72-5b45-4de1-a40d-2e20f14bd3c6,Role 1,2012-03-08 19:38:44.760241530,627,2,res_8435ed72-5b45-4de1-a40d-2e20f14bd3c6,2012-03-08 19:36:39.351824530,0.02564102564102564
Case1098,W_Afhandelen leads,res_c09d353e-d1d3-4710-a13d-39ecb25ed3a8,Role 1,2012-03-08 19:45:41.198536952,626,0,res_c09d353e-d1d3-4710-a13d-39ecb25ed3a8,2012-03-08 19:42:26.991964952,0.0
Case1098,W_Completeren aanvraag,res_c09d353e-d1d3-4710-a13d-39ecb25ed3a8,Role 1,2012-03-08 20:59:02.491934652,623,1,res_c09d353e-d1d3-4710-a13d-39ecb25ed3a8,2012-03-08 20:56:26.529436652,0.0
Case1098,W_Completeren aanvraag,res_7a10508e-56ae-4766-abd2-e94c8442b539,Role 1,2012-03-09 16:07:43.395822652,620,1,res_7a10508e-56ae-4766-abd2-e94c8442b539,2012-03-09 16:05:50.176055652,0.02564102564102564
Case1098,W_Nabellen offertes,res_a6c40c08-3f7b-4865-a717-e7f1f1b6f98b,Role 1,2012-03-10 19:48:29.367820652,612,1,res_a6c40c08-3f7b-4865-a717-e7f1f1b6f98b,2012-03-10 19:46:52.568820652,0.0
Case1099,W_Afhandelen leads,res_5c0494f5-5178-4b1a-9a41-59b27da90a66,Role 1,2012-03-08 20:17:37.243077356,624,0,res_5c0494f5-5178-4b1a-9a41-59b27da90a66,2012-03-08 20:14:23.153567356,0.0
Case1099,W_Completeren aanvraag,res_fa3ac963-7739-40ef-84e6-624c11774546,Role 1,2012-03-08 21:33:06.499962056,622,1,res_fa3ac963-7739-40ef-84e6-624c11774546,2012-03-08 21:30:30.393845056,0.0
Case1099,W_Nabellen offertes,res_cd801f30-7ddb-4e0a-8319-c3bbd19d3bc0,Role 1,2012-03-16 03:42:43.092086956,581,1,res_cd801f30-7ddb-4e0a-8319-c3bbd19d3bc0,2012-03-16 03:40:46.455616956,0.0
Case1099,W_Nabellen offertes,res_3e93a9a9-cdc4-46ed-8b29-3e63e6d2a9a2,Role 1,2012-03-19 12:38:00.144673456,547,1,res_3e93a9a9-cdc4-46ed-8b29-3e63e6d2a9a2,2012-03-19 12:36:22.134041456,0.0
Case11,W_Completeren aanvraag,res_dcb46f81-367a-42ae-96c2-833faef25480,Role 1,2012-02-14 08:20:58.321951981,526,1,res_dcb46f81-367a-42ae-96c2-833faef25480,2012-02-14 08:18:15.980494981,0.0
Case110,W_Completeren aanvraag,res_d5418cc0-ed10-4016-ac16-0bc32f58673f,Role 1,2012-02-15 15:48:24.417009357,562,2,res_d5418cc0-ed10-4016-ac16-0bc32f58673f,2012-02-15 15:45:59.063729357,0.02564102564102564
Case110,W_Completeren aanvraag,res_7a10508e-56ae-4766-abd2-e94c8442b539,Role 1,2012-02-15 16:44:42.890094857,561,1,res_7a10508e-56ae-4766-abd2-e94c8442b539,2012-02-15 16:42:13.332220857,0.0
Case110,W_Completeren aanvraag,res_9548f08a-bc89-4837-8ec2-cdb10b4e93b0,Role 1,2012-02-15 18:39:06.100919657,564,1,res_9548f08a-bc89-4837-8ec2-cdb10b4e93b0,2012-02-15 18:36:55.363620657,0.05128205128205128
Case110,W_Nabellen offertes,res_63d2fda6-0454-4ad2-8b55-d59c9622a8ed,Role 1,2012-02-16 13:54:14.778559357,578,2,res_63d2fda6-0454-4ad2-8b55-d59c9622a8ed,2012-02-16 13:52:20.721400357,0.02564102564102564
Case110,W_Nabellen offertes,res_2f56cb7e-3c7c-424a-95d0-d464cdf4e447,Role 1,2012-02-20 15:52:51.527684157,597,1,res_2f56cb7e-3c7c-424a-95d0-d464cdf4e447,2012-02-20 15:42:21.857483157,0.0
Case1100,W_Completeren aanvraag,res_408aec04-fa16-4916-b3c7-40322d591997,Role 1,2012-03-08 21:15:11.567712709,624,1,res_408aec04-fa16-4916-b3c7-40322d591997,2012-03-08 21:12:34.960146709,0.0
Case1101,W_Completeren aanvraag,res_c6ff2914-8075-4a61-b381-b682f6eb47de,Role 1,2012-03-08 21:21:50.311075133,623,1,res_c6ff2914-8075-4a61-b381-b682f6eb47de,2012-03-08 21:19:13.908619133,0.0
Case1102,W_Completeren aanvraag,res_a6c40c08-3f7b-4865-a717-e7f1f1b6f98b,Role 1,2012-03-08 22:18:25.290639567,621,1,res_a6c40c08-3f7b-4865-a717-e7f1f1b6f98b,2012-03-08 22:15:51.015308567,0.0
Case1102,W_Completeren aanvraag,res_c6ff2914-8075-4a61-b381-b682f6eb47de,Role 1,2012-03-08 23:43:57.192705667,621,1,res_c6ff2914-8075-4a61-b381-b682f6eb47de,2012-03-08 23:41:15.683914667,0.0
Case1103,W_Completeren aanvraag,res_75b73935-48c2-4abe-9548-628b120b0d25,Role 1,2012-03-08 22:18:56.198154427,622,2,res_75b73935-48c2-4abe-9548-628b120b0d25,2012-03-08 22:16:30.305688427,0.02564102564102564
Case1104,W_Afhandelen leads,res_31f16881-0e61-460a-88bc-abc46854faba,Role 1,2012-03-08 23:19:40.494396986,621,0,res_31f16881-0e61-460a-88bc-abc46854faba,2012-03-08 23:16:29.908950986,0.0
Case1104,W_Completeren aanvraag,res_f3a5d8a5-7894-4471-8b15-4aeaf83a4249,Role 1,2012-03-09 00:57:23.770123486,622,1,res_f3a5d8a5-7894-4471-8b15-4aeaf83a4249,2012-03-09 00:54:44.498356486,0.0
Case1104,W_Nabellen offertes,res_9548f08a-bc89-4837-8ec2-cdb10b4e93b0,Role 1,2012-03-15 00:08:25.824441986,600,1,res_9548f08a-bc89-4837-8ec2-cdb10b4e93b0,2012-03-15 00:06:24.134843986,0.0
Case1105,W_Afhandelen leads,res_fa3ac963-7739-40ef-84e6-624c11774546,Role 1,2012-03-08 23:19:53.554521010,622,1,res_fa3ac963-7739-40ef-84e6-624c11774546,2012-03-08 23:16:52.072755010,0.02564102564102564
Case1105,W_Completeren aanvraag,res_0eb69d82-9670-4fe3-a195-9d055d280321,Role 1,2012-03-09 00:58:02.897650710,622,2,res_0eb69d82-9670-4fe3-a195-9d055d280321,2012-03-09 00:55:31.654148710,0.02564102564102564
Case1105,W_Nabellen offertes,res_7848a1c1-2878-42e4-b2ac-02ba3ecca52c,Role 1,2012-03-14 15:31:47.203508710,605,1,res_7848a1c1-2878-42e4-b2ac-02ba3ecca52c,2012-03-14 15:29:36.237796710,0.0
Case1105,W_Nabellen offertes,res_408aec04-fa16-4916-b3c7-40322d591997,Role 1,2012-03-17 21:09:54.984655809,559,1,res_408aec04-fa16-4916-b3c7-40322d591997,2012-03-17 21:08:10.325516809,0.0
Case1106,W_Afhandelen leads,res_501654f1-1e08-4e04-8b11-a5fd18a76e7d,Role 1,2012-03-08 23:55:30.483820912,621,0,res_501654f1-1e08-4e04-8b11-a5fd18a76e7d,2012-03-08 23:52:20.805386912,0.0
Case1106,W_Completeren aanvraag,res_7cc6cf66-7797-453d-b952-98449834316b,Role 1,2012-03-09 01:45:39.757488612,621,1,res_7cc6cf66-7797-453d-b952-98449834316b,2012-03-09 01:42:57.390404612,0.0
Case1106,W_Nabellen offertes,res_408aec04-fa16-4916-b3c7-40322d591997,Role 1,2012-03-14 10:51:55.469078812,611,1,res_408aec04-fa16-4916-b3c7-40322d591997,2012-03-14 10:50:00.666774812,0.0
Case1106,W_Nabellen offertes,res_a6c40c08-3f7b-4865-a717-e7f1f1b6f98b,Role 1,2012-03-17 12:16:41.294481912,566,1,res_a6c40c08-3f7b-4865-a717-e7f1f1b6f98b,2012-03-17 12:15:02.548829912,0.0
Case1107,W_Afhandelen leads,res_5c0494f5-5178-4b1a-9a41-59b27da90a66,Role 1,2012-03-09 00:18:21.460416538,622,0,res_5c0494f5-5178-4b1a-9a41-59b27da90a66,2012-03-09 00:14:57.834660538,0.0
Case1107,W_Completeren aanvraag,res_a7efadcf-4796-49e4-a611-9f847fa3b6b3,Role 1,2012-03-09 02:27:59.519028338,621,1,res_a7efadcf-4796-49e4-a611-9f847fa3b6b3,2012-03-09 02:25:13.120151338,0.0
Case1108,W_Completeren aanvraag,res_75b73935-48c2-4abe-9548-628b120b0d25,Role 1,2012-03-09 12:25:57.138896399,617,1,res_75b73935-48c2-4abe-9548-628b120b0d25,2012-03-09 12:23:01.684945399,0.0
Case1108,W_Nabellen offertes,res_dcb46f81-367a-42ae-96c2-833faef25480,Role 1,2012-03-09 13:08:53.434140199,618,1,res_dcb46f81-367a-42ae-96c2-833faef25480,2012-03-09 13:06:50.778797199,0.0
Case1108,W_Nabellen offertes,res_75b73935-48c2-4abe-9548-628b120b0d25,Role 1,2012-03-18 05:21:28.563060099,555,1,res_75b73935-48c2-4abe-9548-628b120b0d25,2012-03-18 05:19:38.705384099,0.0
Case1108,W_Nabellen offertes,res_408aec04-fa16-4916-b3c7-40322d591997,Role 1,2012-03-21 04:32:32.851898699,542,1,res_408aec04-fa16-4916-b3c7-40322d591997,2012-03-21 04:28:42.275891699,0.0
Case1109,W_Completeren aanvraag,res_69f394fc-b099-49f7-8f4e-cce94cd03365,Role 1,2012-03-09 12:31:23.808789566,618,1,res_69f394fc-b099-49f7-8f4e-cce94cd03365,2012-03-09 12:28:29.104777566,0.0
Case1109,W_Completeren aanvraag,res_24e554c7-8afb-451c-a96e-dea7923be74d,Role 1,2012-03-09 13:44:20.899058666,621,1,res_24e554c7-8afb-451c-a96e-dea7923be74d,2012-03-09 13:42:02.794486666,0.0
Case111,W_Completeren aanvraag,res_31f16881-0e61-460a-88bc-abc46854faba,Role 1,2012-02-15 16:06:08.046188027,561,1,res_31f16881-0e61-460a-88bc-abc46854faba,2012-02-15 16:03:35.874203027,0.0
Case111,W_Nabellen offertes,res_a7efadcf-4796-49e4-a611-9f847fa3b6b3,Role 1,2012-02-15 16:29:07.665629727,561,1,res_a7efadcf-4796-49e4-a611-9f847fa3b6b3,2012-02-15 16:26:47.473054727,0.0
Case111,W_Nabellen offertes,res_0eb69d82-9670-4fe3-a195-9d055d280321,Role 1,2012-02-24 13:04:16.691542827,639,2,res_0eb69d82-9670-4fe3-a195-9d055d280321,2012-02-24 13:02:28.772157827,0.02564102564102564
Case111,W_Nabellen offertes,res_8435ed72-5b45-4de1-a40d-2e20f14bd3c6,Role 1,2012-02-26 17:42:25.180269527,643,2,res_8435ed72-5b45-4de1-a40d-2e20f14bd3c6,2012-02-26 17:40:52.988057527,0.02564102564102564
Case1110,W_Afhandelen leads,res_408aec04-fa16-4916-b3c7-40322d591997,Role 1,2012-03-09 12:38:50.082869014,618,0,res_408aec04-fa16-4916-b3c7-40322d591997,2012-03-09 12:35:30.217054014,0.0
Case1110,W_Completeren aanvraag,res_24e554c7-8afb-451c-a96e-dea7923be74d,Role 1,2012-03-09 13:51:40.220505514,620,1,res_24e554c7-8afb-451c-a96e-dea7923be74d,2012-03-09 13:49:16.664618514,0.0
Case1110,W_Completeren aanvraag,res_c09d353e-d1d3-4710-a13d-39ecb25ed3a8,Role 1,2012-03-09 18:14:17.007503014,616,1,res_c09d353e-d1d3-4710-a13d-39ecb25ed3a8,2012-03-09 18:12:28.326149014,0.0
Case1110,W_Completeren aanvraag,res_ddc79bf3-8255-4b9b-ace2-8a46af780bc5,Role 1,2012-03-09 23:33:05.841796414,623,1,res_ddc79bf3-8255-4b9b-ace2-8a46af780bc5,2012-03-09 23:31:22.154417414,0.0
Case1110,W_Completeren aanvraag,res_425ded41-e317-4198-891a-d9f3e32a6030,Role 1,2012-03-10 12:48:24.514619414,614,1,res_425ded41-e317-4198-891a-d9f3e32a6030,2012-03-10 12:46:37.356087414,0.0
Case1110,W_Nabellen offertes,res_c3a01281-6e48-4ea3-a47a-9410360458be,Role 1,2012-03-11 02:52:52.640232214,607,1,res_c3a01281-6e48-4ea3-a47a-9410360458be,2012-03-11 02:51:18.767621214,0.0
Case1111,W_Afhandelen leads,res_24e554c7-8afb-451c-a96e-dea7923be74d,Role 1,2012-03-09 12:49:33.790296973,618,0,res_24e554c7-8afb-451c-a96e-dea7923be74d,2012-03-09 12:46:14.982261973,0.0
Case1111,W_Completeren aanvraag,res_7cc6cf66-7797-453d-b952-98449834316b,Role 1,2012-03-09 14:01:33.790254873,621,2,res_7cc6cf66-7797-453d-b952-98449834316b,2012-03-09 13:59:15.763002873,0.05128205128205128
Case1111,W_Completeren aanvraag,res_6f56bab9-a4f7-420f-96ab-b17cd82647c1,Role 1,2012-03-09 18:19:35.585689573,617,1,res_6f56bab9-a4f7-420f-96ab-b17cd82647c1,2012-03-09 18:17:48.101390573,0.02564102564102564
Case1111,W_Nabellen offertes,res_f612d14e-303a-4d03-a37a-3b98918a5014,Role 1,2012-03-11 16:19:24.280757573,603,1,res_f612d14e-303a-4d03-a37a-3b98918a5014,2012-03-11 16:17:29.863680573,0.0
Case1111,W_Nabellen offertes,res_fa3ac963-7739-40ef-84e6-624c11774546,Role 1,2012-03-14 11:05:39.360465173,609,1,res_fa3ac963-7739-40ef-84e6-624c11774546,2012-03-14 11:04:00.316962173,0.0
Case1112,W_Completeren aanvraag,res_a6c40c08-3f7b-4865-a717-e7f1f1b6f98b,Role 1,2012-03-09 12:58:42.706469586,619,1,res_a6c40c08-3f7b-4865-a717-e7f1f1b6f98b,2012-03-09 12:55:51.241166586,0.0
Case1113,W_Afhandelen leads,res_5c0494f5-5178-4b1a-9a41-59b27da90a66,Role 1,2012-03-09 13:08:44.592733200,619,0,res_5c0494f5-5178-4b1a-9a41-59b27da90a66,2012-03-09 13:05:27.500071200,0.0
Case1113,W_Completeren aanvraag,res_b5ab845a-5020-427e-b6f1-42df333cb3fb,Role 1,2012-03-09 14:19:36.882617100,621,2,res_b5ab845a-5020-427e-b6f1-42df333cb3fb,2012-03-09 14:17:17.081134100,0.02564102564102564
Case1113,W_Completeren aanvraag,res_f664dcd9-d4b7-456f-a1f7-9daea9e497fd,Role 1,2012-03-09 18:19:35.078602300,617,2,res_f664dcd9-d4b7-456f-a1f7-9daea9e497fd,2012-03-09 18:17:47.837726300,0.02564102564102564
Case1113,W_Completeren aanvraag,res_31f16881-0e61-460a-88bc-abc46854faba,Role 1,2012-03-09 23:10:02.328494300,622,1,res_31f16881-0e61-460a-88bc-abc46854faba,2012-03-09 23:08:19.605767300,0.0
Case1113,W_Completeren aanvraag,res_408aec04-fa16-4916-b3c7-40322d591997,Role 1,2012-03-10 12:00:02.602052200,614,1,res_408aec04-fa16-4916-b3c7-40322d591997,2012-03-10 11:58:15.647457200,0.0
Case1113,W_Completeren aanvraag,res_42f40199-b27a-43f0-a89c-188ab6bfaf36,Role 1,2012-03-10 15:38:11.922658300,614,1,res_42f40199-b27a-43f0-a89c-188ab6bfaf36,2012-03-10 15:36:26.933303300,0.02564102564102564
Case1114,W_Completeren aanvraag,res_85f526bd-1f2c-4373-8dcc-9710ee98b7b2,Role 1,2012-03-09 13:15:47.643928133,619,1,res_85f526bd-1f2c-4373-8dcc-9710ee98b7b2,2012-03-09 13:12:57.828271133,0.0
Case1114,W_Nabellen offertes,res_177ed8cb-552b-4612-b348-20f464d6e7e5,Role 1,2012-03-09 13:56:58.997573333,621,1,res_177ed8cb-552b-4612-b348-20f464d6e7e5,2012-03-09 13:54:55.397107333,0.02564102564102564
Case1114,W_Nabellen offertes,res_7a10508e-56ae-4766-abd2-e94c8442b539,Role 1,2012-03-18 09:20:09.588157232,555,1,res_7a10508e-56ae-4766-abd2-e94c8442b539,2012-03-18 09:18:32.860202232,0.0
Case1115,W_Afhandelen leads,res_24e554c7-8afb-451c-a96e-dea7923be74d,Role 1,2012-03-09 13:26:03.025067033,620,0,res_24e554c7-8afb-451c-a96e-dea7923be74d,2012-03-09 13:22:47.183969033,0.0
Case1115,W_Completeren aanvraag,res_b5ab845a-5020-427e-b6f1-42df333cb3fb,Role 1,2012-03-09 14:36:00.928790233,621,1,res_b5ab845a-5020-427e-b6f1-42df333cb3fb,2012-03-09 14:33:36.035239233,0.0
Case1116,W_Afhandelen leads,res_f3a5d8a5-7894-4471-8b15-4aeaf83a4249,Role 1,2012-03-09 13:26:56.508299192,621,1,res_f3a5d8a5-7894-4471-8b15-4aeaf83a4249,2012-03-09 13:23:50.653044192,0.02564102564102564
Case1116,W_Completeren aanvraag,res_7848a1c1-2878-42e4-b2ac-02ba3ecca52c,Role 1,2012-03-09 14:36:52.190611092,621,2,res_7848a1c1-2878-42e4-b2ac-02ba3ecca52c,2012-03-09 14:34:34.462616092,0.02564102564102564
Case1117,W_Completeren aanvraag,res_f3a5d8a5-7894-4471-8b15-4aeaf83a4249,Role 1,2012-03-09 13:40:43.755639001,621,1,res_f3a5d8a5-7894-4471-8b15-4aeaf83a4249,2012-03-09 13:37:55.899934001,0.0
Case1117,W_Nabellen offertes,res_cd801f30-7ddb-4e0a-8319-c3bbd19d3bc0,Role 1,2012-03-09 14:20:29.684125501,620,1,res_cd801f30-7ddb-4e0a-8319-c3bbd19d3bc0,2012-03-09 14:18:25.496158501,0.0
Case1117,W_Nabellen offertes,res_c6ff2914-8075-4a61-b381-b682f6eb47de,Role 1,2012-03-18 09:18:55.576269601,555,2,res_c6ff2914-8075-4a61-b381-b682f6eb47de,2012-03-18 09:17:18.874127601,0.02564102564102564
Case1117,W_Nabellen offertes,res_7cc6cf66-7797-453d-b952-98449834316b,Role 1,2012-03-21 13:14:26.452152501,539,1,res_7cc6cf66-7797-453d-b952-98449834316b,2012-03-21 13:09:40.841431501,0.0
Case1118,W_Completeren aanvraag,res_7848a1c1-2878-42e4-b2ac-02ba3ecca52c,Role 1,2012-03-09 13:53:52.910332751,621,1,res_7848a1c1-2878-42e4-b2ac-02ba3ecca52c,2012-03-09 13:51:05.737313751,0.0
Case1119,W_Completeren aanvraag,res_c3a01281-6e48-4ea3-a47a-9410360458be,Role 1,2012-03-09 14:13:46.065627112,621,1,res_c3a01281-6e48-4ea3-a47a-9410360458be,2012-03-09 14:10:59.560394112,0.0
Case112,W_Completeren aanvraag,res_69f394fc-b099-49f7-8f4e-cce94cd03365,Role 1,2012-02-15 16:21:51.830778129,561,2,res_69f394fc-b099-49f7-8f4e-cce94cd03365,2012-02-15 16:19:25.895439129,0.02564102564102564
Case112,W_Completeren aanvraag,res_69f394fc-b099-49f7-8f4e-cce94cd03365,Role 1,2012-02-15 17:18:20.181942329,562,1,res_69f394fc-b099-49f7-8f4e-cce94cd03365,2012-02-15 17:15:50.505494329,0.0
Case1120,W_Completeren aanvraag,res_c3a01281-6e48-4ea3-a47a-9410360458be,Role 1,2012-03-09 14:26:07.336800265,621,1,res_c3a01281-6e48-4ea3-a47a-9410360458be,2012-03-09 14:23:21.040383265,0.0
Case1121,W_Afhandelen leads,res_425ded41-e317-4198-891a-d9f3e32a6030,Role 1,2012-03-09 14:27:07.759004938,622,0,res_425ded41-e317-4198-891a-d9f3e32a6030,2012-03-09 14:23:55.293534938,0.02564102564102564
Case1121,W_Completeren aanvraag,res_c09d353e-d1d3-4710-a13d-39ecb25ed3a8,Role 1,2012-03-09 15:34:54.552648938,621,2,res_c09d353e-d1d3-4710-a13d-39ecb25ed3a8,2012-03-09 15:32:32.804689938,0.02564102564102564
Case1121,W_Nabellen offertes,res_8435ed72-5b45-4de1-a40d-2e20f14bd3c6,Role 1,2012-03-16 02:16:49.068985038,581,1,res_8435ed72-5b45-4de1-a40d-2e20f14bd3c6,2012-03-16 02:14:54.501234038,0.0
Case1121,W_Nabellen offertes,res_408aec04-fa16-4916-b3c7-40322d591997,Role 1,2012-03-19 02:50:08.464658738,550,1,res_408aec04-fa16-4916-b3c7-40322d591997,2012-03-19 02:41:46.221180738,0.0
Case1121,W_Nabellen offertes,res_31f16881-0e61-460a-88bc-abc46854faba,Role 1,2012-03-21 00:45:39.687870038,542,1,res_31f16881-0e61-460a-88bc-abc46854faba,2012-03-21 00:43:55.166940038,0.0
Case1121,W_Nabellen offertes,res_c3a01281-6e48-4ea3-a47a-9410360458be,Role 1,2012-03-22 15:20:27.248850338,532,1,res_c3a01281-6e48-4ea3-a47a-9410360458be,2012-03-22 15:17:43.085730338,0.0
Case1121,W_Nabellen offertes,res_501654f1-1e08-4e04-8b11-a5fd18a76e7d,Role 1,2012-03-24 04:35:14.346190338,527,1,res_501654f1-1e08-4e04-8b11-a5fd18a76e7d,2012-03-24 04:33:37.497792338,0.0
Case1122,W_Completeren aanvraag,res_8435ed72-5b45-4de1-a40d-2e20f14bd3c6,Role 1,2012-03-09 14:45:21.890402767,620,1,res_8435ed72-5b45-4de1-a40d-2e20f14bd3c6,2012-03-09 14:42:35.573083767,0.0
Case1122,W_Nabellen offertes,res_24e554c7-8afb-451c-a96e-dea7923be74d,Role 1,2012-03-09 15:23:24.195420467,620,1,res_24e554c7-8afb-451c-a96e-dea7923be74d,2012-03-09 15:21:18.402339467,0.0
Case1123,W_Completeren aanvraag,res_7cc6cf66-7797-453d-b952-98449834316b,Role 1,2012-03-09 15:03:07.919863174,621,1,res_7cc6cf66-7797-453d-b952-98449834316b,2012-03-09 15:00:21.450568174,0.0
Case1124,W_Afhandelen leads,res_42f40199-b27a-43f0-a89c-188ab6bfaf36,Role 1,2012-03-09 15:26:06.850633976,620,0,res_42f40199-b27a-43f0-a89c-188ab6bfaf36,2012-03-09 15:22:52.435167976,0.0
Case1124,W_Completeren aanvraag,res_69f394fc-b099-49f7-8f4e-cce94cd03365,Role 1,2012-03-09 16:33:20.551467376,624,3,res_69f394fc-b099-49f7-8f4e-cce94cd03365,2012-03-09 16:31:01.004748376,0.05128205128205128
Case1124,W_Completeren aanvraag,res_425ded41-e317-4198-891a-d9f3e32a6030,Role 1,2012-03-09 19:47:35.086087376,621,1,res_425ded41-e317-4198-891a-d9f3e32a6030,2012-03-09 19:45:46.587265376,0.0
Case1125,W_Completeren aanvraag,res_85f526bd-1f2c-4373-8dcc-9710ee98b7b2,Role 1,2012-03-09 15:27:28.112301456,621,1,res_85f526bd-1f2c-4373-8dcc-9710ee98b7b2,2012-03-09 15:24:42.246742456,0.02564102564102564
Case1125,W_Nabellen offertes,res_7a10508e-56ae-4766-abd2-e94c8442b539,Role 1,2012-03-09 16:03:21.570078456,622,1,res_7a10508e-56ae-4766-abd2-e94c8442b539,2012-03-09 16:01:14.766337456,0.0
Case1126,W_Afhandelen leads,res_7cc6cf66-7797-453d-b952-98449834316b,Role 1,2012-03-09 15:49:12.482193450,622,0,res_7cc6cf66-7797-453d-b952-98449834316b,2012-03-09 15:45:57.672919450,0.0
Case1126,W_Completeren aanvraag,res_a7efadcf-4796-49e4-a611-9f847fa3b6b3,Role 1,2012-03-09 16:56:57.088429250,622,1,res_a7efadcf-4796-49e4-a611-9f847fa3b6b3,2012-03-09 16:54:27.211031250,0.0
Case1127,W_Completeren aanvraag,res_425ded41-e317-4198-891a-d9f3e32a6030,Role 1,2012-03-09 16:06:53.182777244,622,1,res_425ded41-e317-4198-891a-d9f3e32a6030,2012-03-09 16:04:04.706762244,0.0
Case1127,W_Completeren aanvraag,res_cd801f30-7ddb-4e0a-8319-c3bbd19d3bc0,Role 1,2012-03-09 17:15:02.541668944,619,1,res_cd801f30-7ddb-4e0a-8319-c3bbd19d3bc0,2012-03-09 17:12:34.816799944,0.0
Case1127,W_Nabellen offertes,res_69f394fc-b099-49f7-8f4e-cce94cd03365,Role 1,2012-03-16 18:58:56.189308644,575,2,res_69f394fc-b099-49f7-8f4e-cce94cd03365,2012-03-16 18:56:17.257875644,0.02564102564102564
Case1128,W_Completeren aanvraag,res_425ded41-e317-4198-891a-d9f3e32a6030,Role 1,2012-03-09 16:26:27.603107857,623,1,res_425ded41-e317-4198-891a-d9f3e32a6030,2012-03-09 16:23:38.380929857,0.0
Case1128,W_Completeren aanvraag,res_177ed8cb-552b-4612-b348-20f464d6e7e5,Role 1,2012-03-09 17:35:13.724043457,619,2,res_177ed8cb-552b-4612-b348-20f464d6e7e5,2012-03-09 17:32:50.781566457,0.02564102564102564
Case1129,W_Completeren aanvraag,res_cd801f30-7ddb-4e0a-8319-c3bbd19d3bc0,Role 1,2012-03-09 16:27:26.773499839,624,2,res_cd801f30-7ddb-4e0a-8319-c3bbd19d3bc0,2012-03-09 16:24:47.894678839,0.02564102564102564
Case1129,W_Nabellen offertes,res_31f16881-0e61-460a-88bc-abc46854faba,Role 1,2012-03-09 17:01:25.276772339,620,1,res_31f16881-0e61-460a-88bc-abc46854faba,2012-03-09 16:59:19.477221339,0.0
Case113,W_Afhandelen leads,res_a6c40c08-3f7b-4865-a717-e7f1f1b6f98b,Role 1,2012-02-15 16:23:57.392590035,562,0,res_a6c40c08-3f7b-4865-a717-e7f1f1b6f98b,2012-02-15 16:20:49.513427035,0.05128205128205128
Case113,W_Completeren aanvraag,res_3e93a9a9-cdc4-46ed-8b29-3e63e6d2a9a2,Role 1,2012-02-15 17:20:17.613101235,562,2,res_3e93a9a9-cdc4-46ed-8b29-3e63e6d2a9a2,2012-02-15 17:17:45.870416235,0.05128205128205128
Case1130,W_Completeren aanvraag,res_9e7fccd4-b30d-488c-ad55-351ad1a60226,Role 1,2012-03-09 17:26:29.739463415,619,1,res_9e7fccd4-b30d-488c-ad55-351ad1a60226,2012-03-09 17:23:37.984192415,0.0
Case1131,W_Completeren aanvraag,res_408aec04-fa16-4916-b3c7-40322d591997,Role 1,2012-03-09 17:27:46.351512235,620,2,res_408aec04-fa16-4916-b3c7-40322d591997,2012-03-09 17:25:04.624517235,0.02564102564102564
Case1132,W_Afhandelen leads,res_31f16881-0e61-460a-88bc-abc46854faba,Role 1,2012-03-09 17:48:23.736174695,617,0,res_31f16881-0e61-460a-88bc-abc46854faba,2012-03-09 17:45:06.507162695,0.0
Case1132,W_Completeren aanvraag,res_6f56bab9-a4f7-420f-96ab-b17cd82647c1,Role 1,2012-03-09 19:02:12.384895095,620,1,res_6f56bab9-a4f7-420f-96ab-b17cd82647c1,2012-03-09 18:59:38.370191095,0.0
Case1132,W_Nabellen offertes,res_425ded41-e317-4198-891a-d9f3e32a6030,Role 1,2012-03-17 21:55:54.058363295,557,1,res_425ded41-e317-4198-891a-d9f3e32a6030,2012-03-17 21:53:42.193026295,0.0
Case1132,W_Nabellen offertes,res_408aec04-fa16-4916-b3c7-40322d591997,Role 1,2012-03-20 20:12:22.011653995,543,1,res_408aec04-fa16-4916-b3c7-40322d591997,2012-03-20 20:10:44.683467995,0.0
Case1132,W_Nabellen offertes,res_c3a01281-6e48-4ea3-a47a-9410360458be,Role 1,2012-03-22 09:32:06.944358595,532,1,res_c3a01281-6e48-4ea3-a47a-9410360458be,2012-03-22 09:21:56.096654595,0.0
Case1132,W_Nabellen offertes,res_2f56cb7e-3c7c-424a-95d0-d464cdf4e447,Role 1,2012-03-23 22:48:49.968925895,527,1,res_2f56cb7e-3c7c-424a-95d0-d464cdf4e447,2012-03-23 22:47:05.342278895,0.0
Case1132,W_Nabellen offertes,res_e30a7ff2-fdff-43e2-93a6-f30f7d1f4d80,Role 1,2012-03-25 12:11:44.999423895,523,1,res_e30a7ff2-fdff-43e2-93a6-f30f7d1f4d80,2012-03-25 12:10:05.139436895,0.0
Case1132,W_Nabellen offertes,res_d5418cc0-ed10-4016-ac16-0bc32f58673f,Role 1,2012-03-27 21:42:59.710200395,521,1,res_d5418cc0-ed10-4016-ac16-0bc32f58673f,2012-03-27 21:32:36.932611395,0.0
Case1132,W_Nabellen offertes,res_75b73935-48c2-4abe-9548-628b120b0d25,Role 1,2012-03-29 11:45:56.270297695,520,1,res_75b73935-48c2-4abe-9548-628b120b0d25,2012-03-29 11:44:12.411256695,0.0
Case1133,W_Afhandelen leads,res_a7efadcf-4796-49e4-a611-9f847fa3b6b3,Role 1,2012-03-09 18:12:30.756187054,617,0,res_a7efadcf-4796-49e4-a611-9f847fa3b6b3,2012-03-09 18:09:13.199098054,0.0
Case1133,W_Completeren aanvraag,res_408aec04-fa16-4916-b3c7-40322d591997,Role 1,2012-03-09 19:28:27.361396854,621,1,res_408aec04-fa16-4916-b3c7-40322d591997,2012-03-09 19:25:53.751891854,0.02564102564102564
Case1133,W_Nabellen offertes,res_5c0494f5-5178-4b1a-9a41-59b27da90a66,Role 1,2012-03-18 05:46:32.954894253,555,1,res_5c0494f5-5178-4b1a-9a41-59b27da90a66,2012-03-18 05:44:45.445089254,0.0
Case1133,W_Nabellen offertes,res_7cc6cf66-7797-453d-b952-98449834316b,Role 1,2012-03-21 12:50:48.660028653,539,2,res_7cc6cf66-7797-453d-b952-98449834316b,2012-03-21 12:47:32.596353654,0.02564102564102564
Case1133,W_Nabellen offertes,res_d5418cc0-ed10-4016-ac16-0bc32f58673f,Role 1,2012-03-23 00:15:33.075880254,531,1,res_d5418cc0-ed10-4016-ac16-0bc32f58673f,2012-03-23 00:14:00.493626254,0.0
Case1134,W_Afhandelen leads,res_7848a1c1-2878-42e4-b2ac-02ba3ecca52c,Role 1,2012-03-09 18:27:25.522585097,618,0,res_7848a1c1-2878-42e4-b2ac-02ba3ecca52c,2012-03-09 18:24:07.810824097,0.0
Case1134,W_Completeren aanvraag,res_425ded41-e317-4198-891a-d9f3e32a6030,Role 1,2012-03-09 19:44:31.070155397,621,1,res_425ded41-e317-4198-891a-d9f3e32a6030,2012-03-09 19:41:56.123899397,0.0
Case1134,W_Completeren aanvraag,res_63d2fda6-0454-4ad2-8b55-d59c9622a8ed,Role 1,2012-03-10 08:41:39.583318097,617,1,res_63d2fda6-0454-4ad2-8b55-d59c9622a8ed,2012-03-10 08:39:38.220083097,0.0
Case1135,W_Afhandelen leads,res_a6c40c08-3f7b-4865-a717-e7f1f1b6f98b,Role 1,2012-03-09 18:28:40.103636092,619,1,res_a6c40c08-3f7b-4865-a717-e7f1f1b6f98b,2012-03-09 18:25:28.406475092,0.02564102564102564
Case1135,W_Completeren aanvraag,res_7848a1c1-2878-42e4-b2ac-02ba3ecca52c,Role 1,2012-03-09 19:45:59.142033192,621,2,res_7848a1c1-2878-42e4-b2ac-02ba3ecca52c,2012-03-09 19:43:30.424923192,0.02564102564102564
Case1136,W_Afhandelen leads,res_6f56bab9-a4f7-420f-96ab-b17cd82647c1,Role 1,2012-03-09 18:47:21.524356733,620,0,res_6f56bab9-a4f7-420f-96ab-b17cd82647c1,2012-03-09 18:44:03.648795733,0.0
Case1136,W_Completeren aanvraag,res_75b73935-48c2-4abe-9548-628b120b0d25,Role 1,2012-03-09 20:06:29.979081833,620,1,res_75b73935-48c2-4abe-9548-628b120b0d25,2012-03-09 20:03:54.661620833,0.0
Case1136,W_Completeren aanvraag,res_e30a7ff2-fdff-43e2-93a6-f30f7d1f4d80,Role 1,2012-03-10 11:31:23.349915133,614,1,res_e30a7ff2-fdff-43e2-93a6-f30f7d1f4d80,2012-03-10 11:29:32.067649133,0.0
Case1136,W_Completeren aanvraag,res_a6c40c08-3f7b-4865-a717-e7f1f1b6f98b,Role 1,2012-03-10 15:15:15.899987133,614,1,res_a6c40c08-3f7b-4865-a717-e7f1f1b6f98b,2012-03-10 15:13:31.077383133,0.0
Case1136,W_Nabellen offertes,res_3e93a9a9-cdc4-46ed-8b29-3e63e6d2a9a2,Role 1,2012-03-12 01:52:41.260483733,601,1,res_3e93a9a9-cdc4-46ed-8b29-3e63e6d2a9a2,2012-03-12 01:51:07.454395733,0.0
Case1136,W_Nabellen offertes,res_177ed8cb-552b-4612-b348-20f464d6e7e5,Role 1,2012-03-14 13:29:32.507219233,606,1,res_177ed8cb-552b-4612-b348-20f464d6e7e5,2012-03-14 13:25:37.624427233,0.0
Case1137,W_Completeren aanvraag,res_9548f08a-bc89-4837-8ec2-cdb10b4e93b0,Role 1,2012-03-09 19:10:39.794153793,621,1,res_9548f08a-bc89-4837-8ec2-cdb10b4e93b0,2012-03-09 19:07:46.162035793,0.0
Case1137,W_Completeren aanvraag,res_7cc6cf66-7797-453d-b952-98449834316b,Role 1,2012-03-09 20:32:02.631560793,620,1,res_7cc6cf66-7797-453d-b952-98449834316b,2012-03-09 20:29:25.045783793,0.0
Case1137,W_Completeren aanvraag,res_6f56bab9-a4f7-420f-96ab-b17cd82647c1,Role 1,2012-03-10 14:05:35.438587293,613,1,res_6f56bab9-a4f7-420f-96ab-b17cd82647c1,2012-03-10 14:03:47.540026293,0.02564102564102564
Case1138,W_Completeren aanvraag,res_7a10508e-56ae-4766-abd2-e94c8442b539,Role 1,2012-03-09 19:28:08.637268364,621,1,res_7a10508e-56ae-4766-abd2-e94c8442b539,2012-03-09 19:25:14.912944364,0.0
Case1139,W_Completeren aanvraag,res_0eb69d82-9670-4fe3-a195-9d055d280321,Role 1,2012-03-09 19:28:40.104897499,622,2,res_0eb69d82-9670-4fe3-a195-9d055d280321,2012-03-09 19:25:56.218215499,0.02564102564102564
Case1139,W_Completeren aanvraag,res_3e93a9a9-cdc4-46ed-8b29-3e63e6d2a9a2,Role 1,2012-03-09 20:51:42.861119799,622,1,res_3e93a9a9-cdc4-46ed-8b29-3e63e6d2a9a2,2012-03-09 20:49:09.416519799,0.0
Case1139,W_Completeren aanvraag,res_24e554c7-8afb-451c-a96e-dea7923be74d,Role 1,2012-03-10 15:19:33.530916099,615,1,res_24e554c7-8afb-451c-a96e-dea7923be74d,2012-03-10 15:17:46.013660099,0.02564102564102564
Case1139,W_Completeren aanvraag,res_ee4279a0-2b97-4f9d-9945-00c80ada4a95,Role 1,2012-03-10 22:29:32.187701699,609,1,res_ee4279a0-2b97-4f9d-9945-00c80ada4a95,2012-03-10 22:27:56.794684699,0.0
Case1139,W_Completeren aanvraag,res_c3a01281-6e48-4ea3-a47a-9410360458be,Role 1,2012-03-11 14:46:31.011851399,603,1,res_c3a01281-6e48-4ea3-a47a-9410360458be,2012-03-11 14:44:40.280924399,0.0
Case1139,W_Nabellen offertes,res_c3a01281-6e48-4ea3-a47a-9410360458be,Role 1,2012-03-12 00:27:37.091577599,603,1,res_c3a01281-6e48-4ea3-a47a-9410360458be,2012-03-12 00:25:50.737942599,0.0
Case114,W_Completeren aanvraag,res_31f16881-0e61-460a-88bc-abc46854faba,Role 1,2012-02-15 16:54:21.346104106,562,1,res_31f16881-0e61-460a-88bc-abc46854faba,2012-02-15 16:51:48.250628106,0.0
Case114,W_Nabellen offertes,res_42f40199-b27a-43f0-a89c-188ab6bfaf36,Role 1,2012-02-15 17:15:07.723845606,562,1,res_42f40199-b27a-43f0-a89c-188ab6bfaf36,2012-02-15 17:12:48.078307606,0.02564102564102564
Case1140,W_Afhandelen leads,res_b5ab845a-5020-427e-b6f1-42df333cb3fb,Role 1,2012-03-09 20:00:53.656413703,621,0,res_b5ab845a-5020-427e-b6f1-42df333cb3fb,2012-03-09 19:57:36.260687703,0.02564102564102564
Case1140,W_Completeren aanvraag,res_f3a5d8a5-7894-4471-8b15-4aeaf83a4249,Role 1,2012-03-09 21:27:12.604098503,622,1,res_f3a5d8a5-7894-4471-8b15-4aeaf83a4249,2012-03-09 21:24:36.362253503,0.0
Case1140,W_Nabellen offertes,res_7cc6cf66-7797-453d-b952-98449834316b,Role 1,2012-03-17 23:36:52.850601203,556,1,res_7cc6cf66-7797-453d-b952-98449834316b,2012-03-17 23:34:32.860935203,0.0
Case1140,W_Nabellen offertes,res_408aec04-fa16-4916-b3c7-40322d591997,Role 1,2012-03-21 05:46:51.276704403,540,1,res_408aec04-fa16-4916-b3c7-40322d591997,2012-03-21 05:43:22.131382403,0.0
Case1141,W_Afhandelen leads,res_7a10508e-56ae-4766-abd2-e94c8442b539,Role 1,2012-03-09 20:29:25.483740069,621,0,res_7a10508e-56ae-4766-abd2-e94c8442b539,2012-03-09 20:26:06.903380069,0.0
Case1141,W_Completeren aanvraag,res_a6c40c08-3f7b-4865-a717-e7f1f1b6f98b,Role 1,2012-03-09 21:58:24.102028869,623,1,res_a6c40c08-3f7b-4865-a717-e7f1f1b6f98b,2012-03-09 21:55:47.341000869,0.0
Case1142,W_Completeren aanvraag,res_85f526bd-1f2c-4373-8dcc-9710ee98b7b2,Role 1,2012-03-09 20:30:57.512355649,622,1,res_85f526bd-1f2c-4373-8dcc-9710ee98b7b2,2012-03-09 20:28:04.774519649,0.02564102564102564
Case1142,W_Completeren aanvraag,res_a6c40c08-3f7b-4865-a717-e7f1f1b6f98b,Role 1,2012-03-09 22:00:24.964064249,623,2,res_a6c40c08-3f7b-4865-a717-e7f1f1b6f98b,2012-03-09 21:57:49.136604249,0.02564102564102564
Case1142,W_Completeren aanvraag,res_177ed8cb-552b-4612-b348-20f464d6e7e5,Role 1,2012-03-10 18:31:24.117911149,611,1,res_177ed8cb-552b-4612-b348-20f464d6e7e5,2012-03-10 18:29:35.741460149,0.02564102564102564
Case1143,W_Completeren aanvraag,res_7a10508e-56ae-4766-abd2-e94c8442b539,Role 1,2012-03-09 21:30:14.331658436,623,1,res_7a10508e-56ae-4766-abd2-e94c8442b539,2012-03-09 21:27:22.065065436,0.02564102564102564
Case1143,W_Completeren aanvraag,res_7cc6cf66-7797-453d-b952-98449834316b,Role 1,2012-03-09 23:06:20.874865236,623,1,res_7cc6cf66-7797-453d-b952-98449834316b,2012-03-09 23:03:35.693455236,0.0
Case1143,W_Completeren aanvraag,res_177ed8cb-552b-4612-b348-20f464d6e7e5,Role 1,2012-03-10 19:46:31.752820236,609,1,res_177ed8cb-552b-4612-b348-20f464d6e7e5,2012-03-10 19:44:40.754013236,0.0
Case1143,W_Nabellen offertes,res_a6c40c08-3f7b-4865-a717-e7f1f1b6f98b,Role 1,2012-03-12 13:05:06.893909336,596,1,res_a6c40c08-3f7b-4865-a717-e7f1f1b6f98b,2012-03-12 12:54:50.999204336,0.0
Case1144,W_Completeren aanvraag,res_75b73935-48c2-4abe-9548-628b120b0d25,Role 1,2012-03-09 22:29:59.846437433,623,1,res_75b73935-48c2-4abe-9548-628b120b0d25,2012-03-09 22:27:06.556643433,0.0
Case1145,W_Completeren aanvraag,res_31f16881-0e61-460a-88bc-abc46854faba,Role 1,2012-03-09 22:30:15.145175281,624,2,res_31f16881-0e61-460a-88bc-abc46854faba,2012-03-09 22:27:34.765121281,0.02564102564102564
Case1145,W_Nabellen offertes,res_501654f1-1e08-4e04-8b11-a5fd18a76e7d,Role 1,2012-03-09 22:55:36.161551481,623,1,res_501654f1-1e08-4e04-8b11-a5fd18a76e7d,2012-03-09 22:53:17.795193481,0.0
Case1145,W_Nabellen offertes,res_3e93a9a9-cdc4-46ed-8b29-3e63e6d2a9a2,Role 1,2012-03-14 02:31:19.253682181,615,1,res_3e93a9a9-cdc4-46ed-8b29-3e63e6d2a9a2,2012-03-14 02:29:39.112194181,0.0
Case1146,W_Afhandelen leads,res_7a10508e-56ae-4766-abd2-e94c8442b539,Role 1,2012-03-09 23:29:54.470479593,624,0,res_7a10508e-56ae-4766-abd2-e94c8442b539,2012-03-09 23:26:33.921645593,0.0
Case1146,W_Completeren aanvraag,res_e30a7ff2-fdff-43e2-93a6-f30f7d1f4d80,Role 1,2012-03-10 01:26:37.838892393,622,1,res_e30a7ff2-fdff-43e2-93a6-f30f7d1f4d80,2012-03-10 01:24:03.217701393,0.0
Case1146,W_Completeren aanvraag,res_dcb46f81-367a-42ae-96c2-833faef25480,Role 1,2012-03-10 16:41:23.311584393,612,1,res_dcb46f81-367a-42ae-96c2-833faef25480,2012-03-10 16:39:31.978818393,0.0
Case1146,W_Nabellen offertes,res_ee4279a0-2b97-4f9d-9945-00c80ada4a95,Role 1,2012-03-12 08:54:06.062036493,599,1,res_ee4279a0-2b97-4f9d-9945-00c80ada4a95,2012-03-12 08:48:13.083432493,0.0
Case1146,W_Nabellen offertes,res_7a10508e-56ae-4766-abd2-e94c8442b539,Role 1,2012-03-13 22:14:21.123800993,617,1,res_7a10508e-56ae-4766-abd2-e94c8442b539,2012-03-13 22:12:34.359142993,0.0
Case1146,W_Nabellen offertes,res_a6c40c08-3f7b-4865-a717-e7f1f1b6f98b,Role 1,2012-03-15 11:06:36.129234993,590,1,res_a6c40c08-3f7b-4865-a717-e7f1f1b6f98b,2012-03-15 11:05:03.305032993,0.0
Case1146,W_Nabellen offertes,res_9548f08a-bc89-4837-8ec2-cdb10b4e93b0,Role 1,2012-03-17 03:57:08.339957893,569,1,res_9548f08a-bc89-4837-8ec2-cdb10b4e93b0,2012-03-17 03:54:28.734024893,0.0
Case1147,W_Completeren aanvraag,res_f3a5d8a5-7894-4471-8b15-4aeaf83a4249,Role 1,2012-03-09 23:50:21.104590652,625,1,res_f3a5d8a5-7894-4471-8b15-4aeaf83a4249,2012-03-09 23:47:24.161681652,0.0
Case1148,W_Completeren aanvraag,res_24e554c7-8afb-451c-a96e-dea7923be74d,Role 1,2012-03-10 12:44:07.229790087,612,1,res_24e554c7-8afb-451c-a96e-dea7923be74d,2012-03-10 12:41:28.413013087,0.0
Case1148,W_Completeren aanvraag,res_3e93a9a9-cdc4-46ed-8b29-3e63e6d2a9a2,Role 1,2012-03-10 13:55:01.064786887,614,1,res_3e93a9a9-cdc4-46ed-8b29-3e63e6d2a9a2,2012-03-10 13:52:47.611030887,0.0
Case1148,W_Nabellen offertes,res_425ded41-e317-4198-891a-d9f3e32a6030,Role 1,2012-03-17 14:22:47.774325087,561,1,res_425ded41-e317-4198-891a-d9f3e32a6030,2012-03-17 14:21:00.686426087,0.0
Case1149,W_Completeren aanvraag,res_7a10508e-56ae-4766-abd2-e94c8442b539,Role 1,2012-03-10 12:48:47.062926294,613,1,res_7a10508e-56ae-4766-abd2-e94c8442b539,2012-03-10 12:46:08.482900294,0.0
Case115,W_Completeren aanvraag,res_9548f08a-bc89-4837-8ec2-cdb10b4e93b0,Role 1,2012-02-15 17:22:15.201387887,560,1,res_9548f08a-bc89-4837-8ec2-cdb10b4e93b0,2012-02-15 17:19:41.617831887,0.0
Case115,W_Nabellen offertes,res_177ed8cb-552b-4612-b348-20f464d6e7e5,Role 1,2012-02-15 17:41:50.709261087,561,1,res_177ed8cb-552b-4612-b348-20f464d6e7e5,2012-02-15 17:39:30.148743087,0.0
Case115,W_Nabellen offertes,res_ee4279a0-2b97-4f9d-9945-00c80ada4a95,Role 1,2012-02-24 11:16:59.613199587,636,1,res_ee4279a0-2b97-4f9d-9945-00c80ada4a95,2012-02-24 11:15:07.460814587,0.0
Case115,W_Nabellen offertes,res_2f56cb7e-3c7c-424a-95d0-d464cdf4e447,Role 1,2012-02-26 17:33:38.115511987,643,1,res_2f56cb7e-3c7c-424a-95d0-d464cdf4e447,2012-02-26 17:32:05.372698987,0.0
Case115,W_Nabellen offertes,res_408aec04-fa16-4916-b3c7-40322d591997,Role 1,2012-02-29 16:38:40.570726687,624,2,res_408aec04-fa16-4916-b3c7-40322d591997,2012-02-29 16:30:42.364489687,0.02564102564102564
Case115,W_Nabellen offertes,res_425ded41-e317-4198-891a-d9f3e32a6030,Role 1,2012-03-02 04:46:47.772434587,628,1,res_425ded41-e317-4198-891a-d9f3e32a6030,2012-03-02 04:45:10.019479587,0.0
Case1150,W_Completeren aanvraag,res_75b73935-48c2-4abe-9548-628b120b0d25,Role 1,2012-03-10 12:56:20.163843141,613,1,res_75b73935-48c2-4abe-9548-628b120b0d25,2012-03-10 12:53:41.833437141,0.0
Case1150,W_Nabellen offertes,res_9548f08a-bc89-4837-8ec2-cdb10b4e93b0,Role 1,2012-03-10 13:40:17.032593641,616,1,res_9548f08a-bc89-4837-8ec2-cdb10b4e93b0,2012-03-10 13:38:19.171669641,0.02564102564102564
Case1150,W_Nabellen offertes,res_c3a01281-6e48-4ea3-a47a-9410360458be,Role 1,2012-03-19 04:33:59.643615641,549,1,res_c3a01281-6e48-4ea3-a47a-9410360458be,2012-03-19 04:30:25.691310641,0.0
Case1151,W_Completeren aanvraag,res_b5ab845a-5020-427e-b6f1-42df333cb3fb,Role 1,2012-03-10 13:09:19.578651516,614,1,res_b5ab845a-5020-427e-b6f1-42df333cb3fb,2012-03-10 13:06:41.596360516,0.0
Case1152,W_Afhandelen leads,res_d5418cc0-ed10-4016-ac16-0bc32f58673f,Role 1,2012-03-10 13:14:08.620294061,614,0,res_d5418cc0-ed10-4016-ac16-0bc32f58673f,2012-03-10 13:10:58.494998062,0.0
Case1152,W_Completeren aanvraag,res_2f56cb7e-3c7c-424a-95d0-d464cdf4e447,Role 1,2012-03-10 14:23:29.213970862,615,1,res_2f56cb7e-3c7c-424a-95d0-d464cdf4e447,2012-03-10 14:21:07.170497862,0.0
Case1152,W_Completeren aanvraag,res_7848a1c1-2878-42e4-b2ac-02ba3ecca52c,Role 1,2012-03-10 21:01:28.675276662,609,1,res_7848a1c1-2878-42e4-b2ac-02ba3ecca52c,2012-03-10 20:59:41.512463662,0.0
Case1153,W_Afhandelen leads,res_7cc6cf66-7797-453d-b952-98449834316b,Role 1,2012-03-10 13:21:04.626638323,614,0,res_7cc6cf66-7797-453d-b952-98449834316b,2012-03-10 13:17:54.570046323,0.0
Case1153,W_Completeren aanvraag,res_7848a1c1-2878-42e4-b2ac-02ba3ecca52c,Role 1,2012-03-10 14:29:53.711159123,614,1,res_7848a1c1-2878-42e4-b2ac-02ba3ecca52c,2012-03-10 14:27:31.340389123,0.0
Case1154,W_Afhandelen leads,res_7cc6cf66-7797-453d-b952-98449834316b,Role 1,2012-03-10 13:32:48.736505891,615,0,res_7cc6cf66-7797-453d-b952-98449834316b,2012-03-10 13:29:38.774546891,0.0
Case1154,W_Completeren aanvraag,res_69f394fc-b099-49f7-8f4e-cce94cd03365,Role 1,2012-03-10 14:41:04.589445791,613,1,res_69f394fc-b099-49f7-8f4e-cce94cd03365,2012-03-10 14:38:41.659390791,0.0
Case1154,W_Completeren aanvraag,res_ddc79bf3-8255-4b9b-ace2-8a46af780bc5,Role 1,2012-03-10 21:23:15.019249391,608,1,res_ddc79bf3-8255-4b9b-ace2-8a46af780bc5,2012-03-10 21:21:27.387317391,0.0
Case1154,W_Completeren aanvraag,res_f664dcd9-d4b7-456f-a1f7-9daea9e497fd,Role 1,2012-03-11 11:31:00.353726191,603,1,res_f664dcd9-d4b7-456f-a1f7-9daea9e497fd,2012-03-11 11:28:56.964358191,0.0
Case1154,W_Completeren aanvraag,res_63d2fda6-0454-4ad2-8b55-d59c9622a8ed,Role 1,2012-03-11 15:12:23.695193491,604,1,res_63d2fda6-0454-4ad2-8b55-d59c9622a8ed,2012-03-11 15:10:36.904479491,0.0
Case1154,W_Completeren aanvraag,res_e30a7ff2-fdff-43e2-93a6-f30f7d1f4d80,Role 1,2012-03-11 18:10:13.082600491,603,1,res_e30a7ff2-fdff-43e2-93a6-f30f7d1f4d80,2012-03-11 18:08:32.923797491,0.0
Case1154,W_Nabellen offertes,res_7cc6cf66-7797-453d-b952-98449834316b,Role 1,2012-03-13 00:28:17.271302891,620,1,res_7cc6cf66-7797-453d-b952-98449834316b,2012-03-13 00:26:34.704353891,0.0
Case1155,W_Completeren aanvraag,res_d5418cc0-ed10-4016-ac16-0bc32f58673f,Role 1,2012-03-10 13:36:56.665335098,616,1,res_d5418cc0-ed10-4016-ac16-0bc32f58673f,2012-03-10 13:34:18.844434098,0.0
Case1156,W_Afhandelen leads,res_8435ed72-5b45-4de1-a40d-2e20f14bd3c6,Role 1,2012-03-10 14:04:38.122640832,615,0,res_8435ed72-5b45-4de1-a40d-2e20f14bd3c6,2012-03-10 14:01:27.884029832,0.0
Case1156,W_Completeren aanvraag,res_a7efadcf-4796-49e4-a611-9f847fa3b6b3,Role 1,2012-03-10 15:11:33.161597832,613,1,res_a7efadcf-4796-49e4-a611-9f847fa3b6b3,2012-03-10 15:09:08.655647832,0.0
Case1157,W_Completeren aanvraag,res_8435ed72-5b45-4de1-a40d-2e20f14bd3c6,Role 1,2012-03-10 14:36:39.870631920,614,2,res_8435ed72-5b45-4de1-a40d-2e20f14bd3c6,2012-03-10 14:34:09.380685920,0.02564102564102564
Case1158,W_Completeren aanvraag,res_63d2fda6-0454-4ad2-8b55-d59c9622a8ed,Role 1,2012-03-10 14:37:04.047499680,615,3,res_63d2fda6-0454-4ad2-8b55-d59c9622a8ed,2012-03-10 14:34:40.611500680,0.05128205128205128
Case1159,W_Completeren aanvraag,res_fa3ac963-7739-40ef-84e6-624c11774546,Role 1,2012-03-10 15:36:58.682074666,612,1,res_fa3ac963-7739-40ef-84e6-624c11774546,2012-03-10 15:34:14.021176666,0.0
Case116,W_Afhandelen leads,res_425ded41-e317-4198-891a-d9f3e32a6030,Role 1,2012-02-15 17:24:17.649095431,561,0,res_425ded41-e317-4198-891a-d9f3e32a6030,2012-02-15 17:21:06.243265431,0.02564102564102564
Case116,W_Completeren aanvraag,res_24e554c7-8afb-451c-a96e-dea7923be74d,Role 1,2012-02-15 18:21:57.427451931,563,1,res_24e554c7-8afb-451c-a96e-dea7923be74d,2012-02-15 18:19:20.873310931,0.0
Case1160,W_Afhandelen leads,res_7a10508e-56ae-4766-abd2-e94c8442b539,Role 1,2012-03-10 16:30:21.674711589,611,0,res_7a10508e-56ae-4766-abd2-e94c8442b539,2012-03-10 16:27:07.474934589,0.0
Case1160,W_Completeren aanvraag,res_9e7fccd4-b30d-488c-ad55-351ad1a60226,Role 1,2012-03-10 17:37:10.395452389,610,1,res_9e7fccd4-b30d-488c-ad55-351ad1a60226,2012-03-10 17:34:38.713862389,0.0
Case1161,W_Completeren aanvraag,res_69f394fc-b099-49f7-8f4e-cce94cd03365,Role 1,2012-03-11 12:46:38.645574308,604,1,res_69f394fc-b099-49f7-8f4e-cce94cd03365,2012-03-11 12:44:06.127290309,0.0
Case1161,W_Nabellen offertes,res_c09d353e-d1d3-4710-a13d-39ecb25ed3a8,Role 1,2012-03-11 13:30:23.564190709,605,1,res_c09d353e-d1d3-4710-a13d-39ecb25ed3a8,2012-03-11 13:28:18.342250709,0.0
Case1162,W_Completeren aanvraag,res_d5418cc0-ed10-4016-ac16-0bc32f58673f,Role 1,2012-03-11 13:16:25.717307759,605,1,res_d5418cc0-ed10-4016-ac16-0bc32f58673f,2012-03-11 13:13:54.343296759,0.0
Case1162,W_Completeren aanvraag,res_46a776b0-74ef-429c-befa-758731ba64c1,Role 1,2012-03-11 14:27:01.488791759,604,1,res_46a776b0-74ef-429c-befa-758731ba64c1,2012-03-11 14:24:43.055497759,0.0
Case1163,W_Completeren aanvraag,res_a6c40c08-3f7b-4865-a717-e7f1f1b6f98b,Role 1,2012-03-11 13:47:02.786919442,605,1,res_a6c40c08-3f7b-4865-a717-e7f1f1b6f98b,2012-03-11 13:44:31.924139442,0.0
Case1164,W_Completeren aanvraag,res_7848a1c1-2878-42e4-b2ac-02ba3ecca52c,Role 1,2012-03-12 11:57:25.667830769,594,1,res_7848a1c1-2878-42e4-b2ac-02ba3ecca52c,2012-03-12 11:54:53.856884769,0.0
Case1165,W_Completeren aanvraag,res_69f394fc-b099-49f7-8f4e-cce94cd03365,Role 1,2012-03-12 12:55:39.070988947,594,1,res_69f394fc-b099-49f7-8f4e-cce94cd03365,2012-03-12 12:53:11.708137947,0.0
Case1166,W_Afhandelen leads,res_408aec04-fa16-4916-b3c7-40322d591997,Role 1,2012-03-12 12:58:48.266217299,594,0,res_408aec04-fa16-4916-b3c7-40322d591997,2012-03-12 12:55:51.891994299,0.0
Case1166,W_Completeren aanvraag,res_31f16881-0e61-460a-88bc-abc46854faba,Role 1,2012-03-12 14:17:16.803969099,603,1,res_31f16881-0e61-460a-88bc-abc46854faba,2012-03-12 14:14:53.709174099,0.0
Case1166,W_Nabellen offertes,res_fa3ac963-7739-40ef-84e6-624c11774546,Role 1,2012-03-14 16:17:20.504891899,599,1,res_fa3ac963-7739-40ef-84e6-624c11774546,2012-03-14 16:14:53.220475899,0.0
Case1166,W_Nabellen offertes,res_31f16881-0e61-460a-88bc-abc46854faba,Role 1,2012-03-19 04:30:08.762454799,546,1,res_31f16881-0e61-460a-88bc-abc46854faba,2012-03-19 04:28:26.894642799,0.0
Case1166,W_Nabellen offertes,res_425ded41-e317-4198-891a-d9f3e32a6030,Role 1,2012-03-21 09:18:55.200207999,535,1,res_425ded41-e317-4198-891a-d9f3e32a6030,2012-03-21 09:17:11.954375999,0.0
Case1166,W_Nabellen offertes,res_dcb46f81-367a-42ae-96c2-833faef25480,Role 1,2012-03-22 21:42:37.410600499,530,1,res_dcb46f81-367a-42ae-96c2-833faef25480,2012-03-22 21:41:09.983566499,0.0
Case1167,W_Afhandelen leads,res_6f56bab9-a4f7-420f-96ab-b17cd82647c1,Role 1,2012-03-12 13:05:32.263336911,595,0,res_6f56bab9-a4f7-420f-96ab-b17cd82647c1,2012-03-12 13:02:35.877694911,0.0
Case1167,W_Completeren aanvraag,res_0eb69d82-9670-4fe3-a195-9d055d280321,Role 1,2012-03-12 14:21:09.137704011,604,1,res_0eb69d82-9670-4fe3-a195-9d055d280321,2012-03-12 14:18:46.451906011,0.02564102564102564
Case1167,W_Nabellen offertes,res_ddc79bf3-8255-4b9b-ace2-8a46af780bc5,Role 1,2012-03-14 13:46:16.848819811,601,1,res_ddc79bf3-8255-4b9b-ace2-8a46af780bc5,2012-03-14 13:43:13.416021811,0.0
Case1167,W_Nabellen offertes,res_7848a1c1-2878-42e4-b2ac-02ba3ecca52c,Role 1,2012-03-19 02:16:46.066085211,548,1,res_7848a1c1-2878-42e4-b2ac-02ba3ecca52c,2012-03-19 02:14:55.791451211,0.0
Case1168,W_Completeren aanvraag,res_501654f1-1e08-4e04-8b11-a5fd18a76e7d,Role 1,2012-03-12 13:09:09.169825082,596,1,res_501654f1-1e08-4e04-8b11-a5fd18a76e7d,2012-03-12 13:06:42.701876082,0.0
Case1168,W_Completeren aanvraag,res_0eb69d82-9670-4fe3-a195-9d055d280321,Role 1,2012-03-12 14:23:17.682856881,604,2,res_0eb69d82-9670-4fe3-a195-9d055d280321,2012-03-12 14:20:59.969810881,0.02564102564102564
Case1168,W_Completeren aanvraag,res_f3a5d8a5-7894-4471-8b15-4aeaf83a4249,Role 1,2012-03-12 17:04:21.296476182,612,2,res_f3a5d8a5-7894-4471-8b15-4aeaf83a4249,2012-03-12 17:02:16.139161182,0.02564102564102564
Case1168,W_Completeren aanvraag,res_a7efadcf-4796-49e4-a611-9f847fa3b6b3,Role 1,2012-03-12 18:13:14.730510782,616,1,res_a7efadcf-4796-49e4-a611-9f847fa3b6b3,2012-03-12 18:11:31.448036782,0.02564102564102564
Case1168,W_Completeren aanvraag,res_c09d353e-d1d3-4710-a13d-39ecb25ed3a8,Role 1,2012-03-12 18:43:02.476518582,620,2,res_c09d353e-d1d3-4710-a13d-39ecb25ed3a8,2012-03-12 18:41:27.675619582,0.02564102564102564
Case1169,W_Completeren aanvraag,res_f3a5d8a5-7894-4471-8b15-4aeaf83a4249,Role 1,2012-03-12 13:14:23.168631963,597,1,res_f3a5d8a5-7894-4471-8b15-4aeaf83a4249,2012-03-12 13:11:57.024914963,0.0
Case1169,W_Nabellen offertes,res_5c0494f5-5178-4b1a-9a41-59b27da90a66,Role 1,2012-03-12 13:53:04.760837763,602,1,res_5c0494f5-5178-4b1a-9a41-59b27da90a66,2012-03-12 13:50:46.283123763,0.0
Case117,W_Completeren aanvraag,res_31f16881-0e61-460a-88bc-abc46854faba,Role 1,2012-02-15 17:51:01.059363815,562,1,res_31f16881-0e61-460a-88bc-abc46854faba,2012-02-15 17:48:27.372208815,0.0
Case117,W_Nabellen offertes,res_7848a1c1-2878-42e4-b2ac-02ba3ecca52c,Role 1,2012-02-15 18:09:38.495600215,562,1,res_7848a1c1-2878-42e4-b2ac-02ba3ecca52c,2012-02-15 18:07:17.962889215,0.0
Case117,W_Nabellen offertes,res_c3a01281-6e48-4ea3-a47a-9410360458be,Role 1,2012-02-24 08:26:44.393042915,635,1,res_c3a01281-6e48-4ea3-a47a-9410360458be,2012-02-24 08:24:42.512400915,0.0
Case1170,W_Completeren aanvraag,res_69f394fc-b099-49f7-8f4e-cce94cd03365,Role 1,2012-03-12 13:19:44.232103305,598,1,res_69f394fc-b099-49f7-8f4e-cce94cd03365,2012-03-12 13:17:18.400073305,0.0
Case1170,W_Completeren aanvraag,res_b5ab845a-5020-427e-b6f1-42df333cb3fb,Role 1,2012-03-12 14:30:16.741440005,604,1,res_b5ab845a-5020-427e-b6f1-42df333cb3fb,2012-03-12 14:27:56.757757005,0.0
Case1170,W_Nabellen offertes,res_31f16881-0e61-460a-88bc-abc46854faba,Role 1,2012-03-14 13:09:47.636677205,602,1,res_31f16881-0e61-460a-88bc-abc46854faba,2012-03-14 13:06:26.353122205,0.0
Case1171,W_Completeren aanvraag,res_6f56bab9-a4f7-420f-96ab-b17cd82647c1,Role 1,2012-03-12 13:24:19.008591325,599,1,res_6f56bab9-a4f7-420f-96ab-b17cd82647c1,2012-03-12 13:21:53.432732325,0.0
Case1171,W_Nabellen offertes,res_31f16881-0e61-460a-88bc-abc46854faba,Role 1,2012-03-12 14:01:52.987122925,603,1,res_31f16881-0e61-460a-88bc-abc46854faba,2012-03-12 13:59:33.601891925,0.05128205128205128
Case1171,W_Nabellen offertes,res_c6ff2914-8075-4a61-b381-b682f6eb47de,Role 1,2012-03-20 17:11:53.959615425,542,1,res_c6ff2914-8075-4a61-b381-b682f6eb47de,2012-03-20 17:10:11.693818425,0.0
Case1171,W_Nabellen offertes,res_63d2fda6-0454-4ad2-8b55-d59c9622a8ed,Role 1,2012-03-22 13:55:12.909387625,531,1,res_63d2fda6-0454-4ad2-8b55-d59c9622a8ed,2012-03-22 13:53:34.608306625,0.0
Case1171,W_Nabellen offertes,res_c09d353e-d1d3-4710-a13d-39ecb25ed3a8,Role 1,2012-03-24 02:38:49.964772225,526,1,res_c09d353e-d1d3-4710-a13d-39ecb25ed3a8,2012-03-24 02:36:01.752243225,0.0
Case1172,W_Completeren aanvraag,res_177ed8cb-552b-4612-b348-20f464d6e7e5,Role 1,2012-03-12 13:29:40.106956667,600,1,res_177ed8cb-552b-4612-b348-20f464d6e7e5,2012-03-12 13:27:14.807890667,0.0
Case1172,W_Nabellen offertes,res_7a10508e-56ae-4766-abd2-e94c8442b539,Role 1,2012-03-12 14:06:34.815506067,602,1,res_7a10508e-56ae-4766-abd2-e94c8442b539,2012-03-12 14:04:15.730918067,0.0
Case1172,W_Nabellen offertes,res_f664dcd9-d4b7-456f-a1f7-9daea9e497fd,Role 1,2012-03-20 19:14:12.256936666,542,1,res_f664dcd9-d4b7-456f-a1f7-9daea9e497fd,2012-03-20 19:12:21.068059666,0.0
Case1172,W_Nabellen offertes,res_f612d14e-303a-4d03-a37a-3b98918a5014,Role 1,2012-03-22 10:07:22.278293867,532,1,res_f612d14e-303a-4d03-a37a-3b98918a5014,2012-03-22 10:05:25.165751867,0.0
Case1172,W_Nabellen offertes,res_501654f1-1e08-4e04-8b11-a5fd18a76e7d,Role 1,2012-03-23 22:43:49.985076267,526,1,res_501654f1-1e08-4e04-8b11-a5fd18a76e7d,2012-03-23 22:42:13.328393267,0.0
Case1172,W_Nabellen offertes,res_f664dcd9-d4b7-456f-a1f7-9daea9e497fd,Role 1,2012-03-25 19:04:34.150960067,522,1,res_f664dcd9-d4b7-456f-a1f7-9daea9e497fd,2012-03-25 19:03:02.138901067,0.0
Case1172,W_Nabellen offertes,res_fa3ac963-7739-40ef-84e6-624c11774546,Role 1,2012-03-27 20:56:13.541530967,521,1,res_fa3ac963-7739-40ef-84e6-624c11774546,2012-03-27 20:49:58.959535967,0.0
Case1173,W_Completeren aanvraag,res_a6c40c08-3f7b-4865-a717-e7f1f1b6f98b,Role 1,2012-03-12 13:35:10.313384746,600,1,res_a6c40c08-3f7b-4865-a717-e7f1f1b6f98b,2012-03-12 13:32:45.250059746,0.0
Case1173,W_Completeren aanvraag,res_6f56bab9-a4f7-420f-96ab-b17cd82647c1,Role 1,2012-03-12 14:41:31.396629846,605,1,res_6f56bab9-a4f7-420f-96ab-b17cd82647c1,2012-03-12 14:39:10.863648846,0.0
Case1174,W_Afhandelen leads,res_c09d353e-d1d3-4710-a13d-39ecb25ed3a8,Role 1,2012-03-12 13:42:36.985786369,601,0,res_c09d353e-d1d3-4710-a13d-39ecb25ed3a8,2012-03-12 13:39:40.317662369,0.0
Case1174,W_Completeren aanvraag,res_0eb69d82-9670-4fe3-a195-9d055d280321,Role 1,2012-03-12 14:47:25.268269569,605,1,res_0eb69d82-9670-4fe3-a195-9d055d280321,2012-03-12 14:45:00.886322569,0.0
Case1175,W_Completeren aanvraag,res_f664dcd9-d4b7-456f-a1f7-9daea9e497fd,Role 1,2012-03-12 13:46:46.980566852,602,1,res_f664dcd9-d4b7-456f-a1f7-9daea9e497fd,2012-03-12 13:44:22.402440852,0.0
Case1175,W_Completeren aanvraag,res_85f526bd-1f2c-4373-8dcc-9710ee98b7b2,Role 1,2012-03-12 14:50:44.360660452,604,1,res_85f526bd-1f2c-4373-8dcc-9710ee98b7b2,2012-03-12 14:48:23.429615452,0.0
Case1175,W_Completeren aanvraag,res_ddc79bf3-8255-4b9b-ace2-8a46af780bc5,Role 1,2012-03-12 16:52:19.800556352,612,1,res_ddc79bf3-8255-4b9b-ace2-8a46af780bc5,2012-03-12 16:50:11.303772352,0.02564102564102564
Case1175,W_Nabellen offertes,res_75b73935-48c2-4abe-9548-628b120b0d25,Role 1,2012-03-13 13:11:50.814654652,617,1,res_75b73935-48c2-4abe-9548-628b120b0d25,2012-03-13 13:09:28.556777652,0.0
Case1175,W_Nabellen offertes,res_f3a5d8a5-7894-4471-8b15-4aeaf83a4249,Role 1,2012-03-16 18:14:00.284445052,572,1,res_f3a5d8a5-7894-4471-8b15-4aeaf83a4249,2012-03-16 18:08:14.865420052,0.0
Case1176,W_Completeren aanvraag,res_a7efadcf-4796-49e4-a611-9f847fa3b6b3,Role 1,2012-03-12 13:52:21.846157118,602,1,res_a7efadcf-4796-49e4-a611-9f847fa3b6b3,2012-03-12 13:49:57.881838118,0.02564102564102564
Case1176,W_Completeren aanvraag,res_ddc79bf3-8255-4b9b-ace2-8a46af780bc5,Role 1,2012-03-12 14:55:17.465977618,604,1,res_ddc79bf3-8255-4b9b-ace2-8a46af780bc5,2012-03-12 14:52:56.615784618,0.0
Case1176,W_Completeren aanvraag,res_85f526bd-1f2c-4373-8dcc-9710ee98b7b2,Role 1,2012-03-12 16:52:53.456323718,612,2,res_85f526bd-1f2c-4373-8dcc-9710ee98b7b2,2012-03-12 16:50:46.170541718,0.02564102564102564
Case1177,W_Completeren aanvraag,res_75b73935-48c2-4abe-9548-628b120b0d25,Role 1,2012-03-12 13:57:15.320767612,602,1,res_75b73935-48c2-4abe-9548-628b120b0d25,2012-03-12 13:54:51.048518612,0.0
Case1178,W_Afhandelen leads,res_a6c40c08-3f7b-4865-a717-e7f1f1b6f98b,Role 1,2012-03-12 13:58:17.241920372,603,0,res_a6c40c08-3f7b-4865-a717-e7f1f1b6f98b,2012-03-12 13:55:22.279333372,0.02564102564102564
Case1178,W_Completeren aanvraag,res_9548f08a-bc89-4837-8ec2-cdb10b4e93b0,Role 1,2012-03-12 14:59:24.640164372,603,1,res_9548f08a-bc89-4837-8ec2-cdb10b4e93b0,2012-03-12 14:57:00.117353372,0.0
Case1178,W_Nabellen offertes,res_69f394fc-b099-49f7-8f4e-cce94cd03365,Role 1,2012-03-14 03:38:46.760278372,610,1,res_69f394fc-b099-49f7-8f4e-cce94cd03365,2012-03-14 03:36:49.503919372,0.0
Case1179,W_Afhandelen leads,res_177ed8cb-552b-4612-b348-20f464d6e7e5,Role 1,2012-03-12 14:05:03.454249259,603,0,res_177ed8cb-552b-4612-b348-20f464d6e7e5,2012-03-12 14:02:08.279925259,0.02564102564102564
Case1179,W_Completeren aanvraag,res_5c0494f5-5178-4b1a-9a41-59b27da90a66,Role 1,2012-03-12 15:06:12.111064658,605,1,res_5c0494f5-5178-4b1a-9a41-59b27da90a66,2012-03-12 15:03:47.344766658,0.0
Case1179,W_Nabellen offertes,res_c09d353e-d1d3-4710-a13d-39ecb25ed3a8,Role 1,2012-03-14 06:12:34.561348559,607,1,res_c09d353e-d1d3-4710-a13d-39ecb25ed3a8,2012-03-14 06:10:10.924653559,0.0
Case118,W_Completeren aanvraag,res_f3a5d8a5-7894-4471-8b15-4aeaf83a4249,Role 1,2012-02-15 18:09:00.803037783,563,1,res_f3a5d8a5-7894-4471-8b15-4aeaf83a4249,2012-02-15 18:06:28.361377783,0.02564102564102564
Case118,W_Nabellen offertes,res_7848a1c1-2878-42e4-b2ac-02ba3ecca52c,Role 1,2012-02-15 18:27:06.763778483,564,1,res_7848a1c1-2878-42e4-b2ac-02ba3ecca52c,2012-02-15 18:24:47.970992483,0.05128205128205128
Case1180,W_Afhandelen leads,res_42f40199-b27a-43f0-a89c-188ab6bfaf36,Role 1,2012-03-12 14:14:08.762879837,604,0,res_42f40199-b27a-43f0-a89c-188ab6bfaf36,2012-03-12 14:11:11.293123837,0.0
Case1180,W_Completeren aanvraag,res_31f16881-0e61-460a-88bc-abc46854faba,Role 1,2012-03-12 15:13:30.173244137,606,1,res_31f16881-0e61-460a-88bc-abc46854faba,2012-03-12 15:11:05.527212137,0.02564102564102564
Case1180,W_Nabellen offertes,res_c09d353e-d1d3-4710-a13d-39ecb25ed3a8,Role 1,2012-03-14 01:43:13.561740537,612,1,res_c09d353e-d1d3-4710-a13d-39ecb25ed3a8,2012-03-14 01:41:22.295642537,0.0
Case1181,W_Completeren aanvraag,res_0eb69d82-9670-4fe3-a195-9d055d280321,Role 1,2012-03-12 14:20:53.292038121,605,1,res_0eb69d82-9670-4fe3-a195-9d055d280321,2012-03-12 14:18:29.531976121,0.0
Case1182,W_Afhandelen leads,res_2f56cb7e-3c7c-424a-95d0-d464cdf4e447,Role 1,2012-03-12 14:29:46.249106652,605,0,res_2f56cb7e-3c7c-424a-95d0-d464cdf4e447,2012-03-12 14:26:48.217566652,0.0
Case1182,W_Completeren aanvraag,res_e30a7ff2-fdff-43e2-93a6-f30f7d1f4d80,Role 1,2012-03-12 15:28:19.885093352,608,2,res_e30a7ff2-fdff-43e2-93a6-f30f7d1f4d80,2012-03-12 15:25:56.544933352,0.02564102564102564
Case1183,W_Completeren aanvraag,res_f612d14e-303a-4d03-a37a-3b98918a5014,Role 1,2012-03-12 14:36:19.479901112,606,2,res_f612d14e-303a-4d03-a37a-3b98918a5014,2012-03-12 14:34:00.411745112,0.02564102564102564
Case1183,W_Completeren aanvraag,res_63d2fda6-0454-4ad2-8b55-d59c9622a8ed,Role 1,2012-03-12 15:34:20.217234112,606,1,res_63d2fda6-0454-4ad2-8b55-d59c9622a8ed,2012-03-12 15:31:59.040983112,0.0
Case1183,W_Nabellen offertes,res_75b73935-48c2-4abe-9548-628b120b0d25,Role 1,2012-03-14 00:30:41.544060312,612,1,res_75b73935-48c2-4abe-9548-628b120b0d25,2012-03-14 00:28:53.854771312,0.0
Case1183,W_Nabellen offertes,res_5c0494f5-5178-4b1a-9a41-59b27da90a66,Role 1,2012-03-20 12:36:45.468781212,544,1,res_5c0494f5-5178-4b1a-9a41-59b27da90a66,2012-03-20 12:35:06.835266212,0.0
Case1184,W_Completeren aanvraag,res_dcb46f81-367a-42ae-96c2-833faef25480,Role 1,2012-03-12 14:46:48.130654872,605,2,res_dcb46f81-367a-42ae-96c2-833faef25480,2012-03-12 14:44:29.057822872,0.02564102564102564
Case1185,W_Afhandelen leads,res_31f16881-0e61-460a-88bc-abc46854faba,Role 1,2012-03-12 14:57:57.068806632,604,0,res_31f16881-0e61-460a-88bc-abc46854faba,2012-03-12 14:54:57.703900632,0.0
Case1185,W_Completeren aanvraag,res_7cc6cf66-7797-453d-b952-98449834316b,Role 1,2012-03-12 15:54:23.830698732,608,1,res_7cc6cf66-7797-453d-b952-98449834316b,2012-03-12 15:51:57.842101732,0.02564102564102564
Case1186,W_Completeren aanvraag,res_24e554c7-8afb-451c-a96e-dea7923be74d,Role 1,2012-03-12 14:58:11.196196504,605,1,res_24e554c7-8afb-451c-a96e-dea7923be74d,2012-03-12 14:55:48.076182504,0.02564102564102564
Case1186,W_Nabellen offertes,res_f612d14e-303a-4d03-a37a-3b98918a5014,Role 1,2012-03-12 15:25:49.264335004,607,1,res_f612d14e-303a-4d03-a37a-3b98918a5014,2012-03-12 15:23:27.923315004,0.02564102564102564
Case1186,W_Nabellen offertes,res_dcb46f81-367a-42ae-96c2-833faef25480,Role 1,2012-03-21 07:15:43.899425704,536,1,res_dcb46f81-367a-42ae-96c2-833faef25480,2012-03-21 07:13:34.239472704,0.0
Case1186,W_Nabellen offertes,res_a6c40c08-3f7b-4865-a717-e7f1f1b6f98b,Role 1,2012-03-22 22:17:04.626030704,529,1,res_a6c40c08-3f7b-4865-a717-e7f1f1b6f98b,2012-03-22 22:15:27.437467704,0.0
Case1186,W_Nabellen offertes,res_ee4279a0-2b97-4f9d-9945-00c80ada4a95,Role 1,2012-03-24 16:36:32.331411204,524,1,res_ee4279a0-2b97-4f9d-9945-00c80ada4a95,2012-03-24 16:34:48.019087204,0.0
Case1187,W_Afhandelen leads,res_c09d353e-d1d3-4710-a13d-39ecb25ed3a8,Role 1,2012-03-12 15:06:52.320778111,606,0,res_c09d353e-d1d3-4710-a13d-39ecb25ed3a8,2012-03-12 15:03:52.657534111,0.0
Case1187,W_Completeren aanvraag,res_f3a5d8a5-7894-4471-8b15-4aeaf83a4249,Role 1,2012-03-12 16:02:58.304400111,607,1,res_f3a5d8a5-7894-4471-8b15-4aeaf83a4249,2012-03-12 16:00:31.304733111,0.0
Case1187,W_Nabellen offertes,res_dcb46f81-367a-42ae-96c2-833faef25480,Role 1,2012-03-13 17:23:57.005153811,617,1,res_dcb46f81-367a-42ae-96c2-833faef25480,2012-03-13 17:21:52.649632811,0.0
Case1188,W_Completeren aanvraag,res_24e554c7-8afb-451c-a96e-dea7923be74d,Role 1,2012-03-12 15:13:03.573910635,607,1,res_24e554c7-8afb-451c-a96e-dea7923be74d,2012-03-12 15:10:39.665571635,0.0
Case1188,W_Nabellen offertes,res_75b73935-48c2-4abe-9548-628b120b0d25,Role 1,2012-03-12 15:39:38.674619435,607,1,res_75b73935-48c2-4abe-9548-628b120b0d25,2012-03-12 15:37:16.988860435,0.0
Case1189,W_Completeren aanvraag,res_0eb69d82-9670-4fe3-a195-9d055d280321,Role 1,2012-03-12 15:20:57.180017230,608,1,res_0eb69d82-9670-4fe3-a195-9d055d280321,2012-03-12 15:18:33.165021230,0.0
Case119,W_Afhandelen leads,res_6f56bab9-a4f7-420f-96ab-b17cd82647c1,Role 1,2012-02-15 18:23:03.881860182,563,0,res_6f56bab9-a4f7-420f-96ab-b17cd82647c1,2012-02-15 18:19:50.288105182,0.0
Case119,W_Completeren aanvraag,res_5c0494f5-5178-4b1a-9a41-59b27da90a66,Role 1,2012-02-15 19:23:34.048295782,564,1,res_5c0494f5-5178-4b1a-9a41-59b27da90a66,2012-02-15 19:20:57.139302782,0.0
Case119,W_Nabellen offertes,res_5c0494f5-5178-4b1a-9a41-59b27da90a66,Role 1,2012-02-19 10:53:32.740984082,607,1,res_5c0494f5-5178-4b1a-9a41-59b27da90a66,2012-02-19 10:51:03.669286082,0.0
Case1190,W_Afhandelen leads,res_ee4279a0-2b97-4f9d-9945-00c80ada4a95,Role 1,2012-03-12 15:29:54.574852310,607,0,res_ee4279a0-2b97-4f9d-9945-00c80ada4a95,2012-03-12 15:26:55.880394310,0.02564102564102564
Case1190,W_Completeren aanvraag,res_e30a7ff2-fdff-43e2-93a6-f30f7d1f4d80,Role 1,2012-03-12 16:25:25.959645810,610,1,res_e30a7ff2-fdff-43e2-93a6-f30f7d1f4d80,2012-03-12 16:22:59.352189810,0.02564102564102564
Case1190,W_Completeren aanvraag,res_f664dcd9-d4b7-456f-a1f7-9daea9e497fd,Role 1,2012-03-12 17:52:55.567791710,615,2,res_f664dcd9-d4b7-456f-a1f7-9daea9e497fd,2012-03-12 17:50:46.105004710,0.02564102564102564
Case1190,W_Nabellen offertes,res_b5ab845a-5020-427e-b6f1-42df333cb3fb,Role 1,2012-03-13 12:44:13.617434010,619,1,res_b5ab845a-5020-427e-b6f1-42df333cb3fb,2012-03-13 12:41:47.555855010,0.0
Case1191,W_Afhandelen leads,res_a6c40c08-3f7b-4865-a717-e7f1f1b6f98b,Role 1,2012-03-12 15:39:17.126420000,608,0,res_a6c40c08-3f7b-4865-a717-e7f1f1b6f98b,2012-03-12 15:36:18.035060000,0.02564102564102564
Case1191,W_Completeren aanvraag,res_cd801f30-7ddb-4e0a-8319-c3bbd19d3bc0,Role 1,2012-03-12 16:34:32.605476500,612,1,res_cd801f30-7ddb-4e0a-8319-c3bbd19d3bc0,2012-03-12 16:32:05.750763500,0.02564102564102564
Case1192,W_Afhandelen leads,res_5c0494f5-5178-4b1a-9a41-59b27da90a66,Role 1,2012-03-12 15:49:14.961319724,608,0,res_5c0494f5-5178-4b1a-9a41-59b27da90a66,2012-03-12 15:46:13.435431724,0.0
Case1192,W_Completeren aanvraag,res_b5ab845a-5020-427e-b6f1-42df333cb3fb,Role 1,2012-03-12 16:44:10.188687524,611,1,res_b5ab845a-5020-427e-b6f1-42df333cb3fb,2012-03-12 16:41:41.996021524,0.0
Case1192,W_Completeren aanvraag,res_177ed8cb-552b-4612-b348-20f464d6e7e5,Role 1,2012-03-12 18:06:24.158400224,617,1,res_177ed8cb-552b-4612-b348-20f464d6e7e5,2012-03-12 18:04:12.992998224,0.0
Case1192,W_Nabellen offertes,res_31f16881-0e61-460a-88bc-abc46854faba,Role 1,2012-03-13 12:24:51.100748024,619,1,res_31f16881-0e61-460a-88bc-abc46854faba,2012-03-13 12:22:20.243254024,0.0
Case1192,W_Nabellen offertes,res_7a10508e-56ae-4766-abd2-e94c8442b539,Role 1,2012-03-16 21:50:37.466934324,567,1,res_7a10508e-56ae-4766-abd2-e94c8442b539,2012-03-16 21:48:27.016647324,0.0
Case1193,W_Completeren aanvraag,res_ee4279a0-2b97-4f9d-9945-00c80ada4a95,Role 1,2012-03-12 15:58:17.649814437,608,2,res_ee4279a0-2b97-4f9d-9945-00c80ada4a95,2012-03-12 15:55:57.753901437,0.02564102564102564
Case1194,W_Afhandelen leads,res_425ded41-e317-4198-891a-d9f3e32a6030,Role 1,2012-03-12 15:59:16.922165823,609,0,res_425ded41-e317-4198-891a-d9f3e32a6030,2012-03-12 15:56:18.910259823,0.05128205128205128
Case1194,W_Completeren aanvraag,res_a7efadcf-4796-49e4-a611-9f847fa3b6b3,Role 1,2012-03-12 16:54:06.558039323,612,1,res_a7efadcf-4796-49e4-a611-9f847fa3b6b3,2012-03-12 16:51:38.639794323,0.0
Case1195,W_Completeren aanvraag,res_c6ff2914-8075-4a61-b381-b682f6eb47de,Role 1,2012-03-12 16:03:26.052652305,609,1,res_c6ff2914-8075-4a61-b381-b682f6eb47de,2012-03-12 16:01:00.995038305,0.0
Case1195,W_Nabellen offertes,res_9e7fccd4-b30d-488c-ad55-351ad1a60226,Role 1,2012-03-12 16:27:19.461255205,611,1,res_9e7fccd4-b30d-488c-ad55-351ad1a60226,2012-03-12 16:24:57.259997205,0.02564102564102564
Case1195,W_Nabellen offertes,res_24e554c7-8afb-451c-a96e-dea7923be74d,Role 1,2012-03-21 11:11:33.391757305,534,1,res_24e554c7-8afb-451c-a96e-dea7923be74d,2012-03-21 11:09:44.412673305,0.0
Case1196,W_Afhandelen leads,res_46a776b0-74ef-429c-befa-758731ba64c1,Role 1,2012-03-12 16:08:17.102787939,610,0,res_46a776b0-74ef-429c-befa-758731ba64c1,2012-03-12 16:05:14.871338939,0.0
Case1196,W_Completeren aanvraag,res_425ded41-e317-4198-891a-d9f3e32a6030,Role 1,2012-03-12 17:02:57.890641739,612,1,res_425ded41-e317-4198-891a-d9f3e32a6030,2012-03-12 17:00:30.088168739,0.02564102564102564
Case1197,W_Afhandelen leads,res_f664dcd9-d4b7-456f-a1f7-9daea9e497fd,Role 1,2012-03-12 16:18:43.143239787,610,0,res_f664dcd9-d4b7-456f-a1f7-9daea9e497fd,2012-03-12 16:15:40.495079787,0.0
Case1197,W_Completeren aanvraag,res_177ed8cb-552b-4612-b348-20f464d6e7e5,Role 1,2012-03-12 17:13:10.909017287,612,1,res_177ed8cb-552b-4612-b348-20f464d6e7e5,2012-03-12 17:10:42.878534287,0.02564102564102564
Case1197,W_Completeren aanvraag,res_63d2fda6-0454-4ad2-8b55-d59c9622a8ed,Role 1,2012-03-12 18:28:10.549863387,618,1,res_63d2fda6-0454-4ad2-8b55-d59c9622a8ed,2012-03-12 18:25:59.615107387,0.0
Case1197,W_Completeren aanvraag,res_ee4279a0-2b97-4f9d-9945-00c80ada4a95,Role 1,2012-03-12 19:01:21.511981787,621,2,res_ee4279a0-2b97-4f9d-9945-00c80ada4a95,2012-03-12 18:59:33.895485787,0.02564102564102564
Case1198,W_Afhandelen leads,res_63d2fda6-0454-4ad2-8b55-d59c9622a8ed,Role 1,2012-03-12 16:23:44.508775380,611,0,res_63d2fda6-0454-4ad2-8b55-d59c9622a8ed,2012-03-12 16:20:41.721325380,0.0
Case1198,W_Completeren aanvraag,res_fa3ac963-7739-40ef-84e6-624c11774546,Role 1,2012-03-12 17:18:10.267378680,612,1,res_fa3ac963-7739-40ef-84e6-624c11774546,2012-03-12 17:15:41.297475680,0.0
Case1198,W_Completeren aanvraag,res_63d2fda6-0454-4ad2-8b55-d59c9622a8ed,Role 1,2012-03-12 18:32:56.451508480,617,1,res_63d2fda6-0454-4ad2-8b55-d59c9622a8ed,2012-03-12 18:30:45.255222480,0.0
Case1198,W_Completeren aanvraag,res_c09d353e-d1d3-4710-a13d-39ecb25ed3a8,Role 1,2012-03-12 19:06:21.073145680,619,1,res_c09d353e-d1d3-4710-a13d-39ecb25ed3a8,2012-03-12 19:04:31.711987680,0.0
Case1198,W_Nabellen offertes,res_cd801f30-7ddb-4e0a-8319-c3bbd19d3bc0,Role 1,2012-03-12 22:31:33.335806180,626,1,res_cd801f30-7ddb-4e0a-8319-c3bbd19d3bc0,2012-03-12 22:29:57.855740180,0.02564102564102564
Case1199,W_Afhandelen leads,res_6f56bab9-a4f7-420f-96ab-b17cd82647c1,Role 1,2012-03-12 16:28:50.909539161,612,0,res_6f56bab9-a4f7-420f-96ab-b17cd82647c1,2012-03-12 16:25:47.984799161,0.0
Case1199,W_Completeren aanvraag,res_85f526bd-1f2c-4373-8dcc-9710ee98b7b2,Role 1,2012-03-12 17:23:14.156407561,613,1,res_85f526bd-1f2c-4373-8dcc-9710ee98b7b2,2012-03-12 17:20:45.094584561,0.0
Case12,W_Completeren aanvraag,res_425ded41-e317-4198-891a-d9f3e32a6030,Role 1,2012-02-14 08:24:15.746562918,526,1,res_425ded41-e317-4198-891a-d9f3e32a6030,2012-02-14 08:21:33.439839918,0.0
Case12,W_Completeren aanvraag,res_5c0494f5-5178-4b1a-9a41-59b27da90a66,Role 1,2012-02-14 10:55:33.587883318,538,1,res_5c0494f5-5178-4b1a-9a41-59b27da90a66,2012-02-14 10:53:13.500095318,0.0
Case120,W_Afhandelen leads,res_ddc79bf3-8255-4b9b-ace2-8a46af780bc5,Role 1,2012-02-15 18:24:14.843963265,564,1,res_ddc79bf3-8255-4b9b-ace2-8a46af780bc5,2012-02-15 18:21:07.861419265,0.02564102564102564
Case120,W_Completeren aanvraag,res_9e7fccd4-b30d-488c-ad55-351ad1a60226,Role 1,2012-02-15 19:24:27.454888665,564,2,res_9e7fccd4-b30d-488c-ad55-351ad1a60226,2012-02-15 19:21:55.539854665,0.02564102564102564
Case1200,W_Afhandelen leads,res_9548f08a-bc89-4837-8ec2-cdb10b4e93b0,Role 1,2012-03-12 16:34:05.420620041,612,0,res_9548f08a-bc89-4837-8ec2-cdb10b4e93b0,2012-03-12 16:31:02.307838041,0.0
Case1200,W_Completeren aanvraag,res_501654f1-1e08-4e04-8b11-a5fd18a76e7d,Role 1,2012-03-12 17:28:26.081227441,613,1,res_501654f1-1e08-4e04-8b11-a5fd18a76e7d,2012-03-12 17:25:56.916616441,0.0
Case1200,W_Nabellen offertes,res_7848a1c1-2878-42e4-b2ac-02ba3ecca52c,Role 1,2012-03-13 20:48:34.043314341,614,1,res_7848a1c1-2878-42e4-b2ac-02ba3ecca52c,2012-03-13 20:46:37.452327341,0.0
Case1201,W_Completeren aanvraag,res_85f526bd-1f2c-4373-8dcc-9710ee98b7b2,Role 1,2012-03-12 16:42:27.412591069,612,1,res_85f526bd-1f2c-4373-8dcc-9710ee98b7b2,2012-03-12 16:40:01.291254069,0.0
Case1201,W_Nabellen offertes,res_501654f1-1e08-4e04-8b11-a5fd18a76e7d,Role 1,2012-03-12 17:04:44.108917169,612,1,res_501654f1-1e08-4e04-8b11-a5fd18a76e7d,2012-03-12 17:02:21.986027169,0.02564102564102564
Case1202,W_Afhandelen leads,res_177ed8cb-552b-4612-b348-20f464d6e7e5,Role 1,2012-03-12 16:58:41.104746247,612,0,res_177ed8cb-552b-4612-b348-20f464d6e7e5,2012-03-12 16:55:37.208251247,0.0
Case1202,W_Completeren aanvraag,res_31f16881-0e61-460a-88bc-abc46854faba,Role 1,2012-03-12 17:52:51.583737947,616,2,res_31f16881-0e61-460a-88bc-abc46854faba,2012-03-12 17:50:25.800149947,0.05128205128205128
Case1202,W_Nabellen offertes,res_6f56bab9-a4f7-420f-96ab-b17cd82647c1,Role 1,2012-03-14 02:09:01.428384047,611,1,res_6f56bab9-a4f7-420f-96ab-b17cd82647c1,2012-03-14 02:07:07.689322047,0.0
Case1203,W_Afhandelen leads,res_425ded41-e317-4198-891a-d9f3e32a6030,Role 1,2012-03-12 17:01:17.194016786,612,1,res_425ded41-e317-4198-891a-d9f3e32a6030,2012-03-12 16:58:22.429335786,0.02564102564102564
Case1203,W_Completeren aanvraag,res_9548f08a-bc89-4837-8ec2-cdb10b4e93b0,Role 1,2012-03-12 17:55:29.335972186,616,1,res_9548f08a-bc89-4837-8ec2-cdb10b4e93b0,2012-03-12 17:53:01.742809186,0.0
Case1203,W_Completeren aanvraag,res_a7efadcf-4796-49e4-a611-9f847fa3b6b3,Role 1,2012-03-12 19:09:47.812488786,620,1,res_a7efadcf-4796-49e4-a611-9f847fa3b6b3,2012-03-12 19:07:37.226930786,0.02564102564102564
Case1203,W_Nabellen offertes,res_a6c40c08-3f7b-4865-a717-e7f1f1b6f98b,Role 1,2012-03-13 11:59:13.401620586,619,1,res_a6c40c08-3f7b-4865-a717-e7f1f1b6f98b,2012-03-13 11:56:37.301571586,0.0
Case1203,W_Nabellen offertes,res_24e554c7-8afb-451c-a96e-dea7923be74d,Role 1,2012-03-16 17:36:39.085327586,573,1,res_24e554c7-8afb-451c-a96e-dea7923be74d,2012-03-16 17:31:49.341397586,0.0
Case1204,W_Afhandelen leads,res_7a10508e-56ae-4766-abd2-e94c8442b539,Role 1,2012-03-12 17:08:48.869658621,612,0,res_7a10508e-56ae-4766-abd2-e94c8442b539,2012-03-12 17:05:44.697970621,0.0
Case1204,W_Completeren aanvraag,res_a7efadcf-4796-49e4-a611-9f847fa3b6b3,Role 1,2012-03-12 18:03:03.126097121,617,1,res_a7efadcf-4796-49e4-a611-9f847fa3b6b3,2012-03-12 18:00:33.414008121,0.0
Case1204,W_Completeren aanvraag,res_e30a7ff2-fdff-43e2-93a6-f30f7d1f4d80,Role 1,2012-03-12 19:15:24.033356221,621,1,res_e30a7ff2-fdff-43e2-93a6-f30f7d1f4d80,2012-03-12 19:13:12.880306221,0.0
Case1204,W_Completeren aanvraag,res_24e554c7-8afb-451c-a96e-dea7923be74d,Role 1,2012-03-12 19:52:06.576653621,621,1,res_24e554c7-8afb-451c-a96e-dea7923be74d,2012-03-12 19:50:16.859656621,0.0
Case1205,W_Completeren aanvraag,res_177ed8cb-552b-4612-b348-20f464d6e7e5,Role 1,2012-03-12 17:14:33.985878034,613,2,res_177ed8cb-552b-4612-b348-20f464d6e7e5,2012-03-12 17:12:12.564541034,0.02564102564102564
Case1205,W_Nabellen offertes,res_75b73935-48c2-4abe-9548-628b120b0d25,Role 1,2012-03-12 17:36:06.518949934,614,1,res_75b73935-48c2-4abe-9548-628b120b0d25,2012-03-12 17:33:46.795259934,0.0
Case1205,W_Nabellen offertes,res_fa3ac963-7739-40ef-84e6-624c11774546,Role 1,2012-03-21 10:21:59.839354234,535,1,res_fa3ac963-7739-40ef-84e6-624c11774546,2012-03-21 10:20:07.819244234,0.0
Case1205,W_Nabellen offertes,res_d5418cc0-ed10-4016-ac16-0bc32f58673f,Role 1,2012-03-23 03:13:16.162322834,529,1,res_d5418cc0-ed10-4016-ac16-0bc32f58673f,2012-03-23 03:04:10.791972834,0.0
Case1206,W_Afhandelen leads,res_6f56bab9-a4f7-420f-96ab-b17cd82647c1,Role 1,2012-03-12 17:20:19.407873540,614,0,res_6f56bab9-a4f7-420f-96ab-b17cd82647c1,2012-03-12 17:17:16.813123540,0.02564102564102564
Case1206,W_Completeren aanvraag,res_fa3ac963-7739-40ef-84e6-624c11774546,Role 1,2012-03-12 18:14:35.447314840,619,1,res_fa3ac963-7739-40ef-84e6-624c11774546,2012-03-12 18:12:05.875009840,0.0
Case1206,W_Nabellen offertes,res_6f56bab9-a4f7-420f-96ab-b17cd82647c1,Role 1,2012-03-14 09:12:58.946343340,603,2,res_6f56bab9-a4f7-420f-96ab-b17cd82647c1,2012-03-14 09:09:51.878984340,0.02564102564102564
Case1207,W_Completeren aanvraag,res_425ded41-e317-4198-891a-d9f3e32a6030,Role 1,2012-03-12 17:24:21.469098659,614,2,res_425ded41-e317-4198-891a-d9f3e32a6030,2012-03-12 17:21:59.905347659,0.02564102564102564
Case1207,W_Nabellen offertes,res_e30a7ff2-fdff-43e2-93a6-f30f7d1f4d80,Role 1,2012-03-12 17:45:39.281872859,615,1,res_e30a7ff2-fdff-43e2-93a6-f30f7d1f4d80,2012-03-12 17:43:19.740850859,0.0
Case1207,W_Nabellen offertes,res_c6ff2914-8075-4a61-b381-b682f6eb47de,Role 1,2012-03-21 10:36:30.021165359,535,1,res_c6ff2914-8075-4a61-b381-b682f6eb47de,2012-03-21 10:34:38.759939359,0.0
Case1208,W_Completeren aanvraag,res_ddc79bf3-8255-4b9b-ace2-8a46af780bc5,Role 1,2012-03-12 17:39:03.756657228,615,1,res_ddc79bf3-8255-4b9b-ace2-8a46af780bc5,2012-03-12 17:36:36.383052228,0.0
Case1208,W_Nabellen offertes,res_c09d353e-d1d3-4710-a13d-39ecb25ed3a8,Role 1,2012-03-12 17:59:56.882576128,617,1,res_c09d353e-d1d3-4710-a13d-39ecb25ed3a8,2012-03-12 17:57:35.371160128,0.02564102564102564
Case1209,W_Afhandelen leads,res_fa3ac963-7739-40ef-84e6-624c11774546,Role 1,2012-03-12 17:46:26.433826752,616,0,res_fa3ac963-7739-40ef-84e6-624c11774546,2012-03-12 17:43:23.391089752,0.02564102564102564
Case1209,W_Completeren aanvraag,res_f612d14e-303a-4d03-a37a-3b98918a5014,Role 1,2012-03-12 18:40:58.260735952,619,1,res_f612d14e-303a-4d03-a37a-3b98918a5014,2012-03-12 18:38:29.435787952,0.02564102564102564
Case1209,W_Nabellen offertes,res_75b73935-48c2-4abe-9548-628b120b0d25,Role 1,2012-03-14 11:28:54.940723352,602,1,res_75b73935-48c2-4abe-9548-628b120b0d25,2012-03-14 11:25:40.074579352,0.0
Case1209,W_Nabellen offertes,res_31f16881-0e61-460a-88bc-abc46854faba,Role 1,2012-03-19 17:24:27.291726352,546,1,res_31f16881-0e61-460a-88bc-abc46854faba,2012-03-19 17:22:22.493994352,0.0
Case1209,W_Nabellen offertes,res_24e554c7-8afb-451c-a96e-dea7923be74d,Role 1,2012-03-21 07:46:11.816530052,536,1,res_24e554c7-8afb-451c-a96e-dea7923be74d,2012-03-21 07:44:25.613646052,0.0
Case121,W_Afhandelen leads,res_63d2fda6-0454-4ad2-8b55-d59c9622a8ed,Role 1,2012-02-15 19:02:27.088499245,564,0,res_63d2fda6-0454-4ad2-8b55-d59c9622a8ed,2012-02-15 18:59:14.763016245,0.02564102564102564
Case121,W_Completeren aanvraag,res_a7efadcf-4796-49e4-a611-9f847fa3b6b3,Role 1,2012-02-15 20:03:52.272269045,565,1,res_a7efadcf-4796-49e4-a611-9f847fa3b6b3,2012-02-15 20:01:15.641404045,0.0
Case1210,W_Completeren aanvraag,res_31f16881-0e61-460a-88bc-abc46854faba,Role 1,2012-03-12 17:51:24.733065568,617,2,res_31f16881-0e61-460a-88bc-abc46854faba,2012-03-12 17:49:02.900269568,0.02564102564102564
Case1210,W_Completeren aanvraag,res_9e7fccd4-b30d-488c-ad55-351ad1a60226,Role 1,2012-03-12 18:45:51.219557368,620,2,res_9e7fccd4-b30d-488c-ad55-351ad1a60226,2012-03-12 18:43:29.880913368,0.02564102564102564
Case1210,W_Nabellen offertes,res_9e7fccd4-b30d-488c-ad55-351ad1a60226,Role 1,2012-03-14 16:20:32.592450568,599,1,res_9e7fccd4-b30d-488c-ad55-351ad1a60226,2012-03-14 16:18:13.516011568,0.0
Case1211,W_Afhandelen leads,res_8435ed72-5b45-4de1-a40d-2e20f14bd3c6,Role 1,2012-03-12 17:59:03.376859742,618,0,res_8435ed72-5b45-4de1-a40d-2e20f14bd3c6,2012-03-12 17:56:01.997654742,0.05128205128205128
Case1211,W_Completeren aanvraag,res_7a10508e-56ae-4766-abd2-e94c8442b539,Role 1,2012-03-12 18:53:42.280787442,621,3,res_7a10508e-56ae-4766-abd2-e94c8442b539,2012-03-12 18:51:19.204474442,0.07692307692307693
Case1211,W_Completeren aanvraag,res_cd801f30-7ddb-4e0a-8319-c3bbd19d3bc0,Role 1,2012-03-12 20:17:37.257608142,623,1,res_cd801f30-7ddb-4e0a-8319-c3bbd19d3bc0,2012-03-12 20:15:28.708574142,0.0
Case1212,W_Completeren aanvraag,res_0eb69d82-9670-4fe3-a195-9d055d280321,Role 1,2012-03-12 17:59:31.750508725,619,2,res_0eb69d82-9670-4fe3-a195-9d055d280321,2012-03-12 17:57:11.511403725,0.07692307692307693
Case1212,W_Nabellen offertes,res_a6c40c08-3f7b-4865-a717-e7f1f1b6f98b,Role 1,2012-03-12 18:20:02.642033125,618,1,res_a6c40c08-3f7b-4865-a717-e7f1f1b6f98b,2012-03-12 18:17:44.180346125,0.02564102564102564
Case1213,W_Completeren aanvraag,res_9548f08a-bc89-4837-8ec2-cdb10b4e93b0,Role 1,2012-03-12 18:07:01.302292559,619,1,res_9548f08a-bc89-4837-8ec2-cdb10b4e93b0,2012-03-12 18:04:33.780038559,0.0
Case1213,W_Nabellen offertes,res_24e554c7-8afb-451c-a96e-dea7923be74d,Role 1,2012-03-12 18:27:26.249476959,618,1,res_24e554c7-8afb-451c-a96e-dea7923be74d,2012-03-12 18:25:05.432288959,0.0
Case1213,W_Nabellen offertes,res_7cc6cf66-7797-453d-b952-98449834316b,Role 1,2012-03-21 06:31:38.299501359,537,1,res_7cc6cf66-7797-453d-b952-98449834316b,2012-03-21 06:29:20.082919359,0.0
Case1214,W_Completeren aanvraag,res_c6ff2914-8075-4a61-b381-b682f6eb47de,Role 1,2012-03-12 18:13:37.218372071,620,1,res_c6ff2914-8075-4a61-b381-b682f6eb47de,2012-03-12 18:11:09.706174071,0.0
Case1215,W_Afhandelen leads,res_7848a1c1-2878-42e4-b2ac-02ba3ecca52c,Role 1,2012-03-12 18:23:15.088097012,618,0,res_7848a1c1-2878-42e4-b2ac-02ba3ecca52c,2012-03-12 18:20:11.711927012,0.02564102564102564
Case1215,W_Completeren aanvraag,res_24e554c7-8afb-451c-a96e-dea7923be74d,Role 1,2012-03-12 19:18:29.549131412,620,1,res_24e554c7-8afb-451c-a96e-dea7923be74d,2012-03-12 19:15:59.960240412,0.0
Case1216,W_Afhandelen leads,res_408aec04-fa16-4916-b3c7-40322d591997,Role 1,2012-03-12 18:34:03.560589246,619,0,res_408aec04-fa16-4916-b3c7-40322d591997,2012-03-12 18:30:58.492026246,0.0
Case1216,W_Completeren aanvraag,res_ee4279a0-2b97-4f9d-9945-00c80ada4a95,Role 1,2012-03-12 19:29:40.733518446,621,1,res_ee4279a0-2b97-4f9d-9945-00c80ada4a95,2012-03-12 19:27:11.905355446,0.02564102564102564
Case1217,W_Completeren aanvraag,res_f612d14e-303a-4d03-a37a-3b98918a5014,Role 1,2012-03-12 18:39:38.739353097,620,1,res_f612d14e-303a-4d03-a37a-3b98918a5014,2012-03-12 18:37:11.246912097,0.0
Case1217,W_Nabellen offertes,res_d5418cc0-ed10-4016-ac16-0bc32f58673f,Role 1,2012-03-12 18:59:31.080029097,620,1,res_d5418cc0-ed10-4016-ac16-0bc32f58673f,2012-03-12 18:57:11.125721097,0.0
Case1218,W_Completeren aanvraag,res_7848a1c1-2878-42e4-b2ac-02ba3ecca52c,Role 1,2012-03-12 18:47:12.993711581,621,1,res_7848a1c1-2878-42e4-b2ac-02ba3ecca52c,2012-03-12 18:44:45.604894581,0.0
Case1218,W_Nabellen offertes,res_9e7fccd4-b30d-488c-ad55-351ad1a60226,Role 1,2012-03-12 19:06:58.489981181,621,1,res_9e7fccd4-b30d-488c-ad55-351ad1a60226,2012-03-12 19:04:38.688632181,0.02564102564102564
Case1219,W_Afhandelen leads,res_2f56cb7e-3c7c-424a-95d0-d464cdf4e447,Role 1,2012-03-12 18:53:49.605549783,620,0,res_2f56cb7e-3c7c-424a-95d0-d464cdf4e447,2012-03-12 18:50:46.270432783,0.02564102564102564
Case1219,W_Completeren aanvraag,res_7848a1c1-2878-42e4-b2ac-02ba3ecca52c,Role 1,2012-03-12 19:50:03.936292183,621,1,res_7848a1c1-2878-42e4-b2ac-02ba3ecca52c,2012-03-12 19:47:34.726420183,0.0
Case1219,W_Completeren aanvraag,res_e30a7ff2-fdff-43e2-93a6-f30f7d1f4d80,Role 1,2012-03-12 21:38:22.018397883,628,1,res_e30a7ff2-fdff-43e2-93a6-f30f7d1f4d80,2012-03-12 21:36:11.031099883,0.0
Case122,W_Afhandelen leads,res_8435ed72-5b45-4de1-a40d-2e20f14bd3c6,Role 1,2012-02-15 19:23:41.730944964,564,0,res_8435ed72-5b45-4de1-a40d-2e20f14bd3c6,2012-02-15 19:20:28.174301964,0.0
Case122,W_Completeren aanvraag,res_24e554c7-8afb-451c-a96e-dea7923be74d,Role 1,2012-02-15 20:26:07.567051264,565,1,res_24e554c7-8afb-451c-a96e-dea7923be74d,2012-02-15 20:23:30.852957264,0.0
Case1220,W_Afhandelen leads,res_7a10508e-56ae-4766-abd2-e94c8442b539,Role 1,2012-03-12 19:00:29.758252119,621,0,res_7a10508e-56ae-4766-abd2-e94c8442b539,2012-03-12 18:57:28.241242120,0.05128205128205128
Case1220,W_Completeren aanvraag,res_7848a1c1-2878-42e4-b2ac-02ba3ecca52c,Role 1,2012-03-12 19:57:04.626228220,622,1,res_7848a1c1-2878-42e4-b2ac-02ba3ecca52c,2012-03-12 19:54:35.780846220,0.0
Case1220,W_Completeren aanvraag,res_f3a5d8a5-7894-4471-8b15-4aeaf83a4249,Role 1,2012-03-12 21:27:24.187763120,627,1,res_f3a5d8a5-7894-4471-8b15-4aeaf83a4249,2012-03-12 21:25:13.266595120,0.0
Case1220,W_Completeren aanvraag,res_7cc6cf66-7797-453d-b952-98449834316b,Role 1,2012-03-12 23:41:55.200635420,628,1,res_7cc6cf66-7797-453d-b952-98449834316b,2012-03-12 23:39:57.328885420,0.0
Case1220,W_Nabellen offertes,res_e30a7ff2-fdff-43e2-93a6-f30f7d1f4d80,Role 1,2012-03-13 16:56:09.307918520,617,1,res_e30a7ff2-fdff-43e2-93a6-f30f7d1f4d80,2012-03-13 16:54:24.955514520,0.0
Case1220,W_Nabellen offertes,res_c09d353e-d1d3-4710-a13d-39ecb25ed3a8,Role 1,2012-03-15 00:06:31.692286220,593,1,res_c09d353e-d1d3-4710-a13d-39ecb25ed3a8,2012-03-15 00:04:57.620189220,0.0
Case1221,W_Afhandelen leads,res_f612d14e-303a-4d03-a37a-3b98918a5014,Role 1,2012-03-12 19:01:25.303526641,621,1,res_f612d14e-303a-4d03-a37a-3b98918a5014,2012-03-12 18:58:30.702871641,0.05128205128205128
Case1221,W_Completeren aanvraag,res_7cc6cf66-7797-453d-b952-98449834316b,Role 1,2012-03-12 19:57:49.718477441,623,3,res_7cc6cf66-7797-453d-b952-98449834316b,2012-03-12 19:55:28.721295441,0.07692307692307693
Case1221,W_Completeren aanvraag,res_c09d353e-d1d3-4710-a13d-39ecb25ed3a8,Role 1,2012-03-12 21:52:04.575297541,627,1,res_c09d353e-d1d3-4710-a13d-39ecb25ed3a8,2012-03-12 21:49:55.965896541,0.0
Case1221,W_Nabellen offertes,res_fa3ac963-7739-40ef-84e6-624c11774546,Role 1,2012-03-14 06:34:25.606362941,605,1,res_fa3ac963-7739-40ef-84e6-624c11774546,2012-03-14 06:32:15.666866941,0.0
Case1222,W_Afhandelen leads,res_e30a7ff2-fdff-43e2-93a6-f30f7d1f4d80,Role 1,2012-03-12 19:10:33.892132307,621,0,res_e30a7ff2-fdff-43e2-93a6-f30f7d1f4d80,2012-03-12 19:07:30.693733307,0.02564102564102564
Case1222,W_Completeren aanvraag,res_63d2fda6-0454-4ad2-8b55-d59c9622a8ed,Role 1,2012-03-12 20:07:26.259075207,624,1,res_63d2fda6-0454-4ad2-8b55-d59c9622a8ed,2012-03-12 20:04:59.817563207,0.07692307692307693
Case1222,W_Completeren aanvraag,res_c3a01281-6e48-4ea3-a47a-9410360458be,Role 1,2012-03-12 22:10:36.106588207,627,1,res_c3a01281-6e48-4ea3-a47a-9410360458be,2012-03-12 22:08:25.613672207,0.0
Case1223,W_Completeren aanvraag,res_8435ed72-5b45-4de1-a40d-2e20f14bd3c6,Role 1,2012-03-12 19:18:41.529074773,620,1,res_8435ed72-5b45-4de1-a40d-2e20f14bd3c6,2012-03-12 19:16:14.565464773,0.0
Case1223,W_Completeren aanvraag,res_63d2fda6-0454-4ad2-8b55-d59c9622a8ed,Role 1,2012-03-12 20:15:54.217096373,622,1,res_63d2fda6-0454-4ad2-8b55-d59c9622a8ed,2012-03-12 20:13:29.200776373,0.0
Case1223,W_Nabellen offertes,res_69f394fc-b099-49f7-8f4e-cce94cd03365,Role 1,2012-03-15 15:54:03.608307373,583,1,res_69f394fc-b099-49f7-8f4e-cce94cd03365,2012-03-15 15:50:45.560457373,0.0
Case1223,W_Nabellen offertes,res_c3a01281-6e48-4ea3-a47a-9410360458be,Role 1,2012-03-20 09:04:38.997157673,545,1,res_c3a01281-6e48-4ea3-a47a-9410360458be,2012-03-20 09:03:00.441004673,0.0
Case1223,W_Nabellen offertes,res_9548f08a-bc89-4837-8ec2-cdb10b4e93b0,Role 1,2012-03-21 21:44:25.728697273,532,1,res_9548f08a-bc89-4837-8ec2-cdb10b4e93b0,2012-03-21 21:42:26.369955273,0.0
Case1223,W_Nabellen offertes,res_75b73935-48c2-4abe-9548-628b120b0d25,Role 1,2012-03-23 13:51:42.569099573,528,1,res_75b73935-48c2-4abe-9548-628b120b0d25,2012-03-23 13:49:59.911539573,0.0
Case1224,W_Afhandelen leads,res_85f526bd-1f2c-4373-8dcc-9710ee98b7b2,Role 1,2012-03-12 19:24:14.506475542,621,0,res_85f526bd-1f2c-4373-8dcc-9710ee98b7b2,2012-03-12 19:21:09.747036542,0.0
Case1224,W_Completeren aanvraag,res_cd801f30-7ddb-4e0a-8319-c3bbd19d3bc0,Role 1,2012-03-12 20:21:51.335101242,623,1,res_cd801f30-7ddb-4e0a-8319-c3bbd19d3bc0,2012-03-12 20:19:22.492505242,0.0
Case1224,W_Completeren aanvraag,res_fa3ac963-7739-40ef-84e6-624c11774546,Role 1,2012-03-12 22:32:49.179201842,625,2,res_fa3ac963-7739-40ef-84e6-624c11774546,2012-03-12 22:30:38.712930842,0.02564102564102564
Case1225,W_Completeren aanvraag,res_9548f08a-bc89-4837-8ec2-cdb10b4e93b0,Role 1,2012-03-12 19:34:25.087276051,621,1,res_9548f08a-bc89-4837-8ec2-cdb10b4e93b0,2012-03-12 19:31:58.542027051,0.0
Case1225,W_Nabellen offertes,res_3e93a9a9-cdc4-46ed-8b29-3e63e6d2a9a2,Role 1,2012-03-12 19:54:11.040990151,623,1,res_3e93a9a9-cdc4-46ed-8b29-3e63e6d2a9a2,2012-03-12 19:51:52.600183151,0.05128205128205128
Case1225,W_Nabellen offertes,res_2f56cb7e-3c7c-424a-95d0-d464cdf4e447,Role 1,2012-03-20 22:00:15.070480851,541,1,res_2f56cb7e-3c7c-424a-95d0-d464cdf4e447,2012-03-20 21:57:01.430789851,0.0
Case1226,W_Completeren aanvraag,res_7cc6cf66-7797-453d-b952-98449834316b,Role 1,2012-03-12 19:42:09.307044909,621,1,res_7cc6cf66-7797-453d-b952-98449834316b,2012-03-12 19:39:42.974465909,0.0
Case1226,W_Nabellen offertes,res_c3a01281-6e48-4ea3-a47a-9410360458be,Role 1,2012-03-12 20:01:58.868528209,623,1,res_c3a01281-6e48-4ea3-a47a-9410360458be,2012-03-12 19:59:40.829740209,0.02564102564102564
Case1227,W_Completeren aanvraag,res_ee4279a0-2b97-4f9d-9945-00c80ada4a95,Role 1,2012-03-12 19:48:32.908179772,622,1,res_ee4279a0-2b97-4f9d-9945-00c80ada4a95,2012-03-12 19:46:06.811253772,0.0
Case1227,W_Completeren aanvraag,res_501654f1-1e08-4e04-8b11-a5fd18a76e7d,Role 1,2012-03-12 20:47:15.458383372,625,1,res_501654f1-1e08-4e04-8b11-a5fd18a76e7d,2012-03-12 20:44:51.744768372,0.02564102564102564
Case1228,W_Completeren aanvraag,res_9e7fccd4-b30d-488c-ad55-351ad1a60226,Role 1,2012-03-12 19:52:24.179357570,623,2,res_9e7fccd4-b30d-488c-ad55-351ad1a60226,2012-03-12 19:50:03.560978570,0.02564102564102564
Case1229,W_Afhandelen leads,res_c09d353e-d1d3-4710-a13d-39ecb25ed3a8,Role 1,2012-03-12 20:00:54.062422701,623,0,res_c09d353e-d1d3-4710-a13d-39ecb25ed3a8,2012-03-12 19:57:50.008308701,0.0
Case1229,W_Completeren aanvraag,res_42f40199-b27a-43f0-a89c-188ab6bfaf36,Role 1,2012-03-12 21:00:24.755953401,626,1,res_42f40199-b27a-43f0-a89c-188ab6bfaf36,2012-03-12 20:57:57.753745401,0.02564102564102564
Case1229,W_Completeren aanvraag,res_fa3ac963-7739-40ef-84e6-624c11774546,Role 1,2012-03-12 23:44:06.494576401,628,1,res_fa3ac963-7739-40ef-84e6-624c11774546,2012-03-12 23:41:54.334819401,0.0
Case1229,W_Completeren aanvraag,res_ee4279a0-2b97-4f9d-9945-00c80ada4a95,Role 1,2012-03-13 07:07:50.526694301,625,1,res_ee4279a0-2b97-4f9d-9945-00c80ada4a95,2012-03-13 07:05:25.771586301,0.0
Case1229,W_Nabellen offertes,res_9548f08a-bc89-4837-8ec2-cdb10b4e93b0,Role 1,2012-03-13 10:53:43.326498801,619,1,res_9548f08a-bc89-4837-8ec2-cdb10b4e93b0,2012-03-13 10:51:42.626908801,0.0
Case1229,W_Nabellen offertes,res_c3a01281-6e48-4ea3-a47a-9410360458be,Role 1,2012-03-15 03:44:14.462597001,590,1,res_c3a01281-6e48-4ea3-a47a-9410360458be,2012-03-15 03:42:39.396562001,0.0
Case1229,W_Nabellen offertes,res_b5ab845a-5020-427e-b6f1-42df333cb3fb,Role 1,2012-03-16 15:11:33.193100201,573,1,res_b5ab845a-5020-427e-b6f1-42df333cb3fb,2012-03-16 15:00:25.054655201,0.0
Case1229,W_Nabellen offertes,res_75b73935-48c2-4abe-9548-628b120b0d25,Role 1,2012-03-18 07:06:55.272514001,553,1,res_75b73935-48c2-4abe-9548-628b120b0d25,2012-03-18 07:05:16.113165001,0.0
Case123,W_Afhandelen leads,res_b5ab845a-5020-427e-b6f1-42df333cb3fb,Role 1,2012-02-15 19:24:44.564225947,565,1,res_b5ab845a-5020-427e-b6f1-42df333cb3fb,2012-02-15 19:21:37.688050947,0.02564102564102564
Case123,W_Completeren aanvraag,res_501654f1-1e08-4e04-8b11-a5fd18a76e7d,Role 1,2012-02-15 20:26:49.120536247,565,2,res_501654f1-1e08-4e04-8b11-a5fd18a76e7d,2012-02-15 20:24:17.592413247,0.02564102564102564
Case123,W_Completeren aanvraag,res_75b73935-48c2-4abe-9548-628b120b0d25,Role 1,2012-02-16 05:05:27.207366647,562,1,res_75b73935-48c2-4abe-9548-628b120b0d25,2012-02-16 05:02:47.160631647,0.0
Case123,W_Nabellen offertes,res_a6c40c08-3f7b-4865-a717-e7f1f1b6f98b,Role 1,2012-02-16 15:48:19.643657347,581,1,res_a6c40c08-3f7b-4865-a717-e7f1f1b6f98b,2012-02-16 15:46:33.478492347,0.0
Case123,W_Nabellen offertes,res_ddc79bf3-8255-4b9b-ace2-8a46af780bc5,Role 1,2012-02-20 05:49:01.458493647,602,1,res_ddc79bf3-8255-4b9b-ace2-8a46af780bc5,2012-02-20 05:47:26.703493647,0.0
Case1230,W_Afhandelen leads,res_85f526bd-1f2c-4373-8dcc-9710ee98b7b2,Role 1,2012-03-12 20:01:05.665223726,624,1,res_85f526bd-1f2c-4373-8dcc-9710ee98b7b2,2012-03-12 19:58:12.172112726,0.05128205128205128
Case1230,W_Completeren aanvraag,res_f3a5d8a5-7894-4471-8b15-4aeaf83a4249,Role 1,2012-03-12 21:00:29.494539426,626,2,res_f3a5d8a5-7894-4471-8b15-4aeaf83a4249,2012-03-12 20:58:07.534528426,0.05128205128205128
Case1230,W_Completeren aanvraag,res_24e554c7-8afb-451c-a96e-dea7923be74d,Role 1,2012-03-13 00:14:06.561591726,629,1,res_24e554c7-8afb-451c-a96e-dea7923be74d,2012-03-13 00:11:54.574049726,0.0
Case1231,W_Afhandelen leads,res_31f16881-0e61-460a-88bc-abc46854faba,Role 1,2012-03-12 20:13:18.508048042,623,0,res_31f16881-0e61-460a-88bc-abc46854faba,2012-03-12 20:10:16.525526042,0.02564102564102564
Case1231,W_Completeren aanvraag,res_31f16881-0e61-460a-88bc-abc46854faba,Role 1,2012-03-12 21:13:34.349544742,628,1,res_31f16881-0e61-460a-88bc-abc46854faba,2012-03-12 21:11:07.149671742,0.0
Case1232,W_Afhandelen leads,res_46a776b0-74ef-429c-befa-758731ba64c1,Role 1,2012-03-12 20:24:41.954525586,624,0,res_46a776b0-74ef-429c-befa-758731ba64c1,2012-03-12 20:21:38.566222586,0.0
Case1232,W_Completeren aanvraag,res_7a10508e-56ae-4766-abd2-e94c8442b539,Role 1,2012-03-12 21:25:45.666992186,628,1,res_7a10508e-56ae-4766-abd2-e94c8442b539,2012-03-12 21:23:18.601325186,0.0
Case1232,W_Completeren aanvraag,res_d5418cc0-ed10-4016-ac16-0bc32f58673f,Role 1,2012-03-13 01:58:51.462343886,629,1,res_d5418cc0-ed10-4016-ac16-0bc32f58673f,2012-03-13 01:56:34.369524886,0.0
Case1232,W_Nabellen offertes,res_f3a5d8a5-7894-4471-8b15-4aeaf83a4249,Role 1,2012-03-14 00:00:00.299939986,612,1,res_f3a5d8a5-7894-4471-8b15-4aeaf83a4249,2012-03-13 23:58:20.015885986,0.0
Case1232,W_Nabellen offertes,res_9e7fccd4-b30d-488c-ad55-351ad1a60226,Role 1,2012-03-15 11:49:43.861325486,586,1,res_9e7fccd4-b30d-488c-ad55-351ad1a60226,2012-03-15 11:39:10.521241486,0.0
Case1232,W_Nabellen offertes,res_42f40199-b27a-43f0-a89c-188ab6bfaf36,Role 1,2012-03-16 18:43:03.342767886,571,1,res_42f40199-b27a-43f0-a89c-188ab6bfaf36,2012-03-16 18:41:11.000030886,0.0
Case1233,W_Afhandelen leads,res_ee4279a0-2b97-4f9d-9945-00c80ada4a95,Role 1,2012-03-12 20:36:59.972120827,625,0,res_ee4279a0-2b97-4f9d-9945-00c80ada4a95,2012-03-12 20:33:57.023874827,0.0
Case1233,W_Completeren aanvraag,res_ee4279a0-2b97-4f9d-9945-00c80ada4a95,Role 1,2012-03-12 21:38:58.700514927,628,2,res_ee4279a0-2b97-4f9d-9945-00c80ada4a95,2012-03-12 21:36:34.916428927,0.02564102564102564
Case1233,W_Completeren aanvraag,res_6f56bab9-a4f7-420f-96ab-b17cd82647c1,Role 1,2012-03-13 02:46:26.270707427,628,1,res_6f56bab9-a4f7-420f-96ab-b17cd82647c1,2012-03-13 02:44:06.239352427,0.0
Case1233,W_Nabellen offertes,res_8435ed72-5b45-4de1-a40d-2e20f14bd3c6,Role 1,2012-03-13 22:50:37.874337127,612,1,res_8435ed72-5b45-4de1-a40d-2e20f14bd3c6,2012-03-13 22:48:57.706610127,0.0
Case1233,W_Nabellen offertes,res_2f56cb7e-3c7c-424a-95d0-d464cdf4e447,Role 1,2012-03-15 12:51:09.108436327,585,1,res_2f56cb7e-3c7c-424a-95d0-d464cdf4e447,2012-03-15 12:40:08.677701327,0.0
Case1234,W_Afhandelen leads,res_c6ff2914-8075-4a61-b381-b682f6eb47de,Role 1,2012-03-12 20:45:02.366463434,626,0,res_c6ff2914-8075-4a61-b381-b682f6eb47de,2012-03-12 20:42:01.605226434,0.02564102564102564
Case1234,W_Completeren aanvraag,res_85f526bd-1f2c-4373-8dcc-9710ee98b7b2,Role 1,2012-03-12 21:47:45.548617534,627,1,res_85f526bd-1f2c-4373-8dcc-9710ee98b7b2,2012-03-12 21:45:19.477852534,0.0
Case1235,W_Afhandelen leads,res_cd801f30-7ddb-4e0a-8319-c3bbd19d3bc0,Role 1,2012-03-12 20:54:04.871332737,626,0,res_cd801f30-7ddb-4e0a-8319-c3bbd19d3bc0,2012-03-12 20:51:02.603533737,0.0
Case1235,W_Completeren aanvraag,res_c6ff2914-8075-4a61-b381-b682f6eb47de,Role 1,2012-03-12 21:56:55.973319937,627,1,res_c6ff2914-8075-4a61-b381-b682f6eb47de,2012-03-12 21:54:29.938175937,0.0
Case1235,W_Nabellen offertes,res_177ed8cb-552b-4612-b348-20f464d6e7e5,Role 1,2012-03-16 21:09:38.649305437,568,1,res_177ed8cb-552b-4612-b348-20f464d6e7e5,2012-03-16 21:07:22.668956437,0.0
Case1236,W_Afhandelen leads,res_c3a01281-6e48-4ea3-a47a-9410360458be,Role 1,2012-03-12 21:01:17.725740834,627,0,res_c3a01281-6e48-4ea3-a47a-9410360458be,2012-03-12 20:58:15.805157834,0.0
Case1236,W_Completeren aanvraag,res_f612d14e-303a-4d03-a37a-3b98918a5014,Role 1,2012-03-12 22:05:11.177290234,626,1,res_f612d14e-303a-4d03-a37a-3b98918a5014,2012-03-12 22:02:45.418897234,0.0
Case1236,W_Completeren aanvraag,res_f612d14e-303a-4d03-a37a-3b98918a5014,Role 1,2012-03-13 03:02:34.223189834,628,1,res_f612d14e-303a-4d03-a37a-3b98918a5014,2012-03-13 03:00:11.590686834,0.0
Case1236,W_Completeren aanvraag,res_f612d14e-303a-4d03-a37a-3b98918a5014,Role 1,2012-03-13 06:34:03.459302534,625,1,res_f612d14e-303a-4d03-a37a-3b98918a5014,2012-03-13 06:31:41.665390534,0.0
Case1236,W_Completeren aanvraag,res_a6c40c08-3f7b-4865-a717-e7f1f1b6f98b,Role 1,2012-03-13 08:48:03.947392434,621,1,res_a6c40c08-3f7b-4865-a717-e7f1f1b6f98b,2012-03-13 08:45:52.890468434,0.0
Case1236,W_Completeren aanvraag,res_f664dcd9-d4b7-456f-a1f7-9daea9e497fd,Role 1,2012-03-13 10:42:20.927793533,621,1,res_f664dcd9-d4b7-456f-a1f7-9daea9e497fd,2012-03-13 10:40:16.799805534,0.0
Case1237,W_Afhandelen leads,res_75b73935-48c2-4abe-9548-628b120b0d25,Role 1,2012-03-12 21:02:17.120724180,628,1,res_75b73935-48c2-4abe-9548-628b120b0d25,2012-03-12 20:59:24.311461180,0.02564102564102564
Case1237,W_Completeren aanvraag,res_e30a7ff2-fdff-43e2-93a6-f30f7d1f4d80,Role 1,2012-03-12 22:06:44.489864780,627,2,res_e30a7ff2-fdff-43e2-93a6-f30f7d1f4d80,2012-03-12 22:04:24.642517780,0.07692307692307693
Case1238,W_Completeren aanvraag,res_75b73935-48c2-4abe-9548-628b120b0d25,Role 1,2012-03-12 21:15:28.427231877,628,2,res_75b73935-48c2-4abe-9548-628b120b0d25,2012-03-12 21:13:10.416883877,0.02564102564102564
Case1238,W_Completeren aanvraag,res_b5ab845a-5020-427e-b6f1-42df333cb3fb,Role 1,2012-03-12 22:21:37.810183977,625,1,res_b5ab845a-5020-427e-b6f1-42df333cb3fb,2012-03-12 22:19:18.108098977,0.0
Case1238,W_Completeren aanvraag,res_f3a5d8a5-7894-4471-8b15-4aeaf83a4249,Role 1,2012-03-13 04:49:42.243302877,628,1,res_f3a5d8a5-7894-4471-8b15-4aeaf83a4249,2012-03-13 04:47:06.391163877,0.0
Case1238,W_Nabellen offertes,res_c3a01281-6e48-4ea3-a47a-9410360458be,Role 1,2012-03-13 15:20:44.018690677,617,1,res_c3a01281-6e48-4ea3-a47a-9410360458be,2012-03-13 15:18:50.543582677,0.0
Case1238,W_Nabellen offertes,res_e30a7ff2-fdff-43e2-93a6-f30f7d1f4d80,Role 1,2012-03-15 12:29:20.036770977,586,1,res_e30a7ff2-fdff-43e2-93a6-f30f7d1f4d80,2012-03-15 12:19:41.155989977,0.0
Case1239,W_Completeren aanvraag,res_7cc6cf66-7797-453d-b952-98449834316b,Role 1,2012-03-12 21:31:32.334816354,628,1,res_7cc6cf66-7797-453d-b952-98449834316b,2012-03-12 21:29:10.512576354,0.0
Case124,W_Afhandelen leads,res_42f40199-b27a-43f0-a89c-188ab6bfaf36,Role 1,2012-02-15 20:01:15.692628183,566,0,res_42f40199-b27a-43f0-a89c-188ab6bfaf36,2012-02-15 19:58:03.845084183,0.02564102564102564
Case124,W_Completeren aanvraag,res_6f56bab9-a4f7-420f-96ab-b17cd82647c1,Role 1,2012-02-15 21:04:57.961164683,564,1,res_6f56bab9-a4f7-420f-96ab-b17cd82647c1,2012-02-15 21:02:21.730041683,0.0
Case1240,W_Afhandelen leads,res_9548f08a-bc89-4837-8ec2-cdb10b4e93b0,Role 1,2012-03-12 21:47:29.853811333,627,0,res_9548f08a-bc89-4837-8ec2-cdb10b4e93b0,2012-03-12 21:44:30.310443333,0.0
Case1240,W_Completeren aanvraag,res_8435ed72-5b45-4de1-a40d-2e20f14bd3c6,Role 1,2012-03-12 22:59:39.895464733,627,1,res_8435ed72-5b45-4de1-a40d-2e20f14bd3c6,2012-03-12 22:57:15.693924733,0.0
Case1240,W_Nabellen offertes,res_408aec04-fa16-4916-b3c7-40322d591997,Role 1,2012-03-17 15:03:16.927097133,556,1,res_408aec04-fa16-4916-b3c7-40322d591997,2012-03-17 15:00:14.714170133,0.0
Case1240,W_Nabellen offertes,res_177ed8cb-552b-4612-b348-20f464d6e7e5,Role 1,2012-03-21 20:23:00.573840433,533,1,res_177ed8cb-552b-4612-b348-20f464d6e7e5,2012-03-21 20:21:17.740960433,0.0
Case1241,W_Afhandelen leads,res_ddc79bf3-8255-4b9b-ace2-8a46af780bc5,Role 1,2012-03-12 22:01:34.956907329,627,0,res_ddc79bf3-8255-4b9b-ace2-8a46af780bc5,2012-03-12 21:58:40.594561329,0.05128205128205128
Case1241,W_Completeren aanvraag,res_b5ab845a-5020-427e-b6f1-42df333cb3fb,Role 1,2012-03-12 23:15:39.199993729,628,1,res_b5ab845a-5020-427e-b6f1-42df333cb3fb,2012-03-12 23:13:15.985181729,0.0
Case1241,W_Completeren aanvraag,res_f3a5d8a5-7894-4471-8b15-4aeaf83a4249,Role 1,2012-03-13 06:33:54.231404229,625,1,res_f3a5d8a5-7894-4471-8b15-4aeaf83a4249,2012-03-13 06:31:15.250775229,0.0
Case1241,W_Completeren aanvraag,res_ddc79bf3-8255-4b9b-ace2-8a46af780bc5,Role 1,2012-03-13 09:21:59.020384629,621,1,res_ddc79bf3-8255-4b9b-ace2-8a46af780bc5,2012-03-13 09:19:44.802874629,0.0
Case1241,W_Nabellen offertes,res_75b73935-48c2-4abe-9548-628b120b0d25,Role 1,2012-03-13 12:50:00.712915329,617,1,res_75b73935-48c2-4abe-9548-628b120b0d25,2012-03-13 12:48:04.492929329,0.0
Case1241,W_Nabellen offertes,res_6f56bab9-a4f7-420f-96ab-b17cd82647c1,Role 1,2012-03-16 10:09:54.559873129,575,1,res_6f56bab9-a4f7-420f-96ab-b17cd82647c1,2012-03-16 10:05:27.739301129,0.0
Case1241,W_Nabellen offertes,res_0eb69d82-9670-4fe3-a195-9d055d280321,Role 1,2012-03-18 07:26:39.063881528,552,1,res_0eb69d82-9670-4fe3-a195-9d055d280321,2012-03-18 07:25:05.555014529,0.0
Case1241,W_Nabellen offertes,res_501654f1-1e08-4e04-8b11-a5fd18a76e7d,Role 1,2012-03-21 05:38:24.960939028,538,1,res_501654f1-1e08-4e04-8b11-a5fd18a76e7d,2012-03-21 05:34:57.117739028,0.0
Case1242,W_Completeren aanvraag,res_8435ed72-5b45-4de1-a40d-2e20f14bd3c6,Role 1,2012-03-12 22:02:08.395437587,627,2,res_8435ed72-5b45-4de1-a40d-2e20f14bd3c6,2012-03-12 21:59:52.123201587,0.05128205128205128
Case1243,W_Afhandelen leads,res_75b73935-48c2-4abe-9548-628b120b0d25,Role 1,2012-03-12 22:21:08.691726029,625,0,res_75b73935-48c2-4abe-9548-628b120b0d25,2012-03-12 22:18:11.246392029,0.0
Case1243,W_Completeren aanvraag,res_8435ed72-5b45-4de1-a40d-2e20f14bd3c6,Role 1,2012-03-12 23:43:56.860168929,629,1,res_8435ed72-5b45-4de1-a40d-2e20f14bd3c6,2012-03-12 23:41:33.403506929,0.0
Case1243,W_Nabellen offertes,res_2f56cb7e-3c7c-424a-95d0-d464cdf4e447,Role 1,2012-03-17 08:48:33.654229029,560,1,res_2f56cb7e-3c7c-424a-95d0-d464cdf4e447,2012-03-17 08:46:37.997535029,0.0
Case1243,W_Nabellen offertes,res_75b73935-48c2-4abe-9548-628b120b0d25,Role 1,2012-03-20 20:10:48.815577329,542,1,res_75b73935-48c2-4abe-9548-628b120b0d25,2012-03-20 20:07:55.407730329,0.0
Case1243,W_Nabellen offertes,res_2f56cb7e-3c7c-424a-95d0-d464cdf4e447,Role 1,2012-03-22 08:56:37.342169629,532,1,res_2f56cb7e-3c7c-424a-95d0-d464cdf4e447,2012-03-22 08:54:49.088734629,0.0
Case1243,W_Nabellen offertes,res_f664dcd9-d4b7-456f-a1f7-9daea9e497fd,Role 1,2012-03-23 20:55:07.795732729,526,1,res_f664dcd9-d4b7-456f-a1f7-9daea9e497fd,2012-03-23 20:53:31.859831729,0.0
Case1243,W_Nabellen offertes,res_ddc79bf3-8255-4b9b-ace2-8a46af780bc5,Role 1,2012-03-25 14:09:53.133137229,523,1,res_ddc79bf3-8255-4b9b-ace2-8a46af780bc5,2012-03-25 14:08:11.630304229,0.0
Case1244,W_Completeren aanvraag,res_177ed8cb-552b-4612-b348-20f464d6e7e5,Role 1,2012-03-12 22:31:26.014557363,626,1,res_177ed8cb-552b-4612-b348-20f464d6e7e5,2012-03-12 22:29:06.086056363,0.0
Case1244,W_Nabellen offertes,res_ee4279a0-2b97-4f9d-9945-00c80ada4a95,Role 1,2012-03-12 23:02:22.322412463,628,1,res_ee4279a0-2b97-4f9d-9945-00c80ada4a95,2012-03-12 23:00:05.583662463,0.02564102564102564
Case1244,W_Nabellen offertes,res_7a10508e-56ae-4766-abd2-e94c8442b539,Role 1,2012-03-20 06:24:22.395506263,546,1,res_7a10508e-56ae-4766-abd2-e94c8442b539,2012-03-20 06:22:29.694744263,0.0
Case1244,W_Nabellen offertes,res_0eb69d82-9670-4fe3-a195-9d055d280321,Role 1,2012-03-22 02:02:14.275411563,532,1,res_0eb69d82-9670-4fe3-a195-9d055d280321,2012-03-22 01:54:12.410651563,0.0
Case1244,W_Nabellen offertes,res_9548f08a-bc89-4837-8ec2-cdb10b4e93b0,Role 1,2012-03-23 14:43:43.333200663,527,1,res_9548f08a-bc89-4837-8ec2-cdb10b4e93b0,2012-03-23 14:41:58.278882663,0.0
Case1244,W_Nabellen offertes,res_ee4279a0-2b97-4f9d-9945-00c80ada4a95,Role 1,2012-03-25 06:10:59.539522563,523,1,res_ee4279a0-2b97-4f9d-9945-00c80ada4a95,2012-03-25 06:08:48.045434563,0.0
Case1244,W_Nabellen offertes,res_3e93a9a9-cdc4-46ed-8b29-3e63e6d2a9a2,Role 1,2012-03-27 08:47:14.655046463,522,1,res_3e93a9a9-cdc4-46ed-8b29-3e63e6d2a9a2,2012-03-27 08:45:15.908829463,0.0
Case1245,W_Afhandelen leads,res_42f40199-b27a-43f0-a89c-188ab6bfaf36,Role 1,2012-03-12 22:49:07.949077910,627,0,res_42f40199-b27a-43f0-a89c-188ab6bfaf36,2012-03-12 22:46:12.673160910,0.0
Case1245,W_Completeren aanvraag,res_31f16881-0e61-460a-88bc-abc46854faba,Role 1,2012-03-13 00:24:23.687182610,630,1,res_31f16881-0e61-460a-88bc-abc46854faba,2012-03-13 00:21:58.396836610,0.0
Case1245,W_Completeren aanvraag,res_3e93a9a9-cdc4-46ed-8b29-3e63e6d2a9a2,Role 1,2012-03-13 07:59:30.073090810,623,1,res_3e93a9a9-cdc4-46ed-8b29-3e63e6d2a9a2,2012-03-13 07:56:51.521216810,0.02564102564102564
Case1245,W_Nabellen offertes,res_69f394fc-b099-49f7-8f4e-cce94cd03365,Role 1,2012-03-13 13:39:46.633718810,617,1,res_69f394fc-b099-49f7-8f4e-cce94cd03365,2012-03-13 13:37:49.994556810,0.0
Case1245,W_Nabellen offertes,res_c6ff2914-8075-4a61-b381-b682f6eb47de,Role 1,2012-03-16 06:52:29.096633509,576,1,res_c6ff2914-8075-4a61-b381-b682f6eb47de,2012-03-16 06:50:43.836242510,0.0
Case1246,W_Completeren aanvraag,res_63d2fda6-0454-4ad2-8b55-d59c9622a8ed,Role 1,2012-03-12 22:59:28.995309517,628,1,res_63d2fda6-0454-4ad2-8b55-d59c9622a8ed,2012-03-12 22:57:09.527716517,0.0
Case1247,W_Afhandelen leads,res_dcb46f81-367a-42ae-96c2-833faef25480,Role 1,2012-03-12 23:02:09.148847748,629,0,res_dcb46f81-367a-42ae-96c2-833faef25480,2012-03-12 22:59:19.488203748,0.05128205128205128
Case1247,W_Completeren aanvraag,res_63d2fda6-0454-4ad2-8b55-d59c9622a8ed,Role 1,2012-03-13 00:44:20.445462748,630,1,res_63d2fda6-0454-4ad2-8b55-d59c9622a8ed,2012-03-13 00:41:56.025105748,0.0
Case1247,W_Completeren aanvraag,res_8435ed72-5b45-4de1-a40d-2e20f14bd3c6,Role 1,2012-03-13 06:55:16.004594348,625,1,res_8435ed72-5b45-4de1-a40d-2e20f14bd3c6,2012-03-13 06:52:37.241762348,0.0
Case1248,W_Completeren aanvraag,res_31f16881-0e61-460a-88bc-abc46854faba,Role 1,2012-03-12 23:25:45.218035018,629,2,res_31f16881-0e61-460a-88bc-abc46854faba,2012-03-12 23:23:29.202476018,0.02564102564102564
Case1248,W_Completeren aanvraag,res_425ded41-e317-4198-891a-d9f3e32a6030,Role 1,2012-03-13 01:22:06.310056018,630,1,res_425ded41-e317-4198-891a-d9f3e32a6030,2012-03-13 01:19:44.180000018,0.0
Case1248,W_Completeren aanvraag,res_c3a01281-6e48-4ea3-a47a-9410360458be,Role 1,2012-03-13 05:53:59.662437818,625,1,res_c3a01281-6e48-4ea3-a47a-9410360458be,2012-03-13 05:51:23.836922818,0.02564102564102564
Case1248,W_Completeren aanvraag,res_85f526bd-1f2c-4373-8dcc-9710ee98b7b2,Role 1,2012-03-13 08:22:34.426179018,622,1,res_85f526bd-1f2c-4373-8dcc-9710ee98b7b2,2012-03-13 08:20:17.900524018,0.0
Case1249,W_Afhandelen leads,res_ee4279a0-2b97-4f9d-9945-00c80ada4a95,Role 1,2012-03-12 23:40:35.988632201,630,0,res_ee4279a0-2b97-4f9d-9945-00c80ada4a95,2012-03-12 23:37:44.523822201,0.0
Case1249,W_Completeren aanvraag,res_5c0494f5-5178-4b1a-9a41-59b27da90a66,Role 1,2012-03-13 01:46:03.130761201,629,1,res_5c0494f5-5178-4b1a-9a41-59b27da90a66,2012-03-13 01:43:37.172860201,0.0
Case1249,W_Nabellen offertes,res_ddc79bf3-8255-4b9b-ace2-8a46af780bc5,Role 1,2012-03-16 01:09:21.813700400,579,1,res_ddc79bf3-8255-4b9b-ace2-8a46af780bc5,2012-03-16 01:07:25.775232400,0.0
Case125,W_Completeren aanvraag,res_dcb46f81-367a-42ae-96c2-833faef25480,Role 1,2012-02-15 20:23:07.577443084,565,2,res_dcb46f81-367a-42ae-96c2-833faef25480,2012-02-15 20:20:42.889249084,0.02564102564102564
Case125,W_Completeren aanvraag,res_9548f08a-bc89-4837-8ec2-cdb10b4e93b0,Role 1,2012-02-15 21:27:37.160169784,563,1,res_9548f08a-bc89-4837-8ec2-cdb10b4e93b0,2012-02-15 21:25:08.100707784,0.0
Case125,W_Nabellen offertes,res_46a776b0-74ef-429c-befa-758731ba64c1,Role 1,2012-02-21 03:34:22.874122484,629,1,res_46a776b0-74ef-429c-befa-758731ba64c1,2012-02-21 03:32:22.931098484,0.05128205128205128
Case1250,W_Afhandelen leads,res_dcb46f81-367a-42ae-96c2-833faef25480,Role 1,2012-03-13 00:00:49.975614948,629,0,res_dcb46f81-367a-42ae-96c2-833faef25480,2012-03-12 23:57:59.503260948,0.0
Case1250,W_Completeren aanvraag,res_408aec04-fa16-4916-b3c7-40322d591997,Role 1,2012-03-13 01:33:46.248626747,630,1,res_408aec04-fa16-4916-b3c7-40322d591997,2012-03-13 01:31:21.215734748,0.0
Case1250,W_Completeren aanvraag,res_cd801f30-7ddb-4e0a-8319-c3bbd19d3bc0,Role 1,2012-03-13 05:47:09.751904948,625,1,res_cd801f30-7ddb-4e0a-8319-c3bbd19d3bc0,2012-03-13 05:44:33.651405948,0.02564102564102564
Case1250,W_Nabellen offertes,res_a7efadcf-4796-49e4-a611-9f847fa3b6b3,Role 1,2012-03-13 11:05:06.886992148,619,1,res_a7efadcf-4796-49e4-a611-9f847fa3b6b3,2012-03-13 11:03:04.337678148,0.0
Case1250,W_Nabellen offertes,res_501654f1-1e08-4e04-8b11-a5fd18a76e7d,Role 1,2012-03-16 13:02:11.288902148,574,1,res_501654f1-1e08-4e04-8b11-a5fd18a76e7d,2012-03-16 12:54:52.363124148,0.0
Case1251,W_Afhandelen leads,res_425ded41-e317-4198-891a-d9f3e32a6030,Role 1,2012-03-13 00:02:57.243382090,630,1,res_425ded41-e317-4198-891a-d9f3e32a6030,2012-03-13 00:00:12.486085090,0.02564102564102564
Case1251,W_Completeren aanvraag,res_63d2fda6-0454-4ad2-8b55-d59c9622a8ed,Role 1,2012-03-13 01:38:44.150147590,629,2,res_63d2fda6-0454-4ad2-8b55-d59c9622a8ed,2012-03-13 01:36:23.191284590,0.02564102564102564
Case1251,W_Nabellen offertes,res_a7efadcf-4796-49e4-a611-9f847fa3b6b3,Role 1,2012-03-15 23:20:17.014421690,580,1,res_a7efadcf-4796-49e4-a611-9f847fa3b6b3,2012-03-15 23:18:21.304314690,0.0
Case1252,W_Completeren aanvraag,res_501654f1-1e08-4e04-8b11-a5fd18a76e7d,Role 1,2012-03-13 00:30:43.967544258,631,1,res_501654f1-1e08-4e04-8b11-a5fd18a76e7d,2012-03-13 00:28:27.009647258,0.0
Case1253,W_Completeren aanvraag,res_2f56cb7e-3c7c-424a-95d0-d464cdf4e447,Role 1,2012-03-13 01:02:17.782646000,631,1,res_2f56cb7e-3c7c-424a-95d0-d464cdf4e447,2012-03-13 01:00:00.000000000,0.02564102564102564
Case1253,W_Nabellen offertes,res_fa3ac963-7739-40ef-84e6-624c11774546,Role 1,2012-03-13 01:55:57.493047400,629,1,res_fa3ac963-7739-40ef-84e6-624c11774546,2012-03-13 01:53:32.631493400,0.0
Case1253,W_Nabellen offertes,res_425ded41-e317-4198-891a-d9f3e32a6030,Role 1,2012-03-20 07:43:31.586426400,546,1,res_425ded41-e317-4198-891a-d9f3e32a6030,2012-03-20 07:41:43.024042400,0.0
Case126,W_Completeren aanvraag,res_9548f08a-bc89-4837-8ec2-cdb10b4e93b0,Role 1,2012-02-16 08:30:52.460866149,563,1,res_9548f08a-bc89-4837-8ec2-cdb10b4e93b0,2012-02-16 08:27:42.263013149,0.0
Case127,W_Afhandelen leads,res_f664dcd9-d4b7-456f-a1f7-9daea9e497fd,Role 1,2012-02-16 08:37:08.143774527,563,0,res_f664dcd9-d4b7-456f-a1f7-9daea9e497fd,2012-02-16 08:33:36.883877527,0.0
Case127,W_Completeren aanvraag,res_7cc6cf66-7797-453d-b952-98449834316b,Role 1,2012-02-16 10:28:02.490516227,571,1,res_7cc6cf66-7797-453d-b952-98449834316b,2012-02-16 10:25:30.929951227,0.0
Case127,W_Completeren aanvraag,res_6f56bab9-a4f7-420f-96ab-b17cd82647c1,Role 1,2012-02-16 15:22:55.444772227,582,2,res_6f56bab9-a4f7-420f-96ab-b17cd82647c1,2012-02-16 15:20:59.879158227,0.02564102564102564
Case127,W_Nabellen offertes,res_f612d14e-303a-4d03-a37a-3b98918a5014,Role 1,2012-02-18 00:12:38.305957527,606,1,res_f612d14e-303a-4d03-a37a-3b98918a5014,2012-02-18 00:10:59.357007527,0.0
Case128,W_Afhandelen leads,res_46a776b0-74ef-429c-befa-758731ba64c1,Role 1,2012-02-16 08:43:27.600465840,564,0,res_46a776b0-74ef-429c-befa-758731ba64c1,2012-02-16 08:39:56.690882840,0.0
Case128,W_Completeren aanvraag,res_f664dcd9-d4b7-456f-a1f7-9daea9e497fd,Role 1,2012-02-16 10:33:24.887869640,572,1,res_f664dcd9-d4b7-456f-a1f7-9daea9e497fd,2012-02-16 10:30:53.461753640,0.0
Case128,W_Nabellen offertes,res_0eb69d82-9670-4fe3-a195-9d055d280321,Role 1,2012-02-18 05:22:18.390269440,603,1,res_0eb69d82-9670-4fe3-a195-9d055d280321,2012-02-18 05:20:25.665921440,0.0
Case128,W_Nabellen offertes,res_9548f08a-bc89-4837-8ec2-cdb10b4e93b0,Role 1,2012-02-23 20:06:36.981474940,630,1,res_9548f08a-bc89-4837-8ec2-cdb10b4e93b0,2012-02-23 20:02:41.310361940,0.0
Case128,W_Nabellen offertes,res_42f40199-b27a-43f0-a89c-188ab6bfaf36,Role 1,2012-02-25 15:00:26.422526640,643,1,res_42f40199-b27a-43f0-a89c-188ab6bfaf36,2012-02-25 14:58:47.413793640,0.0
Case128,W_Nabellen offertes,res_501654f1-1e08-4e04-8b11-a5fd18a76e7d,Role 1,2012-02-27 22:32:44.044445740,623,1,res_501654f1-1e08-4e04-8b11-a5fd18a76e7d,2012-02-27 22:31:11.484768740,0.0
Case129,W_Completeren aanvraag,res_85f526bd-1f2c-4373-8dcc-9710ee98b7b2,Role 1,2012-02-16 08:48:59.194615580,565,1,res_85f526bd-1f2c-4373-8dcc-9710ee98b7b2,2012-02-16 08:45:50.304301580,0.0
Case129,W_Nabellen offertes,res_0eb69d82-9670-4fe3-a195-9d055d280321,Role 1,2012-02-16 09:40:52.933042880,569,1,res_0eb69d82-9670-4fe3-a195-9d055d280321,2012-02-16 09:38:37.800490880,0.0
Case129,W_Nabellen offertes,res_2f56cb7e-3c7c-424a-95d0-d464cdf4e447,Role 1,2012-02-23 18:00:27.467176080,631,1,res_2f56cb7e-3c7c-424a-95d0-d464cdf4e447,2012-02-23 17:58:15.414683080,0.0
Case129,W_Nabellen offertes,res_501654f1-1e08-4e04-8b11-a5fd18a76e7d,Role 1,2012-02-25 18:46:22.091480780,646,1,res_501654f1-1e08-4e04-8b11-a5fd18a76e7d,2012-02-25 18:44:44.745663780,0.0
Case13,W_Afhandelen leads,res_f3a5d8a5-7894-4471-8b15-4aeaf83a4249,Role 1,2012-02-14 08:27:46.935881394,527,0,res_f3a5d8a5-7894-4471-8b15-4aeaf83a4249,2012-02-14 08:24:43.847065394,0.0
Case13,W_Completeren aanvraag,res_177ed8cb-552b-4612-b348-20f464d6e7e5,Role 1,2012-02-14 10:56:53.965121794,538,2,res_177ed8cb-552b-4612-b348-20f464d6e7e5,2012-02-14 10:54:31.881331794,0.02564102564102564
Case13,W_Nabellen offertes,res_85f526bd-1f2c-4373-8dcc-9710ee98b7b2,Role 1,2012-02-15 05:52:33.082548094,543,1,res_85f526bd-1f2c-4373-8dcc-9710ee98b7b2,2012-02-15 05:49:55.102228094,0.0
Case13,W_Nabellen offertes,res_3e93a9a9-cdc4-46ed-8b29-3e63e6d2a9a2,Role 1,2012-02-21 19:57:42.581415594,631,1,res_3e93a9a9-cdc4-46ed-8b29-3e63e6d2a9a2,2012-02-21 19:55:30.710123594,0.0
Case130,W_Afhandelen leads,res_f612d14e-303a-4d03-a37a-3b98918a5014,Role 1,2012-02-16 08:54:36.890690735,566,0,res_f612d14e-303a-4d03-a37a-3b98918a5014,2012-02-16 08:51:06.642231735,0.0
Case130,W_Completeren aanvraag,res_177ed8cb-552b-4612-b348-20f464d6e7e5,Role 1,2012-02-16 10:42:47.827320335,574,1,res_177ed8cb-552b-4612-b348-20f464d6e7e5,2012-02-16 10:40:18.111781335,0.05128205128205128
Case130,W_Nabellen offertes,res_75b73935-48c2-4abe-9548-628b120b0d25,Role 1,2012-02-18 07:07:00.475912535,603,1,res_75b73935-48c2-4abe-9548-628b120b0d25,2012-02-18 07:04:58.109858535,0.0
Case131,W_Completeren aanvraag,res_7848a1c1-2878-42e4-b2ac-02ba3ecca52c,Role 1,2012-02-16 09:01:42.829300394,567,1,res_7848a1c1-2878-42e4-b2ac-02ba3ecca52c,2012-02-16 08:58:34.955540394,0.0
Case131,W_Nabellen offertes,res_31f16881-0e61-460a-88bc-abc46854faba,Role 1,2012-02-16 09:52:37.305760894,570,1,res_31f16881-0e61-460a-88bc-abc46854faba,2012-02-16 09:50:22.700512894,0.0
Case132,W_Afhandelen leads,res_9548f08a-bc89-4837-8ec2-cdb10b4e93b0,Role 1,2012-02-16 09:06:47.522819513,568,0,res_9548f08a-bc89-4837-8ec2-cdb10b4e93b0,2012-02-16 09:03:18.047764513,0.0
Case132,W_Completeren aanvraag,res_f664dcd9-d4b7-456f-a1f7-9daea9e497fd,Role 1,2012-02-16 10:52:58.493326413,574,1,res_f664dcd9-d4b7-456f-a1f7-9daea9e497fd,2012-02-16 10:50:27.472312413,0.0
Case132,W_Nabellen offertes,res_69f394fc-b099-49f7-8f4e-cce94cd03365,Role 1,2012-02-18 09:04:35.727165113,602,1,res_69f394fc-b099-49f7-8f4e-cce94cd03365,2012-02-18 09:02:11.002912113,0.0
Case133,W_Completeren aanvraag,res_85f526bd-1f2c-4373-8dcc-9710ee98b7b2,Role 1,2012-02-16 09:14:51.540314144,569,1,res_85f526bd-1f2c-4373-8dcc-9710ee98b7b2,2012-02-16 09:11:44.792920144,0.0
Case134,W_Completeren aanvraag,res_177ed8cb-552b-4612-b348-20f464d6e7e5,Role 1,2012-02-16 09:23:13.542100224,569,1,res_177ed8cb-552b-4612-b348-20f464d6e7e5,2012-02-16 09:20:07.508293224,0.0
Case135,W_Completeren aanvraag,res_c6ff2914-8075-4a61-b381-b682f6eb47de,Role 1,2012-02-16 09:30:03.968046298,569,1,res_c6ff2914-8075-4a61-b381-b682f6eb47de,2012-02-16 09:26:58.546113298,0.0
Case136,W_Afhandelen leads,res_e30a7ff2-fdff-43e2-93a6-f30f7d1f4d80,Role 1,2012-02-16 09:31:05.409216795,570,0,res_e30a7ff2-fdff-43e2-93a6-f30f7d1f4d80,2012-02-16 09:27:38.843938795,0.02564102564102564
Case136,W_Completeren aanvraag,res_6f56bab9-a4f7-420f-96ab-b17cd82647c1,Role 1,2012-02-16 11:12:46.920502595,576,1,res_6f56bab9-a4f7-420f-96ab-b17cd82647c1,2012-02-16 11:10:18.165265595,0.05128205128205128
Case136,W_Nabellen offertes,res_42f40199-b27a-43f0-a89c-188ab6bfaf36,Role 1,2012-02-18 12:54:12.777144395,601,1,res_42f40199-b27a-43f0-a89c-188ab6bfaf36,2012-02-18 12:51:55.961003395,0.0
Case137,W_Completeren aanvraag,res_e30a7ff2-fdff-43e2-93a6-f30f7d1f4d80,Role 1,2012-02-16 09:42:50.384225024,570,1,res_e30a7ff2-fdff-43e2-93a6-f30f7d1f4d80,2012-02-16 09:39:46.219689024,0.0
Case137,W_Completeren aanvraag,res_75b73935-48c2-4abe-9548-628b120b0d25,Role 1,2012-02-16 11:22:19.717762424,576,1,res_75b73935-48c2-4abe-9548-628b120b0d25,2012-02-16 11:19:48.986645424,0.0
Case137,W_Completeren aanvraag,res_9548f08a-bc89-4837-8ec2-cdb10b4e93b0,Role 1,2012-02-16 16:15:04.110165624,582,1,res_9548f08a-bc89-4837-8ec2-cdb10b4e93b0,2012-02-16 16:13:11.407723624,0.0
Case138,W_Completeren aanvraag,res_ddc79bf3-8255-4b9b-ace2-8a46af780bc5,Role 1,2012-02-16 09:55:36.739352750,570,1,res_ddc79bf3-8255-4b9b-ace2-8a46af780bc5,2012-02-16 09:52:33.893264750,0.0
Case138,W_Nabellen offertes,res_f3a5d8a5-7894-4471-8b15-4aeaf83a4249,Role 1,2012-02-16 10:42:50.517066650,574,1,res_f3a5d8a5-7894-4471-8b15-4aeaf83a4249,2012-02-16 10:40:37.584366650,0.0
Case138,W_Nabellen offertes,res_c6ff2914-8075-4a61-b381-b682f6eb47de,Role 1,2012-02-24 03:46:23.491139150,634,1,res_c6ff2914-8075-4a61-b381-b682f6eb47de,2012-02-24 03:43:59.445784150,0.0
Case139,W_Completeren aanvraag,res_c09d353e-d1d3-4710-a13d-39ecb25ed3a8,Role 1,2012-02-16 10:08:17.917514289,571,1,res_c09d353e-d1d3-4710-a13d-39ecb25ed3a8,2012-02-16 10:05:16.529612289,0.0
Case139,W_Nabellen offertes,res_f612d14e-303a-4d03-a37a-3b98918a5014,Role 1,2012-02-16 10:54:45.054496789,575,1,res_f612d14e-303a-4d03-a37a-3b98918a5014,2012-02-16 10:52:32.483862789,0.02564102564102564
Case139,W_Nabellen offertes,res_425ded41-e317-4198-891a-d9f3e32a6030,Role 1,2012-02-24 05:37:04.832001489,635,1,res_425ded41-e317-4198-891a-d9f3e32a6030,2012-02-24 05:35:09.537205489,0.0
Case14,W_Completeren aanvraag,res_c3a01281-6e48-4ea3-a47a-9410360458be,Role 1,2012-02-14 08:30:17.927516395,528,1,res_c3a01281-6e48-4ea3-a47a-9410360458be,2012-02-14 08:27:36.120269395,0.02564102564102564
Case14,W_Completeren aanvraag,res_42f40199-b27a-43f0-a89c-188ab6bfaf36,Role 1,2012-02-14 11:00:06.627356594,537,1,res_42f40199-b27a-43f0-a89c-188ab6bfaf36,2012-02-14 10:57:47.107308595,0.0
Case140,W_Completeren aanvraag,res_31f16881-0e61-460a-88bc-abc46854faba,Role 1,2012-02-16 10:20:49.748322828,572,2,res_31f16881-0e61-460a-88bc-abc46854faba,2012-02-16 10:17:59.165959828,0.02564102564102564
Case140,W_Nabellen offertes,res_9e7fccd4-b30d-488c-ad55-351ad1a60226,Role 1,2012-02-16 11:06:30.712666728,576,1,res_9e7fccd4-b30d-488c-ad55-351ad1a60226,2012-02-16 11:04:19.779734728,0.02564102564102564
Case140,W_Nabellen offertes,res_f3a5d8a5-7894-4471-8b15-4aeaf83a4249,Role 1,2012-02-24 08:42:06.767355828,635,1,res_f3a5d8a5-7894-4471-8b15-4aeaf83a4249,2012-02-24 08:40:22.314783828,0.0
Case141,W_Afhandelen leads,res_0eb69d82-9670-4fe3-a195-9d055d280321,Role 1,2012-02-16 10:30:50.620064980,573,0,res_0eb69d82-9670-4fe3-a195-9d055d280321,2012-02-16 10:27:28.372744980,0.0
Case141,W_Completeren aanvraag,res_8435ed72-5b45-4de1-a40d-2e20f14bd3c6,Role 1,2012-02-16 11:57:40.998354580,578,2,res_8435ed72-5b45-4de1-a40d-2e20f14bd3c6,2012-02-16 11:55:13.756710580,0.02564102564102564
Case141,W_Completeren aanvraag,res_a7efadcf-4796-49e4-a611-9f847fa3b6b3,Role 1,2012-02-16 16:29:38.788486380,582,1,res_a7efadcf-4796-49e4-a611-9f847fa3b6b3,2012-02-16 16:27:44.713440380,0.0
Case141,W_Nabellen offertes,res_ddc79bf3-8255-4b9b-ace2-8a46af780bc5,Role 1,2012-02-17 22:58:52.443967880,604,1,res_ddc79bf3-8255-4b9b-ace2-8a46af780bc5,2012-02-17 22:57:13.687328880,0.0
Case141,W_Nabellen offertes,res_cd801f30-7ddb-4e0a-8319-c3bbd19d3bc0,Role 1,2012-02-22 01:24:12.786901980,636,1,res_cd801f30-7ddb-4e0a-8319-c3bbd19d3bc0,2012-02-22 01:22:12.505689980,0.0
Case142,W_Afhandelen leads,res_cd801f30-7ddb-4e0a-8319-c3bbd19d3bc0,Role 1,2012-02-16 10:30:58.668414454,574,1,res_cd801f30-7ddb-4e0a-8319-c3bbd19d3bc0,2012-02-16 10:27:46.506766454,0.02564102564102564
Case142,W_Completeren aanvraag,res_75b73935-48c2-4abe-9548-628b120b0d25,Role 1,2012-02-16 11:59:26.273970654,578,2,res_75b73935-48c2-4abe-9548-628b120b0d25,2012-02-16 11:57:00.506339654,0.02564102564102564
Case142,W_Completeren aanvraag,res_cd801f30-7ddb-4e0a-8319-c3bbd19d3bc0,Role 1,2012-02-16 16:35:08.680120354,581,1,res_cd801f30-7ddb-4e0a-8319-c3bbd19d3bc0,2012-02-16 16:33:15.066171354,0.0
Case142,W_Nabellen offertes,res_c6ff2914-8075-4a61-b381-b682f6eb47de,Role 1,2012-02-17 23:50:44.288067954,606,1,res_c6ff2914-8075-4a61-b381-b682f6eb47de,2012-02-17 23:49:05.602801954,0.0
Case142,W_Nabellen offertes,res_c3a01281-6e48-4ea3-a47a-9410360458be,Role 1,2012-02-21 22:43:21.462746554,636,3,res_c3a01281-6e48-4ea3-a47a-9410360458be,2012-02-21 22:37:30.264438554,0.07692307692307693
Case143,W_Afhandelen leads,res_7cc6cf66-7797-453d-b952-98449834316b,Role 1,2012-02-16 10:48:36.404383662,575,0,res_7cc6cf66-7797-453d-b952-98449834316b,2012-02-16 10:45:16.265120662,0.0
Case143,W_Completeren aanvraag,res_3e93a9a9-cdc4-46ed-8b29-3e63e6d2a9a2,Role 1,2012-02-16 12:13:48.826575062,579,1,res_3e93a9a9-cdc4-46ed-8b29-3e63e6d2a9a2,2012-02-16 12:11:19.075530062,0.02564102564102564
Case143,W_Nabellen offertes,res_f3a5d8a5-7894-4471-8b15-4aeaf83a4249,Role 1,2012-02-18 20:42:12.325163062,610,1,res_f3a5d8a5-7894-4471-8b15-4aeaf83a4249,2012-02-18 20:40:26.510330062,0.0
Case143,W_Nabellen offertes,res_408aec04-fa16-4916-b3c7-40322d591997,Role 1,2012-02-24 14:51:58.519307362,643,1,res_408aec04-fa16-4916-b3c7-40322d591997,2012-02-24 14:50:23.788868362,0.0
Case143,W_Nabellen offertes,res_a7efadcf-4796-49e4-a611-9f847fa3b6b3,Role 1,2012-02-26 16:35:17.904939862,639,1,res_a7efadcf-4796-49e4-a611-9f847fa3b6b3,2012-02-26 16:33:48.555397862,0.0
Case143,W_Nabellen offertes,res_85f526bd-1f2c-4373-8dcc-9710ee98b7b2,Role 1,2012-02-29 18:12:22.625441362,631,2,res_85f526bd-1f2c-4373-8dcc-9710ee98b7b2,2012-02-29 18:10:22.754253362,0.02564102564102564
Case143,W_Nabellen offertes,res_ee4279a0-2b97-4f9d-9945-00c80ada4a95,Role 1,2012-03-02 05:55:51.381235162,624,1,res_ee4279a0-2b97-4f9d-9945-00c80ada4a95,2012-03-02 05:54:26.657526162,0.0
Case144,W_Afhandelen leads,res_75b73935-48c2-4abe-9548-628b120b0d25,Role 1,2012-02-16 11:02:17.805743447,576,0,res_75b73935-48c2-4abe-9548-628b120b0d25,2012-02-16 10:58:59.348206447,0.0
Case144,W_Completeren aanvraag,res_425ded41-e317-4198-891a-d9f3e32a6030,Role 1,2012-02-16 12:23:30.312179147,580,1,res_425ded41-e317-4198-891a-d9f3e32a6030,2012-02-16 12:20:59.682537147,0.0
Case145,W_Afhandelen leads,res_31f16881-0e61-460a-88bc-abc46854faba,Role 1,2012-02-16 11:20:05.507266404,577,0,res_31f16881-0e61-460a-88bc-abc46854faba,2012-02-16 11:16:49.255473404,0.0
Case145,W_Completeren aanvraag,res_9e7fccd4-b30d-488c-ad55-351ad1a60226,Role 1,2012-02-16 12:41:16.521731504,581,2,res_9e7fccd4-b30d-488c-ad55-351ad1a60226,2012-02-16 12:38:49.438413504,0.02564102564102564
Case146,W_Completeren aanvraag,res_ddc79bf3-8255-4b9b-ace2-8a46af780bc5,Role 1,2012-02-16 11:30:42.473553474,578,1,res_ddc79bf3-8255-4b9b-ace2-8a46af780bc5,2012-02-16 11:27:53.162148474,0.02564102564102564
Case147,W_Completeren aanvraag,res_a6c40c08-3f7b-4865-a717-e7f1f1b6f98b,Role 1,2012-02-16 11:30:48.029402036,579,2,res_a6c40c08-3f7b-4865-a717-e7f1f1b6f98b,2012-02-16 11:28:08.273833036,0.05128205128205128
Case147,W_Completeren aanvraag,res_a6c40c08-3f7b-4865-a717-e7f1f1b6f98b,Role 1,2012-02-16 12:50:10.525733036,580,1,res_a6c40c08-3f7b-4865-a717-e7f1f1b6f98b,2012-02-16 12:47:45.376158036,0.0
Case147,W_Completeren aanvraag,res_42f40199-b27a-43f0-a89c-188ab6bfaf36,Role 1,2012-02-16 17:18:05.942886136,584,1,res_42f40199-b27a-43f0-a89c-188ab6bfaf36,2012-02-16 17:16:14.636578136,0.0
Case147,W_Completeren aanvraag,res_501654f1-1e08-4e04-8b11-a5fd18a76e7d,Role 1,2012-02-16 19:07:59.355086236,581,1,res_501654f1-1e08-4e04-8b11-a5fd18a76e7d,2012-02-16 19:06:15.370018236,0.0
Case147,W_Nabellen offertes,res_e30a7ff2-fdff-43e2-93a6-f30f7d1f4d80,Role 1,2012-02-17 12:28:08.689627036,592,2,res_e30a7ff2-fdff-43e2-93a6-f30f7d1f4d80,2012-02-17 12:25:52.651983036,0.02564102564102564
Case148,W_Completeren aanvraag,res_fa3ac963-7739-40ef-84e6-624c11774546,Role 1,2012-02-16 11:48:27.642030519,578,1,res_fa3ac963-7739-40ef-84e6-624c11774546,2012-02-16 11:45:40.047078519,0.0
Case148,W_Completeren aanvraag,res_408aec04-fa16-4916-b3c7-40322d591997,Role 1,2012-02-16 13:03:54.311969519,580,1,res_408aec04-fa16-4916-b3c7-40322d591997,2012-02-16 13:01:25.751480519,0.0
Case148,W_Nabellen offertes,res_5c0494f5-5178-4b1a-9a41-59b27da90a66,Role 1,2012-02-19 02:14:03.092685119,608,1,res_5c0494f5-5178-4b1a-9a41-59b27da90a66,2012-02-19 02:12:20.905595119,0.0
Case149,W_Afhandelen leads,res_8435ed72-5b45-4de1-a40d-2e20f14bd3c6,Role 1,2012-02-16 12:00:03.710295689,579,0,res_8435ed72-5b45-4de1-a40d-2e20f14bd3c6,2012-02-16 11:56:52.013318689,0.0
Case149,W_Completeren aanvraag,res_ee4279a0-2b97-4f9d-9945-00c80ada4a95,Role 1,2012-02-16 13:15:12.039630689,580,1,res_ee4279a0-2b97-4f9d-9945-00c80ada4a95,2012-02-16 13:12:42.484341689,0.02564102564102564
Case149,W_Completeren aanvraag,res_a7efadcf-4796-49e4-a611-9f847fa3b6b3,Role 1,2012-02-16 17:21:57.184755489,584,1,res_a7efadcf-4796-49e4-a611-9f847fa3b6b3,2012-02-16 17:20:02.589392489,0.0
Case15,W_Completeren aanvraag,res_69f394fc-b099-49f7-8f4e-cce94cd03365,Role 1,2012-02-14 08:33:41.757841157,529,1,res_69f394fc-b099-49f7-8f4e-cce94cd03365,2012-02-14 08:30:59.624288157,0.0
Case15,W_Completeren aanvraag,res_ee4279a0-2b97-4f9d-9945-00c80ada4a95,Role 1,2012-02-14 11:02:35.432115957,537,2,res_ee4279a0-2b97-4f9d-9945-00c80ada4a95,2012-02-14 11:00:17.252106957,0.02564102564102564
Case150,W_Completeren aanvraag,res_e30a7ff2-fdff-43e2-93a6-f30f7d1f4d80,Role 1,2012-02-16 12:13:00.424939363,580,1,res_e30a7ff2-fdff-43e2-93a6-f30f7d1f4d80,2012-02-16 12:10:15.954937363,0.0
Case150,W_Completeren aanvraag,res_69f394fc-b099-49f7-8f4e-cce94cd03365,Role 1,2012-02-16 13:26:25.941484463,581,1,res_69f394fc-b099-49f7-8f4e-cce94cd03365,2012-02-16 13:23:57.922371463,0.0
Case150,W_Nabellen offertes,res_fa3ac963-7739-40ef-84e6-624c11774546,Role 1,2012-02-19 07:46:54.506210763,607,1,res_fa3ac963-7739-40ef-84e6-624c11774546,2012-02-19 07:44:49.702420763,0.0
Case150,W_Nabellen offertes,res_408aec04-fa16-4916-b3c7-40322d591997,Role 1,2012-02-24 00:41:54.765891563,626,1,res_408aec04-fa16-4916-b3c7-40322d591997,2012-02-24 00:37:07.888486563,0.0
Case150,W_Nabellen offertes,res_c6ff2914-8075-4a61-b381-b682f6eb47de,Role 1,2012-02-25 18:16:09.972906763,647,1,res_c6ff2914-8075-4a61-b381-b682f6eb47de,2012-02-25 18:14:28.388122763,0.0
Case151,W_Afhandelen leads,res_6f56bab9-a4f7-420f-96ab-b17cd82647c1,Role 1,2012-02-16 12:31:20.994233144,580,0,res_6f56bab9-a4f7-420f-96ab-b17cd82647c1,2012-02-16 12:28:11.906878144,0.0
Case151,W_Completeren aanvraag,res_42f40199-b27a-43f0-a89c-188ab6bfaf36,Role 1,2012-02-16 13:41:38.699744144,581,1,res_42f40199-b27a-43f0-a89c-188ab6bfaf36,2012-02-16 13:39:08.241868144,0.0
Case151,W_Completeren aanvraag,res_42f40199-b27a-43f0-a89c-188ab6bfaf36,Role 1,2012-02-16 17:31:59.469726244,583,1,res_42f40199-b27a-43f0-a89c-188ab6bfaf36,2012-02-16 17:30:04.501481244,0.0
Case152,W_Completeren aanvraag,res_85f526bd-1f2c-4373-8dcc-9710ee98b7b2,Role 1,2012-02-16 12:32:32.189206613,581,1,res_85f526bd-1f2c-4373-8dcc-9710ee98b7b2,2012-02-16 12:29:50.636550613,0.02564102564102564
Case152,W_Nabellen offertes,res_31f16881-0e61-460a-88bc-abc46854faba,Role 1,2012-02-16 13:10:44.306201713,580,1,res_31f16881-0e61-460a-88bc-abc46854faba,2012-02-16 13:08:34.566226713,0.0
Case152,W_Nabellen offertes,res_2f56cb7e-3c7c-424a-95d0-d464cdf4e447,Role 1,2012-02-25 03:15:06.507379313,635,1,res_2f56cb7e-3c7c-424a-95d0-d464cdf4e447,2012-02-25 03:08:47.932960313,0.0
Case153,W_Afhandelen leads,res_b5ab845a-5020-427e-b6f1-42df333cb3fb,Role 1,2012-02-16 13:11:21.419467067,581,0,res_b5ab845a-5020-427e-b6f1-42df333cb3fb,2012-02-16 13:08:15.672169067,0.02564102564102564
Case153,W_Completeren aanvraag,res_c09d353e-d1d3-4710-a13d-39ecb25ed3a8,Role 1,2012-02-16 14:17:58.113423267,582,1,res_c09d353e-d1d3-4710-a13d-39ecb25ed3a8,2012-02-16 14:15:27.880131267,0.0
Case153,W_Completeren aanvraag,res_c09d353e-d1d3-4710-a13d-39ecb25ed3a8,Role 1,2012-02-16 17:42:19.701609567,581,1,res_c09d353e-d1d3-4710-a13d-39ecb25ed3a8,2012-02-16 17:40:24.859983567,0.0
Case153,W_Nabellen offertes,res_8435ed72-5b45-4de1-a40d-2e20f14bd3c6,Role 1,2012-02-18 02:18:50.975835467,604,1,res_8435ed72-5b45-4de1-a40d-2e20f14bd3c6,2012-02-18 02:17:08.875995467,0.0
Case153,W_Nabellen offertes,res_9e7fccd4-b30d-488c-ad55-351ad1a60226,Role 1,2012-02-21 18:25:23.374867067,629,1,res_9e7fccd4-b30d-488c-ad55-351ad1a60226,2012-02-21 18:15:09.146080067,0.0
Case153,W_Nabellen offertes,res_501654f1-1e08-4e04-8b11-a5fd18a76e7d,Role 1,2012-02-23 05:42:35.884204367,630,2,res_501654f1-1e08-4e04-8b11-a5fd18a76e7d,2012-02-23 05:40:49.897945367,0.02564102564102564
Case154,W_Completeren aanvraag,res_f612d14e-303a-4d03-a37a-3b98918a5014,Role 1,2012-02-16 13:31:34.068940388,582,1,res_f612d14e-303a-4d03-a37a-3b98918a5014,2012-02-16 13:28:56.845194388,0.02564102564102564
Case155,W_Afhandelen leads,res_63d2fda6-0454-4ad2-8b55-d59c9622a8ed,Role 1,2012-02-16 13:32:17.720206224,583,0,res_63d2fda6-0454-4ad2-8b55-d59c9622a8ed,2012-02-16 13:29:13.971770224,0.05128205128205128
Case155,W_Completeren aanvraag,res_b5ab845a-5020-427e-b6f1-42df333cb3fb,Role 1,2012-02-16 14:37:53.712799524,583,2,res_b5ab845a-5020-427e-b6f1-42df333cb3fb,2012-02-16 14:35:28.708245524,0.05128205128205128
Case156,W_Completeren aanvraag,res_3e93a9a9-cdc4-46ed-8b29-3e63e6d2a9a2,Role 1,2012-02-16 13:44:08.136103190,581,1,res_3e93a9a9-cdc4-46ed-8b29-3e63e6d2a9a2,2012-02-16 13:41:30.414531190,0.0
Case156,W_Nabellen offertes,res_3e93a9a9-cdc4-46ed-8b29-3e63e6d2a9a2,Role 1,2012-02-16 14:19:24.587475490,582,1,res_3e93a9a9-cdc4-46ed-8b29-3e63e6d2a9a2,2012-02-16 14:17:15.253150490,0.0
Case157,W_Afhandelen leads,res_9e7fccd4-b30d-488c-ad55-351ad1a60226,Role 1,2012-02-16 14:04:29.710778277,582,0,res_9e7fccd4-b30d-488c-ad55-351ad1a60226,2012-02-16 14:01:22.222720277,0.0
Case157,W_Completeren aanvraag,res_6f56bab9-a4f7-420f-96ab-b17cd82647c1,Role 1,2012-02-16 15:08:10.961306877,582,2,res_6f56bab9-a4f7-420f-96ab-b17cd82647c1,2012-02-16 15:05:43.863794877,0.02564102564102564
Case158,W_Completeren aanvraag,res_42f40199-b27a-43f0-a89c-188ab6bfaf36,Role 1,2012-02-16 14:17:54.285556348,583,1,res_42f40199-b27a-43f0-a89c-188ab6bfaf36,2012-02-16 14:15:18.402599348,0.02564102564102564
Case159,W_Completeren aanvraag,res_501654f1-1e08-4e04-8b11-a5fd18a76e7d,Role 1,2012-02-16 14:31:38.393548134,582,1,res_501654f1-1e08-4e04-8b11-a5fd18a76e7d,2012-02-16 14:29:01.485685134,0.0
Case16,W_Completeren aanvraag,res_f664dcd9-d4b7-456f-a1f7-9daea9e497fd,Role 1,2012-02-14 08:37:33.397621767,530,1,res_f664dcd9-d4b7-456f-a1f7-9daea9e497fd,2012-02-14 08:34:51.336784767,0.0
Case16,W_Nabellen offertes,res_177ed8cb-552b-4612-b348-20f464d6e7e5,Role 1,2012-02-14 09:42:04.859540067,537,1,res_177ed8cb-552b-4612-b348-20f464d6e7e5,2012-02-14 09:39:43.839945067,0.02564102564102564
Case16,W_Nabellen offertes,res_24e554c7-8afb-451c-a96e-dea7923be74d,Role 1,2012-02-21 10:17:55.682670467,633,1,res_24e554c7-8afb-451c-a96e-dea7923be74d,2012-02-21 10:16:14.474289467,0.02564102564102564
Case160,W_Afhandelen leads,res_7a10508e-56ae-4766-abd2-e94c8442b539,Role 1,2012-02-16 14:32:34.250294707,583,0,res_7a10508e-56ae-4766-abd2-e94c8442b539,2012-02-16 14:29:27.679271707,0.02564102564102564
Case160,W_Completeren aanvraag,res_85f526bd-1f2c-4373-8dcc-9710ee98b7b2,Role 1,2012-02-16 15:35:02.230767707,581,1,res_85f526bd-1f2c-4373-8dcc-9710ee98b7b2,2012-02-16 15:32:31.245630707,0.0
Case160,W_Completeren aanvraag,res_ee4279a0-2b97-4f9d-9945-00c80ada4a95,Role 1,2012-02-16 18:14:13.554182207,581,1,res_ee4279a0-2b97-4f9d-9945-00c80ada4a95,2012-02-16 18:12:18.039804207,0.0
Case160,W_Nabellen offertes,res_42f40199-b27a-43f0-a89c-188ab6bfaf36,Role 1,2012-02-18 04:36:13.261458007,603,1,res_42f40199-b27a-43f0-a89c-188ab6bfaf36,2012-02-18 04:34:30.605232007,0.0
Case160,W_Nabellen offertes,res_7848a1c1-2878-42e4-b2ac-02ba3ecca52c,Role 1,2012-02-21 20:41:04.816313607,628,1,res_7848a1c1-2878-42e4-b2ac-02ba3ecca52c,2012-02-21 20:35:18.433911607,0.0
Case161,W_Completeren aanvraag,res_0eb69d82-9670-4fe3-a195-9d055d280321,Role 1,2012-02-16 14:47:02.283706662,582,1,res_0eb69d82-9670-4fe3-a195-9d055d280321,2012-02-16 14:44:25.313334662,0.0
Case162,W_Completeren aanvraag,res_d5418cc0-ed10-4016-ac16-0bc32f58673f,Role 1,2012-02-16 15:01:01.650218647,582,1,res_d5418cc0-ed10-4016-ac16-0bc32f58673f,2012-02-16 14:58:24.515550647,0.0
Case163,W_Afhandelen leads,res_9e7fccd4-b30d-488c-ad55-351ad1a60226,Role 1,2012-02-16 15:20:22.071786937,581,0,res_9e7fccd4-b30d-488c-ad55-351ad1a60226,2012-02-16 15:17:11.847218937,0.0
Case163,W_Completeren aanvraag,res_d5418cc0-ed10-4016-ac16-0bc32f58673f,Role 1,2012-02-16 16:21:37.869913537,582,1,res_d5418cc0-ed10-4016-ac16-0bc32f58673f,2012-02-16 16:19:05.726994537,0.0
Case163,W_Nabellen offertes,res_c3a01281-6e48-4ea3-a47a-9410360458be,Role 1,2012-02-19 18:24:12.511306637,608,1,res_c3a01281-6e48-4ea3-a47a-9410360458be,2012-02-19 18:22:08.204073637,0.0
Case164,W_Completeren aanvraag,res_24e554c7-8afb-451c-a96e-dea7923be74d,Role 1,2012-02-16 15:31:57.794593903,582,2,res_24e554c7-8afb-451c-a96e-dea7923be74d,2012-02-16 15:29:28.289979903,0.02564102564102564
Case165,W_Completeren aanvraag,res_9e7fccd4-b30d-488c-ad55-351ad1a60226,Role 1,2012-02-16 15:32:57.210635512,583,2,res_9e7fccd4-b30d-488c-ad55-351ad1a60226,2012-02-16 15:30:27.729272512,0.02564102564102564
Case165,W_Nabellen offertes,res_7a10508e-56ae-4766-abd2-e94c8442b539,Role 1,2012-02-16 16:02:48.340006411,582,1,res_7a10508e-56ae-4766-abd2-e94c8442b539,2012-02-16 16:00:41.858179411,0.0
Case166,W_Completeren aanvraag,res_177ed8cb-552b-4612-b348-20f464d6e7e5,Role 1,2012-02-16 15:51:51.419235528,582,1,res_177ed8cb-552b-4612-b348-20f464d6e7e5,2012-02-16 15:49:13.046049528,0.0
Case166,W_Nabellen offertes,res_a6c40c08-3f7b-4865-a717-e7f1f1b6f98b,Role 1,2012-02-16 16:20:44.402169628,582,1,res_a6c40c08-3f7b-4865-a717-e7f1f1b6f98b,2012-02-16 16:18:34.565341628,0.02564102564102564
Case166,W_Nabellen offertes,res_408aec04-fa16-4916-b3c7-40322d591997,Role 1,2012-02-25 14:15:00.438994828,643,1,res_408aec04-fa16-4916-b3c7-40322d591997,2012-02-25 14:13:19.234268828,0.0
Case166,W_Nabellen offertes,res_24e554c7-8afb-451c-a96e-dea7923be74d,Role 1,2012-02-28 07:38:04.284512028,621,1,res_24e554c7-8afb-451c-a96e-dea7923be74d,2012-02-28 07:26:33.897909028,0.0
Case167,W_Afhandelen leads,res_63d2fda6-0454-4ad2-8b55-d59c9622a8ed,Role 1,2012-02-16 16:10:37.292032508,582,0,res_63d2fda6-0454-4ad2-8b55-d59c9622a8ed,2012-02-16 16:07:25.117120508,0.0
Case167,W_Completeren aanvraag,res_63d2fda6-0454-4ad2-8b55-d59c9622a8ed,Role 1,2012-02-16 17:11:48.905547408,583,2,res_63d2fda6-0454-4ad2-8b55-d59c9622a8ed,2012-02-16 17:09:19.213148408,0.02564102564102564
Case168,W_Afhandelen leads,res_7848a1c1-2878-42e4-b2ac-02ba3ecca52c,Role 1,2012-02-16 16:32:26.679481538,583,0,res_7848a1c1-2878-42e4-b2ac-02ba3ecca52c,2012-02-16 16:29:13.789003538,0.0
Case168,W_Completeren aanvraag,res_e30a7ff2-fdff-43e2-93a6-f30f7d1f4d80,Role 1,2012-02-16 17:34:14.753994538,581,1,res_e30a7ff2-fdff-43e2-93a6-f30f7d1f4d80,2012-02-16 17:31:41.050389538,0.0
Case169,W_Completeren aanvraag,res_69f394fc-b099-49f7-8f4e-cce94cd03365,Role 1,2012-02-16 16:34:50.570374364,584,1,res_69f394fc-b099-49f7-8f4e-cce94cd03365,2012-02-16 16:32:12.106881364,0.02564102564102564
Case169,W_Completeren aanvraag,res_425ded41-e317-4198-891a-d9f3e32a6030,Role 1,2012-02-16 17:36:21.841207564,582,3,res_425ded41-e317-4198-891a-d9f3e32a6030,2012-02-16 17:34:02.632923564,0.05128205128205128
Case17,W_Completeren aanvraag,res_7a10508e-56ae-4766-abd2-e94c8442b539,Role 1,2012-02-14 08:39:47.835843096,531,2,res_7a10508e-56ae-4766-abd2-e94c8442b539,2012-02-14 08:37:09.356837096,0.02564102564102564
Case17,W_Completeren aanvraag,res_7cc6cf66-7797-453d-b952-98449834316b,Role 1,2012-02-14 11:06:57.778695296,536,1,res_7cc6cf66-7797-453d-b952-98449834316b,2012-02-14 11:04:38.997907296,0.0
Case17,W_Nabellen offertes,res_fa3ac963-7739-40ef-84e6-624c11774546,Role 1,2012-02-15 07:27:15.173002296,541,1,res_fa3ac963-7739-40ef-84e6-624c11774546,2012-02-15 07:24:18.027526296,0.0
Case170,W_Completeren aanvraag,res_501654f1-1e08-4e04-8b11-a5fd18a76e7d,Role 1,2012-02-16 17:31:00.697281412,582,2,res_501654f1-1e08-4e04-8b11-a5fd18a76e7d,2012-02-16 17:28:28.057212412,0.02564102564102564
Case170,W_Completeren aanvraag,res_a7efadcf-4796-49e4-a611-9f847fa3b6b3,Role 1,2012-02-16 18:34:41.401589312,581,2,res_a7efadcf-4796-49e4-a611-9f847fa3b6b3,2012-02-16 18:32:18.714832312,0.02564102564102564
Case170,W_Completeren aanvraag,res_3e93a9a9-cdc4-46ed-8b29-3e63e6d2a9a2,Role 1,2012-02-16 22:45:24.103753112,584,1,res_3e93a9a9-cdc4-46ed-8b29-3e63e6d2a9a2,2012-02-16 22:43:30.528382112,0.0
Case171,W_Afhandelen leads,res_cd801f30-7ddb-4e0a-8319-c3bbd19d3bc0,Role 1,2012-02-16 17:37:19.147372315,581,0,res_cd801f30-7ddb-4e0a-8319-c3bbd19d3bc0,2012-02-16 17:34:04.544055315,0.0
Case171,W_Completeren aanvraag,res_fa3ac963-7739-40ef-84e6-624c11774546,Role 1,2012-02-16 18:41:31.369196315,583,1,res_fa3ac963-7739-40ef-84e6-624c11774546,2012-02-16 18:38:58.337339315,0.05128205128205128
Case172,W_Completeren aanvraag,res_42f40199-b27a-43f0-a89c-188ab6bfaf36,Role 1,2012-02-16 18:08:06.778214771,581,1,res_42f40199-b27a-43f0-a89c-188ab6bfaf36,2012-02-16 18:05:24.437614771,0.0
Case172,W_Completeren aanvraag,res_cd801f30-7ddb-4e0a-8319-c3bbd19d3bc0,Role 1,2012-02-16 19:14:02.140554271,583,1,res_cd801f30-7ddb-4e0a-8319-c3bbd19d3bc0,2012-02-16 19:11:30.009465271,0.02564102564102564
Case172,W_Nabellen offertes,res_7cc6cf66-7797-453d-b952-98449834316b,Role 1,2012-02-23 13:32:54.678833571,634,1,res_7cc6cf66-7797-453d-b952-98449834316b,2012-02-23 13:31:04.014430571,0.02564102564102564
Case173,W_Afhandelen leads,res_a6c40c08-3f7b-4865-a717-e7f1f1b6f98b,Role 1,2012-02-16 18:33:56.988171749,582,0,res_a6c40c08-3f7b-4865-a717-e7f1f1b6f98b,2012-02-16 18:30:41.650744749,0.0
Case173,W_Completeren aanvraag,res_31f16881-0e61-460a-88bc-abc46854faba,Role 1,2012-02-16 19:41:42.279470549,585,1,res_31f16881-0e61-460a-88bc-abc46854faba,2012-02-16 19:39:08.353737549,0.05128205128205128
Case173,W_Nabellen offertes,res_63d2fda6-0454-4ad2-8b55-d59c9622a8ed,Role 1,2012-02-23 18:23:56.267698649,630,1,res_63d2fda6-0454-4ad2-8b55-d59c9622a8ed,2012-02-23 18:21:36.978093649,0.0
Case173,W_Nabellen offertes,res_f3a5d8a5-7894-4471-8b15-4aeaf83a4249,Role 1,2012-02-26 20:39:46.771039049,638,1,res_f3a5d8a5-7894-4471-8b15-4aeaf83a4249,2012-02-26 20:38:10.613061049,0.0
Case174,W_Afhandelen leads,res_cd801f30-7ddb-4e0a-8319-c3bbd19d3bc0,Role 1,2012-02-16 18:34:29.827273609,583,1,res_cd801f30-7ddb-4e0a-8319-c3bbd19d3bc0,2012-02-16 18:31:20.941124609,0.02564102564102564
Case174,W_Completeren aanvraag,res_3e93a9a9-cdc4-46ed-8b29-3e63e6d2a9a2,Role 1,2012-02-16 19:42:05.237799509,585,2,res_3e93a9a9-cdc4-46ed-8b29-3e63e6d2a9a2,2012-02-16 19:39:36.945289509,0.07692307692307693
Case174,W_Completeren aanvraag,res_5c0494f5-5178-4b1a-9a41-59b27da90a66,Role 1,2012-02-17 06:15:18.997492709,583,1,res_5c0494f5-5178-4b1a-9a41-59b27da90a66,2012-02-17 06:12:49.818344709,0.0
Case175,W_Afhandelen leads,res_ee4279a0-2b97-4f9d-9945-00c80ada4a95,Role 1,2012-02-16 19:08:36.527181417,583,0,res_ee4279a0-2b97-4f9d-9945-00c80ada4a95,2012-02-16 19:05:21.018540417,0.0
Case175,W_Completeren aanvraag,res_42f40199-b27a-43f0-a89c-188ab6bfaf36,Role 1,2012-02-16 20:18:34.860856717,586,1,res_42f40199-b27a-43f0-a89c-188ab6bfaf36,2012-02-16 20:15:58.645176717,0.0
Case175,W_Completeren aanvraag,res_c6ff2914-8075-4a61-b381-b682f6eb47de,Role 1,2012-02-17 12:19:56.251667517,593,1,res_c6ff2914-8075-4a61-b381-b682f6eb47de,2012-02-17 12:17:57.686889517,0.0
Case176,W_Afhandelen leads,res_408aec04-fa16-4916-b3c7-40322d591997,Role 1,2012-02-16 19:34:36.057245168,584,0,res_408aec04-fa16-4916-b3c7-40322d591997,2012-02-16 19:31:20.544387168,0.0
Case176,W_Completeren aanvraag,res_f3a5d8a5-7894-4471-8b15-4aeaf83a4249,Role 1,2012-02-16 20:46:22.384474468,587,1,res_f3a5d8a5-7894-4471-8b15-4aeaf83a4249,2012-02-16 20:43:46.007459468,0.0
Case176,W_Completeren aanvraag,res_d5418cc0-ed10-4016-ac16-0bc32f58673f,Role 1,2012-02-17 12:06:11.727942668,592,1,res_d5418cc0-ed10-4016-ac16-0bc32f58673f,2012-02-17 12:04:12.254133668,0.0
Case177,W_Afhandelen leads,res_6f56bab9-a4f7-420f-96ab-b17cd82647c1,Role 1,2012-02-16 19:34:51.644327192,585,1,res_6f56bab9-a4f7-420f-96ab-b17cd82647c1,2012-02-16 19:31:42.708191192,0.02564102564102564
Case177,W_Completeren aanvraag,res_c6ff2914-8075-4a61-b381-b682f6eb47de,Role 1,2012-02-16 20:46:34.507053292,587,2,res_c6ff2914-8075-4a61-b381-b682f6eb47de,2012-02-16 20:44:04.576551292,0.05128205128205128
Case178,W_Afhandelen leads,res_408aec04-fa16-4916-b3c7-40322d591997,Role 1,2012-02-16 19:55:47.351621612,586,0,res_408aec04-fa16-4916-b3c7-40322d591997,2012-02-16 19:52:31.940781612,0.0
Case178,W_Completeren aanvraag,res_f3a5d8a5-7894-4471-8b15-4aeaf83a4249,Role 1,2012-02-16 21:09:06.195298812,586,1,res_f3a5d8a5-7894-4471-8b15-4aeaf83a4249,2012-02-16 21:06:29.743447812,0.0
Case179,W_Completeren aanvraag,res_f3a5d8a5-7894-4471-8b15-4aeaf83a4249,Role 1,2012-02-16 20:19:25.601718795,587,1,res_f3a5d8a5-7894-4471-8b15-4aeaf83a4249,2012-02-16 20:16:44.677390795,0.0
Case179,W_Nabellen offertes,res_c6ff2914-8075-4a61-b381-b682f6eb47de,Role 1,2012-02-16 20:37:45.745717095,587,1,res_c6ff2914-8075-4a61-b381-b682f6eb47de,2012-02-16 20:35:28.268273095,0.0
Case179,W_Nabellen offertes,res_8435ed72-5b45-4de1-a40d-2e20f14bd3c6,Role 1,2012-02-25 01:31:53.466619395,636,1,res_8435ed72-5b45-4de1-a40d-2e20f14bd3c6,2012-02-25 01:25:36.897020395,0.0
Case18,W_Completeren aanvraag,res_63d2fda6-0454-4ad2-8b55-d59c9622a8ed,Role 1,2012-02-14 08:43:48.033173894,532,1,res_63d2fda6-0454-4ad2-8b55-d59c9622a8ed,2012-02-14 08:41:06.106561894,0.0
Case180,W_Afhandelen leads,res_7848a1c1-2878-42e4-b2ac-02ba3ecca52c,Role 1,2012-02-16 20:33:03.633091720,587,0,res_7848a1c1-2878-42e4-b2ac-02ba3ecca52c,2012-02-16 20:29:48.470096720,0.0
Case180,W_Completeren aanvraag,res_7848a1c1-2878-42e4-b2ac-02ba3ecca52c,Role 1,2012-02-16 21:48:51.106743120,584,1,res_7848a1c1-2878-42e4-b2ac-02ba3ecca52c,2012-02-16 21:46:14.524051120,0.0
Case180,W_Completeren aanvraag,res_31f16881-0e61-460a-88bc-abc46854faba,Role 1,2012-02-17 18:56:42.515426120,602,1,res_31f16881-0e61-460a-88bc-abc46854faba,2012-02-17 18:54:46.714515120,0.0
Case180,W_Nabellen offertes,res_46a776b0-74ef-429c-befa-758731ba64c1,Role 1,2012-02-19 01:22:19.565854120,608,2,res_46a776b0-74ef-429c-befa-758731ba64c1,2012-02-19 01:20:44.286392120,0.02564102564102564
Case180,W_Nabellen offertes,res_dcb46f81-367a-42ae-96c2-833faef25480,Role 1,2012-02-21 22:24:26.880919320,635,1,res_dcb46f81-367a-42ae-96c2-833faef25480,2012-02-21 22:20:36.295526320,0.0
Case181,W_Afhandelen leads,res_cd801f30-7ddb-4e0a-8319-c3bbd19d3bc0,Role 1,2012-02-17 08:41:28.431385581,583,0,res_cd801f30-7ddb-4e0a-8319-c3bbd19d3bc0,2012-02-17 08:37:52.320381581,0.0
Case181,W_Completeren aanvraag,res_408aec04-fa16-4916-b3c7-40322d591997,Role 1,2012-02-17 10:28:47.085075781,592,1,res_408aec04-fa16-4916-b3c7-40322d591997,2012-02-17 10:26:28.673720781,0.0
Case181,W_Completeren aanvraag,res_f3a5d8a5-7894-4471-8b15-4aeaf83a4249,Role 1,2012-02-17 15:12:23.390686181,597,1,res_f3a5d8a5-7894-4471-8b15-4aeaf83a4249,2012-02-17 15:10:33.728845181,0.0
Case181,W_Nabellen offertes,res_a6c40c08-3f7b-4865-a717-e7f1f1b6f98b,Role 1,2012-02-20 09:18:31.777333081,599,1,res_a6c40c08-3f7b-4865-a717-e7f1f1b6f98b,2012-02-20 09:14:02.844248081,0.0
Case182,W_Afhandelen leads,res_46a776b0-74ef-429c-befa-758731ba64c1,Role 1,2012-02-17 08:46:19.440769800,584,0,res_46a776b0-74ef-429c-befa-758731ba64c1,2012-02-17 08:42:43.472170800,0.0
Case182,W_Completeren aanvraag,res_85f526bd-1f2c-4373-8dcc-9710ee98b7b2,Role 1,2012-02-17 10:32:42.834559600,592,1,res_85f526bd-1f2c-4373-8dcc-9710ee98b7b2,2012-02-17 10:30:24.441617600,0.0
Case183,W_Completeren aanvraag,res_c3a01281-6e48-4ea3-a47a-9410360458be,Role 1,2012-02-17 08:51:48.185532353,585,1,res_c3a01281-6e48-4ea3-a47a-9410360458be,2012-02-17 08:48:32.048361353,0.0
Case183,W_Completeren aanvraag,res_ddc79bf3-8255-4b9b-ace2-8a46af780bc5,Role 1,2012-02-17 10:37:02.748326453,591,1,res_ddc79bf3-8255-4b9b-ace2-8a46af780bc5,2012-02-17 10:34:50.398328453,0.0
Case183,W_Nabellen offertes,res_fa3ac963-7739-40ef-84e6-624c11774546,Role 1,2012-02-21 08:02:35.931271153,633,1,res_fa3ac963-7739-40ef-84e6-624c11774546,2012-02-21 08:00:47.122754153,0.0
Case183,W_Nabellen offertes,res_cd801f30-7ddb-4e0a-8319-c3bbd19d3bc0,Role 1,2012-02-24 07:09:17.344914053,637,1,res_cd801f30-7ddb-4e0a-8319-c3bbd19d3bc0,2012-02-24 07:07:32.943267053,0.02564102564102564
Case184,W_Completeren aanvraag,res_dcb46f81-367a-42ae-96c2-833faef25480,Role 1,2012-02-17 09:00:05.418984246,586,1,res_dcb46f81-367a-42ae-96c2-833faef25480,2012-02-17 08:56:49.726506246,0.0
Case185,W_Afhandelen leads,res_8435ed72-5b45-4de1-a40d-2e20f14bd3c6,Role 1,2012-02-17 09:09:31.097570737,586,0,res_8435ed72-5b45-4de1-a40d-2e20f14bd3c6,2012-02-17 09:05:55.762041737,0.0
Case185,W_Completeren aanvraag,res_9e7fccd4-b30d-488c-ad55-351ad1a60226,Role 1,2012-02-17 10:51:19.494198737,593,3,res_9e7fccd4-b30d-488c-ad55-351ad1a60226,2012-02-17 10:49:08.598693737,0.05128205128205128
Case185,W_Nabellen offertes,res_7cc6cf66-7797-453d-b952-98449834316b,Role 1,2012-02-21 12:10:57.408222337,633,1,res_7cc6cf66-7797-453d-b952-98449834316b,2012-02-21 12:08:25.927366337,0.0
Case186,W_Completeren aanvraag,res_408aec04-fa16-4916-b3c7-40322d591997,Role 1,2012-02-17 09:17:51.364510291,587,1,res_408aec04-fa16-4916-b3c7-40322d591997,2012-02-17 09:14:36.611436291,0.0
Case186,W_Nabellen offertes,res_ddc79bf3-8255-4b9b-ace2-8a46af780bc5,Role 1,2012-02-17 10:08:20.996550691,592,1,res_ddc79bf3-8255-4b9b-ace2-8a46af780bc5,2012-02-17 10:06:19.072482691,0.0
Case187,W_Completeren aanvraag,res_fa3ac963-7739-40ef-84e6-624c11774546,Role 1,2012-02-17 09:26:05.542802272,588,1,res_fa3ac963-7739-40ef-84e6-624c11774546,2012-02-17 09:22:51.267244272,0.0
Case187,W_Nabellen offertes,res_7a10508e-56ae-4766-abd2-e94c8442b539,Role 1,2012-02-17 10:16:14.739456972,592,1,res_7a10508e-56ae-4766-abd2-e94c8442b539,2012-02-17 10:14:12.968570972,0.0
Case187,W_Nabellen offertes,res_42f40199-b27a-43f0-a89c-188ab6bfaf36,Role 1,2012-02-25 09:39:36.713590572,642,1,res_42f40199-b27a-43f0-a89c-188ab6bfaf36,2012-02-25 09:37:57.328992572,0.0
Case188,W_Completeren aanvraag,res_c3a01281-6e48-4ea3-a47a-9410360458be,Role 1,2012-02-17 09:32:03.826736199,589,1,res_c3a01281-6e48-4ea3-a47a-9410360458be,2012-02-17 09:28:49.917891199,0.0
Case188,W_Completeren aanvraag,res_9e7fccd4-b30d-488c-ad55-351ad1a60226,Role 1,2012-02-17 11:09:29.997234899,593,1,res_9e7fccd4-b30d-488c-ad55-351ad1a60226,2012-02-17 11:07:17.479963899,0.0
Case188,W_Completeren aanvraag,res_a7efadcf-4796-49e4-a611-9f847fa3b6b3,Role 1,2012-02-17 15:58:44.636011199,598,1,res_a7efadcf-4796-49e4-a611-9f847fa3b6b3,2012-02-17 15:56:57.023606199,0.0
Case188,W_Completeren aanvraag,res_8435ed72-5b45-4de1-a40d-2e20f14bd3c6,Role 1,2012-02-17 19:17:28.624301899,602,1,res_8435ed72-5b45-4de1-a40d-2e20f14bd3c6,2012-02-17 19:15:48.168651899,0.0
Case188,W_Completeren aanvraag,res_f612d14e-303a-4d03-a37a-3b98918a5014,Role 1,2012-02-18 01:19:42.083672099,604,1,res_f612d14e-303a-4d03-a37a-3b98918a5014,2012-02-18 01:17:57.498670099,0.0
Case189,W_Afhandelen leads,res_c3a01281-6e48-4ea3-a47a-9410360458be,Role 1,2012-02-17 09:41:12.137526216,590,0,res_c3a01281-6e48-4ea3-a47a-9410360458be,2012-02-17 09:37:37.819405216,0.0
Case189,W_Completeren aanvraag,res_cd801f30-7ddb-4e0a-8319-c3bbd19d3bc0,Role 1,2012-02-17 11:15:31.723250716,593,1,res_cd801f30-7ddb-4e0a-8319-c3bbd19d3bc0,2012-02-17 11:13:12.898997716,0.0
Case19,W_Afhandelen leads,res_7848a1c1-2878-42e4-b2ac-02ba3ecca52c,Role 1,2012-02-14 08:49:04.369225662,532,0,res_7848a1c1-2878-42e4-b2ac-02ba3ecca52c,2012-02-14 08:46:01.288133662,0.0
Case19,W_Completeren aanvraag,res_e30a7ff2-fdff-43e2-93a6-f30f7d1f4d80,Role 1,2012-02-14 11:13:21.180755762,537,1,res_e30a7ff2-fdff-43e2-93a6-f30f7d1f4d80,2012-02-14 11:10:57.349647762,0.02564102564102564
Case19,W_Nabellen offertes,res_85f526bd-1f2c-4373-8dcc-9710ee98b7b2,Role 1,2012-02-15 08:46:31.625975762,540,1,res_85f526bd-1f2c-4373-8dcc-9710ee98b7b2,2012-02-15 08:43:33.176922762,0.0
Case190,W_Completeren aanvraag,res_2f56cb7e-3c7c-424a-95d0-d464cdf4e447,Role 1,2012-02-17 09:41:53.588891374,591,1,res_2f56cb7e-3c7c-424a-95d0-d464cdf4e447,2012-02-17 09:38:41.288480374,0.02564102564102564
Case190,W_Completeren aanvraag,res_3e93a9a9-cdc4-46ed-8b29-3e63e6d2a9a2,Role 1,2012-02-17 11:17:21.914193874,593,2,res_3e93a9a9-cdc4-46ed-8b29-3e63e6d2a9a2,2012-02-17 11:15:14.234782874,0.02564102564102564
Case191,W_Afhandelen leads,res_dcb46f81-367a-42ae-96c2-833faef25480,Role 1,2012-02-17 09:53:14.016057257,592,0,res_dcb46f81-367a-42ae-96c2-833faef25480,2012-02-17 09:49:40.157927257,0.0
Case191,W_Completeren aanvraag,res_a7efadcf-4796-49e4-a611-9f847fa3b6b3,Role 1,2012-02-17 11:26:41.616041657,591,1,res_a7efadcf-4796-49e4-a611-9f847fa3b6b3,2012-02-17 11:24:22.591558657,0.0
Case191,W_Completeren aanvraag,res_75b73935-48c2-4abe-9548-628b120b0d25,Role 1,2012-02-17 16:16:49.132723057,600,1,res_75b73935-48c2-4abe-9548-628b120b0d25,2012-02-17 16:15:00.402980057,0.02564102564102564
Case191,W_Nabellen offertes,res_5c0494f5-5178-4b1a-9a41-59b27da90a66,Role 1,2012-02-19 23:38:43.009249257,604,1,res_5c0494f5-5178-4b1a-9a41-59b27da90a66,2012-02-19 23:37:06.812672257,0.0
Case192,W_Completeren aanvraag,res_d5418cc0-ed10-4016-ac16-0bc32f58673f,Role 1,2012-02-17 10:06:08.767800107,593,1,res_d5418cc0-ed10-4016-ac16-0bc32f58673f,2012-02-17 10:02:58.054872107,0.02564102564102564
Case192,W_Completeren aanvraag,res_0eb69d82-9670-4fe3-a195-9d055d280321,Role 1,2012-02-17 11:37:00.987194306,590,1,res_0eb69d82-9670-4fe3-a195-9d055d280321,2012-02-17 11:34:48.473424307,0.0
Case193,W_Completeren aanvraag,res_7a10508e-56ae-4766-abd2-e94c8442b539,Role 1,2012-02-17 10:14:37.031216649,593,1,res_7a10508e-56ae-4766-abd2-e94c8442b539,2012-02-17 10:11:27.822364649,0.05128205128205128
Case193,W_Completeren aanvraag,res_85f526bd-1f2c-4373-8dcc-9710ee98b7b2,Role 1,2012-02-17 11:43:54.431854549,589,1,res_85f526bd-1f2c-4373-8dcc-9710ee98b7b2,2012-02-17 11:41:42.299461549,0.0
Case193,W_Completeren aanvraag,res_6f56bab9-a4f7-420f-96ab-b17cd82647c1,Role 1,2012-02-17 16:34:00.214717849,601,2,res_6f56bab9-a4f7-420f-96ab-b17cd82647c1,2012-02-17 16:32:13.812747849,0.02564102564102564
Case193,W_Nabellen offertes,res_d5418cc0-ed10-4016-ac16-0bc32f58673f,Role 1,2012-02-20 00:27:12.258998049,603,1,res_d5418cc0-ed10-4016-ac16-0bc32f58673f,2012-02-20 00:25:36.385754049,0.0
Case194,W_Completeren aanvraag,res_425ded41-e317-4198-891a-d9f3e32a6030,Role 1,2012-02-17 10:30:32.529843675,592,2,res_425ded41-e317-4198-891a-d9f3e32a6030,2012-02-17 10:27:31.947839675,0.02564102564102564
Case194,W_Completeren aanvraag,res_dcb46f81-367a-42ae-96c2-833faef25480,Role 1,2012-02-17 11:57:01.104043475,590,1,res_dcb46f81-367a-42ae-96c2-833faef25480,2012-02-17 11:54:49.652340475,0.0
Case194,W_Completeren aanvraag,res_7848a1c1-2878-42e4-b2ac-02ba3ecca52c,Role 1,2012-02-17 16:46:34.856109075,601,1,res_7848a1c1-2878-42e4-b2ac-02ba3ecca52c,2012-02-17 16:44:48.111181075,0.0
Case194,W_Completeren aanvraag,res_31f16881-0e61-460a-88bc-abc46854faba,Role 1,2012-02-17 20:36:09.328585375,604,1,res_31f16881-0e61-460a-88bc-abc46854faba,2012-02-17 20:34:29.621084375,0.02564102564102564
Case194,W_Nabellen offertes,res_408aec04-fa16-4916-b3c7-40322d591997,Role 1,2012-02-19 05:20:15.696636075,607,1,res_408aec04-fa16-4916-b3c7-40322d591997,2012-02-19 05:18:28.131764075,0.0
Case194,W_Nabellen offertes,res_f664dcd9-d4b7-456f-a1f7-9daea9e497fd,Role 1,2012-02-21 09:15:45.704623275,633,1,res_f664dcd9-d4b7-456f-a1f7-9daea9e497fd,2012-02-21 09:14:10.708694275,0.0
Case194,W_Nabellen offertes,res_8435ed72-5b45-4de1-a40d-2e20f14bd3c6,Role 1,2012-02-22 19:37:18.168223875,626,1,res_8435ed72-5b45-4de1-a40d-2e20f14bd3c6,2012-02-22 19:30:07.118135875,0.0
Case195,W_Completeren aanvraag,res_2f56cb7e-3c7c-424a-95d0-d464cdf4e447,Role 1,2012-02-17 10:41:20.694571447,592,1,res_2f56cb7e-3c7c-424a-95d0-d464cdf4e447,2012-02-17 10:38:11.675819447,0.0
Case195,W_Nabellen offertes,res_75b73935-48c2-4abe-9548-628b120b0d25,Role 1,2012-02-17 11:27:16.326511847,592,1,res_75b73935-48c2-4abe-9548-628b120b0d25,2012-02-17 11:25:14.862001847,0.02564102564102564
Case196,W_Completeren aanvraag,res_c09d353e-d1d3-4710-a13d-39ecb25ed3a8,Role 1,2012-02-17 10:41:45.214856120,593,2,res_c09d353e-d1d3-4710-a13d-39ecb25ed3a8,2012-02-17 10:38:45.928971120,0.02564102564102564
Case196,W_Nabellen offertes,res_a7efadcf-4796-49e4-a611-9f847fa3b6b3,Role 1,2012-02-17 11:28:07.165138520,592,2,res_a7efadcf-4796-49e4-a611-9f847fa3b6b3,2012-02-17 11:26:07.842146520,0.02564102564102564
Case197,W_Completeren aanvraag,res_f664dcd9-d4b7-456f-a1f7-9daea9e497fd,Role 1,2012-02-17 10:56:28.977188052,593,1,res_f664dcd9-d4b7-456f-a1f7-9daea9e497fd,2012-02-17 10:53:21.399230052,0.0
Case197,W_Nabellen offertes,res_c09d353e-d1d3-4710-a13d-39ecb25ed3a8,Role 1,2012-02-17 11:42:44.397213552,589,1,res_c09d353e-d1d3-4710-a13d-39ecb25ed3a8,2012-02-17 11:40:43.057314552,0.0
Case198,W_Completeren aanvraag,res_0eb69d82-9670-4fe3-a195-9d055d280321,Role 1,2012-02-17 11:12:26.476339891,592,1,res_0eb69d82-9670-4fe3-a195-9d055d280321,2012-02-17 11:09:20.487476891,0.0
Case199,W_Completeren aanvraag,res_408aec04-fa16-4916-b3c7-40322d591997,Role 1,2012-02-17 11:21:55.636611680,592,1,res_408aec04-fa16-4916-b3c7-40322d591997,2012-02-17 11:18:50.701707680,0.0
Case199,W_Nabellen offertes,res_cd801f30-7ddb-4e0a-8319-c3bbd19d3bc0,Role 1,2012-02-17 12:06:37.738616780,591,1,res_cd801f30-7ddb-4e0a-8319-c3bbd19d3bc0,2012-02-17 12:04:36.001914780,0.02564102564102564
Case199,W_Nabellen offertes,res_f612d14e-303a-4d03-a37a-3b98918a5014,Role 1,2012-02-26 00:06:01.432489980,645,1,res_f612d14e-303a-4d03-a37a-3b98918a5014,2012-02-26 00:02:29.509014980,0.0
Case199,W_Nabellen offertes,res_ee4279a0-2b97-4f9d-9945-00c80ada4a95,Role 1,2012-02-28 17:46:28.672385980,644,1,res_ee4279a0-2b97-4f9d-9945-00c80ada4a95,2012-02-28 17:44:52.014724980,0.02564102564102564
Case2,W_Afhandelen leads,res_2f56cb7e-3c7c-424a-95d0-d464cdf4e447,Role 1,2012-02-13 19:13:52.813849322,520,0,res_2f56cb7e-3c7c-424a-95d0-d464cdf4e447,2012-02-13 19:10:43.757762322,0.0
Case2,W_Completeren aanvraag,res_425ded41-e317-4198-891a-d9f3e32a6030,Role 1,2012-02-13 20:10:12.510575522,525,1,res_425ded41-e317-4198-891a-d9f3e32a6030,2012-02-13 20:07:42.605548522,0.02564102564102564
Case20,W_Completeren aanvraag,res_d5418cc0-ed10-4016-ac16-0bc32f58673f,Role 1,2012-02-14 08:53:38.823758069,533,1,res_d5418cc0-ed10-4016-ac16-0bc32f58673f,2012-02-14 08:50:57.477151069,0.02564102564102564
Case20,W_Completeren aanvraag,res_cd801f30-7ddb-4e0a-8319-c3bbd19d3bc0,Role 1,2012-02-14 11:16:43.129254069,537,1,res_cd801f30-7ddb-4e0a-8319-c3bbd19d3bc0,2012-02-14 11:14:23.581530069,0.0
Case20,W_Completeren aanvraag,res_cd801f30-7ddb-4e0a-8319-c3bbd19d3bc0,Role 1,2012-02-14 14:29:20.741258369,538,1,res_cd801f30-7ddb-4e0a-8319-c3bbd19d3bc0,2012-02-14 14:27:03.793886369,0.0
Case20,W_Completeren aanvraag,res_9e7fccd4-b30d-488c-ad55-351ad1a60226,Role 1,2012-02-14 16:03:56.073547469,542,2,res_9e7fccd4-b30d-488c-ad55-351ad1a60226,2012-02-14 16:01:54.021222469,0.05128205128205128
Case200,W_Afhandelen leads,res_5c0494f5-5178-4b1a-9a41-59b27da90a66,Role 1,2012-02-17 11:41:08.961772158,590,0,res_5c0494f5-5178-4b1a-9a41-59b27da90a66,2012-02-17 11:37:43.070604158,0.02564102564102564
Case200,W_Completeren aanvraag,res_ee4279a0-2b97-4f9d-9945-00c80ada4a95,Role 1,2012-02-17 12:57:23.912856958,594,1,res_ee4279a0-2b97-4f9d-9945-00c80ada4a95,2012-02-17 12:55:02.276688958,0.0
Case201,W_Afhandelen leads,res_7cc6cf66-7797-453d-b952-98449834316b,Role 1,2012-02-17 11:42:49.591146638,590,1,res_7cc6cf66-7797-453d-b952-98449834316b,2012-02-17 11:39:32.882178638,0.02564102564102564
Case201,W_Completeren aanvraag,res_a7efadcf-4796-49e4-a611-9f847fa3b6b3,Role 1,2012-02-17 12:59:26.134903938,594,2,res_a7efadcf-4796-49e4-a611-9f847fa3b6b3,2012-02-17 12:57:10.203272938,0.02564102564102564
Case202,W_Completeren aanvraag,res_9e7fccd4-b30d-488c-ad55-351ad1a60226,Role 1,2012-02-17 12:01:27.369958391,591,1,res_9e7fccd4-b30d-488c-ad55-351ad1a60226,2012-02-17 11:58:27.265966391,0.0
Case202,W_Nabellen offertes,res_425ded41-e317-4198-891a-d9f3e32a6030,Role 1,2012-02-17 12:44:36.501876091,593,1,res_425ded41-e317-4198-891a-d9f3e32a6030,2012-02-17 12:42:34.120527091,0.02564102564102564
Case202,W_Nabellen offertes,res_501654f1-1e08-4e04-8b11-a5fd18a76e7d,Role 1,2012-02-26 05:23:27.154937891,645,1,res_501654f1-1e08-4e04-8b11-a5fd18a76e7d,2012-02-26 05:21:35.824850891,0.0
Case202,W_Nabellen offertes,res_f3a5d8a5-7894-4471-8b15-4aeaf83a4249,Role 1,2012-02-29 04:39:32.870816191,633,1,res_f3a5d8a5-7894-4471-8b15-4aeaf83a4249,2012-02-29 04:35:31.844012191,0.0
Case203,W_Completeren aanvraag,res_a7efadcf-4796-49e4-a611-9f847fa3b6b3,Role 1,2012-02-17 12:12:16.721472175,592,1,res_a7efadcf-4796-49e4-a611-9f847fa3b6b3,2012-02-17 12:09:18.075848175,0.0
Case203,W_Completeren aanvraag,res_75b73935-48c2-4abe-9548-628b120b0d25,Role 1,2012-02-17 13:26:10.149679275,594,1,res_75b73935-48c2-4abe-9548-628b120b0d25,2012-02-17 13:23:53.345563275,0.02564102564102564
Case204,W_Completeren aanvraag,res_63d2fda6-0454-4ad2-8b55-d59c9622a8ed,Role 1,2012-02-17 12:23:47.304795093,593,1,res_63d2fda6-0454-4ad2-8b55-d59c9622a8ed,2012-02-17 12:20:50.191001093,0.0
Case205,W_Completeren aanvraag,res_f612d14e-303a-4d03-a37a-3b98918a5014,Role 1,2012-02-17 12:41:23.975429038,593,1,res_f612d14e-303a-4d03-a37a-3b98918a5014,2012-02-17 12:38:29.016366038,0.0
Case205,W_Nabellen offertes,res_c09d353e-d1d3-4710-a13d-39ecb25ed3a8,Role 1,2012-02-17 13:23:06.062896338,594,1,res_c09d353e-d1d3-4710-a13d-39ecb25ed3a8,2012-02-17 13:21:02.906767338,0.05128205128205128
Case206,W_Completeren aanvraag,res_dcb46f81-367a-42ae-96c2-833faef25480,Role 1,2012-02-17 12:42:20.609769022,594,2,res_dcb46f81-367a-42ae-96c2-833faef25480,2012-02-17 12:39:38.530115022,0.05128205128205128
Case206,W_Completeren aanvraag,res_75b73935-48c2-4abe-9548-628b120b0d25,Role 1,2012-02-17 13:53:56.717145122,594,1,res_75b73935-48c2-4abe-9548-628b120b0d25,2012-02-17 13:51:41.524341122,0.0
Case206,W_Completeren aanvraag,res_c3a01281-6e48-4ea3-a47a-9410360458be,Role 1,2012-02-17 18:08:46.179203722,602,1,res_c3a01281-6e48-4ea3-a47a-9410360458be,2012-02-17 18:06:59.904423722,0.0
Case207,W_Completeren aanvraag,res_e30a7ff2-fdff-43e2-93a6-f30f7d1f4d80,Role 1,2012-02-17 13:00:09.246746329,593,1,res_e30a7ff2-fdff-43e2-93a6-f30f7d1f4d80,2012-02-17 12:57:16.348034329,0.0
Case207,W_Nabellen offertes,res_85f526bd-1f2c-4373-8dcc-9710ee98b7b2,Role 1,2012-02-17 13:41:43.597253629,593,1,res_85f526bd-1f2c-4373-8dcc-9710ee98b7b2,2012-02-17 13:39:39.991499629,0.0
Case208,W_Afhandelen leads,res_d5418cc0-ed10-4016-ac16-0bc32f58673f,Role 1,2012-02-17 13:17:47.452245339,594,0,res_d5418cc0-ed10-4016-ac16-0bc32f58673f,2012-02-17 13:14:29.987258339,0.0
Case208,W_Completeren aanvraag,res_42f40199-b27a-43f0-a89c-188ab6bfaf36,Role 1,2012-02-17 14:27:06.361684939,596,1,res_42f40199-b27a-43f0-a89c-188ab6bfaf36,2012-02-17 14:24:41.393468939,0.0
Case208,W_Nabellen offertes,res_fa3ac963-7739-40ef-84e6-624c11774546,Role 1,2012-02-23 09:51:25.625237939,635,1,res_fa3ac963-7739-40ef-84e6-624c11774546,2012-02-23 09:49:41.031474939,0.0
Case209,W_Afhandelen leads,res_fa3ac963-7739-40ef-84e6-624c11774546,Role 1,2012-02-17 13:31:16.615312837,593,0,res_fa3ac963-7739-40ef-84e6-624c11774546,2012-02-17 13:27:59.973550837,0.0
Case209,W_Completeren aanvraag,res_dcb46f81-367a-42ae-96c2-833faef25480,Role 1,2012-02-17 14:40:03.572968037,597,2,res_dcb46f81-367a-42ae-96c2-833faef25480,2012-02-17 14:37:42.785261037,0.02564102564102564
Case209,W_Completeren aanvraag,res_31f16881-0e61-460a-88bc-abc46854faba,Role 1,2012-02-17 18:32:19.453957637,602,1,res_31f16881-0e61-460a-88bc-abc46854faba,2012-02-17 18:30:31.246878637,0.0
Case209,W_Nabellen offertes,res_7a10508e-56ae-4766-abd2-e94c8442b539,Role 1,2012-02-19 16:15:51.960334437,607,1,res_7a10508e-56ae-4766-abd2-e94c8442b539,2012-02-19 16:13:57.728577437,0.0
Case209,W_Nabellen offertes,res_fa3ac963-7739-40ef-84e6-624c11774546,Role 1,2012-02-22 11:27:36.229460637,630,1,res_fa3ac963-7739-40ef-84e6-624c11774546,2012-02-22 11:25:54.123917637,0.0
Case209,W_Nabellen offertes,res_ddc79bf3-8255-4b9b-ace2-8a46af780bc5,Role 1,2012-02-24 02:07:07.262591437,635,1,res_ddc79bf3-8255-4b9b-ace2-8a46af780bc5,2012-02-24 02:04:40.269063437,0.0
Case21,W_Completeren aanvraag,res_7a10508e-56ae-4766-abd2-e94c8442b539,Role 1,2012-02-14 09:01:42.622937038,533,1,res_7a10508e-56ae-4766-abd2-e94c8442b539,2012-02-14 08:59:01.051057038,0.0
Case21,W_Completeren aanvraag,res_177ed8cb-552b-4612-b348-20f464d6e7e5,Role 1,2012-02-14 11:22:42.861633338,538,2,res_177ed8cb-552b-4612-b348-20f464d6e7e5,2012-02-14 11:20:24.825763338,0.05128205128205128
Case21,W_Completeren aanvraag,res_75b73935-48c2-4abe-9548-628b120b0d25,Role 1,2012-02-14 14:32:29.795428338,538,1,res_75b73935-48c2-4abe-9548-628b120b0d25,2012-02-14 14:30:14.182714338,0.0
Case21,W_Nabellen offertes,res_3e93a9a9-cdc4-46ed-8b29-3e63e6d2a9a2,Role 1,2012-02-15 06:51:20.584243838,542,2,res_3e93a9a9-cdc4-46ed-8b29-3e63e6d2a9a2,2012-02-15 06:48:30.977299838,0.02564102564102564
Case21,W_Nabellen offertes,res_2f56cb7e-3c7c-424a-95d0-d464cdf4e447,Role 1,2012-02-19 03:11:31.091045538,609,1,res_2f56cb7e-3c7c-424a-95d0-d464cdf4e447,2012-02-19 03:09:53.834663538,0.0
Case210,W_Afhandelen leads,res_fa3ac963-7739-40ef-84e6-624c11774546,Role 1,2012-02-17 13:41:44.716476597,593,0,res_fa3ac963-7739-40ef-84e6-624c11774546,2012-02-17 13:38:28.619628597,0.0
Case210,W_Completeren aanvraag,res_7cc6cf66-7797-453d-b952-98449834316b,Role 1,2012-02-17 14:49:59.545379297,599,2,res_7cc6cf66-7797-453d-b952-98449834316b,2012-02-17 14:47:39.774239297,0.05128205128205128
Case210,W_Nabellen offertes,res_7cc6cf66-7797-453d-b952-98449834316b,Role 1,2012-02-23 16:31:38.876495997,630,2,res_7cc6cf66-7797-453d-b952-98449834316b,2012-02-23 16:29:09.701716997,0.02564102564102564
Case210,W_Nabellen offertes,res_c3a01281-6e48-4ea3-a47a-9410360458be,Role 1,2012-02-26 11:03:42.553691797,644,1,res_c3a01281-6e48-4ea3-a47a-9410360458be,2012-02-26 11:02:06.511049797,0.0
Case210,W_Nabellen offertes,res_5c0494f5-5178-4b1a-9a41-59b27da90a66,Role 1,2012-02-29 10:18:14.716424297,626,1,res_5c0494f5-5178-4b1a-9a41-59b27da90a66,2012-02-29 10:07:30.510708297,0.0
Case210,W_Nabellen offertes,res_fa3ac963-7739-40ef-84e6-624c11774546,Role 1,2012-03-01 22:27:53.356542097,626,1,res_fa3ac963-7739-40ef-84e6-624c11774546,2012-03-01 22:26:09.979795097,0.0
Case210,W_Nabellen offertes,res_cd801f30-7ddb-4e0a-8319-c3bbd19d3bc0,Role 1,2012-03-03 11:05:53.158543597,624,1,res_cd801f30-7ddb-4e0a-8319-c3bbd19d3bc0,2012-03-03 10:59:36.530426597,0.0
Case210,W_Nabellen offertes,res_ddc79bf3-8255-4b9b-ace2-8a46af780bc5,Role 1,2012-03-05 08:43:44.148525497,626,1,res_ddc79bf3-8255-4b9b-ace2-8a46af780bc5,2012-03-05 08:42:09.676014497,0.0
Case211,W_Afhandelen leads,res_f3a5d8a5-7894-4471-8b15-4aeaf83a4249,Role 1,2012-02-17 13:43:01.847165417,594,1,res_f3a5d8a5-7894-4471-8b15-4aeaf83a4249,2012-02-17 13:39:55.259953417,0.02564102564102564
Case211,W_Completeren aanvraag,res_fa3ac963-7739-40ef-84e6-624c11774546,Role 1,2012-02-17 14:51:11.547703717,599,3,res_fa3ac963-7739-40ef-84e6-624c11774546,2012-02-17 14:48:57.795428717,0.05128205128205128
Case211,W_Completeren aanvraag,res_46a776b0-74ef-429c-befa-758731ba64c1,Role 1,2012-02-17 18:38:44.231955017,602,1,res_46a776b0-74ef-429c-befa-758731ba64c1,2012-02-17 18:36:57.155343017,0.0
Case212,W_Completeren aanvraag,res_ddc79bf3-8255-4b9b-ace2-8a46af780bc5,Role 1,2012-02-17 13:57:44.602772284,595,1,res_ddc79bf3-8255-4b9b-ace2-8a46af780bc5,2012-02-17 13:54:55.916353284,0.0
Case212,W_Completeren aanvraag,res_42f40199-b27a-43f0-a89c-188ab6bfaf36,Role 1,2012-02-17 15:05:27.843202984,600,1,res_42f40199-b27a-43f0-a89c-188ab6bfaf36,2012-02-17 15:03:07.088214984,0.02564102564102564
Case212,W_Nabellen offertes,res_c3a01281-6e48-4ea3-a47a-9410360458be,Role 1,2012-02-23 22:31:46.524805084,626,1,res_c3a01281-6e48-4ea3-a47a-9410360458be,2012-02-23 22:27:52.588857084,0.0
Case212,W_Nabellen offertes,res_c09d353e-d1d3-4710-a13d-39ecb25ed3a8,Role 1,2012-02-26 20:43:31.922369584,636,1,res_c09d353e-d1d3-4710-a13d-39ecb25ed3a8,2012-02-26 20:41:48.867440584,0.0
Case213,W_Afhandelen leads,res_b5ab845a-5020-427e-b6f1-42df333cb3fb,Role 1,2012-02-17 14:15:18.451405469,596,0,res_b5ab845a-5020-427e-b6f1-42df333cb3fb,2012-02-17 14:12:03.510903469,0.0
Case213,W_Completeren aanvraag,res_b5ab845a-5020-427e-b6f1-42df333cb3fb,Role 1,2012-02-17 15:22:29.995816869,601,2,res_b5ab845a-5020-427e-b6f1-42df333cb3fb,2012-02-17 15:20:07.894285869,0.02564102564102564
Case214,W_Completeren aanvraag,res_a6c40c08-3f7b-4865-a717-e7f1f1b6f98b,Role 1,2012-02-17 14:32:19.087125403,597,1,res_a6c40c08-3f7b-4865-a717-e7f1f1b6f98b,2012-02-17 14:29:31.254366403,0.0
Case214,W_Nabellen offertes,res_63d2fda6-0454-4ad2-8b55-d59c9622a8ed,Role 1,2012-02-17 15:10:04.275786203,600,1,res_63d2fda6-0454-4ad2-8b55-d59c9622a8ed,2012-02-17 15:07:58.433783203,0.0
Case214,W_Nabellen offertes,res_c6ff2914-8075-4a61-b381-b682f6eb47de,Role 1,2012-02-26 10:24:18.515484303,647,1,res_c6ff2914-8075-4a61-b381-b682f6eb47de,2012-02-26 10:22:42.074955303,0.0
Case215,W_Afhandelen leads,res_5c0494f5-5178-4b1a-9a41-59b27da90a66,Role 1,2012-02-17 14:42:13.121315279,598,0,res_5c0494f5-5178-4b1a-9a41-59b27da90a66,2012-02-17 14:38:58.446260279,0.0
Case215,W_Completeren aanvraag,res_8435ed72-5b45-4de1-a40d-2e20f14bd3c6,Role 1,2012-02-17 15:48:52.625277579,600,2,res_8435ed72-5b45-4de1-a40d-2e20f14bd3c6,2012-02-17 15:46:30.914818579,0.05128205128205128
Case215,W_Nabellen offertes,res_ddc79bf3-8255-4b9b-ace2-8a46af780bc5,Role 1,2012-02-23 15:34:47.230301578,631,1,res_ddc79bf3-8255-4b9b-ace2-8a46af780bc5,2012-02-23 15:32:37.578509578,0.0
Case216,W_Completeren aanvraag,res_c6ff2914-8075-4a61-b381-b682f6eb47de,Role 1,2012-02-17 14:43:05.555611274,599,1,res_c6ff2914-8075-4a61-b381-b682f6eb47de,2012-02-17 14:40:19.041911274,0.02564102564102564
Case216,W_Nabellen offertes,res_6f56bab9-a4f7-420f-96ab-b17cd82647c1,Role 1,2012-02-17 15:19:50.825230774,601,1,res_6f56bab9-a4f7-420f-96ab-b17cd82647c1,2012-02-17 15:17:45.436100774,0.05128205128205128
Case217,W_Afhandelen leads,res_ddc79bf3-8255-4b9b-ace2-8a46af780bc5,Role 1,2012-02-17 14:57:52.068767369,600,0,res_ddc79bf3-8255-4b9b-ace2-8a46af780bc5,2012-02-17 14:54:37.385594369,0.0
Case217,W_Completeren aanvraag,res_69f394fc-b099-49f7-8f4e-cce94cd03365,Role 1,2012-02-17 16:04:29.185224269,601,1,res_69f394fc-b099-49f7-8f4e-cce94cd03365,2012-02-17 16:02:00.981317269,0.0
Case217,W_Nabellen offertes,res_9e7fccd4-b30d-488c-ad55-351ad1a60226,Role 1,2012-02-23 23:26:23.238819069,626,1,res_9e7fccd4-b30d-488c-ad55-351ad1a60226,2012-02-23 23:23:42.195001069,0.0
Case218,W_Completeren aanvraag,res_fa3ac963-7739-40ef-84e6-624c11774546,Role 1,2012-02-17 15:15:33.515602800,601,1,res_fa3ac963-7739-40ef-84e6-624c11774546,2012-02-17 15:12:45.426882800,0.0
Case219,W_Completeren aanvraag,res_f664dcd9-d4b7-456f-a1f7-9daea9e497fd,Role 1,2012-02-17 15:31:07.002865066,599,1,res_f664dcd9-d4b7-456f-a1f7-9daea9e497fd,2012-02-17 15:28:18.321543066,0.0
Case219,W_Nabellen offertes,res_85f526bd-1f2c-4373-8dcc-9710ee98b7b2,Role 1,2012-02-17 16:07:16.349096466,601,1,res_85f526bd-1f2c-4373-8dcc-9710ee98b7b2,2012-02-17 16:05:08.593332466,0.0
Case219,W_Nabellen offertes,res_5c0494f5-5178-4b1a-9a41-59b27da90a66,Role 1,2012-02-26 10:33:55.502967666,646,1,res_5c0494f5-5178-4b1a-9a41-59b27da90a66,2012-02-26 10:32:18.866166666,0.0
Case22,W_Afhandelen leads,res_501654f1-1e08-4e04-8b11-a5fd18a76e7d,Role 1,2012-02-14 09:08:12.963756339,534,0,res_501654f1-1e08-4e04-8b11-a5fd18a76e7d,2012-02-14 09:05:09.776160339,0.0
Case22,W_Completeren aanvraag,res_3e93a9a9-cdc4-46ed-8b29-3e63e6d2a9a2,Role 1,2012-02-14 11:26:24.155430039,536,1,res_3e93a9a9-cdc4-46ed-8b29-3e63e6d2a9a2,2012-02-14 11:23:59.597017039,0.0
Case220,W_Afhandelen leads,res_0eb69d82-9670-4fe3-a195-9d055d280321,Role 1,2012-02-17 15:43:20.902473546,600,0,res_0eb69d82-9670-4fe3-a195-9d055d280321,2012-02-17 15:40:05.548380546,0.0
Case220,W_Completeren aanvraag,res_85f526bd-1f2c-4373-8dcc-9710ee98b7b2,Role 1,2012-02-17 16:50:09.351269746,603,1,res_85f526bd-1f2c-4373-8dcc-9710ee98b7b2,2012-02-17 16:47:40.595389746,0.02564102564102564
Case221,W_Afhandelen leads,res_69f394fc-b099-49f7-8f4e-cce94cd03365,Role 1,2012-02-17 15:43:52.156861681,601,1,res_69f394fc-b099-49f7-8f4e-cce94cd03365,2012-02-17 15:40:46.853651681,0.07692307692307693
Case221,W_Completeren aanvraag,res_177ed8cb-552b-4612-b348-20f464d6e7e5,Role 1,2012-02-17 16:50:31.593982181,604,2,res_177ed8cb-552b-4612-b348-20f464d6e7e5,2012-02-17 16:48:12.210625181,0.07692307692307693
Case222,W_Completeren aanvraag,res_46a776b0-74ef-429c-befa-758731ba64c1,Role 1,2012-02-17 16:06:57.865644992,602,1,res_46a776b0-74ef-429c-befa-758731ba64c1,2012-02-17 16:04:09.217978992,0.02564102564102564
Case223,W_Afhandelen leads,res_177ed8cb-552b-4612-b348-20f464d6e7e5,Role 1,2012-02-17 16:30:20.620558092,602,0,res_177ed8cb-552b-4612-b348-20f464d6e7e5,2012-02-17 16:27:04.381274092,0.0
Case223,W_Completeren aanvraag,res_fa3ac963-7739-40ef-84e6-624c11774546,Role 1,2012-02-17 17:30:15.961896630,602,1,res_fa3ac963-7739-40ef-84e6-624c11774546,2012-02-17 17:27:44.275864630,0.0
Case223,W_Nabellen offertes,res_9548f08a-bc89-4837-8ec2-cdb10b4e93b0,Role 1,2012-02-24 02:25:12.704376642,634,1,res_9548f08a-bc89-4837-8ec2-cdb10b4e93b0,2012-02-24 02:22:07.520524642,0.0
Case223,W_Nabellen offertes,res_7cc6cf66-7797-453d-b952-98449834316b,Role 1,2012-02-26 21:46:29.240184405,620,1,res_7cc6cf66-7797-453d-b952-98449834316b,2012-02-26 21:41:24.009548405,0.0
Case223,W_Nabellen offertes,res_f612d14e-303a-4d03-a37a-3b98918a5014,Role 1,2012-02-28 05:35:53.842260114,628,1,res_f612d14e-303a-4d03-a37a-3b98918a5014,2012-02-28 05:34:12.418675114,0.0
Case223,W_Nabellen offertes,res_69f394fc-b099-49f7-8f4e-cce94cd03365,Role 1,2012-02-29 13:51:26.114122797,622,1,res_69f394fc-b099-49f7-8f4e-cce94cd03365,2012-02-29 13:47:13.349298797,0.0
Case223,W_Nabellen offertes,res_b5ab845a-5020-427e-b6f1-42df333cb3fb,Role 1,2012-03-02 01:03:03.351002663,632,1,res_b5ab845a-5020-427e-b6f1-42df333cb3fb,2012-03-02 01:01:21.775267663,0.0
Case223,W_Nabellen offertes,res_425ded41-e317-4198-891a-d9f3e32a6030,Role 1,2012-03-03 16:02:40.349821676,614,1,res_425ded41-e317-4198-891a-d9f3e32a6030,2012-03-03 15:52:46.647744676,0.0
Case223,W_Nabellen offertes,res_501654f1-1e08-4e04-8b11-a5fd18a76e7d,Role 1,2012-03-05 01:59:01.818349437,625,1,res_501654f1-1e08-4e04-8b11-a5fd18a76e7d,2012-03-05 01:57:19.620630437,0.02564102564102564
Case223,W_Nabellen offertes,res_3e93a9a9-cdc4-46ed-8b29-3e63e6d2a9a2,Role 1,2012-03-06 04:32:16.200760558,632,1,res_3e93a9a9-cdc4-46ed-8b29-3e63e6d2a9a2,2012-03-06 04:30:44.788874558,0.0
Case223,W_Nabellen offertes,res_31f16881-0e61-460a-88bc-abc46854faba,Role 1,2012-03-07 08:36:08.222375853,618,1,res_31f16881-0e61-460a-88bc-abc46854faba,2012-03-07 08:29:31.313800853,0.0
Case223,W_Nabellen offertes,res_7848a1c1-2878-42e4-b2ac-02ba3ecca52c,Role 1,2012-03-08 11:25:09.917429470,617,1,res_7848a1c1-2878-42e4-b2ac-02ba3ecca52c,2012-03-08 11:22:58.254737470,0.0
Case223,W_Nabellen offertes,res_6f56bab9-a4f7-420f-96ab-b17cd82647c1,Role 1,2012-03-09 14:19:04.146770992,614,1,res_6f56bab9-a4f7-420f-96ab-b17cd82647c1,2012-03-09 14:17:20.817842992,0.0
Case224,W_Afhandelen leads,res_b5ab845a-5020-427e-b6f1-42df333cb3fb,Role 1,2012-02-17 16:44:14.024950251,603,0,res_b5ab845a-5020-427e-b6f1-42df333cb3fb,2012-02-17 16:40:57.538816251,0.0
Case224,W_Completeren aanvraag,res_2f56cb7e-3c7c-424a-95d0-d464cdf4e447,Role 1,2012-02-17 17:53:02.738835951,602,1,res_2f56cb7e-3c7c-424a-95d0-d464cdf4e447,2012-02-17 17:50:31.690055951,0.02564102564102564
Case224,W_Completeren aanvraag,res_31f16881-0e61-460a-88bc-abc46854faba,Role 1,2012-02-17 21:31:49.103352851,606,1,res_31f16881-0e61-460a-88bc-abc46854faba,2012-02-17 21:29:57.359156851,0.0
Case224,W_Completeren aanvraag,res_a7efadcf-4796-49e4-a611-9f847fa3b6b3,Role 1,2012-02-18 08:38:30.421216651,601,1,res_a7efadcf-4796-49e4-a611-9f847fa3b6b3,2012-02-18 08:36:39.588270651,0.0
Case224,W_Nabellen offertes,res_8435ed72-5b45-4de1-a40d-2e20f14bd3c6,Role 1,2012-02-18 15:51:04.067854251,608,1,res_8435ed72-5b45-4de1-a40d-2e20f14bd3c6,2012-02-18 15:49:25.108466251,0.0
Case224,W_Nabellen offertes,res_b5ab845a-5020-427e-b6f1-42df333cb3fb,Role 1,2012-02-21 19:29:38.142322851,635,1,res_b5ab845a-5020-427e-b6f1-42df333cb3fb,2012-02-21 19:23:18.400684851,0.0
Case224,W_Nabellen offertes,res_f664dcd9-d4b7-456f-a1f7-9daea9e497fd,Role 1,2012-02-23 07:38:02.745567151,632,1,res_f664dcd9-d4b7-456f-a1f7-9daea9e497fd,2012-02-23 07:36:27.303586151,0.02564102564102564
Case225,W_Afhandelen leads,res_d5418cc0-ed10-4016-ac16-0bc32f58673f,Role 1,2012-02-17 16:45:19.845666784,604,1,res_d5418cc0-ed10-4016-ac16-0bc32f58673f,2012-02-17 16:42:11.082347784,0.05128205128205128
Case225,W_Completeren aanvraag,res_cd801f30-7ddb-4e0a-8319-c3bbd19d3bc0,Role 1,2012-02-17 17:54:16.239932084,602,2,res_cd801f30-7ddb-4e0a-8319-c3bbd19d3bc0,2012-02-17 17:51:51.099068084,0.02564102564102564
Case225,W_Completeren aanvraag,res_a6c40c08-3f7b-4865-a717-e7f1f1b6f98b,Role 1,2012-02-17 23:12:37.279108384,605,1,res_a6c40c08-3f7b-4865-a717-e7f1f1b6f98b,2012-02-17 23:10:46.580623384,0.0
Case226,W_Completeren aanvraag,res_dcb46f81-367a-42ae-96c2-833faef25480,Role 1,2012-02-17 17:44:04.578667734,602,1,res_dcb46f81-367a-42ae-96c2-833faef25480,2012-02-17 17:41:11.246317734,0.0
Case227,W_Afhandelen leads,res_501654f1-1e08-4e04-8b11-a5fd18a76e7d,Role 1,2012-02-17 17:45:29.158669618,603,0,res_501654f1-1e08-4e04-8b11-a5fd18a76e7d,2012-02-17 17:42:12.700501618,0.02564102564102564
Case227,W_Completeren aanvraag,res_5c0494f5-5178-4b1a-9a41-59b27da90a66,Role 1,2012-02-17 18:58:31.448804218,604,1,res_5c0494f5-5178-4b1a-9a41-59b27da90a66,2012-02-17 18:55:57.514797218,0.0
Case228,W_Completeren aanvraag,res_e30a7ff2-fdff-43e2-93a6-f30f7d1f4d80,Role 1,2012-02-17 18:20:17.444015046,602,1,res_e30a7ff2-fdff-43e2-93a6-f30f7d1f4d80,2012-02-17 18:17:23.299112046,0.0
Case228,W_Nabellen offertes,res_dcb46f81-367a-42ae-96c2-833faef25480,Role 1,2012-02-17 18:49:45.652532746,604,1,res_dcb46f81-367a-42ae-96c2-833faef25480,2012-02-17 18:47:30.609336746,0.05128205128205128
Case228,W_Nabellen offertes,res_7a10508e-56ae-4766-abd2-e94c8442b539,Role 1,2012-02-26 05:55:39.962882046,651,2,res_7a10508e-56ae-4766-abd2-e94c8442b539,2012-02-26 05:53:55.361365046,0.05128205128205128
Case228,W_Nabellen offertes,res_cd801f30-7ddb-4e0a-8319-c3bbd19d3bc0,Role 1,2012-02-29 10:21:42.468055546,626,1,res_cd801f30-7ddb-4e0a-8319-c3bbd19d3bc0,2012-02-29 10:14:22.630920546,0.0
Case228,W_Nabellen offertes,res_7848a1c1-2878-42e4-b2ac-02ba3ecca52c,Role 1,2012-03-01 22:15:49.570475546,626,1,res_7848a1c1-2878-42e4-b2ac-02ba3ecca52c,2012-03-01 22:14:09.317326546,0.0
Case228,W_Nabellen offertes,res_7cc6cf66-7797-453d-b952-98449834316b,Role 1,2012-03-03 11:17:47.608549446,624,1,res_7cc6cf66-7797-453d-b952-98449834316b,2012-03-03 11:07:49.950816446,0.0
Case229,W_Afhandelen leads,res_f3a5d8a5-7894-4471-8b15-4aeaf83a4249,Role 1,2012-02-17 18:45:15.465286615,603,0,res_f3a5d8a5-7894-4471-8b15-4aeaf83a4249,2012-02-17 18:41:57.192079615,0.0
Case229,W_Completeren aanvraag,res_3e93a9a9-cdc4-46ed-8b29-3e63e6d2a9a2,Role 1,2012-02-17 20:03:09.339290214,606,1,res_3e93a9a9-cdc4-46ed-8b29-3e63e6d2a9a2,2012-02-17 20:00:33.835523215,0.0
Case229,W_Nabellen offertes,res_75b73935-48c2-4abe-9548-628b120b0d25,Role 1,2012-02-26 04:17:43.699018515,643,1,res_75b73935-48c2-4abe-9548-628b120b0d25,2012-02-26 04:15:50.577952515,0.0
Case229,W_Nabellen offertes,res_5c0494f5-5178-4b1a-9a41-59b27da90a66,Role 1,2012-02-29 10:53:15.460652715,626,1,res_5c0494f5-5178-4b1a-9a41-59b27da90a66,2012-02-29 10:47:55.960523715,0.0
Case229,W_Nabellen offertes,res_d5418cc0-ed10-4016-ac16-0bc32f58673f,Role 1,2012-03-01 22:32:06.280540815,624,1,res_d5418cc0-ed10-4016-ac16-0bc32f58673f,2012-03-01 22:30:28.104291815,0.02564102564102564
Case229,W_Nabellen offertes,res_dcb46f81-367a-42ae-96c2-833faef25480,Role 1,2012-03-03 12:09:26.867178215,623,2,res_dcb46f81-367a-42ae-96c2-833faef25480,2012-03-03 11:57:53.223282215,0.02564102564102564
Case23,W_Completeren aanvraag,res_6f56bab9-a4f7-420f-96ab-b17cd82647c1,Role 1,2012-02-14 09:08:45.156609761,535,1,res_6f56bab9-a4f7-420f-96ab-b17cd82647c1,2012-02-14 09:06:04.178224761,0.02564102564102564
Case23,W_Nabellen offertes,res_408aec04-fa16-4916-b3c7-40322d591997,Role 1,2012-02-14 10:07:34.048426861,537,1,res_408aec04-fa16-4916-b3c7-40322d591997,2012-02-14 10:05:14.165277861,0.0
Case23,W_Nabellen offertes,res_501654f1-1e08-4e04-8b11-a5fd18a76e7d,Role 1,2012-02-21 12:07:48.935334661,633,2,res_501654f1-1e08-4e04-8b11-a5fd18a76e7d,2012-02-21 12:06:08.382301661,0.02564102564102564
Case230,W_Completeren aanvraag,res_7cc6cf66-7797-453d-b952-98449834316b,Role 1,2012-02-17 18:45:18.955833463,604,1,res_7cc6cf66-7797-453d-b952-98449834316b,2012-02-17 18:42:25.400557463,0.02564102564102564
Case230,W_Completeren aanvraag,res_a7efadcf-4796-49e4-a611-9f847fa3b6b3,Role 1,2012-02-17 20:03:27.809343563,606,2,res_a7efadcf-4796-49e4-a611-9f847fa3b6b3,2012-02-17 20:00:56.118288563,0.02564102564102564
Case230,W_Nabellen offertes,res_ddc79bf3-8255-4b9b-ace2-8a46af780bc5,Role 1,2012-02-26 07:05:41.486212163,647,1,res_ddc79bf3-8255-4b9b-ace2-8a46af780bc5,2012-02-26 07:03:55.847158163,0.0
Case230,W_Nabellen offertes,res_ee4279a0-2b97-4f9d-9945-00c80ada4a95,Role 1,2012-02-29 17:30:16.472393363,632,1,res_ee4279a0-2b97-4f9d-9945-00c80ada4a95,2012-02-29 17:28:36.873553363,0.0
Case231,W_Afhandelen leads,res_24e554c7-8afb-451c-a96e-dea7923be74d,Role 1,2012-02-17 19:24:51.359708689,604,0,res_24e554c7-8afb-451c-a96e-dea7923be74d,2012-02-17 19:21:32.748892689,0.0
Case231,W_Completeren aanvraag,res_8435ed72-5b45-4de1-a40d-2e20f14bd3c6,Role 1,2012-02-17 20:47:06.402954789,605,1,res_8435ed72-5b45-4de1-a40d-2e20f14bd3c6,2012-02-17 20:44:30.249484789,0.0
Case231,W_Nabellen offertes,res_ee4279a0-2b97-4f9d-9945-00c80ada4a95,Role 1,2012-02-26 03:34:50.470207489,644,1,res_ee4279a0-2b97-4f9d-9945-00c80ada4a95,2012-02-26 03:32:53.625165489,0.0
Case232,W_Completeren aanvraag,res_501654f1-1e08-4e04-8b11-a5fd18a76e7d,Role 1,2012-02-17 19:44:09.424042776,605,2,res_501654f1-1e08-4e04-8b11-a5fd18a76e7d,2012-02-17 19:41:24.557081776,0.02564102564102564
Case232,W_Nabellen offertes,res_c3a01281-6e48-4ea3-a47a-9410360458be,Role 1,2012-02-17 20:11:46.463624276,606,1,res_c3a01281-6e48-4ea3-a47a-9410360458be,2012-02-17 20:09:32.753108276,0.0
Case232,W_Nabellen offertes,res_f612d14e-303a-4d03-a37a-3b98918a5014,Role 1,2012-02-24 12:49:13.192201876,642,1,res_f612d14e-303a-4d03-a37a-3b98918a5014,2012-02-24 12:47:29.823666876,0.0
Case233,W_Afhandelen leads,res_63d2fda6-0454-4ad2-8b55-d59c9622a8ed,Role 1,2012-02-17 19:46:17.979683332,606,0,res_63d2fda6-0454-4ad2-8b55-d59c9622a8ed,2012-02-17 19:43:00.264417332,0.02564102564102564
Case233,W_Completeren aanvraag,res_42f40199-b27a-43f0-a89c-188ab6bfaf36,Role 1,2012-02-17 21:10:44.499224632,606,1,res_42f40199-b27a-43f0-a89c-188ab6bfaf36,2012-02-17 21:08:08.227985632,0.0
Case233,W_Completeren aanvraag,res_f3a5d8a5-7894-4471-8b15-4aeaf83a4249,Role 1,2012-02-18 16:13:12.958224432,608,1,res_f3a5d8a5-7894-4471-8b15-4aeaf83a4249,2012-02-18 16:11:22.681892432,0.0
Case233,W_Nabellen offertes,res_8435ed72-5b45-4de1-a40d-2e20f14bd3c6,Role 1,2012-02-20 05:33:28.835597032,600,1,res_8435ed72-5b45-4de1-a40d-2e20f14bd3c6,2012-02-20 05:31:42.664300032,0.0
Case234,W_Afhandelen leads,res_9548f08a-bc89-4837-8ec2-cdb10b4e93b0,Role 1,2012-02-17 20:42:32.241537105,606,0,res_9548f08a-bc89-4837-8ec2-cdb10b4e93b0,2012-02-17 20:39:14.199857105,0.02564102564102564
Case234,W_Completeren aanvraag,res_c09d353e-d1d3-4710-a13d-39ecb25ed3a8,Role 1,2012-02-17 22:12:50.124578105,606,1,res_c09d353e-d1d3-4710-a13d-39ecb25ed3a8,2012-02-17 22:10:13.118422105,0.0
Case235,W_Completeren aanvraag,res_69f394fc-b099-49f7-8f4e-cce94cd03365,Role 1,2012-02-18 08:59:12.931143269,601,1,res_69f394fc-b099-49f7-8f4e-cce94cd03365,2012-02-18 08:56:19.048449269,0.0
Case236,W_Afhandelen leads,res_7848a1c1-2878-42e4-b2ac-02ba3ecca52c,Role 1,2012-02-18 09:04:17.104786476,601,0,res_7848a1c1-2878-42e4-b2ac-02ba3ecca52c,2012-02-18 09:00:59.118336476,0.0
Case236,W_Completeren aanvraag,res_e30a7ff2-fdff-43e2-93a6-f30f7d1f4d80,Role 1,2012-02-18 11:00:29.510981076,609,1,res_e30a7ff2-fdff-43e2-93a6-f30f7d1f4d80,2012-02-18 10:58:15.101387076,0.0
Case236,W_Nabellen offertes,res_b5ab845a-5020-427e-b6f1-42df333cb3fb,Role 1,2012-02-23 12:10:18.686253476,632,1,res_b5ab845a-5020-427e-b6f1-42df333cb3fb,2012-02-23 12:08:20.256975476,0.0
Case237,W_Afhandelen leads,res_46a776b0-74ef-429c-befa-758731ba64c1,Role 1,2012-02-18 09:11:37.258927036,602,0,res_46a776b0-74ef-429c-befa-758731ba64c1,2012-02-18 09:08:19.372080036,0.0
Case237,W_Completeren aanvraag,res_7a10508e-56ae-4766-abd2-e94c8442b539,Role 1,2012-02-18 11:05:58.250186136,610,1,res_7a10508e-56ae-4766-abd2-e94c8442b539,2012-02-18 11:03:43.756563136,0.0
Case237,W_Nabellen offertes,res_7cc6cf66-7797-453d-b952-98449834316b,Role 1,2012-02-23 11:51:54.094285035,632,1,res_7cc6cf66-7797-453d-b952-98449834316b,2012-02-23 11:49:57.844112036,0.0
Case237,W_Nabellen offertes,res_7848a1c1-2878-42e4-b2ac-02ba3ecca52c,Role 1,2012-02-26 01:47:24.512186836,644,1,res_7848a1c1-2878-42e4-b2ac-02ba3ecca52c,2012-02-26 01:45:31.665379836,0.0
Case237,W_Nabellen offertes,res_c3a01281-6e48-4ea3-a47a-9410360458be,Role 1,2012-02-28 18:22:43.376860036,642,1,res_c3a01281-6e48-4ea3-a47a-9410360458be,2012-02-28 18:21:02.063104036,0.02564102564102564
Case238,W_Afhandelen leads,res_69f394fc-b099-49f7-8f4e-cce94cd03365,Role 1,2012-02-18 09:19:20.581049256,603,0,res_69f394fc-b099-49f7-8f4e-cce94cd03365,2012-02-18 09:16:02.797073256,0.0
Case238,W_Completeren aanvraag,res_d5418cc0-ed10-4016-ac16-0bc32f58673f,Role 1,2012-02-18 11:11:38.430638856,610,1,res_d5418cc0-ed10-4016-ac16-0bc32f58673f,2012-02-18 11:09:23.835735856,0.0
Case239,W_Afhandelen leads,res_9e7fccd4-b30d-488c-ad55-351ad1a60226,Role 1,2012-02-18 09:25:53.388945857,604,0,res_9e7fccd4-b30d-488c-ad55-351ad1a60226,2012-02-18 09:22:35.700871857,0.0
Case239,W_Completeren aanvraag,res_75b73935-48c2-4abe-9548-628b120b0d25,Role 1,2012-02-18 11:16:23.178891857,609,1,res_75b73935-48c2-4abe-9548-628b120b0d25,2012-02-18 11:14:08.488457857,0.0
Case239,W_Nabellen offertes,res_b5ab845a-5020-427e-b6f1-42df333cb3fb,Role 1,2012-02-23 17:49:17.669614257,628,1,res_b5ab845a-5020-427e-b6f1-42df333cb3fb,2012-02-23 17:44:59.638747257,0.0
Case24,W_Afhandelen leads,res_d5418cc0-ed10-4016-ac16-0bc32f58673f,Role 1,2012-02-14 09:23:59.016610892,536,0,res_d5418cc0-ed10-4016-ac16-0bc32f58673f,2012-02-14 09:20:55.767613892,0.0
Case24,W_Completeren aanvraag,res_7a10508e-56ae-4766-abd2-e94c8442b539,Role 1,2012-02-14 11:39:08.692642892,536,1,res_7a10508e-56ae-4766-abd2-e94c8442b539,2012-02-14 11:36:43.916751892,0.0
Case240,W_Completeren aanvraag,res_31f16881-0e61-460a-88bc-abc46854faba,Role 1,2012-02-18 09:30:11.433285976,605,1,res_31f16881-0e61-460a-88bc-abc46854faba,2012-02-18 09:27:18.793095976,0.0
Case240,W_Completeren aanvraag,res_425ded41-e317-4198-891a-d9f3e32a6030,Role 1,2012-02-18 11:19:21.657747776,609,1,res_425ded41-e317-4198-891a-d9f3e32a6030,2012-02-18 11:17:18.183294776,0.0
Case241,W_Afhandelen leads,res_7a10508e-56ae-4766-abd2-e94c8442b539,Role 1,2012-02-18 09:37:15.243372401,606,0,res_7a10508e-56ae-4766-abd2-e94c8442b539,2012-02-18 09:33:57.741568401,0.0
Case241,W_Completeren aanvraag,res_a6c40c08-3f7b-4865-a717-e7f1f1b6f98b,Role 1,2012-02-18 11:24:38.028637201,609,2,res_a6c40c08-3f7b-4865-a717-e7f1f1b6f98b,2012-02-18 11:22:25.601677201,0.02564102564102564
Case241,W_Nabellen offertes,res_85f526bd-1f2c-4373-8dcc-9710ee98b7b2,Role 1,2012-02-23 23:30:06.670879001,634,2,res_85f526bd-1f2c-4373-8dcc-9710ee98b7b2,2012-02-23 23:27:55.543095001,0.05128205128205128
Case241,W_Nabellen offertes,res_75b73935-48c2-4abe-9548-628b120b0d25,Role 1,2012-02-26 20:13:37.915531101,633,1,res_75b73935-48c2-4abe-9548-628b120b0d25,2012-02-26 20:11:43.302528101,0.0
Case241,W_Nabellen offertes,res_85f526bd-1f2c-4373-8dcc-9710ee98b7b2,Role 1,2012-02-29 06:01:29.534414000,627,1,res_85f526bd-1f2c-4373-8dcc-9710ee98b7b2,2012-02-29 05:57:00.772979000,0.0
Case241,W_Nabellen offertes,res_7848a1c1-2878-42e4-b2ac-02ba3ecca52c,Role 1,2012-03-01 19:27:27.645212601,625,1,res_7848a1c1-2878-42e4-b2ac-02ba3ecca52c,2012-03-01 19:25:48.351042601,0.0
Case242,W_Completeren aanvraag,res_f612d14e-303a-4d03-a37a-3b98918a5014,Role 1,2012-02-18 09:47:21.201997073,607,1,res_f612d14e-303a-4d03-a37a-3b98918a5014,2012-02-18 09:44:29.409983073,0.0
Case242,W_Nabellen offertes,res_69f394fc-b099-49f7-8f4e-cce94cd03365,Role 1,2012-02-18 10:40:48.535861773,609,1,res_69f394fc-b099-49f7-8f4e-cce94cd03365,2012-02-18 10:38:53.973455773,0.0
Case242,W_Nabellen offertes,res_75b73935-48c2-4abe-9548-628b120b0d25,Role 1,2012-02-26 11:27:15.513021673,641,1,res_75b73935-48c2-4abe-9548-628b120b0d25,2012-02-26 11:25:41.209939673,0.0
Case243,W_Afhandelen leads,res_24e554c7-8afb-451c-a96e-dea7923be74d,Role 1,2012-02-18 09:52:26.736012279,608,0,res_24e554c7-8afb-451c-a96e-dea7923be74d,2012-02-18 09:49:09.479870280,0.0
Case243,W_Completeren aanvraag,res_501654f1-1e08-4e04-8b11-a5fd18a76e7d,Role 1,2012-02-18 11:35:31.138358080,609,1,res_501654f1-1e08-4e04-8b11-a5fd18a76e7d,2012-02-18 11:33:16.014894080,0.0
Case244,W_Completeren aanvraag,res_31f16881-0e61-460a-88bc-abc46854faba,Role 1,2012-02-18 10:10:04.964880799,609,1,res_31f16881-0e61-460a-88bc-abc46854faba,2012-02-18 10:07:14.498821799,0.0
Case245,W_Afhandelen leads,res_7a10508e-56ae-4766-abd2-e94c8442b539,Role 1,2012-02-18 10:28:19.015902481,609,0,res_7a10508e-56ae-4766-abd2-e94c8442b539,2012-02-18 10:25:02.391197481,0.0
Case245,W_Completeren aanvraag,res_501654f1-1e08-4e04-8b11-a5fd18a76e7d,Role 1,2012-02-18 12:00:50.114747481,610,1,res_501654f1-1e08-4e04-8b11-a5fd18a76e7d,2012-02-18 11:58:35.872798481,0.05128205128205128
Case246,W_Completeren aanvraag,res_b5ab845a-5020-427e-b6f1-42df333cb3fb,Role 1,2012-02-18 10:51:37.682681102,610,2,res_b5ab845a-5020-427e-b6f1-42df333cb3fb,2012-02-18 10:49:00.016122102,0.02564102564102564
Case247,W_Afhandelen leads,res_31f16881-0e61-460a-88bc-abc46854faba,Role 1,2012-02-18 10:52:44.091747863,611,0,res_31f16881-0e61-460a-88bc-abc46854faba,2012-02-18 10:49:31.246936863,0.05128205128205128
Case247,W_Completeren aanvraag,res_6f56bab9-a4f7-420f-96ab-b17cd82647c1,Role 1,2012-02-18 12:19:00.123053263,609,1,res_6f56bab9-a4f7-420f-96ab-b17cd82647c1,2012-02-18 12:16:44.363560263,0.0
Case247,W_Completeren aanvraag,res_7cc6cf66-7797-453d-b952-98449834316b,Role 1,2012-02-18 18:14:45.815508163,608,1,res_7cc6cf66-7797-453d-b952-98449834316b,2012-02-18 18:12:59.704547163,0.0
Case247,W_Completeren aanvraag,res_f3a5d8a5-7894-4471-8b15-4aeaf83a4249,Role 1,2012-02-19 05:20:26.178059063,606,1,res_f3a5d8a5-7894-4471-8b15-4aeaf83a4249,2012-02-19 05:18:08.782205063,0.0
Case247,W_Nabellen offertes,res_2f56cb7e-3c7c-424a-95d0-d464cdf4e447,Role 1,2012-02-19 20:03:41.450142763,605,1,res_2f56cb7e-3c7c-424a-95d0-d464cdf4e447,2012-02-19 20:02:00.793477763,0.0
Case248,W_Completeren aanvraag,res_177ed8cb-552b-4612-b348-20f464d6e7e5,Role 1,2012-02-18 11:15:10.873838325,609,1,res_177ed8cb-552b-4612-b348-20f464d6e7e5,2012-02-18 11:12:25.402786325,0.0
Case248,W_Completeren aanvraag,res_e30a7ff2-fdff-43e2-93a6-f30f7d1f4d80,Role 1,2012-02-18 12:36:31.390811725,609,1,res_e30a7ff2-fdff-43e2-93a6-f30f7d1f4d80,2012-02-18 12:34:23.827685725,0.0
Case249,W_Afhandelen leads,res_c3a01281-6e48-4ea3-a47a-9410360458be,Role 1,2012-02-18 11:52:18.009078848,609,0,res_c3a01281-6e48-4ea3-a47a-9410360458be,2012-02-18 11:49:04.656612848,0.0
Case249,W_Completeren aanvraag,res_f3a5d8a5-7894-4471-8b15-4aeaf83a4249,Role 1,2012-02-18 13:07:26.006684547,609,1,res_f3a5d8a5-7894-4471-8b15-4aeaf83a4249,2012-02-18 13:05:07.498705548,0.0
Case25,W_Completeren aanvraag,res_3e93a9a9-cdc4-46ed-8b29-3e63e6d2a9a2,Role 1,2012-02-14 09:36:07.808419419,537,1,res_3e93a9a9-cdc4-46ed-8b29-3e63e6d2a9a2,2012-02-14 09:33:27.322059419,0.0
Case25,W_Nabellen offertes,res_9e7fccd4-b30d-488c-ad55-351ad1a60226,Role 1,2012-02-14 10:29:40.628987919,539,1,res_9e7fccd4-b30d-488c-ad55-351ad1a60226,2012-02-14 10:27:19.687113919,0.0
Case250,W_Afhandelen leads,res_5c0494f5-5178-4b1a-9a41-59b27da90a66,Role 1,2012-02-18 11:52:41.677485796,610,1,res_5c0494f5-5178-4b1a-9a41-59b27da90a66,2012-02-18 11:49:40.924655796,0.02564102564102564
Case250,W_Completeren aanvraag,res_d5418cc0-ed10-4016-ac16-0bc32f58673f,Role 1,2012-02-18 13:08:22.935549496,609,2,res_d5418cc0-ed10-4016-ac16-0bc32f58673f,2012-02-18 13:06:08.829022496,0.02564102564102564
Case250,W_Nabellen offertes,res_fa3ac963-7739-40ef-84e6-624c11774546,Role 1,2012-02-25 08:01:42.325616596,644,1,res_fa3ac963-7739-40ef-84e6-624c11774546,2012-02-25 07:59:57.205738596,0.0
Case251,W_Completeren aanvraag,res_f3a5d8a5-7894-4471-8b15-4aeaf83a4249,Role 1,2012-02-18 12:52:24.237957541,609,1,res_f3a5d8a5-7894-4471-8b15-4aeaf83a4249,2012-02-18 12:49:45.565146541,0.0
Case251,W_Nabellen offertes,res_425ded41-e317-4198-891a-d9f3e32a6030,Role 1,2012-02-18 13:36:31.187387441,608,1,res_425ded41-e317-4198-891a-d9f3e32a6030,2012-02-18 13:34:33.395136441,0.0
Case251,W_Nabellen offertes,res_f612d14e-303a-4d03-a37a-3b98918a5014,Role 1,2012-02-27 03:44:47.312304041,628,1,res_f612d14e-303a-4d03-a37a-3b98918a5014,2012-02-27 03:39:46.726241041,0.0
Case252,W_Afhandelen leads,res_9548f08a-bc89-4837-8ec2-cdb10b4e93b0,Role 1,2012-02-18 14:38:36.645442926,609,0,res_9548f08a-bc89-4837-8ec2-cdb10b4e93b0,2012-02-18 14:35:25.420542926,0.0
Case252,W_Completeren aanvraag,res_5c0494f5-5178-4b1a-9a41-59b27da90a66,Role 1,2012-02-18 15:44:14.810215226,610,1,res_5c0494f5-5178-4b1a-9a41-59b27da90a66,2012-02-18 15:41:48.515990226,0.0
Case253,W_Completeren aanvraag,res_6f56bab9-a4f7-420f-96ab-b17cd82647c1,Role 1,2012-02-18 15:07:24.986168614,610,1,res_6f56bab9-a4f7-420f-96ab-b17cd82647c1,2012-02-18 15:04:42.405734614,0.0
Case253,W_Completeren aanvraag,res_f664dcd9-d4b7-456f-a1f7-9daea9e497fd,Role 1,2012-02-18 16:12:33.557204814,609,1,res_f664dcd9-d4b7-456f-a1f7-9daea9e497fd,2012-02-18 16:10:08.700102814,0.0
Case253,W_Completeren aanvraag,res_63d2fda6-0454-4ad2-8b55-d59c9622a8ed,Role 1,2012-02-18 23:05:25.838862914,607,1,res_63d2fda6-0454-4ad2-8b55-d59c9622a8ed,2012-02-18 23:03:38.152061914,0.0
Case253,W_Nabellen offertes,res_46a776b0-74ef-429c-befa-758731ba64c1,Role 1,2012-02-20 22:32:34.074998014,634,1,res_46a776b0-74ef-429c-befa-758731ba64c1,2012-02-20 22:30:54.823048014,0.02564102564102564
Case254,W_Afhandelen leads,res_425ded41-e317-4198-891a-d9f3e32a6030,Role 1,2012-02-19 09:01:52.380657493,607,0,res_425ded41-e317-4198-891a-d9f3e32a6030,2012-02-19 08:58:56.762726493,0.0
Case254,W_Completeren aanvraag,res_24e554c7-8afb-451c-a96e-dea7923be74d,Role 1,2012-02-19 11:32:26.454389193,609,1,res_24e554c7-8afb-451c-a96e-dea7923be74d,2012-02-19 11:30:10.539407193,0.0
Case255,W_Completeren aanvraag,res_425ded41-e317-4198-891a-d9f3e32a6030,Role 1,2012-02-19 09:22:04.014843890,608,1,res_425ded41-e317-4198-891a-d9f3e32a6030,2012-02-19 09:19:23.831512890,0.0
Case256,W_Afhandelen leads,res_0eb69d82-9670-4fe3-a195-9d055d280321,Role 1,2012-02-19 09:41:34.390489754,608,0,res_0eb69d82-9670-4fe3-a195-9d055d280321,2012-02-19 09:38:37.356767754,0.0
Case256,W_Completeren aanvraag,res_a7efadcf-4796-49e4-a611-9f847fa3b6b3,Role 1,2012-02-19 12:02:12.300950954,607,1,res_a7efadcf-4796-49e4-a611-9f847fa3b6b3,2012-02-19 11:59:56.115417954,0.0
Case257,W_Afhandelen leads,res_c3a01281-6e48-4ea3-a47a-9410360458be,Role 1,2012-02-19 10:02:20.388990625,609,0,res_c3a01281-6e48-4ea3-a47a-9410360458be,2012-02-19 09:59:22.559575625,0.0
Case257,W_Completeren aanvraag,res_24e554c7-8afb-451c-a96e-dea7923be74d,Role 1,2012-02-19 12:16:47.917605625,606,1,res_24e554c7-8afb-451c-a96e-dea7923be74d,2012-02-19 12:14:31.516425625,0.0
Case258,W_Completeren aanvraag,res_ddc79bf3-8255-4b9b-ace2-8a46af780bc5,Role 1,2012-02-20 08:11:07.691093143,597,1,res_ddc79bf3-8255-4b9b-ace2-8a46af780bc5,2012-02-20 08:08:28.933898143,0.0
Case259,W_Afhandelen leads,res_f664dcd9-d4b7-456f-a1f7-9daea9e497fd,Role 1,2012-02-20 08:12:32.810662951,598,0,res_f664dcd9-d4b7-456f-a1f7-9daea9e497fd,2012-02-20 08:09:44.492320951,0.02564102564102564
Case259,W_Completeren aanvraag,res_c3a01281-6e48-4ea3-a47a-9410360458be,Role 1,2012-02-20 11:01:47.420088151,608,1,res_c3a01281-6e48-4ea3-a47a-9410360458be,2012-02-20 10:59:30.191819151,0.02564102564102564
Case259,W_Completeren aanvraag,res_408aec04-fa16-4916-b3c7-40322d591997,Role 1,2012-02-20 13:38:15.223638851,620,1,res_408aec04-fa16-4916-b3c7-40322d591997,2012-02-20 13:36:01.938456851,0.0
Case26,W_Afhandelen leads,res_3e93a9a9-cdc4-46ed-8b29-3e63e6d2a9a2,Role 1,2012-02-14 09:55:07.992986335,537,0,res_3e93a9a9-cdc4-46ed-8b29-3e63e6d2a9a2,2012-02-14 09:52:04.579271335,0.0
Case26,W_Completeren aanvraag,res_7848a1c1-2878-42e4-b2ac-02ba3ecca52c,Role 1,2012-02-14 12:01:03.293630435,537,2,res_7848a1c1-2878-42e4-b2ac-02ba3ecca52c,2012-02-14 11:58:40.233735435,0.02564102564102564
Case260,W_Afhandelen leads,res_7cc6cf66-7797-453d-b952-98449834316b,Role 1,2012-02-20 08:39:49.262626510,598,0,res_7cc6cf66-7797-453d-b952-98449834316b,2012-02-20 08:36:59.576590510,0.0
Case260,W_Completeren aanvraag,res_2f56cb7e-3c7c-424a-95d0-d464cdf4e447,Role 1,2012-02-20 11:26:17.902377610,610,1,res_2f56cb7e-3c7c-424a-95d0-d464cdf4e447,2012-02-20 11:24:00.115760610,0.0
Case260,W_Completeren aanvraag,res_f3a5d8a5-7894-4471-8b15-4aeaf83a4249,Role 1,2012-02-20 14:02:56.826112410,621,1,res_f3a5d8a5-7894-4471-8b15-4aeaf83a4249,2012-02-20 14:00:43.513906410,0.0
Case261,W_Afhandelen leads,res_2f56cb7e-3c7c-424a-95d0-d464cdf4e447,Role 1,2012-02-20 09:10:52.851827128,599,0,res_2f56cb7e-3c7c-424a-95d0-d464cdf4e447,2012-02-20 09:08:02.343574129,0.0
Case261,W_Completeren aanvraag,res_46a776b0-74ef-429c-befa-758731ba64c1,Role 1,2012-02-20 11:52:36.149055329,614,1,res_46a776b0-74ef-429c-befa-758731ba64c1,2012-02-20 11:50:18.649224329,0.02564102564102564
Case261,W_Completeren aanvraag,res_425ded41-e317-4198-891a-d9f3e32a6030,Role 1,2012-02-20 14:36:38.930324029,622,1,res_425ded41-e317-4198-891a-d9f3e32a6030,2012-02-20 14:34:26.201514029,0.0
Case261,W_Completeren aanvraag,res_7a10508e-56ae-4766-abd2-e94c8442b539,Role 1,2012-02-20 16:15:09.817399429,629,3,res_7a10508e-56ae-4766-abd2-e94c8442b539,2012-02-20 16:13:15.739555429,0.05128205128205128
Case261,W_Nabellen offertes,res_69f394fc-b099-49f7-8f4e-cce94cd03365,Role 1,2012-02-20 23:51:59.358038129,634,1,res_69f394fc-b099-49f7-8f4e-cce94cd03365,2012-02-20 23:50:21.960529129,0.0
Case262,W_Completeren aanvraag,res_177ed8cb-552b-4612-b348-20f464d6e7e5,Role 1,2012-02-20 09:13:20.881162481,600,1,res_177ed8cb-552b-4612-b348-20f464d6e7e5,2012-02-20 09:10:42.527430481,0.02564102564102564
Case262,W_Nabellen offertes,res_d5418cc0-ed10-4016-ac16-0bc32f58673f,Role 1,2012-02-20 10:13:16.164457581,607,1,res_d5418cc0-ed10-4016-ac16-0bc32f58673f,2012-02-20 10:11:09.291163581,0.02564102564102564
Case262,W_Nabellen offertes,res_c6ff2914-8075-4a61-b381-b682f6eb47de,Role 1,2012-02-27 10:49:57.602157781,625,1,res_c6ff2914-8075-4a61-b381-b682f6eb47de,2012-02-27 10:48:17.867856781,0.0
Case263,W_Completeren aanvraag,res_a7efadcf-4796-49e4-a611-9f847fa3b6b3,Role 1,2012-02-20 09:19:18.620286771,601,1,res_a7efadcf-4796-49e4-a611-9f847fa3b6b3,2012-02-20 09:16:40.170631771,0.0
Case263,W_Nabellen offertes,res_f3a5d8a5-7894-4471-8b15-4aeaf83a4249,Role 1,2012-02-20 10:18:01.160907971,608,1,res_f3a5d8a5-7894-4471-8b15-4aeaf83a4249,2012-02-20 10:15:53.317440971,0.05128205128205128
Case264,W_Completeren aanvraag,res_a6c40c08-3f7b-4865-a717-e7f1f1b6f98b,Role 1,2012-02-20 09:23:16.332453206,602,1,res_a6c40c08-3f7b-4865-a717-e7f1f1b6f98b,2012-02-20 09:20:37.927802206,0.0
Case264,W_Nabellen offertes,res_9e7fccd4-b30d-488c-ad55-351ad1a60226,Role 1,2012-02-20 10:21:12.409858506,607,1,res_9e7fccd4-b30d-488c-ad55-351ad1a60226,2012-02-20 10:19:04.308527506,0.0
Case265,W_Completeren aanvraag,res_8435ed72-5b45-4de1-a40d-2e20f14bd3c6,Role 1,2012-02-20 09:28:18.505879437,603,1,res_8435ed72-5b45-4de1-a40d-2e20f14bd3c6,2012-02-20 09:25:40.161493437,0.0
Case266,W_Afhandelen leads,res_c6ff2914-8075-4a61-b381-b682f6eb47de,Role 1,2012-02-20 09:33:13.354949919,603,0,res_c6ff2914-8075-4a61-b381-b682f6eb47de,2012-02-20 09:30:22.246271919,0.0
Case266,W_Completeren aanvraag,res_9e7fccd4-b30d-488c-ad55-351ad1a60226,Role 1,2012-02-20 12:11:26.612087819,616,1,res_9e7fccd4-b30d-488c-ad55-351ad1a60226,2012-02-20 12:09:08.620032819,0.0
Case267,W_Completeren aanvraag,res_9548f08a-bc89-4837-8ec2-cdb10b4e93b0,Role 1,2012-02-20 09:37:14.349914553,604,1,res_9548f08a-bc89-4837-8ec2-cdb10b4e93b0,2012-02-20 09:34:36.122572553,0.0
Case268,W_Afhandelen leads,res_9e7fccd4-b30d-488c-ad55-351ad1a60226,Role 1,2012-02-20 09:42:40.842705795,604,0,res_9e7fccd4-b30d-488c-ad55-351ad1a60226,2012-02-20 09:39:49.438165795,0.0
Case268,W_Completeren aanvraag,res_7848a1c1-2878-42e4-b2ac-02ba3ecca52c,Role 1,2012-02-20 12:18:44.480054395,615,1,res_7848a1c1-2878-42e4-b2ac-02ba3ecca52c,2012-02-20 12:16:26.392661395,0.0
Case268,W_Nabellen offertes,res_8435ed72-5b45-4de1-a40d-2e20f14bd3c6,Role 1,2012-02-21 13:07:53.204293495,636,1,res_8435ed72-5b45-4de1-a40d-2e20f14bd3c6,2012-02-21 13:05:16.021208495,0.02564102564102564
Case269,W_Completeren aanvraag,res_5c0494f5-5178-4b1a-9a41-59b27da90a66,Role 1,2012-02-20 09:46:27.291479505,605,1,res_5c0494f5-5178-4b1a-9a41-59b27da90a66,2012-02-20 09:43:49.210227505,0.0
Case27,W_Afhandelen leads,res_408aec04-fa16-4916-b3c7-40322d591997,Role 1,2012-02-14 10:08:58.109725583,538,0,res_408aec04-fa16-4916-b3c7-40322d591997,2012-02-14 10:05:54.714476583,0.0
Case27,W_Completeren aanvraag,res_ee4279a0-2b97-4f9d-9945-00c80ada4a95,Role 1,2012-02-14 12:08:40.750138283,536,1,res_ee4279a0-2b97-4f9d-9945-00c80ada4a95,2012-02-14 12:06:15.023232283,0.0
Case270,W_Completeren aanvraag,res_75b73935-48c2-4abe-9548-628b120b0d25,Role 1,2012-02-20 09:52:44.973640543,605,1,res_75b73935-48c2-4abe-9548-628b120b0d25,2012-02-20 09:50:07.002341543,0.0
Case270,W_Nabellen offertes,res_9548f08a-bc89-4837-8ec2-cdb10b4e93b0,Role 1,2012-02-20 10:45:44.447715043,609,1,res_9548f08a-bc89-4837-8ec2-cdb10b4e93b0,2012-02-20 10:43:35.760110043,0.02564102564102564
Case271,W_Completeren aanvraag,res_6f56bab9-a4f7-420f-96ab-b17cd82647c1,Role 1,2012-02-20 09:58:31.410595821,606,1,res_6f56bab9-a4f7-420f-96ab-b17cd82647c1,2012-02-20 09:55:53.563640821,0.0
Case272,W_Afhandelen leads,res_8435ed72-5b45-4de1-a40d-2e20f14bd3c6,Role 1,2012-02-20 10:03:16.643684292,606,0,res_8435ed72-5b45-4de1-a40d-2e20f14bd3c6,2012-02-20 10:00:24.566517292,0.0
Case272,W_Completeren aanvraag,res_fa3ac963-7739-40ef-84e6-624c11774546,Role 1,2012-02-20 12:33:13.186921292,619,1,res_fa3ac963-7739-40ef-84e6-624c11774546,2012-02-20 12:30:55.222501292,0.02564102564102564
Case272,W_Nabellen offertes,res_46a776b0-74ef-429c-befa-758731ba64c1,Role 1,2012-02-21 18:26:20.373261792,635,1,res_46a776b0-74ef-429c-befa-758731ba64c1,2012-02-21 18:24:16.715626792,0.0
Case272,W_Nabellen offertes,res_8435ed72-5b45-4de1-a40d-2e20f14bd3c6,Role 1,2012-02-26 17:58:19.393389592,632,1,res_8435ed72-5b45-4de1-a40d-2e20f14bd3c6,2012-02-26 17:53:07.445699592,0.0
Case272,W_Nabellen offertes,res_31f16881-0e61-460a-88bc-abc46854faba,Role 1,2012-02-28 19:46:16.257380092,639,1,res_31f16881-0e61-460a-88bc-abc46854faba,2012-02-28 19:44:29.477048092,0.0
Case273,W_Completeren aanvraag,res_75b73935-48c2-4abe-9548-628b120b0d25,Role 1,2012-02-20 10:07:56.359923423,607,1,res_75b73935-48c2-4abe-9548-628b120b0d25,2012-02-20 10:05:18.740643423,0.0
Case274,W_Afhandelen leads,res_5c0494f5-5178-4b1a-9a41-59b27da90a66,Role 1,2012-02-20 10:12:34.062864794,607,0,res_5c0494f5-5178-4b1a-9a41-59b27da90a66,2012-02-20 10:09:41.683954794,0.0
Case274,W_Completeren aanvraag,res_f664dcd9-d4b7-456f-a1f7-9daea9e497fd,Role 1,2012-02-20 12:37:36.222321394,620,1,res_f664dcd9-d4b7-456f-a1f7-9daea9e497fd,2012-02-20 12:35:17.705827394,0.0
Case274,W_Nabellen offertes,res_ddc79bf3-8255-4b9b-ace2-8a46af780bc5,Role 1,2012-02-21 19:30:23.177308494,632,1,res_ddc79bf3-8255-4b9b-ace2-8a46af780bc5,2012-02-21 19:28:22.792649494,0.0
Case275,W_Completeren aanvraag,res_7a10508e-56ae-4766-abd2-e94c8442b539,Role 1,2012-02-20 10:12:50.220849554,608,1,res_7a10508e-56ae-4766-abd2-e94c8442b539,2012-02-20 10:10:12.914769554,0.02564102564102564
Case275,W_Completeren aanvraag,res_fa3ac963-7739-40ef-84e6-624c11774546,Role 1,2012-02-20 12:38:34.775088154,620,2,res_fa3ac963-7739-40ef-84e6-624c11774546,2012-02-20 12:36:22.051061154,0.05128205128205128
Case275,W_Nabellen offertes,res_425ded41-e317-4198-891a-d9f3e32a6030,Role 1,2012-02-21 21:07:56.663999354,628,1,res_425ded41-e317-4198-891a-d9f3e32a6030,2012-02-21 21:06:08.295632354,0.0
Case275,W_Nabellen offertes,res_ddc79bf3-8255-4b9b-ace2-8a46af780bc5,Role 1,2012-02-26 23:05:50.864915454,629,1,res_ddc79bf3-8255-4b9b-ace2-8a46af780bc5,2012-02-26 22:59:16.872494454,0.0
Case276,W_Afhandelen leads,res_177ed8cb-552b-4612-b348-20f464d6e7e5,Role 1,2012-02-20 10:18:33.795388996,608,0,res_177ed8cb-552b-4612-b348-20f464d6e7e5,2012-02-20 10:15:42.349492996,0.02564102564102564
Case276,W_Completeren aanvraag,res_5c0494f5-5178-4b1a-9a41-59b27da90a66,Role 1,2012-02-20 12:43:32.361889696,620,2,res_5c0494f5-5178-4b1a-9a41-59b27da90a66,2012-02-20 12:41:15.347604696,0.02564102564102564
Case276,W_Nabellen offertes,res_42f40199-b27a-43f0-a89c-188ab6bfaf36,Role 1,2012-02-21 23:17:54.867878096,628,1,res_42f40199-b27a-43f0-a89c-188ab6bfaf36,2012-02-21 23:16:08.316210096,0.0
Case276,W_Nabellen offertes,res_f664dcd9-d4b7-456f-a1f7-9daea9e497fd,Role 1,2012-02-26 22:40:46.392271896,629,1,res_f664dcd9-d4b7-456f-a1f7-9daea9e497fd,2012-02-26 22:34:04.726463896,0.0
Case276,W_Nabellen offertes,res_177ed8cb-552b-4612-b348-20f464d6e7e5,Role 1,2012-02-28 22:36:29.206204196,631,1,res_177ed8cb-552b-4612-b348-20f464d6e7e5,2012-02-28 22:34:13.954030196,0.0
Case277,W_Completeren aanvraag,res_46a776b0-74ef-429c-befa-758731ba64c1,Role 1,2012-02-20 10:27:43.529801960,608,1,res_46a776b0-74ef-429c-befa-758731ba64c1,2012-02-20 10:25:06.519049960,0.0
Case277,W_Completeren aanvraag,res_e30a7ff2-fdff-43e2-93a6-f30f7d1f4d80,Role 1,2012-02-20 12:49:54.715820660,619,2,res_e30a7ff2-fdff-43e2-93a6-f30f7d1f4d80,2012-02-20 12:47:41.363451660,0.02564102564102564
Case277,W_Completeren aanvraag,res_408aec04-fa16-4916-b3c7-40322d591997,Role 1,2012-02-20 15:55:58.771809060,628,2,res_408aec04-fa16-4916-b3c7-40322d591997,2012-02-20 15:53:51.658170060,0.02564102564102564
Case278,W_Completeren aanvraag,res_2f56cb7e-3c7c-424a-95d0-d464cdf4e447,Role 1,2012-02-20 10:32:22.407980530,609,1,res_2f56cb7e-3c7c-424a-95d0-d464cdf4e447,2012-02-20 10:29:45.581491530,0.0
Case279,W_Completeren aanvraag,res_425ded41-e317-4198-891a-d9f3e32a6030,Role 1,2012-02-20 10:40:26.660874136,609,1,res_425ded41-e317-4198-891a-d9f3e32a6030,2012-02-20 10:37:50.162843136,0.0
Case28,W_Afhandelen leads,res_0eb69d82-9670-4fe3-a195-9d055d280321,Role 1,2012-02-14 10:09:09.785035331,539,1,res_0eb69d82-9670-4fe3-a195-9d055d280321,2012-02-14 10:06:14.863389331,0.02564102564102564
Case28,W_Completeren aanvraag,res_408aec04-fa16-4916-b3c7-40322d591997,Role 1,2012-02-14 12:10:32.768818031,536,2,res_408aec04-fa16-4916-b3c7-40322d591997,2012-02-14 12:08:10.689462031,0.02564102564102564
Case28,W_Completeren aanvraag,res_8435ed72-5b45-4de1-a40d-2e20f14bd3c6,Role 1,2012-02-14 15:32:13.336264531,542,2,res_8435ed72-5b45-4de1-a40d-2e20f14bd3c6,2012-02-14 15:29:57.500778531,0.02564102564102564
Case280,W_Afhandelen leads,res_408aec04-fa16-4916-b3c7-40322d591997,Role 1,2012-02-20 10:47:08.547454637,608,0,res_408aec04-fa16-4916-b3c7-40322d591997,2012-02-20 10:44:15.007076637,0.0
Case280,W_Completeren aanvraag,res_fa3ac963-7739-40ef-84e6-624c11774546,Role 1,2012-02-20 13:03:27.559555937,620,1,res_fa3ac963-7739-40ef-84e6-624c11774546,2012-02-20 13:01:08.799028937,0.02564102564102564
Case280,W_Completeren aanvraag,res_63d2fda6-0454-4ad2-8b55-d59c9622a8ed,Role 1,2012-02-20 16:09:44.722305237,628,1,res_63d2fda6-0454-4ad2-8b55-d59c9622a8ed,2012-02-20 16:07:33.516437237,0.02564102564102564
Case280,W_Nabellen offertes,res_cd801f30-7ddb-4e0a-8319-c3bbd19d3bc0,Role 1,2012-02-21 19:45:06.244414937,630,1,res_cd801f30-7ddb-4e0a-8319-c3bbd19d3bc0,2012-02-21 19:43:21.975117937,0.0
Case280,W_Nabellen offertes,res_75b73935-48c2-4abe-9548-628b120b0d25,Role 1,2012-02-24 20:10:55.448196436,638,1,res_75b73935-48c2-4abe-9548-628b120b0d25,2012-02-24 20:03:21.934140437,0.0
Case280,W_Nabellen offertes,res_f612d14e-303a-4d03-a37a-3b98918a5014,Role 1,2012-02-27 02:55:52.699742837,630,1,res_f612d14e-303a-4d03-a37a-3b98918a5014,2012-02-27 02:54:06.445370837,0.0
Case281,W_Afhandelen leads,res_e30a7ff2-fdff-43e2-93a6-f30f7d1f4d80,Role 1,2012-02-20 10:54:52.170640857,609,0,res_e30a7ff2-fdff-43e2-93a6-f30f7d1f4d80,2012-02-20 10:51:58.432069857,0.0
Case281,W_Completeren aanvraag,res_c09d353e-d1d3-4710-a13d-39ecb25ed3a8,Role 1,2012-02-20 13:08:48.816660357,620,1,res_c09d353e-d1d3-4710-a13d-39ecb25ed3a8,2012-02-20 13:06:29.435043357,0.0
Case281,W_Nabellen offertes,res_177ed8cb-552b-4612-b348-20f464d6e7e5,Role 1,2012-02-22 09:34:53.003638557,627,1,res_177ed8cb-552b-4612-b348-20f464d6e7e5,2012-02-22 09:31:35.815361557,0.0
Case281,W_Nabellen offertes,res_31f16881-0e61-460a-88bc-abc46854faba,Role 1,2012-02-26 22:04:40.381947157,631,1,res_31f16881-0e61-460a-88bc-abc46854faba,2012-02-26 22:02:25.659546157,0.0
Case282,W_Completeren aanvraag,res_cd801f30-7ddb-4e0a-8319-c3bbd19d3bc0,Role 1,2012-02-20 11:02:41.403913376,610,1,res_cd801f30-7ddb-4e0a-8319-c3bbd19d3bc0,2012-02-20 11:00:06.035758376,0.0
Case282,W_Nabellen offertes,res_7cc6cf66-7797-453d-b952-98449834316b,Role 1,2012-02-20 11:49:25.446403276,615,1,res_7cc6cf66-7797-453d-b952-98449834316b,2012-02-20 11:47:13.949282276,0.02564102564102564
Case282,W_Nabellen offertes,res_c6ff2914-8075-4a61-b381-b682f6eb47de,Role 1,2012-02-27 22:01:20.181243476,622,1,res_c6ff2914-8075-4a61-b381-b682f6eb47de,2012-02-27 21:56:48.910167476,0.0
Case283,W_Completeren aanvraag,res_31f16881-0e61-460a-88bc-abc46854faba,Role 1,2012-02-20 11:12:19.532320814,611,2,res_31f16881-0e61-460a-88bc-abc46854faba,2012-02-20 11:09:48.339336814,0.02564102564102564
Case283,W_Nabellen offertes,res_8435ed72-5b45-4de1-a40d-2e20f14bd3c6,Role 1,2012-02-20 11:58:28.767632514,616,1,res_8435ed72-5b45-4de1-a40d-2e20f14bd3c6,2012-02-20 11:56:18.470322514,0.0
Case283,W_Nabellen offertes,res_8435ed72-5b45-4de1-a40d-2e20f14bd3c6,Role 1,2012-02-27 23:06:54.808857014,620,1,res_8435ed72-5b45-4de1-a40d-2e20f14bd3c6,2012-02-27 23:01:58.996692014,0.0
Case283,W_Nabellen offertes,res_a6c40c08-3f7b-4865-a717-e7f1f1b6f98b,Role 1,2012-02-29 18:14:04.465796514,627,1,res_a6c40c08-3f7b-4865-a717-e7f1f1b6f98b,2012-02-29 18:12:31.542669514,0.0
Case283,W_Nabellen offertes,res_85f526bd-1f2c-4373-8dcc-9710ee98b7b2,Role 1,2012-03-02 11:23:23.939630114,619,2,res_85f526bd-1f2c-4373-8dcc-9710ee98b7b2,2012-03-02 11:18:57.504965114,0.02564102564102564
Case284,W_Completeren aanvraag,res_dcb46f81-367a-42ae-96c2-833faef25480,Role 1,2012-02-20 11:13:06.449678686,612,3,res_dcb46f81-367a-42ae-96c2-833faef25480,2012-02-20 11:10:38.711618686,0.05128205128205128
Case284,W_Completeren aanvraag,res_425ded41-e317-4198-891a-d9f3e32a6030,Role 1,2012-02-20 13:21:19.378354386,620,2,res_425ded41-e317-4198-891a-d9f3e32a6030,2012-02-20 13:19:06.181635386,0.02564102564102564
Case284,W_Nabellen offertes,res_f3a5d8a5-7894-4471-8b15-4aeaf83a4249,Role 1,2012-02-22 14:32:49.981684486,627,1,res_f3a5d8a5-7894-4471-8b15-4aeaf83a4249,2012-02-22 14:29:43.975433486,0.02564102564102564
Case285,W_Completeren aanvraag,res_2f56cb7e-3c7c-424a-95d0-d464cdf4e447,Role 1,2012-02-20 11:18:13.286253642,613,1,res_2f56cb7e-3c7c-424a-95d0-d464cdf4e447,2012-02-20 11:15:38.930418642,0.0
Case286,W_Completeren aanvraag,res_501654f1-1e08-4e04-8b11-a5fd18a76e7d,Role 1,2012-02-20 11:24:50.773319429,613,1,res_501654f1-1e08-4e04-8b11-a5fd18a76e7d,2012-02-20 11:22:16.871445429,0.0
Case287,W_Completeren aanvraag,res_31f16881-0e61-460a-88bc-abc46854faba,Role 1,2012-02-20 11:29:53.652581298,613,1,res_31f16881-0e61-460a-88bc-abc46854faba,2012-02-20 11:27:20.112582298,0.0
Case287,W_Completeren aanvraag,res_e30a7ff2-fdff-43e2-93a6-f30f7d1f4d80,Role 1,2012-02-20 13:32:44.193823998,621,1,res_e30a7ff2-fdff-43e2-93a6-f30f7d1f4d80,2012-02-20 13:30:28.302538998,0.0
Case287,W_Nabellen offertes,res_d5418cc0-ed10-4016-ac16-0bc32f58673f,Role 1,2012-02-22 17:24:03.585578197,633,1,res_d5418cc0-ed10-4016-ac16-0bc32f58673f,2012-02-22 17:21:45.616652197,0.0
Case287,W_Nabellen offertes,res_ee4279a0-2b97-4f9d-9945-00c80ada4a95,Role 1,2012-02-26 18:23:22.211861098,632,1,res_ee4279a0-2b97-4f9d-9945-00c80ada4a95,2012-02-26 18:18:36.588429098,0.0
Case287,W_Nabellen offertes,res_b5ab845a-5020-427e-b6f1-42df333cb3fb,Role 1,2012-02-28 19:40:46.772323798,637,1,res_b5ab845a-5020-427e-b6f1-42df333cb3fb,2012-02-28 19:39:01.433873798,0.0
Case288,W_Afhandelen leads,res_a6c40c08-3f7b-4865-a717-e7f1f1b6f98b,Role 1,2012-02-20 11:36:37.426899523,614,0,res_a6c40c08-3f7b-4865-a717-e7f1f1b6f98b,2012-02-20 11:33:42.941924523,0.0
Case288,W_Completeren aanvraag,res_d5418cc0-ed10-4016-ac16-0bc32f58673f,Role 1,2012-02-20 13:35:40.249458923,622,1,res_d5418cc0-ed10-4016-ac16-0bc32f58673f,2012-02-20 13:33:20.279287923,0.02564102564102564
Case289,W_Completeren aanvraag,res_c09d353e-d1d3-4710-a13d-39ecb25ed3a8,Role 1,2012-02-20 11:44:11.880862030,615,1,res_c09d353e-d1d3-4710-a13d-39ecb25ed3a8,2012-02-20 11:41:39.463711030,0.0
Case289,W_Nabellen offertes,res_2f56cb7e-3c7c-424a-95d0-d464cdf4e447,Role 1,2012-02-20 12:29:04.188937030,620,1,res_2f56cb7e-3c7c-424a-95d0-d464cdf4e447,2012-02-20 12:26:50.634422030,0.02564102564102564
Case29,W_Completeren aanvraag,res_cd801f30-7ddb-4e0a-8319-c3bbd19d3bc0,Role 1,2012-02-14 10:25:36.758699855,540,1,res_cd801f30-7ddb-4e0a-8319-c3bbd19d3bc0,2012-02-14 10:22:59.286689855,0.02564102564102564
Case29,W_Nabellen offertes,res_b5ab845a-5020-427e-b6f1-42df333cb3fb,Role 1,2012-02-14 11:14:17.037325155,538,1,res_b5ab845a-5020-427e-b6f1-42df333cb3fb,2012-02-14 11:11:56.541863155,0.02564102564102564
Case290,W_Completeren aanvraag,res_6f56bab9-a4f7-420f-96ab-b17cd82647c1,Role 1,2012-02-20 11:50:51.287056093,616,1,res_6f56bab9-a4f7-420f-96ab-b17cd82647c1,2012-02-20 11:48:19.419629093,0.0
Case290,W_Nabellen offertes,res_ddc79bf3-8255-4b9b-ace2-8a46af780bc5,Role 1,2012-02-20 12:35:30.623724293,619,1,res_ddc79bf3-8255-4b9b-ace2-8a46af780bc5,2012-02-20 12:33:16.732587293,0.02564102564102564
Case291,W_Completeren aanvraag,res_ee4279a0-2b97-4f9d-9945-00c80ada4a95,Role 1,2012-02-20 11:59:07.932926536,617,2,res_ee4279a0-2b97-4f9d-9945-00c80ada4a95,2012-02-20 11:56:41.127556536,0.02564102564102564
Case292,W_Afhandelen leads,res_0eb69d82-9670-4fe3-a195-9d055d280321,Role 1,2012-02-20 12:06:32.362991072,616,0,res_0eb69d82-9670-4fe3-a195-9d055d280321,2012-02-20 12:03:39.217496072,0.02564102564102564
Case292,W_Completeren aanvraag,res_3e93a9a9-cdc4-46ed-8b29-3e63e6d2a9a2,Role 1,2012-02-20 13:54:19.522725272,621,1,res_3e93a9a9-cdc4-46ed-8b29-3e63e6d2a9a2,2012-02-20 13:51:58.504958272,0.0
Case292,W_Nabellen offertes,res_5c0494f5-5178-4b1a-9a41-59b27da90a66,Role 1,2012-02-22 18:34:26.599021772,635,1,res_5c0494f5-5178-4b1a-9a41-59b27da90a66,2012-02-22 18:32:15.671625772,0.02564102564102564
Case293,W_Completeren aanvraag,res_0eb69d82-9670-4fe3-a195-9d055d280321,Role 1,2012-02-20 12:13:18.397441619,617,1,res_0eb69d82-9670-4fe3-a195-9d055d280321,2012-02-20 12:10:48.389337619,0.0
Case293,W_Nabellen offertes,res_0eb69d82-9670-4fe3-a195-9d055d280321,Role 1,2012-02-20 12:56:55.342990219,620,1,res_0eb69d82-9670-4fe3-a195-9d055d280321,2012-02-20 12:54:40.300443219,0.02564102564102564
Case293,W_Nabellen offertes,res_31f16881-0e61-460a-88bc-abc46854faba,Role 1,2012-02-28 06:02:56.984415019,639,1,res_31f16881-0e61-460a-88bc-abc46854faba,2012-02-28 06:00:55.166160019,0.02564102564102564
Case294,W_Afhandelen leads,res_c09d353e-d1d3-4710-a13d-39ecb25ed3a8,Role 1,2012-02-20 12:14:02.595307005,618,0,res_c09d353e-d1d3-4710-a13d-39ecb25ed3a8,2012-02-20 12:11:09.545696005,0.02564102564102564
Case294,W_Completeren aanvraag,res_8435ed72-5b45-4de1-a40d-2e20f14bd3c6,Role 1,2012-02-20 13:57:55.849631605,622,2,res_8435ed72-5b45-4de1-a40d-2e20f14bd3c6,2012-02-20 13:55:36.380230605,0.02564102564102564
Case294,W_Nabellen offertes,res_d5418cc0-ed10-4016-ac16-0bc32f58673f,Role 1,2012-02-22 19:37:08.295330305,631,1,res_d5418cc0-ed10-4016-ac16-0bc32f58673f,2012-02-22 19:35:03.638065305,0.02564102564102564
Case295,W_Afhandelen leads,res_7848a1c1-2878-42e4-b2ac-02ba3ecca52c,Role 1,2012-02-20 12:18:39.190985026,619,0,res_7848a1c1-2878-42e4-b2ac-02ba3ecca52c,2012-02-20 12:15:44.578355026,0.0
Case295,W_Completeren aanvraag,res_ee4279a0-2b97-4f9d-9945-00c80ada4a95,Role 1,2012-02-20 13:57:11.017465926,622,1,res_ee4279a0-2b97-4f9d-9945-00c80ada4a95,2012-02-20 13:54:49.344020926,0.0
Case295,W_Completeren aanvraag,res_fa3ac963-7739-40ef-84e6-624c11774546,Role 1,2012-02-20 16:54:23.693706926,630,2,res_fa3ac963-7739-40ef-84e6-624c11774546,2012-02-20 16:52:13.912703926,0.02564102564102564
Case295,W_Nabellen offertes,res_c3a01281-6e48-4ea3-a47a-9410360458be,Role 1,2012-02-21 16:43:34.044997526,636,1,res_c3a01281-6e48-4ea3-a47a-9410360458be,2012-02-21 16:41:42.879389526,0.0
Case295,W_Nabellen offertes,res_f612d14e-303a-4d03-a37a-3b98918a5014,Role 1,2012-02-24 16:21:37.072022826,638,1,res_f612d14e-303a-4d03-a37a-3b98918a5014,2012-02-24 16:09:43.234794826,0.0
Case296,W_Completeren aanvraag,res_3e93a9a9-cdc4-46ed-8b29-3e63e6d2a9a2,Role 1,2012-02-20 12:22:10.041540373,620,2,res_3e93a9a9-cdc4-46ed-8b29-3e63e6d2a9a2,2012-02-20 12:19:45.357862373,0.02564102564102564
Case296,W_Nabellen offertes,res_cd801f30-7ddb-4e0a-8319-c3bbd19d3bc0,Role 1,2012-02-20 13:05:24.587305873,620,1,res_cd801f30-7ddb-4e0a-8319-c3bbd19d3bc0,2012-02-20 13:03:10.686391873,0.0
Case296,W_Nabellen offertes,res_0eb69d82-9670-4fe3-a195-9d055d280321,Role 1,2012-02-28 07:03:48.527617073,638,1,res_0eb69d82-9670-4fe3-a195-9d055d280321,2012-02-28 07:01:51.854120073,0.05128205128205128
Case296,W_Nabellen offertes,res_ee4279a0-2b97-4f9d-9945-00c80ada4a95,Role 1,2012-02-29 22:46:19.795124673,627,1,res_ee4279a0-2b97-4f9d-9945-00c80ada4a95,2012-02-29 22:43:54.150264673,0.0
Case297,W_Completeren aanvraag,res_7cc6cf66-7797-453d-b952-98449834316b,Role 1,2012-02-20 12:29:14.113139183,620,1,res_7cc6cf66-7797-453d-b952-98449834316b,2012-02-20 12:26:45.462693183,0.0
Case298,W_Completeren aanvraag,res_dcb46f81-367a-42ae-96c2-833faef25480,Role 1,2012-02-20 12:36:15.708082269,619,1,res_dcb46f81-367a-42ae-96c2-833faef25480,2012-02-20 12:33:47.582415269,0.0
Case299,W_Completeren aanvraag,res_f664dcd9-d4b7-456f-a1f7-9daea9e497fd,Role 1,2012-02-20 12:39:43.984400218,619,1,res_f664dcd9-d4b7-456f-a1f7-9daea9e497fd,2012-02-20 12:37:16.123662218,0.0
Case3,W_Completeren aanvraag,res_7a10508e-56ae-4766-abd2-e94c8442b539,Role 1,2012-02-13 19:23:11.181850046,521,1,res_7a10508e-56ae-4766-abd2-e94c8442b539,2012-02-13 19:20:39.158134046,0.0
Case3,W_Completeren aanvraag,res_177ed8cb-552b-4612-b348-20f464d6e7e5,Role 1,2012-02-13 20:19:52.790160446,524,1,res_177ed8cb-552b-4612-b348-20f464d6e7e5,2012-02-13 20:17:25.580958446,0.0
Case3,W_Completeren aanvraag,res_177ed8cb-552b-4612-b348-20f464d6e7e5,Role 1,2012-02-13 22:33:43.674223546,523,1,res_177ed8cb-552b-4612-b348-20f464d6e7e5,2012-02-13 22:31:32.548203546,0.0
Case3,W_Nabellen offertes,res_85f526bd-1f2c-4373-8dcc-9710ee98b7b2,Role 1,2012-02-15 08:10:32.150198246,542,1,res_85f526bd-1f2c-4373-8dcc-9710ee98b7b2,2012-02-15 08:07:53.541710246,0.0
Case30,W_Completeren aanvraag,res_c09d353e-d1d3-4710-a13d-39ecb25ed3a8,Role 1,2012-02-14 10:37:32.401826259,539,2,res_c09d353e-d1d3-4710-a13d-39ecb25ed3a8,2012-02-14 10:35:00.617766259,0.02564102564102564
Case30,W_Completeren aanvraag,res_0eb69d82-9670-4fe3-a195-9d055d280321,Role 1,2012-02-14 12:28:22.759949459,536,1,res_0eb69d82-9670-4fe3-a195-9d055d280321,2012-02-14 12:26:01.852996459,0.0
Case30,W_Completeren aanvraag,res_31f16881-0e61-460a-88bc-abc46854faba,Role 1,2012-02-14 15:49:14.881430159,542,1,res_31f16881-0e61-460a-88bc-abc46854faba,2012-02-14 15:46:58.772934159,0.0
Case300,W_Afhandelen leads,res_31f16881-0e61-460a-88bc-abc46854faba,Role 1,2012-02-20 12:44:32.775856952,619,0,res_31f16881-0e61-460a-88bc-abc46854faba,2012-02-20 12:41:38.059527952,0.0
Case300,W_Completeren aanvraag,res_c6ff2914-8075-4a61-b381-b682f6eb47de,Role 1,2012-02-20 14:11:23.726393752,622,1,res_c6ff2914-8075-4a61-b381-b682f6eb47de,2012-02-20 14:09:01.261727752,0.0
Case300,W_Completeren aanvraag,res_408aec04-fa16-4916-b3c7-40322d591997,Role 1,2012-02-20 16:59:42.845022852,630,4,res_408aec04-fa16-4916-b3c7-40322d591997,2012-02-20 16:57:36.863711852,0.10256410256410256
Case300,W_Completeren aanvraag,res_0eb69d82-9670-4fe3-a195-9d055d280321,Role 1,2012-02-20 18:13:19.093705652,634,1,res_0eb69d82-9670-4fe3-a195-9d055d280321,2012-02-20 18:11:36.388683652,0.0
Case301,W_Afhandelen leads,res_3e93a9a9-cdc4-46ed-8b29-3e63e6d2a9a2,Role 1,2012-02-20 12:50:20.313518867,620,0,res_3e93a9a9-cdc4-46ed-8b29-3e63e6d2a9a2,2012-02-20 12:47:25.628272867,0.0
Case301,W_Completeren aanvraag,res_f612d14e-303a-4d03-a37a-3b98918a5014,Role 1,2012-02-20 14:11:21.201805867,622,2,res_f612d14e-303a-4d03-a37a-3b98918a5014,2012-02-20 14:09:00.591597867,0.02564102564102564
Case301,W_Completeren aanvraag,res_f612d14e-303a-4d03-a37a-3b98918a5014,Role 1,2012-02-20 16:59:05.850435267,630,3,res_f612d14e-303a-4d03-a37a-3b98918a5014,2012-02-20 16:56:59.319846267,0.07692307692307693
Case301,W_Nabellen offertes,res_24e554c7-8afb-451c-a96e-dea7923be74d,Role 1,2012-02-21 15:20:12.911743267,636,1,res_24e554c7-8afb-451c-a96e-dea7923be74d,2012-02-21 15:18:16.903184267,0.0
Case302,W_Completeren aanvraag,res_7cc6cf66-7797-453d-b952-98449834316b,Role 1,2012-02-20 12:57:40.098557825,621,2,res_7cc6cf66-7797-453d-b952-98449834316b,2012-02-20 12:55:18.120276825,0.02564102564102564
Case303,W_Completeren aanvraag,res_a7efadcf-4796-49e4-a611-9f847fa3b6b3,Role 1,2012-02-20 13:12:53.461139429,620,1,res_a7efadcf-4796-49e4-a611-9f847fa3b6b3,2012-02-20 13:10:27.843687429,0.0
Case303,W_Nabellen offertes,res_501654f1-1e08-4e04-8b11-a5fd18a76e7d,Role 1,2012-02-20 13:52:02.763206729,622,1,res_501654f1-1e08-4e04-8b11-a5fd18a76e7d,2012-02-20 13:49:44.255959729,0.05128205128205128
Case304,W_Completeren aanvraag,res_ee4279a0-2b97-4f9d-9945-00c80ada4a95,Role 1,2012-02-20 13:15:38.500911969,621,1,res_ee4279a0-2b97-4f9d-9945-00c80ada4a95,2012-02-20 13:13:13.064771969,0.0
Case304,W_Completeren aanvraag,res_f664dcd9-d4b7-456f-a1f7-9daea9e497fd,Role 1,2012-02-20 14:28:30.252848869,625,2,res_f664dcd9-d4b7-456f-a1f7-9daea9e497fd,2012-02-20 14:26:12.552171869,0.02564102564102564
Case304,W_Nabellen offertes,res_24e554c7-8afb-451c-a96e-dea7923be74d,Role 1,2012-02-22 14:07:44.957691869,626,1,res_24e554c7-8afb-451c-a96e-dea7923be74d,2012-02-22 14:04:38.362607869,0.0
Case304,W_Nabellen offertes,res_c09d353e-d1d3-4710-a13d-39ecb25ed3a8,Role 1,2012-02-27 02:05:02.673012869,630,1,res_c09d353e-d1d3-4710-a13d-39ecb25ed3a8,2012-02-27 02:03:09.810352869,0.0
Case304,W_Nabellen offertes,res_ee4279a0-2b97-4f9d-9945-00c80ada4a95,Role 1,2012-02-29 04:19:20.967941969,626,1,res_ee4279a0-2b97-4f9d-9945-00c80ada4a95,2012-02-29 04:15:10.392272969,0.0
Case305,W_Afhandelen leads,res_85f526bd-1f2c-4373-8dcc-9710ee98b7b2,Role 1,2012-02-20 13:24:47.828114886,622,0,res_85f526bd-1f2c-4373-8dcc-9710ee98b7b2,2012-02-20 13:21:52.906720886,0.0
Case305,W_Completeren aanvraag,res_75b73935-48c2-4abe-9548-628b120b0d25,Role 1,2012-02-20 14:33:00.481108086,625,1,res_75b73935-48c2-4abe-9548-628b120b0d25,2012-02-20 14:30:37.483024086,0.02564102564102564
Case306,W_Completeren aanvraag,res_63d2fda6-0454-4ad2-8b55-d59c9622a8ed,Role 1,2012-02-20 13:30:34.349366287,622,1,res_63d2fda6-0454-4ad2-8b55-d59c9622a8ed,2012-02-20 13:28:09.691389287,0.0
Case307,W_Afhandelen leads,res_24e554c7-8afb-451c-a96e-dea7923be74d,Role 1,2012-02-20 13:37:43.880058711,621,0,res_24e554c7-8afb-451c-a96e-dea7923be74d,2012-02-20 13:34:48.639861711,0.0
Case307,W_Completeren aanvraag,res_177ed8cb-552b-4612-b348-20f464d6e7e5,Role 1,2012-02-20 14:44:16.013090411,625,1,res_177ed8cb-552b-4612-b348-20f464d6e7e5,2012-02-20 14:41:51.955561411,0.0
Case307,W_Completeren aanvraag,res_d5418cc0-ed10-4016-ac16-0bc32f58673f,Role 1,2012-02-20 17:03:38.148156711,630,1,res_d5418cc0-ed10-4016-ac16-0bc32f58673f,2012-02-20 17:01:27.572198711,0.02564102564102564
Case307,W_Completeren aanvraag,res_f612d14e-303a-4d03-a37a-3b98918a5014,Role 1,2012-02-20 18:04:17.088074011,634,1,res_f612d14e-303a-4d03-a37a-3b98918a5014,2012-02-20 18:02:28.866153011,0.02564102564102564
Case307,W_Completeren aanvraag,res_c6ff2914-8075-4a61-b381-b682f6eb47de,Role 1,2012-02-20 18:32:47.887803211,634,3,res_c6ff2914-8075-4a61-b381-b682f6eb47de,2012-02-20 18:31:12.119637211,0.05128205128205128
Case307,W_Completeren aanvraag,res_7a10508e-56ae-4766-abd2-e94c8442b539,Role 1,2012-02-20 18:55:39.134063011,632,1,res_7a10508e-56ae-4766-abd2-e94c8442b539,2012-02-20 18:54:05.835417011,0.0
Case307,W_Nabellen offertes,res_9548f08a-bc89-4837-8ec2-cdb10b4e93b0,Role 1,2012-02-20 21:14:26.761125511,633,1,res_9548f08a-bc89-4837-8ec2-cdb10b4e93b0,2012-02-20 21:12:53.315914511,0.0
Case307,W_Nabellen offertes,res_9e7fccd4-b30d-488c-ad55-351ad1a60226,Role 1,2012-02-24 23:29:10.402982911,642,1,res_9e7fccd4-b30d-488c-ad55-351ad1a60226,2012-02-24 23:27:03.912219911,0.0
Case307,W_Nabellen offertes,res_177ed8cb-552b-4612-b348-20f464d6e7e5,Role 1,2012-02-26 23:07:33.710075311,627,1,res_177ed8cb-552b-4612-b348-20f464d6e7e5,2012-02-26 23:02:34.507135311,0.0
Case307,W_Nabellen offertes,res_63d2fda6-0454-4ad2-8b55-d59c9622a8ed,Role 1,2012-02-28 19:32:46.156045511,636,1,res_63d2fda6-0454-4ad2-8b55-d59c9622a8ed,2012-02-28 19:31:00.329038511,0.0
Case307,W_Nabellen offertes,res_b5ab845a-5020-427e-b6f1-42df333cb3fb,Role 1,2012-03-01 09:12:55.406630511,624,1,res_b5ab845a-5020-427e-b6f1-42df333cb3fb,2012-03-01 09:10:49.384926511,0.05128205128205128
Case307,W_Nabellen offertes,res_f664dcd9-d4b7-456f-a1f7-9daea9e497fd,Role 1,2012-03-02 20:11:52.884268411,633,1,res_f664dcd9-d4b7-456f-a1f7-9daea9e497fd,2012-03-02 20:10:10.682613411,0.0
Case308,W_Afhandelen leads,res_a7efadcf-4796-49e4-a611-9f847fa3b6b3,Role 1,2012-02-20 13:46:02.750352517,622,0,res_a7efadcf-4796-49e4-a611-9f847fa3b6b3,2012-02-20 13:43:09.340343517,0.02564102564102564
Case308,W_Completeren aanvraag,res_69f394fc-b099-49f7-8f4e-cce94cd03365,Role 1,2012-02-20 14:50:46.474132217,626,2,res_69f394fc-b099-49f7-8f4e-cce94cd03365,2012-02-20 14:48:24.722770217,0.02564102564102564
Case308,W_Nabellen offertes,res_c3a01281-6e48-4ea3-a47a-9410360458be,Role 1,2012-02-22 09:25:23.439101717,627,1,res_c3a01281-6e48-4ea3-a47a-9410360458be,2012-02-22 09:21:56.171599717,0.0
Case308,W_Nabellen offertes,res_3e93a9a9-cdc4-46ed-8b29-3e63e6d2a9a2,Role 1,2012-02-27 08:42:50.030427617,626,1,res_3e93a9a9-cdc4-46ed-8b29-3e63e6d2a9a2,2012-02-27 08:41:12.005252617,0.0
Case308,W_Nabellen offertes,res_5c0494f5-5178-4b1a-9a41-59b27da90a66,Role 1,2012-02-29 19:28:32.210961717,628,1,res_5c0494f5-5178-4b1a-9a41-59b27da90a66,2012-02-29 19:27:01.684094717,0.0
Case308,W_Nabellen offertes,res_24e554c7-8afb-451c-a96e-dea7923be74d,Role 1,2012-03-02 11:27:43.079335817,620,1,res_24e554c7-8afb-451c-a96e-dea7923be74d,2012-03-02 11:23:28.154881817,0.02564102564102564
Case308,W_Nabellen offertes,res_c6ff2914-8075-4a61-b381-b682f6eb47de,Role 1,2012-03-04 01:48:15.583594817,629,1,res_c6ff2914-8075-4a61-b381-b682f6eb47de,2012-03-04 01:46:37.192223817,0.0
Case308,W_Nabellen offertes,res_dcb46f81-367a-42ae-96c2-833faef25480,Role 1,2012-03-06 03:13:35.124527417,608,1,res_dcb46f81-367a-42ae-96c2-833faef25480,2012-03-06 03:12:04.929141417,0.0
Case309,W_Afhandelen leads,res_a7efadcf-4796-49e4-a611-9f847fa3b6b3,Role 1,2012-02-20 13:59:19.984708454,622,0,res_a7efadcf-4796-49e4-a611-9f847fa3b6b3,2012-02-20 13:56:24.214951454,0.0
Case309,W_Completeren aanvraag,res_8435ed72-5b45-4de1-a40d-2e20f14bd3c6,Role 1,2012-02-20 15:01:46.628730954,627,1,res_8435ed72-5b45-4de1-a40d-2e20f14bd3c6,2012-02-20 14:59:21.897181954,0.0
Case309,W_Completeren aanvraag,res_a7efadcf-4796-49e4-a611-9f847fa3b6b3,Role 1,2012-02-20 16:58:32.421078754,630,1,res_a7efadcf-4796-49e4-a611-9f847fa3b6b3,2012-02-20 16:56:21.372340754,0.0
Case31,W_Completeren aanvraag,res_b5ab845a-5020-427e-b6f1-42df333cb3fb,Role 1,2012-02-14 10:48:35.350946330,538,2,res_b5ab845a-5020-427e-b6f1-42df333cb3fb,2012-02-14 10:46:04.524441330,0.02564102564102564
Case31,W_Completeren aanvraag,res_7848a1c1-2878-42e4-b2ac-02ba3ecca52c,Role 1,2012-02-14 12:31:59.721142829,536,1,res_7848a1c1-2878-42e4-b2ac-02ba3ecca52c,2012-02-14 12:29:38.470772830,0.0
Case31,W_Completeren aanvraag,res_42f40199-b27a-43f0-a89c-188ab6bfaf36,Role 1,2012-02-14 15:50:59.668413930,541,1,res_42f40199-b27a-43f0-a89c-188ab6bfaf36,2012-02-14 15:48:43.614563930,0.0
Case31,W_Completeren aanvraag,res_9548f08a-bc89-4837-8ec2-cdb10b4e93b0,Role 1,2012-02-14 17:10:59.117997230,542,1,res_9548f08a-bc89-4837-8ec2-cdb10b4e93b0,2012-02-14 17:08:59.453142230,0.0
Case31,W_Completeren aanvraag,res_0eb69d82-9670-4fe3-a195-9d055d280321,Role 1,2012-02-14 17:50:16.809680730,543,1,res_0eb69d82-9670-4fe3-a195-9d055d280321,2012-02-14 17:48:32.467573730,0.0
Case31,W_Nabellen offertes,res_d5418cc0-ed10-4016-ac16-0bc32f58673f,Role 1,2012-02-14 19:50:42.209286830,544,1,res_d5418cc0-ed10-4016-ac16-0bc32f58673f,2012-02-14 19:49:06.008538830,0.02564102564102564
Case31,W_Nabellen offertes,res_85f526bd-1f2c-4373-8dcc-9710ee98b7b2,Role 1,2012-02-18 14:05:48.495463730,601,1,res_85f526bd-1f2c-4373-8dcc-9710ee98b7b2,2012-02-18 13:59:47.448930730,0.0
Case31,W_Nabellen offertes,res_7848a1c1-2878-42e4-b2ac-02ba3ecca52c,Role 1,2012-02-20 11:24:11.568082330,601,1,res_7848a1c1-2878-42e4-b2ac-02ba3ecca52c,2012-02-20 11:22:35.068155330,0.0
Case310,W_Completeren aanvraag,res_7a10508e-56ae-4766-abd2-e94c8442b539,Role 1,2012-02-20 14:05:01.172814405,623,3,res_7a10508e-56ae-4766-abd2-e94c8442b539,2012-02-20 14:02:45.029402405,0.05128205128205128
Case311,W_Afhandelen leads,res_46a776b0-74ef-429c-befa-758731ba64c1,Role 1,2012-02-20 14:13:48.849222924,623,0,res_46a776b0-74ef-429c-befa-758731ba64c1,2012-02-20 14:10:52.633090924,0.0
Case311,W_Completeren aanvraag,res_d5418cc0-ed10-4016-ac16-0bc32f58673f,Role 1,2012-02-20 15:13:36.521727124,628,1,res_d5418cc0-ed10-4016-ac16-0bc32f58673f,2012-02-20 15:11:11.352707124,0.0
Case312,W_Afhandelen leads,res_8435ed72-5b45-4de1-a40d-2e20f14bd3c6,Role 1,2012-02-20 14:14:47.271205907,624,1,res_8435ed72-5b45-4de1-a40d-2e20f14bd3c6,2012-02-20 14:12:02.146839907,0.02564102564102564
Case312,W_Completeren aanvraag,res_24e554c7-8afb-451c-a96e-dea7923be74d,Role 1,2012-02-20 15:15:09.211834307,629,2,res_24e554c7-8afb-451c-a96e-dea7923be74d,2012-02-20 15:12:48.453398307,0.05128205128205128
Case313,W_Completeren aanvraag,res_a7efadcf-4796-49e4-a611-9f847fa3b6b3,Role 1,2012-02-20 14:20:02.804993448,625,1,res_a7efadcf-4796-49e4-a611-9f847fa3b6b3,2012-02-20 14:17:39.641128448,0.0
Case314,W_Afhandelen leads,res_7a10508e-56ae-4766-abd2-e94c8442b539,Role 1,2012-02-20 14:27:17.238477148,625,0,res_7a10508e-56ae-4766-abd2-e94c8442b539,2012-02-20 14:24:20.604492148,0.0
Case314,W_Completeren aanvraag,res_24e554c7-8afb-451c-a96e-dea7923be74d,Role 1,2012-02-20 15:26:27.257727748,628,1,res_24e554c7-8afb-451c-a96e-dea7923be74d,2012-02-20 15:24:01.674738748,0.0
Case315,W_Afhandelen leads,res_31f16881-0e61-460a-88bc-abc46854faba,Role 1,2012-02-20 14:34:40.839010619,625,0,res_31f16881-0e61-460a-88bc-abc46854faba,2012-02-20 14:31:43.880572619,0.0
Case315,W_Completeren aanvraag,res_9e7fccd4-b30d-488c-ad55-351ad1a60226,Role 1,2012-02-20 15:33:11.941022519,628,2,res_9e7fccd4-b30d-488c-ad55-351ad1a60226,2012-02-20 15:30:48.637542519,0.02564102564102564
Case315,W_Completeren aanvraag,res_9e7fccd4-b30d-488c-ad55-351ad1a60226,Role 1,2012-02-20 17:18:25.846739019,632,1,res_9e7fccd4-b30d-488c-ad55-351ad1a60226,2012-02-20 17:16:16.182674019,0.02564102564102564
Case316,W_Completeren aanvraag,res_7a10508e-56ae-4766-abd2-e94c8442b539,Role 1,2012-02-20 14:43:56.240671519,626,1,res_7a10508e-56ae-4766-abd2-e94c8442b539,2012-02-20 14:41:33.236270519,0.0
Case316,W_Completeren aanvraag,res_7a10508e-56ae-4766-abd2-e94c8442b539,Role 1,2012-02-20 15:41:19.968613519,628,1,res_7a10508e-56ae-4766-abd2-e94c8442b539,2012-02-20 15:38:57.288091519,0.0
Case317,W_Completeren aanvraag,res_31f16881-0e61-460a-88bc-abc46854faba,Role 1,2012-02-20 14:50:53.312179418,627,1,res_31f16881-0e61-460a-88bc-abc46854faba,2012-02-20 14:48:30.318764418,0.0
Case317,W_Completeren aanvraag,res_f612d14e-303a-4d03-a37a-3b98918a5014,Role 1,2012-02-20 15:48:18.256936518,628,1,res_f612d14e-303a-4d03-a37a-3b98918a5014,2012-02-20 15:45:55.358037518,0.0
Case317,W_Completeren aanvraag,res_dcb46f81-367a-42ae-96c2-833faef25480,Role 1,2012-02-20 17:22:22.052931718,632,2,res_dcb46f81-367a-42ae-96c2-833faef25480,2012-02-20 17:20:14.744024718,0.02564102564102564
Case317,W_Nabellen offertes,res_c3a01281-6e48-4ea3-a47a-9410360458be,Role 1,2012-02-21 12:21:32.674509518,636,1,res_c3a01281-6e48-4ea3-a47a-9410360458be,2012-02-21 12:18:39.332682518,0.05128205128205128
Case318,W_Afhandelen leads,res_7cc6cf66-7797-453d-b952-98449834316b,Role 1,2012-02-20 14:57:43.912921456,628,0,res_7cc6cf66-7797-453d-b952-98449834316b,2012-02-20 14:54:48.110878456,0.02564102564102564
Case318,W_Completeren aanvraag,res_31f16881-0e61-460a-88bc-abc46854faba,Role 1,2012-02-20 15:54:48.820493856,629,1,res_31f16881-0e61-460a-88bc-abc46854faba,2012-02-20 15:52:23.368082856,0.02564102564102564
Case319,W_Completeren aanvraag,res_5c0494f5-5178-4b1a-9a41-59b27da90a66,Role 1,2012-02-20 15:04:27.369663466,629,1,res_5c0494f5-5178-4b1a-9a41-59b27da90a66,2012-02-20 15:02:04.334839466,0.0
Case32,W_Afhandelen leads,res_dcb46f81-367a-42ae-96c2-833faef25480,Role 1,2012-02-14 11:00:30.599788511,537,0,res_dcb46f81-367a-42ae-96c2-833faef25480,2012-02-14 10:57:27.572583511,0.0
Case32,W_Completeren aanvraag,res_31f16881-0e61-460a-88bc-abc46854faba,Role 1,2012-02-14 12:41:12.267564811,536,1,res_31f16881-0e61-460a-88bc-abc46854faba,2012-02-14 12:38:45.158329811,0.0
Case320,W_Afhandelen leads,res_2f56cb7e-3c7c-424a-95d0-d464cdf4e447,Role 1,2012-02-20 15:08:55.374047989,629,0,res_2f56cb7e-3c7c-424a-95d0-d464cdf4e447,2012-02-20 15:05:59.069672989,0.02564102564102564
Case320,W_Completeren aanvraag,res_42f40199-b27a-43f0-a89c-188ab6bfaf36,Role 1,2012-02-20 16:05:10.672069188,628,1,res_42f40199-b27a-43f0-a89c-188ab6bfaf36,2012-02-20 16:02:44.146025189,0.0
Case320,W_Nabellen offertes,res_f664dcd9-d4b7-456f-a1f7-9daea9e497fd,Role 1,2012-02-21 17:45:52.916420089,634,1,res_f664dcd9-d4b7-456f-a1f7-9daea9e497fd,2012-02-21 17:43:49.545319089,0.0
Case320,W_Nabellen offertes,res_ee4279a0-2b97-4f9d-9945-00c80ada4a95,Role 1,2012-02-28 12:35:09.111491089,643,1,res_ee4279a0-2b97-4f9d-9945-00c80ada4a95,2012-02-28 12:33:26.807920089,0.05128205128205128
Case320,W_Nabellen offertes,res_f612d14e-303a-4d03-a37a-3b98918a5014,Role 1,2012-03-01 08:21:58.158881089,621,1,res_f612d14e-303a-4d03-a37a-3b98918a5014,2012-03-01 08:17:56.556781089,0.02564102564102564
Case321,W_Completeren aanvraag,res_75b73935-48c2-4abe-9548-628b120b0d25,Role 1,2012-02-20 15:14:42.077944302,628,1,res_75b73935-48c2-4abe-9548-628b120b0d25,2012-02-20 15:12:18.876678302,0.0
Case322,W_Completeren aanvraag,res_c6ff2914-8075-4a61-b381-b682f6eb47de,Role 1,2012-02-20 15:15:40.037003823,629,2,res_c6ff2914-8075-4a61-b381-b682f6eb47de,2012-02-20 15:13:21.338307823,0.02564102564102564
Case322,W_Nabellen offertes,res_42f40199-b27a-43f0-a89c-188ab6bfaf36,Role 1,2012-02-20 15:42:19.352482523,628,1,res_42f40199-b27a-43f0-a89c-188ab6bfaf36,2012-02-20 15:39:59.425392523,0.0
Case322,W_Nabellen offertes,res_9548f08a-bc89-4837-8ec2-cdb10b4e93b0,Role 1,2012-02-29 09:42:44.936172023,632,1,res_9548f08a-bc89-4837-8ec2-cdb10b4e93b0,2012-02-29 09:40:50.625319023,0.0
Case322,W_Nabellen offertes,res_3e93a9a9-cdc4-46ed-8b29-3e63e6d2a9a2,Role 1,2012-03-02 01:20:56.559985723,622,2,res_3e93a9a9-cdc4-46ed-8b29-3e63e6d2a9a2,2012-03-02 01:16:06.643539723,0.02564102564102564
Case323,W_Completeren aanvraag,res_6f56bab9-a4f7-420f-96ab-b17cd82647c1,Role 1,2012-02-20 15:24:43.693203851,628,1,res_6f56bab9-a4f7-420f-96ab-b17cd82647c1,2012-02-20 15:22:20.321723851,0.0
Case323,W_Nabellen offertes,res_177ed8cb-552b-4612-b348-20f464d6e7e5,Role 1,2012-02-20 15:50:20.849367551,629,1,res_177ed8cb-552b-4612-b348-20f464d6e7e5,2012-02-20 15:47:59.286432551,0.0
Case323,W_Nabellen offertes,res_5c0494f5-5178-4b1a-9a41-59b27da90a66,Role 1,2012-02-29 11:00:57.243286151,631,2,res_5c0494f5-5178-4b1a-9a41-59b27da90a66,2012-02-29 10:59:07.365732151,0.02564102564102564
Case324,W_Completeren aanvraag,res_d5418cc0-ed10-4016-ac16-0bc32f58673f,Role 1,2012-02-20 15:32:03.085588773,628,1,res_d5418cc0-ed10-4016-ac16-0bc32f58673f,2012-02-20 15:29:39.568021773,0.0
Case324,W_Completeren aanvraag,res_c3a01281-6e48-4ea3-a47a-9410360458be,Role 1,2012-02-20 16:27:41.054541772,630,1,res_c3a01281-6e48-4ea3-a47a-9410360458be,2012-02-20 16:25:16.925336773,0.0
Case325,W_Completeren aanvraag,res_0eb69d82-9670-4fe3-a195-9d055d280321,Role 1,2012-02-20 15:37:26.969914578,629,2,res_0eb69d82-9670-4fe3-a195-9d055d280321,2012-02-20 15:35:07.995299578,0.02564102564102564
Case325,W_Completeren aanvraag,res_31f16881-0e61-460a-88bc-abc46854faba,Role 1,2012-02-20 16:32:51.191092478,630,2,res_31f16881-0e61-460a-88bc-abc46854faba,2012-02-20 16:30:31.094087478,0.02564102564102564
Case325,W_Nabellen offertes,res_24e554c7-8afb-451c-a96e-dea7923be74d,Role 1,2012-02-21 21:47:17.792588778,627,1,res_24e554c7-8afb-451c-a96e-dea7923be74d,2012-02-21 21:45:28.769863778,0.0
Case325,W_Nabellen offertes,res_7cc6cf66-7797-453d-b952-98449834316b,Role 1,2012-02-28 20:27:49.186935178,634,1,res_7cc6cf66-7797-453d-b952-98449834316b,2012-02-28 20:25:10.624866178,0.0
Case326,W_Afhandelen leads,res_dcb46f81-367a-42ae-96c2-833faef25480,Role 1,2012-02-20 15:45:06.249517388,629,0,res_dcb46f81-367a-42ae-96c2-833faef25480,2012-02-20 15:42:08.100130388,0.02564102564102564
Case326,W_Completeren aanvraag,res_ee4279a0-2b97-4f9d-9945-00c80ada4a95,Role 1,2012-02-20 16:40:25.218063088,630,1,res_ee4279a0-2b97-4f9d-9945-00c80ada4a95,2012-02-20 16:37:58.458004088,0.02564102564102564
Case326,W_Nabellen offertes,res_425ded41-e317-4198-891a-d9f3e32a6030,Role 1,2012-02-21 14:58:49.516328488,637,1,res_425ded41-e317-4198-891a-d9f3e32a6030,2012-02-21 14:56:37.157046488,0.0
Case327,W_Completeren aanvraag,res_24e554c7-8afb-451c-a96e-dea7923be74d,Role 1,2012-02-20 15:52:54.999944106,629,1,res_24e554c7-8afb-451c-a96e-dea7923be74d,2012-02-20 15:50:31.822949106,0.02564102564102564
Case327,W_Nabellen offertes,res_b5ab845a-5020-427e-b6f1-42df333cb3fb,Role 1,2012-02-20 16:17:28.210452806,631,1,res_b5ab845a-5020-427e-b6f1-42df333cb3fb,2012-02-20 16:15:06.435672806,0.05128205128205128
Case328,W_Afhandelen leads,res_31f16881-0e61-460a-88bc-abc46854faba,Role 1,2012-02-20 16:00:56.031726853,629,0,res_31f16881-0e61-460a-88bc-abc46854faba,2012-02-20 15:57:57.113920853,0.02564102564102564
Case328,W_Completeren aanvraag,res_408aec04-fa16-4916-b3c7-40322d591997,Role 1,2012-02-20 16:55:47.842261453,630,1,res_408aec04-fa16-4916-b3c7-40322d591997,2012-02-20 16:53:19.870607453,0.0
Case328,W_Nabellen offertes,res_177ed8cb-552b-4612-b348-20f464d6e7e5,Role 1,2012-02-21 19:20:03.886846453,630,1,res_177ed8cb-552b-4612-b348-20f464d6e7e5,2012-02-21 19:18:04.208929453,0.0
Case329,W_Completeren aanvraag,res_24e554c7-8afb-451c-a96e-dea7923be74d,Role 1,2012-02-20 16:03:28.760668416,629,1,res_24e554c7-8afb-451c-a96e-dea7923be74d,2012-02-20 16:01:04.498809416,0.0
Case33,W_Completeren aanvraag,res_c3a01281-6e48-4ea3-a47a-9410360458be,Role 1,2012-02-14 11:09:13.203921189,538,1,res_c3a01281-6e48-4ea3-a47a-9410360458be,2012-02-14 11:06:38.645347189,0.0
Case330,W_Afhandelen leads,res_69f394fc-b099-49f7-8f4e-cce94cd03365,Role 1,2012-02-20 16:07:59.420608301,629,0,res_69f394fc-b099-49f7-8f4e-cce94cd03365,2012-02-20 16:04:58.226197301,0.0
Case330,W_Completeren aanvraag,res_7a10508e-56ae-4766-abd2-e94c8442b539,Role 1,2012-02-20 17:02:50.697344501,631,1,res_7a10508e-56ae-4766-abd2-e94c8442b539,2012-02-20 17:00:22.295378501,0.0
Case330,W_Nabellen offertes,res_0eb69d82-9670-4fe3-a195-9d055d280321,Role 1,2012-02-22 00:41:45.401821601,630,1,res_0eb69d82-9670-4fe3-a195-9d055d280321,2012-02-22 00:39:53.342094601,0.0
Case330,W_Nabellen offertes,res_31f16881-0e61-460a-88bc-abc46854faba,Role 1,2012-02-28 20:20:33.474098301,636,2,res_31f16881-0e61-460a-88bc-abc46854faba,2012-02-28 20:18:20.343848301,0.02564102564102564
Case331,W_Completeren aanvraag,res_2f56cb7e-3c7c-424a-95d0-d464cdf4e447,Role 1,2012-02-20 16:15:05.195077884,630,1,res_2f56cb7e-3c7c-424a-95d0-d464cdf4e447,2012-02-20 16:12:40.643744884,0.0
Case331,W_Nabellen offertes,res_42f40199-b27a-43f0-a89c-188ab6bfaf36,Role 1,2012-02-20 16:38:07.564080384,630,1,res_42f40199-b27a-43f0-a89c-188ab6bfaf36,2012-02-20 16:35:45.526131384,0.05128205128205128
Case331,W_Nabellen offertes,res_cd801f30-7ddb-4e0a-8319-c3bbd19d3bc0,Role 1,2012-02-29 14:32:32.251460784,627,1,res_cd801f30-7ddb-4e0a-8319-c3bbd19d3bc0,2012-02-29 14:30:51.207676784,0.0
Case332,W_Afhandelen leads,res_177ed8cb-552b-4612-b348-20f464d6e7e5,Role 1,2012-02-20 16:16:02.303658908,631,0,res_177ed8cb-552b-4612-b348-20f464d6e7e5,2012-02-20 16:13:02.807548908,0.02564102564102564
Case332,W_Completeren aanvraag,res_c3a01281-6e48-4ea3-a47a-9410360458be,Role 1,2012-02-20 17:10:43.305832908,632,2,res_c3a01281-6e48-4ea3-a47a-9410360458be,2012-02-20 17:08:17.860544908,0.02564102564102564
Case332,W_Completeren aanvraag,res_a6c40c08-3f7b-4865-a717-e7f1f1b6f98b,Role 1,2012-02-20 18:33:53.781577407,634,2,res_a6c40c08-3f7b-4865-a717-e7f1f1b6f98b,2012-02-20 18:31:45.268614408,0.02564102564102564
Case333,W_Completeren aanvraag,res_ddc79bf3-8255-4b9b-ace2-8a46af780bc5,Role 1,2012-02-20 16:27:11.915201476,630,1,res_ddc79bf3-8255-4b9b-ace2-8a46af780bc5,2012-02-20 16:24:47.012049476,0.0
Case333,W_Completeren aanvraag,res_c6ff2914-8075-4a61-b381-b682f6eb47de,Role 1,2012-02-20 17:21:38.950930276,633,1,res_c6ff2914-8075-4a61-b381-b682f6eb47de,2012-02-20 17:19:14.643071276,0.05128205128205128
Case333,W_Nabellen offertes,res_8435ed72-5b45-4de1-a40d-2e20f14bd3c6,Role 1,2012-02-21 20:33:47.668714576,628,1,res_8435ed72-5b45-4de1-a40d-2e20f14bd3c6,2012-02-21 20:31:53.413822576,0.0
Case334,W_Completeren aanvraag,res_46a776b0-74ef-429c-befa-758731ba64c1,Role 1,2012-02-20 16:35:38.191045293,631,2,res_46a776b0-74ef-429c-befa-758731ba64c1,2012-02-20 16:33:18.794433293,0.05128205128205128
Case334,W_Completeren aanvraag,res_dcb46f81-367a-42ae-96c2-833faef25480,Role 1,2012-02-20 17:29:55.936369793,633,1,res_dcb46f81-367a-42ae-96c2-833faef25480,2012-02-20 17:27:32.410257793,0.0
Case334,W_Nabellen offertes,res_7848a1c1-2878-42e4-b2ac-02ba3ecca52c,Role 1,2012-02-21 18:26:45.532478093,631,1,res_7848a1c1-2878-42e4-b2ac-02ba3ecca52c,2012-02-21 18:24:45.874700093,0.0
Case334,W_Nabellen offertes,res_7cc6cf66-7797-453d-b952-98449834316b,Role 1,2012-02-28 18:31:04.495221093,640,1,res_7cc6cf66-7797-453d-b952-98449834316b,2012-02-28 18:29:21.006480093,0.0
Case335,W_Afhandelen leads,res_42f40199-b27a-43f0-a89c-188ab6bfaf36,Role 1,2012-02-20 16:45:16.438844047,631,0,res_42f40199-b27a-43f0-a89c-188ab6bfaf36,2012-02-20 16:42:15.762958047,0.02564102564102564
Case335,W_Completeren aanvraag,res_7a10508e-56ae-4766-abd2-e94c8442b539,Role 1,2012-02-20 17:39:39.777066847,633,1,res_7a10508e-56ae-4766-abd2-e94c8442b539,2012-02-20 17:37:10.903172847,0.0
Case335,W_Nabellen offertes,res_31f16881-0e61-460a-88bc-abc46854faba,Role 1,2012-02-22 00:41:23.768231347,630,1,res_31f16881-0e61-460a-88bc-abc46854faba,2012-02-22 00:39:31.175364347,0.0
Case335,W_Nabellen offertes,res_ee4279a0-2b97-4f9d-9945-00c80ada4a95,Role 1,2012-02-28 22:55:52.129953947,629,1,res_ee4279a0-2b97-4f9d-9945-00c80ada4a95,2012-02-28 22:50:25.116514947,0.0
Case335,W_Nabellen offertes,res_ee4279a0-2b97-4f9d-9945-00c80ada4a95,Role 1,2012-03-01 10:47:24.751028047,621,1,res_ee4279a0-2b97-4f9d-9945-00c80ada4a95,2012-03-01 10:45:37.610700047,0.0
Case335,W_Nabellen offertes,res_7cc6cf66-7797-453d-b952-98449834316b,Role 1,2012-03-02 23:40:39.977827947,630,1,res_7cc6cf66-7797-453d-b952-98449834316b,2012-03-02 23:38:59.819169947,0.02564102564102564
Case336,W_Completeren aanvraag,res_8435ed72-5b45-4de1-a40d-2e20f14bd3c6,Role 1,2012-02-20 16:51:57.436106244,631,2,res_8435ed72-5b45-4de1-a40d-2e20f14bd3c6,2012-02-20 16:49:37.024147244,0.02564102564102564
Case336,W_Nabellen offertes,res_75b73935-48c2-4abe-9548-628b120b0d25,Role 1,2012-02-20 17:14:16.034063544,632,1,res_75b73935-48c2-4abe-9548-628b120b0d25,2012-02-20 17:11:56.234325544,0.0
Case337,W_Afhandelen leads,res_fa3ac963-7739-40ef-84e6-624c11774546,Role 1,2012-02-20 17:03:27.880144115,632,0,res_fa3ac963-7739-40ef-84e6-624c11774546,2012-02-20 17:00:24.811692115,0.0
Case337,W_Completeren aanvraag,res_b5ab845a-5020-427e-b6f1-42df333cb3fb,Role 1,2012-02-20 17:57:49.574453915,633,1,res_b5ab845a-5020-427e-b6f1-42df333cb3fb,2012-02-20 17:55:20.205918915,0.0
Case337,W_Nabellen offertes,res_2f56cb7e-3c7c-424a-95d0-d464cdf4e447,Role 1,2012-02-22 00:21:43.910642715,630,1,res_2f56cb7e-3c7c-424a-95d0-d464cdf4e447,2012-02-22 00:19:51.278173715,0.0
Case337,W_Nabellen offertes,res_42f40199-b27a-43f0-a89c-188ab6bfaf36,Role 1,2012-02-29 01:01:12.536915415,627,1,res_42f40199-b27a-43f0-a89c-188ab6bfaf36,2012-02-29 00:54:07.625590415,0.0
Case337,W_Nabellen offertes,res_e30a7ff2-fdff-43e2-93a6-f30f7d1f4d80,Role 1,2012-03-01 12:34:28.595658015,625,1,res_e30a7ff2-fdff-43e2-93a6-f30f7d1f4d80,2012-03-01 12:32:43.582193015,0.0
Case338,W_Completeren aanvraag,res_c09d353e-d1d3-4710-a13d-39ecb25ed3a8,Role 1,2012-02-20 17:08:59.502965416,632,1,res_c09d353e-d1d3-4710-a13d-39ecb25ed3a8,2012-02-20 17:06:33.536795416,0.0
Case338,W_Completeren aanvraag,res_dcb46f81-367a-42ae-96c2-833faef25480,Role 1,2012-02-20 18:03:17.947603616,634,1,res_dcb46f81-367a-42ae-96c2-833faef25480,2012-02-20 18:00:52.042529616,0.0
Case339,W_Afhandelen leads,res_c09d353e-d1d3-4710-a13d-39ecb25ed3a8,Role 1,2012-02-20 17:16:09.854660016,632,0,res_c09d353e-d1d3-4710-a13d-39ecb25ed3a8,2012-02-20 17:13:06.440594016,0.0
Case339,W_Completeren aanvraag,res_c3a01281-6e48-4ea3-a47a-9410360458be,Role 1,2012-02-20 18:10:32.991726016,634,1,res_c3a01281-6e48-4ea3-a47a-9410360458be,2012-02-20 18:08:04.348702016,0.02564102564102564
Case339,W_Completeren aanvraag,res_b5ab845a-5020-427e-b6f1-42df333cb3fb,Role 1,2012-02-20 19:21:06.461374516,632,1,res_b5ab845a-5020-427e-b6f1-42df333cb3fb,2012-02-20 19:18:55.668595516,0.0
Case34,W_Completeren aanvraag,res_c3a01281-6e48-4ea3-a47a-9410360458be,Role 1,2012-02-14 11:10:50.623008394,539,3,res_c3a01281-6e48-4ea3-a47a-9410360458be,2012-02-14 11:08:26.442030394,0.07692307692307693
Case340,W_Afhandelen leads,res_425ded41-e317-4198-891a-d9f3e32a6030,Role 1,2012-02-20 17:17:09.259413362,633,1,res_425ded41-e317-4198-891a-d9f3e32a6030,2012-02-20 17:14:14.946897362,0.02564102564102564
Case340,W_Completeren aanvraag,res_ee4279a0-2b97-4f9d-9945-00c80ada4a95,Role 1,2012-02-20 18:11:27.561463562,634,2,res_ee4279a0-2b97-4f9d-9945-00c80ada4a95,2012-02-20 18:09:03.652433562,0.05128205128205128
Case341,W_Afhandelen leads,res_6f56bab9-a4f7-420f-96ab-b17cd82647c1,Role 1,2012-02-20 17:30:30.454159387,634,0,res_6f56bab9-a4f7-420f-96ab-b17cd82647c1,2012-02-20 17:27:26.799168387,0.0
Case341,W_Completeren aanvraag,res_425ded41-e317-4198-891a-d9f3e32a6030,Role 1,2012-02-20 18:24:59.482249187,634,1,res_425ded41-e317-4198-891a-d9f3e32a6030,2012-02-20 18:22:29.885890187,0.0
Case342,W_Afhandelen leads,res_f664dcd9-d4b7-456f-a1f7-9daea9e497fd,Role 1,2012-02-20 17:40:43.183557948,634,0,res_f664dcd9-d4b7-456f-a1f7-9daea9e497fd,2012-02-20 17:37:39.326115948,0.0
Case342,W_Completeren aanvraag,res_9548f08a-bc89-4837-8ec2-cdb10b4e93b0,Role 1,2012-02-20 18:35:16.239778948,633,1,res_9548f08a-bc89-4837-8ec2-cdb10b4e93b0,2012-02-20 18:32:47.468402948,0.02564102564102564
Case343,W_Afhandelen leads,res_3e93a9a9-cdc4-46ed-8b29-3e63e6d2a9a2,Role 1,2012-02-20 17:56:02.486462564,634,0,res_3e93a9a9-cdc4-46ed-8b29-3e63e6d2a9a2,2012-02-20 17:53:00.131428564,0.02564102564102564
Case343,W_Completeren aanvraag,res_b5ab845a-5020-427e-b6f1-42df333cb3fb,Role 1,2012-02-20 18:50:48.570295164,632,1,res_b5ab845a-5020-427e-b6f1-42df333cb3fb,2012-02-20 18:48:19.129396164,0.0
Case343,W_Completeren aanvraag,res_e30a7ff2-fdff-43e2-93a6-f30f7d1f4d80,Role 1,2012-02-20 20:17:39.777173164,634,1,res_e30a7ff2-fdff-43e2-93a6-f30f7d1f4d80,2012-02-20 20:15:28.924805164,0.0
Case344,W_Afhandelen leads,res_b5ab845a-5020-427e-b6f1-42df333cb3fb,Role 1,2012-02-20 18:04:43.178063844,634,0,res_b5ab845a-5020-427e-b6f1-42df333cb3fb,2012-02-20 18:01:38.965931844,0.0
Case344,W_Completeren aanvraag,res_3e93a9a9-cdc4-46ed-8b29-3e63e6d2a9a2,Role 1,2012-02-20 18:59:43.599305144,633,1,res_3e93a9a9-cdc4-46ed-8b29-3e63e6d2a9a2,2012-02-20 18:57:14.815644144,0.02564102564102564
Case345,W_Afhandelen leads,res_fa3ac963-7739-40ef-84e6-624c11774546,Role 1,2012-02-20 18:16:35.555915511,634,0,res_fa3ac963-7739-40ef-84e6-624c11774546,2012-02-20 18:13:31.229997511,0.0
Case345,W_Completeren aanvraag,res_7cc6cf66-7797-453d-b952-98449834316b,Role 1,2012-02-20 19:11:46.984535411,632,2,res_7cc6cf66-7797-453d-b952-98449834316b,2012-02-20 19:09:20.393337411,0.02564102564102564
Case345,W_Nabellen offertes,res_8435ed72-5b45-4de1-a40d-2e20f14bd3c6,Role 1,2012-02-22 19:31:27.645285411,630,1,res_8435ed72-5b45-4de1-a40d-2e20f14bd3c6,2012-02-22 19:29:24.892968411,0.0
Case345,W_Nabellen offertes,res_a7efadcf-4796-49e4-a611-9f847fa3b6b3,Role 1,2012-02-28 19:01:32.136913011,637,2,res_a7efadcf-4796-49e4-a611-9f847fa3b6b3,2012-02-28 18:59:35.881149011,0.02564102564102564
Case345,W_Nabellen offertes,res_a6c40c08-3f7b-4865-a717-e7f1f1b6f98b,Role 1,2012-03-01 10:21:26.464847011,623,1,res_a6c40c08-3f7b-4865-a717-e7f1f1b6f98b,2012-03-01 10:19:35.645871011,0.05128205128205128
Case345,W_Nabellen offertes,res_c3a01281-6e48-4ea3-a47a-9410360458be,Role 1,2012-03-02 23:49:07.523486511,629,1,res_c3a01281-6e48-4ea3-a47a-9410360458be,2012-03-02 23:47:27.801001511,0.0
Case346,W_Completeren aanvraag,res_63d2fda6-0454-4ad2-8b55-d59c9622a8ed,Role 1,2012-02-20 18:17:08.531517769,635,1,res_63d2fda6-0454-4ad2-8b55-d59c9622a8ed,2012-02-20 18:14:42.758637769,0.02564102564102564
Case347,W_Afhandelen leads,res_cd801f30-7ddb-4e0a-8319-c3bbd19d3bc0,Role 1,2012-02-20 18:30:06.969909922,633,0,res_cd801f30-7ddb-4e0a-8319-c3bbd19d3bc0,2012-02-20 18:27:04.238626922,0.02564102564102564
Case347,W_Completeren aanvraag,res_69f394fc-b099-49f7-8f4e-cce94cd03365,Role 1,2012-02-20 19:25:42.551819222,633,1,res_69f394fc-b099-49f7-8f4e-cce94cd03365,2012-02-20 19:23:13.256115222,0.0
Case347,W_Completeren aanvraag,res_fa3ac963-7739-40ef-84e6-624c11774546,Role 1,2012-02-20 20:58:40.828209622,633,1,res_fa3ac963-7739-40ef-84e6-624c11774546,2012-02-20 20:56:29.995330622,0.0
Case347,W_Completeren aanvraag,res_69f394fc-b099-49f7-8f4e-cce94cd03365,Role 1,2012-02-20 22:59:50.927441922,633,1,res_69f394fc-b099-49f7-8f4e-cce94cd03365,2012-02-20 22:57:55.954828922,0.0
Case347,W_Nabellen offertes,res_cd801f30-7ddb-4e0a-8319-c3bbd19d3bc0,Role 1,2012-02-21 16:47:56.307670122,636,1,res_cd801f30-7ddb-4e0a-8319-c3bbd19d3bc0,2012-02-21 16:46:11.127761122,0.0
Case348,W_Completeren aanvraag,res_42f40199-b27a-43f0-a89c-188ab6bfaf36,Role 1,2012-02-20 18:42:22.808191198,633,1,res_42f40199-b27a-43f0-a89c-188ab6bfaf36,2012-02-20 18:39:55.941985198,0.0
Case349,W_Afhandelen leads,res_a6c40c08-3f7b-4865-a717-e7f1f1b6f98b,Role 1,2012-02-20 18:52:11.479901875,633,0,res_a6c40c08-3f7b-4865-a717-e7f1f1b6f98b,2012-02-20 18:49:07.014748875,0.0
Case349,W_Completeren aanvraag,res_9548f08a-bc89-4837-8ec2-cdb10b4e93b0,Role 1,2012-02-20 19:48:31.867713575,632,1,res_9548f08a-bc89-4837-8ec2-cdb10b4e93b0,2012-02-20 19:46:02.612209575,0.0
Case349,W_Nabellen offertes,res_b5ab845a-5020-427e-b6f1-42df333cb3fb,Role 1,2012-02-23 06:26:38.362239975,631,1,res_b5ab845a-5020-427e-b6f1-42df333cb3fb,2012-02-23 06:24:29.032388975,0.0
Case349,W_Nabellen offertes,res_2f56cb7e-3c7c-424a-95d0-d464cdf4e447,Role 1,2012-02-28 13:48:08.723298075,641,2,res_2f56cb7e-3c7c-424a-95d0-d464cdf4e447,2012-02-28 13:46:31.666071075,0.05128205128205128
Case349,W_Nabellen offertes,res_425ded41-e317-4198-891a-d9f3e32a6030,Role 1,2012-03-01 09:45:26.113796475,624,1,res_425ded41-e317-4198-891a-d9f3e32a6030,2012-03-01 09:43:24.431569475,0.0
Case35,W_Completeren aanvraag,res_5c0494f5-5178-4b1a-9a41-59b27da90a66,Role 1,2012-02-14 11:23:51.519231670,536,1,res_5c0494f5-5178-4b1a-9a41-59b27da90a66,2012-02-14 11:21:18.145388670,0.0
Case35,W_Nabellen offertes,res_6f56bab9-a4f7-420f-96ab-b17cd82647c1,Role 1,2012-02-14 12:07:29.425143770,535,1,res_6f56bab9-a4f7-420f-96ab-b17cd82647c1,2012-02-14 12:05:06.971970770,0.0
Case35,W_Nabellen offertes,res_6f56bab9-a4f7-420f-96ab-b17cd82647c1,Role 1,2012-02-21 22:15:24.659095670,630,1,res_6f56bab9-a4f7-420f-96ab-b17cd82647c1,2012-02-21 22:11:49.453608670,0.0
Case350,W_Completeren aanvraag,res_63d2fda6-0454-4ad2-8b55-d59c9622a8ed,Role 1,2012-02-20 19:05:03.656789374,632,1,res_63d2fda6-0454-4ad2-8b55-d59c9622a8ed,2012-02-20 19:02:37.001041374,0.0
Case350,W_Completeren aanvraag,res_46a776b0-74ef-429c-befa-758731ba64c1,Role 1,2012-02-20 20:01:50.136366274,633,1,res_46a776b0-74ef-429c-befa-758731ba64c1,2012-02-20 19:59:25.053608274,0.0
Case350,W_Completeren aanvraag,res_0eb69d82-9670-4fe3-a195-9d055d280321,Role 1,2012-02-20 21:47:02.321149074,635,1,res_0eb69d82-9670-4fe3-a195-9d055d280321,2012-02-20 21:44:52.467101074,0.0
Case350,W_Nabellen offertes,res_42f40199-b27a-43f0-a89c-188ab6bfaf36,Role 1,2012-02-22 05:36:20.504804374,628,1,res_42f40199-b27a-43f0-a89c-188ab6bfaf36,2012-02-22 05:34:22.115896374,0.0
Case351,W_Completeren aanvraag,res_46a776b0-74ef-429c-befa-758731ba64c1,Role 1,2012-02-20 19:14:26.656066701,632,1,res_46a776b0-74ef-429c-befa-758731ba64c1,2012-02-20 19:12:00.163152701,0.0
Case351,W_Nabellen offertes,res_d5418cc0-ed10-4016-ac16-0bc32f58673f,Role 1,2012-02-20 19:34:11.152574301,633,1,res_d5418cc0-ed10-4016-ac16-0bc32f58673f,2012-02-20 19:31:52.538185301,0.0
Case352,W_Afhandelen leads,res_46a776b0-74ef-429c-befa-758731ba64c1,Role 1,2012-02-20 19:17:12.719352930,633,0,res_46a776b0-74ef-429c-befa-758731ba64c1,2012-02-20 19:14:10.123639930,0.02564102564102564
Case352,W_Completeren aanvraag,res_ddc79bf3-8255-4b9b-ace2-8a46af780bc5,Role 1,2012-02-20 20:14:31.048194330,633,1,res_ddc79bf3-8255-4b9b-ace2-8a46af780bc5,2012-02-20 20:12:02.486849330,0.0
Case352,W_Completeren aanvraag,res_f612d14e-303a-4d03-a37a-3b98918a5014,Role 1,2012-02-20 22:26:11.104920930,634,1,res_f612d14e-303a-4d03-a37a-3b98918a5014,2012-02-20 22:23:59.870239930,0.0
Case352,W_Completeren aanvraag,res_9548f08a-bc89-4837-8ec2-cdb10b4e93b0,Role 1,2012-02-21 04:24:49.432314629,632,1,res_9548f08a-bc89-4837-8ec2-cdb10b4e93b0,2012-02-21 04:22:35.180498630,0.0
Case353,W_Completeren aanvraag,res_c6ff2914-8075-4a61-b381-b682f6eb47de,Role 1,2012-02-20 19:36:25.863066742,633,1,res_c6ff2914-8075-4a61-b381-b682f6eb47de,2012-02-20 19:33:59.916937742,0.0
Case354,W_Completeren aanvraag,res_9e7fccd4-b30d-488c-ad55-351ad1a60226,Role 1,2012-02-20 19:49:39.353879041,633,1,res_9e7fccd4-b30d-488c-ad55-351ad1a60226,2012-02-20 19:47:13.784100041,0.0
Case354,W_Completeren aanvraag,res_7cc6cf66-7797-453d-b952-98449834316b,Role 1,2012-02-20 20:48:32.196800041,633,1,res_7cc6cf66-7797-453d-b952-98449834316b,2012-02-20 20:46:08.259091041,0.0
Case354,W_Nabellen offertes,res_f664dcd9-d4b7-456f-a1f7-9daea9e497fd,Role 1,2012-02-24 09:54:08.226327541,638,1,res_f664dcd9-d4b7-456f-a1f7-9daea9e497fd,2012-02-24 09:51:20.283722541,0.0
Case354,W_Nabellen offertes,res_408aec04-fa16-4916-b3c7-40322d591997,Role 1,2012-02-28 19:57:12.648900641,636,1,res_408aec04-fa16-4916-b3c7-40322d591997,2012-02-28 19:55:09.641694641,0.0
Case355,W_Completeren aanvraag,res_c09d353e-d1d3-4710-a13d-39ecb25ed3a8,Role 1,2012-02-20 19:58:19.801438783,634,2,res_c09d353e-d1d3-4710-a13d-39ecb25ed3a8,2012-02-20 19:55:59.670722783,0.02564102564102564
Case355,W_Nabellen offertes,res_e30a7ff2-fdff-43e2-93a6-f30f7d1f4d80,Role 1,2012-02-20 20:18:24.304587783,634,1,res_e30a7ff2-fdff-43e2-93a6-f30f7d1f4d80,2012-02-20 20:16:09.615964783,0.02564102564102564
Case356,W_Completeren aanvraag,res_24e554c7-8afb-451c-a96e-dea7923be74d,Role 1,2012-02-20 20:15:14.804662131,634,1,res_24e554c7-8afb-451c-a96e-dea7923be74d,2012-02-20 20:12:50.138697131,0.0
Case357,W_Completeren aanvraag,res_7cc6cf66-7797-453d-b952-98449834316b,Role 1,2012-02-20 20:17:21.974780273,635,2,res_7cc6cf66-7797-453d-b952-98449834316b,2012-02-20 20:15:03.121521273,0.05128205128205128
Case357,W_Completeren aanvraag,res_c09d353e-d1d3-4710-a13d-39ecb25ed3a8,Role 1,2012-02-20 21:17:55.098629673,634,1,res_c09d353e-d1d3-4710-a13d-39ecb25ed3a8,2012-02-20 21:15:34.366621673,0.0
Case357,W_Nabellen offertes,res_5c0494f5-5178-4b1a-9a41-59b27da90a66,Role 1,2012-02-24 20:11:37.571219873,642,1,res_5c0494f5-5178-4b1a-9a41-59b27da90a66,2012-02-24 20:08:48.468966873,0.0
Case358,W_Completeren aanvraag,res_501654f1-1e08-4e04-8b11-a5fd18a76e7d,Role 1,2012-02-20 20:38:06.108346319,633,1,res_501654f1-1e08-4e04-8b11-a5fd18a76e7d,2012-02-20 20:35:42.279655319,0.0
Case358,W_Nabellen offertes,res_31f16881-0e61-460a-88bc-abc46854faba,Role 1,2012-02-20 20:59:09.964144819,634,1,res_31f16881-0e61-460a-88bc-abc46854faba,2012-02-20 20:56:53.780050819,0.02564102564102564
Case358,W_Nabellen offertes,res_c09d353e-d1d3-4710-a13d-39ecb25ed3a8,Role 1,2012-02-28 14:59:06.448778719,641,1,res_c09d353e-d1d3-4710-a13d-39ecb25ed3a8,2012-02-28 14:57:24.487137719,0.0
Case358,W_Nabellen offertes,res_b5ab845a-5020-427e-b6f1-42df333cb3fb,Role 1,2012-03-01 13:54:16.461866519,625,2,res_b5ab845a-5020-427e-b6f1-42df333cb3fb,2012-03-01 13:52:39.120551519,0.02564102564102564
Case358,W_Nabellen offertes,res_31f16881-0e61-460a-88bc-abc46854faba,Role 1,2012-03-03 02:48:24.217572419,625,1,res_31f16881-0e61-460a-88bc-abc46854faba,2012-03-03 02:43:18.746927419,0.0
Case359,W_Completeren aanvraag,res_177ed8cb-552b-4612-b348-20f464d6e7e5,Role 1,2012-02-20 20:56:17.396883299,634,1,res_177ed8cb-552b-4612-b348-20f464d6e7e5,2012-02-20 20:53:54.350726299,0.0
Case359,W_Completeren aanvraag,res_c3a01281-6e48-4ea3-a47a-9410360458be,Role 1,2012-02-20 21:59:44.223362499,634,1,res_c3a01281-6e48-4ea3-a47a-9410360458be,2012-02-20 21:57:22.123060499,0.0
Case359,W_Completeren aanvraag,res_fa3ac963-7739-40ef-84e6-624c11774546,Role 1,2012-02-21 03:31:08.905872699,633,1,res_fa3ac963-7739-40ef-84e6-624c11774546,2012-02-21 03:28:41.475657699,0.0
Case359,W_Nabellen offertes,res_9548f08a-bc89-4837-8ec2-cdb10b4e93b0,Role 1,2012-02-21 20:29:43.211100199,628,1,res_9548f08a-bc89-4837-8ec2-cdb10b4e93b0,2012-02-21 20:27:58.155619199,0.0
Case359,W_Nabellen offertes,res_0eb69d82-9670-4fe3-a195-9d055d280321,Role 1,2012-02-23 14:02:27.651336199,627,1,res_0eb69d82-9670-4fe3-a195-9d055d280321,2012-02-23 13:52:07.209919199,0.0
Case36,W_Afhandelen leads,res_8435ed72-5b45-4de1-a40d-2e20f14bd3c6,Role 1,2012-02-14 11:35:33.472447477,536,0,res_8435ed72-5b45-4de1-a40d-2e20f14bd3c6,2012-02-14 11:32:31.119074477,0.0
Case36,W_Completeren aanvraag,res_8435ed72-5b45-4de1-a40d-2e20f14bd3c6,Role 1,2012-02-14 12:59:14.345934277,535,1,res_8435ed72-5b45-4de1-a40d-2e20f14bd3c6,2012-02-14 12:56:46.355526277,0.0
Case36,W_Completeren aanvraag,res_f664dcd9-d4b7-456f-a1f7-9daea9e497fd,Role 1,2012-02-14 16:07:19.630022877,542,1,res_f664dcd9-d4b7-456f-a1f7-9daea9e497fd,2012-02-14 16:05:01.980460877,0.0
Case36,W_Nabellen offertes,res_c6ff2914-8075-4a61-b381-b682f6eb47de,Role 1,2012-02-15 06:24:20.273410877,543,1,res_c6ff2914-8075-4a61-b381-b682f6eb47de,2012-02-15 06:21:34.495750877,0.0
Case360,W_Afhandelen leads,res_42f40199-b27a-43f0-a89c-188ab6bfaf36,Role 1,2012-02-20 21:17:51.393206182,635,0,res_42f40199-b27a-43f0-a89c-188ab6bfaf36,2012-02-20 21:14:50.635436182,0.0
Case360,W_Completeren aanvraag,res_5c0494f5-5178-4b1a-9a41-59b27da90a66,Role 1,2012-02-20 22:24:37.745451582,634,1,res_5c0494f5-5178-4b1a-9a41-59b27da90a66,2012-02-20 22:22:12.713882582,0.0
Case360,W_Completeren aanvraag,res_6f56bab9-a4f7-420f-96ab-b17cd82647c1,Role 1,2012-02-21 05:25:12.656523282,630,1,res_6f56bab9-a4f7-420f-96ab-b17cd82647c1,2012-02-21 05:22:35.032100282,0.0
Case360,W_Completeren aanvraag,res_177ed8cb-552b-4612-b348-20f464d6e7e5,Role 1,2012-02-21 08:17:05.383304382,629,1,res_177ed8cb-552b-4612-b348-20f464d6e7e5,2012-02-21 08:14:48.844271382,0.0
Case361,W_Completeren aanvraag,res_31f16881-0e61-460a-88bc-abc46854faba,Role 1,2012-02-21 09:23:22.588382176,628,1,res_31f16881-0e61-460a-88bc-abc46854faba,2012-02-21 09:20:43.517788176,0.0
Case361,W_Completeren aanvraag,res_425ded41-e317-4198-891a-d9f3e32a6030,Role 1,2012-02-21 11:39:46.359607276,636,1,res_425ded41-e317-4198-891a-d9f3e32a6030,2012-02-21 11:37:26.636923276,0.0
Case361,W_Completeren aanvraag,res_7a10508e-56ae-4766-abd2-e94c8442b539,Role 1,2012-02-21 14:59:29.982354276,637,1,res_7a10508e-56ae-4766-abd2-e94c8442b539,2012-02-21 14:57:13.167987276,0.0
Case362,W_Afhandelen leads,res_42f40199-b27a-43f0-a89c-188ab6bfaf36,Role 1,2012-02-21 09:34:22.211777586,629,0,res_42f40199-b27a-43f0-a89c-188ab6bfaf36,2012-02-21 09:31:24.253213586,0.02564102564102564
Case362,W_Completeren aanvraag,res_c3a01281-6e48-4ea3-a47a-9410360458be,Role 1,2012-02-21 11:47:50.326500686,636,1,res_c3a01281-6e48-4ea3-a47a-9410360458be,2012-02-21 11:45:26.342756686,0.0
Case362,W_Nabellen offertes,res_42f40199-b27a-43f0-a89c-188ab6bfaf36,Role 1,2012-02-22 12:53:14.843994886,629,1,res_42f40199-b27a-43f0-a89c-188ab6bfaf36,2012-02-22 12:50:38.742147886,0.0
Case362,W_Nabellen offertes,res_69f394fc-b099-49f7-8f4e-cce94cd03365,Role 1,2012-02-28 02:08:50.938875386,633,1,res_69f394fc-b099-49f7-8f4e-cce94cd03365,2012-02-28 02:06:31.369100386,0.02564102564102564
Case363,W_Completeren aanvraag,res_e30a7ff2-fdff-43e2-93a6-f30f7d1f4d80,Role 1,2012-02-21 09:39:59.243157238,630,1,res_e30a7ff2-fdff-43e2-93a6-f30f7d1f4d80,2012-02-21 09:37:20.888969238,0.0
Case363,W_Completeren aanvraag,res_501654f1-1e08-4e04-8b11-a5fd18a76e7d,Role 1,2012-02-21 11:51:49.731524438,636,1,res_501654f1-1e08-4e04-8b11-a5fd18a76e7d,2012-02-21 11:49:29.710391438,0.0
Case363,W_Completeren aanvraag,res_7cc6cf66-7797-453d-b952-98449834316b,Role 1,2012-02-21 15:14:11.845860738,636,1,res_7cc6cf66-7797-453d-b952-98449834316b,2012-02-21 15:11:55.180389738,0.0
Case363,W_Nabellen offertes,res_c09d353e-d1d3-4710-a13d-39ecb25ed3a8,Role 1,2012-02-22 08:49:16.201718338,627,1,res_c09d353e-d1d3-4710-a13d-39ecb25ed3a8,2012-02-22 08:45:47.186021338,0.0
Case364,W_Afhandelen leads,res_7848a1c1-2878-42e4-b2ac-02ba3ecca52c,Role 1,2012-02-21 09:45:32.371106843,631,0,res_7848a1c1-2878-42e4-b2ac-02ba3ecca52c,2012-02-21 09:42:33.197116843,0.0
Case364,W_Completeren aanvraag,res_7a10508e-56ae-4766-abd2-e94c8442b539,Role 1,2012-02-21 11:54:32.554061043,636,1,res_7a10508e-56ae-4766-abd2-e94c8442b539,2012-02-21 11:52:07.850792043,0.0
Case365,W_Completeren aanvraag,res_f3a5d8a5-7894-4471-8b15-4aeaf83a4249,Role 1,2012-02-21 09:50:10.227706162,632,1,res_f3a5d8a5-7894-4471-8b15-4aeaf83a4249,2012-02-21 09:47:32.408471162,0.0
Case365,W_Nabellen offertes,res_e30a7ff2-fdff-43e2-93a6-f30f7d1f4d80,Role 1,2012-02-21 10:43:10.131751062,636,2,res_e30a7ff2-fdff-43e2-93a6-f30f7d1f4d80,2012-02-21 10:40:54.208282062,0.05128205128205128
Case366,W_Completeren aanvraag,res_69f394fc-b099-49f7-8f4e-cce94cd03365,Role 1,2012-02-21 09:55:26.264437316,633,1,res_69f394fc-b099-49f7-8f4e-cce94cd03365,2012-02-21 09:52:48.746401316,0.0
Case367,W_Afhandelen leads,res_0eb69d82-9670-4fe3-a195-9d055d280321,Role 1,2012-02-21 10:02:18.636609642,633,0,res_0eb69d82-9670-4fe3-a195-9d055d280321,2012-02-21 09:59:19.635308642,0.0
Case367,W_Completeren aanvraag,res_e30a7ff2-fdff-43e2-93a6-f30f7d1f4d80,Role 1,2012-02-21 12:07:45.904986542,636,1,res_e30a7ff2-fdff-43e2-93a6-f30f7d1f4d80,2012-02-21 12:05:20.820626542,0.0
Case367,W_Nabellen offertes,res_c3a01281-6e48-4ea3-a47a-9410360458be,Role 1,2012-02-22 16:02:24.440257942,633,1,res_c3a01281-6e48-4ea3-a47a-9410360458be,2012-02-22 16:00:11.745112942,0.0
Case367,W_Nabellen offertes,res_85f526bd-1f2c-4373-8dcc-9710ee98b7b2,Role 1,2012-02-28 16:17:25.207275442,640,1,res_85f526bd-1f2c-4373-8dcc-9710ee98b7b2,2012-02-28 16:15:41.955726442,0.0
Case367,W_Nabellen offertes,res_fa3ac963-7739-40ef-84e6-624c11774546,Role 1,2012-03-01 08:15:51.747374342,625,2,res_fa3ac963-7739-40ef-84e6-624c11774546,2012-03-01 08:13:54.642998342,0.05128205128205128
Case368,W_Completeren aanvraag,res_46a776b0-74ef-429c-befa-758731ba64c1,Role 1,2012-02-21 10:10:35.060769921,634,1,res_46a776b0-74ef-429c-befa-758731ba64c1,2012-02-21 10:07:58.469811921,0.0
Case368,W_Completeren aanvraag,res_9548f08a-bc89-4837-8ec2-cdb10b4e93b0,Role 1,2012-02-21 12:13:26.251249121,636,1,res_9548f08a-bc89-4837-8ec2-cdb10b4e93b0,2012-02-21 12:11:05.495720121,0.0
Case368,W_Nabellen offertes,res_501654f1-1e08-4e04-8b11-a5fd18a76e7d,Role 1,2012-02-22 16:47:30.447146621,633,1,res_501654f1-1e08-4e04-8b11-a5fd18a76e7d,2012-02-22 16:45:23.521525621,0.0
Case369,W_Afhandelen leads,res_b5ab845a-5020-427e-b6f1-42df333cb3fb,Role 1,2012-02-21 10:23:11.570119612,635,0,res_b5ab845a-5020-427e-b6f1-42df333cb3fb,2012-02-21 10:20:12.897681612,0.0
Case369,W_Completeren aanvraag,res_fa3ac963-7739-40ef-84e6-624c11774546,Role 1,2012-02-21 12:18:13.789118312,637,2,res_fa3ac963-7739-40ef-84e6-624c11774546,2012-02-21 12:15:50.546384312,0.02564102564102564
Case369,W_Completeren aanvraag,res_69f394fc-b099-49f7-8f4e-cce94cd03365,Role 1,2012-02-21 15:38:54.183172812,635,1,res_69f394fc-b099-49f7-8f4e-cce94cd03365,2012-02-21 15:36:36.955167812,0.0
Case369,W_Completeren aanvraag,res_42f40199-b27a-43f0-a89c-188ab6bfaf36,Role 1,2012-02-21 17:08:45.246859712,631,1,res_42f40199-b27a-43f0-a89c-188ab6bfaf36,2012-02-21 17:06:43.693439712,0.0
Case37,W_Completeren aanvraag,res_ee4279a0-2b97-4f9d-9945-00c80ada4a95,Role 1,2012-02-14 11:49:44.823768871,537,1,res_ee4279a0-2b97-4f9d-9945-00c80ada4a95,2012-02-14 11:47:13.641452871,0.0
Case37,W_Nabellen offertes,res_425ded41-e317-4198-891a-d9f3e32a6030,Role 1,2012-02-14 12:30:08.487824771,536,1,res_425ded41-e317-4198-891a-d9f3e32a6030,2012-02-14 12:27:45.575955771,0.0
Case37,W_Nabellen offertes,res_c6ff2914-8075-4a61-b381-b682f6eb47de,Role 1,2012-02-22 02:06:31.009626471,628,1,res_c6ff2914-8075-4a61-b381-b682f6eb47de,2012-02-22 02:03:32.574264471,0.0
Case37,W_Nabellen offertes,res_9e7fccd4-b30d-488c-ad55-351ad1a60226,Role 1,2012-02-23 15:51:04.810041371,633,1,res_9e7fccd4-b30d-488c-ad55-351ad1a60226,2012-02-23 15:49:30.059515371,0.0
Case370,W_Afhandelen leads,res_cd801f30-7ddb-4e0a-8319-c3bbd19d3bc0,Role 1,2012-02-21 10:23:57.515307034,636,1,res_cd801f30-7ddb-4e0a-8319-c3bbd19d3bc0,2012-02-21 10:21:07.299746034,0.02564102564102564
Case370,W_Completeren aanvraag,res_0eb69d82-9670-4fe3-a195-9d055d280321,Role 1,2012-02-21 12:20:42.980884834,636,2,res_0eb69d82-9670-4fe3-a195-9d055d280321,2012-02-21 12:18:20.996126834,0.02564102564102564
Case371,W_Afhandelen leads,res_b5ab845a-5020-427e-b6f1-42df333cb3fb,Role 1,2012-02-21 10:38:57.226556164,636,0,res_b5ab845a-5020-427e-b6f1-42df333cb3fb,2012-02-21 10:35:58.889135164,0.0
Case371,W_Completeren aanvraag,res_b5ab845a-5020-427e-b6f1-42df333cb3fb,Role 1,2012-02-21 12:30:07.806510564,635,1,res_b5ab845a-5020-427e-b6f1-42df333cb3fb,2012-02-21 12:27:42.486235564,0.02564102564102564
Case371,W_Nabellen offertes,res_a6c40c08-3f7b-4865-a717-e7f1f1b6f98b,Role 1,2012-02-22 17:06:32.949900464,632,1,res_a6c40c08-3f7b-4865-a717-e7f1f1b6f98b,2012-02-22 17:04:24.666406464,0.0
Case372,W_Afhandelen leads,res_9e7fccd4-b30d-488c-ad55-351ad1a60226,Role 1,2012-02-21 10:51:28.586304692,634,0,res_9e7fccd4-b30d-488c-ad55-351ad1a60226,2012-02-21 10:48:30.443580692,0.0
Case372,W_Completeren aanvraag,res_8435ed72-5b45-4de1-a40d-2e20f14bd3c6,Role 1,2012-02-21 12:39:58.590349292,637,1,res_8435ed72-5b45-4de1-a40d-2e20f14bd3c6,2012-02-21 12:37:32.165709292,0.0
Case372,W_Completeren aanvraag,res_408aec04-fa16-4916-b3c7-40322d591997,Role 1,2012-02-21 16:05:17.918758092,635,1,res_408aec04-fa16-4916-b3c7-40322d591997,2012-02-21 16:03:00.118706092,0.0
Case373,W_Afhandelen leads,res_f664dcd9-d4b7-456f-a1f7-9daea9e497fd,Role 1,2012-02-21 11:10:05.270230608,635,0,res_f664dcd9-d4b7-456f-a1f7-9daea9e497fd,2012-02-21 11:07:07.700792608,0.0
Case373,W_Completeren aanvraag,res_fa3ac963-7739-40ef-84e6-624c11774546,Role 1,2012-02-21 12:50:36.982892408,637,1,res_fa3ac963-7739-40ef-84e6-624c11774546,2012-02-21 12:48:10.059281408,0.0
Case373,W_Nabellen offertes,res_63d2fda6-0454-4ad2-8b55-d59c9622a8ed,Role 1,2012-02-22 17:56:15.456188708,630,1,res_63d2fda6-0454-4ad2-8b55-d59c9622a8ed,2012-02-22 17:54:09.115432708,0.0
Case373,W_Nabellen offertes,res_46a776b0-74ef-429c-befa-758731ba64c1,Role 1,2012-02-29 01:00:24.229474708,626,2,res_46a776b0-74ef-429c-befa-758731ba64c1,2012-02-29 00:53:48.626613708,0.02564102564102564
Case373,W_Nabellen offertes,res_a6c40c08-3f7b-4865-a717-e7f1f1b6f98b,Role 1,2012-03-01 13:04:34.091487808,626,1,res_a6c40c08-3f7b-4865-a717-e7f1f1b6f98b,2012-03-01 13:02:52.535217808,0.0
Case373,W_Nabellen offertes,res_c09d353e-d1d3-4710-a13d-39ecb25ed3a8,Role 1,2012-03-03 03:13:58.104200408,623,1,res_c09d353e-d1d3-4710-a13d-39ecb25ed3a8,2012-03-03 03:03:05.939910408,0.0
Case373,W_Nabellen offertes,res_c3a01281-6e48-4ea3-a47a-9410360458be,Role 1,2012-03-05 01:57:57.219123208,622,1,res_c3a01281-6e48-4ea3-a47a-9410360458be,2012-03-05 01:56:16.116592208,0.0
Case374,W_Completeren aanvraag,res_a7efadcf-4796-49e4-a611-9f847fa3b6b3,Role 1,2012-02-21 11:23:28.457831855,635,1,res_a7efadcf-4796-49e4-a611-9f847fa3b6b3,2012-02-21 11:20:57.835997855,0.0
Case374,W_Completeren aanvraag,res_7a10508e-56ae-4766-abd2-e94c8442b539,Role 1,2012-02-21 12:54:52.960802855,638,1,res_7a10508e-56ae-4766-abd2-e94c8442b539,2012-02-21 12:52:29.864770855,0.0
Case375,W_Afhandelen leads,res_c09d353e-d1d3-4710-a13d-39ecb25ed3a8,Role 1,2012-02-21 11:24:13.500294603,636,0,res_c09d353e-d1d3-4710-a13d-39ecb25ed3a8,2012-02-21 11:21:17.984910604,0.02564102564102564
Case375,W_Completeren aanvraag,res_85f526bd-1f2c-4373-8dcc-9710ee98b7b2,Role 1,2012-02-21 12:58:15.983581404,637,1,res_85f526bd-1f2c-4373-8dcc-9710ee98b7b2,2012-02-21 12:55:49.126329404,0.0
Case375,W_Completeren aanvraag,res_75b73935-48c2-4abe-9548-628b120b0d25,Role 1,2012-02-21 16:18:46.749614703,633,1,res_75b73935-48c2-4abe-9548-628b120b0d25,2012-02-21 16:16:29.231423704,0.0
Case376,W_Completeren aanvraag,res_501654f1-1e08-4e04-8b11-a5fd18a76e7d,Role 1,2012-02-21 11:50:12.987784566,636,1,res_501654f1-1e08-4e04-8b11-a5fd18a76e7d,2012-02-21 11:47:44.711789566,0.0
Case376,W_Completeren aanvraag,res_0eb69d82-9670-4fe3-a195-9d055d280321,Role 1,2012-02-21 13:12:30.825130666,636,1,res_0eb69d82-9670-4fe3-a195-9d055d280321,2012-02-21 13:10:06.949056666,0.0
Case376,W_Completeren aanvraag,res_3e93a9a9-cdc4-46ed-8b29-3e63e6d2a9a2,Role 1,2012-02-21 16:24:59.344662166,632,1,res_3e93a9a9-cdc4-46ed-8b29-3e63e6d2a9a2,2012-02-21 16:22:43.736833166,0.0
Case377,W_Completeren aanvraag,res_7848a1c1-2878-42e4-b2ac-02ba3ecca52c,Role 1,2012-02-21 12:07:13.180197926,637,1,res_7848a1c1-2878-42e4-b2ac-02ba3ecca52c,2012-02-21 12:04:46.261665926,0.0
Case378,W_Completeren aanvraag,res_69f394fc-b099-49f7-8f4e-cce94cd03365,Role 1,2012-02-21 12:24:07.553396461,636,1,res_69f394fc-b099-49f7-8f4e-cce94cd03365,2012-02-21 12:21:41.766868461,0.0
Case378,W_Nabellen offertes,res_69f394fc-b099-49f7-8f4e-cce94cd03365,Role 1,2012-02-21 13:01:58.105708861,635,1,res_69f394fc-b099-49f7-8f4e-cce94cd03365,2012-02-21 12:59:35.964322861,0.0
Case378,W_Nabellen offertes,res_69f394fc-b099-49f7-8f4e-cce94cd03365,Role 1,2012-02-29 08:53:05.499194761,631,1,res_69f394fc-b099-49f7-8f4e-cce94cd03365,2012-02-29 08:51:15.549977761,0.0
Case378,W_Nabellen offertes,res_31f16881-0e61-460a-88bc-abc46854faba,Role 1,2012-03-01 22:36:02.484272861,622,1,res_31f16881-0e61-460a-88bc-abc46854faba,2012-03-01 22:32:10.374276861,0.0
Case378,W_Nabellen offertes,res_63d2fda6-0454-4ad2-8b55-d59c9622a8ed,Role 1,2012-03-03 19:49:19.888319761,631,1,res_63d2fda6-0454-4ad2-8b55-d59c9622a8ed,2012-03-03 19:47:43.716349761,0.0
Case378,W_Nabellen offertes,res_425ded41-e317-4198-891a-d9f3e32a6030,Role 1,2012-03-06 01:45:19.959664761,606,1,res_425ded41-e317-4198-891a-d9f3e32a6030,2012-03-06 01:43:48.537863761,0.0
Case378,W_Nabellen offertes,res_fa3ac963-7739-40ef-84e6-624c11774546,Role 1,2012-03-08 06:29:25.475268761,633,1,res_fa3ac963-7739-40ef-84e6-624c11774546,2012-03-08 06:28:05.629571761,0.0
Case378,W_Nabellen offertes,res_3e93a9a9-cdc4-46ed-8b29-3e63e6d2a9a2,Role 1,2012-03-09 21:09:53.473613261,615,1,res_3e93a9a9-cdc4-46ed-8b29-3e63e6d2a9a2,2012-03-09 20:56:15.416966261,0.0
Case379,W_Afhandelen leads,res_c09d353e-d1d3-4710-a13d-39ecb25ed3a8,Role 1,2012-02-21 12:26:23.169274667,637,0,res_c09d353e-d1d3-4710-a13d-39ecb25ed3a8,2012-02-21 12:23:29.563551667,0.02564102564102564
Case379,W_Completeren aanvraag,res_0eb69d82-9670-4fe3-a195-9d055d280321,Role 1,2012-02-21 13:36:31.860076867,636,1,res_0eb69d82-9670-4fe3-a195-9d055d280321,2012-02-21 13:34:03.466231867,0.0
Case379,W_Completeren aanvraag,res_d5418cc0-ed10-4016-ac16-0bc32f58673f,Role 1,2012-02-21 16:28:03.182085767,631,1,res_d5418cc0-ed10-4016-ac16-0bc32f58673f,2012-02-21 16:25:46.426849767,0.02564102564102564
Case379,W_Completeren aanvraag,res_9e7fccd4-b30d-488c-ad55-351ad1a60226,Role 1,2012-02-21 17:40:23.633219167,630,1,res_9e7fccd4-b30d-488c-ad55-351ad1a60226,2012-02-21 17:38:25.017004167,0.0
Case38,W_Afhandelen leads,res_7a10508e-56ae-4766-abd2-e94c8442b539,Role 1,2012-02-14 12:10:00.999278133,536,0,res_7a10508e-56ae-4766-abd2-e94c8442b539,2012-02-14 12:06:59.404968133,0.0
Case38,W_Completeren aanvraag,res_42f40199-b27a-43f0-a89c-188ab6bfaf36,Role 1,2012-02-14 13:18:48.059431933,536,1,res_42f40199-b27a-43f0-a89c-188ab6bfaf36,2012-02-14 13:16:20.079963933,0.02564102564102564
Case38,W_Nabellen offertes,res_63d2fda6-0454-4ad2-8b55-d59c9622a8ed,Role 1,2012-02-15 15:14:49.335118833,554,1,res_63d2fda6-0454-4ad2-8b55-d59c9622a8ed,2012-02-15 15:12:35.400879833,0.0
Case380,W_Afhandelen leads,res_ddc79bf3-8255-4b9b-ace2-8a46af780bc5,Role 1,2012-02-21 12:42:34.095693155,638,0,res_ddc79bf3-8255-4b9b-ace2-8a46af780bc5,2012-02-21 12:39:40.741146155,0.02564102564102564
Case380,W_Completeren aanvraag,res_9e7fccd4-b30d-488c-ad55-351ad1a60226,Role 1,2012-02-21 13:49:05.764568655,636,1,res_9e7fccd4-b30d-488c-ad55-351ad1a60226,2012-02-21 13:46:36.998762655,0.0
Case381,W_Afhandelen leads,res_177ed8cb-552b-4612-b348-20f464d6e7e5,Role 1,2012-02-21 13:01:18.515301534,636,0,res_177ed8cb-552b-4612-b348-20f464d6e7e5,2012-02-21 12:58:25.050477534,0.02564102564102564
Case381,W_Completeren aanvraag,res_177ed8cb-552b-4612-b348-20f464d6e7e5,Role 1,2012-02-21 14:04:39.334996234,636,1,res_177ed8cb-552b-4612-b348-20f464d6e7e5,2012-02-21 14:02:10.952691234,0.02564102564102564
Case381,W_Completeren aanvraag,res_f3a5d8a5-7894-4471-8b15-4aeaf83a4249,Role 1,2012-02-21 16:29:37.278948134,631,1,res_f3a5d8a5-7894-4471-8b15-4aeaf83a4249,2012-02-21 16:27:20.438095134,0.0
Case382,W_Afhandelen leads,res_a7efadcf-4796-49e4-a611-9f847fa3b6b3,Role 1,2012-02-21 13:24:58.266494406,636,0,res_a7efadcf-4796-49e4-a611-9f847fa3b6b3,2012-02-21 13:22:02.526489406,0.0
Case382,W_Completeren aanvraag,res_7cc6cf66-7797-453d-b952-98449834316b,Role 1,2012-02-21 14:25:00.401888706,636,1,res_7cc6cf66-7797-453d-b952-98449834316b,2012-02-21 14:22:30.339913706,0.0
Case383,W_Completeren aanvraag,res_75b73935-48c2-4abe-9548-628b120b0d25,Role 1,2012-02-21 13:26:21.016268711,637,1,res_75b73935-48c2-4abe-9548-628b120b0d25,2012-02-21 13:23:58.382737711,0.02564102564102564
Case384,W_Afhandelen leads,res_2f56cb7e-3c7c-424a-95d0-d464cdf4e447,Role 1,2012-02-21 13:58:52.462624752,636,0,res_2f56cb7e-3c7c-424a-95d0-d464cdf4e447,2012-02-21 13:55:55.551785752,0.0
Case384,W_Completeren aanvraag,res_46a776b0-74ef-429c-befa-758731ba64c1,Role 1,2012-02-21 14:56:44.691042152,635,1,res_46a776b0-74ef-429c-befa-758731ba64c1,2012-02-21 14:54:13.929173152,0.0
Case385,W_Completeren aanvraag,res_f664dcd9-d4b7-456f-a1f7-9daea9e497fd,Role 1,2012-02-21 14:24:45.966221351,636,1,res_f664dcd9-d4b7-456f-a1f7-9daea9e497fd,2012-02-21 14:22:23.286110351,0.0
Case385,W_Completeren aanvraag,res_7a10508e-56ae-4766-abd2-e94c8442b539,Role 1,2012-02-21 15:21:28.811529551,635,1,res_7a10508e-56ae-4766-abd2-e94c8442b539,2012-02-21 15:19:01.910277551,0.0
Case386,W_Afhandelen leads,res_2f56cb7e-3c7c-424a-95d0-d464cdf4e447,Role 1,2012-02-21 14:25:53.653090024,637,0,res_2f56cb7e-3c7c-424a-95d0-d464cdf4e447,2012-02-21 14:22:57.539262024,0.02564102564102564
Case386,W_Completeren aanvraag,res_c6ff2914-8075-4a61-b381-b682f6eb47de,Role 1,2012-02-21 15:22:47.624934724,635,2,res_c6ff2914-8075-4a61-b381-b682f6eb47de,2012-02-21 15:20:19.575405724,0.02564102564102564
Case386,W_Completeren aanvraag,res_8435ed72-5b45-4de1-a40d-2e20f14bd3c6,Role 1,2012-02-21 17:03:18.463586524,630,1,res_8435ed72-5b45-4de1-a40d-2e20f14bd3c6,2012-02-21 17:01:02.807610524,0.0
Case386,W_Nabellen offertes,res_63d2fda6-0454-4ad2-8b55-d59c9622a8ed,Role 1,2012-02-22 02:36:24.158616724,629,1,res_63d2fda6-0454-4ad2-8b55-d59c9622a8ed,2012-02-22 02:34:32.642725724,0.0
Case387,W_Completeren aanvraag,res_c6ff2914-8075-4a61-b381-b682f6eb47de,Role 1,2012-02-21 14:48:48.101185159,637,1,res_c6ff2914-8075-4a61-b381-b682f6eb47de,2012-02-21 14:46:25.948263159,0.02564102564102564
Case388,W_Completeren aanvraag,res_f612d14e-303a-4d03-a37a-3b98918a5014,Role 1,2012-02-21 15:03:30.551806916,635,1,res_f612d14e-303a-4d03-a37a-3b98918a5014,2012-02-21 15:01:07.463195916,0.0
Case388,W_Nabellen offertes,res_177ed8cb-552b-4612-b348-20f464d6e7e5,Role 1,2012-02-21 15:28:15.125543816,636,1,res_177ed8cb-552b-4612-b348-20f464d6e7e5,2012-02-21 15:25:52.953712816,0.05128205128205128
Case388,W_Nabellen offertes,res_c3a01281-6e48-4ea3-a47a-9410360458be,Role 1,2012-03-01 08:11:40.203814016,623,1,res_c3a01281-6e48-4ea3-a47a-9410360458be,2012-03-01 08:09:30.902237016,0.0
Case389,W_Completeren aanvraag,res_a7efadcf-4796-49e4-a611-9f847fa3b6b3,Role 1,2012-02-21 15:24:17.093264424,635,1,res_a7efadcf-4796-49e4-a611-9f847fa3b6b3,2012-02-21 15:21:53.673449424,0.0
Case39,W_Completeren aanvraag,res_e30a7ff2-fdff-43e2-93a6-f30f7d1f4d80,Role 1,2012-02-14 12:11:24.352737439,537,1,res_e30a7ff2-fdff-43e2-93a6-f30f7d1f4d80,2012-02-14 12:08:55.261216439,0.02564102564102564
Case390,W_Completeren aanvraag,res_24e554c7-8afb-451c-a96e-dea7923be74d,Role 1,2012-02-21 15:25:38.418773606,636,2,res_24e554c7-8afb-451c-a96e-dea7923be74d,2012-02-21 15:23:19.306328606,0.02564102564102564
Case390,W_Nabellen offertes,res_d5418cc0-ed10-4016-ac16-0bc32f58673f,Role 1,2012-02-21 15:49:05.133907806,634,1,res_d5418cc0-ed10-4016-ac16-0bc32f58673f,2012-02-21 15:46:45.010189806,0.0
Case391,W_Completeren aanvraag,res_f3a5d8a5-7894-4471-8b15-4aeaf83a4249,Role 1,2012-02-21 15:44:48.562248371,635,1,res_f3a5d8a5-7894-4471-8b15-4aeaf83a4249,2012-02-21 15:42:24.772018371,0.0
Case392,W_Afhandelen leads,res_24e554c7-8afb-451c-a96e-dea7923be74d,Role 1,2012-02-21 16:26:29.372640989,631,0,res_24e554c7-8afb-451c-a96e-dea7923be74d,2012-02-21 16:23:24.954264989,0.0
Case392,W_Completeren aanvraag,res_75b73935-48c2-4abe-9548-628b120b0d25,Role 1,2012-02-21 17:20:44.465898789,629,1,res_75b73935-48c2-4abe-9548-628b120b0d25,2012-02-21 17:18:11.533678789,0.0
Case392,W_Completeren aanvraag,res_ee4279a0-2b97-4f9d-9945-00c80ada4a95,Role 1,2012-02-21 18:43:55.317293289,628,1,res_ee4279a0-2b97-4f9d-9945-00c80ada4a95,2012-02-21 18:41:39.514036289,0.0
Case393,W_Afhandelen leads,res_b5ab845a-5020-427e-b6f1-42df333cb3fb,Role 1,2012-02-21 16:26:29.089235089,632,1,res_b5ab845a-5020-427e-b6f1-42df333cb3fb,2012-02-21 16:23:33.013830089,0.02564102564102564
Case393,W_Completeren aanvraag,res_c09d353e-d1d3-4710-a13d-39ecb25ed3a8,Role 1,2012-02-21 17:20:43.669945889,629,2,res_c09d353e-d1d3-4710-a13d-39ecb25ed3a8,2012-02-21 17:18:15.538589889,0.02564102564102564
Case393,W_Completeren aanvraag,res_dcb46f81-367a-42ae-96c2-833faef25480,Role 1,2012-02-21 18:37:27.914795689,628,1,res_dcb46f81-367a-42ae-96c2-833faef25480,2012-02-21 18:35:13.350213689,0.0
Case394,W_Afhandelen leads,res_75b73935-48c2-4abe-9548-628b120b0d25,Role 1,2012-02-21 16:52:46.134280214,631,0,res_75b73935-48c2-4abe-9548-628b120b0d25,2012-02-21 16:49:42.614133214,0.02564102564102564
Case394,W_Completeren aanvraag,res_85f526bd-1f2c-4373-8dcc-9710ee98b7b2,Role 1,2012-02-21 17:46:56.842990014,630,1,res_85f526bd-1f2c-4373-8dcc-9710ee98b7b2,2012-02-21 17:44:24.021785014,0.0
Case395,W_Completeren aanvraag,res_ddc79bf3-8255-4b9b-ace2-8a46af780bc5,Role 1,2012-02-21 17:24:26.333999641,630,1,res_ddc79bf3-8255-4b9b-ace2-8a46af780bc5,2012-02-21 17:22:00.939539641,0.0
Case395,W_Nabellen offertes,res_63d2fda6-0454-4ad2-8b55-d59c9622a8ed,Role 1,2012-02-21 17:43:51.914152341,630,1,res_63d2fda6-0454-4ad2-8b55-d59c9622a8ed,2012-02-21 17:41:31.802143341,0.02564102564102564
Case396,W_Completeren aanvraag,res_f3a5d8a5-7894-4471-8b15-4aeaf83a4249,Role 1,2012-02-21 18:17:36.910215401,628,1,res_f3a5d8a5-7894-4471-8b15-4aeaf83a4249,2012-02-21 18:15:11.519873401,0.0
Case396,W_Completeren aanvraag,res_69f394fc-b099-49f7-8f4e-cce94cd03365,Role 1,2012-02-21 19:13:27.453168401,627,1,res_69f394fc-b099-49f7-8f4e-cce94cd03365,2012-02-21 19:11:00.903205401,0.0
Case396,W_Nabellen offertes,res_69f394fc-b099-49f7-8f4e-cce94cd03365,Role 1,2012-02-23 14:04:10.620003701,629,1,res_69f394fc-b099-49f7-8f4e-cce94cd03365,2012-02-23 14:01:05.544963701,0.02564102564102564
Case396,W_Nabellen offertes,res_c6ff2914-8075-4a61-b381-b682f6eb47de,Role 1,2012-02-28 19:11:24.428999401,632,1,res_c6ff2914-8075-4a61-b381-b682f6eb47de,2012-02-28 19:08:28.448812401,0.0
Case397,W_Completeren aanvraag,res_f612d14e-303a-4d03-a37a-3b98918a5014,Role 1,2012-02-21 18:28:35.670249284,628,1,res_f612d14e-303a-4d03-a37a-3b98918a5014,2012-02-21 18:26:10.389320284,0.0
Case397,W_Completeren aanvraag,res_9548f08a-bc89-4837-8ec2-cdb10b4e93b0,Role 1,2012-02-21 19:24:51.050577184,627,1,res_9548f08a-bc89-4837-8ec2-cdb10b4e93b0,2012-02-21 19:22:24.757967184,0.0
Case397,W_Nabellen offertes,res_a6c40c08-3f7b-4865-a717-e7f1f1b6f98b,Role 1,2012-02-23 18:21:03.868799984,634,1,res_a6c40c08-3f7b-4865-a717-e7f1f1b6f98b,2012-02-23 18:18:58.339470984,0.0
Case397,W_Nabellen offertes,res_69f394fc-b099-49f7-8f4e-cce94cd03365,Role 1,2012-02-29 11:50:10.722840784,628,1,res_69f394fc-b099-49f7-8f4e-cce94cd03365,2012-02-29 11:48:32.771488784,0.02564102564102564
Case397,W_Nabellen offertes,res_5c0494f5-5178-4b1a-9a41-59b27da90a66,Role 1,2012-03-02 01:10:10.564129884,619,1,res_5c0494f5-5178-4b1a-9a41-59b27da90a66,2012-03-02 00:59:03.096352884,0.0
Case398,W_Completeren aanvraag,res_6f56bab9-a4f7-420f-96ab-b17cd82647c1,Role 1,2012-02-21 19:27:07.574433023,628,1,res_6f56bab9-a4f7-420f-96ab-b17cd82647c1,2012-02-21 19:24:43.352258023,0.0
Case399,W_Afhandelen leads,res_7a10508e-56ae-4766-abd2-e94c8442b539,Role 1,2012-02-21 19:28:13.752882959,629,0,res_7a10508e-56ae-4766-abd2-e94c8442b539,2012-02-21 19:25:08.538398959,0.02564102564102564
Case399,W_Completeren aanvraag,res_a6c40c08-3f7b-4865-a717-e7f1f1b6f98b,Role 1,2012-02-21 20:26:45.880957659,628,1,res_a6c40c08-3f7b-4865-a717-e7f1f1b6f98b,2012-02-21 20:24:14.945890659,0.0
Case399,W_Nabellen offertes,res_69f394fc-b099-49f7-8f4e-cce94cd03365,Role 1,2012-02-24 19:08:46.936626358,644,1,res_69f394fc-b099-49f7-8f4e-cce94cd03365,2012-02-24 19:06:33.802731359,0.0
Case4,W_Afhandelen leads,res_31f16881-0e61-460a-88bc-abc46854faba,Role 1,2012-02-13 19:31:23.346159167,522,0,res_31f16881-0e61-460a-88bc-abc46854faba,2012-02-13 19:28:14.523562167,0.0
Case4,W_Completeren aanvraag,res_f664dcd9-d4b7-456f-a1f7-9daea9e497fd,Role 1,2012-02-13 20:28:30.781317467,524,1,res_f664dcd9-d4b7-456f-a1f7-9daea9e497fd,2012-02-13 20:26:00.366623467,0.0
Case4,W_Nabellen offertes,res_9e7fccd4-b30d-488c-ad55-351ad1a60226,Role 1,2012-02-16 23:14:34.761103667,582,1,res_9e7fccd4-b30d-488c-ad55-351ad1a60226,2012-02-16 23:12:37.013763667,0.0
Case4,W_Nabellen offertes,res_7cc6cf66-7797-453d-b952-98449834316b,Role 1,2012-02-22 06:48:06.605547766,635,1,res_7cc6cf66-7797-453d-b952-98449834316b,2012-02-22 06:45:43.097765767,0.0
Case4,W_Nabellen offertes,res_408aec04-fa16-4916-b3c7-40322d591997,Role 1,2012-02-23 18:24:20.434899467,634,1,res_408aec04-fa16-4916-b3c7-40322d591997,2012-02-23 18:22:47.573064467,0.0
Case4,W_Nabellen offertes,res_69f394fc-b099-49f7-8f4e-cce94cd03365,Role 1,2012-02-25 11:47:27.039347267,636,1,res_69f394fc-b099-49f7-8f4e-cce94cd03365,2012-02-25 11:40:02.846354267,0.0
Case4,W_Nabellen offertes,res_ddc79bf3-8255-4b9b-ace2-8a46af780bc5,Role 1,2012-02-27 06:42:34.712155767,635,1,res_ddc79bf3-8255-4b9b-ace2-8a46af780bc5,2012-02-27 06:40:45.484740767,0.0
Case40,W_Completeren aanvraag,res_7848a1c1-2878-42e4-b2ac-02ba3ecca52c,Role 1,2012-02-14 12:43:20.119750479,536,1,res_7848a1c1-2878-42e4-b2ac-02ba3ecca52c,2012-02-14 12:40:52.430264479,0.0
Case400,W_Completeren aanvraag,res_b5ab845a-5020-427e-b6f1-42df333cb3fb,Role 1,2012-02-21 20:25:41.887598674,629,1,res_b5ab845a-5020-427e-b6f1-42df333cb3fb,2012-02-21 20:23:19.337532674,0.0
Case401,W_Afhandelen leads,res_69f394fc-b099-49f7-8f4e-cce94cd03365,Role 1,2012-02-21 20:29:12.135411489,629,0,res_69f394fc-b099-49f7-8f4e-cce94cd03365,2012-02-21 20:26:06.573508489,0.0
Case401,W_Completeren aanvraag,res_24e554c7-8afb-451c-a96e-dea7923be74d,Role 1,2012-02-21 21:29:36.206709089,629,1,res_24e554c7-8afb-451c-a96e-dea7923be74d,2012-02-21 21:27:06.841114089,0.0
Case401,W_Nabellen offertes,res_5c0494f5-5178-4b1a-9a41-59b27da90a66,Role 1,2012-02-25 15:20:59.049956389,645,1,res_5c0494f5-5178-4b1a-9a41-59b27da90a66,2012-02-25 15:17:36.468390389,0.0
Case401,W_Nabellen offertes,res_a6c40c08-3f7b-4865-a717-e7f1f1b6f98b,Role 1,2012-02-29 22:59:32.975225089,623,1,res_a6c40c08-3f7b-4865-a717-e7f1f1b6f98b,2012-02-29 22:56:45.148665089,0.0
Case402,W_Afhandelen leads,res_c09d353e-d1d3-4710-a13d-39ecb25ed3a8,Role 1,2012-02-21 21:28:28.254790913,630,0,res_c09d353e-d1d3-4710-a13d-39ecb25ed3a8,2012-02-21 21:25:24.871499913,0.0
Case402,W_Completeren aanvraag,res_7848a1c1-2878-42e4-b2ac-02ba3ecca52c,Role 1,2012-02-21 22:31:49.453618513,630,1,res_7848a1c1-2878-42e4-b2ac-02ba3ecca52c,2012-02-21 22:29:22.047819513,0.0
Case402,W_Nabellen offertes,res_ddc79bf3-8255-4b9b-ace2-8a46af780bc5,Role 1,2012-02-26 02:10:38.260624513,644,1,res_ddc79bf3-8255-4b9b-ace2-8a46af780bc5,2012-02-26 02:08:45.416477513,0.0
Case402,W_Nabellen offertes,res_e30a7ff2-fdff-43e2-93a6-f30f7d1f4d80,Role 1,2012-02-29 20:23:44.145377613,625,1,res_e30a7ff2-fdff-43e2-93a6-f30f7d1f4d80,2012-02-29 20:20:29.001649613,0.0
Case403,W_Afhandelen leads,res_501654f1-1e08-4e04-8b11-a5fd18a76e7d,Role 1,2012-02-22 09:34:21.249996807,626,0,res_501654f1-1e08-4e04-8b11-a5fd18a76e7d,2012-02-22 09:31:09.694286807,0.0
Case403,W_Completeren aanvraag,res_7a10508e-56ae-4766-abd2-e94c8442b539,Role 1,2012-02-22 11:20:36.274412607,631,1,res_7a10508e-56ae-4766-abd2-e94c8442b539,2012-02-22 11:18:02.166619607,0.0
Case403,W_Nabellen offertes,res_fa3ac963-7739-40ef-84e6-624c11774546,Role 1,2012-02-23 17:19:36.448209307,636,1,res_fa3ac963-7739-40ef-84e6-624c11774546,2012-02-23 17:17:40.338284307,0.02564102564102564
Case403,W_Nabellen offertes,res_3e93a9a9-cdc4-46ed-8b29-3e63e6d2a9a2,Role 1,2012-03-01 15:59:34.679769507,624,1,res_3e93a9a9-cdc4-46ed-8b29-3e63e6d2a9a2,2012-03-01 15:57:59.029610507,0.0
Case403,W_Nabellen offertes,res_c09d353e-d1d3-4710-a13d-39ecb25ed3a8,Role 1,2012-03-03 13:57:38.504529007,633,2,res_c09d353e-d1d3-4710-a13d-39ecb25ed3a8,2012-03-03 13:56:01.869776007,0.02564102564102564
Case404,W_Completeren aanvraag,res_b5ab845a-5020-427e-b6f1-42df333cb3fb,Role 1,2012-02-22 09:42:29.464810900,627,1,res_b5ab845a-5020-427e-b6f1-42df333cb3fb,2012-02-22 09:39:43.491561900,0.02564102564102564
Case405,W_Completeren aanvraag,res_85f526bd-1f2c-4373-8dcc-9710ee98b7b2,Role 1,2012-02-22 09:47:05.597299557,627,1,res_85f526bd-1f2c-4373-8dcc-9710ee98b7b2,2012-02-22 09:44:19.531666557,0.0
Case406,W_Afhandelen leads,res_7a10508e-56ae-4766-abd2-e94c8442b539,Role 1,2012-02-22 09:52:51.196052899,627,0,res_7a10508e-56ae-4766-abd2-e94c8442b539,2012-02-22 09:49:40.906824899,0.0
Case406,W_Completeren aanvraag,res_85f526bd-1f2c-4373-8dcc-9710ee98b7b2,Role 1,2012-02-22 11:32:47.421000099,632,1,res_85f526bd-1f2c-4373-8dcc-9710ee98b7b2,2012-02-22 11:30:13.239229099,0.0
Case407,W_Afhandelen leads,res_46a776b0-74ef-429c-befa-758731ba64c1,Role 1,2012-02-22 10:02:14.686362863,627,0,res_46a776b0-74ef-429c-befa-758731ba64c1,2012-02-22 09:59:05.076381863,0.0
Case407,W_Completeren aanvraag,res_7a10508e-56ae-4766-abd2-e94c8442b539,Role 1,2012-02-22 11:41:43.112989163,631,1,res_7a10508e-56ae-4766-abd2-e94c8442b539,2012-02-22 11:39:08.933585163,0.0
Case407,W_Completeren aanvraag,res_501654f1-1e08-4e04-8b11-a5fd18a76e7d,Role 1,2012-02-22 15:49:37.817976363,629,1,res_501654f1-1e08-4e04-8b11-a5fd18a76e7d,2012-02-22 15:47:17.034798363,0.0
Case408,W_Afhandelen leads,res_46a776b0-74ef-429c-befa-758731ba64c1,Role 1,2012-02-22 10:09:22.265238774,628,0,res_46a776b0-74ef-429c-befa-758731ba64c1,2012-02-22 10:06:13.240777774,0.0
Case408,W_Completeren aanvraag,res_fa3ac963-7739-40ef-84e6-624c11774546,Role 1,2012-02-22 11:47:03.377782374,632,1,res_fa3ac963-7739-40ef-84e6-624c11774546,2012-02-22 11:44:29.169888374,0.0
Case408,W_Completeren aanvraag,res_46a776b0-74ef-429c-befa-758731ba64c1,Role 1,2012-02-22 16:04:58.348993574,628,1,res_46a776b0-74ef-429c-befa-758731ba64c1,2012-02-22 16:02:37.652124574,0.0
Case408,W_Completeren aanvraag,res_3e93a9a9-cdc4-46ed-8b29-3e63e6d2a9a2,Role 1,2012-02-22 17:42:53.060232274,629,1,res_3e93a9a9-cdc4-46ed-8b29-3e63e6d2a9a2,2012-02-22 17:40:59.290363274,0.0
Case408,W_Nabellen offertes,res_3e93a9a9-cdc4-46ed-8b29-3e63e6d2a9a2,Role 1,2012-02-22 23:28:40.342150874,636,1,res_3e93a9a9-cdc4-46ed-8b29-3e63e6d2a9a2,2012-02-22 23:27:03.908962874,0.0
Case409,W_Afhandelen leads,res_8435ed72-5b45-4de1-a40d-2e20f14bd3c6,Role 1,2012-02-22 10:19:32.937431697,629,0,res_8435ed72-5b45-4de1-a40d-2e20f14bd3c6,2012-02-22 10:16:24.760279697,0.0
Case409,W_Completeren aanvraag,res_f664dcd9-d4b7-456f-a1f7-9daea9e497fd,Role 1,2012-02-22 11:54:38.067616697,632,1,res_f664dcd9-d4b7-456f-a1f7-9daea9e497fd,2012-02-22 11:52:03.828931697,0.0
Case41,W_Completeren aanvraag,res_5c0494f5-5178-4b1a-9a41-59b27da90a66,Role 1,2012-02-14 13:09:46.813860078,536,1,res_5c0494f5-5178-4b1a-9a41-59b27da90a66,2012-02-14 13:07:20.164589078,0.0
Case410,W_Afhandelen leads,res_501654f1-1e08-4e04-8b11-a5fd18a76e7d,Role 1,2012-02-22 10:27:31.340482754,630,0,res_501654f1-1e08-4e04-8b11-a5fd18a76e7d,2012-02-22 10:24:25.311848754,0.02564102564102564
Case410,W_Completeren aanvraag,res_24e554c7-8afb-451c-a96e-dea7923be74d,Role 1,2012-02-22 12:00:33.699308654,631,1,res_24e554c7-8afb-451c-a96e-dea7923be74d,2012-02-22 11:57:59.840712654,0.0
Case410,W_Completeren aanvraag,res_ddc79bf3-8255-4b9b-ace2-8a46af780bc5,Role 1,2012-02-22 16:09:38.843482854,630,1,res_ddc79bf3-8255-4b9b-ace2-8a46af780bc5,2012-02-22 16:07:20.267900854,0.05128205128205128
Case411,W_Afhandelen leads,res_5c0494f5-5178-4b1a-9a41-59b27da90a66,Role 1,2012-02-22 10:34:31.263012928,631,0,res_5c0494f5-5178-4b1a-9a41-59b27da90a66,2012-02-22 10:31:24.409233928,0.0
Case411,W_Completeren aanvraag,res_69f394fc-b099-49f7-8f4e-cce94cd03365,Role 1,2012-02-22 12:05:50.412589527,631,1,res_69f394fc-b099-49f7-8f4e-cce94cd03365,2012-02-22 12:03:16.146957528,0.0
Case411,W_Completeren aanvraag,res_177ed8cb-552b-4612-b348-20f464d6e7e5,Role 1,2012-02-22 16:13:35.295262628,629,1,res_177ed8cb-552b-4612-b348-20f464d6e7e5,2012-02-22 16:11:15.048681628,0.0
Case412,W_Completeren aanvraag,res_dcb46f81-367a-42ae-96c2-833faef25480,Role 1,2012-02-22 10:34:24.955131676,632,1,res_dcb46f81-367a-42ae-96c2-833faef25480,2012-02-22 10:31:44.558146676,0.02564102564102564
Case412,W_Nabellen offertes,res_d5418cc0-ed10-4016-ac16-0bc32f58673f,Role 1,2012-02-22 11:19:44.813551776,632,1,res_d5418cc0-ed10-4016-ac16-0bc32f58673f,2012-02-22 11:17:23.399616776,0.02564102564102564
Case412,W_Nabellen offertes,res_7a10508e-56ae-4766-abd2-e94c8442b539,Role 1,2012-02-29 23:53:40.632841976,619,1,res_7a10508e-56ae-4766-abd2-e94c8442b539,2012-02-29 23:49:27.281679976,0.0
Case413,W_Completeren aanvraag,res_85f526bd-1f2c-4373-8dcc-9710ee98b7b2,Role 1,2012-02-22 10:50:57.872668826,633,1,res_85f526bd-1f2c-4373-8dcc-9710ee98b7b2,2012-02-22 10:48:18.906990826,0.0
Case414,W_Completeren aanvraag,res_e30a7ff2-fdff-43e2-93a6-f30f7d1f4d80,Role 1,2012-02-22 11:01:26.379976223,632,1,res_e30a7ff2-fdff-43e2-93a6-f30f7d1f4d80,2012-02-22 10:58:48.560514223,0.0
Case415,W_Completeren aanvraag,res_f3a5d8a5-7894-4471-8b15-4aeaf83a4249,Role 1,2012-02-22 11:14:03.604665212,632,1,res_f3a5d8a5-7894-4471-8b15-4aeaf83a4249,2012-02-22 11:11:27.167079212,0.0
Case415,W_Nabellen offertes,res_501654f1-1e08-4e04-8b11-a5fd18a76e7d,Role 1,2012-02-22 11:55:59.163317712,631,1,res_501654f1-1e08-4e04-8b11-a5fd18a76e7d,2012-02-22 11:53:37.272549712,0.02564102564102564
Case415,W_Nabellen offertes,res_24e554c7-8afb-451c-a96e-dea7923be74d,Role 1,2012-03-01 04:46:24.229890112,624,1,res_24e554c7-8afb-451c-a96e-dea7923be74d,2012-03-01 04:44:12.947279112,0.0
Case416,W_Completeren aanvraag,res_63d2fda6-0454-4ad2-8b55-d59c9622a8ed,Role 1,2012-02-22 11:33:05.492765164,632,2,res_63d2fda6-0454-4ad2-8b55-d59c9622a8ed,2012-02-22 11:30:37.669997164,0.02564102564102564
Case417,W_Afhandelen leads,res_b5ab845a-5020-427e-b6f1-42df333cb3fb,Role 1,2012-02-22 11:35:18.390780545,633,0,res_b5ab845a-5020-427e-b6f1-42df333cb3fb,2012-02-22 11:32:19.422006545,0.05128205128205128
Case417,W_Completeren aanvraag,res_8435ed72-5b45-4de1-a40d-2e20f14bd3c6,Role 1,2012-02-22 12:52:19.137016745,634,1,res_8435ed72-5b45-4de1-a40d-2e20f14bd3c6,2012-02-22 12:49:45.351654745,0.0
Case418,W_Completeren aanvraag,res_f664dcd9-d4b7-456f-a1f7-9daea9e497fd,Role 1,2012-02-22 11:48:28.112141693,633,2,res_f664dcd9-d4b7-456f-a1f7-9daea9e497fd,2012-02-22 11:46:01.497646693,0.02564102564102564
Case419,W_Completeren aanvraag,res_425ded41-e317-4198-891a-d9f3e32a6030,Role 1,2012-02-22 12:00:11.552032261,632,2,res_425ded41-e317-4198-891a-d9f3e32a6030,2012-02-22 11:57:45.702147261,0.02564102564102564
Case419,W_Nabellen offertes,res_5c0494f5-5178-4b1a-9a41-59b27da90a66,Role 1,2012-02-22 12:38:41.187790661,635,1,res_5c0494f5-5178-4b1a-9a41-59b27da90a66,2012-02-22 12:36:23.955896661,0.05128205128205128
Case42,W_Afhandelen leads,res_7a10508e-56ae-4766-abd2-e94c8442b539,Role 1,2012-02-14 13:10:53.736897751,537,0,res_7a10508e-56ae-4766-abd2-e94c8442b539,2012-02-14 13:07:54.417740751,0.02564102564102564
Case42,W_Completeren aanvraag,res_ddc79bf3-8255-4b9b-ace2-8a46af780bc5,Role 1,2012-02-14 14:10:24.421810851,538,2,res_ddc79bf3-8255-4b9b-ace2-8a46af780bc5,2012-02-14 14:07:57.415156851,0.02564102564102564
Case42,W_Nabellen offertes,res_dcb46f81-367a-42ae-96c2-833faef25480,Role 1,2012-02-15 13:22:56.144209651,551,1,res_dcb46f81-367a-42ae-96c2-833faef25480,2012-02-15 13:20:29.376188651,0.0
Case420,W_Completeren aanvraag,res_46a776b0-74ef-429c-befa-758731ba64c1,Role 1,2012-02-22 12:18:34.573682066,633,1,res_46a776b0-74ef-429c-befa-758731ba64c1,2012-02-22 12:16:03.817892066,0.0
Case420,W_Nabellen offertes,res_dcb46f81-367a-42ae-96c2-833faef25480,Role 1,2012-02-22 12:55:39.276782566,634,1,res_dcb46f81-367a-42ae-96c2-833faef25480,2012-02-22 12:53:18.851674566,0.02564102564102564
Case420,W_Nabellen offertes,res_9548f08a-bc89-4837-8ec2-cdb10b4e93b0,Role 1,2012-03-01 13:41:49.185605966,627,1,res_9548f08a-bc89-4837-8ec2-cdb10b4e93b0,2012-03-01 13:40:06.804865966,0.0
Case421,W_Completeren aanvraag,res_42f40199-b27a-43f0-a89c-188ab6bfaf36,Role 1,2012-02-22 12:34:32.690972905,634,1,res_42f40199-b27a-43f0-a89c-188ab6bfaf36,2012-02-22 12:32:02.906138905,0.0
Case421,W_Completeren aanvraag,res_75b73935-48c2-4abe-9548-628b120b0d25,Role 1,2012-02-22 13:40:01.559383205,634,1,res_75b73935-48c2-4abe-9548-628b120b0d25,2012-02-22 13:37:30.015549205,0.02564102564102564
Case421,W_Nabellen offertes,res_6f56bab9-a4f7-420f-96ab-b17cd82647c1,Role 1,2012-02-23 20:35:58.003178005,639,1,res_6f56bab9-a4f7-420f-96ab-b17cd82647c1,2012-02-23 20:34:06.982153005,0.0
Case422,W_Completeren aanvraag,res_425ded41-e317-4198-891a-d9f3e32a6030,Role 1,2012-02-22 12:35:19.248438052,635,2,res_425ded41-e317-4198-891a-d9f3e32a6030,2012-02-22 12:32:55.293312052,0.02564102564102564
Case422,W_Nabellen offertes,res_5c0494f5-5178-4b1a-9a41-59b27da90a66,Role 1,2012-02-22 13:10:25.256151652,634,2,res_5c0494f5-5178-4b1a-9a41-59b27da90a66,2012-02-22 13:08:13.542843652,0.05128205128205128
Case422,W_Nabellen offertes,res_7a10508e-56ae-4766-abd2-e94c8442b539,Role 1,2012-03-01 18:24:13.465464752,622,1,res_7a10508e-56ae-4766-abd2-e94c8442b539,2012-03-01 18:22:10.238213752,0.0
Case422,W_Nabellen offertes,res_b5ab845a-5020-427e-b6f1-42df333cb3fb,Role 1,2012-03-03 18:33:25.547885952,632,2,res_b5ab845a-5020-427e-b6f1-42df333cb3fb,2012-03-03 18:31:51.368966952,0.02564102564102564
Case422,W_Nabellen offertes,res_c09d353e-d1d3-4710-a13d-39ecb25ed3a8,Role 1,2012-03-06 15:15:13.743854352,604,1,res_c09d353e-d1d3-4710-a13d-39ecb25ed3a8,2012-03-06 15:05:52.337652352,0.0
Case423,W_Completeren aanvraag,res_75b73935-48c2-4abe-9548-628b120b0d25,Role 1,2012-02-22 12:52:18.746884950,634,1,res_75b73935-48c2-4abe-9548-628b120b0d25,2012-02-22 12:49:49.791068950,0.0
Case424,W_Afhandelen leads,res_7cc6cf66-7797-453d-b952-98449834316b,Role 1,2012-02-22 13:07:37.529733806,634,0,res_7cc6cf66-7797-453d-b952-98449834316b,2012-02-22 13:04:39.365566806,0.02564102564102564
Case424,W_Completeren aanvraag,res_cd801f30-7ddb-4e0a-8319-c3bbd19d3bc0,Role 1,2012-02-22 14:11:41.631254906,633,1,res_cd801f30-7ddb-4e0a-8319-c3bbd19d3bc0,2012-02-22 14:09:08.362198906,0.02564102564102564
Case425,W_Completeren aanvraag,res_f3a5d8a5-7894-4471-8b15-4aeaf83a4249,Role 1,2012-02-22 13:22:20.129574323,634,1,res_f3a5d8a5-7894-4471-8b15-4aeaf83a4249,2012-02-22 13:19:52.111314323,0.0
Case426,W_Afhandelen leads,res_cd801f30-7ddb-4e0a-8319-c3bbd19d3bc0,Role 1,2012-02-22 13:34:47.086863265,634,0,res_cd801f30-7ddb-4e0a-8319-c3bbd19d3bc0,2012-02-22 13:31:46.390271265,0.0
Case426,W_Completeren aanvraag,res_85f526bd-1f2c-4373-8dcc-9710ee98b7b2,Role 1,2012-02-22 14:36:12.618377765,631,1,res_85f526bd-1f2c-4373-8dcc-9710ee98b7b2,2012-02-22 14:33:38.108010765,0.0
Case427,W_Completeren aanvraag,res_46a776b0-74ef-429c-befa-758731ba64c1,Role 1,2012-02-22 13:36:13.179771307,635,2,res_46a776b0-74ef-429c-befa-758731ba64c1,2012-02-22 13:33:51.313530307,0.05128205128205128
Case428,W_Afhandelen leads,res_24e554c7-8afb-451c-a96e-dea7923be74d,Role 1,2012-02-22 14:03:47.249648754,634,0,res_24e554c7-8afb-451c-a96e-dea7923be74d,2012-02-22 14:00:47.256332754,0.02564102564102564
Case428,W_Completeren aanvraag,res_f612d14e-303a-4d03-a37a-3b98918a5014,Role 1,2012-02-22 15:03:37.096826254,630,1,res_f612d14e-303a-4d03-a37a-3b98918a5014,2012-02-22 15:01:02.679938254,0.0
Case428,W_Completeren aanvraag,res_7848a1c1-2878-42e4-b2ac-02ba3ecca52c,Role 1,2012-02-22 17:27:54.317451954,630,1,res_7848a1c1-2878-42e4-b2ac-02ba3ecca52c,2012-02-22 17:25:37.363698954,0.0
Case428,W_Nabellen offertes,res_24e554c7-8afb-451c-a96e-dea7923be74d,Role 1,2012-02-23 06:56:13.758885954,629,1,res_24e554c7-8afb-451c-a96e-dea7923be74d,2012-02-23 06:52:33.685918954,0.0
Case429,W_Completeren aanvraag,res_f664dcd9-d4b7-456f-a1f7-9daea9e497fd,Role 1,2012-02-22 14:34:13.677985824,631,1,res_f664dcd9-d4b7-456f-a1f7-9daea9e497fd,2012-02-22 14:31:45.993533824,0.0
Case43,W_Completeren aanvraag,res_c3a01281-6e48-4ea3-a47a-9410360458be,Role 1,2012-02-14 13:28:01.430834971,537,1,res_c3a01281-6e48-4ea3-a47a-9410360458be,2012-02-14 13:25:35.257996971,0.0
Case43,W_Nabellen offertes,res_c3a01281-6e48-4ea3-a47a-9410360458be,Role 1,2012-02-14 13:57:38.133548271,538,1,res_c3a01281-6e48-4ea3-a47a-9410360458be,2012-02-14 13:55:14.174621271,0.0
Case43,W_Nabellen offertes,res_42f40199-b27a-43f0-a89c-188ab6bfaf36,Role 1,2012-02-22 19:10:20.117152871,630,1,res_42f40199-b27a-43f0-a89c-188ab6bfaf36,2012-02-22 19:08:15.416918871,0.0
Case430,W_Completeren aanvraag,res_3e93a9a9-cdc4-46ed-8b29-3e63e6d2a9a2,Role 1,2012-02-22 14:36:30.769303339,632,2,res_3e93a9a9-cdc4-46ed-8b29-3e63e6d2a9a2,2012-02-22 14:34:09.050814339,0.05128205128205128
Case431,W_Afhandelen leads,res_3e93a9a9-cdc4-46ed-8b29-3e63e6d2a9a2,Role 1,2012-02-22 14:55:14.698737308,630,0,res_3e93a9a9-cdc4-46ed-8b29-3e63e6d2a9a2,2012-02-22 14:52:10.039983308,0.0
Case431,W_Completeren aanvraag,res_d5418cc0-ed10-4016-ac16-0bc32f58673f,Role 1,2012-02-22 15:53:21.312598108,628,1,res_d5418cc0-ed10-4016-ac16-0bc32f58673f,2012-02-22 15:50:46.250519108,0.0
Case431,W_Nabellen offertes,res_c09d353e-d1d3-4710-a13d-39ecb25ed3a8,Role 1,2012-02-24 01:59:57.372029908,641,1,res_c09d353e-d1d3-4710-a13d-39ecb25ed3a8,2012-02-24 01:58:02.915540908,0.0
Case431,W_Nabellen offertes,res_501654f1-1e08-4e04-8b11-a5fd18a76e7d,Role 1,2012-03-01 14:34:38.315914408,626,1,res_501654f1-1e08-4e04-8b11-a5fd18a76e7d,2012-03-01 14:33:03.724782408,0.0
Case431,W_Nabellen offertes,res_425ded41-e317-4198-891a-d9f3e32a6030,Role 1,2012-03-03 10:26:54.558381208,630,1,res_425ded41-e317-4198-891a-d9f3e32a6030,2012-03-03 10:24:57.393449208,0.0
Case432,W_Completeren aanvraag,res_f3a5d8a5-7894-4471-8b15-4aeaf83a4249,Role 1,2012-02-22 15:09:35.995805539,631,1,res_f3a5d8a5-7894-4471-8b15-4aeaf83a4249,2012-02-22 15:07:09.688937539,0.05128205128205128
Case433,W_Completeren aanvraag,res_e30a7ff2-fdff-43e2-93a6-f30f7d1f4d80,Role 1,2012-02-22 15:22:24.719209627,629,1,res_e30a7ff2-fdff-43e2-93a6-f30f7d1f4d80,2012-02-22 15:19:56.355067627,0.0
Case434,W_Afhandelen leads,res_9e7fccd4-b30d-488c-ad55-351ad1a60226,Role 1,2012-02-22 15:36:41.219684225,629,0,res_9e7fccd4-b30d-488c-ad55-351ad1a60226,2012-02-22 15:33:34.400925225,0.0
Case434,W_Completeren aanvraag,res_cd801f30-7ddb-4e0a-8319-c3bbd19d3bc0,Role 1,2012-02-22 16:33:58.705799625,630,1,res_cd801f30-7ddb-4e0a-8319-c3bbd19d3bc0,2012-02-22 16:31:23.247547625,0.0
Case434,W_Completeren aanvraag,res_a7efadcf-4796-49e4-a611-9f847fa3b6b3,Role 1,2012-02-22 18:22:17.926013225,631,1,res_a7efadcf-4796-49e4-a611-9f847fa3b6b3,2012-02-22 18:20:00.913570225,0.0
Case435,W_Afhandelen leads,res_d5418cc0-ed10-4016-ac16-0bc32f58673f,Role 1,2012-02-22 15:37:45.220694483,630,1,res_d5418cc0-ed10-4016-ac16-0bc32f58673f,2012-02-22 15:34:45.929565483,0.02564102564102564
Case435,W_Completeren aanvraag,res_e30a7ff2-fdff-43e2-93a6-f30f7d1f4d80,Role 1,2012-02-22 16:34:55.097709583,630,2,res_e30a7ff2-fdff-43e2-93a6-f30f7d1f4d80,2012-02-22 16:32:24.241011583,0.02564102564102564
Case436,W_Afhandelen leads,res_425ded41-e317-4198-891a-d9f3e32a6030,Role 1,2012-02-22 15:55:52.621950177,629,0,res_425ded41-e317-4198-891a-d9f3e32a6030,2012-02-22 15:52:44.903843177,0.0
Case436,W_Completeren aanvraag,res_177ed8cb-552b-4612-b348-20f464d6e7e5,Role 1,2012-02-22 16:52:55.219306177,629,1,res_177ed8cb-552b-4612-b348-20f464d6e7e5,2012-02-22 16:50:19.589742177,0.0
Case436,W_Nabellen offertes,res_3e93a9a9-cdc4-46ed-8b29-3e63e6d2a9a2,Role 1,2012-02-24 05:29:50.971657277,638,2,res_3e93a9a9-cdc4-46ed-8b29-3e63e6d2a9a2,2012-02-24 05:27:37.101551277,0.02564102564102564
Case436,W_Nabellen offertes,res_f612d14e-303a-4d03-a37a-3b98918a5014,Role 1,2012-02-29 21:35:51.347717877,622,1,res_f612d14e-303a-4d03-a37a-3b98918a5014,2012-02-29 21:31:33.104440877,0.0
Case437,W_Completeren aanvraag,res_5c0494f5-5178-4b1a-9a41-59b27da90a66,Role 1,2012-02-22 16:07:20.411914769,630,1,res_5c0494f5-5178-4b1a-9a41-59b27da90a66,2012-02-22 16:04:51.272147769,0.0
Case437,W_Completeren aanvraag,res_3e93a9a9-cdc4-46ed-8b29-3e63e6d2a9a2,Role 1,2012-02-22 17:04:17.527515769,630,1,res_3e93a9a9-cdc4-46ed-8b29-3e63e6d2a9a2,2012-02-22 17:01:46.267243769,0.0
Case438,W_Completeren aanvraag,res_24e554c7-8afb-451c-a96e-dea7923be74d,Role 1,2012-02-22 16:19:44.132982196,630,1,res_24e554c7-8afb-451c-a96e-dea7923be74d,2012-02-22 16:17:14.767028196,0.0
Case438,W_Nabellen offertes,res_c3a01281-6e48-4ea3-a47a-9410360458be,Role 1,2012-02-22 16:42:43.423169496,630,1,res_c3a01281-6e48-4ea3-a47a-9410360458be,2012-02-22 16:40:25.102924496,0.0
Case439,W_Completeren aanvraag,res_31f16881-0e61-460a-88bc-abc46854faba,Role 1,2012-02-22 16:36:39.930071732,630,1,res_31f16881-0e61-460a-88bc-abc46854faba,2012-02-22 16:34:10.272230732,0.0
Case44,W_Completeren aanvraag,res_75b73935-48c2-4abe-9548-628b120b0d25,Role 1,2012-02-14 13:40:18.664773574,538,1,res_75b73935-48c2-4abe-9548-628b120b0d25,2012-02-14 13:37:52.708203574,0.0
Case440,W_Completeren aanvraag,res_b5ab845a-5020-427e-b6f1-42df333cb3fb,Role 1,2012-02-22 16:36:47.147932018,631,2,res_b5ab845a-5020-427e-b6f1-42df333cb3fb,2012-02-22 16:34:23.369024018,0.02564102564102564
Case440,W_Completeren aanvraag,res_2f56cb7e-3c7c-424a-95d0-d464cdf4e447,Role 1,2012-02-22 17:33:55.255193518,631,1,res_2f56cb7e-3c7c-424a-95d0-d464cdf4e447,2012-02-22 17:31:26.046252518,0.0
Case440,W_Nabellen offertes,res_46a776b0-74ef-429c-befa-758731ba64c1,Role 1,2012-02-24 13:12:14.991937118,634,1,res_46a776b0-74ef-429c-befa-758731ba64c1,2012-02-24 13:08:31.811069118,0.0
Case440,W_Nabellen offertes,res_0eb69d82-9670-4fe3-a195-9d055d280321,Role 1,2012-02-29 15:08:34.146356418,628,1,res_0eb69d82-9670-4fe3-a195-9d055d280321,2012-02-29 15:06:51.454734418,0.0
Case441,W_Completeren aanvraag,res_a7efadcf-4796-49e4-a611-9f847fa3b6b3,Role 1,2012-02-22 16:56:13.900507345,630,1,res_a7efadcf-4796-49e4-a611-9f847fa3b6b3,2012-02-22 16:53:43.946398345,0.0
Case441,W_Completeren aanvraag,res_b5ab845a-5020-427e-b6f1-42df333cb3fb,Role 1,2012-02-22 17:53:47.271488145,633,1,res_b5ab845a-5020-427e-b6f1-42df333cb3fb,2012-02-22 17:51:15.858164145,0.0
Case442,W_Afhandelen leads,res_69f394fc-b099-49f7-8f4e-cce94cd03365,Role 1,2012-02-22 17:04:10.744361629,630,0,res_69f394fc-b099-49f7-8f4e-cce94cd03365,2012-02-22 17:01:02.185250629,0.02564102564102564
Case442,W_Completeren aanvraag,res_ee4279a0-2b97-4f9d-9945-00c80ada4a95,Role 1,2012-02-22 18:02:01.307061729,631,1,res_ee4279a0-2b97-4f9d-9945-00c80ada4a95,2012-02-22 17:59:25.348380729,0.0
Case442,W_Nabellen offertes,res_3e93a9a9-cdc4-46ed-8b29-3e63e6d2a9a2,Role 1,2012-02-24 23:38:20.965366529,644,1,res_3e93a9a9-cdc4-46ed-8b29-3e63e6d2a9a2,2012-02-24 23:36:30.477971529,0.0
Case443,W_Afhandelen leads,res_fa3ac963-7739-40ef-84e6-624c11774546,Role 1,2012-02-22 17:21:49.596518300,631,0,res_fa3ac963-7739-40ef-84e6-624c11774546,2012-02-22 17:18:38.995724300,0.0
Case443,W_Completeren aanvraag,res_31f16881-0e61-460a-88bc-abc46854faba,Role 1,2012-02-22 18:20:15.109831400,631,1,res_31f16881-0e61-460a-88bc-abc46854faba,2012-02-22 18:17:38.863187400,0.0
Case443,W_Completeren aanvraag,res_b5ab845a-5020-427e-b6f1-42df333cb3fb,Role 1,2012-02-22 20:49:02.944365600,633,1,res_b5ab845a-5020-427e-b6f1-42df333cb3fb,2012-02-22 20:46:45.530164600,0.0
Case443,W_Nabellen offertes,res_69f394fc-b099-49f7-8f4e-cce94cd03365,Role 1,2012-02-24 03:25:02.167771400,640,1,res_69f394fc-b099-49f7-8f4e-cce94cd03365,2012-02-24 03:23:14.379032400,0.0
Case443,W_Nabellen offertes,res_a7efadcf-4796-49e4-a611-9f847fa3b6b3,Role 1,2012-02-26 15:07:31.068254000,632,1,res_a7efadcf-4796-49e4-a611-9f847fa3b6b3,2012-02-26 15:00:16.986538000,0.0
Case443,W_Nabellen offertes,res_fa3ac963-7739-40ef-84e6-624c11774546,Role 1,2012-02-28 10:19:27.547863400,642,1,res_fa3ac963-7739-40ef-84e6-624c11774546,2012-02-28 10:17:49.756617400,0.02564102564102564
Case444,W_Completeren aanvraag,res_cd801f30-7ddb-4e0a-8319-c3bbd19d3bc0,Role 1,2012-02-22 17:36:59.289703402,632,1,res_cd801f30-7ddb-4e0a-8319-c3bbd19d3bc0,2012-02-22 17:34:29.016960402,0.0
Case444,W_Completeren aanvraag,res_f3a5d8a5-7894-4471-8b15-4aeaf83a4249,Role 1,2012-02-22 18:36:08.377668202,631,1,res_f3a5d8a5-7894-4471-8b15-4aeaf83a4249,2012-02-22 18:33:36.970812202,0.0
Case444,W_Nabellen offertes,res_177ed8cb-552b-4612-b348-20f464d6e7e5,Role 1,2012-02-25 10:12:10.472117102,645,1,res_177ed8cb-552b-4612-b348-20f464d6e7e5,2012-02-25 10:09:17.518005102,0.0
Case444,W_Nabellen offertes,res_2f56cb7e-3c7c-424a-95d0-d464cdf4e447,Role 1,2012-03-01 05:46:19.204930002,621,1,res_2f56cb7e-3c7c-424a-95d0-d464cdf4e447,2012-03-01 05:44:32.144086002,0.0
Case444,W_Nabellen offertes,res_f664dcd9-d4b7-456f-a1f7-9daea9e497fd,Role 1,2012-03-02 19:15:44.111555402,628,1,res_f664dcd9-d4b7-456f-a1f7-9daea9e497fd,2012-03-02 19:14:02.752808402,0.0
Case444,W_Nabellen offertes,res_7cc6cf66-7797-453d-b952-98449834316b,Role 1,2012-03-04 15:25:22.510749002,630,1,res_7cc6cf66-7797-453d-b952-98449834316b,2012-03-04 15:23:50.428899002,0.0
Case445,W_Afhandelen leads,res_75b73935-48c2-4abe-9548-628b120b0d25,Role 1,2012-02-22 17:39:01.965557309,633,0,res_75b73935-48c2-4abe-9548-628b120b0d25,2012-02-22 17:35:52.634948309,0.02564102564102564
Case445,W_Completeren aanvraag,res_7cc6cf66-7797-453d-b952-98449834316b,Role 1,2012-02-22 18:38:05.005174409,631,2,res_7cc6cf66-7797-453d-b952-98449834316b,2012-02-22 18:35:31.976622409,0.02564102564102564
Case446,W_Afhandelen leads,res_501654f1-1e08-4e04-8b11-a5fd18a76e7d,Role 1,2012-02-22 18:10:01.228874378,632,0,res_501654f1-1e08-4e04-8b11-a5fd18a76e7d,2012-02-22 18:06:51.372149378,0.02564102564102564
Case446,W_Completeren aanvraag,res_5c0494f5-5178-4b1a-9a41-59b27da90a66,Role 1,2012-02-22 19:10:23.472897878,630,1,res_5c0494f5-5178-4b1a-9a41-59b27da90a66,2012-02-22 19:07:47.340033878,0.0
Case446,W_Completeren aanvraag,res_5c0494f5-5178-4b1a-9a41-59b27da90a66,Role 1,2012-02-22 22:12:39.348753378,636,1,res_5c0494f5-5178-4b1a-9a41-59b27da90a66,2012-02-22 22:10:21.864111378,0.0
Case446,W_Nabellen offertes,res_e30a7ff2-fdff-43e2-93a6-f30f7d1f4d80,Role 1,2012-02-24 01:53:00.229874478,641,1,res_e30a7ff2-fdff-43e2-93a6-f30f7d1f4d80,2012-02-24 01:51:14.254838478,0.0
Case447,W_Afhandelen leads,res_c6ff2914-8075-4a61-b381-b682f6eb47de,Role 1,2012-02-22 18:37:56.294328159,631,0,res_c6ff2914-8075-4a61-b381-b682f6eb47de,2012-02-22 18:34:44.739353159,0.0
Case447,W_Completeren aanvraag,res_501654f1-1e08-4e04-8b11-a5fd18a76e7d,Role 1,2012-02-22 19:39:40.902884959,631,1,res_501654f1-1e08-4e04-8b11-a5fd18a76e7d,2012-02-22 19:37:04.607720959,0.0
Case447,W_Completeren aanvraag,res_408aec04-fa16-4916-b3c7-40322d591997,Role 1,2012-02-23 00:01:55.608959459,632,1,res_408aec04-fa16-4916-b3c7-40322d591997,2012-02-22 23:59:37.812746459,0.0
Case447,W_Nabellen offertes,res_a6c40c08-3f7b-4865-a717-e7f1f1b6f98b,Role 1,2012-02-24 00:48:28.818410959,642,1,res_a6c40c08-3f7b-4865-a717-e7f1f1b6f98b,2012-02-24 00:46:43.521328959,0.0
Case447,W_Nabellen offertes,res_425ded41-e317-4198-891a-d9f3e32a6030,Role 1,2012-02-25 22:25:26.668757759,645,1,res_425ded41-e317-4198-891a-d9f3e32a6030,2012-02-25 22:23:51.953518759,0.0
Case448,W_Completeren aanvraag,res_7848a1c1-2878-42e4-b2ac-02ba3ecca52c,Role 1,2012-02-22 18:38:38.393912704,632,1,res_7848a1c1-2878-42e4-b2ac-02ba3ecca52c,2012-02-22 18:36:09.364786704,0.02564102564102564
Case448,W_Nabellen offertes,res_177ed8cb-552b-4612-b348-20f464d6e7e5,Role 1,2012-02-22 18:56:40.801064004,631,1,res_177ed8cb-552b-4612-b348-20f464d6e7e5,2012-02-22 18:54:23.049782004,0.0
Case449,W_Afhandelen leads,res_31f16881-0e61-460a-88bc-abc46854faba,Role 1,2012-02-22 19:06:40.623218086,631,0,res_31f16881-0e61-460a-88bc-abc46854faba,2012-02-22 19:03:30.493730087,0.02564102564102564
Case449,W_Completeren aanvraag,res_8435ed72-5b45-4de1-a40d-2e20f14bd3c6,Role 1,2012-02-22 20:09:09.591516286,632,1,res_8435ed72-5b45-4de1-a40d-2e20f14bd3c6,2012-02-22 20:06:33.623180286,0.0
Case449,W_Completeren aanvraag,res_7a10508e-56ae-4766-abd2-e94c8442b539,Role 1,2012-02-23 03:44:08.314872587,630,1,res_7a10508e-56ae-4766-abd2-e94c8442b539,2012-02-23 03:41:35.302551587,0.0
Case449,W_Completeren aanvraag,res_c3a01281-6e48-4ea3-a47a-9410360458be,Role 1,2012-02-23 07:39:42.038638087,627,1,res_c3a01281-6e48-4ea3-a47a-9410360458be,2012-02-23 07:37:42.395530087,0.0
Case449,W_Completeren aanvraag,res_dcb46f81-367a-42ae-96c2-833faef25480,Role 1,2012-02-23 10:01:59.381235487,626,1,res_dcb46f81-367a-42ae-96c2-833faef25480,2012-02-23 10:00:07.423192487,0.02564102564102564
Case449,W_Nabellen offertes,res_46a776b0-74ef-429c-befa-758731ba64c1,Role 1,2012-02-23 13:06:06.821672887,635,1,res_46a776b0-74ef-429c-befa-758731ba64c1,2012-02-23 13:04:17.647908887,0.0
Case45,W_Afhandelen leads,res_9548f08a-bc89-4837-8ec2-cdb10b4e93b0,Role 1,2012-02-14 13:51:18.440193147,538,0,res_9548f08a-bc89-4837-8ec2-cdb10b4e93b0,2012-02-14 13:48:16.317053147,0.0
Case45,W_Completeren aanvraag,res_6f56bab9-a4f7-420f-96ab-b17cd82647c1,Role 1,2012-02-14 14:48:49.279314847,541,1,res_6f56bab9-a4f7-420f-96ab-b17cd82647c1,2012-02-14 14:46:18.105415847,0.0
Case45,W_Nabellen offertes,res_fa3ac963-7739-40ef-84e6-624c11774546,Role 1,2012-02-15 13:24:14.986259747,550,1,res_fa3ac963-7739-40ef-84e6-624c11774546,2012-02-15 13:21:49.036136747,0.0
Case45,W_Nabellen offertes,res_0eb69d82-9670-4fe3-a195-9d055d280321,Role 1,2012-02-21 12:53:24.093607647,635,1,res_0eb69d82-9670-4fe3-a195-9d055d280321,2012-02-21 12:51:45.296194647,0.0
Case450,W_Completeren aanvraag,res_24e554c7-8afb-451c-a96e-dea7923be74d,Role 1,2012-02-22 19:24:01.022898056,632,1,res_24e554c7-8afb-451c-a96e-dea7923be74d,2012-02-22 19:21:31.482899056,0.0
Case450,W_Completeren aanvraag,res_63d2fda6-0454-4ad2-8b55-d59c9622a8ed,Role 1,2012-02-22 20:26:57.299999156,633,1,res_63d2fda6-0454-4ad2-8b55-d59c9622a8ed,2012-02-22 20:24:26.214238156,0.0
Case450,W_Nabellen offertes,res_3e93a9a9-cdc4-46ed-8b29-3e63e6d2a9a2,Role 1,2012-02-28 01:26:18.607827956,638,1,res_3e93a9a9-cdc4-46ed-8b29-3e63e6d2a9a2,2012-02-28 01:24:12.797030956,0.05128205128205128
Case450,W_Nabellen offertes,res_24e554c7-8afb-451c-a96e-dea7923be74d,Role 1,2012-03-02 05:43:13.260523056,619,1,res_24e554c7-8afb-451c-a96e-dea7923be74d,2012-03-02 05:39:40.516940056,0.02564102564102564
Case451,W_Afhandelen leads,res_c3a01281-6e48-4ea3-a47a-9410360458be,Role 1,2012-02-22 19:38:04.688429455,632,0,res_c3a01281-6e48-4ea3-a47a-9410360458be,2012-02-22 19:34:53.409626455,0.0
Case451,W_Completeren aanvraag,res_425ded41-e317-4198-891a-d9f3e32a6030,Role 1,2012-02-22 20:41:47.461215355,633,1,res_425ded41-e317-4198-891a-d9f3e32a6030,2012-02-22 20:39:11.530299355,0.0
Case451,W_Completeren aanvraag,res_0eb69d82-9670-4fe3-a195-9d055d280321,Role 1,2012-02-23 05:28:36.603662555,630,1,res_0eb69d82-9670-4fe3-a195-9d055d280321,2012-02-23 05:25:52.886877555,0.0
Case452,W_Completeren aanvraag,res_8435ed72-5b45-4de1-a40d-2e20f14bd3c6,Role 1,2012-02-22 19:38:39.000774538,633,1,res_8435ed72-5b45-4de1-a40d-2e20f14bd3c6,2012-02-22 19:36:10.982940538,0.02564102564102564
Case452,W_Completeren aanvraag,res_7848a1c1-2878-42e4-b2ac-02ba3ecca52c,Role 1,2012-02-22 20:42:02.867228138,633,2,res_7848a1c1-2878-42e4-b2ac-02ba3ecca52c,2012-02-22 20:39:35.297304138,0.02564102564102564
Case453,W_Completeren aanvraag,res_9e7fccd4-b30d-488c-ad55-351ad1a60226,Role 1,2012-02-22 20:16:46.113703517,633,1,res_9e7fccd4-b30d-488c-ad55-351ad1a60226,2012-02-22 20:14:17.884537517,0.0
Case453,W_Completeren aanvraag,res_a7efadcf-4796-49e4-a611-9f847fa3b6b3,Role 1,2012-02-22 21:21:52.039708117,634,1,res_a7efadcf-4796-49e4-a611-9f847fa3b6b3,2012-02-22 21:19:21.159620117,0.0
Case453,W_Nabellen offertes,res_31f16881-0e61-460a-88bc-abc46854faba,Role 1,2012-02-28 04:48:04.615757817,646,1,res_31f16881-0e61-460a-88bc-abc46854faba,2012-02-28 04:46:05.964345817,0.02564102564102564
Case453,W_Nabellen offertes,res_a6c40c08-3f7b-4865-a717-e7f1f1b6f98b,Role 1,2012-03-02 10:15:20.842465417,628,1,res_a6c40c08-3f7b-4865-a717-e7f1f1b6f98b,2012-03-02 10:13:33.591421417,0.0
Case453,W_Nabellen offertes,res_a6c40c08-3f7b-4865-a717-e7f1f1b6f98b,Role 1,2012-03-04 05:12:26.362418017,624,1,res_a6c40c08-3f7b-4865-a717-e7f1f1b6f98b,2012-03-04 05:07:58.653068017,0.0
Case454,W_Completeren aanvraag,res_e30a7ff2-fdff-43e2-93a6-f30f7d1f4d80,Role 1,2012-02-22 20:37:50.000315236,634,3,res_e30a7ff2-fdff-43e2-93a6-f30f7d1f4d80,2012-02-22 20:35:31.295823236,0.05128205128205128
Case454,W_Completeren aanvraag,res_8435ed72-5b45-4de1-a40d-2e20f14bd3c6,Role 1,2012-02-22 21:43:54.583573636,635,1,res_8435ed72-5b45-4de1-a40d-2e20f14bd3c6,2012-02-22 21:41:28.500114636,0.0
Case454,W_Nabellen offertes,res_d5418cc0-ed10-4016-ac16-0bc32f58673f,Role 1,2012-02-28 01:04:22.602360236,638,1,res_d5418cc0-ed10-4016-ac16-0bc32f58673f,2012-02-28 01:02:17.896312236,0.0
Case455,W_Completeren aanvraag,res_69f394fc-b099-49f7-8f4e-cce94cd03365,Role 1,2012-02-22 20:39:03.092384219,634,2,res_69f394fc-b099-49f7-8f4e-cce94cd03365,2012-02-22 20:36:40.809572219,0.02564102564102564
Case455,W_Completeren aanvraag,res_dcb46f81-367a-42ae-96c2-833faef25480,Role 1,2012-02-22 21:44:59.083521119,636,3,res_dcb46f81-367a-42ae-96c2-833faef25480,2012-02-22 21:42:37.088877119,0.05128205128205128
Case455,W_Nabellen offertes,res_7848a1c1-2878-42e4-b2ac-02ba3ecca52c,Role 1,2012-02-28 04:16:59.186043319,646,1,res_7848a1c1-2878-42e4-b2ac-02ba3ecca52c,2012-02-28 04:15:04.568134319,0.02564102564102564
Case455,W_Nabellen offertes,res_6f56bab9-a4f7-420f-96ab-b17cd82647c1,Role 1,2012-03-02 06:43:09.222354519,624,1,res_6f56bab9-a4f7-420f-96ab-b17cd82647c1,2012-03-02 06:40:15.689217519,0.02564102564102564
Case455,W_Nabellen offertes,res_b5ab845a-5020-427e-b6f1-42df333cb3fb,Role 1,2012-03-04 01:01:16.400699919,625,1,res_b5ab845a-5020-427e-b6f1-42df333cb3fb,2012-03-04 00:59:31.899642919,0.0
Case455,W_Nabellen offertes,res_5c0494f5-5178-4b1a-9a41-59b27da90a66,Role 1,2012-03-06 17:54:49.131270119,615,2,res_5c0494f5-5178-4b1a-9a41-59b27da90a66,2012-03-06 17:53:08.821954119,0.02564102564102564
Case455,W_Nabellen offertes,res_75b73935-48c2-4abe-9548-628b120b0d25,Role 1,2012-03-08 07:00:57.046768419,630,1,res_75b73935-48c2-4abe-9548-628b120b0d25,2012-03-08 06:59:25.271290419,0.0
Case456,W_Afhandelen leads,res_f664dcd9-d4b7-456f-a1f7-9daea9e497fd,Role 1,2012-02-22 21:03:00.771168881,635,0,res_f664dcd9-d4b7-456f-a1f7-9daea9e497fd,2012-02-22 20:59:51.084551881,0.0
Case456,W_Completeren aanvraag,res_46a776b0-74ef-429c-befa-758731ba64c1,Role 1,2012-02-22 22:10:22.237456881,636,1,res_46a776b0-74ef-429c-befa-758731ba64c1,2012-02-22 22:07:47.098635881,0.0
Case456,W_Completeren aanvraag,res_42f40199-b27a-43f0-a89c-188ab6bfaf36,Role 1,2012-02-23 15:12:23.664016481,637,1,res_42f40199-b27a-43f0-a89c-188ab6bfaf36,2012-02-23 15:10:12.416282481,0.0
Case457,W_Completeren aanvraag,res_9e7fccd4-b30d-488c-ad55-351ad1a60226,Role 1,2012-02-22 21:22:27.040524442,635,1,res_9e7fccd4-b30d-488c-ad55-351ad1a60226,2012-02-22 21:20:01.026762442,0.0
Case457,W_Completeren aanvraag,res_31f16881-0e61-460a-88bc-abc46854faba,Role 1,2012-02-22 22:30:54.736067242,635,1,res_31f16881-0e61-460a-88bc-abc46854faba,2012-02-22 22:28:23.611503242,0.0
Case458,W_Completeren aanvraag,res_fa3ac963-7739-40ef-84e6-624c11774546,Role 1,2012-02-22 21:38:06.756566357,636,2,res_fa3ac963-7739-40ef-84e6-624c11774546,2012-02-22 21:35:46.010770357,0.02564102564102564
Case458,W_Completeren aanvraag,res_5c0494f5-5178-4b1a-9a41-59b27da90a66,Role 1,2012-02-22 22:47:29.381818657,634,1,res_5c0494f5-5178-4b1a-9a41-59b27da90a66,2012-02-22 22:45:00.724593657,0.0
Case459,W_Afhandelen leads,res_a6c40c08-3f7b-4865-a717-e7f1f1b6f98b,Role 1,2012-02-23 09:46:09.833017422,626,0,res_a6c40c08-3f7b-4865-a717-e7f1f1b6f98b,2012-02-23 09:42:45.384534422,0.0
Case459,W_Completeren aanvraag,res_ee4279a0-2b97-4f9d-9945-00c80ada4a95,Role 1,2012-02-23 11:27:35.429422922,634,1,res_ee4279a0-2b97-4f9d-9945-00c80ada4a95,2012-02-23 11:25:04.747062922,0.0
Case459,W_Completeren aanvraag,res_501654f1-1e08-4e04-8b11-a5fd18a76e7d,Role 1,2012-02-23 16:13:01.153527222,635,1,res_501654f1-1e08-4e04-8b11-a5fd18a76e7d,2012-02-23 16:11:04.968973222,0.0
Case459,W_Completeren aanvraag,res_7a10508e-56ae-4766-abd2-e94c8442b539,Role 1,2012-02-23 18:05:26.916541122,639,1,res_7a10508e-56ae-4766-abd2-e94c8442b539,2012-02-23 18:03:40.356206122,0.0
Case459,W_Completeren aanvraag,res_7cc6cf66-7797-453d-b952-98449834316b,Role 1,2012-02-23 19:19:28.504671322,638,1,res_7cc6cf66-7797-453d-b952-98449834316b,2012-02-23 19:17:43.527294322,0.02564102564102564
Case459,W_Nabellen offertes,res_69f394fc-b099-49f7-8f4e-cce94cd03365,Role 1,2012-02-24 04:29:16.753213322,638,1,res_69f394fc-b099-49f7-8f4e-cce94cd03365,2012-02-24 04:27:10.119325322,0.0
Case459,W_Nabellen offertes,res_e30a7ff2-fdff-43e2-93a6-f30f7d1f4d80,Role 1,2012-02-27 14:18:41.862815722,622,1,res_e30a7ff2-fdff-43e2-93a6-f30f7d1f4d80,2012-02-27 14:10:23.857889722,0.0
Case459,W_Nabellen offertes,res_425ded41-e317-4198-891a-d9f3e32a6030,Role 1,2012-02-29 06:15:50.291629422,629,1,res_425ded41-e317-4198-891a-d9f3e32a6030,2012-02-29 06:14:08.369945422,0.02564102564102564
Case459,W_Nabellen offertes,res_501654f1-1e08-4e04-8b11-a5fd18a76e7d,Role 1,2012-03-01 18:40:57.130679422,622,1,res_501654f1-1e08-4e04-8b11-a5fd18a76e7d,2012-03-01 18:35:08.378132422,0.0
Case46,W_Completeren aanvraag,res_7a10508e-56ae-4766-abd2-e94c8442b539,Role 1,2012-02-14 14:09:16.368976151,539,1,res_7a10508e-56ae-4766-abd2-e94c8442b539,2012-02-14 14:06:50.551928151,0.0
Case46,W_Nabellen offertes,res_75b73935-48c2-4abe-9548-628b120b0d25,Role 1,2012-02-14 14:35:26.654083651,541,1,res_75b73935-48c2-4abe-9548-628b120b0d25,2012-02-14 14:33:02.689349651,0.0
Case46,W_Nabellen offertes,res_c09d353e-d1d3-4710-a13d-39ecb25ed3a8,Role 1,2012-02-23 02:44:26.835087251,625,1,res_c09d353e-d1d3-4710-a13d-39ecb25ed3a8,2012-02-23 02:39:57.413605251,0.0
Case46,W_Nabellen offertes,res_9e7fccd4-b30d-488c-ad55-351ad1a60226,Role 1,2012-02-24 18:52:21.783668651,642,1,res_9e7fccd4-b30d-488c-ad55-351ad1a60226,2012-02-24 18:50:40.941616651,0.0
Case460,W_Afhandelen leads,res_3e93a9a9-cdc4-46ed-8b29-3e63e6d2a9a2,Role 1,2012-02-23 09:51:24.664484939,627,0,res_3e93a9a9-cdc4-46ed-8b29-3e63e6d2a9a2,2012-02-23 09:48:00.715018939,0.0
Case460,W_Completeren aanvraag,res_7848a1c1-2878-42e4-b2ac-02ba3ecca52c,Role 1,2012-02-23 11:31:49.129903539,635,2,res_7848a1c1-2878-42e4-b2ac-02ba3ecca52c,2012-02-23 11:29:21.914199539,0.02564102564102564
Case460,W_Nabellen offertes,res_f3a5d8a5-7894-4471-8b15-4aeaf83a4249,Role 1,2012-02-25 16:22:15.071378239,651,1,res_f3a5d8a5-7894-4471-8b15-4aeaf83a4249,2012-02-25 16:20:24.223233239,0.02564102564102564
Case461,W_Afhandelen leads,res_cd801f30-7ddb-4e0a-8319-c3bbd19d3bc0,Role 1,2012-02-23 09:55:58.235476322,628,0,res_cd801f30-7ddb-4e0a-8319-c3bbd19d3bc0,2012-02-23 09:52:34.740232322,0.0
Case461,W_Completeren aanvraag,res_9e7fccd4-b30d-488c-ad55-351ad1a60226,Role 1,2012-02-23 11:35:35.978686022,635,1,res_9e7fccd4-b30d-488c-ad55-351ad1a60226,2012-02-23 11:33:05.341307022,0.0
Case461,W_Nabellen offertes,res_24e554c7-8afb-451c-a96e-dea7923be74d,Role 1,2012-02-25 16:00:28.603667122,650,1,res_24e554c7-8afb-451c-a96e-dea7923be74d,2012-02-25 15:58:36.535313122,0.0
Case462,W_Afhandelen leads,res_fa3ac963-7739-40ef-84e6-624c11774546,Role 1,2012-02-23 10:02:52.609200945,629,0,res_fa3ac963-7739-40ef-84e6-624c11774546,2012-02-23 09:59:29.807834945,0.0
Case462,W_Completeren aanvraag,res_b5ab845a-5020-427e-b6f1-42df333cb3fb,Role 1,2012-02-23 11:39:42.580483945,635,1,res_b5ab845a-5020-427e-b6f1-42df333cb3fb,2012-02-23 11:37:12.787955945,0.02564102564102564
Case462,W_Nabellen offertes,res_fa3ac963-7739-40ef-84e6-624c11774546,Role 1,2012-02-25 14:35:32.918849945,643,1,res_fa3ac963-7739-40ef-84e6-624c11774546,2012-02-25 14:33:32.591942945,0.0
Case462,W_Nabellen offertes,res_31f16881-0e61-460a-88bc-abc46854faba,Role 1,2012-03-01 22:52:55.865130845,618,1,res_31f16881-0e61-460a-88bc-abc46854faba,2012-03-01 22:46:24.690266845,0.0
Case463,W_Completeren aanvraag,res_cd801f30-7ddb-4e0a-8319-c3bbd19d3bc0,Role 1,2012-02-23 10:08:00.642513298,630,1,res_cd801f30-7ddb-4e0a-8319-c3bbd19d3bc0,2012-02-23 10:05:02.264895298,0.02564102564102564
Case464,W_Afhandelen leads,res_f664dcd9-d4b7-456f-a1f7-9daea9e497fd,Role 1,2012-02-23 10:13:02.061166231,630,0,res_f664dcd9-d4b7-456f-a1f7-9daea9e497fd,2012-02-23 10:09:40.319891231,0.0
Case464,W_Completeren aanvraag,res_c09d353e-d1d3-4710-a13d-39ecb25ed3a8,Role 1,2012-02-23 11:49:25.887897231,635,1,res_c09d353e-d1d3-4710-a13d-39ecb25ed3a8,2012-02-23 11:46:55.303726231,0.0
Case464,W_Nabellen offertes,res_a6c40c08-3f7b-4865-a717-e7f1f1b6f98b,Role 1,2012-02-25 18:37:15.333339331,649,1,res_a6c40c08-3f7b-4865-a717-e7f1f1b6f98b,2012-02-25 18:35:27.917611331,0.0
Case465,W_Completeren aanvraag,res_ee4279a0-2b97-4f9d-9945-00c80ada4a95,Role 1,2012-02-23 10:18:06.516818036,631,1,res_ee4279a0-2b97-4f9d-9945-00c80ada4a95,2012-02-23 10:15:08.747169036,0.0
Case465,W_Completeren aanvraag,res_e30a7ff2-fdff-43e2-93a6-f30f7d1f4d80,Role 1,2012-02-23 11:53:26.844073636,636,2,res_e30a7ff2-fdff-43e2-93a6-f30f7d1f4d80,2012-02-23 11:51:03.216689636,0.02564102564102564
Case466,W_Completeren aanvraag,res_a6c40c08-3f7b-4865-a717-e7f1f1b6f98b,Role 1,2012-02-23 10:24:24.471480712,632,1,res_a6c40c08-3f7b-4865-a717-e7f1f1b6f98b,2012-02-23 10:21:27.546728712,0.0
Case467,W_Completeren aanvraag,res_177ed8cb-552b-4612-b348-20f464d6e7e5,Role 1,2012-02-23 10:30:10.274731990,632,1,res_177ed8cb-552b-4612-b348-20f464d6e7e5,2012-02-23 10:27:14.108027990,0.0
Case467,W_Nabellen offertes,res_425ded41-e317-4198-891a-d9f3e32a6030,Role 1,2012-02-23 11:15:48.447830290,635,1,res_425ded41-e317-4198-891a-d9f3e32a6030,2012-02-23 11:13:36.664323290,0.02564102564102564
Case468,W_Completeren aanvraag,res_b5ab845a-5020-427e-b6f1-42df333cb3fb,Role 1,2012-02-23 10:38:49.914723544,633,1,res_b5ab845a-5020-427e-b6f1-42df333cb3fb,2012-02-23 10:35:54.957422544,0.0
Case468,W_Nabellen offertes,res_f612d14e-303a-4d03-a37a-3b98918a5014,Role 1,2012-02-23 11:23:59.202545444,634,1,res_f612d14e-303a-4d03-a37a-3b98918a5014,2012-02-23 11:21:47.618840444,0.02564102564102564
Case468,W_Nabellen offertes,res_cd801f30-7ddb-4e0a-8319-c3bbd19d3bc0,Role 1,2012-03-02 10:53:41.674344344,631,1,res_cd801f30-7ddb-4e0a-8319-c3bbd19d3bc0,2012-03-02 10:52:00.322137344,0.0
Case469,W_Completeren aanvraag,res_75b73935-48c2-4abe-9548-628b120b0d25,Role 1,2012-02-23 10:44:55.738141571,634,1,res_75b73935-48c2-4abe-9548-628b120b0d25,2012-02-23 10:42:01.667634571,0.0
Case469,W_Completeren aanvraag,res_ee4279a0-2b97-4f9d-9945-00c80ada4a95,Role 1,2012-02-23 12:13:48.541304271,635,1,res_ee4279a0-2b97-4f9d-9945-00c80ada4a95,2012-02-23 12:11:19.810273271,0.0
Case469,W_Nabellen offertes,res_a7efadcf-4796-49e4-a611-9f847fa3b6b3,Role 1,2012-02-25 20:12:30.495226371,648,1,res_a7efadcf-4796-49e4-a611-9f847fa3b6b3,2012-02-25 20:10:45.818553371,0.0
Case47,W_Afhandelen leads,res_e30a7ff2-fdff-43e2-93a6-f30f7d1f4d80,Role 1,2012-02-14 14:11:16.938677333,540,0,res_e30a7ff2-fdff-43e2-93a6-f30f7d1f4d80,2012-02-14 14:08:16.184807333,0.02564102564102564
Case47,W_Completeren aanvraag,res_ddc79bf3-8255-4b9b-ace2-8a46af780bc5,Role 1,2012-02-14 15:07:57.699182833,542,1,res_ddc79bf3-8255-4b9b-ace2-8a46af780bc5,2012-02-14 15:05:26.400425833,0.0
Case47,W_Nabellen offertes,res_2f56cb7e-3c7c-424a-95d0-d464cdf4e447,Role 1,2012-02-15 11:26:56.258176833,548,1,res_2f56cb7e-3c7c-424a-95d0-d464cdf4e447,2012-02-15 11:24:09.715398833,0.0
Case47,W_Nabellen offertes,res_f3a5d8a5-7894-4471-8b15-4aeaf83a4249,Role 1,2012-02-21 12:22:37.525116233,635,1,res_f3a5d8a5-7894-4471-8b15-4aeaf83a4249,2012-02-21 12:20:58.602899233,0.02564102564102564
Case47,W_Nabellen offertes,res_408aec04-fa16-4916-b3c7-40322d591997,Role 1,2012-02-23 07:28:22.295857733,633,1,res_408aec04-fa16-4916-b3c7-40322d591997,2012-02-23 07:26:11.803881733,0.0
Case47,W_Nabellen offertes,res_f3a5d8a5-7894-4471-8b15-4aeaf83a4249,Role 1,2012-02-24 20:29:42.143952333,642,1,res_f3a5d8a5-7894-4471-8b15-4aeaf83a4249,2012-02-24 20:28:04.964846333,0.0
Case47,W_Nabellen offertes,res_6f56bab9-a4f7-420f-96ab-b17cd82647c1,Role 1,2012-02-26 15:38:14.490196733,649,1,res_6f56bab9-a4f7-420f-96ab-b17cd82647c1,2012-02-26 15:36:41.752434733,0.0
Case47,W_Nabellen offertes,res_69f394fc-b099-49f7-8f4e-cce94cd03365,Role 1,2012-02-28 17:55:53.440810933,627,1,res_69f394fc-b099-49f7-8f4e-cce94cd03365,2012-02-28 17:48:19.453605933,0.0
Case47,W_Nabellen offertes,res_e30a7ff2-fdff-43e2-93a6-f30f7d1f4d80,Role 1,2012-03-01 06:05:43.144547333,626,1,res_e30a7ff2-fdff-43e2-93a6-f30f7d1f4d80,2012-03-01 06:04:09.050052333,0.0
Case47,W_Nabellen offertes,res_9548f08a-bc89-4837-8ec2-cdb10b4e93b0,Role 1,2012-03-02 17:28:57.288027733,620,1,res_9548f08a-bc89-4837-8ec2-cdb10b4e93b0,2012-03-02 17:19:05.170726733,0.0
Case470,W_Completeren aanvraag,res_f3a5d8a5-7894-4471-8b15-4aeaf83a4249,Role 1,2012-02-23 10:45:26.671074068,635,2,res_f3a5d8a5-7894-4471-8b15-4aeaf83a4249,2012-02-23 10:42:41.965460068,0.02564102564102564
Case471,W_Completeren aanvraag,res_dcb46f81-367a-42ae-96c2-833faef25480,Role 1,2012-02-23 10:57:41.598798296,634,1,res_dcb46f81-367a-42ae-96c2-833faef25480,2012-02-23 10:54:49.341210297,0.0
Case471,W_Completeren aanvraag,res_ddc79bf3-8255-4b9b-ace2-8a46af780bc5,Role 1,2012-02-23 12:25:41.042434097,636,1,res_ddc79bf3-8255-4b9b-ace2-8a46af780bc5,2012-02-23 12:23:12.549181097,0.0
Case472,W_Completeren aanvraag,res_a6c40c08-3f7b-4865-a717-e7f1f1b6f98b,Role 1,2012-02-23 11:10:27.384802023,635,1,res_a6c40c08-3f7b-4865-a717-e7f1f1b6f98b,2012-02-23 11:07:37.014786023,0.0
Case472,W_Nabellen offertes,res_c3a01281-6e48-4ea3-a47a-9410360458be,Role 1,2012-02-23 11:53:26.128680323,635,1,res_c3a01281-6e48-4ea3-a47a-9410360458be,2012-02-23 11:51:15.013307323,0.0
Case472,W_Nabellen offertes,res_7cc6cf66-7797-453d-b952-98449834316b,Role 1,2012-03-02 14:32:32.408555123,632,1,res_7cc6cf66-7797-453d-b952-98449834316b,2012-03-02 14:30:51.506220123,0.0
Case473,W_Completeren aanvraag,res_7a10508e-56ae-4766-abd2-e94c8442b539,Role 1,2012-02-23 11:23:08.190274562,635,1,res_7a10508e-56ae-4766-abd2-e94c8442b539,2012-02-23 11:20:19.651133562,0.0
Case473,W_Completeren aanvraag,res_8435ed72-5b45-4de1-a40d-2e20f14bd3c6,Role 1,2012-02-23 12:46:37.951050562,635,1,res_8435ed72-5b45-4de1-a40d-2e20f14bd3c6,2012-02-23 12:44:09.911897562,0.0
Case474,W_Afhandelen leads,res_d5418cc0-ed10-4016-ac16-0bc32f58673f,Role 1,2012-02-23 11:36:13.950372101,635,0,res_d5418cc0-ed10-4016-ac16-0bc32f58673f,2012-02-23 11:33:02.287481101,0.0
Case474,W_Completeren aanvraag,res_f664dcd9-d4b7-456f-a1f7-9daea9e497fd,Role 1,2012-02-23 12:57:35.308858401,635,1,res_f664dcd9-d4b7-456f-a1f7-9daea9e497fd,2012-02-23 12:55:04.862176401,0.0
Case474,W_Completeren aanvraag,res_425ded41-e317-4198-891a-d9f3e32a6030,Role 1,2012-02-23 17:30:14.444445501,639,1,res_425ded41-e317-4198-891a-d9f3e32a6030,2012-02-23 17:28:19.285487501,0.0
Case474,W_Completeren aanvraag,res_e30a7ff2-fdff-43e2-93a6-f30f7d1f4d80,Role 1,2012-02-23 19:24:18.381497400,638,1,res_e30a7ff2-fdff-43e2-93a6-f30f7d1f4d80,2012-02-23 19:22:32.809187400,0.0
Case474,W_Completeren aanvraag,res_425ded41-e317-4198-891a-d9f3e32a6030,Role 1,2012-02-23 21:23:05.965178301,644,1,res_425ded41-e317-4198-891a-d9f3e32a6030,2012-02-23 21:21:21.595793301,0.02564102564102564
Case475,W_Completeren aanvraag,res_8435ed72-5b45-4de1-a40d-2e20f14bd3c6,Role 1,2012-02-23 11:45:16.891036252,636,1,res_8435ed72-5b45-4de1-a40d-2e20f14bd3c6,2012-02-23 11:42:31.494266252,0.0
Case475,W_Nabellen offertes,res_63d2fda6-0454-4ad2-8b55-d59c9622a8ed,Role 1,2012-02-23 12:26:25.871504052,635,1,res_63d2fda6-0454-4ad2-8b55-d59c9622a8ed,2012-02-23 12:24:15.355261052,0.0
Case476,W_Completeren aanvraag,res_501654f1-1e08-4e04-8b11-a5fd18a76e7d,Role 1,2012-02-23 11:45:18.427947726,637,3,res_501654f1-1e08-4e04-8b11-a5fd18a76e7d,2012-02-23 11:42:49.628287726,0.05128205128205128
Case477,W_Afhandelen leads,res_42f40199-b27a-43f0-a89c-188ab6bfaf36,Role 1,2012-02-23 12:01:42.557470004,635,0,res_42f40199-b27a-43f0-a89c-188ab6bfaf36,2012-02-23 11:58:33.604850004,0.0
Case477,W_Completeren aanvraag,res_3e93a9a9-cdc4-46ed-8b29-3e63e6d2a9a2,Role 1,2012-02-23 13:19:09.890108904,636,1,res_3e93a9a9-cdc4-46ed-8b29-3e63e6d2a9a2,2012-02-23 13:16:39.509994904,0.0
Case477,W_Nabellen offertes,res_2f56cb7e-3c7c-424a-95d0-d464cdf4e447,Role 1,2012-02-26 07:41:37.016917904,634,1,res_2f56cb7e-3c7c-424a-95d0-d464cdf4e447,2012-02-26 07:39:32.967722904,0.0
Case478,W_Completeren aanvraag,res_177ed8cb-552b-4612-b348-20f464d6e7e5,Role 1,2012-02-23 12:09:28.564793710,636,1,res_177ed8cb-552b-4612-b348-20f464d6e7e5,2012-02-23 12:06:46.245766710,0.0
Case478,W_Completeren aanvraag,res_46a776b0-74ef-429c-befa-758731ba64c1,Role 1,2012-02-23 13:25:49.812968910,637,1,res_46a776b0-74ef-429c-befa-758731ba64c1,2012-02-23 13:23:22.704439910,0.0
Case479,W_Completeren aanvraag,res_9e7fccd4-b30d-488c-ad55-351ad1a60226,Role 1,2012-02-23 12:23:45.587351443,636,1,res_9e7fccd4-b30d-488c-ad55-351ad1a60226,2012-02-23 12:21:05.596895443,0.02564102564102564
Case479,W_Nabellen offertes,res_5c0494f5-5178-4b1a-9a41-59b27da90a66,Role 1,2012-02-23 13:03:25.421485543,635,1,res_5c0494f5-5178-4b1a-9a41-59b27da90a66,2012-02-23 13:01:16.085668543,0.0
Case479,W_Nabellen offertes,res_69f394fc-b099-49f7-8f4e-cce94cd03365,Role 1,2012-03-03 00:17:37.166554543,622,2,res_69f394fc-b099-49f7-8f4e-cce94cd03365,2012-03-03 00:10:06.434984543,0.02564102564102564
Case48,W_Afhandelen leads,res_6f56bab9-a4f7-420f-96ab-b17cd82647c1,Role 1,2012-02-14 14:22:06.060130567,541,0,res_6f56bab9-a4f7-420f-96ab-b17cd82647c1,2012-02-14 14:19:02.964906567,0.0
Case48,W_Completeren aanvraag,res_a6c40c08-3f7b-4865-a717-e7f1f1b6f98b,Role 1,2012-02-14 15:18:23.518849867,543,1,res_a6c40c08-3f7b-4865-a717-e7f1f1b6f98b,2012-02-14 15:15:52.668958867,0.02564102564102564
Case480,W_Afhandelen leads,res_c09d353e-d1d3-4710-a13d-39ecb25ed3a8,Role 1,2012-02-23 12:36:36.802702783,636,0,res_c09d353e-d1d3-4710-a13d-39ecb25ed3a8,2012-02-23 12:33:32.114112783,0.02564102564102564
Case480,W_Completeren aanvraag,res_e30a7ff2-fdff-43e2-93a6-f30f7d1f4d80,Role 1,2012-02-23 13:49:31.458932283,634,1,res_e30a7ff2-fdff-43e2-93a6-f30f7d1f4d80,2012-02-23 13:47:01.473796283,0.0
Case481,W_Afhandelen leads,res_ee4279a0-2b97-4f9d-9945-00c80ada4a95,Role 1,2012-02-23 12:46:02.081019747,635,0,res_ee4279a0-2b97-4f9d-9945-00c80ada4a95,2012-02-23 12:42:56.283669747,0.0
Case481,W_Completeren aanvraag,res_c09d353e-d1d3-4710-a13d-39ecb25ed3a8,Role 1,2012-02-23 13:57:53.068584047,634,1,res_c09d353e-d1d3-4710-a13d-39ecb25ed3a8,2012-02-23 13:55:22.805074047,0.0
Case481,W_Completeren aanvraag,res_8435ed72-5b45-4de1-a40d-2e20f14bd3c6,Role 1,2012-02-23 17:57:56.405715247,640,1,res_8435ed72-5b45-4de1-a40d-2e20f14bd3c6,2012-02-23 17:56:01.502372247,0.0
Case482,W_Completeren aanvraag,res_9e7fccd4-b30d-488c-ad55-351ad1a60226,Role 1,2012-02-23 12:45:49.216028309,636,1,res_9e7fccd4-b30d-488c-ad55-351ad1a60226,2012-02-23 12:43:11.395354309,0.02564102564102564
Case483,W_Completeren aanvraag,res_ee4279a0-2b97-4f9d-9945-00c80ada4a95,Role 1,2012-02-23 13:03:20.394608792,636,1,res_ee4279a0-2b97-4f9d-9945-00c80ada4a95,2012-02-23 13:00:43.168599792,0.0
Case483,W_Nabellen offertes,res_75b73935-48c2-4abe-9548-628b120b0d25,Role 1,2012-02-23 13:41:07.428138091,636,1,res_75b73935-48c2-4abe-9548-628b120b0d25,2012-02-23 13:38:58.300602091,0.0
Case484,W_Completeren aanvraag,res_c3a01281-6e48-4ea3-a47a-9410360458be,Role 1,2012-02-23 13:14:23.790137961,637,2,res_c3a01281-6e48-4ea3-a47a-9410360458be,2012-02-23 13:11:55.134839961,0.02564102564102564
Case484,W_Nabellen offertes,res_f3a5d8a5-7894-4471-8b15-4aeaf83a4249,Role 1,2012-02-23 13:51:37.500112061,635,1,res_f3a5d8a5-7894-4471-8b15-4aeaf83a4249,2012-02-23 13:49:31.321257061,0.05128205128205128
Case484,W_Nabellen offertes,res_501654f1-1e08-4e04-8b11-a5fd18a76e7d,Role 1,2012-03-03 05:52:52.720988061,621,1,res_501654f1-1e08-4e04-8b11-a5fd18a76e7d,2012-03-03 05:49:46.970751061,0.0
Case484,W_Nabellen offertes,res_7cc6cf66-7797-453d-b952-98449834316b,Role 1,2012-03-05 20:30:49.615217461,607,1,res_7cc6cf66-7797-453d-b952-98449834316b,2012-03-05 20:29:16.830690461,0.0
Case485,W_Completeren aanvraag,res_2f56cb7e-3c7c-424a-95d0-d464cdf4e447,Role 1,2012-02-23 13:27:54.805237635,637,1,res_2f56cb7e-3c7c-424a-95d0-d464cdf4e447,2012-02-23 13:25:19.076458635,0.0
Case485,W_Completeren aanvraag,res_24e554c7-8afb-451c-a96e-dea7923be74d,Role 1,2012-02-23 14:35:48.981549235,636,1,res_24e554c7-8afb-451c-a96e-dea7923be74d,2012-02-23 14:33:23.184732235,0.0
Case486,W_Afhandelen leads,res_8435ed72-5b45-4de1-a40d-2e20f14bd3c6,Role 1,2012-02-23 13:46:20.036906417,634,0,res_8435ed72-5b45-4de1-a40d-2e20f14bd3c6,2012-02-23 13:43:15.028399417,0.0
Case486,W_Completeren aanvraag,res_425ded41-e317-4198-891a-d9f3e32a6030,Role 1,2012-02-23 14:51:46.366362417,634,1,res_425ded41-e317-4198-891a-d9f3e32a6030,2012-02-23 14:49:15.920402417,0.0
Case486,W_Completeren aanvraag,res_dcb46f81-367a-42ae-96c2-833faef25480,Role 1,2012-02-23 17:41:46.443575417,639,2,res_dcb46f81-367a-42ae-96c2-833faef25480,2012-02-23 17:39:53.343295417,0.02564102564102564
Case486,W_Completeren aanvraag,res_6f56bab9-a4f7-420f-96ab-b17cd82647c1,Role 1,2012-02-23 19:09:12.902541817,638,1,res_6f56bab9-a4f7-420f-96ab-b17cd82647c1,2012-02-23 19:07:27.461615817,0.0
Case486,W_Nabellen offertes,res_fa3ac963-7739-40ef-84e6-624c11774546,Role 1,2012-02-24 09:10:01.480419517,637,1,res_fa3ac963-7739-40ef-84e6-624c11774546,2012-02-24 09:04:13.812892517,0.0
Case487,W_Completeren aanvraag,res_fa3ac963-7739-40ef-84e6-624c11774546,Role 1,2012-02-23 13:47:27.874369886,635,1,res_fa3ac963-7739-40ef-84e6-624c11774546,2012-02-23 13:44:53.758071886,0.02564102564102564
Case488,W_Completeren aanvraag,res_cd801f30-7ddb-4e0a-8319-c3bbd19d3bc0,Role 1,2012-02-23 14:07:34.178864896,635,1,res_cd801f30-7ddb-4e0a-8319-c3bbd19d3bc0,2012-02-23 14:04:59.670499897,0.0
Case488,W_Nabellen offertes,res_31f16881-0e61-460a-88bc-abc46854faba,Role 1,2012-02-23 14:42:20.301658097,635,1,res_31f16881-0e61-460a-88bc-abc46854faba,2012-02-23 14:40:11.841178097,0.0
Case489,W_Completeren aanvraag,res_cd801f30-7ddb-4e0a-8319-c3bbd19d3bc0,Role 1,2012-02-23 14:25:53.021790339,636,1,res_cd801f30-7ddb-4e0a-8319-c3bbd19d3bc0,2012-02-23 14:23:18.793690339,0.0
Case489,W_Nabellen offertes,res_8435ed72-5b45-4de1-a40d-2e20f14bd3c6,Role 1,2012-02-23 14:59:18.870025539,635,1,res_8435ed72-5b45-4de1-a40d-2e20f14bd3c6,2012-02-23 14:57:10.472125539,0.0
Case49,W_Completeren aanvraag,res_7cc6cf66-7797-453d-b952-98449834316b,Role 1,2012-02-14 14:29:47.510606098,542,1,res_7cc6cf66-7797-453d-b952-98449834316b,2012-02-14 14:27:21.650497098,0.0
Case490,W_Completeren aanvraag,res_3e93a9a9-cdc4-46ed-8b29-3e63e6d2a9a2,Role 1,2012-02-23 14:36:49.829441585,636,1,res_3e93a9a9-cdc4-46ed-8b29-3e63e6d2a9a2,2012-02-23 14:34:16.655691585,0.02564102564102564
Case491,W_Completeren aanvraag,res_a6c40c08-3f7b-4865-a717-e7f1f1b6f98b,Role 1,2012-02-23 14:46:26.792596660,635,2,res_a6c40c08-3f7b-4865-a717-e7f1f1b6f98b,2012-02-23 14:43:59.966715660,0.02564102564102564
Case491,W_Completeren aanvraag,res_f3a5d8a5-7894-4471-8b15-4aeaf83a4249,Role 1,2012-02-23 15:49:34.607310660,635,1,res_f3a5d8a5-7894-4471-8b15-4aeaf83a4249,2012-02-23 15:47:12.375867660,0.0
Case491,W_Completeren aanvraag,res_d5418cc0-ed10-4016-ac16-0bc32f58673f,Role 1,2012-02-23 18:40:05.903314060,640,1,res_d5418cc0-ed10-4016-ac16-0bc32f58673f,2012-02-23 18:38:14.386457060,0.0
Case492,W_Completeren aanvraag,res_5c0494f5-5178-4b1a-9a41-59b27da90a66,Role 1,2012-02-23 14:46:38.477892497,636,3,res_5c0494f5-5178-4b1a-9a41-59b27da90a66,2012-02-23 14:44:17.093291497,0.05128205128205128
Case493,W_Afhandelen leads,res_ee4279a0-2b97-4f9d-9945-00c80ada4a95,Role 1,2012-02-23 14:59:40.875690462,635,0,res_ee4279a0-2b97-4f9d-9945-00c80ada4a95,2012-02-23 14:56:33.536052462,0.0
Case493,W_Completeren aanvraag,res_f3a5d8a5-7894-4471-8b15-4aeaf83a4249,Role 1,2012-02-23 16:02:49.693395062,636,1,res_f3a5d8a5-7894-4471-8b15-4aeaf83a4249,2012-02-23 16:00:18.281524062,0.0
Case493,W_Nabellen offertes,res_85f526bd-1f2c-4373-8dcc-9710ee98b7b2,Role 1,2012-02-26 18:39:58.218957362,631,1,res_85f526bd-1f2c-4373-8dcc-9710ee98b7b2,2012-02-26 18:37:55.847138362,0.0
Case494,W_Completeren aanvraag,res_425ded41-e317-4198-891a-d9f3e32a6030,Role 1,2012-02-23 15:18:59.927592549,636,1,res_425ded41-e317-4198-891a-d9f3e32a6030,2012-02-23 15:16:25.344241549,0.0
Case495,W_Completeren aanvraag,res_f664dcd9-d4b7-456f-a1f7-9daea9e497fd,Role 1,2012-02-23 15:32:56.448292621,635,1,res_f664dcd9-d4b7-456f-a1f7-9daea9e497fd,2012-02-23 15:30:21.524120621,0.0
Case495,W_Completeren aanvraag,res_69f394fc-b099-49f7-8f4e-cce94cd03365,Role 1,2012-02-23 16:35:25.152810121,637,1,res_69f394fc-b099-49f7-8f4e-cce94cd03365,2012-02-23 16:32:58.219889121,0.0
Case495,W_Nabellen offertes,res_31f16881-0e61-460a-88bc-abc46854faba,Role 1,2012-02-27 00:39:55.042181521,627,1,res_31f16881-0e61-460a-88bc-abc46854faba,2012-02-27 00:38:10.301745521,0.0
Case496,W_Completeren aanvraag,res_3e93a9a9-cdc4-46ed-8b29-3e63e6d2a9a2,Role 1,2012-02-23 15:46:39.818337406,636,1,res_3e93a9a9-cdc4-46ed-8b29-3e63e6d2a9a2,2012-02-23 15:44:04.607206406,0.0
Case497,W_Afhandelen leads,res_24e554c7-8afb-451c-a96e-dea7923be74d,Role 1,2012-02-23 15:47:38.492894980,637,0,res_24e554c7-8afb-451c-a96e-dea7923be74d,2012-02-23 15:44:30.800792980,0.02564102564102564
Case497,W_Completeren aanvraag,res_ee4279a0-2b97-4f9d-9945-00c80ada4a95,Role 1,2012-02-23 16:50:09.496233780,638,1,res_ee4279a0-2b97-4f9d-9945-00c80ada4a95,2012-02-23 16:47:37.413767780,0.0
Case497,W_Nabellen offertes,res_9e7fccd4-b30d-488c-ad55-351ad1a60226,Role 1,2012-02-27 02:34:40.295422980,625,1,res_9e7fccd4-b30d-488c-ad55-351ad1a60226,2012-02-27 02:32:53.650992980,0.0
Case497,W_Nabellen offertes,res_501654f1-1e08-4e04-8b11-a5fd18a76e7d,Role 1,2012-03-02 18:20:40.993334280,626,2,res_501654f1-1e08-4e04-8b11-a5fd18a76e7d,2012-03-02 18:18:49.550493280,0.02564102564102564
Case497,W_Nabellen offertes,res_c09d353e-d1d3-4710-a13d-39ecb25ed3a8,Role 1,2012-03-05 15:50:29.678722780,611,1,res_c09d353e-d1d3-4710-a13d-39ecb25ed3a8,2012-03-05 15:48:57.703246780,0.0
Case498,W_Afhandelen leads,res_7a10508e-56ae-4766-abd2-e94c8442b539,Role 1,2012-02-23 16:02:38.437977935,637,0,res_7a10508e-56ae-4766-abd2-e94c8442b539,2012-02-23 15:59:28.434855935,0.0
Case498,W_Completeren aanvraag,res_408aec04-fa16-4916-b3c7-40322d591997,Role 1,2012-02-23 17:05:08.329364735,639,2,res_408aec04-fa16-4916-b3c7-40322d591997,2012-02-23 17:02:39.316333735,0.02564102564102564
Case498,W_Nabellen offertes,res_0eb69d82-9670-4fe3-a195-9d055d280321,Role 1,2012-02-27 04:02:17.189972135,624,1,res_0eb69d82-9670-4fe3-a195-9d055d280321,2012-02-27 04:00:31.480570135,0.0
Case499,W_Completeren aanvraag,res_6f56bab9-a4f7-420f-96ab-b17cd82647c1,Role 1,2012-02-23 16:16:03.643958919,637,1,res_6f56bab9-a4f7-420f-96ab-b17cd82647c1,2012-02-23 16:13:27.637071919,0.0
Case499,W_Nabellen offertes,res_31f16881-0e61-460a-88bc-abc46854faba,Role 1,2012-02-23 16:44:23.642075019,638,1,res_31f16881-0e61-460a-88bc-abc46854faba,2012-02-23 16:42:14.098142019,0.0
Case499,W_Nabellen offertes,res_a6c40c08-3f7b-4865-a717-e7f1f1b6f98b,Role 1,2012-03-03 14:15:56.717311519,632,1,res_a6c40c08-3f7b-4865-a717-e7f1f1b6f98b,2012-03-03 14:14:15.376573519,0.0
Case5,W_Afhandelen leads,res_c3a01281-6e48-4ea3-a47a-9410360458be,Role 1,2012-02-13 19:41:59.886414027,523,0,res_c3a01281-6e48-4ea3-a47a-9410360458be,2012-02-13 19:38:51.229205027,0.0
Case5,W_Completeren aanvraag,res_a7efadcf-4796-49e4-a611-9f847fa3b6b3,Role 1,2012-02-13 20:39:37.316494027,524,1,res_a7efadcf-4796-49e4-a611-9f847fa3b6b3,2012-02-13 20:37:07.168777027,0.0
Case5,W_Completeren aanvraag,res_6f56bab9-a4f7-420f-96ab-b17cd82647c1,Role 1,2012-02-13 23:26:19.993233727,523,1,res_6f56bab9-a4f7-420f-96ab-b17cd82647c1,2012-02-13 23:24:07.543494727,0.0
Case5,W_Completeren aanvraag,res_85f526bd-1f2c-4373-8dcc-9710ee98b7b2,Role 1,2012-02-14 07:19:12.996628027,522,1,res_85f526bd-1f2c-4373-8dcc-9710ee98b7b2,2012-02-14 07:16:46.706477027,0.0
Case5,W_Nabellen offertes,res_5c0494f5-5178-4b1a-9a41-59b27da90a66,Role 1,2012-02-14 11:15:33.526338427,537,1,res_5c0494f5-5178-4b1a-9a41-59b27da90a66,2012-02-14 11:13:35.169988427,0.0
Case50,W_Afhandelen leads,res_24e554c7-8afb-451c-a96e-dea7923be74d,Role 1,2012-02-14 14:56:40.826333411,542,0,res_24e554c7-8afb-451c-a96e-dea7923be74d,2012-02-14 14:53:36.288028411,0.0
Case50,W_Completeren aanvraag,res_ddc79bf3-8255-4b9b-ace2-8a46af780bc5,Role 1,2012-02-14 15:52:00.166339811,542,1,res_ddc79bf3-8255-4b9b-ace2-8a46af780bc5,2012-02-14 15:49:27.735654811,0.0
Case50,W_Nabellen offertes,res_31f16881-0e61-460a-88bc-abc46854faba,Role 1,2012-02-15 11:37:11.208933911,548,1,res_31f16881-0e61-460a-88bc-abc46854faba,2012-02-15 11:34:28.419947911,0.0
Case500,W_Afhandelen leads,res_69f394fc-b099-49f7-8f4e-cce94cd03365,Role 1,2012-02-23 16:35:26.168160210,638,0,res_69f394fc-b099-49f7-8f4e-cce94cd03365,2012-02-23 16:32:14.968740210,0.0
Case500,W_Completeren aanvraag,res_177ed8cb-552b-4612-b348-20f464d6e7e5,Role 1,2012-02-23 17:38:36.386009510,639,1,res_177ed8cb-552b-4612-b348-20f464d6e7e5,2012-02-23 17:36:03.025783510,0.0
Case500,W_Nabellen offertes,res_31f16881-0e61-460a-88bc-abc46854faba,Role 1,2012-02-28 02:34:08.374779510,647,1,res_31f16881-0e61-460a-88bc-abc46854faba,2012-02-28 02:32:15.144064510,0.02564102564102564
Case500,W_Nabellen offertes,res_2f56cb7e-3c7c-424a-95d0-d464cdf4e447,Role 1,2012-03-02 23:47:32.193162010,622,1,res_2f56cb7e-3c7c-424a-95d0-d464cdf4e447,2012-03-02 23:35:11.149636010,0.0
Case500,W_Nabellen offertes,res_42f40199-b27a-43f0-a89c-188ab6bfaf36,Role 1,2012-03-05 04:55:15.053633410,615,1,res_42f40199-b27a-43f0-a89c-188ab6bfaf36,2012-03-05 04:53:17.910280410,0.0
Case501,W_Completeren aanvraag,res_3e93a9a9-cdc4-46ed-8b29-3e63e6d2a9a2,Role 1,2012-02-23 16:47:00.254525176,639,2,res_3e93a9a9-cdc4-46ed-8b29-3e63e6d2a9a2,2012-02-23 16:44:31.411501176,0.02564102564102564
Case502,W_Completeren aanvraag,res_ee4279a0-2b97-4f9d-9945-00c80ada4a95,Role 1,2012-02-23 16:47:59.674170784,640,2,res_ee4279a0-2b97-4f9d-9945-00c80ada4a95,2012-02-23 16:45:30.850793784,0.02564102564102564
Case502,W_Nabellen offertes,res_ddc79bf3-8255-4b9b-ace2-8a46af780bc5,Role 1,2012-02-23 17:14:30.890293484,639,1,res_ddc79bf3-8255-4b9b-ace2-8a46af780bc5,2012-02-23 17:12:24.399165484,0.0
Case502,W_Nabellen offertes,res_f3a5d8a5-7894-4471-8b15-4aeaf83a4249,Role 1,2012-03-03 13:47:42.597158284,634,1,res_f3a5d8a5-7894-4471-8b15-4aeaf83a4249,2012-03-03 13:46:01.082300284,0.0
Case503,W_Completeren aanvraag,res_9548f08a-bc89-4837-8ec2-cdb10b4e93b0,Role 1,2012-02-23 17:06:53.553761800,640,1,res_9548f08a-bc89-4837-8ec2-cdb10b4e93b0,2012-02-23 17:04:16.167570800,0.0
Case504,W_Afhandelen leads,res_c09d353e-d1d3-4710-a13d-39ecb25ed3a8,Role 1,2012-02-23 17:25:40.805892781,640,0,res_c09d353e-d1d3-4710-a13d-39ecb25ed3a8,2012-02-23 17:22:28.238641781,0.0
Case504,W_Completeren aanvraag,res_31f16881-0e61-460a-88bc-abc46854faba,Role 1,2012-02-23 18:30:47.901229381,639,1,res_31f16881-0e61-460a-88bc-abc46854faba,2012-02-23 18:28:13.567098381,0.0
Case505,W_Completeren aanvraag,res_2f56cb7e-3c7c-424a-95d0-d464cdf4e447,Role 1,2012-02-23 17:46:55.330453810,639,1,res_2f56cb7e-3c7c-424a-95d0-d464cdf4e447,2012-02-23 17:44:16.910524810,0.0
Case505,W_Completeren aanvraag,res_6f56bab9-a4f7-420f-96ab-b17cd82647c1,Role 1,2012-02-23 18:53:00.742630810,639,1,res_6f56bab9-a4f7-420f-96ab-b17cd82647c1,2012-02-23 18:50:30.818965810,0.02564102564102564
Case505,W_Nabellen offertes,res_ddc79bf3-8255-4b9b-ace2-8a46af780bc5,Role 1,2012-03-01 04:22:12.091432110,623,2,res_ddc79bf3-8255-4b9b-ace2-8a46af780bc5,2012-03-01 04:20:20.234282110,0.02564102564102564
Case506,W_Completeren aanvraag,res_9548f08a-bc89-4837-8ec2-cdb10b4e93b0,Role 1,2012-02-23 17:49:53.646051636,640,1,res_9548f08a-bc89-4837-8ec2-cdb10b4e93b0,2012-02-23 17:47:15.228402636,0.0
Case506,W_Completeren aanvraag,res_f664dcd9-d4b7-456f-a1f7-9daea9e497fd,Role 1,2012-02-23 18:56:11.013541236,639,1,res_f664dcd9-d4b7-456f-a1f7-9daea9e497fd,2012-02-23 18:53:40.062245236,0.0
Case506,W_Nabellen offertes,res_a6c40c08-3f7b-4865-a717-e7f1f1b6f98b,Role 1,2012-03-01 03:52:57.252167036,624,1,res_a6c40c08-3f7b-4865-a717-e7f1f1b6f98b,2012-03-01 03:51:03.551288036,0.0
Case507,W_Afhandelen leads,res_42f40199-b27a-43f0-a89c-188ab6bfaf36,Role 1,2012-02-23 18:46:44.915994684,639,0,res_42f40199-b27a-43f0-a89c-188ab6bfaf36,2012-02-23 18:43:31.178733684,0.0
Case507,W_Completeren aanvraag,res_63d2fda6-0454-4ad2-8b55-d59c9622a8ed,Role 1,2012-02-23 19:56:18.048971783,643,1,res_63d2fda6-0454-4ad2-8b55-d59c9622a8ed,2012-02-23 19:53:44.532035784,0.05128205128205128
Case507,W_Nabellen offertes,res_a6c40c08-3f7b-4865-a717-e7f1f1b6f98b,Role 1,2012-03-02 05:35:11.342149984,625,1,res_a6c40c08-3f7b-4865-a717-e7f1f1b6f98b,2012-03-02 05:33:19.885796984,0.0
Case507,W_Nabellen offertes,res_42f40199-b27a-43f0-a89c-188ab6bfaf36,Role 1,2012-03-05 17:16:56.969074384,609,1,res_42f40199-b27a-43f0-a89c-188ab6bfaf36,2012-03-05 17:15:22.082072384,0.0
Case507,W_Nabellen offertes,res_cd801f30-7ddb-4e0a-8319-c3bbd19d3bc0,Role 1,2012-03-07 23:14:26.909352984,632,1,res_cd801f30-7ddb-4e0a-8319-c3bbd19d3bc0,2012-03-07 23:12:56.884183984,0.0
Case508,W_Completeren aanvraag,res_6f56bab9-a4f7-420f-96ab-b17cd82647c1,Role 1,2012-02-23 18:51:38.252349588,640,2,res_6f56bab9-a4f7-420f-96ab-b17cd82647c1,2012-02-23 18:49:07.665576588,0.02564102564102564
Case508,W_Completeren aanvraag,res_7a10508e-56ae-4766-abd2-e94c8442b539,Role 1,2012-02-23 20:01:27.917696988,643,1,res_7a10508e-56ae-4766-abd2-e94c8442b539,2012-02-23 19:58:59.082674988,0.0
Case508,W_Completeren aanvraag,res_ddc79bf3-8255-4b9b-ace2-8a46af780bc5,Role 1,2012-02-24 10:35:19.492227888,634,1,res_ddc79bf3-8255-4b9b-ace2-8a46af780bc5,2012-02-24 10:33:03.882053888,0.02564102564102564
Case509,W_Completeren aanvraag,res_c3a01281-6e48-4ea3-a47a-9410360458be,Role 1,2012-02-23 19:13:10.968225319,641,1,res_c3a01281-6e48-4ea3-a47a-9410360458be,2012-02-23 19:10:32.158764319,0.0
Case51,W_Afhandelen leads,res_501654f1-1e08-4e04-8b11-a5fd18a76e7d,Role 1,2012-02-14 15:11:27.023254717,542,0,res_501654f1-1e08-4e04-8b11-a5fd18a76e7d,2012-02-14 15:08:21.832743717,0.0
Case51,W_Completeren aanvraag,res_c3a01281-6e48-4ea3-a47a-9410360458be,Role 1,2012-02-14 16:06:25.711495017,542,1,res_c3a01281-6e48-4ea3-a47a-9410360458be,2012-02-14 16:03:53.025337017,0.0
Case510,W_Afhandelen leads,res_d5418cc0-ed10-4016-ac16-0bc32f58673f,Role 1,2012-02-23 19:34:11.985596078,641,0,res_d5418cc0-ed10-4016-ac16-0bc32f58673f,2012-02-23 19:30:58.220105078,0.0
Case510,W_Completeren aanvraag,res_c6ff2914-8075-4a61-b381-b682f6eb47de,Role 1,2012-02-23 20:47:01.801188178,642,1,res_c6ff2914-8075-4a61-b381-b682f6eb47de,2012-02-23 20:44:26.987685178,0.02564102564102564
Case510,W_Completeren aanvraag,res_a7efadcf-4796-49e4-a611-9f847fa3b6b3,Role 1,2012-02-24 15:24:36.657626478,643,1,res_a7efadcf-4796-49e4-a611-9f847fa3b6b3,2012-02-24 15:22:43.908764478,0.02564102564102564
Case510,W_Nabellen offertes,res_9e7fccd4-b30d-488c-ad55-351ad1a60226,Role 1,2012-02-25 17:52:44.709397078,648,1,res_9e7fccd4-b30d-488c-ad55-351ad1a60226,2012-02-25 17:51:05.784083078,0.0
Case510,W_Nabellen offertes,res_f612d14e-303a-4d03-a37a-3b98918a5014,Role 1,2012-02-28 15:19:34.630821478,630,1,res_f612d14e-303a-4d03-a37a-3b98918a5014,2012-02-28 15:09:15.706223478,0.0
Case511,W_Afhandelen leads,res_501654f1-1e08-4e04-8b11-a5fd18a76e7d,Role 1,2012-02-23 19:48:58.458276022,642,0,res_501654f1-1e08-4e04-8b11-a5fd18a76e7d,2012-02-23 19:45:44.772266022,0.0
Case511,W_Completeren aanvraag,res_a6c40c08-3f7b-4865-a717-e7f1f1b6f98b,Role 1,2012-02-23 21:02:41.057805922,643,1,res_a6c40c08-3f7b-4865-a717-e7f1f1b6f98b,2012-02-23 21:00:05.241861922,0.0
Case511,W_Nabellen offertes,res_dcb46f81-367a-42ae-96c2-833faef25480,Role 1,2012-03-02 06:24:51.482690822,626,1,res_dcb46f81-367a-42ae-96c2-833faef25480,2012-03-02 06:23:00.558039822,0.0
Case511,W_Nabellen offertes,res_85f526bd-1f2c-4373-8dcc-9710ee98b7b2,Role 1,2012-03-05 18:29:12.630980522,609,1,res_85f526bd-1f2c-4373-8dcc-9710ee98b7b2,2012-03-05 18:27:37.385348522,0.0
Case512,W_Afhandelen leads,res_0eb69d82-9670-4fe3-a195-9d055d280321,Role 1,2012-02-23 19:49:30.845852882,643,1,res_0eb69d82-9670-4fe3-a195-9d055d280321,2012-02-23 19:46:24.062645882,0.02564102564102564
Case512,W_Completeren aanvraag,res_63d2fda6-0454-4ad2-8b55-d59c9622a8ed,Role 1,2012-02-23 21:03:17.024392482,643,2,res_63d2fda6-0454-4ad2-8b55-d59c9622a8ed,2012-02-23 21:00:46.715578482,0.02564102564102564
Case512,W_Nabellen offertes,res_3e93a9a9-cdc4-46ed-8b29-3e63e6d2a9a2,Role 1,2012-03-02 08:19:46.796273182,628,1,res_3e93a9a9-cdc4-46ed-8b29-3e63e6d2a9a2,2012-03-02 08:17:57.678550182,0.0
Case512,W_Nabellen offertes,res_501654f1-1e08-4e04-8b11-a5fd18a76e7d,Role 1,2012-03-05 21:21:58.757884082,606,1,res_501654f1-1e08-4e04-8b11-a5fd18a76e7d,2012-03-05 21:20:23.809686082,0.0
Case513,W_Afhandelen leads,res_501654f1-1e08-4e04-8b11-a5fd18a76e7d,Role 1,2012-02-23 20:23:37.516439690,644,0,res_501654f1-1e08-4e04-8b11-a5fd18a76e7d,2012-02-23 20:20:24.140061690,0.0
Case513,W_Completeren aanvraag,res_75b73935-48c2-4abe-9548-628b120b0d25,Role 1,2012-02-23 21:39:54.770130090,644,1,res_75b73935-48c2-4abe-9548-628b120b0d25,2012-02-23 21:37:18.858369090,0.0
Case514,W_Afhandelen leads,res_c09d353e-d1d3-4710-a13d-39ecb25ed3a8,Role 1,2012-02-23 20:49:36.810617441,642,0,res_c09d353e-d1d3-4710-a13d-39ecb25ed3a8,2012-02-23 20:46:23.665908441,0.0
Case514,W_Completeren aanvraag,res_9548f08a-bc89-4837-8ec2-cdb10b4e93b0,Role 1,2012-02-23 22:07:37.482242741,643,1,res_9548f08a-bc89-4837-8ec2-cdb10b4e93b0,2012-02-23 22:05:01.443458741,0.0
Case515,W_Completeren aanvraag,res_2f56cb7e-3c7c-424a-95d0-d464cdf4e447,Role 1,2012-02-23 20:49:20.983126464,643,1,res_2f56cb7e-3c7c-424a-95d0-d464cdf4e447,2012-02-23 20:46:45.829712464,0.02564102564102564
Case515,W_Nabellen offertes,res_31f16881-0e61-460a-88bc-abc46854faba,Role 1,2012-02-23 21:07:52.979352964,643,1,res_31f16881-0e61-460a-88bc-abc46854faba,2012-02-23 21:05:37.652572964,0.0
Case515,W_Nabellen offertes,res_f3a5d8a5-7894-4471-8b15-4aeaf83a4249,Role 1,2012-03-03 01:28:28.631605864,621,1,res_f3a5d8a5-7894-4471-8b15-4aeaf83a4249,2012-03-03 01:22:12.872930864,0.0
Case515,W_Nabellen offertes,res_f612d14e-303a-4d03-a37a-3b98918a5014,Role 1,2012-03-06 07:02:33.995348764,605,1,res_f612d14e-303a-4d03-a37a-3b98918a5014,2012-03-06 07:00:01.217046764,0.0
Case516,W_Completeren aanvraag,res_f664dcd9-d4b7-456f-a1f7-9daea9e497fd,Role 1,2012-02-23 21:24:49.541024367,644,1,res_f664dcd9-d4b7-456f-a1f7-9daea9e497fd,2012-02-23 21:22:14.562344367,0.0
Case516,W_Nabellen offertes,res_c6ff2914-8075-4a61-b381-b682f6eb47de,Role 1,2012-02-23 21:42:20.248379966,643,1,res_c6ff2914-8075-4a61-b381-b682f6eb47de,2012-02-23 21:40:03.734134967,0.0
Case517,W_Completeren aanvraag,res_9e7fccd4-b30d-488c-ad55-351ad1a60226,Role 1,2012-02-23 21:47:25.704143993,643,1,res_9e7fccd4-b30d-488c-ad55-351ad1a60226,2012-02-23 21:44:51.591617993,0.0
Case517,W_Completeren aanvraag,res_46a776b0-74ef-429c-befa-758731ba64c1,Role 1,2012-02-23 23:10:00.824030693,641,1,res_46a776b0-74ef-429c-befa-758731ba64c1,2012-02-23 23:07:22.826349693,0.02564102564102564
Case517,W_Completeren aanvraag,res_408aec04-fa16-4916-b3c7-40322d591997,Role 1,2012-02-25 00:02:31.852330493,647,1,res_408aec04-fa16-4916-b3c7-40322d591997,2012-02-25 00:00:36.312115493,0.0
Case518,W_Afhandelen leads,res_a7efadcf-4796-49e4-a611-9f847fa3b6b3,Role 1,2012-02-24 09:56:27.830586854,634,0,res_a7efadcf-4796-49e4-a611-9f847fa3b6b3,2012-02-24 09:52:55.441902854,0.0
Case518,W_Completeren aanvraag,res_75b73935-48c2-4abe-9548-628b120b0d25,Role 1,2012-02-24 11:31:15.452282153,642,1,res_75b73935-48c2-4abe-9548-628b120b0d25,2012-02-24 11:28:56.922149154,0.0
Case518,W_Completeren aanvraag,res_ee4279a0-2b97-4f9d-9945-00c80ada4a95,Role 1,2012-02-24 16:23:57.076685354,643,1,res_ee4279a0-2b97-4f9d-9945-00c80ada4a95,2012-02-24 16:22:08.090993354,0.0
Case518,W_Completeren aanvraag,res_a7efadcf-4796-49e4-a611-9f847fa3b6b3,Role 1,2012-02-24 20:03:48.143574254,644,3,res_a7efadcf-4796-49e4-a611-9f847fa3b6b3,2012-02-24 20:02:08.472034254,0.05128205128205128
Case518,W_Completeren aanvraag,res_501654f1-1e08-4e04-8b11-a5fd18a76e7d,Role 1,2012-02-25 04:38:51.410877154,645,1,res_501654f1-1e08-4e04-8b11-a5fd18a76e7d,2012-02-25 04:37:04.427245154,0.0
Case518,W_Completeren aanvraag,res_8435ed72-5b45-4de1-a40d-2e20f14bd3c6,Role 1,2012-02-25 09:36:32.673515853,645,1,res_8435ed72-5b45-4de1-a40d-2e20f14bd3c6,2012-02-25 09:34:45.707389853,0.0
Case518,W_Completeren aanvraag,res_177ed8cb-552b-4612-b348-20f464d6e7e5,Role 1,2012-02-25 12:41:28.572326054,644,1,res_177ed8cb-552b-4612-b348-20f464d6e7e5,2012-02-25 12:39:39.758572054,0.0
Case518,W_Nabellen offertes,res_a7efadcf-4796-49e4-a611-9f847fa3b6b3,Role 1,2012-02-26 12:56:42.631522054,630,1,res_a7efadcf-4796-49e4-a611-9f847fa3b6b3,2012-02-26 12:52:49.194009054,0.0
Case519,W_Completeren aanvraag,res_3e93a9a9-cdc4-46ed-8b29-3e63e6d2a9a2,Role 1,2012-02-24 10:01:33.052933020,635,1,res_3e93a9a9-cdc4-46ed-8b29-3e63e6d2a9a2,2012-02-24 09:58:22.861735020,0.0
Case519,W_Nabellen offertes,res_e30a7ff2-fdff-43e2-93a6-f30f7d1f4d80,Role 1,2012-02-24 10:50:30.541701220,640,1,res_e30a7ff2-fdff-43e2-93a6-f30f7d1f4d80,2012-02-24 10:48:29.075848220,0.02564102564102564
Case519,W_Nabellen offertes,res_46a776b0-74ef-429c-befa-758731ba64c1,Role 1,2012-03-03 13:38:08.505415220,632,1,res_46a776b0-74ef-429c-befa-758731ba64c1,2012-03-03 13:36:31.282058220,0.0
Case519,W_Nabellen offertes,res_f664dcd9-d4b7-456f-a1f7-9daea9e497fd,Role 1,2012-03-06 11:10:13.501904820,604,1,res_f664dcd9-d4b7-456f-a1f7-9daea9e497fd,2012-03-06 11:01:51.315295820,0.0
Case519,W_Nabellen offertes,res_ddc79bf3-8255-4b9b-ace2-8a46af780bc5,Role 1,2012-03-07 23:20:14.537104120,633,1,res_ddc79bf3-8255-4b9b-ace2-8a46af780bc5,2012-03-07 23:18:39.037116120,0.0
Case519,W_Nabellen offertes,res_d5418cc0-ed10-4016-ac16-0bc32f58673f,Role 1,2012-03-09 13:23:46.318529220,615,1,res_d5418cc0-ed10-4016-ac16-0bc32f58673f,2012-03-09 13:10:23.785533220,0.0
Case519,W_Nabellen offertes,res_69f394fc-b099-49f7-8f4e-cce94cd03365,Role 1,2012-03-11 03:32:05.909969220,619,1,res_69f394fc-b099-49f7-8f4e-cce94cd03365,2012-03-11 03:30:21.292841220,0.0
Case52,W_Completeren aanvraag,res_9e7fccd4-b30d-488c-ad55-351ad1a60226,Role 1,2012-02-14 15:10:55.518569816,543,1,res_9e7fccd4-b30d-488c-ad55-351ad1a60226,2012-02-14 15:08:29.892308816,0.02564102564102564
Case52,W_Nabellen offertes,res_f664dcd9-d4b7-456f-a1f7-9daea9e497fd,Role 1,2012-02-14 15:34:11.329689016,541,1,res_f664dcd9-d4b7-456f-a1f7-9daea9e497fd,2012-02-14 15:31:47.953459016,0.0
Case52,W_Nabellen offertes,res_5c0494f5-5178-4b1a-9a41-59b27da90a66,Role 1,2012-02-23 09:02:23.456047416,633,1,res_5c0494f5-5178-4b1a-9a41-59b27da90a66,2012-02-23 09:00:19.410966416,0.0
Case52,W_Nabellen offertes,res_85f526bd-1f2c-4373-8dcc-9710ee98b7b2,Role 1,2012-02-25 01:47:34.311896516,638,1,res_85f526bd-1f2c-4373-8dcc-9710ee98b7b2,2012-02-25 01:42:43.494043516,0.0
Case52,W_Nabellen offertes,res_177ed8cb-552b-4612-b348-20f464d6e7e5,Role 1,2012-02-27 10:03:08.146485915,632,1,res_177ed8cb-552b-4612-b348-20f464d6e7e5,2012-02-27 10:01:09.643436916,0.0
Case52,W_Nabellen offertes,res_24e554c7-8afb-451c-a96e-dea7923be74d,Role 1,2012-02-29 06:36:29.313520515,641,1,res_24e554c7-8afb-451c-a96e-dea7923be74d,2012-02-29 06:34:54.058984516,0.0
Case520,W_Afhandelen leads,res_24e554c7-8afb-451c-a96e-dea7923be74d,Role 1,2012-02-24 10:08:55.789181469,636,0,res_24e554c7-8afb-451c-a96e-dea7923be74d,2012-02-24 10:05:23.974011469,0.0
Case520,W_Completeren aanvraag,res_0eb69d82-9670-4fe3-a195-9d055d280321,Role 1,2012-02-24 11:41:26.003311069,641,1,res_0eb69d82-9670-4fe3-a195-9d055d280321,2012-02-24 11:39:07.207992069,0.0
Case520,W_Nabellen offertes,res_408aec04-fa16-4916-b3c7-40322d591997,Role 1,2012-02-29 05:43:38.873910669,626,1,res_408aec04-fa16-4916-b3c7-40322d591997,2012-02-29 05:41:54.671604669,0.0
Case521,W_Afhandelen leads,res_e30a7ff2-fdff-43e2-93a6-f30f7d1f4d80,Role 1,2012-02-24 10:19:38.775544428,637,0,res_e30a7ff2-fdff-43e2-93a6-f30f7d1f4d80,2012-02-24 10:16:08.739219428,0.02564102564102564
Case521,W_Completeren aanvraag,res_b5ab845a-5020-427e-b6f1-42df333cb3fb,Role 1,2012-02-24 11:48:52.459892228,642,1,res_b5ab845a-5020-427e-b6f1-42df333cb3fb,2012-02-24 11:46:34.005188228,0.0
Case521,W_Completeren aanvraag,res_42f40199-b27a-43f0-a89c-188ab6bfaf36,Role 1,2012-02-24 16:37:27.213538828,642,1,res_42f40199-b27a-43f0-a89c-188ab6bfaf36,2012-02-24 16:35:38.412508828,0.0
Case521,W_Nabellen offertes,res_501654f1-1e08-4e04-8b11-a5fd18a76e7d,Role 1,2012-02-27 00:03:40.921419328,626,1,res_501654f1-1e08-4e04-8b11-a5fd18a76e7d,2012-02-27 00:02:04.588718328,0.0
Case522,W_Completeren aanvraag,res_177ed8cb-552b-4612-b348-20f464d6e7e5,Role 1,2012-02-24 10:28:53.016398041,638,1,res_177ed8cb-552b-4612-b348-20f464d6e7e5,2012-02-24 10:25:44.998124041,0.0
Case522,W_Nabellen offertes,res_f664dcd9-d4b7-456f-a1f7-9daea9e497fd,Role 1,2012-02-24 11:16:40.298060141,641,1,res_f664dcd9-d4b7-456f-a1f7-9daea9e497fd,2012-02-24 11:14:39.169622141,0.0
Case522,W_Nabellen offertes,res_24e554c7-8afb-451c-a96e-dea7923be74d,Role 1,2012-03-03 16:29:28.190003041,629,1,res_24e554c7-8afb-451c-a96e-dea7923be74d,2012-03-03 16:27:48.045043041,0.0
Case522,W_Nabellen offertes,res_f612d14e-303a-4d03-a37a-3b98918a5014,Role 1,2012-03-06 14:43:48.762317641,616,1,res_f612d14e-303a-4d03-a37a-3b98918a5014,2012-03-06 14:42:04.515556641,0.0
Case523,W_Afhandelen leads,res_0eb69d82-9670-4fe3-a195-9d055d280321,Role 1,2012-02-24 10:38:50.179912654,639,0,res_0eb69d82-9670-4fe3-a195-9d055d280321,2012-02-24 10:35:21.257028654,0.02564102564102564
Case523,W_Completeren aanvraag,res_a7efadcf-4796-49e4-a611-9f847fa3b6b3,Role 1,2012-02-24 12:06:04.370008854,643,2,res_a7efadcf-4796-49e4-a611-9f847fa3b6b3,2012-02-24 12:03:50.651334854,0.05128205128205128
Case523,W_Nabellen offertes,res_69f394fc-b099-49f7-8f4e-cce94cd03365,Role 1,2012-02-29 13:49:12.451479054,626,1,res_69f394fc-b099-49f7-8f4e-cce94cd03365,2012-02-29 13:46:57.070734054,0.0
Case524,W_Afhandelen leads,res_501654f1-1e08-4e04-8b11-a5fd18a76e7d,Role 1,2012-02-24 10:46:21.284913588,640,0,res_501654f1-1e08-4e04-8b11-a5fd18a76e7d,2012-02-24 10:42:51.585228588,0.0
Case524,W_Completeren aanvraag,res_3e93a9a9-cdc4-46ed-8b29-3e63e6d2a9a2,Role 1,2012-02-24 12:12:30.789016088,643,1,res_3e93a9a9-cdc4-46ed-8b29-3e63e6d2a9a2,2012-02-24 12:10:11.004988088,0.0
Case524,W_Completeren aanvraag,res_f3a5d8a5-7894-4471-8b15-4aeaf83a4249,Role 1,2012-02-24 17:05:41.252787488,642,1,res_f3a5d8a5-7894-4471-8b15-4aeaf83a4249,2012-02-24 17:03:52.831213488,0.02564102564102564
Case524,W_Nabellen offertes,res_408aec04-fa16-4916-b3c7-40322d591997,Role 1,2012-02-26 21:22:29.652931088,629,2,res_408aec04-fa16-4916-b3c7-40322d591997,2012-02-26 21:20:53.534602088,0.02564102564102564
Case525,W_Afhandelen leads,res_a6c40c08-3f7b-4865-a717-e7f1f1b6f98b,Role 1,2012-02-24 10:56:09.942703488,641,0,res_a6c40c08-3f7b-4865-a717-e7f1f1b6f98b,2012-02-24 10:52:40.940926488,0.0
Case525,W_Completeren aanvraag,res_c09d353e-d1d3-4710-a13d-39ecb25ed3a8,Role 1,2012-02-24 12:19:48.681831688,643,1,res_c09d353e-d1d3-4710-a13d-39ecb25ed3a8,2012-02-24 12:17:28.625525688,0.0
Case525,W_Completeren aanvraag,res_408aec04-fa16-4916-b3c7-40322d591997,Role 1,2012-02-24 17:06:10.775657688,642,2,res_408aec04-fa16-4916-b3c7-40322d591997,2012-02-24 17:04:22.861206688,0.02564102564102564
Case525,W_Nabellen offertes,res_408aec04-fa16-4916-b3c7-40322d591997,Role 1,2012-02-26 21:20:03.795655088,629,1,res_408aec04-fa16-4916-b3c7-40322d591997,2012-02-26 21:18:27.687143088,0.0
Case526,W_Completeren aanvraag,res_7a10508e-56ae-4766-abd2-e94c8442b539,Role 1,2012-02-24 10:56:48.796728647,642,1,res_7a10508e-56ae-4766-abd2-e94c8442b539,2012-02-24 10:53:44.410001647,0.02564102564102564
Case527,W_Completeren aanvraag,res_42f40199-b27a-43f0-a89c-188ab6bfaf36,Role 1,2012-02-24 11:17:52.703653266,642,1,res_42f40199-b27a-43f0-a89c-188ab6bfaf36,2012-02-24 11:14:49.761722266,0.0
Case527,W_Completeren aanvraag,res_6f56bab9-a4f7-420f-96ab-b17cd82647c1,Role 1,2012-02-24 12:39:27.372518966,644,1,res_6f56bab9-a4f7-420f-96ab-b17cd82647c1,2012-02-24 12:37:12.867200966,0.0
Case528,W_Afhandelen leads,res_f612d14e-303a-4d03-a37a-3b98918a5014,Role 1,2012-02-24 11:37:32.724991680,642,0,res_f612d14e-303a-4d03-a37a-3b98918a5014,2012-02-24 11:34:07.316759680,0.0
Case528,W_Completeren aanvraag,res_c3a01281-6e48-4ea3-a47a-9410360458be,Role 1,2012-02-24 12:56:49.782003680,643,1,res_c3a01281-6e48-4ea3-a47a-9410360458be,2012-02-24 12:54:28.393939680,0.0
Case529,W_Afhandelen leads,res_85f526bd-1f2c-4373-8dcc-9710ee98b7b2,Role 1,2012-02-24 11:56:38.208450720,642,0,res_85f526bd-1f2c-4373-8dcc-9710ee98b7b2,2012-02-24 11:53:14.797340720,0.0
Case529,W_Completeren aanvraag,res_8435ed72-5b45-4de1-a40d-2e20f14bd3c6,Role 1,2012-02-24 13:12:46.067584420,644,1,res_8435ed72-5b45-4de1-a40d-2e20f14bd3c6,2012-02-24 13:10:24.099257420,0.0
Case53,W_Afhandelen leads,res_425ded41-e317-4198-891a-d9f3e32a6030,Role 1,2012-02-14 15:25:03.799078315,542,0,res_425ded41-e317-4198-891a-d9f3e32a6030,2012-02-14 15:21:59.878601315,0.02564102564102564
Case53,W_Completeren aanvraag,res_24e554c7-8afb-451c-a96e-dea7923be74d,Role 1,2012-02-14 16:19:45.643608515,543,1,res_24e554c7-8afb-451c-a96e-dea7923be74d,2012-02-14 16:17:13.943306515,0.02564102564102564
Case530,W_Completeren aanvraag,res_0eb69d82-9670-4fe3-a195-9d055d280321,Role 1,2012-02-24 11:56:46.117240393,643,1,res_0eb69d82-9670-4fe3-a195-9d055d280321,2012-02-24 11:53:49.050492393,0.02564102564102564
Case530,W_Completeren aanvraag,res_ddc79bf3-8255-4b9b-ace2-8a46af780bc5,Role 1,2012-02-24 13:13:15.694081992,644,2,res_ddc79bf3-8255-4b9b-ace2-8a46af780bc5,2012-02-24 13:11:05.189314993,0.02564102564102564
Case530,W_Nabellen offertes,res_a6c40c08-3f7b-4865-a717-e7f1f1b6f98b,Role 1,2012-03-01 03:12:08.950314993,625,1,res_a6c40c08-3f7b-4865-a717-e7f1f1b6f98b,2012-03-01 03:10:22.479440993,0.0
Case531,W_Afhandelen leads,res_42f40199-b27a-43f0-a89c-188ab6bfaf36,Role 1,2012-02-24 12:15:50.542327222,644,0,res_42f40199-b27a-43f0-a89c-188ab6bfaf36,2012-02-24 12:12:29.330041222,0.0
Case531,W_Completeren aanvraag,res_3e93a9a9-cdc4-46ed-8b29-3e63e6d2a9a2,Role 1,2012-02-24 13:31:24.229963622,643,1,res_3e93a9a9-cdc4-46ed-8b29-3e63e6d2a9a2,2012-02-24 13:29:01.667850622,0.0
Case532,W_Afhandelen leads,res_a7efadcf-4796-49e4-a611-9f847fa3b6b3,Role 1,2012-02-24 12:33:33.129370629,645,0,res_a7efadcf-4796-49e4-a611-9f847fa3b6b3,2012-02-24 12:30:15.207525629,0.02564102564102564
Case532,W_Completeren aanvraag,res_75b73935-48c2-4abe-9548-628b120b0d25,Role 1,2012-02-24 13:47:40.835608629,643,1,res_75b73935-48c2-4abe-9548-628b120b0d25,2012-02-24 13:45:18.180296629,0.0
Case533,W_Afhandelen leads,res_f3a5d8a5-7894-4471-8b15-4aeaf83a4249,Role 1,2012-02-24 12:56:03.326826430,643,0,res_f3a5d8a5-7894-4471-8b15-4aeaf83a4249,2012-02-24 12:52:46.192125430,0.0
Case533,W_Completeren aanvraag,res_46a776b0-74ef-429c-befa-758731ba64c1,Role 1,2012-02-24 14:08:22.660091130,642,1,res_46a776b0-74ef-429c-befa-758731ba64c1,2012-02-24 14:05:58.921149130,0.0
Case534,W_Completeren aanvraag,res_d5418cc0-ed10-4016-ac16-0bc32f58673f,Role 1,2012-02-24 12:57:25.210212911,644,1,res_d5418cc0-ed10-4016-ac16-0bc32f58673f,2012-02-24 12:54:36.003699911,0.02564102564102564
Case534,W_Completeren aanvraag,res_e30a7ff2-fdff-43e2-93a6-f30f7d1f4d80,Role 1,2012-02-24 14:09:43.342418511,642,2,res_e30a7ff2-fdff-43e2-93a6-f30f7d1f4d80,2012-02-24 14:07:30.910432511,0.02564102564102564
Case535,W_Completeren aanvraag,res_f3a5d8a5-7894-4471-8b15-4aeaf83a4249,Role 1,2012-02-24 13:18:39.493764905,644,1,res_f3a5d8a5-7894-4471-8b15-4aeaf83a4249,2012-02-24 13:15:51.429876905,0.0
Case536,W_Afhandelen leads,res_75b73935-48c2-4abe-9548-628b120b0d25,Role 1,2012-02-24 13:37:12.747285698,643,0,res_75b73935-48c2-4abe-9548-628b120b0d25,2012-02-24 13:33:58.463719698,0.0
Case536,W_Completeren aanvraag,res_177ed8cb-552b-4612-b348-20f464d6e7e5,Role 1,2012-02-24 14:47:32.410219498,640,1,res_177ed8cb-552b-4612-b348-20f464d6e7e5,2012-02-24 14:45:07.474434498,0.0
Case536,W_Nabellen offertes,res_7848a1c1-2878-42e4-b2ac-02ba3ecca52c,Role 1,2012-03-01 21:28:23.819954798,617,1,res_7848a1c1-2878-42e4-b2ac-02ba3ecca52c,2012-03-01 21:24:13.310254798,0.0
Case537,W_Completeren aanvraag,res_ee4279a0-2b97-4f9d-9945-00c80ada4a95,Role 1,2012-02-24 13:56:17.832463311,643,1,res_ee4279a0-2b97-4f9d-9945-00c80ada4a95,2012-02-24 13:53:32.137887311,0.0
Case538,W_Completeren aanvraag,res_501654f1-1e08-4e04-8b11-a5fd18a76e7d,Role 1,2012-02-24 13:57:16.577518294,644,2,res_501654f1-1e08-4e04-8b11-a5fd18a76e7d,2012-02-24 13:54:41.651636294,0.02564102564102564
Case539,W_Completeren aanvraag,res_177ed8cb-552b-4612-b348-20f464d6e7e5,Role 1,2012-02-24 14:56:16.789012870,641,1,res_177ed8cb-552b-4612-b348-20f464d6e7e5,2012-02-24 14:53:31.741149870,0.0
Case54,W_Completeren aanvraag,res_a7efadcf-4796-49e4-a611-9f847fa3b6b3,Role 1,2012-02-14 15:37:06.659840942,542,1,res_a7efadcf-4796-49e4-a611-9f847fa3b6b3,2012-02-14 15:34:39.492611942,0.0
Case54,W_Completeren aanvraag,res_177ed8cb-552b-4612-b348-20f464d6e7e5,Role 1,2012-02-14 16:31:30.795261542,542,1,res_177ed8cb-552b-4612-b348-20f464d6e7e5,2012-02-14 16:29:02.370852542,0.0
Case54,W_Nabellen offertes,res_ee4279a0-2b97-4f9d-9945-00c80ada4a95,Role 1,2012-02-15 11:21:20.162600042,549,2,res_ee4279a0-2b97-4f9d-9945-00c80ada4a95,2012-02-15 11:18:27.578787042,0.05128205128205128
Case540,W_Afhandelen leads,res_177ed8cb-552b-4612-b348-20f464d6e7e5,Role 1,2012-02-24 14:58:10.240973689,642,0,res_177ed8cb-552b-4612-b348-20f464d6e7e5,2012-02-24 14:54:58.381474689,0.02564102564102564
Case540,W_Completeren aanvraag,res_f664dcd9-d4b7-456f-a1f7-9daea9e497fd,Role 1,2012-02-24 16:06:12.532581989,643,2,res_f664dcd9-d4b7-456f-a1f7-9daea9e497fd,2012-02-24 16:03:49.931511989,0.02564102564102564
Case541,W_Completeren aanvraag,res_a7efadcf-4796-49e4-a611-9f847fa3b6b3,Role 1,2012-02-24 15:17:45.674379150,642,1,res_a7efadcf-4796-49e4-a611-9f847fa3b6b3,2012-02-24 15:15:00.264120150,0.0
Case541,W_Nabellen offertes,res_a6c40c08-3f7b-4865-a717-e7f1f1b6f98b,Role 1,2012-02-24 15:54:45.380354150,643,1,res_a6c40c08-3f7b-4865-a717-e7f1f1b6f98b,2012-02-24 15:52:39.025936150,0.0
Case542,W_Afhandelen leads,res_3e93a9a9-cdc4-46ed-8b29-3e63e6d2a9a2,Role 1,2012-02-24 15:42:20.973670509,643,0,res_3e93a9a9-cdc4-46ed-8b29-3e63e6d2a9a2,2012-02-24 15:39:06.956055509,0.0
Case542,W_Completeren aanvraag,res_9548f08a-bc89-4837-8ec2-cdb10b4e93b0,Role 1,2012-02-24 16:50:45.744035809,643,1,res_9548f08a-bc89-4837-8ec2-cdb10b4e93b0,2012-02-24 16:48:16.404966809,0.0
Case543,W_Completeren aanvraag,res_42f40199-b27a-43f0-a89c-188ab6bfaf36,Role 1,2012-02-24 15:56:48.240671552,643,1,res_42f40199-b27a-43f0-a89c-188ab6bfaf36,2012-02-24 15:54:01.567781552,0.0
Case544,W_Completeren aanvraag,res_9548f08a-bc89-4837-8ec2-cdb10b4e93b0,Role 1,2012-02-24 15:57:58.566414547,644,2,res_9548f08a-bc89-4837-8ec2-cdb10b4e93b0,2012-02-24 15:55:22.163432547,0.02564102564102564
Case544,W_Nabellen offertes,res_c09d353e-d1d3-4710-a13d-39ecb25ed3a8,Role 1,2012-02-24 16:32:49.916330546,642,1,res_c09d353e-d1d3-4710-a13d-39ecb25ed3a8,2012-02-24 16:30:45.418466546,0.0
Case544,W_Nabellen offertes,res_f664dcd9-d4b7-456f-a1f7-9daea9e497fd,Role 1,2012-03-04 10:36:20.006783147,630,1,res_f664dcd9-d4b7-456f-a1f7-9daea9e497fd,2012-03-04 10:34:43.787586147,0.0
Case544,W_Nabellen offertes,res_b5ab845a-5020-427e-b6f1-42df333cb3fb,Role 1,2012-03-07 16:09:07.424474147,632,2,res_b5ab845a-5020-427e-b6f1-42df333cb3fb,2012-03-07 16:07:19.057515147,0.02564102564102564
Case545,W_Afhandelen leads,res_d5418cc0-ed10-4016-ac16-0bc32f58673f,Role 1,2012-02-24 16:17:12.244160188,642,0,res_d5418cc0-ed10-4016-ac16-0bc32f58673f,2012-02-24 16:13:57.405753188,0.0
Case545,W_Completeren aanvraag,res_408aec04-fa16-4916-b3c7-40322d591997,Role 1,2012-02-24 17:26:31.961984088,643,1,res_408aec04-fa16-4916-b3c7-40322d591997,2012-02-24 17:24:01.279552088,0.0
Case546,W_Afhandelen leads,res_a7efadcf-4796-49e4-a611-9f847fa3b6b3,Role 1,2012-02-24 16:40:55.254267248,643,0,res_a7efadcf-4796-49e4-a611-9f847fa3b6b3,2012-02-24 16:37:39.918993248,0.0
Case546,W_Completeren aanvraag,res_6f56bab9-a4f7-420f-96ab-b17cd82647c1,Role 1,2012-02-24 17:51:19.118393248,643,1,res_6f56bab9-a4f7-420f-96ab-b17cd82647c1,2012-02-24 17:48:48.733875248,0.02564102564102564
Case547,W_Completeren aanvraag,res_b5ab845a-5020-427e-b6f1-42df333cb3fb,Role 1,2012-02-24 16:57:57.871626819,643,1,res_b5ab845a-5020-427e-b6f1-42df333cb3fb,2012-02-24 16:55:08.669901819,0.0
Case547,W_Nabellen offertes,res_7cc6cf66-7797-453d-b952-98449834316b,Role 1,2012-02-24 17:30:32.335652319,642,1,res_7cc6cf66-7797-453d-b952-98449834316b,2012-02-24 17:28:22.074023319,0.0
Case547,W_Nabellen offertes,res_31f16881-0e61-460a-88bc-abc46854faba,Role 1,2012-03-04 09:36:18.809648919,630,1,res_31f16881-0e61-460a-88bc-abc46854faba,2012-03-04 09:34:41.037950919,0.0
Case547,W_Nabellen offertes,res_425ded41-e317-4198-891a-d9f3e32a6030,Role 1,2012-03-07 16:01:36.270165219,632,1,res_425ded41-e317-4198-891a-d9f3e32a6030,2012-03-07 15:59:48.962481219,0.0
Case548,W_Completeren aanvraag,res_0eb69d82-9670-4fe3-a195-9d055d280321,Role 1,2012-02-24 16:58:29.064696953,644,2,res_0eb69d82-9670-4fe3-a195-9d055d280321,2012-02-24 16:55:49.975172953,0.02564102564102564
Case548,W_Completeren aanvraag,res_c3a01281-6e48-4ea3-a47a-9410360458be,Role 1,2012-02-24 18:09:47.772178852,644,1,res_c3a01281-6e48-4ea3-a47a-9410360458be,2012-02-24 18:07:22.638282853,0.0
Case548,W_Nabellen offertes,res_3e93a9a9-cdc4-46ed-8b29-3e63e6d2a9a2,Role 1,2012-03-03 10:35:02.319073453,634,1,res_3e93a9a9-cdc4-46ed-8b29-3e63e6d2a9a2,2012-03-03 10:33:17.274717453,0.0
Case548,W_Nabellen offertes,res_c3a01281-6e48-4ea3-a47a-9410360458be,Role 1,2012-03-06 16:20:00.438574553,622,1,res_c3a01281-6e48-4ea3-a47a-9410360458be,2012-03-06 16:18:20.598736553,0.0
Case549,W_Completeren aanvraag,res_3e93a9a9-cdc4-46ed-8b29-3e63e6d2a9a2,Role 1,2012-02-24 17:21:52.400366264,644,2,res_3e93a9a9-cdc4-46ed-8b29-3e63e6d2a9a2,2012-02-24 17:19:12.339500264,0.02564102564102564
Case55,W_Completeren aanvraag,res_ee4279a0-2b97-4f9d-9945-00c80ada4a95,Role 1,2012-02-14 15:50:07.701052954,543,1,res_ee4279a0-2b97-4f9d-9945-00c80ada4a95,2012-02-14 15:47:40.262980954,0.0
Case550,W_Afhandelen leads,res_85f526bd-1f2c-4373-8dcc-9710ee98b7b2,Role 1,2012-02-24 17:45:24.030744364,643,0,res_85f526bd-1f2c-4373-8dcc-9710ee98b7b2,2012-02-24 17:42:07.502795364,0.0
Case550,W_Completeren aanvraag,res_ee4279a0-2b97-4f9d-9945-00c80ada4a95,Role 1,2012-02-24 19:00:00.892122364,643,1,res_ee4279a0-2b97-4f9d-9945-00c80ada4a95,2012-02-24 18:57:27.300310364,0.0
Case551,W_Afhandelen leads,res_501654f1-1e08-4e04-8b11-a5fd18a76e7d,Role 1,2012-02-24 17:59:17.391933524,643,0,res_501654f1-1e08-4e04-8b11-a5fd18a76e7d,2012-02-24 17:56:00.660337524,0.0
Case551,W_Completeren aanvraag,res_7cc6cf66-7797-453d-b952-98449834316b,Role 1,2012-02-24 19:14:53.641323824,644,1,res_7cc6cf66-7797-453d-b952-98449834316b,2012-02-24 19:12:19.683894824,0.0
Case551,W_Completeren aanvraag,res_2f56cb7e-3c7c-424a-95d0-d464cdf4e447,Role 1,2012-02-25 05:15:30.846346924,645,1,res_2f56cb7e-3c7c-424a-95d0-d464cdf4e447,2012-02-25 05:13:28.101169924,0.0
Case551,W_Completeren aanvraag,res_f3a5d8a5-7894-4471-8b15-4aeaf83a4249,Role 1,2012-02-25 08:44:47.327836524,645,1,res_f3a5d8a5-7894-4471-8b15-4aeaf83a4249,2012-02-25 08:43:00.053200524,0.0
Case551,W_Completeren aanvraag,res_7cc6cf66-7797-453d-b952-98449834316b,Role 1,2012-02-25 11:39:27.506529424,643,1,res_7cc6cf66-7797-453d-b952-98449834316b,2012-02-25 11:37:37.902401424,0.0
Case551,W_Completeren aanvraag,res_0eb69d82-9670-4fe3-a195-9d055d280321,Role 1,2012-02-25 14:28:19.183956524,647,1,res_0eb69d82-9670-4fe3-a195-9d055d280321,2012-02-25 14:26:31.730949524,0.0
Case551,W_Nabellen offertes,res_dcb46f81-367a-42ae-96c2-833faef25480,Role 1,2012-02-27 00:01:08.708092024,625,1,res_dcb46f81-367a-42ae-96c2-833faef25480,2012-02-26 23:59:32.958843024,0.0
Case551,W_Nabellen offertes,res_69f394fc-b099-49f7-8f4e-cce94cd03365,Role 1,2012-02-29 04:33:52.655212424,629,1,res_69f394fc-b099-49f7-8f4e-cce94cd03365,2012-02-29 04:32:25.210172424,0.0
Case552,W_Afhandelen leads,res_46a776b0-74ef-429c-befa-758731ba64c1,Role 1,2012-02-24 18:00:24.771775057,644,1,res_46a776b0-74ef-429c-befa-758731ba64c1,2012-02-24 17:57:14.203869057,0.02564102564102564
Case552,W_Completeren aanvraag,res_c3a01281-6e48-4ea3-a47a-9410360458be,Role 1,2012-02-24 19:16:10.361946357,644,2,res_c3a01281-6e48-4ea3-a47a-9410360458be,2012-02-24 19:13:42.902284357,0.02564102564102564
Case552,W_Completeren aanvraag,res_6f56bab9-a4f7-420f-96ab-b17cd82647c1,Role 1,2012-02-25 07:21:51.868114757,645,1,res_6f56bab9-a4f7-420f-96ab-b17cd82647c1,2012-02-25 07:19:43.969649757,0.0
Case552,W_Nabellen offertes,res_b5ab845a-5020-427e-b6f1-42df333cb3fb,Role 1,2012-02-26 01:57:49.719459157,637,1,res_b5ab845a-5020-427e-b6f1-42df333cb3fb,2012-02-26 01:56:12.562822157,0.0
Case553,W_Completeren aanvraag,res_c09d353e-d1d3-4710-a13d-39ecb25ed3a8,Role 1,2012-02-24 18:59:06.577929007,643,1,res_c09d353e-d1d3-4710-a13d-39ecb25ed3a8,2012-02-24 18:56:14.367839007,0.0
Case553,W_Nabellen offertes,res_42f40199-b27a-43f0-a89c-188ab6bfaf36,Role 1,2012-02-24 19:28:32.746224507,644,1,res_42f40199-b27a-43f0-a89c-188ab6bfaf36,2012-02-24 19:26:16.724001507,0.0
Case554,W_Afhandelen leads,res_7a10508e-56ae-4766-abd2-e94c8442b539,Role 1,2012-02-24 19:00:32.154156890,644,0,res_7a10508e-56ae-4766-abd2-e94c8442b539,2012-02-24 18:57:15.822022890,0.02564102564102564
Case554,W_Completeren aanvraag,res_2f56cb7e-3c7c-424a-95d0-d464cdf4e447,Role 1,2012-02-24 20:21:35.096773190,645,1,res_2f56cb7e-3c7c-424a-95d0-d464cdf4e447,2012-02-24 20:19:00.043698190,0.0
Case554,W_Completeren aanvraag,res_b5ab845a-5020-427e-b6f1-42df333cb3fb,Role 1,2012-02-25 13:36:57.185671390,648,1,res_b5ab845a-5020-427e-b6f1-42df333cb3fb,2012-02-25 13:35:07.568252390,0.0
Case555,W_Completeren aanvraag,res_42f40199-b27a-43f0-a89c-188ab6bfaf36,Role 1,2012-02-24 19:35:18.763419319,644,1,res_42f40199-b27a-43f0-a89c-188ab6bfaf36,2012-02-24 19:32:26.420633319,0.0
Case555,W_Nabellen offertes,res_7a10508e-56ae-4766-abd2-e94c8442b539,Role 1,2012-02-24 20:03:33.310827219,646,1,res_7a10508e-56ae-4766-abd2-e94c8442b539,2012-02-24 20:01:16.727452219,0.05128205128205128
Case556,W_Afhandelen leads,res_2f56cb7e-3c7c-424a-95d0-d464cdf4e447,Role 1,2012-02-24 20:00:18.090277888,645,0,res_2f56cb7e-3c7c-424a-95d0-d464cdf4e447,2012-02-24 19:57:00.313600888,0.0
Case556,W_Completeren aanvraag,res_fa3ac963-7739-40ef-84e6-624c11774546,Role 1,2012-02-24 21:26:27.688330688,647,1,res_fa3ac963-7739-40ef-84e6-624c11774546,2012-02-24 21:23:51.643930688,0.0
Case556,W_Nabellen offertes,res_425ded41-e317-4198-891a-d9f3e32a6030,Role 1,2012-03-03 22:53:23.665995988,625,1,res_425ded41-e317-4198-891a-d9f3e32a6030,2012-03-03 22:51:03.431672988,0.0
Case556,W_Nabellen offertes,res_c3a01281-6e48-4ea3-a47a-9410360458be,Role 1,2012-03-07 03:20:39.353086788,629,1,res_c3a01281-6e48-4ea3-a47a-9410360458be,2012-03-07 03:18:36.724686788,0.0
Case557,W_Completeren aanvraag,res_0eb69d82-9670-4fe3-a195-9d055d280321,Role 1,2012-02-24 20:00:19.828324736,646,1,res_0eb69d82-9670-4fe3-a195-9d055d280321,2012-02-24 19:57:28.522078736,0.02564102564102564
Case557,W_Completeren aanvraag,res_d5418cc0-ed10-4016-ac16-0bc32f58673f,Role 1,2012-02-24 21:26:51.406145736,647,2,res_d5418cc0-ed10-4016-ac16-0bc32f58673f,2012-02-24 21:24:18.110089736,0.02564102564102564
Case557,W_Nabellen offertes,res_24e554c7-8afb-451c-a96e-dea7923be74d,Role 1,2012-03-04 00:10:10.000047436,624,1,res_24e554c7-8afb-451c-a96e-dea7923be74d,2012-03-04 00:07:49.299867436,0.0
Case557,W_Nabellen offertes,res_31f16881-0e61-460a-88bc-abc46854faba,Role 1,2012-03-07 06:16:14.364900336,626,1,res_31f16881-0e61-460a-88bc-abc46854faba,2012-03-07 06:12:23.836592336,0.0
Case557,W_Nabellen offertes,res_85f526bd-1f2c-4373-8dcc-9710ee98b7b2,Role 1,2012-03-08 18:09:35.834193136,629,1,res_85f526bd-1f2c-4373-8dcc-9710ee98b7b2,2012-03-08 18:07:50.726358136,0.0
Case557,W_Nabellen offertes,res_c09d353e-d1d3-4710-a13d-39ecb25ed3a8,Role 1,2012-03-10 06:57:55.166047336,622,1,res_c09d353e-d1d3-4710-a13d-39ecb25ed3a8,2012-03-10 06:56:12.582701336,0.0
Case558,W_Afhandelen leads,res_c6ff2914-8075-4a61-b381-b682f6eb47de,Role 1,2012-02-24 20:59:45.646646048,646,0,res_c6ff2914-8075-4a61-b381-b682f6eb47de,2012-02-24 20:56:27.678603048,0.0
Case558,W_Completeren aanvraag,res_7cc6cf66-7797-453d-b952-98449834316b,Role 1,2012-02-24 22:32:35.768016148,645,1,res_7cc6cf66-7797-453d-b952-98449834316b,2012-02-24 22:29:58.954998148,0.0
Case558,W_Nabellen offertes,res_f3a5d8a5-7894-4471-8b15-4aeaf83a4249,Role 1,2012-03-03 12:17:20.562503748,631,1,res_f3a5d8a5-7894-4471-8b15-4aeaf83a4249,2012-03-03 12:15:33.566461748,0.0
Case558,W_Nabellen offertes,res_a7efadcf-4796-49e4-a611-9f847fa3b6b3,Role 1,2012-03-06 12:10:36.115699447,614,1,res_a7efadcf-4796-49e4-a611-9f847fa3b6b3,2012-03-06 12:08:10.197315447,0.02564102564102564
Case558,W_Nabellen offertes,res_a6c40c08-3f7b-4865-a717-e7f1f1b6f98b,Role 1,2012-03-07 23:59:09.689532848,633,1,res_a6c40c08-3f7b-4865-a717-e7f1f1b6f98b,2012-03-07 23:57:39.446691848,0.0
Case559,W_Afhandelen leads,res_7a10508e-56ae-4766-abd2-e94c8442b539,Role 1,2012-02-24 21:01:14.336420605,647,1,res_7a10508e-56ae-4766-abd2-e94c8442b539,2012-02-24 20:58:03.385938605,0.02564102564102564
Case559,W_Completeren aanvraag,res_ddc79bf3-8255-4b9b-ace2-8a46af780bc5,Role 1,2012-02-24 22:34:28.884324805,645,2,res_ddc79bf3-8255-4b9b-ace2-8a46af780bc5,2012-02-24 22:31:58.678721805,0.02564102564102564
Case559,W_Nabellen offertes,res_7a10508e-56ae-4766-abd2-e94c8442b539,Role 1,2012-03-03 10:01:34.250983905,635,1,res_7a10508e-56ae-4766-abd2-e94c8442b539,2012-03-03 09:59:48.012157905,0.0
Case559,W_Nabellen offertes,res_501654f1-1e08-4e04-8b11-a5fd18a76e7d,Role 1,2012-03-06 23:14:48.201371104,630,1,res_501654f1-1e08-4e04-8b11-a5fd18a76e7d,2012-03-06 23:13:08.071023105,0.0
Case56,W_Afhandelen leads,res_a6c40c08-3f7b-4865-a717-e7f1f1b6f98b,Role 1,2012-02-14 16:10:05.385096368,542,0,res_a6c40c08-3f7b-4865-a717-e7f1f1b6f98b,2012-02-14 16:06:57.818018368,0.0
Case56,W_Completeren aanvraag,res_501654f1-1e08-4e04-8b11-a5fd18a76e7d,Role 1,2012-02-14 17:04:05.761300668,543,1,res_501654f1-1e08-4e04-8b11-a5fd18a76e7d,2012-02-14 17:01:32.259615668,0.0
Case560,W_Afhandelen leads,res_63d2fda6-0454-4ad2-8b55-d59c9622a8ed,Role 1,2012-02-24 21:57:35.414222378,647,0,res_63d2fda6-0454-4ad2-8b55-d59c9622a8ed,2012-02-24 21:54:17.321378378,0.0
Case560,W_Completeren aanvraag,res_e30a7ff2-fdff-43e2-93a6-f30f7d1f4d80,Role 1,2012-02-24 23:37:40.144186178,645,1,res_e30a7ff2-fdff-43e2-93a6-f30f7d1f4d80,2012-02-24 23:35:02.067637178,0.0
Case560,W_Completeren aanvraag,res_e30a7ff2-fdff-43e2-93a6-f30f7d1f4d80,Role 1,2012-02-25 19:47:29.106645378,642,1,res_e30a7ff2-fdff-43e2-93a6-f30f7d1f4d80,2012-02-25 19:45:36.196903378,0.0
Case561,W_Afhandelen leads,res_0eb69d82-9670-4fe3-a195-9d055d280321,Role 1,2012-02-25 10:14:37.451326542,644,0,res_0eb69d82-9670-4fe3-a195-9d055d280321,2012-02-25 10:11:22.169970542,0.0
Case561,W_Completeren aanvraag,res_408aec04-fa16-4916-b3c7-40322d591997,Role 1,2012-02-25 11:52:42.278232242,649,2,res_408aec04-fa16-4916-b3c7-40322d591997,2012-02-25 11:50:29.678551242,0.02564102564102564
Case561,W_Completeren aanvraag,res_408aec04-fa16-4916-b3c7-40322d591997,Role 1,2012-02-25 17:11:51.321935642,645,1,res_408aec04-fa16-4916-b3c7-40322d591997,2012-02-25 17:10:05.742104642,0.0
Case562,W_Completeren aanvraag,res_9548f08a-bc89-4837-8ec2-cdb10b4e93b0,Role 1,2012-02-25 10:18:42.003015749,645,2,res_9548f08a-bc89-4837-8ec2-cdb10b4e93b0,2012-02-25 10:16:02.239857749,0.02564102564102564
Case562,W_Completeren aanvraag,res_a7efadcf-4796-49e4-a611-9f847fa3b6b3,Role 1,2012-02-25 11:55:27.032263349,649,1,res_a7efadcf-4796-49e4-a611-9f847fa3b6b3,2012-02-25 11:53:25.456050349,0.0
Case562,W_Nabellen offertes,res_85f526bd-1f2c-4373-8dcc-9710ee98b7b2,Role 1,2012-03-02 09:07:05.864588049,633,1,res_85f526bd-1f2c-4373-8dcc-9710ee98b7b2,2012-03-02 09:05:22.786535049,0.05128205128205128
Case563,W_Afhandelen leads,res_7848a1c1-2878-42e4-b2ac-02ba3ecca52c,Role 1,2012-02-25 10:26:37.421864309,646,0,res_7848a1c1-2878-42e4-b2ac-02ba3ecca52c,2012-02-25 10:23:22.493601309,0.0
Case563,W_Completeren aanvraag,res_c09d353e-d1d3-4710-a13d-39ecb25ed3a8,Role 1,2012-02-25 12:01:22.608336809,649,1,res_c09d353e-d1d3-4710-a13d-39ecb25ed3a8,2012-02-25 11:59:07.175100809,0.0
Case564,W_Afhandelen leads,res_9548f08a-bc89-4837-8ec2-cdb10b4e93b0,Role 1,2012-02-25 10:34:20.601954529,647,0,res_9548f08a-bc89-4837-8ec2-cdb10b4e93b0,2012-02-25 10:31:05.918594529,0.0
Case564,W_Completeren aanvraag,res_f664dcd9-d4b7-456f-a1f7-9daea9e497fd,Role 1,2012-02-25 12:06:59.713412229,647,1,res_f664dcd9-d4b7-456f-a1f7-9daea9e497fd,2012-02-25 12:04:44.086952229,0.0
Case564,W_Completeren aanvraag,res_cd801f30-7ddb-4e0a-8319-c3bbd19d3bc0,Role 1,2012-02-25 17:46:36.851989229,644,1,res_cd801f30-7ddb-4e0a-8319-c3bbd19d3bc0,2012-02-25 17:44:50.440801229,0.0
Case564,W_Completeren aanvraag,res_7848a1c1-2878-42e4-b2ac-02ba3ecca52c,Role 1,2012-02-26 04:23:18.069053129,633,1,res_7848a1c1-2878-42e4-b2ac-02ba3ecca52c,2012-02-26 04:21:15.563681129,0.0
Case565,W_Afhandelen leads,res_177ed8cb-552b-4612-b348-20f464d6e7e5,Role 1,2012-02-25 10:40:53.270103129,648,0,res_177ed8cb-552b-4612-b348-20f464d6e7e5,2012-02-25 10:37:38.822393129,0.0
Case565,W_Completeren aanvraag,res_24e554c7-8afb-451c-a96e-dea7923be74d,Role 1,2012-02-25 12:11:49.749730129,647,1,res_24e554c7-8afb-451c-a96e-dea7923be74d,2012-02-25 12:09:33.960236129,0.0
Case566,W_Afhandelen leads,res_7a10508e-56ae-4766-abd2-e94c8442b539,Role 1,2012-02-25 10:45:36.167177249,649,0,res_7a10508e-56ae-4766-abd2-e94c8442b539,2012-02-25 10:42:21.914617249,0.0
Case566,W_Completeren aanvraag,res_cd801f30-7ddb-4e0a-8319-c3bbd19d3bc0,Role 1,2012-02-25 12:15:18.507143849,648,2,res_cd801f30-7ddb-4e0a-8319-c3bbd19d3bc0,2012-02-25 12:13:06.190841849,0.05128205128205128
Case566,W_Completeren aanvraag,res_a7efadcf-4796-49e4-a611-9f847fa3b6b3,Role 1,2012-02-25 17:59:30.324787149,644,1,res_a7efadcf-4796-49e4-a611-9f847fa3b6b3,2012-02-25 17:57:45.900772149,0.0
Case567,W_Completeren aanvraag,res_69f394fc-b099-49f7-8f4e-cce94cd03365,Role 1,2012-02-25 10:51:46.687596673,650,1,res_69f394fc-b099-49f7-8f4e-cce94cd03365,2012-02-25 10:49:00.863089673,0.0
Case567,W_Nabellen offertes,res_85f526bd-1f2c-4373-8dcc-9710ee98b7b2,Role 1,2012-02-25 11:43:02.558049173,648,1,res_85f526bd-1f2c-4373-8dcc-9710ee98b7b2,2012-02-25 11:41:07.686148173,0.0
Case567,W_Nabellen offertes,res_501654f1-1e08-4e04-8b11-a5fd18a76e7d,Role 1,2012-03-04 18:04:11.039416773,619,1,res_501654f1-1e08-4e04-8b11-a5fd18a76e7d,2012-03-04 18:02:34.490289773,0.0
Case567,W_Nabellen offertes,res_42f40199-b27a-43f0-a89c-188ab6bfaf36,Role 1,2012-03-08 02:50:38.261037073,628,1,res_42f40199-b27a-43f0-a89c-188ab6bfaf36,2012-03-08 02:48:50.398819073,0.02564102564102564
Case568,W_Completeren aanvraag,res_a7efadcf-4796-49e4-a611-9f847fa3b6b3,Role 1,2012-02-25 11:02:17.396962345,651,1,res_a7efadcf-4796-49e4-a611-9f847fa3b6b3,2012-02-25 10:59:32.531504345,0.0
Case569,W_Afhandelen leads,res_0eb69d82-9670-4fe3-a195-9d055d280321,Role 1,2012-02-25 11:07:24.436337553,651,0,res_0eb69d82-9670-4fe3-a195-9d055d280321,2012-02-25 11:04:12.601391553,0.02564102564102564
Case569,W_Completeren aanvraag,res_c3a01281-6e48-4ea3-a47a-9410360458be,Role 1,2012-02-25 12:32:06.857002553,647,1,res_c3a01281-6e48-4ea3-a47a-9410360458be,2012-02-25 12:29:50.717710553,0.0
Case569,W_Completeren aanvraag,res_7cc6cf66-7797-453d-b952-98449834316b,Role 1,2012-02-25 18:47:16.556066753,640,1,res_7cc6cf66-7797-453d-b952-98449834316b,2012-02-25 18:45:30.774793753,0.0
Case57,W_Afhandelen leads,res_85f526bd-1f2c-4373-8dcc-9710ee98b7b2,Role 1,2012-02-14 16:15:27.916659348,543,0,res_85f526bd-1f2c-4373-8dcc-9710ee98b7b2,2012-02-14 16:12:20.200622348,0.0
Case57,W_Completeren aanvraag,res_7848a1c1-2878-42e4-b2ac-02ba3ecca52c,Role 1,2012-02-14 17:09:24.875700048,542,1,res_7848a1c1-2878-42e4-b2ac-02ba3ecca52c,2012-02-14 17:06:51.335775048,0.0
Case57,W_Nabellen offertes,res_a6c40c08-3f7b-4865-a717-e7f1f1b6f98b,Role 1,2012-02-15 12:18:00.757247948,550,1,res_a6c40c08-3f7b-4865-a717-e7f1f1b6f98b,2012-02-15 12:15:28.345363948,0.0
Case57,W_Nabellen offertes,res_63d2fda6-0454-4ad2-8b55-d59c9622a8ed,Role 1,2012-02-22 01:55:11.287059248,631,1,res_63d2fda6-0454-4ad2-8b55-d59c9622a8ed,2012-02-22 01:52:05.187333248,0.02564102564102564
Case57,W_Nabellen offertes,res_c6ff2914-8075-4a61-b381-b682f6eb47de,Role 1,2012-02-23 14:05:08.424924948,632,1,res_c6ff2914-8075-4a61-b381-b682f6eb47de,2012-02-23 14:03:32.851791948,0.02564102564102564
Case570,W_Completeren aanvraag,res_69f394fc-b099-49f7-8f4e-cce94cd03365,Role 1,2012-02-25 11:25:00.408392071,651,1,res_69f394fc-b099-49f7-8f4e-cce94cd03365,2012-02-25 11:22:17.620343071,0.0
Case571,W_Completeren aanvraag,res_c09d353e-d1d3-4710-a13d-39ecb25ed3a8,Role 1,2012-02-25 11:42:46.763903753,649,1,res_c09d353e-d1d3-4710-a13d-39ecb25ed3a8,2012-02-25 11:40:05.512718753,0.0
Case571,W_Completeren aanvraag,res_9548f08a-bc89-4837-8ec2-cdb10b4e93b0,Role 1,2012-02-25 13:00:29.726800753,647,1,res_9548f08a-bc89-4837-8ec2-cdb10b4e93b0,2012-02-25 12:58:21.736906753,0.0
Case571,W_Completeren aanvraag,res_7cc6cf66-7797-453d-b952-98449834316b,Role 1,2012-02-25 19:32:28.280071953,639,1,res_7cc6cf66-7797-453d-b952-98449834316b,2012-02-25 19:30:47.318098953,0.0
Case571,W_Nabellen offertes,res_425ded41-e317-4198-891a-d9f3e32a6030,Role 1,2012-02-27 21:37:38.816975553,646,1,res_425ded41-e317-4198-891a-d9f3e32a6030,2012-02-27 21:35:55.464763553,0.02564102564102564
Case572,W_Completeren aanvraag,res_f612d14e-303a-4d03-a37a-3b98918a5014,Role 1,2012-02-25 12:06:42.470484375,647,1,res_f612d14e-303a-4d03-a37a-3b98918a5014,2012-02-25 12:04:03.137643375,0.0
Case573,W_Afhandelen leads,res_fa3ac963-7739-40ef-84e6-624c11774546,Role 1,2012-02-25 12:07:43.327872135,648,0,res_fa3ac963-7739-40ef-84e6-624c11774546,2012-02-25 12:04:34.368458135,0.02564102564102564
Case573,W_Completeren aanvraag,res_fa3ac963-7739-40ef-84e6-624c11774546,Role 1,2012-02-25 13:22:59.269507535,649,1,res_fa3ac963-7739-40ef-84e6-624c11774546,2012-02-25 13:20:40.915310535,0.0
Case573,W_Completeren aanvraag,res_ddc79bf3-8255-4b9b-ace2-8a46af780bc5,Role 1,2012-02-25 20:37:46.475807235,639,1,res_ddc79bf3-8255-4b9b-ace2-8a46af780bc5,2012-02-25 20:36:00.539225235,0.0
Case574,W_Afhandelen leads,res_63d2fda6-0454-4ad2-8b55-d59c9622a8ed,Role 1,2012-02-25 13:07:16.223841121,648,0,res_63d2fda6-0454-4ad2-8b55-d59c9622a8ed,2012-02-25 13:04:07.778134121,0.0
Case574,W_Completeren aanvraag,res_75b73935-48c2-4abe-9548-628b120b0d25,Role 1,2012-02-25 14:18:03.801998121,649,1,res_75b73935-48c2-4abe-9548-628b120b0d25,2012-02-25 14:15:42.463693121,0.0
Case574,W_Nabellen offertes,res_b5ab845a-5020-427e-b6f1-42df333cb3fb,Role 1,2012-03-03 13:54:40.405595721,629,2,res_b5ab845a-5020-427e-b6f1-42df333cb3fb,2012-03-03 13:52:53.664058721,0.02564102564102564
Case575,W_Afhandelen leads,res_6f56bab9-a4f7-420f-96ab-b17cd82647c1,Role 1,2012-02-25 13:07:40.759885068,649,1,res_6f56bab9-a4f7-420f-96ab-b17cd82647c1,2012-02-25 13:04:44.046177068,0.02564102564102564
Case575,W_Completeren aanvraag,res_c09d353e-d1d3-4710-a13d-39ecb25ed3a8,Role 1,2012-02-25 14:18:15.215632167,649,2,res_c09d353e-d1d3-4710-a13d-39ecb25ed3a8,2012-02-25 14:15:59.087064168,0.02564102564102564
Case576,W_Completeren aanvraag,res_b5ab845a-5020-427e-b6f1-42df333cb3fb,Role 1,2012-02-25 14:07:25.274394814,649,1,res_b5ab845a-5020-427e-b6f1-42df333cb3fb,2012-02-25 14:04:48.686667814,0.0
Case576,W_Nabellen offertes,res_24e554c7-8afb-451c-a96e-dea7923be74d,Role 1,2012-02-25 14:48:22.112265414,649,1,res_24e554c7-8afb-451c-a96e-dea7923be74d,2012-02-25 14:46:22.160590414,0.0
Case577,W_Afhandelen leads,res_63d2fda6-0454-4ad2-8b55-d59c9622a8ed,Role 1,2012-02-25 14:17:54.066127176,649,0,res_63d2fda6-0454-4ad2-8b55-d59c9622a8ed,2012-02-25 14:14:45.094485176,0.0
Case577,W_Completeren aanvraag,res_a6c40c08-3f7b-4865-a717-e7f1f1b6f98b,Role 1,2012-02-25 15:25:38.724851176,646,1,res_a6c40c08-3f7b-4865-a717-e7f1f1b6f98b,2012-02-25 15:23:13.948126176,0.0
Case577,W_Nabellen offertes,res_d5418cc0-ed10-4016-ac16-0bc32f58673f,Role 1,2012-03-03 18:10:52.065865176,626,1,res_d5418cc0-ed10-4016-ac16-0bc32f58673f,2012-03-03 18:08:49.887498176,0.0
Case578,W_Afhandelen leads,res_85f526bd-1f2c-4373-8dcc-9710ee98b7b2,Role 1,2012-02-25 15:58:28.957087505,645,0,res_85f526bd-1f2c-4373-8dcc-9710ee98b7b2,2012-02-25 15:55:16.671516505,0.0
Case578,W_Completeren aanvraag,res_e30a7ff2-fdff-43e2-93a6-f30f7d1f4d80,Role 1,2012-02-25 17:05:36.158055305,644,1,res_e30a7ff2-fdff-43e2-93a6-f30f7d1f4d80,2012-02-25 17:03:06.352728305,0.0
Case578,W_Nabellen offertes,res_3e93a9a9-cdc4-46ed-8b29-3e63e6d2a9a2,Role 1,2012-03-03 17:14:34.661417905,626,1,res_3e93a9a9-cdc4-46ed-8b29-3e63e6d2a9a2,2012-03-03 17:12:41.119094905,0.0
Case578,W_Nabellen offertes,res_f3a5d8a5-7894-4471-8b15-4aeaf83a4249,Role 1,2012-03-06 14:50:18.035377705,622,1,res_f3a5d8a5-7894-4471-8b15-4aeaf83a4249,2012-03-06 14:48:40.796563705,0.07692307692307693
Case579,W_Completeren aanvraag,res_fa3ac963-7739-40ef-84e6-624c11774546,Role 1,2012-02-26 10:16:38.919352765,628,1,res_fa3ac963-7739-40ef-84e6-624c11774546,2012-02-26 10:13:59.884247765,0.0
Case579,W_Nabellen offertes,res_d5418cc0-ed10-4016-ac16-0bc32f58673f,Role 1,2012-02-26 11:03:01.360759865,630,1,res_d5418cc0-ed10-4016-ac16-0bc32f58673f,2012-02-26 11:01:03.930537865,0.0
Case579,W_Nabellen offertes,res_ee4279a0-2b97-4f9d-9945-00c80ada4a95,Role 1,2012-03-05 06:41:56.876855165,612,1,res_ee4279a0-2b97-4f9d-9945-00c80ada4a95,2012-03-05 06:40:10.533918165,0.0
Case58,W_Afhandelen leads,res_c09d353e-d1d3-4710-a13d-39ecb25ed3a8,Role 1,2012-02-14 16:45:25.139189896,543,0,res_c09d353e-d1d3-4710-a13d-39ecb25ed3a8,2012-02-14 16:42:16.476193896,0.0
Case58,W_Completeren aanvraag,res_5c0494f5-5178-4b1a-9a41-59b27da90a66,Role 1,2012-02-14 17:39:11.467483496,543,1,res_5c0494f5-5178-4b1a-9a41-59b27da90a66,2012-02-14 17:36:37.690535496,0.0
Case580,W_Completeren aanvraag,res_d5418cc0-ed10-4016-ac16-0bc32f58673f,Role 1,2012-02-26 10:37:05.362625162,629,1,res_d5418cc0-ed10-4016-ac16-0bc32f58673f,2012-02-26 10:34:26.953034162,0.0
Case580,W_Nabellen offertes,res_e30a7ff2-fdff-43e2-93a6-f30f7d1f4d80,Role 1,2012-02-26 11:23:33.262499162,631,1,res_e30a7ff2-fdff-43e2-93a6-f30f7d1f4d80,2012-02-26 11:21:35.339044162,0.0
Case580,W_Nabellen offertes,res_9548f08a-bc89-4837-8ec2-cdb10b4e93b0,Role 1,2012-03-05 09:14:42.713886862,610,1,res_9548f08a-bc89-4837-8ec2-cdb10b4e93b0,2012-03-05 09:13:02.035406862,0.0
Case581,W_Completeren aanvraag,res_c3a01281-6e48-4ea3-a47a-9410360458be,Role 1,2012-02-26 10:56:18.123665026,630,1,res_c3a01281-6e48-4ea3-a47a-9410360458be,2012-02-26 10:53:40.478289026,0.0
Case581,W_Completeren aanvraag,res_85f526bd-1f2c-4373-8dcc-9710ee98b7b2,Role 1,2012-02-26 12:55:49.548785726,629,1,res_85f526bd-1f2c-4373-8dcc-9710ee98b7b2,2012-02-26 12:53:36.567667726,0.0
Case581,W_Nabellen offertes,res_f664dcd9-d4b7-456f-a1f7-9daea9e497fd,Role 1,2012-03-01 22:15:16.138102826,624,1,res_f664dcd9-d4b7-456f-a1f7-9daea9e497fd,2012-03-01 22:13:02.644205826,0.0
Case581,W_Nabellen offertes,res_6f56bab9-a4f7-420f-96ab-b17cd82647c1,Role 1,2012-03-05 00:31:36.600278526,614,1,res_6f56bab9-a4f7-420f-96ab-b17cd82647c1,2012-03-05 00:25:46.033198526,0.0
Case582,W_Completeren aanvraag,res_7848a1c1-2878-42e4-b2ac-02ba3ecca52c,Role 1,2012-02-26 11:17:02.318877897,631,1,res_7848a1c1-2878-42e4-b2ac-02ba3ecca52c,2012-02-26 11:14:25.681096897,0.0
Case582,W_Completeren aanvraag,res_dcb46f81-367a-42ae-96c2-833faef25480,Role 1,2012-02-26 13:09:36.874564897,629,1,res_dcb46f81-367a-42ae-96c2-833faef25480,2012-02-26 13:07:23.390543897,0.0
Case582,W_Completeren aanvraag,res_501654f1-1e08-4e04-8b11-a5fd18a76e7d,Role 1,2012-02-26 17:23:29.550181697,627,1,res_501654f1-1e08-4e04-8b11-a5fd18a76e7d,2012-02-26 17:21:37.589930697,0.0
Case582,W_Nabellen offertes,res_9e7fccd4-b30d-488c-ad55-351ad1a60226,Role 1,2012-02-28 14:34:47.056743697,625,1,res_9e7fccd4-b30d-488c-ad55-351ad1a60226,2012-02-28 14:30:40.864072697,0.0
Case583,W_Completeren aanvraag,res_f664dcd9-d4b7-456f-a1f7-9daea9e497fd,Role 1,2012-02-27 09:26:10.265451416,621,1,res_f664dcd9-d4b7-456f-a1f7-9daea9e497fd,2012-02-27 09:23:32.055419416,0.0
Case584,W_Afhandelen leads,res_69f394fc-b099-49f7-8f4e-cce94cd03365,Role 1,2012-02-27 09:27:37.010377224,622,0,res_69f394fc-b099-49f7-8f4e-cce94cd03365,2012-02-27 09:24:47.613842224,0.02564102564102564
Case584,W_Completeren aanvraag,res_b5ab845a-5020-427e-b6f1-42df333cb3fb,Role 1,2012-02-27 12:07:04.830948224,633,1,res_b5ab845a-5020-427e-b6f1-42df333cb3fb,2012-02-27 12:04:47.340165224,0.0
Case584,W_Nabellen offertes,res_2f56cb7e-3c7c-424a-95d0-d464cdf4e447,Role 1,2012-02-28 10:30:32.608739324,627,1,res_2f56cb7e-3c7c-424a-95d0-d464cdf4e447,2012-02-28 10:27:33.163659324,0.0
Case585,W_Afhandelen leads,res_7cc6cf66-7797-453d-b952-98449834316b,Role 1,2012-02-27 10:25:57.758046402,622,0,res_7cc6cf66-7797-453d-b952-98449834316b,2012-02-27 10:23:05.465095402,0.0
Case585,W_Completeren aanvraag,res_dcb46f81-367a-42ae-96c2-833faef25480,Role 1,2012-02-27 12:48:02.495069002,637,1,res_dcb46f81-367a-42ae-96c2-833faef25480,2012-02-27 12:45:44.249408002,0.02564102564102564
Case586,W_Completeren aanvraag,res_75b73935-48c2-4abe-9548-628b120b0d25,Role 1,2012-02-27 10:28:22.278163754,623,1,res_75b73935-48c2-4abe-9548-628b120b0d25,2012-02-27 10:25:45.648951754,0.02564102564102564
Case586,W_Nabellen offertes,res_9548f08a-bc89-4837-8ec2-cdb10b4e93b0,Role 1,2012-02-27 11:17:27.383526054,630,1,res_9548f08a-bc89-4837-8ec2-cdb10b4e93b0,2012-02-27 11:15:18.760528054,0.02564102564102564
Case587,W_Afhandelen leads,res_75b73935-48c2-4abe-9548-628b120b0d25,Role 1,2012-02-27 10:35:22.159294365,624,0,res_75b73935-48c2-4abe-9548-628b120b0d25,2012-02-27 10:32:29.634652365,0.0
Case587,W_Completeren aanvraag,res_0eb69d82-9670-4fe3-a195-9d055d280321,Role 1,2012-02-27 12:55:27.824628765,637,2,res_0eb69d82-9670-4fe3-a195-9d055d280321,2012-02-27 12:53:10.323675765,0.02564102564102564
Case587,W_Nabellen offertes,res_501654f1-1e08-4e04-8b11-a5fd18a76e7d,Role 1,2012-02-29 03:59:49.879570165,627,1,res_501654f1-1e08-4e04-8b11-a5fd18a76e7d,2012-02-29 03:57:56.803390165,0.0
Case587,W_Nabellen offertes,res_c3a01281-6e48-4ea3-a47a-9410360458be,Role 1,2012-03-04 11:42:21.007876565,621,1,res_c3a01281-6e48-4ea3-a47a-9410360458be,2012-03-04 11:40:45.539725565,0.0
Case588,W_Completeren aanvraag,res_501654f1-1e08-4e04-8b11-a5fd18a76e7d,Role 1,2012-02-27 10:39:12.791954537,625,1,res_501654f1-1e08-4e04-8b11-a5fd18a76e7d,2012-02-27 10:36:36.458833537,0.0
Case588,W_Completeren aanvraag,res_46a776b0-74ef-429c-befa-758731ba64c1,Role 1,2012-02-27 12:58:05.596062037,637,1,res_46a776b0-74ef-429c-befa-758731ba64c1,2012-02-27 12:55:51.207064037,0.0
Case588,W_Nabellen offertes,res_69f394fc-b099-49f7-8f4e-cce94cd03365,Role 1,2012-02-29 04:40:12.438125337,627,1,res_69f394fc-b099-49f7-8f4e-cce94cd03365,2012-02-29 04:38:14.487334337,0.0
Case588,W_Nabellen offertes,res_f3a5d8a5-7894-4471-8b15-4aeaf83a4249,Role 1,2012-03-04 15:51:27.542342637,616,1,res_f3a5d8a5-7894-4471-8b15-4aeaf83a4249,2012-03-04 15:49:11.328874637,0.0
Case589,W_Completeren aanvraag,res_69f394fc-b099-49f7-8f4e-cce94cd03365,Role 1,2012-02-27 10:44:26.863794417,626,1,res_69f394fc-b099-49f7-8f4e-cce94cd03365,2012-02-27 10:41:50.781872417,0.0
Case59,W_Afhandelen leads,res_a7efadcf-4796-49e4-a611-9f847fa3b6b3,Role 1,2012-02-14 17:09:39.499586716,543,0,res_a7efadcf-4796-49e4-a611-9f847fa3b6b3,2012-02-14 17:06:30.220248716,0.0
Case59,W_Completeren aanvraag,res_8435ed72-5b45-4de1-a40d-2e20f14bd3c6,Role 1,2012-02-14 18:03:29.546334416,543,1,res_8435ed72-5b45-4de1-a40d-2e20f14bd3c6,2012-02-14 18:00:55.681978416,0.0
Case59,W_Completeren aanvraag,res_b5ab845a-5020-427e-b6f1-42df333cb3fb,Role 1,2012-02-14 19:23:32.153733816,545,1,res_b5ab845a-5020-427e-b6f1-42df333cb3fb,2012-02-14 19:21:16.741574816,0.02564102564102564
Case590,W_Afhandelen leads,res_e30a7ff2-fdff-43e2-93a6-f30f7d1f4d80,Role 1,2012-02-27 10:50:05.050021759,626,0,res_e30a7ff2-fdff-43e2-93a6-f30f7d1f4d80,2012-02-27 10:47:12.157030759,0.0
Case590,W_Completeren aanvraag,res_9548f08a-bc89-4837-8ec2-cdb10b4e93b0,Role 1,2012-02-27 13:05:42.384786359,638,1,res_9548f08a-bc89-4837-8ec2-cdb10b4e93b0,2012-02-27 13:03:23.233452359,0.0
Case590,W_Completeren aanvraag,res_6f56bab9-a4f7-420f-96ab-b17cd82647c1,Role 1,2012-02-27 16:13:17.188676759,644,2,res_6f56bab9-a4f7-420f-96ab-b17cd82647c1,2012-02-27 16:11:06.493709759,0.02564102564102564
Case590,W_Completeren aanvraag,res_425ded41-e317-4198-891a-d9f3e32a6030,Role 1,2012-02-27 17:43:14.780217559,646,1,res_425ded41-e317-4198-891a-d9f3e32a6030,2012-02-27 17:41:25.092570559,0.0
Case591,W_Afhandelen leads,res_46a776b0-74ef-429c-befa-758731ba64c1,Role 1,2012-02-27 10:54:40.170098779,627,0,res_46a776b0-74ef-429c-befa-758731ba64c1,2012-02-27 10:51:47.189689779,0.0
Case591,W_Completeren aanvraag,res_3e93a9a9-cdc4-46ed-8b29-3e63e6d2a9a2,Role 1,2012-02-27 13:08:53.121032779,639,1,res_3e93a9a9-cdc4-46ed-8b29-3e63e6d2a9a2,2012-02-27 13:06:34.317713779,0.02564102564102564
Case592,W_Afhandelen leads,res_fa3ac963-7739-40ef-84e6-624c11774546,Role 1,2012-02-27 11:00:00.403339121,628,0,res_fa3ac963-7739-40ef-84e6-624c11774546,2012-02-27 10:57:08.564848121,0.02564102564102564
Case592,W_Completeren aanvraag,res_177ed8cb-552b-4612-b348-20f464d6e7e5,Role 1,2012-02-27 13:11:37.299641121,638,1,res_177ed8cb-552b-4612-b348-20f464d6e7e5,2012-02-27 13:09:18.273756121,0.0
Case592,W_Nabellen offertes,res_7cc6cf66-7797-453d-b952-98449834316b,Role 1,2012-02-29 08:57:39.843961121,624,1,res_7cc6cf66-7797-453d-b952-98449834316b,2012-02-29 08:54:32.699284121,0.0
Case593,W_Completeren aanvraag,res_7a10508e-56ae-4766-abd2-e94c8442b539,Role 1,2012-02-27 11:05:13.751142201,629,1,res_7a10508e-56ae-4766-abd2-e94c8442b539,2012-02-27 11:02:39.007017201,0.02564102564102564
Case593,W_Nabellen offertes,res_ee4279a0-2b97-4f9d-9945-00c80ada4a95,Role 1,2012-02-27 11:51:53.501696801,634,1,res_ee4279a0-2b97-4f9d-9945-00c80ada4a95,2012-02-27 11:49:43.248704801,0.02564102564102564
Case594,W_Afhandelen leads,res_f664dcd9-d4b7-456f-a1f7-9daea9e497fd,Role 1,2012-02-27 11:12:27.363498824,630,0,res_f664dcd9-d4b7-456f-a1f7-9daea9e497fd,2012-02-27 11:09:34.074619824,0.0
Case594,W_Completeren aanvraag,res_cd801f30-7ddb-4e0a-8319-c3bbd19d3bc0,Role 1,2012-02-27 13:20:09.691469624,639,1,res_cd801f30-7ddb-4e0a-8319-c3bbd19d3bc0,2012-02-27 13:17:50.482583624,0.02564102564102564
Case594,W_Completeren aanvraag,res_a6c40c08-3f7b-4865-a717-e7f1f1b6f98b,Role 1,2012-02-27 16:29:44.263155324,645,2,res_a6c40c08-3f7b-4865-a717-e7f1f1b6f98b,2012-02-27 16:27:34.221785324,0.02564102564102564
Case595,W_Completeren aanvraag,res_408aec04-fa16-4916-b3c7-40322d591997,Role 1,2012-02-27 11:16:50.316013306,630,1,res_408aec04-fa16-4916-b3c7-40322d591997,2012-02-27 11:14:16.159398306,0.0
Case595,W_Completeren aanvraag,res_69f394fc-b099-49f7-8f4e-cce94cd03365,Role 1,2012-02-27 13:24:09.721294206,639,2,res_69f394fc-b099-49f7-8f4e-cce94cd03365,2012-02-27 13:21:55.481537206,0.02564102564102564
Case596,W_Afhandelen leads,res_85f526bd-1f2c-4373-8dcc-9710ee98b7b2,Role 1,2012-02-27 11:22:45.084818572,631,0,res_85f526bd-1f2c-4373-8dcc-9710ee98b7b2,2012-02-27 11:19:51.638795572,0.0
Case596,W_Completeren aanvraag,res_f612d14e-303a-4d03-a37a-3b98918a5014,Role 1,2012-02-27 13:28:18.676799372,637,1,res_f612d14e-303a-4d03-a37a-3b98918a5014,2012-02-27 13:25:58.719735372,0.0
Case597,W_Completeren aanvraag,res_e30a7ff2-fdff-43e2-93a6-f30f7d1f4d80,Role 1,2012-02-27 11:27:18.190508066,632,1,res_e30a7ff2-fdff-43e2-93a6-f30f7d1f4d80,2012-02-27 11:24:44.805476066,0.0
Case598,W_Completeren aanvraag,res_fa3ac963-7739-40ef-84e6-624c11774546,Role 1,2012-02-27 11:27:45.551238826,633,2,res_fa3ac963-7739-40ef-84e6-624c11774546,2012-02-27 11:25:16.036290827,0.02564102564102564
Case598,W_Nabellen offertes,res_85f526bd-1f2c-4373-8dcc-9710ee98b7b2,Role 1,2012-02-27 12:13:22.325020127,636,1,res_85f526bd-1f2c-4373-8dcc-9710ee98b7b2,2012-02-27 12:11:11.810282127,0.02564102564102564
Case599,W_Completeren aanvraag,res_8435ed72-5b45-4de1-a40d-2e20f14bd3c6,Role 1,2012-02-27 11:33:18.388921268,633,1,res_8435ed72-5b45-4de1-a40d-2e20f14bd3c6,2012-02-27 11:30:45.471014268,0.0
Case599,W_Nabellen offertes,res_5c0494f5-5178-4b1a-9a41-59b27da90a66,Role 1,2012-02-27 12:18:40.788377168,635,1,res_5c0494f5-5178-4b1a-9a41-59b27da90a66,2012-02-27 12:16:28.165824168,0.0
Case599,W_Nabellen offertes,res_69f394fc-b099-49f7-8f4e-cce94cd03365,Role 1,2012-03-06 01:21:13.733377968,604,1,res_69f394fc-b099-49f7-8f4e-cce94cd03365,2012-03-06 01:17:14.471150968,0.0
Case599,W_Nabellen offertes,res_c3a01281-6e48-4ea3-a47a-9410360458be,Role 1,2012-03-07 19:06:20.667674968,632,1,res_c3a01281-6e48-4ea3-a47a-9410360458be,2012-03-07 19:04:47.743785968,0.0
Case6,W_Completeren aanvraag,res_a6c40c08-3f7b-4865-a717-e7f1f1b6f98b,Role 1,2012-02-13 19:45:17.171754549,524,1,res_a6c40c08-3f7b-4865-a717-e7f1f1b6f98b,2012-02-13 19:42:45.964038549,0.0
Case6,W_Completeren aanvraag,res_cd801f30-7ddb-4e0a-8319-c3bbd19d3bc0,Role 1,2012-02-13 20:43:01.046127449,524,1,res_cd801f30-7ddb-4e0a-8319-c3bbd19d3bc0,2012-02-13 20:40:34.480473449,0.0
Case6,W_Completeren aanvraag,res_c3a01281-6e48-4ea3-a47a-9410360458be,Role 1,2012-02-13 23:36:21.165881649,523,1,res_c3a01281-6e48-4ea3-a47a-9410360458be,2012-02-13 23:34:08.976659649,0.0
Case60,W_Completeren aanvraag,res_e30a7ff2-fdff-43e2-93a6-f30f7d1f4d80,Role 1,2012-02-14 17:13:30.384514010,544,2,res_e30a7ff2-fdff-43e2-93a6-f30f7d1f4d80,2012-02-14 17:11:07.267799010,0.02564102564102564
Case60,W_Nabellen offertes,res_5c0494f5-5178-4b1a-9a41-59b27da90a66,Role 1,2012-02-14 17:32:45.519904110,544,1,res_5c0494f5-5178-4b1a-9a41-59b27da90a66,2012-02-14 17:30:26.226419110,0.0
Case600,W_Completeren aanvraag,res_cd801f30-7ddb-4e0a-8319-c3bbd19d3bc0,Role 1,2012-02-27 11:42:41.825996232,633,1,res_cd801f30-7ddb-4e0a-8319-c3bbd19d3bc0,2012-02-27 11:40:09.640571232,0.0
Case600,W_Nabellen offertes,res_f664dcd9-d4b7-456f-a1f7-9daea9e497fd,Role 1,2012-02-27 12:27:44.492121032,636,1,res_f664dcd9-d4b7-456f-a1f7-9daea9e497fd,2012-02-27 12:25:31.381697032,0.0
Case601,W_Completeren aanvraag,res_9548f08a-bc89-4837-8ec2-cdb10b4e93b0,Role 1,2012-02-27 11:47:20.495742802,634,1,res_9548f08a-bc89-4837-8ec2-cdb10b4e93b0,2012-02-27 11:44:48.703012802,0.0
Case601,W_Nabellen offertes,res_69f394fc-b099-49f7-8f4e-cce94cd03365,Role 1,2012-02-27 12:32:09.856916402,637,1,res_69f394fc-b099-49f7-8f4e-cce94cd03365,2012-02-27 12:29:56.571414402,0.05128205128205128
Case602,W_Afhandelen leads,res_e30a7ff2-fdff-43e2-93a6-f30f7d1f4d80,Role 1,2012-02-27 11:55:46.975448409,634,0,res_e30a7ff2-fdff-43e2-93a6-f30f7d1f4d80,2012-02-27 11:52:53.284364409,0.0
Case602,W_Completeren aanvraag,res_5c0494f5-5178-4b1a-9a41-59b27da90a66,Role 1,2012-02-27 13:49:14.935723708,639,1,res_5c0494f5-5178-4b1a-9a41-59b27da90a66,2012-02-27 13:46:54.552015708,0.02564102564102564
Case602,W_Completeren aanvraag,res_7848a1c1-2878-42e4-b2ac-02ba3ecca52c,Role 1,2012-02-27 17:05:34.172420509,645,1,res_7848a1c1-2878-42e4-b2ac-02ba3ecca52c,2012-02-27 17:03:23.696119509,0.0
Case602,W_Nabellen offertes,res_c6ff2914-8075-4a61-b381-b682f6eb47de,Role 1,2012-02-28 18:42:36.228060409,629,1,res_c6ff2914-8075-4a61-b381-b682f6eb47de,2012-02-28 18:40:49.801915409,0.0
Case603,W_Afhandelen leads,res_177ed8cb-552b-4612-b348-20f464d6e7e5,Role 1,2012-02-27 12:02:11.802272910,635,0,res_177ed8cb-552b-4612-b348-20f464d6e7e5,2012-02-27 11:59:18.128597910,0.0
Case603,W_Completeren aanvraag,res_f3a5d8a5-7894-4471-8b15-4aeaf83a4249,Role 1,2012-02-27 13:52:46.486117709,639,1,res_f3a5d8a5-7894-4471-8b15-4aeaf83a4249,2012-02-27 13:50:25.390316709,0.0
Case604,W_Completeren aanvraag,res_0eb69d82-9670-4fe3-a195-9d055d280321,Role 1,2012-02-27 12:09:31.463727130,636,1,res_0eb69d82-9670-4fe3-a195-9d055d280321,2012-02-27 12:07:01.553591130,0.0
Case604,W_Nabellen offertes,res_501654f1-1e08-4e04-8b11-a5fd18a76e7d,Role 1,2012-02-27 12:53:29.143725430,638,1,res_501654f1-1e08-4e04-8b11-a5fd18a76e7d,2012-02-27 12:51:14.706945430,0.0
Case604,W_Nabellen offertes,res_2f56cb7e-3c7c-424a-95d0-d464cdf4e447,Role 1,2012-03-06 05:27:42.983096530,614,1,res_2f56cb7e-3c7c-424a-95d0-d464cdf4e447,2012-03-06 05:25:34.790007530,0.02564102564102564
Case605,W_Completeren aanvraag,res_8435ed72-5b45-4de1-a40d-2e20f14bd3c6,Role 1,2012-02-27 12:17:38.390001649,636,1,res_8435ed72-5b45-4de1-a40d-2e20f14bd3c6,2012-02-27 12:15:09.157279649,0.0
Case605,W_Nabellen offertes,res_d5418cc0-ed10-4016-ac16-0bc32f58673f,Role 1,2012-02-27 13:01:13.794734649,639,1,res_d5418cc0-ed10-4016-ac16-0bc32f58673f,2012-02-27 12:58:58.727080649,0.05128205128205128
Case605,W_Nabellen offertes,res_c6ff2914-8075-4a61-b381-b682f6eb47de,Role 1,2012-03-06 06:30:26.858597949,615,2,res_c6ff2914-8075-4a61-b381-b682f6eb47de,2012-03-06 06:28:29.730847949,0.02564102564102564
Case606,W_Afhandelen leads,res_42f40199-b27a-43f0-a89c-188ab6bfaf36,Role 1,2012-02-27 12:27:45.138781087,636,0,res_42f40199-b27a-43f0-a89c-188ab6bfaf36,2012-02-27 12:24:51.460858087,0.0
Case606,W_Completeren aanvraag,res_9548f08a-bc89-4837-8ec2-cdb10b4e93b0,Role 1,2012-02-27 13:58:46.672584387,637,1,res_9548f08a-bc89-4837-8ec2-cdb10b4e93b0,2012-02-27 13:56:24.895149387,0.0
Case606,W_Completeren aanvraag,res_501654f1-1e08-4e04-8b11-a5fd18a76e7d,Role 1,2012-02-27 16:58:56.054342987,646,1,res_501654f1-1e08-4e04-8b11-a5fd18a76e7d,2012-02-27 16:56:45.232966987,0.0
Case607,W_Completeren aanvraag,res_cd801f30-7ddb-4e0a-8319-c3bbd19d3bc0,Role 1,2012-02-27 12:28:09.967624959,637,1,res_cd801f30-7ddb-4e0a-8319-c3bbd19d3bc0,2012-02-27 12:25:41.833139959,0.02564102564102564
Case607,W_Nabellen offertes,res_c6ff2914-8075-4a61-b381-b682f6eb47de,Role 1,2012-02-27 13:11:02.453826159,639,1,res_c6ff2914-8075-4a61-b381-b682f6eb47de,2012-02-27 13:08:47.826138159,0.0
Case607,W_Nabellen offertes,res_69f394fc-b099-49f7-8f4e-cce94cd03365,Role 1,2012-03-06 09:03:41.345801959,622,1,res_69f394fc-b099-49f7-8f4e-cce94cd03365,2012-03-06 09:01:53.405639959,0.05128205128205128
Case608,W_Afhandelen leads,res_7cc6cf66-7797-453d-b952-98449834316b,Role 1,2012-02-27 12:35:18.440431933,637,0,res_7cc6cf66-7797-453d-b952-98449834316b,2012-02-27 12:32:24.811394933,0.0
Case608,W_Completeren aanvraag,res_e30a7ff2-fdff-43e2-93a6-f30f7d1f4d80,Role 1,2012-02-27 14:05:08.529904033,637,1,res_e30a7ff2-fdff-43e2-93a6-f30f7d1f4d80,2012-02-27 14:02:46.511393033,0.0
Case608,W_Nabellen offertes,res_31f16881-0e61-460a-88bc-abc46854faba,Role 1,2012-02-29 13:00:40.220130633,618,1,res_31f16881-0e61-460a-88bc-abc46854faba,2012-02-29 12:57:23.137952633,0.0
Case609,W_Completeren aanvraag,res_75b73935-48c2-4abe-9548-628b120b0d25,Role 1,2012-02-27 12:41:11.946590247,637,1,res_75b73935-48c2-4abe-9548-628b120b0d25,2012-02-27 12:38:44.618400247,0.0
Case609,W_Completeren aanvraag,res_42f40199-b27a-43f0-a89c-188ab6bfaf36,Role 1,2012-02-27 14:07:43.623324847,638,1,res_42f40199-b27a-43f0-a89c-188ab6bfaf36,2012-02-27 14:05:26.040586847,0.05128205128205128
Case61,W_Completeren aanvraag,res_0eb69d82-9670-4fe3-a195-9d055d280321,Role 1,2012-02-14 17:47:48.575832468,543,1,res_0eb69d82-9670-4fe3-a195-9d055d280321,2012-02-14 17:45:19.434562468,0.0
Case61,W_Completeren aanvraag,res_63d2fda6-0454-4ad2-8b55-d59c9622a8ed,Role 1,2012-02-14 18:42:08.136303668,544,1,res_63d2fda6-0454-4ad2-8b55-d59c9622a8ed,2012-02-14 18:39:39.899665668,0.0
Case610,W_Completeren aanvraag,res_85f526bd-1f2c-4373-8dcc-9710ee98b7b2,Role 1,2012-02-27 12:47:06.691091811,638,2,res_85f526bd-1f2c-4373-8dcc-9710ee98b7b2,2012-02-27 12:44:44.276492811,0.02564102564102564
Case610,W_Completeren aanvraag,res_9e7fccd4-b30d-488c-ad55-351ad1a60226,Role 1,2012-02-27 14:13:27.577319911,638,2,res_9e7fccd4-b30d-488c-ad55-351ad1a60226,2012-02-27 14:11:11.715274911,0.02564102564102564
Case611,W_Afhandelen leads,res_69f394fc-b099-49f7-8f4e-cce94cd03365,Role 1,2012-02-27 12:55:13.476101207,639,0,res_69f394fc-b099-49f7-8f4e-cce94cd03365,2012-02-27 12:52:21.656812207,0.02564102564102564
Case611,W_Completeren aanvraag,res_b5ab845a-5020-427e-b6f1-42df333cb3fb,Role 1,2012-02-27 14:12:15.651604207,638,2,res_b5ab845a-5020-427e-b6f1-42df333cb3fb,2012-02-27 14:09:55.375655207,0.02564102564102564
Case612,W_Completeren aanvraag,res_85f526bd-1f2c-4373-8dcc-9710ee98b7b2,Role 1,2012-02-27 13:01:57.272142942,639,2,res_85f526bd-1f2c-4373-8dcc-9710ee98b7b2,2012-02-27 12:59:35.865881942,0.02564102564102564
Case612,W_Completeren aanvraag,res_d5418cc0-ed10-4016-ac16-0bc32f58673f,Role 1,2012-02-27 14:21:06.463327342,637,2,res_d5418cc0-ed10-4016-ac16-0bc32f58673f,2012-02-27 14:18:50.229705342,0.02564102564102564
Case613,W_Completeren aanvraag,res_69f394fc-b099-49f7-8f4e-cce94cd03365,Role 1,2012-02-27 13:11:36.024736918,640,1,res_69f394fc-b099-49f7-8f4e-cce94cd03365,2012-02-27 13:09:11.117340918,0.02564102564102564
Case614,W_Completeren aanvraag,res_f612d14e-303a-4d03-a37a-3b98918a5014,Role 1,2012-02-27 13:19:59.635027636,637,1,res_f612d14e-303a-4d03-a37a-3b98918a5014,2012-02-27 13:17:34.840159636,0.0
Case615,W_Afhandelen leads,res_7848a1c1-2878-42e4-b2ac-02ba3ecca52c,Role 1,2012-02-27 13:28:45.544554892,637,0,res_7848a1c1-2878-42e4-b2ac-02ba3ecca52c,2012-02-27 13:25:51.510858892,0.0
Case615,W_Completeren aanvraag,res_f664dcd9-d4b7-456f-a1f7-9daea9e497fd,Role 1,2012-02-27 14:36:31.159959992,637,1,res_f664dcd9-d4b7-456f-a1f7-9daea9e497fd,2012-02-27 14:34:07.547332992,0.0
Case615,W_Completeren aanvraag,res_d5418cc0-ed10-4016-ac16-0bc32f58673f,Role 1,2012-02-27 16:45:47.745454792,645,1,res_d5418cc0-ed10-4016-ac16-0bc32f58673f,2012-02-27 16:43:36.699109792,0.0
Case616,W_Afhandelen leads,res_ee4279a0-2b97-4f9d-9945-00c80ada4a95,Role 1,2012-02-27 13:28:55.788937278,638,1,res_ee4279a0-2b97-4f9d-9945-00c80ada4a95,2012-02-27 13:26:12.667217278,0.02564102564102564
Case616,W_Completeren aanvraag,res_408aec04-fa16-4916-b3c7-40322d591997,Role 1,2012-02-27 14:38:16.768753077,638,3,res_408aec04-fa16-4916-b3c7-40322d591997,2012-02-27 14:35:58.254987078,0.05128205128205128
Case616,W_Nabellen offertes,res_ee4279a0-2b97-4f9d-9945-00c80ada4a95,Role 1,2012-02-29 10:39:39.667253878,621,1,res_ee4279a0-2b97-4f9d-9945-00c80ada4a95,2012-02-29 10:35:49.757248878,0.0
Case616,W_Nabellen offertes,res_e30a7ff2-fdff-43e2-93a6-f30f7d1f4d80,Role 1,2012-03-05 05:07:25.605994078,611,1,res_e30a7ff2-fdff-43e2-93a6-f30f7d1f4d80,2012-03-05 05:05:41.237463078,0.0
Case616,W_Nabellen offertes,res_a7efadcf-4796-49e4-a611-9f847fa3b6b3,Role 1,2012-03-07 09:48:17.224710678,631,1,res_a7efadcf-4796-49e4-a611-9f847fa3b6b3,2012-03-07 09:46:34.590823678,0.0
Case616,W_Nabellen offertes,res_425ded41-e317-4198-891a-d9f3e32a6030,Role 1,2012-03-08 22:16:40.765814778,623,1,res_425ded41-e317-4198-891a-d9f3e32a6030,2012-03-08 22:15:07.136005778,0.0
Case616,W_Nabellen offertes,res_69f394fc-b099-49f7-8f4e-cce94cd03365,Role 1,2012-03-10 16:05:43.637570778,621,1,res_69f394fc-b099-49f7-8f4e-cce94cd03365,2012-03-10 16:03:50.531740778,0.02564102564102564
Case617,W_Completeren aanvraag,res_ee4279a0-2b97-4f9d-9945-00c80ada4a95,Role 1,2012-02-27 13:33:18.846257760,639,1,res_ee4279a0-2b97-4f9d-9945-00c80ada4a95,2012-02-27 13:30:54.751995760,0.0
Case618,W_Afhandelen leads,res_b5ab845a-5020-427e-b6f1-42df333cb3fb,Role 1,2012-02-27 13:38:02.718505394,639,0,res_b5ab845a-5020-427e-b6f1-42df333cb3fb,2012-02-27 13:35:08.628296394,0.0
Case618,W_Completeren aanvraag,res_ddc79bf3-8255-4b9b-ace2-8a46af780bc5,Role 1,2012-02-27 14:43:39.322696094,638,1,res_ddc79bf3-8255-4b9b-ace2-8a46af780bc5,2012-02-27 14:41:15.442822094,0.0
Case619,W_Completeren aanvraag,res_0eb69d82-9670-4fe3-a195-9d055d280321,Role 1,2012-02-27 13:47:57.397205242,639,1,res_0eb69d82-9670-4fe3-a195-9d055d280321,2012-02-27 13:45:34.252037242,0.02564102564102564
Case62,W_Afhandelen leads,res_f612d14e-303a-4d03-a37a-3b98918a5014,Role 1,2012-02-14 18:12:50.400237750,544,0,res_f612d14e-303a-4d03-a37a-3b98918a5014,2012-02-14 18:09:40.230736750,0.0
Case62,W_Completeren aanvraag,res_7a10508e-56ae-4766-abd2-e94c8442b539,Role 1,2012-02-14 19:07:58.862907250,544,1,res_7a10508e-56ae-4766-abd2-e94c8442b539,2012-02-14 19:05:25.283700250,0.0
Case62,W_Completeren aanvraag,res_63d2fda6-0454-4ad2-8b55-d59c9622a8ed,Role 1,2012-02-14 20:42:36.651994550,544,1,res_63d2fda6-0454-4ad2-8b55-d59c9622a8ed,2012-02-14 20:40:21.490099550,0.0
Case62,W_Nabellen offertes,res_5c0494f5-5178-4b1a-9a41-59b27da90a66,Role 1,2012-02-15 21:27:40.081670050,563,1,res_5c0494f5-5178-4b1a-9a41-59b27da90a66,2012-02-15 21:25:56.926814050,0.0
Case62,W_Nabellen offertes,res_8435ed72-5b45-4de1-a40d-2e20f14bd3c6,Role 1,2012-02-18 05:40:40.919991050,606,1,res_8435ed72-5b45-4de1-a40d-2e20f14bd3c6,2012-02-18 05:39:02.838610050,0.02564102564102564
Case62,W_Nabellen offertes,res_425ded41-e317-4198-891a-d9f3e32a6030,Role 1,2012-02-20 16:16:01.483709050,598,1,res_425ded41-e317-4198-891a-d9f3e32a6030,2012-02-20 16:06:51.239645050,0.0
Case620,W_Completeren aanvraag,res_d5418cc0-ed10-4016-ac16-0bc32f58673f,Role 1,2012-02-27 13:52:54.618657835,638,2,res_d5418cc0-ed10-4016-ac16-0bc32f58673f,2012-02-27 13:50:35.478282835,0.02564102564102564
Case621,W_Afhandelen leads,res_d5418cc0-ed10-4016-ac16-0bc32f58673f,Role 1,2012-02-27 13:58:34.465592616,638,0,res_d5418cc0-ed10-4016-ac16-0bc32f58673f,2012-02-27 13:55:41.741756616,0.02564102564102564
Case621,W_Completeren aanvraag,res_42f40199-b27a-43f0-a89c-188ab6bfaf36,Role 1,2012-02-27 14:59:36.750423216,639,1,res_42f40199-b27a-43f0-a89c-188ab6bfaf36,2012-02-27 14:57:12.541820216,0.0
Case622,W_Completeren aanvraag,res_5c0494f5-5178-4b1a-9a41-59b27da90a66,Role 1,2012-02-27 14:03:19.164331495,638,1,res_5c0494f5-5178-4b1a-9a41-59b27da90a66,2012-02-27 14:00:56.064795495,0.0
Case622,W_Nabellen offertes,res_fa3ac963-7739-40ef-84e6-624c11774546,Role 1,2012-02-27 14:36:12.000648595,638,1,res_fa3ac963-7739-40ef-84e6-624c11774546,2012-02-27 14:33:52.017772595,0.02564102564102564
Case622,W_Nabellen offertes,res_24e554c7-8afb-451c-a96e-dea7923be74d,Role 1,2012-03-07 00:41:53.008293995,626,1,res_24e554c7-8afb-451c-a96e-dea7923be74d,2012-03-07 00:37:23.702710995,0.0
Case622,W_Nabellen offertes,res_fa3ac963-7739-40ef-84e6-624c11774546,Role 1,2012-03-08 15:31:37.028650095,626,1,res_fa3ac963-7739-40ef-84e6-624c11774546,2012-03-08 15:29:58.357263095,0.0
Case622,W_Nabellen offertes,res_24e554c7-8afb-451c-a96e-dea7923be74d,Role 1,2012-03-10 05:10:05.130771195,619,1,res_24e554c7-8afb-451c-a96e-dea7923be74d,2012-03-10 04:59:49.132514195,0.0
Case623,W_Completeren aanvraag,res_501654f1-1e08-4e04-8b11-a5fd18a76e7d,Role 1,2012-02-27 14:12:17.987051524,637,1,res_501654f1-1e08-4e04-8b11-a5fd18a76e7d,2012-02-27 14:09:55.048211524,0.0
Case623,W_Nabellen offertes,res_0eb69d82-9670-4fe3-a195-9d055d280321,Role 1,2012-02-27 14:44:08.659984724,638,1,res_0eb69d82-9670-4fe3-a195-9d055d280321,2012-02-27 14:41:48.605628724,0.0
Case623,W_Nabellen offertes,res_7848a1c1-2878-42e4-b2ac-02ba3ecca52c,Role 1,2012-03-07 02:09:45.638892424,626,1,res_7848a1c1-2878-42e4-b2ac-02ba3ecca52c,2012-03-07 02:05:22.552245424,0.0
Case624,W_Completeren aanvraag,res_177ed8cb-552b-4612-b348-20f464d6e7e5,Role 1,2012-02-27 14:27:53.697466702,637,1,res_177ed8cb-552b-4612-b348-20f464d6e7e5,2012-02-27 14:25:30.965208702,0.0
Case624,W_Completeren aanvraag,res_a7efadcf-4796-49e4-a611-9f847fa3b6b3,Role 1,2012-02-27 15:27:09.749874902,641,2,res_a7efadcf-4796-49e4-a611-9f847fa3b6b3,2012-02-27 15:24:50.064158902,0.02564102564102564
Case624,W_Completeren aanvraag,res_b5ab845a-5020-427e-b6f1-42df333cb3fb,Role 1,2012-02-27 17:16:54.660951202,647,1,res_b5ab845a-5020-427e-b6f1-42df333cb3fb,2012-02-27 17:14:48.209028202,0.02564102564102564
Case624,W_Completeren aanvraag,res_0eb69d82-9670-4fe3-a195-9d055d280321,Role 1,2012-02-27 18:00:44.304950602,644,1,res_0eb69d82-9670-4fe3-a195-9d055d280321,2012-02-27 17:58:59.933705602,0.02564102564102564
Case625,W_Completeren aanvraag,res_501654f1-1e08-4e04-8b11-a5fd18a76e7d,Role 1,2012-02-27 14:30:34.647381241,638,2,res_501654f1-1e08-4e04-8b11-a5fd18a76e7d,2012-02-27 14:28:16.186293241,0.02564102564102564
Case625,W_Nabellen offertes,res_d5418cc0-ed10-4016-ac16-0bc32f58673f,Role 1,2012-02-27 15:00:30.491314541,639,1,res_d5418cc0-ed10-4016-ac16-0bc32f58673f,2012-02-27 14:58:11.366976541,0.0
Case625,W_Nabellen offertes,res_c6ff2914-8075-4a61-b381-b682f6eb47de,Role 1,2012-03-07 04:48:26.310171941,622,1,res_c6ff2914-8075-4a61-b381-b682f6eb47de,2012-03-07 04:45:14.779618941,0.0
Case625,W_Nabellen offertes,res_24e554c7-8afb-451c-a96e-dea7923be74d,Role 1,2012-03-08 19:51:40.744435041,622,1,res_24e554c7-8afb-451c-a96e-dea7923be74d,2012-03-08 19:50:06.775190041,0.0
Case625,W_Nabellen offertes,res_9548f08a-bc89-4837-8ec2-cdb10b4e93b0,Role 1,2012-03-10 14:42:54.905263941,618,1,res_9548f08a-bc89-4837-8ec2-cdb10b4e93b0,2012-03-10 14:40:10.414587941,0.02564102564102564
Case626,W_Completeren aanvraag,res_a6c40c08-3f7b-4865-a717-e7f1f1b6f98b,Role 1,2012-02-27 14:37:56.847073076,639,2,res_a6c40c08-3f7b-4865-a717-e7f1f1b6f98b,2012-02-27 14:35:38.454928076,0.02564102564102564
Case626,W_Completeren aanvraag,res_2f56cb7e-3c7c-424a-95d0-d464cdf4e447,Role 1,2012-02-27 15:36:23.578427176,642,1,res_2f56cb7e-3c7c-424a-95d0-d464cdf4e447,2012-02-27 15:34:03.078107176,0.02564102564102564
Case626,W_Nabellen offertes,res_cd801f30-7ddb-4e0a-8319-c3bbd19d3bc0,Role 1,2012-02-29 03:17:30.370459976,628,1,res_cd801f30-7ddb-4e0a-8319-c3bbd19d3bc0,2012-02-29 03:15:36.492674976,0.0
Case626,W_Nabellen offertes,res_85f526bd-1f2c-4373-8dcc-9710ee98b7b2,Role 1,2012-03-06 04:16:11.481582976,606,1,res_85f526bd-1f2c-4373-8dcc-9710ee98b7b2,2012-03-06 04:13:39.089887976,0.02564102564102564
Case626,W_Nabellen offertes,res_7cc6cf66-7797-453d-b952-98449834316b,Role 1,2012-03-07 15:59:23.797460576,633,1,res_7cc6cf66-7797-453d-b952-98449834316b,2012-03-07 15:57:52.594912576,0.02564102564102564
Case627,W_Completeren aanvraag,res_177ed8cb-552b-4612-b348-20f464d6e7e5,Role 1,2012-02-27 14:44:28.928115489,639,1,res_177ed8cb-552b-4612-b348-20f464d6e7e5,2012-02-27 14:42:06.321498489,0.0
Case628,W_Afhandelen leads,res_fa3ac963-7739-40ef-84e6-624c11774546,Role 1,2012-02-27 14:50:07.371347994,639,0,res_fa3ac963-7739-40ef-84e6-624c11774546,2012-02-27 14:47:10.570080994,0.0
Case628,W_Completeren aanvraag,res_c6ff2914-8075-4a61-b381-b682f6eb47de,Role 1,2012-02-27 15:47:46.918843594,644,2,res_c6ff2914-8075-4a61-b381-b682f6eb47de,2012-02-27 15:45:23.322696594,0.02564102564102564
Case628,W_Completeren aanvraag,res_46a776b0-74ef-429c-befa-758731ba64c1,Role 1,2012-02-27 17:23:40.606903294,645,2,res_46a776b0-74ef-429c-befa-758731ba64c1,2012-02-27 17:21:32.123271294,0.02564102564102564
Case629,W_Afhandelen leads,res_5c0494f5-5178-4b1a-9a41-59b27da90a66,Role 1,2012-02-27 14:54:48.570613114,640,0,res_5c0494f5-5178-4b1a-9a41-59b27da90a66,2012-02-27 14:51:53.662305114,0.02564102564102564
Case629,W_Completeren aanvraag,res_d5418cc0-ed10-4016-ac16-0bc32f58673f,Role 1,2012-02-27 15:52:13.455141314,644,1,res_d5418cc0-ed10-4016-ac16-0bc32f58673f,2012-02-27 15:49:47.455259314,0.0
Case629,W_Nabellen offertes,res_2f56cb7e-3c7c-424a-95d0-d464cdf4e447,Role 1,2012-02-28 23:47:58.050842914,627,1,res_2f56cb7e-3c7c-424a-95d0-d464cdf4e447,2012-02-28 23:46:07.812389914,0.0
Case629,W_Nabellen offertes,res_8435ed72-5b45-4de1-a40d-2e20f14bd3c6,Role 1,2012-03-06 15:21:47.204344014,629,1,res_8435ed72-5b45-4de1-a40d-2e20f14bd3c6,2012-03-06 15:20:10.883060014,0.0
Case629,W_Nabellen offertes,res_e30a7ff2-fdff-43e2-93a6-f30f7d1f4d80,Role 1,2012-03-08 14:24:28.517015914,627,1,res_e30a7ff2-fdff-43e2-93a6-f30f7d1f4d80,2012-03-08 14:22:54.165568914,0.0
Case629,W_Nabellen offertes,res_c6ff2914-8075-4a61-b381-b682f6eb47de,Role 1,2012-03-10 03:53:53.283460613,620,1,res_c6ff2914-8075-4a61-b381-b682f6eb47de,2012-03-10 03:47:05.020434614,0.0
Case63,W_Completeren aanvraag,res_9e7fccd4-b30d-488c-ad55-351ad1a60226,Role 1,2012-02-14 18:12:33.223466686,545,1,res_9e7fccd4-b30d-488c-ad55-351ad1a60226,2012-02-14 18:10:05.416877686,0.02564102564102564
Case63,W_Nabellen offertes,res_42f40199-b27a-43f0-a89c-188ab6bfaf36,Role 1,2012-02-14 18:30:27.256337886,545,1,res_42f40199-b27a-43f0-a89c-188ab6bfaf36,2012-02-14 18:28:07.214020886,0.0
Case630,W_Afhandelen leads,res_a6c40c08-3f7b-4865-a717-e7f1f1b6f98b,Role 1,2012-02-27 15:09:27.854428683,640,0,res_a6c40c08-3f7b-4865-a717-e7f1f1b6f98b,2012-02-27 15:06:30.140009683,0.0
Case630,W_Completeren aanvraag,res_c3a01281-6e48-4ea3-a47a-9410360458be,Role 1,2012-02-27 16:06:06.021796583,645,2,res_c3a01281-6e48-4ea3-a47a-9410360458be,2012-02-27 16:03:41.936874583,0.02564102564102564
Case631,W_Completeren aanvraag,res_f612d14e-303a-4d03-a37a-3b98918a5014,Role 1,2012-02-27 15:15:39.930620207,641,1,res_f612d14e-303a-4d03-a37a-3b98918a5014,2012-02-27 15:13:17.148047207,0.0
Case632,W_Completeren aanvraag,res_177ed8cb-552b-4612-b348-20f464d6e7e5,Role 1,2012-02-27 15:21:19.525938023,641,1,res_177ed8cb-552b-4612-b348-20f464d6e7e5,2012-02-27 15:18:56.657227023,0.0
Case633,W_Afhandelen leads,res_85f526bd-1f2c-4373-8dcc-9710ee98b7b2,Role 1,2012-02-27 15:28:54.405462196,641,0,res_85f526bd-1f2c-4373-8dcc-9710ee98b7b2,2012-02-27 15:25:55.754612196,0.0
Case633,W_Completeren aanvraag,res_3e93a9a9-cdc4-46ed-8b29-3e63e6d2a9a2,Role 1,2012-02-27 16:24:36.699083396,646,1,res_3e93a9a9-cdc4-46ed-8b29-3e63e6d2a9a2,2012-02-27 16:22:10.224805396,0.02564102564102564
Case633,W_Completeren aanvraag,res_7848a1c1-2878-42e4-b2ac-02ba3ecca52c,Role 1,2012-02-27 17:44:00.303923996,645,3,res_7848a1c1-2878-42e4-b2ac-02ba3ecca52c,2012-02-27 17:41:52.639299996,0.05128205128205128
Case634,W_Afhandelen leads,res_ee4279a0-2b97-4f9d-9945-00c80ada4a95,Role 1,2012-02-27 15:29:53.550779179,642,1,res_ee4279a0-2b97-4f9d-9945-00c80ada4a95,2012-02-27 15:27:05.268361179,0.02564102564102564
Case634,W_Completeren aanvraag,res_85f526bd-1f2c-4373-8dcc-9710ee98b7b2,Role 1,2012-02-27 16:25:29.841372879,646,2,res_85f526bd-1f2c-4373-8dcc-9710ee98b7b2,2012-02-27 16:23:07.596201879,0.05128205128205128
Case635,W_Completeren aanvraag,res_ee4279a0-2b97-4f9d-9945-00c80ada4a95,Role 1,2012-02-27 15:35:05.817804721,643,1,res_ee4279a0-2b97-4f9d-9945-00c80ada4a95,2012-02-27 15:32:42.762649721,0.0
Case635,W_Completeren aanvraag,res_cd801f30-7ddb-4e0a-8319-c3bbd19d3bc0,Role 1,2012-02-27 16:30:47.088050321,645,1,res_cd801f30-7ddb-4e0a-8319-c3bbd19d3bc0,2012-02-27 16:28:23.582887321,0.02564102564102564
Case635,W_Completeren aanvraag,res_9e7fccd4-b30d-488c-ad55-351ad1a60226,Role 1,2012-02-27 18:00:44.387973821,642,1,res_9e7fccd4-b30d-488c-ad55-351ad1a60226,2012-02-27 17:58:35.794146821,0.0
Case636,W_Completeren aanvraag,res_fa3ac963-7739-40ef-84e6-624c11774546,Role 1,2012-02-27 15:41:46.888984420,644,1,res_fa3ac963-7739-40ef-84e6-624c11774546,2012-02-27 15:39:23.726013420,0.0
Case636,W_Completeren aanvraag,res_5c0494f5-5178-4b1a-9a41-59b27da90a66,Role 1,2012-02-27 16:37:04.102935020,646,2,res_5c0494f5-5178-4b1a-9a41-59b27da90a66,2012-02-27 16:34:42.605381020,0.02564102564102564
Case636,W_Completeren aanvraag,res_ee4279a0-2b97-4f9d-9945-00c80ada4a95,Role 1,2012-02-27 18:03:30.821009520,642,2,res_ee4279a0-2b97-4f9d-9945-00c80ada4a95,2012-02-27 18:01:25.921262520,0.05128205128205128
Case637,W_Completeren aanvraag,res_24e554c7-8afb-451c-a96e-dea7923be74d,Role 1,2012-02-27 15:49:05.782481892,645,2,res_24e554c7-8afb-451c-a96e-dea7923be74d,2012-02-27 15:46:47.002093892,0.02564102564102564
Case638,W_Completeren aanvraag,res_dcb46f81-367a-42ae-96c2-833faef25480,Role 1,2012-02-27 15:58:59.897894792,645,1,res_dcb46f81-367a-42ae-96c2-833faef25480,2012-02-27 15:56:36.357791792,0.0
Case638,W_Completeren aanvraag,res_cd801f30-7ddb-4e0a-8319-c3bbd19d3bc0,Role 1,2012-02-27 16:53:55.517096392,647,2,res_cd801f30-7ddb-4e0a-8319-c3bbd19d3bc0,2012-02-27 16:51:33.672448392,0.02564102564102564
Case638,W_Completeren aanvraag,res_f612d14e-303a-4d03-a37a-3b98918a5014,Role 1,2012-02-27 18:18:00.042269692,639,1,res_f612d14e-303a-4d03-a37a-3b98918a5014,2012-02-27 18:15:52.542883692,0.0
Case638,W_Nabellen offertes,res_2f56cb7e-3c7c-424a-95d0-d464cdf4e447,Role 1,2012-02-28 11:51:48.461838192,624,1,res_2f56cb7e-3c7c-424a-95d0-d464cdf4e447,2012-02-28 11:48:56.161533192,0.0
Case639,W_Completeren aanvraag,res_501654f1-1e08-4e04-8b11-a5fd18a76e7d,Role 1,2012-02-27 16:05:57.198691691,644,1,res_501654f1-1e08-4e04-8b11-a5fd18a76e7d,2012-02-27 16:03:33.440285691,0.0
Case639,W_Completeren aanvraag,res_ee4279a0-2b97-4f9d-9945-00c80ada4a95,Role 1,2012-02-27 17:00:54.417988291,647,1,res_ee4279a0-2b97-4f9d-9945-00c80ada4a95,2012-02-27 16:58:30.194082291,0.02564102564102564
Case639,W_Completeren aanvraag,res_177ed8cb-552b-4612-b348-20f464d6e7e5,Role 1,2012-02-27 18:21:46.391638891,640,2,res_177ed8cb-552b-4612-b348-20f464d6e7e5,2012-02-27 18:19:39.336082891,0.02564102564102564
Case639,W_Completeren aanvraag,res_c3a01281-6e48-4ea3-a47a-9410360458be,Role 1,2012-02-27 18:58:00.879025191,641,1,res_c3a01281-6e48-4ea3-a47a-9410360458be,2012-02-27 18:56:16.939803191,0.0
Case64,W_Completeren aanvraag,res_c09d353e-d1d3-4710-a13d-39ecb25ed3a8,Role 1,2012-02-14 18:41:31.844770263,544,1,res_c09d353e-d1d3-4710-a13d-39ecb25ed3a8,2012-02-14 18:39:03.260602263,0.0
Case64,W_Nabellen offertes,res_425ded41-e317-4198-891a-d9f3e32a6030,Role 1,2012-02-14 18:59:04.238837963,544,1,res_425ded41-e317-4198-891a-d9f3e32a6030,2012-02-14 18:56:45.071663963,0.0
Case64,W_Nabellen offertes,res_f3a5d8a5-7894-4471-8b15-4aeaf83a4249,Role 1,2012-02-22 21:40:50.417379963,627,1,res_f3a5d8a5-7894-4471-8b15-4aeaf83a4249,2012-02-22 21:37:13.049978963,0.0
Case64,W_Nabellen offertes,res_a6c40c08-3f7b-4865-a717-e7f1f1b6f98b,Role 1,2012-02-24 16:01:37.410968063,638,1,res_a6c40c08-3f7b-4865-a717-e7f1f1b6f98b,2012-02-24 15:59:56.312478063,0.0
Case64,W_Nabellen offertes,res_d5418cc0-ed10-4016-ac16-0bc32f58673f,Role 1,2012-02-26 09:35:52.276916463,645,1,res_d5418cc0-ed10-4016-ac16-0bc32f58673f,2012-02-26 09:32:25.811876463,0.0
Case640,W_Completeren aanvraag,res_e30a7ff2-fdff-43e2-93a6-f30f7d1f4d80,Role 1,2012-02-27 16:12:15.122636729,645,1,res_e30a7ff2-fdff-43e2-93a6-f30f7d1f4d80,2012-02-27 16:09:51.232399729,0.0
Case640,W_Completeren aanvraag,res_69f394fc-b099-49f7-8f4e-cce94cd03365,Role 1,2012-02-27 17:07:03.546723929,647,2,res_69f394fc-b099-49f7-8f4e-cce94cd03365,2012-02-27 17:04:41.954689929,0.05128205128205128
Case641,W_Afhandelen leads,res_b5ab845a-5020-427e-b6f1-42df333cb3fb,Role 1,2012-02-27 16:20:08.261284739,646,0,res_b5ab845a-5020-427e-b6f1-42df333cb3fb,2012-02-27 16:17:07.456360739,0.0
Case641,W_Completeren aanvraag,res_fa3ac963-7739-40ef-84e6-624c11774546,Role 1,2012-02-27 17:14:51.252337939,645,1,res_fa3ac963-7739-40ef-84e6-624c11774546,2012-02-27 17:12:22.799781939,0.0
Case642,W_Afhandelen leads,res_f612d14e-303a-4d03-a37a-3b98918a5014,Role 1,2012-02-27 16:24:01.219963261,646,0,res_f612d14e-303a-4d03-a37a-3b98918a5014,2012-02-27 16:21:02.191194261,0.02564102564102564
Case642,W_Completeren aanvraag,res_7cc6cf66-7797-453d-b952-98449834316b,Role 1,2012-02-27 17:18:39.191749961,644,1,res_7cc6cf66-7797-453d-b952-98449834316b,2012-02-27 17:16:12.543957961,0.05128205128205128
Case643,W_Completeren aanvraag,res_a6c40c08-3f7b-4865-a717-e7f1f1b6f98b,Role 1,2012-02-27 16:29:41.526422575,646,2,res_a6c40c08-3f7b-4865-a717-e7f1f1b6f98b,2012-02-27 16:27:21.998199575,0.02564102564102564
Case643,W_Completeren aanvraag,res_8435ed72-5b45-4de1-a40d-2e20f14bd3c6,Role 1,2012-02-27 17:24:12.599386975,643,1,res_8435ed72-5b45-4de1-a40d-2e20f14bd3c6,2012-02-27 17:21:49.721276975,0.02564102564102564
Case643,W_Nabellen offertes,res_b5ab845a-5020-427e-b6f1-42df333cb3fb,Role 1,2012-02-28 20:57:06.153407975,632,1,res_b5ab845a-5020-427e-b6f1-42df333cb3fb,2012-02-28 20:55:13.281843975,0.02564102564102564
Case643,W_Nabellen offertes,res_42f40199-b27a-43f0-a89c-188ab6bfaf36,Role 1,2012-03-06 23:37:29.416513274,626,1,res_42f40199-b27a-43f0-a89c-188ab6bfaf36,2012-03-06 23:29:57.512929274,0.0
Case643,W_Nabellen offertes,res_177ed8cb-552b-4612-b348-20f464d6e7e5,Role 1,2012-03-08 12:16:28.561754175,628,1,res_177ed8cb-552b-4612-b348-20f464d6e7e5,2012-03-08 12:14:42.461416175,0.0
Case644,W_Completeren aanvraag,res_0eb69d82-9670-4fe3-a195-9d055d280321,Role 1,2012-02-27 16:30:44.009564096,646,2,res_0eb69d82-9670-4fe3-a195-9d055d280321,2012-02-27 16:28:24.459829096,0.02564102564102564
Case644,W_Completeren aanvraag,res_b5ab845a-5020-427e-b6f1-42df333cb3fb,Role 1,2012-02-27 17:25:11.868391196,643,2,res_b5ab845a-5020-427e-b6f1-42df333cb3fb,2012-02-27 17:22:51.595675196,0.05128205128205128
Case644,W_Nabellen offertes,res_fa3ac963-7739-40ef-84e6-624c11774546,Role 1,2012-02-28 21:01:34.532236695,632,1,res_fa3ac963-7739-40ef-84e6-624c11774546,2012-02-28 20:59:44.017141696,0.0
Case644,W_Nabellen offertes,res_9e7fccd4-b30d-488c-ad55-351ad1a60226,Role 1,2012-03-06 23:45:24.651582696,626,2,res_9e7fccd4-b30d-488c-ad55-351ad1a60226,2012-03-06 23:37:42.075566696,0.02564102564102564
Case644,W_Nabellen offertes,res_42f40199-b27a-43f0-a89c-188ab6bfaf36,Role 1,2012-03-08 12:22:05.479864996,627,1,res_42f40199-b27a-43f0-a89c-188ab6bfaf36,2012-03-08 12:20:19.092694996,0.0
Case644,W_Nabellen offertes,res_a6c40c08-3f7b-4865-a717-e7f1f1b6f98b,Role 1,2012-03-10 01:53:24.137686996,622,1,res_a6c40c08-3f7b-4865-a717-e7f1f1b6f98b,2012-03-10 01:51:22.564687996,0.0
Case645,W_Completeren aanvraag,res_c6ff2914-8075-4a61-b381-b682f6eb47de,Role 1,2012-02-27 16:39:44.184312761,646,2,res_c6ff2914-8075-4a61-b381-b682f6eb47de,2012-02-27 16:37:24.450690761,0.02564102564102564
Case645,W_Nabellen offertes,res_69f394fc-b099-49f7-8f4e-cce94cd03365,Role 1,2012-02-27 17:02:19.424617461,647,1,res_69f394fc-b099-49f7-8f4e-cce94cd03365,2012-02-27 16:59:59.685090461,0.0
Case646,W_Completeren aanvraag,res_69f394fc-b099-49f7-8f4e-cce94cd03365,Role 1,2012-02-27 16:48:33.129596228,647,1,res_69f394fc-b099-49f7-8f4e-cce94cd03365,2012-02-27 16:46:08.322422228,0.0
Case647,W_Afhandelen leads,res_f3a5d8a5-7894-4471-8b15-4aeaf83a4249,Role 1,2012-02-27 16:54:05.545944997,647,0,res_f3a5d8a5-7894-4471-8b15-4aeaf83a4249,2012-02-27 16:51:03.503993997,0.0
Case647,W_Completeren aanvraag,res_a6c40c08-3f7b-4865-a717-e7f1f1b6f98b,Role 1,2012-02-27 17:48:30.128788797,644,2,res_a6c40c08-3f7b-4865-a717-e7f1f1b6f98b,2012-02-27 17:46:04.811025797,0.05128205128205128
Case648,W_Completeren aanvraag,res_c3a01281-6e48-4ea3-a47a-9410360458be,Role 1,2012-02-27 17:04:09.104677506,647,3,res_c3a01281-6e48-4ea3-a47a-9410360458be,2012-02-27 17:01:52.298984506,0.05128205128205128
Case648,W_Nabellen offertes,res_85f526bd-1f2c-4373-8dcc-9710ee98b7b2,Role 1,2012-02-27 17:26:11.366113706,644,1,res_85f526bd-1f2c-4373-8dcc-9710ee98b7b2,2012-02-27 17:23:53.479266706,0.02564102564102564
Case648,W_Nabellen offertes,res_fa3ac963-7739-40ef-84e6-624c11774546,Role 1,2012-03-07 11:14:03.654052506,630,1,res_fa3ac963-7739-40ef-84e6-624c11774546,2012-03-07 11:12:14.721002506,0.02564102564102564
Case648,W_Nabellen offertes,res_7cc6cf66-7797-453d-b952-98449834316b,Role 1,2012-03-09 04:30:32.085524106,616,1,res_7cc6cf66-7797-453d-b952-98449834316b,2012-03-09 04:19:39.858629106,0.0
Case648,W_Nabellen offertes,res_3e93a9a9-cdc4-46ed-8b29-3e63e6d2a9a2,Role 1,2012-03-10 19:12:47.223490106,622,1,res_3e93a9a9-cdc4-46ed-8b29-3e63e6d2a9a2,2012-03-10 19:11:02.580070106,0.02564102564102564
Case649,W_Afhandelen leads,res_dcb46f81-367a-42ae-96c2-833faef25480,Role 1,2012-02-27 17:12:35.670421364,646,0,res_dcb46f81-367a-42ae-96c2-833faef25480,2012-02-27 17:09:36.731423364,0.05128205128205128
Case649,W_Completeren aanvraag,res_3e93a9a9-cdc4-46ed-8b29-3e63e6d2a9a2,Role 1,2012-02-27 18:07:01.765860964,640,1,res_3e93a9a9-cdc4-46ed-8b29-3e63e6d2a9a2,2012-02-27 18:04:32.975057964,0.0
Case65,W_Afhandelen leads,res_c09d353e-d1d3-4710-a13d-39ecb25ed3a8,Role 1,2012-02-14 19:11:26.309503402,545,0,res_c09d353e-d1d3-4710-a13d-39ecb25ed3a8,2012-02-14 19:08:16.216011402,0.0
Case65,W_Completeren aanvraag,res_7848a1c1-2878-42e4-b2ac-02ba3ecca52c,Role 1,2012-02-14 20:09:08.291199202,544,1,res_7848a1c1-2878-42e4-b2ac-02ba3ecca52c,2012-02-14 20:06:35.690686202,0.0
Case65,W_Completeren aanvraag,res_9e7fccd4-b30d-488c-ad55-351ad1a60226,Role 1,2012-02-14 22:19:24.897649702,544,1,res_9e7fccd4-b30d-488c-ad55-351ad1a60226,2012-02-14 22:17:10.070430702,0.0
Case650,W_Afhandelen leads,res_69f394fc-b099-49f7-8f4e-cce94cd03365,Role 1,2012-02-27 17:19:03.534702227,643,0,res_69f394fc-b099-49f7-8f4e-cce94cd03365,2012-02-27 17:16:00.568211227,0.0
Case650,W_Completeren aanvraag,res_b5ab845a-5020-427e-b6f1-42df333cb3fb,Role 1,2012-02-27 18:13:30.936436227,640,1,res_b5ab845a-5020-427e-b6f1-42df333cb3fb,2012-02-27 18:11:02.423365227,0.02564102564102564
Case651,W_Completeren aanvraag,res_5c0494f5-5178-4b1a-9a41-59b27da90a66,Role 1,2012-02-27 17:22:17.903770024,644,2,res_5c0494f5-5178-4b1a-9a41-59b27da90a66,2012-02-27 17:19:57.317936024,0.02564102564102564
Case652,W_Completeren aanvraag,res_f612d14e-303a-4d03-a37a-3b98918a5014,Role 1,2012-02-27 17:30:09.663195157,644,1,res_f612d14e-303a-4d03-a37a-3b98918a5014,2012-02-27 17:27:43.765266157,0.0
Case653,W_Completeren aanvraag,res_f3a5d8a5-7894-4471-8b15-4aeaf83a4249,Role 1,2012-02-27 17:30:26.607089181,645,2,res_f3a5d8a5-7894-4471-8b15-4aeaf83a4249,2012-02-27 17:28:05.929070181,0.02564102564102564
Case653,W_Nabellen offertes,res_9548f08a-bc89-4837-8ec2-cdb10b4e93b0,Role 1,2012-02-27 17:51:40.106305181,642,1,res_9548f08a-bc89-4837-8ec2-cdb10b4e93b0,2012-02-27 17:49:21.035010181,0.02564102564102564
Case654,W_Afhandelen leads,res_dcb46f81-367a-42ae-96c2-833faef25480,Role 1,2012-02-27 17:42:53.573491747,644,0,res_dcb46f81-367a-42ae-96c2-833faef25480,2012-02-27 17:39:50.133570747,0.0
Case654,W_Completeren aanvraag,res_a7efadcf-4796-49e4-a611-9f847fa3b6b3,Role 1,2012-02-27 18:37:31.864687847,641,1,res_a7efadcf-4796-49e4-a611-9f847fa3b6b3,2012-02-27 18:35:04.061149847,0.05128205128205128
Case654,W_Nabellen offertes,res_75b73935-48c2-4abe-9548-628b120b0d25,Role 1,2012-02-29 11:03:00.327800347,620,1,res_75b73935-48c2-4abe-9548-628b120b0d25,2012-02-29 10:59:39.005080347,0.0
Case655,W_Completeren aanvraag,res_46a776b0-74ef-429c-befa-758731ba64c1,Role 1,2012-02-27 17:50:47.197790566,642,1,res_46a776b0-74ef-429c-befa-758731ba64c1,2012-02-27 17:48:21.915954566,0.02564102564102564
Case655,W_Completeren aanvraag,res_177ed8cb-552b-4612-b348-20f464d6e7e5,Role 1,2012-02-27 18:45:29.099235765,641,1,res_177ed8cb-552b-4612-b348-20f464d6e7e5,2012-02-27 18:43:03.427801765,0.0
Case655,W_Completeren aanvraag,res_3e93a9a9-cdc4-46ed-8b29-3e63e6d2a9a2,Role 1,2012-02-27 20:09:43.213566066,642,1,res_3e93a9a9-cdc4-46ed-8b29-3e63e6d2a9a2,2012-02-27 20:07:34.048609066,0.02564102564102564
Case656,W_Completeren aanvraag,res_42f40199-b27a-43f0-a89c-188ab6bfaf36,Role 1,2012-02-27 17:59:45.331545319,641,1,res_42f40199-b27a-43f0-a89c-188ab6bfaf36,2012-02-27 17:57:18.884479319,0.0
Case657,W_Afhandelen leads,res_c09d353e-d1d3-4710-a13d-39ecb25ed3a8,Role 1,2012-02-27 18:07:42.376331516,640,0,res_c09d353e-d1d3-4710-a13d-39ecb25ed3a8,2012-02-27 18:04:40.145668516,0.02564102564102564
Case657,W_Completeren aanvraag,res_408aec04-fa16-4916-b3c7-40322d591997,Role 1,2012-02-27 19:02:46.095979916,641,1,res_408aec04-fa16-4916-b3c7-40322d591997,2012-02-27 19:00:16.763219916,0.0
Case657,W_Completeren aanvraag,res_a6c40c08-3f7b-4865-a717-e7f1f1b6f98b,Role 1,2012-02-27 20:30:02.283256816,641,1,res_a6c40c08-3f7b-4865-a717-e7f1f1b6f98b,2012-02-27 20:27:51.478788816,0.0
Case658,W_Afhandelen leads,res_7848a1c1-2878-42e4-b2ac-02ba3ecca52c,Role 1,2012-02-27 18:18:32.009476387,640,0,res_7848a1c1-2878-42e4-b2ac-02ba3ecca52c,2012-02-27 18:15:27.933213387,0.0
Case658,W_Completeren aanvraag,res_f3a5d8a5-7894-4471-8b15-4aeaf83a4249,Role 1,2012-02-27 19:13:48.500507987,642,1,res_f3a5d8a5-7894-4471-8b15-4aeaf83a4249,2012-02-27 19:11:18.988286987,0.0
Case658,W_Completeren aanvraag,res_46a776b0-74ef-429c-befa-758731ba64c1,Role 1,2012-02-27 20:46:37.268158187,642,1,res_46a776b0-74ef-429c-befa-758731ba64c1,2012-02-27 20:44:26.656057187,0.02564102564102564
Case659,W_Completeren aanvraag,res_69f394fc-b099-49f7-8f4e-cce94cd03365,Role 1,2012-02-27 18:24:03.265631689,640,1,res_69f394fc-b099-49f7-8f4e-cce94cd03365,2012-02-27 18:21:36.658316689,0.0
Case66,W_Completeren aanvraag,res_a7efadcf-4796-49e4-a611-9f847fa3b6b3,Role 1,2012-02-14 19:13:24.792939216,546,2,res_a7efadcf-4796-49e4-a611-9f847fa3b6b3,2012-02-14 19:11:03.451987216,0.05128205128205128
Case660,W_Afhandelen leads,res_85f526bd-1f2c-4373-8dcc-9710ee98b7b2,Role 1,2012-02-27 18:31:13.709523289,640,0,res_85f526bd-1f2c-4373-8dcc-9710ee98b7b2,2012-02-27 18:28:09.562115289,0.0
Case660,W_Completeren aanvraag,res_ddc79bf3-8255-4b9b-ace2-8a46af780bc5,Role 1,2012-02-27 19:26:58.535857989,643,1,res_ddc79bf3-8255-4b9b-ace2-8a46af780bc5,2012-02-27 19:24:29.126447989,0.0
Case661,W_Afhandelen leads,res_501654f1-1e08-4e04-8b11-a5fd18a76e7d,Role 1,2012-02-27 18:32:13.579593635,641,1,res_501654f1-1e08-4e04-8b11-a5fd18a76e7d,2012-02-27 18:29:18.068418635,0.02564102564102564
Case661,W_Completeren aanvraag,res_85f526bd-1f2c-4373-8dcc-9710ee98b7b2,Role 1,2012-02-27 19:27:51.135281635,643,2,res_85f526bd-1f2c-4373-8dcc-9710ee98b7b2,2012-02-27 19:25:26.691207635,0.02564102564102564
Case661,W_Completeren aanvraag,res_177ed8cb-552b-4612-b348-20f464d6e7e5,Role 1,2012-02-27 21:02:08.971042635,641,1,res_177ed8cb-552b-4612-b348-20f464d6e7e5,2012-02-27 20:59:59.632739635,0.02564102564102564
Case661,W_Completeren aanvraag,res_c09d353e-d1d3-4710-a13d-39ecb25ed3a8,Role 1,2012-02-27 23:01:20.390162135,642,2,res_c09d353e-d1d3-4710-a13d-39ecb25ed3a8,2012-02-27 22:59:29.906169135,0.02564102564102564
Case662,W_Completeren aanvraag,res_69f394fc-b099-49f7-8f4e-cce94cd03365,Role 1,2012-02-27 18:45:30.651002332,641,1,res_69f394fc-b099-49f7-8f4e-cce94cd03365,2012-02-27 18:43:04.173841332,0.0
Case662,W_Completeren aanvraag,res_177ed8cb-552b-4612-b348-20f464d6e7e5,Role 1,2012-02-27 19:41:32.062883632,642,1,res_177ed8cb-552b-4612-b348-20f464d6e7e5,2012-02-27 19:39:06.769537632,0.0
Case663,W_Afhandelen leads,res_2f56cb7e-3c7c-424a-95d0-d464cdf4e447,Role 1,2012-02-27 19:02:08.305558809,642,0,res_2f56cb7e-3c7c-424a-95d0-d464cdf4e447,2012-02-27 18:59:04.269533809,0.0
Case663,W_Completeren aanvraag,res_2f56cb7e-3c7c-424a-95d0-d464cdf4e447,Role 1,2012-02-27 19:58:51.925984709,641,1,res_2f56cb7e-3c7c-424a-95d0-d464cdf4e447,2012-02-27 19:56:22.977890709,0.0
Case663,W_Nabellen offertes,res_75b73935-48c2-4abe-9548-628b120b0d25,Role 1,2012-03-01 15:03:17.762657309,616,1,res_75b73935-48c2-4abe-9548-628b120b0d25,2012-03-01 14:59:50.711935309,0.0
Case663,W_Nabellen offertes,res_dcb46f81-367a-42ae-96c2-833faef25480,Role 1,2012-03-06 07:49:41.832231609,621,1,res_dcb46f81-367a-42ae-96c2-833faef25480,2012-03-06 07:47:59.669002609,0.0
Case663,W_Nabellen offertes,res_24e554c7-8afb-451c-a96e-dea7923be74d,Role 1,2012-03-07 20:15:50.988861509,628,1,res_24e554c7-8afb-451c-a96e-dea7923be74d,2012-03-07 20:14:13.794867509,0.0
Case663,W_Nabellen offertes,res_46a776b0-74ef-429c-befa-758731ba64c1,Role 1,2012-03-09 14:28:02.659172909,621,1,res_46a776b0-74ef-429c-befa-758731ba64c1,2012-03-09 14:26:19.661883909,0.0
Case664,W_Completeren aanvraag,res_9548f08a-bc89-4837-8ec2-cdb10b4e93b0,Role 1,2012-02-27 19:16:50.018714788,643,1,res_9548f08a-bc89-4837-8ec2-cdb10b4e93b0,2012-02-27 19:14:24.067400788,0.0
Case664,W_Completeren aanvraag,res_501654f1-1e08-4e04-8b11-a5fd18a76e7d,Role 1,2012-02-27 20:14:08.184369787,642,1,res_501654f1-1e08-4e04-8b11-a5fd18a76e7d,2012-02-27 20:11:43.589027787,0.0
Case665,W_Completeren aanvraag,res_31f16881-0e61-460a-88bc-abc46854faba,Role 1,2012-02-27 19:30:59.991553784,643,1,res_31f16881-0e61-460a-88bc-abc46854faba,2012-02-27 19:28:34.351518784,0.0
Case666,W_Completeren aanvraag,res_5c0494f5-5178-4b1a-9a41-59b27da90a66,Role 1,2012-02-27 19:32:06.302435042,644,2,res_5c0494f5-5178-4b1a-9a41-59b27da90a66,2012-02-27 19:29:45.880159042,0.02564102564102564
Case667,W_Afhandelen leads,res_ee4279a0-2b97-4f9d-9945-00c80ada4a95,Role 1,2012-02-27 19:45:10.890502194,642,0,res_ee4279a0-2b97-4f9d-9945-00c80ada4a95,2012-02-27 19:42:07.360148194,0.0
Case667,W_Completeren aanvraag,res_69f394fc-b099-49f7-8f4e-cce94cd03365,Role 1,2012-02-27 20:43:57.378208994,641,1,res_69f394fc-b099-49f7-8f4e-cce94cd03365,2012-02-27 20:41:29.414439994,0.0
Case667,W_Nabellen offertes,res_5c0494f5-5178-4b1a-9a41-59b27da90a66,Role 1,2012-03-02 08:20:59.017758194,626,1,res_5c0494f5-5178-4b1a-9a41-59b27da90a66,2012-03-02 08:18:48.569603194,0.0
Case668,W_Afhandelen leads,res_75b73935-48c2-4abe-9548-628b120b0d25,Role 1,2012-02-27 19:58:02.333063470,642,0,res_75b73935-48c2-4abe-9548-628b120b0d25,2012-02-27 19:54:59.063506470,0.0
Case668,W_Completeren aanvraag,res_6f56bab9-a4f7-420f-96ab-b17cd82647c1,Role 1,2012-02-27 20:57:30.123336070,641,2,res_6f56bab9-a4f7-420f-96ab-b17cd82647c1,2012-02-27 20:55:05.433267070,0.02564102564102564
Case669,W_Completeren aanvraag,res_d5418cc0-ed10-4016-ac16-0bc32f58673f,Role 1,2012-02-27 20:06:34.769037148,642,1,res_d5418cc0-ed10-4016-ac16-0bc32f58673f,2012-02-27 20:04:10.136270148,0.0
Case669,W_Nabellen offertes,res_b5ab845a-5020-427e-b6f1-42df333cb3fb,Role 1,2012-02-27 20:26:53.974137848,641,1,res_b5ab845a-5020-427e-b6f1-42df333cb3fb,2012-02-27 20:24:37.310504848,0.0
Case67,W_Completeren aanvraag,res_8435ed72-5b45-4de1-a40d-2e20f14bd3c6,Role 1,2012-02-14 20:12:47.675648640,545,1,res_8435ed72-5b45-4de1-a40d-2e20f14bd3c6,2012-02-14 20:10:21.749978640,0.0
Case670,W_Afhandelen leads,res_cd801f30-7ddb-4e0a-8319-c3bbd19d3bc0,Role 1,2012-02-27 20:20:42.849290646,641,0,res_cd801f30-7ddb-4e0a-8319-c3bbd19d3bc0,2012-02-27 20:17:40.122562646,0.0
Case670,W_Completeren aanvraag,res_0eb69d82-9670-4fe3-a195-9d055d280321,Role 1,2012-02-27 21:21:41.828380546,641,1,res_0eb69d82-9670-4fe3-a195-9d055d280321,2012-02-27 21:19:15.730683546,0.02564102564102564
Case671,W_Completeren aanvraag,res_46a776b0-74ef-429c-befa-758731ba64c1,Role 1,2012-02-27 20:29:27.126072973,641,1,res_46a776b0-74ef-429c-befa-758731ba64c1,2012-02-27 20:27:03.284673973,0.0
Case671,W_Nabellen offertes,res_63d2fda6-0454-4ad2-8b55-d59c9622a8ed,Role 1,2012-02-27 20:50:17.844957272,641,1,res_63d2fda6-0454-4ad2-8b55-d59c9622a8ed,2012-02-27 20:48:01.810515272,0.0
Case672,W_Afhandelen leads,res_a6c40c08-3f7b-4865-a717-e7f1f1b6f98b,Role 1,2012-02-27 20:32:13.711264202,642,0,res_a6c40c08-3f7b-4865-a717-e7f1f1b6f98b,2012-02-27 20:29:13.245161202,0.02564102564102564
Case672,W_Completeren aanvraag,res_a7efadcf-4796-49e4-a611-9f847fa3b6b3,Role 1,2012-02-27 21:33:52.137150402,640,1,res_a7efadcf-4796-49e4-a611-9f847fa3b6b3,2012-02-27 21:31:25.895803402,0.0
Case673,W_Completeren aanvraag,res_9e7fccd4-b30d-488c-ad55-351ad1a60226,Role 1,2012-02-27 20:51:25.115700014,641,1,res_9e7fccd4-b30d-488c-ad55-351ad1a60226,2012-02-27 20:49:03.038459014,0.02564102564102564
Case674,W_Completeren aanvraag,res_501654f1-1e08-4e04-8b11-a5fd18a76e7d,Role 1,2012-02-27 21:04:39.377607314,640,1,res_501654f1-1e08-4e04-8b11-a5fd18a76e7d,2012-02-27 21:02:16.905621314,0.0
Case674,W_Nabellen offertes,res_f612d14e-303a-4d03-a37a-3b98918a5014,Role 1,2012-02-27 21:26:50.327353614,640,1,res_f612d14e-303a-4d03-a37a-3b98918a5014,2012-02-27 21:24:34.972032614,0.0
Case674,W_Nabellen offertes,res_6f56bab9-a4f7-420f-96ab-b17cd82647c1,Role 1,2012-03-06 12:49:26.285998514,628,1,res_6f56bab9-a4f7-420f-96ab-b17cd82647c1,2012-03-06 12:47:44.424219514,0.0
Case675,W_Afhandelen leads,res_42f40199-b27a-43f0-a89c-188ab6bfaf36,Role 1,2012-02-27 21:14:03.436426055,641,0,res_42f40199-b27a-43f0-a89c-188ab6bfaf36,2012-02-27 21:11:02.792244055,0.0
Case675,W_Completeren aanvraag,res_31f16881-0e61-460a-88bc-abc46854faba,Role 1,2012-02-27 22:19:37.387813954,642,1,res_31f16881-0e61-460a-88bc-abc46854faba,2012-02-27 22:17:12.313065954,0.0
Case675,W_Nabellen offertes,res_c6ff2914-8075-4a61-b381-b682f6eb47de,Role 1,2012-03-03 06:59:16.581542055,631,1,res_c6ff2914-8075-4a61-b381-b682f6eb47de,2012-03-03 06:57:24.452787055,0.0
Case676,W_Afhandelen leads,res_c09d353e-d1d3-4710-a13d-39ecb25ed3a8,Role 1,2012-02-27 21:30:50.994664404,641,0,res_c09d353e-d1d3-4710-a13d-39ecb25ed3a8,2012-02-27 21:27:53.260218404,0.02564102564102564
Case676,W_Completeren aanvraag,res_8435ed72-5b45-4de1-a40d-2e20f14bd3c6,Role 1,2012-02-27 22:38:48.253956504,643,1,res_8435ed72-5b45-4de1-a40d-2e20f14bd3c6,2012-02-27 22:36:24.695381504,0.02564102564102564
Case677,W_Afhandelen leads,res_b5ab845a-5020-427e-b6f1-42df333cb3fb,Role 1,2012-02-27 21:32:56.617961545,641,1,res_b5ab845a-5020-427e-b6f1-42df333cb3fb,2012-02-27 21:30:06.243042545,0.02564102564102564
Case677,W_Completeren aanvraag,res_e30a7ff2-fdff-43e2-93a6-f30f7d1f4d80,Role 1,2012-02-27 22:42:25.527693545,642,1,res_e30a7ff2-fdff-43e2-93a6-f30f7d1f4d80,2012-02-27 22:40:03.203403545,0.0
Case677,W_Completeren aanvraag,res_e30a7ff2-fdff-43e2-93a6-f30f7d1f4d80,Role 1,2012-02-28 05:47:05.608297345,629,1,res_e30a7ff2-fdff-43e2-93a6-f30f7d1f4d80,2012-02-28 05:44:27.108910345,0.0
Case678,W_Afhandelen leads,res_31f16881-0e61-460a-88bc-abc46854faba,Role 1,2012-02-27 21:53:43.752109591,642,0,res_31f16881-0e61-460a-88bc-abc46854faba,2012-02-27 21:50:45.401176591,0.0
Case678,W_Completeren aanvraag,res_0eb69d82-9670-4fe3-a195-9d055d280321,Role 1,2012-02-27 23:06:19.699597090,640,1,res_0eb69d82-9670-4fe3-a195-9d055d280321,2012-02-27 23:03:55.916478090,0.0
Case678,W_Completeren aanvraag,res_425ded41-e317-4198-891a-d9f3e32a6030,Role 1,2012-02-28 06:25:29.741185291,627,1,res_425ded41-e317-4198-891a-d9f3e32a6030,2012-02-28 06:22:50.720807291,0.0
Case678,W_Nabellen offertes,res_46a776b0-74ef-429c-befa-758731ba64c1,Role 1,2012-02-28 13:25:29.920682591,631,1,res_46a776b0-74ef-429c-befa-758731ba64c1,2012-02-28 13:23:33.629688591,0.0
Case679,W_Completeren aanvraag,res_9548f08a-bc89-4837-8ec2-cdb10b4e93b0,Role 1,2012-02-27 22:11:17.432873572,642,1,res_9548f08a-bc89-4837-8ec2-cdb10b4e93b0,2012-02-27 22:08:57.472247572,0.0
Case679,W_Completeren aanvraag,res_425ded41-e317-4198-891a-d9f3e32a6030,Role 1,2012-02-27 23:31:13.442410972,640,1,res_425ded41-e317-4198-891a-d9f3e32a6030,2012-02-27 23:28:52.294495972,0.0
Case679,W_Completeren aanvraag,res_85f526bd-1f2c-4373-8dcc-9710ee98b7b2,Role 1,2012-02-28 07:05:06.565983672,627,1,res_85f526bd-1f2c-4373-8dcc-9710ee98b7b2,2012-02-28 07:02:28.412879672,0.0
Case679,W_Nabellen offertes,res_c6ff2914-8075-4a61-b381-b682f6eb47de,Role 1,2012-02-28 13:38:43.543124672,630,1,res_c6ff2914-8075-4a61-b381-b682f6eb47de,2012-02-28 13:36:48.171055672,0.0
Case679,W_Nabellen offertes,res_ee4279a0-2b97-4f9d-9945-00c80ada4a95,Role 1,2012-03-01 20:05:39.123279972,625,1,res_ee4279a0-2b97-4f9d-9945-00c80ada4a95,2012-03-01 20:03:41.384772972,0.0
Case68,W_Afhandelen leads,res_0eb69d82-9670-4fe3-a195-9d055d280321,Role 1,2012-02-15 08:19:25.302308535,540,0,res_0eb69d82-9670-4fe3-a195-9d055d280321,2012-02-15 08:16:06.572765535,0.0
Case68,W_Completeren aanvraag,res_7cc6cf66-7797-453d-b952-98449834316b,Role 1,2012-02-15 10:17:57.018483235,549,2,res_7cc6cf66-7797-453d-b952-98449834316b,2012-02-15 10:15:26.073925235,0.02564102564102564
Case68,W_Completeren aanvraag,res_6f56bab9-a4f7-420f-96ab-b17cd82647c1,Role 1,2012-02-15 14:38:58.666259435,557,1,res_6f56bab9-a4f7-420f-96ab-b17cd82647c1,2012-02-15 14:36:37.907418435,0.0
Case68,W_Nabellen offertes,res_9548f08a-bc89-4837-8ec2-cdb10b4e93b0,Role 1,2012-02-16 05:57:03.212483635,562,1,res_9548f08a-bc89-4837-8ec2-cdb10b4e93b0,2012-02-16 05:54:32.939523635,0.0
Case68,W_Nabellen offertes,res_f664dcd9-d4b7-456f-a1f7-9daea9e497fd,Role 1,2012-02-21 05:21:51.458134535,630,1,res_f664dcd9-d4b7-456f-a1f7-9daea9e497fd,2012-02-21 05:20:13.813095535,0.0
Case680,W_Afhandelen leads,res_f3a5d8a5-7894-4471-8b15-4aeaf83a4249,Role 1,2012-02-27 22:32:49.314093455,643,0,res_f3a5d8a5-7894-4471-8b15-4aeaf83a4249,2012-02-27 22:29:53.756957455,0.0
Case680,W_Completeren aanvraag,res_2f56cb7e-3c7c-424a-95d0-d464cdf4e447,Role 1,2012-02-27 23:58:49.793181355,640,1,res_2f56cb7e-3c7c-424a-95d0-d464cdf4e447,2012-02-27 23:56:26.766873355,0.0
Case680,W_Completeren aanvraag,res_f612d14e-303a-4d03-a37a-3b98918a5014,Role 1,2012-02-28 06:11:22.387363455,628,1,res_f612d14e-303a-4d03-a37a-3b98918a5014,2012-02-28 06:08:45.077282455,0.0
Case681,W_Completeren aanvraag,res_e30a7ff2-fdff-43e2-93a6-f30f7d1f4d80,Role 1,2012-02-28 10:38:21.445606449,624,1,res_e30a7ff2-fdff-43e2-93a6-f30f7d1f4d80,2012-02-28 10:35:46.639309449,0.0
Case681,W_Nabellen offertes,res_a6c40c08-3f7b-4865-a717-e7f1f1b6f98b,Role 1,2012-02-28 11:26:36.292267449,628,1,res_a6c40c08-3f7b-4865-a717-e7f1f1b6f98b,2012-02-28 11:24:16.125677449,0.0
Case682,W_Afhandelen leads,res_408aec04-fa16-4916-b3c7-40322d591997,Role 1,2012-02-28 10:50:05.289153718,625,0,res_408aec04-fa16-4916-b3c7-40322d591997,2012-02-28 10:47:06.665114718,0.0
Case682,W_Completeren aanvraag,res_e30a7ff2-fdff-43e2-93a6-f30f7d1f4d80,Role 1,2012-02-28 12:38:50.553569118,631,1,res_e30a7ff2-fdff-43e2-93a6-f30f7d1f4d80,2012-02-28 12:36:24.103831118,0.0
Case682,W_Nabellen offertes,res_42f40199-b27a-43f0-a89c-188ab6bfaf36,Role 1,2012-02-29 18:27:18.129840518,624,1,res_42f40199-b27a-43f0-a89c-188ab6bfaf36,2012-02-29 18:25:13.125410518,0.02564102564102564
Case683,W_Completeren aanvraag,res_31f16881-0e61-460a-88bc-abc46854faba,Role 1,2012-02-28 10:55:51.713833932,626,1,res_31f16881-0e61-460a-88bc-abc46854faba,2012-02-28 10:53:18.412554932,0.0
Case683,W_Nabellen offertes,res_d5418cc0-ed10-4016-ac16-0bc32f58673f,Role 1,2012-02-28 11:42:44.362403932,630,1,res_d5418cc0-ed10-4016-ac16-0bc32f58673f,2012-02-28 11:40:24.016983932,0.05128205128205128
Case683,W_Nabellen offertes,res_5c0494f5-5178-4b1a-9a41-59b27da90a66,Role 1,2012-03-06 19:58:44.288348432,628,1,res_5c0494f5-5178-4b1a-9a41-59b27da90a66,2012-03-06 19:55:59.952820432,0.0
Case684,W_Afhandelen leads,res_3e93a9a9-cdc4-46ed-8b29-3e63e6d2a9a2,Role 1,2012-02-28 11:02:42.459757070,627,0,res_3e93a9a9-cdc4-46ed-8b29-3e63e6d2a9a2,2012-02-28 10:59:44.264234070,0.0
Case684,W_Completeren aanvraag,res_cd801f30-7ddb-4e0a-8319-c3bbd19d3bc0,Role 1,2012-02-28 12:46:12.012745670,630,1,res_cd801f30-7ddb-4e0a-8319-c3bbd19d3bc0,2012-02-28 12:43:45.244161670,0.0
Case685,W_Completeren aanvraag,res_f664dcd9-d4b7-456f-a1f7-9daea9e497fd,Role 1,2012-02-28 11:08:16.084013635,628,1,res_f664dcd9-d4b7-456f-a1f7-9daea9e497fd,2012-02-28 11:05:43.922326635,0.0
Case685,W_Nabellen offertes,res_c6ff2914-8075-4a61-b381-b682f6eb47de,Role 1,2012-02-28 11:54:11.393810835,630,1,res_c6ff2914-8075-4a61-b381-b682f6eb47de,2012-02-28 11:51:50.653962835,0.0
Case685,W_Nabellen offertes,res_7cc6cf66-7797-453d-b952-98449834316b,Role 1,2012-03-06 21:07:46.024938735,627,1,res_7cc6cf66-7797-453d-b952-98449834316b,2012-03-06 21:04:30.246436735,0.0
Case686,W_Completeren aanvraag,res_d5418cc0-ed10-4016-ac16-0bc32f58673f,Role 1,2012-02-28 11:15:12.518980532,629,1,res_d5418cc0-ed10-4016-ac16-0bc32f58673f,2012-02-28 11:12:41.004820533,0.0
Case687,W_Afhandelen leads,res_cd801f30-7ddb-4e0a-8319-c3bbd19d3bc0,Role 1,2012-02-28 11:24:19.741137363,629,0,res_cd801f30-7ddb-4e0a-8319-c3bbd19d3bc0,2012-02-28 11:21:23.869106363,0.02564102564102564
Case687,W_Completeren aanvraag,res_cd801f30-7ddb-4e0a-8319-c3bbd19d3bc0,Role 1,2012-02-28 12:57:56.315324763,631,1,res_cd801f30-7ddb-4e0a-8319-c3bbd19d3bc0,2012-02-28 12:55:29.417386763,0.0
Case687,W_Nabellen offertes,res_69f394fc-b099-49f7-8f4e-cce94cd03365,Role 1,2012-02-29 18:02:42.974044563,624,1,res_69f394fc-b099-49f7-8f4e-cce94cd03365,2012-02-29 18:00:37.080499563,0.0
Case687,W_Nabellen offertes,res_408aec04-fa16-4916-b3c7-40322d591997,Role 1,2012-03-07 00:05:45.231604963,626,2,res_408aec04-fa16-4916-b3c7-40322d591997,2012-03-06 23:58:22.469651963,0.02564102564102564
Case687,W_Nabellen offertes,res_46a776b0-74ef-429c-befa-758731ba64c1,Role 1,2012-03-08 12:13:53.690361863,628,1,res_46a776b0-74ef-429c-befa-758731ba64c1,2012-03-08 12:12:09.845670863,0.0
Case688,W_Completeren aanvraag,res_408aec04-fa16-4916-b3c7-40322d591997,Role 1,2012-02-28 11:37:45.531495885,629,1,res_408aec04-fa16-4916-b3c7-40322d591997,2012-02-28 11:35:16.019202885,0.0
Case688,W_Completeren aanvraag,res_dcb46f81-367a-42ae-96c2-833faef25480,Role 1,2012-02-28 12:59:28.359677785,631,1,res_dcb46f81-367a-42ae-96c2-833faef25480,2012-02-28 12:57:04.796070785,0.0
Case688,W_Nabellen offertes,res_c6ff2914-8075-4a61-b381-b682f6eb47de,Role 1,2012-02-29 15:24:25.871254185,623,1,res_c6ff2914-8075-4a61-b381-b682f6eb47de,2012-02-29 15:22:13.250549185,0.0
Case689,W_Completeren aanvraag,res_425ded41-e317-4198-891a-d9f3e32a6030,Role 1,2012-02-28 11:38:34.876577306,630,2,res_425ded41-e317-4198-891a-d9f3e32a6030,2012-02-28 11:36:10.421267306,0.02564102564102564
Case689,W_Completeren aanvraag,res_cd801f30-7ddb-4e0a-8319-c3bbd19d3bc0,Role 1,2012-02-28 13:02:45.019170706,631,1,res_cd801f30-7ddb-4e0a-8319-c3bbd19d3bc0,2012-02-28 13:00:22.788205706,0.0
Case689,W_Completeren aanvraag,res_d5418cc0-ed10-4016-ac16-0bc32f58673f,Role 1,2012-02-28 16:17:26.994452206,630,1,res_d5418cc0-ed10-4016-ac16-0bc32f58673f,2012-02-28 16:15:11.517491206,0.0
Case69,W_Completeren aanvraag,res_dcb46f81-367a-42ae-96c2-833faef25480,Role 1,2012-02-15 08:27:34.771106627,541,1,res_dcb46f81-367a-42ae-96c2-833faef25480,2012-02-15 08:24:40.370040627,0.0
Case69,W_Nabellen offertes,res_24e554c7-8afb-451c-a96e-dea7923be74d,Role 1,2012-02-15 09:27:03.637338727,549,1,res_24e554c7-8afb-451c-a96e-dea7923be74d,2012-02-15 09:24:37.309677727,0.02564102564102564
Case690,W_Completeren aanvraag,res_8435ed72-5b45-4de1-a40d-2e20f14bd3c6,Role 1,2012-02-28 11:56:12.130490064,631,1,res_8435ed72-5b45-4de1-a40d-2e20f14bd3c6,2012-02-28 11:53:44.209404064,0.0
Case690,W_Nabellen offertes,res_8435ed72-5b45-4de1-a40d-2e20f14bd3c6,Role 1,2012-02-28 12:37:45.244762864,631,1,res_8435ed72-5b45-4de1-a40d-2e20f14bd3c6,2012-02-28 12:35:23.583767864,0.0
Case691,W_Afhandelen leads,res_a6c40c08-3f7b-4865-a717-e7f1f1b6f98b,Role 1,2012-02-28 12:18:03.524169158,631,0,res_a6c40c08-3f7b-4865-a717-e7f1f1b6f98b,2012-02-28 12:15:07.695146158,0.0
Case691,W_Completeren aanvraag,res_425ded41-e317-4198-891a-d9f3e32a6030,Role 1,2012-02-28 13:30:12.861497658,632,2,res_425ded41-e317-4198-891a-d9f3e32a6030,2012-02-28 13:27:46.997116658,0.02564102564102564
Case691,W_Completeren aanvraag,res_24e554c7-8afb-451c-a96e-dea7923be74d,Role 1,2012-02-28 16:26:54.128727958,628,1,res_24e554c7-8afb-451c-a96e-dea7923be74d,2012-02-28 16:24:37.799467958,0.0
Case692,W_Completeren aanvraag,res_b5ab845a-5020-427e-b6f1-42df333cb3fb,Role 1,2012-02-28 12:38:21.540382128,631,2,res_b5ab845a-5020-427e-b6f1-42df333cb3fb,2012-02-28 12:36:00.957519128,0.02564102564102564
Case692,W_Nabellen offertes,res_fa3ac963-7739-40ef-84e6-624c11774546,Role 1,2012-02-28 13:14:17.870017828,631,1,res_fa3ac963-7739-40ef-84e6-624c11774546,2012-02-28 13:11:57.255420828,0.0
Case692,W_Nabellen offertes,res_24e554c7-8afb-451c-a96e-dea7923be74d,Role 1,2012-03-07 10:39:04.263041328,632,1,res_24e554c7-8afb-451c-a96e-dea7923be74d,2012-03-07 10:37:18.963830328,0.0
Case693,W_Afhandelen leads,res_dcb46f81-367a-42ae-96c2-833faef25480,Role 1,2012-02-28 12:39:13.100758877,632,0,res_dcb46f81-367a-42ae-96c2-833faef25480,2012-02-28 12:36:21.106431877,0.05128205128205128
Case693,W_Completeren aanvraag,res_9e7fccd4-b30d-488c-ad55-351ad1a60226,Role 1,2012-02-28 13:46:10.075733577,633,1,res_9e7fccd4-b30d-488c-ad55-351ad1a60226,2012-02-28 13:43:42.511476577,0.02564102564102564
Case693,W_Completeren aanvraag,res_24e554c7-8afb-451c-a96e-dea7923be74d,Role 1,2012-02-28 16:19:15.559095377,628,1,res_24e554c7-8afb-451c-a96e-dea7923be74d,2012-02-28 16:16:58.581395377,0.0
Case693,W_Nabellen offertes,res_ee4279a0-2b97-4f9d-9945-00c80ada4a95,Role 1,2012-02-29 03:46:22.732238277,626,1,res_ee4279a0-2b97-4f9d-9945-00c80ada4a95,2012-02-29 03:44:21.304687277,0.0
Case693,W_Nabellen offertes,res_7cc6cf66-7797-453d-b952-98449834316b,Role 1,2012-03-03 22:09:09.182877377,630,1,res_7cc6cf66-7797-453d-b952-98449834316b,2012-03-03 22:07:27.453933377,0.0
Case694,W_Completeren aanvraag,res_75b73935-48c2-4abe-9548-628b120b0d25,Role 1,2012-02-28 13:05:11.702614838,632,1,res_75b73935-48c2-4abe-9548-628b120b0d25,2012-02-28 13:02:47.833310838,0.0
Case695,W_Completeren aanvraag,res_ddc79bf3-8255-4b9b-ace2-8a46af780bc5,Role 1,2012-02-28 13:22:12.739729198,632,1,res_ddc79bf3-8255-4b9b-ace2-8a46af780bc5,2012-02-28 13:19:49.383187198,0.0
Case695,W_Completeren aanvraag,res_b5ab845a-5020-427e-b6f1-42df333cb3fb,Role 1,2012-02-28 14:22:19.514298798,634,1,res_b5ab845a-5020-427e-b6f1-42df333cb3fb,2012-02-28 14:19:53.537966798,0.0
Case696,W_Afhandelen leads,res_46a776b0-74ef-429c-befa-758731ba64c1,Role 1,2012-02-28 13:39:41.230814734,633,0,res_46a776b0-74ef-429c-befa-758731ba64c1,2012-02-28 13:36:44.888389734,0.0
Case696,W_Completeren aanvraag,res_408aec04-fa16-4916-b3c7-40322d591997,Role 1,2012-02-28 14:38:11.360771834,633,1,res_408aec04-fa16-4916-b3c7-40322d591997,2012-02-28 14:35:40.977986834,0.0
Case697,W_Completeren aanvraag,res_cd801f30-7ddb-4e0a-8319-c3bbd19d3bc0,Role 1,2012-02-28 13:40:51.137782939,634,2,res_cd801f30-7ddb-4e0a-8319-c3bbd19d3bc0,2012-02-28 13:38:32.685072939,0.05128205128205128
Case698,W_Afhandelen leads,res_dcb46f81-367a-42ae-96c2-833faef25480,Role 1,2012-02-28 14:05:34.676462023,634,0,res_dcb46f81-367a-42ae-96c2-833faef25480,2012-02-28 14:02:37.362117023,0.0
Case698,W_Completeren aanvraag,res_7a10508e-56ae-4766-abd2-e94c8442b539,Role 1,2012-02-28 15:03:24.960862523,633,1,res_7a10508e-56ae-4766-abd2-e94c8442b539,2012-02-28 15:00:54.049194523,0.0
Case699,W_Afhandelen leads,res_d5418cc0-ed10-4016-ac16-0bc32f58673f,Role 1,2012-02-28 14:40:04.725202679,633,0,res_d5418cc0-ed10-4016-ac16-0bc32f58673f,2012-02-28 14:37:05.648010679,0.0
Case699,W_Completeren aanvraag,res_a7efadcf-4796-49e4-a611-9f847fa3b6b3,Role 1,2012-02-28 15:36:28.425582179,631,1,res_a7efadcf-4796-49e4-a611-9f847fa3b6b3,2012-02-28 15:33:56.868727179,0.0
Case7,W_Afhandelen leads,res_3e93a9a9-cdc4-46ed-8b29-3e63e6d2a9a2,Role 1,2012-02-13 20:02:55.769472909,525,0,res_3e93a9a9-cdc4-46ed-8b29-3e63e6d2a9a2,2012-02-13 19:59:47.513914909,0.0
Case7,W_Completeren aanvraag,res_2f56cb7e-3c7c-424a-95d0-d464cdf4e447,Role 1,2012-02-13 21:01:45.108492409,524,1,res_2f56cb7e-3c7c-424a-95d0-d464cdf4e447,2012-02-13 20:59:15.560310409,0.0
Case70,W_Afhandelen leads,res_501654f1-1e08-4e04-8b11-a5fd18a76e7d,Role 1,2012-02-15 08:32:34.605260285,542,0,res_501654f1-1e08-4e04-8b11-a5fd18a76e7d,2012-02-15 08:29:16.410145285,0.0
Case70,W_Completeren aanvraag,res_177ed8cb-552b-4612-b348-20f464d6e7e5,Role 1,2012-02-15 10:28:48.044045685,550,1,res_177ed8cb-552b-4612-b348-20f464d6e7e5,2012-02-15 10:26:14.409398685,0.02564102564102564
Case70,W_Nabellen offertes,res_e30a7ff2-fdff-43e2-93a6-f30f7d1f4d80,Role 1,2012-02-16 14:36:14.329239085,578,1,res_e30a7ff2-fdff-43e2-93a6-f30f7d1f4d80,2012-02-16 14:34:10.306159085,0.02564102564102564
Case70,W_Nabellen offertes,res_a6c40c08-3f7b-4865-a717-e7f1f1b6f98b,Role 1,2012-02-23 03:53:58.935375984,633,1,res_a6c40c08-3f7b-4865-a717-e7f1f1b6f98b,2012-02-23 03:51:24.944175984,0.02564102564102564
Case700,W_Completeren aanvraag,res_c09d353e-d1d3-4710-a13d-39ecb25ed3a8,Role 1,2012-02-28 14:59:12.283210216,634,2,res_c09d353e-d1d3-4710-a13d-39ecb25ed3a8,2012-02-28 14:56:53.426417216,0.02564102564102564
Case701,W_Completeren aanvraag,res_ddc79bf3-8255-4b9b-ace2-8a46af780bc5,Role 1,2012-02-28 15:40:24.505704296,631,1,res_ddc79bf3-8255-4b9b-ace2-8a46af780bc5,2012-02-28 15:38:00.660783296,0.0
Case701,W_Completeren aanvraag,res_7a10508e-56ae-4766-abd2-e94c8442b539,Role 1,2012-02-28 16:35:09.987623696,628,1,res_7a10508e-56ae-4766-abd2-e94c8442b539,2012-02-28 16:32:42.324865696,0.0
Case701,W_Completeren aanvraag,res_3e93a9a9-cdc4-46ed-8b29-3e63e6d2a9a2,Role 1,2012-02-28 18:00:06.840282595,631,1,res_3e93a9a9-cdc4-46ed-8b29-3e63e6d2a9a2,2012-02-28 17:57:51.726294595,0.0
Case701,W_Completeren aanvraag,res_75b73935-48c2-4abe-9548-628b120b0d25,Role 1,2012-02-28 18:37:24.397047896,632,1,res_75b73935-48c2-4abe-9548-628b120b0d25,2012-02-28 18:35:29.986629896,0.0
Case701,W_Nabellen offertes,res_ddc79bf3-8255-4b9b-ace2-8a46af780bc5,Role 1,2012-02-28 20:50:10.886923496,626,1,res_ddc79bf3-8255-4b9b-ace2-8a46af780bc5,2012-02-28 20:48:36.820855496,0.0
Case702,W_Afhandelen leads,res_ee4279a0-2b97-4f9d-9945-00c80ada4a95,Role 1,2012-02-28 16:11:02.862906120,628,0,res_ee4279a0-2b97-4f9d-9945-00c80ada4a95,2012-02-28 16:07:58.951246120,0.0
Case702,W_Completeren aanvraag,res_a7efadcf-4796-49e4-a611-9f847fa3b6b3,Role 1,2012-02-28 17:05:22.067615320,630,2,res_a7efadcf-4796-49e4-a611-9f847fa3b6b3,2012-02-28 17:02:52.262432320,0.02564102564102564
Case703,W_Completeren aanvraag,res_177ed8cb-552b-4612-b348-20f464d6e7e5,Role 1,2012-02-28 16:39:21.756435697,629,1,res_177ed8cb-552b-4612-b348-20f464d6e7e5,2012-02-28 16:36:56.794970697,0.0
Case704,W_Afhandelen leads,res_a7efadcf-4796-49e4-a611-9f847fa3b6b3,Role 1,2012-02-28 16:41:25.587430879,630,0,res_a7efadcf-4796-49e4-a611-9f847fa3b6b3,2012-02-28 16:38:22.427849879,0.02564102564102564
Case704,W_Completeren aanvraag,res_c6ff2914-8075-4a61-b381-b682f6eb47de,Role 1,2012-02-28 17:35:35.778255079,629,1,res_c6ff2914-8075-4a61-b381-b682f6eb47de,2012-02-28 17:33:02.988806079,0.0
Case704,W_Completeren aanvraag,res_7848a1c1-2878-42e4-b2ac-02ba3ecca52c,Role 1,2012-02-28 18:54:19.863960979,630,1,res_7848a1c1-2878-42e4-b2ac-02ba3ecca52c,2012-02-28 18:52:04.151020979,0.0
Case705,W_Completeren aanvraag,res_177ed8cb-552b-4612-b348-20f464d6e7e5,Role 1,2012-02-28 16:59:53.084655643,630,1,res_177ed8cb-552b-4612-b348-20f464d6e7e5,2012-02-28 16:57:27.893539643,0.0
Case705,W_Nabellen offertes,res_0eb69d82-9670-4fe3-a195-9d055d280321,Role 1,2012-02-28 17:20:03.148551443,629,1,res_0eb69d82-9670-4fe3-a195-9d055d280321,2012-02-28 17:17:42.217168443,0.0
Case705,W_Nabellen offertes,res_5c0494f5-5178-4b1a-9a41-59b27da90a66,Role 1,2012-03-08 10:22:16.555829243,629,1,res_5c0494f5-5178-4b1a-9a41-59b27da90a66,2012-03-08 10:20:18.264628243,0.0
Case706,W_Afhandelen leads,res_b5ab845a-5020-427e-b6f1-42df333cb3fb,Role 1,2012-02-28 17:41:34.699586262,630,0,res_b5ab845a-5020-427e-b6f1-42df333cb3fb,2012-02-28 17:38:28.075786262,0.0
Case706,W_Completeren aanvraag,res_0eb69d82-9670-4fe3-a195-9d055d280321,Role 1,2012-02-28 18:36:30.889108662,632,2,res_0eb69d82-9670-4fe3-a195-9d055d280321,2012-02-28 18:34:00.974799662,0.02564102564102564
Case707,W_Afhandelen leads,res_75b73935-48c2-4abe-9548-628b120b0d25,Role 1,2012-02-28 17:41:34.891770361,631,1,res_75b73935-48c2-4abe-9548-628b120b0d25,2012-02-28 17:38:36.135351361,0.02564102564102564
Case707,W_Completeren aanvraag,res_69f394fc-b099-49f7-8f4e-cce94cd03365,Role 1,2012-02-28 18:36:22.820499261,632,1,res_69f394fc-b099-49f7-8f4e-cce94cd03365,2012-02-28 18:33:51.807023261,0.0
Case708,W_Afhandelen leads,res_177ed8cb-552b-4612-b348-20f464d6e7e5,Role 1,2012-02-28 18:07:52.644620487,632,0,res_177ed8cb-552b-4612-b348-20f464d6e7e5,2012-02-28 18:04:45.735654487,0.0
Case708,W_Completeren aanvraag,res_408aec04-fa16-4916-b3c7-40322d591997,Role 1,2012-02-28 19:03:29.953326987,628,1,res_408aec04-fa16-4916-b3c7-40322d591997,2012-02-28 19:00:57.254856987,0.0
Case709,W_Completeren aanvraag,res_a7efadcf-4796-49e4-a611-9f847fa3b6b3,Role 1,2012-02-28 18:39:29.091236914,631,1,res_a7efadcf-4796-49e4-a611-9f847fa3b6b3,2012-02-28 18:37:04.061060914,0.0
Case71,W_Completeren aanvraag,res_ee4279a0-2b97-4f9d-9945-00c80ada4a95,Role 1,2012-02-15 08:37:31.639813627,543,1,res_ee4279a0-2b97-4f9d-9945-00c80ada4a95,2012-02-15 08:34:37.785303627,0.0
Case71,W_Completeren aanvraag,res_425ded41-e317-4198-891a-d9f3e32a6030,Role 1,2012-02-15 10:32:51.024177227,550,1,res_425ded41-e317-4198-891a-d9f3e32a6030,2012-02-15 10:30:16.795041227,0.02564102564102564
Case71,W_Nabellen offertes,res_9e7fccd4-b30d-488c-ad55-351ad1a60226,Role 1,2012-02-16 14:09:36.561462127,577,1,res_9e7fccd4-b30d-488c-ad55-351ad1a60226,2012-02-16 14:07:32.546131127,0.0
Case710,W_Completeren aanvraag,res_a7efadcf-4796-49e4-a611-9f847fa3b6b3,Role 1,2012-02-28 19:27:28.632164343,626,1,res_a7efadcf-4796-49e4-a611-9f847fa3b6b3,2012-02-28 19:25:04.348138343,0.0
Case710,W_Nabellen offertes,res_9548f08a-bc89-4837-8ec2-cdb10b4e93b0,Role 1,2012-02-28 19:45:21.032787743,627,1,res_9548f08a-bc89-4837-8ec2-cdb10b4e93b0,2012-02-28 19:43:05.442284743,0.02564102564102564
Case711,W_Afhandelen leads,res_7a10508e-56ae-4766-abd2-e94c8442b539,Role 1,2012-02-28 19:44:20.195130556,627,0,res_7a10508e-56ae-4766-abd2-e94c8442b539,2012-02-28 19:41:13.510841556,0.0
Case711,W_Completeren aanvraag,res_ee4279a0-2b97-4f9d-9945-00c80ada4a95,Role 1,2012-02-28 20:43:20.963049656,625,1,res_ee4279a0-2b97-4f9d-9945-00c80ada4a95,2012-02-28 20:40:50.209429656,0.0
Case711,W_Nabellen offertes,res_9548f08a-bc89-4837-8ec2-cdb10b4e93b0,Role 1,2012-03-03 01:09:29.914787955,634,1,res_9548f08a-bc89-4837-8ec2-cdb10b4e93b0,2012-03-03 01:07:36.044232955,0.0
Case711,W_Nabellen offertes,res_f3a5d8a5-7894-4471-8b15-4aeaf83a4249,Role 1,2012-03-07 06:00:59.691961356,631,1,res_f3a5d8a5-7894-4471-8b15-4aeaf83a4249,2012-03-07 05:59:08.813305356,0.0
Case712,W_Completeren aanvraag,res_85f526bd-1f2c-4373-8dcc-9710ee98b7b2,Role 1,2012-02-28 20:42:08.592028296,626,1,res_85f526bd-1f2c-4373-8dcc-9710ee98b7b2,2012-02-28 20:39:46.473779296,0.0
Case712,W_Nabellen offertes,res_501654f1-1e08-4e04-8b11-a5fd18a76e7d,Role 1,2012-02-28 21:01:15.084699596,627,1,res_501654f1-1e08-4e04-8b11-a5fd18a76e7d,2012-02-28 20:59:02.142866596,0.0
Case712,W_Nabellen offertes,res_7a10508e-56ae-4766-abd2-e94c8442b539,Role 1,2012-03-07 17:32:35.568480596,630,1,res_7a10508e-56ae-4766-abd2-e94c8442b539,2012-03-07 17:30:39.458164596,0.0
Case713,W_Completeren aanvraag,res_7848a1c1-2878-42e4-b2ac-02ba3ecca52c,Role 1,2012-02-28 20:42:29.862164231,627,2,res_7848a1c1-2878-42e4-b2ac-02ba3ecca52c,2012-02-28 20:40:11.659920231,0.02564102564102564
Case713,W_Completeren aanvraag,res_0eb69d82-9670-4fe3-a195-9d055d280321,Role 1,2012-02-28 21:43:13.627729831,627,1,res_0eb69d82-9670-4fe3-a195-9d055d280321,2012-02-28 21:40:53.135438831,0.0
Case714,W_Completeren aanvraag,res_69f394fc-b099-49f7-8f4e-cce94cd03365,Role 1,2012-02-28 21:40:42.606796947,627,1,res_69f394fc-b099-49f7-8f4e-cce94cd03365,2012-02-28 21:38:22.459053947,0.0
Case714,W_Completeren aanvraag,res_ee4279a0-2b97-4f9d-9945-00c80ada4a95,Role 1,2012-02-28 22:45:01.967244747,627,1,res_ee4279a0-2b97-4f9d-9945-00c80ada4a95,2012-02-28 22:42:40.515208747,0.0
Case714,W_Nabellen offertes,res_ee4279a0-2b97-4f9d-9945-00c80ada4a95,Role 1,2012-03-04 02:01:23.834276847,629,1,res_ee4279a0-2b97-4f9d-9945-00c80ada4a95,2012-03-04 01:59:32.281789847,0.0
Case715,W_Completeren aanvraag,res_cd801f30-7ddb-4e0a-8319-c3bbd19d3bc0,Role 1,2012-02-28 21:43:29.726115761,628,1,res_cd801f30-7ddb-4e0a-8319-c3bbd19d3bc0,2012-02-28 21:41:09.695029761,0.0
Case716,W_Completeren aanvraag,res_e30a7ff2-fdff-43e2-93a6-f30f7d1f4d80,Role 1,2012-02-28 22:13:46.172676696,628,1,res_e30a7ff2-fdff-43e2-93a6-f30f7d1f4d80,2012-02-28 22:11:27.126959696,0.0
Case716,W_Nabellen offertes,res_31f16881-0e61-460a-88bc-abc46854faba,Role 1,2012-02-28 22:35:56.984082196,628,1,res_31f16881-0e61-460a-88bc-abc46854faba,2012-02-28 22:33:44.464073196,0.0
Case717,W_Afhandelen leads,res_ee4279a0-2b97-4f9d-9945-00c80ada4a95,Role 1,2012-02-28 22:43:27.431992185,628,0,res_ee4279a0-2b97-4f9d-9945-00c80ada4a95,2012-02-28 22:40:27.993021185,0.0
Case717,W_Completeren aanvraag,res_7cc6cf66-7797-453d-b952-98449834316b,Role 1,2012-02-28 23:56:18.763760985,628,1,res_7cc6cf66-7797-453d-b952-98449834316b,2012-02-28 23:53:53.425134985,0.0
Case717,W_Completeren aanvraag,res_ddc79bf3-8255-4b9b-ace2-8a46af780bc5,Role 1,2012-02-29 07:52:33.639287285,621,1,res_ddc79bf3-8255-4b9b-ace2-8a46af780bc5,2012-02-29 07:49:42.707948285,0.0
Case718,W_Afhandelen leads,res_c09d353e-d1d3-4710-a13d-39ecb25ed3a8,Role 1,2012-02-29 10:49:19.069495080,618,0,res_c09d353e-d1d3-4710-a13d-39ecb25ed3a8,2012-02-29 10:46:12.815808080,0.0
Case718,W_Completeren aanvraag,res_a6c40c08-3f7b-4865-a717-e7f1f1b6f98b,Role 1,2012-02-29 12:16:09.206999980,623,1,res_a6c40c08-3f7b-4865-a717-e7f1f1b6f98b,2012-02-29 12:13:34.827013980,0.0
Case718,W_Nabellen offertes,res_d5418cc0-ed10-4016-ac16-0bc32f58673f,Role 1,2012-03-01 20:44:09.686556980,630,1,res_d5418cc0-ed10-4016-ac16-0bc32f58673f,2012-03-01 20:42:16.726560980,0.02564102564102564
Case718,W_Nabellen offertes,res_a7efadcf-4796-49e4-a611-9f847fa3b6b3,Role 1,2012-03-08 16:25:40.624454980,623,1,res_a7efadcf-4796-49e4-a611-9f847fa3b6b3,2012-03-08 16:24:05.755237980,0.0
Case718,W_Nabellen offertes,res_ee4279a0-2b97-4f9d-9945-00c80ada4a95,Role 1,2012-03-10 14:25:57.444509180,622,1,res_ee4279a0-2b97-4f9d-9945-00c80ada4a95,2012-03-10 14:24:21.778541180,0.0
Case718,W_Nabellen offertes,res_177ed8cb-552b-4612-b348-20f464d6e7e5,Role 1,2012-03-12 23:57:06.759201680,601,1,res_177ed8cb-552b-4612-b348-20f464d6e7e5,2012-03-12 23:55:36.530630680,0.0
Case718,W_Nabellen offertes,res_425ded41-e317-4198-891a-d9f3e32a6030,Role 1,2012-03-15 07:14:10.046759980,611,1,res_425ded41-e317-4198-891a-d9f3e32a6030,2012-03-15 07:12:51.800477980,0.0
Case718,W_Nabellen offertes,res_d5418cc0-ed10-4016-ac16-0bc32f58673f,Role 1,2012-03-16 22:57:29.783301580,582,1,res_d5418cc0-ed10-4016-ac16-0bc32f58673f,2012-03-16 22:50:56.832758580,0.0
Case718,W_Nabellen offertes,res_31f16881-0e61-460a-88bc-abc46854faba,Role 1,2012-03-18 12:01:20.955230480,562,1,res_31f16881-0e61-460a-88bc-abc46854faba,2012-03-18 11:59:41.904475480,0.0
Case719,W_Completeren aanvraag,res_2f56cb7e-3c7c-424a-95d0-d464cdf4e447,Role 1,2012-02-29 10:57:25.333335172,619,1,res_2f56cb7e-3c7c-424a-95d0-d464cdf4e447,2012-02-29 10:54:46.613083172,0.0
Case719,W_Nabellen offertes,res_9e7fccd4-b30d-488c-ad55-351ad1a60226,Role 1,2012-02-29 11:41:07.838367972,622,1,res_9e7fccd4-b30d-488c-ad55-351ad1a60226,2012-02-29 11:38:44.836369972,0.0
Case72,W_Afhandelen leads,res_7848a1c1-2878-42e4-b2ac-02ba3ecca52c,Role 1,2012-02-15 08:47:19.512138591,544,0,res_7848a1c1-2878-42e4-b2ac-02ba3ecca52c,2012-02-15 08:44:01.954860591,0.0
Case72,W_Completeren aanvraag,res_a6c40c08-3f7b-4865-a717-e7f1f1b6f98b,Role 1,2012-02-15 10:40:44.352459191,550,1,res_a6c40c08-3f7b-4865-a717-e7f1f1b6f98b,2012-02-15 10:38:10.897402191,0.02564102564102564
Case72,W_Nabellen offertes,res_7cc6cf66-7797-453d-b952-98449834316b,Role 1,2012-02-16 14:48:20.859472591,579,1,res_7cc6cf66-7797-453d-b952-98449834316b,2012-02-16 14:46:17.994985591,0.0
Case72,W_Nabellen offertes,res_0eb69d82-9670-4fe3-a195-9d055d280321,Role 1,2012-02-23 03:43:26.196059191,632,1,res_0eb69d82-9670-4fe3-a195-9d055d280321,2012-02-23 03:40:48.285997191,0.0
Case72,W_Nabellen offertes,res_a6c40c08-3f7b-4865-a717-e7f1f1b6f98b,Role 1,2012-02-24 16:50:38.710351291,644,1,res_a6c40c08-3f7b-4865-a717-e7f1f1b6f98b,2012-02-24 16:49:01.413480291,0.0
Case720,W_Afhandelen leads,res_c6ff2914-8075-4a61-b381-b682f6eb47de,Role 1,2012-02-29 11:02:27.732841830,620,0,res_c6ff2914-8075-4a61-b381-b682f6eb47de,2012-02-29 10:59:22.653187830,0.0
Case720,W_Completeren aanvraag,res_c6ff2914-8075-4a61-b381-b682f6eb47de,Role 1,2012-02-29 12:26:09.138900930,624,1,res_c6ff2914-8075-4a61-b381-b682f6eb47de,2012-02-29 12:23:35.612386930,0.02564102564102564
Case720,W_Completeren aanvraag,res_a7efadcf-4796-49e4-a611-9f847fa3b6b3,Role 1,2012-02-29 16:19:02.260279430,623,2,res_a7efadcf-4796-49e4-a611-9f847fa3b6b3,2012-02-29 16:16:46.047596430,0.02564102564102564
Case721,W_Afhandelen leads,res_24e554c7-8afb-451c-a96e-dea7923be74d,Role 1,2012-02-29 11:07:48.632751172,621,0,res_24e554c7-8afb-451c-a96e-dea7923be74d,2012-02-29 11:04:44.028346172,0.0
Case721,W_Completeren aanvraag,res_177ed8cb-552b-4612-b348-20f464d6e7e5,Role 1,2012-02-29 12:28:14.948954672,624,3,res_177ed8cb-552b-4612-b348-20f464d6e7e5,2012-02-29 12:25:46.810700672,0.05128205128205128
Case721,W_Completeren aanvraag,res_c09d353e-d1d3-4710-a13d-39ecb25ed3a8,Role 1,2012-02-29 16:31:07.168492672,623,1,res_c09d353e-d1d3-4710-a13d-39ecb25ed3a8,2012-02-29 16:28:51.734020672,0.0
Case721,W_Nabellen offertes,res_b5ab845a-5020-427e-b6f1-42df333cb3fb,Role 1,2012-03-01 06:24:12.756919072,619,1,res_b5ab845a-5020-427e-b6f1-42df333cb3fb,2012-03-01 06:20:59.507665072,0.0
Case721,W_Nabellen offertes,res_7cc6cf66-7797-453d-b952-98449834316b,Role 1,2012-03-06 00:25:57.259549472,613,1,res_7cc6cf66-7797-453d-b952-98449834316b,2012-03-06 00:24:01.111310472,0.02564102564102564
Case722,W_Completeren aanvraag,res_5c0494f5-5178-4b1a-9a41-59b27da90a66,Role 1,2012-02-29 11:16:44.730409136,621,1,res_5c0494f5-5178-4b1a-9a41-59b27da90a66,2012-02-29 11:14:08.197903136,0.0
Case722,W_Nabellen offertes,res_dcb46f81-367a-42ae-96c2-833faef25480,Role 1,2012-02-29 11:58:43.708082836,624,2,res_dcb46f81-367a-42ae-96c2-833faef25480,2012-02-29 11:56:26.499520836,0.02564102564102564
Case723,W_Completeren aanvraag,res_42f40199-b27a-43f0-a89c-188ab6bfaf36,Role 1,2012-02-29 11:23:52.117462046,622,1,res_42f40199-b27a-43f0-a89c-188ab6bfaf36,2012-02-29 11:21:16.362299046,0.0
Case724,W_Afhandelen leads,res_c09d353e-d1d3-4710-a13d-39ecb25ed3a8,Role 1,2012-02-29 11:34:30.520415970,622,0,res_c09d353e-d1d3-4710-a13d-39ecb25ed3a8,2012-02-29 11:31:27.881800970,0.0
Case724,W_Completeren aanvraag,res_42f40199-b27a-43f0-a89c-188ab6bfaf36,Role 1,2012-02-29 12:51:14.665667570,625,1,res_42f40199-b27a-43f0-a89c-188ab6bfaf36,2012-02-29 12:48:40.227508570,0.0
Case725,W_Completeren aanvraag,res_9e7fccd4-b30d-488c-ad55-351ad1a60226,Role 1,2012-02-29 11:42:02.423166027,622,1,res_9e7fccd4-b30d-488c-ad55-351ad1a60226,2012-02-29 11:39:28.433370027,0.0
Case725,W_Nabellen offertes,res_69f394fc-b099-49f7-8f4e-cce94cd03365,Role 1,2012-02-29 12:21:57.994192027,624,1,res_69f394fc-b099-49f7-8f4e-cce94cd03365,2012-02-29 12:19:35.850144027,0.0
Case726,W_Completeren aanvraag,res_69f394fc-b099-49f7-8f4e-cce94cd03365,Role 1,2012-02-29 11:49:00.865000200,623,1,res_69f394fc-b099-49f7-8f4e-cce94cd03365,2012-02-29 11:46:27.530755200,0.0
Case726,W_Nabellen offertes,res_75b73935-48c2-4abe-9548-628b120b0d25,Role 1,2012-02-29 12:27:15.016860000,624,1,res_75b73935-48c2-4abe-9548-628b120b0d25,2012-02-29 12:24:52.993438000,0.0
Case726,W_Nabellen offertes,res_8435ed72-5b45-4de1-a40d-2e20f14bd3c6,Role 1,2012-03-08 10:37:16.488753100,627,1,res_8435ed72-5b45-4de1-a40d-2e20f14bd3c6,2012-03-08 10:35:30.877052100,0.0
Case727,W_Afhandelen leads,res_6f56bab9-a4f7-420f-96ab-b17cd82647c1,Role 1,2012-02-29 11:49:47.732197949,624,0,res_6f56bab9-a4f7-420f-96ab-b17cd82647c1,2012-02-29 11:46:47.679667949,0.02564102564102564
Case727,W_Completeren aanvraag,res_ee4279a0-2b97-4f9d-9945-00c80ada4a95,Role 1,2012-02-29 13:02:08.862873249,623,1,res_ee4279a0-2b97-4f9d-9945-00c80ada4a95,2012-02-29 12:59:35.653169249,0.02564102564102564
Case727,W_Completeren aanvraag,res_fa3ac963-7739-40ef-84e6-624c11774546,Role 1,2012-02-29 16:47:35.491019349,624,1,res_fa3ac963-7739-40ef-84e6-624c11774546,2012-02-29 16:45:17.080728349,0.0
Case727,W_Completeren aanvraag,res_f664dcd9-d4b7-456f-a1f7-9daea9e497fd,Role 1,2012-02-29 18:13:09.921086949,626,1,res_f664dcd9-d4b7-456f-a1f7-9daea9e497fd,2012-02-29 18:11:17.928566949,0.0
Case727,W_Completeren aanvraag,res_9e7fccd4-b30d-488c-ad55-351ad1a60226,Role 1,2012-02-29 19:02:39.609764649,626,1,res_9e7fccd4-b30d-488c-ad55-351ad1a60226,2012-02-29 19:00:55.353367649,0.0
Case727,W_Nabellen offertes,res_75b73935-48c2-4abe-9548-628b120b0d25,Role 1,2012-02-29 23:06:36.927448949,624,1,res_75b73935-48c2-4abe-9548-628b120b0d25,2012-02-29 23:05:02.876021949,0.0
Case728,W_Completeren aanvraag,res_c09d353e-d1d3-4710-a13d-39ecb25ed3a8,Role 1,2012-02-29 12:03:07.983506921,623,1,res_c09d353e-d1d3-4710-a13d-39ecb25ed3a8,2012-02-29 12:00:35.799981921,0.0
Case728,W_Nabellen offertes,res_e30a7ff2-fdff-43e2-93a6-f30f7d1f4d80,Role 1,2012-02-29 12:41:18.592235121,625,1,res_e30a7ff2-fdff-43e2-93a6-f30f7d1f4d80,2012-02-29 12:38:56.953959121,0.0
Case728,W_Nabellen offertes,res_d5418cc0-ed10-4016-ac16-0bc32f58673f,Role 1,2012-03-08 11:19:45.087646321,626,1,res_d5418cc0-ed10-4016-ac16-0bc32f58673f,2012-03-08 11:18:00.349126321,0.0
Case729,W_Afhandelen leads,res_e30a7ff2-fdff-43e2-93a6-f30f7d1f4d80,Role 1,2012-02-29 12:10:53.153382206,624,0,res_e30a7ff2-fdff-43e2-93a6-f30f7d1f4d80,2012-02-29 12:07:54.038834206,0.02564102564102564
Case729,W_Completeren aanvraag,res_c09d353e-d1d3-4710-a13d-39ecb25ed3a8,Role 1,2012-02-29 13:21:21.234932706,622,1,res_c09d353e-d1d3-4710-a13d-39ecb25ed3a8,2012-02-29 13:18:47.114861706,0.0
Case73,W_Afhandelen leads,res_425ded41-e317-4198-891a-d9f3e32a6030,Role 1,2012-02-15 08:54:27.343731501,545,0,res_425ded41-e317-4198-891a-d9f3e32a6030,2012-02-15 08:51:10.119256501,0.0
Case73,W_Completeren aanvraag,res_7848a1c1-2878-42e4-b2ac-02ba3ecca52c,Role 1,2012-02-15 10:46:26.593513701,550,1,res_7848a1c1-2878-42e4-b2ac-02ba3ecca52c,2012-02-15 10:43:53.203990701,0.02564102564102564
Case73,W_Completeren aanvraag,res_31f16881-0e61-460a-88bc-abc46854faba,Role 1,2012-02-15 15:08:26.626463701,560,2,res_31f16881-0e61-460a-88bc-abc46854faba,2012-02-15 15:06:08.590460701,0.05128205128205128
Case73,W_Nabellen offertes,res_9548f08a-bc89-4837-8ec2-cdb10b4e93b0,Role 1,2012-02-16 07:19:33.115584501,562,1,res_9548f08a-bc89-4837-8ec2-cdb10b4e93b0,2012-02-16 07:16:09.806988501,0.0
Case73,W_Nabellen offertes,res_f3a5d8a5-7894-4471-8b15-4aeaf83a4249,Role 1,2012-02-21 04:31:23.164918001,629,1,res_f3a5d8a5-7894-4471-8b15-4aeaf83a4249,2012-02-21 04:29:42.936583001,0.02564102564102564
Case730,W_Completeren aanvraag,res_69f394fc-b099-49f7-8f4e-cce94cd03365,Role 1,2012-02-29 12:20:16.881899843,625,2,res_69f394fc-b099-49f7-8f4e-cce94cd03365,2012-02-29 12:17:52.461542843,0.05128205128205128
Case730,W_Completeren aanvraag,res_24e554c7-8afb-451c-a96e-dea7923be74d,Role 1,2012-02-29 13:28:05.640274843,622,1,res_24e554c7-8afb-451c-a96e-dea7923be74d,2012-02-29 13:25:36.259119843,0.02564102564102564
Case731,W_Afhandelen leads,res_408aec04-fa16-4916-b3c7-40322d591997,Role 1,2012-02-29 12:35:13.054469213,625,0,res_408aec04-fa16-4916-b3c7-40322d591997,2012-02-29 12:32:12.820117213,0.0
Case731,W_Completeren aanvraag,res_7cc6cf66-7797-453d-b952-98449834316b,Role 1,2012-02-29 13:42:26.882022513,622,1,res_7cc6cf66-7797-453d-b952-98449834316b,2012-02-29 13:39:52.484994513,0.0
Case731,W_Nabellen offertes,res_46a776b0-74ef-429c-befa-758731ba64c1,Role 1,2012-03-02 00:07:38.869974613,630,1,res_46a776b0-74ef-429c-befa-758731ba64c1,2012-03-02 00:05:46.563820613,0.0
Case732,W_Completeren aanvraag,res_b5ab845a-5020-427e-b6f1-42df333cb3fb,Role 1,2012-02-29 12:48:09.566108437,625,1,res_b5ab845a-5020-427e-b6f1-42df333cb3fb,2012-02-29 12:45:40.791518437,0.02564102564102564
Case733,W_Completeren aanvraag,res_7848a1c1-2878-42e4-b2ac-02ba3ecca52c,Role 1,2012-02-29 12:49:45.710692818,625,2,res_7848a1c1-2878-42e4-b2ac-02ba3ecca52c,2012-02-29 12:47:22.543527818,0.05128205128205128
Case733,W_Nabellen offertes,res_31f16881-0e61-460a-88bc-abc46854faba,Role 1,2012-02-29 13:24:13.801201318,622,1,res_31f16881-0e61-460a-88bc-abc46854faba,2012-02-29 13:21:57.335536318,0.0
Case733,W_Nabellen offertes,res_425ded41-e317-4198-891a-d9f3e32a6030,Role 1,2012-03-08 19:51:52.251587618,621,1,res_425ded41-e317-4198-891a-d9f3e32a6030,2012-03-08 19:49:18.770087618,0.0
Case734,W_Completeren aanvraag,res_85f526bd-1f2c-4373-8dcc-9710ee98b7b2,Role 1,2012-02-29 13:03:33.530657966,623,1,res_85f526bd-1f2c-4373-8dcc-9710ee98b7b2,2012-02-29 13:01:04.619167966,0.0
Case734,W_Completeren aanvraag,res_177ed8cb-552b-4612-b348-20f464d6e7e5,Role 1,2012-02-29 14:07:42.288209466,623,1,res_177ed8cb-552b-4612-b348-20f464d6e7e5,2012-02-29 14:05:10.480469466,0.0
Case734,W_Nabellen offertes,res_f3a5d8a5-7894-4471-8b15-4aeaf83a4249,Role 1,2012-03-02 00:36:50.596992366,629,1,res_f3a5d8a5-7894-4471-8b15-4aeaf83a4249,2012-03-02 00:34:59.154634366,0.0
Case735,W_Completeren aanvraag,res_dcb46f81-367a-42ae-96c2-833faef25480,Role 1,2012-02-29 13:15:11.888440532,623,2,res_dcb46f81-367a-42ae-96c2-833faef25480,2012-02-29 13:12:48.823668533,0.02564102564102564
Case735,W_Nabellen offertes,res_ee4279a0-2b97-4f9d-9945-00c80ada4a95,Role 1,2012-02-29 13:47:20.645307833,622,1,res_ee4279a0-2b97-4f9d-9945-00c80ada4a95,2012-02-29 13:45:04.146405833,0.0
Case735,W_Nabellen offertes,res_cd801f30-7ddb-4e0a-8319-c3bbd19d3bc0,Role 1,2012-03-08 23:30:51.569523233,616,1,res_cd801f30-7ddb-4e0a-8319-c3bbd19d3bc0,2012-03-08 23:24:14.515203233,0.0
Case735,W_Nabellen offertes,res_24e554c7-8afb-451c-a96e-dea7923be74d,Role 1,2012-03-10 21:09:50.166022933,623,1,res_24e554c7-8afb-451c-a96e-dea7923be74d,2012-03-10 21:08:05.558966933,0.0
Case735,W_Nabellen offertes,res_e30a7ff2-fdff-43e2-93a6-f30f7d1f4d80,Role 1,2012-03-13 13:41:06.228515033,595,1,res_e30a7ff2-fdff-43e2-93a6-f30f7d1f4d80,2012-03-13 13:31:35.535150033,0.0
Case735,W_Nabellen offertes,res_69f394fc-b099-49f7-8f4e-cce94cd03365,Role 1,2012-03-15 03:00:34.233340933,613,1,res_69f394fc-b099-49f7-8f4e-cce94cd03365,2012-03-15 02:58:58.153718933,0.0
Case736,W_Completeren aanvraag,res_42f40199-b27a-43f0-a89c-188ab6bfaf36,Role 1,2012-02-29 13:33:34.403534339,622,1,res_42f40199-b27a-43f0-a89c-188ab6bfaf36,2012-02-29 13:31:06.939413339,0.02564102564102564
Case736,W_Completeren aanvraag,res_f612d14e-303a-4d03-a37a-3b98918a5014,Role 1,2012-02-29 14:35:18.612420539,623,1,res_f612d14e-303a-4d03-a37a-3b98918a5014,2012-02-29 14:32:47.316713539,0.0
Case736,W_Nabellen offertes,res_f664dcd9-d4b7-456f-a1f7-9daea9e497fd,Role 1,2012-03-02 00:58:04.082599039,628,1,res_f664dcd9-d4b7-456f-a1f7-9daea9e497fd,2012-03-02 00:56:12.215224039,0.0
Case736,W_Nabellen offertes,res_a6c40c08-3f7b-4865-a717-e7f1f1b6f98b,Role 1,2012-03-08 11:29:58.015735439,627,1,res_a6c40c08-3f7b-4865-a717-e7f1f1b6f98b,2012-03-08 11:28:21.290809439,0.0
Case737,W_Afhandelen leads,res_8435ed72-5b45-4de1-a40d-2e20f14bd3c6,Role 1,2012-02-29 13:50:07.787474178,623,0,res_8435ed72-5b45-4de1-a40d-2e20f14bd3c6,2012-02-29 13:47:06.027660178,0.0
Case737,W_Completeren aanvraag,res_f3a5d8a5-7894-4471-8b15-4aeaf83a4249,Role 1,2012-02-29 14:50:28.766432278,624,1,res_f3a5d8a5-7894-4471-8b15-4aeaf83a4249,2012-02-29 14:47:54.130102278,0.0
Case738,W_Completeren aanvraag,res_42f40199-b27a-43f0-a89c-188ab6bfaf36,Role 1,2012-02-29 13:50:25.574149324,624,1,res_42f40199-b27a-43f0-a89c-188ab6bfaf36,2012-02-29 13:47:58.414833324,0.02564102564102564
Case738,W_Nabellen offertes,res_fa3ac963-7739-40ef-84e6-624c11774546,Role 1,2012-02-29 14:20:59.140808024,623,1,res_fa3ac963-7739-40ef-84e6-624c11774546,2012-02-29 14:18:40.381414024,0.0
Case738,W_Nabellen offertes,res_3e93a9a9-cdc4-46ed-8b29-3e63e6d2a9a2,Role 1,2012-03-09 04:32:56.028578524,614,1,res_3e93a9a9-cdc4-46ed-8b29-3e63e6d2a9a2,2012-03-09 04:28:41.429627524,0.0
Case739,W_Completeren aanvraag,res_e30a7ff2-fdff-43e2-93a6-f30f7d1f4d80,Role 1,2012-02-29 14:07:20.766514222,624,1,res_e30a7ff2-fdff-43e2-93a6-f30f7d1f4d80,2012-02-29 14:04:52.912590222,0.0
Case74,W_Afhandelen leads,res_f612d14e-303a-4d03-a37a-3b98918a5014,Role 1,2012-02-15 09:04:38.379688425,546,0,res_f612d14e-303a-4d03-a37a-3b98918a5014,2012-02-15 09:01:21.638758425,0.0
Case74,W_Completeren aanvraag,res_9e7fccd4-b30d-488c-ad55-351ad1a60226,Role 1,2012-02-15 10:54:30.299443425,549,1,res_9e7fccd4-b30d-488c-ad55-351ad1a60226,2012-02-15 10:51:56.161027425,0.0
Case74,W_Nabellen offertes,res_425ded41-e317-4198-891a-d9f3e32a6030,Role 1,2012-02-16 16:08:34.401518025,581,1,res_425ded41-e317-4198-891a-d9f3e32a6030,2012-02-16 16:06:36.192256025,0.02564102564102564
Case74,W_Nabellen offertes,res_9548f08a-bc89-4837-8ec2-cdb10b4e93b0,Role 1,2012-02-23 11:19:50.695733025,633,1,res_9548f08a-bc89-4837-8ec2-cdb10b4e93b0,2012-02-23 11:18:12.156669025,0.0
Case74,W_Nabellen offertes,res_c3a01281-6e48-4ea3-a47a-9410360458be,Role 1,2012-02-25 01:16:26.161493125,638,1,res_c3a01281-6e48-4ea3-a47a-9410360458be,2012-02-25 01:06:24.220852125,0.0
Case74,W_Nabellen offertes,res_ddc79bf3-8255-4b9b-ace2-8a46af780bc5,Role 1,2012-02-27 12:16:02.002420625,627,1,res_ddc79bf3-8255-4b9b-ace2-8a46af780bc5,2012-02-27 12:14:12.056801625,0.0
Case74,W_Nabellen offertes,res_501654f1-1e08-4e04-8b11-a5fd18a76e7d,Role 1,2012-02-29 07:51:30.454610725,639,2,res_501654f1-1e08-4e04-8b11-a5fd18a76e7d,2012-02-29 07:49:49.194701725,0.02564102564102564
Case740,W_Afhandelen leads,res_46a776b0-74ef-429c-befa-758731ba64c1,Role 1,2012-02-29 14:22:45.749001078,623,0,res_46a776b0-74ef-429c-befa-758731ba64c1,2012-02-29 14:19:42.487088078,0.0
Case740,W_Completeren aanvraag,res_8435ed72-5b45-4de1-a40d-2e20f14bd3c6,Role 1,2012-02-29 15:21:54.241262578,624,1,res_8435ed72-5b45-4de1-a40d-2e20f14bd3c6,2012-02-29 15:19:20.352240578,0.02564102564102564
Case741,W_Completeren aanvraag,res_f3a5d8a5-7894-4471-8b15-4aeaf83a4249,Role 1,2012-02-29 14:37:23.197599595,624,1,res_f3a5d8a5-7894-4471-8b15-4aeaf83a4249,2012-02-29 14:34:55.232835595,0.0
Case741,W_Completeren aanvraag,res_408aec04-fa16-4916-b3c7-40322d591997,Role 1,2012-02-29 15:35:55.825813895,623,1,res_408aec04-fa16-4916-b3c7-40322d591997,2012-02-29 15:33:24.643932895,0.0
Case741,W_Nabellen offertes,res_c09d353e-d1d3-4710-a13d-39ecb25ed3a8,Role 1,2012-03-02 00:19:26.818249595,630,1,res_c09d353e-d1d3-4710-a13d-39ecb25ed3a8,2012-03-02 00:17:35.335617595,0.02564102564102564
Case741,W_Nabellen offertes,res_85f526bd-1f2c-4373-8dcc-9710ee98b7b2,Role 1,2012-03-08 17:36:00.806403595,623,1,res_85f526bd-1f2c-4373-8dcc-9710ee98b7b2,2012-03-08 17:34:23.202420595,0.0
Case742,W_Afhandelen leads,res_7cc6cf66-7797-453d-b952-98449834316b,Role 1,2012-02-29 14:49:54.130269538,624,0,res_7cc6cf66-7797-453d-b952-98449834316b,2012-02-29 14:46:49.511792538,0.0
Case742,W_Completeren aanvraag,res_f664dcd9-d4b7-456f-a1f7-9daea9e497fd,Role 1,2012-02-29 15:47:58.156692238,623,1,res_f664dcd9-d4b7-456f-a1f7-9daea9e497fd,2012-02-29 15:45:23.115002238,0.0
Case743,W_Afhandelen leads,res_e30a7ff2-fdff-43e2-93a6-f30f7d1f4d80,Role 1,2012-02-29 14:51:51.342157579,625,1,res_e30a7ff2-fdff-43e2-93a6-f30f7d1f4d80,2012-02-29 14:48:54.435051579,0.02564102564102564
Case743,W_Completeren aanvraag,res_c6ff2914-8075-4a61-b381-b682f6eb47de,Role 1,2012-02-29 15:49:55.438767079,623,2,res_c6ff2914-8075-4a61-b381-b682f6eb47de,2012-02-29 15:47:24.960451079,0.02564102564102564
Case743,W_Nabellen offertes,res_9e7fccd4-b30d-488c-ad55-351ad1a60226,Role 1,2012-03-02 01:51:57.084034579,629,1,res_9e7fccd4-b30d-488c-ad55-351ad1a60226,2012-03-02 01:50:04.735892579,0.0
Case743,W_Nabellen offertes,res_e30a7ff2-fdff-43e2-93a6-f30f7d1f4d80,Role 1,2012-03-08 14:49:20.595648879,624,1,res_e30a7ff2-fdff-43e2-93a6-f30f7d1f4d80,2012-03-08 14:47:45.977711879,0.02564102564102564
Case744,W_Completeren aanvraag,res_75b73935-48c2-4abe-9548-628b120b0d25,Role 1,2012-02-29 15:00:24.623298520,625,1,res_75b73935-48c2-4abe-9548-628b120b0d25,2012-02-29 14:57:56.440804520,0.0
Case744,W_Completeren aanvraag,res_9548f08a-bc89-4837-8ec2-cdb10b4e93b0,Role 1,2012-02-29 15:58:14.053655920,623,1,res_9548f08a-bc89-4837-8ec2-cdb10b4e93b0,2012-02-29 15:55:43.552729920,0.02564102564102564
Case744,W_Completeren aanvraag,res_0eb69d82-9670-4fe3-a195-9d055d280321,Role 1,2012-02-29 18:05:53.441907320,624,1,res_0eb69d82-9670-4fe3-a195-9d055d280321,2012-02-29 18:03:41.752201320,0.0
Case745,W_Completeren aanvraag,res_f612d14e-303a-4d03-a37a-3b98918a5014,Role 1,2012-02-29 15:18:12.594272027,625,2,res_f612d14e-303a-4d03-a37a-3b98918a5014,2012-02-29 15:15:50.377854027,0.05128205128205128
Case746,W_Afhandelen leads,res_a6c40c08-3f7b-4865-a717-e7f1f1b6f98b,Role 1,2012-02-29 15:33:30.882254959,624,0,res_a6c40c08-3f7b-4865-a717-e7f1f1b6f98b,2012-02-29 15:30:25.848112959,0.02564102564102564
Case746,W_Completeren aanvraag,res_75b73935-48c2-4abe-9548-628b120b0d25,Role 1,2012-02-29 16:30:43.244933158,625,1,res_75b73935-48c2-4abe-9548-628b120b0d25,2012-02-29 16:28:08.979893158,0.02564102564102564
Case747,W_Completeren aanvraag,res_a6c40c08-3f7b-4865-a717-e7f1f1b6f98b,Role 1,2012-02-29 15:49:18.204000096,623,1,res_a6c40c08-3f7b-4865-a717-e7f1f1b6f98b,2012-02-29 15:46:49.115055096,0.0
Case747,W_Nabellen offertes,res_501654f1-1e08-4e04-8b11-a5fd18a76e7d,Role 1,2012-02-29 16:13:10.548382596,624,1,res_501654f1-1e08-4e04-8b11-a5fd18a76e7d,2012-02-29 16:10:52.074924596,0.0
Case747,W_Nabellen offertes,res_9e7fccd4-b30d-488c-ad55-351ad1a60226,Role 1,2012-03-09 15:23:09.930409496,626,1,res_9e7fccd4-b30d-488c-ad55-351ad1a60226,2012-03-09 15:21:23.378998496,0.0
Case748,W_Afhandelen leads,res_85f526bd-1f2c-4373-8dcc-9710ee98b7b2,Role 1,2012-02-29 15:52:16.295554612,624,0,res_85f526bd-1f2c-4373-8dcc-9710ee98b7b2,2012-02-29 15:49:12.172335612,0.05128205128205128
Case748,W_Completeren aanvraag,res_177ed8cb-552b-4612-b348-20f464d6e7e5,Role 1,2012-02-29 16:49:18.391208312,625,1,res_177ed8cb-552b-4612-b348-20f464d6e7e5,2012-02-29 16:46:45.098022312,0.05128205128205128
Case749,W_Afhandelen leads,res_f612d14e-303a-4d03-a37a-3b98918a5014,Role 1,2012-02-29 16:07:04.089609643,624,0,res_f612d14e-303a-4d03-a37a-3b98918a5014,2012-02-29 16:03:55.702159643,0.0
Case749,W_Completeren aanvraag,res_42f40199-b27a-43f0-a89c-188ab6bfaf36,Role 1,2012-02-29 17:04:01.963738443,626,1,res_42f40199-b27a-43f0-a89c-188ab6bfaf36,2012-02-29 17:01:26.199007443,0.0
Case75,W_Afhandelen leads,res_63d2fda6-0454-4ad2-8b55-d59c9622a8ed,Role 1,2012-02-15 09:12:38.514651482,547,0,res_63d2fda6-0454-4ad2-8b55-d59c9622a8ed,2012-02-15 09:09:22.190327482,0.0
Case75,W_Completeren aanvraag,res_0eb69d82-9670-4fe3-a195-9d055d280321,Role 1,2012-02-15 11:00:45.895223182,550,1,res_0eb69d82-9670-4fe3-a195-9d055d280321,2012-02-15 10:58:11.774856182,0.0
Case75,W_Nabellen offertes,res_fa3ac963-7739-40ef-84e6-624c11774546,Role 1,2012-02-16 16:19:55.415095382,581,1,res_fa3ac963-7739-40ef-84e6-624c11774546,2012-02-16 16:17:57.614574382,0.0
Case750,W_Completeren aanvraag,res_7848a1c1-2878-42e4-b2ac-02ba3ecca52c,Role 1,2012-02-29 16:21:59.429366371,625,2,res_7848a1c1-2878-42e4-b2ac-02ba3ecca52c,2012-02-29 16:19:35.648939371,0.02564102564102564
Case750,W_Nabellen offertes,res_f612d14e-303a-4d03-a37a-3b98918a5014,Role 1,2012-02-29 16:44:45.544224571,625,1,res_f612d14e-303a-4d03-a37a-3b98918a5014,2012-02-29 16:42:30.788684571,0.0
Case750,W_Nabellen offertes,res_7a10508e-56ae-4766-abd2-e94c8442b539,Role 1,2012-03-09 14:11:07.838264771,627,1,res_7a10508e-56ae-4766-abd2-e94c8442b539,2012-03-09 14:09:20.693450771,0.0
Case751,W_Afhandelen leads,res_c3a01281-6e48-4ea3-a47a-9410360458be,Role 1,2012-02-29 16:29:59.150232106,624,0,res_c3a01281-6e48-4ea3-a47a-9410360458be,2012-02-29 16:26:49.858009106,0.0
Case751,W_Completeren aanvraag,res_425ded41-e317-4198-891a-d9f3e32a6030,Role 1,2012-02-29 17:27:03.923349306,626,1,res_425ded41-e317-4198-891a-d9f3e32a6030,2012-02-29 17:24:28.936710306,0.02564102564102564
Case752,W_Afhandelen leads,res_408aec04-fa16-4916-b3c7-40322d591997,Role 1,2012-02-29 16:39:11.522116421,625,0,res_408aec04-fa16-4916-b3c7-40322d591997,2012-02-29 16:36:01.938218421,0.0
Case752,W_Completeren aanvraag,res_85f526bd-1f2c-4373-8dcc-9710ee98b7b2,Role 1,2012-02-29 17:36:25.481846420,626,1,res_85f526bd-1f2c-4373-8dcc-9710ee98b7b2,2012-02-29 17:33:49.457139420,0.0
Case752,W_Completeren aanvraag,res_31f16881-0e61-460a-88bc-abc46854faba,Role 1,2012-02-29 19:46:39.548689521,625,1,res_31f16881-0e61-460a-88bc-abc46854faba,2012-02-29 19:44:22.229101521,0.0
Case752,W_Completeren aanvraag,res_ddc79bf3-8255-4b9b-ace2-8a46af780bc5,Role 1,2012-02-29 21:57:22.434710621,624,1,res_ddc79bf3-8255-4b9b-ace2-8a46af780bc5,2012-02-29 21:55:29.182206621,0.0
Case752,W_Completeren aanvraag,res_f3a5d8a5-7894-4471-8b15-4aeaf83a4249,Role 1,2012-03-01 06:52:11.850399120,618,1,res_f3a5d8a5-7894-4471-8b15-4aeaf83a4249,2012-03-01 06:49:49.468758120,0.0
Case752,W_Nabellen offertes,res_7cc6cf66-7797-453d-b952-98449834316b,Role 1,2012-03-01 10:42:28.038291221,616,1,res_7cc6cf66-7797-453d-b952-98449834316b,2012-03-01 10:40:32.437432221,0.0
Case752,W_Nabellen offertes,res_a6c40c08-3f7b-4865-a717-e7f1f1b6f98b,Role 1,2012-03-04 06:30:56.263532721,620,1,res_a6c40c08-3f7b-4865-a717-e7f1f1b6f98b,2012-03-04 06:29:20.876904721,0.0
Case753,W_Afhandelen leads,res_9e7fccd4-b30d-488c-ad55-351ad1a60226,Role 1,2012-02-29 16:51:47.516824498,625,0,res_9e7fccd4-b30d-488c-ad55-351ad1a60226,2012-02-29 16:48:37.522446498,0.0
Case753,W_Completeren aanvraag,res_501654f1-1e08-4e04-8b11-a5fd18a76e7d,Role 1,2012-02-29 17:49:27.700110198,626,1,res_501654f1-1e08-4e04-8b11-a5fd18a76e7d,2012-02-29 17:46:51.582531198,0.0
Case754,W_Afhandelen leads,res_dcb46f81-367a-42ae-96c2-833faef25480,Role 1,2012-02-29 16:52:51.911727756,626,1,res_dcb46f81-367a-42ae-96c2-833faef25480,2012-02-29 16:49:49.051086756,0.02564102564102564
Case754,W_Completeren aanvraag,res_7848a1c1-2878-42e4-b2ac-02ba3ecca52c,Role 1,2012-02-29 17:50:17.847631956,626,2,res_7848a1c1-2878-42e4-b2ac-02ba3ecca52c,2012-02-29 17:47:46.437359956,0.02564102564102564
Case755,W_Completeren aanvraag,res_7a10508e-56ae-4766-abd2-e94c8442b539,Role 1,2012-02-29 17:10:18.333961450,626,1,res_7a10508e-56ae-4766-abd2-e94c8442b539,2012-02-29 17:07:48.025364450,0.0
Case755,W_Completeren aanvraag,res_2f56cb7e-3c7c-424a-95d0-d464cdf4e447,Role 1,2012-02-29 18:08:12.556933350,625,1,res_2f56cb7e-3c7c-424a-95d0-d464cdf4e447,2012-02-29 18:05:41.106248350,0.0
Case755,W_Nabellen offertes,res_f3a5d8a5-7894-4471-8b15-4aeaf83a4249,Role 1,2012-03-03 02:40:55.910486850,630,1,res_f3a5d8a5-7894-4471-8b15-4aeaf83a4249,2012-03-03 02:39:04.452310850,0.0
Case756,W_Afhandelen leads,res_177ed8cb-552b-4612-b348-20f464d6e7e5,Role 1,2012-02-29 17:23:01.913457041,627,0,res_177ed8cb-552b-4612-b348-20f464d6e7e5,2012-02-29 17:19:54.393669041,0.05128205128205128
Case756,W_Completeren aanvraag,res_cd801f30-7ddb-4e0a-8319-c3bbd19d3bc0,Role 1,2012-02-29 18:21:25.999384341,625,1,res_cd801f30-7ddb-4e0a-8319-c3bbd19d3bc0,2012-02-29 18:18:50.141860341,0.0
Case756,W_Completeren aanvraag,res_69f394fc-b099-49f7-8f4e-cce94cd03365,Role 1,2012-02-29 20:39:47.039761141,627,1,res_69f394fc-b099-49f7-8f4e-cce94cd03365,2012-02-29 20:37:30.383742141,0.02564102564102564
Case756,W_Nabellen offertes,res_46a776b0-74ef-429c-befa-758731ba64c1,Role 1,2012-03-02 02:51:18.258365041,628,1,res_46a776b0-74ef-429c-befa-758731ba64c1,2012-03-02 02:49:31.630974041,0.0
Case757,W_Completeren aanvraag,res_f664dcd9-d4b7-456f-a1f7-9daea9e497fd,Role 1,2012-02-29 17:34:47.262748469,627,1,res_f664dcd9-d4b7-456f-a1f7-9daea9e497fd,2012-02-29 17:32:17.888549469,0.02564102564102564
Case758,W_Afhandelen leads,res_7cc6cf66-7797-453d-b952-98449834316b,Role 1,2012-02-29 17:52:21.642271004,625,0,res_7cc6cf66-7797-453d-b952-98449834316b,2012-02-29 17:49:13.393752004,0.05128205128205128
Case758,W_Completeren aanvraag,res_f3a5d8a5-7894-4471-8b15-4aeaf83a4249,Role 1,2012-02-29 18:52:04.559816204,627,2,res_f3a5d8a5-7894-4471-8b15-4aeaf83a4249,2012-02-29 18:49:31.646312204,0.02564102564102564
Case759,W_Afhandelen leads,res_cd801f30-7ddb-4e0a-8319-c3bbd19d3bc0,Role 1,2012-02-29 17:52:27.386084291,626,1,res_cd801f30-7ddb-4e0a-8319-c3bbd19d3bc0,2012-02-29 17:49:26.490545291,0.07692307692307693
Case759,W_Completeren aanvraag,res_7cc6cf66-7797-453d-b952-98449834316b,Role 1,2012-02-29 18:51:58.524692091,627,1,res_7cc6cf66-7797-453d-b952-98449834316b,2012-02-29 18:49:24.372072091,0.0
Case759,W_Completeren aanvraag,res_75b73935-48c2-4abe-9548-628b120b0d25,Role 1,2012-02-29 21:31:31.244630091,626,1,res_75b73935-48c2-4abe-9548-628b120b0d25,2012-02-29 21:29:15.845805091,0.05128205128205128
Case76,W_Completeren aanvraag,res_0eb69d82-9670-4fe3-a195-9d055d280321,Role 1,2012-02-15 09:19:12.391794655,548,1,res_0eb69d82-9670-4fe3-a195-9d055d280321,2012-02-15 09:16:21.287712655,0.0
Case76,W_Completeren aanvraag,res_a7efadcf-4796-49e4-a611-9f847fa3b6b3,Role 1,2012-02-15 11:04:07.018719555,550,1,res_a7efadcf-4796-49e4-a611-9f847fa3b6b3,2012-02-15 11:01:33.007120555,0.0
Case76,W_Nabellen offertes,res_7848a1c1-2878-42e4-b2ac-02ba3ecca52c,Role 1,2012-02-16 15:59:53.765707255,581,1,res_7848a1c1-2878-42e4-b2ac-02ba3ecca52c,2012-02-16 15:57:57.139614255,0.02564102564102564
Case76,W_Nabellen offertes,res_75b73935-48c2-4abe-9548-628b120b0d25,Role 1,2012-02-23 09:41:50.666106655,630,1,res_75b73935-48c2-4abe-9548-628b120b0d25,2012-02-23 09:40:11.232863655,0.0
Case760,W_Completeren aanvraag,res_177ed8cb-552b-4612-b348-20f464d6e7e5,Role 1,2012-02-29 18:11:17.673775617,626,1,res_177ed8cb-552b-4612-b348-20f464d6e7e5,2012-02-29 18:08:47.067919617,0.0
Case761,W_Afhandelen leads,res_7cc6cf66-7797-453d-b952-98449834316b,Role 1,2012-02-29 18:19:15.459774902,626,0,res_7cc6cf66-7797-453d-b952-98449834316b,2012-02-29 18:16:05.306771902,0.02564102564102564
Case761,W_Completeren aanvraag,res_fa3ac963-7739-40ef-84e6-624c11774546,Role 1,2012-02-29 19:19:56.617621402,626,1,res_fa3ac963-7739-40ef-84e6-624c11774546,2012-02-29 19:17:20.436572402,0.0
Case762,W_Completeren aanvraag,res_6f56bab9-a4f7-420f-96ab-b17cd82647c1,Role 1,2012-02-29 18:36:12.544214572,627,1,res_6f56bab9-a4f7-420f-96ab-b17cd82647c1,2012-02-29 18:33:42.117245572,0.0
Case762,W_Completeren aanvraag,res_ddc79bf3-8255-4b9b-ace2-8a46af780bc5,Role 1,2012-02-29 19:37:26.712446872,625,2,res_ddc79bf3-8255-4b9b-ace2-8a46af780bc5,2012-02-29 19:34:58.526325872,0.02564102564102564
Case762,W_Nabellen offertes,res_7848a1c1-2878-42e4-b2ac-02ba3ecca52c,Role 1,2012-03-05 07:26:34.849655672,605,1,res_7848a1c1-2878-42e4-b2ac-02ba3ecca52c,2012-03-05 07:24:43.146955672,0.0
Case762,W_Nabellen offertes,res_501654f1-1e08-4e04-8b11-a5fd18a76e7d,Role 1,2012-03-08 15:23:42.612782572,624,1,res_501654f1-1e08-4e04-8b11-a5fd18a76e7d,2012-03-08 15:22:12.975252572,0.0
Case763,W_Afhandelen leads,res_2f56cb7e-3c7c-424a-95d0-d464cdf4e447,Role 1,2012-02-29 18:52:43.836010674,627,0,res_2f56cb7e-3c7c-424a-95d0-d464cdf4e447,2012-02-29 18:49:32.138481674,0.0
Case763,W_Completeren aanvraag,res_fa3ac963-7739-40ef-84e6-624c11774546,Role 1,2012-02-29 19:54:57.815486474,625,1,res_fa3ac963-7739-40ef-84e6-624c11774546,2012-02-29 19:52:21.550621474,0.0
Case763,W_Nabellen offertes,res_75b73935-48c2-4abe-9548-628b120b0d25,Role 1,2012-03-05 11:32:43.845181574,605,1,res_75b73935-48c2-4abe-9548-628b120b0d25,2012-03-05 11:30:26.840569574,0.0
Case763,W_Nabellen offertes,res_408aec04-fa16-4916-b3c7-40322d591997,Role 1,2012-03-08 21:57:42.290861574,618,1,res_408aec04-fa16-4916-b3c7-40322d591997,2012-03-08 21:53:53.470204574,0.0
Case764,W_Completeren aanvraag,res_24e554c7-8afb-451c-a96e-dea7923be74d,Role 1,2012-02-29 18:53:24.792320582,628,1,res_24e554c7-8afb-451c-a96e-dea7923be74d,2012-02-29 18:50:55.756469582,0.02564102564102564
Case764,W_Nabellen offertes,res_b5ab845a-5020-427e-b6f1-42df333cb3fb,Role 1,2012-02-29 19:11:15.764181482,627,1,res_b5ab845a-5020-427e-b6f1-42df333cb3fb,2012-02-29 19:08:58.006018482,0.0
Case765,W_Completeren aanvraag,res_46a776b0-74ef-429c-befa-758731ba64c1,Role 1,2012-02-29 19:24:24.286989651,626,1,res_46a776b0-74ef-429c-befa-758731ba64c1,2012-02-29 19:21:54.493670651,0.0
Case766,W_Afhandelen leads,res_8435ed72-5b45-4de1-a40d-2e20f14bd3c6,Role 1,2012-02-29 19:52:59.162692432,626,0,res_8435ed72-5b45-4de1-a40d-2e20f14bd3c6,2012-02-29 19:49:47.860874432,0.0
Case766,W_Completeren aanvraag,res_46a776b0-74ef-429c-befa-758731ba64c1,Role 1,2012-02-29 20:57:15.556320032,628,1,res_46a776b0-74ef-429c-befa-758731ba64c1,2012-02-29 20:54:39.690343032,0.0
Case767,W_Completeren aanvraag,res_e30a7ff2-fdff-43e2-93a6-f30f7d1f4d80,Role 1,2012-02-29 19:53:40.393688977,627,1,res_e30a7ff2-fdff-43e2-93a6-f30f7d1f4d80,2012-02-29 19:51:12.486307977,0.02564102564102564
Case767,W_Completeren aanvraag,res_8435ed72-5b45-4de1-a40d-2e20f14bd3c6,Role 1,2012-02-29 20:57:39.998418077,628,2,res_8435ed72-5b45-4de1-a40d-2e20f14bd3c6,2012-02-29 20:55:12.434020077,0.02564102564102564
Case768,W_Afhandelen leads,res_7848a1c1-2878-42e4-b2ac-02ba3ecca52c,Role 1,2012-02-29 20:21:44.440471360,627,0,res_7848a1c1-2878-42e4-b2ac-02ba3ecca52c,2012-02-29 20:18:33.615251360,0.0
Case768,W_Completeren aanvraag,res_408aec04-fa16-4916-b3c7-40322d591997,Role 1,2012-02-29 21:27:13.052156460,625,1,res_408aec04-fa16-4916-b3c7-40322d591997,2012-02-29 21:24:37.472251460,0.0
Case769,W_Completeren aanvraag,res_f3a5d8a5-7894-4471-8b15-4aeaf83a4249,Role 1,2012-02-29 20:39:02.358155329,628,1,res_f3a5d8a5-7894-4471-8b15-4aeaf83a4249,2012-02-29 20:36:34.604420329,0.0
Case769,W_Nabellen offertes,res_0eb69d82-9670-4fe3-a195-9d055d280321,Role 1,2012-02-29 20:57:03.090869329,627,1,res_0eb69d82-9670-4fe3-a195-9d055d280321,2012-02-29 20:54:46.464450329,0.02564102564102564
Case77,W_Afhandelen leads,res_75b73935-48c2-4abe-9548-628b120b0d25,Role 1,2012-02-15 09:19:55.800196404,549,0,res_75b73935-48c2-4abe-9548-628b120b0d25,2012-02-15 09:16:41.436625404,0.02564102564102564
Case77,W_Completeren aanvraag,res_6f56bab9-a4f7-420f-96ab-b17cd82647c1,Role 1,2012-02-15 11:04:36.112533403,550,2,res_6f56bab9-a4f7-420f-96ab-b17cd82647c1,2012-02-15 11:02:05.945932403,0.02564102564102564
Case77,W_Nabellen offertes,res_e30a7ff2-fdff-43e2-93a6-f30f7d1f4d80,Role 1,2012-02-16 15:48:15.811047204,580,1,res_e30a7ff2-fdff-43e2-93a6-f30f7d1f4d80,2012-02-16 15:46:17.605309204,0.0
Case77,W_Nabellen offertes,res_69f394fc-b099-49f7-8f4e-cce94cd03365,Role 1,2012-02-23 08:09:49.483610404,629,1,res_69f394fc-b099-49f7-8f4e-cce94cd03365,2012-02-23 08:08:07.202991404,0.0
Case77,W_Nabellen offertes,res_ee4279a0-2b97-4f9d-9945-00c80ada4a95,Role 1,2012-02-24 21:13:30.835254904,640,1,res_ee4279a0-2b97-4f9d-9945-00c80ada4a95,2012-02-24 21:11:38.210045904,0.0
Case770,W_Completeren aanvraag,res_6f56bab9-a4f7-420f-96ab-b17cd82647c1,Role 1,2012-02-29 20:52:15.088095728,629,3,res_6f56bab9-a4f7-420f-96ab-b17cd82647c1,2012-02-29 20:49:56.531147728,0.05128205128205128
Case771,W_Completeren aanvraag,res_d5418cc0-ed10-4016-ac16-0bc32f58673f,Role 1,2012-02-29 20:53:30.200993810,630,4,res_d5418cc0-ed10-4016-ac16-0bc32f58673f,2012-02-29 20:51:14.104461810,0.07692307692307693
Case771,W_Nabellen offertes,res_75b73935-48c2-4abe-9548-628b120b0d25,Role 1,2012-02-29 21:11:47.670939410,626,2,res_75b73935-48c2-4abe-9548-628b120b0d25,2012-02-29 21:09:45.681792410,0.02564102564102564
Case771,W_Nabellen offertes,res_63d2fda6-0454-4ad2-8b55-d59c9622a8ed,Role 1,2012-03-09 02:30:25.986966110,614,1,res_63d2fda6-0454-4ad2-8b55-d59c9622a8ed,2012-03-09 02:23:30.621946110,0.0
Case771,W_Nabellen offertes,res_ddc79bf3-8255-4b9b-ace2-8a46af780bc5,Role 1,2012-03-11 10:01:00.323581310,614,1,res_ddc79bf3-8255-4b9b-ace2-8a46af780bc5,2012-03-11 09:59:14.633767310,0.0
Case771,W_Nabellen offertes,res_3e93a9a9-cdc4-46ed-8b29-3e63e6d2a9a2,Role 1,2012-03-13 17:31:23.444224310,600,1,res_3e93a9a9-cdc4-46ed-8b29-3e63e6d2a9a2,2012-03-13 17:29:39.637221310,0.02564102564102564
Case772,W_Completeren aanvraag,res_a6c40c08-3f7b-4865-a717-e7f1f1b6f98b,Role 1,2012-02-29 21:31:47.031737790,625,1,res_a6c40c08-3f7b-4865-a717-e7f1f1b6f98b,2012-02-29 21:29:21.006058790,0.0
Case773,W_Completeren aanvraag,res_85f526bd-1f2c-4373-8dcc-9710ee98b7b2,Role 1,2012-02-29 21:52:59.672467509,624,1,res_85f526bd-1f2c-4373-8dcc-9710ee98b7b2,2012-02-29 21:50:34.417344509,0.0
Case774,W_Completeren aanvraag,res_42f40199-b27a-43f0-a89c-188ab6bfaf36,Role 1,2012-02-29 21:54:04.472307492,625,2,res_42f40199-b27a-43f0-a89c-188ab6bfaf36,2012-02-29 21:51:43.931093492,0.02564102564102564
Case774,W_Completeren aanvraag,res_8435ed72-5b45-4de1-a40d-2e20f14bd3c6,Role 1,2012-02-29 23:04:47.130498592,624,1,res_8435ed72-5b45-4de1-a40d-2e20f14bd3c6,2012-02-29 23:02:18.028742592,0.0
Case775,W_Completeren aanvraag,res_31f16881-0e61-460a-88bc-abc46854faba,Role 1,2012-02-29 22:53:12.106345629,624,1,res_31f16881-0e61-460a-88bc-abc46854faba,2012-02-29 22:50:49.132291629,0.0
Case775,W_Completeren aanvraag,res_c09d353e-d1d3-4710-a13d-39ecb25ed3a8,Role 1,2012-03-01 00:11:26.349092329,623,1,res_c09d353e-d1d3-4710-a13d-39ecb25ed3a8,2012-03-01 00:08:46.599195329,0.0
Case776,W_Afhandelen leads,res_75b73935-48c2-4abe-9548-628b120b0d25,Role 1,2012-03-01 11:01:05.263770693,617,0,res_75b73935-48c2-4abe-9548-628b120b0d25,2012-03-01 10:57:48.506055693,0.0
Case776,W_Completeren aanvraag,res_31f16881-0e61-460a-88bc-abc46854faba,Role 1,2012-03-01 12:27:39.362965093,624,1,res_31f16881-0e61-460a-88bc-abc46854faba,2012-03-01 12:25:08.772289093,0.0
Case776,W_Nabellen offertes,res_85f526bd-1f2c-4373-8dcc-9710ee98b7b2,Role 1,2012-03-04 01:56:04.724439593,625,1,res_85f526bd-1f2c-4373-8dcc-9710ee98b7b2,2012-03-04 01:54:20.416032593,0.0
Case776,W_Nabellen offertes,res_f612d14e-303a-4d03-a37a-3b98918a5014,Role 1,2012-03-09 10:06:14.894048293,626,1,res_f612d14e-303a-4d03-a37a-3b98918a5014,2012-03-09 10:04:37.012928293,0.0
Case776,W_Nabellen offertes,res_177ed8cb-552b-4612-b348-20f464d6e7e5,Role 1,2012-03-11 04:45:14.634777193,616,1,res_177ed8cb-552b-4612-b348-20f464d6e7e5,2012-03-11 04:41:11.465937193,0.0
Case777,W_Completeren aanvraag,res_dcb46f81-367a-42ae-96c2-833faef25480,Role 1,2012-03-01 11:07:42.119537780,618,1,res_dcb46f81-367a-42ae-96c2-833faef25480,2012-03-01 11:04:50.625777780,0.0
Case777,W_Nabellen offertes,res_2f56cb7e-3c7c-424a-95d0-d464cdf4e447,Role 1,2012-03-01 11:51:07.982845779,620,1,res_2f56cb7e-3c7c-424a-95d0-d464cdf4e447,2012-03-01 11:48:56.720985780,0.0
Case777,W_Nabellen offertes,res_f664dcd9-d4b7-456f-a1f7-9daea9e497fd,Role 1,2012-03-09 15:15:51.190093580,622,1,res_f664dcd9-d4b7-456f-a1f7-9daea9e497fd,2012-03-09 15:14:09.575955580,0.02564102564102564
Case778,W_Afhandelen leads,res_7848a1c1-2878-42e4-b2ac-02ba3ecca52c,Role 1,2012-03-01 11:17:30.443689381,619,0,res_7848a1c1-2878-42e4-b2ac-02ba3ecca52c,2012-03-01 11:14:15.802780381,0.0
Case778,W_Completeren aanvraag,res_408aec04-fa16-4916-b3c7-40322d591997,Role 1,2012-03-01 12:39:44.176051181,624,1,res_408aec04-fa16-4916-b3c7-40322d591997,2012-03-01 12:37:14.537606181,0.02564102564102564
Case778,W_Completeren aanvraag,res_501654f1-1e08-4e04-8b11-a5fd18a76e7d,Role 1,2012-03-01 17:06:01.719640581,627,1,res_501654f1-1e08-4e04-8b11-a5fd18a76e7d,2012-03-01 17:04:06.948475581,0.0
Case778,W_Nabellen offertes,res_7cc6cf66-7797-453d-b952-98449834316b,Role 1,2012-03-03 00:08:42.045328481,631,1,res_7cc6cf66-7797-453d-b952-98449834316b,2012-03-03 00:07:02.953202481,0.0
Case779,W_Afhandelen leads,res_8435ed72-5b45-4de1-a40d-2e20f14bd3c6,Role 1,2012-03-01 11:24:17.299574180,619,0,res_8435ed72-5b45-4de1-a40d-2e20f14bd3c6,2012-03-01 11:21:04.825709180,0.02564102564102564
Case779,W_Completeren aanvraag,res_9548f08a-bc89-4837-8ec2-cdb10b4e93b0,Role 1,2012-03-01 12:46:48.395324580,625,1,res_9548f08a-bc89-4837-8ec2-cdb10b4e93b0,2012-03-01 12:44:18.157200580,0.0
Case78,W_Completeren aanvraag,res_c09d353e-d1d3-4710-a13d-39ecb25ed3a8,Role 1,2012-02-15 09:33:18.916428376,549,1,res_c09d353e-d1d3-4710-a13d-39ecb25ed3a8,2012-02-15 09:30:29.556939376,0.02564102564102564
Case78,W_Nabellen offertes,res_24e554c7-8afb-451c-a96e-dea7923be74d,Role 1,2012-02-15 10:23:30.882385676,550,1,res_24e554c7-8afb-451c-a96e-dea7923be74d,2012-02-15 10:21:07.674862676,0.05128205128205128
Case780,W_Afhandelen leads,res_24e554c7-8afb-451c-a96e-dea7923be74d,Role 1,2012-03-01 11:32:10.190256138,619,0,res_24e554c7-8afb-451c-a96e-dea7923be74d,2012-03-01 11:28:57.317713138,0.0
Case780,W_Completeren aanvraag,res_24e554c7-8afb-451c-a96e-dea7923be74d,Role 1,2012-03-01 12:53:25.624681237,624,1,res_24e554c7-8afb-451c-a96e-dea7923be74d,2012-03-01 12:50:55.099336238,0.0
Case780,W_Nabellen offertes,res_46a776b0-74ef-429c-befa-758731ba64c1,Role 1,2012-03-04 04:42:29.848010738,619,1,res_46a776b0-74ef-429c-befa-758731ba64c1,2012-03-04 04:40:43.134777738,0.0
Case780,W_Nabellen offertes,res_0eb69d82-9670-4fe3-a195-9d055d280321,Role 1,2012-03-08 17:55:35.838322838,620,1,res_0eb69d82-9670-4fe3-a195-9d055d280321,2012-03-08 17:53:20.915343838,0.0
Case781,W_Afhandelen leads,res_fa3ac963-7739-40ef-84e6-624c11774546,Role 1,2012-03-01 11:40:14.801509382,620,0,res_fa3ac963-7739-40ef-84e6-624c11774546,2012-03-01 11:37:02.906510382,0.0
Case781,W_Completeren aanvraag,res_0eb69d82-9670-4fe3-a195-9d055d280321,Role 1,2012-03-01 12:58:51.904423282,624,1,res_0eb69d82-9670-4fe3-a195-9d055d280321,2012-03-01 12:56:21.407398282,0.0
Case781,W_Nabellen offertes,res_fa3ac963-7739-40ef-84e6-624c11774546,Role 1,2012-03-04 01:56:09.543889682,625,1,res_fa3ac963-7739-40ef-84e6-624c11774546,2012-03-04 01:54:25.287542682,0.0
Case782,W_Afhandelen leads,res_177ed8cb-552b-4612-b348-20f464d6e7e5,Role 1,2012-03-01 11:50:13.703856931,621,0,res_177ed8cb-552b-4612-b348-20f464d6e7e5,2012-03-01 11:47:04.351555931,0.02564102564102564
Case782,W_Completeren aanvraag,res_425ded41-e317-4198-891a-d9f3e32a6030,Role 1,2012-03-01 13:08:38.978392230,626,2,res_425ded41-e317-4198-891a-d9f3e32a6030,2012-03-01 13:06:13.619319230,0.05128205128205128
Case782,W_Nabellen offertes,res_8435ed72-5b45-4de1-a40d-2e20f14bd3c6,Role 1,2012-03-04 06:23:58.740926331,619,1,res_8435ed72-5b45-4de1-a40d-2e20f14bd3c6,2012-03-04 06:22:05.942587331,0.0
Case783,W_Completeren aanvraag,res_ddc79bf3-8255-4b9b-ace2-8a46af780bc5,Role 1,2012-03-01 11:59:48.906525843,622,1,res_ddc79bf3-8255-4b9b-ace2-8a46af780bc5,2012-03-01 11:57:04.789155843,0.0
Case783,W_Completeren aanvraag,res_63d2fda6-0454-4ad2-8b55-d59c9622a8ed,Role 1,2012-03-01 13:15:40.890513643,626,1,res_63d2fda6-0454-4ad2-8b55-d59c9622a8ed,2012-03-01 13:13:13.292674643,0.0
Case783,W_Nabellen offertes,res_b5ab845a-5020-427e-b6f1-42df333cb3fb,Role 1,2012-03-04 03:39:23.896165643,623,1,res_b5ab845a-5020-427e-b6f1-42df333cb3fb,2012-03-04 03:37:40.652122643,0.0
Case783,W_Nabellen offertes,res_ddc79bf3-8255-4b9b-ace2-8a46af780bc5,Role 1,2012-03-08 22:24:51.051850543,616,1,res_ddc79bf3-8255-4b9b-ace2-8a46af780bc5,2012-03-08 22:14:32.322615543,0.0
Case784,W_Afhandelen leads,res_85f526bd-1f2c-4373-8dcc-9710ee98b7b2,Role 1,2012-03-01 12:00:53.237343341,623,0,res_85f526bd-1f2c-4373-8dcc-9710ee98b7b2,2012-03-01 11:57:45.086981341,0.02564102564102564
Case784,W_Completeren aanvraag,res_3e93a9a9-cdc4-46ed-8b29-3e63e6d2a9a2,Role 1,2012-03-01 13:17:50.947168141,626,2,res_3e93a9a9-cdc4-46ed-8b29-3e63e6d2a9a2,2012-03-01 13:15:24.572220141,0.02564102564102564
Case785,W_Completeren aanvraag,res_8435ed72-5b45-4de1-a40d-2e20f14bd3c6,Role 1,2012-03-01 12:14:02.429062026,624,1,res_8435ed72-5b45-4de1-a40d-2e20f14bd3c6,2012-03-01 12:11:20.110502026,0.0
Case785,W_Completeren aanvraag,res_9e7fccd4-b30d-488c-ad55-351ad1a60226,Role 1,2012-03-01 13:29:13.734585226,625,1,res_9e7fccd4-b30d-488c-ad55-351ad1a60226,2012-03-01 13:26:47.615142226,0.02564102564102564
Case785,W_Nabellen offertes,res_ee4279a0-2b97-4f9d-9945-00c80ada4a95,Role 1,2012-03-04 08:22:07.395860926,617,1,res_ee4279a0-2b97-4f9d-9945-00c80ada4a95,2012-03-04 08:19:50.029172926,0.0
Case786,W_Afhandelen leads,res_9548f08a-bc89-4837-8ec2-cdb10b4e93b0,Role 1,2012-03-01 12:34:06.179446101,625,0,res_9548f08a-bc89-4837-8ec2-cdb10b4e93b0,2012-03-01 12:31:00.836789101,0.02564102564102564
Case786,W_Completeren aanvraag,res_ddc79bf3-8255-4b9b-ace2-8a46af780bc5,Role 1,2012-03-01 13:46:53.400025201,626,1,res_ddc79bf3-8255-4b9b-ace2-8a46af780bc5,2012-03-01 13:44:23.353320201,0.0
Case787,W_Completeren aanvraag,res_b5ab845a-5020-427e-b6f1-42df333cb3fb,Role 1,2012-03-01 12:43:43.561843926,625,1,res_b5ab845a-5020-427e-b6f1-42df333cb3fb,2012-03-01 12:41:04.296725926,0.0
Case788,W_Completeren aanvraag,res_46a776b0-74ef-429c-befa-758731ba64c1,Role 1,2012-03-01 13:00:12.559269525,625,1,res_46a776b0-74ef-429c-befa-758731ba64c1,2012-03-01 12:57:34.615787525,0.0
Case788,W_Completeren aanvraag,res_7cc6cf66-7797-453d-b952-98449834316b,Role 1,2012-03-01 14:08:23.807581325,627,2,res_7cc6cf66-7797-453d-b952-98449834316b,2012-03-01 14:06:04.305824325,0.05128205128205128
Case788,W_Completeren aanvraag,res_85f526bd-1f2c-4373-8dcc-9710ee98b7b2,Role 1,2012-03-01 17:33:45.591172125,630,1,res_85f526bd-1f2c-4373-8dcc-9710ee98b7b2,2012-03-01 17:31:55.417836125,0.0
Case788,W_Nabellen offertes,res_177ed8cb-552b-4612-b348-20f464d6e7e5,Role 1,2012-03-02 23:56:11.560545625,631,1,res_177ed8cb-552b-4612-b348-20f464d6e7e5,2012-03-02 23:54:33.400705625,0.0
Case788,W_Nabellen offertes,res_24e554c7-8afb-451c-a96e-dea7923be74d,Role 1,2012-03-06 17:02:09.647751425,626,2,res_24e554c7-8afb-451c-a96e-dea7923be74d,2012-03-06 16:51:19.613434425,0.02564102564102564
Case788,W_Nabellen offertes,res_42f40199-b27a-43f0-a89c-188ab6bfaf36,Role 1,2012-03-08 04:36:35.446727025,631,2,res_42f40199-b27a-43f0-a89c-188ab6bfaf36,2012-03-08 04:34:48.036789025,0.02564102564102564
Case788,W_Nabellen offertes,res_c09d353e-d1d3-4710-a13d-39ecb25ed3a8,Role 1,2012-03-09 16:21:10.525899025,621,1,res_c09d353e-d1d3-4710-a13d-39ecb25ed3a8,2012-03-09 16:19:31.582096025,0.0
Case789,W_Afhandelen leads,res_b5ab845a-5020-427e-b6f1-42df333cb3fb,Role 1,2012-03-01 13:00:56.777098999,626,0,res_b5ab845a-5020-427e-b6f1-42df333cb3fb,2012-03-01 12:57:52.749808999,0.02564102564102564
Case789,W_Completeren aanvraag,res_42f40199-b27a-43f0-a89c-188ab6bfaf36,Role 1,2012-03-01 14:09:58.656551499,627,2,res_42f40199-b27a-43f0-a89c-188ab6bfaf36,2012-03-01 14:07:32.544825499,0.02564102564102564
Case79,W_Completeren aanvraag,res_fa3ac963-7739-40ef-84e6-624c11774546,Role 1,2012-02-15 09:40:37.134404661,549,1,res_fa3ac963-7739-40ef-84e6-624c11774546,2012-02-15 09:37:47.795791661,0.0
Case790,W_Completeren aanvraag,res_a7efadcf-4796-49e4-a611-9f847fa3b6b3,Role 1,2012-03-01 13:17:59.257607206,626,1,res_a7efadcf-4796-49e4-a611-9f847fa3b6b3,2012-03-01 13:15:22.508163206,0.0
Case791,W_Afhandelen leads,res_ee4279a0-2b97-4f9d-9945-00c80ada4a95,Role 1,2012-03-01 13:32:10.825800992,626,0,res_ee4279a0-2b97-4f9d-9945-00c80ada4a95,2012-03-01 13:29:05.591248992,0.0
Case791,W_Completeren aanvraag,res_b5ab845a-5020-427e-b6f1-42df333cb3fb,Role 1,2012-03-01 14:39:25.074565092,627,1,res_b5ab845a-5020-427e-b6f1-42df333cb3fb,2012-03-01 14:36:55.718792092,0.02564102564102564
Case792,W_Completeren aanvraag,res_cd801f30-7ddb-4e0a-8319-c3bbd19d3bc0,Role 1,2012-03-01 13:49:30.919543949,625,1,res_cd801f30-7ddb-4e0a-8319-c3bbd19d3bc0,2012-03-01 13:46:55.498515949,0.0
Case792,W_Completeren aanvraag,res_5c0494f5-5178-4b1a-9a41-59b27da90a66,Role 1,2012-03-01 14:55:26.483768249,626,1,res_5c0494f5-5178-4b1a-9a41-59b27da90a66,2012-03-01 14:53:00.556136249,0.0
Case792,W_Nabellen offertes,res_46a776b0-74ef-429c-befa-758731ba64c1,Role 1,2012-03-04 13:15:54.717963749,614,1,res_46a776b0-74ef-429c-befa-758731ba64c1,2012-03-04 13:08:52.711238749,0.0
Case792,W_Nabellen offertes,res_c3a01281-6e48-4ea3-a47a-9410360458be,Role 1,2012-03-09 04:49:22.310641849,613,1,res_c3a01281-6e48-4ea3-a47a-9410360458be,2012-03-09 04:47:32.405379849,0.0
Case793,W_Afhandelen leads,res_ddc79bf3-8255-4b9b-ace2-8a46af780bc5,Role 1,2012-03-01 14:01:05.017808020,626,0,res_ddc79bf3-8255-4b9b-ace2-8a46af780bc5,2012-03-01 13:57:59.405191020,0.0
Case793,W_Completeren aanvraag,res_69f394fc-b099-49f7-8f4e-cce94cd03365,Role 1,2012-03-01 15:05:57.145545820,626,1,res_69f394fc-b099-49f7-8f4e-cce94cd03365,2012-03-01 15:03:26.522627820,0.0
Case793,W_Completeren aanvraag,res_cd801f30-7ddb-4e0a-8319-c3bbd19d3bc0,Role 1,2012-03-01 17:53:15.607547620,630,1,res_cd801f30-7ddb-4e0a-8319-c3bbd19d3bc0,2012-03-01 17:51:20.572870620,0.0
Case794,W_Completeren aanvraag,res_9548f08a-bc89-4837-8ec2-cdb10b4e93b0,Role 1,2012-03-01 14:00:48.593237581,627,1,res_9548f08a-bc89-4837-8ec2-cdb10b4e93b0,2012-03-01 13:58:14.516875581,0.02564102564102564
Case794,W_Nabellen offertes,res_42f40199-b27a-43f0-a89c-188ab6bfaf36,Role 1,2012-03-01 14:34:48.460091281,627,1,res_42f40199-b27a-43f0-a89c-188ab6bfaf36,2012-03-01 14:32:40.180296281,0.0
Case795,W_Completeren aanvraag,res_ee4279a0-2b97-4f9d-9945-00c80ada4a95,Role 1,2012-03-01 14:22:38.879667248,627,1,res_ee4279a0-2b97-4f9d-9945-00c80ada4a95,2012-03-01 14:20:04.196204248,0.0
Case795,W_Nabellen offertes,res_85f526bd-1f2c-4373-8dcc-9710ee98b7b2,Role 1,2012-03-01 14:56:36.889351147,626,1,res_85f526bd-1f2c-4373-8dcc-9710ee98b7b2,2012-03-01 14:54:28.364716148,0.0
Case795,W_Nabellen offertes,res_c09d353e-d1d3-4710-a13d-39ecb25ed3a8,Role 1,2012-03-10 11:14:53.977912048,622,1,res_c09d353e-d1d3-4710-a13d-39ecb25ed3a8,2012-03-10 11:13:10.869383048,0.0
Case795,W_Nabellen offertes,res_a6c40c08-3f7b-4865-a717-e7f1f1b6f98b,Role 1,2012-03-13 07:26:25.278878048,598,1,res_a6c40c08-3f7b-4865-a717-e7f1f1b6f98b,2012-03-13 07:14:52.777124048,0.0
Case796,W_Completeren aanvraag,res_e30a7ff2-fdff-43e2-93a6-f30f7d1f4d80,Role 1,2012-03-01 14:38:00.680473502,626,1,res_e30a7ff2-fdff-43e2-93a6-f30f7d1f4d80,2012-03-01 14:35:26.008962502,0.0
Case796,W_Nabellen offertes,res_c09d353e-d1d3-4710-a13d-39ecb25ed3a8,Role 1,2012-03-01 15:11:14.013999902,628,1,res_c09d353e-d1d3-4710-a13d-39ecb25ed3a8,2012-03-01 15:09:05.437041902,0.0
Case796,W_Nabellen offertes,res_6f56bab9-a4f7-420f-96ab-b17cd82647c1,Role 1,2012-03-10 12:04:56.645793002,623,1,res_6f56bab9-a4f7-420f-96ab-b17cd82647c1,2012-03-10 12:03:14.651105002,0.0
Case797,W_Afhandelen leads,res_42f40199-b27a-43f0-a89c-188ab6bfaf36,Role 1,2012-03-01 15:01:24.129421690,627,0,res_42f40199-b27a-43f0-a89c-188ab6bfaf36,2012-03-01 14:58:18.149920690,0.02564102564102564
Case797,W_Completeren aanvraag,res_ddc79bf3-8255-4b9b-ace2-8a46af780bc5,Role 1,2012-03-01 16:04:04.836846790,628,1,res_ddc79bf3-8255-4b9b-ace2-8a46af780bc5,2012-03-01 16:01:33.616138790,0.0
Case798,W_Afhandelen leads,res_7a10508e-56ae-4766-abd2-e94c8442b539,Role 1,2012-03-01 15:02:54.994216158,628,1,res_7a10508e-56ae-4766-abd2-e94c8442b539,2012-03-01 14:59:56.879593158,0.05128205128205128
Case798,W_Completeren aanvraag,res_ee4279a0-2b97-4f9d-9945-00c80ada4a95,Role 1,2012-03-01 16:05:40.493821157,628,2,res_ee4279a0-2b97-4f9d-9945-00c80ada4a95,2012-03-01 16:03:15.402425157,0.02564102564102564
Case799,W_Completeren aanvraag,res_d5418cc0-ed10-4016-ac16-0bc32f58673f,Role 1,2012-03-01 16:01:31.281827933,628,2,res_d5418cc0-ed10-4016-ac16-0bc32f58673f,2012-03-01 15:59:03.088236933,0.02564102564102564
Case8,W_Completeren aanvraag,res_0eb69d82-9670-4fe3-a195-9d055d280321,Role 1,2012-02-14 07:37:09.238068273,523,1,res_0eb69d82-9670-4fe3-a195-9d055d280321,2012-02-14 07:34:26.547381273,0.0
Case8,W_Nabellen offertes,res_a7efadcf-4796-49e4-a611-9f847fa3b6b3,Role 1,2012-02-14 09:00:32.923706273,532,1,res_a7efadcf-4796-49e4-a611-9f847fa3b6b3,2012-02-14 08:58:10.769556273,0.0
Case80,W_Completeren aanvraag,res_9548f08a-bc89-4837-8ec2-cdb10b4e93b0,Role 1,2012-02-15 09:50:34.690959298,548,1,res_9548f08a-bc89-4837-8ec2-cdb10b4e93b0,2012-02-15 09:47:46.218500298,0.0
Case80,W_Nabellen offertes,res_42f40199-b27a-43f0-a89c-188ab6bfaf36,Role 1,2012-02-15 10:39:36.364093698,551,1,res_42f40199-b27a-43f0-a89c-188ab6bfaf36,2012-02-15 10:37:11.672634698,0.02564102564102564
Case800,W_Completeren aanvraag,res_42f40199-b27a-43f0-a89c-188ab6bfaf36,Role 1,2012-03-01 16:01:42.618675769,629,3,res_42f40199-b27a-43f0-a89c-188ab6bfaf36,2012-03-01 15:59:20.214812769,0.05128205128205128
Case801,W_Completeren aanvraag,res_ee4279a0-2b97-4f9d-9945-00c80ada4a95,Role 1,2012-03-01 16:16:47.383206263,627,1,res_ee4279a0-2b97-4f9d-9945-00c80ada4a95,2012-03-01 16:14:10.796756263,0.0
Case801,W_Nabellen offertes,res_dcb46f81-367a-42ae-96c2-833faef25480,Role 1,2012-03-01 16:44:56.139104263,627,1,res_dcb46f81-367a-42ae-96c2-833faef25480,2012-03-01 16:42:46.361594263,0.0
Case801,W_Nabellen offertes,res_7cc6cf66-7797-453d-b952-98449834316b,Role 1,2012-03-10 14:49:16.042372063,621,1,res_7cc6cf66-7797-453d-b952-98449834316b,2012-03-10 14:47:34.791922063,0.0
Case801,W_Nabellen offertes,res_5c0494f5-5178-4b1a-9a41-59b27da90a66,Role 1,2012-03-13 07:31:55.195848363,597,1,res_5c0494f5-5178-4b1a-9a41-59b27da90a66,2012-03-13 07:20:27.570710363,0.0
Case802,W_Afhandelen leads,res_0eb69d82-9670-4fe3-a195-9d055d280321,Role 1,2012-03-01 16:44:59.356006482,628,0,res_0eb69d82-9670-4fe3-a195-9d055d280321,2012-03-01 16:41:49.052275482,0.02564102564102564
Case802,W_Completeren aanvraag,res_46a776b0-74ef-429c-befa-758731ba64c1,Role 1,2012-03-01 17:40:19.935311919,629,1,res_46a776b0-74ef-429c-befa-758731ba64c1,2012-03-01 17:37:46.536954919,0.0
Case802,W_Nabellen offertes,res_3e93a9a9-cdc4-46ed-8b29-3e63e6d2a9a2,Role 1,2012-03-05 17:50:42.336034409,629,1,res_3e93a9a9-cdc4-46ed-8b29-3e63e6d2a9a2,2012-03-05 17:48:48.894983409,0.0
Case802,W_Nabellen offertes,res_ee4279a0-2b97-4f9d-9945-00c80ada4a95,Role 1,2012-03-08 16:21:28.372916362,620,1,res_ee4279a0-2b97-4f9d-9945-00c80ada4a95,2012-03-08 16:19:46.586546362,0.0
Case802,W_Nabellen offertes,res_9548f08a-bc89-4837-8ec2-cdb10b4e93b0,Role 1,2012-03-10 11:19:53.652615657,608,1,res_9548f08a-bc89-4837-8ec2-cdb10b4e93b0,2012-03-10 11:18:23.399506658,0.0
Case802,W_Nabellen offertes,res_3e93a9a9-cdc4-46ed-8b29-3e63e6d2a9a2,Role 1,2012-03-13 04:20:19.959648341,616,1,res_3e93a9a9-cdc4-46ed-8b29-3e63e6d2a9a2,2012-03-13 04:18:46.124623341,0.0
Case802,W_Nabellen offertes,res_ddc79bf3-8255-4b9b-ace2-8a46af780bc5,Role 1,2012-03-14 11:49:30.093389320,589,1,res_ddc79bf3-8255-4b9b-ace2-8a46af780bc5,2012-03-14 11:47:02.217673320,0.0
Case802,W_Nabellen offertes,res_5c0494f5-5178-4b1a-9a41-59b27da90a66,Role 1,2012-03-15 22:42:58.602780794,566,1,res_5c0494f5-5178-4b1a-9a41-59b27da90a66,2012-03-15 22:41:20.578172794,0.0
Case802,W_Nabellen offertes,res_f612d14e-303a-4d03-a37a-3b98918a5014,Role 1,2012-03-17 12:49:45.659281134,550,1,res_f612d14e-303a-4d03-a37a-3b98918a5014,2012-03-17 12:40:28.139673135,0.0
Case802,W_Nabellen offertes,res_9548f08a-bc89-4837-8ec2-cdb10b4e93b0,Role 1,2012-03-18 22:09:14.058296796,545,1,res_9548f08a-bc89-4837-8ec2-cdb10b4e93b0,2012-03-18 22:07:29.680218796,0.0
Case802,W_Nabellen offertes,res_cd801f30-7ddb-4e0a-8319-c3bbd19d3bc0,Role 1,2012-03-20 04:38:55.989205578,533,1,res_cd801f30-7ddb-4e0a-8319-c3bbd19d3bc0,2012-03-20 04:37:21.300525578,0.0
Case802,W_Nabellen offertes,res_c6ff2914-8075-4a61-b381-b682f6eb47de,Role 1,2012-03-21 12:04:50.310566278,528,1,res_c6ff2914-8075-4a61-b381-b682f6eb47de,2012-03-21 11:59:48.892294278,0.0
Case802,W_Nabellen offertes,res_f612d14e-303a-4d03-a37a-3b98918a5014,Role 1,2012-03-22 14:58:46.438872882,525,1,res_f612d14e-303a-4d03-a37a-3b98918a5014,2012-03-22 14:56:59.268890882,0.0
Case803,W_Afhandelen leads,res_85f526bd-1f2c-4373-8dcc-9710ee98b7b2,Role 1,2012-03-01 17:02:20.055040679,629,0,res_85f526bd-1f2c-4373-8dcc-9710ee98b7b2,2012-03-01 16:59:07.728727679,0.0
Case803,W_Completeren aanvraag,res_f612d14e-303a-4d03-a37a-3b98918a5014,Role 1,2012-03-01 18:06:14.489458479,629,1,res_f612d14e-303a-4d03-a37a-3b98918a5014,2012-03-01 18:03:40.504910479,0.0
Case804,W_Afhandelen leads,res_ddc79bf3-8255-4b9b-ace2-8a46af780bc5,Role 1,2012-03-01 17:02:39.299450252,630,1,res_ddc79bf3-8255-4b9b-ace2-8a46af780bc5,2012-03-01 16:59:33.922314252,0.02564102564102564
Case804,W_Completeren aanvraag,res_8435ed72-5b45-4de1-a40d-2e20f14bd3c6,Role 1,2012-03-01 18:06:24.564232451,629,2,res_8435ed72-5b45-4de1-a40d-2e20f14bd3c6,2012-03-01 18:03:56.299625452,0.02564102564102564
Case804,W_Completeren aanvraag,res_fa3ac963-7739-40ef-84e6-624c11774546,Role 1,2012-03-01 21:11:39.128776652,631,1,res_fa3ac963-7739-40ef-84e6-624c11774546,2012-03-01 21:09:43.423677652,0.0
Case805,W_Afhandelen leads,res_cd801f30-7ddb-4e0a-8319-c3bbd19d3bc0,Role 1,2012-03-01 17:23:27.894863573,631,0,res_cd801f30-7ddb-4e0a-8319-c3bbd19d3bc0,2012-03-01 17:20:15.095339573,0.0
Case805,W_Completeren aanvraag,res_85f526bd-1f2c-4373-8dcc-9710ee98b7b2,Role 1,2012-03-01 18:28:14.817989173,630,1,res_85f526bd-1f2c-4373-8dcc-9710ee98b7b2,2012-03-01 18:25:40.448079173,0.0
Case805,W_Nabellen offertes,res_0eb69d82-9670-4fe3-a195-9d055d280321,Role 1,2012-03-07 11:54:47.130806473,632,1,res_0eb69d82-9670-4fe3-a195-9d055d280321,2012-03-07 11:52:51.969521473,0.0
Case806,W_Completeren aanvraag,res_a6c40c08-3f7b-4865-a717-e7f1f1b6f98b,Role 1,2012-03-01 17:39:48.402710471,630,1,res_a6c40c08-3f7b-4865-a717-e7f1f1b6f98b,2012-03-01 17:37:09.593096471,0.0
Case807,W_Afhandelen leads,res_501654f1-1e08-4e04-8b11-a5fd18a76e7d,Role 1,2012-03-01 18:02:45.265606448,630,0,res_501654f1-1e08-4e04-8b11-a5fd18a76e7d,2012-03-01 17:59:34.533022448,0.05128205128205128
Case807,W_Completeren aanvraag,res_75b73935-48c2-4abe-9548-628b120b0d25,Role 1,2012-03-01 19:09:36.966679048,632,1,res_75b73935-48c2-4abe-9548-628b120b0d25,2012-03-01 19:07:03.382975048,0.02564102564102564
Case807,W_Completeren aanvraag,res_7848a1c1-2878-42e4-b2ac-02ba3ecca52c,Role 1,2012-03-02 00:56:59.670811748,627,1,res_7848a1c1-2878-42e4-b2ac-02ba3ecca52c,2012-03-02 00:55:03.386081748,0.0
Case808,W_Afhandelen leads,res_0eb69d82-9670-4fe3-a195-9d055d280321,Role 1,2012-03-01 18:03:37.506364057,631,1,res_0eb69d82-9670-4fe3-a195-9d055d280321,2012-03-01 18:00:33.972315057,0.07692307692307693
Case808,W_Completeren aanvraag,res_7848a1c1-2878-42e4-b2ac-02ba3ecca52c,Role 1,2012-03-01 19:10:21.845531757,632,2,res_7848a1c1-2878-42e4-b2ac-02ba3ecca52c,2012-03-01 19:07:54.140801757,0.05128205128205128
Case808,W_Nabellen offertes,res_ddc79bf3-8255-4b9b-ace2-8a46af780bc5,Role 1,2012-03-08 14:09:37.348004857,624,1,res_ddc79bf3-8255-4b9b-ace2-8a46af780bc5,2012-03-08 14:07:47.357567857,0.02564102564102564
Case808,W_Nabellen offertes,res_85f526bd-1f2c-4373-8dcc-9710ee98b7b2,Role 1,2012-03-10 22:19:37.075369757,620,1,res_85f526bd-1f2c-4373-8dcc-9710ee98b7b2,2012-03-10 22:17:49.789477757,0.0
Case808,W_Nabellen offertes,res_2f56cb7e-3c7c-424a-95d0-d464cdf4e447,Role 1,2012-03-13 18:24:09.331661057,610,2,res_2f56cb7e-3c7c-424a-95d0-d464cdf4e447,2012-03-13 18:22:33.368022057,0.02564102564102564
Case809,W_Afhandelen leads,res_a6c40c08-3f7b-4865-a717-e7f1f1b6f98b,Role 1,2012-03-01 18:30:37.730408680,631,0,res_a6c40c08-3f7b-4865-a717-e7f1f1b6f98b,2012-03-01 18:27:23.870443680,0.0
Case809,W_Completeren aanvraag,res_fa3ac963-7739-40ef-84e6-624c11774546,Role 1,2012-03-01 19:39:02.682477980,633,1,res_fa3ac963-7739-40ef-84e6-624c11774546,2012-03-01 19:36:27.306195980,0.0
Case809,W_Completeren aanvraag,res_75b73935-48c2-4abe-9548-628b120b0d25,Role 1,2012-03-02 07:00:03.475736980,621,1,res_75b73935-48c2-4abe-9548-628b120b0d25,2012-03-02 06:57:33.334866980,0.0
Case809,W_Nabellen offertes,res_5c0494f5-5178-4b1a-9a41-59b27da90a66,Role 1,2012-03-02 18:09:45.547712080,633,1,res_5c0494f5-5178-4b1a-9a41-59b27da90a66,2012-03-02 18:08:01.727765080,0.0
Case81,W_Completeren aanvraag,res_31f16881-0e61-460a-88bc-abc46854faba,Role 1,2012-02-15 10:04:53.618150668,549,1,res_31f16881-0e61-460a-88bc-abc46854faba,2012-02-15 10:02:06.577074668,0.0
Case81,W_Completeren aanvraag,res_69f394fc-b099-49f7-8f4e-cce94cd03365,Role 1,2012-02-15 11:37:51.797566668,552,1,res_69f394fc-b099-49f7-8f4e-cce94cd03365,2012-02-15 11:35:17.982678668,0.0
Case81,W_Completeren aanvraag,res_f3a5d8a5-7894-4471-8b15-4aeaf83a4249,Role 1,2012-02-15 15:51:13.930735668,559,1,res_f3a5d8a5-7894-4471-8b15-4aeaf83a4249,2012-02-15 15:48:56.719207668,0.0
Case81,W_Nabellen offertes,res_425ded41-e317-4198-891a-d9f3e32a6030,Role 1,2012-02-16 05:39:07.307590968,563,1,res_425ded41-e317-4198-891a-d9f3e32a6030,2012-02-16 05:36:26.884976968,0.0
Case810,W_Afhandelen leads,res_75b73935-48c2-4abe-9548-628b120b0d25,Role 1,2012-03-01 19:02:34.057286083,632,0,res_75b73935-48c2-4abe-9548-628b120b0d25,2012-03-01 18:59:20.032046083,0.0
Case810,W_Completeren aanvraag,res_85f526bd-1f2c-4373-8dcc-9710ee98b7b2,Role 1,2012-03-01 20:13:00.078225783,633,1,res_85f526bd-1f2c-4373-8dcc-9710ee98b7b2,2012-03-01 20:10:25.388601783,0.02564102564102564
Case810,W_Nabellen offertes,res_9e7fccd4-b30d-488c-ad55-351ad1a60226,Role 1,2012-03-09 02:39:20.512564083,613,1,res_9e7fccd4-b30d-488c-ad55-351ad1a60226,2012-03-09 02:37:12.604387083,0.0
Case810,W_Nabellen offertes,res_63d2fda6-0454-4ad2-8b55-d59c9622a8ed,Role 1,2012-03-12 12:11:51.837395783,604,1,res_63d2fda6-0454-4ad2-8b55-d59c9622a8ed,2012-03-12 12:10:11.004521783,0.0
Case810,W_Nabellen offertes,res_f664dcd9-d4b7-456f-a1f7-9daea9e497fd,Role 1,2012-03-14 10:47:43.490363883,623,1,res_f664dcd9-d4b7-456f-a1f7-9daea9e497fd,2012-03-14 10:39:04.714119883,0.0
Case811,W_Afhandelen leads,res_ddc79bf3-8255-4b9b-ace2-8a46af780bc5,Role 1,2012-03-01 19:17:30.684089401,633,0,res_ddc79bf3-8255-4b9b-ace2-8a46af780bc5,2012-03-01 19:14:16.658663401,0.0
Case811,W_Completeren aanvraag,res_425ded41-e317-4198-891a-d9f3e32a6030,Role 1,2012-03-01 20:29:03.083720201,632,1,res_425ded41-e317-4198-891a-d9f3e32a6030,2012-03-01 20:26:27.334462201,0.0
Case812,W_Afhandelen leads,res_d5418cc0-ed10-4016-ac16-0bc32f58673f,Role 1,2012-03-01 20:07:24.659327861,633,0,res_d5418cc0-ed10-4016-ac16-0bc32f58673f,2012-03-01 20:04:10.787097861,0.0
Case812,W_Completeren aanvraag,res_d5418cc0-ed10-4016-ac16-0bc32f58673f,Role 1,2012-03-01 21:22:19.357556661,630,1,res_d5418cc0-ed10-4016-ac16-0bc32f58673f,2012-03-01 21:19:43.388621661,0.0
Case813,W_Afhandelen leads,res_24e554c7-8afb-451c-a96e-dea7923be74d,Role 1,2012-03-01 20:38:44.301972316,632,0,res_24e554c7-8afb-451c-a96e-dea7923be74d,2012-03-01 20:35:30.680657316,0.0
Case813,W_Completeren aanvraag,res_fa3ac963-7739-40ef-84e6-624c11774546,Role 1,2012-03-01 21:55:47.150045516,628,1,res_fa3ac963-7739-40ef-84e6-624c11774546,2012-03-01 21:53:11.062580516,0.0
Case813,W_Completeren aanvraag,res_7a10508e-56ae-4766-abd2-e94c8442b539,Role 1,2012-03-02 19:34:03.150602716,634,1,res_7a10508e-56ae-4766-abd2-e94c8442b539,2012-03-02 19:32:07.307634716,0.0
Case813,W_Nabellen offertes,res_c09d353e-d1d3-4710-a13d-39ecb25ed3a8,Role 1,2012-03-04 02:24:39.190549216,624,1,res_c09d353e-d1d3-4710-a13d-39ecb25ed3a8,2012-03-04 02:23:03.233290216,0.0
Case814,W_Afhandelen leads,res_2f56cb7e-3c7c-424a-95d0-d464cdf4e447,Role 1,2012-03-01 21:04:01.255521295,630,0,res_2f56cb7e-3c7c-424a-95d0-d464cdf4e447,2012-03-01 21:00:47.893787295,0.0
Case814,W_Completeren aanvraag,res_46a776b0-74ef-429c-befa-758731ba64c1,Role 1,2012-03-01 22:22:45.784561795,629,1,res_46a776b0-74ef-429c-befa-758731ba64c1,2012-03-01 22:20:09.538817795,0.0
Case814,W_Completeren aanvraag,res_d5418cc0-ed10-4016-ac16-0bc32f58673f,Role 1,2012-03-02 20:46:15.205257095,633,1,res_d5418cc0-ed10-4016-ac16-0bc32f58673f,2012-03-02 20:44:18.266954095,0.0
Case815,W_Completeren aanvraag,res_ee4279a0-2b97-4f9d-9945-00c80ada4a95,Role 1,2012-03-01 21:04:02.523021155,631,1,res_ee4279a0-2b97-4f9d-9945-00c80ada4a95,2012-03-01 21:01:27.184167155,0.02564102564102564
Case816,W_Completeren aanvraag,res_2f56cb7e-3c7c-424a-95d0-d464cdf4e447,Role 1,2012-03-01 22:04:01.098230713,629,1,res_2f56cb7e-3c7c-424a-95d0-d464cdf4e447,2012-03-01 22:01:26.787429713,0.0
Case817,W_Afhandelen leads,res_0eb69d82-9670-4fe3-a195-9d055d280321,Role 1,2012-03-01 22:04:59.652460737,630,0,res_0eb69d82-9670-4fe3-a195-9d055d280321,2012-03-01 22:01:48.951233737,0.02564102564102564
Case817,W_Completeren aanvraag,res_9548f08a-bc89-4837-8ec2-cdb10b4e93b0,Role 1,2012-03-01 23:29:00.082630437,629,1,res_9548f08a-bc89-4837-8ec2-cdb10b4e93b0,2012-03-01 23:26:24.081358437,0.02564102564102564
Case817,W_Nabellen offertes,res_3e93a9a9-cdc4-46ed-8b29-3e63e6d2a9a2,Role 1,2012-03-08 18:07:50.517905937,618,1,res_3e93a9a9-cdc4-46ed-8b29-3e63e6d2a9a2,2012-03-08 18:05:34.278197937,0.0
Case817,W_Nabellen offertes,res_a7efadcf-4796-49e4-a611-9f847fa3b6b3,Role 1,2012-03-11 22:55:07.125815537,606,1,res_a7efadcf-4796-49e4-a611-9f847fa3b6b3,2012-03-11 22:53:24.721805537,0.0
Case818,W_Afhandelen leads,res_f664dcd9-d4b7-456f-a1f7-9daea9e497fd,Role 1,2012-03-01 23:03:05.364737265,630,0,res_f664dcd9-d4b7-456f-a1f7-9daea9e497fd,2012-03-01 22:59:54.713139265,0.0
Case818,W_Completeren aanvraag,res_f612d14e-303a-4d03-a37a-3b98918a5014,Role 1,2012-03-02 00:36:52.512366465,626,1,res_f612d14e-303a-4d03-a37a-3b98918a5014,2012-03-02 00:34:14.456675465,0.0
Case818,W_Completeren aanvraag,res_f612d14e-303a-4d03-a37a-3b98918a5014,Role 1,2012-03-02 20:04:41.592462165,634,1,res_f612d14e-303a-4d03-a37a-3b98918a5014,2012-03-02 20:02:47.394547165,0.0
Case818,W_Completeren aanvraag,res_8435ed72-5b45-4de1-a40d-2e20f14bd3c6,Role 1,2012-03-03 06:13:15.002436865,625,1,res_8435ed72-5b45-4de1-a40d-2e20f14bd3c6,2012-03-03 06:11:26.047787865,0.0
Case818,W_Nabellen offertes,res_c09d353e-d1d3-4710-a13d-39ecb25ed3a8,Role 1,2012-03-03 22:33:32.854045465,629,1,res_c09d353e-d1d3-4710-a13d-39ecb25ed3a8,2012-03-03 22:31:57.867545465,0.0
Case819,W_Afhandelen leads,res_f3a5d8a5-7894-4471-8b15-4aeaf83a4249,Role 1,2012-03-02 11:11:27.122164126,622,0,res_f3a5d8a5-7894-4471-8b15-4aeaf83a4249,2012-03-02 11:07:58.563424126,0.0
Case819,W_Completeren aanvraag,res_75b73935-48c2-4abe-9548-628b120b0d25,Role 1,2012-03-02 12:33:09.777498926,629,1,res_75b73935-48c2-4abe-9548-628b120b0d25,2012-03-02 12:30:48.988776926,0.0
Case819,W_Completeren aanvraag,res_177ed8cb-552b-4612-b348-20f464d6e7e5,Role 1,2012-03-02 17:22:20.838226826,634,3,res_177ed8cb-552b-4612-b348-20f464d6e7e5,2012-03-02 17:20:33.613040826,0.05128205128205128
Case819,W_Nabellen offertes,res_7cc6cf66-7797-453d-b952-98449834316b,Role 1,2012-03-04 19:49:28.160816326,611,1,res_7cc6cf66-7797-453d-b952-98449834316b,2012-03-04 19:47:51.195097326,0.0
Case819,W_Nabellen offertes,res_f664dcd9-d4b7-456f-a1f7-9daea9e497fd,Role 1,2012-03-07 14:32:09.909457026,626,1,res_f664dcd9-d4b7-456f-a1f7-9daea9e497fd,2012-03-07 14:26:48.069924026,0.0
Case819,W_Nabellen offertes,res_46a776b0-74ef-429c-befa-758731ba64c1,Role 1,2012-03-09 04:11:18.803308126,620,1,res_46a776b0-74ef-429c-befa-758731ba64c1,2012-03-09 04:09:30.764766126,0.0
Case819,W_Nabellen offertes,res_177ed8cb-552b-4612-b348-20f464d6e7e5,Role 1,2012-03-10 19:38:01.643726626,622,1,res_177ed8cb-552b-4612-b348-20f464d6e7e5,2012-03-10 19:36:24.733534626,0.0
Case82,W_Afhandelen leads,res_177ed8cb-552b-4612-b348-20f464d6e7e5,Role 1,2012-02-15 10:18:46.631664892,550,0,res_177ed8cb-552b-4612-b348-20f464d6e7e5,2012-02-15 10:15:34.548475892,0.0
Case82,W_Completeren aanvraag,res_69f394fc-b099-49f7-8f4e-cce94cd03365,Role 1,2012-02-15 11:45:53.696540792,553,1,res_69f394fc-b099-49f7-8f4e-cce94cd03365,2012-02-15 11:43:20.244944792,0.02564102564102564
Case820,W_Afhandelen leads,res_6f56bab9-a4f7-420f-96ab-b17cd82647c1,Role 1,2012-03-02 11:16:54.054030293,623,0,res_6f56bab9-a4f7-420f-96ab-b17cd82647c1,2012-03-02 11:13:25.983256293,0.0
Case820,W_Completeren aanvraag,res_46a776b0-74ef-429c-befa-758731ba64c1,Role 1,2012-03-02 12:37:56.070610493,629,1,res_46a776b0-74ef-429c-befa-758731ba64c1,2012-03-02 12:35:35.120140493,0.0
Case820,W_Completeren aanvraag,res_cd801f30-7ddb-4e0a-8319-c3bbd19d3bc0,Role 1,2012-03-02 17:20:02.371895293,634,1,res_cd801f30-7ddb-4e0a-8319-c3bbd19d3bc0,2012-03-02 17:18:13.764677293,0.0
Case821,W_Afhandelen leads,res_f3a5d8a5-7894-4471-8b15-4aeaf83a4249,Role 1,2012-03-02 11:23:54.515331741,624,0,res_f3a5d8a5-7894-4471-8b15-4aeaf83a4249,2012-03-02 11:20:27.095532741,0.0
Case821,W_Completeren aanvraag,res_5c0494f5-5178-4b1a-9a41-59b27da90a66,Role 1,2012-03-02 12:44:05.885640041,630,1,res_5c0494f5-5178-4b1a-9a41-59b27da90a66,2012-03-02 12:41:44.721117041,0.0
Case821,W_Nabellen offertes,res_3e93a9a9-cdc4-46ed-8b29-3e63e6d2a9a2,Role 1,2012-03-08 00:27:57.060743041,625,1,res_3e93a9a9-cdc4-46ed-8b29-3e63e6d2a9a2,2012-03-08 00:25:59.364523041,0.0
Case821,W_Nabellen offertes,res_b5ab845a-5020-427e-b6f1-42df333cb3fb,Role 1,2012-03-10 13:47:54.744085841,621,1,res_b5ab845a-5020-427e-b6f1-42df333cb3fb,2012-03-10 13:46:16.400238841,0.0
Case822,W_Completeren aanvraag,res_85f526bd-1f2c-4373-8dcc-9710ee98b7b2,Role 1,2012-03-02 11:34:13.649140700,625,1,res_85f526bd-1f2c-4373-8dcc-9710ee98b7b2,2012-03-02 11:31:11.860740700,0.0
Case822,W_Nabellen offertes,res_42f40199-b27a-43f0-a89c-188ab6bfaf36,Role 1,2012-03-02 12:19:10.200374900,630,1,res_42f40199-b27a-43f0-a89c-188ab6bfaf36,2012-03-02 12:17:08.508143900,0.0
Case823,W_Afhandelen leads,res_46a776b0-74ef-429c-befa-758731ba64c1,Role 1,2012-03-02 11:44:13.500911314,626,0,res_46a776b0-74ef-429c-befa-758731ba64c1,2012-03-02 11:40:48.119645314,0.0
Case823,W_Completeren aanvraag,res_8435ed72-5b45-4de1-a40d-2e20f14bd3c6,Role 1,2012-03-02 13:02:09.445428413,630,1,res_8435ed72-5b45-4de1-a40d-2e20f14bd3c6,2012-03-02 12:59:47.652061413,0.0
Case823,W_Nabellen offertes,res_e30a7ff2-fdff-43e2-93a6-f30f7d1f4d80,Role 1,2012-03-08 04:31:21.291010914,629,1,res_e30a7ff2-fdff-43e2-93a6-f30f7d1f4d80,2012-03-08 04:29:32.635907914,0.02564102564102564
Case823,W_Nabellen offertes,res_7a10508e-56ae-4766-abd2-e94c8442b539,Role 1,2012-03-10 20:36:23.675576514,620,1,res_7a10508e-56ae-4766-abd2-e94c8442b539,2012-03-10 20:34:29.913259514,0.0
Case823,W_Nabellen offertes,res_a6c40c08-3f7b-4865-a717-e7f1f1b6f98b,Role 1,2012-03-13 19:28:59.275960114,621,1,res_a6c40c08-3f7b-4865-a717-e7f1f1b6f98b,2012-03-13 19:27:23.526618114,0.05128205128205128
Case824,W_Afhandelen leads,res_9548f08a-bc89-4837-8ec2-cdb10b4e93b0,Role 1,2012-03-02 11:53:48.715969927,627,0,res_9548f08a-bc89-4837-8ec2-cdb10b4e93b0,2012-03-02 11:50:24.378549927,0.0
Case824,W_Completeren aanvraag,res_d5418cc0-ed10-4016-ac16-0bc32f58673f,Role 1,2012-03-02 13:10:46.336056927,630,1,res_d5418cc0-ed10-4016-ac16-0bc32f58673f,2012-03-02 13:08:25.466720927,0.02564102564102564
Case824,W_Nabellen offertes,res_d5418cc0-ed10-4016-ac16-0bc32f58673f,Role 1,2012-03-08 06:20:05.223928027,626,1,res_d5418cc0-ed10-4016-ac16-0bc32f58673f,2012-03-08 06:18:19.410368027,0.0
Case825,W_Completeren aanvraag,res_a6c40c08-3f7b-4865-a717-e7f1f1b6f98b,Role 1,2012-03-02 12:00:52.863227861,628,1,res_a6c40c08-3f7b-4865-a717-e7f1f1b6f98b,2012-03-02 11:57:54.706749861,0.0
Case825,W_Nabellen offertes,res_75b73935-48c2-4abe-9548-628b120b0d25,Role 1,2012-03-02 12:44:48.958670561,630,1,res_75b73935-48c2-4abe-9548-628b120b0d25,2012-03-02 12:42:46.862624561,0.0
Case825,W_Nabellen offertes,res_8435ed72-5b45-4de1-a40d-2e20f14bd3c6,Role 1,2012-03-11 03:17:06.024367661,615,1,res_8435ed72-5b45-4de1-a40d-2e20f14bd3c6,2012-03-11 03:14:25.168357661,0.0
Case826,W_Afhandelen leads,res_f612d14e-303a-4d03-a37a-3b98918a5014,Role 1,2012-03-02 12:11:06.433954761,629,0,res_f612d14e-303a-4d03-a37a-3b98918a5014,2012-03-02 12:07:44.062447761,0.0
Case826,W_Completeren aanvraag,res_9e7fccd4-b30d-488c-ad55-351ad1a60226,Role 1,2012-03-02 13:26:05.679656061,631,1,res_9e7fccd4-b30d-488c-ad55-351ad1a60226,2012-03-02 13:23:43.092143061,0.0
Case826,W_Completeren aanvraag,res_6f56bab9-a4f7-420f-96ab-b17cd82647c1,Role 1,2012-03-02 17:44:04.333508461,636,2,res_6f56bab9-a4f7-420f-96ab-b17cd82647c1,2012-03-02 17:42:16.677280461,0.05128205128205128
Case827,W_Afhandelen leads,res_6f56bab9-a4f7-420f-96ab-b17cd82647c1,Role 1,2012-03-02 12:11:58.909004919,630,1,res_6f56bab9-a4f7-420f-96ab-b17cd82647c1,2012-03-02 12:08:47.531522919,0.02564102564102564
Case827,W_Completeren aanvraag,res_46a776b0-74ef-429c-befa-758731ba64c1,Role 1,2012-03-02 13:27:15.813848219,631,2,res_46a776b0-74ef-429c-befa-758731ba64c1,2012-03-02 13:24:59.817496219,0.02564102564102564
Case828,W_Afhandelen leads,res_f612d14e-303a-4d03-a37a-3b98918a5014,Role 1,2012-03-02 12:33:11.506529539,630,0,res_f612d14e-303a-4d03-a37a-3b98918a5014,2012-03-02 12:29:52.883243539,0.02564102564102564
Case828,W_Completeren aanvraag,res_31f16881-0e61-460a-88bc-abc46854faba,Role 1,2012-03-02 13:46:51.349808839,630,1,res_31f16881-0e61-460a-88bc-abc46854faba,2012-03-02 13:44:28.518480839,0.0
Case829,W_Completeren aanvraag,res_c6ff2914-8075-4a61-b381-b682f6eb47de,Role 1,2012-03-02 12:52:01.922334953,631,1,res_c6ff2914-8075-4a61-b381-b682f6eb47de,2012-03-02 12:49:10.438280953,0.0
Case83,W_Afhandelen leads,res_e30a7ff2-fdff-43e2-93a6-f30f7d1f4d80,Role 1,2012-02-15 10:20:15.808215273,551,1,res_e30a7ff2-fdff-43e2-93a6-f30f7d1f4d80,2012-02-15 10:17:16.300485273,0.07692307692307693
Case83,W_Completeren aanvraag,res_c09d353e-d1d3-4710-a13d-39ecb25ed3a8,Role 1,2012-02-15 11:49:06.025314773,552,1,res_c09d353e-d1d3-4710-a13d-39ecb25ed3a8,2012-02-15 11:46:33.949782773,0.0
Case83,W_Completeren aanvraag,res_3e93a9a9-cdc4-46ed-8b29-3e63e6d2a9a2,Role 1,2012-02-15 15:53:12.769060573,561,2,res_3e93a9a9-cdc4-46ed-8b29-3e63e6d2a9a2,2012-02-15 15:50:56.344685573,0.05128205128205128
Case83,W_Completeren aanvraag,res_8435ed72-5b45-4de1-a40d-2e20f14bd3c6,Role 1,2012-02-15 17:25:44.655164873,561,1,res_8435ed72-5b45-4de1-a40d-2e20f14bd3c6,2012-02-15 17:23:53.290523873,0.0
Case83,W_Completeren aanvraag,res_63d2fda6-0454-4ad2-8b55-d59c9622a8ed,Role 1,2012-02-15 18:19:21.551526273,561,1,res_63d2fda6-0454-4ad2-8b55-d59c9622a8ed,2012-02-15 18:17:36.655830273,0.0
Case83,W_Nabellen offertes,res_b5ab845a-5020-427e-b6f1-42df333cb3fb,Role 1,2012-02-15 21:38:00.779063873,565,1,res_b5ab845a-5020-427e-b6f1-42df333cb3fb,2012-02-15 21:36:27.238240873,0.0
Case830,W_Afhandelen leads,res_425ded41-e317-4198-891a-d9f3e32a6030,Role 1,2012-03-02 13:11:34.329203992,630,0,res_425ded41-e317-4198-891a-d9f3e32a6030,2012-03-02 13:08:17.918861992,0.0
Case830,W_Completeren aanvraag,res_c3a01281-6e48-4ea3-a47a-9410360458be,Role 1,2012-03-02 14:22:35.639364892,632,1,res_c3a01281-6e48-4ea3-a47a-9410360458be,2012-03-02 14:20:11.292283892,0.0
Case830,W_Completeren aanvraag,res_f664dcd9-d4b7-456f-a1f7-9daea9e497fd,Role 1,2012-03-02 18:13:01.824019292,634,1,res_f664dcd9-d4b7-456f-a1f7-9daea9e497fd,2012-03-02 18:11:12.975386292,0.0
Case830,W_Nabellen offertes,res_31f16881-0e61-460a-88bc-abc46854faba,Role 1,2012-03-04 15:41:45.486850292,613,1,res_31f16881-0e61-460a-88bc-abc46854faba,2012-03-04 15:39:34.897465292,0.0
Case831,W_Afhandelen leads,res_408aec04-fa16-4916-b3c7-40322d591997,Role 1,2012-03-02 13:11:58.251221665,631,1,res_408aec04-fa16-4916-b3c7-40322d591997,2012-03-02 13:08:52.172013665,0.02564102564102564
Case831,W_Completeren aanvraag,res_fa3ac963-7739-40ef-84e6-624c11774546,Role 1,2012-03-02 14:23:01.939830665,632,2,res_fa3ac963-7739-40ef-84e6-624c11774546,2012-03-02 14:20:44.721448665,0.02564102564102564
Case831,W_Nabellen offertes,res_7848a1c1-2878-42e4-b2ac-02ba3ecca52c,Role 1,2012-03-08 18:14:11.467645965,617,1,res_7848a1c1-2878-42e4-b2ac-02ba3ecca52c,2012-03-08 18:10:04.099612965,0.0
Case832,W_Completeren aanvraag,res_dcb46f81-367a-42ae-96c2-833faef25480,Role 1,2012-03-02 13:30:20.372256494,631,1,res_dcb46f81-367a-42ae-96c2-833faef25480,2012-03-02 13:27:32.451562494,0.0
Case833,W_Afhandelen leads,res_7a10508e-56ae-4766-abd2-e94c8442b539,Role 1,2012-03-02 13:48:32.658338901,630,0,res_7a10508e-56ae-4766-abd2-e94c8442b539,2012-03-02 13:45:18.329046901,0.0
Case833,W_Completeren aanvraag,res_46a776b0-74ef-429c-befa-758731ba64c1,Role 1,2012-03-02 14:57:51.812379101,632,2,res_46a776b0-74ef-429c-befa-758731ba64c1,2012-03-02 14:55:31.078208101,0.02564102564102564
Case834,W_Completeren aanvraag,res_42f40199-b27a-43f0-a89c-188ab6bfaf36,Role 1,2012-03-02 14:10:35.259747703,631,1,res_42f40199-b27a-43f0-a89c-188ab6bfaf36,2012-03-02 14:07:49.313646703,0.0
Case834,W_Nabellen offertes,res_24e554c7-8afb-451c-a96e-dea7923be74d,Role 1,2012-03-02 14:49:22.122841303,632,1,res_24e554c7-8afb-451c-a96e-dea7923be74d,2012-03-02 14:47:17.392335303,0.0
Case835,W_Afhandelen leads,res_fa3ac963-7739-40ef-84e6-624c11774546,Role 1,2012-03-02 14:12:51.346011184,632,0,res_fa3ac963-7739-40ef-84e6-624c11774546,2012-03-02 14:09:39.125221184,0.02564102564102564
Case835,W_Completeren aanvraag,res_7a10508e-56ae-4766-abd2-e94c8442b539,Role 1,2012-03-02 15:21:28.739474984,633,1,res_7a10508e-56ae-4766-abd2-e94c8442b539,2012-03-02 15:19:02.868860984,0.0
Case835,W_Completeren aanvraag,res_46a776b0-74ef-429c-befa-758731ba64c1,Role 1,2012-03-02 19:09:31.707173984,632,1,res_46a776b0-74ef-429c-befa-758731ba64c1,2012-03-02 19:07:42.358907984,0.0
Case835,W_Completeren aanvraag,res_7cc6cf66-7797-453d-b952-98449834316b,Role 1,2012-03-03 01:39:23.715083684,628,1,res_7cc6cf66-7797-453d-b952-98449834316b,2012-03-03 01:37:40.408738684,0.0
Case836,W_Completeren aanvraag,res_6f56bab9-a4f7-420f-96ab-b17cd82647c1,Role 1,2012-03-02 14:33:38.850192177,633,1,res_6f56bab9-a4f7-420f-96ab-b17cd82647c1,2012-03-02 14:30:54.551398177,0.02564102564102564
Case837,W_Completeren aanvraag,res_75b73935-48c2-4abe-9548-628b120b0d25,Role 1,2012-03-02 14:51:47.166825971,632,1,res_75b73935-48c2-4abe-9548-628b120b0d25,2012-03-02 14:49:01.585240971,0.0
Case837,W_Completeren aanvraag,res_425ded41-e317-4198-891a-d9f3e32a6030,Role 1,2012-03-02 15:59:31.615714971,633,1,res_425ded41-e317-4198-891a-d9f3e32a6030,2012-03-02 15:57:08.372773971,0.0
Case837,W_Completeren aanvraag,res_7848a1c1-2878-42e4-b2ac-02ba3ecca52c,Role 1,2012-03-02 19:40:04.633007671,632,2,res_7848a1c1-2878-42e4-b2ac-02ba3ecca52c,2012-03-02 19:38:17.542789671,0.02564102564102564
Case837,W_Nabellen offertes,res_177ed8cb-552b-4612-b348-20f464d6e7e5,Role 1,2012-03-04 16:24:32.916679371,612,1,res_177ed8cb-552b-4612-b348-20f464d6e7e5,2012-03-04 16:22:44.062965371,0.0
Case837,W_Nabellen offertes,res_e30a7ff2-fdff-43e2-93a6-f30f7d1f4d80,Role 1,2012-03-07 06:10:53.278142271,633,1,res_e30a7ff2-fdff-43e2-93a6-f30f7d1f4d80,2012-03-07 06:09:17.123592271,0.0
Case837,W_Nabellen offertes,res_a7efadcf-4796-49e4-a611-9f847fa3b6b3,Role 1,2012-03-08 20:14:57.465508871,615,2,res_a7efadcf-4796-49e4-a611-9f847fa3b6b3,2012-03-08 20:02:08.142027871,0.02564102564102564
Case837,W_Nabellen offertes,res_408aec04-fa16-4916-b3c7-40322d591997,Role 1,2012-03-10 11:13:24.940959471,617,1,res_408aec04-fa16-4916-b3c7-40322d591997,2012-03-10 11:11:40.915033471,0.0
Case838,W_Completeren aanvraag,res_408aec04-fa16-4916-b3c7-40322d591997,Role 1,2012-03-02 15:11:21.170327584,632,1,res_408aec04-fa16-4916-b3c7-40322d591997,2012-03-02 15:08:35.259408584,0.0
Case838,W_Nabellen offertes,res_b5ab845a-5020-427e-b6f1-42df333cb3fb,Role 1,2012-03-02 15:47:56.750891784,633,1,res_b5ab845a-5020-427e-b6f1-42df333cb3fb,2012-03-02 15:45:50.402120784,0.0
Case838,W_Nabellen offertes,res_7848a1c1-2878-42e4-b2ac-02ba3ecca52c,Role 1,2012-03-11 11:11:26.821615184,611,1,res_7848a1c1-2878-42e4-b2ac-02ba3ecca52c,2012-03-11 11:09:50.931879184,0.0
Case839,W_Afhandelen leads,res_42f40199-b27a-43f0-a89c-188ab6bfaf36,Role 1,2012-03-02 15:12:57.179595567,633,0,res_42f40199-b27a-43f0-a89c-188ab6bfaf36,2012-03-02 15:09:44.773157567,0.02564102564102564
Case839,W_Completeren aanvraag,res_501654f1-1e08-4e04-8b11-a5fd18a76e7d,Role 1,2012-03-02 16:20:42.390975667,634,1,res_501654f1-1e08-4e04-8b11-a5fd18a76e7d,2012-03-02 16:18:15.581094667,0.02564102564102564
Case84,W_Completeren aanvraag,res_46a776b0-74ef-429c-befa-758731ba64c1,Role 1,2012-02-15 10:33:42.256360421,551,1,res_46a776b0-74ef-429c-befa-758731ba64c1,2012-02-15 10:30:58.376125421,0.0
Case840,W_Completeren aanvraag,res_7cc6cf66-7797-453d-b952-98449834316b,Role 1,2012-03-02 15:47:20.694069884,634,1,res_7cc6cf66-7797-453d-b952-98449834316b,2012-03-02 15:44:36.230300884,0.05128205128205128
Case840,W_Completeren aanvraag,res_b5ab845a-5020-427e-b6f1-42df333cb3fb,Role 1,2012-03-02 16:55:18.073892184,634,2,res_b5ab845a-5020-427e-b6f1-42df333cb3fb,2012-03-02 16:52:58.611122184,0.02564102564102564
Case840,W_Completeren aanvraag,res_b5ab845a-5020-427e-b6f1-42df333cb3fb,Role 1,2012-03-02 20:51:45.385306784,632,1,res_b5ab845a-5020-427e-b6f1-42df333cb3fb,2012-03-02 20:49:57.505385784,0.0
Case840,W_Completeren aanvraag,res_f612d14e-303a-4d03-a37a-3b98918a5014,Role 1,2012-03-03 07:35:32.025045684,625,1,res_f612d14e-303a-4d03-a37a-3b98918a5014,2012-03-03 07:33:34.932777684,0.0
Case841,W_Completeren aanvraag,res_ddc79bf3-8255-4b9b-ace2-8a46af780bc5,Role 1,2012-03-02 16:11:22.793112142,633,1,res_ddc79bf3-8255-4b9b-ace2-8a46af780bc5,2012-03-02 16:08:34.862671142,0.0
Case841,W_Completeren aanvraag,res_46a776b0-74ef-429c-befa-758731ba64c1,Role 1,2012-03-02 17:20:04.813005142,636,1,res_46a776b0-74ef-429c-befa-758731ba64c1,2012-03-02 17:17:39.680433142,0.05128205128205128
Case842,W_Afhandelen leads,res_408aec04-fa16-4916-b3c7-40322d591997,Role 1,2012-03-02 16:13:15.218528961,634,0,res_408aec04-fa16-4916-b3c7-40322d591997,2012-03-02 16:10:01.502995961,0.02564102564102564
Case842,W_Completeren aanvraag,res_dcb46f81-367a-42ae-96c2-833faef25480,Role 1,2012-03-02 17:21:55.497444161,636,3,res_dcb46f81-367a-42ae-96c2-833faef25480,2012-03-02 17:19:35.855796161,0.07692307692307693
Case842,W_Completeren aanvraag,res_c3a01281-6e48-4ea3-a47a-9410360458be,Role 1,2012-03-02 21:23:12.061852361,630,1,res_c3a01281-6e48-4ea3-a47a-9410360458be,2012-03-02 21:21:23.011948361,0.0
Case842,W_Completeren aanvraag,res_85f526bd-1f2c-4373-8dcc-9710ee98b7b2,Role 1,2012-03-03 08:46:00.589317561,623,1,res_85f526bd-1f2c-4373-8dcc-9710ee98b7b2,2012-03-03 08:44:08.571471561,0.0
Case842,W_Nabellen offertes,res_75b73935-48c2-4abe-9548-628b120b0d25,Role 1,2012-03-03 16:09:16.887104861,630,1,res_75b73935-48c2-4abe-9548-628b120b0d25,2012-03-03 16:07:38.206829861,0.0
Case842,W_Nabellen offertes,res_425ded41-e317-4198-891a-d9f3e32a6030,Role 1,2012-03-06 19:49:16.297532861,622,1,res_425ded41-e317-4198-891a-d9f3e32a6030,2012-03-06 19:43:40.141391861,0.0
Case843,W_Afhandelen leads,res_b5ab845a-5020-427e-b6f1-42df333cb3fb,Role 1,2012-03-02 16:33:18.807064423,634,0,res_b5ab845a-5020-427e-b6f1-42df333cb3fb,2012-03-02 16:30:03.385641423,0.0
Case843,W_Completeren aanvraag,res_a6c40c08-3f7b-4865-a717-e7f1f1b6f98b,Role 1,2012-03-02 17:42:59.658401123,635,1,res_a6c40c08-3f7b-4865-a717-e7f1f1b6f98b,2012-03-02 17:40:29.431527123,0.02564102564102564
Case844,W_Completeren aanvraag,res_408aec04-fa16-4916-b3c7-40322d591997,Role 1,2012-03-02 16:56:59.822711781,634,1,res_408aec04-fa16-4916-b3c7-40322d591997,2012-03-02 16:54:10.077576781,0.0
Case844,W_Nabellen offertes,res_425ded41-e317-4198-891a-d9f3e32a6030,Role 1,2012-03-02 17:29:52.625552281,634,1,res_425ded41-e317-4198-891a-d9f3e32a6030,2012-03-02 17:27:42.120471281,0.0
Case844,W_Nabellen offertes,res_c09d353e-d1d3-4710-a13d-39ecb25ed3a8,Role 1,2012-03-11 09:13:55.130649581,615,1,res_c09d353e-d1d3-4710-a13d-39ecb25ed3a8,2012-03-11 09:12:16.634435581,0.02564102564102564
Case845,W_Afhandelen leads,res_69f394fc-b099-49f7-8f4e-cce94cd03365,Role 1,2012-03-02 17:12:20.866334824,635,0,res_69f394fc-b099-49f7-8f4e-cce94cd03365,2012-03-02 17:09:04.689302824,0.0
Case845,W_Completeren aanvraag,res_9548f08a-bc89-4837-8ec2-cdb10b4e93b0,Role 1,2012-03-02 18:24:07.302325924,634,1,res_9548f08a-bc89-4837-8ec2-cdb10b4e93b0,2012-03-02 18:21:34.594914924,0.0
Case845,W_Completeren aanvraag,res_63d2fda6-0454-4ad2-8b55-d59c9622a8ed,Role 1,2012-03-03 00:03:05.770260124,629,1,res_63d2fda6-0454-4ad2-8b55-d59c9622a8ed,2012-03-03 00:01:12.899456124,0.0
Case845,W_Completeren aanvraag,res_8435ed72-5b45-4de1-a40d-2e20f14bd3c6,Role 1,2012-03-03 12:19:31.331207624,623,1,res_8435ed72-5b45-4de1-a40d-2e20f14bd3c6,2012-03-03 12:17:43.634766624,0.0
Case845,W_Nabellen offertes,res_0eb69d82-9670-4fe3-a195-9d055d280321,Role 1,2012-03-04 04:49:02.779343724,618,1,res_0eb69d82-9670-4fe3-a195-9d055d280321,2012-03-04 04:47:18.933602724,0.0
Case846,W_Afhandelen leads,res_9e7fccd4-b30d-488c-ad55-351ad1a60226,Role 1,2012-03-02 17:13:35.161974819,636,1,res_9e7fccd4-b30d-488c-ad55-351ad1a60226,2012-03-02 17:10:25.284953819,0.02564102564102564
Case846,W_Completeren aanvraag,res_3e93a9a9-cdc4-46ed-8b29-3e63e6d2a9a2,Role 1,2012-03-02 18:25:09.420416919,634,2,res_3e93a9a9-cdc4-46ed-8b29-3e63e6d2a9a2,2012-03-02 18:22:43.422146919,0.02564102564102564
Case846,W_Nabellen offertes,res_c6ff2914-8075-4a61-b381-b682f6eb47de,Role 1,2012-03-10 02:31:51.570349319,616,1,res_c6ff2914-8075-4a61-b381-b682f6eb47de,2012-03-10 02:29:38.267813319,0.0
Case846,W_Nabellen offertes,res_7cc6cf66-7797-453d-b952-98449834316b,Role 1,2012-03-13 09:48:15.699158119,595,1,res_7cc6cf66-7797-453d-b952-98449834316b,2012-03-13 09:43:25.363199119,0.0
Case847,W_Completeren aanvraag,res_42f40199-b27a-43f0-a89c-188ab6bfaf36,Role 1,2012-03-02 17:31:41.497704461,635,2,res_42f40199-b27a-43f0-a89c-188ab6bfaf36,2012-03-02 17:29:00.527274461,0.02564102564102564
Case847,W_Nabellen offertes,res_31f16881-0e61-460a-88bc-abc46854faba,Role 1,2012-03-02 18:03:07.369504861,634,1,res_31f16881-0e61-460a-88bc-abc46854faba,2012-03-02 18:00:59.554602861,0.0
Case847,W_Nabellen offertes,res_cd801f30-7ddb-4e0a-8319-c3bbd19d3bc0,Role 1,2012-03-11 08:31:41.241553961,615,1,res_cd801f30-7ddb-4e0a-8319-c3bbd19d3bc0,2012-03-11 08:30:02.667264961,0.0
Case848,W_Completeren aanvraag,res_31f16881-0e61-460a-88bc-abc46854faba,Role 1,2012-03-02 17:55:34.639752520,635,1,res_31f16881-0e61-460a-88bc-abc46854faba,2012-03-02 17:52:43.040514520,0.0
Case849,W_Completeren aanvraag,res_c3a01281-6e48-4ea3-a47a-9410360458be,Role 1,2012-03-02 18:12:54.025353091,635,2,res_c3a01281-6e48-4ea3-a47a-9410360458be,2012-03-02 18:10:11.791423091,0.02564102564102564
Case85,W_Afhandelen leads,res_f612d14e-303a-4d03-a37a-3b98918a5014,Role 1,2012-02-15 10:45:50.987854988,550,0,res_f612d14e-303a-4d03-a37a-3b98918a5014,2012-02-15 10:42:42.580625988,0.02564102564102564
Case85,W_Completeren aanvraag,res_e30a7ff2-fdff-43e2-93a6-f30f7d1f4d80,Role 1,2012-02-15 12:10:09.947677288,552,1,res_e30a7ff2-fdff-43e2-93a6-f30f7d1f4d80,2012-02-15 12:07:35.913532288,0.0
Case85,W_Completeren aanvraag,res_ddc79bf3-8255-4b9b-ace2-8a46af780bc5,Role 1,2012-02-15 16:16:29.454294288,561,1,res_ddc79bf3-8255-4b9b-ace2-8a46af780bc5,2012-02-15 16:14:09.250542288,0.0
Case850,W_Completeren aanvraag,res_c3a01281-6e48-4ea3-a47a-9410360458be,Role 1,2012-03-02 18:13:35.288053226,636,2,res_c3a01281-6e48-4ea3-a47a-9410360458be,2012-03-02 18:10:53.096694226,0.02564102564102564
Case851,W_Completeren aanvraag,res_3e93a9a9-cdc4-46ed-8b29-3e63e6d2a9a2,Role 1,2012-03-02 18:45:16.099595430,633,2,res_3e93a9a9-cdc4-46ed-8b29-3e63e6d2a9a2,2012-03-02 18:42:33.139166430,0.02564102564102564
Case852,W_Completeren aanvraag,res_42f40199-b27a-43f0-a89c-188ab6bfaf36,Role 1,2012-03-02 19:13:56.772222796,632,1,res_42f40199-b27a-43f0-a89c-188ab6bfaf36,2012-03-02 19:11:03.781858796,0.0
Case853,W_Completeren aanvraag,res_46a776b0-74ef-429c-befa-758731ba64c1,Role 1,2012-03-02 19:47:32.768621306,632,1,res_46a776b0-74ef-429c-befa-758731ba64c1,2012-03-02 19:44:39.680579306,0.0
Case853,W_Nabellen offertes,res_dcb46f81-367a-42ae-96c2-833faef25480,Role 1,2012-03-02 20:14:57.850239506,632,1,res_dcb46f81-367a-42ae-96c2-833faef25480,2012-03-02 20:12:39.229392506,0.0
Case854,W_Completeren aanvraag,res_75b73935-48c2-4abe-9548-628b120b0d25,Role 1,2012-03-02 20:15:11.036392163,633,1,res_75b73935-48c2-4abe-9548-628b120b0d25,2012-03-02 20:12:18.943544163,0.02564102564102564
Case854,W_Nabellen offertes,res_9548f08a-bc89-4837-8ec2-cdb10b4e93b0,Role 1,2012-03-02 20:40:49.710784963,632,1,res_9548f08a-bc89-4837-8ec2-cdb10b4e93b0,2012-03-02 20:38:30.486386963,0.0
Case855,W_Completeren aanvraag,res_425ded41-e317-4198-891a-d9f3e32a6030,Role 1,2012-03-02 21:14:56.151420160,631,1,res_425ded41-e317-4198-891a-d9f3e32a6030,2012-03-02 21:12:03.435122160,0.0
Case856,W_Completeren aanvraag,res_cd801f30-7ddb-4e0a-8319-c3bbd19d3bc0,Role 1,2012-03-02 21:15:13.353680008,632,2,res_cd801f30-7ddb-4e0a-8319-c3bbd19d3bc0,2012-03-02 21:12:31.643600008,0.02564102564102564
Case856,W_Nabellen offertes,res_c6ff2914-8075-4a61-b381-b682f6eb47de,Role 1,2012-03-02 21:37:38.290925608,629,1,res_c6ff2914-8075-4a61-b381-b682f6eb47de,2012-03-02 21:35:23.076299608,0.0
Case857,W_Completeren aanvraag,res_cd801f30-7ddb-4e0a-8319-c3bbd19d3bc0,Role 1,2012-03-02 22:14:23.470703321,629,1,res_cd801f30-7ddb-4e0a-8319-c3bbd19d3bc0,2012-03-02 22:11:30.800124321,0.0
Case858,W_Completeren aanvraag,res_ddc79bf3-8255-4b9b-ace2-8a46af780bc5,Role 1,2012-03-02 22:15:46.747906876,630,2,res_ddc79bf3-8255-4b9b-ace2-8a46af780bc5,2012-03-02 22:13:06.507459876,0.02564102564102564
Case858,W_Completeren aanvraag,res_fa3ac963-7739-40ef-84e6-624c11774546,Role 1,2012-03-02 23:57:56.461495575,629,1,res_fa3ac963-7739-40ef-84e6-624c11774546,2012-03-02 23:55:13.021656575,0.0
Case859,W_Completeren aanvraag,res_cd801f30-7ddb-4e0a-8319-c3bbd19d3bc0,Role 1,2012-03-02 23:12:14.384643650,629,1,res_cd801f30-7ddb-4e0a-8319-c3bbd19d3bc0,2012-03-02 23:09:20.442899650,0.0
Case859,W_Completeren aanvraag,res_0eb69d82-9670-4fe3-a195-9d055d280321,Role 1,2012-03-03 01:05:01.710838650,627,1,res_0eb69d82-9670-4fe3-a195-9d055d280321,2012-03-03 01:02:16.574985650,0.0
Case86,W_Completeren aanvraag,res_425ded41-e317-4198-891a-d9f3e32a6030,Role 1,2012-02-15 11:03:41.221313793,551,1,res_425ded41-e317-4198-891a-d9f3e32a6030,2012-02-15 11:01:00.696370793,0.0
Case86,W_Nabellen offertes,res_31f16881-0e61-460a-88bc-abc46854faba,Role 1,2012-02-15 11:45:54.428559293,552,1,res_31f16881-0e61-460a-88bc-abc46854faba,2012-02-15 11:43:30.599453293,0.02564102564102564
Case86,W_Nabellen offertes,res_31f16881-0e61-460a-88bc-abc46854faba,Role 1,2012-02-23 02:57:00.540091093,628,1,res_31f16881-0e61-460a-88bc-abc46854faba,2012-02-23 02:54:14.841779093,0.0
Case86,W_Nabellen offertes,res_2f56cb7e-3c7c-424a-95d0-d464cdf4e447,Role 1,2012-02-24 17:51:18.357710593,643,1,res_2f56cb7e-3c7c-424a-95d0-d464cdf4e447,2012-02-24 17:49:39.781617593,0.0
Case86,W_Nabellen offertes,res_42f40199-b27a-43f0-a89c-188ab6bfaf36,Role 1,2012-02-26 16:47:09.259943393,645,1,res_42f40199-b27a-43f0-a89c-188ab6bfaf36,2012-02-26 16:45:36.596752393,0.0
Case86,W_Nabellen offertes,res_7a10508e-56ae-4766-abd2-e94c8442b539,Role 1,2012-02-28 23:51:21.853498193,640,1,res_7a10508e-56ae-4766-abd2-e94c8442b539,2012-02-28 23:49:44.887919193,0.0
Case860,W_Completeren aanvraag,res_7a10508e-56ae-4766-abd2-e94c8442b539,Role 1,2012-03-03 11:29:08.859111814,624,1,res_7a10508e-56ae-4766-abd2-e94c8442b539,2012-03-03 11:26:25.291491814,0.0
Case861,W_Completeren aanvraag,res_dcb46f81-367a-42ae-96c2-833faef25480,Role 1,2012-03-03 11:32:43.127449588,624,1,res_dcb46f81-367a-42ae-96c2-833faef25480,2012-03-03 11:29:59.877412588,0.0
Case861,W_Completeren aanvraag,res_c6ff2914-8075-4a61-b381-b682f6eb47de,Role 1,2012-03-03 12:51:36.690904488,629,1,res_c6ff2914-8075-4a61-b381-b682f6eb47de,2012-03-03 12:49:28.601761488,0.0
Case861,W_Completeren aanvraag,res_fa3ac963-7739-40ef-84e6-624c11774546,Role 1,2012-03-03 19:17:31.508329688,628,1,res_fa3ac963-7739-40ef-84e6-624c11774546,2012-03-03 19:15:50.351547688,0.0
Case862,W_Completeren aanvraag,res_c09d353e-d1d3-4710-a13d-39ecb25ed3a8,Role 1,2012-03-03 11:40:30.855885996,625,1,res_c09d353e-d1d3-4710-a13d-39ecb25ed3a8,2012-03-03 11:37:48.339633996,0.0
Case862,W_Nabellen offertes,res_b5ab845a-5020-427e-b6f1-42df333cb3fb,Role 1,2012-03-03 12:28:46.343651996,631,1,res_b5ab845a-5020-427e-b6f1-42df333cb3fb,2012-03-03 12:26:50.543576996,0.0
Case863,W_Completeren aanvraag,res_d5418cc0-ed10-4016-ac16-0bc32f58673f,Role 1,2012-03-03 11:45:14.500140753,626,1,res_d5418cc0-ed10-4016-ac16-0bc32f58673f,2012-03-03 11:42:32.439303753,0.0
Case863,W_Completeren aanvraag,res_85f526bd-1f2c-4373-8dcc-9710ee98b7b2,Role 1,2012-03-03 13:02:22.892512553,629,1,res_85f526bd-1f2c-4373-8dcc-9710ee98b7b2,2012-03-03 13:00:14.061545553,0.0
Case863,W_Completeren aanvraag,res_7848a1c1-2878-42e4-b2ac-02ba3ecca52c,Role 1,2012-03-03 19:39:16.244610753,627,1,res_7848a1c1-2878-42e4-b2ac-02ba3ecca52c,2012-03-03 19:37:35.072775753,0.0
Case864,W_Afhandelen leads,res_7848a1c1-2878-42e4-b2ac-02ba3ecca52c,Role 1,2012-03-03 11:54:50.742254243,627,0,res_7848a1c1-2878-42e4-b2ac-02ba3ecca52c,2012-03-03 11:51:38.474839243,0.0
Case864,W_Completeren aanvraag,res_177ed8cb-552b-4612-b348-20f464d6e7e5,Role 1,2012-03-03 13:10:56.280871343,630,1,res_177ed8cb-552b-4612-b348-20f464d6e7e5,2012-03-03 13:08:37.853361343,0.0
Case865,W_Afhandelen leads,res_8435ed72-5b45-4de1-a40d-2e20f14bd3c6,Role 1,2012-03-03 11:58:23.079806742,628,0,res_8435ed72-5b45-4de1-a40d-2e20f14bd3c6,2012-03-03 11:55:11.045868742,0.0
Case865,W_Completeren aanvraag,res_ddc79bf3-8255-4b9b-ace2-8a46af780bc5,Role 1,2012-03-03 13:14:05.182096842,629,1,res_ddc79bf3-8255-4b9b-ace2-8a46af780bc5,2012-03-03 13:11:46.621554842,0.0
Case865,W_Nabellen offertes,res_69f394fc-b099-49f7-8f4e-cce94cd03365,Role 1,2012-03-10 08:33:21.386335542,617,1,res_69f394fc-b099-49f7-8f4e-cce94cd03365,2012-03-10 08:31:35.909469542,0.0
Case866,W_Completeren aanvraag,res_9e7fccd4-b30d-488c-ad55-351ad1a60226,Role 1,2012-03-03 12:03:27.957712646,629,1,res_9e7fccd4-b30d-488c-ad55-351ad1a60226,2012-03-03 12:00:47.532711646,0.0
Case866,W_Nabellen offertes,res_ddc79bf3-8255-4b9b-ace2-8a46af780bc5,Role 1,2012-03-03 12:50:24.690384846,629,1,res_ddc79bf3-8255-4b9b-ace2-8a46af780bc5,2012-03-03 12:48:28.364709846,0.02564102564102564
Case866,W_Nabellen offertes,res_6f56bab9-a4f7-420f-96ab-b17cd82647c1,Role 1,2012-03-12 00:44:04.464907446,604,1,res_6f56bab9-a4f7-420f-96ab-b17cd82647c1,2012-03-12 00:37:04.955558446,0.0
Case866,W_Nabellen offertes,res_9e7fccd4-b30d-488c-ad55-351ad1a60226,Role 1,2012-03-14 10:50:43.499298646,618,1,res_9e7fccd4-b30d-488c-ad55-351ad1a60226,2012-03-14 10:48:45.318000646,0.0
Case867,W_Completeren aanvraag,res_c6ff2914-8075-4a61-b381-b682f6eb47de,Role 1,2012-03-03 12:08:03.601122303,630,1,res_c6ff2914-8075-4a61-b381-b682f6eb47de,2012-03-03 12:05:23.572816303,0.0
Case867,W_Nabellen offertes,res_a7efadcf-4796-49e4-a611-9f847fa3b6b3,Role 1,2012-03-03 12:54:44.952777103,629,1,res_a7efadcf-4796-49e4-a611-9f847fa3b6b3,2012-03-03 12:52:48.587710103,0.0
Case867,W_Nabellen offertes,res_46a776b0-74ef-429c-befa-758731ba64c1,Role 1,2012-03-12 01:03:20.040222703,604,1,res_46a776b0-74ef-429c-befa-758731ba64c1,2012-03-12 00:56:12.168157703,0.0
Case867,W_Nabellen offertes,res_ddc79bf3-8255-4b9b-ace2-8a46af780bc5,Role 1,2012-03-14 11:13:48.823098003,617,1,res_ddc79bf3-8255-4b9b-ace2-8a46af780bc5,2012-03-14 11:11:52.121149003,0.0
Case867,W_Nabellen offertes,res_9548f08a-bc89-4837-8ec2-cdb10b4e93b0,Role 1,2012-03-15 23:17:02.876419803,591,1,res_9548f08a-bc89-4837-8ec2-cdb10b4e93b0,2012-03-15 23:15:30.116663803,0.0
Case868,W_Afhandelen leads,res_63d2fda6-0454-4ad2-8b55-d59c9622a8ed,Role 1,2012-03-03 12:17:46.581999618,631,0,res_63d2fda6-0454-4ad2-8b55-d59c9622a8ed,2012-03-03 12:14:35.653025618,0.0
Case868,W_Completeren aanvraag,res_a6c40c08-3f7b-4865-a717-e7f1f1b6f98b,Role 1,2012-03-03 13:31:32.232511018,630,1,res_a6c40c08-3f7b-4865-a717-e7f1f1b6f98b,2012-03-03 13:29:12.910391018,0.0
Case869,W_Completeren aanvraag,res_d5418cc0-ed10-4016-ac16-0bc32f58673f,Role 1,2012-03-03 12:21:54.691488825,632,1,res_d5418cc0-ed10-4016-ac16-0bc32f58673f,2012-03-03 12:19:15.722912825,0.0
Case87,W_Afhandelen leads,res_ddc79bf3-8255-4b9b-ace2-8a46af780bc5,Role 1,2012-02-15 11:20:06.993272633,551,0,res_ddc79bf3-8255-4b9b-ace2-8a46af780bc5,2012-02-15 11:16:59.784617633,0.0
Case87,W_Completeren aanvraag,res_42f40199-b27a-43f0-a89c-188ab6bfaf36,Role 1,2012-02-15 12:34:52.110348633,554,1,res_42f40199-b27a-43f0-a89c-188ab6bfaf36,2012-02-15 12:32:17.613995633,0.0
Case870,W_Completeren aanvraag,res_dcb46f81-367a-42ae-96c2-833faef25480,Role 1,2012-03-03 12:39:58.797252344,630,1,res_dcb46f81-367a-42ae-96c2-833faef25480,2012-03-03 12:37:20.741864344,0.0
Case871,W_Afhandelen leads,res_75b73935-48c2-4abe-9548-628b120b0d25,Role 1,2012-03-03 12:58:16.624756026,630,0,res_75b73935-48c2-4abe-9548-628b120b0d25,2012-03-03 12:55:08.634240026,0.02564102564102564
Case871,W_Completeren aanvraag,res_31f16881-0e61-460a-88bc-abc46854faba,Role 1,2012-03-03 14:08:53.909800726,630,1,res_31f16881-0e61-460a-88bc-abc46854faba,2012-03-03 14:06:33.118780726,0.0
Case872,W_Afhandelen leads,res_3e93a9a9-cdc4-46ed-8b29-3e63e6d2a9a2,Role 1,2012-03-03 13:22:15.490693647,630,0,res_3e93a9a9-cdc4-46ed-8b29-3e63e6d2a9a2,2012-03-03 13:19:06.259164647,0.0
Case872,W_Completeren aanvraag,res_5c0494f5-5178-4b1a-9a41-59b27da90a66,Role 1,2012-03-03 14:31:32.357414247,631,1,res_5c0494f5-5178-4b1a-9a41-59b27da90a66,2012-03-03 14:29:10.109715247,0.0
Case873,W_Completeren aanvraag,res_c6ff2914-8075-4a61-b381-b682f6eb47de,Role 1,2012-03-03 13:22:13.474633408,631,1,res_c6ff2914-8075-4a61-b381-b682f6eb47de,2012-03-03 13:19:37.489979408,0.02564102564102564
Case874,W_Afhandelen leads,res_46a776b0-74ef-429c-befa-758731ba64c1,Role 1,2012-03-03 13:45:40.928705870,630,0,res_46a776b0-74ef-429c-befa-758731ba64c1,2012-03-03 13:42:31.645828870,0.0
Case874,W_Completeren aanvraag,res_69f394fc-b099-49f7-8f4e-cce94cd03365,Role 1,2012-03-03 14:53:53.079316770,630,1,res_69f394fc-b099-49f7-8f4e-cce94cd03365,2012-03-03 14:51:29.690763770,0.0
Case874,W_Nabellen offertes,res_ddc79bf3-8255-4b9b-ace2-8a46af780bc5,Role 1,2012-03-10 17:45:43.743524070,621,1,res_ddc79bf3-8255-4b9b-ace2-8a46af780bc5,2012-03-10 17:43:46.452424070,0.0
Case875,W_Afhandelen leads,res_63d2fda6-0454-4ad2-8b55-d59c9622a8ed,Role 1,2012-03-03 14:22:20.828563393,630,0,res_63d2fda6-0454-4ad2-8b55-d59c9622a8ed,2012-03-03 14:19:10.899655393,0.0
Case875,W_Completeren aanvraag,res_d5418cc0-ed10-4016-ac16-0bc32f58673f,Role 1,2012-03-03 15:29:25.515385693,631,2,res_d5418cc0-ed10-4016-ac16-0bc32f58673f,2012-03-03 15:27:03.694916693,0.02564102564102564
Case876,W_Afhandelen leads,res_9e7fccd4-b30d-488c-ad55-351ad1a60226,Role 1,2012-03-03 14:22:47.505350341,631,1,res_9e7fccd4-b30d-488c-ad55-351ad1a60226,2012-03-03 14:19:47.167698341,0.02564102564102564
Case876,W_Completeren aanvraag,res_fa3ac963-7739-40ef-84e6-624c11774546,Role 1,2012-03-03 15:29:33.357507641,631,3,res_fa3ac963-7739-40ef-84e6-624c11774546,2012-03-03 15:27:17.680222641,0.05128205128205128
Case876,W_Completeren aanvraag,res_ee4279a0-2b97-4f9d-9945-00c80ada4a95,Role 1,2012-03-03 22:49:06.811082341,623,1,res_ee4279a0-2b97-4f9d-9945-00c80ada4a95,2012-03-03 22:47:21.351223341,0.0
Case877,W_Completeren aanvraag,res_7a10508e-56ae-4766-abd2-e94c8442b539,Role 1,2012-03-03 15:22:34.060178087,631,1,res_7a10508e-56ae-4766-abd2-e94c8442b539,2012-03-03 15:19:51.808189087,0.0
Case877,W_Completeren aanvraag,res_63d2fda6-0454-4ad2-8b55-d59c9622a8ed,Role 1,2012-03-03 16:28:41.041050787,629,1,res_63d2fda6-0454-4ad2-8b55-d59c9622a8ed,2012-03-03 16:26:15.686653787,0.0
Case878,W_Afhandelen leads,res_9e7fccd4-b30d-488c-ad55-351ad1a60226,Role 1,2012-03-03 16:50:09.575252192,629,0,res_9e7fccd4-b30d-488c-ad55-351ad1a60226,2012-03-03 16:46:55.413819192,0.0
Case878,W_Completeren aanvraag,res_9548f08a-bc89-4837-8ec2-cdb10b4e93b0,Role 1,2012-03-03 17:58:58.434735392,629,1,res_9548f08a-bc89-4837-8ec2-cdb10b4e93b0,2012-03-03 17:56:26.166675392,0.0
Case878,W_Nabellen offertes,res_ee4279a0-2b97-4f9d-9945-00c80ada4a95,Role 1,2012-03-10 17:45:11.066368492,620,1,res_ee4279a0-2b97-4f9d-9945-00c80ada4a95,2012-03-10 17:43:13.548356492,0.0
Case878,W_Nabellen offertes,res_ddc79bf3-8255-4b9b-ace2-8a46af780bc5,Role 1,2012-03-13 14:31:01.962574092,611,1,res_ddc79bf3-8255-4b9b-ace2-8a46af780bc5,2012-03-13 14:29:25.526320092,0.0
Case878,W_Nabellen offertes,res_9e7fccd4-b30d-488c-ad55-351ad1a60226,Role 1,2012-03-15 02:46:54.752520492,608,1,res_9e7fccd4-b30d-488c-ad55-351ad1a60226,2012-03-15 02:44:47.643524492,0.0
Case879,W_Afhandelen leads,res_31f16881-0e61-460a-88bc-abc46854faba,Role 1,2012-03-03 17:25:00.777859872,629,0,res_31f16881-0e61-460a-88bc-abc46854faba,2012-03-03 17:21:45.863516872,0.0
Case879,W_Completeren aanvraag,res_8435ed72-5b45-4de1-a40d-2e20f14bd3c6,Role 1,2012-03-03 18:36:33.446774972,628,1,res_8435ed72-5b45-4de1-a40d-2e20f14bd3c6,2012-03-03 18:33:59.883413972,0.0
Case879,W_Nabellen offertes,res_8435ed72-5b45-4de1-a40d-2e20f14bd3c6,Role 1,2012-03-10 18:22:47.736705772,620,1,res_8435ed72-5b45-4de1-a40d-2e20f14bd3c6,2012-03-10 18:20:43.377478772,0.0
Case88,W_Afhandelen leads,res_ee4279a0-2b97-4f9d-9945-00c80ada4a95,Role 1,2012-02-15 11:20:49.413366779,552,1,res_ee4279a0-2b97-4f9d-9945-00c80ada4a95,2012-02-15 11:17:52.171790779,0.02564102564102564
Case88,W_Completeren aanvraag,res_f664dcd9-d4b7-456f-a1f7-9daea9e497fd,Role 1,2012-02-15 12:37:05.885418979,555,2,res_f664dcd9-d4b7-456f-a1f7-9daea9e497fd,2012-02-15 12:34:36.972141979,0.05128205128205128
Case88,W_Completeren aanvraag,res_3e93a9a9-cdc4-46ed-8b29-3e63e6d2a9a2,Role 1,2012-02-15 16:23:28.241877779,561,1,res_3e93a9a9-cdc4-46ed-8b29-3e63e6d2a9a2,2012-02-15 16:21:11.546403779,0.0
Case880,W_Completeren aanvraag,res_0eb69d82-9670-4fe3-a195-9d055d280321,Role 1,2012-03-04 11:31:39.328612038,613,1,res_0eb69d82-9670-4fe3-a195-9d055d280321,2012-03-04 11:29:03.005769038,0.0
Case881,W_Completeren aanvraag,res_f612d14e-303a-4d03-a37a-3b98918a5014,Role 1,2012-03-04 12:01:25.853430487,613,1,res_f612d14e-303a-4d03-a37a-3b98918a5014,2012-03-04 11:58:51.221775487,0.0
Case882,W_Completeren aanvraag,res_69f394fc-b099-49f7-8f4e-cce94cd03365,Role 1,2012-03-04 12:32:01.718764170,613,1,res_69f394fc-b099-49f7-8f4e-cce94cd03365,2012-03-04 12:29:28.802618170,0.0
Case882,W_Nabellen offertes,res_f612d14e-303a-4d03-a37a-3b98918a5014,Role 1,2012-03-04 13:16:49.994534370,613,1,res_f612d14e-303a-4d03-a37a-3b98918a5014,2012-03-04 13:14:46.018779370,0.0
Case883,W_Afhandelen leads,res_6f56bab9-a4f7-420f-96ab-b17cd82647c1,Role 1,2012-03-05 10:42:43.039966496,605,0,res_6f56bab9-a4f7-420f-96ab-b17cd82647c1,2012-03-05 10:39:50.735363496,0.02564102564102564
Case883,W_Completeren aanvraag,res_6f56bab9-a4f7-420f-96ab-b17cd82647c1,Role 1,2012-03-05 13:00:21.288883696,613,1,res_6f56bab9-a4f7-420f-96ab-b17cd82647c1,2012-03-05 12:58:02.514826696,0.0
Case883,W_Nabellen offertes,res_a7efadcf-4796-49e4-a611-9f847fa3b6b3,Role 1,2012-03-07 06:21:26.561979596,626,1,res_a7efadcf-4796-49e4-a611-9f847fa3b6b3,2012-03-07 06:19:06.698781596,0.0
Case883,W_Nabellen offertes,res_e30a7ff2-fdff-43e2-93a6-f30f7d1f4d80,Role 1,2012-03-11 21:36:58.126441396,604,1,res_e30a7ff2-fdff-43e2-93a6-f30f7d1f4d80,2012-03-11 21:33:50.703174396,0.0
Case884,W_Afhandelen leads,res_24e554c7-8afb-451c-a96e-dea7923be74d,Role 1,2012-03-05 11:41:03.591748674,605,0,res_24e554c7-8afb-451c-a96e-dea7923be74d,2012-03-05 11:38:08.586616674,0.0
Case884,W_Completeren aanvraag,res_46a776b0-74ef-429c-befa-758731ba64c1,Role 1,2012-03-05 13:38:09.707953074,615,1,res_46a776b0-74ef-429c-befa-758731ba64c1,2012-03-05 13:35:49.032095074,0.0
Case884,W_Nabellen offertes,res_7a10508e-56ae-4766-abd2-e94c8442b539,Role 1,2012-03-07 15:42:16.496281674,624,1,res_7a10508e-56ae-4766-abd2-e94c8442b539,2012-03-07 15:39:38.691737674,0.0
Case885,W_Afhandelen leads,res_177ed8cb-552b-4612-b348-20f464d6e7e5,Role 1,2012-03-05 11:43:34.999575026,606,1,res_177ed8cb-552b-4612-b348-20f464d6e7e5,2012-03-05 11:40:48.770473026,0.02564102564102564
Case885,W_Completeren aanvraag,res_cd801f30-7ddb-4e0a-8319-c3bbd19d3bc0,Role 1,2012-03-05 13:39:35.412241026,615,2,res_cd801f30-7ddb-4e0a-8319-c3bbd19d3bc0,2012-03-05 13:37:17.269524026,0.02564102564102564
Case885,W_Nabellen offertes,res_501654f1-1e08-4e04-8b11-a5fd18a76e7d,Role 1,2012-03-07 16:47:05.019548726,623,1,res_501654f1-1e08-4e04-8b11-a5fd18a76e7d,2012-03-07 16:44:41.349331726,0.0
Case885,W_Nabellen offertes,res_177ed8cb-552b-4612-b348-20f464d6e7e5,Role 1,2012-03-11 18:12:35.273246226,605,1,res_177ed8cb-552b-4612-b348-20f464d6e7e5,2012-03-11 18:08:31.737729226,0.0
Case885,W_Nabellen offertes,res_c3a01281-6e48-4ea3-a47a-9410360458be,Role 1,2012-03-13 19:13:09.412541926,630,1,res_c3a01281-6e48-4ea3-a47a-9410360458be,2012-03-13 19:11:27.183865926,0.0
Case885,W_Nabellen offertes,res_c6ff2914-8075-4a61-b381-b682f6eb47de,Role 1,2012-03-15 09:49:56.954288026,598,1,res_c6ff2914-8075-4a61-b381-b682f6eb47de,2012-03-15 09:47:55.764862026,0.0
Case886,W_Completeren aanvraag,res_69f394fc-b099-49f7-8f4e-cce94cd03365,Role 1,2012-03-05 11:50:04.872002638,607,1,res_69f394fc-b099-49f7-8f4e-cce94cd03365,2012-03-05 11:47:32.756173638,0.0
Case886,W_Nabellen offertes,res_42f40199-b27a-43f0-a89c-188ab6bfaf36,Role 1,2012-03-05 12:34:43.950669637,612,1,res_42f40199-b27a-43f0-a89c-188ab6bfaf36,2012-03-05 12:32:29.882855637,0.0
Case886,W_Nabellen offertes,res_63d2fda6-0454-4ad2-8b55-d59c9622a8ed,Role 1,2012-03-13 03:52:04.682313438,594,1,res_63d2fda6-0454-4ad2-8b55-d59c9622a8ed,2012-03-13 03:49:31.793173438,0.0
Case887,W_Afhandelen leads,res_9548f08a-bc89-4837-8ec2-cdb10b4e93b0,Role 1,2012-03-05 11:54:34.614191810,608,0,res_9548f08a-bc89-4837-8ec2-cdb10b4e93b0,2012-03-05 11:51:39.580354810,0.0
Case887,W_Completeren aanvraag,res_a6c40c08-3f7b-4865-a717-e7f1f1b6f98b,Role 1,2012-03-05 13:47:50.140185210,614,1,res_a6c40c08-3f7b-4865-a717-e7f1f1b6f98b,2012-03-05 13:45:29.070807210,0.0
Case887,W_Completeren aanvraag,res_a6c40c08-3f7b-4865-a717-e7f1f1b6f98b,Role 1,2012-03-05 17:02:32.413152810,623,2,res_a6c40c08-3f7b-4865-a717-e7f1f1b6f98b,2012-03-05 17:00:22.652976810,0.02564102564102564
Case888,W_Afhandelen leads,res_8435ed72-5b45-4de1-a40d-2e20f14bd3c6,Role 1,2012-03-05 11:59:48.938657690,609,0,res_8435ed72-5b45-4de1-a40d-2e20f14bd3c6,2012-03-05 11:56:53.903393690,0.0
Case888,W_Completeren aanvraag,res_f3a5d8a5-7894-4471-8b15-4aeaf83a4249,Role 1,2012-03-05 13:50:41.216907390,614,1,res_f3a5d8a5-7894-4471-8b15-4aeaf83a4249,2012-03-05 13:48:19.998143390,0.0
Case889,W_Completeren aanvraag,res_a6c40c08-3f7b-4865-a717-e7f1f1b6f98b,Role 1,2012-03-05 12:04:46.141984032,610,1,res_a6c40c08-3f7b-4865-a717-e7f1f1b6f98b,2012-03-05 12:02:15.278552032,0.0
Case889,W_Nabellen offertes,res_63d2fda6-0454-4ad2-8b55-d59c9622a8ed,Role 1,2012-03-05 12:48:49.575329332,614,1,res_63d2fda6-0454-4ad2-8b55-d59c9622a8ed,2012-03-05 12:46:34.823349332,0.02564102564102564
Case89,W_Afhandelen leads,res_f612d14e-303a-4d03-a37a-3b98918a5014,Role 1,2012-02-15 11:37:52.564634677,553,0,res_f612d14e-303a-4d03-a37a-3b98918a5014,2012-02-15 11:34:46.669547677,0.0
Case89,W_Completeren aanvraag,res_c3a01281-6e48-4ea3-a47a-9410360458be,Role 1,2012-02-15 12:49:25.104778677,554,1,res_c3a01281-6e48-4ea3-a47a-9410360458be,2012-02-15 12:46:50.608203677,0.0
Case89,W_Nabellen offertes,res_f664dcd9-d4b7-456f-a1f7-9daea9e497fd,Role 1,2012-02-16 20:57:07.821260177,581,1,res_f664dcd9-d4b7-456f-a1f7-9daea9e497fd,2012-02-16 20:55:15.177466177,0.02564102564102564
Case890,W_Completeren aanvraag,res_85f526bd-1f2c-4373-8dcc-9710ee98b7b2,Role 1,2012-03-05 12:09:20.777898052,611,1,res_85f526bd-1f2c-4373-8dcc-9710ee98b7b2,2012-03-05 12:06:50.311211052,0.0
Case890,W_Completeren aanvraag,res_69f394fc-b099-49f7-8f4e-cce94cd03365,Role 1,2012-03-05 13:55:25.991483652,615,1,res_69f394fc-b099-49f7-8f4e-cce94cd03365,2012-03-05 13:53:08.700319652,0.0
Case890,W_Nabellen offertes,res_f3a5d8a5-7894-4471-8b15-4aeaf83a4249,Role 1,2012-03-07 19:44:43.530917152,628,1,res_f3a5d8a5-7894-4471-8b15-4aeaf83a4249,2012-03-07 19:42:40.191600152,0.0
Case891,W_Completeren aanvraag,res_f3a5d8a5-7894-4471-8b15-4aeaf83a4249,Role 1,2012-03-05 12:14:41.693753394,612,1,res_f3a5d8a5-7894-4471-8b15-4aeaf83a4249,2012-03-05 12:12:11.686369394,0.0
Case891,W_Nabellen offertes,res_e30a7ff2-fdff-43e2-93a6-f30f7d1f4d80,Role 1,2012-03-05 12:58:18.284552794,614,1,res_e30a7ff2-fdff-43e2-93a6-f30f7d1f4d80,2012-03-05 12:56:03.090059794,0.0
Case892,W_Completeren aanvraag,res_8435ed72-5b45-4de1-a40d-2e20f14bd3c6,Role 1,2012-03-05 12:20:11.665235472,613,1,res_8435ed72-5b45-4de1-a40d-2e20f14bd3c6,2012-03-05 12:17:42.128538472,0.0
Case892,W_Nabellen offertes,res_408aec04-fa16-4916-b3c7-40322d591997,Role 1,2012-03-05 13:03:28.970135572,614,2,res_408aec04-fa16-4916-b3c7-40322d591997,2012-03-05 13:01:15.995214572,0.05128205128205128
Case892,W_Nabellen offertes,res_408aec04-fa16-4916-b3c7-40322d591997,Role 1,2012-03-13 06:47:14.828644872,602,2,res_408aec04-fa16-4916-b3c7-40322d591997,2012-03-13 06:45:19.679323872,0.02564102564102564
Case893,W_Completeren aanvraag,res_9548f08a-bc89-4837-8ec2-cdb10b4e93b0,Role 1,2012-03-05 12:27:06.178988097,613,1,res_9548f08a-bc89-4837-8ec2-cdb10b4e93b0,2012-03-05 12:24:37.196141097,0.0
Case894,W_Afhandelen leads,res_8435ed72-5b45-4de1-a40d-2e20f14bd3c6,Role 1,2012-03-05 12:32:12.606453579,613,0,res_8435ed72-5b45-4de1-a40d-2e20f14bd3c6,2012-03-05 12:29:19.280919579,0.02564102564102564
Case894,W_Completeren aanvraag,res_425ded41-e317-4198-891a-d9f3e32a6030,Role 1,2012-03-05 14:05:37.668021679,615,1,res_425ded41-e317-4198-891a-d9f3e32a6030,2012-03-05 14:03:15.869138679,0.0
Case894,W_Completeren aanvraag,res_85f526bd-1f2c-4373-8dcc-9710ee98b7b2,Role 1,2012-03-05 17:06:41.436886479,622,1,res_85f526bd-1f2c-4373-8dcc-9710ee98b7b2,2012-03-05 17:04:30.662456479,0.0
Case895,W_Completeren aanvraag,res_fa3ac963-7739-40ef-84e6-624c11774546,Role 1,2012-03-05 12:37:22.920119845,614,1,res_fa3ac963-7739-40ef-84e6-624c11774546,2012-03-05 12:34:54.760316845,0.0
Case895,W_Nabellen offertes,res_9548f08a-bc89-4837-8ec2-cdb10b4e93b0,Role 1,2012-03-05 13:19:40.456539845,616,1,res_9548f08a-bc89-4837-8ec2-cdb10b4e93b0,2012-03-05 13:17:23.950949845,0.02564102564102564
Case896,W_Completeren aanvraag,res_ddc79bf3-8255-4b9b-ace2-8a46af780bc5,Role 1,2012-03-05 12:42:15.720956339,614,1,res_ddc79bf3-8255-4b9b-ace2-8a46af780bc5,2012-03-05 12:39:47.926997339,0.0
Case897,W_Afhandelen leads,res_9e7fccd4-b30d-488c-ad55-351ad1a60226,Role 1,2012-03-05 12:43:12.371080099,615,0,res_9e7fccd4-b30d-488c-ad55-351ad1a60226,2012-03-05 12:40:19.157812099,0.02564102564102564
Case897,W_Completeren aanvraag,res_408aec04-fa16-4916-b3c7-40322d591997,Role 1,2012-03-05 14:07:31.357810599,616,2,res_408aec04-fa16-4916-b3c7-40322d591997,2012-03-05 14:05:11.193576599,0.02564102564102564
Case897,W_Nabellen offertes,res_31f16881-0e61-460a-88bc-abc46854faba,Role 1,2012-03-07 14:54:20.167856099,625,1,res_31f16881-0e61-460a-88bc-abc46854faba,2012-03-07 14:51:32.071396099,0.0
Case898,W_Afhandelen leads,res_f664dcd9-d4b7-456f-a1f7-9daea9e497fd,Role 1,2012-03-05 12:49:58.438473986,614,0,res_f664dcd9-d4b7-456f-a1f7-9daea9e497fd,2012-03-05 12:47:05.158403986,0.02564102564102564
Case898,W_Completeren aanvraag,res_c6ff2914-8075-4a61-b381-b682f6eb47de,Role 1,2012-03-05 14:13:40.827360086,616,2,res_c6ff2914-8075-4a61-b381-b682f6eb47de,2012-03-05 14:11:20.459157086,0.02564102564102564
Case899,W_Completeren aanvraag,res_cd801f30-7ddb-4e0a-8319-c3bbd19d3bc0,Role 1,2012-03-05 12:58:34.821788564,614,1,res_cd801f30-7ddb-4e0a-8319-c3bbd19d3bc0,2012-03-05 12:56:08.171602564,0.0
Case899,W_Nabellen offertes,res_f3a5d8a5-7894-4471-8b15-4aeaf83a4249,Role 1,2012-03-05 13:38:24.781985864,615,1,res_f3a5d8a5-7894-4471-8b15-4aeaf83a4249,2012-03-05 13:36:07.331941864,0.0
Case899,W_Nabellen offertes,res_5c0494f5-5178-4b1a-9a41-59b27da90a66,Role 1,2012-03-13 14:14:13.738048364,625,1,res_5c0494f5-5178-4b1a-9a41-59b27da90a66,2012-03-13 14:12:33.873251364,0.0
Case899,W_Nabellen offertes,res_ddc79bf3-8255-4b9b-ace2-8a46af780bc5,Role 1,2012-03-15 11:24:48.965807464,597,1,res_ddc79bf3-8255-4b9b-ace2-8a46af780bc5,2012-03-15 11:22:49.808513464,0.0
Case9,W_Afhandelen leads,res_2f56cb7e-3c7c-424a-95d0-d464cdf4e447,Role 1,2012-02-14 08:08:43.454450904,524,0,res_2f56cb7e-3c7c-424a-95d0-d464cdf4e447,2012-02-14 08:05:40.396266904,0.0
Case9,W_Completeren aanvraag,res_8435ed72-5b45-4de1-a40d-2e20f14bd3c6,Role 1,2012-02-14 10:43:26.534647004,539,1,res_8435ed72-5b45-4de1-a40d-2e20f14bd3c6,2012-02-14 10:41:02.162613004,0.0
Case90,W_Completeren aanvraag,res_c3a01281-6e48-4ea3-a47a-9410360458be,Role 1,2012-02-15 11:52:11.860390533,553,1,res_c3a01281-6e48-4ea3-a47a-9410360458be,2012-02-15 11:49:36.244045533,0.0
Case900,W_Completeren aanvraag,res_e30a7ff2-fdff-43e2-93a6-f30f7d1f4d80,Role 1,2012-03-05 13:05:52.571713849,615,1,res_e30a7ff2-fdff-43e2-93a6-f30f7d1f4d80,2012-03-05 13:03:26.410454849,0.0
Case900,W_Completeren aanvraag,res_ddc79bf3-8255-4b9b-ace2-8a46af780bc5,Role 1,2012-03-05 14:22:14.048184449,616,1,res_ddc79bf3-8255-4b9b-ace2-8a46af780bc5,2012-03-05 14:19:55.089987449,0.02564102564102564
Case900,W_Completeren aanvraag,res_7cc6cf66-7797-453d-b952-98449834316b,Role 1,2012-03-05 17:09:02.517844649,622,1,res_7cc6cf66-7797-453d-b952-98449834316b,2012-03-05 17:06:54.654900649,0.0
Case900,W_Nabellen offertes,res_c6ff2914-8075-4a61-b381-b682f6eb47de,Role 1,2012-03-06 17:03:08.638465549,631,2,res_c6ff2914-8075-4a61-b381-b682f6eb47de,2012-03-06 17:01:18.853977549,0.02564102564102564
Case901,W_Completeren aanvraag,res_425ded41-e317-4198-891a-d9f3e32a6030,Role 1,2012-03-05 13:14:10.743352380,616,1,res_425ded41-e317-4198-891a-d9f3e32a6030,2012-03-05 13:11:45.096045380,0.0
Case901,W_Nabellen offertes,res_5c0494f5-5178-4b1a-9a41-59b27da90a66,Role 1,2012-03-05 13:52:41.427179480,615,1,res_5c0494f5-5178-4b1a-9a41-59b27da90a66,2012-03-05 13:50:23.263296480,0.0
Case902,W_Completeren aanvraag,res_e30a7ff2-fdff-43e2-93a6-f30f7d1f4d80,Role 1,2012-03-05 13:21:22.551065839,616,1,res_e30a7ff2-fdff-43e2-93a6-f30f7d1f4d80,2012-03-05 13:18:57.290223839,0.0
Case903,W_Completeren aanvraag,res_b5ab845a-5020-427e-b6f1-42df333cb3fb,Role 1,2012-03-05 13:31:50.697942600,616,1,res_b5ab845a-5020-427e-b6f1-42df333cb3fb,2012-03-05 13:29:25.936301600,0.0
Case904,W_Afhandelen leads,res_ee4279a0-2b97-4f9d-9945-00c80ada4a95,Role 1,2012-03-05 13:42:48.365616360,615,0,res_ee4279a0-2b97-4f9d-9945-00c80ada4a95,2012-03-05 13:39:54.582379360,0.02564102564102564
Case904,W_Completeren aanvraag,res_2f56cb7e-3c7c-424a-95d0-d464cdf4e447,Role 1,2012-03-05 14:46:42.861215260,616,1,res_2f56cb7e-3c7c-424a-95d0-d464cdf4e447,2012-03-05 14:44:18.944584260,0.0
Case904,W_Completeren aanvraag,res_6f56bab9-a4f7-420f-96ab-b17cd82647c1,Role 1,2012-03-05 16:41:41.864453960,623,1,res_6f56bab9-a4f7-420f-96ab-b17cd82647c1,2012-03-05 16:39:31.385644960,0.05128205128205128
Case904,W_Completeren aanvraag,res_7a10508e-56ae-4766-abd2-e94c8442b539,Role 1,2012-03-05 17:31:50.313316559,620,1,res_7a10508e-56ae-4766-abd2-e94c8442b539,2012-03-05 17:30:01.807132560,0.0
Case904,W_Nabellen offertes,res_42f40199-b27a-43f0-a89c-188ab6bfaf36,Role 1,2012-03-05 21:41:51.873361760,629,1,res_42f40199-b27a-43f0-a89c-188ab6bfaf36,2012-03-05 21:40:13.164611760,0.05128205128205128
Case904,W_Nabellen offertes,res_b5ab845a-5020-427e-b6f1-42df333cb3fb,Role 1,2012-03-09 18:03:23.902913260,617,1,res_b5ab845a-5020-427e-b6f1-42df333cb3fb,2012-03-09 17:51:33.757867260,0.0
Case904,W_Nabellen offertes,res_63d2fda6-0454-4ad2-8b55-d59c9622a8ed,Role 1,2012-03-11 19:27:25.187827360,605,1,res_63d2fda6-0454-4ad2-8b55-d59c9622a8ed,2012-03-11 19:25:23.217093360,0.0
Case905,W_Completeren aanvraag,res_5c0494f5-5178-4b1a-9a41-59b27da90a66,Role 1,2012-03-05 13:43:04.560301231,616,2,res_5c0494f5-5178-4b1a-9a41-59b27da90a66,2012-03-05 13:40:44.954661231,0.05128205128205128
Case905,W_Completeren aanvraag,res_fa3ac963-7739-40ef-84e6-624c11774546,Role 1,2012-03-05 14:48:06.743772131,616,2,res_fa3ac963-7739-40ef-84e6-624c11774546,2012-03-05 14:45:49.505946131,0.02564102564102564
Case906,W_Afhandelen leads,res_177ed8cb-552b-4612-b348-20f464d6e7e5,Role 1,2012-03-05 13:51:41.552695838,616,0,res_177ed8cb-552b-4612-b348-20f464d6e7e5,2012-03-05 13:48:49.536012838,0.05128205128205128
Case906,W_Completeren aanvraag,res_425ded41-e317-4198-891a-d9f3e32a6030,Role 1,2012-03-05 14:55:08.858276838,618,2,res_425ded41-e317-4198-891a-d9f3e32a6030,2012-03-05 14:52:47.198437838,0.02564102564102564
Case907,W_Completeren aanvraag,res_a6c40c08-3f7b-4865-a717-e7f1f1b6f98b,Role 1,2012-03-05 13:57:55.949365362,616,2,res_a6c40c08-3f7b-4865-a717-e7f1f1b6f98b,2012-03-05 13:55:36.544050362,0.02564102564102564
Case908,W_Completeren aanvraag,res_c09d353e-d1d3-4710-a13d-39ecb25ed3a8,Role 1,2012-03-05 14:05:53.703852957,616,1,res_c09d353e-d1d3-4710-a13d-39ecb25ed3a8,2012-03-05 14:03:30.043499957,0.0
Case908,W_Nabellen offertes,res_63d2fda6-0454-4ad2-8b55-d59c9622a8ed,Role 1,2012-03-05 14:38:06.925918957,617,1,res_63d2fda6-0454-4ad2-8b55-d59c9622a8ed,2012-03-05 14:35:46.539985957,0.02564102564102564
Case909,W_Afhandelen leads,res_425ded41-e317-4198-891a-d9f3e32a6030,Role 1,2012-03-05 14:14:49.468853038,616,0,res_425ded41-e317-4198-891a-d9f3e32a6030,2012-03-05 14:11:52.758873038,0.0
Case909,W_Completeren aanvraag,res_408aec04-fa16-4916-b3c7-40322d591997,Role 1,2012-03-05 15:14:20.765014338,620,1,res_408aec04-fa16-4916-b3c7-40322d591997,2012-03-05 15:11:56.202298338,0.02564102564102564
Case91,W_Afhandelen leads,res_d5418cc0-ed10-4016-ac16-0bc32f58673f,Role 1,2012-02-15 12:07:53.362730050,553,0,res_d5418cc0-ed10-4016-ac16-0bc32f58673f,2012-02-15 12:04:48.989793050,0.0
Case91,W_Completeren aanvraag,res_c3a01281-6e48-4ea3-a47a-9410360458be,Role 1,2012-02-15 13:16:13.610799750,555,1,res_c3a01281-6e48-4ea3-a47a-9410360458be,2012-02-15 13:13:39.078555750,0.0
Case91,W_Completeren aanvraag,res_425ded41-e317-4198-891a-d9f3e32a6030,Role 1,2012-02-15 16:45:46.325779950,560,1,res_425ded41-e317-4198-891a-d9f3e32a6030,2012-02-15 16:43:27.450912950,0.0
Case910,W_Completeren aanvraag,res_a6c40c08-3f7b-4865-a717-e7f1f1b6f98b,Role 1,2012-03-05 14:23:38.307393727,616,1,res_a6c40c08-3f7b-4865-a717-e7f1f1b6f98b,2012-03-05 14:21:14.913538727,0.0
Case910,W_Nabellen offertes,res_5c0494f5-5178-4b1a-9a41-59b27da90a66,Role 1,2012-03-05 14:54:33.382109427,617,1,res_5c0494f5-5178-4b1a-9a41-59b27da90a66,2012-03-05 14:52:12.744686427,0.0
Case910,W_Nabellen offertes,res_7cc6cf66-7797-453d-b952-98449834316b,Role 1,2012-03-14 04:12:38.512441127,621,1,res_7cc6cf66-7797-453d-b952-98449834316b,2012-03-14 04:09:07.334208127,0.02564102564102564
Case911,W_Afhandelen leads,res_c3a01281-6e48-4ea3-a47a-9410360458be,Role 1,2012-03-05 14:34:07.760520452,617,0,res_c3a01281-6e48-4ea3-a47a-9410360458be,2012-03-05 14:31:10.313910452,0.0
Case911,W_Completeren aanvraag,res_c09d353e-d1d3-4710-a13d-39ecb25ed3a8,Role 1,2012-03-05 15:32:04.716444052,621,1,res_c09d353e-d1d3-4710-a13d-39ecb25ed3a8,2012-03-05 15:29:38.845130052,0.0
Case912,W_Completeren aanvraag,res_8435ed72-5b45-4de1-a40d-2e20f14bd3c6,Role 1,2012-03-05 14:43:10.475435164,617,3,res_8435ed72-5b45-4de1-a40d-2e20f14bd3c6,2012-03-05 14:40:54.632380164,0.05128205128205128
Case912,W_Completeren aanvraag,res_f3a5d8a5-7894-4471-8b15-4aeaf83a4249,Role 1,2012-03-05 15:40:26.654436464,620,1,res_f3a5d8a5-7894-4471-8b15-4aeaf83a4249,2012-03-05 15:38:06.563486464,0.0
Case912,W_Completeren aanvraag,res_fa3ac963-7739-40ef-84e6-624c11774546,Role 1,2012-03-05 17:13:05.624293264,622,3,res_fa3ac963-7739-40ef-84e6-624c11774546,2012-03-05 17:11:01.734799264,0.05128205128205128
Case912,W_Completeren aanvraag,res_24e554c7-8afb-451c-a96e-dea7923be74d,Role 1,2012-03-05 17:52:54.478292264,622,1,res_24e554c7-8afb-451c-a96e-dea7923be74d,2012-03-05 17:51:12.331639264,0.0
Case912,W_Completeren aanvraag,res_fa3ac963-7739-40ef-84e6-624c11774546,Role 1,2012-03-05 18:16:46.564875264,624,2,res_fa3ac963-7739-40ef-84e6-624c11774546,2012-03-05 18:15:11.367373264,0.05128205128205128
Case913,W_Completeren aanvraag,res_425ded41-e317-4198-891a-d9f3e32a6030,Role 1,2012-03-05 14:43:31.617243551,618,3,res_425ded41-e317-4198-891a-d9f3e32a6030,2012-03-05 14:41:15.788738551,0.05128205128205128
Case913,W_Completeren aanvraag,res_2f56cb7e-3c7c-424a-95d0-d464cdf4e447,Role 1,2012-03-05 15:41:10.457671851,620,2,res_2f56cb7e-3c7c-424a-95d0-d464cdf4e447,2012-03-05 15:38:52.519820851,0.02564102564102564
Case913,W_Completeren aanvraag,res_f612d14e-303a-4d03-a37a-3b98918a5014,Role 1,2012-03-05 17:22:04.291075750,622,1,res_f612d14e-303a-4d03-a37a-3b98918a5014,2012-03-05 17:19:59.023445751,0.02564102564102564
Case913,W_Nabellen offertes,res_a6c40c08-3f7b-4865-a717-e7f1f1b6f98b,Role 1,2012-03-06 09:43:30.045006851,624,1,res_a6c40c08-3f7b-4865-a717-e7f1f1b6f98b,2012-03-06 09:39:05.094526851,0.0
Case914,W_Completeren aanvraag,res_a7efadcf-4796-49e4-a611-9f847fa3b6b3,Role 1,2012-03-05 14:48:21.144248033,618,1,res_a7efadcf-4796-49e4-a611-9f847fa3b6b3,2012-03-05 14:45:57.873517033,0.0
Case914,W_Completeren aanvraag,res_31f16881-0e61-460a-88bc-abc46854faba,Role 1,2012-03-05 15:45:23.248995933,620,1,res_31f16881-0e61-460a-88bc-abc46854faba,2012-03-05 15:43:00.333489933,0.0
Case914,W_Completeren aanvraag,res_c3a01281-6e48-4ea3-a47a-9410360458be,Role 1,2012-03-05 17:21:44.335239733,622,2,res_c3a01281-6e48-4ea3-a47a-9410360458be,2012-03-05 17:19:37.443407733,0.05128205128205128
Case914,W_Nabellen offertes,res_425ded41-e317-4198-891a-d9f3e32a6030,Role 1,2012-03-06 10:17:57.980374533,623,1,res_425ded41-e317-4198-891a-d9f3e32a6030,2012-03-06 10:13:56.040480533,0.0
Case914,W_Nabellen offertes,res_42f40199-b27a-43f0-a89c-188ab6bfaf36,Role 1,2012-03-09 22:36:02.339694033,619,1,res_42f40199-b27a-43f0-a89c-188ab6bfaf36,2012-03-09 22:34:07.985340033,0.0
Case915,W_Afhandelen leads,res_c3a01281-6e48-4ea3-a47a-9410360458be,Role 1,2012-03-05 14:53:07.952598667,618,0,res_c3a01281-6e48-4ea3-a47a-9410360458be,2012-03-05 14:50:11.749817667,0.02564102564102564
Case915,W_Completeren aanvraag,res_e30a7ff2-fdff-43e2-93a6-f30f7d1f4d80,Role 1,2012-03-05 15:50:17.780043767,621,2,res_e30a7ff2-fdff-43e2-93a6-f30f7d1f4d80,2012-03-05 15:47:54.184999767,0.02564102564102564
Case915,W_Completeren aanvraag,res_fa3ac963-7739-40ef-84e6-624c11774546,Role 1,2012-03-05 17:22:46.861588267,622,3,res_fa3ac963-7739-40ef-84e6-624c11774546,2012-03-05 17:20:41.047767267,0.10256410256410256
Case916,W_Afhandelen leads,res_31f16881-0e61-460a-88bc-abc46854faba,Role 1,2012-03-05 15:03:36.079841514,619,0,res_31f16881-0e61-460a-88bc-abc46854faba,2012-03-05 15:00:37.373558514,0.0
Case916,W_Completeren aanvraag,res_0eb69d82-9670-4fe3-a195-9d055d280321,Role 1,2012-03-05 16:00:16.985269214,621,1,res_0eb69d82-9670-4fe3-a195-9d055d280321,2012-03-05 15:57:50.216614214,0.0
Case916,W_Nabellen offertes,res_f612d14e-303a-4d03-a37a-3b98918a5014,Role 1,2012-03-06 20:31:40.324396814,630,1,res_f612d14e-303a-4d03-a37a-3b98918a5014,2012-03-06 20:29:43.801517814,0.0
Case917,W_Afhandelen leads,res_8435ed72-5b45-4de1-a40d-2e20f14bd3c6,Role 1,2012-03-05 15:08:37.490931108,620,0,res_8435ed72-5b45-4de1-a40d-2e20f14bd3c6,2012-03-05 15:05:38.599804108,0.0
Case917,W_Completeren aanvraag,res_0eb69d82-9670-4fe3-a195-9d055d280321,Role 1,2012-03-05 16:04:48.492055508,620,1,res_0eb69d82-9670-4fe3-a195-9d055d280321,2012-03-05 16:02:21.593553508,0.0
Case917,W_Completeren aanvraag,res_f664dcd9-d4b7-456f-a1f7-9daea9e497fd,Role 1,2012-03-05 17:35:37.739184108,621,1,res_f664dcd9-d4b7-456f-a1f7-9daea9e497fd,2012-03-05 17:33:26.645166108,0.0
Case918,W_Afhandelen leads,res_501654f1-1e08-4e04-8b11-a5fd18a76e7d,Role 1,2012-03-05 15:13:44.005740888,620,0,res_501654f1-1e08-4e04-8b11-a5fd18a76e7d,2012-03-05 15:10:44.863277888,0.0
Case918,W_Completeren aanvraag,res_31f16881-0e61-460a-88bc-abc46854faba,Role 1,2012-03-05 16:09:58.198535088,621,1,res_31f16881-0e61-460a-88bc-abc46854faba,2012-03-05 16:07:31.923062088,0.02564102564102564
Case918,W_Nabellen offertes,res_6f56bab9-a4f7-420f-96ab-b17cd82647c1,Role 1,2012-03-06 22:14:48.692978888,634,1,res_6f56bab9-a4f7-420f-96ab-b17cd82647c1,2012-03-06 22:12:56.578787888,0.02564102564102564
Case919,W_Afhandelen leads,res_7a10508e-56ae-4766-abd2-e94c8442b539,Role 1,2012-03-05 15:18:58.527400768,621,0,res_7a10508e-56ae-4766-abd2-e94c8442b539,2012-03-05 15:15:59.186316768,0.0
Case919,W_Completeren aanvraag,res_69f394fc-b099-49f7-8f4e-cce94cd03365,Role 1,2012-03-05 16:15:01.210082168,622,1,res_69f394fc-b099-49f7-8f4e-cce94cd03365,2012-03-05 16:12:34.797814168,0.02564102564102564
Case919,W_Nabellen offertes,res_d5418cc0-ed10-4016-ac16-0bc32f58673f,Role 1,2012-03-07 00:19:11.661747368,634,1,res_d5418cc0-ed10-4016-ac16-0bc32f58673f,2012-03-07 00:17:21.215810368,0.0
Case92,W_Afhandelen leads,res_2f56cb7e-3c7c-424a-95d0-d464cdf4e447,Role 1,2012-02-15 12:19:47.205452992,554,0,res_2f56cb7e-3c7c-424a-95d0-d464cdf4e447,2012-02-15 12:16:43.268749992,0.0
Case92,W_Completeren aanvraag,res_cd801f30-7ddb-4e0a-8319-c3bbd19d3bc0,Role 1,2012-02-15 13:25:30.162208192,556,2,res_cd801f30-7ddb-4e0a-8319-c3bbd19d3bc0,2012-02-15 13:22:58.924078192,0.02564102564102564
Case92,W_Completeren aanvraag,res_dcb46f81-367a-42ae-96c2-833faef25480,Role 1,2012-02-15 16:32:39.511441292,561,1,res_dcb46f81-367a-42ae-96c2-833faef25480,2012-02-15 16:30:22.878591292,0.0
Case920,W_Completeren aanvraag,res_cd801f30-7ddb-4e0a-8319-c3bbd19d3bc0,Role 1,2012-03-05 15:27:17.164172796,622,2,res_cd801f30-7ddb-4e0a-8319-c3bbd19d3bc0,2012-03-05 15:24:58.169732796,0.02564102564102564
Case921,W_Completeren aanvraag,res_6f56bab9-a4f7-420f-96ab-b17cd82647c1,Role 1,2012-03-05 15:42:58.111475974,621,1,res_6f56bab9-a4f7-420f-96ab-b17cd82647c1,2012-03-05 15:40:34.086729974,0.0
Case921,W_Nabellen offertes,res_cd801f30-7ddb-4e0a-8319-c3bbd19d3bc0,Role 1,2012-03-05 16:07:32.420597974,621,1,res_cd801f30-7ddb-4e0a-8319-c3bbd19d3bc0,2012-03-05 16:05:10.326436974,0.05128205128205128
Case921,W_Nabellen offertes,res_a6c40c08-3f7b-4865-a717-e7f1f1b6f98b,Role 1,2012-03-14 11:12:58.068788774,616,1,res_a6c40c08-3f7b-4865-a717-e7f1f1b6f98b,2012-03-14 11:11:09.461622774,0.0
Case921,W_Nabellen offertes,res_f664dcd9-d4b7-456f-a1f7-9daea9e497fd,Role 1,2012-03-16 03:24:58.890117174,587,1,res_f664dcd9-d4b7-456f-a1f7-9daea9e497fd,2012-03-16 03:15:11.011780174,0.0
Case922,W_Completeren aanvraag,res_3e93a9a9-cdc4-46ed-8b29-3e63e6d2a9a2,Role 1,2012-03-05 15:45:38.590730514,622,2,res_3e93a9a9-cdc4-46ed-8b29-3e63e6d2a9a2,2012-03-05 15:43:19.307814514,0.02564102564102564
Case923,W_Completeren aanvraag,res_cd801f30-7ddb-4e0a-8319-c3bbd19d3bc0,Role 1,2012-03-05 15:55:47.276792525,622,2,res_cd801f30-7ddb-4e0a-8319-c3bbd19d3bc0,2012-03-05 15:53:27.804979525,0.02564102564102564
Case924,W_Afhandelen leads,res_9548f08a-bc89-4837-8ec2-cdb10b4e93b0,Role 1,2012-03-05 16:03:38.416651073,621,0,res_9548f08a-bc89-4837-8ec2-cdb10b4e93b0,2012-03-05 16:00:36.976821073,0.0
Case924,W_Completeren aanvraag,res_7cc6cf66-7797-453d-b952-98449834316b,Role 1,2012-03-05 16:58:18.295861373,623,1,res_7cc6cf66-7797-453d-b952-98449834316b,2012-03-05 16:55:50.734084373,0.02564102564102564
Case925,W_Afhandelen leads,res_ddc79bf3-8255-4b9b-ace2-8a46af780bc5,Role 1,2012-03-05 16:09:58.440749386,622,0,res_ddc79bf3-8255-4b9b-ace2-8a46af780bc5,2012-03-05 16:06:56.783826386,0.0
Case925,W_Completeren aanvraag,res_31f16881-0e61-460a-88bc-abc46854faba,Role 1,2012-03-05 17:04:36.005686286,622,2,res_31f16881-0e61-460a-88bc-abc46854faba,2012-03-05 17:02:10.351805286,0.02564102564102564
Case925,W_Nabellen offertes,res_9548f08a-bc89-4837-8ec2-cdb10b4e93b0,Role 1,2012-03-06 19:29:30.473452886,632,1,res_9548f08a-bc89-4837-8ec2-cdb10b4e93b0,2012-03-06 19:27:32.670948886,0.0
Case926,W_Afhandelen leads,res_425ded41-e317-4198-891a-d9f3e32a6030,Role 1,2012-03-05 16:26:05.296192962,623,0,res_425ded41-e317-4198-891a-d9f3e32a6030,2012-03-05 16:23:04.939083962,0.02564102564102564
Case926,W_Completeren aanvraag,res_9548f08a-bc89-4837-8ec2-cdb10b4e93b0,Role 1,2012-03-05 17:20:37.527272962,620,1,res_9548f08a-bc89-4837-8ec2-cdb10b4e93b0,2012-03-05 17:18:08.917924962,0.0
Case926,W_Completeren aanvraag,res_fa3ac963-7739-40ef-84e6-624c11774546,Role 1,2012-03-05 18:42:15.166888062,625,1,res_fa3ac963-7739-40ef-84e6-624c11774546,2012-03-05 18:40:04.115694062,0.0
Case926,W_Completeren aanvraag,res_6f56bab9-a4f7-420f-96ab-b17cd82647c1,Role 1,2012-03-05 19:18:37.974552862,627,1,res_6f56bab9-a4f7-420f-96ab-b17cd82647c1,2012-03-05 19:16:49.159542862,0.02564102564102564
Case926,W_Nabellen offertes,res_ee4279a0-2b97-4f9d-9945-00c80ada4a95,Role 1,2012-03-05 23:09:52.851377962,630,1,res_ee4279a0-2b97-4f9d-9945-00c80ada4a95,2012-03-05 23:08:17.661122962,0.0
Case927,W_Completeren aanvraag,res_9548f08a-bc89-4837-8ec2-cdb10b4e93b0,Role 1,2012-03-05 16:34:00.100198505,623,1,res_9548f08a-bc89-4837-8ec2-cdb10b4e93b0,2012-03-05 16:31:34.706576505,0.0
Case927,W_Nabellen offertes,res_0eb69d82-9670-4fe3-a195-9d055d280321,Role 1,2012-03-05 16:56:37.050247805,623,1,res_0eb69d82-9670-4fe3-a195-9d055d280321,2012-03-05 16:54:14.960111805,0.05128205128205128
Case928,W_Afhandelen leads,res_b5ab845a-5020-427e-b6f1-42df333cb3fb,Role 1,2012-03-05 16:43:59.920656469,623,0,res_b5ab845a-5020-427e-b6f1-42df333cb3fb,2012-03-05 16:40:58.876133469,0.02564102564102564
Case928,W_Completeren aanvraag,res_42f40199-b27a-43f0-a89c-188ab6bfaf36,Role 1,2012-03-05 17:38:20.041321168,622,1,res_42f40199-b27a-43f0-a89c-188ab6bfaf36,2012-03-05 17:35:51.942104168,0.02564102564102564
Case928,W_Nabellen offertes,res_177ed8cb-552b-4612-b348-20f464d6e7e5,Role 1,2012-03-07 00:26:13.683892569,633,2,res_177ed8cb-552b-4612-b348-20f464d6e7e5,2012-03-07 00:24:23.681334569,0.02564102564102564
Case928,W_Nabellen offertes,res_177ed8cb-552b-4612-b348-20f464d6e7e5,Role 1,2012-03-13 23:19:12.702192869,625,1,res_177ed8cb-552b-4612-b348-20f464d6e7e5,2012-03-13 23:12:48.484065869,0.0
Case928,W_Nabellen offertes,res_69f394fc-b099-49f7-8f4e-cce94cd03365,Role 1,2012-03-15 11:05:52.425595169,596,1,res_69f394fc-b099-49f7-8f4e-cce94cd03365,2012-03-15 11:04:05.625577169,0.0
Case929,W_Completeren aanvraag,res_c3a01281-6e48-4ea3-a47a-9410360458be,Role 1,2012-03-05 16:44:28.148067452,624,2,res_c3a01281-6e48-4ea3-a47a-9410360458be,2012-03-05 16:42:08.389882452,0.05128205128205128
Case93,W_Completeren aanvraag,res_f664dcd9-d4b7-456f-a1f7-9daea9e497fd,Role 1,2012-02-15 12:21:20.890919034,555,1,res_f664dcd9-d4b7-456f-a1f7-9daea9e497fd,2012-02-15 12:18:48.192009034,0.02564102564102564
Case930,W_Afhandelen leads,res_75b73935-48c2-4abe-9548-628b120b0d25,Role 1,2012-03-05 16:52:33.836540287,623,0,res_75b73935-48c2-4abe-9548-628b120b0d25,2012-03-05 16:49:30.658517287,0.0
Case930,W_Completeren aanvraag,res_5c0494f5-5178-4b1a-9a41-59b27da90a66,Role 1,2012-03-05 17:46:52.263037687,622,1,res_5c0494f5-5178-4b1a-9a41-59b27da90a66,2012-03-05 17:44:22.929058687,0.0
Case930,W_Completeren aanvraag,res_f612d14e-303a-4d03-a37a-3b98918a5014,Role 1,2012-03-05 19:03:57.431061787,627,1,res_f612d14e-303a-4d03-a37a-3b98918a5014,2012-03-05 19:01:46.342397787,0.0
Case930,W_Completeren aanvraag,res_9548f08a-bc89-4837-8ec2-cdb10b4e93b0,Role 1,2012-03-05 19:41:00.125100487,626,2,res_9548f08a-bc89-4837-8ec2-cdb10b4e93b0,2012-03-05 19:39:12.285668487,0.02564102564102564
Case931,W_Completeren aanvraag,res_75b73935-48c2-4abe-9548-628b120b0d25,Role 1,2012-03-05 16:58:32.722616799,622,1,res_75b73935-48c2-4abe-9548-628b120b0d25,2012-03-05 16:56:06.584652799,0.0
Case932,W_Afhandelen leads,res_501654f1-1e08-4e04-8b11-a5fd18a76e7d,Role 1,2012-03-05 17:08:12.271285739,622,0,res_501654f1-1e08-4e04-8b11-a5fd18a76e7d,2012-03-05 17:05:08.590405739,0.0
Case932,W_Completeren aanvraag,res_501654f1-1e08-4e04-8b11-a5fd18a76e7d,Role 1,2012-03-05 18:02:28.321871339,624,1,res_501654f1-1e08-4e04-8b11-a5fd18a76e7d,2012-03-05 18:00:00.456306339,0.05128205128205128
Case932,W_Completeren aanvraag,res_177ed8cb-552b-4612-b348-20f464d6e7e5,Role 1,2012-03-05 19:17:30.618926239,627,2,res_177ed8cb-552b-4612-b348-20f464d6e7e5,2012-03-05 19:15:21.368350239,0.02564102564102564
Case933,W_Completeren aanvraag,res_42f40199-b27a-43f0-a89c-188ab6bfaf36,Role 1,2012-03-05 17:18:22.050122973,621,1,res_42f40199-b27a-43f0-a89c-188ab6bfaf36,2012-03-05 17:15:55.370504973,0.0
Case933,W_Nabellen offertes,res_408aec04-fa16-4916-b3c7-40322d591997,Role 1,2012-03-05 17:39:54.021872173,623,1,res_408aec04-fa16-4916-b3c7-40322d591997,2012-03-05 17:37:32.246139173,0.05128205128205128
Case934,W_Afhandelen leads,res_c6ff2914-8075-4a61-b381-b682f6eb47de,Role 1,2012-03-05 17:25:10.451137825,622,0,res_c6ff2914-8075-4a61-b381-b682f6eb47de,2012-03-05 17:22:08.125390825,0.02564102564102564
Case934,W_Completeren aanvraag,res_425ded41-e317-4198-891a-d9f3e32a6030,Role 1,2012-03-05 18:19:31.179628225,625,1,res_425ded41-e317-4198-891a-d9f3e32a6030,2012-03-05 18:17:01.681473225,0.0
Case935,W_Afhandelen leads,res_a7efadcf-4796-49e4-a611-9f847fa3b6b3,Role 1,2012-03-05 17:32:46.737725308,622,0,res_a7efadcf-4796-49e4-a611-9f847fa3b6b3,2012-03-05 17:29:42.483373308,0.0
Case935,W_Completeren aanvraag,res_31f16881-0e61-460a-88bc-abc46854faba,Role 1,2012-03-05 18:27:11.659568708,625,1,res_31f16881-0e61-460a-88bc-abc46854faba,2012-03-05 18:24:42.751938708,0.02564102564102564
Case936,W_Completeren aanvraag,res_9548f08a-bc89-4837-8ec2-cdb10b4e93b0,Role 1,2012-03-05 17:38:04.625811510,623,2,res_9548f08a-bc89-4837-8ec2-cdb10b4e93b0,2012-03-05 17:35:43.148911510,0.02564102564102564
Case936,W_Nabellen offertes,res_f3a5d8a5-7894-4471-8b15-4aeaf83a4249,Role 1,2012-03-05 17:58:59.770387210,624,1,res_f3a5d8a5-7894-4471-8b15-4aeaf83a4249,2012-03-05 17:56:40.537297210,0.02564102564102564
Case936,W_Nabellen offertes,res_501654f1-1e08-4e04-8b11-a5fd18a76e7d,Role 1,2012-03-14 11:33:56.914462610,616,1,res_501654f1-1e08-4e04-8b11-a5fd18a76e7d,2012-03-14 11:32:08.608033610,0.0
Case937,W_Completeren aanvraag,res_f612d14e-303a-4d03-a37a-3b98918a5014,Role 1,2012-03-05 17:44:52.211159847,623,1,res_f612d14e-303a-4d03-a37a-3b98918a5014,2012-03-05 17:42:25.119720847,0.0
Case937,W_Completeren aanvraag,res_9548f08a-bc89-4837-8ec2-cdb10b4e93b0,Role 1,2012-03-05 18:39:22.615073847,626,1,res_9548f08a-bc89-4837-8ec2-cdb10b4e93b0,2012-03-05 18:36:56.968465847,0.02564102564102564
Case938,W_Completeren aanvraag,res_75b73935-48c2-4abe-9548-628b120b0d25,Role 1,2012-03-05 17:45:49.121378368,624,2,res_75b73935-48c2-4abe-9548-628b120b0d25,2012-03-05 17:43:27.581350368,0.02564102564102564
Case939,W_Afhandelen leads,res_f3a5d8a5-7894-4471-8b15-4aeaf83a4249,Role 1,2012-03-05 17:55:32.115471034,624,0,res_f3a5d8a5-7894-4471-8b15-4aeaf83a4249,2012-03-05 17:52:27.572212034,0.0
Case939,W_Completeren aanvraag,res_f3a5d8a5-7894-4471-8b15-4aeaf83a4249,Role 1,2012-03-05 18:50:16.453210934,627,2,res_f3a5d8a5-7894-4471-8b15-4aeaf83a4249,2012-03-05 18:47:49.660737934,0.02564102564102564
Case94,W_Afhandelen leads,res_c3a01281-6e48-4ea3-a47a-9410360458be,Role 1,2012-02-15 12:30:52.117646975,555,0,res_c3a01281-6e48-4ea3-a47a-9410360458be,2012-02-15 12:27:50.197761975,0.02564102564102564
Case94,W_Completeren aanvraag,res_e30a7ff2-fdff-43e2-93a6-f30f7d1f4d80,Role 1,2012-02-15 13:36:23.609576475,555,1,res_e30a7ff2-fdff-43e2-93a6-f30f7d1f4d80,2012-02-15 13:33:49.337725475,0.0
Case94,W_Nabellen offertes,res_501654f1-1e08-4e04-8b11-a5fd18a76e7d,Role 1,2012-02-16 23:31:21.242174175,587,1,res_501654f1-1e08-4e04-8b11-a5fd18a76e7d,2012-02-16 23:29:29.176408175,0.02564102564102564
Case94,W_Nabellen offertes,res_408aec04-fa16-4916-b3c7-40322d591997,Role 1,2012-02-23 11:09:11.332653375,633,1,res_408aec04-fa16-4916-b3c7-40322d591997,2012-02-23 11:07:33.698668375,0.02564102564102564
Case940,W_Afhandelen leads,res_5c0494f5-5178-4b1a-9a41-59b27da90a66,Role 1,2012-03-05 18:04:16.094021501,624,0,res_5c0494f5-5178-4b1a-9a41-59b27da90a66,2012-03-05 18:01:11.443943501,0.0
Case940,W_Completeren aanvraag,res_a6c40c08-3f7b-4865-a717-e7f1f1b6f98b,Role 1,2012-03-05 18:59:04.061186001,627,2,res_a6c40c08-3f7b-4865-a717-e7f1f1b6f98b,2012-03-05 18:56:37.281186001,0.02564102564102564
Case941,W_Completeren aanvraag,res_c6ff2914-8075-4a61-b381-b682f6eb47de,Role 1,2012-03-05 18:08:33.875005270,625,1,res_c6ff2914-8075-4a61-b381-b682f6eb47de,2012-03-05 18:06:06.625515270,0.0
Case941,W_Completeren aanvraag,res_31f16881-0e61-460a-88bc-abc46854faba,Role 1,2012-03-05 19:03:26.196293269,627,1,res_31f16881-0e61-460a-88bc-abc46854faba,2012-03-05 19:01:00.680040270,0.02564102564102564
Case941,W_Completeren aanvraag,res_63d2fda6-0454-4ad2-8b55-d59c9622a8ed,Role 1,2012-03-05 20:32:22.936566670,627,1,res_63d2fda6-0454-4ad2-8b55-d59c9622a8ed,2012-03-05 20:30:13.671207670,0.0
Case941,W_Completeren aanvraag,res_408aec04-fa16-4916-b3c7-40322d591997,Role 1,2012-03-05 21:57:35.662390670,627,1,res_408aec04-fa16-4916-b3c7-40322d591997,2012-03-05 21:55:46.080305670,0.02564102564102564
Case941,W_Nabellen offertes,res_f612d14e-303a-4d03-a37a-3b98918a5014,Role 1,2012-03-06 13:42:58.110962769,622,1,res_f612d14e-303a-4d03-a37a-3b98918a5014,2012-03-06 13:40:52.155564769,0.0
Case941,W_Nabellen offertes,res_425ded41-e317-4198-891a-d9f3e32a6030,Role 1,2012-03-08 01:20:43.444789270,625,1,res_425ded41-e317-4198-891a-d9f3e32a6030,2012-03-08 01:19:08.766922270,0.0
Case942,W_Afhandelen leads,res_46a776b0-74ef-429c-befa-758731ba64c1,Role 1,2012-03-05 18:20:00.165240778,625,0,res_46a776b0-74ef-429c-befa-758731ba64c1,2012-03-05 18:16:55.420505778,0.0
Case942,W_Completeren aanvraag,res_69f394fc-b099-49f7-8f4e-cce94cd03365,Role 1,2012-03-05 19:15:16.224447378,626,1,res_69f394fc-b099-49f7-8f4e-cce94cd03365,2012-03-05 19:12:46.494534378,0.0
Case942,W_Nabellen offertes,res_7a10508e-56ae-4766-abd2-e94c8442b539,Role 1,2012-03-07 20:18:07.629572878,628,1,res_7a10508e-56ae-4766-abd2-e94c8442b539,2012-03-07 20:16:05.047970878,0.0
Case942,W_Nabellen offertes,res_7a10508e-56ae-4766-abd2-e94c8442b539,Role 1,2012-03-13 22:49:55.850874078,625,1,res_7a10508e-56ae-4766-abd2-e94c8442b539,2012-03-13 22:42:46.188142078,0.0
Case942,W_Nabellen offertes,res_42f40199-b27a-43f0-a89c-188ab6bfaf36,Role 1,2012-03-15 11:27:48.538044078,595,1,res_42f40199-b27a-43f0-a89c-188ab6bfaf36,2012-03-15 11:26:02.026063078,0.0
Case942,W_Nabellen offertes,res_408aec04-fa16-4916-b3c7-40322d591997,Role 1,2012-03-17 01:16:11.790976978,575,1,res_408aec04-fa16-4916-b3c7-40322d591997,2012-03-17 01:14:20.506836978,0.0
Case942,W_Nabellen offertes,res_2f56cb7e-3c7c-424a-95d0-d464cdf4e447,Role 1,2012-03-19 02:45:59.555213678,552,1,res_2f56cb7e-3c7c-424a-95d0-d464cdf4e447,2012-03-19 02:44:28.275297678,0.0
Case943,W_Afhandelen leads,res_c3a01281-6e48-4ea3-a47a-9410360458be,Role 1,2012-03-05 18:27:44.640021636,625,0,res_c3a01281-6e48-4ea3-a47a-9410360458be,2012-03-05 18:24:39.852944636,0.0
Case943,W_Completeren aanvraag,res_177ed8cb-552b-4612-b348-20f464d6e7e5,Role 1,2012-03-05 19:23:09.576086436,626,1,res_177ed8cb-552b-4612-b348-20f464d6e7e5,2012-03-05 19:20:39.903517436,0.0
Case944,W_Afhandelen leads,res_8435ed72-5b45-4de1-a40d-2e20f14bd3c6,Role 1,2012-03-05 18:34:08.455991499,626,0,res_8435ed72-5b45-4de1-a40d-2e20f14bd3c6,2012-03-05 18:31:03.689732499,0.0
Case944,W_Completeren aanvraag,res_dcb46f81-367a-42ae-96c2-833faef25480,Role 1,2012-03-05 19:29:48.268505899,626,1,res_dcb46f81-367a-42ae-96c2-833faef25480,2012-03-05 19:27:19.550110899,0.02564102564102564
Case944,W_Completeren aanvraag,res_0eb69d82-9670-4fe3-a195-9d055d280321,Role 1,2012-03-05 20:58:40.661699099,628,2,res_0eb69d82-9670-4fe3-a195-9d055d280321,2012-03-05 20:56:31.066339099,0.02564102564102564
Case945,W_Afhandelen leads,res_42f40199-b27a-43f0-a89c-188ab6bfaf36,Role 1,2012-03-05 18:38:05.213954297,626,0,res_42f40199-b27a-43f0-a89c-188ab6bfaf36,2012-03-05 18:35:00.439457297,0.0
Case945,W_Completeren aanvraag,res_7a10508e-56ae-4766-abd2-e94c8442b539,Role 1,2012-03-05 19:33:49.320187097,625,1,res_7a10508e-56ae-4766-abd2-e94c8442b539,2012-03-05 19:31:19.766764097,0.0
Case945,W_Completeren aanvraag,res_31f16881-0e61-460a-88bc-abc46854faba,Role 1,2012-03-05 21:13:03.896698697,629,2,res_31f16881-0e61-460a-88bc-abc46854faba,2012-03-05 21:10:54.025365697,0.02564102564102564
Case946,W_Completeren aanvraag,res_f3a5d8a5-7894-4471-8b15-4aeaf83a4249,Role 1,2012-03-05 18:45:14.010148430,627,1,res_f3a5d8a5-7894-4471-8b15-4aeaf83a4249,2012-03-05 18:42:46.886787430,0.0
Case946,W_Nabellen offertes,res_9e7fccd4-b30d-488c-ad55-351ad1a60226,Role 1,2012-03-05 19:05:03.215282030,627,1,res_9e7fccd4-b30d-488c-ad55-351ad1a60226,2012-03-05 19:02:43.564111030,0.0
Case947,W_Afhandelen leads,res_42f40199-b27a-43f0-a89c-188ab6bfaf36,Role 1,2012-03-05 18:46:10.281060453,628,0,res_42f40199-b27a-43f0-a89c-188ab6bfaf36,2012-03-05 18:43:09.050591453,0.05128205128205128
Case947,W_Completeren aanvraag,res_0eb69d82-9670-4fe3-a195-9d055d280321,Role 1,2012-03-05 19:42:10.624824953,626,1,res_0eb69d82-9670-4fe3-a195-9d055d280321,2012-03-05 19:39:41.671940953,0.0
Case947,W_Nabellen offertes,res_69f394fc-b099-49f7-8f4e-cce94cd03365,Role 1,2012-03-08 04:17:39.206672753,624,1,res_69f394fc-b099-49f7-8f4e-cce94cd03365,2012-03-08 04:15:44.015473753,0.0
Case948,W_Afhandelen leads,res_5c0494f5-5178-4b1a-9a41-59b27da90a66,Role 1,2012-03-05 18:57:57.960772021,627,0,res_5c0494f5-5178-4b1a-9a41-59b27da90a66,2012-03-05 18:54:53.255092021,0.0
Case948,W_Completeren aanvraag,res_dcb46f81-367a-42ae-96c2-833faef25480,Role 1,2012-03-05 19:54:28.571442921,629,1,res_dcb46f81-367a-42ae-96c2-833faef25480,2012-03-05 19:52:00.181301921,0.02564102564102564
Case948,W_Completeren aanvraag,res_5c0494f5-5178-4b1a-9a41-59b27da90a66,Role 1,2012-03-05 21:41:03.198328121,627,1,res_5c0494f5-5178-4b1a-9a41-59b27da90a66,2012-03-05 21:38:52.447899121,0.0
Case948,W_Nabellen offertes,res_5c0494f5-5178-4b1a-9a41-59b27da90a66,Role 1,2012-03-07 05:01:41.251997621,626,1,res_5c0494f5-5178-4b1a-9a41-59b27da90a66,2012-03-07 04:59:48.938009621,0.0
Case948,W_Nabellen offertes,res_177ed8cb-552b-4612-b348-20f464d6e7e5,Role 1,2012-03-09 05:13:33.977691521,621,1,res_177ed8cb-552b-4612-b348-20f464d6e7e5,2012-03-09 05:11:56.197656521,0.0
Case949,W_Completeren aanvraag,res_d5418cc0-ed10-4016-ac16-0bc32f58673f,Role 1,2012-03-05 19:05:45.575450838,628,2,res_d5418cc0-ed10-4016-ac16-0bc32f58673f,2012-03-05 19:03:25.037475838,0.05128205128205128
Case949,W_Completeren aanvraag,res_42f40199-b27a-43f0-a89c-188ab6bfaf36,Role 1,2012-03-05 20:02:29.053528938,629,1,res_42f40199-b27a-43f0-a89c-188ab6bfaf36,2012-03-05 20:00:06.818260938,0.02564102564102564
Case949,W_Completeren aanvraag,res_fa3ac963-7739-40ef-84e6-624c11774546,Role 1,2012-03-05 21:54:49.555098338,627,1,res_fa3ac963-7739-40ef-84e6-624c11774546,2012-03-05 21:52:40.488605338,0.0
Case949,W_Completeren aanvraag,res_501654f1-1e08-4e04-8b11-a5fd18a76e7d,Role 1,2012-03-06 02:14:42.741266738,629,1,res_501654f1-1e08-4e04-8b11-a5fd18a76e7d,2012-03-06 02:12:41.302272738,0.0
Case949,W_Completeren aanvraag,res_24e554c7-8afb-451c-a96e-dea7923be74d,Role 1,2012-03-06 06:23:57.426291938,626,1,res_24e554c7-8afb-451c-a96e-dea7923be74d,2012-03-06 06:21:47.665305938,0.02564102564102564
Case949,W_Completeren aanvraag,res_8435ed72-5b45-4de1-a40d-2e20f14bd3c6,Role 1,2012-03-06 08:42:36.497513638,626,1,res_8435ed72-5b45-4de1-a40d-2e20f14bd3c6,2012-03-06 08:40:33.949260638,0.0
Case949,W_Completeren aanvraag,res_24e554c7-8afb-451c-a96e-dea7923be74d,Role 1,2012-03-06 10:38:23.787413938,623,1,res_24e554c7-8afb-451c-a96e-dea7923be74d,2012-03-06 10:36:23.708269938,0.0
Case95,W_Afhandelen leads,res_e30a7ff2-fdff-43e2-93a6-f30f7d1f4d80,Role 1,2012-02-15 12:48:45.860292482,555,0,res_e30a7ff2-fdff-43e2-93a6-f30f7d1f4d80,2012-02-15 12:45:44.134811482,0.02564102564102564
Case95,W_Completeren aanvraag,res_31f16881-0e61-460a-88bc-abc46854faba,Role 1,2012-02-15 13:52:29.396591682,556,1,res_31f16881-0e61-460a-88bc-abc46854faba,2012-02-15 13:49:55.078088682,0.0
Case95,W_Nabellen offertes,res_2f56cb7e-3c7c-424a-95d0-d464cdf4e447,Role 1,2012-02-16 23:49:59.494458582,587,1,res_2f56cb7e-3c7c-424a-95d0-d464cdf4e447,2012-02-16 23:48:07.341750582,0.02564102564102564
Case95,W_Nabellen offertes,res_425ded41-e317-4198-891a-d9f3e32a6030,Role 1,2012-02-23 09:27:51.596032682,630,1,res_425ded41-e317-4198-891a-d9f3e32a6030,2012-02-23 09:26:11.886706682,0.02564102564102564
Case95,W_Nabellen offertes,res_85f526bd-1f2c-4373-8dcc-9710ee98b7b2,Role 1,2012-02-24 21:46:59.829030982,639,1,res_85f526bd-1f2c-4373-8dcc-9710ee98b7b2,2012-02-24 21:44:42.991004982,0.0
Case950,W_Completeren aanvraag,res_ee4279a0-2b97-4f9d-9945-00c80ada4a95,Role 1,2012-03-05 19:14:48.721607592,627,1,res_ee4279a0-2b97-4f9d-9945-00c80ada4a95,2012-03-05 19:12:22.006000592,0.0
Case951,W_Afhandelen leads,res_425ded41-e317-4198-891a-d9f3e32a6030,Role 1,2012-03-05 19:22:47.826551789,626,0,res_425ded41-e317-4198-891a-d9f3e32a6030,2012-03-05 19:19:43.267189789,0.0
Case951,W_Completeren aanvraag,res_d5418cc0-ed10-4016-ac16-0bc32f58673f,Role 1,2012-03-05 20:20:22.572392989,627,1,res_d5418cc0-ed10-4016-ac16-0bc32f58673f,2012-03-05 20:17:53.780875989,0.0
Case952,W_Afhandelen leads,res_5c0494f5-5178-4b1a-9a41-59b27da90a66,Role 1,2012-03-05 19:33:35.476470660,626,0,res_5c0494f5-5178-4b1a-9a41-59b27da90a66,2012-03-05 19:30:31.054734660,0.0
Case952,W_Completeren aanvraag,res_6f56bab9-a4f7-420f-96ab-b17cd82647c1,Role 1,2012-03-05 20:31:37.675673760,627,1,res_6f56bab9-a4f7-420f-96ab-b17cd82647c1,2012-03-05 20:29:09.139287760,0.0
Case952,W_Nabellen offertes,res_75b73935-48c2-4abe-9548-628b120b0d25,Role 1,2012-03-09 03:16:32.763403860,625,1,res_75b73935-48c2-4abe-9548-628b120b0d25,2012-03-09 03:14:40.468433860,0.0
Case953,W_Completeren aanvraag,res_0eb69d82-9670-4fe3-a195-9d055d280321,Role 1,2012-03-05 19:39:00.587491962,627,2,res_0eb69d82-9670-4fe3-a195-9d055d280321,2012-03-05 19:36:39.779837962,0.02564102564102564
Case953,W_Nabellen offertes,res_f664dcd9-d4b7-456f-a1f7-9daea9e497fd,Role 1,2012-03-05 19:58:47.942126562,629,1,res_f664dcd9-d4b7-456f-a1f7-9daea9e497fd,2012-03-05 19:56:32.669485562,0.0
Case953,W_Nabellen offertes,res_31f16881-0e61-460a-88bc-abc46854faba,Role 1,2012-03-13 21:37:11.693890162,628,1,res_31f16881-0e61-460a-88bc-abc46854faba,2012-03-13 21:34:03.431744162,0.0
Case953,W_Nabellen offertes,res_8435ed72-5b45-4de1-a40d-2e20f14bd3c6,Role 1,2012-03-15 14:28:13.182944762,593,1,res_8435ed72-5b45-4de1-a40d-2e20f14bd3c6,2012-03-15 14:26:34.811571762,0.0
Case953,W_Nabellen offertes,res_7a10508e-56ae-4766-abd2-e94c8442b539,Role 1,2012-03-17 03:36:58.834195062,575,1,res_7a10508e-56ae-4766-abd2-e94c8442b539,2012-03-17 03:30:18.437846062,0.0
Case953,W_Nabellen offertes,res_7a10508e-56ae-4766-abd2-e94c8442b539,Role 1,2012-03-19 07:13:50.424393762,551,1,res_7a10508e-56ae-4766-abd2-e94c8442b539,2012-03-19 07:12:02.629325762,0.0
Case953,W_Nabellen offertes,res_c6ff2914-8075-4a61-b381-b682f6eb47de,Role 1,2012-03-21 05:49:25.376319762,543,1,res_c6ff2914-8075-4a61-b381-b682f6eb47de,2012-03-21 05:47:52.245872762,0.0
Case954,W_Completeren aanvraag,res_cd801f30-7ddb-4e0a-8319-c3bbd19d3bc0,Role 1,2012-03-05 19:45:38.596416562,628,1,res_cd801f30-7ddb-4e0a-8319-c3bbd19d3bc0,2012-03-05 19:43:12.683636562,0.0
Case954,W_Nabellen offertes,res_46a776b0-74ef-429c-befa-758731ba64c1,Role 1,2012-03-05 20:05:31.588489362,629,1,res_46a776b0-74ef-429c-befa-758731ba64c1,2012-03-05 20:03:13.956313362,0.0
Case955,W_Afhandelen leads,res_e30a7ff2-fdff-43e2-93a6-f30f7d1f4d80,Role 1,2012-03-05 19:47:23.515511907,629,0,res_e30a7ff2-fdff-43e2-93a6-f30f7d1f4d80,2012-03-05 19:44:21.189939907,0.02564102564102564
Case955,W_Completeren aanvraag,res_46a776b0-74ef-429c-befa-758731ba64c1,Role 1,2012-03-05 20:46:11.621659707,628,1,res_46a776b0-74ef-429c-befa-758731ba64c1,2012-03-05 20:43:43.744878707,0.0
Case956,W_Completeren aanvraag,res_6f56bab9-a4f7-420f-96ab-b17cd82647c1,Role 1,2012-03-05 20:00:32.649549605,630,1,res_6f56bab9-a4f7-420f-96ab-b17cd82647c1,2012-03-05 19:58:07.295362605,0.0
Case957,W_Completeren aanvraag,res_fa3ac963-7739-40ef-84e6-624c11774546,Role 1,2012-03-05 20:16:27.206303081,628,2,res_fa3ac963-7739-40ef-84e6-624c11774546,2012-03-05 20:14:07.391055081,0.02564102564102564
Case957,W_Nabellen offertes,res_c09d353e-d1d3-4710-a13d-39ecb25ed3a8,Role 1,2012-03-05 20:36:49.581306181,628,1,res_c09d353e-d1d3-4710-a13d-39ecb25ed3a8,2012-03-05 20:34:35.542729181,0.0
Case957,W_Nabellen offertes,res_f664dcd9-d4b7-456f-a1f7-9daea9e497fd,Role 1,2012-03-13 16:53:45.952936581,630,1,res_f664dcd9-d4b7-456f-a1f7-9daea9e497fd,2012-03-13 16:51:58.341049581,0.0
Case958,W_Afhandelen leads,res_dcb46f81-367a-42ae-96c2-833faef25480,Role 1,2012-03-05 20:32:30.147869060,628,0,res_dcb46f81-367a-42ae-96c2-833faef25480,2012-03-05 20:29:27.188922060,0.0
Case958,W_Completeren aanvraag,res_8435ed72-5b45-4de1-a40d-2e20f14bd3c6,Role 1,2012-03-05 21:34:09.784222260,627,2,res_8435ed72-5b45-4de1-a40d-2e20f14bd3c6,2012-03-05 21:31:45.905868260,0.02564102564102564
Case959,W_Completeren aanvraag,res_31f16881-0e61-460a-88bc-abc46854faba,Role 1,2012-03-05 20:46:01.184239056,628,1,res_31f16881-0e61-460a-88bc-abc46854faba,2012-03-05 20:43:37.473040056,0.0
Case959,W_Completeren aanvraag,res_9e7fccd4-b30d-488c-ad55-351ad1a60226,Role 1,2012-03-05 21:48:28.394367356,627,1,res_9e7fccd4-b30d-488c-ad55-351ad1a60226,2012-03-05 21:46:05.925734356,0.0
Case959,W_Nabellen offertes,res_42f40199-b27a-43f0-a89c-188ab6bfaf36,Role 1,2012-03-09 13:32:31.739956056,617,1,res_42f40199-b27a-43f0-a89c-188ab6bfaf36,2012-03-09 13:26:41.840456056,0.0
Case959,W_Nabellen offertes,res_e30a7ff2-fdff-43e2-93a6-f30f7d1f4d80,Role 1,2012-03-14 02:46:03.800948956,621,1,res_e30a7ff2-fdff-43e2-93a6-f30f7d1f4d80,2012-03-14 02:43:45.298557956,0.0
Case959,W_Nabellen offertes,res_3e93a9a9-cdc4-46ed-8b29-3e63e6d2a9a2,Role 1,2012-03-15 14:26:59.701550656,593,1,res_3e93a9a9-cdc4-46ed-8b29-3e63e6d2a9a2,2012-03-15 14:25:22.590911656,0.0
Case959,W_Nabellen offertes,res_7a10508e-56ae-4766-abd2-e94c8442b539,Role 1,2012-03-17 04:06:50.490051956,575,1,res_7a10508e-56ae-4766-abd2-e94c8442b539,2012-03-17 03:55:30.846097956,0.0
Case959,W_Nabellen offertes,res_c3a01281-6e48-4ea3-a47a-9410360458be,Role 1,2012-03-19 01:27:56.987863556,552,1,res_c3a01281-6e48-4ea3-a47a-9410360458be,2012-03-19 01:26:18.350595556,0.0
Case959,W_Nabellen offertes,res_f664dcd9-d4b7-456f-a1f7-9daea9e497fd,Role 1,2012-03-21 14:05:08.435901256,541,1,res_f664dcd9-d4b7-456f-a1f7-9daea9e497fd,2012-03-21 13:58:20.754405256,0.0
Case959,W_Nabellen offertes,res_46a776b0-74ef-429c-befa-758731ba64c1,Role 1,2012-03-23 03:53:48.514920356,532,1,res_46a776b0-74ef-429c-befa-758731ba64c1,2012-03-23 03:52:03.881171356,0.0
Case96,W_Afhandelen leads,res_9548f08a-bc89-4837-8ec2-cdb10b4e93b0,Role 1,2012-02-15 13:03:23.157599413,555,0,res_9548f08a-bc89-4837-8ec2-cdb10b4e93b0,2012-02-15 13:00:19.605070413,0.0
Case96,W_Completeren aanvraag,res_24e554c7-8afb-451c-a96e-dea7923be74d,Role 1,2012-02-15 14:05:53.557477913,557,1,res_24e554c7-8afb-451c-a96e-dea7923be74d,2012-02-15 14:03:18.941851913,0.0
Case96,W_Nabellen offertes,res_d5418cc0-ed10-4016-ac16-0bc32f58673f,Role 1,2012-02-17 00:02:42.171095013,586,1,res_d5418cc0-ed10-4016-ac16-0bc32f58673f,2012-02-17 00:00:49.809603013,0.0
Case96,W_Nabellen offertes,res_f612d14e-303a-4d03-a37a-3b98918a5014,Role 1,2012-02-23 11:36:21.064120513,631,1,res_f612d14e-303a-4d03-a37a-3b98918a5014,2012-02-23 11:34:44.132963513,0.0
Case96,W_Nabellen offertes,res_cd801f30-7ddb-4e0a-8319-c3bbd19d3bc0,Role 1,2012-02-25 01:55:21.795114913,638,1,res_cd801f30-7ddb-4e0a-8319-c3bbd19d3bc0,2012-02-25 01:43:53.227590913,0.0
Case96,W_Nabellen offertes,res_3e93a9a9-cdc4-46ed-8b29-3e63e6d2a9a2,Role 1,2012-02-27 08:20:53.314619013,632,2,res_3e93a9a9-cdc4-46ed-8b29-3e63e6d2a9a2,2012-02-27 08:18:53.903410013,0.02564102564102564
Case960,W_Afhandelen leads,res_6f56bab9-a4f7-420f-96ab-b17cd82647c1,Role 1,2012-03-05 20:47:47.565430314,629,0,res_6f56bab9-a4f7-420f-96ab-b17cd82647c1,2012-03-05 20:44:49.001680314,0.05128205128205128
Case960,W_Completeren aanvraag,res_85f526bd-1f2c-4373-8dcc-9710ee98b7b2,Role 1,2012-03-05 21:50:43.811101214,628,3,res_85f526bd-1f2c-4373-8dcc-9710ee98b7b2,2012-03-05 21:48:23.233234214,0.05128205128205128
Case960,W_Completeren aanvraag,res_d5418cc0-ed10-4016-ac16-0bc32f58673f,Role 1,2012-03-06 03:05:25.200536914,629,1,res_d5418cc0-ed10-4016-ac16-0bc32f58673f,2012-03-06 03:03:04.043267914,0.0
Case960,W_Nabellen offertes,res_75b73935-48c2-4abe-9548-628b120b0d25,Role 1,2012-03-06 21:36:22.765701514,635,1,res_75b73935-48c2-4abe-9548-628b120b0d25,2012-03-06 21:34:41.541284514,0.02564102564102564
Case961,W_Completeren aanvraag,res_ddc79bf3-8255-4b9b-ace2-8a46af780bc5,Role 1,2012-03-05 20:59:33.588901467,629,1,res_ddc79bf3-8255-4b9b-ace2-8a46af780bc5,2012-03-05 20:57:10.481669467,0.0
Case962,W_Completeren aanvraag,res_75b73935-48c2-4abe-9548-628b120b0d25,Role 1,2012-03-05 21:12:24.792534743,628,1,res_75b73935-48c2-4abe-9548-628b120b0d25,2012-03-05 21:10:02.185027743,0.0
Case963,W_Completeren aanvraag,res_b5ab845a-5020-427e-b6f1-42df333cb3fb,Role 1,2012-03-05 21:21:35.484316420,628,1,res_b5ab845a-5020-427e-b6f1-42df333cb3fb,2012-03-05 21:19:13.257791420,0.0
Case964,W_Afhandelen leads,res_425ded41-e317-4198-891a-d9f3e32a6030,Role 1,2012-03-05 21:35:43.469102919,627,0,res_425ded41-e317-4198-891a-d9f3e32a6030,2012-03-05 21:32:43.244083919,0.0
Case964,W_Completeren aanvraag,res_f3a5d8a5-7894-4471-8b15-4aeaf83a4249,Role 1,2012-03-05 22:44:07.345831419,629,1,res_f3a5d8a5-7894-4471-8b15-4aeaf83a4249,2012-03-05 22:41:43.423326419,0.02564102564102564
Case964,W_Nabellen offertes,res_69f394fc-b099-49f7-8f4e-cce94cd03365,Role 1,2012-03-10 10:28:58.029034519,623,1,res_69f394fc-b099-49f7-8f4e-cce94cd03365,2012-03-10 10:26:57.797373519,0.0
Case965,W_Completeren aanvraag,res_ee4279a0-2b97-4f9d-9945-00c80ada4a95,Role 1,2012-03-05 21:44:23.582271246,628,2,res_ee4279a0-2b97-4f9d-9945-00c80ada4a95,2012-03-05 21:42:06.406195246,0.02564102564102564
Case965,W_Nabellen offertes,res_46a776b0-74ef-429c-befa-758731ba64c1,Role 1,2012-03-05 22:08:52.815097346,629,2,res_46a776b0-74ef-429c-befa-758731ba64c1,2012-03-05 22:06:42.174626346,0.02564102564102564
Case966,W_Afhandelen leads,res_24e554c7-8afb-451c-a96e-dea7923be74d,Role 1,2012-03-05 21:47:11.614106475,629,0,res_24e554c7-8afb-451c-a96e-dea7923be74d,2012-03-05 21:44:16.366682475,0.05128205128205128
Case966,W_Completeren aanvraag,res_c3a01281-6e48-4ea3-a47a-9410360458be,Role 1,2012-03-05 22:59:21.131106975,630,1,res_c3a01281-6e48-4ea3-a47a-9410360458be,2012-03-05 22:56:57.546059975,0.0
Case966,W_Nabellen offertes,res_24e554c7-8afb-451c-a96e-dea7923be74d,Role 1,2012-03-10 14:58:51.153620875,619,1,res_24e554c7-8afb-451c-a96e-dea7923be74d,2012-03-10 14:55:45.681722875,0.0
Case966,W_Nabellen offertes,res_8435ed72-5b45-4de1-a40d-2e20f14bd3c6,Role 1,2012-03-14 19:54:22.090189275,608,1,res_8435ed72-5b45-4de1-a40d-2e20f14bd3c6,2012-03-14 19:52:41.108328275,0.0
Case966,W_Nabellen offertes,res_c09d353e-d1d3-4710-a13d-39ecb25ed3a8,Role 1,2012-03-16 10:34:14.109455475,582,1,res_c09d353e-d1d3-4710-a13d-39ecb25ed3a8,2012-03-16 10:32:06.043516475,0.0
Case967,W_Completeren aanvraag,res_75b73935-48c2-4abe-9548-628b120b0d25,Role 1,2012-03-05 22:10:46.461291745,629,1,res_75b73935-48c2-4abe-9548-628b120b0d25,2012-03-05 22:08:26.080954745,0.0
Case967,W_Nabellen offertes,res_75b73935-48c2-4abe-9548-628b120b0d25,Role 1,2012-03-05 22:38:15.103298045,630,2,res_75b73935-48c2-4abe-9548-628b120b0d25,2012-03-05 22:36:01.803772045,0.02564102564102564
Case967,W_Nabellen offertes,res_e30a7ff2-fdff-43e2-93a6-f30f7d1f4d80,Role 1,2012-03-13 08:22:25.311559445,610,1,res_e30a7ff2-fdff-43e2-93a6-f30f7d1f4d80,2012-03-13 08:20:37.776036445,0.0
Case967,W_Nabellen offertes,res_408aec04-fa16-4916-b3c7-40322d591997,Role 1,2012-03-15 05:17:48.814624745,601,1,res_408aec04-fa16-4916-b3c7-40322d591997,2012-03-15 05:10:50.957668745,0.0
Case967,W_Nabellen offertes,res_24e554c7-8afb-451c-a96e-dea7923be74d,Role 1,2012-03-16 18:11:11.266348845,578,1,res_24e554c7-8afb-451c-a96e-dea7923be74d,2012-03-16 18:09:29.830699845,0.0
Case967,W_Nabellen offertes,res_85f526bd-1f2c-4373-8dcc-9710ee98b7b2,Role 1,2012-03-18 10:04:53.825252145,556,1,res_85f526bd-1f2c-4373-8dcc-9710ee98b7b2,2012-03-18 09:59:32.802730145,0.0
Case968,W_Afhandelen leads,res_6f56bab9-a4f7-420f-96ab-b17cd82647c1,Role 1,2012-03-05 22:25:38.239603928,630,0,res_6f56bab9-a4f7-420f-96ab-b17cd82647c1,2012-03-05 22:22:41.402300928,0.0
Case968,W_Completeren aanvraag,res_42f40199-b27a-43f0-a89c-188ab6bfaf36,Role 1,2012-03-05 23:50:27.855234628,631,1,res_42f40199-b27a-43f0-a89c-188ab6bfaf36,2012-03-05 23:48:04.539849628,0.0
Case969,W_Completeren aanvraag,res_cd801f30-7ddb-4e0a-8319-c3bbd19d3bc0,Role 1,2012-03-05 22:45:15.940186676,630,1,res_cd801f30-7ddb-4e0a-8319-c3bbd19d3bc0,2012-03-05 22:42:56.381739676,0.0
Case97,W_Completeren aanvraag,res_e30a7ff2-fdff-43e2-93a6-f30f7d1f4d80,Role 1,2012-02-15 13:19:13.781941551,556,1,res_e30a7ff2-fdff-43e2-93a6-f30f7d1f4d80,2012-02-15 13:16:42.872012551,0.0
Case970,W_Completeren aanvraag,res_7cc6cf66-7797-453d-b952-98449834316b,Role 1,2012-03-05 22:47:25.301221818,631,2,res_7cc6cf66-7797-453d-b952-98449834316b,2012-03-05 22:45:09.364563818,0.02564102564102564
Case970,W_Completeren aanvraag,res_f664dcd9-d4b7-456f-a1f7-9daea9e497fd,Role 1,2012-03-06 00:21:55.169769918,631,1,res_f664dcd9-d4b7-456f-a1f7-9daea9e497fd,2012-03-06 00:19:35.386211918,0.0
Case971,W_Afhandelen leads,res_2f56cb7e-3c7c-424a-95d0-d464cdf4e447,Role 1,2012-03-05 23:08:42.153483863,630,0,res_2f56cb7e-3c7c-424a-95d0-d464cdf4e447,2012-03-05 23:05:48.522697863,0.0
Case971,W_Completeren aanvraag,res_f3a5d8a5-7894-4471-8b15-4aeaf83a4249,Role 1,2012-03-06 00:54:46.201961563,630,1,res_f3a5d8a5-7894-4471-8b15-4aeaf83a4249,2012-03-06 00:52:21.094472563,0.0
Case971,W_Nabellen offertes,res_2f56cb7e-3c7c-424a-95d0-d464cdf4e447,Role 1,2012-03-09 22:38:18.994773963,620,1,res_2f56cb7e-3c7c-424a-95d0-d464cdf4e447,2012-03-09 22:36:19.715148963,0.0
Case971,W_Nabellen offertes,res_f664dcd9-d4b7-456f-a1f7-9daea9e497fd,Role 1,2012-03-14 10:36:45.533164663,616,1,res_f664dcd9-d4b7-456f-a1f7-9daea9e497fd,2012-03-14 10:35:06.113186663,0.0
Case971,W_Nabellen offertes,res_dcb46f81-367a-42ae-96c2-833faef25480,Role 1,2012-03-15 22:07:06.980296663,590,1,res_dcb46f81-367a-42ae-96c2-833faef25480,2012-03-15 22:05:15.950350663,0.0
Case972,W_Afhandelen leads,res_9e7fccd4-b30d-488c-ad55-351ad1a60226,Role 1,2012-03-05 23:26:52.872094845,631,0,res_9e7fccd4-b30d-488c-ad55-351ad1a60226,2012-03-05 23:24:00.593768845,0.0
Case972,W_Completeren aanvraag,res_b5ab845a-5020-427e-b6f1-42df333cb3fb,Role 1,2012-03-06 01:24:05.045261445,630,1,res_b5ab845a-5020-427e-b6f1-42df333cb3fb,2012-03-06 01:21:39.645775445,0.0
Case973,W_Afhandelen leads,res_f664dcd9-d4b7-456f-a1f7-9daea9e497fd,Role 1,2012-03-05 23:47:47.867871727,631,0,res_f664dcd9-d4b7-456f-a1f7-9daea9e497fd,2012-03-05 23:44:56.878478727,0.0
Case973,W_Completeren aanvraag,res_dcb46f81-367a-42ae-96c2-833faef25480,Role 1,2012-03-06 01:57:22.820081527,629,1,res_dcb46f81-367a-42ae-96c2-833faef25480,2012-03-06 01:54:56.498813527,0.0
Case973,W_Completeren aanvraag,res_d5418cc0-ed10-4016-ac16-0bc32f58673f,Role 1,2012-03-06 06:01:29.083276927,626,1,res_d5418cc0-ed10-4016-ac16-0bc32f58673f,2012-03-06 05:58:53.335289927,0.02564102564102564
Case973,W_Completeren aanvraag,res_7848a1c1-2878-42e4-b2ac-02ba3ecca52c,Role 1,2012-03-06 08:22:35.402608427,626,1,res_7848a1c1-2878-42e4-b2ac-02ba3ecca52c,2012-03-06 08:20:17.440110427,0.05128205128205128
Case974,W_Afhandelen leads,res_9548f08a-bc89-4837-8ec2-cdb10b4e93b0,Role 1,2012-03-06 11:53:46.678201722,622,0,res_9548f08a-bc89-4837-8ec2-cdb10b4e93b0,2012-03-06 11:50:49.760830722,0.0
Case974,W_Completeren aanvraag,res_6f56bab9-a4f7-420f-96ab-b17cd82647c1,Role 1,2012-03-06 13:13:59.503141722,631,1,res_6f56bab9-a4f7-420f-96ab-b17cd82647c1,2012-03-06 13:11:31.372070722,0.0
Case974,W_Nabellen offertes,res_0eb69d82-9670-4fe3-a195-9d055d280321,Role 1,2012-03-07 17:00:07.192263322,631,1,res_0eb69d82-9670-4fe3-a195-9d055d280321,2012-03-07 16:57:59.136294322,0.02564102564102564
Case975,W_Completeren aanvraag,res_cd801f30-7ddb-4e0a-8319-c3bbd19d3bc0,Role 1,2012-03-06 12:03:15.768979358,623,1,res_cd801f30-7ddb-4e0a-8319-c3bbd19d3bc0,2012-03-06 12:00:48.183539358,0.0
Case976,W_Afhandelen leads,res_e30a7ff2-fdff-43e2-93a6-f30f7d1f4d80,Role 1,2012-03-06 12:09:39.261110736,623,0,res_e30a7ff2-fdff-43e2-93a6-f30f7d1f4d80,2012-03-06 12:06:42.804403736,0.0
Case976,W_Completeren aanvraag,res_8435ed72-5b45-4de1-a40d-2e20f14bd3c6,Role 1,2012-03-06 13:24:07.060847136,631,1,res_8435ed72-5b45-4de1-a40d-2e20f14bd3c6,2012-03-06 13:21:38.565170136,0.0
Case976,W_Nabellen offertes,res_b5ab845a-5020-427e-b6f1-42df333cb3fb,Role 1,2012-03-07 17:14:26.520660736,629,1,res_b5ab845a-5020-427e-b6f1-42df333cb3fb,2012-03-07 17:12:19.047925736,0.0
Case977,W_Completeren aanvraag,res_9548f08a-bc89-4837-8ec2-cdb10b4e93b0,Role 1,2012-03-06 12:13:32.558089107,624,1,res_9548f08a-bc89-4837-8ec2-cdb10b4e93b0,2012-03-06 12:11:05.747715107,0.0
Case977,W_Completeren aanvraag,res_ee4279a0-2b97-4f9d-9945-00c80ada4a95,Role 1,2012-03-06 13:26:44.586409507,631,1,res_ee4279a0-2b97-4f9d-9945-00c80ada4a95,2012-03-06 13:24:19.962947507,0.0
Case977,W_Nabellen offertes,res_f3a5d8a5-7894-4471-8b15-4aeaf83a4249,Role 1,2012-03-07 16:34:22.975743807,629,2,res_f3a5d8a5-7894-4471-8b15-4aeaf83a4249,2012-03-07 16:32:18.108410807,0.02564102564102564
Case977,W_Nabellen offertes,res_501654f1-1e08-4e04-8b11-a5fd18a76e7d,Role 1,2012-03-13 20:45:29.660660707,627,2,res_501654f1-1e08-4e04-8b11-a5fd18a76e7d,2012-03-13 20:39:27.963564707,0.02564102564102564
Case978,W_Afhandelen leads,res_63d2fda6-0454-4ad2-8b55-d59c9622a8ed,Role 1,2012-03-06 12:18:25.862557115,625,0,res_63d2fda6-0454-4ad2-8b55-d59c9622a8ed,2012-03-06 12:15:29.698472115,0.0
Case978,W_Completeren aanvraag,res_46a776b0-74ef-429c-befa-758731ba64c1,Role 1,2012-03-06 13:30:16.633999915,631,1,res_46a776b0-74ef-429c-befa-758731ba64c1,2012-03-06 13:27:47.956149915,0.0
Case978,W_Nabellen offertes,res_5c0494f5-5178-4b1a-9a41-59b27da90a66,Role 1,2012-03-07 17:04:57.645241515,631,1,res_5c0494f5-5178-4b1a-9a41-59b27da90a66,2012-03-07 17:02:49.848397515,0.0
Case979,W_Afhandelen leads,res_f3a5d8a5-7894-4471-8b15-4aeaf83a4249,Role 1,2012-03-06 12:23:07.810955597,626,0,res_f3a5d8a5-7894-4471-8b15-4aeaf83a4249,2012-03-06 12:20:11.783250597,0.0
Case979,W_Completeren aanvraag,res_24e554c7-8afb-451c-a96e-dea7923be74d,Role 1,2012-03-06 13:33:42.609353997,631,1,res_24e554c7-8afb-451c-a96e-dea7923be74d,2012-03-06 13:31:13.833834997,0.0
Case979,W_Nabellen offertes,res_75b73935-48c2-4abe-9548-628b120b0d25,Role 1,2012-03-07 16:59:28.660893597,632,2,res_75b73935-48c2-4abe-9548-628b120b0d25,2012-03-07 16:57:23.555663597,0.05128205128205128
Case979,W_Nabellen offertes,res_177ed8cb-552b-4612-b348-20f464d6e7e5,Role 1,2012-03-13 22:46:24.025599097,624,1,res_177ed8cb-552b-4612-b348-20f464d6e7e5,2012-03-13 22:38:41.280007097,0.0
Case98,W_Completeren aanvraag,res_d5418cc0-ed10-4016-ac16-0bc32f58673f,Role 1,2012-02-15 13:21:26.159037067,557,3,res_d5418cc0-ed10-4016-ac16-0bc32f58673f,2012-02-15 13:19:05.929293067,0.05128205128205128
Case980,W_Afhandelen leads,res_a6c40c08-3f7b-4865-a717-e7f1f1b6f98b,Role 1,2012-03-06 12:28:02.865868366,627,0,res_a6c40c08-3f7b-4865-a717-e7f1f1b6f98b,2012-03-06 12:25:06.964822366,0.0
Case980,W_Completeren aanvraag,res_2f56cb7e-3c7c-424a-95d0-d464cdf4e447,Role 1,2012-03-06 13:37:24.087952366,631,1,res_2f56cb7e-3c7c-424a-95d0-d464cdf4e447,2012-03-06 13:34:55.210699366,0.0
Case981,W_Afhandelen leads,res_c3a01281-6e48-4ea3-a47a-9410360458be,Role 1,2012-03-06 12:34:22.547316679,628,0,res_c3a01281-6e48-4ea3-a47a-9410360458be,2012-03-06 12:31:26.771827679,0.0
Case981,W_Completeren aanvraag,res_63d2fda6-0454-4ad2-8b55-d59c9622a8ed,Role 1,2012-03-06 13:42:16.948780479,630,1,res_63d2fda6-0454-4ad2-8b55-d59c9622a8ed,2012-03-06 13:39:47.944977479,0.0
Case981,W_Completeren aanvraag,res_31f16881-0e61-460a-88bc-abc46854faba,Role 1,2012-03-06 16:26:41.357559679,631,1,res_31f16881-0e61-460a-88bc-abc46854faba,2012-03-06 16:24:24.112613679,0.0
Case982,W_Afhandelen leads,res_e30a7ff2-fdff-43e2-93a6-f30f7d1f4d80,Role 1,2012-03-06 12:41:43.704265876,629,0,res_e30a7ff2-fdff-43e2-93a6-f30f7d1f4d80,2012-03-06 12:38:48.033016876,0.0
Case982,W_Completeren aanvraag,res_42f40199-b27a-43f0-a89c-188ab6bfaf36,Role 1,2012-03-06 13:48:07.491773576,631,1,res_42f40199-b27a-43f0-a89c-188ab6bfaf36,2012-03-06 13:45:39.154408576,0.02564102564102564
Case982,W_Completeren aanvraag,res_c3a01281-6e48-4ea3-a47a-9410360458be,Role 1,2012-03-06 16:27:00.639860876,631,2,res_c3a01281-6e48-4ea3-a47a-9410360458be,2012-03-06 16:24:45.317565876,0.02564102564102564
Case982,W_Nabellen offertes,res_c6ff2914-8075-4a61-b381-b682f6eb47de,Role 1,2012-03-07 03:45:48.689958276,626,2,res_c6ff2914-8075-4a61-b381-b682f6eb47de,2012-03-07 03:43:50.354153276,0.02564102564102564
Case982,W_Nabellen offertes,res_a7efadcf-4796-49e4-a611-9f847fa3b6b3,Role 1,2012-03-10 21:55:09.524238076,613,1,res_a7efadcf-4796-49e4-a611-9f847fa3b6b3,2012-03-10 21:53:28.206238076,0.0
Case983,W_Afhandelen leads,res_501654f1-1e08-4e04-8b11-a5fd18a76e7d,Role 1,2012-03-06 12:53:14.754023157,630,0,res_501654f1-1e08-4e04-8b11-a5fd18a76e7d,2012-03-06 12:50:19.140724157,0.0
Case983,W_Completeren aanvraag,res_63d2fda6-0454-4ad2-8b55-d59c9622a8ed,Role 1,2012-03-06 13:56:33.400468857,631,1,res_63d2fda6-0454-4ad2-8b55-d59c9622a8ed,2012-03-06 13:54:04.843759857,0.02564102564102564
Case983,W_Completeren aanvraag,res_8435ed72-5b45-4de1-a40d-2e20f14bd3c6,Role 1,2012-03-06 16:14:25.359081757,632,1,res_8435ed72-5b45-4de1-a40d-2e20f14bd3c6,2012-03-06 16:12:09.240190757,0.05128205128205128
Case984,W_Completeren aanvraag,res_63d2fda6-0454-4ad2-8b55-d59c9622a8ed,Role 1,2012-03-06 12:53:37.470683579,631,1,res_63d2fda6-0454-4ad2-8b55-d59c9622a8ed,2012-03-06 12:51:13.542788579,0.02564102564102564
Case984,W_Completeren aanvraag,res_2f56cb7e-3c7c-424a-95d0-d464cdf4e447,Role 1,2012-03-06 13:57:53.041161779,630,2,res_2f56cb7e-3c7c-424a-95d0-d464cdf4e447,2012-03-06 13:55:30.583473779,0.02564102564102564
Case984,W_Completeren aanvraag,res_177ed8cb-552b-4612-b348-20f464d6e7e5,Role 1,2012-03-06 16:11:46.740173279,630,1,res_177ed8cb-552b-4612-b348-20f464d6e7e5,2012-03-06 16:09:32.445075279,0.0
Case984,W_Nabellen offertes,res_69f394fc-b099-49f7-8f4e-cce94cd03365,Role 1,2012-03-07 01:33:28.922661479,629,1,res_69f394fc-b099-49f7-8f4e-cce94cd03365,2012-03-07 01:31:42.688539479,0.0
Case985,W_Completeren aanvraag,res_85f526bd-1f2c-4373-8dcc-9710ee98b7b2,Role 1,2012-03-06 13:08:24.613635710,632,2,res_85f526bd-1f2c-4373-8dcc-9710ee98b7b2,2012-03-06 13:06:05.132177710,0.02564102564102564
Case986,W_Completeren aanvraag,res_9548f08a-bc89-4837-8ec2-cdb10b4e93b0,Role 1,2012-03-06 13:20:55.866429237,632,2,res_9548f08a-bc89-4837-8ec2-cdb10b4e93b0,2012-03-06 13:18:36.686623237,0.02564102564102564
Case987,W_Afhandelen leads,res_425ded41-e317-4198-891a-d9f3e32a6030,Role 1,2012-03-06 13:40:10.414589153,631,0,res_425ded41-e317-4198-891a-d9f3e32a6030,2012-03-06 13:37:13.943835153,0.0
Case987,W_Completeren aanvraag,res_3e93a9a9-cdc4-46ed-8b29-3e63e6d2a9a2,Role 1,2012-03-06 14:39:01.615413252,630,1,res_3e93a9a9-cdc4-46ed-8b29-3e63e6d2a9a2,2012-03-06 14:36:31.211548252,0.0
Case988,W_Afhandelen leads,res_f612d14e-303a-4d03-a37a-3b98918a5014,Role 1,2012-03-06 13:53:59.077626400,631,0,res_f612d14e-303a-4d03-a37a-3b98918a5014,2012-03-06 13:51:04.079040400,0.02564102564102564
Case988,W_Completeren aanvraag,res_501654f1-1e08-4e04-8b11-a5fd18a76e7d,Role 1,2012-03-06 14:52:22.729753900,630,2,res_501654f1-1e08-4e04-8b11-a5fd18a76e7d,2012-03-06 14:49:55.240144900,0.02564102564102564
Case988,W_Nabellen offertes,res_75b73935-48c2-4abe-9548-628b120b0d25,Role 1,2012-03-07 14:31:00.392396500,624,1,res_75b73935-48c2-4abe-9548-628b120b0d25,2012-03-07 14:28:43.642612500,0.0
Case988,W_Nabellen offertes,res_f3a5d8a5-7894-4471-8b15-4aeaf83a4249,Role 1,2012-03-13 16:30:49.458661500,630,1,res_f3a5d8a5-7894-4471-8b15-4aeaf83a4249,2012-03-13 16:29:02.404979500,0.0
Case989,W_Completeren aanvraag,res_7a10508e-56ae-4766-abd2-e94c8442b539,Role 1,2012-03-06 13:53:42.570987149,632,2,res_7a10508e-56ae-4766-abd2-e94c8442b539,2012-03-06 13:51:24.227953149,0.05128205128205128
Case989,W_Completeren aanvraag,res_f612d14e-303a-4d03-a37a-3b98918a5014,Role 1,2012-03-06 14:51:41.814843149,630,1,res_f612d14e-303a-4d03-a37a-3b98918a5014,2012-03-06 14:49:17.165756149,0.0
Case99,W_Completeren aanvraag,res_85f526bd-1f2c-4373-8dcc-9710ee98b7b2,Role 1,2012-02-15 13:39:37.485214036,556,1,res_85f526bd-1f2c-4373-8dcc-9710ee98b7b2,2012-02-15 13:37:06.918462036,0.0
Case99,W_Completeren aanvraag,res_46a776b0-74ef-429c-befa-758731ba64c1,Role 1,2012-02-15 14:39:41.392820436,560,1,res_46a776b0-74ef-429c-befa-758731ba64c1,2012-02-15 14:37:10.164635436,0.02564102564102564
Case99,W_Nabellen offertes,res_31f16881-0e61-460a-88bc-abc46854faba,Role 1,2012-02-16 23:26:53.116812536,587,1,res_31f16881-0e61-460a-88bc-abc46854faba,2012-02-16 23:25:02.576509536,0.0
Case990,W_Afhandelen leads,res_2f56cb7e-3c7c-424a-95d0-d464cdf4e447,Role 1,2012-03-06 14:15:02.310202833,631,0,res_2f56cb7e-3c7c-424a-95d0-d464cdf4e447,2012-03-06 14:12:04.393532833,0.0
Case990,W_Completeren aanvraag,res_f612d14e-303a-4d03-a37a-3b98918a5014,Role 1,2012-03-06 15:12:23.569411733,630,1,res_f612d14e-303a-4d03-a37a-3b98918a5014,2012-03-06 15:09:52.457468733,0.0
Case990,W_Completeren aanvraag,res_ddc79bf3-8255-4b9b-ace2-8a46af780bc5,Role 1,2012-03-06 16:56:08.503303733,632,1,res_ddc79bf3-8255-4b9b-ace2-8a46af780bc5,2012-03-06 16:53:52.212411733,0.02564102564102564
Case991,W_Completeren aanvraag,res_85f526bd-1f2c-4373-8dcc-9710ee98b7b2,Role 1,2012-03-06 14:28:21.375035630,632,1,res_85f526bd-1f2c-4373-8dcc-9710ee98b7b2,2012-03-06 14:25:58.558520630,0.0
Case992,W_Afhandelen leads,res_3e93a9a9-cdc4-46ed-8b29-3e63e6d2a9a2,Role 1,2012-03-06 14:43:59.662455135,630,0,res_3e93a9a9-cdc4-46ed-8b29-3e63e6d2a9a2,2012-03-06 14:41:00.222366135,0.0
Case992,W_Completeren aanvraag,res_7a10508e-56ae-4766-abd2-e94c8442b539,Role 1,2012-03-06 15:40:14.150963934,631,1,res_7a10508e-56ae-4766-abd2-e94c8442b539,2012-03-06 15:37:42.490412934,0.0
Case993,W_Completeren aanvraag,res_31f16881-0e61-460a-88bc-abc46854faba,Role 1,2012-03-06 14:54:11.130406006,630,1,res_31f16881-0e61-460a-88bc-abc46854faba,2012-03-06 14:51:48.009911006,0.0
Case994,W_Completeren aanvraag,res_dcb46f81-367a-42ae-96c2-833faef25480,Role 1,2012-03-06 14:55:54.697269212,631,2,res_dcb46f81-367a-42ae-96c2-833faef25480,2012-03-06 14:53:35.806594212,0.02564102564102564
Case994,W_Completeren aanvraag,res_ddc79bf3-8255-4b9b-ace2-8a46af780bc5,Role 1,2012-03-06 15:51:41.025920012,630,1,res_ddc79bf3-8255-4b9b-ace2-8a46af780bc5,2012-03-06 15:49:15.395394012,0.0
Case994,W_Nabellen offertes,res_177ed8cb-552b-4612-b348-20f464d6e7e5,Role 1,2012-03-07 12:51:18.945572812,624,1,res_177ed8cb-552b-4612-b348-20f464d6e7e5,2012-03-07 12:48:42.767521812,0.0
Case994,W_Nabellen offertes,res_3e93a9a9-cdc4-46ed-8b29-3e63e6d2a9a2,Role 1,2012-03-13 17:20:23.333056811,629,2,res_3e93a9a9-cdc4-46ed-8b29-3e63e6d2a9a2,2012-03-13 17:18:23.870793811,0.02564102564102564
Case995,W_Completeren aanvraag,res_9e7fccd4-b30d-488c-ad55-351ad1a60226,Role 1,2012-03-06 15:12:10.332676700,631,1,res_9e7fccd4-b30d-488c-ad55-351ad1a60226,2012-03-06 15:09:46.984188700,0.0
Case995,W_Completeren aanvraag,res_7cc6cf66-7797-453d-b952-98449834316b,Role 1,2012-03-06 16:07:32.489880400,631,1,res_7cc6cf66-7797-453d-b952-98449834316b,2012-03-06 16:05:05.016130400,0.0
Case995,W_Completeren aanvraag,res_a7efadcf-4796-49e4-a611-9f847fa3b6b3,Role 1,2012-03-06 17:36:25.603553600,632,1,res_a7efadcf-4796-49e4-a611-9f847fa3b6b3,2012-03-06 17:34:10.823088600,0.02564102564102564
Case996,W_Completeren aanvraag,res_408aec04-fa16-4916-b3c7-40322d591997,Role 1,2012-03-06 15:30:54.930284079,632,1,res_408aec04-fa16-4916-b3c7-40322d591997,2012-03-06 15:28:31.293520079,0.0
Case997,W_Afhandelen leads,res_ee4279a0-2b97-4f9d-9945-00c80ada4a95,Role 1,2012-03-06 15:55:09.889243951,631,0,res_ee4279a0-2b97-4f9d-9945-00c80ada4a95,2012-03-06 15:52:08.769531951,0.02564102564102564
Case997,W_Completeren aanvraag,res_5c0494f5-5178-4b1a-9a41-59b27da90a66,Role 1,2012-03-06 16:49:48.705086850,631,1,res_5c0494f5-5178-4b1a-9a41-59b27da90a66,2012-03-06 16:47:16.282083850,0.0
Case997,W_Nabellen offertes,res_177ed8cb-552b-4612-b348-20f464d6e7e5,Role 1,2012-03-07 08:40:29.150509451,626,1,res_177ed8cb-552b-4612-b348-20f464d6e7e5,2012-03-07 08:37:17.013544451,0.0
Case998,W_Afhandelen leads,res_ddc79bf3-8255-4b9b-ace2-8a46af780bc5,Role 1,2012-03-06 15:56:57.166889256,632,1,res_ddc79bf3-8255-4b9b-ace2-8a46af780bc5,2012-03-06 15:54:04.625780256,0.05128205128205128
Case998,W_Completeren aanvraag,res_5c0494f5-5178-4b1a-9a41-59b27da90a66,Role 1,2012-03-06 16:51:26.110569856,631,2,res_5c0494f5-5178-4b1a-9a41-59b27da90a66,2012-03-06 16:48:58.417467856,0.02564102564102564
Case999,W_Completeren aanvraag,res_177ed8cb-552b-4612-b348-20f464d6e7e5,Role 1,2012-03-06 16:18:28.928053298,631,1,res_177ed8cb-552b-4612-b348-20f464d6e7e5,2012-03-06 16:16:04.379565298,0.0
Case999,W_Nabellen offertes,res_cd801f30-7ddb-4e0a-8319-c3bbd19d3bc0,Role 1,2012-03-06 16:40:05.547238598,631,1,res_cd801f30-7ddb-4e0a-8319-c3bbd19d3bc0,2012-03-06 16:37:43.829089598,0.0
Case999,W_Nabellen offertes,res_31f16881-0e61-460a-88bc-abc46854faba,Role 1,2012-03-15 10:55:31.330711098,594,1,res_31f16881-0e61-460a-88bc-abc46854faba,2012-03-15 10:53:35.588154098,0.0
Case999,W_Nabellen offertes,res_cd801f30-7ddb-4e0a-8319-c3bbd19d3bc0,Role 1,2012-03-17 04:44:22.788844398,573,1,res_cd801f30-7ddb-4e0a-8319-c3bbd19d3bc0,2012-03-17 04:34:44.840805398,0.0
Case999,W_Nabellen offertes,res_9548f08a-bc89-4837-8ec2-cdb10b4e93b0,Role 1,2012-03-19 07:36:14.878820298,551,1,res_9548f08a-bc89-4837-8ec2-cdb10b4e93b0,2012-03-19 07:34:20.539702298,0.0
