caseid,task,resource,role,end_timestamp,pr_instances,tsk_start_inst,res_id,start_timestamp,rp_start_oc
Case1,W_Completeren aanvraag,res_bae84d23-abe1-4580-a954-c8576ba025c9,Role 1,2012-02-13 19:02:32.510964000,520,1,res_bae84d23-abe1-4580-a954-c8576ba025c9,2012-02-13 19:00:00.000000000,0.0
Case1,W_Nabellen offertes,res_4d502259-de4c-4574-91b7-d3c939a9cf04,Role 1,2012-02-13 19:21:47.015426600,521,1,res_4d502259-de4c-4574-91b7-d3c939a9cf04,2012-02-13 19:19:25.493952600,0.0
Case10,W_Completeren aanvraag,res_8a4ef218-abd5-42fa-9b05-623b7ba3c08b,Role 1,2012-02-14 08:16:06.230026124,525,1,res_8a4ef218-abd5-42fa-9b05-623b7ba3c08b,2012-02-14 08:13:23.821260124,0.0
Case10,W_Completeren aanvraag,res_709ed04f-5b76-49c4-aeeb-ad921b6f6ca1,Role 1,2012-02-14 10:49:13.996942224,541,1,res_709ed04f-5b76-49c4-aeeb-ad921b6f6ca1,2012-02-14 10:46:53.829544224,0.0
Case100,W_Completeren aanvraag,res_0fc057cb-3a7d-47d3-8cd2-6d92b33620c4,Role 1,2012-02-15 13:54:37.100854265,554,1,res_0fc057cb-3a7d-47d3-8cd2-6d92b33620c4,2012-02-15 13:52:06.567416266,0.0
Case100,W_Nabellen offertes,res_a400b893-c7da-495f-bf62-a744eeccb8c5,Role 1,2012-02-15 14:23:58.758979666,553,1,res_a400b893-c7da-495f-bf62-a744eeccb8c5,2012-02-15 14:21:38.706910666,0.02564102564102564
Case100,W_Nabellen offertes,res_b42bc940-a579-4310-8bba-a668ba469508,Role 1,2012-02-24 06:10:54.791149966,638,1,res_b42bc940-a579-4310-8bba-a668ba469508,2012-02-24 06:08:07.601690966,0.0
Case100,W_Nabellen offertes,res_d5f36d0a-a64a-45e5-8850-daee823f6c96,Role 1,2012-02-26 05:37:35.949832466,640,1,res_d5f36d0a-a64a-45e5-8850-daee823f6c96,2012-02-26 05:35:38.517126466,0.0
Case100,W_Nabellen offertes,res_709ed04f-5b76-49c4-aeeb-ad921b6f6ca1,Role 1,2012-02-28 14:05:35.720911066,614,1,res_709ed04f-5b76-49c4-aeeb-ad921b6f6ca1,2012-02-28 14:02:09.648733066,0.0
Case1000,W_Completeren aanvraag,res_d5f36d0a-a64a-45e5-8850-daee823f6c96,Role 1,2012-03-06 16:41:10.131191473,637,1,res_d5f36d0a-a64a-45e5-8850-daee823f6c96,2012-03-06 16:38:45.438621473,0.0
Case1000,W_Nabellen offertes,res_570add54-a9ce-40af-8ebf-c88ddafd5fef,Role 1,2012-03-06 17:02:01.438863773,639,1,res_570add54-a9ce-40af-8ebf-c88ddafd5fef,2012-03-06 16:59:40.201177773,0.0
Case1000,W_Nabellen offertes,res_a400b893-c7da-495f-bf62-a744eeccb8c5,Role 1,2012-03-15 11:13:14.562448873,601,1,res_a400b893-c7da-495f-bf62-a744eeccb8c5,2012-03-15 11:11:19.630473873,0.0
Case1000,W_Nabellen offertes,res_b42bc940-a579-4310-8bba-a668ba469508,Role 1,2012-03-17 05:32:23.214934773,573,1,res_b42bc940-a579-4310-8bba-a668ba469508,2012-03-17 05:22:33.315032773,0.0
Case1000,W_Nabellen offertes,res_d856942c-e08c-4dce-8114-31eacb6f69b7,Role 1,2012-03-19 07:32:33.861529473,562,1,res_d856942c-e08c-4dce-8114-31eacb6f69b7,2012-03-19 07:30:38.915069473,0.0
Case1001,W_Afhandelen leads,res_1b9a0c06-ad62-425d-8a95-45a175c5555c,Role 1,2012-03-06 16:55:34.691876896,638,0,res_1b9a0c06-ad62-425d-8a95-45a175c5555c,2012-03-06 16:52:29.529152896,0.0
Case1001,W_Completeren aanvraag,res_d856942c-e08c-4dce-8114-31eacb6f69b7,Role 1,2012-03-06 17:49:55.114765296,638,1,res_d856942c-e08c-4dce-8114-31eacb6f69b7,2012-03-06 17:47:22.107511296,0.0
Case1001,W_Completeren aanvraag,res_bb73aa9d-d45e-496a-a1ec-c9fe6e899287,Role 1,2012-03-06 19:08:33.526516196,638,1,res_bb73aa9d-d45e-496a-a1ec-c9fe6e899287,2012-03-06 19:06:18.754209196,0.05128205128205128
Case1001,W_Completeren aanvraag,res_3efedec2-7c7d-4360-b422-dcf1d20a8bfd,Role 1,2012-03-06 19:50:39.528820196,638,1,res_3efedec2-7c7d-4360-b422-dcf1d20a8bfd,2012-03-06 19:48:43.737099196,0.0
Case1002,W_Afhandelen leads,res_a400b893-c7da-495f-bf62-a744eeccb8c5,Role 1,2012-03-06 16:56:00.806009569,639,1,res_a400b893-c7da-495f-bf62-a744eeccb8c5,2012-03-06 16:53:03.782304569,0.02564102564102564
Case1002,W_Completeren aanvraag,res_3efedec2-7c7d-4360-b422-dcf1d20a8bfd,Role 1,2012-03-06 17:50:10.120158869,638,2,res_3efedec2-7c7d-4360-b422-dcf1d20a8bfd,2012-03-06 17:47:41.952104869,0.02564102564102564
Case1003,W_Completeren aanvraag,res_1b3fa211-3349-4835-aae7-baccd0368824,Role 1,2012-03-06 17:18:57.212917704,639,1,res_1b3fa211-3349-4835-aae7-baccd0368824,2012-03-06 17:16:32.191305704,0.0
Case1003,W_Nabellen offertes,res_5724148e-e102-4421-a053-83c428a11f68,Role 1,2012-03-06 17:38:35.902331904,640,1,res_5724148e-e102-4421-a053-83c428a11f68,2012-03-06 17:36:15.579622904,0.0
Case1004,W_Completeren aanvraag,res_1b3fa211-3349-4835-aae7-baccd0368824,Role 1,2012-03-06 17:33:38.761136461,640,1,res_1b3fa211-3349-4835-aae7-baccd0368824,2012-03-06 17:31:13.706238461,0.0
Case1004,W_Nabellen offertes,res_843e228f-f915-4f9a-b2c1-ff974c62e207,Role 1,2012-03-06 17:52:52.182361561,637,1,res_843e228f-f915-4f9a-b2c1-ff974c62e207,2012-03-06 17:50:32.316812561,0.0
Case1005,W_Completeren aanvraag,res_dec66574-3de2-4d20-a02f-ab348539e500,Role 1,2012-03-06 17:54:25.091644969,637,1,res_dec66574-3de2-4d20-a02f-ab348539e500,2012-03-06 17:51:59.916491969,0.0
Case1005,W_Completeren aanvraag,res_9a47d014-a019-4396-9e72-1d1379a66c99,Role 1,2012-03-06 18:49:51.820820369,637,1,res_9a47d014-a019-4396-9e72-1d1379a66c99,2012-03-06 18:47:24.902217369,0.0
Case1006,W_Completeren aanvraag,res_b42bc940-a579-4310-8bba-a668ba469508,Role 1,2012-03-06 17:55:42.693166151,638,3,res_b42bc940-a579-4310-8bba-a668ba469508,2012-03-06 17:53:25.549371151,0.05128205128205128
Case1006,W_Nabellen offertes,res_7b435aaa-ab1b-4205-92d4-81495e1b2d15,Role 1,2012-03-06 18:14:17.159115351,638,1,res_7b435aaa-ab1b-4205-92d4-81495e1b2d15,2012-03-06 18:12:02.687392351,0.0
Case1006,W_Nabellen offertes,res_709ed04f-5b76-49c4-aeeb-ad921b6f6ca1,Role 1,2012-03-15 04:06:31.452154251,610,1,res_709ed04f-5b76-49c4-aeeb-ad921b6f6ca1,2012-03-15 04:02:35.928946251,0.0
Case1007,W_Afhandelen leads,res_d856942c-e08c-4dce-8114-31eacb6f69b7,Role 1,2012-03-06 18:09:15.886850328,638,0,res_d856942c-e08c-4dce-8114-31eacb6f69b7,2012-03-06 18:06:09.193164328,0.0
Case1007,W_Completeren aanvraag,res_1d01c37d-a137-4a7e-8f12-e8c97f0c7f2b,Role 1,2012-03-06 19:04:58.435064628,638,1,res_1d01c37d-a137-4a7e-8f12-e8c97f0c7f2b,2012-03-06 19:02:25.801515628,0.0
Case1007,W_Nabellen offertes,res_4d502259-de4c-4574-91b7-d3c939a9cf04,Role 1,2012-03-08 11:07:45.569483228,627,1,res_4d502259-de4c-4574-91b7-d3c939a9cf04,2012-03-08 11:04:05.381478228,0.0
Case1008,W_Afhandelen leads,res_59c642c1-18f5-484a-aed6-a023ede79a28,Role 1,2012-03-06 18:33:29.082268785,638,0,res_59c642c1-18f5-484a-aed6-a023ede79a28,2012-03-06 18:30:23.944664785,0.02564102564102564
Case1008,W_Completeren aanvraag,res_8a4ef218-abd5-42fa-9b05-623b7ba3c08b,Role 1,2012-03-06 19:30:05.733019585,638,1,res_8a4ef218-abd5-42fa-9b05-623b7ba3c08b,2012-03-06 19:27:33.688433585,0.0
Case1008,W_Nabellen offertes,res_0ba00481-2705-40d0-b647-5ea4bd04a214,Role 1,2012-03-08 20:32:25.692685185,628,2,res_0ba00481-2705-40d0-b647-5ea4bd04a214,2012-03-08 20:30:29.148733185,0.02564102564102564
Case1008,W_Nabellen offertes,res_8a4ef218-abd5-42fa-9b05-623b7ba3c08b,Role 1,2012-03-14 17:42:50.128000885,617,1,res_8a4ef218-abd5-42fa-9b05-623b7ba3c08b,2012-03-14 17:41:09.723183885,0.0
Case1008,W_Nabellen offertes,res_d39cd18a-e6fc-4de4-b991-deff4ba6e82a,Role 1,2012-03-16 11:47:19.696709285,587,1,res_d39cd18a-e6fc-4de4-b991-deff4ba6e82a,2012-03-16 11:45:37.025753285,0.0
Case1009,W_Afhandelen leads,res_5a3eddbb-0eb4-49ac-9904-07583235092c,Role 1,2012-03-06 18:56:38.042487535,637,0,res_5a3eddbb-0eb4-49ac-9904-07583235092c,2012-03-06 18:53:31.197307535,0.0
Case1009,W_Completeren aanvraag,res_3efedec2-7c7d-4360-b422-dcf1d20a8bfd,Role 1,2012-03-06 19:54:29.648526835,636,2,res_3efedec2-7c7d-4360-b422-dcf1d20a8bfd,2012-03-06 19:52:00.859152835,0.02564102564102564
Case1009,W_Completeren aanvraag,res_5724148e-e102-4421-a053-83c428a11f68,Role 1,2012-03-06 21:54:31.312444635,636,1,res_5724148e-e102-4421-a053-83c428a11f68,2012-03-06 21:52:17.922913635,0.0
Case1009,W_Nabellen offertes,res_6488ab10-d3ee-4b87-935d-302131660e4e,Role 1,2012-03-07 23:50:44.205975735,634,1,res_6488ab10-d3ee-4b87-935d-302131660e4e,2012-03-07 23:49:03.652991735,0.0
Case101,W_Completeren aanvraag,res_f8049b85-d52c-466e-8778-58e1f3f71604,Role 1,2012-02-15 14:07:23.793938355,553,1,res_f8049b85-d52c-466e-8778-58e1f3f71604,2012-02-15 14:04:53.233546355,0.0
Case101,W_Nabellen offertes,res_1d01c37d-a137-4a7e-8f12-e8c97f0c7f2b,Role 1,2012-02-15 14:36:03.767744955,554,1,res_1d01c37d-a137-4a7e-8f12-e8c97f0c7f2b,2012-02-15 14:33:43.129240955,0.0
Case101,W_Nabellen offertes,res_d39cd18a-e6fc-4de4-b991-deff4ba6e82a,Role 1,2012-02-24 05:24:09.867682755,640,1,res_d39cd18a-e6fc-4de4-b991-deff4ba6e82a,2012-02-24 05:20:50.103942755,0.0
Case1010,W_Afhandelen leads,res_5a3eddbb-0eb4-49ac-9904-07583235092c,Role 1,2012-03-06 18:56:38.464629634,638,1,res_5a3eddbb-0eb4-49ac-9904-07583235092c,2012-03-06 18:53:39.256872634,0.02564102564102564
Case1010,W_Completeren aanvraag,res_5a3eddbb-0eb4-49ac-9904-07583235092c,Role 1,2012-03-06 19:54:19.753586834,636,1,res_5a3eddbb-0eb4-49ac-9904-07583235092c,2012-03-06 19:51:50.002828834,0.0
Case1011,W_Completeren aanvraag,res_d856942c-e08c-4dce-8114-31eacb6f69b7,Role 1,2012-03-06 19:22:12.811886759,639,1,res_d856942c-e08c-4dce-8114-31eacb6f69b7,2012-03-06 19:19:48.857175759,0.0
Case1012,W_Completeren aanvraag,res_709ed04f-5b76-49c4-aeeb-ad921b6f6ca1,Role 1,2012-03-06 19:54:30.427242186,636,1,res_709ed04f-5b76-49c4-aeeb-ad921b6f6ca1,2012-03-06 19:52:07.182582186,0.0
Case1012,W_Nabellen offertes,res_6488ab10-d3ee-4b87-935d-302131660e4e,Role 1,2012-03-06 20:12:44.577583786,635,1,res_6488ab10-d3ee-4b87-935d-302131660e4e,2012-03-06 20:10:30.221699786,0.0
Case1013,W_Completeren aanvraag,res_5724148e-e102-4421-a053-83c428a11f68,Role 1,2012-03-06 20:25:52.460976554,635,1,res_5724148e-e102-4421-a053-83c428a11f68,2012-03-06 20:23:30.098478554,0.0
Case1013,W_Nabellen offertes,res_843e228f-f915-4f9a-b2c1-ff974c62e207,Role 1,2012-03-06 20:44:42.121337153,635,1,res_843e228f-f915-4f9a-b2c1-ff974c62e207,2012-03-06 20:42:28.867911154,0.0
Case1013,W_Nabellen offertes,res_4c3013be-6589-47a8-a7c4-f99f2e4b9a48,Role 1,2012-03-14 16:40:22.227230354,618,1,res_4c3013be-6589-47a8-a7c4-f99f2e4b9a48,2012-03-14 16:38:35.611335354,0.0
Case1014,W_Completeren aanvraag,res_1b9a0c06-ad62-425d-8a95-45a175c5555c,Role 1,2012-03-06 20:58:37.934224829,636,1,res_1b9a0c06-ad62-425d-8a95-45a175c5555c,2012-03-06 20:56:16.632362829,0.0
Case1014,W_Nabellen offertes,res_1d01c37d-a137-4a7e-8f12-e8c97f0c7f2b,Role 1,2012-03-06 21:18:14.666642029,636,1,res_1d01c37d-a137-4a7e-8f12-e8c97f0c7f2b,2012-03-06 21:16:02.251897029,0.0
Case1014,W_Nabellen offertes,res_b70af2ff-820e-4016-a03c-831214a09681,Role 1,2012-03-14 15:51:37.906583929,619,1,res_b70af2ff-820e-4016-a03c-831214a09681,2012-03-14 15:49:54.462475929,0.0
Case1015,W_Afhandelen leads,res_3efedec2-7c7d-4360-b422-dcf1d20a8bfd,Role 1,2012-03-06 21:57:51.296822568,637,0,res_3efedec2-7c7d-4360-b422-dcf1d20a8bfd,2012-03-06 21:54:49.595300568,0.0
Case1015,W_Completeren aanvraag,res_b70af2ff-820e-4016-a03c-831214a09681,Role 1,2012-03-06 23:03:44.086790068,638,1,res_b70af2ff-820e-4016-a03c-831214a09681,2012-03-06 23:01:18.528333068,0.02564102564102564
Case1016,W_Afhandelen leads,res_5a3eddbb-0eb4-49ac-9904-07583235092c,Role 1,2012-03-06 21:58:08.736616504,638,1,res_5a3eddbb-0eb4-49ac-9904-07583235092c,2012-03-06 21:55:14.781441504,0.02564102564102564
Case1016,W_Completeren aanvraag,res_5724148e-e102-4421-a053-83c428a11f68,Role 1,2012-03-06 23:04:25.245383804,639,3,res_5724148e-e102-4421-a053-83c428a11f68,2012-03-06 23:02:06.100798804,0.07692307692307693
Case1016,W_Nabellen offertes,res_709ed04f-5b76-49c4-aeeb-ad921b6f6ca1,Role 1,2012-03-11 01:38:16.807191704,628,1,res_709ed04f-5b76-49c4-aeeb-ad921b6f6ca1,2012-03-11 01:36:26.228108704,0.0
Case1017,W_Afhandelen leads,res_f8049b85-d52c-466e-8778-58e1f3f71604,Role 1,2012-03-06 22:56:23.709547220,638,0,res_f8049b85-d52c-466e-8778-58e1f3f71604,2012-03-06 22:53:25.580575220,0.0
Case1017,W_Completeren aanvraag,res_4d502259-de4c-4574-91b7-d3c939a9cf04,Role 1,2012-03-07 00:08:59.601144320,638,1,res_4d502259-de4c-4574-91b7-d3c939a9cf04,2012-03-07 00:06:26.510150320,0.02564102564102564
Case1017,W_Completeren aanvraag,res_5724148e-e102-4421-a053-83c428a11f68,Role 1,2012-03-07 13:22:03.357282520,629,1,res_5724148e-e102-4421-a053-83c428a11f68,2012-03-07 13:19:40.781614520,0.02564102564102564
Case1017,W_Nabellen offertes,res_5a3eddbb-0eb4-49ac-9904-07583235092c,Role 1,2012-03-07 19:58:48.611575720,628,1,res_5a3eddbb-0eb4-49ac-9904-07583235092c,2012-03-07 19:57:03.373932720,0.0
Case1017,W_Nabellen offertes,res_6488ab10-d3ee-4b87-935d-302131660e4e,Role 1,2012-03-10 21:33:11.644768220,623,1,res_6488ab10-d3ee-4b87-935d-302131660e4e,2012-03-10 21:31:31.771121220,0.02564102564102564
Case1017,W_Nabellen offertes,res_a400b893-c7da-495f-bf62-a744eeccb8c5,Role 1,2012-03-12 23:04:41.061016520,607,1,res_a400b893-c7da-495f-bf62-a744eeccb8c5,2012-03-12 22:55:23.501458520,0.0
Case1017,W_Nabellen offertes,res_5724148e-e102-4421-a053-83c428a11f68,Role 1,2012-03-14 12:09:38.539647720,621,1,res_5724148e-e102-4421-a053-83c428a11f68,2012-03-14 12:08:01.482700720,0.0
Case1018,W_Completeren aanvraag,res_230c0182-4111-4506-bfd5-9b0719b08311,Role 1,2012-03-06 22:58:27.366912034,639,2,res_230c0182-4111-4506-bfd5-9b0719b08311,2012-03-06 22:56:12.816551034,0.05128205128205128
Case1019,W_Completeren aanvraag,res_4d502259-de4c-4574-91b7-d3c939a9cf04,Role 1,2012-03-06 23:57:47.749624458,638,1,res_4d502259-de4c-4574-91b7-d3c939a9cf04,2012-03-06 23:55:31.114542458,0.0
Case1019,W_Nabellen offertes,res_a60942a0-f9c4-436b-a4d0-6eeb41b2f0f2,Role 1,2012-03-07 00:34:41.655367058,637,1,res_a60942a0-f9c4-436b-a4d0-6eeb41b2f0f2,2012-03-07 00:32:19.841367058,0.0
Case102,W_Afhandelen leads,res_4bfd217b-a1fe-4479-a77c-aded82769086,Role 1,2012-02-15 14:21:37.386534953,553,0,res_4bfd217b-a1fe-4479-a77c-aded82769086,2012-02-15 14:18:31.279403953,0.0
Case102,W_Completeren aanvraag,res_59c642c1-18f5-484a-aed6-a023ede79a28,Role 1,2012-02-15 15:19:38.961109953,557,1,res_59c642c1-18f5-484a-aed6-a023ede79a28,2012-02-15 15:17:04.872619953,0.02564102564102564
Case102,W_Completeren aanvraag,res_d856942c-e08c-4dce-8114-31eacb6f69b7,Role 1,2012-02-15 17:16:08.659266953,560,1,res_d856942c-e08c-4dce-8114-31eacb6f69b7,2012-02-15 17:13:51.746620953,0.0
Case102,W_Completeren aanvraag,res_4bfd217b-a1fe-4479-a77c-aded82769086,Role 1,2012-02-15 18:09:45.571392153,561,2,res_4bfd217b-a1fe-4479-a77c-aded82769086,2012-02-15 18:07:55.193084153,0.02564102564102564
Case102,W_Nabellen offertes,res_d5f36d0a-a64a-45e5-8850-daee823f6c96,Role 1,2012-02-15 21:45:44.084232153,565,1,res_d5f36d0a-a64a-45e5-8850-daee823f6c96,2012-02-15 21:44:09.547737153,0.0
Case102,W_Nabellen offertes,res_5724148e-e102-4421-a053-83c428a11f68,Role 1,2012-02-19 17:24:45.839797953,598,1,res_5724148e-e102-4421-a053-83c428a11f68,2012-02-19 17:15:32.751441953,0.0
Case1020,W_Afhandelen leads,res_219a258e-f803-4016-b457-8c77c3b88a65,Role 1,2012-03-07 12:04:15.064245353,629,0,res_219a258e-f803-4016-b457-8c77c3b88a65,2012-03-07 12:01:15.937329353,0.02564102564102564
Case1020,W_Completeren aanvraag,res_6488ab10-d3ee-4b87-935d-302131660e4e,Role 1,2012-03-07 13:15:55.357494853,632,1,res_6488ab10-d3ee-4b87-935d-302131660e4e,2012-03-07 13:13:22.105797853,0.02564102564102564
Case1021,W_Completeren aanvraag,res_219a258e-f803-4016-b457-8c77c3b88a65,Role 1,2012-03-07 12:12:57.233881393,630,1,res_219a258e-f803-4016-b457-8c77c3b88a65,2012-03-07 12:10:26.002647393,0.0
Case1021,W_Nabellen offertes,res_4bfd217b-a1fe-4479-a77c-aded82769086,Role 1,2012-03-07 12:50:26.008412293,633,1,res_4bfd217b-a1fe-4479-a77c-aded82769086,2012-03-07 12:48:05.361330293,0.02564102564102564
Case1022,W_Afhandelen leads,res_9a47d014-a019-4396-9e72-1d1379a66c99,Role 1,2012-03-07 12:18:45.587501460,631,0,res_9a47d014-a019-4396-9e72-1d1379a66c99,2012-03-07 12:15:45.362914460,0.0
Case1022,W_Completeren aanvraag,res_5724148e-e102-4421-a053-83c428a11f68,Role 1,2012-03-07 13:28:20.772359560,631,1,res_5724148e-e102-4421-a053-83c428a11f68,2012-03-07 13:25:46.365549560,0.0
Case1023,W_Completeren aanvraag,res_709ed04f-5b76-49c4-aeeb-ad921b6f6ca1,Role 1,2012-03-07 12:25:42.008966844,632,1,res_709ed04f-5b76-49c4-aeeb-ad921b6f6ca1,2012-03-07 12:23:11.661331844,0.0
Case1023,W_Nabellen offertes,res_6488ab10-d3ee-4b87-935d-302131660e4e,Role 1,2012-03-07 13:02:11.860559044,632,1,res_6488ab10-d3ee-4b87-935d-302131660e4e,2012-03-07 12:59:51.604077044,0.02564102564102564
Case1024,W_Completeren aanvraag,res_7b435aaa-ab1b-4205-92d4-81495e1b2d15,Role 1,2012-03-07 12:36:13.060018516,633,1,res_7b435aaa-ab1b-4205-92d4-81495e1b2d15,2012-03-07 12:33:43.329746516,0.0
Case1024,W_Nabellen offertes,res_a400b893-c7da-495f-bf62-a744eeccb8c5,Role 1,2012-03-07 13:11:55.735351216,632,1,res_a400b893-c7da-495f-bf62-a744eeccb8c5,2012-03-07 13:09:35.154648216,0.0
Case1024,W_Nabellen offertes,res_6488ab10-d3ee-4b87-935d-302131660e4e,Role 1,2012-03-15 17:41:43.078242416,596,1,res_6488ab10-d3ee-4b87-935d-302131660e4e,2012-03-15 17:39:55.364332416,0.0
Case1025,W_Afhandelen leads,res_08871a3e-f393-4f22-a0a4-e36c9d59a78e,Role 1,2012-03-07 12:46:54.872972715,634,0,res_08871a3e-f393-4f22-a0a4-e36c9d59a78e,2012-03-07 12:43:56.864139715,0.02564102564102564
Case1025,W_Completeren aanvraag,res_f8049b85-d52c-466e-8778-58e1f3f71604,Role 1,2012-03-07 13:51:11.815611215,632,1,res_f8049b85-d52c-466e-8778-58e1f3f71604,2012-03-07 13:48:37.685333215,0.0
Case1026,W_Afhandelen leads,res_408efd66-8ed2-49bc-94a8-733c7b98a934,Role 1,2012-03-07 12:56:58.410943539,633,0,res_408efd66-8ed2-49bc-94a8-733c7b98a934,2012-03-07 12:54:00.324076539,0.02564102564102564
Case1026,W_Completeren aanvraag,res_d5f36d0a-a64a-45e5-8850-daee823f6c96,Role 1,2012-03-07 14:01:09.718473439,631,1,res_d5f36d0a-a64a-45e5-8850-daee823f6c96,2012-03-07 13:58:35.561784439,0.0
Case1027,W_Completeren aanvraag,res_a60942a0-f9c4-436b-a4d0-6eeb41b2f0f2,Role 1,2012-03-07 13:03:58.565408473,632,1,res_a60942a0-f9c4-436b-a4d0-6eeb41b2f0f2,2012-03-07 13:01:30.652276473,0.02564102564102564
Case1027,W_Completeren aanvraag,res_13020984-8d57-4f3c-8ba3-5a323081e70b,Role 1,2012-03-07 14:07:30.146899173,630,1,res_13020984-8d57-4f3c-8ba3-5a323081e70b,2012-03-07 14:04:59.276877173,0.02564102564102564
Case1027,W_Nabellen offertes,res_4d502259-de4c-4574-91b7-d3c939a9cf04,Role 1,2012-03-08 22:37:38.134927773,627,1,res_4d502259-de4c-4574-91b7-d3c939a9cf04,2012-03-08 22:35:48.029479773,0.0
Case1028,W_Completeren aanvraag,res_f8049b85-d52c-466e-8778-58e1f3f71604,Role 1,2012-03-07 13:04:13.338250222,633,2,res_f8049b85-d52c-466e-8778-58e1f3f71604,2012-03-07 13:01:50.801189222,0.05128205128205128
Case1028,W_Nabellen offertes,res_b42bc940-a579-4310-8bba-a668ba469508,Role 1,2012-03-07 13:37:48.467844822,631,1,res_b42bc940-a579-4310-8bba-a668ba469508,2012-03-07 13:35:32.433925822,0.0
Case1028,W_Nabellen offertes,res_f8049b85-d52c-466e-8778-58e1f3f71604,Role 1,2012-03-15 20:50:20.370167522,593,1,res_f8049b85-d52c-466e-8778-58e1f3f71604,2012-03-15 20:47:02.815918522,0.0
Case1028,W_Nabellen offertes,res_13020984-8d57-4f3c-8ba3-5a323081e70b,Role 1,2012-03-17 18:17:21.450635822,572,1,res_13020984-8d57-4f3c-8ba3-5a323081e70b,2012-03-17 18:15:43.875469822,0.0
Case1029,W_Completeren aanvraag,res_4d502259-de4c-4574-91b7-d3c939a9cf04,Role 1,2012-03-07 13:23:49.170017109,632,2,res_4d502259-de4c-4574-91b7-d3c939a9cf04,2012-03-07 13:21:26.490248109,0.02564102564102564
Case1029,W_Nabellen offertes,res_08871a3e-f393-4f22-a0a4-e36c9d59a78e,Role 1,2012-03-07 13:55:32.893161509,631,1,res_08871a3e-f393-4f22-a0a4-e36c9d59a78e,2012-03-07 13:53:16.729606509,0.0
Case1029,W_Nabellen offertes,res_08871a3e-f393-4f22-a0a4-e36c9d59a78e,Role 1,2012-03-16 00:46:26.263561409,591,1,res_08871a3e-f393-4f22-a0a4-e36c9d59a78e,2012-03-16 00:39:11.714595409,0.0
Case1029,W_Nabellen offertes,res_d5f36d0a-a64a-45e5-8850-daee823f6c96,Role 1,2012-03-17 22:35:16.706546809,569,1,res_d5f36d0a-a64a-45e5-8850-daee823f6c96,2012-03-17 22:33:30.226858809,0.0
Case1029,W_Nabellen offertes,res_40e4f4c6-1170-4ce1-ba24-0dfa2dd61b15,Role 1,2012-03-20 12:03:06.294295709,551,1,res_40e4f4c6-1170-4ce1-ba24-0dfa2dd61b15,2012-03-20 11:53:29.521371709,0.0
Case103,W_Afhandelen leads,res_4bfd217b-a1fe-4479-a77c-aded82769086,Role 1,2012-02-15 14:22:39.178969211,554,1,res_4bfd217b-a1fe-4479-a77c-aded82769086,2012-02-15 14:19:42.808044211,0.05128205128205128
Case103,W_Completeren aanvraag,res_1d01c37d-a137-4a7e-8f12-e8c97f0c7f2b,Role 1,2012-02-15 15:20:43.759711711,557,2,res_1d01c37d-a137-4a7e-8f12-e8c97f0c7f2b,2012-02-15 15:18:14.467304711,0.05128205128205128
Case103,W_Nabellen offertes,res_57e6001e-3d34-44ab-b1e6-21b6b1001542,Role 1,2012-02-17 00:41:35.153838111,578,1,res_57e6001e-3d34-44ab-b1e6-21b6b1001542,2012-02-17 00:39:44.495026111,0.0
Case1030,W_Completeren aanvraag,res_bae84d23-abe1-4580-a954-c8576ba025c9,Role 1,2012-03-07 13:38:42.846434328,632,1,res_bae84d23-abe1-4580-a954-c8576ba025c9,2012-03-07 13:36:15.057300328,0.0
Case1030,W_Nabellen offertes,res_0fc057cb-3a7d-47d3-8cd2-6d92b33620c4,Role 1,2012-03-07 14:10:00.803206828,631,2,res_0fc057cb-3a7d-47d3-8cd2-6d92b33620c4,2012-03-07 14:07:46.982932828,0.02564102564102564
Case1031,W_Afhandelen leads,res_5a3eddbb-0eb4-49ac-9904-07583235092c,Role 1,2012-03-07 14:03:42.145650709,631,0,res_5a3eddbb-0eb4-49ac-9904-07583235092c,2012-03-07 14:00:43.913039709,0.05128205128205128
Case1031,W_Completeren aanvraag,res_40e4f4c6-1170-4ce1-ba24-0dfa2dd61b15,Role 1,2012-03-07 15:03:30.031505609,628,1,res_40e4f4c6-1170-4ce1-ba24-0dfa2dd61b15,2012-03-07 15:00:55.836118609,0.0
Case1031,W_Completeren aanvraag,res_219a258e-f803-4016-b457-8c77c3b88a65,Role 1,2012-03-07 17:27:29.827119009,629,1,res_219a258e-f803-4016-b457-8c77c3b88a65,2012-03-07 17:25:12.933280009,0.0
Case1031,W_Nabellen offertes,res_843e228f-f915-4f9a-b2c1-ff974c62e207,Role 1,2012-03-08 06:54:06.902521009,629,1,res_843e228f-f915-4f9a-b2c1-ff974c62e207,2012-03-08 06:50:27.545851009,0.0
Case1032,W_Completeren aanvraag,res_8a4ef218-abd5-42fa-9b05-623b7ba3c08b,Role 1,2012-03-07 14:04:52.483035091,631,1,res_8a4ef218-abd5-42fa-9b05-623b7ba3c08b,2012-03-07 14:02:25.665049091,0.02564102564102564
Case1032,W_Nabellen offertes,res_a60942a0-f9c4-436b-a4d0-6eeb41b2f0f2,Role 1,2012-03-07 14:34:13.576315691,629,1,res_a60942a0-f9c4-436b-a4d0-6eeb41b2f0f2,2012-03-07 14:31:55.152595691,0.0
Case1033,W_Completeren aanvraag,res_570add54-a9ce-40af-8ebf-c88ddafd5fef,Role 1,2012-03-07 14:22:28.153803486,629,1,res_570add54-a9ce-40af-8ebf-c88ddafd5fef,2012-03-07 14:20:00.460631486,0.0
Case1033,W_Completeren aanvraag,res_5724148e-e102-4421-a053-83c428a11f68,Role 1,2012-03-07 15:21:24.352170686,630,1,res_5724148e-e102-4421-a053-83c428a11f68,2012-03-07 15:18:53.142929686,0.0
Case1033,W_Nabellen offertes,res_b42bc940-a579-4310-8bba-a668ba469508,Role 1,2012-03-08 22:41:06.483503786,627,1,res_b42bc940-a579-4310-8bba-a668ba469508,2012-03-08 22:39:15.815053786,0.02564102564102564
Case1033,W_Nabellen offertes,res_13020984-8d57-4f3c-8ba3-5a323081e70b,Role 1,2012-03-15 16:32:51.287128086,597,1,res_13020984-8d57-4f3c-8ba3-5a323081e70b,2012-03-15 16:31:16.497009086,0.0
Case1033,W_Nabellen offertes,res_d856942c-e08c-4dce-8114-31eacb6f69b7,Role 1,2012-03-17 13:21:47.174843286,573,1,res_d856942c-e08c-4dce-8114-31eacb6f69b7,2012-03-17 13:20:10.798134286,0.0
Case1033,W_Nabellen offertes,res_230c0182-4111-4506-bfd5-9b0719b08311,Role 1,2012-03-19 19:13:05.246421486,556,1,res_230c0182-4111-4506-bfd5-9b0719b08311,2012-03-19 19:11:33.968353486,0.0
Case1033,W_Nabellen offertes,res_1b9a0c06-ad62-425d-8a95-45a175c5555c,Role 1,2012-03-21 16:35:41.204131286,544,1,res_1b9a0c06-ad62-425d-8a95-45a175c5555c,2012-03-21 16:27:54.647247286,0.0
Case1033,W_Nabellen offertes,res_0fc057cb-3a7d-47d3-8cd2-6d92b33620c4,Role 1,2012-03-23 05:17:20.731165486,533,1,res_0fc057cb-3a7d-47d3-8cd2-6d92b33620c4,2012-03-23 05:15:44.970797486,0.0
Case1034,W_Afhandelen leads,res_a400b893-c7da-495f-bf62-a744eeccb8c5,Role 1,2012-03-07 14:44:14.001725655,628,0,res_a400b893-c7da-495f-bf62-a744eeccb8c5,2012-03-07 14:41:09.842134655,0.0
Case1034,W_Completeren aanvraag,res_4bfd217b-a1fe-4479-a77c-aded82769086,Role 1,2012-03-07 15:42:39.626942955,631,1,res_4bfd217b-a1fe-4479-a77c-aded82769086,2012-03-07 15:40:04.620219955,0.0
Case1034,W_Nabellen offertes,res_0fc057cb-3a7d-47d3-8cd2-6d92b33620c4,Role 1,2012-03-09 01:45:54.626829755,628,1,res_0fc057cb-3a7d-47d3-8cd2-6d92b33620c4,2012-03-09 01:44:00.623204755,0.0
Case1035,W_Afhandelen leads,res_1b3fa211-3349-4835-aae7-baccd0368824,Role 1,2012-03-07 15:05:14.372544450,629,0,res_1b3fa211-3349-4835-aae7-baccd0368824,2012-03-07 15:02:09.149181450,0.0
Case1035,W_Completeren aanvraag,res_4c3013be-6589-47a8-a7c4-f99f2e4b9a48,Role 1,2012-03-07 16:02:59.664725250,631,1,res_4c3013be-6589-47a8-a7c4-f99f2e4b9a48,2012-03-07 16:00:24.489418250,0.0
Case1035,W_Nabellen offertes,res_9a47d014-a019-4396-9e72-1d1379a66c99,Role 1,2012-03-08 23:00:49.312068750,627,1,res_9a47d014-a019-4396-9e72-1d1379a66c99,2012-03-08 22:58:57.390484750,0.0
Case1035,W_Nabellen offertes,res_57e6001e-3d34-44ab-b1e6-21b6b1001542,Role 1,2012-03-15 20:07:47.576122350,593,1,res_57e6001e-3d34-44ab-b1e6-21b6b1001542,2012-03-15 20:05:29.366377350,0.0
Case1035,W_Nabellen offertes,res_dec66574-3de2-4d20-a02f-ab348539e500,Role 1,2012-03-17 15:38:42.619047549,573,1,res_dec66574-3de2-4d20-a02f-ab348539e500,2012-03-17 15:37:06.681574549,0.0
Case1035,W_Nabellen offertes,res_3efedec2-7c7d-4360-b422-dcf1d20a8bfd,Role 1,2012-03-20 01:11:31.794967450,556,1,res_3efedec2-7c7d-4360-b422-dcf1d20a8bfd,2012-03-20 01:10:00.029575450,0.0
Case1035,W_Nabellen offertes,res_570add54-a9ce-40af-8ebf-c88ddafd5fef,Role 1,2012-03-22 08:56:03.905378350,539,1,res_570add54-a9ce-40af-8ebf-c88ddafd5fef,2012-03-22 08:54:34.457081350,0.0
Case1036,W_Afhandelen leads,res_59c642c1-18f5-484a-aed6-a023ede79a28,Role 1,2012-03-07 15:05:59.048496597,630,1,res_59c642c1-18f5-484a-aed6-a023ede79a28,2012-03-07 15:03:01.536354597,0.02564102564102564
Case1036,W_Completeren aanvraag,res_1d01c37d-a137-4a7e-8f12-e8c97f0c7f2b,Role 1,2012-03-07 16:03:42.706160597,631,2,res_1d01c37d-a137-4a7e-8f12-e8c97f0c7f2b,2012-03-07 16:01:13.013832597,0.05128205128205128
Case1036,W_Nabellen offertes,res_40e4f4c6-1170-4ce1-ba24-0dfa2dd61b15,Role 1,2012-03-09 00:47:52.039832797,627,1,res_40e4f4c6-1170-4ce1-ba24-0dfa2dd61b15,2012-03-09 00:46:01.284768797,0.0
Case1036,W_Nabellen offertes,res_8a4ef218-abd5-42fa-9b05-623b7ba3c08b,Role 1,2012-03-15 19:43:15.667569197,594,1,res_8a4ef218-abd5-42fa-9b05-623b7ba3c08b,2012-03-15 19:41:11.436794197,0.0
Case1037,W_Afhandelen leads,res_709ed04f-5b76-49c4-aeeb-ad921b6f6ca1,Role 1,2012-03-07 15:29:15.165587346,631,0,res_709ed04f-5b76-49c4-aeeb-ad921b6f6ca1,2012-03-07 15:26:08.788997346,0.0
Case1037,W_Completeren aanvraag,res_d856942c-e08c-4dce-8114-31eacb6f69b7,Role 1,2012-03-07 16:26:36.150013946,630,1,res_d856942c-e08c-4dce-8114-31eacb6f69b7,2012-03-07 16:24:00.780442946,0.0
Case1038,W_Afhandelen leads,res_d5f36d0a-a64a-45e5-8850-daee823f6c96,Role 1,2012-03-07 15:49:18.986937445,632,0,res_d5f36d0a-a64a-45e5-8850-daee823f6c96,2012-03-07 15:46:11.679088445,0.0
Case1038,W_Completeren aanvraag,res_57e6001e-3d34-44ab-b1e6-21b6b1001542,Role 1,2012-03-07 16:46:25.385430745,629,1,res_57e6001e-3d34-44ab-b1e6-21b6b1001542,2012-03-07 16:43:49.845091745,0.0
Case1039,W_Afhandelen leads,res_4ea7e99f-9f77-43d0-af71-4b2253ae6764,Role 1,2012-03-07 16:05:00.681243810,631,0,res_4ea7e99f-9f77-43d0-af71-4b2253ae6764,2012-03-07 16:01:52.633313810,0.0
Case1039,W_Completeren aanvraag,res_230c0182-4111-4506-bfd5-9b0719b08311,Role 1,2012-03-07 17:02:09.345989210,628,1,res_230c0182-4111-4506-bfd5-9b0719b08311,2012-03-07 16:59:33.657262210,0.0
Case104,W_Completeren aanvraag,res_d856942c-e08c-4dce-8114-31eacb6f69b7,Role 1,2012-02-15 14:40:11.548462905,555,1,res_d856942c-e08c-4dce-8114-31eacb6f69b7,2012-02-15 14:37:41.782321905,0.02564102564102564
Case104,W_Completeren aanvraag,res_0ba00481-2705-40d0-b647-5ea4bd04a214,Role 1,2012-02-15 15:37:44.745444305,558,1,res_0ba00481-2705-40d0-b647-5ea4bd04a214,2012-02-15 15:35:13.282474305,0.0
Case1040,W_Afhandelen leads,res_b42bc940-a579-4310-8bba-a668ba469508,Role 1,2012-03-07 16:06:58.262088852,632,1,res_b42bc940-a579-4310-8bba-a668ba469508,2012-03-07 16:03:57.556572852,0.02564102564102564
Case1040,W_Completeren aanvraag,res_4ea7e99f-9f77-43d0-af71-4b2253ae6764,Role 1,2012-03-07 17:03:56.441133852,628,2,res_4ea7e99f-9f77-43d0-af71-4b2253ae6764,2012-03-07 17:01:25.381042852,0.02564102564102564
Case1040,W_Completeren aanvraag,res_bb73aa9d-d45e-496a-a1ec-c9fe6e899287,Role 1,2012-03-07 19:08:17.322068052,630,1,res_bb73aa9d-d45e-496a-a1ec-c9fe6e899287,2012-03-07 19:06:03.166377052,0.0
Case1040,W_Completeren aanvraag,res_0fc057cb-3a7d-47d3-8cd2-6d92b33620c4,Role 1,2012-03-07 20:34:08.268995652,634,1,res_0fc057cb-3a7d-47d3-8cd2-6d92b33620c4,2012-03-07 20:32:17.781388652,0.0
Case1040,W_Nabellen offertes,res_d856942c-e08c-4dce-8114-31eacb6f69b7,Role 1,2012-03-08 11:25:29.930644052,625,1,res_d856942c-e08c-4dce-8114-31eacb6f69b7,2012-03-08 11:22:44.512926052,0.0
Case1041,W_Afhandelen leads,res_f8049b85-d52c-466e-8778-58e1f3f71604,Role 1,2012-03-07 17:05:02.516135369,628,0,res_f8049b85-d52c-466e-8778-58e1f3f71604,2012-03-07 17:01:52.236576369,0.0
Case1041,W_Completeren aanvraag,res_d39cd18a-e6fc-4de4-b991-deff4ba6e82a,Role 1,2012-03-07 18:03:05.738709269,629,1,res_d39cd18a-e6fc-4de4-b991-deff4ba6e82a,2012-03-07 18:00:29.554662269,0.0
Case1041,W_Completeren aanvraag,res_1b3fa211-3349-4835-aae7-baccd0368824,Role 1,2012-03-07 20:09:06.777808769,633,1,res_1b3fa211-3349-4835-aae7-baccd0368824,2012-03-07 20:06:49.335356769,0.0
Case1041,W_Completeren aanvraag,res_b70af2ff-820e-4016-a03c-831214a09681,Role 1,2012-03-07 23:16:23.013220569,632,1,res_b70af2ff-820e-4016-a03c-831214a09681,2012-03-07 23:14:28.913479569,0.0
Case1041,W_Completeren aanvraag,res_570add54-a9ce-40af-8ebf-c88ddafd5fef,Role 1,2012-03-08 10:30:50.347480469,626,1,res_570add54-a9ce-40af-8ebf-c88ddafd5fef,2012-03-08 10:28:44.678462469,0.0
Case1041,W_Nabellen offertes,res_709ed04f-5b76-49c4-aeeb-ad921b6f6ca1,Role 1,2012-03-08 14:26:04.037235669,620,1,res_709ed04f-5b76-49c4-aeeb-ad921b6f6ca1,2012-03-08 14:24:16.651332669,0.0
Case1041,W_Nabellen offertes,res_b42bc940-a579-4310-8bba-a668ba469508,Role 1,2012-03-11 08:23:29.605740069,624,1,res_b42bc940-a579-4310-8bba-a668ba469508,2012-03-11 08:21:49.892668069,0.0
Case1042,W_Completeren aanvraag,res_408efd66-8ed2-49bc-94a8-733c7b98a934,Role 1,2012-03-07 17:06:44.348595885,629,1,res_408efd66-8ed2-49bc-94a8-733c7b98a934,2012-03-07 17:04:15.293856885,0.02564102564102564
Case1042,W_Completeren aanvraag,res_bb73aa9d-d45e-496a-a1ec-c9fe6e899287,Role 1,2012-03-07 18:04:30.867821485,629,2,res_bb73aa9d-d45e-496a-a1ec-c9fe6e899287,2012-03-07 18:02:02.727149485,0.02564102564102564
Case1042,W_Nabellen offertes,res_408efd66-8ed2-49bc-94a8-733c7b98a934,Role 1,2012-03-10 00:50:28.726939185,634,1,res_408efd66-8ed2-49bc-94a8-733c7b98a934,2012-03-10 00:48:39.548394185,0.0
Case1042,W_Nabellen offertes,res_d39cd18a-e6fc-4de4-b991-deff4ba6e82a,Role 1,2012-03-15 01:53:53.666886585,609,1,res_d39cd18a-e6fc-4de4-b991-deff4ba6e82a,2012-03-15 01:48:38.888654585,0.0
Case1042,W_Nabellen offertes,res_7b435aaa-ab1b-4205-92d4-81495e1b2d15,Role 1,2012-03-16 13:11:06.686143484,581,1,res_7b435aaa-ab1b-4205-92d4-81495e1b2d15,2012-03-16 13:09:24.547753484,0.0
Case1042,W_Nabellen offertes,res_f8049b85-d52c-466e-8778-58e1f3f71604,Role 1,2012-03-18 03:47:48.622778985,568,1,res_f8049b85-d52c-466e-8778-58e1f3f71604,2012-03-18 03:42:14.265484985,0.0
Case1042,W_Nabellen offertes,res_57e6001e-3d34-44ab-b1e6-21b6b1001542,Role 1,2012-03-20 11:01:44.894986985,552,1,res_57e6001e-3d34-44ab-b1e6-21b6b1001542,2012-03-20 10:59:08.219542985,0.0
Case1043,W_Completeren aanvraag,res_59c642c1-18f5-484a-aed6-a023ede79a28,Role 1,2012-03-07 17:24:46.557932854,630,1,res_59c642c1-18f5-484a-aed6-a023ede79a28,2012-03-07 17:22:16.283025854,0.0
Case1043,W_Nabellen offertes,res_843e228f-f915-4f9a-b2c1-ff974c62e207,Role 1,2012-03-07 17:44:50.908257354,630,1,res_843e228f-f915-4f9a-b2c1-ff974c62e207,2012-03-07 17:42:32.518372354,0.0
Case1043,W_Nabellen offertes,res_4bfd217b-a1fe-4479-a77c-aded82769086,Role 1,2012-03-16 10:19:36.972992754,584,1,res_4bfd217b-a1fe-4479-a77c-aded82769086,2012-03-16 10:17:43.172910754,0.0
Case1043,W_Nabellen offertes,res_709ed04f-5b76-49c4-aeeb-ad921b6f6ca1,Role 1,2012-03-18 15:43:53.939131954,564,1,res_709ed04f-5b76-49c4-aeeb-ad921b6f6ca1,2012-03-18 15:42:20.940330954,0.0
Case1043,W_Nabellen offertes,res_230c0182-4111-4506-bfd5-9b0719b08311,Role 1,2012-03-21 11:22:07.241587554,547,1,res_230c0182-4111-4506-bfd5-9b0719b08311,2012-03-21 11:10:35.745715554,0.0
Case1044,W_Completeren aanvraag,res_d856942c-e08c-4dce-8114-31eacb6f69b7,Role 1,2012-03-07 17:39:46.264605084,631,1,res_d856942c-e08c-4dce-8114-31eacb6f69b7,2012-03-07 17:37:15.931980084,0.0
Case1045,W_Completeren aanvraag,res_40e4f4c6-1170-4ce1-ba24-0dfa2dd61b15,Role 1,2012-03-07 17:52:33.023129173,630,1,res_40e4f4c6-1170-4ce1-ba24-0dfa2dd61b15,2012-03-07 17:50:02.598110173,0.0
Case1046,W_Afhandelen leads,res_d5f36d0a-a64a-45e5-8850-daee823f6c96,Role 1,2012-03-07 18:06:50.563225771,629,0,res_d5f36d0a-a64a-45e5-8850-daee823f6c96,2012-03-07 18:03:40.643967771,0.02564102564102564
Case1046,W_Completeren aanvraag,res_1b3fa211-3349-4835-aae7-baccd0368824,Role 1,2012-03-07 19:07:17.411054171,630,1,res_1b3fa211-3349-4835-aae7-baccd0368824,2012-03-07 19:04:41.243795171,0.0
Case1046,W_Nabellen offertes,res_f8049b85-d52c-466e-8778-58e1f3f71604,Role 1,2012-03-11 05:56:12.321942371,625,1,res_f8049b85-d52c-466e-8778-58e1f3f71604,2012-03-11 05:54:20.203706371,0.0
Case1047,W_Afhandelen leads,res_f8049b85-d52c-466e-8778-58e1f3f71604,Role 1,2012-03-07 18:07:56.667832028,630,1,res_f8049b85-d52c-466e-8778-58e1f3f71604,2012-03-07 18:04:52.172608028,0.02564102564102564
Case1047,W_Completeren aanvraag,res_57e6001e-3d34-44ab-b1e6-21b6b1001542,Role 1,2012-03-07 19:08:08.237449828,630,2,res_57e6001e-3d34-44ab-b1e6-21b6b1001542,2012-03-07 19:05:36.729907828,0.02564102564102564
Case1047,W_Nabellen offertes,res_408efd66-8ed2-49bc-94a8-733c7b98a934,Role 1,2012-03-11 15:12:12.142612128,616,1,res_408efd66-8ed2-49bc-94a8-733c7b98a934,2012-03-11 15:07:34.637611128,0.0
Case1047,W_Nabellen offertes,res_f8049b85-d52c-466e-8778-58e1f3f71604,Role 1,2012-03-15 20:09:07.796851828,593,1,res_f8049b85-d52c-466e-8778-58e1f3f71604,2012-03-15 20:07:08.959469828,0.0
Case1047,W_Nabellen offertes,res_219a258e-f803-4016-b457-8c77c3b88a65,Role 1,2012-03-17 13:38:54.150269728,573,1,res_219a258e-f803-4016-b457-8c77c3b88a65,2012-03-17 13:37:15.229958728,0.0
Case1047,W_Nabellen offertes,res_6488ab10-d3ee-4b87-935d-302131660e4e,Role 1,2012-03-19 16:27:59.606729828,557,1,res_6488ab10-d3ee-4b87-935d-302131660e4e,2012-03-19 16:26:25.361934828,0.0
Case1048,W_Completeren aanvraag,res_9a47d014-a019-4396-9e72-1d1379a66c99,Role 1,2012-03-07 18:25:21.470418722,631,1,res_9a47d014-a019-4396-9e72-1d1379a66c99,2012-03-07 18:22:51.146885722,0.0
Case1048,W_Completeren aanvraag,res_d856942c-e08c-4dce-8114-31eacb6f69b7,Role 1,2012-03-07 19:26:16.701813522,632,1,res_d856942c-e08c-4dce-8114-31eacb6f69b7,2012-03-07 19:23:45.351995522,0.0
Case1048,W_Completeren aanvraag,res_5a3eddbb-0eb4-49ac-9904-07583235092c,Role 1,2012-03-07 23:22:07.948778122,633,1,res_5a3eddbb-0eb4-49ac-9904-07583235092c,2012-03-07 23:19:51.905253122,0.0
Case1049,W_Completeren aanvraag,res_b42bc940-a579-4310-8bba-a668ba469508,Role 1,2012-03-07 18:37:27.707166314,632,1,res_b42bc940-a579-4310-8bba-a668ba469508,2012-03-07 18:34:57.515190314,0.0
Case105,W_Afhandelen leads,res_d856942c-e08c-4dce-8114-31eacb6f69b7,Role 1,2012-02-15 14:52:55.609835496,556,0,res_d856942c-e08c-4dce-8114-31eacb6f69b7,2012-02-15 14:49:48.150626496,0.0
Case105,W_Completeren aanvraag,res_219a258e-f803-4016-b457-8c77c3b88a65,Role 1,2012-02-15 15:50:12.301436596,558,1,res_219a258e-f803-4016-b457-8c77c3b88a65,2012-02-15 15:47:36.964594596,0.0
Case105,W_Nabellen offertes,res_d39cd18a-e6fc-4de4-b991-deff4ba6e82a,Role 1,2012-02-17 01:09:38.972764096,577,1,res_d39cd18a-e6fc-4de4-b991-deff4ba6e82a,2012-02-17 01:07:45.563795096,0.0
Case1050,W_Completeren aanvraag,res_408efd66-8ed2-49bc-94a8-733c7b98a934,Role 1,2012-03-07 18:49:51.076943741,632,1,res_408efd66-8ed2-49bc-94a8-733c7b98a934,2012-03-07 18:47:21.010070741,0.0
Case1050,W_Completeren aanvraag,res_bae84d23-abe1-4580-a954-c8576ba025c9,Role 1,2012-03-07 19:51:39.450946241,634,1,res_bae84d23-abe1-4580-a954-c8576ba025c9,2012-03-07 19:49:09.471569241,0.05128205128205128
Case1051,W_Afhandelen leads,res_8a4ef218-abd5-42fa-9b05-623b7ba3c08b,Role 1,2012-03-07 19:07:28.049040277,631,0,res_8a4ef218-abd5-42fa-9b05-623b7ba3c08b,2012-03-07 19:04:16.515273277,0.0
Case1051,W_Completeren aanvraag,res_dec66574-3de2-4d20-a02f-ab348539e500,Role 1,2012-03-07 20:10:11.566363777,633,2,res_dec66574-3de2-4d20-a02f-ab348539e500,2012-03-07 20:07:38.513793777,0.02564102564102564
Case1051,W_Completeren aanvraag,res_8a4ef218-abd5-42fa-9b05-623b7ba3c08b,Role 1,2012-03-08 02:29:46.587959477,631,1,res_8a4ef218-abd5-42fa-9b05-623b7ba3c08b,2012-03-08 02:27:26.836754477,0.0
Case1052,W_Afhandelen leads,res_4bfd217b-a1fe-4479-a77c-aded82769086,Role 1,2012-03-07 19:07:34.260816564,632,1,res_4bfd217b-a1fe-4479-a77c-aded82769086,2012-03-07 19:04:29.612066564,0.02564102564102564
Case1052,W_Completeren aanvraag,res_57e6001e-3d34-44ab-b1e6-21b6b1001542,Role 1,2012-03-07 20:10:03.997823964,633,1,res_57e6001e-3d34-44ab-b1e6-21b6b1001542,2012-03-07 20:07:29.784378964,0.0
Case1052,W_Nabellen offertes,res_59c642c1-18f5-484a-aed6-a023ede79a28,Role 1,2012-03-12 13:41:46.691546364,608,1,res_59c642c1-18f5-484a-aed6-a023ede79a28,2012-03-12 13:39:01.407724364,0.0
Case1052,W_Nabellen offertes,res_f8049b85-d52c-466e-8778-58e1f3f71604,Role 1,2012-03-15 23:53:57.445933364,592,1,res_f8049b85-d52c-466e-8778-58e1f3f71604,2012-03-15 23:50:24.908538364,0.0
Case1053,W_Afhandelen leads,res_1b9a0c06-ad62-425d-8a95-45a175c5555c,Role 1,2012-03-07 19:30:53.217693500,633,0,res_1b9a0c06-ad62-425d-8a95-45a175c5555c,2012-03-07 19:27:41.901937500,0.0
Case1053,W_Completeren aanvraag,res_b70af2ff-820e-4016-a03c-831214a09681,Role 1,2012-03-07 20:34:08.307609300,634,1,res_b70af2ff-820e-4016-a03c-831214a09681,2012-03-07 20:31:32.327671300,0.0
Case1054,W_Afhandelen leads,res_3efedec2-7c7d-4360-b422-dcf1d20a8bfd,Role 1,2012-03-07 19:46:32.593614865,634,0,res_3efedec2-7c7d-4360-b422-dcf1d20a8bfd,2012-03-07 19:43:22.856162865,0.02564102564102564
Case1054,W_Completeren aanvraag,res_57e6001e-3d34-44ab-b1e6-21b6b1001542,Role 1,2012-03-07 20:50:25.761791665,633,1,res_57e6001e-3d34-44ab-b1e6-21b6b1001542,2012-03-07 20:47:50.126999665,0.0
Case1054,W_Completeren aanvraag,res_0fc057cb-3a7d-47d3-8cd2-6d92b33620c4,Role 1,2012-03-08 07:46:44.288108265,627,1,res_0fc057cb-3a7d-47d3-8cd2-6d92b33620c4,2012-03-08 07:43:59.662359265,0.0
Case1054,W_Completeren aanvraag,res_f8049b85-d52c-466e-8778-58e1f3f71604,Role 1,2012-03-08 10:36:11.278355565,626,1,res_f8049b85-d52c-466e-8778-58e1f3f71604,2012-03-08 10:34:20.036451565,0.0
Case1055,W_Completeren aanvraag,res_219a258e-f803-4016-b457-8c77c3b88a65,Role 1,2012-03-07 20:06:54.404988946,634,3,res_219a258e-f803-4016-b457-8c77c3b88a65,2012-03-07 20:04:35.260002946,0.05128205128205128
Case1055,W_Completeren aanvraag,res_d856942c-e08c-4dce-8114-31eacb6f69b7,Role 1,2012-03-07 21:11:41.981544146,632,1,res_d856942c-e08c-4dce-8114-31eacb6f69b7,2012-03-07 21:09:15.852701146,0.0
Case1055,W_Nabellen offertes,res_843e228f-f915-4f9a-b2c1-ff974c62e207,Role 1,2012-03-13 01:00:30.748513546,615,1,res_843e228f-f915-4f9a-b2c1-ff974c62e207,2012-03-13 00:58:25.288851546,0.0
Case1055,W_Nabellen offertes,res_4c3013be-6589-47a8-a7c4-f99f2e4b9a48,Role 1,2012-03-16 01:41:23.494015246,591,1,res_4c3013be-6589-47a8-a7c4-f99f2e4b9a48,2012-03-16 01:33:09.501266246,0.0
Case1055,W_Nabellen offertes,res_5a3eddbb-0eb4-49ac-9904-07583235092c,Role 1,2012-03-17 18:50:55.001871846,571,1,res_5a3eddbb-0eb4-49ac-9904-07583235092c,2012-03-17 18:49:12.235809846,0.0
Case1056,W_Completeren aanvraag,res_7c2a7682-7073-471d-9707-2acad2b806ab,Role 1,2012-03-07 20:08:21.780526854,635,2,res_7c2a7682-7073-471d-9707-2acad2b806ab,2012-03-07 20:05:58.877990854,0.02564102564102564
Case1057,W_Afhandelen leads,res_9a47d014-a019-4396-9e72-1d1379a66c99,Role 1,2012-03-07 21:07:59.209889705,633,0,res_9a47d014-a019-4396-9e72-1d1379a66c99,2012-03-07 21:04:50.982395705,0.02564102564102564
Case1057,W_Completeren aanvraag,res_219a258e-f803-4016-b457-8c77c3b88a65,Role 1,2012-03-07 22:15:33.618745305,636,2,res_219a258e-f803-4016-b457-8c77c3b88a65,2012-03-07 22:13:03.768180305,0.07692307692307693
Case1058,W_Completeren aanvraag,res_9a47d014-a019-4396-9e72-1d1379a66c99,Role 1,2012-03-07 21:08:40.994960249,634,1,res_9a47d014-a019-4396-9e72-1d1379a66c99,2012-03-07 21:06:15.607829249,0.02564102564102564
Case1058,W_Completeren aanvraag,res_d856942c-e08c-4dce-8114-31eacb6f69b7,Role 1,2012-03-07 22:16:09.256651649,635,3,res_d856942c-e08c-4dce-8114-31eacb6f69b7,2012-03-07 22:13:45.642645649,0.07692307692307693
Case1058,W_Completeren aanvraag,res_b42bc940-a579-4310-8bba-a668ba469508,Role 1,2012-03-08 15:35:48.281307149,624,1,res_b42bc940-a579-4310-8bba-a668ba469508,2012-03-08 15:33:47.054820149,0.0
Case1058,W_Completeren aanvraag,res_5724148e-e102-4421-a053-83c428a11f68,Role 1,2012-03-08 18:36:04.153236149,628,1,res_5724148e-e102-4421-a053-83c428a11f68,2012-03-08 18:34:16.490324149,0.0
Case1059,W_Completeren aanvraag,res_570add54-a9ce-40af-8ebf-c88ddafd5fef,Role 1,2012-03-07 21:44:25.700976351,634,1,res_570add54-a9ce-40af-8ebf-c88ddafd5fef,2012-03-07 21:42:00.459591351,0.0
Case1059,W_Nabellen offertes,res_dec66574-3de2-4d20-a02f-ab348539e500,Role 1,2012-03-07 22:02:11.575774651,634,1,res_dec66574-3de2-4d20-a02f-ab348539e500,2012-03-07 21:59:54.045891651,0.0
Case1059,W_Nabellen offertes,res_8a4ef218-abd5-42fa-9b05-623b7ba3c08b,Role 1,2012-03-16 09:19:07.102978351,586,1,res_8a4ef218-abd5-42fa-9b05-623b7ba3c08b,2012-03-16 09:17:12.047108351,0.0
Case106,W_Completeren aanvraag,res_59c642c1-18f5-484a-aed6-a023ede79a28,Role 1,2012-02-15 15:04:42.673480924,557,1,res_59c642c1-18f5-484a-aed6-a023ede79a28,2012-02-15 15:02:11.645506924,0.0
Case106,W_Completeren aanvraag,res_08871a3e-f393-4f22-a0a4-e36c9d59a78e,Role 1,2012-02-15 16:01:39.588977124,559,1,res_08871a3e-f393-4f22-a0a4-e36c9d59a78e,2012-02-15 15:59:07.927552124,0.0
Case106,W_Completeren aanvraag,res_230c0182-4111-4506-bfd5-9b0719b08311,Role 1,2012-02-15 17:59:11.015647924,561,1,res_230c0182-4111-4506-bfd5-9b0719b08311,2012-02-15 17:56:57.239274924,0.0
Case106,W_Completeren aanvraag,res_843e228f-f915-4f9a-b2c1-ff974c62e207,Role 1,2012-02-15 18:55:35.322637024,564,1,res_843e228f-f915-4f9a-b2c1-ff974c62e207,2012-02-15 18:53:46.101529024,0.0
Case106,W_Completeren aanvraag,res_a60942a0-f9c4-436b-a4d0-6eeb41b2f0f2,Role 1,2012-02-15 19:32:23.274764824,564,1,res_a60942a0-f9c4-436b-a4d0-6eeb41b2f0f2,2012-02-15 19:30:40.780483824,0.0
Case106,W_Nabellen offertes,res_0ba00481-2705-40d0-b647-5ea4bd04a214,Role 1,2012-02-16 00:18:01.606705924,563,1,res_0ba00481-2705-40d0-b647-5ea4bd04a214,2012-02-16 00:16:25.388018924,0.0
Case106,W_Nabellen offertes,res_7c2a7682-7073-471d-9707-2acad2b806ab,Role 1,2012-02-18 23:10:42.539949824,604,1,res_7c2a7682-7073-471d-9707-2acad2b806ab,2012-02-18 23:09:08.511951824,0.0
Case1060,W_Afhandelen leads,res_4ea7e99f-9f77-43d0-af71-4b2253ae6764,Role 1,2012-03-07 22:08:07.500763000,635,0,res_4ea7e99f-9f77-43d0-af71-4b2253ae6764,2012-03-07 22:04:59.652669000,0.0
Case1060,W_Completeren aanvraag,res_5a3eddbb-0eb4-49ac-9904-07583235092c,Role 1,2012-03-07 23:19:45.202595200,634,1,res_5a3eddbb-0eb4-49ac-9904-07583235092c,2012-03-07 23:17:10.311580200,0.0
Case1061,W_Completeren aanvraag,res_8a4ef218-abd5-42fa-9b05-623b7ba3c08b,Role 1,2012-03-07 22:08:39.457289083,636,1,res_8a4ef218-abd5-42fa-9b05-623b7ba3c08b,2012-03-07 22:06:17.225983083,0.05128205128205128
Case1061,W_Nabellen offertes,res_a400b893-c7da-495f-bf62-a744eeccb8c5,Role 1,2012-03-07 22:28:56.133941983,633,1,res_a400b893-c7da-495f-bf62-a744eeccb8c5,2012-03-07 22:26:38.634969983,0.0
Case1062,W_Afhandelen leads,res_13020984-8d57-4f3c-8ba3-5a323081e70b,Role 1,2012-03-07 22:47:30.632071062,633,0,res_13020984-8d57-4f3c-8ba3-5a323081e70b,2012-03-07 22:44:24.127580062,0.0
Case1062,W_Completeren aanvraag,res_408efd66-8ed2-49bc-94a8-733c7b98a934,Role 1,2012-03-08 00:04:57.330375662,631,1,res_408efd66-8ed2-49bc-94a8-733c7b98a934,2012-03-08 00:02:22.084306662,0.0
Case1062,W_Completeren aanvraag,res_4c3013be-6589-47a8-a7c4-f99f2e4b9a48,Role 1,2012-03-08 19:55:05.391229062,626,2,res_4c3013be-6589-47a8-a7c4-f99f2e4b9a48,2012-03-08 19:52:54.099724062,0.02564102564102564
Case1062,W_Nabellen offertes,res_0ba00481-2705-40d0-b647-5ea4bd04a214,Role 1,2012-03-09 16:14:37.803643262,621,1,res_0ba00481-2705-40d0-b647-5ea4bd04a214,2012-03-09 16:12:50.372715262,0.0
Case1062,W_Nabellen offertes,res_d5f36d0a-a64a-45e5-8850-daee823f6c96,Role 1,2012-03-12 08:11:01.145627162,609,1,res_d5f36d0a-a64a-45e5-8850-daee823f6c96,2012-03-12 08:09:27.775820162,0.0
Case1062,W_Nabellen offertes,res_57e6001e-3d34-44ab-b1e6-21b6b1001542,Role 1,2012-03-14 15:59:23.113303261,617,1,res_57e6001e-3d34-44ab-b1e6-21b6b1001542,2012-03-14 15:57:44.105238262,0.0
Case1063,W_Completeren aanvraag,res_230c0182-4111-4506-bfd5-9b0719b08311,Role 1,2012-03-07 23:07:59.753029782,633,1,res_230c0182-4111-4506-bfd5-9b0719b08311,2012-03-07 23:05:37.538865782,0.0
Case1063,W_Nabellen offertes,res_7c2a7682-7073-471d-9707-2acad2b806ab,Role 1,2012-03-07 23:32:13.962826782,632,1,res_7c2a7682-7073-471d-9707-2acad2b806ab,2012-03-07 23:29:52.764201782,0.0
Case1064,W_Afhandelen leads,res_219a258e-f803-4016-b457-8c77c3b88a65,Role 1,2012-03-07 23:09:50.826159765,634,0,res_219a258e-f803-4016-b457-8c77c3b88a65,2012-03-07 23:06:47.052614765,0.02564102564102564
Case1064,W_Completeren aanvraag,res_13020984-8d57-4f3c-8ba3-5a323081e70b,Role 1,2012-03-08 00:31:24.178528565,632,1,res_13020984-8d57-4f3c-8ba3-5a323081e70b,2012-03-08 00:28:46.483292565,0.0
Case1064,W_Completeren aanvraag,res_d856942c-e08c-4dce-8114-31eacb6f69b7,Role 1,2012-03-08 23:09:35.061595565,627,1,res_d856942c-e08c-4dce-8114-31eacb6f69b7,2012-03-08 23:07:25.766231565,0.0
Case1064,W_Completeren aanvraag,res_bb73aa9d-d45e-496a-a1ec-c9fe6e899287,Role 1,2012-03-09 13:46:41.067201865,622,1,res_bb73aa9d-d45e-496a-a1ec-c9fe6e899287,2012-03-09 13:44:51.234736865,0.0
Case1065,W_Afhandelen leads,res_13020984-8d57-4f3c-8ba3-5a323081e70b,Role 1,2012-03-08 00:09:01.132536902,632,0,res_13020984-8d57-4f3c-8ba3-5a323081e70b,2012-03-08 00:05:52.253812902,0.0
Case1065,W_Completeren aanvraag,res_08871a3e-f393-4f22-a0a4-e36c9d59a78e,Role 1,2012-03-08 02:04:38.319116202,630,1,res_08871a3e-f393-4f22-a0a4-e36c9d59a78e,2012-03-08 02:01:53.241004202,0.0
Case1065,W_Completeren aanvraag,res_bae84d23-abe1-4580-a954-c8576ba025c9,Role 1,2012-03-08 12:26:10.112924102,622,1,res_bae84d23-abe1-4580-a954-c8576ba025c9,2012-03-08 12:24:07.217662102,0.0
Case1066,W_Afhandelen leads,res_a60942a0-f9c4-436b-a4d0-6eeb41b2f0f2,Role 1,2012-03-08 12:15:59.960489967,621,0,res_a60942a0-f9c4-436b-a4d0-6eeb41b2f0f2,2012-03-08 12:12:51.627576967,0.0
Case1066,W_Completeren aanvraag,res_7b435aaa-ab1b-4205-92d4-81495e1b2d15,Role 1,2012-03-08 13:30:52.182902067,622,1,res_7b435aaa-ab1b-4205-92d4-81495e1b2d15,2012-03-08 13:28:21.807407067,0.0
Case1066,W_Completeren aanvraag,res_1d01c37d-a137-4a7e-8f12-e8c97f0c7f2b,Role 1,2012-03-08 17:44:46.566021067,628,3,res_1d01c37d-a137-4a7e-8f12-e8c97f0c7f2b,2012-03-08 17:42:54.787575067,0.05128205128205128
Case1066,W_Nabellen offertes,res_843e228f-f915-4f9a-b2c1-ff974c62e207,Role 1,2012-03-10 01:39:44.922082367,632,1,res_843e228f-f915-4f9a-b2c1-ff974c62e207,2012-03-10 01:38:05.117243367,0.0
Case1066,W_Nabellen offertes,res_d39cd18a-e6fc-4de4-b991-deff4ba6e82a,Role 1,2012-03-13 12:10:57.305469367,641,1,res_d39cd18a-e6fc-4de4-b991-deff4ba6e82a,2012-03-13 12:09:07.766667367,0.0
Case1066,W_Nabellen offertes,res_0ba00481-2705-40d0-b647-5ea4bd04a214,Role 1,2012-03-15 01:46:55.335720567,608,2,res_0ba00481-2705-40d0-b647-5ea4bd04a214,2012-03-15 01:44:49.070964567,0.02564102564102564
Case1067,W_Completeren aanvraag,res_6488ab10-d3ee-4b87-935d-302131660e4e,Role 1,2012-03-08 12:22:35.254850053,621,1,res_6488ab10-d3ee-4b87-935d-302131660e4e,2012-03-08 12:19:53.747299053,0.0
Case1068,W_Completeren aanvraag,res_5724148e-e102-4421-a053-83c428a11f68,Role 1,2012-03-08 12:31:58.709921654,621,1,res_5724148e-e102-4421-a053-83c428a11f68,2012-03-08 12:29:18.924301654,0.02564102564102564
Case1068,W_Completeren aanvraag,res_bae84d23-abe1-4580-a954-c8576ba025c9,Role 1,2012-03-08 13:44:47.466702754,623,1,res_bae84d23-abe1-4580-a954-c8576ba025c9,2012-03-08 13:42:20.923423754,0.0
Case1068,W_Nabellen offertes,res_8a4ef218-abd5-42fa-9b05-623b7ba3c08b,Role 1,2012-03-11 09:30:44.214379754,622,1,res_8a4ef218-abd5-42fa-9b05-623b7ba3c08b,2012-03-11 09:27:38.174597754,0.0
Case1069,W_Afhandelen leads,res_408efd66-8ed2-49bc-94a8-733c7b98a934,Role 1,2012-03-08 12:39:14.664635453,622,0,res_408efd66-8ed2-49bc-94a8-733c7b98a934,2012-03-08 12:36:07.947230453,0.0
Case1069,W_Completeren aanvraag,res_a400b893-c7da-495f-bf62-a744eeccb8c5,Role 1,2012-03-08 13:51:19.212795353,623,1,res_a400b893-c7da-495f-bf62-a744eeccb8c5,2012-03-08 13:48:48.885366353,0.0
Case1069,W_Nabellen offertes,res_570add54-a9ce-40af-8ebf-c88ddafd5fef,Role 1,2012-03-11 09:57:55.853266053,621,2,res_570add54-a9ce-40af-8ebf-c88ddafd5fef,2012-03-11 09:54:40.271336053,0.02564102564102564
Case1069,W_Nabellen offertes,res_4ea7e99f-9f77-43d0-af71-4b2253ae6764,Role 1,2012-03-16 03:11:13.274266053,588,1,res_4ea7e99f-9f77-43d0-af71-4b2253ae6764,2012-03-16 03:09:04.009218053,0.0
Case1069,W_Nabellen offertes,res_13020984-8d57-4f3c-8ba3-5a323081e70b,Role 1,2012-03-17 21:32:36.790233253,569,1,res_13020984-8d57-4f3c-8ba3-5a323081e70b,2012-03-17 21:30:58.983865253,0.0
Case1069,W_Nabellen offertes,res_843e228f-f915-4f9a-b2c1-ff974c62e207,Role 1,2012-03-20 15:10:35.088119553,549,1,res_843e228f-f915-4f9a-b2c1-ff974c62e207,2012-03-20 15:08:40.197100553,0.0
Case1069,W_Nabellen offertes,res_219a258e-f803-4016-b457-8c77c3b88a65,Role 1,2012-03-22 04:00:15.530969353,540,1,res_219a258e-f803-4016-b457-8c77c3b88a65,2012-03-22 03:58:46.695178353,0.0
Case107,W_Completeren aanvraag,res_7c2a7682-7073-471d-9707-2acad2b806ab,Role 1,2012-02-15 15:21:38.514040459,557,1,res_7c2a7682-7073-471d-9707-2acad2b806ab,2012-02-15 15:19:07.150709459,0.0
Case107,W_Completeren aanvraag,res_7b435aaa-ab1b-4205-92d4-81495e1b2d15,Role 1,2012-02-15 16:18:19.236091459,559,1,res_7b435aaa-ab1b-4205-92d4-81495e1b2d15,2012-02-15 16:15:47.526323459,0.0
Case107,W_Completeren aanvraag,res_a60942a0-f9c4-436b-a4d0-6eeb41b2f0f2,Role 1,2012-02-15 18:02:12.270701359,561,2,res_a60942a0-f9c4-436b-a4d0-6eeb41b2f0f2,2012-02-15 18:00:02.229206359,0.02564102564102564
Case107,W_Nabellen offertes,res_570add54-a9ce-40af-8ebf-c88ddafd5fef,Role 1,2012-02-16 08:07:55.078027459,562,1,res_570add54-a9ce-40af-8ebf-c88ddafd5fef,2012-02-16 08:02:52.134132459,0.02564102564102564
Case107,W_Nabellen offertes,res_5a3eddbb-0eb4-49ac-9904-07583235092c,Role 1,2012-02-21 15:40:15.889234859,635,1,res_5a3eddbb-0eb4-49ac-9904-07583235092c,2012-02-21 15:38:13.945646859,0.0
Case1070,W_Afhandelen leads,res_57e6001e-3d34-44ab-b1e6-21b6b1001542,Role 1,2012-03-08 12:47:03.593897411,623,0,res_57e6001e-3d34-44ab-b1e6-21b6b1001542,2012-03-08 12:44:00.439234411,0.05128205128205128
Case1070,W_Completeren aanvraag,res_13020984-8d57-4f3c-8ba3-5a323081e70b,Role 1,2012-03-08 13:58:13.541521511,624,1,res_13020984-8d57-4f3c-8ba3-5a323081e70b,2012-03-08 13:55:43.778615511,0.0
Case1070,W_Nabellen offertes,res_843e228f-f915-4f9a-b2c1-ff974c62e207,Role 1,2012-03-11 10:21:34.068444311,620,1,res_843e228f-f915-4f9a-b2c1-ff974c62e207,2012-03-11 10:17:48.758710311,0.0
Case1071,W_Completeren aanvraag,res_57e6001e-3d34-44ab-b1e6-21b6b1001542,Role 1,2012-03-08 12:54:44.517227655,622,1,res_57e6001e-3d34-44ab-b1e6-21b6b1001542,2012-03-08 12:52:06.028031655,0.0
Case1071,W_Completeren aanvraag,res_bb73aa9d-d45e-496a-a1ec-c9fe6e899287,Role 1,2012-03-08 14:05:04.416728255,625,1,res_bb73aa9d-d45e-496a-a1ec-c9fe6e899287,2012-03-08 14:02:39.034483255,0.02564102564102564
Case1071,W_Nabellen offertes,res_40e4f4c6-1170-4ce1-ba24-0dfa2dd61b15,Role 1,2012-03-11 10:25:17.464330855,620,2,res_40e4f4c6-1170-4ce1-ba24-0dfa2dd61b15,2012-03-11 10:20:55.710764855,0.02564102564102564
Case1072,W_Completeren aanvraag,res_7c2a7682-7073-471d-9707-2acad2b806ab,Role 1,2012-03-08 13:04:45.186778204,623,1,res_7c2a7682-7073-471d-9707-2acad2b806ab,2012-03-08 13:02:07.473077204,0.0
Case1072,W_Completeren aanvraag,res_1d01c37d-a137-4a7e-8f12-e8c97f0c7f2b,Role 1,2012-03-08 14:14:09.573274704,624,1,res_1d01c37d-a137-4a7e-8f12-e8c97f0c7f2b,2012-03-08 14:11:43.231000704,0.0
Case1072,W_Completeren aanvraag,res_a60942a0-f9c4-436b-a4d0-6eeb41b2f0f2,Role 1,2012-03-08 18:00:38.755129104,630,1,res_a60942a0-f9c4-436b-a4d0-6eeb41b2f0f2,2012-03-08 17:58:47.074998104,0.0
Case1072,W_Completeren aanvraag,res_bb73aa9d-d45e-496a-a1ec-c9fe6e899287,Role 1,2012-03-08 19:51:36.578541204,626,1,res_bb73aa9d-d45e-496a-a1ec-c9fe6e899287,2012-03-08 19:49:52.595676204,0.0
Case1073,W_Completeren aanvraag,res_d5f36d0a-a64a-45e5-8850-daee823f6c96,Role 1,2012-03-08 13:14:45.031245116,622,1,res_d5f36d0a-a64a-45e5-8850-daee823f6c96,2012-03-08 13:12:07.910677116,0.0
Case1073,W_Nabellen offertes,res_bae84d23-abe1-4580-a954-c8576ba025c9,Role 1,2012-03-08 13:51:22.363279516,624,1,res_bae84d23-abe1-4580-a954-c8576ba025c9,2012-03-08 13:49:13.443815516,0.02564102564102564
Case1073,W_Nabellen offertes,res_d5f36d0a-a64a-45e5-8850-daee823f6c96,Role 1,2012-03-17 07:24:43.443407516,573,1,res_d5f36d0a-a64a-45e5-8850-daee823f6c96,2012-03-17 07:22:41.134283516,0.0
Case1073,W_Nabellen offertes,res_219a258e-f803-4016-b457-8c77c3b88a65,Role 1,2012-03-19 23:38:22.836531916,556,1,res_219a258e-f803-4016-b457-8c77c3b88a65,2012-03-19 23:36:50.146405916,0.0
Case1074,W_Completeren aanvraag,res_3efedec2-7c7d-4360-b422-dcf1d20a8bfd,Role 1,2012-03-08 13:15:17.305534613,623,2,res_3efedec2-7c7d-4360-b422-dcf1d20a8bfd,2012-03-08 13:12:48.208502613,0.02564102564102564
Case1075,W_Completeren aanvraag,res_6488ab10-d3ee-4b87-935d-302131660e4e,Role 1,2012-03-08 13:28:59.546689299,623,1,res_6488ab10-d3ee-4b87-935d-302131660e4e,2012-03-08 13:26:23.232023299,0.0
Case1075,W_Nabellen offertes,res_5724148e-e102-4421-a053-83c428a11f68,Role 1,2012-03-08 14:05:26.109884399,625,1,res_5724148e-e102-4421-a053-83c428a11f68,2012-03-08 14:03:17.167992399,0.0
Case1076,W_Afhandelen leads,res_dec66574-3de2-4d20-a02f-ab348539e500,Role 1,2012-03-08 13:49:09.424784374,624,0,res_dec66574-3de2-4d20-a02f-ab348539e500,2012-03-08 13:46:03.958310374,0.0
Case1076,W_Completeren aanvraag,res_5724148e-e102-4421-a053-83c428a11f68,Role 1,2012-03-08 14:55:08.956218674,626,1,res_5724148e-e102-4421-a053-83c428a11f68,2012-03-08 14:52:38.414543674,0.0
Case1077,W_Afhandelen leads,res_1b3fa211-3349-4835-aae7-baccd0368824,Role 1,2012-03-08 13:59:13.030063198,625,0,res_1b3fa211-3349-4835-aae7-baccd0368824,2012-03-08 13:56:07.418247198,0.0
Case1077,W_Completeren aanvraag,res_59c642c1-18f5-484a-aed6-a023ede79a28,Role 1,2012-03-08 15:04:37.131213998,625,1,res_59c642c1-18f5-484a-aed6-a023ede79a28,2012-03-08 15:02:06.515380998,0.0
Case1077,W_Completeren aanvraag,res_1b9a0c06-ad62-425d-8a95-45a175c5555c,Role 1,2012-03-08 18:09:41.774303998,628,2,res_1b9a0c06-ad62-425d-8a95-45a175c5555c,2012-03-08 18:07:48.492594998,0.02564102564102564
Case1077,W_Nabellen offertes,res_dec66574-3de2-4d20-a02f-ab348539e500,Role 1,2012-03-10 04:37:46.881722597,630,1,res_dec66574-3de2-4d20-a02f-ab348539e500,2012-03-10 04:36:04.947866597,0.0
Case1077,W_Nabellen offertes,res_08871a3e-f393-4f22-a0a4-e36c9d59a78e,Role 1,2012-03-13 16:51:08.350657198,636,2,res_08871a3e-f393-4f22-a0a4-e36c9d59a78e,2012-03-13 16:43:14.127044198,0.02564102564102564
Case1077,W_Nabellen offertes,res_230c0182-4111-4506-bfd5-9b0719b08311,Role 1,2012-03-15 04:41:08.835385298,604,1,res_230c0182-4111-4506-bfd5-9b0719b08311,2012-03-15 04:39:23.326934298,0.0
Case1078,W_Completeren aanvraag,res_709ed04f-5b76-49c4-aeeb-ad921b6f6ca1,Role 1,2012-03-08 14:15:12.596957798,625,1,res_709ed04f-5b76-49c4-aeeb-ad921b6f6ca1,2012-03-08 14:12:37.737308798,0.0
Case1079,W_Completeren aanvraag,res_7b435aaa-ab1b-4205-92d4-81495e1b2d15,Role 1,2012-03-08 14:15:23.145352271,626,2,res_7b435aaa-ab1b-4205-92d4-81495e1b2d15,2012-03-08 14:12:55.871330271,0.02564102564102564
Case1079,W_Completeren aanvraag,res_4c3013be-6589-47a8-a7c4-f99f2e4b9a48,Role 1,2012-03-08 15:19:46.006377571,626,1,res_4c3013be-6589-47a8-a7c4-f99f2e4b9a48,2012-03-08 15:17:23.842533571,0.0
Case1079,W_Completeren aanvraag,res_d39cd18a-e6fc-4de4-b991-deff4ba6e82a,Role 1,2012-03-08 18:07:18.374599771,628,1,res_d39cd18a-e6fc-4de4-b991-deff4ba6e82a,2012-03-08 18:05:27.480471771,0.02564102564102564
Case108,W_Afhandelen leads,res_0ba00481-2705-40d0-b647-5ea4bd04a214,Role 1,2012-02-15 15:22:27.283836746,558,0,res_0ba00481-2705-40d0-b647-5ea4bd04a214,2012-02-15 15:19:20.247502746,0.02564102564102564
Case108,W_Completeren aanvraag,res_59c642c1-18f5-484a-aed6-a023ede79a28,Role 1,2012-02-15 16:19:05.138331945,559,2,res_59c642c1-18f5-484a-aed6-a023ede79a28,2012-02-15 16:16:32.879114946,0.02564102564102564
Case1080,W_Afhandelen leads,res_f8049b85-d52c-466e-8778-58e1f3f71604,Role 1,2012-03-08 14:37:42.255290564,626,0,res_f8049b85-d52c-466e-8778-58e1f3f71604,2012-03-08 14:34:35.476202564,0.0
Case1080,W_Completeren aanvraag,res_1b9a0c06-ad62-425d-8a95-45a175c5555c,Role 1,2012-03-08 15:41:17.338248264,627,1,res_1b9a0c06-ad62-425d-8a95-45a175c5555c,2012-03-08 15:38:46.236894264,0.0
Case1080,W_Completeren aanvraag,res_1b9a0c06-ad62-425d-8a95-45a175c5555c,Role 1,2012-03-08 18:30:12.943267664,625,1,res_1b9a0c06-ad62-425d-8a95-45a175c5555c,2012-03-08 18:28:17.366314664,0.0
Case1080,W_Nabellen offertes,res_f8049b85-d52c-466e-8778-58e1f3f71604,Role 1,2012-03-10 07:41:32.926484164,628,1,res_f8049b85-d52c-466e-8778-58e1f3f71604,2012-03-10 07:39:23.555983164,0.0
Case1081,W_Afhandelen leads,res_13020984-8d57-4f3c-8ba3-5a323081e70b,Role 1,2012-03-08 15:00:34.606782389,626,0,res_13020984-8d57-4f3c-8ba3-5a323081e70b,2012-03-08 14:57:28.624606389,0.02564102564102564
Case1081,W_Completeren aanvraag,res_6488ab10-d3ee-4b87-935d-302131660e4e,Role 1,2012-03-08 16:03:13.170017089,629,1,res_6488ab10-d3ee-4b87-935d-302131660e4e,2012-03-08 16:00:41.948946089,0.0
Case1082,W_Afhandelen leads,res_13020984-8d57-4f3c-8ba3-5a323081e70b,Role 1,2012-03-08 15:16:09.167333292,627,0,res_13020984-8d57-4f3c-8ba3-5a323081e70b,2012-03-08 15:13:02.526712292,0.02564102564102564
Case1082,W_Completeren aanvraag,res_57e6001e-3d34-44ab-b1e6-21b6b1001542,Role 1,2012-03-08 16:18:42.595439692,627,1,res_57e6001e-3d34-44ab-b1e6-21b6b1001542,2012-03-08 16:16:11.096987692,0.0
Case1083,W_Completeren aanvraag,res_5a3eddbb-0eb4-49ac-9904-07583235092c,Role 1,2012-03-08 15:15:44.089751854,628,2,res_5a3eddbb-0eb4-49ac-9904-07583235092c,2012-03-08 15:13:17.638396854,0.05128205128205128
Case1084,W_Completeren aanvraag,res_7b435aaa-ab1b-4205-92d4-81495e1b2d15,Role 1,2012-03-08 15:37:35.000688521,628,2,res_7b435aaa-ab1b-4205-92d4-81495e1b2d15,2012-03-08 15:35:07.317725521,0.02564102564102564
Case1084,W_Completeren aanvraag,res_08871a3e-f393-4f22-a0a4-e36c9d59a78e,Role 1,2012-03-08 16:39:46.473820421,628,1,res_08871a3e-f393-4f22-a0a4-e36c9d59a78e,2012-03-08 16:37:23.123060421,0.0
Case1084,W_Completeren aanvraag,res_5a3eddbb-0eb4-49ac-9904-07583235092c,Role 1,2012-03-08 19:29:44.746255021,626,1,res_5a3eddbb-0eb4-49ac-9904-07583235092c,2012-03-08 19:27:52.536825021,0.0
Case1084,W_Nabellen offertes,res_0fc057cb-3a7d-47d3-8cd2-6d92b33620c4,Role 1,2012-03-10 13:19:03.689477421,624,1,res_0fc057cb-3a7d-47d3-8cd2-6d92b33620c4,2012-03-10 13:17:05.128747421,0.0
Case1085,W_Completeren aanvraag,res_13020984-8d57-4f3c-8ba3-5a323081e70b,Role 1,2012-03-08 15:53:04.893644774,629,1,res_13020984-8d57-4f3c-8ba3-5a323081e70b,2012-03-08 15:50:29.130483774,0.0
Case1085,W_Nabellen offertes,res_7b435aaa-ab1b-4205-92d4-81495e1b2d15,Role 1,2012-03-08 16:22:32.644793574,628,1,res_7b435aaa-ab1b-4205-92d4-81495e1b2d15,2012-03-08 16:20:23.787327574,0.02564102564102564
Case1085,W_Nabellen offertes,res_7b435aaa-ab1b-4205-92d4-81495e1b2d15,Role 1,2012-03-17 14:14:05.933554974,572,1,res_7b435aaa-ab1b-4205-92d4-81495e1b2d15,2012-03-17 14:12:25.216521974,0.0
Case1085,W_Nabellen offertes,res_0fc057cb-3a7d-47d3-8cd2-6d92b33620c4,Role 1,2012-03-20 07:44:19.850950774,555,2,res_0fc057cb-3a7d-47d3-8cd2-6d92b33620c4,2012-03-20 07:32:46.609716774,0.02564102564102564
Case1085,W_Nabellen offertes,res_d856942c-e08c-4dce-8114-31eacb6f69b7,Role 1,2012-03-21 20:13:54.712610574,542,1,res_d856942c-e08c-4dce-8114-31eacb6f69b7,2012-03-21 20:12:07.711419574,0.0
Case1086,W_Afhandelen leads,res_843e228f-f915-4f9a-b2c1-ff974c62e207,Role 1,2012-03-08 16:16:32.162073962,627,0,res_843e228f-f915-4f9a-b2c1-ff974c62e207,2012-03-08 16:13:21.271441962,0.0
Case1086,W_Completeren aanvraag,res_bb73aa9d-d45e-496a-a1ec-c9fe6e899287,Role 1,2012-03-08 17:19:03.577091562,628,1,res_bb73aa9d-d45e-496a-a1ec-c9fe6e899287,2012-03-08 17:16:30.540534562,0.0
Case1087,W_Afhandelen leads,res_a60942a0-f9c4-436b-a4d0-6eeb41b2f0f2,Role 1,2012-03-08 16:18:03.732372431,628,1,res_a60942a0-f9c4-436b-a4d0-6eeb41b2f0f2,2012-03-08 16:15:00.001114431,0.02564102564102564
Case1087,W_Completeren aanvraag,res_a60942a0-f9c4-436b-a4d0-6eeb41b2f0f2,Role 1,2012-03-08 17:20:30.908863931,628,2,res_a60942a0-f9c4-436b-a4d0-6eeb41b2f0f2,2012-03-08 17:18:03.703972931,0.02564102564102564
Case1087,W_Completeren aanvraag,res_bae84d23-abe1-4580-a954-c8576ba025c9,Role 1,2012-03-08 19:40:39.087048931,627,1,res_bae84d23-abe1-4580-a954-c8576ba025c9,2012-03-08 19:38:44.442507931,0.0
Case1087,W_Nabellen offertes,res_1b3fa211-3349-4835-aae7-baccd0368824,Role 1,2012-03-10 12:05:30.788743631,625,1,res_1b3fa211-3349-4835-aae7-baccd0368824,2012-03-10 12:03:14.226491631,0.0
Case1087,W_Nabellen offertes,res_a400b893-c7da-495f-bf62-a744eeccb8c5,Role 1,2012-03-14 02:43:07.946336131,626,1,res_a400b893-c7da-495f-bf62-a744eeccb8c5,2012-03-14 02:41:25.872499131,0.0
Case1088,W_Afhandelen leads,res_5a3eddbb-0eb4-49ac-9904-07583235092c,Role 1,2012-03-08 16:56:37.233200884,628,0,res_5a3eddbb-0eb4-49ac-9904-07583235092c,2012-03-08 16:53:25.036732884,0.0
Case1088,W_Completeren aanvraag,res_4d502259-de4c-4574-91b7-d3c939a9cf04,Role 1,2012-03-08 18:00:10.305169784,627,1,res_4d502259-de4c-4574-91b7-d3c939a9cf04,2012-03-08 17:57:37.473255784,0.02564102564102564
Case1089,W_Completeren aanvraag,res_a60942a0-f9c4-436b-a4d0-6eeb41b2f0f2,Role 1,2012-03-08 17:16:30.055992206,628,3,res_a60942a0-f9c4-436b-a4d0-6eeb41b2f0f2,2012-03-08 17:14:06.209758206,0.05128205128205128
Case1089,W_Nabellen offertes,res_3efedec2-7c7d-4360-b422-dcf1d20a8bfd,Role 1,2012-03-08 17:41:04.902655506,629,1,res_3efedec2-7c7d-4360-b422-dcf1d20a8bfd,2012-03-08 17:39:00.895133506,0.0
Case1089,W_Nabellen offertes,res_230c0182-4111-4506-bfd5-9b0719b08311,Role 1,2012-03-17 14:09:30.192305606,572,1,res_230c0182-4111-4506-bfd5-9b0719b08311,2012-03-17 14:07:49.126136606,0.0
Case1089,W_Nabellen offertes,res_40e4f4c6-1170-4ce1-ba24-0dfa2dd61b15,Role 1,2012-03-20 07:28:58.446025606,555,1,res_40e4f4c6-1170-4ce1-ba24-0dfa2dd61b15,2012-03-20 07:17:26.196870606,0.0
Case109,W_Completeren aanvraag,res_408efd66-8ed2-49bc-94a8-733c7b98a934,Role 1,2012-02-15 15:41:12.570986072,558,1,res_408efd66-8ed2-49bc-94a8-733c7b98a934,2012-02-15 15:38:40.824877072,0.0
Case109,W_Completeren aanvraag,res_a400b893-c7da-495f-bf62-a744eeccb8c5,Role 1,2012-02-15 16:37:35.255900272,559,1,res_a400b893-c7da-495f-bf62-a744eeccb8c5,2012-02-15 16:35:03.484443272,0.0
Case109,W_Nabellen offertes,res_8a4ef218-abd5-42fa-9b05-623b7ba3c08b,Role 1,2012-02-17 03:22:53.963672072,576,1,res_8a4ef218-abd5-42fa-9b05-623b7ba3c08b,2012-02-17 03:20:54.711688072,0.0
Case1090,W_Completeren aanvraag,res_1d01c37d-a137-4a7e-8f12-e8c97f0c7f2b,Role 1,2012-03-08 17:16:42.842781042,629,4,res_1d01c37d-a137-4a7e-8f12-e8c97f0c7f2b,2012-03-08 17:14:23.336334042,0.07692307692307693
Case1090,W_Nabellen offertes,res_f8049b85-d52c-466e-8778-58e1f3f71604,Role 1,2012-03-08 17:41:20.713282642,629,2,res_f8049b85-d52c-466e-8778-58e1f3f71604,2012-03-08 17:39:22.408940642,0.02564102564102564
Case1091,W_Completeren aanvraag,res_9a47d014-a019-4396-9e72-1d1379a66c99,Role 1,2012-03-08 17:31:52.547391535,630,1,res_9a47d014-a019-4396-9e72-1d1379a66c99,2012-03-08 17:29:13.918277535,0.0
Case1091,W_Nabellen offertes,res_4ea7e99f-9f77-43d0-af71-4b2253ae6764,Role 1,2012-03-08 17:55:56.631060335,627,1,res_4ea7e99f-9f77-43d0-af71-4b2253ae6764,2012-03-08 17:53:45.087431335,0.0
Case1092,W_Completeren aanvraag,res_d39cd18a-e6fc-4de4-b991-deff4ba6e82a,Role 1,2012-03-08 17:59:31.600548755,626,1,res_d39cd18a-e6fc-4de4-b991-deff4ba6e82a,2012-03-08 17:56:52.173796755,0.0
Case1093,W_Completeren aanvraag,res_230c0182-4111-4506-bfd5-9b0719b08311,Role 1,2012-03-08 18:16:50.510717951,626,1,res_230c0182-4111-4506-bfd5-9b0719b08311,2012-03-08 18:14:10.850248951,0.0
Case1094,W_Completeren aanvraag,res_7c2a7682-7073-471d-9707-2acad2b806ab,Role 1,2012-03-08 18:17:08.140039525,627,2,res_7c2a7682-7073-471d-9707-2acad2b806ab,2012-03-08 18:14:37.043835525,0.02564102564102564
Case1095,W_Afhandelen leads,res_a60942a0-f9c4-436b-a4d0-6eeb41b2f0f2,Role 1,2012-03-08 18:46:48.013445464,626,0,res_a60942a0-f9c4-436b-a4d0-6eeb41b2f0f2,2012-03-08 18:43:33.880114464,0.0
Case1095,W_Completeren aanvraag,res_4c3013be-6589-47a8-a7c4-f99f2e4b9a48,Role 1,2012-03-08 19:56:07.984808164,627,1,res_4c3013be-6589-47a8-a7c4-f99f2e4b9a48,2012-03-08 19:53:32.397287164,0.0
Case1095,W_Nabellen offertes,res_219a258e-f803-4016-b457-8c77c3b88a65,Role 1,2012-03-16 08:27:08.651224564,584,2,res_219a258e-f803-4016-b457-8c77c3b88a65,2012-03-16 08:25:19.469579564,0.02564102564102564
Case1096,W_Afhandelen leads,res_bae84d23-abe1-4580-a954-c8576ba025c9,Role 1,2012-03-08 19:17:50.573591721,627,0,res_bae84d23-abe1-4580-a954-c8576ba025c9,2012-03-08 19:14:37.654543721,0.02564102564102564
Case1096,W_Completeren aanvraag,res_0fc057cb-3a7d-47d3-8cd2-6d92b33620c4,Role 1,2012-03-08 20:29:14.774473721,628,1,res_0fc057cb-3a7d-47d3-8cd2-6d92b33620c4,2012-03-08 20:26:39.154245721,0.0
Case1097,W_Afhandelen leads,res_f8049b85-d52c-466e-8778-58e1f3f71604,Role 1,2012-03-08 19:18:44.598073330,627,1,res_f8049b85-d52c-466e-8778-58e1f3f71604,2012-03-08 19:15:37.093836330,0.02564102564102564
Case1097,W_Completeren aanvraag,res_59c642c1-18f5-484a-aed6-a023ede79a28,Role 1,2012-03-08 20:30:09.670449030,628,2,res_59c642c1-18f5-484a-aed6-a023ede79a28,2012-03-08 20:27:39.295604030,0.02564102564102564
Case1097,W_Nabellen offertes,res_219a258e-f803-4016-b457-8c77c3b88a65,Role 1,2012-03-16 11:56:07.720437430,581,1,res_219a258e-f803-4016-b457-8c77c3b88a65,2012-03-16 11:54:19.563910430,0.0
Case1098,W_Completeren aanvraag,res_4c3013be-6589-47a8-a7c4-f99f2e4b9a48,Role 1,2012-03-08 19:45:06.212917952,627,1,res_4c3013be-6589-47a8-a7c4-f99f2e4b9a48,2012-03-08 19:42:26.991964952,0.0
Case1098,W_Nabellen offertes,res_4ea7e99f-9f77-43d0-af71-4b2253ae6764,Role 1,2012-03-08 20:05:06.774882652,627,1,res_4ea7e99f-9f77-43d0-af71-4b2253ae6764,2012-03-08 20:02:51.801988652,0.0
Case1098,W_Nabellen offertes,res_570add54-a9ce-40af-8ebf-c88ddafd5fef,Role 1,2012-03-17 02:44:16.071511552,573,1,res_570add54-a9ce-40af-8ebf-c88ddafd5fef,2012-03-17 02:38:57.835660552,0.0
Case1098,W_Nabellen offertes,res_843e228f-f915-4f9a-b2c1-ff974c62e207,Role 1,2012-03-20 01:38:15.909729852,555,1,res_843e228f-f915-4f9a-b2c1-ff974c62e207,2012-03-20 01:36:21.607179852,0.0
Case1098,W_Nabellen offertes,res_8a4ef218-abd5-42fa-9b05-623b7ba3c08b,Role 1,2012-03-21 15:06:52.411573351,544,1,res_8a4ef218-abd5-42fa-9b05-623b7ba3c08b,2012-03-21 15:04:53.493249351,0.0
Case1099,W_Afhandelen leads,res_4c3013be-6589-47a8-a7c4-f99f2e4b9a48,Role 1,2012-03-08 20:17:37.112327356,628,0,res_4c3013be-6589-47a8-a7c4-f99f2e4b9a48,2012-03-08 20:14:23.153567356,0.0
Case1099,W_Completeren aanvraag,res_9a47d014-a019-4396-9e72-1d1379a66c99,Role 1,2012-03-08 21:33:11.060955856,627,1,res_9a47d014-a019-4396-9e72-1d1379a66c99,2012-03-08 21:30:34.996260856,0.0
Case1099,W_Nabellen offertes,res_3efedec2-7c7d-4360-b422-dcf1d20a8bfd,Role 1,2012-03-16 03:45:21.169254756,588,1,res_3efedec2-7c7d-4360-b422-dcf1d20a8bfd,2012-03-16 03:43:24.675511756,0.0
Case1099,W_Nabellen offertes,res_57e6001e-3d34-44ab-b1e6-21b6b1001542,Role 1,2012-03-19 12:42:52.270472656,558,1,res_57e6001e-3d34-44ab-b1e6-21b6b1001542,2012-03-19 12:41:14.385297656,0.0
Case11,W_Afhandelen leads,res_5a3eddbb-0eb4-49ac-9904-07583235092c,Role 1,2012-02-14 08:21:19.054739981,526,0,res_5a3eddbb-0eb4-49ac-9904-07583235092c,2012-02-14 08:18:15.980494981,0.0
Case11,W_Completeren aanvraag,res_4ea7e99f-9f77-43d0-af71-4b2253ae6764,Role 1,2012-02-14 10:53:21.663674581,541,1,res_4ea7e99f-9f77-43d0-af71-4b2253ae6764,2012-02-14 10:50:57.820894581,0.02564102564102564
Case11,W_Nabellen offertes,res_230c0182-4111-4506-bfd5-9b0719b08311,Role 1,2012-02-15 05:36:03.772890981,546,1,res_230c0182-4111-4506-bfd5-9b0719b08311,2012-02-15 05:33:28.022810981,0.0
Case11,W_Nabellen offertes,res_9a47d014-a019-4396-9e72-1d1379a66c99,Role 1,2012-02-21 20:48:40.484912881,633,1,res_9a47d014-a019-4396-9e72-1d1379a66c99,2012-02-21 20:46:13.179353881,0.0
Case110,W_Afhandelen leads,res_d856942c-e08c-4dce-8114-31eacb6f69b7,Role 1,2012-02-15 15:49:08.993821357,559,0,res_d856942c-e08c-4dce-8114-31eacb6f69b7,2012-02-15 15:45:59.063729357,0.0
Case110,W_Completeren aanvraag,res_570add54-a9ce-40af-8ebf-c88ddafd5fef,Role 1,2012-02-15 16:45:39.362134557,559,1,res_570add54-a9ce-40af-8ebf-c88ddafd5fef,2012-02-15 16:43:03.460025557,0.0
Case110,W_Nabellen offertes,res_d39cd18a-e6fc-4de4-b991-deff4ba6e82a,Role 1,2012-02-17 01:55:31.129939757,576,1,res_d39cd18a-e6fc-4de4-b991-deff4ba6e82a,2012-02-17 01:53:36.445743757,0.0
Case110,W_Nabellen offertes,res_3efedec2-7c7d-4360-b422-dcf1d20a8bfd,Role 1,2012-02-23 20:55:00.962411957,638,1,res_3efedec2-7c7d-4360-b422-dcf1d20a8bfd,2012-02-23 20:52:10.207819957,0.0
Case110,W_Nabellen offertes,res_57e6001e-3d34-44ab-b1e6-21b6b1001542,Role 1,2012-02-25 14:54:50.423833457,638,1,res_57e6001e-3d34-44ab-b1e6-21b6b1001542,2012-02-25 14:53:11.382953457,0.0
Case1100,W_Completeren aanvraag,res_a400b893-c7da-495f-bf62-a744eeccb8c5,Role 1,2012-03-08 21:15:11.316975709,628,1,res_a400b893-c7da-495f-bf62-a744eeccb8c5,2012-03-08 21:12:34.960146709,0.0
Case1100,W_Completeren aanvraag,res_a400b893-c7da-495f-bf62-a744eeccb8c5,Role 1,2012-03-08 22:34:40.156293209,628,1,res_a400b893-c7da-495f-bf62-a744eeccb8c5,2012-03-08 22:32:02.985427209,0.0
Case1100,W_Completeren aanvraag,res_0ba00481-2705-40d0-b647-5ea4bd04a214,Role 1,2012-03-09 21:57:58.093556309,634,1,res_0ba00481-2705-40d0-b647-5ea4bd04a214,2012-03-09 21:56:03.085158309,0.0
Case1100,W_Nabellen offertes,res_1d01c37d-a137-4a7e-8f12-e8c97f0c7f2b,Role 1,2012-03-11 04:15:00.273858109,624,1,res_1d01c37d-a137-4a7e-8f12-e8c97f0c7f2b,2012-03-11 04:13:22.878226109,0.0
Case1100,W_Nabellen offertes,res_570add54-a9ce-40af-8ebf-c88ddafd5fef,Role 1,2012-03-13 16:08:16.098910509,636,1,res_570add54-a9ce-40af-8ebf-c88ddafd5fef,2012-03-13 15:58:41.816939509,0.0
Case1100,W_Nabellen offertes,res_6488ab10-d3ee-4b87-935d-302131660e4e,Role 1,2012-03-14 22:35:30.747916409,611,1,res_6488ab10-d3ee-4b87-935d-302131660e4e,2012-03-14 22:33:34.193034409,0.0
Case1101,W_Completeren aanvraag,res_dec66574-3de2-4d20-a02f-ab348539e500,Role 1,2012-03-08 21:21:49.934673133,629,1,res_dec66574-3de2-4d20-a02f-ab348539e500,2012-03-08 21:19:13.908619133,0.0
Case1102,W_Completeren aanvraag,res_9a47d014-a019-4396-9e72-1d1379a66c99,Role 1,2012-03-08 22:18:24.913784567,627,1,res_9a47d014-a019-4396-9e72-1d1379a66c99,2012-03-08 22:15:51.015308567,0.0
Case1102,W_Completeren aanvraag,res_230c0182-4111-4506-bfd5-9b0719b08311,Role 1,2012-03-08 23:44:07.989039767,629,1,res_230c0182-4111-4506-bfd5-9b0719b08311,2012-03-08 23:41:26.613399767,0.0
Case1102,W_Completeren aanvraag,res_d39cd18a-e6fc-4de4-b991-deff4ba6e82a,Role 1,2012-03-10 00:06:04.727558467,634,1,res_d39cd18a-e6fc-4de4-b991-deff4ba6e82a,2012-03-10 00:04:07.955039467,0.0
Case1103,W_Afhandelen leads,res_bae84d23-abe1-4580-a954-c8576ba025c9,Role 1,2012-03-08 22:19:40.687246427,628,0,res_bae84d23-abe1-4580-a954-c8576ba025c9,2012-03-08 22:16:30.305688427,0.02564102564102564
Case1103,W_Completeren aanvraag,res_7b435aaa-ab1b-4205-92d4-81495e1b2d15,Role 1,2012-03-08 23:45:29.019328926,629,2,res_7b435aaa-ab1b-4205-92d4-81495e1b2d15,2012-03-08 23:42:55.438573926,0.02564102564102564
Case1104,W_Afhandelen leads,res_d5f36d0a-a64a-45e5-8850-daee823f6c96,Role 1,2012-03-08 23:19:40.164067985,628,0,res_d5f36d0a-a64a-45e5-8850-daee823f6c96,2012-03-08 23:16:29.908950986,0.0
Case1104,W_Completeren aanvraag,res_f8049b85-d52c-466e-8778-58e1f3f71604,Role 1,2012-03-09 00:57:02.684861886,629,1,res_f8049b85-d52c-466e-8778-58e1f3f71604,2012-03-09 00:54:23.541205886,0.0
Case1105,W_Afhandelen leads,res_57e6001e-3d34-44ab-b1e6-21b6b1001542,Role 1,2012-03-08 23:19:53.220432010,629,1,res_57e6001e-3d34-44ab-b1e6-21b6b1001542,2012-03-08 23:16:52.072755010,0.02564102564102564
Case1105,W_Completeren aanvraag,res_57e6001e-3d34-44ab-b1e6-21b6b1001542,Role 1,2012-03-09 00:57:53.163223010,629,2,res_57e6001e-3d34-44ab-b1e6-21b6b1001542,2012-03-09 00:55:22.050264010,0.02564102564102564
Case1106,W_Afhandelen leads,res_0fc057cb-3a7d-47d3-8cd2-6d92b33620c4,Role 1,2012-03-08 23:55:30.068575912,629,0,res_0fc057cb-3a7d-47d3-8cd2-6d92b33620c4,2012-03-08 23:52:20.805386912,0.0
Case1106,W_Completeren aanvraag,res_4c3013be-6589-47a8-a7c4-f99f2e4b9a48,Role 1,2012-03-09 01:46:05.644973011,627,1,res_4c3013be-6589-47a8-a7c4-f99f2e4b9a48,2012-03-09 01:43:23.378816012,0.0
Case1106,W_Completeren aanvraag,res_bb73aa9d-d45e-496a-a1ec-c9fe6e899287,Role 1,2012-03-09 15:48:08.084260612,628,2,res_bb73aa9d-d45e-496a-a1ec-c9fe6e899287,2012-03-09 15:46:16.750262612,0.02564102564102564
Case1107,W_Afhandelen leads,res_0fc057cb-3a7d-47d3-8cd2-6d92b33620c4,Role 1,2012-03-09 00:18:21.021125538,630,0,res_0fc057cb-3a7d-47d3-8cd2-6d92b33620c4,2012-03-09 00:14:57.834660538,0.0
Case1107,W_Completeren aanvraag,res_4d502259-de4c-4574-91b7-d3c939a9cf04,Role 1,2012-03-09 02:28:21.562140738,627,1,res_4d502259-de4c-4574-91b7-d3c939a9cf04,2012-03-09 02:25:35.285985738,0.0
Case1108,W_Completeren aanvraag,res_1d01c37d-a137-4a7e-8f12-e8c97f0c7f2b,Role 1,2012-03-09 12:25:56.912201399,621,1,res_1d01c37d-a137-4a7e-8f12-e8c97f0c7f2b,2012-03-09 12:23:01.684945399,0.0
Case1108,W_Nabellen offertes,res_1b3fa211-3349-4835-aae7-baccd0368824,Role 1,2012-03-09 13:08:54.827562099,624,1,res_1b3fa211-3349-4835-aae7-baccd0368824,2012-03-09 13:06:52.189022099,0.0
Case1108,W_Nabellen offertes,res_408efd66-8ed2-49bc-94a8-733c7b98a934,Role 1,2012-03-18 05:19:14.854094799,568,1,res_408efd66-8ed2-49bc-94a8-733c7b98a934,2012-03-18 05:17:24.312834799,0.0
Case1109,W_Completeren aanvraag,res_4d502259-de4c-4574-91b7-d3c939a9cf04,Role 1,2012-03-09 12:31:22.677034566,622,1,res_4d502259-de4c-4574-91b7-d3c939a9cf04,2012-03-09 12:28:29.104777566,0.02564102564102564
Case111,W_Afhandelen leads,res_4c3013be-6589-47a8-a7c4-f99f2e4b9a48,Role 1,2012-02-15 16:06:44.828725027,560,0,res_4c3013be-6589-47a8-a7c4-f99f2e4b9a48,2012-02-15 16:03:35.874203027,0.02564102564102564
Case111,W_Completeren aanvraag,res_5a3eddbb-0eb4-49ac-9904-07583235092c,Role 1,2012-02-15 17:03:04.385999927,560,1,res_5a3eddbb-0eb4-49ac-9904-07583235092c,2012-02-15 17:00:28.513066927,0.0
Case111,W_Completeren aanvraag,res_7c2a7682-7073-471d-9707-2acad2b806ab,Role 1,2012-02-15 18:58:38.101301627,563,1,res_7c2a7682-7073-471d-9707-2acad2b806ab,2012-02-15 18:56:20.533827627,0.0
Case111,W_Completeren aanvraag,res_0ba00481-2705-40d0-b647-5ea4bd04a214,Role 1,2012-02-15 20:07:31.383902927,565,1,res_0ba00481-2705-40d0-b647-5ea4bd04a214,2012-02-15 20:05:38.235026927,0.0
Case1110,W_Afhandelen leads,res_7b435aaa-ab1b-4205-92d4-81495e1b2d15,Role 1,2012-03-09 12:38:49.911879014,622,0,res_7b435aaa-ab1b-4205-92d4-81495e1b2d15,2012-03-09 12:35:30.217054014,0.0
Case1110,W_Completeren aanvraag,res_5724148e-e102-4421-a053-83c428a11f68,Role 1,2012-03-09 13:51:48.535573813,628,1,res_5724148e-e102-4421-a053-83c428a11f68,2012-03-09 13:49:25.025517814,0.0
Case1110,W_Completeren aanvraag,res_4ea7e99f-9f77-43d0-af71-4b2253ae6764,Role 1,2012-03-09 18:15:52.396776314,631,1,res_4ea7e99f-9f77-43d0-af71-4b2253ae6764,2012-03-09 18:14:03.696801314,0.0
Case1110,W_Completeren aanvraag,res_59c642c1-18f5-484a-aed6-a023ede79a28,Role 1,2012-03-09 23:33:28.456352214,634,1,res_59c642c1-18f5-484a-aed6-a023ede79a28,2012-03-09 23:31:44.741065214,0.0
Case1111,W_Completeren aanvraag,res_7b435aaa-ab1b-4205-92d4-81495e1b2d15,Role 1,2012-03-09 12:49:07.264470973,623,1,res_7b435aaa-ab1b-4205-92d4-81495e1b2d15,2012-03-09 12:46:14.982261973,0.0
Case1111,W_Nabellen offertes,res_1b3fa211-3349-4835-aae7-baccd0368824,Role 1,2012-03-09 13:31:16.295347473,628,1,res_1b3fa211-3349-4835-aae7-baccd0368824,2012-03-09 13:29:13.225682473,0.05128205128205128
Case1112,W_Completeren aanvraag,res_a400b893-c7da-495f-bf62-a744eeccb8c5,Role 1,2012-03-09 12:58:42.409107586,624,1,res_a400b893-c7da-495f-bf62-a744eeccb8c5,2012-03-09 12:55:51.241166586,0.0
Case1112,W_Nabellen offertes,res_f8049b85-d52c-466e-8778-58e1f3f71604,Role 1,2012-03-09 13:40:31.613618486,627,1,res_f8049b85-d52c-466e-8778-58e1f3f71604,2012-03-09 13:38:28.325694486,0.0
Case1112,W_Nabellen offertes,res_13020984-8d57-4f3c-8ba3-5a323081e70b,Role 1,2012-03-18 07:59:22.153365086,565,1,res_13020984-8d57-4f3c-8ba3-5a323081e70b,2012-03-18 07:57:43.264638086,0.0
Case1113,W_Afhandelen leads,res_6488ab10-d3ee-4b87-935d-302131660e4e,Role 1,2012-03-09 13:08:44.338993200,625,0,res_6488ab10-d3ee-4b87-935d-302131660e4e,2012-03-09 13:05:27.500071200,0.0
Case1113,W_Completeren aanvraag,res_3efedec2-7c7d-4360-b422-dcf1d20a8bfd,Role 1,2012-03-09 14:19:52.453647000,629,1,res_3efedec2-7c7d-4360-b422-dcf1d20a8bfd,2012-03-09 14:17:29.364830000,0.02564102564102564
Case1114,W_Afhandelen leads,res_a400b893-c7da-495f-bf62-a744eeccb8c5,Role 1,2012-03-09 13:16:14.066426133,626,0,res_a400b893-c7da-495f-bf62-a744eeccb8c5,2012-03-09 13:12:57.828271133,0.0
Case1114,W_Completeren aanvraag,res_408efd66-8ed2-49bc-94a8-733c7b98a934,Role 1,2012-03-09 14:27:00.461139433,628,1,res_408efd66-8ed2-49bc-94a8-733c7b98a934,2012-03-09 14:24:35.925421433,0.0
Case1114,W_Completeren aanvraag,res_bae84d23-abe1-4580-a954-c8576ba025c9,Role 1,2012-03-09 18:25:28.612941533,632,1,res_bae84d23-abe1-4580-a954-c8576ba025c9,2012-03-09 18:23:39.980320533,0.02564102564102564
Case1114,W_Nabellen offertes,res_4c3013be-6589-47a8-a7c4-f99f2e4b9a48,Role 1,2012-03-11 15:48:03.208186033,611,1,res_4c3013be-6589-47a8-a7c4-f99f2e4b9a48,2012-03-11 15:45:57.951032033,0.0
Case1115,W_Afhandelen leads,res_408efd66-8ed2-49bc-94a8-733c7b98a934,Role 1,2012-03-09 13:26:02.734875033,627,0,res_408efd66-8ed2-49bc-94a8-733c7b98a934,2012-03-09 13:22:47.183969033,0.0
Case1115,W_Completeren aanvraag,res_7c2a7682-7073-471d-9707-2acad2b806ab,Role 1,2012-03-09 14:36:07.168203633,629,1,res_7c2a7682-7073-471d-9707-2acad2b806ab,2012-03-09 14:33:42.365687633,0.0
Case1115,W_Nabellen offertes,res_13020984-8d57-4f3c-8ba3-5a323081e70b,Role 1,2012-03-15 11:41:02.981255133,598,1,res_13020984-8d57-4f3c-8ba3-5a323081e70b,2012-03-15 11:39:16.944428133,0.0
Case1116,W_Afhandelen leads,res_a60942a0-f9c4-436b-a4d0-6eeb41b2f0f2,Role 1,2012-03-09 13:26:56.196533192,628,1,res_a60942a0-f9c4-436b-a4d0-6eeb41b2f0f2,2012-03-09 13:23:50.653044192,0.02564102564102564
Case1116,W_Completeren aanvraag,res_a60942a0-f9c4-436b-a4d0-6eeb41b2f0f2,Role 1,2012-03-09 14:36:58.668267792,629,2,res_a60942a0-f9c4-436b-a4d0-6eeb41b2f0f2,2012-03-09 14:34:41.054864792,0.02564102564102564
Case1116,W_Completeren aanvraag,res_230c0182-4111-4506-bfd5-9b0719b08311,Role 1,2012-03-09 18:28:50.440970992,631,1,res_230c0182-4111-4506-bfd5-9b0719b08311,2012-03-09 18:27:02.650208992,0.0
Case1116,W_Completeren aanvraag,res_7b435aaa-ab1b-4205-92d4-81495e1b2d15,Role 1,2012-03-09 23:32:47.587800592,633,1,res_7b435aaa-ab1b-4205-92d4-81495e1b2d15,2012-03-09 23:31:03.789892592,0.0
Case1116,W_Completeren aanvraag,res_d856942c-e08c-4dce-8114-31eacb6f69b7,Role 1,2012-03-10 12:23:31.259158192,622,1,res_d856942c-e08c-4dce-8114-31eacb6f69b7,2012-03-10 12:21:44.138784192,0.0
Case1117,W_Completeren aanvraag,res_1d01c37d-a137-4a7e-8f12-e8c97f0c7f2b,Role 1,2012-03-09 13:40:43.321087001,628,1,res_1d01c37d-a137-4a7e-8f12-e8c97f0c7f2b,2012-03-09 13:37:55.899934001,0.0
Case1117,W_Completeren aanvraag,res_6488ab10-d3ee-4b87-935d-302131660e4e,Role 1,2012-03-09 14:50:17.631631601,629,1,res_6488ab10-d3ee-4b87-935d-302131660e4e,2012-03-09 14:47:57.268956601,0.0
Case1117,W_Completeren aanvraag,res_7c2a7682-7073-471d-9707-2acad2b806ab,Role 1,2012-03-09 18:38:26.813579001,632,1,res_7c2a7682-7073-471d-9707-2acad2b806ab,2012-03-09 18:36:39.862793001,0.02564102564102564
Case1118,W_Completeren aanvraag,res_9a47d014-a019-4396-9e72-1d1379a66c99,Role 1,2012-03-09 13:53:52.407485751,629,1,res_9a47d014-a019-4396-9e72-1d1379a66c99,2012-03-09 13:51:05.737313751,0.0
Case1119,W_Afhandelen leads,res_570add54-a9ce-40af-8ebf-c88ddafd5fef,Role 1,2012-03-09 14:14:13.274441112,629,0,res_570add54-a9ce-40af-8ebf-c88ddafd5fef,2012-03-09 14:10:59.560394112,0.0
Case1119,W_Completeren aanvraag,res_3efedec2-7c7d-4360-b422-dcf1d20a8bfd,Role 1,2012-03-09 15:22:40.096317212,631,1,res_3efedec2-7c7d-4360-b422-dcf1d20a8bfd,2012-03-09 15:20:13.810450212,0.0
Case112,W_Afhandelen leads,res_4d502259-de4c-4574-91b7-d3c939a9cf04,Role 1,2012-02-15 16:22:37.124922129,559,0,res_4d502259-de4c-4574-91b7-d3c939a9cf04,2012-02-15 16:19:25.895439129,0.0
Case112,W_Completeren aanvraag,res_0ba00481-2705-40d0-b647-5ea4bd04a214,Role 1,2012-02-15 17:19:11.901024629,560,1,res_0ba00481-2705-40d0-b647-5ea4bd04a214,2012-02-15 17:16:35.645157629,0.0
Case1120,W_Afhandelen leads,res_4d502259-de4c-4574-91b7-d3c939a9cf04,Role 1,2012-03-09 14:26:34.668659265,628,0,res_4d502259-de4c-4574-91b7-d3c939a9cf04,2012-03-09 14:23:21.040383265,0.0
Case1120,W_Completeren aanvraag,res_570add54-a9ce-40af-8ebf-c88ddafd5fef,Role 1,2012-03-09 15:34:38.806119565,632,2,res_570add54-a9ce-40af-8ebf-c88ddafd5fef,2012-03-09 15:32:16.806565565,0.02564102564102564
Case1120,W_Nabellen offertes,res_dec66574-3de2-4d20-a02f-ab348539e500,Role 1,2012-03-15 21:32:09.917626265,591,2,res_dec66574-3de2-4d20-a02f-ab348539e500,2012-03-15 21:27:54.194679265,0.02564102564102564
Case1121,W_Afhandelen leads,res_b42bc940-a579-4310-8bba-a668ba469508,Role 1,2012-03-09 14:27:00.378956938,629,1,res_b42bc940-a579-4310-8bba-a668ba469508,2012-03-09 14:23:55.293534938,0.02564102564102564
Case1121,W_Completeren aanvraag,res_4c3013be-6589-47a8-a7c4-f99f2e4b9a48,Role 1,2012-03-09 15:34:57.401468138,632,3,res_4c3013be-6589-47a8-a7c4-f99f2e4b9a48,2012-03-09 15:32:42.956873138,0.05128205128205128
Case1121,W_Completeren aanvraag,res_230c0182-4111-4506-bfd5-9b0719b08311,Role 1,2012-03-09 19:18:33.101715338,634,1,res_230c0182-4111-4506-bfd5-9b0719b08311,2012-03-09 19:16:45.732814338,0.0
Case1121,W_Nabellen offertes,res_1b3fa211-3349-4835-aae7-baccd0368824,Role 1,2012-03-11 15:57:29.237316738,610,1,res_1b3fa211-3349-4835-aae7-baccd0368824,2012-03-11 15:55:31.194376738,0.0
Case1121,W_Nabellen offertes,res_7b435aaa-ab1b-4205-92d4-81495e1b2d15,Role 1,2012-03-14 07:20:04.848588938,620,1,res_7b435aaa-ab1b-4205-92d4-81495e1b2d15,2012-03-14 07:18:29.690389938,0.0
Case1121,W_Nabellen offertes,res_13020984-8d57-4f3c-8ba3-5a323081e70b,Role 1,2012-03-15 21:57:16.516073837,590,1,res_13020984-8d57-4f3c-8ba3-5a323081e70b,2012-03-15 21:45:24.796199837,0.0
Case1122,W_Afhandelen leads,res_d5f36d0a-a64a-45e5-8850-daee823f6c96,Role 1,2012-03-09 14:45:47.750390767,630,0,res_d5f36d0a-a64a-45e5-8850-daee823f6c96,2012-03-09 14:42:35.573083767,0.02564102564102564
Case1122,W_Completeren aanvraag,res_408efd66-8ed2-49bc-94a8-733c7b98a934,Role 1,2012-03-09 15:53:38.396806966,632,1,res_408efd66-8ed2-49bc-94a8-733c7b98a934,2012-03-09 15:51:11.332340967,0.0
Case1122,W_Nabellen offertes,res_d39cd18a-e6fc-4de4-b991-deff4ba6e82a,Role 1,2012-03-16 04:14:49.153737867,588,1,res_d39cd18a-e6fc-4de4-b991-deff4ba6e82a,2012-03-16 04:12:59.786369867,0.0
Case1123,W_Afhandelen leads,res_843e228f-f915-4f9a-b2c1-ff974c62e207,Role 1,2012-03-09 15:03:35.147904174,631,0,res_843e228f-f915-4f9a-b2c1-ff974c62e207,2012-03-09 15:00:21.450568174,0.0
Case1123,W_Completeren aanvraag,res_0fc057cb-3a7d-47d3-8cd2-6d92b33620c4,Role 1,2012-03-09 16:11:18.573377174,632,1,res_0fc057cb-3a7d-47d3-8cd2-6d92b33620c4,2012-03-09 16:08:50.556467174,0.0
Case1124,W_Completeren aanvraag,res_7c2a7682-7073-471d-9707-2acad2b806ab,Role 1,2012-03-09 15:25:38.794137976,631,1,res_7c2a7682-7073-471d-9707-2acad2b806ab,2012-03-09 15:22:52.435167976,0.0
Case1124,W_Completeren aanvraag,res_1b9a0c06-ad62-425d-8a95-45a175c5555c,Role 1,2012-03-09 16:33:15.376511576,633,2,res_1b9a0c06-ad62-425d-8a95-45a175c5555c,2012-03-09 16:30:57.651691576,0.05128205128205128
Case1124,W_Nabellen offertes,res_0ba00481-2705-40d0-b647-5ea4bd04a214,Role 1,2012-03-16 03:34:01.280937176,588,1,res_0ba00481-2705-40d0-b647-5ea4bd04a214,2012-03-16 03:32:11.243864176,0.0
Case1124,W_Nabellen offertes,res_a400b893-c7da-495f-bf62-a744eeccb8c5,Role 1,2012-03-19 07:59:34.802570976,560,2,res_a400b893-c7da-495f-bf62-a744eeccb8c5,2012-03-19 07:57:12.889452976,0.02564102564102564
Case1125,W_Completeren aanvraag,res_57e6001e-3d34-44ab-b1e6-21b6b1001542,Role 1,2012-03-09 15:27:18.169876456,632,2,res_57e6001e-3d34-44ab-b1e6-21b6b1001542,2012-03-09 15:24:42.246742456,0.02564102564102564
Case1125,W_Completeren aanvraag,res_219a258e-f803-4016-b457-8c77c3b88a65,Role 1,2012-03-09 16:34:49.860497656,632,2,res_219a258e-f803-4016-b457-8c77c3b88a65,2012-03-09 16:32:36.492880656,0.05128205128205128
Case1126,W_Afhandelen leads,res_0fc057cb-3a7d-47d3-8cd2-6d92b33620c4,Role 1,2012-03-09 15:49:10.842532450,633,0,res_0fc057cb-3a7d-47d3-8cd2-6d92b33620c4,2012-03-09 15:45:57.672919450,0.02564102564102564
Case1126,W_Completeren aanvraag,res_7b435aaa-ab1b-4205-92d4-81495e1b2d15,Role 1,2012-03-09 16:57:19.192555650,631,1,res_7b435aaa-ab1b-4205-92d4-81495e1b2d15,2012-03-09 16:54:50.938980650,0.02564102564102564
Case1126,W_Completeren aanvraag,res_3efedec2-7c7d-4360-b422-dcf1d20a8bfd,Role 1,2012-03-09 20:54:53.157802150,634,1,res_3efedec2-7c7d-4360-b422-dcf1d20a8bfd,2012-03-09 20:53:02.539394150,0.0
Case1126,W_Completeren aanvraag,res_0fc057cb-3a7d-47d3-8cd2-6d92b33620c4,Role 1,2012-03-10 07:38:28.314279950,625,1,res_0fc057cb-3a7d-47d3-8cd2-6d92b33620c4,2012-03-10 07:36:33.194253950,0.0
Case1126,W_Completeren aanvraag,res_9a47d014-a019-4396-9e72-1d1379a66c99,Role 1,2012-03-10 10:47:54.071987650,625,1,res_9a47d014-a019-4396-9e72-1d1379a66c99,2012-03-10 10:46:06.677194650,0.0
Case1127,W_Completeren aanvraag,res_a60942a0-f9c4-436b-a4d0-6eeb41b2f0f2,Role 1,2012-03-09 16:06:42.116216244,633,2,res_a60942a0-f9c4-436b-a4d0-6eeb41b2f0f2,2012-03-09 16:04:04.706762244,0.02564102564102564
Case1128,W_Completeren aanvraag,res_4d502259-de4c-4574-91b7-d3c939a9cf04,Role 1,2012-03-09 16:26:27.009425857,632,1,res_4d502259-de4c-4574-91b7-d3c939a9cf04,2012-03-09 16:23:38.380929857,0.0
Case1129,W_Afhandelen leads,res_6488ab10-d3ee-4b87-935d-302131660e4e,Role 1,2012-03-09 16:28:01.992747839,633,0,res_6488ab10-d3ee-4b87-935d-302131660e4e,2012-03-09 16:24:47.894678839,0.02564102564102564
Case1129,W_Completeren aanvraag,res_0ba00481-2705-40d0-b647-5ea4bd04a214,Role 1,2012-03-09 17:37:22.538151539,631,1,res_0ba00481-2705-40d0-b647-5ea4bd04a214,2012-03-09 17:34:51.578885539,0.0
Case1129,W_Completeren aanvraag,res_d5f36d0a-a64a-45e5-8850-daee823f6c96,Role 1,2012-03-09 22:00:24.818155039,634,2,res_d5f36d0a-a64a-45e5-8850-daee823f6c96,2012-03-09 21:58:34.331558039,0.02564102564102564
Case1129,W_Nabellen offertes,res_1d01c37d-a137-4a7e-8f12-e8c97f0c7f2b,Role 1,2012-03-11 13:24:03.060126339,614,1,res_1d01c37d-a137-4a7e-8f12-e8c97f0c7f2b,2012-03-11 13:19:34.323387339,0.0
Case113,W_Completeren aanvraag,res_7c2a7682-7073-471d-9707-2acad2b806ab,Role 1,2012-02-15 16:23:20.992174035,560,1,res_7c2a7682-7073-471d-9707-2acad2b806ab,2012-02-15 16:20:49.513427035,0.02564102564102564
Case1130,W_Afhandelen leads,res_a60942a0-f9c4-436b-a4d0-6eeb41b2f0f2,Role 1,2012-03-09 17:26:54.546900415,630,0,res_a60942a0-f9c4-436b-a4d0-6eeb41b2f0f2,2012-03-09 17:23:37.984192415,0.0
Case1130,W_Completeren aanvraag,res_7b435aaa-ab1b-4205-92d4-81495e1b2d15,Role 1,2012-03-09 18:39:37.241467215,633,1,res_7b435aaa-ab1b-4205-92d4-81495e1b2d15,2012-03-09 18:37:04.011982215,0.0
Case1130,W_Completeren aanvraag,res_7b435aaa-ab1b-4205-92d4-81495e1b2d15,Role 1,2012-03-10 02:29:32.039931215,629,1,res_7b435aaa-ab1b-4205-92d4-81495e1b2d15,2012-03-10 02:27:40.057701215,0.0
Case1130,W_Nabellen offertes,res_bb73aa9d-d45e-496a-a1ec-c9fe6e899287,Role 1,2012-03-11 11:18:02.157973015,616,1,res_bb73aa9d-d45e-496a-a1ec-c9fe6e899287,2012-03-11 11:15:09.081470015,0.0
Case1131,W_Completeren aanvraag,res_219a258e-f803-4016-b457-8c77c3b88a65,Role 1,2012-03-09 17:27:54.627125235,631,1,res_219a258e-f803-4016-b457-8c77c3b88a65,2012-03-09 17:25:04.624517235,0.02564102564102564
Case1131,W_Nabellen offertes,res_8a4ef218-abd5-42fa-9b05-623b7ba3c08b,Role 1,2012-03-09 17:59:30.082556735,632,1,res_8a4ef218-abd5-42fa-9b05-623b7ba3c08b,2012-03-09 17:57:18.303924735,0.0
Case1132,W_Afhandelen leads,res_d856942c-e08c-4dce-8114-31eacb6f69b7,Role 1,2012-03-09 17:48:22.249449695,632,0,res_d856942c-e08c-4dce-8114-31eacb6f69b7,2012-03-09 17:45:06.507162695,0.02564102564102564
Case1132,W_Completeren aanvraag,res_3efedec2-7c7d-4360-b422-dcf1d20a8bfd,Role 1,2012-03-09 19:02:41.395906695,634,1,res_3efedec2-7c7d-4360-b422-dcf1d20a8bfd,2012-03-09 19:00:08.840650695,0.02564102564102564
Case1133,W_Afhandelen leads,res_9a47d014-a019-4396-9e72-1d1379a66c99,Role 1,2012-03-09 18:12:30.383689054,632,0,res_9a47d014-a019-4396-9e72-1d1379a66c99,2012-03-09 18:09:13.199098054,0.0
Case1133,W_Completeren aanvraag,res_40e4f4c6-1170-4ce1-ba24-0dfa2dd61b15,Role 1,2012-03-09 19:28:56.054445654,634,1,res_40e4f4c6-1170-4ce1-ba24-0dfa2dd61b15,2012-03-09 19:26:21.626885654,0.0
Case1134,W_Completeren aanvraag,res_59c642c1-18f5-484a-aed6-a023ede79a28,Role 1,2012-03-09 18:27:00.262585097,632,1,res_59c642c1-18f5-484a-aed6-a023ede79a28,2012-03-09 18:24:07.810824097,0.0
Case1134,W_Nabellen offertes,res_4d502259-de4c-4574-91b7-d3c939a9cf04,Role 1,2012-03-09 18:56:44.669495397,634,1,res_4d502259-de4c-4574-91b7-d3c939a9cf04,2012-03-09 18:54:30.141819397,0.02564102564102564
Case1134,W_Nabellen offertes,res_4ea7e99f-9f77-43d0-af71-4b2253ae6764,Role 1,2012-03-18 07:05:54.600409697,566,1,res_4ea7e99f-9f77-43d0-af71-4b2253ae6764,2012-03-18 07:04:13.412544697,0.0
Case1135,W_Afhandelen leads,res_08871a3e-f393-4f22-a0a4-e36c9d59a78e,Role 1,2012-03-09 18:28:44.690814092,633,0,res_08871a3e-f393-4f22-a0a4-e36c9d59a78e,2012-03-09 18:25:28.406475092,0.02564102564102564
Case1135,W_Completeren aanvraag,res_230c0182-4111-4506-bfd5-9b0719b08311,Role 1,2012-03-09 19:46:36.794327892,635,1,res_230c0182-4111-4506-bfd5-9b0719b08311,2012-03-09 19:44:02.194802892,0.0
Case1136,W_Afhandelen leads,res_dec66574-3de2-4d20-a02f-ab348539e500,Role 1,2012-03-09 18:47:21.175115733,634,0,res_dec66574-3de2-4d20-a02f-ab348539e500,2012-03-09 18:44:03.648795733,0.0
Case1136,W_Completeren aanvraag,res_dec66574-3de2-4d20-a02f-ab348539e500,Role 1,2012-03-09 20:06:54.720312233,634,1,res_dec66574-3de2-4d20-a02f-ab348539e500,2012-03-09 20:04:19.592287233,0.0
Case1136,W_Nabellen offertes,res_f8049b85-d52c-466e-8778-58e1f3f71604,Role 1,2012-03-18 07:00:32.974244933,567,1,res_f8049b85-d52c-466e-8778-58e1f3f71604,2012-03-18 06:58:46.483588933,0.0
Case1137,W_Afhandelen leads,res_b42bc940-a579-4310-8bba-a668ba469508,Role 1,2012-03-09 19:11:03.902508793,634,0,res_b42bc940-a579-4310-8bba-a668ba469508,2012-03-09 19:07:46.162035793,0.0
Case1137,W_Completeren aanvraag,res_59c642c1-18f5-484a-aed6-a023ede79a28,Role 1,2012-03-09 20:32:48.933700292,634,1,res_59c642c1-18f5-484a-aed6-a023ede79a28,2012-03-09 20:30:13.402841293,0.0
Case1137,W_Completeren aanvraag,res_bae84d23-abe1-4580-a954-c8576ba025c9,Role 1,2012-03-10 14:17:11.423404793,621,1,res_bae84d23-abe1-4580-a954-c8576ba025c9,2012-03-10 14:15:21.822124793,0.0
Case1137,W_Completeren aanvraag,res_843e228f-f915-4f9a-b2c1-ff974c62e207,Role 1,2012-03-10 19:43:01.832504293,627,1,res_843e228f-f915-4f9a-b2c1-ff974c62e207,2012-03-10 19:41:24.578230293,0.0
Case1138,W_Afhandelen leads,res_3efedec2-7c7d-4360-b422-dcf1d20a8bfd,Role 1,2012-03-09 19:28:32.787462364,634,0,res_3efedec2-7c7d-4360-b422-dcf1d20a8bfd,2012-03-09 19:25:14.912944364,0.0
Case1138,W_Completeren aanvraag,res_4bfd217b-a1fe-4479-a77c-aded82769086,Role 1,2012-03-09 20:51:41.763101464,635,1,res_4bfd217b-a1fe-4479-a77c-aded82769086,2012-03-09 20:49:05.974822464,0.0
Case1139,W_Afhandelen leads,res_b42bc940-a579-4310-8bba-a668ba469508,Role 1,2012-03-09 19:29:07.865029499,635,1,res_b42bc940-a579-4310-8bba-a668ba469508,2012-03-09 19:25:56.218215499,0.02564102564102564
Case1139,W_Completeren aanvraag,res_570add54-a9ce-40af-8ebf-c88ddafd5fef,Role 1,2012-03-09 20:52:32.047575198,635,2,res_570add54-a9ce-40af-8ebf-c88ddafd5fef,2012-03-09 20:50:02.477855198,0.02564102564102564
Case114,W_Afhandelen leads,res_9a47d014-a019-4396-9e72-1d1379a66c99,Role 1,2012-02-15 16:55:00.464323106,560,0,res_9a47d014-a019-4396-9e72-1d1379a66c99,2012-02-15 16:51:48.250628106,0.0
Case114,W_Completeren aanvraag,res_1d01c37d-a137-4a7e-8f12-e8c97f0c7f2b,Role 1,2012-02-15 17:51:51.489054906,561,1,res_1d01c37d-a137-4a7e-8f12-e8c97f0c7f2b,2012-02-15 17:49:14.944153906,0.0
Case114,W_Completeren aanvraag,res_0fc057cb-3a7d-47d3-8cd2-6d92b33620c4,Role 1,2012-02-15 19:50:05.564093806,565,1,res_0fc057cb-3a7d-47d3-8cd2-6d92b33620c4,2012-02-15 19:47:47.681021806,0.0
Case114,W_Completeren aanvraag,res_4bfd217b-a1fe-4479-a77c-aded82769086,Role 1,2012-02-15 21:59:18.610925806,565,1,res_4bfd217b-a1fe-4479-a77c-aded82769086,2012-02-15 21:57:24.264767806,0.0
Case1140,W_Completeren aanvraag,res_d39cd18a-e6fc-4de4-b991-deff4ba6e82a,Role 1,2012-03-09 20:00:19.200868703,635,2,res_d39cd18a-e6fc-4de4-b991-deff4ba6e82a,2012-03-09 19:57:36.260687703,0.02564102564102564
Case1141,W_Afhandelen leads,res_d856942c-e08c-4dce-8114-31eacb6f69b7,Role 1,2012-03-09 20:29:24.027877069,635,0,res_d856942c-e08c-4dce-8114-31eacb6f69b7,2012-03-09 20:26:06.903380069,0.02564102564102564
Case1141,W_Completeren aanvraag,res_b70af2ff-820e-4016-a03c-831214a09681,Role 1,2012-03-09 21:58:17.586536269,633,1,res_b70af2ff-820e-4016-a03c-831214a09681,2012-03-09 21:55:41.206369269,0.0
Case1141,W_Completeren aanvraag,res_a400b893-c7da-495f-bf62-a744eeccb8c5,Role 1,2012-03-10 17:20:05.432163669,626,1,res_a400b893-c7da-495f-bf62-a744eeccb8c5,2012-03-10 17:18:14.526403669,0.0
Case1141,W_Completeren aanvraag,res_4bfd217b-a1fe-4479-a77c-aded82769086,Role 1,2012-03-11 04:52:03.151034169,622,1,res_4bfd217b-a1fe-4479-a77c-aded82769086,2012-03-11 04:50:15.056689169,0.0
Case1141,W_Nabellen offertes,res_6488ab10-d3ee-4b87-935d-302131660e4e,Role 1,2012-03-11 23:54:48.464437169,610,1,res_6488ab10-d3ee-4b87-935d-302131660e4e,2012-03-11 23:53:10.057993169,0.0
Case1142,W_Afhandelen leads,res_843e228f-f915-4f9a-b2c1-ff974c62e207,Role 1,2012-03-09 20:31:16.322333649,636,1,res_843e228f-f915-4f9a-b2c1-ff974c62e207,2012-03-09 20:28:04.774519649,0.02564102564102564
Case1142,W_Completeren aanvraag,res_843e228f-f915-4f9a-b2c1-ff974c62e207,Role 1,2012-03-09 22:01:02.909030149,633,1,res_843e228f-f915-4f9a-b2c1-ff974c62e207,2012-03-09 21:58:29.601423149,0.02564102564102564
Case1142,W_Completeren aanvraag,res_570add54-a9ce-40af-8ebf-c88ddafd5fef,Role 1,2012-03-10 18:38:26.787645949,627,1,res_570add54-a9ce-40af-8ebf-c88ddafd5fef,2012-03-10 18:36:36.102634949,0.0
Case1142,W_Nabellen offertes,res_0ba00481-2705-40d0-b647-5ea4bd04a214,Role 1,2012-03-12 10:44:13.312744649,608,1,res_0ba00481-2705-40d0-b647-5ea4bd04a214,2012-03-12 10:34:50.464052649,0.0
Case1143,W_Completeren aanvraag,res_7b435aaa-ab1b-4205-92d4-81495e1b2d15,Role 1,2012-03-09 21:30:14.460924436,634,1,res_7b435aaa-ab1b-4205-92d4-81495e1b2d15,2012-03-09 21:27:22.065065436,0.0
Case1143,W_Nabellen offertes,res_9a47d014-a019-4396-9e72-1d1379a66c99,Role 1,2012-03-09 21:53:54.134559836,633,1,res_9a47d014-a019-4396-9e72-1d1379a66c99,2012-03-09 21:51:32.481727836,0.02564102564102564
Case1144,W_Completeren aanvraag,res_219a258e-f803-4016-b457-8c77c3b88a65,Role 1,2012-03-09 22:29:59.018991433,633,1,res_219a258e-f803-4016-b457-8c77c3b88a65,2012-03-09 22:27:06.556643433,0.0
Case1144,W_Nabellen offertes,res_4bfd217b-a1fe-4479-a77c-aded82769086,Role 1,2012-03-09 22:56:44.105131333,633,1,res_4bfd217b-a1fe-4479-a77c-aded82769086,2012-03-09 22:54:19.506040333,0.0
Case1145,W_Completeren aanvraag,res_bae84d23-abe1-4580-a954-c8576ba025c9,Role 1,2012-03-09 22:30:14.416704281,634,2,res_bae84d23-abe1-4580-a954-c8576ba025c9,2012-03-09 22:27:34.765121281,0.02564102564102564
Case1145,W_Completeren aanvraag,res_6488ab10-d3ee-4b87-935d-302131660e4e,Role 1,2012-03-10 00:14:46.226158881,631,1,res_6488ab10-d3ee-4b87-935d-302131660e4e,2012-03-10 00:12:07.768900881,0.0
Case1145,W_Completeren aanvraag,res_a60942a0-f9c4-436b-a4d0-6eeb41b2f0f2,Role 1,2012-03-10 17:12:13.718074981,626,1,res_a60942a0-f9c4-436b-a4d0-6eeb41b2f0f2,2012-03-10 17:10:24.707048981,0.0
Case1145,W_Nabellen offertes,res_a400b893-c7da-495f-bf62-a744eeccb8c5,Role 1,2012-03-12 08:47:51.067351981,608,1,res_a400b893-c7da-495f-bf62-a744eeccb8c5,2012-03-12 08:41:50.301590981,0.0
Case1145,W_Nabellen offertes,res_4d502259-de4c-4574-91b7-d3c939a9cf04,Role 1,2012-03-13 21:11:38.227317881,628,1,res_4d502259-de4c-4574-91b7-d3c939a9cf04,2012-03-13 21:09:48.494903881,0.0
Case1145,W_Nabellen offertes,res_5724148e-e102-4421-a053-83c428a11f68,Role 1,2012-03-15 09:25:40.793656981,599,1,res_5724148e-e102-4421-a053-83c428a11f68,2012-03-15 09:24:09.547439981,0.0
Case1145,W_Nabellen offertes,res_b42bc940-a579-4310-8bba-a668ba469508,Role 1,2012-03-17 02:00:39.219921881,573,1,res_b42bc940-a579-4310-8bba-a668ba469508,2012-03-17 01:53:16.221969881,0.0
Case1145,W_Nabellen offertes,res_f8049b85-d52c-466e-8778-58e1f3f71604,Role 1,2012-03-18 20:09:36.327613781,563,1,res_f8049b85-d52c-466e-8778-58e1f3f71604,2012-03-18 20:07:49.073317781,0.0
Case1146,W_Afhandelen leads,res_3efedec2-7c7d-4360-b422-dcf1d20a8bfd,Role 1,2012-03-09 23:29:54.129687593,631,0,res_3efedec2-7c7d-4360-b422-dcf1d20a8bfd,2012-03-09 23:26:33.921645593,0.0
Case1146,W_Completeren aanvraag,res_7b435aaa-ab1b-4205-92d4-81495e1b2d15,Role 1,2012-03-10 01:26:57.578084893,630,1,res_7b435aaa-ab1b-4205-92d4-81495e1b2d15,2012-03-10 01:24:23.111832893,0.0
Case1146,W_Nabellen offertes,res_8a4ef218-abd5-42fa-9b05-623b7ba3c08b,Role 1,2012-03-14 19:47:25.173770893,611,1,res_8a4ef218-abd5-42fa-9b05-623b7ba3c08b,2012-03-14 19:45:07.571669893,0.0
Case1146,W_Nabellen offertes,res_7b435aaa-ab1b-4205-92d4-81495e1b2d15,Role 1,2012-03-17 20:48:53.660319893,568,1,res_7b435aaa-ab1b-4205-92d4-81495e1b2d15,2012-03-17 20:46:58.080364893,0.0
Case1146,W_Nabellen offertes,res_570add54-a9ce-40af-8ebf-c88ddafd5fef,Role 1,2012-03-20 04:49:19.323308293,554,2,res_570add54-a9ce-40af-8ebf-c88ddafd5fef,2012-03-20 04:43:24.811988293,0.02564102564102564
Case1147,W_Afhandelen leads,res_d856942c-e08c-4dce-8114-31eacb6f69b7,Role 1,2012-03-09 23:50:45.298386652,632,0,res_d856942c-e08c-4dce-8114-31eacb6f69b7,2012-03-09 23:47:24.161681652,0.0
Case1147,W_Completeren aanvraag,res_1b3fa211-3349-4835-aae7-baccd0368824,Role 1,2012-03-10 01:53:21.151569252,629,2,res_1b3fa211-3349-4835-aae7-baccd0368824,2012-03-10 01:50:51.896924252,0.02564102564102564
Case1147,W_Completeren aanvraag,res_7b435aaa-ab1b-4205-92d4-81495e1b2d15,Role 1,2012-03-10 14:21:31.323854552,623,1,res_7b435aaa-ab1b-4205-92d4-81495e1b2d15,2012-03-10 14:19:41.443128552,0.0
Case1147,W_Nabellen offertes,res_570add54-a9ce-40af-8ebf-c88ddafd5fef,Role 1,2012-03-12 05:40:10.066014352,609,1,res_570add54-a9ce-40af-8ebf-c88ddafd5fef,2012-03-12 05:38:19.696628352,0.0
Case1147,W_Nabellen offertes,res_57e6001e-3d34-44ab-b1e6-21b6b1001542,Role 1,2012-03-13 20:06:40.602383352,630,1,res_57e6001e-3d34-44ab-b1e6-21b6b1001542,2012-03-13 20:04:28.160153352,0.0
Case1147,W_Nabellen offertes,res_f8049b85-d52c-466e-8778-58e1f3f71604,Role 1,2012-03-15 08:39:17.506085352,600,1,res_f8049b85-d52c-466e-8778-58e1f3f71604,2012-03-15 08:37:46.910235352,0.0
Case1148,W_Afhandelen leads,res_5724148e-e102-4421-a053-83c428a11f68,Role 1,2012-03-10 12:44:38.821768087,621,0,res_5724148e-e102-4421-a053-83c428a11f68,2012-03-10 12:41:28.413013087,0.0
Case1148,W_Completeren aanvraag,res_709ed04f-5b76-49c4-aeeb-ad921b6f6ca1,Role 1,2012-03-10 13:55:53.329486887,627,1,res_709ed04f-5b76-49c4-aeeb-ad921b6f6ca1,2012-03-10 13:53:33.665236887,0.02564102564102564
Case1148,W_Nabellen offertes,res_57e6001e-3d34-44ab-b1e6-21b6b1001542,Role 1,2012-03-17 14:18:27.270730887,570,1,res_57e6001e-3d34-44ab-b1e6-21b6b1001542,2012-03-17 14:16:39.609424887,0.0
Case1149,W_Afhandelen leads,res_57e6001e-3d34-44ab-b1e6-21b6b1001542,Role 1,2012-03-10 12:49:18.697073294,622,0,res_57e6001e-3d34-44ab-b1e6-21b6b1001542,2012-03-10 12:46:08.482900294,0.0
Case1149,W_Completeren aanvraag,res_1b9a0c06-ad62-425d-8a95-45a175c5555c,Role 1,2012-03-10 14:00:15.564805494,627,1,res_1b9a0c06-ad62-425d-8a95-45a175c5555c,2012-03-10 13:57:55.703353494,0.02564102564102564
Case115,W_Completeren aanvraag,res_4c3013be-6589-47a8-a7c4-f99f2e4b9a48,Role 1,2012-02-15 17:22:15.201387887,560,1,res_4c3013be-6589-47a8-a7c4-f99f2e4b9a48,2012-02-15 17:19:41.617831887,0.0
Case115,W_Nabellen offertes,res_a400b893-c7da-495f-bf62-a744eeccb8c5,Role 1,2012-02-15 17:41:50.709261087,561,1,res_a400b893-c7da-495f-bf62-a744eeccb8c5,2012-02-15 17:39:30.148743087,0.0
Case115,W_Nabellen offertes,res_d39cd18a-e6fc-4de4-b991-deff4ba6e82a,Role 1,2012-02-24 11:16:57.865945587,643,3,res_d39cd18a-e6fc-4de4-b991-deff4ba6e82a,2012-02-24 11:15:07.460814587,0.05128205128205128
Case1150,W_Completeren aanvraag,res_59c642c1-18f5-484a-aed6-a023ede79a28,Role 1,2012-03-10 12:56:19.618445141,623,1,res_59c642c1-18f5-484a-aed6-a023ede79a28,2012-03-10 12:53:41.833437141,0.0
Case1150,W_Completeren aanvraag,res_dec66574-3de2-4d20-a02f-ab348539e500,Role 1,2012-03-10 14:06:48.194659041,625,1,res_dec66574-3de2-4d20-a02f-ab348539e500,2012-03-10 14:04:35.428668041,0.02564102564102564
Case1150,W_Completeren aanvraag,res_7b435aaa-ab1b-4205-92d4-81495e1b2d15,Role 1,2012-03-10 21:09:08.309339141,626,1,res_7b435aaa-ab1b-4205-92d4-81495e1b2d15,2012-03-10 21:07:26.139370141,0.0
Case1151,W_Completeren aanvraag,res_a400b893-c7da-495f-bf62-a744eeccb8c5,Role 1,2012-03-10 13:09:19.018656516,624,1,res_a400b893-c7da-495f-bf62-a744eeccb8c5,2012-03-10 13:06:41.596360516,0.0
Case1151,W_Nabellen offertes,res_709ed04f-5b76-49c4-aeeb-ad921b6f6ca1,Role 1,2012-03-10 13:52:42.412022316,627,1,res_709ed04f-5b76-49c4-aeeb-ad921b6f6ca1,2012-03-10 13:50:44.233111316,0.0
Case1151,W_Nabellen offertes,res_a60942a0-f9c4-436b-a4d0-6eeb41b2f0f2,Role 1,2012-03-19 05:00:52.730345616,561,1,res_a60942a0-f9c4-436b-a4d0-6eeb41b2f0f2,2012-03-19 04:57:45.642717616,0.0
Case1152,W_Completeren aanvraag,res_4d502259-de4c-4574-91b7-d3c939a9cf04,Role 1,2012-03-10 13:13:35.798209062,625,1,res_4d502259-de4c-4574-91b7-d3c939a9cf04,2012-03-10 13:10:58.494998062,0.0
Case1152,W_Nabellen offertes,res_709ed04f-5b76-49c4-aeeb-ad921b6f6ca1,Role 1,2012-03-10 13:56:47.208239162,627,1,res_709ed04f-5b76-49c4-aeeb-ad921b6f6ca1,2012-03-10 13:54:48.899687162,0.0
Case1153,W_Completeren aanvraag,res_3efedec2-7c7d-4360-b422-dcf1d20a8bfd,Role 1,2012-03-10 13:20:31.753659323,626,1,res_3efedec2-7c7d-4360-b422-dcf1d20a8bfd,2012-03-10 13:17:54.570046323,0.0
Case1153,W_Nabellen offertes,res_8a4ef218-abd5-42fa-9b05-623b7ba3c08b,Role 1,2012-03-10 14:03:23.692415323,625,1,res_8a4ef218-abd5-42fa-9b05-623b7ba3c08b,2012-03-10 14:01:25.162980323,0.0
Case1153,W_Nabellen offertes,res_219a258e-f803-4016-b457-8c77c3b88a65,Role 1,2012-03-19 05:22:24.656626523,560,1,res_219a258e-f803-4016-b457-8c77c3b88a65,2012-03-19 05:19:39.802635523,0.0
Case1153,W_Nabellen offertes,res_570add54-a9ce-40af-8ebf-c88ddafd5fef,Role 1,2012-03-21 15:55:02.363910323,541,1,res_570add54-a9ce-40af-8ebf-c88ddafd5fef,2012-03-21 15:53:25.281337323,0.0
Case1154,W_Completeren aanvraag,res_a400b893-c7da-495f-bf62-a744eeccb8c5,Role 1,2012-03-10 13:32:15.904690891,627,1,res_a400b893-c7da-495f-bf62-a744eeccb8c5,2012-03-10 13:29:38.774546891,0.0
Case1155,W_Afhandelen leads,res_5a3eddbb-0eb4-49ac-9904-07583235092c,Role 1,2012-03-10 13:37:28.219701098,627,0,res_5a3eddbb-0eb4-49ac-9904-07583235092c,2012-03-10 13:34:18.844434098,0.0
Case1155,W_Completeren aanvraag,res_08871a3e-f393-4f22-a0a4-e36c9d59a78e,Role 1,2012-03-10 14:45:54.575421098,627,1,res_08871a3e-f393-4f22-a0a4-e36c9d59a78e,2012-03-10 14:43:32.528060098,0.02564102564102564
Case1155,W_Completeren aanvraag,res_5724148e-e102-4421-a053-83c428a11f68,Role 1,2012-03-10 22:18:45.146928998,625,1,res_5724148e-e102-4421-a053-83c428a11f68,2012-03-10 22:16:57.412385998,0.0
Case1155,W_Nabellen offertes,res_dec66574-3de2-4d20-a02f-ab348539e500,Role 1,2012-03-13 00:11:24.147802498,632,1,res_dec66574-3de2-4d20-a02f-ab348539e500,2012-03-13 00:09:45.262219498,0.02564102564102564
Case1156,W_Afhandelen leads,res_0fc057cb-3a7d-47d3-8cd2-6d92b33620c4,Role 1,2012-03-10 14:04:37.616297832,626,0,res_0fc057cb-3a7d-47d3-8cd2-6d92b33620c4,2012-03-10 14:01:27.884029832,0.0
Case1156,W_Completeren aanvraag,res_408efd66-8ed2-49bc-94a8-733c7b98a934,Role 1,2012-03-10 15:11:54.830262332,627,1,res_408efd66-8ed2-49bc-94a8-733c7b98a934,2012-03-10 15:09:30.455594332,0.0
Case1156,W_Nabellen offertes,res_1b9a0c06-ad62-425d-8a95-45a175c5555c,Role 1,2012-03-17 18:02:29.243465532,568,1,res_1b9a0c06-ad62-425d-8a95-45a175c5555c,2012-03-17 18:00:30.203226532,0.0
Case1156,W_Nabellen offertes,res_1d01c37d-a137-4a7e-8f12-e8c97f0c7f2b,Role 1,2012-03-20 17:17:59.721505632,547,1,res_1d01c37d-a137-4a7e-8f12-e8c97f0c7f2b,2012-03-20 17:16:23.470130632,0.0
Case1156,W_Nabellen offertes,res_219a258e-f803-4016-b457-8c77c3b88a65,Role 1,2012-03-22 06:16:59.427508432,537,1,res_219a258e-f803-4016-b457-8c77c3b88a65,2012-03-22 06:07:44.105523432,0.0
Case1157,W_Completeren aanvraag,res_709ed04f-5b76-49c4-aeeb-ad921b6f6ca1,Role 1,2012-03-10 14:36:48.827175920,626,1,res_709ed04f-5b76-49c4-aeeb-ad921b6f6ca1,2012-03-10 14:34:09.380685920,0.0
Case1157,W_Nabellen offertes,res_1b9a0c06-ad62-425d-8a95-45a175c5555c,Role 1,2012-03-10 15:15:45.035646620,627,1,res_1b9a0c06-ad62-425d-8a95-45a175c5555c,2012-03-10 15:13:43.398982620,0.0
Case1158,W_Afhandelen leads,res_bb73aa9d-d45e-496a-a1ec-c9fe6e899287,Role 1,2012-03-10 14:37:49.624907680,627,0,res_bb73aa9d-d45e-496a-a1ec-c9fe6e899287,2012-03-10 14:34:40.611500680,0.02564102564102564
Case1158,W_Completeren aanvraag,res_bae84d23-abe1-4580-a954-c8576ba025c9,Role 1,2012-03-10 15:44:19.183256780,627,2,res_bae84d23-abe1-4580-a954-c8576ba025c9,2012-03-10 15:41:56.863545780,0.02564102564102564
Case1158,W_Nabellen offertes,res_d39cd18a-e6fc-4de4-b991-deff4ba6e82a,Role 1,2012-03-17 14:33:23.249614180,569,1,res_d39cd18a-e6fc-4de4-b991-deff4ba6e82a,2012-03-17 14:31:35.210760180,0.0
Case1158,W_Nabellen offertes,res_0ba00481-2705-40d0-b647-5ea4bd04a214,Role 1,2012-03-20 11:50:42.945900180,549,1,res_0ba00481-2705-40d0-b647-5ea4bd04a214,2012-03-20 11:48:59.311721180,0.0
Case1159,W_Completeren aanvraag,res_5724148e-e102-4421-a053-83c428a11f68,Role 1,2012-03-10 15:36:57.639576666,627,1,res_5724148e-e102-4421-a053-83c428a11f68,2012-03-10 15:34:14.021176666,0.0
Case1159,W_Nabellen offertes,res_a400b893-c7da-495f-bf62-a744eeccb8c5,Role 1,2012-03-10 16:13:43.449006866,627,1,res_a400b893-c7da-495f-bf62-a744eeccb8c5,2012-03-10 16:11:38.560244866,0.0
Case1159,W_Nabellen offertes,res_570add54-a9ce-40af-8ebf-c88ddafd5fef,Role 1,2012-03-19 05:32:20.286509466,560,1,res_570add54-a9ce-40af-8ebf-c88ddafd5fef,2012-03-19 05:29:53.239198466,0.0
Case116,W_Afhandelen leads,res_843e228f-f915-4f9a-b2c1-ff974c62e207,Role 1,2012-02-15 17:24:17.649095431,561,0,res_843e228f-f915-4f9a-b2c1-ff974c62e207,2012-02-15 17:21:06.243265431,0.02564102564102564
Case116,W_Completeren aanvraag,res_0ba00481-2705-40d0-b647-5ea4bd04a214,Role 1,2012-02-15 18:21:57.427451931,563,1,res_0ba00481-2705-40d0-b647-5ea4bd04a214,2012-02-15 18:19:20.873310931,0.0
Case1160,W_Afhandelen leads,res_a60942a0-f9c4-436b-a4d0-6eeb41b2f0f2,Role 1,2012-03-10 16:30:21.178397589,628,0,res_a60942a0-f9c4-436b-a4d0-6eeb41b2f0f2,2012-03-10 16:27:07.474934589,0.0
Case1160,W_Completeren aanvraag,res_b42bc940-a579-4310-8bba-a668ba469508,Role 1,2012-03-10 17:37:54.490759689,627,2,res_b42bc940-a579-4310-8bba-a668ba469508,2012-03-10 17:35:26.485430689,0.02564102564102564
Case1160,W_Nabellen offertes,res_dec66574-3de2-4d20-a02f-ab348539e500,Role 1,2012-03-17 17:21:40.373115089,568,1,res_dec66574-3de2-4d20-a02f-ab348539e500,2012-03-17 17:19:47.953985089,0.0
Case1160,W_Nabellen offertes,res_9a47d014-a019-4396-9e72-1d1379a66c99,Role 1,2012-03-20 14:47:39.765224689,548,1,res_9a47d014-a019-4396-9e72-1d1379a66c99,2012-03-20 14:46:03.688889689,0.0
Case1160,W_Nabellen offertes,res_3efedec2-7c7d-4360-b422-dcf1d20a8bfd,Role 1,2012-03-22 03:03:50.102327289,538,1,res_3efedec2-7c7d-4360-b422-dcf1d20a8bfd,2012-03-22 03:01:34.153392289,0.0
Case1161,W_Completeren aanvraag,res_4d502259-de4c-4574-91b7-d3c939a9cf04,Role 1,2012-03-11 12:46:38.389796309,611,1,res_4d502259-de4c-4574-91b7-d3c939a9cf04,2012-03-11 12:44:06.127290309,0.0
Case1162,W_Afhandelen leads,res_3efedec2-7c7d-4360-b422-dcf1d20a8bfd,Role 1,2012-03-11 13:16:58.058699759,611,0,res_3efedec2-7c7d-4360-b422-dcf1d20a8bfd,2012-03-11 13:13:54.343296759,0.0
Case1162,W_Completeren aanvraag,res_bb73aa9d-d45e-496a-a1ec-c9fe6e899287,Role 1,2012-03-11 14:27:42.936493559,611,1,res_bb73aa9d-d45e-496a-a1ec-c9fe6e899287,2012-03-11 14:25:21.291347559,0.0
Case1163,W_Afhandelen leads,res_3efedec2-7c7d-4360-b422-dcf1d20a8bfd,Role 1,2012-03-11 13:47:36.636461442,611,0,res_3efedec2-7c7d-4360-b422-dcf1d20a8bfd,2012-03-11 13:44:31.924139442,0.0
Case1163,W_Completeren aanvraag,res_1b3fa211-3349-4835-aae7-baccd0368824,Role 1,2012-03-11 14:53:46.277081242,610,1,res_1b3fa211-3349-4835-aae7-baccd0368824,2012-03-11 14:51:23.286275242,0.0
Case1163,W_Nabellen offertes,res_59c642c1-18f5-484a-aed6-a023ede79a28,Role 1,2012-03-17 07:23:17.959686442,572,1,res_59c642c1-18f5-484a-aed6-a023ede79a28,2012-03-17 07:21:30.266354442,0.0
Case1163,W_Nabellen offertes,res_230c0182-4111-4506-bfd5-9b0719b08311,Role 1,2012-03-20 14:42:40.667464342,548,1,res_230c0182-4111-4506-bfd5-9b0719b08311,2012-03-20 14:41:02.576397342,0.0
Case1164,W_Completeren aanvraag,res_59c642c1-18f5-484a-aed6-a023ede79a28,Role 1,2012-03-12 11:57:25.362681769,608,1,res_59c642c1-18f5-484a-aed6-a023ede79a28,2012-03-12 11:54:53.856884769,0.0
Case1165,W_Completeren aanvraag,res_bae84d23-abe1-4580-a954-c8576ba025c9,Role 1,2012-03-12 12:55:38.706393947,608,1,res_bae84d23-abe1-4580-a954-c8576ba025c9,2012-03-12 12:53:11.708137947,0.0
Case1166,W_Afhandelen leads,res_7c2a7682-7073-471d-9707-2acad2b806ab,Role 1,2012-03-12 12:58:47.380445299,608,0,res_7c2a7682-7073-471d-9707-2acad2b806ab,2012-03-12 12:55:51.891994299,0.0
Case1166,W_Completeren aanvraag,res_7b435aaa-ab1b-4205-92d4-81495e1b2d15,Role 1,2012-03-12 14:17:57.722447399,621,1,res_7b435aaa-ab1b-4205-92d4-81495e1b2d15,2012-03-12 14:15:34.726629399,0.0
Case1166,W_Nabellen offertes,res_4bfd217b-a1fe-4479-a77c-aded82769086,Role 1,2012-03-14 16:22:35.790688599,606,1,res_4bfd217b-a1fe-4479-a77c-aded82769086,2012-03-14 16:20:09.304596599,0.0
Case1167,W_Completeren aanvraag,res_709ed04f-5b76-49c4-aeeb-ad921b6f6ca1,Role 1,2012-03-12 13:05:02.246247911,609,1,res_709ed04f-5b76-49c4-aeeb-ad921b6f6ca1,2012-03-12 13:02:35.877694911,0.0
Case1167,W_Completeren aanvraag,res_bae84d23-abe1-4580-a954-c8576ba025c9,Role 1,2012-03-12 14:21:27.504745411,622,1,res_bae84d23-abe1-4580-a954-c8576ba025c9,2012-03-12 14:19:08.491078411,0.02564102564102564
Case1167,W_Nabellen offertes,res_8a4ef218-abd5-42fa-9b05-623b7ba3c08b,Role 1,2012-03-14 15:32:13.391532911,609,1,res_8a4ef218-abd5-42fa-9b05-623b7ba3c08b,2012-03-14 15:29:34.894198911,0.0
Case1168,W_Afhandelen leads,res_0ba00481-2705-40d0-b647-5ea4bd04a214,Role 1,2012-03-12 13:09:38.175853082,610,0,res_0ba00481-2705-40d0-b647-5ea4bd04a214,2012-03-12 13:06:42.701876082,0.0
Case1168,W_Completeren aanvraag,res_8a4ef218-abd5-42fa-9b05-623b7ba3c08b,Role 1,2012-03-12 14:24:19.431499582,622,1,res_8a4ef218-abd5-42fa-9b05-623b7ba3c08b,2012-03-12 14:21:56.127124582,0.0
Case1169,W_Completeren aanvraag,res_dec66574-3de2-4d20-a02f-ab348539e500,Role 1,2012-03-12 13:14:22.792055963,611,1,res_dec66574-3de2-4d20-a02f-ab348539e500,2012-03-12 13:11:57.024914963,0.0
Case1169,W_Nabellen offertes,res_57e6001e-3d34-44ab-b1e6-21b6b1001542,Role 1,2012-03-12 13:53:15.115410363,617,1,res_57e6001e-3d34-44ab-b1e6-21b6b1001542,2012-03-12 13:50:56.860453363,0.0
Case1169,W_Nabellen offertes,res_4c3013be-6589-47a8-a7c4-f99f2e4b9a48,Role 1,2012-03-20 15:22:01.177640863,547,1,res_4c3013be-6589-47a8-a7c4-f99f2e4b9a48,2012-03-20 15:20:21.607913863,0.0
Case1169,W_Nabellen offertes,res_59c642c1-18f5-484a-aed6-a023ede79a28,Role 1,2012-03-22 13:26:37.114014363,536,1,res_59c642c1-18f5-484a-aed6-a023ede79a28,2012-03-22 13:24:56.040009363,0.0
Case117,W_Afhandelen leads,res_0fc057cb-3a7d-47d3-8cd2-6d92b33620c4,Role 1,2012-02-15 17:51:39.264356815,562,0,res_0fc057cb-3a7d-47d3-8cd2-6d92b33620c4,2012-02-15 17:48:27.372208815,0.02564102564102564
Case117,W_Completeren aanvraag,res_1b9a0c06-ad62-425d-8a95-45a175c5555c,Role 1,2012-02-15 18:50:16.712803114,563,2,res_1b9a0c06-ad62-425d-8a95-45a175c5555c,2012-02-15 18:47:43.200067115,0.02564102564102564
Case117,W_Nabellen offertes,res_0fc057cb-3a7d-47d3-8cd2-6d92b33620c4,Role 1,2012-02-19 03:32:07.598167815,601,1,res_0fc057cb-3a7d-47d3-8cd2-6d92b33620c4,2012-02-19 03:30:18.435960815,0.0
Case117,W_Nabellen offertes,res_843e228f-f915-4f9a-b2c1-ff974c62e207,Role 1,2012-02-23 14:18:18.046259015,642,1,res_843e228f-f915-4f9a-b2c1-ff974c62e207,2012-02-23 14:16:46.239587015,0.0
Case117,W_Nabellen offertes,res_9a47d014-a019-4396-9e72-1d1379a66c99,Role 1,2012-02-25 05:53:37.329455915,626,1,res_9a47d014-a019-4396-9e72-1d1379a66c99,2012-02-25 05:44:45.334986915,0.0
Case1170,W_Completeren aanvraag,res_13020984-8d57-4f3c-8ba3-5a323081e70b,Role 1,2012-03-12 13:19:43.852274305,612,1,res_13020984-8d57-4f3c-8ba3-5a323081e70b,2012-03-12 13:17:18.400073305,0.0
Case1170,W_Nabellen offertes,res_b70af2ff-820e-4016-a03c-831214a09681,Role 1,2012-03-12 13:58:00.684902405,618,1,res_b70af2ff-820e-4016-a03c-831214a09681,2012-03-12 13:55:41.968752405,0.02564102564102564
Case1170,W_Nabellen offertes,res_d856942c-e08c-4dce-8114-31eacb6f69b7,Role 1,2012-03-20 16:20:16.783315505,547,1,res_d856942c-e08c-4dce-8114-31eacb6f69b7,2012-03-20 16:18:36.489408505,0.0
Case1170,W_Nabellen offertes,res_0ba00481-2705-40d0-b647-5ea4bd04a214,Role 1,2012-03-22 13:57:43.736045405,535,1,res_0ba00481-2705-40d0-b647-5ea4bd04a214,2012-03-22 13:56:05.120249405,0.0
Case1171,W_Afhandelen leads,res_bae84d23-abe1-4580-a954-c8576ba025c9,Role 1,2012-03-12 13:24:48.934228325,613,0,res_bae84d23-abe1-4580-a954-c8576ba025c9,2012-03-12 13:21:53.432732325,0.0
Case1171,W_Completeren aanvraag,res_59c642c1-18f5-484a-aed6-a023ede79a28,Role 1,2012-03-12 14:34:27.927749125,622,1,res_59c642c1-18f5-484a-aed6-a023ede79a28,2012-03-12 14:32:04.190671125,0.0
Case1171,W_Nabellen offertes,res_4d502259-de4c-4574-91b7-d3c939a9cf04,Role 1,2012-03-14 10:53:57.442181625,613,2,res_4d502259-de4c-4574-91b7-d3c939a9cf04,2012-03-14 10:50:27.256971625,0.02564102564102564
Case1172,W_Completeren aanvraag,res_843e228f-f915-4f9a-b2c1-ff974c62e207,Role 1,2012-03-12 13:29:39.721408667,614,1,res_843e228f-f915-4f9a-b2c1-ff974c62e207,2012-03-12 13:27:14.807890667,0.0
Case1172,W_Completeren aanvraag,res_b70af2ff-820e-4016-a03c-831214a09681,Role 1,2012-03-12 14:37:54.573465467,623,1,res_b70af2ff-820e-4016-a03c-831214a09681,2012-03-12 14:35:34.737669467,0.02564102564102564
Case1172,W_Nabellen offertes,res_13020984-8d57-4f3c-8ba3-5a323081e70b,Role 1,2012-03-14 11:50:43.904696267,612,1,res_13020984-8d57-4f3c-8ba3-5a323081e70b,2012-03-14 11:46:57.459144267,0.0
Case1173,W_Afhandelen leads,res_7b435aaa-ab1b-4205-92d4-81495e1b2d15,Role 1,2012-03-12 13:35:40.834643746,615,0,res_7b435aaa-ab1b-4205-92d4-81495e1b2d15,2012-03-12 13:32:45.250059746,0.0
Case1173,W_Completeren aanvraag,res_f8049b85-d52c-466e-8778-58e1f3f71604,Role 1,2012-03-12 14:42:28.428581946,624,1,res_f8049b85-d52c-466e-8778-58e1f3f71604,2012-03-12 14:40:05.608294946,0.05128205128205128
Case1174,W_Afhandelen leads,res_230c0182-4111-4506-bfd5-9b0719b08311,Role 1,2012-03-12 13:42:34.031738369,616,0,res_230c0182-4111-4506-bfd5-9b0719b08311,2012-03-12 13:39:40.317662369,0.02564102564102564
Case1174,W_Completeren aanvraag,res_570add54-a9ce-40af-8ebf-c88ddafd5fef,Role 1,2012-03-12 14:47:51.153649669,622,1,res_570add54-a9ce-40af-8ebf-c88ddafd5fef,2012-03-12 14:45:27.218290669,0.0
Case1175,W_Afhandelen leads,res_a60942a0-f9c4-436b-a4d0-6eeb41b2f0f2,Role 1,2012-03-12 13:47:18.141097852,617,0,res_a60942a0-f9c4-436b-a4d0-6eeb41b2f0f2,2012-03-12 13:44:22.402440852,0.0
Case1175,W_Completeren aanvraag,res_a60942a0-f9c4-436b-a4d0-6eeb41b2f0f2,Role 1,2012-03-12 14:51:40.256944752,621,1,res_a60942a0-f9c4-436b-a4d0-6eeb41b2f0f2,2012-03-12 14:49:15.865084752,0.0
Case1176,W_Afhandelen leads,res_b70af2ff-820e-4016-a03c-831214a09681,Role 1,2012-03-12 13:52:53.713222118,618,0,res_b70af2ff-820e-4016-a03c-831214a09681,2012-03-12 13:49:57.881838118,0.0
Case1176,W_Completeren aanvraag,res_bb73aa9d-d45e-496a-a1ec-c9fe6e899287,Role 1,2012-03-12 14:55:11.232084718,621,1,res_bb73aa9d-d45e-496a-a1ec-c9fe6e899287,2012-03-12 14:52:46.692618718,0.0
Case1177,W_Afhandelen leads,res_40e4f4c6-1170-4ce1-ba24-0dfa2dd61b15,Role 1,2012-03-12 13:57:46.964411612,619,0,res_40e4f4c6-1170-4ce1-ba24-0dfa2dd61b15,2012-03-12 13:54:51.048518612,0.0
Case1177,W_Completeren aanvraag,res_b42bc940-a579-4310-8bba-a668ba469508,Role 1,2012-03-12 14:59:24.721739112,620,1,res_b42bc940-a579-4310-8bba-a668ba469508,2012-03-12 14:57:00.040284112,0.0
Case1177,W_Nabellen offertes,res_a400b893-c7da-495f-bf62-a744eeccb8c5,Role 1,2012-03-14 02:15:49.949985812,618,1,res_a400b893-c7da-495f-bf62-a744eeccb8c5,2012-03-14 02:13:57.148064812,0.0
Case1177,W_Nabellen offertes,res_d856942c-e08c-4dce-8114-31eacb6f69b7,Role 1,2012-03-20 03:40:08.513849012,550,1,res_d856942c-e08c-4dce-8114-31eacb6f69b7,2012-03-20 03:36:54.101365012,0.0
Case1178,W_Afhandelen leads,res_230c0182-4111-4506-bfd5-9b0719b08311,Role 1,2012-03-12 13:58:07.014738372,620,1,res_230c0182-4111-4506-bfd5-9b0719b08311,2012-03-12 13:55:22.279333372,0.02564102564102564
Case1178,W_Completeren aanvraag,res_0ba00481-2705-40d0-b647-5ea4bd04a214,Role 1,2012-03-12 15:00:37.857391472,620,2,res_0ba00481-2705-40d0-b647-5ea4bd04a214,2012-03-12 14:58:16.876797472,0.02564102564102564
Case1178,W_Nabellen offertes,res_4bfd217b-a1fe-4479-a77c-aded82769086,Role 1,2012-03-14 05:37:21.116409872,616,1,res_4bfd217b-a1fe-4479-a77c-aded82769086,2012-03-14 05:35:07.786461872,0.0
Case1178,W_Nabellen offertes,res_a400b893-c7da-495f-bf62-a744eeccb8c5,Role 1,2012-03-19 22:33:28.029358272,554,1,res_a400b893-c7da-495f-bf62-a744eeccb8c5,2012-03-19 22:28:07.737529272,0.0
Case1179,W_Completeren aanvraag,res_b42bc940-a579-4310-8bba-a668ba469508,Role 1,2012-03-12 14:04:31.825473259,621,1,res_b42bc940-a579-4310-8bba-a668ba469508,2012-03-12 14:02:08.279925259,0.0
Case1179,W_Nabellen offertes,res_570add54-a9ce-40af-8ebf-c88ddafd5fef,Role 1,2012-03-12 14:37:36.498174959,623,1,res_570add54-a9ce-40af-8ebf-c88ddafd5fef,2012-03-12 14:35:16.461977959,0.0
Case118,W_Afhandelen leads,res_408efd66-8ed2-49bc-94a8-733c7b98a934,Role 1,2012-02-15 18:09:41.850865783,563,0,res_408efd66-8ed2-49bc-94a8-733c7b98a934,2012-02-15 18:06:28.361377783,0.0
Case118,W_Completeren aanvraag,res_5a3eddbb-0eb4-49ac-9904-07583235092c,Role 1,2012-02-15 19:09:05.804682083,564,1,res_5a3eddbb-0eb4-49ac-9904-07583235092c,2012-02-15 19:06:29.913571083,0.02564102564102564
Case118,W_Nabellen offertes,res_f8049b85-d52c-466e-8778-58e1f3f71604,Role 1,2012-02-19 15:19:42.492288383,598,1,res_f8049b85-d52c-466e-8778-58e1f3f71604,2012-02-19 15:15:25.562931383,0.0
Case118,W_Nabellen offertes,res_1b9a0c06-ad62-425d-8a95-45a175c5555c,Role 1,2012-02-23 21:08:58.462206183,638,1,res_1b9a0c06-ad62-425d-8a95-45a175c5555c,2012-02-23 21:06:42.903093183,0.0
Case1180,W_Afhandelen leads,res_4d502259-de4c-4574-91b7-d3c939a9cf04,Role 1,2012-03-12 14:14:07.586254837,622,0,res_4d502259-de4c-4574-91b7-d3c939a9cf04,2012-03-12 14:11:11.293123837,0.0
Case1180,W_Completeren aanvraag,res_b42bc940-a579-4310-8bba-a668ba469508,Role 1,2012-03-12 15:13:48.476441537,623,2,res_b42bc940-a579-4310-8bba-a668ba469508,2012-03-12 15:11:25.714846537,0.02564102564102564
Case1180,W_Completeren aanvraag,res_bae84d23-abe1-4580-a954-c8576ba025c9,Role 1,2012-03-12 17:04:15.567902137,626,1,res_bae84d23-abe1-4580-a954-c8576ba025c9,2012-03-12 17:02:05.465782137,0.0
Case1181,W_Afhandelen leads,res_219a258e-f803-4016-b457-8c77c3b88a65,Role 1,2012-03-12 14:21:26.114470121,622,0,res_219a258e-f803-4016-b457-8c77c3b88a65,2012-03-12 14:18:29.531976121,0.0
Case1181,W_Completeren aanvraag,res_d856942c-e08c-4dce-8114-31eacb6f69b7,Role 1,2012-03-12 15:21:07.205207921,622,1,res_d856942c-e08c-4dce-8114-31eacb6f69b7,2012-03-12 15:18:41.787290921,0.0
Case1182,W_Afhandelen leads,res_4d502259-de4c-4574-91b7-d3c939a9cf04,Role 1,2012-03-12 14:29:43.031367652,623,0,res_4d502259-de4c-4574-91b7-d3c939a9cf04,2012-03-12 14:26:48.217566652,0.02564102564102564
Case1182,W_Completeren aanvraag,res_bae84d23-abe1-4580-a954-c8576ba025c9,Role 1,2012-03-12 15:28:03.891222352,622,1,res_bae84d23-abe1-4580-a954-c8576ba025c9,2012-03-12 15:25:39.248316352,0.02564102564102564
Case1182,W_Completeren aanvraag,res_13020984-8d57-4f3c-8ba3-5a323081e70b,Role 1,2012-03-12 17:11:30.776544252,624,1,res_13020984-8d57-4f3c-8ba3-5a323081e70b,2012-03-12 17:09:20.014241252,0.0
Case1183,W_Afhandelen leads,res_40e4f4c6-1170-4ce1-ba24-0dfa2dd61b15,Role 1,2012-03-12 14:36:55.477062112,624,0,res_40e4f4c6-1170-4ce1-ba24-0dfa2dd61b15,2012-03-12 14:34:00.411745112,0.02564102564102564
Case1183,W_Completeren aanvraag,res_bb73aa9d-d45e-496a-a1ec-c9fe6e899287,Role 1,2012-03-12 15:35:14.465309212,623,1,res_bb73aa9d-d45e-496a-a1ec-c9fe6e899287,2012-03-12 15:32:49.603894212,0.02564102564102564
Case1183,W_Nabellen offertes,res_1d01c37d-a137-4a7e-8f12-e8c97f0c7f2b,Role 1,2012-03-14 00:51:54.127621012,620,1,res_1d01c37d-a137-4a7e-8f12-e8c97f0c7f2b,2012-03-14 00:50:04.158881012,0.0
Case1183,W_Nabellen offertes,res_1d01c37d-a137-4a7e-8f12-e8c97f0c7f2b,Role 1,2012-03-20 11:55:00.867234512,548,1,res_1d01c37d-a137-4a7e-8f12-e8c97f0c7f2b,2012-03-20 11:53:21.129043512,0.0
Case1183,W_Nabellen offertes,res_709ed04f-5b76-49c4-aeeb-ad921b6f6ca1,Role 1,2012-03-22 04:27:34.119340012,536,1,res_709ed04f-5b76-49c4-aeeb-ad921b6f6ca1,2012-03-22 04:17:19.788748012,0.0
Case1183,W_Nabellen offertes,res_1b9a0c06-ad62-425d-8a95-45a175c5555c,Role 1,2012-03-23 17:19:58.624896612,531,1,res_1b9a0c06-ad62-425d-8a95-45a175c5555c,2012-03-23 17:18:14.276611612,0.0
Case1183,W_Nabellen offertes,res_3efedec2-7c7d-4360-b422-dcf1d20a8bfd,Role 1,2012-03-25 07:05:35.220383512,526,1,res_3efedec2-7c7d-4360-b422-dcf1d20a8bfd,2012-03-25 07:03:06.739390512,0.0
Case1183,W_Nabellen offertes,res_0fc057cb-3a7d-47d3-8cd2-6d92b33620c4,Role 1,2012-03-27 16:20:01.894343812,523,1,res_0fc057cb-3a7d-47d3-8cd2-6d92b33620c4,2012-03-27 16:14:06.214974812,0.0
Case1183,W_Nabellen offertes,res_4bfd217b-a1fe-4479-a77c-aded82769086,Role 1,2012-03-29 05:35:26.776958612,520,1,res_4bfd217b-a1fe-4479-a77c-aded82769086,2012-03-29 05:33:47.927614612,0.0
Case1184,W_Completeren aanvraag,res_7c2a7682-7073-471d-9707-2acad2b806ab,Role 1,2012-03-12 14:46:47.766577872,622,2,res_7c2a7682-7073-471d-9707-2acad2b806ab,2012-03-12 14:44:29.057822872,0.02564102564102564
Case1184,W_Completeren aanvraag,res_843e228f-f915-4f9a-b2c1-ff974c62e207,Role 1,2012-03-12 15:44:18.651205572,624,2,res_843e228f-f915-4f9a-b2c1-ff974c62e207,2012-03-12 15:41:59.611231572,0.02564102564102564
Case1185,W_Afhandelen leads,res_a60942a0-f9c4-436b-a4d0-6eeb41b2f0f2,Role 1,2012-03-12 14:57:53.950963632,621,0,res_a60942a0-f9c4-436b-a4d0-6eeb41b2f0f2,2012-03-12 14:54:57.703900632,0.02564102564102564
Case1185,W_Completeren aanvraag,res_4bfd217b-a1fe-4479-a77c-aded82769086,Role 1,2012-03-12 15:54:30.910318032,624,2,res_4bfd217b-a1fe-4479-a77c-aded82769086,2012-03-12 15:52:07.220163032,0.02564102564102564
Case1185,W_Nabellen offertes,res_4bfd217b-a1fe-4479-a77c-aded82769086,Role 1,2012-03-13 20:18:17.477403132,622,1,res_4bfd217b-a1fe-4479-a77c-aded82769086,2012-03-13 20:16:22.231895132,0.0
Case1185,W_Nabellen offertes,res_5724148e-e102-4421-a053-83c428a11f68,Role 1,2012-03-20 15:20:28.474117032,547,1,res_5724148e-e102-4421-a053-83c428a11f68,2012-03-20 15:18:51.001415032,0.0
Case1185,W_Nabellen offertes,res_219a258e-f803-4016-b457-8c77c3b88a65,Role 1,2012-03-22 15:23:28.025620232,534,1,res_219a258e-f803-4016-b457-8c77c3b88a65,2012-03-22 15:21:58.959843232,0.0
Case1186,W_Afhandelen leads,res_f8049b85-d52c-466e-8778-58e1f3f71604,Role 1,2012-03-12 14:58:35.577583504,622,1,res_f8049b85-d52c-466e-8778-58e1f3f71604,2012-03-12 14:55:48.076182504,0.02564102564102564
Case1186,W_Completeren aanvraag,res_b42bc940-a579-4310-8bba-a668ba469508,Role 1,2012-03-12 15:55:27.580898404,624,3,res_b42bc940-a579-4310-8bba-a668ba469508,2012-03-12 15:53:07.247137404,0.05128205128205128
Case1186,W_Nabellen offertes,res_08871a3e-f393-4f22-a0a4-e36c9d59a78e,Role 1,2012-03-14 01:19:06.957899904,620,1,res_08871a3e-f393-4f22-a0a4-e36c9d59a78e,2012-03-14 01:17:20.131714904,0.0
Case1187,W_Completeren aanvraag,res_230c0182-4111-4506-bfd5-9b0719b08311,Role 1,2012-03-12 15:06:15.912237111,623,1,res_230c0182-4111-4506-bfd5-9b0719b08311,2012-03-12 15:03:52.657534111,0.0
Case1187,W_Nabellen offertes,res_843e228f-f915-4f9a-b2c1-ff974c62e207,Role 1,2012-03-12 15:33:00.804685011,623,1,res_843e228f-f915-4f9a-b2c1-ff974c62e207,2012-03-12 15:30:39.050055011,0.05128205128205128
Case1187,W_Nabellen offertes,res_40e4f4c6-1170-4ce1-ba24-0dfa2dd61b15,Role 1,2012-03-21 08:42:59.170634311,543,1,res_40e4f4c6-1170-4ce1-ba24-0dfa2dd61b15,2012-03-21 08:41:01.761362311,0.0
Case1188,W_Completeren aanvraag,res_40e4f4c6-1170-4ce1-ba24-0dfa2dd61b15,Role 1,2012-03-12 15:13:02.304786635,624,1,res_40e4f4c6-1170-4ce1-ba24-0dfa2dd61b15,2012-03-12 15:10:39.665571635,0.02564102564102564
Case1189,W_Afhandelen leads,res_f8049b85-d52c-466e-8778-58e1f3f71604,Role 1,2012-03-12 15:21:32.572848230,622,0,res_f8049b85-d52c-466e-8778-58e1f3f71604,2012-03-12 15:18:33.165021230,0.0
Case1189,W_Completeren aanvraag,res_1d01c37d-a137-4a7e-8f12-e8c97f0c7f2b,Role 1,2012-03-12 16:17:16.704095230,626,1,res_1d01c37d-a137-4a7e-8f12-e8c97f0c7f2b,2012-03-12 16:14:50.226582230,0.02564102564102564
Case1189,W_Completeren aanvraag,res_843e228f-f915-4f9a-b2c1-ff974c62e207,Role 1,2012-03-12 17:45:31.534138030,625,2,res_843e228f-f915-4f9a-b2c1-ff974c62e207,2012-03-12 17:43:22.127763030,0.02564102564102564
Case1189,W_Nabellen offertes,res_408efd66-8ed2-49bc-94a8-733c7b98a934,Role 1,2012-03-13 11:05:16.669781530,632,1,res_408efd66-8ed2-49bc-94a8-733c7b98a934,2012-03-13 11:01:57.826872530,0.0
Case119,W_Completeren aanvraag,res_230c0182-4111-4506-bfd5-9b0719b08311,Role 1,2012-02-15 18:22:23.890680182,563,1,res_230c0182-4111-4506-bfd5-9b0719b08311,2012-02-15 18:19:50.288105182,0.0
Case119,W_Nabellen offertes,res_40e4f4c6-1170-4ce1-ba24-0dfa2dd61b15,Role 1,2012-02-15 18:40:09.811852082,564,2,res_40e4f4c6-1170-4ce1-ba24-0dfa2dd61b15,2012-02-15 18:37:54.607488082,0.02564102564102564
Case1190,W_Afhandelen leads,res_d39cd18a-e6fc-4de4-b991-deff4ba6e82a,Role 1,2012-03-12 15:29:55.640149310,623,0,res_d39cd18a-e6fc-4de4-b991-deff4ba6e82a,2012-03-12 15:26:55.880394310,0.0
Case1190,W_Completeren aanvraag,res_1d01c37d-a137-4a7e-8f12-e8c97f0c7f2b,Role 1,2012-03-12 16:25:13.800338210,626,1,res_1d01c37d-a137-4a7e-8f12-e8c97f0c7f2b,2012-03-12 16:22:48.578059210,0.07692307692307693
Case1191,W_Completeren aanvraag,res_4ea7e99f-9f77-43d0-af71-4b2253ae6764,Role 1,2012-03-12 15:38:41.845452000,624,1,res_4ea7e99f-9f77-43d0-af71-4b2253ae6764,2012-03-12 15:36:18.035060000,0.0
Case1191,W_Completeren aanvraag,res_570add54-a9ce-40af-8ebf-c88ddafd5fef,Role 1,2012-03-12 16:33:55.144808500,625,1,res_570add54-a9ce-40af-8ebf-c88ddafd5fef,2012-03-12 16:31:31.314804500,0.02564102564102564
Case1192,W_Completeren aanvraag,res_4ea7e99f-9f77-43d0-af71-4b2253ae6764,Role 1,2012-03-12 15:48:37.489847724,624,1,res_4ea7e99f-9f77-43d0-af71-4b2253ae6764,2012-03-12 15:46:13.435431724,0.0
Case1192,W_Nabellen offertes,res_5a3eddbb-0eb4-49ac-9904-07583235092c,Role 1,2012-03-12 16:12:35.520710924,626,1,res_5a3eddbb-0eb4-49ac-9904-07583235092c,2012-03-12 16:10:13.695133924,0.0
Case1193,W_Completeren aanvraag,res_5724148e-e102-4421-a053-83c428a11f68,Role 1,2012-03-12 15:58:22.029475437,625,1,res_5724148e-e102-4421-a053-83c428a11f68,2012-03-12 15:55:57.753901437,0.0
Case1193,W_Nabellen offertes,res_a400b893-c7da-495f-bf62-a744eeccb8c5,Role 1,2012-03-12 16:22:14.136969137,626,2,res_a400b893-c7da-495f-bf62-a744eeccb8c5,2012-03-12 16:19:55.599717137,0.05128205128205128
Case1194,W_Afhandelen leads,res_1b3fa211-3349-4835-aae7-baccd0368824,Role 1,2012-03-12 15:59:17.919886823,626,0,res_1b3fa211-3349-4835-aae7-baccd0368824,2012-03-12 15:56:18.910259823,0.02564102564102564
Case1194,W_Completeren aanvraag,res_bb73aa9d-d45e-496a-a1ec-c9fe6e899287,Role 1,2012-03-12 16:54:14.183325123,626,2,res_bb73aa9d-d45e-496a-a1ec-c9fe6e899287,2012-03-12 16:51:49.032844123,0.02564102564102564
Case1194,W_Completeren aanvraag,res_a60942a0-f9c4-436b-a4d0-6eeb41b2f0f2,Role 1,2012-03-12 18:18:41.230306223,627,1,res_a60942a0-f9c4-436b-a4d0-6eeb41b2f0f2,2012-03-12 18:16:31.211554223,0.0
Case1195,W_Completeren aanvraag,res_13020984-8d57-4f3c-8ba3-5a323081e70b,Role 1,2012-03-12 16:03:25.332763305,627,1,res_13020984-8d57-4f3c-8ba3-5a323081e70b,2012-03-12 16:01:00.995038305,0.0
Case1196,W_Completeren aanvraag,res_4ea7e99f-9f77-43d0-af71-4b2253ae6764,Role 1,2012-03-12 16:07:39.328520939,627,1,res_4ea7e99f-9f77-43d0-af71-4b2253ae6764,2012-03-12 16:05:14.871338939,0.0
Case1197,W_Afhandelen leads,res_d39cd18a-e6fc-4de4-b991-deff4ba6e82a,Role 1,2012-03-12 16:18:42.300215787,626,0,res_d39cd18a-e6fc-4de4-b991-deff4ba6e82a,2012-03-12 16:15:40.495079787,0.0
Case1197,W_Completeren aanvraag,res_570add54-a9ce-40af-8ebf-c88ddafd5fef,Role 1,2012-03-12 17:13:12.726871287,625,1,res_570add54-a9ce-40af-8ebf-c88ddafd5fef,2012-03-12 17:10:44.899987287,0.02564102564102564
Case1197,W_Completeren aanvraag,res_1b3fa211-3349-4835-aae7-baccd0368824,Role 1,2012-03-12 18:27:30.551993687,628,1,res_1b3fa211-3349-4835-aae7-baccd0368824,2012-03-12 18:25:19.994479687,0.02564102564102564
Case1197,W_Nabellen offertes,res_59c642c1-18f5-484a-aed6-a023ede79a28,Role 1,2012-03-13 10:21:08.710835586,633,2,res_59c642c1-18f5-484a-aed6-a023ede79a28,2012-03-13 10:17:37.010710586,0.02564102564102564
Case1198,W_Afhandelen leads,res_6488ab10-d3ee-4b87-935d-302131660e4e,Role 1,2012-03-12 16:23:43.831630380,624,0,res_6488ab10-d3ee-4b87-935d-302131660e4e,2012-03-12 16:20:41.721325380,0.0
Case1198,W_Completeren aanvraag,res_7c2a7682-7073-471d-9707-2acad2b806ab,Role 1,2012-03-12 17:18:18.936608280,625,1,res_7c2a7682-7073-471d-9707-2acad2b806ab,2012-03-12 17:15:50.130519280,0.0
Case1199,W_Afhandelen leads,res_4d502259-de4c-4574-91b7-d3c939a9cf04,Role 1,2012-03-12 16:28:50.239578160,625,0,res_4d502259-de4c-4574-91b7-d3c939a9cf04,2012-03-12 16:25:47.984799161,0.0
Case1199,W_Completeren aanvraag,res_dec66574-3de2-4d20-a02f-ab348539e500,Role 1,2012-03-12 17:23:18.758729761,625,1,res_dec66574-3de2-4d20-a02f-ab348539e500,2012-03-12 17:20:49.864752761,0.0
Case1199,W_Completeren aanvraag,res_8a4ef218-abd5-42fa-9b05-623b7ba3c08b,Role 1,2012-03-12 18:38:51.998293861,629,1,res_8a4ef218-abd5-42fa-9b05-623b7ba3c08b,2012-03-12 18:36:40.880905861,0.0
Case1199,W_Nabellen offertes,res_13020984-8d57-4f3c-8ba3-5a323081e70b,Role 1,2012-03-13 12:46:58.665637561,630,1,res_13020984-8d57-4f3c-8ba3-5a323081e70b,2012-03-13 12:44:37.994238561,0.0
Case1199,W_Nabellen offertes,res_408efd66-8ed2-49bc-94a8-733c7b98a934,Role 1,2012-03-16 20:06:13.887574061,573,1,res_408efd66-8ed2-49bc-94a8-733c7b98a934,2012-03-16 20:02:56.039417061,0.0
Case1199,W_Nabellen offertes,res_1b3fa211-3349-4835-aae7-baccd0368824,Role 1,2012-03-18 23:51:50.933567361,561,2,res_1b3fa211-3349-4835-aae7-baccd0368824,2012-03-18 23:49:59.803574361,0.02564102564102564
Case1199,W_Nabellen offertes,res_f8049b85-d52c-466e-8778-58e1f3f71604,Role 1,2012-03-20 20:28:27.045699561,547,1,res_f8049b85-d52c-466e-8778-58e1f3f71604,2012-03-20 20:26:07.351262561,0.0
Case1199,W_Nabellen offertes,res_59c642c1-18f5-484a-aed6-a023ede79a28,Role 1,2012-03-22 10:17:29.524937361,536,1,res_59c642c1-18f5-484a-aed6-a023ede79a28,2012-03-22 10:15:38.576640361,0.0
Case1199,W_Nabellen offertes,res_dec66574-3de2-4d20-a02f-ab348539e500,Role 1,2012-03-23 17:18:45.350952061,531,1,res_dec66574-3de2-4d20-a02f-ab348539e500,2012-03-23 17:17:06.982706061,0.0
Case1199,W_Nabellen offertes,res_1b3fa211-3349-4835-aae7-baccd0368824,Role 1,2012-03-24 20:54:55.032028961,528,1,res_1b3fa211-3349-4835-aae7-baccd0368824,2012-03-24 20:53:21.665461961,0.0
Case1199,W_Nabellen offertes,res_4bfd217b-a1fe-4479-a77c-aded82769086,Role 1,2012-03-26 10:37:46.799907261,524,1,res_4bfd217b-a1fe-4479-a77c-aded82769086,2012-03-26 10:29:28.202625261,0.0
Case1199,W_Nabellen offertes,res_230c0182-4111-4506-bfd5-9b0719b08311,Role 1,2012-03-27 22:46:30.903395261,523,1,res_230c0182-4111-4506-bfd5-9b0719b08311,2012-03-27 22:44:43.524624261,0.0
Case12,W_Afhandelen leads,res_08871a3e-f393-4f22-a0a4-e36c9d59a78e,Role 1,2012-02-14 08:24:36.500656918,527,0,res_08871a3e-f393-4f22-a0a4-e36c9d59a78e,2012-02-14 08:21:33.439839918,0.0
Case12,W_Completeren aanvraag,res_7c2a7682-7073-471d-9707-2acad2b806ab,Role 1,2012-02-14 10:55:54.127091618,541,1,res_7c2a7682-7073-471d-9707-2acad2b806ab,2012-02-14 10:53:29.805374618,0.0
Case120,W_Afhandelen leads,res_5724148e-e102-4421-a053-83c428a11f68,Role 1,2012-02-15 18:24:20.066086265,564,0,res_5724148e-e102-4421-a053-83c428a11f68,2012-02-15 18:21:07.861419265,0.02564102564102564
Case120,W_Completeren aanvraag,res_1b3fa211-3349-4835-aae7-baccd0368824,Role 1,2012-02-15 19:24:20.932695065,564,1,res_1b3fa211-3349-4835-aae7-baccd0368824,2012-02-15 19:21:44.225143065,0.0
Case1200,W_Afhandelen leads,res_f8049b85-d52c-466e-8778-58e1f3f71604,Role 1,2012-03-12 16:34:04.758459041,625,0,res_f8049b85-d52c-466e-8778-58e1f3f71604,2012-03-12 16:31:02.307838041,0.0
Case1200,W_Completeren aanvraag,res_3efedec2-7c7d-4360-b422-dcf1d20a8bfd,Role 1,2012-03-12 17:28:33.659126441,625,1,res_3efedec2-7c7d-4360-b422-dcf1d20a8bfd,2012-03-12 17:26:04.663405441,0.0
Case1201,W_Afhandelen leads,res_b42bc940-a579-4310-8bba-a668ba469508,Role 1,2012-03-12 16:43:04.009396069,626,0,res_b42bc940-a579-4310-8bba-a668ba469508,2012-03-12 16:40:01.291254069,0.0
Case1201,W_Completeren aanvraag,res_7c2a7682-7073-471d-9707-2acad2b806ab,Role 1,2012-03-12 17:37:29.007902769,625,1,res_7c2a7682-7073-471d-9707-2acad2b806ab,2012-03-12 17:34:59.866059769,0.0
Case1201,W_Nabellen offertes,res_4d502259-de4c-4574-91b7-d3c939a9cf04,Role 1,2012-03-13 22:00:11.932241669,621,1,res_4d502259-de4c-4574-91b7-d3c939a9cf04,2012-03-13 21:58:17.926697669,0.0
Case1201,W_Nabellen offertes,res_4ea7e99f-9f77-43d0-af71-4b2253ae6764,Role 1,2012-03-21 01:41:54.734852969,544,1,res_4ea7e99f-9f77-43d0-af71-4b2253ae6764,2012-03-21 01:34:17.904066969,0.0
Case1201,W_Nabellen offertes,res_d856942c-e08c-4dce-8114-31eacb6f69b7,Role 1,2012-03-22 13:44:29.869318869,534,1,res_d856942c-e08c-4dce-8114-31eacb6f69b7,2012-03-22 13:42:46.189377869,0.0
Case1201,W_Nabellen offertes,res_5a3eddbb-0eb4-49ac-9904-07583235092c,Role 1,2012-03-24 02:58:22.958226869,528,1,res_5a3eddbb-0eb4-49ac-9904-07583235092c,2012-03-24 02:55:11.843012869,0.0
Case1201,W_Nabellen offertes,res_1b9a0c06-ad62-425d-8a95-45a175c5555c,Role 1,2012-03-26 05:54:38.152286469,526,1,res_1b9a0c06-ad62-425d-8a95-45a175c5555c,2012-03-26 05:53:01.904204469,0.0
Case1202,W_Completeren aanvraag,res_d39cd18a-e6fc-4de4-b991-deff4ba6e82a,Role 1,2012-03-12 16:57:57.923770247,625,2,res_d39cd18a-e6fc-4de4-b991-deff4ba6e82a,2012-03-12 16:55:37.208251247,0.02564102564102564
Case1202,W_Completeren aanvraag,res_f8049b85-d52c-466e-8778-58e1f3f71604,Role 1,2012-03-12 17:52:11.877179347,625,1,res_f8049b85-d52c-466e-8778-58e1f3f71604,2012-03-12 17:49:48.443315347,0.02564102564102564
Case1202,W_Completeren aanvraag,res_1d01c37d-a137-4a7e-8f12-e8c97f0c7f2b,Role 1,2012-03-12 19:13:17.929059646,633,2,res_1d01c37d-a137-4a7e-8f12-e8c97f0c7f2b,2012-03-12 19:11:11.466014646,0.05128205128205128
Case1202,W_Nabellen offertes,res_4ea7e99f-9f77-43d0-af71-4b2253ae6764,Role 1,2012-03-13 16:58:58.840792547,627,1,res_4ea7e99f-9f77-43d0-af71-4b2253ae6764,2012-03-13 16:57:11.070363547,0.0
Case1203,W_Afhandelen leads,res_b70af2ff-820e-4016-a03c-831214a09681,Role 1,2012-03-12 17:01:25.777374786,625,0,res_b70af2ff-820e-4016-a03c-831214a09681,2012-03-12 16:58:22.429335786,0.0
Case1203,W_Completeren aanvraag,res_dec66574-3de2-4d20-a02f-ab348539e500,Role 1,2012-03-12 17:55:44.831367486,625,1,res_dec66574-3de2-4d20-a02f-ab348539e500,2012-03-12 17:53:15.396422486,0.0
Case1204,W_Afhandelen leads,res_408efd66-8ed2-49bc-94a8-733c7b98a934,Role 1,2012-03-12 17:08:48.252083621,625,0,res_408efd66-8ed2-49bc-94a8-733c7b98a934,2012-03-12 17:05:44.697970621,0.0
Case1204,W_Completeren aanvraag,res_7c2a7682-7073-471d-9707-2acad2b806ab,Role 1,2012-03-12 18:03:07.906594221,625,1,res_7c2a7682-7073-471d-9707-2acad2b806ab,2012-03-12 18:00:38.379946221,0.0
Case1204,W_Nabellen offertes,res_5724148e-e102-4421-a053-83c428a11f68,Role 1,2012-03-14 04:11:22.992048121,617,1,res_5724148e-e102-4421-a053-83c428a11f68,2012-03-14 04:09:18.578353121,0.0
Case1204,W_Nabellen offertes,res_d39cd18a-e6fc-4de4-b991-deff4ba6e82a,Role 1,2012-03-20 22:00:35.923091021,547,1,res_d39cd18a-e6fc-4de4-b991-deff4ba6e82a,2012-03-20 21:57:21.918867021,0.0
Case1204,W_Nabellen offertes,res_8a4ef218-abd5-42fa-9b05-623b7ba3c08b,Role 1,2012-03-22 10:02:06.012506121,536,1,res_8a4ef218-abd5-42fa-9b05-623b7ba3c08b,2012-03-22 10:00:19.142814121,0.0
Case1204,W_Nabellen offertes,res_d856942c-e08c-4dce-8114-31eacb6f69b7,Role 1,2012-03-23 23:00:08.230533621,531,1,res_d856942c-e08c-4dce-8114-31eacb6f69b7,2012-03-23 22:58:30.306591621,0.0
Case1205,W_Completeren aanvraag,res_1b9a0c06-ad62-425d-8a95-45a175c5555c,Role 1,2012-03-12 17:14:33.571270034,626,2,res_1b9a0c06-ad62-425d-8a95-45a175c5555c,2012-03-12 17:12:12.564541034,0.02564102564102564
Case1205,W_Nabellen offertes,res_b42bc940-a579-4310-8bba-a668ba469508,Role 1,2012-03-12 17:36:11.142381134,625,1,res_b42bc940-a579-4310-8bba-a668ba469508,2012-03-12 17:33:51.418489134,0.05128205128205128
Case1206,W_Completeren aanvraag,res_6488ab10-d3ee-4b87-935d-302131660e4e,Role 1,2012-03-12 17:19:37.909534540,626,2,res_6488ab10-d3ee-4b87-935d-302131660e4e,2012-03-12 17:17:16.813123540,0.02564102564102564
Case1207,W_Completeren aanvraag,res_5a3eddbb-0eb4-49ac-9904-07583235092c,Role 1,2012-03-12 17:24:21.080987659,626,2,res_5a3eddbb-0eb4-49ac-9904-07583235092c,2012-03-12 17:21:59.905347659,0.02564102564102564
Case1207,W_Completeren aanvraag,res_a400b893-c7da-495f-bf62-a744eeccb8c5,Role 1,2012-03-12 18:18:37.305759659,628,1,res_a400b893-c7da-495f-bf62-a744eeccb8c5,2012-03-12 18:16:13.755662659,0.02564102564102564
Case1207,W_Nabellen offertes,res_4c3013be-6589-47a8-a7c4-f99f2e4b9a48,Role 1,2012-03-14 07:00:16.475551259,616,1,res_4c3013be-6589-47a8-a7c4-f99f2e4b9a48,2012-03-14 06:57:30.593043259,0.0
Case1208,W_Completeren aanvraag,res_08871a3e-f393-4f22-a0a4-e36c9d59a78e,Role 1,2012-03-12 17:39:03.290158228,625,1,res_08871a3e-f393-4f22-a0a4-e36c9d59a78e,2012-03-12 17:36:36.383052228,0.0
Case1209,W_Afhandelen leads,res_1b9a0c06-ad62-425d-8a95-45a175c5555c,Role 1,2012-03-12 17:46:27.755452752,625,0,res_1b9a0c06-ad62-425d-8a95-45a175c5555c,2012-03-12 17:43:23.391089752,0.0
Case1209,W_Completeren aanvraag,res_4c3013be-6589-47a8-a7c4-f99f2e4b9a48,Role 1,2012-03-12 18:41:03.960301252,630,1,res_4c3013be-6589-47a8-a7c4-f99f2e4b9a48,2012-03-12 18:38:34.160223252,0.0
Case121,W_Afhandelen leads,res_59c642c1-18f5-484a-aed6-a023ede79a28,Role 1,2012-02-15 19:02:28.407162245,564,0,res_59c642c1-18f5-484a-aed6-a023ede79a28,2012-02-15 18:59:14.763016245,0.0
Case121,W_Completeren aanvraag,res_d5f36d0a-a64a-45e5-8850-daee823f6c96,Role 1,2012-02-15 20:04:11.786224945,564,1,res_d5f36d0a-a64a-45e5-8850-daee823f6c96,2012-02-15 20:01:34.970948945,0.0
Case121,W_Nabellen offertes,res_59c642c1-18f5-484a-aed6-a023ede79a28,Role 1,2012-02-20 10:43:24.964177445,598,1,res_59c642c1-18f5-484a-aed6-a023ede79a28,2012-02-20 10:41:13.806085445,0.0
Case1210,W_Afhandelen leads,res_a400b893-c7da-495f-bf62-a744eeccb8c5,Role 1,2012-03-12 17:52:05.568309568,626,0,res_a400b893-c7da-495f-bf62-a744eeccb8c5,2012-03-12 17:49:02.900269568,0.02564102564102564
Case1210,W_Completeren aanvraag,res_843e228f-f915-4f9a-b2c1-ff974c62e207,Role 1,2012-03-12 18:46:43.389731068,630,1,res_843e228f-f915-4f9a-b2c1-ff974c62e207,2012-03-12 18:44:14.698891068,0.02564102564102564
Case1210,W_Completeren aanvraag,res_d5f36d0a-a64a-45e5-8850-daee823f6c96,Role 1,2012-03-12 20:12:31.587769968,641,1,res_d5f36d0a-a64a-45e5-8850-daee823f6c96,2012-03-12 20:10:21.397724968,0.05128205128205128
Case1211,W_Completeren aanvraag,res_b42bc940-a579-4310-8bba-a668ba469508,Role 1,2012-03-12 17:58:23.593087742,626,2,res_b42bc940-a579-4310-8bba-a668ba469508,2012-03-12 17:56:01.997654742,0.02564102564102564
Case1211,W_Completeren aanvraag,res_843e228f-f915-4f9a-b2c1-ff974c62e207,Role 1,2012-03-12 18:53:08.747706942,631,1,res_843e228f-f915-4f9a-b2c1-ff974c62e207,2012-03-12 18:50:45.289735942,0.02564102564102564
Case1211,W_Completeren aanvraag,res_a400b893-c7da-495f-bf62-a744eeccb8c5,Role 1,2012-03-12 20:15:30.624465642,639,2,res_a400b893-c7da-495f-bf62-a744eeccb8c5,2012-03-12 20:13:23.473740642,0.02564102564102564
Case1211,W_Completeren aanvraag,res_9a47d014-a019-4396-9e72-1d1379a66c99,Role 1,2012-03-12 21:20:42.438525642,637,1,res_9a47d014-a019-4396-9e72-1d1379a66c99,2012-03-12 21:18:57.623540642,0.05128205128205128
Case1212,W_Completeren aanvraag,res_d5f36d0a-a64a-45e5-8850-daee823f6c96,Role 1,2012-03-12 17:59:29.304241725,627,3,res_d5f36d0a-a64a-45e5-8850-daee823f6c96,2012-03-12 17:57:11.511403725,0.05128205128205128
Case1212,W_Nabellen offertes,res_843e228f-f915-4f9a-b2c1-ff974c62e207,Role 1,2012-03-12 18:20:02.011391825,628,1,res_843e228f-f915-4f9a-b2c1-ff974c62e207,2012-03-12 18:17:45.190913825,0.02564102564102564
Case1212,W_Nabellen offertes,res_6488ab10-d3ee-4b87-935d-302131660e4e,Role 1,2012-03-21 07:22:26.610697525,543,1,res_6488ab10-d3ee-4b87-935d-302131660e4e,2012-03-21 07:20:18.202740525,0.0
Case1212,W_Nabellen offertes,res_08871a3e-f393-4f22-a0a4-e36c9d59a78e,Role 1,2012-03-22 23:43:14.971191225,532,1,res_08871a3e-f393-4f22-a0a4-e36c9d59a78e,2012-03-22 23:40:56.595263225,0.0
Case1212,W_Nabellen offertes,res_a60942a0-f9c4-436b-a4d0-6eeb41b2f0f2,Role 1,2012-03-24 18:04:35.675600125,528,1,res_a60942a0-f9c4-436b-a4d0-6eeb41b2f0f2,2012-03-24 18:02:58.500895125,0.0
Case1212,W_Nabellen offertes,res_08871a3e-f393-4f22-a0a4-e36c9d59a78e,Role 1,2012-03-26 18:33:36.784548725,524,1,res_08871a3e-f393-4f22-a0a4-e36c9d59a78e,2012-03-26 18:31:53.207083725,0.0
Case1212,W_Nabellen offertes,res_1b9a0c06-ad62-425d-8a95-45a175c5555c,Role 1,2012-03-28 12:54:38.612725325,522,1,res_1b9a0c06-ad62-425d-8a95-45a175c5555c,2012-03-28 12:51:46.608252325,0.0
Case1213,W_Afhandelen leads,res_08871a3e-f393-4f22-a0a4-e36c9d59a78e,Role 1,2012-03-12 18:07:36.564596559,628,0,res_08871a3e-f393-4f22-a0a4-e36c9d59a78e,2012-03-12 18:04:33.780038559,0.02564102564102564
Case1213,W_Completeren aanvraag,res_0fc057cb-3a7d-47d3-8cd2-6d92b33620c4,Role 1,2012-03-12 19:02:32.549656559,631,1,res_0fc057cb-3a7d-47d3-8cd2-6d92b33620c4,2012-03-12 19:00:03.033416559,0.0
Case1213,W_Nabellen offertes,res_d5f36d0a-a64a-45e5-8850-daee823f6c96,Role 1,2012-03-14 17:07:52.506281059,604,1,res_d5f36d0a-a64a-45e5-8850-daee823f6c96,2012-03-14 17:05:40.376427059,0.0
Case1213,W_Nabellen offertes,res_5724148e-e102-4421-a053-83c428a11f68,Role 1,2012-03-20 07:26:42.603665559,548,1,res_5724148e-e102-4421-a053-83c428a11f68,2012-03-20 07:24:57.407047559,0.0
Case1213,W_Nabellen offertes,res_230c0182-4111-4506-bfd5-9b0719b08311,Role 1,2012-03-21 20:18:32.196902559,539,1,res_230c0182-4111-4506-bfd5-9b0719b08311,2012-03-21 20:16:57.843455559,0.0
Case1213,W_Nabellen offertes,res_40e4f4c6-1170-4ce1-ba24-0dfa2dd61b15,Role 1,2012-03-23 14:50:19.686929159,532,1,res_40e4f4c6-1170-4ce1-ba24-0dfa2dd61b15,2012-03-23 14:48:40.303336159,0.0
Case1214,W_Afhandelen leads,res_4c3013be-6589-47a8-a7c4-f99f2e4b9a48,Role 1,2012-03-12 18:14:14.276774071,628,0,res_4c3013be-6589-47a8-a7c4-f99f2e4b9a48,2012-03-12 18:11:09.706174071,0.0
Case1214,W_Completeren aanvraag,res_a60942a0-f9c4-436b-a4d0-6eeb41b2f0f2,Role 1,2012-03-12 19:09:22.779013771,633,1,res_a60942a0-f9c4-436b-a4d0-6eeb41b2f0f2,2012-03-12 19:06:53.058803771,0.0
Case1214,W_Completeren aanvraag,res_6488ab10-d3ee-4b87-935d-302131660e4e,Role 1,2012-03-12 20:37:26.575135871,640,2,res_6488ab10-d3ee-4b87-935d-302131660e4e,2012-03-12 20:35:16.803923871,0.02564102564102564
Case1215,W_Afhandelen leads,res_1d01c37d-a137-4a7e-8f12-e8c97f0c7f2b,Role 1,2012-03-12 18:23:16.302172012,629,0,res_1d01c37d-a137-4a7e-8f12-e8c97f0c7f2b,2012-03-12 18:20:11.711927012,0.0
Case1215,W_Completeren aanvraag,res_1b3fa211-3349-4835-aae7-baccd0368824,Role 1,2012-03-12 19:18:35.537230612,634,1,res_1b3fa211-3349-4835-aae7-baccd0368824,2012-03-12 19:16:05.887938612,0.0
Case1215,W_Completeren aanvraag,res_4d502259-de4c-4574-91b7-d3c939a9cf04,Role 1,2012-03-12 20:52:14.261622512,638,1,res_4d502259-de4c-4574-91b7-d3c939a9cf04,2012-03-12 20:50:03.389511512,0.0
Case1216,W_Completeren aanvraag,res_d39cd18a-e6fc-4de4-b991-deff4ba6e82a,Role 1,2012-03-12 18:33:25.543643246,630,1,res_d39cd18a-e6fc-4de4-b991-deff4ba6e82a,2012-03-12 18:30:58.492026246,0.0
Case1216,W_Completeren aanvraag,res_4ea7e99f-9f77-43d0-af71-4b2253ae6764,Role 1,2012-03-12 19:28:58.185642645,636,1,res_4ea7e99f-9f77-43d0-af71-4b2253ae6764,2012-03-12 19:26:33.014043645,0.02564102564102564
Case1216,W_Completeren aanvraag,res_7b435aaa-ab1b-4205-92d4-81495e1b2d15,Role 1,2012-03-12 21:01:06.702062146,638,2,res_7b435aaa-ab1b-4205-92d4-81495e1b2d15,2012-03-12 20:58:58.667383146,0.02564102564102564
Case1217,W_Afhandelen leads,res_57e6001e-3d34-44ab-b1e6-21b6b1001542,Role 1,2012-03-12 18:40:15.850874097,630,0,res_57e6001e-3d34-44ab-b1e6-21b6b1001542,2012-03-12 18:37:11.246912097,0.0
Case1217,W_Completeren aanvraag,res_d39cd18a-e6fc-4de4-b991-deff4ba6e82a,Role 1,2012-03-12 19:36:09.821493797,636,1,res_d39cd18a-e6fc-4de4-b991-deff4ba6e82a,2012-03-12 19:33:40.352830797,0.0
Case1217,W_Completeren aanvraag,res_1b3fa211-3349-4835-aae7-baccd0368824,Role 1,2012-03-12 21:13:12.310059197,636,1,res_1b3fa211-3349-4835-aae7-baccd0368824,2012-03-12 21:11:01.428452197,0.0
Case1218,W_Afhandelen leads,res_219a258e-f803-4016-b457-8c77c3b88a65,Role 1,2012-03-12 18:47:50.164787581,631,0,res_219a258e-f803-4016-b457-8c77c3b88a65,2012-03-12 18:44:45.604894581,0.0
Case1218,W_Completeren aanvraag,res_b42bc940-a579-4310-8bba-a668ba469508,Role 1,2012-03-12 19:44:00.266338181,637,1,res_b42bc940-a579-4310-8bba-a668ba469508,2012-03-12 19:41:30.911928181,0.0
Case1218,W_Nabellen offertes,res_d5f36d0a-a64a-45e5-8850-daee823f6c96,Role 1,2012-03-15 04:56:21.475593481,597,2,res_d5f36d0a-a64a-45e5-8850-daee823f6c96,2012-03-15 04:54:26.452203481,0.02564102564102564
Case1218,W_Nabellen offertes,res_5724148e-e102-4421-a053-83c428a11f68,Role 1,2012-03-20 13:50:18.517231581,547,1,res_5724148e-e102-4421-a053-83c428a11f68,2012-03-20 13:48:41.518853581,0.0
Case1218,W_Nabellen offertes,res_230c0182-4111-4506-bfd5-9b0719b08311,Role 1,2012-03-22 11:16:51.094841881,536,1,res_230c0182-4111-4506-bfd5-9b0719b08311,2012-03-22 11:15:05.690402881,0.0
Case1218,W_Nabellen offertes,res_408efd66-8ed2-49bc-94a8-733c7b98a934,Role 1,2012-03-24 00:10:05.510641681,529,1,res_408efd66-8ed2-49bc-94a8-733c7b98a934,2012-03-24 00:08:26.416081681,0.0
Case1219,W_Afhandelen leads,res_5724148e-e102-4421-a053-83c428a11f68,Role 1,2012-03-12 18:53:50.774502783,632,0,res_5724148e-e102-4421-a053-83c428a11f68,2012-03-12 18:50:46.270432783,0.0
Case1219,W_Completeren aanvraag,res_3efedec2-7c7d-4360-b422-dcf1d20a8bfd,Role 1,2012-03-12 19:50:10.036719583,638,1,res_3efedec2-7c7d-4360-b422-dcf1d20a8bfd,2012-03-12 19:47:40.786516583,0.0
Case1219,W_Nabellen offertes,res_1b3fa211-3349-4835-aae7-baccd0368824,Role 1,2012-03-15 11:40:20.897987883,593,1,res_1b3fa211-3349-4835-aae7-baccd0368824,2012-03-15 11:36:22.293955883,0.0
Case122,W_Afhandelen leads,res_08871a3e-f393-4f22-a0a4-e36c9d59a78e,Role 1,2012-02-15 19:23:41.730944964,564,0,res_08871a3e-f393-4f22-a0a4-e36c9d59a78e,2012-02-15 19:20:28.174301964,0.0
Case122,W_Completeren aanvraag,res_0ba00481-2705-40d0-b647-5ea4bd04a214,Role 1,2012-02-15 20:26:07.567051264,565,1,res_0ba00481-2705-40d0-b647-5ea4bd04a214,2012-02-15 20:23:30.852957264,0.0
Case122,W_Completeren aanvraag,res_13020984-8d57-4f3c-8ba3-5a323081e70b,Role 1,2012-02-16 04:22:09.110672164,562,1,res_13020984-8d57-4f3c-8ba3-5a323081e70b,2012-02-16 04:19:30.508958164,0.0
Case122,W_Completeren aanvraag,res_709ed04f-5b76-49c4-aeeb-ad921b6f6ca1,Role 1,2012-02-16 07:40:28.240693364,562,1,res_709ed04f-5b76-49c4-aeeb-ad921b6f6ca1,2012-02-16 07:38:30.486841364,0.0
Case1220,W_Afhandelen leads,res_b70af2ff-820e-4016-a03c-831214a09681,Role 1,2012-03-12 19:00:31.008975120,632,0,res_b70af2ff-820e-4016-a03c-831214a09681,2012-03-12 18:57:28.241242120,0.02564102564102564
Case1220,W_Completeren aanvraag,res_d856942c-e08c-4dce-8114-31eacb6f69b7,Role 1,2012-03-12 19:57:15.972446520,639,1,res_d856942c-e08c-4dce-8114-31eacb6f69b7,2012-03-12 19:54:47.067961520,0.0
Case1220,W_Completeren aanvraag,res_4c3013be-6589-47a8-a7c4-f99f2e4b9a48,Role 1,2012-03-12 21:29:54.808309520,636,2,res_4c3013be-6589-47a8-a7c4-f99f2e4b9a48,2012-03-12 21:27:44.933544520,0.02564102564102564
Case1221,W_Completeren aanvraag,res_a400b893-c7da-495f-bf62-a744eeccb8c5,Role 1,2012-03-12 19:00:56.318924641,633,1,res_a400b893-c7da-495f-bf62-a744eeccb8c5,2012-03-12 18:58:30.702871641,0.02564102564102564
Case1221,W_Completeren aanvraag,res_7b435aaa-ab1b-4205-92d4-81495e1b2d15,Role 1,2012-03-12 19:57:29.507186341,640,2,res_7b435aaa-ab1b-4205-92d4-81495e1b2d15,2012-03-12 19:55:07.959137341,0.05128205128205128
Case1221,W_Nabellen offertes,res_a400b893-c7da-495f-bf62-a744eeccb8c5,Role 1,2012-03-15 04:54:57.371125841,597,1,res_a400b893-c7da-495f-bf62-a744eeccb8c5,2012-03-15 04:53:03.912174841,0.0
Case1222,W_Afhandelen leads,res_0ba00481-2705-40d0-b647-5ea4bd04a214,Role 1,2012-03-12 19:10:35.022037307,634,0,res_0ba00481-2705-40d0-b647-5ea4bd04a214,2012-03-12 19:07:30.693733307,0.0
Case1222,W_Completeren aanvraag,res_7b435aaa-ab1b-4205-92d4-81495e1b2d15,Role 1,2012-03-12 20:07:28.815845107,642,3,res_7b435aaa-ab1b-4205-92d4-81495e1b2d15,2012-03-12 20:05:07.504754107,0.1282051282051282
Case1223,W_Completeren aanvraag,res_4d502259-de4c-4574-91b7-d3c939a9cf04,Role 1,2012-03-12 19:18:40.838480773,635,1,res_4d502259-de4c-4574-91b7-d3c939a9cf04,2012-03-12 19:16:14.565464773,0.0
Case1223,W_Completeren aanvraag,res_1b9a0c06-ad62-425d-8a95-45a175c5555c,Role 1,2012-03-12 20:16:00.335659473,638,1,res_1b9a0c06-ad62-425d-8a95-45a175c5555c,2012-03-12 20:13:35.618702473,0.0
Case1223,W_Nabellen offertes,res_a60942a0-f9c4-436b-a4d0-6eeb41b2f0f2,Role 1,2012-03-15 16:19:57.738247773,589,1,res_a60942a0-f9c4-436b-a4d0-6eeb41b2f0f2,2012-03-15 16:16:50.501321773,0.0
Case1224,W_Afhandelen leads,res_3efedec2-7c7d-4360-b422-dcf1d20a8bfd,Role 1,2012-03-12 19:24:13.855249542,636,0,res_3efedec2-7c7d-4360-b422-dcf1d20a8bfd,2012-03-12 19:21:09.747036542,0.0
Case1224,W_Completeren aanvraag,res_6488ab10-d3ee-4b87-935d-302131660e4e,Role 1,2012-03-12 20:21:53.441894542,639,1,res_6488ab10-d3ee-4b87-935d-302131660e4e,2012-03-12 20:19:24.846955542,0.0
Case1224,W_Completeren aanvraag,res_230c0182-4111-4506-bfd5-9b0719b08311,Role 1,2012-03-12 22:43:06.688444741,640,1,res_230c0182-4111-4506-bfd5-9b0719b08311,2012-03-12 22:40:55.273999741,0.0
Case1224,W_Nabellen offertes,res_57e6001e-3d34-44ab-b1e6-21b6b1001542,Role 1,2012-03-14 07:26:57.105104542,615,1,res_57e6001e-3d34-44ab-b1e6-21b6b1001542,2012-03-14 07:24:33.290431542,0.0
Case1224,W_Nabellen offertes,res_6488ab10-d3ee-4b87-935d-302131660e4e,Role 1,2012-03-16 04:44:22.612463342,579,1,res_6488ab10-d3ee-4b87-935d-302131660e4e,2012-03-16 04:42:43.371937342,0.0
Case1225,W_Afhandelen leads,res_b70af2ff-820e-4016-a03c-831214a09681,Role 1,2012-03-12 19:35:02.461623051,637,0,res_b70af2ff-820e-4016-a03c-831214a09681,2012-03-12 19:31:58.542027051,0.0
Case1225,W_Completeren aanvraag,res_6488ab10-d3ee-4b87-935d-302131660e4e,Role 1,2012-03-12 20:33:16.661477851,638,1,res_6488ab10-d3ee-4b87-935d-302131660e4e,2012-03-12 20:30:48.346327851,0.0
Case1225,W_Nabellen offertes,res_843e228f-f915-4f9a-b2c1-ff974c62e207,Role 1,2012-03-15 22:44:39.415209251,584,1,res_843e228f-f915-4f9a-b2c1-ff974c62e207,2012-03-15 22:42:41.371417251,0.0
Case1226,W_Completeren aanvraag,res_7c2a7682-7073-471d-9707-2acad2b806ab,Role 1,2012-03-12 19:42:08.543056909,638,1,res_7c2a7682-7073-471d-9707-2acad2b806ab,2012-03-12 19:39:42.974465909,0.0
Case1226,W_Nabellen offertes,res_f8049b85-d52c-466e-8778-58e1f3f71604,Role 1,2012-03-12 20:02:01.671515509,641,2,res_f8049b85-d52c-466e-8778-58e1f3f71604,2012-03-12 19:59:46.912155509,0.07692307692307693
Case1226,W_Nabellen offertes,res_9a47d014-a019-4396-9e72-1d1379a66c99,Role 1,2012-03-20 23:56:45.815999909,546,1,res_9a47d014-a019-4396-9e72-1d1379a66c99,2012-03-20 23:52:12.504584909,0.0
Case1227,W_Afhandelen leads,res_d5f36d0a-a64a-45e5-8850-daee823f6c96,Role 1,2012-03-12 19:49:10.399602772,639,0,res_d5f36d0a-a64a-45e5-8850-daee823f6c96,2012-03-12 19:46:06.811253772,0.0
Case1227,W_Completeren aanvraag,res_d39cd18a-e6fc-4de4-b991-deff4ba6e82a,Role 1,2012-03-12 20:48:09.086735172,637,1,res_d39cd18a-e6fc-4de4-b991-deff4ba6e82a,2012-03-12 20:45:41.183685172,0.0
Case1227,W_Completeren aanvraag,res_0ba00481-2705-40d0-b647-5ea4bd04a214,Role 1,2012-03-12 23:39:43.810808672,642,1,res_0ba00481-2705-40d0-b647-5ea4bd04a214,2012-03-12 23:37:31.579091672,0.0
Case1228,W_Afhandelen leads,res_bb73aa9d-d45e-496a-a1ec-c9fe6e899287,Role 1,2012-03-12 19:53:05.258580570,640,0,res_bb73aa9d-d45e-496a-a1ec-c9fe6e899287,2012-03-12 19:50:03.560978570,0.02564102564102564
Case1228,W_Completeren aanvraag,res_08871a3e-f393-4f22-a0a4-e36c9d59a78e,Role 1,2012-03-12 20:52:17.662576070,638,1,res_08871a3e-f393-4f22-a0a4-e36c9d59a78e,2012-03-12 20:49:50.136568070,0.0
Case1229,W_Afhandelen leads,res_570add54-a9ce-40af-8ebf-c88ddafd5fef,Role 1,2012-03-12 20:00:51.476675701,641,0,res_570add54-a9ce-40af-8ebf-c88ddafd5fef,2012-03-12 19:57:50.008308701,0.02564102564102564
Case1229,W_Completeren aanvraag,res_d856942c-e08c-4dce-8114-31eacb6f69b7,Role 1,2012-03-12 21:00:25.395915501,637,2,res_d856942c-e08c-4dce-8114-31eacb6f69b7,2012-03-12 20:58:01.003015501,0.02564102564102564
Case1229,W_Completeren aanvraag,res_13020984-8d57-4f3c-8ba3-5a323081e70b,Role 1,2012-03-13 00:14:37.257613201,643,1,res_13020984-8d57-4f3c-8ba3-5a323081e70b,2012-03-13 00:12:24.944744201,0.0
Case123,W_Completeren aanvraag,res_1b9a0c06-ad62-425d-8a95-45a175c5555c,Role 1,2012-02-15 19:24:09.078192947,565,1,res_1b9a0c06-ad62-425d-8a95-45a175c5555c,2012-02-15 19:21:37.688050947,0.02564102564102564
Case123,W_Completeren aanvraag,res_6488ab10-d3ee-4b87-935d-302131660e4e,Role 1,2012-02-15 20:26:09.618305347,565,2,res_6488ab10-d3ee-4b87-935d-302131660e4e,2012-02-15 20:23:41.002179347,0.02564102564102564
Case123,W_Nabellen offertes,res_59c642c1-18f5-484a-aed6-a023ede79a28,Role 1,2012-02-20 21:12:27.211722746,609,1,res_59c642c1-18f5-484a-aed6-a023ede79a28,2012-02-20 21:09:06.211936746,0.0
Case1230,W_Completeren aanvraag,res_0ba00481-2705-40d0-b647-5ea4bd04a214,Role 1,2012-03-12 20:00:29.939340726,642,2,res_0ba00481-2705-40d0-b647-5ea4bd04a214,2012-03-12 19:58:12.172112726,0.10256410256410256
Case1231,W_Afhandelen leads,res_40e4f4c6-1170-4ce1-ba24-0dfa2dd61b15,Role 1,2012-03-12 20:13:17.752780042,639,0,res_40e4f4c6-1170-4ce1-ba24-0dfa2dd61b15,2012-03-12 20:10:16.525526042,0.02564102564102564
Case1231,W_Completeren aanvraag,res_6488ab10-d3ee-4b87-935d-302131660e4e,Role 1,2012-03-12 21:13:44.822671642,636,1,res_6488ab10-d3ee-4b87-935d-302131660e4e,2012-03-12 21:11:17.902305642,0.0
Case1231,W_Completeren aanvraag,res_7b435aaa-ab1b-4205-92d4-81495e1b2d15,Role 1,2012-03-13 01:17:54.616863842,642,1,res_7b435aaa-ab1b-4205-92d4-81495e1b2d15,2012-03-13 01:15:39.543564842,0.0
Case1232,W_Completeren aanvraag,res_408efd66-8ed2-49bc-94a8-733c7b98a934,Role 1,2012-03-12 20:24:02.654465586,640,1,res_408efd66-8ed2-49bc-94a8-733c7b98a934,2012-03-12 20:21:38.566222586,0.0
Case1233,W_Completeren aanvraag,res_9a47d014-a019-4396-9e72-1d1379a66c99,Role 1,2012-03-12 20:36:20.678226827,639,1,res_9a47d014-a019-4396-9e72-1d1379a66c99,2012-03-12 20:33:57.023874827,0.0
Case1234,W_Completeren aanvraag,res_570add54-a9ce-40af-8ebf-c88ddafd5fef,Role 1,2012-03-12 20:44:20.312915434,638,2,res_570add54-a9ce-40af-8ebf-c88ddafd5fef,2012-03-12 20:42:01.605226434,0.02564102564102564
Case1234,W_Nabellen offertes,res_7c2a7682-7073-471d-9707-2acad2b806ab,Role 1,2012-03-12 21:05:37.517498334,637,1,res_7c2a7682-7073-471d-9707-2acad2b806ab,2012-03-12 21:03:23.824261334,0.05128205128205128
Case1234,W_Nabellen offertes,res_57e6001e-3d34-44ab-b1e6-21b6b1001542,Role 1,2012-03-20 14:28:41.759755334,547,1,res_57e6001e-3d34-44ab-b1e6-21b6b1001542,2012-03-20 14:27:02.083127334,0.0
Case1234,W_Nabellen offertes,res_230c0182-4111-4506-bfd5-9b0719b08311,Role 1,2012-03-22 13:08:34.453764134,535,1,res_230c0182-4111-4506-bfd5-9b0719b08311,2012-03-22 13:06:55.095968134,0.0
Case1234,W_Nabellen offertes,res_f8049b85-d52c-466e-8778-58e1f3f71604,Role 1,2012-03-24 01:42:14.818170934,528,1,res_f8049b85-d52c-466e-8778-58e1f3f71604,2012-03-24 01:39:45.902177934,0.0
Case1234,W_Nabellen offertes,res_709ed04f-5b76-49c4-aeeb-ad921b6f6ca1,Role 1,2012-03-26 08:27:44.474916734,525,1,res_709ed04f-5b76-49c4-aeeb-ad921b6f6ca1,2012-03-26 08:25:47.984815734,0.0
Case1235,W_Completeren aanvraag,res_d5f36d0a-a64a-45e5-8850-daee823f6c96,Role 1,2012-03-12 20:53:25.649965737,637,1,res_d5f36d0a-a64a-45e5-8850-daee823f6c96,2012-03-12 20:51:02.603533737,0.0
Case1236,W_Afhandelen leads,res_d856942c-e08c-4dce-8114-31eacb6f69b7,Role 1,2012-03-12 21:01:15.314350834,637,0,res_d856942c-e08c-4dce-8114-31eacb6f69b7,2012-03-12 20:58:15.805157834,0.02564102564102564
Case1236,W_Completeren aanvraag,res_dec66574-3de2-4d20-a02f-ab348539e500,Role 1,2012-03-12 22:04:51.211622634,637,1,res_dec66574-3de2-4d20-a02f-ab348539e500,2012-03-12 22:02:25.890510634,0.0
Case1236,W_Nabellen offertes,res_b70af2ff-820e-4016-a03c-831214a09681,Role 1,2012-03-16 13:21:29.675665234,574,1,res_b70af2ff-820e-4016-a03c-831214a09681,2012-03-16 13:16:35.518884234,0.0
Case1237,W_Afhandelen leads,res_230c0182-4111-4506-bfd5-9b0719b08311,Role 1,2012-03-12 21:02:14.615545180,638,1,res_230c0182-4111-4506-bfd5-9b0719b08311,2012-03-12 20:59:24.311461180,0.05128205128205128
Case1237,W_Completeren aanvraag,res_7c2a7682-7073-471d-9707-2acad2b806ab,Role 1,2012-03-12 22:05:51.152524580,637,2,res_7c2a7682-7073-471d-9707-2acad2b806ab,2012-03-12 22:03:30.458357580,0.02564102564102564
Case1237,W_Completeren aanvraag,res_b42bc940-a579-4310-8bba-a668ba469508,Role 1,2012-03-13 02:36:46.888142880,638,1,res_b42bc940-a579-4310-8bba-a668ba469508,2012-03-13 02:34:28.001869880,0.0
Case1238,W_Completeren aanvraag,res_bae84d23-abe1-4580-a954-c8576ba025c9,Role 1,2012-03-12 21:15:31.721460877,637,1,res_bae84d23-abe1-4580-a954-c8576ba025c9,2012-03-12 21:13:10.416883877,0.02564102564102564
Case1238,W_Nabellen offertes,res_0fc057cb-3a7d-47d3-8cd2-6d92b33620c4,Role 1,2012-03-12 21:38:12.025410777,636,1,res_0fc057cb-3a7d-47d3-8cd2-6d92b33620c4,2012-03-12 21:35:56.995707777,0.0
Case1238,W_Nabellen offertes,res_a60942a0-f9c4-436b-a4d0-6eeb41b2f0f2,Role 1,2012-03-20 13:02:48.015094577,547,1,res_a60942a0-f9c4-436b-a4d0-6eeb41b2f0f2,2012-03-20 13:01:06.993058577,0.0
Case1238,W_Nabellen offertes,res_709ed04f-5b76-49c4-aeeb-ad921b6f6ca1,Role 1,2012-03-22 11:16:54.209104677,536,1,res_709ed04f-5b76-49c4-aeeb-ad921b6f6ca1,2012-03-22 11:15:05.070375677,0.0
Case1238,W_Nabellen offertes,res_0ba00481-2705-40d0-b647-5ea4bd04a214,Role 1,2012-03-23 23:40:28.565519877,530,1,res_0ba00481-2705-40d0-b647-5ea4bd04a214,2012-03-23 23:38:48.765054877,0.0
Case1239,W_Afhandelen leads,res_57e6001e-3d34-44ab-b1e6-21b6b1001542,Role 1,2012-03-12 21:32:10.467059354,636,0,res_57e6001e-3d34-44ab-b1e6-21b6b1001542,2012-03-12 21:29:10.512576354,0.0
Case1239,W_Completeren aanvraag,res_709ed04f-5b76-49c4-aeeb-ad921b6f6ca1,Role 1,2012-03-12 22:41:23.392944854,641,1,res_709ed04f-5b76-49c4-aeeb-ad921b6f6ca1,2012-03-12 22:38:58.856185854,0.0
Case1239,W_Nabellen offertes,res_13020984-8d57-4f3c-8ba3-5a323081e70b,Role 1,2012-03-17 13:53:10.302401054,568,1,res_13020984-8d57-4f3c-8ba3-5a323081e70b,2012-03-17 13:50:29.811113054,0.0
Case1239,W_Nabellen offertes,res_230c0182-4111-4506-bfd5-9b0719b08311,Role 1,2012-03-21 18:07:22.494643654,539,1,res_230c0182-4111-4506-bfd5-9b0719b08311,2012-03-21 18:05:48.452280654,0.0
Case1239,W_Nabellen offertes,res_1d01c37d-a137-4a7e-8f12-e8c97f0c7f2b,Role 1,2012-03-23 08:57:51.059994754,532,1,res_1d01c37d-a137-4a7e-8f12-e8c97f0c7f2b,2012-03-23 08:52:43.685585754,0.0
Case1239,W_Nabellen offertes,res_b42bc940-a579-4310-8bba-a668ba469508,Role 1,2012-03-24 23:32:37.398739654,527,1,res_b42bc940-a579-4310-8bba-a668ba469508,2012-03-24 23:30:58.372503654,0.0
Case1239,W_Nabellen offertes,res_8a4ef218-abd5-42fa-9b05-623b7ba3c08b,Role 1,2012-03-27 00:48:42.120837554,524,1,res_8a4ef218-abd5-42fa-9b05-623b7ba3c08b,2012-03-27 00:47:09.998055554,0.0
Case124,W_Completeren aanvraag,res_4c3013be-6589-47a8-a7c4-f99f2e4b9a48,Role 1,2012-02-15 20:00:29.080124183,565,2,res_4c3013be-6589-47a8-a7c4-f99f2e4b9a48,2012-02-15 19:58:03.845084183,0.02564102564102564
Case124,W_Completeren aanvraag,res_0ba00481-2705-40d0-b647-5ea4bd04a214,Role 1,2012-02-15 21:04:02.329450783,565,1,res_0ba00481-2705-40d0-b647-5ea4bd04a214,2012-02-15 21:01:33.194551783,0.0
Case124,W_Nabellen offertes,res_9a47d014-a019-4396-9e72-1d1379a66c99,Role 1,2012-02-21 03:36:53.985304483,632,1,res_9a47d014-a019-4396-9e72-1d1379a66c99,2012-02-21 03:34:53.853205483,0.07692307692307693
Case1240,W_Afhandelen leads,res_9a47d014-a019-4396-9e72-1d1379a66c99,Role 1,2012-03-12 21:47:29.320155333,637,0,res_9a47d014-a019-4396-9e72-1d1379a66c99,2012-03-12 21:44:30.310443333,0.0
Case1240,W_Completeren aanvraag,res_1b3fa211-3349-4835-aae7-baccd0368824,Role 1,2012-03-12 23:00:01.205945833,640,1,res_1b3fa211-3349-4835-aae7-baccd0368824,2012-03-12 22:57:37.167298833,0.0
Case1240,W_Nabellen offertes,res_843e228f-f915-4f9a-b2c1-ff974c62e207,Role 1,2012-03-17 14:45:26.391898133,568,1,res_843e228f-f915-4f9a-b2c1-ff974c62e207,2012-03-17 14:42:29.199185133,0.0
Case1240,W_Nabellen offertes,res_5724148e-e102-4421-a053-83c428a11f68,Role 1,2012-03-21 19:47:41.185767833,539,1,res_5724148e-e102-4421-a053-83c428a11f68,2012-03-21 19:46:01.172051833,0.0
Case1240,W_Nabellen offertes,res_5a3eddbb-0eb4-49ac-9904-07583235092c,Role 1,2012-03-23 10:36:23.883585133,532,1,res_5a3eddbb-0eb4-49ac-9904-07583235092c,2012-03-23 10:34:16.776422133,0.0
Case1240,W_Nabellen offertes,res_843e228f-f915-4f9a-b2c1-ff974c62e207,Role 1,2012-03-25 01:14:47.806576233,527,1,res_843e228f-f915-4f9a-b2c1-ff974c62e207,2012-03-25 01:13:10.555676233,0.0
Case1241,W_Afhandelen leads,res_40e4f4c6-1170-4ce1-ba24-0dfa2dd61b15,Role 1,2012-03-12 22:01:34.330382329,638,0,res_40e4f4c6-1170-4ce1-ba24-0dfa2dd61b15,2012-03-12 21:58:40.594561329,0.05128205128205128
Case1241,W_Completeren aanvraag,res_408efd66-8ed2-49bc-94a8-733c7b98a934,Role 1,2012-03-12 23:16:08.663247129,642,1,res_408efd66-8ed2-49bc-94a8-733c7b98a934,2012-03-12 23:13:45.620387129,0.0
Case1241,W_Completeren aanvraag,res_9a47d014-a019-4396-9e72-1d1379a66c99,Role 1,2012-03-13 06:32:40.040875229,636,1,res_9a47d014-a019-4396-9e72-1d1379a66c99,2012-03-13 06:30:01.076952229,0.0
Case1241,W_Completeren aanvraag,res_7c2a7682-7073-471d-9707-2acad2b806ab,Role 1,2012-03-13 09:20:47.873166329,634,1,res_7c2a7682-7073-471d-9707-2acad2b806ab,2012-03-13 09:18:33.630830329,0.0
Case1241,W_Completeren aanvraag,res_5724148e-e102-4421-a053-83c428a11f68,Role 1,2012-03-13 11:27:23.476025728,631,1,res_5724148e-e102-4421-a053-83c428a11f68,2012-03-13 11:25:16.412226729,0.0
Case1242,W_Afhandelen leads,res_bae84d23-abe1-4580-a954-c8576ba025c9,Role 1,2012-03-12 22:02:38.297928587,639,1,res_bae84d23-abe1-4580-a954-c8576ba025c9,2012-03-12 21:59:52.123201587,0.05128205128205128
Case1242,W_Completeren aanvraag,res_bb73aa9d-d45e-496a-a1ec-c9fe6e899287,Role 1,2012-03-12 23:19:31.556782787,642,1,res_bb73aa9d-d45e-496a-a1ec-c9fe6e899287,2012-03-12 23:17:10.276903787,0.0
Case1242,W_Completeren aanvraag,res_3efedec2-7c7d-4360-b422-dcf1d20a8bfd,Role 1,2012-03-13 07:04:47.769793686,636,1,res_3efedec2-7c7d-4360-b422-dcf1d20a8bfd,2012-03-13 07:02:08.376696686,0.0
Case1243,W_Completeren aanvraag,res_3efedec2-7c7d-4360-b422-dcf1d20a8bfd,Role 1,2012-03-12 22:20:31.016860029,640,1,res_3efedec2-7c7d-4360-b422-dcf1d20a8bfd,2012-03-12 22:18:11.246392029,0.0
Case1243,W_Nabellen offertes,res_4ea7e99f-9f77-43d0-af71-4b2253ae6764,Role 1,2012-03-12 22:49:51.668007829,641,1,res_4ea7e99f-9f77-43d0-af71-4b2253ae6764,2012-03-12 22:47:35.805440829,0.0
Case1244,W_Afhandelen leads,res_dec66574-3de2-4d20-a02f-ab348539e500,Role 1,2012-03-12 22:32:01.817550363,641,0,res_dec66574-3de2-4d20-a02f-ab348539e500,2012-03-12 22:29:06.086056363,0.0
Case1244,W_Completeren aanvraag,res_8a4ef218-abd5-42fa-9b05-623b7ba3c08b,Role 1,2012-03-13 00:00:02.752970063,643,2,res_8a4ef218-abd5-42fa-9b05-623b7ba3c08b,2012-03-12 23:57:42.198122063,0.02564102564102564
Case1245,W_Completeren aanvraag,res_0fc057cb-3a7d-47d3-8cd2-6d92b33620c4,Role 1,2012-03-12 22:48:31.384780910,642,1,res_0fc057cb-3a7d-47d3-8cd2-6d92b33620c4,2012-03-12 22:46:12.673160910,0.02564102564102564
Case1245,W_Completeren aanvraag,res_5a3eddbb-0eb4-49ac-9904-07583235092c,Role 1,2012-03-13 00:24:12.502008910,642,1,res_5a3eddbb-0eb4-49ac-9904-07583235092c,2012-03-13 00:21:51.138588910,0.0
Case1245,W_Nabellen offertes,res_6488ab10-d3ee-4b87-935d-302131660e4e,Role 1,2012-03-17 05:13:01.095800310,572,1,res_6488ab10-d3ee-4b87-935d-302131660e4e,2012-03-17 05:11:09.777603310,0.0
Case1245,W_Nabellen offertes,res_570add54-a9ce-40af-8ebf-c88ddafd5fef,Role 1,2012-03-20 23:47:22.983801110,546,2,res_570add54-a9ce-40af-8ebf-c88ddafd5fef,2012-03-20 23:37:32.785154110,0.02564102564102564
Case1246,W_Afhandelen leads,res_3efedec2-7c7d-4360-b422-dcf1d20a8bfd,Role 1,2012-03-12 23:00:03.134105517,641,0,res_3efedec2-7c7d-4360-b422-dcf1d20a8bfd,2012-03-12 22:57:09.527716517,0.0
Case1246,W_Completeren aanvraag,res_5a3eddbb-0eb4-49ac-9904-07583235092c,Role 1,2012-03-13 00:39:19.113992817,642,1,res_5a3eddbb-0eb4-49ac-9904-07583235092c,2012-03-13 00:36:54.171109817,0.0
Case1246,W_Completeren aanvraag,res_8a4ef218-abd5-42fa-9b05-623b7ba3c08b,Role 1,2012-03-13 06:02:45.549985117,636,1,res_8a4ef218-abd5-42fa-9b05-623b7ba3c08b,2012-03-13 06:00:07.177787117,0.0
Case1246,W_Nabellen offertes,res_59c642c1-18f5-484a-aed6-a023ede79a28,Role 1,2012-03-13 11:42:30.604501417,630,1,res_59c642c1-18f5-484a-aed6-a023ede79a28,2012-03-13 11:40:30.227135417,0.0
Case1246,W_Nabellen offertes,res_13020984-8d57-4f3c-8ba3-5a323081e70b,Role 1,2012-03-16 03:36:27.896277116,580,1,res_13020984-8d57-4f3c-8ba3-5a323081e70b,2012-03-16 03:34:49.657017116,0.0
Case1247,W_Afhandelen leads,res_a400b893-c7da-495f-bf62-a744eeccb8c5,Role 1,2012-03-12 23:02:02.684913748,642,1,res_a400b893-c7da-495f-bf62-a744eeccb8c5,2012-03-12 22:59:19.488203748,0.02564102564102564
Case1247,W_Completeren aanvraag,res_7c2a7682-7073-471d-9707-2acad2b806ab,Role 1,2012-03-13 00:44:57.202772748,642,1,res_7c2a7682-7073-471d-9707-2acad2b806ab,2012-03-13 00:42:34.476888748,0.0
Case1247,W_Completeren aanvraag,res_7b435aaa-ab1b-4205-92d4-81495e1b2d15,Role 1,2012-03-13 06:49:36.430817448,636,1,res_7b435aaa-ab1b-4205-92d4-81495e1b2d15,2012-03-13 06:46:57.424402448,0.0
Case1247,W_Completeren aanvraag,res_0ba00481-2705-40d0-b647-5ea4bd04a214,Role 1,2012-03-13 09:28:11.727182148,634,1,res_0ba00481-2705-40d0-b647-5ea4bd04a214,2012-03-13 09:25:56.856627148,0.0
Case1247,W_Nabellen offertes,res_0fc057cb-3a7d-47d3-8cd2-6d92b33620c4,Role 1,2012-03-13 13:06:55.028925948,630,1,res_0fc057cb-3a7d-47d3-8cd2-6d92b33620c4,2012-03-13 13:04:59.162499948,0.0
Case1248,W_Completeren aanvraag,res_dec66574-3de2-4d20-a02f-ab348539e500,Role 1,2012-03-12 23:25:48.413234018,642,1,res_dec66574-3de2-4d20-a02f-ab348539e500,2012-03-12 23:23:29.202476018,0.0
Case1248,W_Completeren aanvraag,res_0ba00481-2705-40d0-b647-5ea4bd04a214,Role 1,2012-03-13 01:22:54.247343318,641,1,res_0ba00481-2705-40d0-b647-5ea4bd04a214,2012-03-13 01:20:30.275213318,0.0
Case1248,W_Nabellen offertes,res_1b3fa211-3349-4835-aae7-baccd0368824,Role 1,2012-03-16 12:08:43.985338718,576,1,res_1b3fa211-3349-4835-aae7-baccd0368824,2012-03-16 12:05:22.896050718,0.0
Case1249,W_Afhandelen leads,res_40e4f4c6-1170-4ce1-ba24-0dfa2dd61b15,Role 1,2012-03-12 23:40:35.172551201,643,0,res_40e4f4c6-1170-4ce1-ba24-0dfa2dd61b15,2012-03-12 23:37:44.523822201,0.0
Case1249,W_Completeren aanvraag,res_08871a3e-f393-4f22-a0a4-e36c9d59a78e,Role 1,2012-03-13 01:46:34.357842701,640,1,res_08871a3e-f393-4f22-a0a4-e36c9d59a78e,2012-03-13 01:44:08.565785701,0.0
Case125,W_Completeren aanvraag,res_0ba00481-2705-40d0-b647-5ea4bd04a214,Role 1,2012-02-15 20:23:07.544865084,566,2,res_0ba00481-2705-40d0-b647-5ea4bd04a214,2012-02-15 20:20:42.889249084,0.02564102564102564
Case1250,W_Completeren aanvraag,res_408efd66-8ed2-49bc-94a8-733c7b98a934,Role 1,2012-03-13 00:00:19.743712948,642,1,res_408efd66-8ed2-49bc-94a8-733c7b98a934,2012-03-12 23:57:59.503260948,0.0
Case1251,W_Afhandelen leads,res_9a47d014-a019-4396-9e72-1d1379a66c99,Role 1,2012-03-13 00:03:03.020019090,643,0,res_9a47d014-a019-4396-9e72-1d1379a66c99,2012-03-13 00:00:12.486085090,0.02564102564102564
Case1251,W_Completeren aanvraag,res_7b435aaa-ab1b-4205-92d4-81495e1b2d15,Role 1,2012-03-13 01:39:37.050743190,641,1,res_7b435aaa-ab1b-4205-92d4-81495e1b2d15,2012-03-13 01:37:11.748259190,0.0
Case1252,W_Afhandelen leads,res_a400b893-c7da-495f-bf62-a744eeccb8c5,Role 1,2012-03-13 00:31:15.409796258,643,0,res_a400b893-c7da-495f-bf62-a744eeccb8c5,2012-03-13 00:28:27.009647258,0.02564102564102564
Case1252,W_Completeren aanvraag,res_3efedec2-7c7d-4360-b422-dcf1d20a8bfd,Role 1,2012-03-13 02:18:32.300138658,638,2,res_3efedec2-7c7d-4360-b422-dcf1d20a8bfd,2012-03-13 02:16:08.637026658,0.02564102564102564
Case1253,W_Afhandelen leads,res_843e228f-f915-4f9a-b2c1-ff974c62e207,Role 1,2012-03-13 01:02:46.775501000,642,0,res_843e228f-f915-4f9a-b2c1-ff974c62e207,2012-03-13 01:00:00.000000000,0.02564102564102564
Case1253,W_Completeren aanvraag,res_d5f36d0a-a64a-45e5-8850-daee823f6c96,Role 1,2012-03-13 03:04:55.214393100,636,1,res_d5f36d0a-a64a-45e5-8850-daee823f6c96,2012-03-13 03:02:25.595700100,0.0
Case1253,W_Completeren aanvraag,res_bae84d23-abe1-4580-a954-c8576ba025c9,Role 1,2012-03-13 07:10:33.106907400,635,1,res_bae84d23-abe1-4580-a954-c8576ba025c9,2012-03-13 07:07:59.289583400,0.0
Case126,W_Afhandelen leads,res_a400b893-c7da-495f-bf62-a744eeccb8c5,Role 1,2012-02-16 08:31:13.839843149,562,0,res_a400b893-c7da-495f-bf62-a744eeccb8c5,2012-02-16 08:27:42.263013149,0.0
Case126,W_Completeren aanvraag,res_6488ab10-d3ee-4b87-935d-302131660e4e,Role 1,2012-02-16 10:22:59.737264449,571,1,res_6488ab10-d3ee-4b87-935d-302131660e4e,2012-02-16 10:20:28.024219449,0.0
Case126,W_Nabellen offertes,res_7c2a7682-7073-471d-9707-2acad2b806ab,Role 1,2012-02-18 03:28:29.472620849,592,1,res_7c2a7682-7073-471d-9707-2acad2b806ab,2012-02-18 03:26:39.170392849,0.0
Case126,W_Nabellen offertes,res_4c3013be-6589-47a8-a7c4-f99f2e4b9a48,Role 1,2012-02-23 23:45:59.103400749,634,1,res_4c3013be-6589-47a8-a7c4-f99f2e4b9a48,2012-02-23 23:38:42.748192749,0.0
Case127,W_Afhandelen leads,res_408efd66-8ed2-49bc-94a8-733c7b98a934,Role 1,2012-02-16 08:37:08.143774527,563,0,res_408efd66-8ed2-49bc-94a8-733c7b98a934,2012-02-16 08:33:36.883877527,0.0
Case127,W_Completeren aanvraag,res_a400b893-c7da-495f-bf62-a744eeccb8c5,Role 1,2012-02-16 10:28:02.490516227,571,1,res_a400b893-c7da-495f-bf62-a744eeccb8c5,2012-02-16 10:25:30.929951227,0.0
Case127,W_Nabellen offertes,res_b70af2ff-820e-4016-a03c-831214a09681,Role 1,2012-02-18 05:29:04.745843427,592,1,res_b70af2ff-820e-4016-a03c-831214a09681,2012-02-18 05:27:11.781500427,0.0
Case127,W_Nabellen offertes,res_6488ab10-d3ee-4b87-935d-302131660e4e,Role 1,2012-02-23 20:22:34.582271327,637,1,res_6488ab10-d3ee-4b87-935d-302131660e4e,2012-02-23 20:18:19.213594327,0.0
Case128,W_Afhandelen leads,res_bae84d23-abe1-4580-a954-c8576ba025c9,Role 1,2012-02-16 08:43:27.600465840,564,0,res_bae84d23-abe1-4580-a954-c8576ba025c9,2012-02-16 08:39:56.690882840,0.0
Case128,W_Completeren aanvraag,res_408efd66-8ed2-49bc-94a8-733c7b98a934,Role 1,2012-02-16 10:33:24.887869640,572,1,res_408efd66-8ed2-49bc-94a8-733c7b98a934,2012-02-16 10:30:53.461753640,0.0
Case129,W_Afhandelen leads,res_f8049b85-d52c-466e-8778-58e1f3f71604,Role 1,2012-02-16 08:49:20.872219580,565,0,res_f8049b85-d52c-466e-8778-58e1f3f71604,2012-02-16 08:45:50.304301580,0.0
Case129,W_Completeren aanvraag,res_7b435aaa-ab1b-4205-92d4-81495e1b2d15,Role 1,2012-02-16 10:38:23.404308880,571,1,res_7b435aaa-ab1b-4205-92d4-81495e1b2d15,2012-02-16 10:35:52.117170880,0.0
Case129,W_Nabellen offertes,res_5a3eddbb-0eb4-49ac-9904-07583235092c,Role 1,2012-02-18 08:33:33.256661779,592,1,res_5a3eddbb-0eb4-49ac-9904-07583235092c,2012-02-18 08:31:15.752670780,0.0
Case129,W_Nabellen offertes,res_7b435aaa-ab1b-4205-92d4-81495e1b2d15,Role 1,2012-02-23 19:03:03.467352080,639,1,res_7b435aaa-ab1b-4205-92d4-81495e1b2d15,2012-02-23 19:00:42.393774080,0.02564102564102564
Case13,W_Completeren aanvraag,res_4c3013be-6589-47a8-a7c4-f99f2e4b9a48,Role 1,2012-02-14 08:27:26.078115394,528,1,res_4c3013be-6589-47a8-a7c4-f99f2e4b9a48,2012-02-14 08:24:43.847065394,0.0
Case13,W_Completeren aanvraag,res_4c3013be-6589-47a8-a7c4-f99f2e4b9a48,Role 1,2012-02-14 10:57:56.779716194,541,2,res_4c3013be-6589-47a8-a7c4-f99f2e4b9a48,2012-02-14 10:55:38.560877194,0.02564102564102564
Case130,W_Completeren aanvraag,res_a400b893-c7da-495f-bf62-a744eeccb8c5,Role 1,2012-02-16 08:54:15.113595735,566,1,res_a400b893-c7da-495f-bf62-a744eeccb8c5,2012-02-16 08:51:06.642231735,0.0
Case130,W_Nabellen offertes,res_f8049b85-d52c-466e-8778-58e1f3f71604,Role 1,2012-02-16 09:45:43.933870535,570,1,res_f8049b85-d52c-466e-8778-58e1f3f71604,2012-02-16 09:43:29.017502535,0.0
Case131,W_Afhandelen leads,res_d5f36d0a-a64a-45e5-8850-daee823f6c96,Role 1,2012-02-16 09:02:04.746170394,567,0,res_d5f36d0a-a64a-45e5-8850-daee823f6c96,2012-02-16 08:58:34.955540394,0.0
Case131,W_Completeren aanvraag,res_6488ab10-d3ee-4b87-935d-302131660e4e,Role 1,2012-02-16 10:49:02.939674294,573,1,res_6488ab10-d3ee-4b87-935d-302131660e4e,2012-02-16 10:46:31.855798294,0.0
Case131,W_Completeren aanvraag,res_4ea7e99f-9f77-43d0-af71-4b2253ae6764,Role 1,2012-02-16 15:45:57.235470794,575,1,res_4ea7e99f-9f77-43d0-af71-4b2253ae6764,2012-02-16 15:44:00.297786794,0.0
Case131,W_Completeren aanvraag,res_7b435aaa-ab1b-4205-92d4-81495e1b2d15,Role 1,2012-02-16 17:40:07.568488994,576,1,res_7b435aaa-ab1b-4205-92d4-81495e1b2d15,2012-02-16 17:38:20.615335994,0.0
Case132,W_Afhandelen leads,res_709ed04f-5b76-49c4-aeeb-ad921b6f6ca1,Role 1,2012-02-16 09:06:47.522819513,568,0,res_709ed04f-5b76-49c4-aeeb-ad921b6f6ca1,2012-02-16 09:03:18.047764513,0.0
Case132,W_Completeren aanvraag,res_570add54-a9ce-40af-8ebf-c88ddafd5fef,Role 1,2012-02-16 10:52:58.480859413,573,1,res_570add54-a9ce-40af-8ebf-c88ddafd5fef,2012-02-16 10:50:27.472312413,0.0
Case132,W_Completeren aanvraag,res_843e228f-f915-4f9a-b2c1-ff974c62e207,Role 1,2012-02-16 15:49:28.965622813,575,1,res_843e228f-f915-4f9a-b2c1-ff974c62e207,2012-02-16 15:47:32.106756813,0.0
Case133,W_Completeren aanvraag,res_4ea7e99f-9f77-43d0-af71-4b2253ae6764,Role 1,2012-02-16 09:14:51.540314144,569,1,res_4ea7e99f-9f77-43d0-af71-4b2253ae6764,2012-02-16 09:11:44.792920144,0.0
Case134,W_Afhandelen leads,res_3efedec2-7c7d-4360-b422-dcf1d20a8bfd,Role 1,2012-02-16 09:23:35.868276224,569,0,res_3efedec2-7c7d-4360-b422-dcf1d20a8bfd,2012-02-16 09:20:07.508293224,0.0
Case134,W_Completeren aanvraag,res_7c2a7682-7073-471d-9707-2acad2b806ab,Role 1,2012-02-16 11:06:44.954302524,574,1,res_7c2a7682-7073-471d-9707-2acad2b806ab,2012-02-16 11:04:14.119036524,0.0
Case135,W_Completeren aanvraag,res_1d01c37d-a137-4a7e-8f12-e8c97f0c7f2b,Role 1,2012-02-16 09:30:03.928404298,570,1,res_1d01c37d-a137-4a7e-8f12-e8c97f0c7f2b,2012-02-16 09:26:58.546113298,0.0
Case136,W_Afhandelen leads,res_d5f36d0a-a64a-45e5-8850-daee823f6c96,Role 1,2012-02-16 09:31:05.371213795,571,0,res_d5f36d0a-a64a-45e5-8850-daee823f6c96,2012-02-16 09:27:38.843938795,0.02564102564102564
Case136,W_Completeren aanvraag,res_570add54-a9ce-40af-8ebf-c88ddafd5fef,Role 1,2012-02-16 11:12:49.595390994,574,1,res_570add54-a9ce-40af-8ebf-c88ddafd5fef,2012-02-16 11:10:20.876067994,0.05128205128205128
Case137,W_Afhandelen leads,res_b70af2ff-820e-4016-a03c-831214a09681,Role 1,2012-02-16 09:43:11.817571024,571,0,res_b70af2ff-820e-4016-a03c-831214a09681,2012-02-16 09:39:46.219689024,0.02564102564102564
Case137,W_Completeren aanvraag,res_0fc057cb-3a7d-47d3-8cd2-6d92b33620c4,Role 1,2012-02-16 11:21:06.607648324,572,1,res_0fc057cb-3a7d-47d3-8cd2-6d92b33620c4,2012-02-16 11:18:37.140276324,0.02564102564102564
Case138,W_Completeren aanvraag,res_40e4f4c6-1170-4ce1-ba24-0dfa2dd61b15,Role 1,2012-02-16 09:55:36.739352750,570,1,res_40e4f4c6-1170-4ce1-ba24-0dfa2dd61b15,2012-02-16 09:52:33.893264750,0.0
Case138,W_Completeren aanvraag,res_40e4f4c6-1170-4ce1-ba24-0dfa2dd61b15,Role 1,2012-02-16 11:32:34.185328450,572,1,res_40e4f4c6-1170-4ce1-ba24-0dfa2dd61b15,2012-02-16 11:30:03.741173450,0.0
Case139,W_Afhandelen leads,res_0fc057cb-3a7d-47d3-8cd2-6d92b33620c4,Role 1,2012-02-16 10:08:41.136076289,571,0,res_0fc057cb-3a7d-47d3-8cd2-6d92b33620c4,2012-02-16 10:05:16.529612289,0.0
Case139,W_Completeren aanvraag,res_570add54-a9ce-40af-8ebf-c88ddafd5fef,Role 1,2012-02-16 11:43:05.055892089,573,1,res_570add54-a9ce-40af-8ebf-c88ddafd5fef,2012-02-16 11:40:34.445843089,0.0
Case14,W_Afhandelen leads,res_1d01c37d-a137-4a7e-8f12-e8c97f0c7f2b,Role 1,2012-02-14 08:30:39.151159395,529,0,res_1d01c37d-a137-4a7e-8f12-e8c97f0c7f2b,2012-02-14 08:27:36.120269395,0.0
Case14,W_Completeren aanvraag,res_bae84d23-abe1-4580-a954-c8576ba025c9,Role 1,2012-02-14 11:00:27.447808195,539,1,res_bae84d23-abe1-4580-a954-c8576ba025c9,2012-02-14 10:58:03.150134195,0.0
Case140,W_Completeren aanvraag,res_40e4f4c6-1170-4ce1-ba24-0dfa2dd61b15,Role 1,2012-02-16 10:20:49.748322828,572,2,res_40e4f4c6-1170-4ce1-ba24-0dfa2dd61b15,2012-02-16 10:17:59.165959828,0.02564102564102564
Case140,W_Nabellen offertes,res_d856942c-e08c-4dce-8114-31eacb6f69b7,Role 1,2012-02-16 11:06:30.681214728,574,1,res_d856942c-e08c-4dce-8114-31eacb6f69b7,2012-02-16 11:04:19.779734728,0.02564102564102564
Case141,W_Completeren aanvraag,res_dec66574-3de2-4d20-a02f-ab348539e500,Role 1,2012-02-16 10:30:17.620979980,572,2,res_dec66574-3de2-4d20-a02f-ab348539e500,2012-02-16 10:27:28.372744980,0.02564102564102564
Case141,W_Nabellen offertes,res_4c3013be-6589-47a8-a7c4-f99f2e4b9a48,Role 1,2012-02-16 11:14:56.807660780,572,1,res_4c3013be-6589-47a8-a7c4-f99f2e4b9a48,2012-02-16 11:12:46.110118780,0.0
Case141,W_Nabellen offertes,res_13020984-8d57-4f3c-8ba3-5a323081e70b,Role 1,2012-02-24 10:29:12.301354080,639,1,res_13020984-8d57-4f3c-8ba3-5a323081e70b,2012-02-24 10:27:30.372651080,0.0
Case141,W_Nabellen offertes,res_59c642c1-18f5-484a-aed6-a023ede79a28,Role 1,2012-02-26 11:59:41.405597580,640,1,res_59c642c1-18f5-484a-aed6-a023ede79a28,2012-02-26 11:58:08.024674580,0.0
Case142,W_Afhandelen leads,res_7c2a7682-7073-471d-9707-2acad2b806ab,Role 1,2012-02-16 10:31:06.201973454,573,0,res_7c2a7682-7073-471d-9707-2acad2b806ab,2012-02-16 10:27:46.506766454,0.05128205128205128
Case142,W_Completeren aanvraag,res_b42bc940-a579-4310-8bba-a668ba469508,Role 1,2012-02-16 12:01:09.057782654,573,1,res_b42bc940-a579-4310-8bba-a668ba469508,2012-02-16 11:58:39.196139654,0.0
Case143,W_Afhandelen leads,res_843e228f-f915-4f9a-b2c1-ff974c62e207,Role 1,2012-02-16 10:48:36.448698662,574,0,res_843e228f-f915-4f9a-b2c1-ff974c62e207,2012-02-16 10:45:16.265120662,0.0
Case143,W_Completeren aanvraag,res_230c0182-4111-4506-bfd5-9b0719b08311,Role 1,2012-02-16 12:15:21.240628862,573,1,res_230c0182-4111-4506-bfd5-9b0719b08311,2012-02-16 12:12:50.672864862,0.0
Case143,W_Completeren aanvraag,res_4c3013be-6589-47a8-a7c4-f99f2e4b9a48,Role 1,2012-02-16 16:50:05.720205662,575,1,res_4c3013be-6589-47a8-a7c4-f99f2e4b9a48,2012-02-16 16:48:10.146531662,0.0
Case143,W_Nabellen offertes,res_bae84d23-abe1-4580-a954-c8576ba025c9,Role 1,2012-02-18 00:38:04.500778162,594,1,res_bae84d23-abe1-4580-a954-c8576ba025c9,2012-02-18 00:36:25.176809162,0.0
Case143,W_Nabellen offertes,res_4bfd217b-a1fe-4479-a77c-aded82769086,Role 1,2012-02-21 18:53:26.205434862,631,1,res_4bfd217b-a1fe-4479-a77c-aded82769086,2012-02-21 18:42:33.773552862,0.0
Case144,W_Afhandelen leads,res_f8049b85-d52c-466e-8778-58e1f3f71604,Role 1,2012-02-16 11:02:17.896117447,574,0,res_f8049b85-d52c-466e-8778-58e1f3f71604,2012-02-16 10:58:59.348206447,0.0
Case144,W_Completeren aanvraag,res_dec66574-3de2-4d20-a02f-ab348539e500,Role 1,2012-02-16 12:23:24.425672247,573,1,res_dec66574-3de2-4d20-a02f-ab348539e500,2012-02-16 12:20:53.840128247,0.0
Case144,W_Completeren aanvraag,res_4ea7e99f-9f77-43d0-af71-4b2253ae6764,Role 1,2012-02-16 16:51:25.318212347,575,1,res_4ea7e99f-9f77-43d0-af71-4b2253ae6764,2012-02-16 16:49:29.876427347,0.0
Case145,W_Afhandelen leads,res_bb73aa9d-d45e-496a-a1ec-c9fe6e899287,Role 1,2012-02-16 11:20:05.737181404,572,0,res_bb73aa9d-d45e-496a-a1ec-c9fe6e899287,2012-02-16 11:16:49.255473404,0.0
Case145,W_Completeren aanvraag,res_5a3eddbb-0eb4-49ac-9904-07583235092c,Role 1,2012-02-16 12:41:04.662614704,575,1,res_5a3eddbb-0eb4-49ac-9904-07583235092c,2012-02-16 12:38:34.974167704,0.02564102564102564
Case146,W_Completeren aanvraag,res_7b435aaa-ab1b-4205-92d4-81495e1b2d15,Role 1,2012-02-16 11:30:43.445649474,572,1,res_7b435aaa-ab1b-4205-92d4-81495e1b2d15,2012-02-16 11:27:53.162148474,0.0
Case146,W_Completeren aanvraag,res_dec66574-3de2-4d20-a02f-ab348539e500,Role 1,2012-02-16 12:48:34.719723574,574,1,res_dec66574-3de2-4d20-a02f-ab348539e500,2012-02-16 12:46:05.731154574,0.0
Case147,W_Completeren aanvraag,res_57e6001e-3d34-44ab-b1e6-21b6b1001542,Role 1,2012-02-16 11:30:48.827739036,573,2,res_57e6001e-3d34-44ab-b1e6-21b6b1001542,2012-02-16 11:28:08.273833036,0.02564102564102564
Case147,W_Nabellen offertes,res_9a47d014-a019-4396-9e72-1d1379a66c99,Role 1,2012-02-16 12:12:33.191960036,573,1,res_9a47d014-a019-4396-9e72-1d1379a66c99,2012-02-16 12:10:23.867329036,0.02564102564102564
Case148,W_Afhandelen leads,res_a400b893-c7da-495f-bf62-a744eeccb8c5,Role 1,2012-02-16 11:48:53.169847519,573,0,res_a400b893-c7da-495f-bf62-a744eeccb8c5,2012-02-16 11:45:40.047078519,0.0
Case148,W_Completeren aanvraag,res_d856942c-e08c-4dce-8114-31eacb6f69b7,Role 1,2012-02-16 13:05:21.903091819,573,1,res_d856942c-e08c-4dce-8114-31eacb6f69b7,2012-02-16 13:02:51.367702819,0.0
Case148,W_Completeren aanvraag,res_4ea7e99f-9f77-43d0-af71-4b2253ae6764,Role 1,2012-02-16 17:24:40.950716319,576,2,res_4ea7e99f-9f77-43d0-af71-4b2253ae6764,2012-02-16 17:22:47.554076319,0.02564102564102564
Case149,W_Afhandelen leads,res_1b9a0c06-ad62-425d-8a95-45a175c5555c,Role 1,2012-02-16 12:00:03.988908689,573,0,res_1b9a0c06-ad62-425d-8a95-45a175c5555c,2012-02-16 11:56:52.013318689,0.0
Case149,W_Completeren aanvraag,res_7b435aaa-ab1b-4205-92d4-81495e1b2d15,Role 1,2012-02-16 13:14:57.027876889,573,1,res_7b435aaa-ab1b-4205-92d4-81495e1b2d15,2012-02-16 13:12:26.510984889,0.0
Case15,W_Afhandelen leads,res_d39cd18a-e6fc-4de4-b991-deff4ba6e82a,Role 1,2012-02-14 08:34:02.644297157,530,0,res_d39cd18a-e6fc-4de4-b991-deff4ba6e82a,2012-02-14 08:30:59.624288157,0.0
Case15,W_Completeren aanvraag,res_3efedec2-7c7d-4360-b422-dcf1d20a8bfd,Role 1,2012-02-14 11:02:55.000894357,539,2,res_3efedec2-7c7d-4360-b422-dcf1d20a8bfd,2012-02-14 11:00:32.938867357,0.02564102564102564
Case150,W_Afhandelen leads,res_4c3013be-6589-47a8-a7c4-f99f2e4b9a48,Role 1,2012-02-16 12:13:26.707361363,573,0,res_4c3013be-6589-47a8-a7c4-f99f2e4b9a48,2012-02-16 12:10:15.954937363,0.0
Case150,W_Completeren aanvraag,res_d856942c-e08c-4dce-8114-31eacb6f69b7,Role 1,2012-02-16 13:26:32.102543762,573,1,res_d856942c-e08c-4dce-8114-31eacb6f69b7,2012-02-16 13:24:02.576541763,0.02564102564102564
Case150,W_Completeren aanvraag,res_dec66574-3de2-4d20-a02f-ab348539e500,Role 1,2012-02-16 17:33:00.580229563,574,1,res_dec66574-3de2-4d20-a02f-ab348539e500,2012-02-16 17:31:05.988614563,0.0
Case151,W_Completeren aanvraag,res_b70af2ff-820e-4016-a03c-831214a09681,Role 1,2012-02-16 12:30:54.753903144,574,1,res_b70af2ff-820e-4016-a03c-831214a09681,2012-02-16 12:28:11.906878144,0.0
Case151,W_Completeren aanvraag,res_1b9a0c06-ad62-425d-8a95-45a175c5555c,Role 1,2012-02-16 13:40:58.289914544,573,1,res_1b9a0c06-ad62-425d-8a95-45a175c5555c,2012-02-16 13:38:30.502340544,0.0
Case152,W_Afhandelen leads,res_843e228f-f915-4f9a-b2c1-ff974c62e207,Role 1,2012-02-16 12:32:58.344578613,575,0,res_843e228f-f915-4f9a-b2c1-ff974c62e207,2012-02-16 12:29:50.636550613,0.02564102564102564
Case152,W_Completeren aanvraag,res_709ed04f-5b76-49c4-aeeb-ad921b6f6ca1,Role 1,2012-02-16 13:42:47.462459413,573,2,res_709ed04f-5b76-49c4-aeeb-ad921b6f6ca1,2012-02-16 13:40:21.021720413,0.02564102564102564
Case153,W_Completeren aanvraag,res_40e4f4c6-1170-4ce1-ba24-0dfa2dd61b15,Role 1,2012-02-16 13:10:46.801811067,574,2,res_40e4f4c6-1170-4ce1-ba24-0dfa2dd61b15,2012-02-16 13:08:15.672169067,0.02564102564102564
Case153,W_Nabellen offertes,res_219a258e-f803-4016-b457-8c77c3b88a65,Role 1,2012-02-16 13:47:30.380641167,572,1,res_219a258e-f803-4016-b457-8c77c3b88a65,2012-02-16 13:45:23.442026167,0.02564102564102564
Case153,W_Nabellen offertes,res_3efedec2-7c7d-4360-b422-dcf1d20a8bfd,Role 1,2012-02-25 06:50:38.989376666,630,1,res_3efedec2-7c7d-4360-b422-dcf1d20a8bfd,2012-02-25 06:48:19.940387666,0.0
Case153,W_Nabellen offertes,res_57e6001e-3d34-44ab-b1e6-21b6b1001542,Role 1,2012-02-27 22:50:12.895629367,615,1,res_57e6001e-3d34-44ab-b1e6-21b6b1001542,2012-02-27 22:48:40.166180367,0.0
Case153,W_Nabellen offertes,res_1b9a0c06-ad62-425d-8a95-45a175c5555c,Role 1,2012-03-01 12:07:15.712236467,618,1,res_1b9a0c06-ad62-425d-8a95-45a175c5555c,2012-03-01 11:57:03.370985467,0.0
Case154,W_Completeren aanvraag,res_1b3fa211-3349-4835-aae7-baccd0368824,Role 1,2012-02-16 13:31:34.507289388,573,1,res_1b3fa211-3349-4835-aae7-baccd0368824,2012-02-16 13:28:56.845194388,0.02564102564102564
Case154,W_Completeren aanvraag,res_bb73aa9d-d45e-496a-a1ec-c9fe6e899287,Role 1,2012-02-16 14:36:27.335503788,574,1,res_bb73aa9d-d45e-496a-a1ec-c9fe6e899287,2012-02-16 14:34:00.615670788,0.0
Case155,W_Completeren aanvraag,res_4d502259-de4c-4574-91b7-d3c939a9cf04,Role 1,2012-02-16 13:31:43.412884224,574,2,res_4d502259-de4c-4574-91b7-d3c939a9cf04,2012-02-16 13:29:13.971770224,0.05128205128205128
Case156,W_Afhandelen leads,res_0fc057cb-3a7d-47d3-8cd2-6d92b33620c4,Role 1,2012-02-16 13:44:37.993388190,572,0,res_0fc057cb-3a7d-47d3-8cd2-6d92b33620c4,2012-02-16 13:41:30.414531190,0.0
Case156,W_Completeren aanvraag,res_3efedec2-7c7d-4360-b422-dcf1d20a8bfd,Role 1,2012-02-16 14:49:12.497199290,574,1,res_3efedec2-7c7d-4360-b422-dcf1d20a8bfd,2012-02-16 14:46:41.751394290,0.0
Case157,W_Completeren aanvraag,res_0fc057cb-3a7d-47d3-8cd2-6d92b33620c4,Role 1,2012-02-16 14:03:59.843664277,573,1,res_0fc057cb-3a7d-47d3-8cd2-6d92b33620c4,2012-02-16 14:01:22.222720277,0.0
Case157,W_Nabellen offertes,res_0ba00481-2705-40d0-b647-5ea4bd04a214,Role 1,2012-02-16 14:38:14.280237977,575,1,res_0ba00481-2705-40d0-b647-5ea4bd04a214,2012-02-16 14:36:04.901344977,0.0
Case158,W_Afhandelen leads,res_40e4f4c6-1170-4ce1-ba24-0dfa2dd61b15,Role 1,2012-02-16 14:18:26.573166348,574,0,res_40e4f4c6-1170-4ce1-ba24-0dfa2dd61b15,2012-02-16 14:15:18.402599348,0.0
Case158,W_Completeren aanvraag,res_219a258e-f803-4016-b457-8c77c3b88a65,Role 1,2012-02-16 15:21:17.169824048,574,1,res_219a258e-f803-4016-b457-8c77c3b88a65,2012-02-16 15:18:46.069703048,0.0
Case158,W_Completeren aanvraag,res_d856942c-e08c-4dce-8114-31eacb6f69b7,Role 1,2012-02-16 18:14:02.485881448,574,1,res_d856942c-e08c-4dce-8114-31eacb6f69b7,2012-02-16 18:12:06.930272448,0.0
Case159,W_Afhandelen leads,res_a60942a0-f9c4-436b-a4d0-6eeb41b2f0f2,Role 1,2012-02-16 14:32:08.362845134,575,0,res_a60942a0-f9c4-436b-a4d0-6eeb41b2f0f2,2012-02-16 14:29:01.485685134,0.02564102564102564
Case159,W_Completeren aanvraag,res_230c0182-4111-4506-bfd5-9b0719b08311,Role 1,2012-02-16 15:34:11.893763334,575,1,res_230c0182-4111-4506-bfd5-9b0719b08311,2012-02-16 15:31:40.862745334,0.0
Case16,W_Afhandelen leads,res_9a47d014-a019-4396-9e72-1d1379a66c99,Role 1,2012-02-14 08:37:54.351178767,531,0,res_9a47d014-a019-4396-9e72-1d1379a66c99,2012-02-14 08:34:51.336784767,0.0
Case16,W_Completeren aanvraag,res_5a3eddbb-0eb4-49ac-9904-07583235092c,Role 1,2012-02-14 11:04:15.211932467,538,2,res_5a3eddbb-0eb4-49ac-9904-07583235092c,2012-02-14 11:01:53.132304467,0.02564102564102564
Case16,W_Completeren aanvraag,res_0ba00481-2705-40d0-b647-5ea4bd04a214,Role 1,2012-02-14 14:12:26.841032867,543,3,res_0ba00481-2705-40d0-b647-5ea4bd04a214,2012-02-14 14:10:11.366154867,0.05128205128205128
Case16,W_Completeren aanvraag,res_a400b893-c7da-495f-bf62-a744eeccb8c5,Role 1,2012-02-14 15:48:00.383053167,543,1,res_a400b893-c7da-495f-bf62-a744eeccb8c5,2012-02-14 15:45:57.582161167,0.0
Case16,W_Completeren aanvraag,res_3efedec2-7c7d-4360-b422-dcf1d20a8bfd,Role 1,2012-02-14 16:44:14.400037267,543,1,res_3efedec2-7c7d-4360-b422-dcf1d20a8bfd,2012-02-14 16:42:26.423766267,0.0
Case160,W_Afhandelen leads,res_40e4f4c6-1170-4ce1-ba24-0dfa2dd61b15,Role 1,2012-02-16 14:32:26.529057707,576,1,res_40e4f4c6-1170-4ce1-ba24-0dfa2dd61b15,2012-02-16 14:29:27.679271707,0.05128205128205128
Case160,W_Completeren aanvraag,res_9a47d014-a019-4396-9e72-1d1379a66c99,Role 1,2012-02-16 15:34:38.698798307,575,2,res_9a47d014-a019-4396-9e72-1d1379a66c99,2012-02-16 15:32:13.645223307,0.02564102564102564
Case161,W_Afhandelen leads,res_59c642c1-18f5-484a-aed6-a023ede79a28,Role 1,2012-02-16 14:47:34.477024662,574,0,res_59c642c1-18f5-484a-aed6-a023ede79a28,2012-02-16 14:44:25.313334662,0.0
Case161,W_Completeren aanvraag,res_5a3eddbb-0eb4-49ac-9904-07583235092c,Role 1,2012-02-16 15:49:21.275474562,575,1,res_5a3eddbb-0eb4-49ac-9904-07583235092c,2012-02-16 15:46:49.716073562,0.0
Case162,W_Afhandelen leads,res_4d502259-de4c-4574-91b7-d3c939a9cf04,Role 1,2012-02-16 15:01:34.189983647,575,0,res_4d502259-de4c-4574-91b7-d3c939a9cf04,2012-02-16 14:58:24.515550647,0.0
Case162,W_Completeren aanvraag,res_570add54-a9ce-40af-8ebf-c88ddafd5fef,Role 1,2012-02-16 16:03:00.878837847,574,1,res_570add54-a9ce-40af-8ebf-c88ddafd5fef,2012-02-16 16:00:29.080278847,0.0
Case162,W_Completeren aanvraag,res_5a3eddbb-0eb4-49ac-9904-07583235092c,Role 1,2012-02-16 18:42:20.880197047,574,1,res_5a3eddbb-0eb4-49ac-9904-07583235092c,2012-02-16 18:40:24.583946047,0.0
Case162,W_Nabellen offertes,res_709ed04f-5b76-49c4-aeeb-ad921b6f6ca1,Role 1,2012-02-18 11:06:07.285266947,592,1,res_709ed04f-5b76-49c4-aeeb-ad921b6f6ca1,2012-02-18 11:03:28.713686947,0.0
Case163,W_Completeren aanvraag,res_7b435aaa-ab1b-4205-92d4-81495e1b2d15,Role 1,2012-02-16 15:19:49.733792937,575,1,res_7b435aaa-ab1b-4205-92d4-81495e1b2d15,2012-02-16 15:17:11.847218937,0.0
Case163,W_Nabellen offertes,res_843e228f-f915-4f9a-b2c1-ff974c62e207,Role 1,2012-02-16 15:50:20.282859337,574,1,res_843e228f-f915-4f9a-b2c1-ff974c62e207,2012-02-16 15:48:10.444908337,0.0
Case164,W_Afhandelen leads,res_5a3eddbb-0eb4-49ac-9904-07583235092c,Role 1,2012-02-16 15:32:39.265634903,574,0,res_5a3eddbb-0eb4-49ac-9904-07583235092c,2012-02-16 15:29:28.289979903,0.0
Case164,W_Completeren aanvraag,res_b42bc940-a579-4310-8bba-a668ba469508,Role 1,2012-02-16 16:33:36.193350603,574,1,res_b42bc940-a579-4310-8bba-a668ba469508,2012-02-16 16:31:03.752276603,0.0
Case164,W_Completeren aanvraag,res_13020984-8d57-4f3c-8ba3-5a323081e70b,Role 1,2012-02-16 18:54:01.888168703,575,2,res_13020984-8d57-4f3c-8ba3-5a323081e70b,2012-02-16 18:52:07.203586703,0.02564102564102564
Case164,W_Completeren aanvraag,res_4ea7e99f-9f77-43d0-af71-4b2253ae6764,Role 1,2012-02-16 20:44:22.636555703,576,1,res_4ea7e99f-9f77-43d0-af71-4b2253ae6764,2012-02-16 20:42:36.749576703,0.0
Case164,W_Nabellen offertes,res_08871a3e-f393-4f22-a0a4-e36c9d59a78e,Role 1,2012-02-17 15:55:08.920961203,594,1,res_08871a3e-f393-4f22-a0a4-e36c9d59a78e,2012-02-17 15:53:23.594933203,0.05128205128205128
Case165,W_Afhandelen leads,res_59c642c1-18f5-484a-aed6-a023ede79a28,Role 1,2012-02-16 15:33:31.440888512,575,1,res_59c642c1-18f5-484a-aed6-a023ede79a28,2012-02-16 15:30:27.729272512,0.02564102564102564
Case165,W_Completeren aanvraag,res_d5f36d0a-a64a-45e5-8850-daee823f6c96,Role 1,2012-02-16 16:34:24.264705512,574,2,res_d5f36d0a-a64a-45e5-8850-daee823f6c96,2012-02-16 16:31:57.599522512,0.02564102564102564
Case165,W_Nabellen offertes,res_d39cd18a-e6fc-4de4-b991-deff4ba6e82a,Role 1,2012-02-19 23:03:14.750685312,600,1,res_d39cd18a-e6fc-4de4-b991-deff4ba6e82a,2012-02-19 23:01:27.924397312,0.0
Case165,W_Nabellen offertes,res_5724148e-e102-4421-a053-83c428a11f68,Role 1,2012-02-24 19:11:17.479504512,632,1,res_5724148e-e102-4421-a053-83c428a11f68,2012-02-24 19:08:35.361586512,0.0
Case165,W_Nabellen offertes,res_570add54-a9ce-40af-8ebf-c88ddafd5fef,Role 1,2012-02-27 12:58:39.108055312,617,1,res_570add54-a9ce-40af-8ebf-c88ddafd5fef,2012-02-27 12:57:03.357145312,0.0
Case165,W_Nabellen offertes,res_13020984-8d57-4f3c-8ba3-5a323081e70b,Role 1,2012-02-29 12:58:03.099116712,634,1,res_13020984-8d57-4f3c-8ba3-5a323081e70b,2012-02-29 12:49:21.505155712,0.0
Case166,W_Completeren aanvraag,res_bae84d23-abe1-4580-a954-c8576ba025c9,Role 1,2012-02-16 15:51:51.888129528,574,1,res_bae84d23-abe1-4580-a954-c8576ba025c9,2012-02-16 15:49:13.046049528,0.0
Case166,W_Completeren aanvraag,res_59c642c1-18f5-484a-aed6-a023ede79a28,Role 1,2012-02-16 16:52:42.655276028,576,1,res_59c642c1-18f5-484a-aed6-a023ede79a28,2012-02-16 16:50:13.801462028,0.0
Case166,W_Nabellen offertes,res_4d502259-de4c-4574-91b7-d3c939a9cf04,Role 1,2012-02-20 04:15:23.811764328,599,1,res_4d502259-de4c-4574-91b7-d3c939a9cf04,2012-02-20 04:13:39.111858328,0.0
Case167,W_Completeren aanvraag,res_1b3fa211-3349-4835-aae7-baccd0368824,Role 1,2012-02-16 16:10:04.504099508,575,1,res_1b3fa211-3349-4835-aae7-baccd0368824,2012-02-16 16:07:25.117120508,0.0
Case167,W_Completeren aanvraag,res_b42bc940-a579-4310-8bba-a668ba469508,Role 1,2012-02-16 17:10:59.803064608,574,2,res_b42bc940-a579-4310-8bba-a668ba469508,2012-02-16 17:08:35.549517608,0.02564102564102564
Case168,W_Afhandelen leads,res_5a3eddbb-0eb4-49ac-9904-07583235092c,Role 1,2012-02-16 16:32:26.932601538,575,0,res_5a3eddbb-0eb4-49ac-9904-07583235092c,2012-02-16 16:29:13.789003538,0.0
Case168,W_Completeren aanvraag,res_4ea7e99f-9f77-43d0-af71-4b2253ae6764,Role 1,2012-02-16 17:34:03.713230538,572,1,res_4ea7e99f-9f77-43d0-af71-4b2253ae6764,2012-02-16 17:31:29.952444538,0.0
Case168,W_Completeren aanvraag,res_a400b893-c7da-495f-bf62-a744eeccb8c5,Role 1,2012-02-16 20:07:53.823840938,577,1,res_a400b893-c7da-495f-bf62-a744eeccb8c5,2012-02-16 20:05:55.023310938,0.0
Case169,W_Afhandelen leads,res_1b3fa211-3349-4835-aae7-baccd0368824,Role 1,2012-02-16 16:35:18.517873364,576,1,res_1b3fa211-3349-4835-aae7-baccd0368824,2012-02-16 16:32:12.106881364,0.02564102564102564
Case169,W_Completeren aanvraag,res_0fc057cb-3a7d-47d3-8cd2-6d92b33620c4,Role 1,2012-02-16 17:36:50.123693964,573,1,res_0fc057cb-3a7d-47d3-8cd2-6d92b33620c4,2012-02-16 17:34:19.304282964,0.02564102564102564
Case169,W_Nabellen offertes,res_bae84d23-abe1-4580-a954-c8576ba025c9,Role 1,2012-02-20 21:34:12.524191664,624,1,res_bae84d23-abe1-4580-a954-c8576ba025c9,2012-02-20 21:31:49.821058664,0.05128205128205128
Case17,W_Afhandelen leads,res_d5f36d0a-a64a-45e5-8850-daee823f6c96,Role 1,2012-02-14 08:40:05.182825096,532,1,res_d5f36d0a-a64a-45e5-8850-daee823f6c96,2012-02-14 08:37:09.356837096,0.02564102564102564
Case17,W_Completeren aanvraag,res_1b9a0c06-ad62-425d-8a95-45a175c5555c,Role 1,2012-02-14 11:07:14.328772796,537,1,res_1b9a0c06-ad62-425d-8a95-45a175c5555c,2012-02-14 11:04:51.397413796,0.0
Case17,W_Completeren aanvraag,res_d39cd18a-e6fc-4de4-b991-deff4ba6e82a,Role 1,2012-02-14 14:15:33.343416096,543,1,res_d39cd18a-e6fc-4de4-b991-deff4ba6e82a,2012-02-14 14:13:14.516430096,0.0
Case170,W_Afhandelen leads,res_57e6001e-3d34-44ab-b1e6-21b6b1001542,Role 1,2012-02-16 17:31:41.443322412,573,0,res_57e6001e-3d34-44ab-b1e6-21b6b1001542,2012-02-16 17:28:28.057212412,0.02564102564102564
Case170,W_Completeren aanvraag,res_1d01c37d-a137-4a7e-8f12-e8c97f0c7f2b,Role 1,2012-02-16 18:35:26.110392512,574,1,res_1d01c37d-a137-4a7e-8f12-e8c97f0c7f2b,2012-02-16 18:32:51.298226512,0.0
Case170,W_Nabellen offertes,res_5724148e-e102-4421-a053-83c428a11f68,Role 1,2012-02-22 16:20:38.981521312,627,1,res_5724148e-e102-4421-a053-83c428a11f68,2012-02-22 16:18:15.321513312,0.0
Case170,W_Nabellen offertes,res_9a47d014-a019-4396-9e72-1d1379a66c99,Role 1,2012-02-25 17:58:35.256501612,644,2,res_9a47d014-a019-4396-9e72-1d1379a66c99,2012-02-25 17:56:52.808895612,0.02564102564102564
Case170,W_Nabellen offertes,res_5724148e-e102-4421-a053-83c428a11f68,Role 1,2012-02-28 14:32:20.346972512,627,2,res_5724148e-e102-4421-a053-83c428a11f68,2012-02-28 14:29:44.874321512,0.02564102564102564
Case171,W_Afhandelen leads,res_a400b893-c7da-495f-bf62-a744eeccb8c5,Role 1,2012-02-16 17:37:19.351835315,574,0,res_a400b893-c7da-495f-bf62-a744eeccb8c5,2012-02-16 17:34:04.544055315,0.0
Case171,W_Completeren aanvraag,res_230c0182-4111-4506-bfd5-9b0719b08311,Role 1,2012-02-16 18:41:16.560288215,576,3,res_230c0182-4111-4506-bfd5-9b0719b08311,2012-02-16 18:38:48.346847215,0.05128205128205128
Case171,W_Nabellen offertes,res_08871a3e-f393-4f22-a0a4-e36c9d59a78e,Role 1,2012-02-22 17:28:33.408213015,627,1,res_08871a3e-f393-4f22-a0a4-e36c9d59a78e,2012-02-22 17:25:41.197957015,0.0
Case172,W_Afhandelen leads,res_57e6001e-3d34-44ab-b1e6-21b6b1001542,Role 1,2012-02-16 18:08:39.735350771,574,0,res_57e6001e-3d34-44ab-b1e6-21b6b1001542,2012-02-16 18:05:24.437614771,0.0
Case172,W_Completeren aanvraag,res_13020984-8d57-4f3c-8ba3-5a323081e70b,Role 1,2012-02-16 19:14:27.712545071,575,2,res_13020984-8d57-4f3c-8ba3-5a323081e70b,2012-02-16 19:11:55.326263071,0.02564102564102564
Case172,W_Nabellen offertes,res_4ea7e99f-9f77-43d0-af71-4b2253ae6764,Role 1,2012-02-23 16:03:56.394891470,640,1,res_4ea7e99f-9f77-43d0-af71-4b2253ae6764,2012-02-23 16:02:02.267211471,0.0
Case173,W_Completeren aanvraag,res_1b3fa211-3349-4835-aae7-baccd0368824,Role 1,2012-02-16 18:33:24.620086749,575,1,res_1b3fa211-3349-4835-aae7-baccd0368824,2012-02-16 18:30:41.650744749,0.0
Case174,W_Completeren aanvraag,res_a400b893-c7da-495f-bf62-a744eeccb8c5,Role 1,2012-02-16 18:33:54.785100609,576,2,res_a400b893-c7da-495f-bf62-a744eeccb8c5,2012-02-16 18:31:20.941124609,0.02564102564102564
Case174,W_Nabellen offertes,res_1d01c37d-a137-4a7e-8f12-e8c97f0c7f2b,Role 1,2012-02-16 18:54:34.582876509,575,1,res_1d01c37d-a137-4a7e-8f12-e8c97f0c7f2b,2012-02-16 18:52:24.412222509,0.0
Case175,W_Completeren aanvraag,res_8a4ef218-abd5-42fa-9b05-623b7ba3c08b,Role 1,2012-02-16 19:08:03.975607417,575,1,res_8a4ef218-abd5-42fa-9b05-623b7ba3c08b,2012-02-16 19:05:21.018540417,0.0
Case175,W_Completeren aanvraag,res_5724148e-e102-4421-a053-83c428a11f68,Role 1,2012-02-16 20:17:51.806103717,576,1,res_5724148e-e102-4421-a053-83c428a11f68,2012-02-16 20:15:17.076979717,0.0
Case175,W_Nabellen offertes,res_843e228f-f915-4f9a-b2c1-ff974c62e207,Role 1,2012-02-24 09:03:18.458204617,640,1,res_843e228f-f915-4f9a-b2c1-ff974c62e207,2012-02-24 09:01:28.901637617,0.0
Case176,W_Completeren aanvraag,res_219a258e-f803-4016-b457-8c77c3b88a65,Role 1,2012-02-16 19:34:03.162968168,576,1,res_219a258e-f803-4016-b457-8c77c3b88a65,2012-02-16 19:31:20.544387168,0.0
Case176,W_Nabellen offertes,res_230c0182-4111-4506-bfd5-9b0719b08311,Role 1,2012-02-16 19:53:25.948200368,576,2,res_230c0182-4111-4506-bfd5-9b0719b08311,2012-02-16 19:51:14.002758368,0.02564102564102564
Case177,W_Completeren aanvraag,res_1d01c37d-a137-4a7e-8f12-e8c97f0c7f2b,Role 1,2012-02-16 19:34:16.167005192,577,2,res_1d01c37d-a137-4a7e-8f12-e8c97f0c7f2b,2012-02-16 19:31:42.708191192,0.02564102564102564
Case177,W_Nabellen offertes,res_4d502259-de4c-4574-91b7-d3c939a9cf04,Role 1,2012-02-16 19:53:11.277542692,576,1,res_4d502259-de4c-4574-91b7-d3c939a9cf04,2012-02-16 19:50:59.943135692,0.0
Case177,W_Nabellen offertes,res_d39cd18a-e6fc-4de4-b991-deff4ba6e82a,Role 1,2012-02-25 03:51:58.257094392,625,1,res_d39cd18a-e6fc-4de4-b991-deff4ba6e82a,2012-02-25 03:47:34.931457392,0.0
Case177,W_Nabellen offertes,res_7c2a7682-7073-471d-9707-2acad2b806ab,Role 1,2012-02-28 03:43:07.592608992,615,1,res_7c2a7682-7073-471d-9707-2acad2b806ab,2012-02-28 03:40:44.093922992,0.0
Case177,W_Nabellen offertes,res_bae84d23-abe1-4580-a954-c8576ba025c9,Role 1,2012-02-29 16:35:16.717745492,640,1,res_bae84d23-abe1-4580-a954-c8576ba025c9,2012-02-29 16:33:29.662106492,0.02564102564102564
Case178,W_Completeren aanvraag,res_d856942c-e08c-4dce-8114-31eacb6f69b7,Role 1,2012-02-16 19:55:14.175879612,576,1,res_d856942c-e08c-4dce-8114-31eacb6f69b7,2012-02-16 19:52:31.940781612,0.0
Case178,W_Completeren aanvraag,res_08871a3e-f393-4f22-a0a4-e36c9d59a78e,Role 1,2012-02-16 21:08:19.498650912,578,1,res_08871a3e-f393-4f22-a0a4-e36c9d59a78e,2012-02-16 21:05:43.596990912,0.0
Case178,W_Completeren aanvraag,res_5a3eddbb-0eb4-49ac-9904-07583235092c,Role 1,2012-02-17 16:22:29.264891212,591,1,res_5a3eddbb-0eb4-49ac-9904-07583235092c,2012-02-17 16:20:37.654587212,0.0
Case178,W_Completeren aanvraag,res_1d01c37d-a137-4a7e-8f12-e8c97f0c7f2b,Role 1,2012-02-17 20:30:31.559045312,594,1,res_1d01c37d-a137-4a7e-8f12-e8c97f0c7f2b,2012-02-17 20:28:48.448630312,0.0
Case179,W_Afhandelen leads,res_4bfd217b-a1fe-4479-a77c-aded82769086,Role 1,2012-02-16 20:20:00.250415795,577,0,res_4bfd217b-a1fe-4479-a77c-aded82769086,2012-02-16 20:16:44.677390795,0.0
Case179,W_Completeren aanvraag,res_7c2a7682-7073-471d-9707-2acad2b806ab,Role 1,2012-02-16 21:34:46.289025895,578,1,res_7c2a7682-7073-471d-9707-2acad2b806ab,2012-02-16 21:32:09.632000895,0.0
Case179,W_Completeren aanvraag,res_230c0182-4111-4506-bfd5-9b0719b08311,Role 1,2012-02-17 18:01:18.887038995,594,1,res_230c0182-4111-4506-bfd5-9b0719b08311,2012-02-17 17:59:23.758872995,0.0
Case179,W_Completeren aanvraag,res_7c2a7682-7073-471d-9707-2acad2b806ab,Role 1,2012-02-18 00:00:58.359910295,594,1,res_7c2a7682-7073-471d-9707-2acad2b806ab,2012-02-17 23:59:13.050764295,0.0
Case18,W_Afhandelen leads,res_4d502259-de4c-4574-91b7-d3c939a9cf04,Role 1,2012-02-14 08:44:09.096651894,533,0,res_4d502259-de4c-4574-91b7-d3c939a9cf04,2012-02-14 08:41:06.106561894,0.0
Case18,W_Completeren aanvraag,res_b42bc940-a579-4310-8bba-a668ba469508,Role 1,2012-02-14 11:10:02.472754994,537,1,res_b42bc940-a579-4310-8bba-a668ba469508,2012-02-14 11:07:38.159213994,0.0
Case18,W_Nabellen offertes,res_4c3013be-6589-47a8-a7c4-f99f2e4b9a48,Role 1,2012-02-15 08:03:36.281391494,546,1,res_4c3013be-6589-47a8-a7c4-f99f2e4b9a48,2012-02-15 08:00:40.088919494,0.0
Case180,W_Afhandelen leads,res_d39cd18a-e6fc-4de4-b991-deff4ba6e82a,Role 1,2012-02-16 20:33:03.921400720,578,0,res_d39cd18a-e6fc-4de4-b991-deff4ba6e82a,2012-02-16 20:29:48.470096720,0.0
Case180,W_Completeren aanvraag,res_dec66574-3de2-4d20-a02f-ab348539e500,Role 1,2012-02-16 21:48:41.415255520,577,1,res_dec66574-3de2-4d20-a02f-ab348539e500,2012-02-16 21:46:04.721239520,0.0
Case180,W_Nabellen offertes,res_bb73aa9d-d45e-496a-a1ec-c9fe6e899287,Role 1,2012-02-24 00:24:16.853446220,631,1,res_bb73aa9d-d45e-496a-a1ec-c9fe6e899287,2012-02-24 00:21:39.801174220,0.0
Case180,W_Nabellen offertes,res_d856942c-e08c-4dce-8114-31eacb6f69b7,Role 1,2012-02-27 06:44:36.441815320,624,1,res_d856942c-e08c-4dce-8114-31eacb6f69b7,2012-02-27 06:42:05.408404320,0.0
Case180,W_Nabellen offertes,res_40e4f4c6-1170-4ce1-ba24-0dfa2dd61b15,Role 1,2012-02-29 02:21:47.823265820,643,1,res_40e4f4c6-1170-4ce1-ba24-0dfa2dd61b15,2012-02-29 02:20:11.805515820,0.0
Case181,W_Afhandelen leads,res_08871a3e-f393-4f22-a0a4-e36c9d59a78e,Role 1,2012-02-17 08:41:28.621751581,576,0,res_08871a3e-f393-4f22-a0a4-e36c9d59a78e,2012-02-17 08:37:52.320381581,0.0
Case181,W_Completeren aanvraag,res_13020984-8d57-4f3c-8ba3-5a323081e70b,Role 1,2012-02-17 10:28:29.848401181,587,1,res_13020984-8d57-4f3c-8ba3-5a323081e70b,2012-02-17 10:26:11.328980181,0.0
Case181,W_Nabellen offertes,res_709ed04f-5b76-49c4-aeeb-ad921b6f6ca1,Role 1,2012-02-21 01:31:37.200363181,633,1,res_709ed04f-5b76-49c4-aeeb-ad921b6f6ca1,2012-02-21 01:29:49.407785181,0.05128205128205128
Case181,W_Nabellen offertes,res_bb73aa9d-d45e-496a-a1ec-c9fe6e899287,Role 1,2012-02-24 10:54:40.968631581,637,1,res_bb73aa9d-d45e-496a-a1ec-c9fe6e899287,2012-02-24 10:53:03.483485581,0.0
Case182,W_Completeren aanvraag,res_408efd66-8ed2-49bc-94a8-733c7b98a934,Role 1,2012-02-17 08:46:00.219795800,577,1,res_408efd66-8ed2-49bc-94a8-733c7b98a934,2012-02-17 08:42:43.472170800,0.0
Case182,W_Completeren aanvraag,res_d5f36d0a-a64a-45e5-8850-daee823f6c96,Role 1,2012-02-17 10:32:03.845660900,587,1,res_d5f36d0a-a64a-45e5-8850-daee823f6c96,2012-02-17 10:29:51.273625900,0.0
Case182,W_Completeren aanvraag,res_1b9a0c06-ad62-425d-8a95-45a175c5555c,Role 1,2012-02-17 15:16:40.904653200,593,2,res_1b9a0c06-ad62-425d-8a95-45a175c5555c,2012-02-17 15:14:53.330152200,0.02564102564102564
Case182,W_Completeren aanvraag,res_a400b893-c7da-495f-bf62-a744eeccb8c5,Role 1,2012-02-17 18:08:14.369844300,595,1,res_a400b893-c7da-495f-bf62-a744eeccb8c5,2012-02-17 18:06:33.109886300,0.0
Case183,W_Afhandelen leads,res_219a258e-f803-4016-b457-8c77c3b88a65,Role 1,2012-02-17 08:52:08.043033353,578,0,res_219a258e-f803-4016-b457-8c77c3b88a65,2012-02-17 08:48:32.048361353,0.0
Case183,W_Completeren aanvraag,res_40e4f4c6-1170-4ce1-ba24-0dfa2dd61b15,Role 1,2012-02-17 10:37:06.879812553,587,1,res_40e4f4c6-1170-4ce1-ba24-0dfa2dd61b15,2012-02-17 10:34:48.387731553,0.0
Case183,W_Completeren aanvraag,res_59c642c1-18f5-484a-aed6-a023ede79a28,Role 1,2012-02-17 15:19:43.828201253,593,1,res_59c642c1-18f5-484a-aed6-a023ede79a28,2012-02-17 15:17:54.273427253,0.0
Case184,W_Afhandelen leads,res_4d502259-de4c-4574-91b7-d3c939a9cf04,Role 1,2012-02-17 09:00:25.491697246,579,0,res_4d502259-de4c-4574-91b7-d3c939a9cf04,2012-02-17 08:56:49.726506246,0.0
Case184,W_Completeren aanvraag,res_d856942c-e08c-4dce-8114-31eacb6f69b7,Role 1,2012-02-17 10:43:50.671949046,588,1,res_d856942c-e08c-4dce-8114-31eacb6f69b7,2012-02-17 10:41:32.163504046,0.0
Case184,W_Completeren aanvraag,res_d5f36d0a-a64a-45e5-8850-daee823f6c96,Role 1,2012-02-17 15:30:31.263729046,592,1,res_d5f36d0a-a64a-45e5-8850-daee823f6c96,2012-02-17 15:28:41.811652046,0.0
Case185,W_Afhandelen leads,res_570add54-a9ce-40af-8ebf-c88ddafd5fef,Role 1,2012-02-17 09:09:31.269911737,580,0,res_570add54-a9ce-40af-8ebf-c88ddafd5fef,2012-02-17 09:05:55.762041737,0.0
Case185,W_Completeren aanvraag,res_6488ab10-d3ee-4b87-935d-302131660e4e,Role 1,2012-02-17 10:51:06.128794937,590,2,res_6488ab10-d3ee-4b87-935d-302131660e4e,2012-02-17 10:48:52.532055937,0.05128205128205128
Case186,W_Afhandelen leads,res_4d502259-de4c-4574-91b7-d3c939a9cf04,Role 1,2012-02-17 09:18:11.863424291,581,0,res_4d502259-de4c-4574-91b7-d3c939a9cf04,2012-02-17 09:14:36.611436291,0.0
Case186,W_Completeren aanvraag,res_59c642c1-18f5-484a-aed6-a023ede79a28,Role 1,2012-02-17 10:58:10.025899791,589,1,res_59c642c1-18f5-484a-aed6-a023ede79a28,2012-02-17 10:55:51.402389791,0.0
Case187,W_Completeren aanvraag,res_57e6001e-3d34-44ab-b1e6-21b6b1001542,Role 1,2012-02-17 09:26:05.795865272,582,1,res_57e6001e-3d34-44ab-b1e6-21b6b1001542,2012-02-17 09:22:51.267244272,0.0
Case187,W_Nabellen offertes,res_bae84d23-abe1-4580-a954-c8576ba025c9,Role 1,2012-02-17 10:16:12.803992672,586,1,res_bae84d23-abe1-4580-a954-c8576ba025c9,2012-02-17 10:14:11.018704672,0.0
Case187,W_Nabellen offertes,res_d856942c-e08c-4dce-8114-31eacb6f69b7,Role 1,2012-02-25 08:28:59.243844772,634,1,res_d856942c-e08c-4dce-8114-31eacb6f69b7,2012-02-25 08:27:17.756943772,0.0
Case187,W_Nabellen offertes,res_b42bc940-a579-4310-8bba-a668ba469508,Role 1,2012-02-28 08:27:51.302149171,613,1,res_b42bc940-a579-4310-8bba-a668ba469508,2012-02-28 08:16:20.034743172,0.0
Case188,W_Afhandelen leads,res_bb73aa9d-d45e-496a-a1ec-c9fe6e899287,Role 1,2012-02-17 09:32:24.714685199,583,0,res_bb73aa9d-d45e-496a-a1ec-c9fe6e899287,2012-02-17 09:28:49.917891199,0.0
Case188,W_Completeren aanvraag,res_bae84d23-abe1-4580-a954-c8576ba025c9,Role 1,2012-02-17 11:09:36.056147699,588,1,res_bae84d23-abe1-4580-a954-c8576ba025c9,2012-02-17 11:07:17.277225699,0.0
Case188,W_Nabellen offertes,res_d39cd18a-e6fc-4de4-b991-deff4ba6e82a,Role 1,2012-02-21 20:15:05.240220799,636,1,res_d39cd18a-e6fc-4de4-b991-deff4ba6e82a,2012-02-21 20:12:38.111421799,0.0
Case188,W_Nabellen offertes,res_1b3fa211-3349-4835-aae7-baccd0368824,Role 1,2012-02-24 13:22:52.683265099,635,1,res_1b3fa211-3349-4835-aae7-baccd0368824,2012-02-24 13:21:12.816689099,0.0
Case188,W_Nabellen offertes,res_408efd66-8ed2-49bc-94a8-733c7b98a934,Role 1,2012-02-26 13:18:43.120017299,637,1,res_408efd66-8ed2-49bc-94a8-733c7b98a934,2012-02-26 13:17:11.223290299,0.0
Case189,W_Completeren aanvraag,res_408efd66-8ed2-49bc-94a8-733c7b98a934,Role 1,2012-02-17 09:40:51.445639216,584,1,res_408efd66-8ed2-49bc-94a8-733c7b98a934,2012-02-17 09:37:37.819405216,0.0
Case19,W_Completeren aanvraag,res_843e228f-f915-4f9a-b2c1-ff974c62e207,Role 1,2012-02-14 08:48:43.091964662,534,1,res_843e228f-f915-4f9a-b2c1-ff974c62e207,2012-02-14 08:46:01.288133662,0.0
Case190,W_Completeren aanvraag,res_4c3013be-6589-47a8-a7c4-f99f2e4b9a48,Role 1,2012-02-17 09:41:46.518059374,585,2,res_4c3013be-6589-47a8-a7c4-f99f2e4b9a48,2012-02-17 09:38:41.288480374,0.02564102564102564
Case190,W_Completeren aanvraag,res_5724148e-e102-4421-a053-83c428a11f68,Role 1,2012-02-17 11:16:59.237287274,588,1,res_5724148e-e102-4421-a053-83c428a11f68,2012-02-17 11:14:48.779479274,0.0
Case190,W_Nabellen offertes,res_3efedec2-7c7d-4360-b422-dcf1d20a8bfd,Role 1,2012-02-21 23:11:46.047089574,636,1,res_3efedec2-7c7d-4360-b422-dcf1d20a8bfd,2012-02-21 23:09:50.721956574,0.02564102564102564
Case190,W_Nabellen offertes,res_4d502259-de4c-4574-91b7-d3c939a9cf04,Role 1,2012-02-24 13:55:46.641380074,634,1,res_4d502259-de4c-4574-91b7-d3c939a9cf04,2012-02-24 13:54:04.878435074,0.0
Case191,W_Completeren aanvraag,res_219a258e-f803-4016-b457-8c77c3b88a65,Role 1,2012-02-17 09:52:53.026402257,585,1,res_219a258e-f803-4016-b457-8c77c3b88a65,2012-02-17 09:49:40.157927257,0.0
Case191,W_Nabellen offertes,res_709ed04f-5b76-49c4-aeeb-ad921b6f6ca1,Role 1,2012-02-17 10:41:51.801144157,588,1,res_709ed04f-5b76-49c4-aeeb-ad921b6f6ca1,2012-02-17 10:39:50.359348157,0.0
Case191,W_Nabellen offertes,res_0fc057cb-3a7d-47d3-8cd2-6d92b33620c4,Role 1,2012-02-25 11:41:02.993146757,640,1,res_0fc057cb-3a7d-47d3-8cd2-6d92b33620c4,2012-02-25 11:39:25.241180757,0.02564102564102564
Case192,W_Completeren aanvraag,res_8a4ef218-abd5-42fa-9b05-623b7ba3c08b,Role 1,2012-02-17 10:06:10.027978107,586,1,res_8a4ef218-abd5-42fa-9b05-623b7ba3c08b,2012-02-17 10:02:58.054872107,0.0
Case192,W_Nabellen offertes,res_709ed04f-5b76-49c4-aeeb-ad921b6f6ca1,Role 1,2012-02-17 10:54:34.332591507,589,1,res_709ed04f-5b76-49c4-aeeb-ad921b6f6ca1,2012-02-17 10:52:32.806926507,0.02564102564102564
Case193,W_Afhandelen leads,res_40e4f4c6-1170-4ce1-ba24-0dfa2dd61b15,Role 1,2012-02-17 10:14:59.809000649,587,0,res_40e4f4c6-1170-4ce1-ba24-0dfa2dd61b15,2012-02-17 10:11:27.822364649,0.02564102564102564
Case193,W_Completeren aanvraag,res_40e4f4c6-1170-4ce1-ba24-0dfa2dd61b15,Role 1,2012-02-17 11:44:06.165922849,589,1,res_40e4f4c6-1170-4ce1-ba24-0dfa2dd61b15,2012-02-17 11:41:47.159733849,0.0
Case193,W_Nabellen offertes,res_bae84d23-abe1-4580-a954-c8576ba025c9,Role 1,2012-02-22 08:53:14.972399849,634,1,res_bae84d23-abe1-4580-a954-c8576ba025c9,2012-02-22 08:51:30.284136849,0.0
Case194,W_Afhandelen leads,res_4ea7e99f-9f77-43d0-af71-4b2253ae6764,Role 1,2012-02-17 10:31:03.139023675,588,0,res_4ea7e99f-9f77-43d0-af71-4b2253ae6764,2012-02-17 10:27:31.947839675,0.02564102564102564
Case194,W_Completeren aanvraag,res_843e228f-f915-4f9a-b2c1-ff974c62e207,Role 1,2012-02-17 11:57:23.627340875,590,1,res_843e228f-f915-4f9a-b2c1-ff974c62e207,2012-02-17 11:55:04.194572875,0.0
Case195,W_Completeren aanvraag,res_59c642c1-18f5-484a-aed6-a023ede79a28,Role 1,2012-02-17 10:41:20.834159447,589,1,res_59c642c1-18f5-484a-aed6-a023ede79a28,2012-02-17 10:38:11.675819447,0.0
Case195,W_Completeren aanvraag,res_b70af2ff-820e-4016-a03c-831214a09681,Role 1,2012-02-17 12:03:45.448180347,589,1,res_b70af2ff-820e-4016-a03c-831214a09681,2012-02-17 12:01:31.079774347,0.0
Case195,W_Completeren aanvraag,res_bb73aa9d-d45e-496a-a1ec-c9fe6e899287,Role 1,2012-02-17 16:40:27.321459647,594,2,res_bb73aa9d-d45e-496a-a1ec-c9fe6e899287,2012-02-17 16:38:40.967773647,0.02564102564102564
Case196,W_Afhandelen leads,res_57e6001e-3d34-44ab-b1e6-21b6b1001542,Role 1,2012-02-17 10:42:16.434653119,590,0,res_57e6001e-3d34-44ab-b1e6-21b6b1001542,2012-02-17 10:38:45.928971120,0.02564102564102564
Case196,W_Completeren aanvraag,res_4c3013be-6589-47a8-a7c4-f99f2e4b9a48,Role 1,2012-02-17 12:06:49.886248920,589,1,res_4c3013be-6589-47a8-a7c4-f99f2e4b9a48,2012-02-17 12:04:30.148600920,0.0
Case196,W_Completeren aanvraag,res_3efedec2-7c7d-4360-b422-dcf1d20a8bfd,Role 1,2012-02-17 16:49:54.115721820,593,2,res_3efedec2-7c7d-4360-b422-dcf1d20a8bfd,2012-02-17 16:48:06.162675820,0.02564102564102564
Case196,W_Nabellen offertes,res_a60942a0-f9c4-436b-a4d0-6eeb41b2f0f2,Role 1,2012-02-19 21:20:05.591632920,600,1,res_a60942a0-f9c4-436b-a4d0-6eeb41b2f0f2,2012-02-19 21:18:29.661970920,0.0
Case196,W_Nabellen offertes,res_7b435aaa-ab1b-4205-92d4-81495e1b2d15,Role 1,2012-02-22 17:20:04.068478920,625,1,res_7b435aaa-ab1b-4205-92d4-81495e1b2d15,2012-02-22 17:08:26.876004920,0.0
Case197,W_Afhandelen leads,res_bb73aa9d-d45e-496a-a1ec-c9fe6e899287,Role 1,2012-02-17 10:56:52.294566052,588,0,res_bb73aa9d-d45e-496a-a1ec-c9fe6e899287,2012-02-17 10:53:21.399230052,0.0
Case197,W_Completeren aanvraag,res_59c642c1-18f5-484a-aed6-a023ede79a28,Role 1,2012-02-17 12:19:07.430926452,591,2,res_59c642c1-18f5-484a-aed6-a023ede79a28,2012-02-17 12:16:50.725669452,0.02564102564102564
Case198,W_Completeren aanvraag,res_f8049b85-d52c-466e-8778-58e1f3f71604,Role 1,2012-02-17 11:12:26.625926891,589,1,res_f8049b85-d52c-466e-8778-58e1f3f71604,2012-02-17 11:09:20.487476891,0.0
Case199,W_Afhandelen leads,res_08871a3e-f393-4f22-a0a4-e36c9d59a78e,Role 1,2012-02-17 11:22:19.614882680,589,0,res_08871a3e-f393-4f22-a0a4-e36c9d59a78e,2012-02-17 11:18:50.701707680,0.0
Case199,W_Completeren aanvraag,res_219a258e-f803-4016-b457-8c77c3b88a65,Role 1,2012-02-17 12:41:18.952418680,590,1,res_219a258e-f803-4016-b457-8c77c3b88a65,2012-02-17 12:38:57.425099680,0.0
Case199,W_Nabellen offertes,res_4ea7e99f-9f77-43d0-af71-4b2253ae6764,Role 1,2012-02-23 00:35:48.826610380,632,1,res_4ea7e99f-9f77-43d0-af71-4b2253ae6764,2012-02-23 00:33:51.751177380,0.0
Case199,W_Nabellen offertes,res_230c0182-4111-4506-bfd5-9b0719b08311,Role 1,2012-02-25 14:34:53.121406480,641,1,res_230c0182-4111-4506-bfd5-9b0719b08311,2012-02-25 14:33:14.523089480,0.0
Case199,W_Nabellen offertes,res_bb73aa9d-d45e-496a-a1ec-c9fe6e899287,Role 1,2012-02-28 11:25:01.538901380,621,2,res_bb73aa9d-d45e-496a-a1ec-c9fe6e899287,2012-02-28 11:18:09.770069380,0.02564102564102564
Case2,W_Completeren aanvraag,res_8a4ef218-abd5-42fa-9b05-623b7ba3c08b,Role 1,2012-02-13 19:13:16.010183322,521,1,res_8a4ef218-abd5-42fa-9b05-623b7ba3c08b,2012-02-13 19:10:43.757762322,0.0
Case2,W_Completeren aanvraag,res_59c642c1-18f5-484a-aed6-a023ede79a28,Role 1,2012-02-13 20:09:31.105798122,524,1,res_59c642c1-18f5-484a-aed6-a023ede79a28,2012-02-13 20:07:04.729796122,0.05128205128205128
Case2,W_Nabellen offertes,res_6488ab10-d3ee-4b87-935d-302131660e4e,Role 1,2012-02-16 15:58:01.921396522,571,2,res_6488ab10-d3ee-4b87-935d-302131660e4e,2012-02-16 15:54:46.923706522,0.05128205128205128
Case20,W_Completeren aanvraag,res_230c0182-4111-4506-bfd5-9b0719b08311,Role 1,2012-02-14 08:53:39.191421069,534,1,res_230c0182-4111-4506-bfd5-9b0719b08311,2012-02-14 08:50:57.477151069,0.0
Case20,W_Completeren aanvraag,res_08871a3e-f393-4f22-a0a4-e36c9d59a78e,Role 1,2012-02-14 11:16:45.017060669,538,1,res_08871a3e-f393-4f22-a0a4-e36c9d59a78e,2012-02-14 11:14:24.972188669,0.0
Case20,W_Nabellen offertes,res_b70af2ff-820e-4016-a03c-831214a09681,Role 1,2012-02-15 09:15:58.508799869,545,1,res_b70af2ff-820e-4016-a03c-831214a09681,2012-02-15 09:12:55.474925869,0.0
Case20,W_Nabellen offertes,res_5724148e-e102-4421-a053-83c428a11f68,Role 1,2012-02-21 05:46:06.899906169,626,1,res_5724148e-e102-4421-a053-83c428a11f68,2012-02-21 05:44:22.483733169,0.0
Case20,W_Nabellen offertes,res_4d502259-de4c-4574-91b7-d3c939a9cf04,Role 1,2012-02-22 18:25:52.608225069,629,1,res_4d502259-de4c-4574-91b7-d3c939a9cf04,2012-02-22 18:24:16.030905069,0.0
Case20,W_Nabellen offertes,res_0fc057cb-3a7d-47d3-8cd2-6d92b33620c4,Role 1,2012-02-24 13:42:37.708265269,643,1,res_0fc057cb-3a7d-47d3-8cd2-6d92b33620c4,2012-02-24 13:40:55.990930269,0.0
Case20,W_Nabellen offertes,res_57e6001e-3d34-44ab-b1e6-21b6b1001542,Role 1,2012-02-26 04:57:03.724771769,643,1,res_57e6001e-3d34-44ab-b1e6-21b6b1001542,2012-02-26 04:54:58.236161769,0.0
Case200,W_Afhandelen leads,res_4ea7e99f-9f77-43d0-af71-4b2253ae6764,Role 1,2012-02-17 11:41:10.206661158,590,0,res_4ea7e99f-9f77-43d0-af71-4b2253ae6764,2012-02-17 11:37:43.070604158,0.0
Case200,W_Completeren aanvraag,res_bb73aa9d-d45e-496a-a1ec-c9fe6e899287,Role 1,2012-02-17 12:57:27.631650058,592,1,res_bb73aa9d-d45e-496a-a1ec-c9fe6e899287,2012-02-17 12:55:05.526571058,0.0
Case201,W_Completeren aanvraag,res_59c642c1-18f5-484a-aed6-a023ede79a28,Role 1,2012-02-17 11:42:34.489200638,591,1,res_59c642c1-18f5-484a-aed6-a023ede79a28,2012-02-17 11:39:32.882178638,0.02564102564102564
Case202,W_Completeren aanvraag,res_08871a3e-f393-4f22-a0a4-e36c9d59a78e,Role 1,2012-02-17 12:01:15.709497391,590,2,res_08871a3e-f393-4f22-a0a4-e36c9d59a78e,2012-02-17 11:58:27.265966391,0.02564102564102564
Case202,W_Nabellen offertes,res_bae84d23-abe1-4580-a954-c8576ba025c9,Role 1,2012-02-17 12:44:54.739644091,591,1,res_bae84d23-abe1-4580-a954-c8576ba025c9,2012-02-17 12:42:53.296388091,0.02564102564102564
Case202,W_Nabellen offertes,res_709ed04f-5b76-49c4-aeeb-ad921b6f6ca1,Role 1,2012-02-26 05:12:47.635858091,635,1,res_709ed04f-5b76-49c4-aeeb-ad921b6f6ca1,2012-02-26 05:10:53.989823091,0.0
Case203,W_Completeren aanvraag,res_b42bc940-a579-4310-8bba-a668ba469508,Role 1,2012-02-17 12:12:16.778618175,591,1,res_b42bc940-a579-4310-8bba-a668ba469508,2012-02-17 12:09:18.075848175,0.0
Case203,W_Nabellen offertes,res_dec66574-3de2-4d20-a02f-ab348539e500,Role 1,2012-02-17 12:55:32.341912475,592,1,res_dec66574-3de2-4d20-a02f-ab348539e500,2012-02-17 12:53:29.777457475,0.02564102564102564
Case203,W_Nabellen offertes,res_4ea7e99f-9f77-43d0-af71-4b2253ae6764,Role 1,2012-02-26 04:34:17.348951475,638,1,res_4ea7e99f-9f77-43d0-af71-4b2253ae6764,2012-02-26 04:32:14.138581475,0.0
Case204,W_Completeren aanvraag,res_570add54-a9ce-40af-8ebf-c88ddafd5fef,Role 1,2012-02-17 12:23:47.421529093,591,1,res_570add54-a9ce-40af-8ebf-c88ddafd5fef,2012-02-17 12:20:50.191001093,0.0
Case205,W_Completeren aanvraag,res_6488ab10-d3ee-4b87-935d-302131660e4e,Role 1,2012-02-17 12:41:24.095872038,591,1,res_6488ab10-d3ee-4b87-935d-302131660e4e,2012-02-17 12:38:29.016366038,0.0
Case205,W_Completeren aanvraag,res_1d01c37d-a137-4a7e-8f12-e8c97f0c7f2b,Role 1,2012-02-17 13:52:47.913845838,592,1,res_1d01c37d-a137-4a7e-8f12-e8c97f0c7f2b,2012-02-17 13:50:28.681490838,0.0
Case205,W_Nabellen offertes,res_1b9a0c06-ad62-425d-8a95-45a175c5555c,Role 1,2012-02-23 10:27:42.275836338,642,1,res_1b9a0c06-ad62-425d-8a95-45a175c5555c,2012-02-23 10:26:00.373241338,0.0
Case206,W_Afhandelen leads,res_dec66574-3de2-4d20-a02f-ab348539e500,Role 1,2012-02-17 12:42:56.519222022,592,0,res_dec66574-3de2-4d20-a02f-ab348539e500,2012-02-17 12:39:38.530115022,0.05128205128205128
Case206,W_Completeren aanvraag,res_5724148e-e102-4421-a053-83c428a11f68,Role 1,2012-02-17 13:54:29.376617522,592,2,res_5724148e-e102-4421-a053-83c428a11f68,2012-02-17 13:52:10.695572522,0.02564102564102564
Case206,W_Nabellen offertes,res_d856942c-e08c-4dce-8114-31eacb6f69b7,Role 1,2012-02-23 13:59:46.950881822,640,1,res_d856942c-e08c-4dce-8114-31eacb6f69b7,2012-02-23 13:57:54.540026822,0.0
Case206,W_Nabellen offertes,res_b70af2ff-820e-4016-a03c-831214a09681,Role 1,2012-02-26 01:37:35.666462722,640,1,res_b70af2ff-820e-4016-a03c-831214a09681,2012-02-26 01:35:31.640162722,0.0
Case207,W_Completeren aanvraag,res_1d01c37d-a137-4a7e-8f12-e8c97f0c7f2b,Role 1,2012-02-17 13:00:09.308616329,592,1,res_1d01c37d-a137-4a7e-8f12-e8c97f0c7f2b,2012-02-17 12:57:16.348034329,0.0
Case207,W_Nabellen offertes,res_1b9a0c06-ad62-425d-8a95-45a175c5555c,Role 1,2012-02-17 13:41:43.288877229,593,1,res_1b9a0c06-ad62-425d-8a95-45a175c5555c,2012-02-17 13:39:39.666605229,0.0
Case208,W_Afhandelen leads,res_6488ab10-d3ee-4b87-935d-302131660e4e,Role 1,2012-02-17 13:17:47.493511338,593,0,res_6488ab10-d3ee-4b87-935d-302131660e4e,2012-02-17 13:14:29.987258339,0.0
Case208,W_Completeren aanvraag,res_408efd66-8ed2-49bc-94a8-733c7b98a934,Role 1,2012-02-17 14:27:20.019866239,591,1,res_408efd66-8ed2-49bc-94a8-733c7b98a934,2012-02-17 14:24:55.035501239,0.0
Case208,W_Nabellen offertes,res_13020984-8d57-4f3c-8ba3-5a323081e70b,Role 1,2012-02-23 18:22:54.928680539,635,1,res_13020984-8d57-4f3c-8ba3-5a323081e70b,2012-02-23 18:19:09.432504539,0.0
Case209,W_Completeren aanvraag,res_408efd66-8ed2-49bc-94a8-733c7b98a934,Role 1,2012-02-17 13:30:50.173600837,594,1,res_408efd66-8ed2-49bc-94a8-733c7b98a934,2012-02-17 13:27:59.973550837,0.0
Case21,W_Completeren aanvraag,res_59c642c1-18f5-484a-aed6-a023ede79a28,Role 1,2012-02-14 09:01:42.580462038,535,1,res_59c642c1-18f5-484a-aed6-a023ede79a28,2012-02-14 08:59:01.051057038,0.0
Case21,W_Nabellen offertes,res_3efedec2-7c7d-4360-b422-dcf1d20a8bfd,Role 1,2012-02-14 10:01:59.735898538,539,1,res_3efedec2-7c7d-4360-b422-dcf1d20a8bfd,2012-02-14 09:59:38.983749538,0.02564102564102564
Case21,W_Nabellen offertes,res_709ed04f-5b76-49c4-aeeb-ad921b6f6ca1,Role 1,2012-02-21 11:37:07.172190938,640,1,res_709ed04f-5b76-49c4-aeeb-ad921b6f6ca1,2012-02-21 11:35:26.822191938,0.0
Case210,W_Completeren aanvraag,res_5a3eddbb-0eb4-49ac-9904-07583235092c,Role 1,2012-02-17 13:41:18.223073597,593,1,res_5a3eddbb-0eb4-49ac-9904-07583235092c,2012-02-17 13:38:28.619628597,0.0
Case210,W_Nabellen offertes,res_dec66574-3de2-4d20-a02f-ab348539e500,Role 1,2012-02-17 14:20:16.008632797,593,1,res_dec66574-3de2-4d20-a02f-ab348539e500,2012-02-17 14:18:11.573885797,0.02564102564102564
Case211,W_Completeren aanvraag,res_7b435aaa-ab1b-4205-92d4-81495e1b2d15,Role 1,2012-02-17 13:42:33.294333417,594,2,res_7b435aaa-ab1b-4205-92d4-81495e1b2d15,2012-02-17 13:39:55.259953417,0.02564102564102564
Case212,W_Completeren aanvraag,res_13020984-8d57-4f3c-8ba3-5a323081e70b,Role 1,2012-02-17 13:57:44.733902284,593,1,res_13020984-8d57-4f3c-8ba3-5a323081e70b,2012-02-17 13:54:55.916353284,0.0
Case213,W_Completeren aanvraag,res_f8049b85-d52c-466e-8778-58e1f3f71604,Role 1,2012-02-17 14:14:51.823836469,593,1,res_f8049b85-d52c-466e-8778-58e1f3f71604,2012-02-17 14:12:03.510903469,0.0
Case214,W_Afhandelen leads,res_843e228f-f915-4f9a-b2c1-ff974c62e207,Role 1,2012-02-17 14:32:44.828915403,592,0,res_843e228f-f915-4f9a-b2c1-ff974c62e207,2012-02-17 14:29:31.254366403,0.02564102564102564
Case214,W_Completeren aanvraag,res_9a47d014-a019-4396-9e72-1d1379a66c99,Role 1,2012-02-17 15:39:25.775230003,594,1,res_9a47d014-a019-4396-9e72-1d1379a66c99,2012-02-17 15:36:58.683014003,0.0
Case215,W_Completeren aanvraag,res_dec66574-3de2-4d20-a02f-ab348539e500,Role 1,2012-02-17 14:41:46.547074279,593,1,res_dec66574-3de2-4d20-a02f-ab348539e500,2012-02-17 14:38:58.446260279,0.0
Case216,W_Completeren aanvraag,res_0fc057cb-3a7d-47d3-8cd2-6d92b33620c4,Role 1,2012-02-17 14:42:47.450360274,594,3,res_0fc057cb-3a7d-47d3-8cd2-6d92b33620c4,2012-02-17 14:40:19.041911274,0.05128205128205128
Case216,W_Completeren aanvraag,res_bb73aa9d-d45e-496a-a1ec-c9fe6e899287,Role 1,2012-02-17 15:49:00.874826774,595,2,res_bb73aa9d-d45e-496a-a1ec-c9fe6e899287,2012-02-17 15:46:51.904429774,0.05128205128205128
Case216,W_Completeren aanvraag,res_08871a3e-f393-4f22-a0a4-e36c9d59a78e,Role 1,2012-02-17 18:55:43.171876774,594,1,res_08871a3e-f393-4f22-a0a4-e36c9d59a78e,2012-02-17 18:53:57.845139774,0.0
Case217,W_Afhandelen leads,res_709ed04f-5b76-49c4-aeeb-ad921b6f6ca1,Role 1,2012-02-17 14:57:50.990948369,593,0,res_709ed04f-5b76-49c4-aeeb-ad921b6f6ca1,2012-02-17 14:54:37.385594369,0.02564102564102564
Case217,W_Completeren aanvraag,res_4bfd217b-a1fe-4479-a77c-aded82769086,Role 1,2012-02-17 16:04:09.366475768,595,1,res_4bfd217b-a1fe-4479-a77c-aded82769086,2012-02-17 16:01:41.362354769,0.0
Case218,W_Afhandelen leads,res_6488ab10-d3ee-4b87-935d-302131660e4e,Role 1,2012-02-17 15:16:00.542927800,593,0,res_6488ab10-d3ee-4b87-935d-302131660e4e,2012-02-17 15:12:45.426882800,0.0
Case218,W_Completeren aanvraag,res_219a258e-f803-4016-b457-8c77c3b88a65,Role 1,2012-02-17 16:22:17.196208900,593,1,res_219a258e-f803-4016-b457-8c77c3b88a65,2012-02-17 16:19:48.222300900,0.0
Case218,W_Nabellen offertes,res_d5f36d0a-a64a-45e5-8850-daee823f6c96,Role 1,2012-02-24 06:39:56.185632300,643,1,res_d5f36d0a-a64a-45e5-8850-daee823f6c96,2012-02-24 06:38:08.040139300,0.0
Case218,W_Nabellen offertes,res_9a47d014-a019-4396-9e72-1d1379a66c99,Role 1,2012-02-27 12:14:57.674172600,617,1,res_9a47d014-a019-4396-9e72-1d1379a66c99,2012-02-27 12:13:21.647632600,0.0
Case218,W_Nabellen offertes,res_219a258e-f803-4016-b457-8c77c3b88a65,Role 1,2012-02-29 14:32:59.078040600,640,1,res_219a258e-f803-4016-b457-8c77c3b88a65,2012-02-29 14:30:33.812665600,0.0
Case218,W_Nabellen offertes,res_d5f36d0a-a64a-45e5-8850-daee823f6c96,Role 1,2012-03-02 03:13:49.078161500,629,1,res_d5f36d0a-a64a-45e5-8850-daee823f6c96,2012-03-02 03:12:21.307658500,0.0
Case218,W_Nabellen offertes,res_0ba00481-2705-40d0-b647-5ea4bd04a214,Role 1,2012-03-03 20:56:40.259932400,615,1,res_0ba00481-2705-40d0-b647-5ea4bd04a214,2012-03-03 20:52:35.276241400,0.0
Case218,W_Nabellen offertes,res_1b9a0c06-ad62-425d-8a95-45a175c5555c,Role 1,2012-03-05 15:47:56.287804000,624,1,res_1b9a0c06-ad62-425d-8a95-45a175c5555c,2012-03-05 15:45:57.115154000,0.0
Case218,W_Nabellen offertes,res_219a258e-f803-4016-b457-8c77c3b88a65,Role 1,2012-03-07 08:11:21.048928400,626,1,res_219a258e-f803-4016-b457-8c77c3b88a65,2012-03-07 08:09:44.718966400,0.0
Case219,W_Completeren aanvraag,res_7c2a7682-7073-471d-9707-2acad2b806ab,Role 1,2012-02-17 15:31:07.342867066,594,1,res_7c2a7682-7073-471d-9707-2acad2b806ab,2012-02-17 15:28:18.321543066,0.0
Case219,W_Nabellen offertes,res_3efedec2-7c7d-4360-b422-dcf1d20a8bfd,Role 1,2012-02-17 16:07:14.084998166,594,1,res_3efedec2-7c7d-4360-b422-dcf1d20a8bfd,2012-02-17 16:05:06.518193166,0.02564102564102564
Case22,W_Completeren aanvraag,res_219a258e-f803-4016-b457-8c77c3b88a65,Role 1,2012-02-14 09:07:51.143748339,536,1,res_219a258e-f803-4016-b457-8c77c3b88a65,2012-02-14 09:05:09.776160339,0.0
Case220,W_Afhandelen leads,res_9a47d014-a019-4396-9e72-1d1379a66c99,Role 1,2012-02-17 15:43:21.082416545,594,0,res_9a47d014-a019-4396-9e72-1d1379a66c99,2012-02-17 15:40:05.548380546,0.0
Case220,W_Completeren aanvraag,res_d39cd18a-e6fc-4de4-b991-deff4ba6e82a,Role 1,2012-02-17 16:49:52.435600346,595,2,res_d39cd18a-e6fc-4de4-b991-deff4ba6e82a,2012-02-17 16:47:26.853310346,0.02564102564102564
Case220,W_Nabellen offertes,res_9a47d014-a019-4396-9e72-1d1379a66c99,Role 1,2012-02-24 04:45:48.517048046,642,1,res_9a47d014-a019-4396-9e72-1d1379a66c99,2012-02-24 04:43:59.710416046,0.0
Case221,W_Completeren aanvraag,res_0fc057cb-3a7d-47d3-8cd2-6d92b33620c4,Role 1,2012-02-17 15:43:35.045041681,595,1,res_0fc057cb-3a7d-47d3-8cd2-6d92b33620c4,2012-02-17 15:40:46.853651681,0.02564102564102564
Case221,W_Completeren aanvraag,res_08871a3e-f393-4f22-a0a4-e36c9d59a78e,Role 1,2012-02-17 16:49:56.067489981,595,3,res_08871a3e-f393-4f22-a0a4-e36c9d59a78e,2012-02-17 16:47:40.819603981,0.05128205128205128
Case221,W_Nabellen offertes,res_59c642c1-18f5-484a-aed6-a023ede79a28,Role 1,2012-02-24 11:32:59.709625081,637,1,res_59c642c1-18f5-484a-aed6-a023ede79a28,2012-02-24 11:31:16.170400081,0.02564102564102564
Case222,W_Completeren aanvraag,res_1b9a0c06-ad62-425d-8a95-45a175c5555c,Role 1,2012-02-17 16:06:59.571080992,594,1,res_1b9a0c06-ad62-425d-8a95-45a175c5555c,2012-02-17 16:04:09.217978992,0.0
Case222,W_Completeren aanvraag,res_4ea7e99f-9f77-43d0-af71-4b2253ae6764,Role 1,2012-02-17 17:14:03.568261092,595,1,res_4ea7e99f-9f77-43d0-af71-4b2253ae6764,2012-02-17 17:11:34.833088092,0.0
Case222,W_Completeren aanvraag,res_7c2a7682-7073-471d-9707-2acad2b806ab,Role 1,2012-02-17 20:52:22.440185592,595,1,res_7c2a7682-7073-471d-9707-2acad2b806ab,2012-02-17 20:50:32.792063592,0.0
Case223,W_Completeren aanvraag,res_a400b893-c7da-495f-bf62-a744eeccb8c5,Role 1,2012-02-17 16:29:55.658520092,594,1,res_a400b893-c7da-495f-bf62-a744eeccb8c5,2012-02-17 16:27:04.381274092,0.0
Case223,W_Nabellen offertes,res_8a4ef218-abd5-42fa-9b05-623b7ba3c08b,Role 1,2012-02-17 17:03:34.326574192,595,1,res_8a4ef218-abd5-42fa-9b05-623b7ba3c08b,2012-02-17 17:01:23.859990192,0.0
Case223,W_Nabellen offertes,res_8a4ef218-abd5-42fa-9b05-623b7ba3c08b,Role 1,2012-02-26 09:36:50.018587392,639,1,res_8a4ef218-abd5-42fa-9b05-623b7ba3c08b,2012-02-26 09:35:12.131620392,0.0
Case223,W_Nabellen offertes,res_3efedec2-7c7d-4360-b422-dcf1d20a8bfd,Role 1,2012-02-29 15:51:54.322067992,639,1,res_3efedec2-7c7d-4360-b422-dcf1d20a8bfd,2012-02-29 15:50:04.787323992,0.0
Case224,W_Completeren aanvraag,res_dec66574-3de2-4d20-a02f-ab348539e500,Role 1,2012-02-17 16:43:49.299194251,595,1,res_dec66574-3de2-4d20-a02f-ab348539e500,2012-02-17 16:40:57.538816251,0.0
Case225,W_Afhandelen leads,res_1b3fa211-3349-4835-aae7-baccd0368824,Role 1,2012-02-17 16:45:24.201692784,596,0,res_1b3fa211-3349-4835-aae7-baccd0368824,2012-02-17 16:42:11.082347784,0.07692307692307693
Case225,W_Completeren aanvraag,res_7c2a7682-7073-471d-9707-2acad2b806ab,Role 1,2012-02-17 17:54:10.709691284,595,1,res_7c2a7682-7073-471d-9707-2acad2b806ab,2012-02-17 17:51:39.067483284,0.0
Case226,W_Afhandelen leads,res_4bfd217b-a1fe-4479-a77c-aded82769086,Role 1,2012-02-17 17:44:28.962057734,595,0,res_4bfd217b-a1fe-4479-a77c-aded82769086,2012-02-17 17:41:11.246317734,0.0
Case226,W_Completeren aanvraag,res_408efd66-8ed2-49bc-94a8-733c7b98a934,Role 1,2012-02-17 18:57:13.463499934,595,1,res_408efd66-8ed2-49bc-94a8-733c7b98a934,2012-02-17 18:54:39.270480934,0.0
Case227,W_Completeren aanvraag,res_570add54-a9ce-40af-8ebf-c88ddafd5fef,Role 1,2012-02-17 17:45:05.491117618,596,1,res_570add54-a9ce-40af-8ebf-c88ddafd5fef,2012-02-17 17:42:12.700501618,0.02564102564102564
Case228,W_Completeren aanvraag,res_f8049b85-d52c-466e-8778-58e1f3f71604,Role 1,2012-02-17 18:20:17.923298046,594,1,res_f8049b85-d52c-466e-8778-58e1f3f71604,2012-02-17 18:17:23.299112046,0.0
Case228,W_Completeren aanvraag,res_1b3fa211-3349-4835-aae7-baccd0368824,Role 1,2012-02-17 19:36:10.594747546,595,1,res_1b3fa211-3349-4835-aae7-baccd0368824,2012-02-17 19:33:34.413698546,0.0
Case229,W_Completeren aanvraag,res_5724148e-e102-4421-a053-83c428a11f68,Role 1,2012-02-17 18:44:52.185042615,594,1,res_5724148e-e102-4421-a053-83c428a11f68,2012-02-17 18:41:57.192079615,0.0
Case229,W_Completeren aanvraag,res_d39cd18a-e6fc-4de4-b991-deff4ba6e82a,Role 1,2012-02-17 20:02:47.468634815,596,1,res_d39cd18a-e6fc-4de4-b991-deff4ba6e82a,2012-02-17 20:00:10.115670815,0.0
Case229,W_Completeren aanvraag,res_6488ab10-d3ee-4b87-935d-302131660e4e,Role 1,2012-02-18 10:12:04.822732715,591,1,res_6488ab10-d3ee-4b87-935d-302131660e4e,2012-02-18 10:10:12.545696715,0.0
Case229,W_Nabellen offertes,res_8a4ef218-abd5-42fa-9b05-623b7ba3c08b,Role 1,2012-02-19 09:34:04.652138815,599,1,res_8a4ef218-abd5-42fa-9b05-623b7ba3c08b,2012-02-19 09:30:55.050609815,0.0
Case23,W_Afhandelen leads,res_4d502259-de4c-4574-91b7-d3c939a9cf04,Role 1,2012-02-14 09:09:05.841069761,537,0,res_4d502259-de4c-4574-91b7-d3c939a9cf04,2012-02-14 09:06:04.178224761,0.02564102564102564
Case23,W_Completeren aanvraag,res_d39cd18a-e6fc-4de4-b991-deff4ba6e82a,Role 1,2012-02-14 11:28:18.252318761,540,1,res_d39cd18a-e6fc-4de4-b991-deff4ba6e82a,2012-02-14 11:25:54.208830761,0.0
Case230,W_Afhandelen leads,res_a60942a0-f9c4-436b-a4d0-6eeb41b2f0f2,Role 1,2012-02-17 18:45:42.862705463,595,0,res_a60942a0-f9c4-436b-a4d0-6eeb41b2f0f2,2012-02-17 18:42:25.400557463,0.02564102564102564
Case230,W_Completeren aanvraag,res_13020984-8d57-4f3c-8ba3-5a323081e70b,Role 1,2012-02-17 20:03:52.405388163,596,2,res_13020984-8d57-4f3c-8ba3-5a323081e70b,2012-02-17 20:01:20.605153163,0.02564102564102564
Case231,W_Completeren aanvraag,res_a400b893-c7da-495f-bf62-a744eeccb8c5,Role 1,2012-02-17 19:24:28.018589689,595,1,res_a400b893-c7da-495f-bf62-a744eeccb8c5,2012-02-17 19:21:32.748892689,0.0
Case231,W_Nabellen offertes,res_59c642c1-18f5-484a-aed6-a023ede79a28,Role 1,2012-02-17 19:52:09.425971489,596,1,res_59c642c1-18f5-484a-aed6-a023ede79a28,2012-02-17 19:49:49.842253489,0.0
Case231,W_Nabellen offertes,res_bae84d23-abe1-4580-a954-c8576ba025c9,Role 1,2012-02-24 21:35:44.646363488,628,1,res_bae84d23-abe1-4580-a954-c8576ba025c9,2012-02-24 21:29:12.520932489,0.0
Case232,W_Afhandelen leads,res_843e228f-f915-4f9a-b2c1-ff974c62e207,Role 1,2012-02-17 19:44:43.550895776,595,0,res_843e228f-f915-4f9a-b2c1-ff974c62e207,2012-02-17 19:41:24.557081776,0.0
Case232,W_Completeren aanvraag,res_5a3eddbb-0eb4-49ac-9904-07583235092c,Role 1,2012-02-17 21:08:25.868544876,595,1,res_5a3eddbb-0eb4-49ac-9904-07583235092c,2012-02-17 21:05:49.313501876,0.0
Case232,W_Nabellen offertes,res_a60942a0-f9c4-436b-a4d0-6eeb41b2f0f2,Role 1,2012-02-26 00:50:43.938671676,640,1,res_a60942a0-f9c4-436b-a4d0-6eeb41b2f0f2,2012-02-26 00:48:20.424550676,0.0
Case232,W_Nabellen offertes,res_13020984-8d57-4f3c-8ba3-5a323081e70b,Role 1,2012-02-29 07:51:53.112505776,635,1,res_13020984-8d57-4f3c-8ba3-5a323081e70b,2012-02-29 07:47:40.072368776,0.0
Case232,W_Nabellen offertes,res_1b3fa211-3349-4835-aae7-baccd0368824,Role 1,2012-03-01 19:42:45.946886075,627,1,res_1b3fa211-3349-4835-aae7-baccd0368824,2012-03-01 19:41:02.433031076,0.0
Case233,W_Completeren aanvraag,res_d856942c-e08c-4dce-8114-31eacb6f69b7,Role 1,2012-02-17 19:45:54.754914332,596,1,res_d856942c-e08c-4dce-8114-31eacb6f69b7,2012-02-17 19:43:00.264417332,0.02564102564102564
Case233,W_Nabellen offertes,res_b70af2ff-820e-4016-a03c-831214a09681,Role 1,2012-02-17 20:12:37.510219531,595,1,res_b70af2ff-820e-4016-a03c-831214a09681,2012-02-17 20:10:17.396393531,0.0
Case233,W_Nabellen offertes,res_4c3013be-6589-47a8-a7c4-f99f2e4b9a48,Role 1,2012-02-24 00:41:18.273093932,638,1,res_4c3013be-6589-47a8-a7c4-f99f2e4b9a48,2012-02-24 00:38:58.605757932,0.0
Case233,W_Nabellen offertes,res_bb73aa9d-d45e-496a-a1ec-c9fe6e899287,Role 1,2012-02-27 20:06:10.086000332,615,1,res_bb73aa9d-d45e-496a-a1ec-c9fe6e899287,2012-02-27 20:04:36.079840332,0.0
Case233,W_Nabellen offertes,res_08871a3e-f393-4f22-a0a4-e36c9d59a78e,Role 1,2012-03-01 02:32:51.207528832,626,2,res_08871a3e-f393-4f22-a0a4-e36c9d59a78e,2012-03-01 02:31:21.939934832,0.02564102564102564
Case234,W_Completeren aanvraag,res_0ba00481-2705-40d0-b647-5ea4bd04a214,Role 1,2012-02-17 20:42:09.495191105,595,1,res_0ba00481-2705-40d0-b647-5ea4bd04a214,2012-02-17 20:39:14.199857105,0.0
Case234,W_Nabellen offertes,res_a400b893-c7da-495f-bf62-a744eeccb8c5,Role 1,2012-02-17 21:04:59.784939205,595,1,res_a400b893-c7da-495f-bf62-a744eeccb8c5,2012-02-17 21:02:37.581359205,0.02564102564102564
Case235,W_Afhandelen leads,res_9a47d014-a019-4396-9e72-1d1379a66c99,Role 1,2012-02-18 08:59:37.465950269,592,0,res_9a47d014-a019-4396-9e72-1d1379a66c99,2012-02-18 08:56:19.048449269,0.0
Case235,W_Completeren aanvraag,res_a60942a0-f9c4-436b-a4d0-6eeb41b2f0f2,Role 1,2012-02-18 10:56:42.250483269,600,1,res_a60942a0-f9c4-436b-a4d0-6eeb41b2f0f2,2012-02-18 10:54:27.794263269,0.0
Case235,W_Completeren aanvraag,res_570add54-a9ce-40af-8ebf-c88ddafd5fef,Role 1,2012-02-18 15:06:29.685704069,602,1,res_570add54-a9ce-40af-8ebf-c88ddafd5fef,2012-02-18 15:04:41.000950069,0.0
Case235,W_Completeren aanvraag,res_1d01c37d-a137-4a7e-8f12-e8c97f0c7f2b,Role 1,2012-02-18 22:09:29.126788769,601,1,res_1d01c37d-a137-4a7e-8f12-e8c97f0c7f2b,2012-02-18 22:07:54.103848769,0.0
Case235,W_Nabellen offertes,res_40e4f4c6-1170-4ce1-ba24-0dfa2dd61b15,Role 1,2012-02-20 16:09:02.068856669,615,1,res_40e4f4c6-1170-4ce1-ba24-0dfa2dd61b15,2012-02-20 16:03:41.838456669,0.0
Case235,W_Nabellen offertes,res_1d01c37d-a137-4a7e-8f12-e8c97f0c7f2b,Role 1,2012-02-22 04:51:57.119447169,634,1,res_1d01c37d-a137-4a7e-8f12-e8c97f0c7f2b,2012-02-22 04:50:25.547730169,0.0
Case236,W_Completeren aanvraag,res_bb73aa9d-d45e-496a-a1ec-c9fe6e899287,Role 1,2012-02-18 09:03:53.142935476,593,1,res_bb73aa9d-d45e-496a-a1ec-c9fe6e899287,2012-02-18 09:00:59.118336476,0.0
Case236,W_Nabellen offertes,res_a400b893-c7da-495f-bf62-a744eeccb8c5,Role 1,2012-02-18 09:57:42.360686176,598,1,res_a400b893-c7da-495f-bf62-a744eeccb8c5,2012-02-18 09:55:47.549326176,0.02564102564102564
Case236,W_Nabellen offertes,res_59c642c1-18f5-484a-aed6-a023ede79a28,Role 1,2012-02-26 05:50:22.762517176,641,1,res_59c642c1-18f5-484a-aed6-a023ede79a28,2012-02-26 05:48:42.341500176,0.0
Case237,W_Afhandelen leads,res_59c642c1-18f5-484a-aed6-a023ede79a28,Role 1,2012-02-18 09:11:37.612317036,594,0,res_59c642c1-18f5-484a-aed6-a023ede79a28,2012-02-18 09:08:19.372080036,0.0
Case237,W_Completeren aanvraag,res_9a47d014-a019-4396-9e72-1d1379a66c99,Role 1,2012-02-18 11:05:42.313148336,601,1,res_9a47d014-a019-4396-9e72-1d1379a66c99,2012-02-18 11:03:27.724388336,0.0
Case237,W_Nabellen offertes,res_dec66574-3de2-4d20-a02f-ab348539e500,Role 1,2012-02-23 12:19:38.919624436,639,1,res_dec66574-3de2-4d20-a02f-ab348539e500,2012-02-23 12:17:38.907896436,0.0
Case237,W_Nabellen offertes,res_408efd66-8ed2-49bc-94a8-733c7b98a934,Role 1,2012-02-26 02:32:52.045417736,636,1,res_408efd66-8ed2-49bc-94a8-733c7b98a934,2012-02-26 02:31:05.780407736,0.0
Case238,W_Completeren aanvraag,res_5a3eddbb-0eb4-49ac-9904-07583235092c,Role 1,2012-02-18 09:18:56.238272256,595,1,res_5a3eddbb-0eb4-49ac-9904-07583235092c,2012-02-18 09:16:02.797073256,0.0
Case239,W_Afhandelen leads,res_9a47d014-a019-4396-9e72-1d1379a66c99,Role 1,2012-02-18 09:25:53.789917857,595,0,res_9a47d014-a019-4396-9e72-1d1379a66c99,2012-02-18 09:22:35.700871857,0.0
Case239,W_Completeren aanvraag,res_570add54-a9ce-40af-8ebf-c88ddafd5fef,Role 1,2012-02-18 11:16:03.215005257,601,1,res_570add54-a9ce-40af-8ebf-c88ddafd5fef,2012-02-18 11:13:48.427806257,0.0
Case239,W_Nabellen offertes,res_7b435aaa-ab1b-4205-92d4-81495e1b2d15,Role 1,2012-02-23 18:14:26.714820457,634,1,res_7b435aaa-ab1b-4205-92d4-81495e1b2d15,2012-02-23 18:10:08.099932457,0.0
Case239,W_Nabellen offertes,res_219a258e-f803-4016-b457-8c77c3b88a65,Role 1,2012-02-26 16:14:58.077794556,634,1,res_219a258e-f803-4016-b457-8c77c3b88a65,2012-02-26 16:13:20.959295556,0.0
Case24,W_Afhandelen leads,res_0fc057cb-3a7d-47d3-8cd2-6d92b33620c4,Role 1,2012-02-14 09:23:58.971985892,537,0,res_0fc057cb-3a7d-47d3-8cd2-6d92b33620c4,2012-02-14 09:20:55.767613892,0.0
Case24,W_Completeren aanvraag,res_3efedec2-7c7d-4360-b422-dcf1d20a8bfd,Role 1,2012-02-14 11:39:09.732191792,540,1,res_3efedec2-7c7d-4360-b422-dcf1d20a8bfd,2012-02-14 11:36:44.943371792,0.0
Case24,W_Completeren aanvraag,res_0fc057cb-3a7d-47d3-8cd2-6d92b33620c4,Role 1,2012-02-14 14:56:29.111671992,544,1,res_0fc057cb-3a7d-47d3-8cd2-6d92b33620c4,2012-02-14 14:54:10.515122992,0.0
Case240,W_Afhandelen leads,res_230c0182-4111-4506-bfd5-9b0719b08311,Role 1,2012-02-18 09:30:36.800326976,596,0,res_230c0182-4111-4506-bfd5-9b0719b08311,2012-02-18 09:27:18.793095976,0.0
Case240,W_Completeren aanvraag,res_1b9a0c06-ad62-425d-8a95-45a175c5555c,Role 1,2012-02-18 11:19:30.305182376,601,1,res_1b9a0c06-ad62-425d-8a95-45a175c5555c,2012-02-18 11:17:15.450369376,0.0
Case241,W_Afhandelen leads,res_4bfd217b-a1fe-4479-a77c-aded82769086,Role 1,2012-02-18 09:37:15.648142401,597,0,res_4bfd217b-a1fe-4479-a77c-aded82769086,2012-02-18 09:33:57.741568401,0.0
Case241,W_Completeren aanvraag,res_4d502259-de4c-4574-91b7-d3c939a9cf04,Role 1,2012-02-18 11:24:17.990715201,601,1,res_4d502259-de4c-4574-91b7-d3c939a9cf04,2012-02-18 11:22:03.829094201,0.02564102564102564
Case241,W_Nabellen offertes,res_5a3eddbb-0eb4-49ac-9904-07583235092c,Role 1,2012-02-23 23:54:34.563870501,637,1,res_5a3eddbb-0eb4-49ac-9904-07583235092c,2012-02-23 23:52:27.633673501,0.02564102564102564
Case242,W_Completeren aanvraag,res_9a47d014-a019-4396-9e72-1d1379a66c99,Role 1,2012-02-18 09:47:21.536592073,598,1,res_9a47d014-a019-4396-9e72-1d1379a66c99,2012-02-18 09:44:29.409983073,0.0
Case243,W_Afhandelen leads,res_40e4f4c6-1170-4ce1-ba24-0dfa2dd61b15,Role 1,2012-02-18 09:52:27.192294280,598,0,res_40e4f4c6-1170-4ce1-ba24-0dfa2dd61b15,2012-02-18 09:49:09.479870280,0.0
Case243,W_Completeren aanvraag,res_219a258e-f803-4016-b457-8c77c3b88a65,Role 1,2012-02-18 11:33:26.783906780,601,1,res_219a258e-f803-4016-b457-8c77c3b88a65,2012-02-18 11:31:11.580516780,0.0
Case243,W_Nabellen offertes,res_7b435aaa-ab1b-4205-92d4-81495e1b2d15,Role 1,2012-02-24 01:20:17.147375780,641,1,res_7b435aaa-ab1b-4205-92d4-81495e1b2d15,2012-02-24 01:18:21.064140780,0.0
Case244,W_Afhandelen leads,res_4d502259-de4c-4574-91b7-d3c939a9cf04,Role 1,2012-02-18 10:10:31.927661799,599,0,res_4d502259-de4c-4574-91b7-d3c939a9cf04,2012-02-18 10:07:14.498821799,0.0
Case244,W_Completeren aanvraag,res_4c3013be-6589-47a8-a7c4-f99f2e4b9a48,Role 1,2012-02-18 11:47:45.501521499,601,1,res_4c3013be-6589-47a8-a7c4-f99f2e4b9a48,2012-02-18 11:45:30.721704499,0.02564102564102564
Case245,W_Afhandelen leads,res_b70af2ff-820e-4016-a03c-831214a09681,Role 1,2012-02-18 10:28:19.445135481,600,0,res_b70af2ff-820e-4016-a03c-831214a09681,2012-02-18 10:25:02.391197481,0.0
Case245,W_Completeren aanvraag,res_1b3fa211-3349-4835-aae7-baccd0368824,Role 1,2012-02-18 12:00:23.559382281,602,2,res_1b3fa211-3349-4835-aae7-baccd0368824,2012-02-18 11:58:10.965817281,0.05128205128205128
Case245,W_Completeren aanvraag,res_1d01c37d-a137-4a7e-8f12-e8c97f0c7f2b,Role 1,2012-02-18 17:18:04.737846981,603,1,res_1d01c37d-a137-4a7e-8f12-e8c97f0c7f2b,2012-02-18 17:16:19.537177981,0.0
Case246,W_Completeren aanvraag,res_a400b893-c7da-495f-bf62-a744eeccb8c5,Role 1,2012-02-18 10:51:47.816682102,601,1,res_a400b893-c7da-495f-bf62-a744eeccb8c5,2012-02-18 10:49:00.016122102,0.0
Case247,W_Completeren aanvraag,res_4d502259-de4c-4574-91b7-d3c939a9cf04,Role 1,2012-02-18 10:52:09.117903863,602,2,res_4d502259-de4c-4574-91b7-d3c939a9cf04,2012-02-18 10:49:31.246936863,0.02564102564102564
Case247,W_Nabellen offertes,res_6488ab10-d3ee-4b87-935d-302131660e4e,Role 1,2012-02-18 11:43:02.574591163,601,1,res_6488ab10-d3ee-4b87-935d-302131660e4e,2012-02-18 11:41:08.108082163,0.0
Case247,W_Nabellen offertes,res_bb73aa9d-d45e-496a-a1ec-c9fe6e899287,Role 1,2012-02-26 19:27:02.430111463,631,1,res_bb73aa9d-d45e-496a-a1ec-c9fe6e899287,2012-02-26 19:25:11.548841463,0.0
Case248,W_Afhandelen leads,res_a400b893-c7da-495f-bf62-a744eeccb8c5,Role 1,2012-02-18 11:15:40.904306324,601,0,res_a400b893-c7da-495f-bf62-a744eeccb8c5,2012-02-18 11:12:25.402786325,0.0
Case248,W_Completeren aanvraag,res_d39cd18a-e6fc-4de4-b991-deff4ba6e82a,Role 1,2012-02-18 12:36:46.784466325,601,1,res_d39cd18a-e6fc-4de4-b991-deff4ba6e82a,2012-02-18 12:34:29.479058325,0.0
Case248,W_Nabellen offertes,res_b42bc940-a579-4310-8bba-a668ba469508,Role 1,2012-02-25 01:20:33.816251825,630,1,res_b42bc940-a579-4310-8bba-a668ba469508,2012-02-25 01:18:05.682975825,0.02564102564102564
Case249,W_Afhandelen leads,res_3efedec2-7c7d-4360-b422-dcf1d20a8bfd,Role 1,2012-02-18 11:52:18.434641848,601,0,res_3efedec2-7c7d-4360-b422-dcf1d20a8bfd,2012-02-18 11:49:04.656612848,0.0
Case249,W_Completeren aanvraag,res_1b3fa211-3349-4835-aae7-baccd0368824,Role 1,2012-02-18 13:07:31.521516348,602,1,res_1b3fa211-3349-4835-aae7-baccd0368824,2012-02-18 13:05:12.924701348,0.0
Case249,W_Nabellen offertes,res_d39cd18a-e6fc-4de4-b991-deff4ba6e82a,Role 1,2012-02-25 05:48:15.221152448,635,1,res_d39cd18a-e6fc-4de4-b991-deff4ba6e82a,2012-02-25 05:46:26.787212448,0.0
Case25,W_Afhandelen leads,res_219a258e-f803-4016-b457-8c77c3b88a65,Role 1,2012-02-14 09:36:30.582917418,538,0,res_219a258e-f803-4016-b457-8c77c3b88a65,2012-02-14 09:33:27.322059419,0.0
Case25,W_Completeren aanvraag,res_d856942c-e08c-4dce-8114-31eacb6f69b7,Role 1,2012-02-14 11:48:06.771889419,541,1,res_d856942c-e08c-4dce-8114-31eacb6f69b7,2012-02-14 11:45:42.373304419,0.02564102564102564
Case250,W_Completeren aanvraag,res_7b435aaa-ab1b-4205-92d4-81495e1b2d15,Role 1,2012-02-18 11:52:22.902550796,602,1,res_7b435aaa-ab1b-4205-92d4-81495e1b2d15,2012-02-18 11:49:40.924655796,0.02564102564102564
Case251,W_Completeren aanvraag,res_5724148e-e102-4421-a053-83c428a11f68,Role 1,2012-02-18 12:52:24.626733541,602,1,res_5724148e-e102-4421-a053-83c428a11f68,2012-02-18 12:49:45.565146541,0.0
Case251,W_Completeren aanvraag,res_0fc057cb-3a7d-47d3-8cd2-6d92b33620c4,Role 1,2012-02-18 14:02:25.957961041,602,1,res_0fc057cb-3a7d-47d3-8cd2-6d92b33620c4,2012-02-18 14:00:11.517435041,0.0
Case251,W_Nabellen offertes,res_bae84d23-abe1-4580-a954-c8576ba025c9,Role 1,2012-02-25 15:10:19.932522941,643,1,res_bae84d23-abe1-4580-a954-c8576ba025c9,2012-02-25 15:08:28.996876941,0.0
Case251,W_Nabellen offertes,res_9a47d014-a019-4396-9e72-1d1379a66c99,Role 1,2012-02-28 14:17:46.206151841,634,1,res_9a47d014-a019-4396-9e72-1d1379a66c99,2012-02-28 14:16:08.198776841,0.05128205128205128
Case251,W_Nabellen offertes,res_13020984-8d57-4f3c-8ba3-5a323081e70b,Role 1,2012-03-01 02:26:42.982709841,623,1,res_13020984-8d57-4f3c-8ba3-5a323081e70b,2012-03-01 02:24:59.919246841,0.0
Case251,W_Nabellen offertes,res_08871a3e-f393-4f22-a0a4-e36c9d59a78e,Role 1,2012-03-02 17:21:32.304545941,628,1,res_08871a3e-f393-4f22-a0a4-e36c9d59a78e,2012-03-02 17:19:14.883216941,0.05128205128205128
Case251,W_Nabellen offertes,res_230c0182-4111-4506-bfd5-9b0719b08311,Role 1,2012-03-04 08:07:29.328799141,631,1,res_230c0182-4111-4506-bfd5-9b0719b08311,2012-03-04 08:05:52.434852141,0.0
Case251,W_Nabellen offertes,res_4d502259-de4c-4574-91b7-d3c939a9cf04,Role 1,2012-03-06 09:33:36.404205841,613,1,res_4d502259-de4c-4574-91b7-d3c939a9cf04,2012-03-06 09:32:07.693283841,0.0
Case252,W_Afhandelen leads,res_1d01c37d-a137-4a7e-8f12-e8c97f0c7f2b,Role 1,2012-02-18 14:38:36.890330926,603,0,res_1d01c37d-a137-4a7e-8f12-e8c97f0c7f2b,2012-02-18 14:35:25.420542926,0.0
Case252,W_Completeren aanvraag,res_219a258e-f803-4016-b457-8c77c3b88a65,Role 1,2012-02-18 15:44:00.468594326,604,1,res_219a258e-f803-4016-b457-8c77c3b88a65,2012-02-18 15:41:34.103203326,0.0
Case252,W_Completeren aanvraag,res_5724148e-e102-4421-a053-83c428a11f68,Role 1,2012-02-18 22:42:03.159900026,601,1,res_5724148e-e102-4421-a053-83c428a11f68,2012-02-18 22:40:13.552397026,0.0
Case253,W_Completeren aanvraag,res_1d01c37d-a137-4a7e-8f12-e8c97f0c7f2b,Role 1,2012-02-18 15:07:25.405493614,604,1,res_1d01c37d-a137-4a7e-8f12-e8c97f0c7f2b,2012-02-18 15:04:42.405734614,0.0
Case253,W_Nabellen offertes,res_4c3013be-6589-47a8-a7c4-f99f2e4b9a48,Role 1,2012-02-18 15:45:45.322550514,604,1,res_4c3013be-6589-47a8-a7c4-f99f2e4b9a48,2012-02-18 15:43:41.544666514,0.0
Case253,W_Nabellen offertes,res_570add54-a9ce-40af-8ebf-c88ddafd5fef,Role 1,2012-02-27 05:36:00.900095614,623,1,res_570add54-a9ce-40af-8ebf-c88ddafd5fef,2012-02-27 05:33:28.344692614,0.0
Case254,W_Afhandelen leads,res_4bfd217b-a1fe-4479-a77c-aded82769086,Role 1,2012-02-19 09:01:52.728398493,598,0,res_4bfd217b-a1fe-4479-a77c-aded82769086,2012-02-19 08:58:56.762726493,0.0
Case254,W_Completeren aanvraag,res_1d01c37d-a137-4a7e-8f12-e8c97f0c7f2b,Role 1,2012-02-19 11:32:21.013435393,601,1,res_1d01c37d-a137-4a7e-8f12-e8c97f0c7f2b,2012-02-19 11:30:05.058492393,0.0
Case255,W_Afhandelen leads,res_843e228f-f915-4f9a-b2c1-ff974c62e207,Role 1,2012-02-19 09:22:20.485912890,599,0,res_843e228f-f915-4f9a-b2c1-ff974c62e207,2012-02-19 09:19:23.831512890,0.0
Case255,W_Completeren aanvraag,res_4c3013be-6589-47a8-a7c4-f99f2e4b9a48,Role 1,2012-02-19 11:47:58.527685090,600,1,res_4c3013be-6589-47a8-a7c4-f99f2e4b9a48,2012-02-19 11:45:42.456842090,0.0
Case255,W_Nabellen offertes,res_1b3fa211-3349-4835-aae7-baccd0368824,Role 1,2012-02-22 04:25:52.183297489,633,1,res_1b3fa211-3349-4835-aae7-baccd0368824,2012-02-22 04:24:07.959619489,0.0
Case256,W_Afhandelen leads,res_57e6001e-3d34-44ab-b1e6-21b6b1001542,Role 1,2012-02-19 09:41:34.720604754,600,0,res_57e6001e-3d34-44ab-b1e6-21b6b1001542,2012-02-19 09:38:37.356767754,0.0
Case256,W_Completeren aanvraag,res_4c3013be-6589-47a8-a7c4-f99f2e4b9a48,Role 1,2012-02-19 12:02:05.743942554,600,1,res_4c3013be-6589-47a8-a7c4-f99f2e4b9a48,2012-02-19 11:59:49.520005554,0.0
Case256,W_Completeren aanvraag,res_709ed04f-5b76-49c4-aeeb-ad921b6f6ca1,Role 1,2012-02-19 15:15:50.188988554,600,1,res_709ed04f-5b76-49c4-aeeb-ad921b6f6ca1,2012-02-19 15:13:48.187818554,0.0
Case256,W_Completeren aanvraag,res_d39cd18a-e6fc-4de4-b991-deff4ba6e82a,Role 1,2012-02-19 18:32:42.376571654,600,1,res_d39cd18a-e6fc-4de4-b991-deff4ba6e82a,2012-02-19 18:31:04.002639654,0.0
Case257,W_Completeren aanvraag,res_dec66574-3de2-4d20-a02f-ab348539e500,Role 1,2012-02-19 10:02:02.394731625,601,1,res_dec66574-3de2-4d20-a02f-ab348539e500,2012-02-19 09:59:22.559575625,0.0
Case257,W_Nabellen offertes,res_5724148e-e102-4421-a053-83c428a11f68,Role 1,2012-02-19 10:48:25.419337825,601,1,res_5724148e-e102-4421-a053-83c428a11f68,2012-02-19 10:46:27.994593825,0.0
Case257,W_Nabellen offertes,res_f8049b85-d52c-466e-8778-58e1f3f71604,Role 1,2012-02-27 04:52:37.983025125,622,1,res_f8049b85-d52c-466e-8778-58e1f3f71604,2012-02-27 04:50:38.776733125,0.0
Case258,W_Afhandelen leads,res_a60942a0-f9c4-436b-a4d0-6eeb41b2f0f2,Role 1,2012-02-20 08:11:18.036070143,598,0,res_a60942a0-f9c4-436b-a4d0-6eeb41b2f0f2,2012-02-20 08:08:28.933898143,0.0
Case258,W_Completeren aanvraag,res_7c2a7682-7073-471d-9707-2acad2b806ab,Role 1,2012-02-20 11:00:06.772987643,614,1,res_7c2a7682-7073-471d-9707-2acad2b806ab,2012-02-20 10:57:48.843616643,0.0
Case259,W_Completeren aanvraag,res_8a4ef218-abd5-42fa-9b05-623b7ba3c08b,Role 1,2012-02-20 08:12:23.101341951,599,1,res_8a4ef218-abd5-42fa-9b05-623b7ba3c08b,2012-02-20 08:09:44.492320951,0.02564102564102564
Case259,W_Completeren aanvraag,res_219a258e-f803-4016-b457-8c77c3b88a65,Role 1,2012-02-20 11:01:33.955206851,614,2,res_219a258e-f803-4016-b457-8c77c3b88a65,2012-02-20 10:59:21.743754851,0.05128205128205128
Case259,W_Nabellen offertes,res_13020984-8d57-4f3c-8ba3-5a323081e70b,Role 1,2012-02-21 03:56:15.634550651,636,1,res_13020984-8d57-4f3c-8ba3-5a323081e70b,2012-02-21 03:54:10.454975651,0.0
Case26,W_Completeren aanvraag,res_d856942c-e08c-4dce-8114-31eacb6f69b7,Role 1,2012-02-14 09:54:44.227943335,539,1,res_d856942c-e08c-4dce-8114-31eacb6f69b7,2012-02-14 09:52:04.579271335,0.0
Case26,W_Completeren aanvraag,res_5724148e-e102-4421-a053-83c428a11f68,Role 1,2012-02-14 11:59:12.440774035,540,1,res_5724148e-e102-4421-a053-83c428a11f68,2012-02-14 11:56:51.435399035,0.0
Case260,W_Completeren aanvraag,res_5724148e-e102-4421-a053-83c428a11f68,Role 1,2012-02-20 08:39:38.251609510,600,1,res_5724148e-e102-4421-a053-83c428a11f68,2012-02-20 08:36:59.576590510,0.0
Case260,W_Completeren aanvraag,res_3efedec2-7c7d-4360-b422-dcf1d20a8bfd,Role 1,2012-02-20 11:23:52.139904222,615,1,res_3efedec2-7c7d-4360-b422-dcf1d20a8bfd,2012-02-20 11:21:39.033892222,0.02564102564102564
Case260,W_Nabellen offertes,res_843e228f-f915-4f9a-b2c1-ff974c62e207,Role 1,2012-02-21 05:23:26.246397802,633,1,res_843e228f-f915-4f9a-b2c1-ff974c62e207,2012-02-21 05:20:56.646160802,0.0
Case260,W_Nabellen offertes,res_570add54-a9ce-40af-8ebf-c88ddafd5fef,Role 1,2012-02-27 13:35:21.010685494,615,1,res_570add54-a9ce-40af-8ebf-c88ddafd5fef,2012-02-27 13:33:38.616635494,0.0
Case260,W_Nabellen offertes,res_219a258e-f803-4016-b457-8c77c3b88a65,Role 1,2012-02-29 05:33:45.045125001,636,1,res_219a258e-f803-4016-b457-8c77c3b88a65,2012-02-29 05:31:51.056470001,0.02564102564102564
Case260,W_Nabellen offertes,res_0fc057cb-3a7d-47d3-8cd2-6d92b33620c4,Role 1,2012-03-01 17:03:26.969729106,629,1,res_0fc057cb-3a7d-47d3-8cd2-6d92b33620c4,2012-03-01 17:01:53.597357106,0.02564102564102564
Case260,W_Nabellen offertes,res_08871a3e-f393-4f22-a0a4-e36c9d59a78e,Role 1,2012-03-03 08:59:39.643691688,616,1,res_08871a3e-f393-4f22-a0a4-e36c9d59a78e,2012-03-03 08:52:49.806087688,0.0
Case260,W_Nabellen offertes,res_7b435aaa-ab1b-4205-92d4-81495e1b2d15,Role 1,2012-03-05 06:32:24.440755897,622,1,res_7b435aaa-ab1b-4205-92d4-81495e1b2d15,2012-03-05 06:30:15.725629897,0.0
Case260,W_Nabellen offertes,res_843e228f-f915-4f9a-b2c1-ff974c62e207,Role 1,2012-03-06 21:45:35.146443936,626,2,res_843e228f-f915-4f9a-b2c1-ff974c62e207,2012-03-06 21:43:59.002548936,0.05128205128205128
Case260,W_Nabellen offertes,res_230c0182-4111-4506-bfd5-9b0719b08311,Role 1,2012-03-08 09:26:42.288762072,636,1,res_230c0182-4111-4506-bfd5-9b0719b08311,2012-03-08 09:24:44.934640072,0.0
Case260,W_Nabellen offertes,res_13020984-8d57-4f3c-8ba3-5a323081e70b,Role 1,2012-03-09 21:01:27.326631291,623,1,res_13020984-8d57-4f3c-8ba3-5a323081e70b,2012-03-09 20:58:09.609469291,0.0
Case260,W_Nabellen offertes,res_59c642c1-18f5-484a-aed6-a023ede79a28,Role 1,2012-03-11 05:24:48.226851310,633,1,res_59c642c1-18f5-484a-aed6-a023ede79a28,2012-03-11 05:23:04.720321310,0.0
Case261,W_Completeren aanvraag,res_219a258e-f803-4016-b457-8c77c3b88a65,Role 1,2012-02-20 09:10:40.860835129,601,1,res_219a258e-f803-4016-b457-8c77c3b88a65,2012-02-20 09:08:02.343574129,0.0
Case262,W_Completeren aanvraag,res_408efd66-8ed2-49bc-94a8-733c7b98a934,Role 1,2012-02-20 09:13:21.025372481,601,1,res_408efd66-8ed2-49bc-94a8-733c7b98a934,2012-02-20 09:10:42.527430481,0.0
Case262,W_Completeren aanvraag,res_8a4ef218-abd5-42fa-9b05-623b7ba3c08b,Role 1,2012-02-20 11:55:11.420136581,619,1,res_8a4ef218-abd5-42fa-9b05-623b7ba3c08b,2012-02-20 11:52:58.078914581,0.0
Case262,W_Completeren aanvraag,res_4c3013be-6589-47a8-a7c4-f99f2e4b9a48,Role 1,2012-02-20 14:39:55.586940681,624,1,res_4c3013be-6589-47a8-a7c4-f99f2e4b9a48,2012-02-20 14:37:44.419206681,0.0
Case262,W_Nabellen offertes,res_8a4ef218-abd5-42fa-9b05-623b7ba3c08b,Role 1,2012-02-21 16:17:02.877346581,638,1,res_8a4ef218-abd5-42fa-9b05-623b7ba3c08b,2012-02-21 16:15:04.452282581,0.05128205128205128
Case263,W_Completeren aanvraag,res_230c0182-4111-4506-bfd5-9b0719b08311,Role 1,2012-02-20 09:19:18.611619771,602,1,res_230c0182-4111-4506-bfd5-9b0719b08311,2012-02-20 09:16:40.170631771,0.0
Case264,W_Afhandelen leads,res_7c2a7682-7073-471d-9707-2acad2b806ab,Role 1,2012-02-20 09:23:28.741699206,602,0,res_7c2a7682-7073-471d-9707-2acad2b806ab,2012-02-20 09:20:37.927802206,0.0
Case264,W_Completeren aanvraag,res_08871a3e-f393-4f22-a0a4-e36c9d59a78e,Role 1,2012-02-20 12:03:38.127237606,620,1,res_08871a3e-f393-4f22-a0a4-e36c9d59a78e,2012-02-20 12:01:20.211909606,0.0
Case264,W_Nabellen offertes,res_1b9a0c06-ad62-425d-8a95-45a175c5555c,Role 1,2012-02-21 10:05:16.529041805,630,1,res_1b9a0c06-ad62-425d-8a95-45a175c5555c,2012-02-21 10:02:15.431472805,0.0
Case265,W_Afhandelen leads,res_7b435aaa-ab1b-4205-92d4-81495e1b2d15,Role 1,2012-02-20 09:28:31.110869437,603,0,res_7b435aaa-ab1b-4205-92d4-81495e1b2d15,2012-02-20 09:25:40.161493437,0.0
Case265,W_Completeren aanvraag,res_1b3fa211-3349-4835-aae7-baccd0368824,Role 1,2012-02-20 12:07:42.139028937,621,1,res_1b3fa211-3349-4835-aae7-baccd0368824,2012-02-20 12:05:24.555101937,0.02564102564102564
Case266,W_Afhandelen leads,res_4c3013be-6589-47a8-a7c4-f99f2e4b9a48,Role 1,2012-02-20 09:33:13.322289919,604,0,res_4c3013be-6589-47a8-a7c4-f99f2e4b9a48,2012-02-20 09:30:22.246271919,0.0
Case266,W_Completeren aanvraag,res_a400b893-c7da-495f-bf62-a744eeccb8c5,Role 1,2012-02-20 12:11:26.933037419,620,1,res_a400b893-c7da-495f-bf62-a744eeccb8c5,2012-02-20 12:09:08.944296419,0.0
Case267,W_Completeren aanvraag,res_8a4ef218-abd5-42fa-9b05-623b7ba3c08b,Role 1,2012-02-20 09:37:14.340423553,605,1,res_8a4ef218-abd5-42fa-9b05-623b7ba3c08b,2012-02-20 09:34:36.122572553,0.0
Case267,W_Completeren aanvraag,res_bae84d23-abe1-4580-a954-c8576ba025c9,Role 1,2012-02-20 12:14:30.519266853,620,1,res_bae84d23-abe1-4580-a954-c8576ba025c9,2012-02-20 12:12:17.356522853,0.05128205128205128
Case267,W_Completeren aanvraag,res_4d502259-de4c-4574-91b7-d3c939a9cf04,Role 1,2012-02-20 15:03:37.953440053,628,2,res_4d502259-de4c-4574-91b7-d3c939a9cf04,2012-02-20 15:01:29.152124053,0.02564102564102564
Case268,W_Completeren aanvraag,res_408efd66-8ed2-49bc-94a8-733c7b98a934,Role 1,2012-02-20 09:42:27.572374795,606,1,res_408efd66-8ed2-49bc-94a8-733c7b98a934,2012-02-20 09:39:49.438165795,0.0
Case268,W_Nabellen offertes,res_6488ab10-d3ee-4b87-935d-302131660e4e,Role 1,2012-02-20 10:37:00.927235195,614,1,res_6488ab10-d3ee-4b87-935d-302131660e4e,2012-02-20 10:34:52.593181195,0.02564102564102564
Case269,W_Afhandelen leads,res_d5f36d0a-a64a-45e5-8850-daee823f6c96,Role 1,2012-02-20 09:46:40.655219505,607,0,res_d5f36d0a-a64a-45e5-8850-daee823f6c96,2012-02-20 09:43:49.210227505,0.0
Case269,W_Completeren aanvraag,res_0fc057cb-3a7d-47d3-8cd2-6d92b33620c4,Role 1,2012-02-20 12:21:43.010426705,621,2,res_0fc057cb-3a7d-47d3-8cd2-6d92b33620c4,2012-02-20 12:19:26.118231705,0.02564102564102564
Case269,W_Nabellen offertes,res_bae84d23-abe1-4580-a954-c8576ba025c9,Role 1,2012-02-21 14:04:46.651463505,636,2,res_bae84d23-abe1-4580-a954-c8576ba025c9,2012-02-21 14:02:23.904057505,0.02564102564102564
Case27,W_Afhandelen leads,res_d856942c-e08c-4dce-8114-31eacb6f69b7,Role 1,2012-02-14 10:08:58.012153583,540,0,res_d856942c-e08c-4dce-8114-31eacb6f69b7,2012-02-14 10:05:54.714476583,0.0
Case27,W_Completeren aanvraag,res_7c2a7682-7073-471d-9707-2acad2b806ab,Role 1,2012-02-14 12:10:29.692479683,540,1,res_7c2a7682-7073-471d-9707-2acad2b806ab,2012-02-14 12:08:03.951790683,0.0
Case27,W_Nabellen offertes,res_08871a3e-f393-4f22-a0a4-e36c9d59a78e,Role 1,2012-02-15 17:30:04.276060483,554,1,res_08871a3e-f393-4f22-a0a4-e36c9d59a78e,2012-02-15 17:27:55.992381483,0.0
Case27,W_Nabellen offertes,res_230c0182-4111-4506-bfd5-9b0719b08311,Role 1,2012-02-21 19:51:02.420330583,633,1,res_230c0182-4111-4506-bfd5-9b0719b08311,2012-02-21 19:47:03.099209583,0.0
Case27,W_Nabellen offertes,res_d856942c-e08c-4dce-8114-31eacb6f69b7,Role 1,2012-02-23 08:22:05.085411883,634,1,res_d856942c-e08c-4dce-8114-31eacb6f69b7,2012-02-23 08:20:16.563561883,0.0
Case270,W_Completeren aanvraag,res_f8049b85-d52c-466e-8778-58e1f3f71604,Role 1,2012-02-20 09:52:44.942791543,608,1,res_f8049b85-d52c-466e-8778-58e1f3f71604,2012-02-20 09:50:07.002341543,0.0
Case271,W_Completeren aanvraag,res_8a4ef218-abd5-42fa-9b05-623b7ba3c08b,Role 1,2012-02-20 09:58:31.389160821,608,1,res_8a4ef218-abd5-42fa-9b05-623b7ba3c08b,2012-02-20 09:55:53.563640821,0.0
Case271,W_Nabellen offertes,res_6488ab10-d3ee-4b87-935d-302131660e4e,Role 1,2012-02-20 10:50:44.666137121,614,1,res_6488ab10-d3ee-4b87-935d-302131660e4e,2012-02-20 10:48:35.875033121,0.02564102564102564
Case272,W_Completeren aanvraag,res_3efedec2-7c7d-4360-b422-dcf1d20a8bfd,Role 1,2012-02-20 10:03:02.281504292,609,1,res_3efedec2-7c7d-4360-b422-dcf1d20a8bfd,2012-02-20 10:00:24.566517292,0.0
Case272,W_Completeren aanvraag,res_230c0182-4111-4506-bfd5-9b0719b08311,Role 1,2012-02-20 12:32:59.956504792,623,2,res_230c0182-4111-4506-bfd5-9b0719b08311,2012-02-20 12:30:46.971233792,0.02564102564102564
Case272,W_Nabellen offertes,res_1d01c37d-a137-4a7e-8f12-e8c97f0c7f2b,Role 1,2012-02-21 18:32:57.243739092,637,1,res_1d01c37d-a137-4a7e-8f12-e8c97f0c7f2b,2012-02-21 18:30:59.665808092,0.0
Case273,W_Afhandelen leads,res_7b435aaa-ab1b-4205-92d4-81495e1b2d15,Role 1,2012-02-20 10:08:09.780726423,610,0,res_7b435aaa-ab1b-4205-92d4-81495e1b2d15,2012-02-20 10:05:18.740643423,0.02564102564102564
Case273,W_Completeren aanvraag,res_709ed04f-5b76-49c4-aeeb-ad921b6f6ca1,Role 1,2012-02-20 12:35:21.430127123,624,1,res_709ed04f-5b76-49c4-aeeb-ad921b6f6ca1,2012-02-20 12:33:03.745123123,0.02564102564102564
Case273,W_Completeren aanvraag,res_13020984-8d57-4f3c-8ba3-5a323081e70b,Role 1,2012-02-20 15:28:44.390187323,628,1,res_13020984-8d57-4f3c-8ba3-5a323081e70b,2012-02-20 15:26:32.289277323,0.0
Case274,W_Completeren aanvraag,res_7c2a7682-7073-471d-9707-2acad2b806ab,Role 1,2012-02-20 10:12:19.153697794,610,1,res_7c2a7682-7073-471d-9707-2acad2b806ab,2012-02-20 10:09:41.683954794,0.0
Case274,W_Completeren aanvraag,res_230c0182-4111-4506-bfd5-9b0719b08311,Role 1,2012-02-20 12:38:15.377868794,624,1,res_230c0182-4111-4506-bfd5-9b0719b08311,2012-02-20 12:36:01.619296794,0.02564102564102564
Case274,W_Nabellen offertes,res_b42bc940-a579-4310-8bba-a668ba469508,Role 1,2012-02-21 20:35:56.216510094,634,1,res_b42bc940-a579-4310-8bba-a668ba469508,2012-02-21 20:34:04.016743094,0.02564102564102564
Case275,W_Afhandelen leads,res_13020984-8d57-4f3c-8ba3-5a323081e70b,Role 1,2012-02-20 10:13:04.078523554,611,0,res_13020984-8d57-4f3c-8ba3-5a323081e70b,2012-02-20 10:10:12.914769554,0.02564102564102564
Case275,W_Completeren aanvraag,res_dec66574-3de2-4d20-a02f-ab348539e500,Role 1,2012-02-20 12:39:40.664200654,623,2,res_dec66574-3de2-4d20-a02f-ab348539e500,2012-02-20 12:37:23.747608654,0.02564102564102564
Case275,W_Nabellen offertes,res_7b435aaa-ab1b-4205-92d4-81495e1b2d15,Role 1,2012-02-21 21:59:07.866674954,634,1,res_7b435aaa-ab1b-4205-92d4-81495e1b2d15,2012-02-21 21:57:18.041502954,0.0
Case275,W_Nabellen offertes,res_40e4f4c6-1170-4ce1-ba24-0dfa2dd61b15,Role 1,2012-02-26 23:33:09.331894054,623,1,res_40e4f4c6-1170-4ce1-ba24-0dfa2dd61b15,2012-02-26 23:27:29.243265054,0.0
Case276,W_Afhandelen leads,res_0ba00481-2705-40d0-b647-5ea4bd04a214,Role 1,2012-02-20 10:18:34.760069996,612,0,res_0ba00481-2705-40d0-b647-5ea4bd04a214,2012-02-20 10:15:42.349492996,0.0
Case276,W_Completeren aanvraag,res_d5f36d0a-a64a-45e5-8850-daee823f6c96,Role 1,2012-02-20 12:43:36.967282496,624,1,res_d5f36d0a-a64a-45e5-8850-daee823f6c96,2012-02-20 12:41:18.795104496,0.02564102564102564
Case277,W_Completeren aanvraag,res_40e4f4c6-1170-4ce1-ba24-0dfa2dd61b15,Role 1,2012-02-20 10:27:43.465845960,613,1,res_40e4f4c6-1170-4ce1-ba24-0dfa2dd61b15,2012-02-20 10:25:06.519049960,0.0
Case277,W_Completeren aanvraag,res_dec66574-3de2-4d20-a02f-ab348539e500,Role 1,2012-02-20 12:49:57.628357460,624,2,res_dec66574-3de2-4d20-a02f-ab348539e500,2012-02-20 12:47:44.303725460,0.02564102564102564
Case278,W_Completeren aanvraag,res_5724148e-e102-4421-a053-83c428a11f68,Role 1,2012-02-20 10:32:22.342218530,614,1,res_5724148e-e102-4421-a053-83c428a11f68,2012-02-20 10:29:45.581491530,0.0
Case278,W_Nabellen offertes,res_4c3013be-6589-47a8-a7c4-f99f2e4b9a48,Role 1,2012-02-20 11:21:05.564627130,617,1,res_4c3013be-6589-47a8-a7c4-f99f2e4b9a48,2012-02-20 11:18:55.462632130,0.0
Case279,W_Afhandelen leads,res_0fc057cb-3a7d-47d3-8cd2-6d92b33620c4,Role 1,2012-02-20 10:40:43.252462136,614,0,res_0fc057cb-3a7d-47d3-8cd2-6d92b33620c4,2012-02-20 10:37:50.162843136,0.0
Case279,W_Completeren aanvraag,res_08871a3e-f393-4f22-a0a4-e36c9d59a78e,Role 1,2012-02-20 12:59:04.681036536,625,1,res_08871a3e-f393-4f22-a0a4-e36c9d59a78e,2012-02-20 12:56:46.499965536,0.05128205128205128
Case279,W_Nabellen offertes,res_a400b893-c7da-495f-bf62-a744eeccb8c5,Role 1,2012-02-22 05:55:44.054421036,629,1,res_a400b893-c7da-495f-bf62-a744eeccb8c5,2012-02-22 05:53:31.269038036,0.0
Case279,W_Nabellen offertes,res_a400b893-c7da-495f-bf62-a744eeccb8c5,Role 1,2012-02-26 21:31:40.997645336,625,1,res_a400b893-c7da-495f-bf62-a744eeccb8c5,2012-02-26 21:28:11.138857336,0.0
Case28,W_Completeren aanvraag,res_57e6001e-3d34-44ab-b1e6-21b6b1001542,Role 1,2012-02-14 10:08:53.340874331,541,1,res_57e6001e-3d34-44ab-b1e6-21b6b1001542,2012-02-14 10:06:14.863389331,0.02564102564102564
Case280,W_Completeren aanvraag,res_5724148e-e102-4421-a053-83c428a11f68,Role 1,2012-02-20 10:46:45.232291637,615,3,res_5724148e-e102-4421-a053-83c428a11f68,2012-02-20 10:44:15.007076637,0.07692307692307693
Case280,W_Nabellen offertes,res_570add54-a9ce-40af-8ebf-c88ddafd5fef,Role 1,2012-02-20 11:34:21.807766037,619,1,res_570add54-a9ce-40af-8ebf-c88ddafd5fef,2012-02-20 11:32:15.502102037,0.02564102564102564
Case280,W_Nabellen offertes,res_9a47d014-a019-4396-9e72-1d1379a66c99,Role 1,2012-02-27 21:18:11.077138937,615,1,res_9a47d014-a019-4396-9e72-1d1379a66c99,2012-02-27 21:13:42.694388937,0.0
Case280,W_Nabellen offertes,res_a60942a0-f9c4-436b-a4d0-6eeb41b2f0f2,Role 1,2012-02-29 18:05:39.584761937,631,1,res_a60942a0-f9c4-436b-a4d0-6eeb41b2f0f2,2012-02-29 18:04:07.419474937,0.0
Case281,W_Afhandelen leads,res_4d502259-de4c-4574-91b7-d3c939a9cf04,Role 1,2012-02-20 10:54:51.959380857,614,0,res_4d502259-de4c-4574-91b7-d3c939a9cf04,2012-02-20 10:51:58.432069857,0.0
Case281,W_Completeren aanvraag,res_d5f36d0a-a64a-45e5-8850-daee823f6c96,Role 1,2012-02-20 13:08:52.585284457,624,1,res_d5f36d0a-a64a-45e5-8850-daee823f6c96,2012-02-20 13:06:33.239609457,0.0
Case282,W_Afhandelen leads,res_1d01c37d-a137-4a7e-8f12-e8c97f0c7f2b,Role 1,2012-02-20 11:02:59.749251376,615,0,res_1d01c37d-a137-4a7e-8f12-e8c97f0c7f2b,2012-02-20 11:00:06.035758376,0.0
Case282,W_Completeren aanvraag,res_dec66574-3de2-4d20-a02f-ab348539e500,Role 1,2012-02-20 13:14:30.333995676,624,1,res_dec66574-3de2-4d20-a02f-ab348539e500,2012-02-20 13:12:10.792906676,0.0
Case283,W_Afhandelen leads,res_4bfd217b-a1fe-4479-a77c-aded82769086,Role 1,2012-02-20 11:12:40.933910814,616,0,res_4bfd217b-a1fe-4479-a77c-aded82769086,2012-02-20 11:09:48.339336814,0.02564102564102564
Case283,W_Completeren aanvraag,res_709ed04f-5b76-49c4-aeeb-ad921b6f6ca1,Role 1,2012-02-20 13:20:07.742773014,623,1,res_709ed04f-5b76-49c4-aeeb-ad921b6f6ca1,2012-02-20 13:17:48.311747014,0.0
Case283,W_Completeren aanvraag,res_a60942a0-f9c4-436b-a4d0-6eeb41b2f0f2,Role 1,2012-02-20 16:28:53.285103814,632,3,res_a60942a0-f9c4-436b-a4d0-6eeb41b2f0f2,2012-02-20 16:26:44.126166814,0.05128205128205128
Case283,W_Completeren aanvraag,res_4d502259-de4c-4574-91b7-d3c939a9cf04,Role 1,2012-02-20 17:54:07.637990914,633,2,res_4d502259-de4c-4574-91b7-d3c939a9cf04,2012-02-20 17:52:21.915357914,0.05128205128205128
Case283,W_Completeren aanvraag,res_843e228f-f915-4f9a-b2c1-ff974c62e207,Role 1,2012-02-20 18:34:04.760256514,635,2,res_843e228f-f915-4f9a-b2c1-ff974c62e207,2012-02-20 18:32:29.458342514,0.02564102564102564
Case284,W_Afhandelen leads,res_8a4ef218-abd5-42fa-9b05-623b7ba3c08b,Role 1,2012-02-20 11:13:23.952708686,617,1,res_8a4ef218-abd5-42fa-9b05-623b7ba3c08b,2012-02-20 11:10:38.711618686,0.05128205128205128
Case284,W_Completeren aanvraag,res_bae84d23-abe1-4580-a954-c8576ba025c9,Role 1,2012-02-20 13:21:39.842246786,623,2,res_bae84d23-abe1-4580-a954-c8576ba025c9,2012-02-20 13:19:22.660833786,0.02564102564102564
Case285,W_Completeren aanvraag,res_0ba00481-2705-40d0-b647-5ea4bd04a214,Role 1,2012-02-20 11:18:13.012992642,618,1,res_0ba00481-2705-40d0-b647-5ea4bd04a214,2012-02-20 11:15:38.930418642,0.02564102564102564
Case285,W_Nabellen offertes,res_4bfd217b-a1fe-4479-a77c-aded82769086,Role 1,2012-02-20 12:04:12.127944842,620,1,res_4bfd217b-a1fe-4479-a77c-aded82769086,2012-02-20 12:02:00.896164842,0.02564102564102564
Case285,W_Nabellen offertes,res_4ea7e99f-9f77-43d0-af71-4b2253ae6764,Role 1,2012-02-28 00:20:54.979868342,615,1,res_4ea7e99f-9f77-43d0-af71-4b2253ae6764,2012-02-28 00:16:23.846376342,0.0
Case286,W_Afhandelen leads,res_57e6001e-3d34-44ab-b1e6-21b6b1001542,Role 1,2012-02-20 11:25:10.963408429,618,0,res_57e6001e-3d34-44ab-b1e6-21b6b1001542,2012-02-20 11:22:16.871445429,0.0
Case286,W_Completeren aanvraag,res_59c642c1-18f5-484a-aed6-a023ede79a28,Role 1,2012-02-20 13:29:45.175948129,623,1,res_59c642c1-18f5-484a-aed6-a023ede79a28,2012-02-20 13:27:25.058085129,0.0
Case287,W_Afhandelen leads,res_d39cd18a-e6fc-4de4-b991-deff4ba6e82a,Role 1,2012-02-20 11:30:14.249635298,619,0,res_d39cd18a-e6fc-4de4-b991-deff4ba6e82a,2012-02-20 11:27:20.112582298,0.0
Case287,W_Completeren aanvraag,res_b42bc940-a579-4310-8bba-a668ba469508,Role 1,2012-02-20 13:33:08.484125498,622,1,res_b42bc940-a579-4310-8bba-a668ba469508,2012-02-20 13:30:48.230270498,0.0
Case288,W_Completeren aanvraag,res_4ea7e99f-9f77-43d0-af71-4b2253ae6764,Role 1,2012-02-20 11:36:15.876640523,620,1,res_4ea7e99f-9f77-43d0-af71-4b2253ae6764,2012-02-20 11:33:42.941924523,0.0
Case289,W_Completeren aanvraag,res_a400b893-c7da-495f-bf62-a744eeccb8c5,Role 1,2012-02-20 11:44:11.781842030,620,1,res_a400b893-c7da-495f-bf62-a744eeccb8c5,2012-02-20 11:41:39.463711030,0.0
Case289,W_Completeren aanvraag,res_219a258e-f803-4016-b457-8c77c3b88a65,Role 1,2012-02-20 13:42:00.854803630,623,1,res_219a258e-f803-4016-b457-8c77c3b88a65,2012-02-20 13:39:44.816506630,0.02564102564102564
Case289,W_Completeren aanvraag,res_57e6001e-3d34-44ab-b1e6-21b6b1001542,Role 1,2012-02-20 16:57:54.081791930,633,3,res_57e6001e-3d34-44ab-b1e6-21b6b1001542,2012-02-20 16:55:49.866959930,0.07692307692307693
Case29,W_Afhandelen leads,res_57e6001e-3d34-44ab-b1e6-21b6b1001542,Role 1,2012-02-14 10:26:02.488777855,541,0,res_57e6001e-3d34-44ab-b1e6-21b6b1001542,2012-02-14 10:22:59.286689855,0.0
Case29,W_Completeren aanvraag,res_230c0182-4111-4506-bfd5-9b0719b08311,Role 1,2012-02-14 12:21:32.932642955,541,1,res_230c0182-4111-4506-bfd5-9b0719b08311,2012-02-14 12:19:07.457254955,0.02564102564102564
Case29,W_Nabellen offertes,res_57e6001e-3d34-44ab-b1e6-21b6b1001542,Role 1,2012-02-15 18:06:23.517223355,557,1,res_57e6001e-3d34-44ab-b1e6-21b6b1001542,2012-02-15 18:04:17.286385355,0.0
Case290,W_Afhandelen leads,res_8a4ef218-abd5-42fa-9b05-623b7ba3c08b,Role 1,2012-02-20 11:51:12.256161093,621,0,res_8a4ef218-abd5-42fa-9b05-623b7ba3c08b,2012-02-20 11:48:19.419629093,0.02564102564102564
Case290,W_Completeren aanvraag,res_843e228f-f915-4f9a-b2c1-ff974c62e207,Role 1,2012-02-20 13:44:17.856560793,623,1,res_843e228f-f915-4f9a-b2c1-ff974c62e207,2012-02-20 13:41:57.363527793,0.0
Case291,W_Afhandelen leads,res_7b435aaa-ab1b-4205-92d4-81495e1b2d15,Role 1,2012-02-20 11:59:33.998243536,621,0,res_7b435aaa-ab1b-4205-92d4-81495e1b2d15,2012-02-20 11:56:41.127556536,0.02564102564102564
Case291,W_Completeren aanvraag,res_1d01c37d-a137-4a7e-8f12-e8c97f0c7f2b,Role 1,2012-02-20 13:46:02.873159736,622,1,res_1d01c37d-a137-4a7e-8f12-e8c97f0c7f2b,2012-02-20 13:43:42.156964736,0.0
Case291,W_Completeren aanvraag,res_b42bc940-a579-4310-8bba-a668ba469508,Role 1,2012-02-20 16:52:07.623035436,633,1,res_b42bc940-a579-4310-8bba-a668ba469508,2012-02-20 16:49:56.952619436,0.02564102564102564
Case292,W_Completeren aanvraag,res_f8049b85-d52c-466e-8778-58e1f3f71604,Role 1,2012-02-20 12:06:09.726802072,621,1,res_f8049b85-d52c-466e-8778-58e1f3f71604,2012-02-20 12:03:39.217496072,0.0
Case292,W_Nabellen offertes,res_408efd66-8ed2-49bc-94a8-733c7b98a934,Role 1,2012-02-20 12:50:08.262688772,625,1,res_408efd66-8ed2-49bc-94a8-733c7b98a934,2012-02-20 12:47:53.678259772,0.02564102564102564
Case293,W_Completeren aanvraag,res_7c2a7682-7073-471d-9707-2acad2b806ab,Role 1,2012-02-20 12:13:18.286736619,622,1,res_7c2a7682-7073-471d-9707-2acad2b806ab,2012-02-20 12:10:48.389337619,0.0
Case293,W_Completeren aanvraag,res_59c642c1-18f5-484a-aed6-a023ede79a28,Role 1,2012-02-20 13:55:00.214595919,624,1,res_59c642c1-18f5-484a-aed6-a023ede79a28,2012-02-20 13:52:43.200507919,0.02564102564102564
Case293,W_Completeren aanvraag,res_b70af2ff-820e-4016-a03c-831214a09681,Role 1,2012-02-20 16:53:50.053412519,633,2,res_b70af2ff-820e-4016-a03c-831214a09681,2012-02-20 16:51:44.116900519,0.05128205128205128
Case293,W_Completeren aanvraag,res_08871a3e-f393-4f22-a0a4-e36c9d59a78e,Role 1,2012-02-20 18:10:54.352562319,634,1,res_08871a3e-f393-4f22-a0a4-e36c9d59a78e,2012-02-20 18:09:10.432603319,0.0
Case293,W_Completeren aanvraag,res_5a3eddbb-0eb4-49ac-9904-07583235092c,Role 1,2012-02-20 18:43:57.306350119,634,1,res_5a3eddbb-0eb4-49ac-9904-07583235092c,2012-02-20 18:42:21.913609119,0.0
Case293,W_Nabellen offertes,res_f8049b85-d52c-466e-8778-58e1f3f71604,Role 1,2012-02-20 21:51:08.849024619,639,1,res_f8049b85-d52c-466e-8778-58e1f3f71604,2012-02-20 21:49:33.740103619,0.0
Case294,W_Completeren aanvraag,res_40e4f4c6-1170-4ce1-ba24-0dfa2dd61b15,Role 1,2012-02-20 12:13:34.932408005,623,2,res_40e4f4c6-1170-4ce1-ba24-0dfa2dd61b15,2012-02-20 12:11:09.545696005,0.02564102564102564
Case295,W_Completeren aanvraag,res_b42bc940-a579-4310-8bba-a668ba469508,Role 1,2012-02-20 12:18:14.048453026,623,1,res_b42bc940-a579-4310-8bba-a668ba469508,2012-02-20 12:15:44.578355026,0.0
Case295,W_Nabellen offertes,res_d856942c-e08c-4dce-8114-31eacb6f69b7,Role 1,2012-02-20 13:01:37.225817526,625,1,res_d856942c-e08c-4dce-8114-31eacb6f69b7,2012-02-20 12:59:21.835967526,0.05128205128205128
Case295,W_Nabellen offertes,res_7b435aaa-ab1b-4205-92d4-81495e1b2d15,Role 1,2012-02-28 07:37:48.039190726,630,2,res_7b435aaa-ab1b-4205-92d4-81495e1b2d15,2012-02-28 07:35:55.857936726,0.05128205128205128
Case295,W_Nabellen offertes,res_3efedec2-7c7d-4360-b422-dcf1d20a8bfd,Role 1,2012-02-29 23:05:23.464555026,622,1,res_3efedec2-7c7d-4360-b422-dcf1d20a8bfd,2012-02-29 23:02:32.182463026,0.0
Case296,W_Afhandelen leads,res_709ed04f-5b76-49c4-aeeb-ad921b6f6ca1,Role 1,2012-02-20 12:22:39.703401373,624,0,res_709ed04f-5b76-49c4-aeeb-ad921b6f6ca1,2012-02-20 12:19:45.357862373,0.0
Case296,W_Completeren aanvraag,res_7c2a7682-7073-471d-9707-2acad2b806ab,Role 1,2012-02-20 13:59:06.392221573,624,1,res_7c2a7682-7073-471d-9707-2acad2b806ab,2012-02-20 13:56:44.645079573,0.0
Case297,W_Afhandelen leads,res_d856942c-e08c-4dce-8114-31eacb6f69b7,Role 1,2012-02-20 12:29:39.829638183,624,0,res_d856942c-e08c-4dce-8114-31eacb6f69b7,2012-02-20 12:26:45.462693183,0.0
Case297,W_Completeren aanvraag,res_1b3fa211-3349-4835-aae7-baccd0368824,Role 1,2012-02-20 14:02:03.146042683,623,1,res_1b3fa211-3349-4835-aae7-baccd0368824,2012-02-20 13:59:41.197483683,0.0
Case297,W_Nabellen offertes,res_7c2a7682-7073-471d-9707-2acad2b806ab,Role 1,2012-02-22 16:06:54.916912183,630,1,res_7c2a7682-7073-471d-9707-2acad2b806ab,2012-02-22 16:04:23.833181183,0.0
Case297,W_Nabellen offertes,res_13020984-8d57-4f3c-8ba3-5a323081e70b,Role 1,2012-02-27 00:15:53.730934283,621,1,res_13020984-8d57-4f3c-8ba3-5a323081e70b,2012-02-27 00:13:32.234467283,0.0
Case297,W_Nabellen offertes,res_7c2a7682-7073-471d-9707-2acad2b806ab,Role 1,2012-02-29 02:42:01.575764583,635,1,res_7c2a7682-7073-471d-9707-2acad2b806ab,2012-02-29 02:38:22.054907583,0.0
Case298,W_Completeren aanvraag,res_8a4ef218-abd5-42fa-9b05-623b7ba3c08b,Role 1,2012-02-20 12:36:15.590230269,624,1,res_8a4ef218-abd5-42fa-9b05-623b7ba3c08b,2012-02-20 12:33:47.582415269,0.0
Case298,W_Nabellen offertes,res_57e6001e-3d34-44ab-b1e6-21b6b1001542,Role 1,2012-02-20 13:18:28.171179469,623,2,res_57e6001e-3d34-44ab-b1e6-21b6b1001542,2012-02-20 13:16:14.559035469,0.05128205128205128
Case298,W_Nabellen offertes,res_d856942c-e08c-4dce-8114-31eacb6f69b7,Role 1,2012-02-28 10:13:39.673974769,637,1,res_d856942c-e08c-4dce-8114-31eacb6f69b7,2012-02-28 10:11:56.532676769,0.0
Case299,W_Afhandelen leads,res_f8049b85-d52c-466e-8778-58e1f3f71604,Role 1,2012-02-20 12:40:10.523557218,624,0,res_f8049b85-d52c-466e-8778-58e1f3f71604,2012-02-20 12:37:16.123662218,0.0
Case299,W_Completeren aanvraag,res_b70af2ff-820e-4016-a03c-831214a09681,Role 1,2012-02-20 14:09:39.701444018,623,1,res_b70af2ff-820e-4016-a03c-831214a09681,2012-02-20 14:07:17.411936018,0.0
Case299,W_Nabellen offertes,res_1b3fa211-3349-4835-aae7-baccd0368824,Role 1,2012-02-22 18:23:36.619947718,634,1,res_1b3fa211-3349-4835-aae7-baccd0368824,2012-02-22 18:21:25.429208718,0.0
Case299,W_Nabellen offertes,res_4d502259-de4c-4574-91b7-d3c939a9cf04,Role 1,2012-02-27 08:19:53.275389518,616,1,res_4d502259-de4c-4574-91b7-d3c939a9cf04,2012-02-27 08:18:15.088405518,0.0
Case299,W_Nabellen offertes,res_0fc057cb-3a7d-47d3-8cd2-6d92b33620c4,Role 1,2012-02-29 19:56:47.824059018,627,1,res_0fc057cb-3a7d-47d3-8cd2-6d92b33620c4,2012-02-29 19:55:20.778387018,0.0
Case299,W_Nabellen offertes,res_4d502259-de4c-4574-91b7-d3c939a9cf04,Role 1,2012-03-02 11:27:59.446895218,623,1,res_4d502259-de4c-4574-91b7-d3c939a9cf04,2012-03-02 11:23:41.926632218,0.02564102564102564
Case299,W_Nabellen offertes,res_b42bc940-a579-4310-8bba-a668ba469508,Role 1,2012-03-04 01:47:23.514322418,631,2,res_b42bc940-a579-4310-8bba-a668ba469508,2012-03-04 01:45:45.567641418,0.02564102564102564
Case299,W_Nabellen offertes,res_d39cd18a-e6fc-4de4-b991-deff4ba6e82a,Role 1,2012-03-06 03:38:05.511854018,617,1,res_d39cd18a-e6fc-4de4-b991-deff4ba6e82a,2012-03-06 03:36:36.523219018,0.0
Case3,W_Completeren aanvraag,res_a400b893-c7da-495f-bf62-a744eeccb8c5,Role 1,2012-02-13 19:23:11.181850046,521,1,res_a400b893-c7da-495f-bf62-a744eeccb8c5,2012-02-13 19:20:39.158134046,0.0
Case3,W_Completeren aanvraag,res_4ea7e99f-9f77-43d0-af71-4b2253ae6764,Role 1,2012-02-13 20:19:52.790160446,524,1,res_4ea7e99f-9f77-43d0-af71-4b2253ae6764,2012-02-13 20:17:25.580958446,0.0
Case3,W_Nabellen offertes,res_bae84d23-abe1-4580-a954-c8576ba025c9,Role 1,2012-02-16 19:53:28.154819646,573,1,res_bae84d23-abe1-4580-a954-c8576ba025c9,2012-02-16 19:51:18.801351646,0.0
Case30,W_Afhandelen leads,res_40e4f4c6-1170-4ce1-ba24-0dfa2dd61b15,Role 1,2012-02-14 10:38:02.086829259,542,0,res_40e4f4c6-1170-4ce1-ba24-0dfa2dd61b15,2012-02-14 10:35:00.617766259,0.02564102564102564
Case30,W_Completeren aanvraag,res_57e6001e-3d34-44ab-b1e6-21b6b1001542,Role 1,2012-02-14 12:26:25.836940659,542,1,res_57e6001e-3d34-44ab-b1e6-21b6b1001542,2012-02-14 12:23:59.823669659,0.0
Case300,W_Afhandelen leads,res_5724148e-e102-4421-a053-83c428a11f68,Role 1,2012-02-20 12:44:32.416020952,625,0,res_5724148e-e102-4421-a053-83c428a11f68,2012-02-20 12:41:38.059527952,0.0
Case300,W_Completeren aanvraag,res_59c642c1-18f5-484a-aed6-a023ede79a28,Role 1,2012-02-20 14:05:52.432700452,623,1,res_59c642c1-18f5-484a-aed6-a023ede79a28,2012-02-20 14:03:30.092827452,0.0
Case300,W_Nabellen offertes,res_570add54-a9ce-40af-8ebf-c88ddafd5fef,Role 1,2012-02-22 10:15:30.351443651,624,1,res_570add54-a9ce-40af-8ebf-c88ddafd5fef,2012-02-22 10:11:59.088915652,0.0
Case300,W_Nabellen offertes,res_9a47d014-a019-4396-9e72-1d1379a66c99,Role 1,2012-02-27 03:35:21.043790252,618,1,res_9a47d014-a019-4396-9e72-1d1379a66c99,2012-02-27 03:33:33.736106252,0.0
Case301,W_Completeren aanvraag,res_570add54-a9ce-40af-8ebf-c88ddafd5fef,Role 1,2012-02-20 12:49:52.601830867,625,1,res_570add54-a9ce-40af-8ebf-c88ddafd5fef,2012-02-20 12:47:25.628272867,0.0
Case302,W_Afhandelen leads,res_a400b893-c7da-495f-bf62-a744eeccb8c5,Role 1,2012-02-20 12:58:10.765185825,625,0,res_a400b893-c7da-495f-bf62-a744eeccb8c5,2012-02-20 12:55:18.120276825,0.02564102564102564
Case302,W_Completeren aanvraag,res_4bfd217b-a1fe-4479-a77c-aded82769086,Role 1,2012-02-20 14:18:23.271696425,624,2,res_4bfd217b-a1fe-4479-a77c-aded82769086,2012-02-20 14:16:02.780012425,0.02564102564102564
Case302,W_Completeren aanvraag,res_7c2a7682-7073-471d-9707-2acad2b806ab,Role 1,2012-02-20 17:05:13.706321725,631,2,res_7c2a7682-7073-471d-9707-2acad2b806ab,2012-02-20 17:03:05.244976725,0.02564102564102564
Case302,W_Nabellen offertes,res_dec66574-3de2-4d20-a02f-ab348539e500,Role 1,2012-02-21 13:31:34.987260425,636,1,res_dec66574-3de2-4d20-a02f-ab348539e500,2012-02-21 13:29:17.898260425,0.0
Case303,W_Completeren aanvraag,res_f8049b85-d52c-466e-8778-58e1f3f71604,Role 1,2012-02-20 13:12:53.384325429,623,1,res_f8049b85-d52c-466e-8778-58e1f3f71604,2012-02-20 13:10:27.843687429,0.0
Case303,W_Nabellen offertes,res_b42bc940-a579-4310-8bba-a668ba469508,Role 1,2012-02-20 13:51:11.094655029,624,1,res_b42bc940-a579-4310-8bba-a668ba469508,2012-02-20 13:48:52.616143029,0.05128205128205128
Case303,W_Nabellen offertes,res_bb73aa9d-d45e-496a-a1ec-c9fe6e899287,Role 1,2012-02-28 15:52:39.176939029,643,1,res_bb73aa9d-d45e-496a-a1ec-c9fe6e899287,2012-02-28 15:50:58.966848029,0.02564102564102564
Case303,W_Nabellen offertes,res_8a4ef218-abd5-42fa-9b05-623b7ba3c08b,Role 1,2012-03-01 13:50:37.038599429,628,1,res_8a4ef218-abd5-42fa-9b05-623b7ba3c08b,2012-03-01 13:48:56.903622429,0.0
Case304,W_Completeren aanvraag,res_4c3013be-6589-47a8-a7c4-f99f2e4b9a48,Role 1,2012-02-20 13:15:38.110546969,624,1,res_4c3013be-6589-47a8-a7c4-f99f2e4b9a48,2012-02-20 13:13:13.064771969,0.02564102564102564
Case305,W_Afhandelen leads,res_570add54-a9ce-40af-8ebf-c88ddafd5fef,Role 1,2012-02-20 13:24:45.868049886,623,0,res_570add54-a9ce-40af-8ebf-c88ddafd5fef,2012-02-20 13:21:52.906720886,0.02564102564102564
Case305,W_Completeren aanvraag,res_6488ab10-d3ee-4b87-935d-302131660e4e,Role 1,2012-02-20 14:34:44.728585186,628,2,res_6488ab10-d3ee-4b87-935d-302131660e4e,2012-02-20 14:32:23.539792186,0.02564102564102564
Case305,W_Nabellen offertes,res_1d01c37d-a137-4a7e-8f12-e8c97f0c7f2b,Role 1,2012-02-22 12:44:37.013860286,623,1,res_1d01c37d-a137-4a7e-8f12-e8c97f0c7f2b,2012-02-22 12:41:13.000079286,0.0
Case305,W_Nabellen offertes,res_6488ab10-d3ee-4b87-935d-302131660e4e,Role 1,2012-02-27 02:43:34.198411086,620,1,res_6488ab10-d3ee-4b87-935d-302131660e4e,2012-02-27 02:41:44.563426086,0.0
Case306,W_Afhandelen leads,res_bb73aa9d-d45e-496a-a1ec-c9fe6e899287,Role 1,2012-02-20 13:31:04.662366287,623,0,res_bb73aa9d-d45e-496a-a1ec-c9fe6e899287,2012-02-20 13:28:09.691389287,0.0
Case306,W_Completeren aanvraag,res_a400b893-c7da-495f-bf62-a744eeccb8c5,Role 1,2012-02-20 14:37:43.995513287,628,1,res_a400b893-c7da-495f-bf62-a744eeccb8c5,2012-02-20 14:35:20.182221287,0.0
Case307,W_Completeren aanvraag,res_a60942a0-f9c4-436b-a4d0-6eeb41b2f0f2,Role 1,2012-02-20 13:37:08.566077711,623,2,res_a60942a0-f9c4-436b-a4d0-6eeb41b2f0f2,2012-02-20 13:34:48.639861711,0.02564102564102564
Case307,W_Completeren aanvraag,res_9a47d014-a019-4396-9e72-1d1379a66c99,Role 1,2012-02-20 14:43:48.267593411,627,1,res_9a47d014-a019-4396-9e72-1d1379a66c99,2012-02-20 14:41:29.087519411,0.0
Case308,W_Afhandelen leads,res_d856942c-e08c-4dce-8114-31eacb6f69b7,Role 1,2012-02-20 13:46:04.590289517,624,0,res_d856942c-e08c-4dce-8114-31eacb6f69b7,2012-02-20 13:43:09.340343517,0.0
Case308,W_Completeren aanvraag,res_f8049b85-d52c-466e-8778-58e1f3f71604,Role 1,2012-02-20 14:49:38.143387317,627,1,res_f8049b85-d52c-466e-8778-58e1f3f71604,2012-02-20 14:47:15.134934317,0.05128205128205128
Case309,W_Completeren aanvraag,res_13020984-8d57-4f3c-8ba3-5a323081e70b,Role 1,2012-02-20 13:58:43.451853454,624,2,res_13020984-8d57-4f3c-8ba3-5a323081e70b,2012-02-20 13:56:24.214951454,0.02564102564102564
Case31,W_Completeren aanvraag,res_5724148e-e102-4421-a053-83c428a11f68,Role 1,2012-02-14 10:48:35.306863330,540,2,res_5724148e-e102-4421-a053-83c428a11f68,2012-02-14 10:46:04.524441330,0.02564102564102564
Case310,W_Completeren aanvraag,res_4d502259-de4c-4574-91b7-d3c939a9cf04,Role 1,2012-02-20 14:05:08.475939405,624,1,res_4d502259-de4c-4574-91b7-d3c939a9cf04,2012-02-20 14:02:45.029402405,0.0
Case310,W_Completeren aanvraag,res_a60942a0-f9c4-436b-a4d0-6eeb41b2f0f2,Role 1,2012-02-20 15:06:41.762939005,628,2,res_a60942a0-f9c4-436b-a4d0-6eeb41b2f0f2,2012-02-20 15:04:22.616283005,0.02564102564102564
Case310,W_Completeren aanvraag,res_40e4f4c6-1170-4ce1-ba24-0dfa2dd61b15,Role 1,2012-02-20 17:06:35.471144105,630,1,res_40e4f4c6-1170-4ce1-ba24-0dfa2dd61b15,2012-02-20 17:04:28.446421105,0.0
Case310,W_Nabellen offertes,res_9a47d014-a019-4396-9e72-1d1379a66c99,Role 1,2012-02-21 13:38:12.869196405,636,1,res_9a47d014-a019-4396-9e72-1d1379a66c99,2012-02-21 13:35:57.995466405,0.0
Case310,W_Nabellen offertes,res_59c642c1-18f5-484a-aed6-a023ede79a28,Role 1,2012-02-24 17:57:42.747942805,626,1,res_59c642c1-18f5-484a-aed6-a023ede79a28,2012-02-24 17:50:52.910925805,0.0
Case310,W_Nabellen offertes,res_1b3fa211-3349-4835-aae7-baccd0368824,Role 1,2012-02-26 21:52:30.127323705,624,1,res_1b3fa211-3349-4835-aae7-baccd0368824,2012-02-26 21:50:34.694643705,0.0
Case311,W_Afhandelen leads,res_7c2a7682-7073-471d-9707-2acad2b806ab,Role 1,2012-02-20 14:13:46.686234924,625,0,res_7c2a7682-7073-471d-9707-2acad2b806ab,2012-02-20 14:10:52.633090924,0.02564102564102564
Case311,W_Completeren aanvraag,res_57e6001e-3d34-44ab-b1e6-21b6b1001542,Role 1,2012-02-20 15:13:36.677157624,628,1,res_57e6001e-3d34-44ab-b1e6-21b6b1001542,2012-02-20 15:11:11.840988624,0.0
Case311,W_Completeren aanvraag,res_4d502259-de4c-4574-91b7-d3c939a9cf04,Role 1,2012-02-20 16:58:52.757290324,631,3,res_4d502259-de4c-4574-91b7-d3c939a9cf04,2012-02-20 16:56:44.618463324,0.05128205128205128
Case312,W_Completeren aanvraag,res_59c642c1-18f5-484a-aed6-a023ede79a28,Role 1,2012-02-20 14:14:24.890475907,626,1,res_59c642c1-18f5-484a-aed6-a023ede79a28,2012-02-20 14:12:02.146839907,0.02564102564102564
Case312,W_Nabellen offertes,res_a400b893-c7da-495f-bf62-a744eeccb8c5,Role 1,2012-02-20 14:46:27.832816407,626,1,res_a400b893-c7da-495f-bf62-a744eeccb8c5,2012-02-20 14:44:08.035361407,0.0
Case312,W_Nabellen offertes,res_570add54-a9ce-40af-8ebf-c88ddafd5fef,Role 1,2012-02-29 03:50:52.591026707,633,1,res_570add54-a9ce-40af-8ebf-c88ddafd5fef,2012-02-29 03:47:14.289395707,0.0
Case313,W_Completeren aanvraag,res_d5f36d0a-a64a-45e5-8850-daee823f6c96,Role 1,2012-02-20 14:20:02.746573448,627,1,res_d5f36d0a-a64a-45e5-8850-daee823f6c96,2012-02-20 14:17:39.641128448,0.0
Case313,W_Nabellen offertes,res_219a258e-f803-4016-b457-8c77c3b88a65,Role 1,2012-02-20 14:51:27.852427248,626,2,res_219a258e-f803-4016-b457-8c77c3b88a65,2012-02-20 14:49:10.528552248,0.02564102564102564
Case313,W_Nabellen offertes,res_7b435aaa-ab1b-4205-92d4-81495e1b2d15,Role 1,2012-02-29 03:41:29.429335548,633,1,res_7b435aaa-ab1b-4205-92d4-81495e1b2d15,2012-02-29 03:37:35.714982548,0.0
Case313,W_Nabellen offertes,res_bb73aa9d-d45e-496a-a1ec-c9fe6e899287,Role 1,2012-03-01 18:50:06.758152548,628,1,res_bb73aa9d-d45e-496a-a1ec-c9fe6e899287,2012-03-01 18:48:32.516718548,0.0
Case313,W_Nabellen offertes,res_4c3013be-6589-47a8-a7c4-f99f2e4b9a48,Role 1,2012-03-03 12:22:11.524290948,616,2,res_4c3013be-6589-47a8-a7c4-f99f2e4b9a48,2012-03-03 12:15:51.886486948,0.02564102564102564
Case314,W_Completeren aanvraag,res_4d502259-de4c-4574-91b7-d3c939a9cf04,Role 1,2012-02-20 14:26:43.610129148,628,1,res_4d502259-de4c-4574-91b7-d3c939a9cf04,2012-02-20 14:24:20.604492148,0.0
Case314,W_Nabellen offertes,res_a60942a0-f9c4-436b-a4d0-6eeb41b2f0f2,Role 1,2012-02-20 14:56:54.098342448,627,1,res_a60942a0-f9c4-436b-a4d0-6eeb41b2f0f2,2012-02-20 14:54:33.540119448,0.0
Case314,W_Nabellen offertes,res_7c2a7682-7073-471d-9707-2acad2b806ab,Role 1,2012-02-29 04:16:23.124467148,632,1,res_7c2a7682-7073-471d-9707-2acad2b806ab,2012-02-29 04:12:58.955387148,0.0
Case314,W_Nabellen offertes,res_3efedec2-7c7d-4360-b422-dcf1d20a8bfd,Role 1,2012-03-01 19:23:58.102394548,630,1,res_3efedec2-7c7d-4360-b422-dcf1d20a8bfd,2012-03-01 19:22:24.044485548,0.0
Case315,W_Completeren aanvraag,res_3efedec2-7c7d-4360-b422-dcf1d20a8bfd,Role 1,2012-02-20 14:34:02.489968619,629,2,res_3efedec2-7c7d-4360-b422-dcf1d20a8bfd,2012-02-20 14:31:43.880572619,0.02564102564102564
Case315,W_Completeren aanvraag,res_4d502259-de4c-4574-91b7-d3c939a9cf04,Role 1,2012-02-20 15:32:04.888234119,632,1,res_4d502259-de4c-4574-91b7-d3c939a9cf04,2012-02-20 15:29:44.419015119,0.02564102564102564
Case315,W_Completeren aanvraag,res_6488ab10-d3ee-4b87-935d-302131660e4e,Role 1,2012-02-20 17:14:43.036443319,631,2,res_6488ab10-d3ee-4b87-935d-302131660e4e,2012-02-20 17:12:37.641105319,0.05128205128205128
Case315,W_Completeren aanvraag,res_1b9a0c06-ad62-425d-8a95-45a175c5555c,Role 1,2012-02-20 17:56:56.951752019,634,2,res_1b9a0c06-ad62-425d-8a95-45a175c5555c,2012-02-20 17:55:14.383963019,0.02564102564102564
Case315,W_Nabellen offertes,res_9a47d014-a019-4396-9e72-1d1379a66c99,Role 1,2012-02-20 21:12:20.988416419,638,1,res_9a47d014-a019-4396-9e72-1d1379a66c99,2012-02-20 21:10:42.570453419,0.0
Case316,W_Afhandelen leads,res_7c2a7682-7073-471d-9707-2acad2b806ab,Role 1,2012-02-20 14:44:28.458652519,627,0,res_7c2a7682-7073-471d-9707-2acad2b806ab,2012-02-20 14:41:33.236270519,0.02564102564102564
Case316,W_Completeren aanvraag,res_843e228f-f915-4f9a-b2c1-ff974c62e207,Role 1,2012-02-20 15:42:19.959454519,632,1,res_843e228f-f915-4f9a-b2c1-ff974c62e207,2012-02-20 15:39:54.145346519,0.0
Case316,W_Completeren aanvraag,res_08871a3e-f393-4f22-a0a4-e36c9d59a78e,Role 1,2012-02-20 17:13:26.631873319,631,1,res_08871a3e-f393-4f22-a0a4-e36c9d59a78e,2012-02-20 17:11:15.886972319,0.02564102564102564
Case317,W_Afhandelen leads,res_8a4ef218-abd5-42fa-9b05-623b7ba3c08b,Role 1,2012-02-20 14:51:25.873711418,627,0,res_8a4ef218-abd5-42fa-9b05-623b7ba3c08b,2012-02-20 14:48:30.318764418,0.02564102564102564
Case317,W_Completeren aanvraag,res_3efedec2-7c7d-4360-b422-dcf1d20a8bfd,Role 1,2012-02-20 15:48:52.024385217,632,1,res_3efedec2-7c7d-4360-b422-dcf1d20a8bfd,2012-02-20 15:46:25.992256218,0.0
Case318,W_Afhandelen leads,res_6488ab10-d3ee-4b87-935d-302131660e4e,Role 1,2012-02-20 14:57:45.974149456,628,0,res_6488ab10-d3ee-4b87-935d-302131660e4e,2012-02-20 14:54:48.110878456,0.0
Case318,W_Completeren aanvraag,res_1d01c37d-a137-4a7e-8f12-e8c97f0c7f2b,Role 1,2012-02-20 15:54:51.828689255,632,1,res_1d01c37d-a137-4a7e-8f12-e8c97f0c7f2b,2012-02-20 15:52:25.326069256,0.0
Case319,W_Completeren aanvraag,res_0fc057cb-3a7d-47d3-8cd2-6d92b33620c4,Role 1,2012-02-20 15:04:27.402496466,628,1,res_0fc057cb-3a7d-47d3-8cd2-6d92b33620c4,2012-02-20 15:02:04.334839466,0.0
Case319,W_Completeren aanvraag,res_5a3eddbb-0eb4-49ac-9904-07583235092c,Role 1,2012-02-20 16:01:09.501674266,632,1,res_5a3eddbb-0eb4-49ac-9904-07583235092c,2012-02-20 15:58:46.174384266,0.0
Case32,W_Afhandelen leads,res_f8049b85-d52c-466e-8778-58e1f3f71604,Role 1,2012-02-14 11:00:30.544688511,538,0,res_f8049b85-d52c-466e-8778-58e1f3f71604,2012-02-14 10:57:27.572583511,0.0
Case32,W_Completeren aanvraag,res_4d502259-de4c-4574-91b7-d3c939a9cf04,Role 1,2012-02-14 12:41:14.911437611,541,1,res_4d502259-de4c-4574-91b7-d3c939a9cf04,2012-02-14 12:38:47.780165611,0.0
Case32,W_Completeren aanvraag,res_d5f36d0a-a64a-45e5-8850-daee823f6c96,Role 1,2012-02-14 15:59:20.447446210,544,1,res_d5f36d0a-a64a-45e5-8850-daee823f6c96,2012-02-14 15:57:03.085244210,0.02564102564102564
Case32,W_Completeren aanvraag,res_5724148e-e102-4421-a053-83c428a11f68,Role 1,2012-02-14 17:21:49.686294911,543,1,res_5724148e-e102-4421-a053-83c428a11f68,2012-02-14 17:19:47.764805911,0.0
Case32,W_Completeren aanvraag,res_5a3eddbb-0eb4-49ac-9904-07583235092c,Role 1,2012-02-14 18:01:32.634776911,544,1,res_5a3eddbb-0eb4-49ac-9904-07583235092c,2012-02-14 17:59:46.974516911,0.0
Case32,W_Completeren aanvraag,res_4d502259-de4c-4574-91b7-d3c939a9cf04,Role 1,2012-02-14 18:28:01.508334211,543,1,res_4d502259-de4c-4574-91b7-d3c939a9cf04,2012-02-14 18:26:22.719629211,0.02564102564102564
Case320,W_Afhandelen leads,res_40e4f4c6-1170-4ce1-ba24-0dfa2dd61b15,Role 1,2012-02-20 15:08:55.374047989,629,0,res_40e4f4c6-1170-4ce1-ba24-0dfa2dd61b15,2012-02-20 15:05:59.069672989,0.02564102564102564
Case320,W_Completeren aanvraag,res_4bfd217b-a1fe-4479-a77c-aded82769086,Role 1,2012-02-20 16:05:26.302766189,632,2,res_4bfd217b-a1fe-4479-a77c-aded82769086,2012-02-20 16:03:02.390834189,0.02564102564102564
Case320,W_Nabellen offertes,res_0ba00481-2705-40d0-b647-5ea4bd04a214,Role 1,2012-02-21 20:27:28.891874089,633,1,res_0ba00481-2705-40d0-b647-5ea4bd04a214,2012-02-21 20:25:34.062454089,0.0
Case321,W_Completeren aanvraag,res_219a258e-f803-4016-b457-8c77c3b88a65,Role 1,2012-02-20 15:14:42.010299301,630,1,res_219a258e-f803-4016-b457-8c77c3b88a65,2012-02-20 15:12:18.876678302,0.0
Case321,W_Nabellen offertes,res_08871a3e-f393-4f22-a0a4-e36c9d59a78e,Role 1,2012-02-20 15:40:58.913522402,633,1,res_08871a3e-f393-4f22-a0a4-e36c9d59a78e,2012-02-20 15:38:37.146299402,0.05128205128205128
Case322,W_Completeren aanvraag,res_4d502259-de4c-4574-91b7-d3c939a9cf04,Role 1,2012-02-20 15:15:39.992379823,631,2,res_4d502259-de4c-4574-91b7-d3c939a9cf04,2012-02-20 15:13:21.338307823,0.02564102564102564
Case322,W_Completeren aanvraag,res_3efedec2-7c7d-4360-b422-dcf1d20a8bfd,Role 1,2012-02-20 16:11:53.208318923,632,1,res_3efedec2-7c7d-4360-b422-dcf1d20a8bfd,2012-02-20 16:09:31.144722923,0.0
Case322,W_Completeren aanvraag,res_b70af2ff-820e-4016-a03c-831214a09681,Role 1,2012-02-20 17:39:42.691756423,633,2,res_b70af2ff-820e-4016-a03c-831214a09681,2012-02-20 17:37:35.982257423,0.02564102564102564
Case322,W_Completeren aanvraag,res_4d502259-de4c-4574-91b7-d3c939a9cf04,Role 1,2012-02-20 18:16:04.278487423,634,2,res_4d502259-de4c-4574-91b7-d3c939a9cf04,2012-02-20 18:14:21.113101423,0.05128205128205128
Case323,W_Afhandelen leads,res_709ed04f-5b76-49c4-aeeb-ad921b6f6ca1,Role 1,2012-02-20 15:25:19.322938851,632,0,res_709ed04f-5b76-49c4-aeeb-ad921b6f6ca1,2012-02-20 15:22:20.321723851,0.0
Case323,W_Completeren aanvraag,res_a400b893-c7da-495f-bf62-a744eeccb8c5,Role 1,2012-02-20 16:20:59.592106551,634,2,res_a400b893-c7da-495f-bf62-a744eeccb8c5,2012-02-20 16:18:35.767351551,0.05128205128205128
Case324,W_Completeren aanvraag,res_5a3eddbb-0eb4-49ac-9904-07583235092c,Role 1,2012-02-20 15:32:02.908456773,633,1,res_5a3eddbb-0eb4-49ac-9904-07583235092c,2012-02-20 15:29:39.568021773,0.0
Case325,W_Afhandelen leads,res_b70af2ff-820e-4016-a03c-831214a09681,Role 1,2012-02-20 15:38:05.556648578,633,0,res_b70af2ff-820e-4016-a03c-831214a09681,2012-02-20 15:35:07.995299578,0.02564102564102564
Case325,W_Completeren aanvraag,res_5a3eddbb-0eb4-49ac-9904-07583235092c,Role 1,2012-02-20 16:33:27.344283978,633,1,res_5a3eddbb-0eb4-49ac-9904-07583235092c,2012-02-20 16:31:00.817114978,0.02564102564102564
Case326,W_Completeren aanvraag,res_a400b893-c7da-495f-bf62-a744eeccb8c5,Role 1,2012-02-20 15:44:27.090965388,633,2,res_a400b893-c7da-495f-bf62-a744eeccb8c5,2012-02-20 15:42:08.100130388,0.02564102564102564
Case326,W_Completeren aanvraag,res_59c642c1-18f5-484a-aed6-a023ede79a28,Role 1,2012-02-20 16:39:44.801027388,631,1,res_59c642c1-18f5-484a-aed6-a023ede79a28,2012-02-20 16:37:22.069728388,0.0
Case327,W_Completeren aanvraag,res_a60942a0-f9c4-436b-a4d0-6eeb41b2f0f2,Role 1,2012-02-20 15:52:55.687556106,632,1,res_a60942a0-f9c4-436b-a4d0-6eeb41b2f0f2,2012-02-20 15:50:31.822949106,0.0
Case327,W_Completeren aanvraag,res_57e6001e-3d34-44ab-b1e6-21b6b1001542,Role 1,2012-02-20 16:48:02.887085606,631,1,res_57e6001e-3d34-44ab-b1e6-21b6b1001542,2012-02-20 16:45:38.277926606,0.0
Case327,W_Nabellen offertes,res_7c2a7682-7073-471d-9707-2acad2b806ab,Role 1,2012-02-21 19:32:31.359525606,636,1,res_7c2a7682-7073-471d-9707-2acad2b806ab,2012-02-21 19:30:33.939863606,0.02564102564102564
Case327,W_Nabellen offertes,res_a400b893-c7da-495f-bf62-a744eeccb8c5,Role 1,2012-02-28 19:54:54.749198206,642,2,res_a400b893-c7da-495f-bf62-a744eeccb8c5,2012-02-28 19:52:45.273906206,0.02564102564102564
Case328,W_Completeren aanvraag,res_a400b893-c7da-495f-bf62-a744eeccb8c5,Role 1,2012-02-20 16:00:21.175045853,632,1,res_a400b893-c7da-495f-bf62-a744eeccb8c5,2012-02-20 15:57:57.113920853,0.0
Case328,W_Nabellen offertes,res_dec66574-3de2-4d20-a02f-ab348539e500,Role 1,2012-02-20 16:23:37.337720253,633,1,res_dec66574-3de2-4d20-a02f-ab348539e500,2012-02-20 16:21:15.564846253,0.0
Case328,W_Nabellen offertes,res_4ea7e99f-9f77-43d0-af71-4b2253ae6764,Role 1,2012-02-29 13:28:55.607810953,630,1,res_4ea7e99f-9f77-43d0-af71-4b2253ae6764,2012-02-29 13:27:11.838232953,0.0
Case328,W_Nabellen offertes,res_5a3eddbb-0eb4-49ac-9904-07583235092c,Role 1,2012-03-02 05:43:25.529940753,623,1,res_5a3eddbb-0eb4-49ac-9904-07583235092c,2012-03-02 05:31:51.581244753,0.0
Case329,W_Completeren aanvraag,res_8a4ef218-abd5-42fa-9b05-623b7ba3c08b,Role 1,2012-02-20 16:03:27.780753416,633,1,res_8a4ef218-abd5-42fa-9b05-623b7ba3c08b,2012-02-20 16:01:04.498809416,0.02564102564102564
Case329,W_Nabellen offertes,res_d5f36d0a-a64a-45e5-8850-daee823f6c96,Role 1,2012-02-20 16:27:34.221476916,633,1,res_d5f36d0a-a64a-45e5-8850-daee823f6c96,2012-02-20 16:25:12.714069916,0.0
Case329,W_Nabellen offertes,res_bb73aa9d-d45e-496a-a1ec-c9fe6e899287,Role 1,2012-02-29 12:54:25.026663316,631,1,res_bb73aa9d-d45e-496a-a1ec-c9fe6e899287,2012-02-29 12:52:39.985644316,0.0
Case33,W_Afhandelen leads,res_570add54-a9ce-40af-8ebf-c88ddafd5fef,Role 1,2012-02-14 11:09:41.394241189,539,0,res_570add54-a9ce-40af-8ebf-c88ddafd5fef,2012-02-14 11:06:38.645347189,0.0
Case33,W_Completeren aanvraag,res_570add54-a9ce-40af-8ebf-c88ddafd5fef,Role 1,2012-02-14 12:43:03.305130589,541,1,res_570add54-a9ce-40af-8ebf-c88ddafd5fef,2012-02-14 12:40:35.987125589,0.0
Case33,W_Nabellen offertes,res_4c3013be-6589-47a8-a7c4-f99f2e4b9a48,Role 1,2012-02-15 16:40:26.873117089,554,1,res_4c3013be-6589-47a8-a7c4-f99f2e4b9a48,2012-02-15 16:38:17.236401089,0.0
Case330,W_Completeren aanvraag,res_1b9a0c06-ad62-425d-8a95-45a175c5555c,Role 1,2012-02-20 16:07:17.640149301,633,2,res_1b9a0c06-ad62-425d-8a95-45a175c5555c,2012-02-20 16:04:58.226197301,0.02564102564102564
Case331,W_Afhandelen leads,res_d39cd18a-e6fc-4de4-b991-deff4ba6e82a,Role 1,2012-02-20 16:15:41.952695884,633,0,res_d39cd18a-e6fc-4de4-b991-deff4ba6e82a,2012-02-20 16:12:40.643744884,0.0
Case331,W_Completeren aanvraag,res_4c3013be-6589-47a8-a7c4-f99f2e4b9a48,Role 1,2012-02-20 17:10:22.165079884,630,1,res_4c3013be-6589-47a8-a7c4-f99f2e4b9a48,2012-02-20 17:07:54.489773884,0.02564102564102564
Case331,W_Completeren aanvraag,res_843e228f-f915-4f9a-b2c1-ff974c62e207,Role 1,2012-02-20 18:31:31.885860284,636,2,res_843e228f-f915-4f9a-b2c1-ff974c62e207,2012-02-20 18:29:22.848141284,0.05128205128205128
Case331,W_Completeren aanvraag,res_0ba00481-2705-40d0-b647-5ea4bd04a214,Role 1,2012-02-20 19:08:19.611148684,637,1,res_0ba00481-2705-40d0-b647-5ea4bd04a214,2012-02-20 19:06:34.230097684,0.02564102564102564
Case331,W_Completeren aanvraag,res_0ba00481-2705-40d0-b647-5ea4bd04a214,Role 1,2012-02-20 19:33:18.640763584,639,1,res_0ba00481-2705-40d0-b647-5ea4bd04a214,2012-02-20 19:31:43.692199584,0.02564102564102564
Case331,W_Completeren aanvraag,res_3efedec2-7c7d-4360-b422-dcf1d20a8bfd,Role 1,2012-02-20 19:56:11.681964284,639,1,res_3efedec2-7c7d-4360-b422-dcf1d20a8bfd,2012-02-20 19:54:39.087125284,0.02564102564102564
Case331,W_Nabellen offertes,res_0fc057cb-3a7d-47d3-8cd2-6d92b33620c4,Role 1,2012-02-20 22:50:12.760021784,638,1,res_0fc057cb-3a7d-47d3-8cd2-6d92b33620c4,2012-02-20 22:48:41.811814784,0.0
Case331,W_Nabellen offertes,res_709ed04f-5b76-49c4-aeeb-ad921b6f6ca1,Role 1,2012-02-24 13:54:24.682729884,630,1,res_709ed04f-5b76-49c4-aeeb-ad921b6f6ca1,2012-02-24 13:41:26.705826884,0.0
Case331,W_Nabellen offertes,res_408efd66-8ed2-49bc-94a8-733c7b98a934,Role 1,2012-02-26 06:39:43.002653384,635,1,res_408efd66-8ed2-49bc-94a8-733c7b98a934,2012-02-26 06:38:02.302158384,0.0
Case331,W_Nabellen offertes,res_57e6001e-3d34-44ab-b1e6-21b6b1001542,Role 1,2012-02-28 17:53:21.995740084,642,1,res_57e6001e-3d34-44ab-b1e6-21b6b1001542,2012-02-28 17:51:45.498742084,0.0
Case331,W_Nabellen offertes,res_7b435aaa-ab1b-4205-92d4-81495e1b2d15,Role 1,2012-03-01 08:33:07.794296384,617,1,res_7b435aaa-ab1b-4205-92d4-81495e1b2d15,2012-03-01 08:30:34.388429384,0.0
Case331,W_Nabellen offertes,res_219a258e-f803-4016-b457-8c77c3b88a65,Role 1,2012-03-02 20:25:15.401088084,626,1,res_219a258e-f803-4016-b457-8c77c3b88a65,2012-03-02 20:23:38.551104084,0.0
Case332,W_Completeren aanvraag,res_408efd66-8ed2-49bc-94a8-733c7b98a934,Role 1,2012-02-20 16:15:26.351441908,634,1,res_408efd66-8ed2-49bc-94a8-733c7b98a934,2012-02-20 16:13:02.807548908,0.02564102564102564
Case332,W_Nabellen offertes,res_219a258e-f803-4016-b457-8c77c3b88a65,Role 1,2012-02-20 16:38:29.283679708,632,1,res_219a258e-f803-4016-b457-8c77c3b88a65,2012-02-20 16:36:07.532248708,0.05128205128205128
Case332,W_Nabellen offertes,res_709ed04f-5b76-49c4-aeeb-ad921b6f6ca1,Role 1,2012-02-29 13:09:05.640012308,631,1,res_709ed04f-5b76-49c4-aeeb-ad921b6f6ca1,2012-02-29 13:07:21.887968308,0.0
Case333,W_Afhandelen leads,res_4bfd217b-a1fe-4479-a77c-aded82769086,Role 1,2012-02-20 16:27:44.910207476,634,0,res_4bfd217b-a1fe-4479-a77c-aded82769086,2012-02-20 16:24:47.012049476,0.05128205128205128
Case333,W_Completeren aanvraag,res_4bfd217b-a1fe-4479-a77c-aded82769086,Role 1,2012-02-20 17:22:07.689149976,633,2,res_4bfd217b-a1fe-4479-a77c-aded82769086,2012-02-20 17:19:43.064020976,0.05128205128205128
Case333,W_Completeren aanvraag,res_1b9a0c06-ad62-425d-8a95-45a175c5555c,Role 1,2012-02-20 18:34:50.044228576,636,1,res_1b9a0c06-ad62-425d-8a95-45a175c5555c,2012-02-20 18:32:40.641957576,0.02564102564102564
Case334,W_Afhandelen leads,res_5a3eddbb-0eb4-49ac-9904-07583235092c,Role 1,2012-02-20 16:36:19.080644293,632,0,res_5a3eddbb-0eb4-49ac-9904-07583235092c,2012-02-20 16:33:18.794433293,0.02564102564102564
Case334,W_Completeren aanvraag,res_d5f36d0a-a64a-45e5-8850-daee823f6c96,Role 1,2012-02-20 17:30:46.094515193,633,1,res_d5f36d0a-a64a-45e5-8850-daee823f6c96,2012-02-20 17:28:17.393610193,0.0
Case334,W_Completeren aanvraag,res_4bfd217b-a1fe-4479-a77c-aded82769086,Role 1,2012-02-20 18:42:27.139329993,635,2,res_4bfd217b-a1fe-4479-a77c-aded82769086,2012-02-20 18:40:17.393556993,0.02564102564102564
Case334,W_Completeren aanvraag,res_4bfd217b-a1fe-4479-a77c-aded82769086,Role 1,2012-02-20 19:16:53.962100793,637,2,res_4bfd217b-a1fe-4479-a77c-aded82769086,2012-02-20 19:15:08.477618793,0.02564102564102564
Case334,W_Nabellen offertes,res_40e4f4c6-1170-4ce1-ba24-0dfa2dd61b15,Role 1,2012-02-20 23:03:54.385800393,638,1,res_40e4f4c6-1170-4ce1-ba24-0dfa2dd61b15,2012-02-20 23:02:19.521154393,0.0
Case335,W_Completeren aanvraag,res_dec66574-3de2-4d20-a02f-ab348539e500,Role 1,2012-02-20 16:44:30.297808047,632,4,res_dec66574-3de2-4d20-a02f-ab348539e500,2012-02-20 16:42:15.762958047,0.07692307692307693
Case336,W_Afhandelen leads,res_d39cd18a-e6fc-4de4-b991-deff4ba6e82a,Role 1,2012-02-20 16:52:37.960195244,631,0,res_d39cd18a-e6fc-4de4-b991-deff4ba6e82a,2012-02-20 16:49:37.024147244,0.02564102564102564
Case336,W_Completeren aanvraag,res_b42bc940-a579-4310-8bba-a668ba469508,Role 1,2012-02-20 17:46:58.819206444,635,2,res_b42bc940-a579-4310-8bba-a668ba469508,2012-02-20 17:44:32.760292444,0.02564102564102564
Case337,W_Afhandelen leads,res_bae84d23-abe1-4580-a954-c8576ba025c9,Role 1,2012-02-20 17:03:26.150028115,630,0,res_bae84d23-abe1-4580-a954-c8576ba025c9,2012-02-20 17:00:24.811692115,0.02564102564102564
Case337,W_Completeren aanvraag,res_13020984-8d57-4f3c-8ba3-5a323081e70b,Role 1,2012-02-20 17:57:46.847897515,634,1,res_13020984-8d57-4f3c-8ba3-5a323081e70b,2012-02-20 17:55:17.687582515,0.0
Case337,W_Completeren aanvraag,res_40e4f4c6-1170-4ce1-ba24-0dfa2dd61b15,Role 1,2012-02-20 19:13:28.855884715,637,1,res_40e4f4c6-1170-4ce1-ba24-0dfa2dd61b15,2012-02-20 19:11:17.843598715,0.0
Case337,W_Nabellen offertes,res_bb73aa9d-d45e-496a-a1ec-c9fe6e899287,Role 1,2012-02-21 13:57:45.057966315,635,1,res_bb73aa9d-d45e-496a-a1ec-c9fe6e899287,2012-02-21 13:55:42.819027315,0.0
Case338,W_Afhandelen leads,res_13020984-8d57-4f3c-8ba3-5a323081e70b,Role 1,2012-02-20 17:09:36.826299416,631,0,res_13020984-8d57-4f3c-8ba3-5a323081e70b,2012-02-20 17:06:33.536795416,0.0
Case338,W_Completeren aanvraag,res_4c3013be-6589-47a8-a7c4-f99f2e4b9a48,Role 1,2012-02-20 18:03:59.047052316,634,1,res_4c3013be-6589-47a8-a7c4-f99f2e4b9a48,2012-02-20 18:01:29.588577316,0.0
Case338,W_Completeren aanvraag,res_a60942a0-f9c4-436b-a4d0-6eeb41b2f0f2,Role 1,2012-02-20 19:21:42.666785016,638,2,res_a60942a0-f9c4-436b-a4d0-6eeb41b2f0f2,2012-02-20 19:19:32.930051016,0.02564102564102564
Case338,W_Nabellen offertes,res_d5f36d0a-a64a-45e5-8850-daee823f6c96,Role 1,2012-02-21 16:39:16.800567516,638,1,res_d5f36d0a-a64a-45e5-8850-daee823f6c96,2012-02-21 16:37:27.367132516,0.0
Case338,W_Nabellen offertes,res_5a3eddbb-0eb4-49ac-9904-07583235092c,Role 1,2012-02-24 15:09:45.742002315,627,1,res_5a3eddbb-0eb4-49ac-9904-07583235092c,2012-02-24 14:57:19.474926316,0.0
Case338,W_Nabellen offertes,res_57e6001e-3d34-44ab-b1e6-21b6b1001542,Role 1,2012-02-26 17:53:12.485463616,627,1,res_57e6001e-3d34-44ab-b1e6-21b6b1001542,2012-02-26 17:51:13.729368616,0.0
Case339,W_Completeren aanvraag,res_08871a3e-f393-4f22-a0a4-e36c9d59a78e,Role 1,2012-02-20 17:15:32.561720016,632,1,res_08871a3e-f393-4f22-a0a4-e36c9d59a78e,2012-02-20 17:13:06.440594016,0.0
Case339,W_Nabellen offertes,res_d856942c-e08c-4dce-8114-31eacb6f69b7,Role 1,2012-02-20 17:36:57.103898516,634,1,res_d856942c-e08c-4dce-8114-31eacb6f69b7,2012-02-20 17:34:35.617419516,0.0
Case339,W_Nabellen offertes,res_b42bc940-a579-4310-8bba-a668ba469508,Role 1,2012-02-29 12:31:36.953400516,632,1,res_b42bc940-a579-4310-8bba-a668ba469508,2012-02-29 12:29:50.231589516,0.0
Case34,W_Completeren aanvraag,res_4ea7e99f-9f77-43d0-af71-4b2253ae6764,Role 1,2012-02-14 11:11:00.398129394,540,1,res_4ea7e99f-9f77-43d0-af71-4b2253ae6764,2012-02-14 11:08:26.442030394,0.02564102564102564
Case34,W_Completeren aanvraag,res_709ed04f-5b76-49c4-aeeb-ad921b6f6ca1,Role 1,2012-02-14 12:46:40.596948194,541,1,res_709ed04f-5b76-49c4-aeeb-ad921b6f6ca1,2012-02-14 12:44:17.754166194,0.0
Case340,W_Afhandelen leads,res_0fc057cb-3a7d-47d3-8cd2-6d92b33620c4,Role 1,2012-02-20 17:17:16.536593362,633,0,res_0fc057cb-3a7d-47d3-8cd2-6d92b33620c4,2012-02-20 17:14:14.946897362,0.02564102564102564
Case340,W_Completeren aanvraag,res_0ba00481-2705-40d0-b647-5ea4bd04a214,Role 1,2012-02-20 18:11:40.624086262,634,1,res_0ba00481-2705-40d0-b647-5ea4bd04a214,2012-02-20 18:09:11.353033262,0.0
Case340,W_Nabellen offertes,res_bb73aa9d-d45e-496a-a1ec-c9fe6e899287,Role 1,2012-02-22 02:20:36.066029862,630,1,res_bb73aa9d-d45e-496a-a1ec-c9fe6e899287,2012-02-22 02:18:39.039851862,0.0
Case341,W_Completeren aanvraag,res_1b9a0c06-ad62-425d-8a95-45a175c5555c,Role 1,2012-02-20 17:29:53.133433387,634,1,res_1b9a0c06-ad62-425d-8a95-45a175c5555c,2012-02-20 17:27:26.799168387,0.0
Case341,W_Completeren aanvraag,res_d856942c-e08c-4dce-8114-31eacb6f69b7,Role 1,2012-02-20 18:24:17.125353487,636,1,res_d856942c-e08c-4dce-8114-31eacb6f69b7,2012-02-20 18:21:51.688863487,0.02564102564102564
Case341,W_Completeren aanvraag,res_1b3fa211-3349-4835-aae7-baccd0368824,Role 1,2012-02-20 19:43:25.660350787,639,1,res_1b3fa211-3349-4835-aae7-baccd0368824,2012-02-20 19:41:16.498620787,0.0
Case341,W_Nabellen offertes,res_4ea7e99f-9f77-43d0-af71-4b2253ae6764,Role 1,2012-02-21 15:49:53.913159087,636,1,res_4ea7e99f-9f77-43d0-af71-4b2253ae6764,2012-02-21 15:48:01.956732087,0.0
Case341,W_Nabellen offertes,res_1b9a0c06-ad62-425d-8a95-45a175c5555c,Role 1,2012-02-24 12:02:04.311898887,631,1,res_1b9a0c06-ad62-425d-8a95-45a175c5555c,2012-02-24 11:52:28.012095887,0.0
Case341,W_Nabellen offertes,res_bae84d23-abe1-4580-a954-c8576ba025c9,Role 1,2012-02-26 15:00:52.476308686,630,1,res_bae84d23-abe1-4580-a954-c8576ba025c9,2012-02-26 14:59:01.218668687,0.0
Case342,W_Completeren aanvraag,res_d39cd18a-e6fc-4de4-b991-deff4ba6e82a,Role 1,2012-02-20 17:39:56.797022948,635,3,res_d39cd18a-e6fc-4de4-b991-deff4ba6e82a,2012-02-20 17:37:39.326115948,0.05128205128205128
Case342,W_Nabellen offertes,res_7b435aaa-ab1b-4205-92d4-81495e1b2d15,Role 1,2012-02-20 18:00:52.211070948,634,1,res_7b435aaa-ab1b-4205-92d4-81495e1b2d15,2012-02-20 17:58:34.952610948,0.02564102564102564
Case342,W_Nabellen offertes,res_9a47d014-a019-4396-9e72-1d1379a66c99,Role 1,2012-02-29 11:37:29.731606148,635,1,res_9a47d014-a019-4396-9e72-1d1379a66c99,2012-02-29 11:35:41.777365148,0.02564102564102564
Case343,W_Completeren aanvraag,res_dec66574-3de2-4d20-a02f-ab348539e500,Role 1,2012-02-20 17:55:21.408865564,635,2,res_dec66574-3de2-4d20-a02f-ab348539e500,2012-02-20 17:53:00.131428564,0.02564102564102564
Case343,W_Nabellen offertes,res_1b9a0c06-ad62-425d-8a95-45a175c5555c,Role 1,2012-02-20 18:16:03.637197664,634,1,res_1b9a0c06-ad62-425d-8a95-45a175c5555c,2012-02-20 18:13:45.078785664,0.0
Case343,W_Nabellen offertes,res_59c642c1-18f5-484a-aed6-a023ede79a28,Role 1,2012-02-29 08:38:57.272487864,636,1,res_59c642c1-18f5-484a-aed6-a023ede79a28,2012-02-29 08:36:56.833350864,0.0
Case344,W_Completeren aanvraag,res_4ea7e99f-9f77-43d0-af71-4b2253ae6764,Role 1,2012-02-20 18:04:05.767354844,634,1,res_4ea7e99f-9f77-43d0-af71-4b2253ae6764,2012-02-20 18:01:38.965931844,0.0
Case344,W_Nabellen offertes,res_f8049b85-d52c-466e-8778-58e1f3f71604,Role 1,2012-02-20 18:24:39.560981344,636,1,res_f8049b85-d52c-466e-8778-58e1f3f71604,2012-02-20 18:22:18.939968344,0.0
Case345,W_Completeren aanvraag,res_7b435aaa-ab1b-4205-92d4-81495e1b2d15,Role 1,2012-02-20 18:15:56.999657511,635,1,res_7b435aaa-ab1b-4205-92d4-81495e1b2d15,2012-02-20 18:13:31.229997511,0.02564102564102564
Case345,W_Completeren aanvraag,res_570add54-a9ce-40af-8ebf-c88ddafd5fef,Role 1,2012-02-20 19:11:06.349571111,638,1,res_570add54-a9ce-40af-8ebf-c88ddafd5fef,2012-02-20 19:08:41.249885111,0.02564102564102564
Case345,W_Nabellen offertes,res_f8049b85-d52c-466e-8778-58e1f3f71604,Role 1,2012-02-22 15:41:18.612824411,631,2,res_f8049b85-d52c-466e-8778-58e1f3f71604,2012-02-22 15:38:52.419001411,0.07692307692307693
Case345,W_Nabellen offertes,res_0ba00481-2705-40d0-b647-5ea4bd04a214,Role 1,2012-02-28 00:07:51.145234011,614,1,res_0ba00481-2705-40d0-b647-5ea4bd04a214,2012-02-28 00:02:15.885310011,0.0
Case346,W_Afhandelen leads,res_a60942a0-f9c4-436b-a4d0-6eeb41b2f0f2,Role 1,2012-02-20 18:17:45.273914769,636,0,res_a60942a0-f9c4-436b-a4d0-6eeb41b2f0f2,2012-02-20 18:14:42.758637769,0.02564102564102564
Case346,W_Completeren aanvraag,res_408efd66-8ed2-49bc-94a8-733c7b98a934,Role 1,2012-02-20 19:13:02.384693869,638,2,res_408efd66-8ed2-49bc-94a8-733c7b98a934,2012-02-20 19:10:36.042208869,0.02564102564102564
Case347,W_Completeren aanvraag,res_4bfd217b-a1fe-4479-a77c-aded82769086,Role 1,2012-02-20 18:29:31.069511922,635,1,res_4bfd217b-a1fe-4479-a77c-aded82769086,2012-02-20 18:27:04.238626922,0.0
Case347,W_Nabellen offertes,res_219a258e-f803-4016-b457-8c77c3b88a65,Role 1,2012-02-20 18:49:36.114844522,636,1,res_219a258e-f803-4016-b457-8c77c3b88a65,2012-02-20 18:47:16.156167522,0.0
Case347,W_Nabellen offertes,res_dec66574-3de2-4d20-a02f-ab348539e500,Role 1,2012-02-29 05:46:42.632050122,637,1,res_dec66574-3de2-4d20-a02f-ab348539e500,2012-02-29 05:44:08.086234122,0.0
Case347,W_Nabellen offertes,res_b42bc940-a579-4310-8bba-a668ba469508,Role 1,2012-03-01 22:22:05.765168722,628,1,res_b42bc940-a579-4310-8bba-a668ba469508,2012-03-01 22:20:16.190307722,0.0
Case348,W_Completeren aanvraag,res_9a47d014-a019-4396-9e72-1d1379a66c99,Role 1,2012-02-20 18:42:22.670341198,636,1,res_9a47d014-a019-4396-9e72-1d1379a66c99,2012-02-20 18:39:55.941985198,0.0
Case348,W_Completeren aanvraag,res_f8049b85-d52c-466e-8778-58e1f3f71604,Role 1,2012-02-20 19:38:12.065569998,639,2,res_f8049b85-d52c-466e-8778-58e1f3f71604,2012-02-20 19:35:50.082447998,0.05128205128205128
Case348,W_Nabellen offertes,res_4ea7e99f-9f77-43d0-af71-4b2253ae6764,Role 1,2012-02-23 07:38:09.114426498,639,1,res_4ea7e99f-9f77-43d0-af71-4b2253ae6764,2012-02-23 07:35:35.215581498,0.0
Case348,W_Nabellen offertes,res_5a3eddbb-0eb4-49ac-9904-07583235092c,Role 1,2012-02-28 15:24:35.905904798,643,1,res_5a3eddbb-0eb4-49ac-9904-07583235092c,2012-02-28 15:22:58.626984798,0.02564102564102564
Case349,W_Afhandelen leads,res_13020984-8d57-4f3c-8ba3-5a323081e70b,Role 1,2012-02-20 18:52:11.306470875,637,0,res_13020984-8d57-4f3c-8ba3-5a323081e70b,2012-02-20 18:49:07.014748875,0.0
Case349,W_Completeren aanvraag,res_a400b893-c7da-495f-bf62-a744eeccb8c5,Role 1,2012-02-20 19:48:33.138255275,639,1,res_a400b893-c7da-495f-bf62-a744eeccb8c5,2012-02-20 19:46:03.944928275,0.0
Case35,W_Afhandelen leads,res_1b9a0c06-ad62-425d-8a95-45a175c5555c,Role 1,2012-02-14 11:24:20.525342670,540,0,res_1b9a0c06-ad62-425d-8a95-45a175c5555c,2012-02-14 11:21:18.145388670,0.0
Case35,W_Completeren aanvraag,res_4c3013be-6589-47a8-a7c4-f99f2e4b9a48,Role 1,2012-02-14 12:53:29.736950470,541,2,res_4c3013be-6589-47a8-a7c4-f99f2e4b9a48,2012-02-14 12:51:04.683167470,0.02564102564102564
Case350,W_Afhandelen leads,res_bae84d23-abe1-4580-a954-c8576ba025c9,Role 1,2012-02-20 19:05:39.467233374,638,0,res_bae84d23-abe1-4580-a954-c8576ba025c9,2012-02-20 19:02:37.001041374,0.02564102564102564
Case350,W_Completeren aanvraag,res_5a3eddbb-0eb4-49ac-9904-07583235092c,Role 1,2012-02-20 20:02:33.383648674,639,1,res_5a3eddbb-0eb4-49ac-9904-07583235092c,2012-02-20 20:00:04.671464674,0.0
Case350,W_Nabellen offertes,res_9a47d014-a019-4396-9e72-1d1379a66c99,Role 1,2012-02-23 06:41:55.027316874,639,1,res_9a47d014-a019-4396-9e72-1d1379a66c99,2012-02-23 06:39:42.585022874,0.0
Case350,W_Nabellen offertes,res_1d01c37d-a137-4a7e-8f12-e8c97f0c7f2b,Role 1,2012-02-28 14:35:16.578035074,644,1,res_1d01c37d-a137-4a7e-8f12-e8c97f0c7f2b,2012-02-28 14:33:39.629318074,0.02564102564102564
Case351,W_Completeren aanvraag,res_570add54-a9ce-40af-8ebf-c88ddafd5fef,Role 1,2012-02-20 19:14:26.384070701,638,1,res_570add54-a9ce-40af-8ebf-c88ddafd5fef,2012-02-20 19:12:00.163152701,0.0
Case351,W_Nabellen offertes,res_1b3fa211-3349-4835-aae7-baccd0368824,Role 1,2012-02-20 19:34:13.162763501,639,1,res_1b3fa211-3349-4835-aae7-baccd0368824,2012-02-20 19:31:54.550704501,0.02564102564102564
Case352,W_Afhandelen leads,res_f8049b85-d52c-466e-8778-58e1f3f71604,Role 1,2012-02-20 19:17:12.446502930,639,0,res_f8049b85-d52c-466e-8778-58e1f3f71604,2012-02-20 19:14:10.123639930,0.02564102564102564
Case352,W_Completeren aanvraag,res_709ed04f-5b76-49c4-aeeb-ad921b6f6ca1,Role 1,2012-02-20 20:14:33.558431030,639,1,res_709ed04f-5b76-49c4-aeeb-ad921b6f6ca1,2012-02-20 20:12:05.096326030,0.0
Case353,W_Afhandelen leads,res_dec66574-3de2-4d20-a02f-ab348539e500,Role 1,2012-02-20 19:37:03.717621742,639,0,res_dec66574-3de2-4d20-a02f-ab348539e500,2012-02-20 19:33:59.916937742,0.0
Case353,W_Completeren aanvraag,res_5724148e-e102-4421-a053-83c428a11f68,Role 1,2012-02-20 20:35:23.151563942,639,1,res_5724148e-e102-4421-a053-83c428a11f68,2012-02-20 20:32:54.921116942,0.0
Case354,W_Afhandelen leads,res_bae84d23-abe1-4580-a954-c8576ba025c9,Role 1,2012-02-20 19:50:17.350622041,639,0,res_bae84d23-abe1-4580-a954-c8576ba025c9,2012-02-20 19:47:13.784100041,0.0
Case354,W_Completeren aanvraag,res_dec66574-3de2-4d20-a02f-ab348539e500,Role 1,2012-02-20 20:49:19.815745341,638,1,res_dec66574-3de2-4d20-a02f-ab348539e500,2012-02-20 20:46:51.944146341,0.0
Case354,W_Nabellen offertes,res_b70af2ff-820e-4016-a03c-831214a09681,Role 1,2012-02-24 10:19:36.203603541,631,1,res_b70af2ff-820e-4016-a03c-831214a09681,2012-02-24 10:16:48.627382541,0.0
Case354,W_Nabellen offertes,res_219a258e-f803-4016-b457-8c77c3b88a65,Role 1,2012-02-28 23:13:15.143397241,640,1,res_219a258e-f803-4016-b457-8c77c3b88a65,2012-02-28 23:09:34.669065241,0.0
Case355,W_Afhandelen leads,res_1d01c37d-a137-4a7e-8f12-e8c97f0c7f2b,Role 1,2012-02-20 19:59:01.230905783,640,0,res_1d01c37d-a137-4a7e-8f12-e8c97f0c7f2b,2012-02-20 19:55:59.670722783,0.02564102564102564
Case355,W_Completeren aanvraag,res_d5f36d0a-a64a-45e5-8850-daee823f6c96,Role 1,2012-02-20 20:58:34.614824983,638,1,res_d5f36d0a-a64a-45e5-8850-daee823f6c96,2012-02-20 20:56:07.264848983,0.0
Case355,W_Nabellen offertes,res_d856942c-e08c-4dce-8114-31eacb6f69b7,Role 1,2012-02-24 13:45:41.931563883,629,1,res_d856942c-e08c-4dce-8114-31eacb6f69b7,2012-02-24 13:40:16.219984883,0.0
Case356,W_Afhandelen leads,res_d39cd18a-e6fc-4de4-b991-deff4ba6e82a,Role 1,2012-02-20 20:15:53.095978131,639,0,res_d39cd18a-e6fc-4de4-b991-deff4ba6e82a,2012-02-20 20:12:50.138697131,0.0
Case356,W_Completeren aanvraag,res_0ba00481-2705-40d0-b647-5ea4bd04a214,Role 1,2012-02-20 21:16:24.519653331,638,1,res_0ba00481-2705-40d0-b647-5ea4bd04a214,2012-02-20 21:13:57.424542331,0.0
Case356,W_Completeren aanvraag,res_230c0182-4111-4506-bfd5-9b0719b08311,Role 1,2012-02-21 01:04:49.596452031,636,1,res_230c0182-4111-4506-bfd5-9b0719b08311,2012-02-21 01:02:34.980664031,0.0
Case356,W_Completeren aanvraag,res_4ea7e99f-9f77-43d0-af71-4b2253ae6764,Role 1,2012-02-21 09:36:57.845685731,629,1,res_4ea7e99f-9f77-43d0-af71-4b2253ae6764,2012-02-21 09:34:35.631521731,0.0
Case356,W_Completeren aanvraag,res_0ba00481-2705-40d0-b647-5ea4bd04a214,Role 1,2012-02-21 12:29:57.676820031,636,1,res_0ba00481-2705-40d0-b647-5ea4bd04a214,2012-02-21 12:27:56.877956031,0.0
Case357,W_Completeren aanvraag,res_b70af2ff-820e-4016-a03c-831214a09681,Role 1,2012-02-20 20:17:26.486530273,640,1,res_b70af2ff-820e-4016-a03c-831214a09681,2012-02-20 20:15:03.121521273,0.02564102564102564
Case358,W_Completeren aanvraag,res_9a47d014-a019-4396-9e72-1d1379a66c99,Role 1,2012-02-20 20:38:04.935926319,639,1,res_9a47d014-a019-4396-9e72-1d1379a66c99,2012-02-20 20:35:42.279655319,0.02564102564102564
Case358,W_Nabellen offertes,res_dec66574-3de2-4d20-a02f-ab348539e500,Role 1,2012-02-20 20:59:11.286959019,639,1,res_dec66574-3de2-4d20-a02f-ab348539e500,2012-02-20 20:56:55.466610019,0.02564102564102564
Case358,W_Nabellen offertes,res_b70af2ff-820e-4016-a03c-831214a09681,Role 1,2012-02-28 15:03:16.115722719,643,1,res_b70af2ff-820e-4016-a03c-831214a09681,2012-02-28 15:01:34.225050719,0.0
Case359,W_Afhandelen leads,res_59c642c1-18f5-484a-aed6-a023ede79a28,Role 1,2012-02-20 20:56:55.873045299,639,0,res_59c642c1-18f5-484a-aed6-a023ede79a28,2012-02-20 20:53:54.350726299,0.0
Case359,W_Completeren aanvraag,res_0fc057cb-3a7d-47d3-8cd2-6d92b33620c4,Role 1,2012-02-20 22:00:35.070441798,638,1,res_0fc057cb-3a7d-47d3-8cd2-6d92b33620c4,2012-02-20 21:58:09.367182798,0.0
Case359,W_Completeren aanvraag,res_570add54-a9ce-40af-8ebf-c88ddafd5fef,Role 1,2012-02-21 03:34:17.778131299,634,1,res_570add54-a9ce-40af-8ebf-c88ddafd5fef,2012-02-21 03:31:51.183836299,0.0
Case36,W_Afhandelen leads,res_d39cd18a-e6fc-4de4-b991-deff4ba6e82a,Role 1,2012-02-14 11:35:33.178569477,541,0,res_d39cd18a-e6fc-4de4-b991-deff4ba6e82a,2012-02-14 11:32:31.119074477,0.0
Case36,W_Completeren aanvraag,res_a400b893-c7da-495f-bf62-a744eeccb8c5,Role 1,2012-02-14 12:56:36.879685277,540,1,res_a400b893-c7da-495f-bf62-a744eeccb8c5,2012-02-14 12:54:08.951640277,0.0
Case36,W_Nabellen offertes,res_bb73aa9d-d45e-496a-a1ec-c9fe6e899287,Role 1,2012-02-15 16:05:25.410924977,555,1,res_bb73aa9d-d45e-496a-a1ec-c9fe6e899287,2012-02-15 16:03:14.231720977,0.0
Case360,W_Completeren aanvraag,res_d856942c-e08c-4dce-8114-31eacb6f69b7,Role 1,2012-02-20 21:17:12.634035182,639,1,res_d856942c-e08c-4dce-8114-31eacb6f69b7,2012-02-20 21:14:50.635436182,0.0
Case361,W_Afhandelen leads,res_1b9a0c06-ad62-425d-8a95-45a175c5555c,Role 1,2012-02-21 09:23:42.738178176,630,0,res_1b9a0c06-ad62-425d-8a95-45a175c5555c,2012-02-21 09:20:43.517788176,0.0
Case361,W_Completeren aanvraag,res_1b9a0c06-ad62-425d-8a95-45a175c5555c,Role 1,2012-02-21 11:40:07.086727776,636,1,res_1b9a0c06-ad62-425d-8a95-45a175c5555c,2012-02-21 11:37:42.813370776,0.0
Case361,W_Completeren aanvraag,res_13020984-8d57-4f3c-8ba3-5a323081e70b,Role 1,2012-02-21 14:59:54.422602876,638,1,res_13020984-8d57-4f3c-8ba3-5a323081e70b,2012-02-21 14:57:35.793499876,0.0
Case361,W_Completeren aanvraag,res_5a3eddbb-0eb4-49ac-9904-07583235092c,Role 1,2012-02-21 16:36:10.036571576,637,1,res_5a3eddbb-0eb4-49ac-9904-07583235092c,2012-02-21 16:34:04.864517576,0.0
Case361,W_Completeren aanvraag,res_408efd66-8ed2-49bc-94a8-733c7b98a934,Role 1,2012-02-21 17:30:45.596428276,636,1,res_408efd66-8ed2-49bc-94a8-733c7b98a934,2012-02-21 17:28:57.819153276,0.0
Case362,W_Completeren aanvraag,res_7c2a7682-7073-471d-9707-2acad2b806ab,Role 1,2012-02-21 09:34:02.848459586,631,1,res_7c2a7682-7073-471d-9707-2acad2b806ab,2012-02-21 09:31:24.253213586,0.0
Case363,W_Afhandelen leads,res_570add54-a9ce-40af-8ebf-c88ddafd5fef,Role 1,2012-02-21 09:40:20.073699238,631,0,res_570add54-a9ce-40af-8ebf-c88ddafd5fef,2012-02-21 09:37:20.888969238,0.0
Case363,W_Completeren aanvraag,res_7c2a7682-7073-471d-9707-2acad2b806ab,Role 1,2012-02-21 11:52:10.012537338,635,1,res_7c2a7682-7073-471d-9707-2acad2b806ab,2012-02-21 11:49:45.428649338,0.0
Case363,W_Nabellen offertes,res_5a3eddbb-0eb4-49ac-9904-07583235092c,Role 1,2012-02-22 13:35:48.820049238,630,1,res_5a3eddbb-0eb4-49ac-9904-07583235092c,2012-02-22 13:33:19.033345238,0.02564102564102564
Case363,W_Nabellen offertes,res_b70af2ff-820e-4016-a03c-831214a09681,Role 1,2012-02-28 04:49:36.823728038,629,1,res_b70af2ff-820e-4016-a03c-831214a09681,2012-02-28 04:47:47.895186038,0.0
Case364,W_Afhandelen leads,res_d39cd18a-e6fc-4de4-b991-deff4ba6e82a,Role 1,2012-02-21 09:45:32.328326843,632,0,res_d39cd18a-e6fc-4de4-b991-deff4ba6e82a,2012-02-21 09:42:33.197116843,0.0
Case364,W_Completeren aanvraag,res_dec66574-3de2-4d20-a02f-ab348539e500,Role 1,2012-02-21 11:55:54.363383543,635,1,res_dec66574-3de2-4d20-a02f-ab348539e500,2012-02-21 11:53:29.676023543,0.0
Case364,W_Completeren aanvraag,res_a60942a0-f9c4-436b-a4d0-6eeb41b2f0f2,Role 1,2012-02-21 15:19:01.401616343,639,2,res_a60942a0-f9c4-436b-a4d0-6eeb41b2f0f2,2012-02-21 15:16:44.459769343,0.02564102564102564
Case365,W_Completeren aanvraag,res_40e4f4c6-1170-4ce1-ba24-0dfa2dd61b15,Role 1,2012-02-21 09:50:10.207790162,633,1,res_40e4f4c6-1170-4ce1-ba24-0dfa2dd61b15,2012-02-21 09:47:32.408471162,0.0
Case365,W_Nabellen offertes,res_4d502259-de4c-4574-91b7-d3c939a9cf04,Role 1,2012-02-21 10:43:13.680150962,637,1,res_4d502259-de4c-4574-91b7-d3c939a9cf04,2012-02-21 10:40:54.686444962,0.02564102564102564
Case366,W_Completeren aanvraag,res_d5f36d0a-a64a-45e5-8850-daee823f6c96,Role 1,2012-02-21 09:55:26.244181316,634,1,res_d5f36d0a-a64a-45e5-8850-daee823f6c96,2012-02-21 09:52:48.746401316,0.0
Case367,W_Afhandelen leads,res_08871a3e-f393-4f22-a0a4-e36c9d59a78e,Role 1,2012-02-21 10:02:18.592497642,634,0,res_08871a3e-f393-4f22-a0a4-e36c9d59a78e,2012-02-21 09:59:19.635308642,0.0
Case367,W_Completeren aanvraag,res_4d502259-de4c-4574-91b7-d3c939a9cf04,Role 1,2012-02-21 12:07:46.878179842,635,1,res_4d502259-de4c-4574-91b7-d3c939a9cf04,2012-02-21 12:05:21.811650842,0.0
Case367,W_Completeren aanvraag,res_4bfd217b-a1fe-4479-a77c-aded82769086,Role 1,2012-02-21 15:32:55.412213842,637,1,res_4bfd217b-a1fe-4479-a77c-aded82769086,2012-02-21 15:30:37.130427842,0.0
Case368,W_Completeren aanvraag,res_59c642c1-18f5-484a-aed6-a023ede79a28,Role 1,2012-02-21 10:10:35.039580921,635,1,res_59c642c1-18f5-484a-aed6-a023ede79a28,2012-02-21 10:07:58.469811921,0.0
Case368,W_Nabellen offertes,res_570add54-a9ce-40af-8ebf-c88ddafd5fef,Role 1,2012-02-21 11:01:23.059645921,637,1,res_570add54-a9ce-40af-8ebf-c88ddafd5fef,2012-02-21 10:59:03.650648921,0.0
Case369,W_Afhandelen leads,res_bae84d23-abe1-4580-a954-c8576ba025c9,Role 1,2012-02-21 10:23:11.523861612,636,0,res_bae84d23-abe1-4580-a954-c8576ba025c9,2012-02-21 10:20:12.897681612,0.0
Case369,W_Completeren aanvraag,res_a60942a0-f9c4-436b-a4d0-6eeb41b2f0f2,Role 1,2012-02-21 12:20:17.633633412,635,1,res_a60942a0-f9c4-436b-a4d0-6eeb41b2f0f2,2012-02-21 12:17:52.722898412,0.02564102564102564
Case37,W_Completeren aanvraag,res_4d502259-de4c-4574-91b7-d3c939a9cf04,Role 1,2012-02-14 11:49:39.079338871,541,2,res_4d502259-de4c-4574-91b7-d3c939a9cf04,2012-02-14 11:47:13.641452871,0.02564102564102564
Case37,W_Nabellen offertes,res_0fc057cb-3a7d-47d3-8cd2-6d92b33620c4,Role 1,2012-02-14 12:30:34.619219971,541,1,res_0fc057cb-3a7d-47d3-8cd2-6d92b33620c4,2012-02-14 12:28:13.520776971,0.0
Case37,W_Nabellen offertes,res_1b9a0c06-ad62-425d-8a95-45a175c5555c,Role 1,2012-02-22 01:32:47.122935471,629,1,res_1b9a0c06-ad62-425d-8a95-45a175c5555c,2012-02-22 01:29:31.913072471,0.0
Case37,W_Nabellen offertes,res_08871a3e-f393-4f22-a0a4-e36c9d59a78e,Role 1,2012-02-23 15:27:25.652847871,639,1,res_08871a3e-f393-4f22-a0a4-e36c9d59a78e,2012-02-23 15:25:50.679116871,0.0
Case370,W_Completeren aanvraag,res_4c3013be-6589-47a8-a7c4-f99f2e4b9a48,Role 1,2012-02-21 10:23:42.653287034,637,1,res_4c3013be-6589-47a8-a7c4-f99f2e4b9a48,2012-02-21 10:21:07.299746034,0.02564102564102564
Case371,W_Completeren aanvraag,res_1b3fa211-3349-4835-aae7-baccd0368824,Role 1,2012-02-21 10:38:33.377406164,637,1,res_1b3fa211-3349-4835-aae7-baccd0368824,2012-02-21 10:35:58.889135164,0.0
Case371,W_Completeren aanvraag,res_9a47d014-a019-4396-9e72-1d1379a66c99,Role 1,2012-02-21 12:29:55.229196364,634,1,res_9a47d014-a019-4396-9e72-1d1379a66c99,2012-02-21 12:27:33.654228364,0.0
Case372,W_Afhandelen leads,res_1b3fa211-3349-4835-aae7-baccd0368824,Role 1,2012-02-21 10:51:28.437817692,637,0,res_1b3fa211-3349-4835-aae7-baccd0368824,2012-02-21 10:48:30.443580692,0.0
Case372,W_Completeren aanvraag,res_4ea7e99f-9f77-43d0-af71-4b2253ae6764,Role 1,2012-02-21 12:40:04.534468992,635,1,res_4ea7e99f-9f77-43d0-af71-4b2253ae6764,2012-02-21 12:37:38.156780992,0.0
Case372,W_Nabellen offertes,res_d856942c-e08c-4dce-8114-31eacb6f69b7,Role 1,2012-02-22 18:27:14.576801192,634,1,res_d856942c-e08c-4dce-8114-31eacb6f69b7,2012-02-22 18:25:09.244249192,0.0
Case373,W_Afhandelen leads,res_230c0182-4111-4506-bfd5-9b0719b08311,Role 1,2012-02-21 11:10:05.218722608,636,0,res_230c0182-4111-4506-bfd5-9b0719b08311,2012-02-21 11:07:07.700792608,0.0
Case373,W_Completeren aanvraag,res_59c642c1-18f5-484a-aed6-a023ede79a28,Role 1,2012-02-21 12:50:39.478256608,635,1,res_59c642c1-18f5-484a-aed6-a023ede79a28,2012-02-21 12:48:12.579190608,0.0
Case373,W_Nabellen offertes,res_d39cd18a-e6fc-4de4-b991-deff4ba6e82a,Role 1,2012-02-22 17:56:28.424935508,634,1,res_d39cd18a-e6fc-4de4-b991-deff4ba6e82a,2012-02-22 17:54:22.086851508,0.0
Case374,W_Afhandelen leads,res_709ed04f-5b76-49c4-aeeb-ad921b6f6ca1,Role 1,2012-02-21 11:23:54.916586855,636,0,res_709ed04f-5b76-49c4-aeeb-ad921b6f6ca1,2012-02-21 11:20:57.835997855,0.0
Case374,W_Completeren aanvraag,res_709ed04f-5b76-49c4-aeeb-ad921b6f6ca1,Role 1,2012-02-21 12:58:06.688464755,636,1,res_709ed04f-5b76-49c4-aeeb-ad921b6f6ca1,2012-02-21 12:55:39.419391755,0.0
Case374,W_Completeren aanvraag,res_1b9a0c06-ad62-425d-8a95-45a175c5555c,Role 1,2012-02-21 16:18:37.866355555,637,1,res_1b9a0c06-ad62-425d-8a95-45a175c5555c,2012-02-21 16:16:20.310642555,0.0
Case374,W_Completeren aanvraag,res_1d01c37d-a137-4a7e-8f12-e8c97f0c7f2b,Role 1,2012-02-21 17:40:32.592934455,636,1,res_1d01c37d-a137-4a7e-8f12-e8c97f0c7f2b,2012-02-21 17:38:31.964817455,0.0
Case375,W_Completeren aanvraag,res_f8049b85-d52c-466e-8778-58e1f3f71604,Role 1,2012-02-21 11:23:48.246978604,637,1,res_f8049b85-d52c-466e-8778-58e1f3f71604,2012-02-21 11:21:17.984910604,0.02564102564102564
Case376,W_Completeren aanvraag,res_408efd66-8ed2-49bc-94a8-733c7b98a934,Role 1,2012-02-21 11:50:12.987784566,636,1,res_408efd66-8ed2-49bc-94a8-733c7b98a934,2012-02-21 11:47:44.711789566,0.0
Case377,W_Afhandelen leads,res_4c3013be-6589-47a8-a7c4-f99f2e4b9a48,Role 1,2012-02-21 12:07:42.084365926,635,0,res_4c3013be-6589-47a8-a7c4-f99f2e4b9a48,2012-02-21 12:04:46.261665926,0.0
Case377,W_Completeren aanvraag,res_8a4ef218-abd5-42fa-9b05-623b7ba3c08b,Role 1,2012-02-21 13:21:06.444313226,636,1,res_8a4ef218-abd5-42fa-9b05-623b7ba3c08b,2012-02-21 13:18:38.128095226,0.0
Case377,W_Nabellen offertes,res_b70af2ff-820e-4016-a03c-831214a09681,Role 1,2012-02-22 15:32:26.783553925,633,1,res_b70af2ff-820e-4016-a03c-831214a09681,2012-02-22 15:30:13.258741926,0.0
Case378,W_Completeren aanvraag,res_3efedec2-7c7d-4360-b422-dcf1d20a8bfd,Role 1,2012-02-21 12:24:07.606180461,634,1,res_3efedec2-7c7d-4360-b422-dcf1d20a8bfd,2012-02-21 12:21:41.766868461,0.0
Case378,W_Completeren aanvraag,res_d5f36d0a-a64a-45e5-8850-daee823f6c96,Role 1,2012-02-21 13:32:55.084609561,638,1,res_d5f36d0a-a64a-45e5-8850-daee823f6c96,2012-02-21 13:30:30.780838561,0.02564102564102564
Case378,W_Completeren aanvraag,res_408efd66-8ed2-49bc-94a8-733c7b98a934,Role 1,2012-02-21 16:14:08.741752761,637,2,res_408efd66-8ed2-49bc-94a8-733c7b98a934,2012-02-21 16:11:55.169528761,0.02564102564102564
Case378,W_Completeren aanvraag,res_843e228f-f915-4f9a-b2c1-ff974c62e207,Role 1,2012-02-21 17:24:53.287481961,636,1,res_843e228f-f915-4f9a-b2c1-ff974c62e207,2012-02-21 17:22:59.946194961,0.0
Case378,W_Nabellen offertes,res_a400b893-c7da-495f-bf62-a744eeccb8c5,Role 1,2012-02-21 20:53:24.101162561,633,1,res_a400b893-c7da-495f-bf62-a744eeccb8c5,2012-02-21 20:51:48.913843561,0.0
Case378,W_Nabellen offertes,res_0fc057cb-3a7d-47d3-8cd2-6d92b33620c4,Role 1,2012-02-25 06:53:10.035775261,643,1,res_0fc057cb-3a7d-47d3-8cd2-6d92b33620c4,2012-02-25 06:51:32.112069261,0.0
Case378,W_Nabellen offertes,res_0ba00481-2705-40d0-b647-5ea4bd04a214,Role 1,2012-02-27 07:53:36.543045561,616,1,res_0ba00481-2705-40d0-b647-5ea4bd04a214,2012-02-27 07:52:07.327733561,0.0
Case379,W_Completeren aanvraag,res_709ed04f-5b76-49c4-aeeb-ad921b6f6ca1,Role 1,2012-02-21 12:25:50.688016667,635,2,res_709ed04f-5b76-49c4-aeeb-ad921b6f6ca1,2012-02-21 12:23:29.563551667,0.02564102564102564
Case379,W_Completeren aanvraag,res_4d502259-de4c-4574-91b7-d3c939a9cf04,Role 1,2012-02-21 13:35:57.750189367,638,1,res_4d502259-de4c-4574-91b7-d3c939a9cf04,2012-02-21 13:33:34.867825367,0.02564102564102564
Case38,W_Afhandelen leads,res_b42bc940-a579-4310-8bba-a668ba469508,Role 1,2012-02-14 12:10:00.693578133,541,0,res_b42bc940-a579-4310-8bba-a668ba469508,2012-02-14 12:06:59.404968133,0.0
Case38,W_Completeren aanvraag,res_5724148e-e102-4421-a053-83c428a11f68,Role 1,2012-02-14 13:17:10.434248233,542,3,res_5724148e-e102-4421-a053-83c428a11f68,2012-02-14 13:14:46.883876233,0.05128205128205128
Case38,W_Completeren aanvraag,res_b42bc940-a579-4310-8bba-a668ba469508,Role 1,2012-02-14 15:58:28.265206733,544,1,res_b42bc940-a579-4310-8bba-a668ba469508,2012-02-14 15:56:12.930755733,0.02564102564102564
Case380,W_Afhandelen leads,res_6488ab10-d3ee-4b87-935d-302131660e4e,Role 1,2012-02-21 12:42:34.207384155,636,0,res_6488ab10-d3ee-4b87-935d-302131660e4e,2012-02-21 12:39:40.741146155,0.02564102564102564
Case380,W_Completeren aanvraag,res_f8049b85-d52c-466e-8778-58e1f3f71604,Role 1,2012-02-21 13:49:02.018998955,636,1,res_f8049b85-d52c-466e-8778-58e1f3f71604,2012-02-21 13:46:33.230195955,0.0
Case380,W_Nabellen offertes,res_219a258e-f803-4016-b457-8c77c3b88a65,Role 1,2012-02-22 16:37:27.585109055,635,1,res_219a258e-f803-4016-b457-8c77c3b88a65,2012-02-22 16:35:18.913273055,0.02564102564102564
Case381,W_Completeren aanvraag,res_40e4f4c6-1170-4ce1-ba24-0dfa2dd61b15,Role 1,2012-02-21 13:00:48.946725534,637,1,res_40e4f4c6-1170-4ce1-ba24-0dfa2dd61b15,2012-02-21 12:58:25.050477534,0.0
Case382,W_Completeren aanvraag,res_d39cd18a-e6fc-4de4-b991-deff4ba6e82a,Role 1,2012-02-21 13:24:25.692829406,637,1,res_d39cd18a-e6fc-4de4-b991-deff4ba6e82a,2012-02-21 13:22:02.526489406,0.0
Case382,W_Nabellen offertes,res_13020984-8d57-4f3c-8ba3-5a323081e70b,Role 1,2012-02-21 13:55:25.942742606,636,1,res_13020984-8d57-4f3c-8ba3-5a323081e70b,2012-02-21 13:53:03.202944606,0.0
Case383,W_Afhandelen leads,res_f8049b85-d52c-466e-8778-58e1f3f71604,Role 1,2012-02-21 13:26:52.130224711,638,0,res_f8049b85-d52c-466e-8778-58e1f3f71604,2012-02-21 13:23:58.382737711,0.02564102564102564
Case383,W_Completeren aanvraag,res_b70af2ff-820e-4016-a03c-831214a09681,Role 1,2012-02-21 14:26:13.166946011,636,1,res_b70af2ff-820e-4016-a03c-831214a09681,2012-02-21 14:23:43.413169011,0.0
Case383,W_Completeren aanvraag,res_4ea7e99f-9f77-43d0-af71-4b2253ae6764,Role 1,2012-02-21 16:27:04.937464811,637,1,res_4ea7e99f-9f77-43d0-af71-4b2253ae6764,2012-02-21 16:24:47.876182811,0.0
Case383,W_Completeren aanvraag,res_4c3013be-6589-47a8-a7c4-f99f2e4b9a48,Role 1,2012-02-21 17:21:22.979795111,636,1,res_4c3013be-6589-47a8-a7c4-f99f2e4b9a48,2012-02-21 17:19:24.150413111,0.0
Case383,W_Completeren aanvraag,res_b70af2ff-820e-4016-a03c-831214a09681,Role 1,2012-02-21 17:50:18.338222011,634,1,res_b70af2ff-820e-4016-a03c-831214a09681,2012-02-21 17:48:34.107017011,0.0
Case383,W_Nabellen offertes,res_1b9a0c06-ad62-425d-8a95-45a175c5555c,Role 1,2012-02-21 19:27:47.120545411,634,1,res_1b9a0c06-ad62-425d-8a95-45a175c5555c,2012-02-21 19:26:10.806871411,0.0
Case384,W_Completeren aanvraag,res_4bfd217b-a1fe-4479-a77c-aded82769086,Role 1,2012-02-21 13:58:18.251903752,636,1,res_4bfd217b-a1fe-4479-a77c-aded82769086,2012-02-21 13:55:55.551785752,0.0
Case384,W_Completeren aanvraag,res_3efedec2-7c7d-4360-b422-dcf1d20a8bfd,Role 1,2012-02-21 14:56:26.275209752,639,2,res_3efedec2-7c7d-4360-b422-dcf1d20a8bfd,2012-02-21 14:54:02.499546752,0.02564102564102564
Case385,W_Afhandelen leads,res_9a47d014-a019-4396-9e72-1d1379a66c99,Role 1,2012-02-21 14:25:21.389972351,637,0,res_9a47d014-a019-4396-9e72-1d1379a66c99,2012-02-21 14:22:23.286110351,0.0
Case385,W_Completeren aanvraag,res_6488ab10-d3ee-4b87-935d-302131660e4e,Role 1,2012-02-21 15:22:17.482329351,636,2,res_6488ab10-d3ee-4b87-935d-302131660e4e,2012-02-21 15:19:49.172875351,0.02564102564102564
Case385,W_Nabellen offertes,res_a400b893-c7da-495f-bf62-a744eeccb8c5,Role 1,2012-02-22 13:40:11.800006251,631,1,res_a400b893-c7da-495f-bf62-a744eeccb8c5,2012-02-22 13:37:46.539303251,0.05128205128205128
Case385,W_Nabellen offertes,res_570add54-a9ce-40af-8ebf-c88ddafd5fef,Role 1,2012-02-28 15:56:41.189516051,642,1,res_570add54-a9ce-40af-8ebf-c88ddafd5fef,2012-02-28 15:54:58.052736051,0.0
Case385,W_Nabellen offertes,res_7b435aaa-ab1b-4205-92d4-81495e1b2d15,Role 1,2012-03-01 07:13:41.657839051,623,1,res_7b435aaa-ab1b-4205-92d4-81495e1b2d15,2012-03-01 07:11:40.099510051,0.02564102564102564
Case385,W_Nabellen offertes,res_6488ab10-d3ee-4b87-935d-302131660e4e,Role 1,2012-03-02 20:20:44.661081151,624,1,res_6488ab10-d3ee-4b87-935d-302131660e4e,2012-03-02 20:19:07.451681151,0.0
Case386,W_Completeren aanvraag,res_4d502259-de4c-4574-91b7-d3c939a9cf04,Role 1,2012-02-21 14:25:19.535270024,638,1,res_4d502259-de4c-4574-91b7-d3c939a9cf04,2012-02-21 14:22:57.539262024,0.02564102564102564
Case386,W_Completeren aanvraag,res_219a258e-f803-4016-b457-8c77c3b88a65,Role 1,2012-02-21 15:22:01.410959824,636,1,res_219a258e-f803-4016-b457-8c77c3b88a65,2012-02-21 15:19:34.740143824,0.0
Case386,W_Completeren aanvraag,res_bae84d23-abe1-4580-a954-c8576ba025c9,Role 1,2012-02-21 16:54:46.333246924,637,1,res_bae84d23-abe1-4580-a954-c8576ba025c9,2012-02-21 16:52:30.931364924,0.0
Case387,W_Completeren aanvraag,res_59c642c1-18f5-484a-aed6-a023ede79a28,Role 1,2012-02-21 14:48:48.725420159,639,1,res_59c642c1-18f5-484a-aed6-a023ede79a28,2012-02-21 14:46:25.948263159,0.0
Case387,W_Nabellen offertes,res_1d01c37d-a137-4a7e-8f12-e8c97f0c7f2b,Role 1,2012-02-21 15:13:59.030050559,637,1,res_1d01c37d-a137-4a7e-8f12-e8c97f0c7f2b,2012-02-21 15:11:36.484091559,0.0
Case388,W_Completeren aanvraag,res_57e6001e-3d34-44ab-b1e6-21b6b1001542,Role 1,2012-02-21 15:03:26.275047916,638,2,res_57e6001e-3d34-44ab-b1e6-21b6b1001542,2012-02-21 15:01:07.463195916,0.02564102564102564
Case388,W_Nabellen offertes,res_219a258e-f803-4016-b457-8c77c3b88a65,Role 1,2012-02-21 15:28:10.161401516,638,1,res_219a258e-f803-4016-b457-8c77c3b88a65,2012-02-21 15:25:50.187129516,0.05128205128205128
Case389,W_Afhandelen leads,res_d856942c-e08c-4dce-8114-31eacb6f69b7,Role 1,2012-02-21 15:24:54.945371424,637,0,res_d856942c-e08c-4dce-8114-31eacb6f69b7,2012-02-21 15:21:53.673449424,0.0
Case389,W_Completeren aanvraag,res_7c2a7682-7073-471d-9707-2acad2b806ab,Role 1,2012-02-21 16:20:02.845861024,637,1,res_7c2a7682-7073-471d-9707-2acad2b806ab,2012-02-21 16:17:30.591905024,0.0
Case39,W_Afhandelen leads,res_b42bc940-a579-4310-8bba-a668ba469508,Role 1,2012-02-14 12:11:44.399649439,542,1,res_b42bc940-a579-4310-8bba-a668ba469508,2012-02-14 12:08:55.261216439,0.05128205128205128
Case39,W_Completeren aanvraag,res_4d502259-de4c-4574-91b7-d3c939a9cf04,Role 1,2012-02-14 13:22:06.434663739,542,1,res_4d502259-de4c-4574-91b7-d3c939a9cf04,2012-02-14 13:19:39.538841739,0.0
Case390,W_Afhandelen leads,res_230c0182-4111-4506-bfd5-9b0719b08311,Role 1,2012-02-21 15:26:11.812188606,638,1,res_230c0182-4111-4506-bfd5-9b0719b08311,2012-02-21 15:23:19.306328606,0.02564102564102564
Case390,W_Completeren aanvraag,res_3efedec2-7c7d-4360-b422-dcf1d20a8bfd,Role 1,2012-02-21 16:21:16.469341706,637,2,res_3efedec2-7c7d-4360-b422-dcf1d20a8bfd,2012-02-21 16:18:48.892049706,0.02564102564102564
Case390,W_Completeren aanvraag,res_a60942a0-f9c4-436b-a4d0-6eeb41b2f0f2,Role 1,2012-02-21 17:48:27.799471206,633,1,res_a60942a0-f9c4-436b-a4d0-6eeb41b2f0f2,2012-02-21 17:46:12.792403206,0.0
Case390,W_Completeren aanvraag,res_0fc057cb-3a7d-47d3-8cd2-6d92b33620c4,Role 1,2012-02-21 18:26:11.633726206,632,1,res_0fc057cb-3a7d-47d3-8cd2-6d92b33620c4,2012-02-21 18:24:16.094400206,0.0
Case390,W_Nabellen offertes,res_230c0182-4111-4506-bfd5-9b0719b08311,Role 1,2012-02-21 20:46:35.196416206,633,1,res_230c0182-4111-4506-bfd5-9b0719b08311,2012-02-21 20:45:01.055068206,0.0
Case390,W_Nabellen offertes,res_1b9a0c06-ad62-425d-8a95-45a175c5555c,Role 1,2012-02-25 23:44:15.175858306,640,1,res_1b9a0c06-ad62-425d-8a95-45a175c5555c,2012-02-25 23:42:40.902401306,0.0
Case391,W_Afhandelen leads,res_a60942a0-f9c4-436b-a4d0-6eeb41b2f0f2,Role 1,2012-02-21 15:45:27.090772371,637,0,res_a60942a0-f9c4-436b-a4d0-6eeb41b2f0f2,2012-02-21 15:42:24.772018371,0.0
Case391,W_Completeren aanvraag,res_6488ab10-d3ee-4b87-935d-302131660e4e,Role 1,2012-02-21 16:40:13.834781371,637,1,res_6488ab10-d3ee-4b87-935d-302131660e4e,2012-02-21 16:37:41.316790371,0.0
Case391,W_Nabellen offertes,res_4bfd217b-a1fe-4479-a77c-aded82769086,Role 1,2012-02-22 12:40:17.717844771,629,1,res_4bfd217b-a1fe-4479-a77c-aded82769086,2012-02-22 12:37:46.224482771,0.0
Case391,W_Nabellen offertes,res_4c3013be-6589-47a8-a7c4-f99f2e4b9a48,Role 1,2012-02-28 22:24:02.213977471,637,1,res_4c3013be-6589-47a8-a7c4-f99f2e4b9a48,2012-02-28 22:19:29.440415471,0.0
Case392,W_Completeren aanvraag,res_6488ab10-d3ee-4b87-935d-302131660e4e,Role 1,2012-02-21 16:25:49.410406989,637,1,res_6488ab10-d3ee-4b87-935d-302131660e4e,2012-02-21 16:23:24.954264989,0.0
Case393,W_Afhandelen leads,res_40e4f4c6-1170-4ce1-ba24-0dfa2dd61b15,Role 1,2012-02-21 16:26:35.234970089,638,0,res_40e4f4c6-1170-4ce1-ba24-0dfa2dd61b15,2012-02-21 16:23:33.013830089,0.02564102564102564
Case393,W_Completeren aanvraag,res_0ba00481-2705-40d0-b647-5ea4bd04a214,Role 1,2012-02-21 17:20:51.409429889,635,1,res_0ba00481-2705-40d0-b647-5ea4bd04a214,2012-02-21 17:18:18.775440889,0.0
Case394,W_Afhandelen leads,res_bb73aa9d-d45e-496a-a1ec-c9fe6e899287,Role 1,2012-02-21 16:52:47.769933214,636,0,res_bb73aa9d-d45e-496a-a1ec-c9fe6e899287,2012-02-21 16:49:42.614133214,0.0
Case394,W_Completeren aanvraag,res_9a47d014-a019-4396-9e72-1d1379a66c99,Role 1,2012-02-21 17:47:00.420868614,633,1,res_9a47d014-a019-4396-9e72-1d1379a66c99,2012-02-21 17:44:27.414936614,0.0
Case394,W_Nabellen offertes,res_5724148e-e102-4421-a053-83c428a11f68,Role 1,2012-02-22 16:16:57.515058914,634,1,res_5724148e-e102-4421-a053-83c428a11f68,2012-02-22 16:14:50.547340914,0.0
Case395,W_Completeren aanvraag,res_08871a3e-f393-4f22-a0a4-e36c9d59a78e,Role 1,2012-02-21 17:24:26.143970641,635,1,res_08871a3e-f393-4f22-a0a4-e36c9d59a78e,2012-02-21 17:22:00.939539641,0.0
Case396,W_Afhandelen leads,res_4d502259-de4c-4574-91b7-d3c939a9cf04,Role 1,2012-02-21 18:18:18.476961401,633,0,res_4d502259-de4c-4574-91b7-d3c939a9cf04,2012-02-21 18:15:11.519873401,0.0
Case396,W_Completeren aanvraag,res_9a47d014-a019-4396-9e72-1d1379a66c99,Role 1,2012-02-21 19:14:18.715766801,633,1,res_9a47d014-a019-4396-9e72-1d1379a66c99,2012-02-21 19:11:46.150698801,0.0
Case397,W_Afhandelen leads,res_5a3eddbb-0eb4-49ac-9904-07583235092c,Role 1,2012-02-21 18:29:17.364245284,634,0,res_5a3eddbb-0eb4-49ac-9904-07583235092c,2012-02-21 18:26:10.389320284,0.0
Case397,W_Completeren aanvraag,res_a60942a0-f9c4-436b-a4d0-6eeb41b2f0f2,Role 1,2012-02-21 19:25:43.128276684,632,1,res_a60942a0-f9c4-436b-a4d0-6eeb41b2f0f2,2012-02-21 19:23:10.746016684,0.0
Case398,W_Afhandelen leads,res_bae84d23-abe1-4580-a954-c8576ba025c9,Role 1,2012-02-21 19:27:50.103949023,632,0,res_bae84d23-abe1-4580-a954-c8576ba025c9,2012-02-21 19:24:43.352258023,0.0
Case398,W_Completeren aanvraag,res_5a3eddbb-0eb4-49ac-9904-07583235092c,Role 1,2012-02-21 20:26:21.326269823,633,2,res_5a3eddbb-0eb4-49ac-9904-07583235092c,2012-02-21 20:23:53.198967823,0.02564102564102564
Case399,W_Completeren aanvraag,res_8a4ef218-abd5-42fa-9b05-623b7ba3c08b,Role 1,2012-02-21 19:27:31.582013959,633,1,res_8a4ef218-abd5-42fa-9b05-623b7ba3c08b,2012-02-21 19:25:08.538398959,0.02564102564102564
Case399,W_Completeren aanvraag,res_dec66574-3de2-4d20-a02f-ab348539e500,Role 1,2012-02-21 20:26:11.513636159,633,1,res_dec66574-3de2-4d20-a02f-ab348539e500,2012-02-21 20:23:47.125935159,0.0
Case399,W_Completeren aanvraag,res_a60942a0-f9c4-436b-a4d0-6eeb41b2f0f2,Role 1,2012-02-21 23:01:10.398505859,632,1,res_a60942a0-f9c4-436b-a4d0-6eeb41b2f0f2,2012-02-21 22:58:56.495854859,0.0
Case4,W_Completeren aanvraag,res_d39cd18a-e6fc-4de4-b991-deff4ba6e82a,Role 1,2012-02-13 19:30:46.289192167,522,1,res_d39cd18a-e6fc-4de4-b991-deff4ba6e82a,2012-02-13 19:28:14.523562167,0.0
Case4,W_Nabellen offertes,res_4c3013be-6589-47a8-a7c4-f99f2e4b9a48,Role 1,2012-02-13 19:50:00.671725867,524,1,res_4c3013be-6589-47a8-a7c4-f99f2e4b9a48,2012-02-13 19:47:40.102296867,0.0
Case40,W_Completeren aanvraag,res_230c0182-4111-4506-bfd5-9b0719b08311,Role 1,2012-02-14 12:43:19.952943479,541,1,res_230c0182-4111-4506-bfd5-9b0719b08311,2012-02-14 12:40:52.430264479,0.0
Case40,W_Completeren aanvraag,res_6488ab10-d3ee-4b87-935d-302131660e4e,Role 1,2012-02-14 13:45:45.053917679,543,2,res_6488ab10-d3ee-4b87-935d-302131660e4e,2012-02-14 13:43:22.033790679,0.02564102564102564
Case40,W_Nabellen offertes,res_709ed04f-5b76-49c4-aeeb-ad921b6f6ca1,Role 1,2012-02-15 12:38:01.464664679,553,1,res_709ed04f-5b76-49c4-aeeb-ad921b6f6ca1,2012-02-15 12:35:23.506933679,0.0
Case400,W_Completeren aanvraag,res_843e228f-f915-4f9a-b2c1-ff974c62e207,Role 1,2012-02-21 20:25:41.766014674,633,1,res_843e228f-f915-4f9a-b2c1-ff974c62e207,2012-02-21 20:23:19.337532674,0.0
Case400,W_Completeren aanvraag,res_3efedec2-7c7d-4360-b422-dcf1d20a8bfd,Role 1,2012-02-21 21:25:54.393090274,633,1,res_3efedec2-7c7d-4360-b422-dcf1d20a8bfd,2012-02-21 21:23:31.493161274,0.0
Case400,W_Completeren aanvraag,res_7c2a7682-7073-471d-9707-2acad2b806ab,Role 1,2012-02-22 03:29:18.638626674,629,1,res_7c2a7682-7073-471d-9707-2acad2b806ab,2012-02-22 03:26:37.876978674,0.0
Case400,W_Nabellen offertes,res_3efedec2-7c7d-4360-b422-dcf1d20a8bfd,Role 1,2012-02-22 19:13:18.738776074,637,1,res_3efedec2-7c7d-4360-b422-dcf1d20a8bfd,2012-02-22 19:11:29.804993074,0.0
Case400,W_Nabellen offertes,res_3efedec2-7c7d-4360-b422-dcf1d20a8bfd,Role 1,2012-02-25 00:55:45.684987974,640,1,res_3efedec2-7c7d-4360-b422-dcf1d20a8bfd,2012-02-25 00:54:06.083317974,0.05128205128205128
Case400,W_Nabellen offertes,res_6488ab10-d3ee-4b87-935d-302131660e4e,Role 1,2012-02-26 23:06:10.911729774,621,1,res_6488ab10-d3ee-4b87-935d-302131660e4e,2012-02-26 23:04:17.159426774,0.0
Case401,W_Completeren aanvraag,res_5a3eddbb-0eb4-49ac-9904-07583235092c,Role 1,2012-02-21 20:28:28.886249489,634,1,res_5a3eddbb-0eb4-49ac-9904-07583235092c,2012-02-21 20:26:06.573508489,0.0
Case401,W_Completeren aanvraag,res_d39cd18a-e6fc-4de4-b991-deff4ba6e82a,Role 1,2012-02-21 21:28:47.706508989,633,1,res_d39cd18a-e6fc-4de4-b991-deff4ba6e82a,2012-02-21 21:26:24.898222989,0.0
Case401,W_Completeren aanvraag,res_1b3fa211-3349-4835-aae7-baccd0368824,Role 1,2012-02-22 03:42:00.100493889,628,1,res_1b3fa211-3349-4835-aae7-baccd0368824,2012-02-22 03:39:17.394273889,0.0
Case402,W_Completeren aanvraag,res_bae84d23-abe1-4580-a954-c8576ba025c9,Role 1,2012-02-21 21:27:45.275434913,634,1,res_bae84d23-abe1-4580-a954-c8576ba025c9,2012-02-21 21:25:24.871499913,0.0
Case402,W_Nabellen offertes,res_7c2a7682-7073-471d-9707-2acad2b806ab,Role 1,2012-02-21 21:48:06.806988013,634,1,res_7c2a7682-7073-471d-9707-2acad2b806ab,2012-02-21 21:45:54.701763013,0.0
Case402,W_Nabellen offertes,res_9a47d014-a019-4396-9e72-1d1379a66c99,Role 1,2012-02-29 15:37:38.388169413,629,1,res_9a47d014-a019-4396-9e72-1d1379a66c99,2012-02-29 15:35:55.273236413,0.02564102564102564
Case403,W_Completeren aanvraag,res_219a258e-f803-4016-b457-8c77c3b88a65,Role 1,2012-02-22 09:33:57.049036807,624,1,res_219a258e-f803-4016-b457-8c77c3b88a65,2012-02-22 09:31:09.694286807,0.0
Case404,W_Completeren aanvraag,res_bb73aa9d-d45e-496a-a1ec-c9fe6e899287,Role 1,2012-02-22 09:42:30.083798900,624,1,res_bb73aa9d-d45e-496a-a1ec-c9fe6e899287,2012-02-22 09:39:43.491561900,0.0
Case404,W_Nabellen offertes,res_a60942a0-f9c4-436b-a4d0-6eeb41b2f0f2,Role 1,2012-02-22 10:33:01.438924200,628,1,res_a60942a0-f9c4-436b-a4d0-6eeb41b2f0f2,2012-02-22 10:30:38.331967200,0.02564102564102564
Case405,W_Completeren aanvraag,res_4d502259-de4c-4574-91b7-d3c939a9cf04,Role 1,2012-02-22 09:47:05.662954556,625,1,res_4d502259-de4c-4574-91b7-d3c939a9cf04,2012-02-22 09:44:19.531666557,0.0
Case405,W_Nabellen offertes,res_1b3fa211-3349-4835-aae7-baccd0368824,Role 1,2012-02-22 10:37:10.590864757,627,1,res_1b3fa211-3349-4835-aae7-baccd0368824,2012-02-22 10:34:47.005748757,0.0
Case405,W_Nabellen offertes,res_57e6001e-3d34-44ab-b1e6-21b6b1001542,Role 1,2012-02-29 19:49:49.325019557,620,1,res_57e6001e-3d34-44ab-b1e6-21b6b1001542,2012-02-29 19:46:56.597621557,0.0
Case405,W_Nabellen offertes,res_4bfd217b-a1fe-4479-a77c-aded82769086,Role 1,2012-03-02 10:56:26.673503857,631,1,res_4bfd217b-a1fe-4479-a77c-aded82769086,2012-03-02 10:54:42.469592857,0.0
Case406,W_Completeren aanvraag,res_843e228f-f915-4f9a-b2c1-ff974c62e207,Role 1,2012-02-22 09:52:26.491269899,626,1,res_843e228f-f915-4f9a-b2c1-ff974c62e207,2012-02-22 09:49:40.906824899,0.0
Case407,W_Afhandelen leads,res_1b9a0c06-ad62-425d-8a95-45a175c5555c,Role 1,2012-02-22 10:02:14.732813863,626,0,res_1b9a0c06-ad62-425d-8a95-45a175c5555c,2012-02-22 09:59:05.076381863,0.0
Case407,W_Completeren aanvraag,res_6488ab10-d3ee-4b87-935d-302131660e4e,Role 1,2012-02-22 11:41:40.443300063,630,1,res_6488ab10-d3ee-4b87-935d-302131660e4e,2012-02-22 11:39:06.263156063,0.0
Case407,W_Nabellen offertes,res_0fc057cb-3a7d-47d3-8cd2-6d92b33620c4,Role 1,2012-02-23 19:12:40.858112363,643,2,res_0fc057cb-3a7d-47d3-8cd2-6d92b33620c4,2012-02-23 19:10:47.870562363,0.02564102564102564
Case408,W_Afhandelen leads,res_dec66574-3de2-4d20-a02f-ab348539e500,Role 1,2012-02-22 10:09:22.311999774,627,0,res_dec66574-3de2-4d20-a02f-ab348539e500,2012-02-22 10:06:13.240777774,0.0
Case408,W_Completeren aanvraag,res_d39cd18a-e6fc-4de4-b991-deff4ba6e82a,Role 1,2012-02-22 11:47:00.650323374,632,1,res_d39cd18a-e6fc-4de4-b991-deff4ba6e82a,2012-02-22 11:44:26.430217374,0.0
Case409,W_Completeren aanvraag,res_d5f36d0a-a64a-45e5-8850-daee823f6c96,Role 1,2012-02-22 10:19:07.491949697,628,1,res_d5f36d0a-a64a-45e5-8850-daee823f6c96,2012-02-22 10:16:24.760279697,0.0
Case41,W_Completeren aanvraag,res_230c0182-4111-4506-bfd5-9b0719b08311,Role 1,2012-02-14 13:09:46.643719078,541,1,res_230c0182-4111-4506-bfd5-9b0719b08311,2012-02-14 13:07:20.164589078,0.0
Case41,W_Completeren aanvraag,res_6488ab10-d3ee-4b87-935d-302131660e4e,Role 1,2012-02-14 14:08:55.470339678,543,1,res_6488ab10-d3ee-4b87-935d-302131660e4e,2012-02-14 14:06:29.190301678,0.0
Case41,W_Completeren aanvraag,res_d39cd18a-e6fc-4de4-b991-deff4ba6e82a,Role 1,2012-02-14 15:53:23.817208478,544,2,res_d39cd18a-e6fc-4de4-b991-deff4ba6e82a,2012-02-14 15:51:09.845067478,0.05128205128205128
Case41,W_Nabellen offertes,res_1b3fa211-3349-4835-aae7-baccd0368824,Role 1,2012-02-15 01:30:15.306466578,546,1,res_1b3fa211-3349-4835-aae7-baccd0368824,2012-02-15 01:28:29.778765578,0.0
Case41,W_Nabellen offertes,res_0ba00481-2705-40d0-b647-5ea4bd04a214,Role 1,2012-02-19 04:30:44.284718978,602,1,res_0ba00481-2705-40d0-b647-5ea4bd04a214,2012-02-19 04:29:10.546687978,0.0
Case410,W_Afhandelen leads,res_d5f36d0a-a64a-45e5-8850-daee823f6c96,Role 1,2012-02-22 10:27:32.886209754,628,0,res_d5f36d0a-a64a-45e5-8850-daee823f6c96,2012-02-22 10:24:25.311848754,0.0
Case410,W_Completeren aanvraag,res_4ea7e99f-9f77-43d0-af71-4b2253ae6764,Role 1,2012-02-22 11:58:22.245932654,632,2,res_4ea7e99f-9f77-43d0-af71-4b2253ae6764,2012-02-22 11:55:51.307171654,0.02564102564102564
Case411,W_Completeren aanvraag,res_9a47d014-a019-4396-9e72-1d1379a66c99,Role 1,2012-02-22 10:34:04.976851928,628,1,res_9a47d014-a019-4396-9e72-1d1379a66c99,2012-02-22 10:31:24.409233928,0.02564102564102564
Case411,W_Completeren aanvraag,res_6488ab10-d3ee-4b87-935d-302131660e4e,Role 1,2012-02-22 12:03:16.687424028,631,1,res_6488ab10-d3ee-4b87-935d-302131660e4e,2012-02-22 12:00:43.924959028,0.0
Case411,W_Nabellen offertes,res_0fc057cb-3a7d-47d3-8cd2-6d92b33620c4,Role 1,2012-02-23 19:02:05.206638328,643,1,res_0fc057cb-3a7d-47d3-8cd2-6d92b33620c4,2012-02-23 19:00:12.732277328,0.0
Case411,W_Nabellen offertes,res_4bfd217b-a1fe-4479-a77c-aded82769086,Role 1,2012-03-01 16:37:33.891523728,630,1,res_4bfd217b-a1fe-4479-a77c-aded82769086,2012-03-01 16:35:58.534994728,0.0
Case411,W_Nabellen offertes,res_a60942a0-f9c4-436b-a4d0-6eeb41b2f0f2,Role 1,2012-03-03 14:24:39.710703028,623,1,res_a60942a0-f9c4-436b-a4d0-6eeb41b2f0f2,2012-03-03 14:23:04.196541028,0.0
Case411,W_Nabellen offertes,res_1b3fa211-3349-4835-aae7-baccd0368824,Role 1,2012-03-06 00:07:23.515384328,614,1,res_1b3fa211-3349-4835-aae7-baccd0368824,2012-03-06 00:05:53.396717328,0.0
Case412,W_Completeren aanvraag,res_4c3013be-6589-47a8-a7c4-f99f2e4b9a48,Role 1,2012-02-22 10:34:17.901296676,629,2,res_4c3013be-6589-47a8-a7c4-f99f2e4b9a48,2012-02-22 10:31:44.558146676,0.05128205128205128
Case412,W_Nabellen offertes,res_5724148e-e102-4421-a053-83c428a11f68,Role 1,2012-02-22 11:20:02.612336876,631,1,res_5724148e-e102-4421-a053-83c428a11f68,2012-02-22 11:17:44.047203876,0.02564102564102564
Case413,W_Completeren aanvraag,res_57e6001e-3d34-44ab-b1e6-21b6b1001542,Role 1,2012-02-22 10:50:57.975447826,630,1,res_57e6001e-3d34-44ab-b1e6-21b6b1001542,2012-02-22 10:48:18.906990826,0.0
Case414,W_Afhandelen leads,res_219a258e-f803-4016-b457-8c77c3b88a65,Role 1,2012-02-22 11:01:53.195455223,630,0,res_219a258e-f803-4016-b457-8c77c3b88a65,2012-02-22 10:58:48.560514223,0.0
Case414,W_Completeren aanvraag,res_5724148e-e102-4421-a053-83c428a11f68,Role 1,2012-02-22 12:24:13.875526023,632,1,res_5724148e-e102-4421-a053-83c428a11f68,2012-02-22 12:21:39.494058023,0.0
Case414,W_Nabellen offertes,res_8a4ef218-abd5-42fa-9b05-623b7ba3c08b,Role 1,2012-02-23 20:06:04.816986223,639,1,res_8a4ef218-abd5-42fa-9b05-623b7ba3c08b,2012-02-23 20:04:11.529991223,0.02564102564102564
Case414,W_Nabellen offertes,res_0ba00481-2705-40d0-b647-5ea4bd04a214,Role 1,2012-03-01 15:46:22.645783723,631,1,res_0ba00481-2705-40d0-b647-5ea4bd04a214,2012-03-01 15:44:47.281075723,0.05128205128205128
Case415,W_Afhandelen leads,res_4c3013be-6589-47a8-a7c4-f99f2e4b9a48,Role 1,2012-02-22 11:14:30.762557212,631,0,res_4c3013be-6589-47a8-a7c4-f99f2e4b9a48,2012-02-22 11:11:27.167079212,0.0
Case415,W_Completeren aanvraag,res_a60942a0-f9c4-436b-a4d0-6eeb41b2f0f2,Role 1,2012-02-22 12:34:02.084904312,633,1,res_a60942a0-f9c4-436b-a4d0-6eeb41b2f0f2,2012-02-22 12:31:27.682096312,0.0
Case416,W_Completeren aanvraag,res_08871a3e-f393-4f22-a0a4-e36c9d59a78e,Role 1,2012-02-22 11:33:05.519308164,631,2,res_08871a3e-f393-4f22-a0a4-e36c9d59a78e,2012-02-22 11:30:37.669997164,0.02564102564102564
Case416,W_Completeren aanvraag,res_219a258e-f803-4016-b457-8c77c3b88a65,Role 1,2012-02-22 12:45:26.005194364,633,1,res_219a258e-f803-4016-b457-8c77c3b88a65,2012-02-22 12:42:54.998604364,0.0
Case416,W_Completeren aanvraag,res_1b9a0c06-ad62-425d-8a95-45a175c5555c,Role 1,2012-02-22 16:32:49.051280464,633,1,res_1b9a0c06-ad62-425d-8a95-45a175c5555c,2012-02-22 16:30:36.002872464,0.0
Case416,W_Completeren aanvraag,res_d5f36d0a-a64a-45e5-8850-daee823f6c96,Role 1,2012-02-22 17:59:21.098383264,637,1,res_d5f36d0a-a64a-45e5-8850-daee823f6c96,2012-02-22 17:57:32.338498264,0.0
Case417,W_Completeren aanvraag,res_5724148e-e102-4421-a053-83c428a11f68,Role 1,2012-02-22 11:34:41.422992544,632,3,res_5724148e-e102-4421-a053-83c428a11f68,2012-02-22 11:32:19.422006545,0.10256410256410256
Case417,W_Completeren aanvraag,res_d856942c-e08c-4dce-8114-31eacb6f69b7,Role 1,2012-02-22 12:51:44.127059845,633,1,res_d856942c-e08c-4dce-8114-31eacb6f69b7,2012-02-22 12:49:15.804291845,0.0
Case417,W_Nabellen offertes,res_d5f36d0a-a64a-45e5-8850-daee823f6c96,Role 1,2012-02-23 22:27:32.439112345,640,1,res_d5f36d0a-a64a-45e5-8850-daee823f6c96,2012-02-23 22:25:42.815574345,0.0
Case418,W_Completeren aanvraag,res_1d01c37d-a137-4a7e-8f12-e8c97f0c7f2b,Role 1,2012-02-22 11:48:34.561529692,632,1,res_1d01c37d-a137-4a7e-8f12-e8c97f0c7f2b,2012-02-22 11:46:01.497646693,0.0
Case418,W_Nabellen offertes,res_1b3fa211-3349-4835-aae7-baccd0368824,Role 1,2012-02-22 12:27:33.113990693,633,1,res_1b3fa211-3349-4835-aae7-baccd0368824,2012-02-22 12:25:11.309115693,0.0
Case418,W_Nabellen offertes,res_4c3013be-6589-47a8-a7c4-f99f2e4b9a48,Role 1,2012-03-01 09:46:59.023140693,628,1,res_4c3013be-6589-47a8-a7c4-f99f2e4b9a48,2012-03-01 09:45:11.785774693,0.02564102564102564
Case419,W_Completeren aanvraag,res_4bfd217b-a1fe-4479-a77c-aded82769086,Role 1,2012-02-22 12:00:17.798191261,632,1,res_4bfd217b-a1fe-4479-a77c-aded82769086,2012-02-22 11:57:45.702147261,0.0
Case419,W_Nabellen offertes,res_d5f36d0a-a64a-45e5-8850-daee823f6c96,Role 1,2012-02-22 12:38:50.082655161,634,1,res_d5f36d0a-a64a-45e5-8850-daee823f6c96,2012-02-22 12:36:29.711890161,0.05128205128205128
Case42,W_Completeren aanvraag,res_7c2a7682-7073-471d-9707-2acad2b806ab,Role 1,2012-02-14 13:10:15.741589751,542,2,res_7c2a7682-7073-471d-9707-2acad2b806ab,2012-02-14 13:07:54.417740751,0.02564102564102564
Case42,W_Completeren aanvraag,res_408efd66-8ed2-49bc-94a8-733c7b98a934,Role 1,2012-02-14 14:09:49.947455251,543,2,res_408efd66-8ed2-49bc-94a8-733c7b98a934,2012-02-14 14:07:27.981241251,0.02564102564102564
Case42,W_Completeren aanvraag,res_bb73aa9d-d45e-496a-a1ec-c9fe6e899287,Role 1,2012-02-14 16:03:48.218674051,543,2,res_bb73aa9d-d45e-496a-a1ec-c9fe6e899287,2012-02-14 16:01:35.651161051,0.02564102564102564
Case420,W_Afhandelen leads,res_5724148e-e102-4421-a053-83c428a11f68,Role 1,2012-02-22 12:19:02.255222066,633,0,res_5724148e-e102-4421-a053-83c428a11f68,2012-02-22 12:16:03.817892066,0.02564102564102564
Case420,W_Completeren aanvraag,res_1d01c37d-a137-4a7e-8f12-e8c97f0c7f2b,Role 1,2012-02-22 13:28:38.212047466,634,1,res_1d01c37d-a137-4a7e-8f12-e8c97f0c7f2b,2012-02-22 13:26:04.978370466,0.02564102564102564
Case420,W_Nabellen offertes,res_7c2a7682-7073-471d-9707-2acad2b806ab,Role 1,2012-02-23 23:26:02.347440566,637,1,res_7c2a7682-7073-471d-9707-2acad2b806ab,2012-02-23 23:24:10.682728566,0.0
Case420,W_Nabellen offertes,res_57e6001e-3d34-44ab-b1e6-21b6b1001542,Role 1,2012-03-01 11:15:32.959864766,628,1,res_57e6001e-3d34-44ab-b1e6-21b6b1001542,2012-03-01 11:13:55.608467766,0.0
Case421,W_Afhandelen leads,res_7b435aaa-ab1b-4205-92d4-81495e1b2d15,Role 1,2012-02-22 12:35:02.766508905,633,0,res_7b435aaa-ab1b-4205-92d4-81495e1b2d15,2012-02-22 12:32:02.906138905,0.0
Case421,W_Completeren aanvraag,res_4bfd217b-a1fe-4479-a77c-aded82769086,Role 1,2012-02-22 13:40:26.546697705,635,2,res_4bfd217b-a1fe-4479-a77c-aded82769086,2012-02-22 13:37:55.312415705,0.02564102564102564
Case421,W_Completeren aanvraag,res_59c642c1-18f5-484a-aed6-a023ede79a28,Role 1,2012-02-22 16:45:51.113935905,635,1,res_59c642c1-18f5-484a-aed6-a023ede79a28,2012-02-22 16:43:35.287583905,0.0
Case421,W_Completeren aanvraag,res_7c2a7682-7073-471d-9707-2acad2b806ab,Role 1,2012-02-22 18:03:45.837517305,636,1,res_7c2a7682-7073-471d-9707-2acad2b806ab,2012-02-22 18:01:55.063374305,0.0
Case422,W_Afhandelen leads,res_bb73aa9d-d45e-496a-a1ec-c9fe6e899287,Role 1,2012-02-22 12:35:46.379505052,634,1,res_bb73aa9d-d45e-496a-a1ec-c9fe6e899287,2012-02-22 12:32:55.293312052,0.02564102564102564
Case422,W_Completeren aanvraag,res_219a258e-f803-4016-b457-8c77c3b88a65,Role 1,2012-02-22 13:43:07.275548952,636,2,res_219a258e-f803-4016-b457-8c77c3b88a65,2012-02-22 13:40:37.455263952,0.02564102564102564
Case422,W_Nabellen offertes,res_570add54-a9ce-40af-8ebf-c88ddafd5fef,Role 1,2012-02-24 00:11:23.052027452,637,1,res_570add54-a9ce-40af-8ebf-c88ddafd5fef,2012-02-24 00:09:32.459217452,0.02564102564102564
Case422,W_Nabellen offertes,res_0ba00481-2705-40d0-b647-5ea4bd04a214,Role 1,2012-03-01 10:23:55.184234552,626,1,res_0ba00481-2705-40d0-b647-5ea4bd04a214,2012-03-01 10:22:17.137856552,0.0
Case423,W_Completeren aanvraag,res_9a47d014-a019-4396-9e72-1d1379a66c99,Role 1,2012-02-22 12:52:18.746884950,634,1,res_9a47d014-a019-4396-9e72-1d1379a66c99,2012-02-22 12:49:49.791068950,0.0
Case423,W_Completeren aanvraag,res_408efd66-8ed2-49bc-94a8-733c7b98a934,Role 1,2012-02-22 13:57:52.000459650,635,1,res_408efd66-8ed2-49bc-94a8-733c7b98a934,2012-02-22 13:55:20.102195650,0.0
Case424,W_Afhandelen leads,res_7c2a7682-7073-471d-9707-2acad2b806ab,Role 1,2012-02-22 13:07:39.385552806,633,0,res_7c2a7682-7073-471d-9707-2acad2b806ab,2012-02-22 13:04:39.365566806,0.0
Case424,W_Completeren aanvraag,res_4c3013be-6589-47a8-a7c4-f99f2e4b9a48,Role 1,2012-02-22 14:11:42.679254006,635,1,res_4c3013be-6589-47a8-a7c4-f99f2e4b9a48,2012-02-22 14:09:10.034935006,0.05128205128205128
Case424,W_Completeren aanvraag,res_1d01c37d-a137-4a7e-8f12-e8c97f0c7f2b,Role 1,2012-02-22 17:15:01.333573206,637,1,res_1d01c37d-a137-4a7e-8f12-e8c97f0c7f2b,2012-02-22 17:12:44.762400206,0.0
Case425,W_Afhandelen leads,res_1b3fa211-3349-4835-aae7-baccd0368824,Role 1,2012-02-22 13:22:52.435564323,634,0,res_1b3fa211-3349-4835-aae7-baccd0368824,2012-02-22 13:19:52.111314323,0.0
Case425,W_Completeren aanvraag,res_6488ab10-d3ee-4b87-935d-302131660e4e,Role 1,2012-02-22 14:25:42.908281223,633,1,res_6488ab10-d3ee-4b87-935d-302131660e4e,2012-02-22 14:23:08.422234223,0.0
Case425,W_Nabellen offertes,res_709ed04f-5b76-49c4-aeeb-ad921b6f6ca1,Role 1,2012-02-24 00:57:33.545680723,636,1,res_709ed04f-5b76-49c4-aeeb-ad921b6f6ca1,2012-02-24 00:55:40.637513723,0.0
Case426,W_Completeren aanvraag,res_570add54-a9ce-40af-8ebf-c88ddafd5fef,Role 1,2012-02-22 13:34:14.145212265,635,1,res_570add54-a9ce-40af-8ebf-c88ddafd5fef,2012-02-22 13:31:46.390271265,0.0
Case426,W_Completeren aanvraag,res_a60942a0-f9c4-436b-a4d0-6eeb41b2f0f2,Role 1,2012-02-22 14:35:09.679048465,633,1,res_a60942a0-f9c4-436b-a4d0-6eeb41b2f0f2,2012-02-22 14:32:38.244065465,0.0
Case426,W_Nabellen offertes,res_bb73aa9d-d45e-496a-a1ec-c9fe6e899287,Role 1,2012-02-23 22:10:18.500995565,640,1,res_bb73aa9d-d45e-496a-a1ec-c9fe6e899287,2012-02-23 22:08:27.845324565,0.02564102564102564
Case426,W_Nabellen offertes,res_1d01c37d-a137-4a7e-8f12-e8c97f0c7f2b,Role 1,2012-03-01 12:28:59.767353065,626,2,res_1d01c37d-a137-4a7e-8f12-e8c97f0c7f2b,2012-03-01 12:27:24.333236065,0.02564102564102564
Case427,W_Completeren aanvraag,res_40e4f4c6-1170-4ce1-ba24-0dfa2dd61b15,Role 1,2012-02-22 13:36:09.865953307,636,3,res_40e4f4c6-1170-4ce1-ba24-0dfa2dd61b15,2012-02-22 13:33:51.313530307,0.05128205128205128
Case428,W_Afhandelen leads,res_3efedec2-7c7d-4360-b422-dcf1d20a8bfd,Role 1,2012-02-22 14:03:49.096600754,635,0,res_3efedec2-7c7d-4360-b422-dcf1d20a8bfd,2012-02-22 14:00:47.256332754,0.0
Case428,W_Completeren aanvraag,res_a400b893-c7da-495f-bf62-a744eeccb8c5,Role 1,2012-02-22 15:03:21.713636754,635,1,res_a400b893-c7da-495f-bf62-a744eeccb8c5,2012-02-22 15:00:47.041086754,0.0
Case428,W_Completeren aanvraag,res_13020984-8d57-4f3c-8ba3-5a323081e70b,Role 1,2012-02-22 17:23:35.134401654,637,1,res_13020984-8d57-4f3c-8ba3-5a323081e70b,2012-02-22 17:21:19.023159654,0.02564102564102564
Case428,W_Completeren aanvraag,res_4c3013be-6589-47a8-a7c4-f99f2e4b9a48,Role 1,2012-02-22 18:27:58.530229054,636,1,res_4c3013be-6589-47a8-a7c4-f99f2e4b9a48,2012-02-22 18:26:07.480355054,0.0
Case429,W_Completeren aanvraag,res_4c3013be-6589-47a8-a7c4-f99f2e4b9a48,Role 1,2012-02-22 14:34:13.569550824,634,1,res_4c3013be-6589-47a8-a7c4-f99f2e4b9a48,2012-02-22 14:31:45.993533824,0.0
Case43,W_Completeren aanvraag,res_5a3eddbb-0eb4-49ac-9904-07583235092c,Role 1,2012-02-14 13:28:01.257878971,542,1,res_5a3eddbb-0eb4-49ac-9904-07583235092c,2012-02-14 13:25:35.257996971,0.0
Case43,W_Completeren aanvraag,res_6488ab10-d3ee-4b87-935d-302131660e4e,Role 1,2012-02-14 14:26:48.329891571,545,2,res_6488ab10-d3ee-4b87-935d-302131660e4e,2012-02-14 14:24:24.513354571,0.02564102564102564
Case430,W_Completeren aanvraag,res_4ea7e99f-9f77-43d0-af71-4b2253ae6764,Role 1,2012-02-22 14:36:31.340459339,635,2,res_4ea7e99f-9f77-43d0-af71-4b2253ae6764,2012-02-22 14:34:09.050814339,0.02564102564102564
Case430,W_Nabellen offertes,res_1b9a0c06-ad62-425d-8a95-45a175c5555c,Role 1,2012-02-22 15:04:38.209590539,635,1,res_1b9a0c06-ad62-425d-8a95-45a175c5555c,2012-02-22 15:02:23.161853539,0.0
Case431,W_Afhandelen leads,res_570add54-a9ce-40af-8ebf-c88ddafd5fef,Role 1,2012-02-22 14:55:14.498681308,635,0,res_570add54-a9ce-40af-8ebf-c88ddafd5fef,2012-02-22 14:52:10.039983308,0.0
Case431,W_Completeren aanvraag,res_8a4ef218-abd5-42fa-9b05-623b7ba3c08b,Role 1,2012-02-22 15:53:24.137164508,634,1,res_8a4ef218-abd5-42fa-9b05-623b7ba3c08b,2012-02-22 15:50:50.044754508,0.02564102564102564
Case432,W_Afhandelen leads,res_3efedec2-7c7d-4360-b422-dcf1d20a8bfd,Role 1,2012-02-22 15:10:13.070470539,635,0,res_3efedec2-7c7d-4360-b422-dcf1d20a8bfd,2012-02-22 15:07:09.688937539,0.02564102564102564
Case432,W_Completeren aanvraag,res_0ba00481-2705-40d0-b647-5ea4bd04a214,Role 1,2012-02-22 16:07:58.748023839,633,1,res_0ba00481-2705-40d0-b647-5ea4bd04a214,2012-02-22 16:05:23.796859839,0.0
Case432,W_Completeren aanvraag,res_1b9a0c06-ad62-425d-8a95-45a175c5555c,Role 1,2012-02-22 18:15:06.271112639,636,2,res_1b9a0c06-ad62-425d-8a95-45a175c5555c,2012-02-22 18:12:52.747391639,0.02564102564102564
Case432,W_Completeren aanvraag,res_dec66574-3de2-4d20-a02f-ab348539e500,Role 1,2012-02-22 19:20:03.906778939,637,1,res_dec66574-3de2-4d20-a02f-ab348539e500,2012-02-22 19:18:13.966026939,0.0
Case432,W_Nabellen offertes,res_d5f36d0a-a64a-45e5-8850-daee823f6c96,Role 1,2012-02-23 03:54:32.830179738,639,1,res_d5f36d0a-a64a-45e5-8850-daee823f6c96,2012-02-23 03:52:21.563715739,0.0
Case432,W_Nabellen offertes,res_d39cd18a-e6fc-4de4-b991-deff4ba6e82a,Role 1,2012-02-26 04:24:04.505705239,635,1,res_d39cd18a-e6fc-4de4-b991-deff4ba6e82a,2012-02-26 04:22:30.543886239,0.0
Case433,W_Completeren aanvraag,res_59c642c1-18f5-484a-aed6-a023ede79a28,Role 1,2012-02-22 15:22:24.486778627,635,1,res_59c642c1-18f5-484a-aed6-a023ede79a28,2012-02-22 15:19:56.355067627,0.0
Case433,W_Nabellen offertes,res_dec66574-3de2-4d20-a02f-ab348539e500,Role 1,2012-02-22 15:47:55.936486127,634,1,res_dec66574-3de2-4d20-a02f-ab348539e500,2012-02-22 15:45:37.750304127,0.0
Case433,W_Nabellen offertes,res_0fc057cb-3a7d-47d3-8cd2-6d92b33620c4,Role 1,2012-03-02 14:06:01.587974827,628,2,res_0fc057cb-3a7d-47d3-8cd2-6d92b33620c4,2012-03-02 14:04:15.133037827,0.05128205128205128
Case434,W_Completeren aanvraag,res_9a47d014-a019-4396-9e72-1d1379a66c99,Role 1,2012-02-22 15:36:01.815287225,635,1,res_9a47d014-a019-4396-9e72-1d1379a66c99,2012-02-22 15:33:34.400925225,0.02564102564102564
Case434,W_Nabellen offertes,res_6488ab10-d3ee-4b87-935d-302131660e4e,Role 1,2012-02-22 16:00:54.161337125,634,1,res_6488ab10-d3ee-4b87-935d-302131660e4e,2012-02-22 15:58:36.315213125,0.0
Case435,W_Completeren aanvraag,res_230c0182-4111-4506-bfd5-9b0719b08311,Role 1,2012-02-22 15:37:08.052046483,636,2,res_230c0182-4111-4506-bfd5-9b0719b08311,2012-02-22 15:34:45.929565483,0.05128205128205128
Case436,W_Completeren aanvraag,res_4ea7e99f-9f77-43d0-af71-4b2253ae6764,Role 1,2012-02-22 15:55:13.655438177,634,1,res_4ea7e99f-9f77-43d0-af71-4b2253ae6764,2012-02-22 15:52:44.903843177,0.0
Case436,W_Completeren aanvraag,res_b70af2ff-820e-4016-a03c-831214a09681,Role 1,2012-02-22 16:52:15.251003477,637,1,res_b70af2ff-820e-4016-a03c-831214a09681,2012-02-22 16:49:44.031528477,0.0
Case436,W_Nabellen offertes,res_709ed04f-5b76-49c4-aeeb-ad921b6f6ca1,Role 1,2012-02-24 05:27:47.231440377,632,1,res_709ed04f-5b76-49c4-aeeb-ad921b6f6ca1,2012-02-24 05:25:24.611333377,0.0
Case437,W_Afhandelen leads,res_57e6001e-3d34-44ab-b1e6-21b6b1001542,Role 1,2012-02-22 16:07:57.574146769,634,0,res_57e6001e-3d34-44ab-b1e6-21b6b1001542,2012-02-22 16:04:51.272147769,0.02564102564102564
Case437,W_Completeren aanvraag,res_13020984-8d57-4f3c-8ba3-5a323081e70b,Role 1,2012-02-22 17:05:01.475435369,637,1,res_13020984-8d57-4f3c-8ba3-5a323081e70b,2012-02-22 17:02:25.961891369,0.0
Case438,W_Completeren aanvraag,res_b42bc940-a579-4310-8bba-a668ba469508,Role 1,2012-02-22 16:19:43.923763196,635,1,res_b42bc940-a579-4310-8bba-a668ba469508,2012-02-22 16:17:14.767028196,0.0
Case438,W_Completeren aanvraag,res_5724148e-e102-4421-a053-83c428a11f68,Role 1,2012-02-22 17:16:45.853333896,637,1,res_5724148e-e102-4421-a053-83c428a11f68,2012-02-22 17:14:15.231282896,0.02564102564102564
Case438,W_Nabellen offertes,res_59c642c1-18f5-484a-aed6-a023ede79a28,Role 1,2012-02-24 09:10:14.860190696,630,2,res_59c642c1-18f5-484a-aed6-a023ede79a28,2012-02-24 09:05:27.070689696,0.02564102564102564
Case439,W_Afhandelen leads,res_1b3fa211-3349-4835-aae7-baccd0368824,Role 1,2012-02-22 16:37:19.412164732,636,0,res_1b3fa211-3349-4835-aae7-baccd0368824,2012-02-22 16:34:10.272230732,0.0
Case439,W_Completeren aanvraag,res_d39cd18a-e6fc-4de4-b991-deff4ba6e82a,Role 1,2012-02-22 17:34:45.478969232,636,2,res_d39cd18a-e6fc-4de4-b991-deff4ba6e82a,2012-02-22 17:32:12.570896232,0.02564102564102564
Case439,W_Completeren aanvraag,res_dec66574-3de2-4d20-a02f-ab348539e500,Role 1,2012-02-22 19:41:28.892224032,639,1,res_dec66574-3de2-4d20-a02f-ab348539e500,2012-02-22 19:39:14.459706032,0.02564102564102564
Case439,W_Completeren aanvraag,res_709ed04f-5b76-49c4-aeeb-ad921b6f6ca1,Role 1,2012-02-22 21:47:51.148941932,641,1,res_709ed04f-5b76-49c4-aeeb-ad921b6f6ca1,2012-02-22 21:46:00.530693932,0.02564102564102564
Case439,W_Nabellen offertes,res_1d01c37d-a137-4a7e-8f12-e8c97f0c7f2b,Role 1,2012-02-23 14:20:03.338291932,640,1,res_1d01c37d-a137-4a7e-8f12-e8c97f0c7f2b,2012-02-23 14:18:11.446856932,0.0
Case44,W_Completeren aanvraag,res_d39cd18a-e6fc-4de4-b991-deff4ba6e82a,Role 1,2012-02-14 13:40:18.489551574,543,1,res_d39cd18a-e6fc-4de4-b991-deff4ba6e82a,2012-02-14 13:37:52.708203574,0.0
Case44,W_Nabellen offertes,res_4d502259-de4c-4574-91b7-d3c939a9cf04,Role 1,2012-02-14 14:08:26.981579274,543,1,res_4d502259-de4c-4574-91b7-d3c939a9cf04,2012-02-14 14:06:03.118975274,0.05128205128205128
Case440,W_Afhandelen leads,res_a400b893-c7da-495f-bf62-a744eeccb8c5,Role 1,2012-02-22 16:37:25.224637018,637,1,res_a400b893-c7da-495f-bf62-a744eeccb8c5,2012-02-22 16:34:23.369024018,0.02564102564102564
Case440,W_Completeren aanvraag,res_1b3fa211-3349-4835-aae7-baccd0368824,Role 1,2012-02-22 17:34:43.425537418,636,1,res_1b3fa211-3349-4835-aae7-baccd0368824,2012-02-22 17:32:09.156721418,0.0
Case440,W_Nabellen offertes,res_0fc057cb-3a7d-47d3-8cd2-6d92b33620c4,Role 1,2012-02-24 10:38:06.436796317,627,1,res_0fc057cb-3a7d-47d3-8cd2-6d92b33620c4,2012-02-24 10:33:38.930840318,0.0
Case441,W_Completeren aanvraag,res_f8049b85-d52c-466e-8778-58e1f3f71604,Role 1,2012-02-22 16:56:13.596840345,637,1,res_f8049b85-d52c-466e-8778-58e1f3f71604,2012-02-22 16:53:43.946398345,0.0
Case441,W_Nabellen offertes,res_a400b893-c7da-495f-bf62-a744eeccb8c5,Role 1,2012-02-22 17:17:34.018735345,637,1,res_a400b893-c7da-495f-bf62-a744eeccb8c5,2012-02-22 17:15:15.839920345,0.0
Case442,W_Afhandelen leads,res_230c0182-4111-4506-bfd5-9b0719b08311,Role 1,2012-02-22 17:04:12.140016629,637,0,res_230c0182-4111-4506-bfd5-9b0719b08311,2012-02-22 17:01:02.185250629,0.0
Case442,W_Completeren aanvraag,res_7c2a7682-7073-471d-9707-2acad2b806ab,Role 1,2012-02-22 18:02:18.879430629,636,1,res_7c2a7682-7073-471d-9707-2acad2b806ab,2012-02-22 17:59:42.763873629,0.0
Case442,W_Nabellen offertes,res_d5f36d0a-a64a-45e5-8850-daee823f6c96,Role 1,2012-02-24 16:34:29.254996329,630,1,res_d5f36d0a-a64a-45e5-8850-daee823f6c96,2012-02-24 16:32:24.888835329,0.02564102564102564
Case442,W_Nabellen offertes,res_13020984-8d57-4f3c-8ba3-5a323081e70b,Role 1,2012-02-29 21:50:47.897105829,617,1,res_13020984-8d57-4f3c-8ba3-5a323081e70b,2012-02-29 21:43:19.405962829,0.0
Case443,W_Afhandelen leads,res_a60942a0-f9c4-436b-a4d0-6eeb41b2f0f2,Role 1,2012-02-22 17:21:49.398182300,637,0,res_a60942a0-f9c4-436b-a4d0-6eeb41b2f0f2,2012-02-22 17:18:38.995724300,0.0
Case443,W_Completeren aanvraag,res_570add54-a9ce-40af-8ebf-c88ddafd5fef,Role 1,2012-02-22 18:20:19.165284000,636,1,res_570add54-a9ce-40af-8ebf-c88ddafd5fef,2012-02-22 18:17:42.961898000,0.0
Case443,W_Completeren aanvraag,res_f8049b85-d52c-466e-8778-58e1f3f71604,Role 1,2012-02-22 20:49:47.467077300,640,1,res_f8049b85-d52c-466e-8778-58e1f3f71604,2012-02-22 20:47:30.099135300,0.0
Case444,W_Completeren aanvraag,res_40e4f4c6-1170-4ce1-ba24-0dfa2dd61b15,Role 1,2012-02-22 17:36:59.111785402,636,1,res_40e4f4c6-1170-4ce1-ba24-0dfa2dd61b15,2012-02-22 17:34:29.016960402,0.0
Case445,W_Afhandelen leads,res_7c2a7682-7073-471d-9707-2acad2b806ab,Role 1,2012-02-22 17:39:01.828926309,637,0,res_7c2a7682-7073-471d-9707-2acad2b806ab,2012-02-22 17:35:52.634948309,0.02564102564102564
Case445,W_Completeren aanvraag,res_9a47d014-a019-4396-9e72-1d1379a66c99,Role 1,2012-02-22 18:38:10.168069209,636,1,res_9a47d014-a019-4396-9e72-1d1379a66c99,2012-02-22 18:35:34.107793209,0.0
Case446,W_Afhandelen leads,res_230c0182-4111-4506-bfd5-9b0719b08311,Role 1,2012-02-22 18:10:02.593291378,636,0,res_230c0182-4111-4506-bfd5-9b0719b08311,2012-02-22 18:06:51.372149378,0.0
Case446,W_Completeren aanvraag,res_59c642c1-18f5-484a-aed6-a023ede79a28,Role 1,2012-02-22 19:10:29.099151578,637,1,res_59c642c1-18f5-484a-aed6-a023ede79a28,2012-02-22 19:07:52.787185578,0.0
Case446,W_Nabellen offertes,res_bb73aa9d-d45e-496a-a1ec-c9fe6e899287,Role 1,2012-02-26 12:26:38.607745578,628,1,res_bb73aa9d-d45e-496a-a1ec-c9fe6e899287,2012-02-26 12:23:27.110514578,0.0
Case446,W_Nabellen offertes,res_b42bc940-a579-4310-8bba-a668ba469508,Role 1,2012-03-01 20:00:23.921563978,626,1,res_b42bc940-a579-4310-8bba-a668ba469508,2012-03-01 19:58:22.929145978,0.0
Case447,W_Afhandelen leads,res_57e6001e-3d34-44ab-b1e6-21b6b1001542,Role 1,2012-02-22 18:37:56.133990159,636,0,res_57e6001e-3d34-44ab-b1e6-21b6b1001542,2012-02-22 18:34:44.739353159,0.0
Case447,W_Completeren aanvraag,res_5724148e-e102-4421-a053-83c428a11f68,Role 1,2012-02-22 19:39:44.547572859,638,1,res_5724148e-e102-4421-a053-83c428a11f68,2012-02-22 19:37:08.288031859,0.0
Case447,W_Completeren aanvraag,res_7b435aaa-ab1b-4205-92d4-81495e1b2d15,Role 1,2012-02-22 23:36:50.361858959,640,1,res_7b435aaa-ab1b-4205-92d4-81495e1b2d15,2012-02-22 23:34:32.696692959,0.0
Case447,W_Completeren aanvraag,res_4d502259-de4c-4574-91b7-d3c939a9cf04,Role 1,2012-02-23 11:12:03.684064759,631,1,res_4d502259-de4c-4574-91b7-d3c939a9cf04,2012-02-23 11:10:04.231910759,0.0
Case447,W_Nabellen offertes,res_1d01c37d-a137-4a7e-8f12-e8c97f0c7f2b,Role 1,2012-02-23 15:33:43.177287159,641,1,res_1d01c37d-a137-4a7e-8f12-e8c97f0c7f2b,2012-02-23 15:31:56.652438159,0.0
Case447,W_Nabellen offertes,res_08871a3e-f393-4f22-a0a4-e36c9d59a78e,Role 1,2012-02-26 12:39:16.415808059,628,1,res_08871a3e-f393-4f22-a0a4-e36c9d59a78e,2012-02-26 12:30:48.405086059,0.0
Case448,W_Completeren aanvraag,res_d5f36d0a-a64a-45e5-8850-daee823f6c96,Role 1,2012-02-22 18:38:38.178233704,637,1,res_d5f36d0a-a64a-45e5-8850-daee823f6c96,2012-02-22 18:36:09.364786704,0.02564102564102564
Case448,W_Completeren aanvraag,res_4bfd217b-a1fe-4479-a77c-aded82769086,Role 1,2012-02-22 19:40:05.767772903,638,2,res_4bfd217b-a1fe-4479-a77c-aded82769086,2012-02-22 19:37:37.870402903,0.02564102564102564
Case449,W_Completeren aanvraag,res_40e4f4c6-1170-4ce1-ba24-0dfa2dd61b15,Role 1,2012-02-22 19:05:54.262214087,638,2,res_40e4f4c6-1170-4ce1-ba24-0dfa2dd61b15,2012-02-22 19:03:30.493730087,0.02564102564102564
Case449,W_Completeren aanvraag,res_5724148e-e102-4421-a053-83c428a11f68,Role 1,2012-02-22 20:08:19.997859387,639,1,res_5724148e-e102-4421-a053-83c428a11f68,2012-02-22 20:05:51.384515387,0.0
Case449,W_Completeren aanvraag,res_b42bc940-a579-4310-8bba-a668ba469508,Role 1,2012-02-23 03:37:45.183748987,639,1,res_b42bc940-a579-4310-8bba-a668ba469508,2012-02-23 03:35:13.093471987,0.0
Case449,W_Nabellen offertes,res_d856942c-e08c-4dce-8114-31eacb6f69b7,Role 1,2012-02-23 21:47:42.405240387,639,1,res_d856942c-e08c-4dce-8114-31eacb6f69b7,2012-02-23 21:45:59.152647387,0.0
Case45,W_Afhandelen leads,res_4ea7e99f-9f77-43d0-af71-4b2253ae6764,Role 1,2012-02-14 13:51:18.154793147,543,0,res_4ea7e99f-9f77-43d0-af71-4b2253ae6764,2012-02-14 13:48:16.317053147,0.0
Case45,W_Completeren aanvraag,res_408efd66-8ed2-49bc-94a8-733c7b98a934,Role 1,2012-02-14 14:48:52.017134147,544,1,res_408efd66-8ed2-49bc-94a8-733c7b98a934,2012-02-14 14:46:20.884300147,0.0
Case450,W_Afhandelen leads,res_7c2a7682-7073-471d-9707-2acad2b806ab,Role 1,2012-02-22 19:24:42.654735056,639,0,res_7c2a7682-7073-471d-9707-2acad2b806ab,2012-02-22 19:21:31.482899056,0.0
Case450,W_Completeren aanvraag,res_57e6001e-3d34-44ab-b1e6-21b6b1001542,Role 1,2012-02-22 20:28:06.151369956,640,1,res_57e6001e-3d34-44ab-b1e6-21b6b1001542,2012-02-22 20:25:30.182584956,0.0
Case450,W_Completeren aanvraag,res_1d01c37d-a137-4a7e-8f12-e8c97f0c7f2b,Role 1,2012-02-23 05:32:26.900085556,636,1,res_1d01c37d-a137-4a7e-8f12-e8c97f0c7f2b,2012-02-23 05:29:43.277290556,0.0
Case451,W_Afhandelen leads,res_d856942c-e08c-4dce-8114-31eacb6f69b7,Role 1,2012-02-22 19:38:04.491864455,638,0,res_d856942c-e08c-4dce-8114-31eacb6f69b7,2012-02-22 19:34:53.409626455,0.0
Case451,W_Completeren aanvraag,res_1b9a0c06-ad62-425d-8a95-45a175c5555c,Role 1,2012-02-22 20:41:51.522115455,639,1,res_1b9a0c06-ad62-425d-8a95-45a175c5555c,2012-02-22 20:39:15.649332455,0.0
Case451,W_Nabellen offertes,res_1b9a0c06-ad62-425d-8a95-45a175c5555c,Role 1,2012-02-27 19:59:56.482511055,612,1,res_1b9a0c06-ad62-425d-8a95-45a175c5555c,2012-02-27 19:56:21.069807055,0.0
Case451,W_Nabellen offertes,res_f8049b85-d52c-466e-8778-58e1f3f71604,Role 1,2012-03-02 00:05:39.847038255,624,1,res_f8049b85-d52c-466e-8778-58e1f3f71604,2012-03-02 00:02:15.283805255,0.0
Case452,W_Afhandelen leads,res_a400b893-c7da-495f-bf62-a744eeccb8c5,Role 1,2012-02-22 19:39:15.135910538,639,1,res_a400b893-c7da-495f-bf62-a744eeccb8c5,2012-02-22 19:36:10.982940538,0.02564102564102564
Case452,W_Completeren aanvraag,res_1b9a0c06-ad62-425d-8a95-45a175c5555c,Role 1,2012-02-22 20:42:47.918014338,639,2,res_1b9a0c06-ad62-425d-8a95-45a175c5555c,2012-02-22 20:40:17.153685338,0.02564102564102564
Case452,W_Completeren aanvraag,res_08871a3e-f393-4f22-a0a4-e36c9d59a78e,Role 1,2012-02-23 06:09:44.374201938,634,1,res_08871a3e-f393-4f22-a0a4-e36c9d59a78e,2012-02-23 06:07:01.365527938,0.0
Case452,W_Completeren aanvraag,res_b70af2ff-820e-4016-a03c-831214a09681,Role 1,2012-02-23 09:02:28.844624738,632,1,res_b70af2ff-820e-4016-a03c-831214a09681,2012-02-23 09:00:34.457262738,0.0
Case453,W_Afhandelen leads,res_f8049b85-d52c-466e-8778-58e1f3f71604,Role 1,2012-02-22 20:17:28.345963517,640,0,res_f8049b85-d52c-466e-8778-58e1f3f71604,2012-02-22 20:14:17.884537517,0.0
Case453,W_Completeren aanvraag,res_f8049b85-d52c-466e-8778-58e1f3f71604,Role 1,2012-02-22 21:22:45.791032317,642,1,res_f8049b85-d52c-466e-8778-58e1f3f71604,2012-02-22 21:20:10.293832317,0.0
Case454,W_Afhandelen leads,res_8a4ef218-abd5-42fa-9b05-623b7ba3c08b,Role 1,2012-02-22 20:38:38.479889236,640,0,res_8a4ef218-abd5-42fa-9b05-623b7ba3c08b,2012-02-22 20:35:31.295823236,0.05128205128205128
Case454,W_Completeren aanvraag,res_57e6001e-3d34-44ab-b1e6-21b6b1001542,Role 1,2012-02-22 21:44:55.670775336,642,2,res_57e6001e-3d34-44ab-b1e6-21b6b1001542,2012-02-22 21:42:24.016484336,0.02564102564102564
Case455,W_Afhandelen leads,res_408efd66-8ed2-49bc-94a8-733c7b98a934,Role 1,2012-02-22 20:39:42.301693219,641,1,res_408efd66-8ed2-49bc-94a8-733c7b98a934,2012-02-22 20:36:40.809572219,0.05128205128205128
Case455,W_Completeren aanvraag,res_d39cd18a-e6fc-4de4-b991-deff4ba6e82a,Role 1,2012-02-22 21:45:50.380482519,642,3,res_d39cd18a-e6fc-4de4-b991-deff4ba6e82a,2012-02-22 21:43:23.432394519,0.05128205128205128
Case456,W_Completeren aanvraag,res_4d502259-de4c-4574-91b7-d3c939a9cf04,Role 1,2012-02-22 21:02:17.549406881,642,1,res_4d502259-de4c-4574-91b7-d3c939a9cf04,2012-02-22 20:59:51.084551881,0.0
Case456,W_Nabellen offertes,res_0ba00481-2705-40d0-b647-5ea4bd04a214,Role 1,2012-02-22 21:20:16.744850181,642,1,res_0ba00481-2705-40d0-b647-5ea4bd04a214,2012-02-22 21:18:00.539953181,0.02564102564102564
Case456,W_Nabellen offertes,res_b42bc940-a579-4310-8bba-a668ba469508,Role 1,2012-03-02 04:19:24.668431481,621,1,res_b42bc940-a579-4310-8bba-a668ba469508,2012-03-02 04:15:54.486645481,0.0
Case457,W_Completeren aanvraag,res_a60942a0-f9c4-436b-a4d0-6eeb41b2f0f2,Role 1,2012-02-22 21:22:22.057193442,642,2,res_a60942a0-f9c4-436b-a4d0-6eeb41b2f0f2,2012-02-22 21:20:01.026762442,0.02564102564102564
Case457,W_Completeren aanvraag,res_08871a3e-f393-4f22-a0a4-e36c9d59a78e,Role 1,2012-02-22 22:30:52.691934542,640,1,res_08871a3e-f393-4f22-a0a4-e36c9d59a78e,2012-02-22 22:28:24.316396542,0.0
Case457,W_Completeren aanvraag,res_408efd66-8ed2-49bc-94a8-733c7b98a934,Role 1,2012-02-23 16:32:25.651183742,643,4,res_408efd66-8ed2-49bc-94a8-733c7b98a934,2012-02-23 16:30:28.954509742,0.10256410256410256
Case457,W_Completeren aanvraag,res_57e6001e-3d34-44ab-b1e6-21b6b1001542,Role 1,2012-02-23 19:34:08.863348742,641,1,res_57e6001e-3d34-44ab-b1e6-21b6b1001542,2012-02-23 19:32:22.806563742,0.0
Case458,W_Completeren aanvraag,res_709ed04f-5b76-49c4-aeeb-ad921b6f6ca1,Role 1,2012-02-22 21:38:11.213807357,642,1,res_709ed04f-5b76-49c4-aeeb-ad921b6f6ca1,2012-02-22 21:35:46.010770357,0.0
Case458,W_Completeren aanvraag,res_40e4f4c6-1170-4ce1-ba24-0dfa2dd61b15,Role 1,2012-02-22 22:47:41.611775957,640,1,res_40e4f4c6-1170-4ce1-ba24-0dfa2dd61b15,2012-02-22 22:45:10.373573957,0.0
Case458,W_Nabellen offertes,res_d39cd18a-e6fc-4de4-b991-deff4ba6e82a,Role 1,2012-02-28 01:52:18.502997057,630,1,res_d39cd18a-e6fc-4de4-b991-deff4ba6e82a,2012-02-28 01:50:16.387227057,0.02564102564102564
Case458,W_Nabellen offertes,res_408efd66-8ed2-49bc-94a8-733c7b98a934,Role 1,2012-03-01 21:26:11.308168357,624,1,res_408efd66-8ed2-49bc-94a8-733c7b98a934,2012-03-01 21:18:53.363033357,0.0
Case458,W_Nabellen offertes,res_f8049b85-d52c-466e-8778-58e1f3f71604,Role 1,2012-03-03 15:28:41.871228757,630,1,res_f8049b85-d52c-466e-8778-58e1f3f71604,2012-03-03 15:26:59.303488757,0.05128205128205128
Case458,W_Nabellen offertes,res_5724148e-e102-4421-a053-83c428a11f68,Role 1,2012-03-05 20:56:04.703383957,618,1,res_5724148e-e102-4421-a053-83c428a11f68,2012-03-05 20:54:32.123896957,0.0
Case459,W_Afhandelen leads,res_230c0182-4111-4506-bfd5-9b0719b08311,Role 1,2012-02-23 09:46:09.598230422,632,0,res_230c0182-4111-4506-bfd5-9b0719b08311,2012-02-23 09:42:45.384534422,0.0
Case459,W_Completeren aanvraag,res_40e4f4c6-1170-4ce1-ba24-0dfa2dd61b15,Role 1,2012-02-23 11:27:51.278401522,638,1,res_40e4f4c6-1170-4ce1-ba24-0dfa2dd61b15,2012-02-23 11:25:20.622728522,0.0
Case459,W_Completeren aanvraag,res_a400b893-c7da-495f-bf62-a744eeccb8c5,Role 1,2012-02-23 16:22:05.633696522,646,4,res_a400b893-c7da-495f-bf62-a744eeccb8c5,2012-02-23 16:20:13.865628522,0.07692307692307693
Case46,W_Afhandelen leads,res_570add54-a9ce-40af-8ebf-c88ddafd5fef,Role 1,2012-02-14 14:09:53.051892151,543,0,res_570add54-a9ce-40af-8ebf-c88ddafd5fef,2012-02-14 14:06:50.551928151,0.0
Case46,W_Completeren aanvraag,res_40e4f4c6-1170-4ce1-ba24-0dfa2dd61b15,Role 1,2012-02-14 15:06:28.671079751,543,1,res_40e4f4c6-1170-4ce1-ba24-0dfa2dd61b15,2012-02-14 15:03:57.155101751,0.0
Case46,W_Nabellen offertes,res_6488ab10-d3ee-4b87-935d-302131660e4e,Role 1,2012-02-15 10:12:52.119151251,544,1,res_6488ab10-d3ee-4b87-935d-302131660e4e,2012-02-15 10:09:52.117722251,0.0
Case46,W_Nabellen offertes,res_3efedec2-7c7d-4360-b422-dcf1d20a8bfd,Role 1,2012-02-21 14:19:34.921111151,637,1,res_3efedec2-7c7d-4360-b422-dcf1d20a8bfd,2012-02-21 14:17:53.039711151,0.0
Case460,W_Afhandelen leads,res_40e4f4c6-1170-4ce1-ba24-0dfa2dd61b15,Role 1,2012-02-23 09:51:24.427046939,633,0,res_40e4f4c6-1170-4ce1-ba24-0dfa2dd61b15,2012-02-23 09:48:00.715018939,0.0
Case460,W_Completeren aanvraag,res_5724148e-e102-4421-a053-83c428a11f68,Role 1,2012-02-23 11:32:07.791424139,639,1,res_5724148e-e102-4421-a053-83c428a11f68,2012-02-23 11:29:37.990483139,0.02564102564102564
Case461,W_Afhandelen leads,res_4bfd217b-a1fe-4479-a77c-aded82769086,Role 1,2012-02-23 09:55:57.995935322,634,0,res_4bfd217b-a1fe-4479-a77c-aded82769086,2012-02-23 09:52:34.740232322,0.0
Case461,W_Completeren aanvraag,res_d856942c-e08c-4dce-8114-31eacb6f69b7,Role 1,2012-02-23 11:35:51.527650722,638,1,res_d856942c-e08c-4dce-8114-31eacb6f69b7,2012-02-23 11:33:21.766828722,0.02564102564102564
Case462,W_Afhandelen leads,res_1b9a0c06-ad62-425d-8a95-45a175c5555c,Role 1,2012-02-23 10:02:52.366395945,635,0,res_1b9a0c06-ad62-425d-8a95-45a175c5555c,2012-02-23 09:59:29.807834945,0.0
Case462,W_Completeren aanvraag,res_d39cd18a-e6fc-4de4-b991-deff4ba6e82a,Role 1,2012-02-23 11:41:29.127276545,637,1,res_d39cd18a-e6fc-4de4-b991-deff4ba6e82a,2012-02-23 11:38:58.563487545,0.0
Case463,W_Completeren aanvraag,res_219a258e-f803-4016-b457-8c77c3b88a65,Role 1,2012-02-23 10:08:01.076951298,636,1,res_219a258e-f803-4016-b457-8c77c3b88a65,2012-02-23 10:05:02.264895298,0.0
Case463,W_Nabellen offertes,res_3efedec2-7c7d-4360-b422-dcf1d20a8bfd,Role 1,2012-02-23 10:54:58.237646798,640,1,res_3efedec2-7c7d-4360-b422-dcf1d20a8bfd,2012-02-23 10:52:45.968759798,0.0
Case464,W_Afhandelen leads,res_bae84d23-abe1-4580-a954-c8576ba025c9,Role 1,2012-02-23 10:13:01.772121231,637,0,res_bae84d23-abe1-4580-a954-c8576ba025c9,2012-02-23 10:09:40.319891231,0.0
Case464,W_Completeren aanvraag,res_8a4ef218-abd5-42fa-9b05-623b7ba3c08b,Role 1,2012-02-23 11:49:45.572154431,637,1,res_8a4ef218-abd5-42fa-9b05-623b7ba3c08b,2012-02-23 11:47:15.044352431,0.0
Case464,W_Nabellen offertes,res_408efd66-8ed2-49bc-94a8-733c7b98a934,Role 1,2012-02-25 19:37:30.478934231,640,1,res_408efd66-8ed2-49bc-94a8-733c7b98a934,2012-02-25 19:35:43.725374231,0.0
Case465,W_Completeren aanvraag,res_7c2a7682-7073-471d-9707-2acad2b806ab,Role 1,2012-02-23 10:18:06.242543036,638,1,res_7c2a7682-7073-471d-9707-2acad2b806ab,2012-02-23 10:15:08.747169036,0.0
Case465,W_Nabellen offertes,res_843e228f-f915-4f9a-b2c1-ff974c62e207,Role 1,2012-02-23 11:04:28.841883336,640,1,res_843e228f-f915-4f9a-b2c1-ff974c62e207,2012-02-23 11:02:16.831828336,0.0
Case466,W_Completeren aanvraag,res_570add54-a9ce-40af-8ebf-c88ddafd5fef,Role 1,2012-02-23 10:24:24.194944712,639,1,res_570add54-a9ce-40af-8ebf-c88ddafd5fef,2012-02-23 10:21:27.546728712,0.0
Case466,W_Nabellen offertes,res_40e4f4c6-1170-4ce1-ba24-0dfa2dd61b15,Role 1,2012-02-23 11:10:25.456308612,639,1,res_40e4f4c6-1170-4ce1-ba24-0dfa2dd61b15,2012-02-23 11:08:13.607949612,0.0
Case467,W_Completeren aanvraag,res_1b3fa211-3349-4835-aae7-baccd0368824,Role 1,2012-02-23 10:30:09.956023990,640,1,res_1b3fa211-3349-4835-aae7-baccd0368824,2012-02-23 10:27:14.108027990,0.0
Case467,W_Nabellen offertes,res_7c2a7682-7073-471d-9707-2acad2b806ab,Role 1,2012-02-23 11:15:51.985374190,639,1,res_7c2a7682-7073-471d-9707-2acad2b806ab,2012-02-23 11:13:40.299971190,0.02564102564102564
Case468,W_Completeren aanvraag,res_408efd66-8ed2-49bc-94a8-733c7b98a934,Role 1,2012-02-23 10:38:49.632616544,640,1,res_408efd66-8ed2-49bc-94a8-733c7b98a934,2012-02-23 10:35:54.957422544,0.0
Case469,W_Completeren aanvraag,res_5a3eddbb-0eb4-49ac-9904-07583235092c,Role 1,2012-02-23 10:44:55.494298571,640,1,res_5a3eddbb-0eb4-49ac-9904-07583235092c,2012-02-23 10:42:01.667634571,0.0
Case469,W_Nabellen offertes,res_b42bc940-a579-4310-8bba-a668ba469508,Role 1,2012-02-23 11:29:21.492173771,638,1,res_b42bc940-a579-4310-8bba-a668ba469508,2012-02-23 11:27:10.060048771,0.02564102564102564
Case469,W_Nabellen offertes,res_0ba00481-2705-40d0-b647-5ea4bd04a214,Role 1,2012-03-02 12:06:04.782854271,629,1,res_0ba00481-2705-40d0-b647-5ea4bd04a214,2012-03-02 12:04:24.137434271,0.0
Case47,W_Afhandelen leads,res_0fc057cb-3a7d-47d3-8cd2-6d92b33620c4,Role 1,2012-02-14 14:11:09.131122333,544,1,res_0fc057cb-3a7d-47d3-8cd2-6d92b33620c4,2012-02-14 14:08:16.184807333,0.02564102564102564
Case47,W_Completeren aanvraag,res_7b435aaa-ab1b-4205-92d4-81495e1b2d15,Role 1,2012-02-14 15:07:47.735829133,543,2,res_7b435aaa-ab1b-4205-92d4-81495e1b2d15,2012-02-14 15:05:20.828723133,0.02564102564102564
Case47,W_Completeren aanvraag,res_709ed04f-5b76-49c4-aeeb-ad921b6f6ca1,Role 1,2012-02-14 16:43:50.728497633,542,1,res_709ed04f-5b76-49c4-aeeb-ad921b6f6ca1,2012-02-14 16:41:34.861492633,0.0
Case47,W_Completeren aanvraag,res_7c2a7682-7073-471d-9707-2acad2b806ab,Role 1,2012-02-14 17:24:49.736884633,543,1,res_7c2a7682-7073-471d-9707-2acad2b806ab,2012-02-14 17:22:51.828115633,0.0
Case47,W_Completeren aanvraag,res_843e228f-f915-4f9a-b2c1-ff974c62e207,Role 1,2012-02-14 17:50:57.654490133,544,1,res_843e228f-f915-4f9a-b2c1-ff974c62e207,2012-02-14 17:49:13.759593133,0.0
Case470,W_Completeren aanvraag,res_b42bc940-a579-4310-8bba-a668ba469508,Role 1,2012-02-23 10:45:26.457951068,641,2,res_b42bc940-a579-4310-8bba-a668ba469508,2012-02-23 10:42:41.965460068,0.02564102564102564
Case471,W_Afhandelen leads,res_408efd66-8ed2-49bc-94a8-733c7b98a934,Role 1,2012-02-23 10:58:05.440689297,640,0,res_408efd66-8ed2-49bc-94a8-733c7b98a934,2012-02-23 10:54:49.341210297,0.0
Case471,W_Completeren aanvraag,res_dec66574-3de2-4d20-a02f-ab348539e500,Role 1,2012-02-23 12:26:19.973124997,640,1,res_dec66574-3de2-4d20-a02f-ab348539e500,2012-02-23 12:23:49.470609997,0.0
Case471,W_Nabellen offertes,res_dec66574-3de2-4d20-a02f-ab348539e500,Role 1,2012-02-26 00:52:19.243915697,635,1,res_dec66574-3de2-4d20-a02f-ab348539e500,2012-02-26 00:50:35.116378697,0.0
Case471,W_Nabellen offertes,res_d39cd18a-e6fc-4de4-b991-deff4ba6e82a,Role 1,2012-03-02 15:33:12.426472697,628,1,res_d39cd18a-e6fc-4de4-b991-deff4ba6e82a,2012-03-02 15:31:38.361945697,0.0
Case472,W_Afhandelen leads,res_bae84d23-abe1-4580-a954-c8576ba025c9,Role 1,2012-02-23 11:10:50.251073023,639,0,res_bae84d23-abe1-4580-a954-c8576ba025c9,2012-02-23 11:07:37.014786023,0.02564102564102564
Case472,W_Completeren aanvraag,res_4ea7e99f-9f77-43d0-af71-4b2253ae6764,Role 1,2012-02-23 12:35:11.756925423,639,1,res_4ea7e99f-9f77-43d0-af71-4b2253ae6764,2012-02-23 12:32:41.586143423,0.0
Case472,W_Nabellen offertes,res_b70af2ff-820e-4016-a03c-831214a09681,Role 1,2012-02-25 23:11:58.532838023,636,1,res_b70af2ff-820e-4016-a03c-831214a09681,2012-02-25 23:10:14.005115023,0.0
Case472,W_Nabellen offertes,res_dec66574-3de2-4d20-a02f-ab348539e500,Role 1,2012-03-02 15:38:24.429818923,627,1,res_dec66574-3de2-4d20-a02f-ab348539e500,2012-03-02 15:36:50.141822923,0.0
Case473,W_Afhandelen leads,res_d5f36d0a-a64a-45e5-8850-daee823f6c96,Role 1,2012-02-23 11:23:32.641210562,639,0,res_d5f36d0a-a64a-45e5-8850-daee823f6c96,2012-02-23 11:20:19.651133562,0.0
Case473,W_Completeren aanvraag,res_a60942a0-f9c4-436b-a4d0-6eeb41b2f0f2,Role 1,2012-02-23 12:45:37.382753462,640,2,res_a60942a0-f9c4-436b-a4d0-6eeb41b2f0f2,2012-02-23 12:43:10.546440462,0.02564102564102564
Case474,W_Completeren aanvraag,res_4bfd217b-a1fe-4479-a77c-aded82769086,Role 1,2012-02-23 11:35:48.941663101,637,1,res_4bfd217b-a1fe-4479-a77c-aded82769086,2012-02-23 11:33:02.287481101,0.0
Case474,W_Completeren aanvraag,res_4c3013be-6589-47a8-a7c4-f99f2e4b9a48,Role 1,2012-02-23 12:57:17.392685901,641,1,res_4c3013be-6589-47a8-a7c4-f99f2e4b9a48,2012-02-23 12:54:49.597591901,0.0
Case474,W_Nabellen offertes,res_230c0182-4111-4506-bfd5-9b0719b08311,Role 1,2012-02-26 05:06:53.663172301,633,1,res_230c0182-4111-4506-bfd5-9b0719b08311,2012-02-26 05:05:08.328931301,0.0
Case475,W_Completeren aanvraag,res_6488ab10-d3ee-4b87-935d-302131660e4e,Role 1,2012-02-23 11:45:16.847878252,637,1,res_6488ab10-d3ee-4b87-935d-302131660e4e,2012-02-23 11:42:31.494266252,0.0
Case475,W_Nabellen offertes,res_bae84d23-abe1-4580-a954-c8576ba025c9,Role 1,2012-02-23 12:26:23.883578652,640,2,res_bae84d23-abe1-4580-a954-c8576ba025c9,2012-02-23 12:24:16.513903652,0.02564102564102564
Case475,W_Nabellen offertes,res_3efedec2-7c7d-4360-b422-dcf1d20a8bfd,Role 1,2012-03-02 22:08:09.806024452,620,1,res_3efedec2-7c7d-4360-b422-dcf1d20a8bfd,2012-03-02 22:02:54.911527452,0.0
Case476,W_Completeren aanvraag,res_d39cd18a-e6fc-4de4-b991-deff4ba6e82a,Role 1,2012-02-23 11:45:25.864059726,638,2,res_d39cd18a-e6fc-4de4-b991-deff4ba6e82a,2012-02-23 11:42:49.628287726,0.02564102564102564
Case476,W_Nabellen offertes,res_4ea7e99f-9f77-43d0-af71-4b2253ae6764,Role 1,2012-02-23 12:26:55.879032126,641,3,res_4ea7e99f-9f77-43d0-af71-4b2253ae6764,2012-02-23 12:24:52.706740126,0.07692307692307693
Case477,W_Afhandelen leads,res_570add54-a9ce-40af-8ebf-c88ddafd5fef,Role 1,2012-02-23 12:01:42.374503004,639,0,res_570add54-a9ce-40af-8ebf-c88ddafd5fef,2012-02-23 11:58:33.604850004,0.0
Case477,W_Completeren aanvraag,res_4c3013be-6589-47a8-a7c4-f99f2e4b9a48,Role 1,2012-02-23 13:19:19.592163704,640,1,res_4c3013be-6589-47a8-a7c4-f99f2e4b9a48,2012-02-23 13:16:50.201614704,0.02564102564102564
Case477,W_Completeren aanvraag,res_bae84d23-abe1-4580-a954-c8576ba025c9,Role 1,2012-02-23 17:35:01.360014604,639,1,res_bae84d23-abe1-4580-a954-c8576ba025c9,2012-02-23 17:33:06.865146604,0.0
Case477,W_Nabellen offertes,res_1b3fa211-3349-4835-aae7-baccd0368824,Role 1,2012-02-25 00:03:57.932513104,641,1,res_1b3fa211-3349-4835-aae7-baccd0368824,2012-02-25 00:02:18.796038104,0.0
Case477,W_Nabellen offertes,res_57e6001e-3d34-44ab-b1e6-21b6b1001542,Role 1,2012-02-28 13:05:56.868487804,642,1,res_57e6001e-3d34-44ab-b1e6-21b6b1001542,2012-02-28 13:03:23.448409804,0.0
Case478,W_Completeren aanvraag,res_7c2a7682-7073-471d-9707-2acad2b806ab,Role 1,2012-02-23 12:09:28.390443710,640,1,res_7c2a7682-7073-471d-9707-2acad2b806ab,2012-02-23 12:06:46.245766710,0.0
Case478,W_Nabellen offertes,res_a400b893-c7da-495f-bf62-a744eeccb8c5,Role 1,2012-02-23 12:49:53.739721210,641,1,res_a400b893-c7da-495f-bf62-a744eeccb8c5,2012-02-23 12:47:43.905264210,0.05128205128205128
Case478,W_Nabellen offertes,res_57e6001e-3d34-44ab-b1e6-21b6b1001542,Role 1,2012-03-02 22:23:48.794293110,619,1,res_57e6001e-3d34-44ab-b1e6-21b6b1001542,2012-03-02 22:18:13.493800110,0.0
Case478,W_Nabellen offertes,res_5724148e-e102-4421-a053-83c428a11f68,Role 1,2012-03-05 07:11:37.779474810,621,1,res_5724148e-e102-4421-a053-83c428a11f68,2012-03-05 07:09:47.066660810,0.0
Case478,W_Nabellen offertes,res_57e6001e-3d34-44ab-b1e6-21b6b1001542,Role 1,2012-03-07 03:19:00.039091710,639,1,res_57e6001e-3d34-44ab-b1e6-21b6b1001542,2012-03-07 03:17:22.785145710,0.0
Case478,W_Nabellen offertes,res_7b435aaa-ab1b-4205-92d4-81495e1b2d15,Role 1,2012-03-08 17:58:54.202881810,631,1,res_7b435aaa-ab1b-4205-92d4-81495e1b2d15,2012-03-08 17:54:03.346481810,0.0
Case479,W_Afhandelen leads,res_7b435aaa-ab1b-4205-92d4-81495e1b2d15,Role 1,2012-02-23 12:24:09.403747443,641,0,res_7b435aaa-ab1b-4205-92d4-81495e1b2d15,2012-02-23 12:21:05.596895443,0.05128205128205128
Case479,W_Completeren aanvraag,res_1b3fa211-3349-4835-aae7-baccd0368824,Role 1,2012-02-23 13:38:44.759646343,641,1,res_1b3fa211-3349-4835-aae7-baccd0368824,2012-02-23 13:36:15.041161343,0.0
Case479,W_Nabellen offertes,res_b70af2ff-820e-4016-a03c-831214a09681,Role 1,2012-02-26 09:13:11.143782943,629,1,res_b70af2ff-820e-4016-a03c-831214a09681,2012-02-26 09:10:31.020082943,0.0
Case48,W_Completeren aanvraag,res_f8049b85-d52c-466e-8778-58e1f3f71604,Role 1,2012-02-14 14:21:28.632424567,545,1,res_f8049b85-d52c-466e-8778-58e1f3f71604,2012-02-14 14:19:02.964906567,0.0
Case48,W_Nabellen offertes,res_7c2a7682-7073-471d-9707-2acad2b806ab,Role 1,2012-02-14 14:47:01.048278267,544,1,res_7c2a7682-7073-471d-9707-2acad2b806ab,2012-02-14 14:44:37.293255267,0.02564102564102564
Case480,W_Completeren aanvraag,res_dec66574-3de2-4d20-a02f-ab348539e500,Role 1,2012-02-23 12:36:11.401164783,640,1,res_dec66574-3de2-4d20-a02f-ab348539e500,2012-02-23 12:33:32.114112783,0.0
Case480,W_Nabellen offertes,res_b42bc940-a579-4310-8bba-a668ba469508,Role 1,2012-02-23 13:14:50.334261383,640,1,res_b42bc940-a579-4310-8bba-a668ba469508,2012-02-23 13:12:40.763247383,0.0
Case481,W_Afhandelen leads,res_bae84d23-abe1-4580-a954-c8576ba025c9,Role 1,2012-02-23 12:46:01.858827747,640,0,res_bae84d23-abe1-4580-a954-c8576ba025c9,2012-02-23 12:42:56.283669747,0.0
Case481,W_Completeren aanvraag,res_4d502259-de4c-4574-91b7-d3c939a9cf04,Role 1,2012-02-23 13:57:04.960467647,643,2,res_4d502259-de4c-4574-91b7-d3c939a9cf04,2012-02-23 13:54:38.578422647,0.02564102564102564
Case482,W_Completeren aanvraag,res_d856942c-e08c-4dce-8114-31eacb6f69b7,Role 1,2012-02-23 12:45:49.001095309,641,1,res_d856942c-e08c-4dce-8114-31eacb6f69b7,2012-02-23 12:43:11.395354309,0.02564102564102564
Case482,W_Completeren aanvraag,res_1d01c37d-a137-4a7e-8f12-e8c97f0c7f2b,Role 1,2012-02-23 13:55:51.475302709,643,2,res_1d01c37d-a137-4a7e-8f12-e8c97f0c7f2b,2012-02-23 13:53:31.254514709,0.02564102564102564
Case483,W_Afhandelen leads,res_5724148e-e102-4421-a053-83c428a11f68,Role 1,2012-02-23 13:03:46.400904792,642,0,res_5724148e-e102-4421-a053-83c428a11f68,2012-02-23 13:00:43.168599792,0.02564102564102564
Case483,W_Completeren aanvraag,res_b42bc940-a579-4310-8bba-a668ba469508,Role 1,2012-02-23 14:13:55.346938192,642,2,res_b42bc940-a579-4310-8bba-a668ba469508,2012-02-23 14:11:29.336401192,0.02564102564102564
Case483,W_Completeren aanvraag,res_a400b893-c7da-495f-bf62-a744eeccb8c5,Role 1,2012-02-23 18:04:53.199063092,640,1,res_a400b893-c7da-495f-bf62-a744eeccb8c5,2012-02-23 18:03:00.014203092,0.0
Case483,W_Completeren aanvraag,res_9a47d014-a019-4396-9e72-1d1379a66c99,Role 1,2012-02-23 20:00:14.996036692,639,1,res_9a47d014-a019-4396-9e72-1d1379a66c99,2012-02-23 19:58:29.979083692,0.02564102564102564
Case484,W_Afhandelen leads,res_1d01c37d-a137-4a7e-8f12-e8c97f0c7f2b,Role 1,2012-02-23 13:14:58.207943961,640,0,res_1d01c37d-a137-4a7e-8f12-e8c97f0c7f2b,2012-02-23 13:11:55.134839961,0.02564102564102564
Case484,W_Completeren aanvraag,res_0fc057cb-3a7d-47d3-8cd2-6d92b33620c4,Role 1,2012-02-23 14:24:08.700202461,641,1,res_0fc057cb-3a7d-47d3-8cd2-6d92b33620c4,2012-02-23 14:21:38.697354461,0.0
Case484,W_Nabellen offertes,res_1b3fa211-3349-4835-aae7-baccd0368824,Role 1,2012-02-26 12:04:26.251689761,626,2,res_1b3fa211-3349-4835-aae7-baccd0368824,2012-02-26 11:58:37.526659761,0.02564102564102564
Case485,W_Afhandelen leads,res_d5f36d0a-a64a-45e5-8850-daee823f6c96,Role 1,2012-02-23 13:28:23.669800635,641,0,res_d5f36d0a-a64a-45e5-8850-daee823f6c96,2012-02-23 13:25:19.076458635,0.0
Case485,W_Completeren aanvraag,res_a400b893-c7da-495f-bf62-a744eeccb8c5,Role 1,2012-02-23 14:36:27.656369335,642,1,res_a400b893-c7da-495f-bf62-a744eeccb8c5,2012-02-23 14:33:58.391335335,0.02564102564102564
Case485,W_Nabellen offertes,res_57e6001e-3d34-44ab-b1e6-21b6b1001542,Role 1,2012-02-26 12:02:54.085214035,626,1,res_57e6001e-3d34-44ab-b1e6-21b6b1001542,2012-02-26 11:56:53.986770035,0.0
Case485,W_Nabellen offertes,res_1b9a0c06-ad62-425d-8a95-45a175c5555c,Role 1,2012-03-02 03:23:50.199669935,619,1,res_1b9a0c06-ad62-425d-8a95-45a175c5555c,2012-03-02 03:21:55.112140935,0.0
Case485,W_Nabellen offertes,res_d39cd18a-e6fc-4de4-b991-deff4ba6e82a,Role 1,2012-03-03 22:07:47.285446235,629,1,res_d39cd18a-e6fc-4de4-b991-deff4ba6e82a,2012-03-03 22:06:07.160644235,0.0
Case486,W_Afhandelen leads,res_d856942c-e08c-4dce-8114-31eacb6f69b7,Role 1,2012-02-23 13:46:19.701938417,642,0,res_d856942c-e08c-4dce-8114-31eacb6f69b7,2012-02-23 13:43:15.028399417,0.0
Case486,W_Completeren aanvraag,res_4c3013be-6589-47a8-a7c4-f99f2e4b9a48,Role 1,2012-02-23 14:52:32.315180717,642,1,res_4c3013be-6589-47a8-a7c4-f99f2e4b9a48,2012-02-23 14:50:02.969301717,0.02564102564102564
Case487,W_Completeren aanvraag,res_a60942a0-f9c4-436b-a4d0-6eeb41b2f0f2,Role 1,2012-02-23 13:47:27.520554886,643,1,res_a60942a0-f9c4-436b-a4d0-6eeb41b2f0f2,2012-02-23 13:44:53.758071886,0.02564102564102564
Case487,W_Completeren aanvraag,res_0ba00481-2705-40d0-b647-5ea4bd04a214,Role 1,2012-02-23 14:53:19.556142586,643,3,res_0ba00481-2705-40d0-b647-5ea4bd04a214,2012-02-23 14:51:06.534002586,0.07692307692307693
Case487,W_Completeren aanvraag,res_d5f36d0a-a64a-45e5-8850-daee823f6c96,Role 1,2012-02-23 18:01:12.909688186,640,2,res_d5f36d0a-a64a-45e5-8850-daee823f6c96,2012-02-23 17:59:24.981992186,0.02564102564102564
Case488,W_Completeren aanvraag,res_4ea7e99f-9f77-43d0-af71-4b2253ae6764,Role 1,2012-02-23 14:07:33.854638897,642,1,res_4ea7e99f-9f77-43d0-af71-4b2253ae6764,2012-02-23 14:04:59.670499897,0.0
Case489,W_Afhandelen leads,res_9a47d014-a019-4396-9e72-1d1379a66c99,Role 1,2012-02-23 14:26:24.515344339,642,0,res_9a47d014-a019-4396-9e72-1d1379a66c99,2012-02-23 14:23:18.793690339,0.0
Case489,W_Completeren aanvraag,res_3efedec2-7c7d-4360-b422-dcf1d20a8bfd,Role 1,2012-02-23 15:30:56.551610439,644,1,res_3efedec2-7c7d-4360-b422-dcf1d20a8bfd,2012-02-23 15:28:25.698822439,0.0
Case49,W_Afhandelen leads,res_a60942a0-f9c4-436b-a4d0-6eeb41b2f0f2,Role 1,2012-02-14 14:30:24.934728098,544,0,res_a60942a0-f9c4-436b-a4d0-6eeb41b2f0f2,2012-02-14 14:27:21.650497098,0.0
Case49,W_Completeren aanvraag,res_40e4f4c6-1170-4ce1-ba24-0dfa2dd61b15,Role 1,2012-02-14 15:26:28.486250798,544,1,res_40e4f4c6-1170-4ce1-ba24-0dfa2dd61b15,2012-02-14 15:23:56.559987798,0.0
Case490,W_Completeren aanvraag,res_d856942c-e08c-4dce-8114-31eacb6f69b7,Role 1,2012-02-23 14:36:50.601150585,641,1,res_d856942c-e08c-4dce-8114-31eacb6f69b7,2012-02-23 14:34:16.655691585,0.0
Case490,W_Nabellen offertes,res_08871a3e-f393-4f22-a0a4-e36c9d59a78e,Role 1,2012-02-23 15:10:17.975609485,643,1,res_08871a3e-f393-4f22-a0a4-e36c9d59a78e,2012-02-23 15:08:09.631379485,0.0
Case490,W_Nabellen offertes,res_bb73aa9d-d45e-496a-a1ec-c9fe6e899287,Role 1,2012-03-03 11:59:54.438736185,624,1,res_bb73aa9d-d45e-496a-a1ec-c9fe6e899287,2012-03-03 11:58:12.365489185,0.0
Case491,W_Afhandelen leads,res_b42bc940-a579-4310-8bba-a668ba469508,Role 1,2012-02-23 14:47:06.498746660,642,0,res_b42bc940-a579-4310-8bba-a668ba469508,2012-02-23 14:43:59.966715660,0.0
Case491,W_Completeren aanvraag,res_8a4ef218-abd5-42fa-9b05-623b7ba3c08b,Role 1,2012-02-23 15:50:16.785229660,644,1,res_8a4ef218-abd5-42fa-9b05-623b7ba3c08b,2012-02-23 15:47:45.633025660,0.0
Case491,W_Completeren aanvraag,res_0ba00481-2705-40d0-b647-5ea4bd04a214,Role 1,2012-02-23 18:08:36.445831460,639,1,res_0ba00481-2705-40d0-b647-5ea4bd04a214,2012-02-23 18:06:41.613208460,0.02564102564102564
Case492,W_Completeren aanvraag,res_57e6001e-3d34-44ab-b1e6-21b6b1001542,Role 1,2012-02-23 14:46:42.825584497,643,2,res_57e6001e-3d34-44ab-b1e6-21b6b1001542,2012-02-23 14:44:17.093291497,0.05128205128205128
Case492,W_Nabellen offertes,res_bae84d23-abe1-4580-a954-c8576ba025c9,Role 1,2012-02-23 15:17:41.642047697,643,1,res_bae84d23-abe1-4580-a954-c8576ba025c9,2012-02-23 15:15:36.473964697,0.0
Case492,W_Nabellen offertes,res_3efedec2-7c7d-4360-b422-dcf1d20a8bfd,Role 1,2012-03-03 14:33:14.487234497,629,1,res_3efedec2-7c7d-4360-b422-dcf1d20a8bfd,2012-03-03 14:31:33.571147497,0.02564102564102564
Case493,W_Afhandelen leads,res_4d502259-de4c-4574-91b7-d3c939a9cf04,Role 1,2012-02-23 14:59:40.569068461,643,0,res_4d502259-de4c-4574-91b7-d3c939a9cf04,2012-02-23 14:56:33.536052462,0.0
Case493,W_Completeren aanvraag,res_f8049b85-d52c-466e-8778-58e1f3f71604,Role 1,2012-02-23 16:03:03.251945362,645,1,res_f8049b85-d52c-466e-8778-58e1f3f71604,2012-02-23 16:00:31.884691362,0.0
Case494,W_Completeren aanvraag,res_7c2a7682-7073-471d-9707-2acad2b806ab,Role 1,2012-02-23 15:18:59.521573549,644,1,res_7c2a7682-7073-471d-9707-2acad2b806ab,2012-02-23 15:16:25.344241549,0.0
Case494,W_Completeren aanvraag,res_709ed04f-5b76-49c4-aeeb-ad921b6f6ca1,Role 1,2012-02-23 16:21:48.038574649,641,2,res_709ed04f-5b76-49c4-aeeb-ad921b6f6ca1,2012-02-23 16:19:27.179520649,0.02564102564102564
Case494,W_Completeren aanvraag,res_4bfd217b-a1fe-4479-a77c-aded82769086,Role 1,2012-02-23 19:15:38.415791949,639,1,res_4bfd217b-a1fe-4479-a77c-aded82769086,2012-02-23 19:13:47.178276949,0.0
Case494,W_Nabellen offertes,res_dec66574-3de2-4d20-a02f-ab348539e500,Role 1,2012-02-25 12:24:32.407747349,639,1,res_dec66574-3de2-4d20-a02f-ab348539e500,2012-02-25 12:22:10.782461349,0.0
Case495,W_Completeren aanvraag,res_709ed04f-5b76-49c4-aeeb-ad921b6f6ca1,Role 1,2012-02-23 15:32:55.981625621,644,1,res_709ed04f-5b76-49c4-aeeb-ad921b6f6ca1,2012-02-23 15:30:21.524120621,0.0
Case495,W_Nabellen offertes,res_0fc057cb-3a7d-47d3-8cd2-6d92b33620c4,Role 1,2012-02-23 16:03:39.847022521,644,1,res_0fc057cb-3a7d-47d3-8cd2-6d92b33620c4,2012-02-23 16:01:31.167580521,0.0
Case496,W_Completeren aanvraag,res_0ba00481-2705-40d0-b647-5ea4bd04a214,Role 1,2012-02-23 15:46:31.789272406,645,2,res_0ba00481-2705-40d0-b647-5ea4bd04a214,2012-02-23 15:44:04.607206406,0.02564102564102564
Case496,W_Nabellen offertes,res_219a258e-f803-4016-b457-8c77c3b88a65,Role 1,2012-02-23 16:16:00.119157406,643,3,res_219a258e-f803-4016-b457-8c77c3b88a65,2012-02-23 16:14:00.482549406,0.05128205128205128
Case497,W_Completeren aanvraag,res_219a258e-f803-4016-b457-8c77c3b88a65,Role 1,2012-02-23 15:46:52.482877980,646,3,res_219a258e-f803-4016-b457-8c77c3b88a65,2012-02-23 15:44:30.800792980,0.05128205128205128
Case497,W_Completeren aanvraag,res_1b3fa211-3349-4835-aae7-baccd0368824,Role 1,2012-02-23 16:49:25.848484980,639,1,res_1b3fa211-3349-4835-aae7-baccd0368824,2012-02-23 16:47:06.265973980,0.0
Case498,W_Afhandelen leads,res_570add54-a9ce-40af-8ebf-c88ddafd5fef,Role 1,2012-02-23 16:02:36.490087935,645,0,res_570add54-a9ce-40af-8ebf-c88ddafd5fef,2012-02-23 15:59:28.434855935,0.02564102564102564
Case498,W_Completeren aanvraag,res_40e4f4c6-1170-4ce1-ba24-0dfa2dd61b15,Role 1,2012-02-23 17:05:20.424259035,640,1,res_40e4f4c6-1170-4ce1-ba24-0dfa2dd61b15,2012-02-23 17:02:48.101961035,0.0
Case499,W_Completeren aanvraag,res_1b3fa211-3349-4835-aae7-baccd0368824,Role 1,2012-02-23 16:16:02.194755919,642,1,res_1b3fa211-3349-4835-aae7-baccd0368824,2012-02-23 16:13:27.637071919,0.02564102564102564
Case5,W_Afhandelen leads,res_7b435aaa-ab1b-4205-92d4-81495e1b2d15,Role 1,2012-02-13 19:41:59.886414027,523,0,res_7b435aaa-ab1b-4205-92d4-81495e1b2d15,2012-02-13 19:38:51.229205027,0.0
Case5,W_Completeren aanvraag,res_8a4ef218-abd5-42fa-9b05-623b7ba3c08b,Role 1,2012-02-13 20:39:37.316494027,524,1,res_8a4ef218-abd5-42fa-9b05-623b7ba3c08b,2012-02-13 20:37:07.168777027,0.0
Case5,W_Completeren aanvraag,res_0fc057cb-3a7d-47d3-8cd2-6d92b33620c4,Role 1,2012-02-13 23:26:19.993233727,523,1,res_0fc057cb-3a7d-47d3-8cd2-6d92b33620c4,2012-02-13 23:24:07.543494727,0.0
Case5,W_Completeren aanvraag,res_d39cd18a-e6fc-4de4-b991-deff4ba6e82a,Role 1,2012-02-14 07:19:13.001194027,523,1,res_d39cd18a-e6fc-4de4-b991-deff4ba6e82a,2012-02-14 07:16:46.706477027,0.0
Case50,W_Afhandelen leads,res_1b3fa211-3349-4835-aae7-baccd0368824,Role 1,2012-02-14 14:56:40.776707411,543,0,res_1b3fa211-3349-4835-aae7-baccd0368824,2012-02-14 14:53:36.288028411,0.0
Case50,W_Completeren aanvraag,res_7b435aaa-ab1b-4205-92d4-81495e1b2d15,Role 1,2012-02-14 15:52:00.438316811,543,1,res_7b435aaa-ab1b-4205-92d4-81495e1b2d15,2012-02-14 15:49:28.013850811,0.0
Case50,W_Nabellen offertes,res_a60942a0-f9c4-436b-a4d0-6eeb41b2f0f2,Role 1,2012-02-15 10:09:54.182801611,544,2,res_a60942a0-f9c4-436b-a4d0-6eeb41b2f0f2,2012-02-15 10:06:57.977232611,0.02564102564102564
Case50,W_Nabellen offertes,res_1d01c37d-a137-4a7e-8f12-e8c97f0c7f2b,Role 1,2012-02-21 19:44:06.725995911,633,1,res_1d01c37d-a137-4a7e-8f12-e8c97f0c7f2b,2012-02-21 19:41:31.890498911,0.0
Case50,W_Nabellen offertes,res_843e228f-f915-4f9a-b2c1-ff974c62e207,Role 1,2012-02-23 08:10:46.701430011,633,1,res_843e228f-f915-4f9a-b2c1-ff974c62e207,2012-02-23 08:09:00.315591011,0.0
Case50,W_Nabellen offertes,res_6488ab10-d3ee-4b87-935d-302131660e4e,Role 1,2012-02-24 21:47:59.091673311,632,1,res_6488ab10-d3ee-4b87-935d-302131660e4e,2012-02-24 21:46:15.614790311,0.0
Case50,W_Nabellen offertes,res_b42bc940-a579-4310-8bba-a668ba469508,Role 1,2012-02-26 18:14:41.502200111,638,1,res_b42bc940-a579-4310-8bba-a668ba469508,2012-02-26 18:13:09.531822111,0.0
Case500,W_Completeren aanvraag,res_4d502259-de4c-4574-91b7-d3c939a9cf04,Role 1,2012-02-23 16:34:51.391538210,640,1,res_4d502259-de4c-4574-91b7-d3c939a9cf04,2012-02-23 16:32:14.968740210,0.0
Case501,W_Afhandelen leads,res_7b435aaa-ab1b-4205-92d4-81495e1b2d15,Role 1,2012-02-23 16:47:42.981535176,639,0,res_7b435aaa-ab1b-4205-92d4-81495e1b2d15,2012-02-23 16:44:31.411501176,0.0
Case501,W_Completeren aanvraag,res_6488ab10-d3ee-4b87-935d-302131660e4e,Role 1,2012-02-23 17:51:20.060008076,639,1,res_6488ab10-d3ee-4b87-935d-302131660e4e,2012-02-23 17:48:46.452862076,0.0
Case501,W_Completeren aanvraag,res_8a4ef218-abd5-42fa-9b05-623b7ba3c08b,Role 1,2012-02-23 20:37:47.750165176,637,1,res_8a4ef218-abd5-42fa-9b05-623b7ba3c08b,2012-02-23 20:35:49.157390176,0.0
Case501,W_Nabellen offertes,res_1b9a0c06-ad62-425d-8a95-45a175c5555c,Role 1,2012-02-25 09:20:46.620656276,641,1,res_1b9a0c06-ad62-425d-8a95-45a175c5555c,2012-02-25 09:18:14.808472276,0.0
Case502,W_Afhandelen leads,res_4c3013be-6589-47a8-a7c4-f99f2e4b9a48,Role 1,2012-02-23 16:48:35.362205784,640,1,res_4c3013be-6589-47a8-a7c4-f99f2e4b9a48,2012-02-23 16:45:30.850793784,0.02564102564102564
Case502,W_Completeren aanvraag,res_8a4ef218-abd5-42fa-9b05-623b7ba3c08b,Role 1,2012-02-23 17:52:05.927553284,639,2,res_8a4ef218-abd5-42fa-9b05-623b7ba3c08b,2012-02-23 17:49:38.110179284,0.02564102564102564
Case503,W_Afhandelen leads,res_7b435aaa-ab1b-4205-92d4-81495e1b2d15,Role 1,2012-02-23 17:07:25.197196800,640,0,res_7b435aaa-ab1b-4205-92d4-81495e1b2d15,2012-02-23 17:04:16.167570800,0.05128205128205128
Case503,W_Completeren aanvraag,res_7b435aaa-ab1b-4205-92d4-81495e1b2d15,Role 1,2012-02-23 18:11:42.870340700,638,1,res_7b435aaa-ab1b-4205-92d4-81495e1b2d15,2012-02-23 18:09:09.359151700,0.0
Case504,W_Afhandelen leads,res_843e228f-f915-4f9a-b2c1-ff974c62e207,Role 1,2012-02-23 17:25:40.774420781,641,0,res_843e228f-f915-4f9a-b2c1-ff974c62e207,2012-02-23 17:22:28.238641781,0.0
Case504,W_Completeren aanvraag,res_1d01c37d-a137-4a7e-8f12-e8c97f0c7f2b,Role 1,2012-02-23 18:30:49.402202781,637,1,res_1d01c37d-a137-4a7e-8f12-e8c97f0c7f2b,2012-02-23 18:28:15.086069781,0.0
Case504,W_Completeren aanvraag,res_d5f36d0a-a64a-45e5-8850-daee823f6c96,Role 1,2012-02-23 22:46:33.737715481,634,1,res_d5f36d0a-a64a-45e5-8850-daee823f6c96,2012-02-23 22:44:34.729239481,0.02564102564102564
Case504,W_Completeren aanvraag,res_1d01c37d-a137-4a7e-8f12-e8c97f0c7f2b,Role 1,2012-02-24 11:22:10.412691381,625,1,res_1d01c37d-a137-4a7e-8f12-e8c97f0c7f2b,2012-02-24 11:20:18.622144381,0.0
Case505,W_Completeren aanvraag,res_13020984-8d57-4f3c-8ba3-5a323081e70b,Role 1,2012-02-23 17:46:40.815616810,640,3,res_13020984-8d57-4f3c-8ba3-5a323081e70b,2012-02-23 17:44:16.910524810,0.05128205128205128
Case506,W_Afhandelen leads,res_40e4f4c6-1170-4ce1-ba24-0dfa2dd61b15,Role 1,2012-02-23 17:50:28.321646636,639,0,res_40e4f4c6-1170-4ce1-ba24-0dfa2dd61b15,2012-02-23 17:47:15.228402636,0.0
Case506,W_Completeren aanvraag,res_bae84d23-abe1-4580-a954-c8576ba025c9,Role 1,2012-02-23 18:56:53.818115636,638,1,res_bae84d23-abe1-4580-a954-c8576ba025c9,2012-02-23 18:54:19.058468636,0.0
Case506,W_Completeren aanvraag,res_5a3eddbb-0eb4-49ac-9904-07583235092c,Role 1,2012-02-23 23:46:40.132575336,633,1,res_5a3eddbb-0eb4-49ac-9904-07583235092c,2012-02-23 23:44:39.623119336,0.0
Case507,W_Afhandelen leads,res_b70af2ff-820e-4016-a03c-831214a09681,Role 1,2012-02-23 18:46:44.946639684,638,0,res_b70af2ff-820e-4016-a03c-831214a09681,2012-02-23 18:43:31.178733684,0.0
Case507,W_Completeren aanvraag,res_dec66574-3de2-4d20-a02f-ab348539e500,Role 1,2012-02-23 19:56:15.230305484,639,2,res_dec66574-3de2-4d20-a02f-ab348539e500,2012-02-23 19:53:44.037394484,0.05128205128205128
Case508,W_Completeren aanvraag,res_570add54-a9ce-40af-8ebf-c88ddafd5fef,Role 1,2012-02-23 18:51:38.300858588,639,2,res_570add54-a9ce-40af-8ebf-c88ddafd5fef,2012-02-23 18:49:07.665576588,0.02564102564102564
Case508,W_Nabellen offertes,res_9a47d014-a019-4396-9e72-1d1379a66c99,Role 1,2012-02-23 19:12:35.741113888,639,1,res_9a47d014-a019-4396-9e72-1d1379a66c99,2012-02-23 19:10:27.019925888,0.0
Case508,W_Nabellen offertes,res_4bfd217b-a1fe-4479-a77c-aded82769086,Role 1,2012-03-03 06:52:58.837383188,620,1,res_4bfd217b-a1fe-4479-a77c-aded82769086,2012-03-03 06:50:53.853380188,0.0
Case508,W_Nabellen offertes,res_a400b893-c7da-495f-bf62-a744eeccb8c5,Role 1,2012-03-06 05:49:06.276906788,610,1,res_a400b893-c7da-495f-bf62-a744eeccb8c5,2012-03-06 05:39:45.352946788,0.0
Case508,W_Nabellen offertes,res_5724148e-e102-4421-a053-83c428a11f68,Role 1,2012-03-07 18:20:05.929252688,638,1,res_5724148e-e102-4421-a053-83c428a11f68,2012-03-07 18:18:19.042174688,0.0
Case509,W_Afhandelen leads,res_b42bc940-a579-4310-8bba-a668ba469508,Role 1,2012-02-23 19:13:44.649882319,640,0,res_b42bc940-a579-4310-8bba-a668ba469508,2012-02-23 19:10:32.158764319,0.02564102564102564
Case509,W_Completeren aanvraag,res_0ba00481-2705-40d0-b647-5ea4bd04a214,Role 1,2012-02-23 20:25:06.392471219,637,2,res_0ba00481-2705-40d0-b647-5ea4bd04a214,2012-02-23 20:22:34.175853219,0.02564102564102564
Case51,W_Completeren aanvraag,res_5a3eddbb-0eb4-49ac-9904-07583235092c,Role 1,2012-02-14 15:10:43.079857717,544,2,res_5a3eddbb-0eb4-49ac-9904-07583235092c,2012-02-14 15:08:21.832743717,0.02564102564102564
Case510,W_Afhandelen leads,res_d39cd18a-e6fc-4de4-b991-deff4ba6e82a,Role 1,2012-02-23 19:34:12.111478078,637,0,res_d39cd18a-e6fc-4de4-b991-deff4ba6e82a,2012-02-23 19:30:58.220105078,0.0
Case510,W_Completeren aanvraag,res_408efd66-8ed2-49bc-94a8-733c7b98a934,Role 1,2012-02-23 20:46:58.298247578,637,1,res_408efd66-8ed2-49bc-94a8-733c7b98a934,2012-02-23 20:44:22.496211578,0.0
Case510,W_Completeren aanvraag,res_59c642c1-18f5-484a-aed6-a023ede79a28,Role 1,2012-02-24 15:22:30.581219478,632,1,res_59c642c1-18f5-484a-aed6-a023ede79a28,2012-02-24 15:20:37.112880478,0.0
Case510,W_Nabellen offertes,res_f8049b85-d52c-466e-8778-58e1f3f71604,Role 1,2012-02-25 17:48:35.855698078,641,1,res_f8049b85-d52c-466e-8778-58e1f3f71604,2012-02-25 17:46:56.598250078,0.0
Case511,W_Completeren aanvraag,res_4ea7e99f-9f77-43d0-af71-4b2253ae6764,Role 1,2012-02-23 19:48:23.252717022,638,1,res_4ea7e99f-9f77-43d0-af71-4b2253ae6764,2012-02-23 19:45:44.772266022,0.0
Case512,W_Afhandelen leads,res_b70af2ff-820e-4016-a03c-831214a09681,Role 1,2012-02-23 19:49:36.537802882,639,0,res_b70af2ff-820e-4016-a03c-831214a09681,2012-02-23 19:46:24.062645882,0.02564102564102564
Case512,W_Completeren aanvraag,res_9a47d014-a019-4396-9e72-1d1379a66c99,Role 1,2012-02-23 21:03:23.005709882,637,1,res_9a47d014-a019-4396-9e72-1d1379a66c99,2012-02-23 21:00:47.360908882,0.0
Case513,W_Afhandelen leads,res_4bfd217b-a1fe-4479-a77c-aded82769086,Role 1,2012-02-23 20:23:37.749591690,637,0,res_4bfd217b-a1fe-4479-a77c-aded82769086,2012-02-23 20:20:24.140061690,0.0
Case513,W_Completeren aanvraag,res_6488ab10-d3ee-4b87-935d-302131660e4e,Role 1,2012-02-23 21:39:46.469267090,636,1,res_6488ab10-d3ee-4b87-935d-302131660e4e,2012-02-23 21:37:10.483416090,0.0
Case513,W_Completeren aanvraag,res_709ed04f-5b76-49c4-aeeb-ad921b6f6ca1,Role 1,2012-02-24 18:38:20.587107190,636,1,res_709ed04f-5b76-49c4-aeeb-ad921b6f6ca1,2012-02-24 18:36:25.556691190,0.0
Case513,W_Completeren aanvraag,res_bb73aa9d-d45e-496a-a1ec-c9fe6e899287,Role 1,2012-02-25 02:02:55.522218490,643,1,res_bb73aa9d-d45e-496a-a1ec-c9fe6e899287,2012-02-25 02:01:08.728985490,0.0
Case513,W_Nabellen offertes,res_3efedec2-7c7d-4360-b422-dcf1d20a8bfd,Role 1,2012-02-25 22:57:45.795784990,636,1,res_3efedec2-7c7d-4360-b422-dcf1d20a8bfd,2012-02-25 22:56:11.816847990,0.0
Case514,W_Afhandelen leads,res_d856942c-e08c-4dce-8114-31eacb6f69b7,Role 1,2012-02-23 20:49:36.983717441,637,0,res_d856942c-e08c-4dce-8114-31eacb6f69b7,2012-02-23 20:46:23.665908441,0.0
Case514,W_Completeren aanvraag,res_7b435aaa-ab1b-4205-92d4-81495e1b2d15,Role 1,2012-02-23 22:07:29.779562141,635,1,res_7b435aaa-ab1b-4205-92d4-81495e1b2d15,2012-02-23 22:04:53.694869141,0.0
Case515,W_Completeren aanvraag,res_a60942a0-f9c4-436b-a4d0-6eeb41b2f0f2,Role 1,2012-02-23 20:49:21.287292464,638,1,res_a60942a0-f9c4-436b-a4d0-6eeb41b2f0f2,2012-02-23 20:46:45.829712464,0.02564102564102564
Case516,W_Completeren aanvraag,res_3efedec2-7c7d-4360-b422-dcf1d20a8bfd,Role 1,2012-02-23 21:24:49.969499367,637,1,res_3efedec2-7c7d-4360-b422-dcf1d20a8bfd,2012-02-23 21:22:14.562344367,0.0
Case517,W_Completeren aanvraag,res_570add54-a9ce-40af-8ebf-c88ddafd5fef,Role 1,2012-02-23 21:47:24.898562993,636,1,res_570add54-a9ce-40af-8ebf-c88ddafd5fef,2012-02-23 21:44:51.591617993,0.02564102564102564
Case518,W_Completeren aanvraag,res_219a258e-f803-4016-b457-8c77c3b88a65,Role 1,2012-02-24 09:56:06.408036854,625,1,res_219a258e-f803-4016-b457-8c77c3b88a65,2012-02-24 09:52:55.441902854,0.0
Case519,W_Afhandelen leads,res_7c2a7682-7073-471d-9707-2acad2b806ab,Role 1,2012-02-24 10:01:55.333159020,625,0,res_7c2a7682-7073-471d-9707-2acad2b806ab,2012-02-24 09:58:22.861735020,0.0
Case519,W_Completeren aanvraag,res_570add54-a9ce-40af-8ebf-c88ddafd5fef,Role 1,2012-02-24 11:35:14.586882320,630,1,res_570add54-a9ce-40af-8ebf-c88ddafd5fef,2012-02-24 11:32:55.813759320,0.0
Case519,W_Completeren aanvraag,res_4d502259-de4c-4574-91b7-d3c939a9cf04,Role 1,2012-02-24 16:27:37.126982020,636,1,res_4d502259-de4c-4574-91b7-d3c939a9cf04,2012-02-24 16:25:48.177262020,0.0
Case52,W_Completeren aanvraag,res_4c3013be-6589-47a8-a7c4-f99f2e4b9a48,Role 1,2012-02-14 15:10:47.488527816,545,3,res_4c3013be-6589-47a8-a7c4-f99f2e4b9a48,2012-02-14 15:08:29.892308816,0.05128205128205128
Case52,W_Nabellen offertes,res_59c642c1-18f5-484a-aed6-a023ede79a28,Role 1,2012-02-14 15:34:15.688935816,544,1,res_59c642c1-18f5-484a-aed6-a023ede79a28,2012-02-14 15:31:56.249471816,0.0
Case520,W_Afhandelen leads,res_408efd66-8ed2-49bc-94a8-733c7b98a934,Role 1,2012-02-24 10:08:56.124119469,626,0,res_408efd66-8ed2-49bc-94a8-733c7b98a934,2012-02-24 10:05:23.974011469,0.0
Case520,W_Completeren aanvraag,res_3efedec2-7c7d-4360-b422-dcf1d20a8bfd,Role 1,2012-02-24 11:40:58.354358269,630,1,res_3efedec2-7c7d-4360-b422-dcf1d20a8bfd,2012-02-24 11:38:39.427724269,0.0
Case521,W_Completeren aanvraag,res_1d01c37d-a137-4a7e-8f12-e8c97f0c7f2b,Role 1,2012-02-24 10:19:17.991793428,627,1,res_1d01c37d-a137-4a7e-8f12-e8c97f0c7f2b,2012-02-24 10:16:08.739219428,0.0
Case522,W_Completeren aanvraag,res_d856942c-e08c-4dce-8114-31eacb6f69b7,Role 1,2012-02-24 10:28:53.492257041,627,1,res_d856942c-e08c-4dce-8114-31eacb6f69b7,2012-02-24 10:25:44.998124041,0.0
Case522,W_Completeren aanvraag,res_59c642c1-18f5-484a-aed6-a023ede79a28,Role 1,2012-02-24 11:57:14.712475441,630,1,res_59c642c1-18f5-484a-aed6-a023ede79a28,2012-02-24 11:55:02.829588441,0.02564102564102564
Case523,W_Completeren aanvraag,res_6488ab10-d3ee-4b87-935d-302131660e4e,Role 1,2012-02-24 10:38:28.890205654,628,1,res_6488ab10-d3ee-4b87-935d-302131660e4e,2012-02-24 10:35:21.257028654,0.0
Case523,W_Nabellen offertes,res_4bfd217b-a1fe-4479-a77c-aded82769086,Role 1,2012-02-24 11:25:46.511621454,630,1,res_4bfd217b-a1fe-4479-a77c-aded82769086,2012-02-24 11:23:45.350334454,0.0
Case523,W_Nabellen offertes,res_408efd66-8ed2-49bc-94a8-733c7b98a934,Role 1,2012-03-03 17:59:37.224572954,631,1,res_408efd66-8ed2-49bc-94a8-733c7b98a934,2012-03-03 17:57:51.232446954,0.0
Case523,W_Nabellen offertes,res_0ba00481-2705-40d0-b647-5ea4bd04a214,Role 1,2012-03-06 13:58:33.863162554,622,1,res_0ba00481-2705-40d0-b647-5ea4bd04a214,2012-03-06 13:56:45.657749554,0.02564102564102564
Case523,W_Nabellen offertes,res_a400b893-c7da-495f-bf62-a744eeccb8c5,Role 1,2012-03-08 02:04:03.908708654,638,1,res_a400b893-c7da-495f-bf62-a744eeccb8c5,2012-03-08 02:02:35.501419654,0.0
Case524,W_Completeren aanvraag,res_59c642c1-18f5-484a-aed6-a023ede79a28,Role 1,2012-02-24 10:45:58.493298588,629,1,res_59c642c1-18f5-484a-aed6-a023ede79a28,2012-02-24 10:42:51.585228588,0.0
Case525,W_Completeren aanvraag,res_6488ab10-d3ee-4b87-935d-302131660e4e,Role 1,2012-02-24 10:55:46.898852488,629,1,res_6488ab10-d3ee-4b87-935d-302131660e4e,2012-02-24 10:52:40.940926488,0.0
Case525,W_Completeren aanvraag,res_7b435aaa-ab1b-4205-92d4-81495e1b2d15,Role 1,2012-02-24 12:18:52.648773088,629,1,res_7b435aaa-ab1b-4205-92d4-81495e1b2d15,2012-02-24 12:16:38.715499088,0.0
Case525,W_Nabellen offertes,res_4c3013be-6589-47a8-a7c4-f99f2e4b9a48,Role 1,2012-02-29 16:21:05.207516388,619,1,res_4c3013be-6589-47a8-a7c4-f99f2e4b9a48,2012-02-29 16:16:59.818357388,0.0
Case526,W_Afhandelen leads,res_40e4f4c6-1170-4ce1-ba24-0dfa2dd61b15,Role 1,2012-02-24 10:57:12.468712647,630,0,res_40e4f4c6-1170-4ce1-ba24-0dfa2dd61b15,2012-02-24 10:53:44.410001647,0.02564102564102564
Case526,W_Completeren aanvraag,res_5a3eddbb-0eb4-49ac-9904-07583235092c,Role 1,2012-02-24 12:20:07.735630447,629,2,res_5a3eddbb-0eb4-49ac-9904-07583235092c,2012-02-24 12:17:52.161018447,0.02564102564102564
Case526,W_Completeren aanvraag,res_5a3eddbb-0eb4-49ac-9904-07583235092c,Role 1,2012-02-24 16:59:21.338419147,637,1,res_5a3eddbb-0eb4-49ac-9904-07583235092c,2012-02-24 16:57:33.360381147,0.0
Case526,W_Nabellen offertes,res_dec66574-3de2-4d20-a02f-ab348539e500,Role 1,2012-02-26 20:24:49.263869747,617,1,res_dec66574-3de2-4d20-a02f-ab348539e500,2012-02-26 20:23:12.481656747,0.0
Case527,W_Afhandelen leads,res_1b3fa211-3349-4835-aae7-baccd0368824,Role 1,2012-02-24 11:18:17.443160266,630,0,res_1b3fa211-3349-4835-aae7-baccd0368824,2012-02-24 11:14:49.761722266,0.0
Case527,W_Completeren aanvraag,res_5a3eddbb-0eb4-49ac-9904-07583235092c,Role 1,2012-02-24 12:39:25.808948466,628,1,res_5a3eddbb-0eb4-49ac-9904-07583235092c,2012-02-24 12:37:04.899423466,0.0
Case527,W_Completeren aanvraag,res_13020984-8d57-4f3c-8ba3-5a323081e70b,Role 1,2012-02-24 17:21:33.310792366,637,1,res_13020984-8d57-4f3c-8ba3-5a323081e70b,2012-02-24 17:19:44.706031366,0.0
Case527,W_Nabellen offertes,res_4bfd217b-a1fe-4479-a77c-aded82769086,Role 1,2012-02-26 19:16:22.602855566,617,1,res_4bfd217b-a1fe-4479-a77c-aded82769086,2012-02-26 19:14:44.059186566,0.0
Case527,W_Nabellen offertes,res_6488ab10-d3ee-4b87-935d-302131660e4e,Role 1,2012-02-29 14:02:14.351496665,621,1,res_6488ab10-d3ee-4b87-935d-302131660e4e,2012-02-29 13:58:28.824213666,0.0
Case528,W_Completeren aanvraag,res_3efedec2-7c7d-4360-b422-dcf1d20a8bfd,Role 1,2012-02-24 11:37:08.484067680,630,1,res_3efedec2-7c7d-4360-b422-dcf1d20a8bfd,2012-02-24 11:34:07.316759680,0.0
Case528,W_Nabellen offertes,res_5a3eddbb-0eb4-49ac-9904-07583235092c,Role 1,2012-02-24 12:22:00.227090980,629,1,res_5a3eddbb-0eb4-49ac-9904-07583235092c,2012-02-24 12:19:58.563230980,0.0
Case529,W_Completeren aanvraag,res_d856942c-e08c-4dce-8114-31eacb6f69b7,Role 1,2012-02-24 11:56:13.470035720,630,1,res_d856942c-e08c-4dce-8114-31eacb6f69b7,2012-02-24 11:53:14.797340720,0.0
Case53,W_Afhandelen leads,res_d5f36d0a-a64a-45e5-8850-daee823f6c96,Role 1,2012-02-14 15:25:05.568739315,544,0,res_d5f36d0a-a64a-45e5-8850-daee823f6c96,2012-02-14 15:21:59.878601315,0.0
Case53,W_Completeren aanvraag,res_230c0182-4111-4506-bfd5-9b0719b08311,Role 1,2012-02-14 16:19:47.166814215,543,1,res_230c0182-4111-4506-bfd5-9b0719b08311,2012-02-14 16:17:15.251635215,0.02564102564102564
Case530,W_Completeren aanvraag,res_b42bc940-a579-4310-8bba-a668ba469508,Role 1,2012-02-24 11:56:36.255029393,631,2,res_b42bc940-a579-4310-8bba-a668ba469508,2012-02-24 11:53:49.050492393,0.02564102564102564
Case531,W_Completeren aanvraag,res_0ba00481-2705-40d0-b647-5ea4bd04a214,Role 1,2012-02-24 12:15:13.900358222,630,2,res_0ba00481-2705-40d0-b647-5ea4bd04a214,2012-02-24 12:12:29.330041222,0.02564102564102564
Case532,W_Afhandelen leads,res_219a258e-f803-4016-b457-8c77c3b88a65,Role 1,2012-02-24 12:33:33.834333629,629,0,res_219a258e-f803-4016-b457-8c77c3b88a65,2012-02-24 12:30:15.207525629,0.02564102564102564
Case532,W_Completeren aanvraag,res_1b9a0c06-ad62-425d-8a95-45a175c5555c,Role 1,2012-02-24 13:47:09.925688029,632,1,res_1b9a0c06-ad62-425d-8a95-45a175c5555c,2012-02-24 13:44:47.069942029,0.0
Case532,W_Nabellen offertes,res_7b435aaa-ab1b-4205-92d4-81495e1b2d15,Role 1,2012-03-01 12:54:10.159389129,629,1,res_7b435aaa-ab1b-4205-92d4-81495e1b2d15,2012-03-01 12:52:21.808491129,0.0
Case533,W_Completeren aanvraag,res_bae84d23-abe1-4580-a954-c8576ba025c9,Role 1,2012-02-24 12:55:37.336999430,630,1,res_bae84d23-abe1-4580-a954-c8576ba025c9,2012-02-24 12:52:46.192125430,0.0
Case533,W_Completeren aanvraag,res_57e6001e-3d34-44ab-b1e6-21b6b1001542,Role 1,2012-02-24 14:07:26.831178530,634,1,res_57e6001e-3d34-44ab-b1e6-21b6b1001542,2012-02-24 14:05:08.154596530,0.0
Case533,W_Nabellen offertes,res_59c642c1-18f5-484a-aed6-a023ede79a28,Role 1,2012-03-01 12:44:58.316608330,630,1,res_59c642c1-18f5-484a-aed6-a023ede79a28,2012-03-01 12:43:12.756697330,0.0
Case534,W_Completeren aanvraag,res_1d01c37d-a137-4a7e-8f12-e8c97f0c7f2b,Role 1,2012-02-24 12:57:15.463272911,631,2,res_1d01c37d-a137-4a7e-8f12-e8c97f0c7f2b,2012-02-24 12:54:36.003699911,0.02564102564102564
Case534,W_Completeren aanvraag,res_d856942c-e08c-4dce-8114-31eacb6f69b7,Role 1,2012-02-24 14:09:04.530605611,634,2,res_d856942c-e08c-4dce-8114-31eacb6f69b7,2012-02-24 14:06:54.672314611,0.02564102564102564
Case534,W_Nabellen offertes,res_4ea7e99f-9f77-43d0-af71-4b2253ae6764,Role 1,2012-03-01 16:15:45.826662511,625,1,res_4ea7e99f-9f77-43d0-af71-4b2253ae6764,2012-03-01 16:13:04.980299511,0.0
Case535,W_Afhandelen leads,res_57e6001e-3d34-44ab-b1e6-21b6b1001542,Role 1,2012-02-24 13:19:07.215604905,632,0,res_57e6001e-3d34-44ab-b1e6-21b6b1001542,2012-02-24 13:15:51.429876905,0.0
Case535,W_Completeren aanvraag,res_f8049b85-d52c-466e-8778-58e1f3f71604,Role 1,2012-02-24 14:29:56.840424205,634,1,res_f8049b85-d52c-466e-8778-58e1f3f71604,2012-02-24 14:27:32.296170205,0.0
Case535,W_Nabellen offertes,res_0ba00481-2705-40d0-b647-5ea4bd04a214,Role 1,2012-03-01 19:07:40.485180605,624,1,res_0ba00481-2705-40d0-b647-5ea4bd04a214,2012-03-01 19:03:21.603503605,0.0
Case535,W_Nabellen offertes,res_570add54-a9ce-40af-8ebf-c88ddafd5fef,Role 1,2012-03-04 17:25:26.001139205,625,1,res_570add54-a9ce-40af-8ebf-c88ddafd5fef,2012-03-04 17:23:48.057242205,0.0
Case536,W_Completeren aanvraag,res_0ba00481-2705-40d0-b647-5ea4bd04a214,Role 1,2012-02-24 13:36:34.821224698,633,2,res_0ba00481-2705-40d0-b647-5ea4bd04a214,2012-02-24 13:33:58.463719698,0.02564102564102564
Case537,W_Afhandelen leads,res_709ed04f-5b76-49c4-aeeb-ad921b6f6ca1,Role 1,2012-02-24 13:56:46.074337311,633,0,res_709ed04f-5b76-49c4-aeeb-ad921b6f6ca1,2012-02-24 13:53:32.137887311,0.0
Case537,W_Completeren aanvraag,res_1b3fa211-3349-4835-aae7-baccd0368824,Role 1,2012-02-24 15:05:54.586718211,635,1,res_1b3fa211-3349-4835-aae7-baccd0368824,2012-02-24 15:03:30.175514211,0.02564102564102564
Case537,W_Completeren aanvraag,res_5724148e-e102-4421-a053-83c428a11f68,Role 1,2012-02-24 18:37:01.636086011,638,1,res_5724148e-e102-4421-a053-83c428a11f68,2012-02-24 18:35:12.684268011,0.0
Case537,W_Nabellen offertes,res_7c2a7682-7073-471d-9707-2acad2b806ab,Role 1,2012-02-26 15:29:02.393203211,623,2,res_7c2a7682-7073-471d-9707-2acad2b806ab,2012-02-26 15:26:47.295765211,0.02564102564102564
Case537,W_Nabellen offertes,res_bae84d23-abe1-4580-a954-c8576ba025c9,Role 1,2012-02-29 10:30:58.675197911,625,1,res_bae84d23-abe1-4580-a954-c8576ba025c9,2012-02-29 10:29:22.528245911,0.0
Case537,W_Nabellen offertes,res_5a3eddbb-0eb4-49ac-9904-07583235092c,Role 1,2012-03-02 00:32:12.342472811,620,1,res_5a3eddbb-0eb4-49ac-9904-07583235092c,2012-03-02 00:26:41.656001811,0.0
Case538,W_Afhandelen leads,res_dec66574-3de2-4d20-a02f-ab348539e500,Role 1,2012-02-24 13:57:46.328893294,634,1,res_dec66574-3de2-4d20-a02f-ab348539e500,2012-02-24 13:54:41.651636294,0.02564102564102564
Case538,W_Completeren aanvraag,res_4bfd217b-a1fe-4479-a77c-aded82769086,Role 1,2012-02-24 15:06:50.319001094,635,2,res_4bfd217b-a1fe-4479-a77c-aded82769086,2012-02-24 15:04:31.965867094,0.02564102564102564
Case538,W_Completeren aanvraag,res_1d01c37d-a137-4a7e-8f12-e8c97f0c7f2b,Role 1,2012-02-24 19:00:29.852464594,638,1,res_1d01c37d-a137-4a7e-8f12-e8c97f0c7f2b,2012-02-24 18:58:41.859044594,0.0
Case538,W_Nabellen offertes,res_9a47d014-a019-4396-9e72-1d1379a66c99,Role 1,2012-02-26 16:20:03.006992194,623,1,res_9a47d014-a019-4396-9e72-1d1379a66c99,2012-02-26 16:18:10.377395194,0.0
Case539,W_Completeren aanvraag,res_bb73aa9d-d45e-496a-a1ec-c9fe6e899287,Role 1,2012-02-24 14:56:17.179659870,635,1,res_bb73aa9d-d45e-496a-a1ec-c9fe6e899287,2012-02-24 14:53:31.741149870,0.0
Case54,W_Afhandelen leads,res_408efd66-8ed2-49bc-94a8-733c7b98a934,Role 1,2012-02-14 15:37:45.719067942,544,0,res_408efd66-8ed2-49bc-94a8-733c7b98a934,2012-02-14 15:34:39.492611942,0.0
Case54,W_Completeren aanvraag,res_59c642c1-18f5-484a-aed6-a023ede79a28,Role 1,2012-02-14 16:32:18.575381142,542,1,res_59c642c1-18f5-484a-aed6-a023ede79a28,2012-02-14 16:29:45.504959142,0.0
Case54,W_Nabellen offertes,res_843e228f-f915-4f9a-b2c1-ff974c62e207,Role 1,2012-02-15 08:46:02.786790141,545,1,res_843e228f-f915-4f9a-b2c1-ff974c62e207,2012-02-15 08:42:55.003521141,0.0
Case540,W_Afhandelen leads,res_0fc057cb-3a7d-47d3-8cd2-6d92b33620c4,Role 1,2012-02-24 14:58:10.458311689,636,0,res_0fc057cb-3a7d-47d3-8cd2-6d92b33620c4,2012-02-24 14:54:58.381474689,0.02564102564102564
Case540,W_Completeren aanvraag,res_59c642c1-18f5-484a-aed6-a023ede79a28,Role 1,2012-02-24 16:05:59.610291388,637,2,res_59c642c1-18f5-484a-aed6-a023ede79a28,2012-02-24 16:03:36.912092388,0.02564102564102564
Case541,W_Completeren aanvraag,res_57e6001e-3d34-44ab-b1e6-21b6b1001542,Role 1,2012-02-24 15:17:46.135249150,635,1,res_57e6001e-3d34-44ab-b1e6-21b6b1001542,2012-02-24 15:15:00.264120150,0.0
Case541,W_Nabellen offertes,res_bae84d23-abe1-4580-a954-c8576ba025c9,Role 1,2012-02-24 15:54:08.350597450,636,1,res_bae84d23-abe1-4580-a954-c8576ba025c9,2012-02-24 15:52:01.857888450,0.0
Case541,W_Nabellen offertes,res_f8049b85-d52c-466e-8778-58e1f3f71604,Role 1,2012-03-04 10:32:43.497975650,628,1,res_f8049b85-d52c-466e-8778-58e1f3f71604,2012-03-04 10:31:07.116112650,0.0
Case542,W_Afhandelen leads,res_b42bc940-a579-4310-8bba-a668ba469508,Role 1,2012-02-24 15:42:21.191578509,636,0,res_b42bc940-a579-4310-8bba-a668ba469508,2012-02-24 15:39:06.956055509,0.0
Case542,W_Completeren aanvraag,res_8a4ef218-abd5-42fa-9b05-623b7ba3c08b,Role 1,2012-02-24 16:50:30.080470609,637,1,res_8a4ef218-abd5-42fa-9b05-623b7ba3c08b,2012-02-24 16:48:00.649112609,0.0
Case542,W_Nabellen offertes,res_1b9a0c06-ad62-425d-8a95-45a175c5555c,Role 1,2012-03-02 13:42:10.659793009,624,1,res_1b9a0c06-ad62-425d-8a95-45a175c5555c,2012-03-02 13:40:22.699734009,0.0
Case542,W_Nabellen offertes,res_1d01c37d-a137-4a7e-8f12-e8c97f0c7f2b,Role 1,2012-03-05 00:02:02.762057309,624,1,res_1d01c37d-a137-4a7e-8f12-e8c97f0c7f2b,2012-03-04 23:57:03.555967309,0.0
Case543,W_Afhandelen leads,res_f8049b85-d52c-466e-8778-58e1f3f71604,Role 1,2012-02-24 15:57:16.131368552,636,0,res_f8049b85-d52c-466e-8778-58e1f3f71604,2012-02-24 15:54:01.567781552,0.0
Case543,W_Completeren aanvraag,res_219a258e-f803-4016-b457-8c77c3b88a65,Role 1,2012-02-24 17:05:39.945499752,639,2,res_219a258e-f803-4016-b457-8c77c3b88a65,2012-02-24 17:03:15.772066752,0.05128205128205128
Case544,W_Completeren aanvraag,res_d39cd18a-e6fc-4de4-b991-deff4ba6e82a,Role 1,2012-02-24 15:58:08.076022547,637,1,res_d39cd18a-e6fc-4de4-b991-deff4ba6e82a,2012-02-24 15:55:22.163432547,0.02564102564102564
Case544,W_Nabellen offertes,res_8a4ef218-abd5-42fa-9b05-623b7ba3c08b,Role 1,2012-02-24 16:32:58.813191247,637,1,res_8a4ef218-abd5-42fa-9b05-623b7ba3c08b,2012-02-24 16:30:51.242708247,0.0
Case545,W_Afhandelen leads,res_5a3eddbb-0eb4-49ac-9904-07583235092c,Role 1,2012-02-24 16:17:12.388397188,637,0,res_5a3eddbb-0eb4-49ac-9904-07583235092c,2012-02-24 16:13:57.405753188,0.0
Case545,W_Completeren aanvraag,res_843e228f-f915-4f9a-b2c1-ff974c62e207,Role 1,2012-02-24 17:26:20.600742388,637,1,res_843e228f-f915-4f9a-b2c1-ff974c62e207,2012-02-24 17:23:49.852694388,0.0
Case546,W_Completeren aanvraag,res_4d502259-de4c-4574-91b7-d3c939a9cf04,Role 1,2012-02-24 16:40:28.804088248,637,1,res_4d502259-de4c-4574-91b7-d3c939a9cf04,2012-02-24 16:37:39.918993248,0.0
Case546,W_Completeren aanvraag,res_f8049b85-d52c-466e-8778-58e1f3f71604,Role 1,2012-02-24 17:50:36.255216748,637,1,res_f8049b85-d52c-466e-8778-58e1f3f71604,2012-02-24 17:48:07.087454748,0.0
Case546,W_Completeren aanvraag,res_1d01c37d-a137-4a7e-8f12-e8c97f0c7f2b,Role 1,2012-02-24 22:55:09.040261148,643,1,res_1d01c37d-a137-4a7e-8f12-e8c97f0c7f2b,2012-02-24 22:53:18.456762148,0.0
Case546,W_Completeren aanvraag,res_d39cd18a-e6fc-4de4-b991-deff4ba6e82a,Role 1,2012-02-25 11:19:34.976793548,638,1,res_d39cd18a-e6fc-4de4-b991-deff4ba6e82a,2012-02-25 11:17:48.400814548,0.02564102564102564
Case547,W_Afhandelen leads,res_4d502259-de4c-4574-91b7-d3c939a9cf04,Role 1,2012-02-24 16:58:24.501613819,638,0,res_4d502259-de4c-4574-91b7-d3c939a9cf04,2012-02-24 16:55:08.669901819,0.0
Case547,W_Completeren aanvraag,res_b70af2ff-820e-4016-a03c-831214a09681,Role 1,2012-02-24 18:09:27.312638919,640,1,res_b70af2ff-820e-4016-a03c-831214a09681,2012-02-24 18:06:55.103472919,0.0
Case548,W_Completeren aanvraag,res_dec66574-3de2-4d20-a02f-ab348539e500,Role 1,2012-02-24 16:58:38.341398953,639,1,res_dec66574-3de2-4d20-a02f-ab348539e500,2012-02-24 16:55:49.975172953,0.02564102564102564
Case548,W_Nabellen offertes,res_1b3fa211-3349-4835-aae7-baccd0368824,Role 1,2012-02-24 17:31:07.576449953,637,1,res_1b3fa211-3349-4835-aae7-baccd0368824,2012-02-24 17:28:57.475704953,0.0
Case548,W_Nabellen offertes,res_bb73aa9d-d45e-496a-a1ec-c9fe6e899287,Role 1,2012-03-04 09:35:32.618740853,628,1,res_bb73aa9d-d45e-496a-a1ec-c9fe6e899287,2012-03-04 09:33:54.847324853,0.0
Case548,W_Nabellen offertes,res_f8049b85-d52c-466e-8778-58e1f3f71604,Role 1,2012-03-07 16:03:28.456837853,638,1,res_f8049b85-d52c-466e-8778-58e1f3f71604,2012-03-07 16:01:41.338164853,0.0
Case548,W_Nabellen offertes,res_230c0182-4111-4506-bfd5-9b0719b08311,Role 1,2012-03-09 03:40:23.698331353,634,1,res_230c0182-4111-4506-bfd5-9b0719b08311,2012-03-09 03:38:57.071160353,0.0
Case549,W_Completeren aanvraag,res_13020984-8d57-4f3c-8ba3-5a323081e70b,Role 1,2012-02-24 17:21:52.758266264,638,2,res_13020984-8d57-4f3c-8ba3-5a323081e70b,2012-02-24 17:19:12.339500264,0.02564102564102564
Case549,W_Nabellen offertes,res_570add54-a9ce-40af-8ebf-c88ddafd5fef,Role 1,2012-02-24 17:53:42.704957364,638,1,res_570add54-a9ce-40af-8ebf-c88ddafd5fef,2012-02-24 17:51:35.326406364,0.0
Case549,W_Nabellen offertes,res_bb73aa9d-d45e-496a-a1ec-c9fe6e899287,Role 1,2012-03-04 08:45:53.787047464,629,1,res_bb73aa9d-d45e-496a-a1ec-c9fe6e899287,2012-03-04 08:44:15.507982464,0.0
Case549,W_Nabellen offertes,res_d5f36d0a-a64a-45e5-8850-daee823f6c96,Role 1,2012-03-07 15:22:31.859168364,638,1,res_d5f36d0a-a64a-45e5-8850-daee823f6c96,2012-03-07 15:20:34.619104364,0.02564102564102564
Case55,W_Completeren aanvraag,res_a60942a0-f9c4-436b-a4d0-6eeb41b2f0f2,Role 1,2012-02-14 15:50:02.192182954,544,2,res_a60942a0-f9c4-436b-a4d0-6eeb41b2f0f2,2012-02-14 15:47:40.262980954,0.02564102564102564
Case55,W_Nabellen offertes,res_bae84d23-abe1-4580-a954-c8576ba025c9,Role 1,2012-02-14 16:12:00.018561754,543,1,res_bae84d23-abe1-4580-a954-c8576ba025c9,2012-02-14 16:09:39.283579754,0.02564102564102564
Case550,W_Afhandelen leads,res_408efd66-8ed2-49bc-94a8-733c7b98a934,Role 1,2012-02-24 17:45:23.036175363,638,0,res_408efd66-8ed2-49bc-94a8-733c7b98a934,2012-02-24 17:42:07.502795364,0.02564102564102564
Case550,W_Completeren aanvraag,res_7c2a7682-7073-471d-9707-2acad2b806ab,Role 1,2012-02-24 18:59:51.214684464,638,1,res_7c2a7682-7073-471d-9707-2acad2b806ab,2012-02-24 18:57:17.752703464,0.0
Case550,W_Nabellen offertes,res_b42bc940-a579-4310-8bba-a668ba469508,Role 1,2012-03-04 00:05:11.120607164,622,1,res_b42bc940-a579-4310-8bba-a668ba469508,2012-03-04 00:02:32.758440164,0.0
Case551,W_Afhandelen leads,res_1b3fa211-3349-4835-aae7-baccd0368824,Role 1,2012-02-24 17:59:17.493127524,639,0,res_1b3fa211-3349-4835-aae7-baccd0368824,2012-02-24 17:56:00.660337524,0.0
Case551,W_Completeren aanvraag,res_b42bc940-a579-4310-8bba-a668ba469508,Role 1,2012-02-24 19:14:45.647414924,640,1,res_b42bc940-a579-4310-8bba-a668ba469508,2012-02-24 19:12:11.636850924,0.0
Case551,W_Completeren aanvraag,res_59c642c1-18f5-484a-aed6-a023ede79a28,Role 1,2012-02-25 05:44:55.185331424,642,1,res_59c642c1-18f5-484a-aed6-a023ede79a28,2012-02-25 05:42:50.352203424,0.0
Case551,W_Nabellen offertes,res_570add54-a9ce-40af-8ebf-c88ddafd5fef,Role 1,2012-02-26 02:18:10.462602024,632,1,res_570add54-a9ce-40af-8ebf-c88ddafd5fef,2012-02-26 02:16:33.039566024,0.0
Case552,W_Afhandelen leads,res_8a4ef218-abd5-42fa-9b05-623b7ba3c08b,Role 1,2012-02-24 18:00:24.893031057,640,1,res_8a4ef218-abd5-42fa-9b05-623b7ba3c08b,2012-02-24 17:57:14.203869057,0.02564102564102564
Case552,W_Completeren aanvraag,res_dec66574-3de2-4d20-a02f-ab348539e500,Role 1,2012-02-24 19:16:02.403571356,640,2,res_dec66574-3de2-4d20-a02f-ab348539e500,2012-02-24 19:13:34.866798357,0.02564102564102564
Case552,W_Nabellen offertes,res_5a3eddbb-0eb4-49ac-9904-07583235092c,Role 1,2012-03-04 03:33:44.424712157,620,1,res_5a3eddbb-0eb4-49ac-9904-07583235092c,2012-03-04 03:31:43.756338157,0.0
Case552,W_Nabellen offertes,res_5724148e-e102-4421-a053-83c428a11f68,Role 1,2012-03-07 06:48:24.705069757,633,2,res_5724148e-e102-4421-a053-83c428a11f68,2012-03-07 06:41:53.690248757,0.02564102564102564
Case552,W_Nabellen offertes,res_7c2a7682-7073-471d-9707-2acad2b806ab,Role 1,2012-03-08 18:29:07.925147157,631,1,res_7c2a7682-7073-471d-9707-2acad2b806ab,2012-03-08 18:27:21.095311157,0.02564102564102564
Case553,W_Completeren aanvraag,res_219a258e-f803-4016-b457-8c77c3b88a65,Role 1,2012-02-24 18:59:06.820179007,639,1,res_219a258e-f803-4016-b457-8c77c3b88a65,2012-02-24 18:56:14.367839007,0.0
Case553,W_Nabellen offertes,res_6488ab10-d3ee-4b87-935d-302131660e4e,Role 1,2012-02-24 19:28:28.769349107,640,1,res_6488ab10-d3ee-4b87-935d-302131660e4e,2012-02-24 19:26:12.564190107,0.0
Case554,W_Afhandelen leads,res_230c0182-4111-4506-bfd5-9b0719b08311,Role 1,2012-02-24 19:00:32.260983890,640,0,res_230c0182-4111-4506-bfd5-9b0719b08311,2012-02-24 18:57:15.822022890,0.02564102564102564
Case554,W_Completeren aanvraag,res_0ba00481-2705-40d0-b647-5ea4bd04a214,Role 1,2012-02-24 20:21:28.411823990,641,1,res_0ba00481-2705-40d0-b647-5ea4bd04a214,2012-02-24 20:18:53.302483990,0.0
Case554,W_Completeren aanvraag,res_7b435aaa-ab1b-4205-92d4-81495e1b2d15,Role 1,2012-02-25 13:33:55.355454090,644,2,res_7b435aaa-ab1b-4205-92d4-81495e1b2d15,2012-02-25 13:32:06.132506090,0.02564102564102564
Case555,W_Afhandelen leads,res_f8049b85-d52c-466e-8778-58e1f3f71604,Role 1,2012-02-24 19:35:44.188495319,640,0,res_f8049b85-d52c-466e-8778-58e1f3f71604,2012-02-24 19:32:26.420633319,0.0
Case555,W_Completeren aanvraag,res_0ba00481-2705-40d0-b647-5ea4bd04a214,Role 1,2012-02-24 21:00:00.307608819,641,1,res_0ba00481-2705-40d0-b647-5ea4bd04a214,2012-02-24 20:57:25.424026819,0.02564102564102564
Case555,W_Nabellen offertes,res_4bfd217b-a1fe-4479-a77c-aded82769086,Role 1,2012-03-04 03:34:12.739683919,620,1,res_4bfd217b-a1fe-4479-a77c-aded82769086,2012-03-04 03:32:17.297620919,0.0
Case556,W_Completeren aanvraag,res_709ed04f-5b76-49c4-aeeb-ad921b6f6ca1,Role 1,2012-02-24 19:59:52.827982888,641,1,res_709ed04f-5b76-49c4-aeeb-ad921b6f6ca1,2012-02-24 19:57:00.313600888,0.0
Case557,W_Afhandelen leads,res_3efedec2-7c7d-4360-b422-dcf1d20a8bfd,Role 1,2012-02-24 20:00:45.324967736,642,0,res_3efedec2-7c7d-4360-b422-dcf1d20a8bfd,2012-02-24 19:57:28.522078736,0.02564102564102564
Case557,W_Completeren aanvraag,res_9a47d014-a019-4396-9e72-1d1379a66c99,Role 1,2012-02-24 21:27:33.813035336,643,1,res_9a47d014-a019-4396-9e72-1d1379a66c99,2012-02-24 21:24:57.881296336,0.0
Case557,W_Completeren aanvraag,res_230c0182-4111-4506-bfd5-9b0719b08311,Role 1,2012-02-25 16:43:15.241945836,638,1,res_230c0182-4111-4506-bfd5-9b0719b08311,2012-02-25 16:41:24.803660836,0.0
Case557,W_Nabellen offertes,res_dec66574-3de2-4d20-a02f-ab348539e500,Role 1,2012-02-27 06:29:05.093800436,615,1,res_dec66574-3de2-4d20-a02f-ab348539e500,2012-02-27 06:27:04.284191436,0.0
Case557,W_Nabellen offertes,res_1b9a0c06-ad62-425d-8a95-45a175c5555c,Role 1,2012-02-28 19:21:09.983838436,633,1,res_1b9a0c06-ad62-425d-8a95-45a175c5555c,2012-02-28 19:18:42.270741436,0.0
Case557,W_Nabellen offertes,res_d856942c-e08c-4dce-8114-31eacb6f69b7,Role 1,2012-03-01 06:44:41.697556836,628,2,res_d856942c-e08c-4dce-8114-31eacb6f69b7,2012-03-01 06:43:07.243571836,0.07692307692307693
Case558,W_Afhandelen leads,res_3efedec2-7c7d-4360-b422-dcf1d20a8bfd,Role 1,2012-02-24 20:59:45.768124048,642,0,res_3efedec2-7c7d-4360-b422-dcf1d20a8bfd,2012-02-24 20:56:27.678603048,0.0
Case558,W_Completeren aanvraag,res_4d502259-de4c-4574-91b7-d3c939a9cf04,Role 1,2012-02-24 22:32:29.788235848,643,1,res_4d502259-de4c-4574-91b7-d3c939a9cf04,2012-02-24 22:29:52.909509848,0.0
Case558,W_Nabellen offertes,res_6488ab10-d3ee-4b87-935d-302131660e4e,Role 1,2012-03-03 12:54:49.517239148,630,1,res_6488ab10-d3ee-4b87-935d-302131660e4e,2012-03-03 12:53:02.399700148,0.0
Case559,W_Completeren aanvraag,res_4d502259-de4c-4574-91b7-d3c939a9cf04,Role 1,2012-02-24 21:00:54.460889605,643,1,res_4d502259-de4c-4574-91b7-d3c939a9cf04,2012-02-24 20:58:03.385938605,0.02564102564102564
Case559,W_Nabellen offertes,res_59c642c1-18f5-484a-aed6-a023ede79a28,Role 1,2012-02-24 21:24:07.995899905,643,1,res_59c642c1-18f5-484a-aed6-a023ede79a28,2012-02-24 21:21:48.291063905,0.02564102564102564
Case559,W_Nabellen offertes,res_7b435aaa-ab1b-4205-92d4-81495e1b2d15,Role 1,2012-02-29 09:50:37.701257505,625,2,res_7b435aaa-ab1b-4205-92d4-81495e1b2d15,2012-02-29 09:48:53.495389505,0.02564102564102564
Case56,W_Afhandelen leads,res_0ba00481-2705-40d0-b647-5ea4bd04a214,Role 1,2012-02-14 16:10:05.343559368,543,0,res_0ba00481-2705-40d0-b647-5ea4bd04a214,2012-02-14 16:06:57.818018368,0.0
Case56,W_Completeren aanvraag,res_5724148e-e102-4421-a053-83c428a11f68,Role 1,2012-02-14 17:04:10.842587768,543,1,res_5724148e-e102-4421-a053-83c428a11f68,2012-02-14 17:01:37.352395768,0.0
Case56,W_Nabellen offertes,res_0ba00481-2705-40d0-b647-5ea4bd04a214,Role 1,2012-02-15 10:39:41.722283868,547,1,res_0ba00481-2705-40d0-b647-5ea4bd04a214,2012-02-15 10:36:51.444499868,0.0
Case56,W_Nabellen offertes,res_d39cd18a-e6fc-4de4-b991-deff4ba6e82a,Role 1,2012-02-22 01:02:11.560295868,629,1,res_d39cd18a-e6fc-4de4-b991-deff4ba6e82a,2012-02-22 00:59:18.647900868,0.0
Case56,W_Nabellen offertes,res_843e228f-f915-4f9a-b2c1-ff974c62e207,Role 1,2012-02-23 13:15:43.367003368,636,1,res_843e228f-f915-4f9a-b2c1-ff974c62e207,2012-02-23 13:14:06.710134368,0.0
Case56,W_Nabellen offertes,res_bb73aa9d-d45e-496a-a1ec-c9fe6e899287,Role 1,2012-02-25 03:31:33.816593668,631,1,res_bb73aa9d-d45e-496a-a1ec-c9fe6e899287,2012-02-25 03:18:49.940202668,0.0
Case560,W_Completeren aanvraag,res_a60942a0-f9c4-436b-a4d0-6eeb41b2f0f2,Role 1,2012-02-24 21:57:08.820896378,644,1,res_a60942a0-f9c4-436b-a4d0-6eeb41b2f0f2,2012-02-24 21:54:17.321378378,0.0
Case560,W_Nabellen offertes,res_709ed04f-5b76-49c4-aeeb-ad921b6f6ca1,Role 1,2012-02-24 22:20:45.510360878,644,1,res_709ed04f-5b76-49c4-aeeb-ad921b6f6ca1,2012-02-24 22:18:22.976311878,0.0
Case561,W_Afhandelen leads,res_0ba00481-2705-40d0-b647-5ea4bd04a214,Role 1,2012-02-25 10:14:36.323027542,636,0,res_0ba00481-2705-40d0-b647-5ea4bd04a214,2012-02-25 10:11:22.169970542,0.02564102564102564
Case561,W_Completeren aanvraag,res_a60942a0-f9c4-436b-a4d0-6eeb41b2f0f2,Role 1,2012-02-25 11:52:17.683701642,645,1,res_a60942a0-f9c4-436b-a4d0-6eeb41b2f0f2,2012-02-25 11:50:03.721342642,0.02564102564102564
Case561,W_Completeren aanvraag,res_59c642c1-18f5-484a-aed6-a023ede79a28,Role 1,2012-02-25 17:11:18.167168442,638,1,res_59c642c1-18f5-484a-aed6-a023ede79a28,2012-02-25 17:09:31.796280442,0.0
Case561,W_Nabellen offertes,res_08871a3e-f393-4f22-a0a4-e36c9d59a78e,Role 1,2012-02-27 22:02:09.688415142,635,1,res_08871a3e-f393-4f22-a0a4-e36c9d59a78e,2012-02-27 22:00:26.261587142,0.0
Case562,W_Completeren aanvraag,res_843e228f-f915-4f9a-b2c1-ff974c62e207,Role 1,2012-02-25 10:18:51.127950749,636,1,res_843e228f-f915-4f9a-b2c1-ff974c62e207,2012-02-25 10:16:02.239857749,0.0
Case562,W_Completeren aanvraag,res_59c642c1-18f5-484a-aed6-a023ede79a28,Role 1,2012-02-25 11:55:10.837128149,645,1,res_59c642c1-18f5-484a-aed6-a023ede79a28,2012-02-25 11:53:06.719402149,0.0
Case563,W_Afhandelen leads,res_0fc057cb-3a7d-47d3-8cd2-6d92b33620c4,Role 1,2012-02-25 10:26:37.839174309,637,0,res_0fc057cb-3a7d-47d3-8cd2-6d92b33620c4,2012-02-25 10:23:22.493601309,0.0
Case563,W_Completeren aanvraag,res_13020984-8d57-4f3c-8ba3-5a323081e70b,Role 1,2012-02-25 12:00:57.806407408,644,1,res_13020984-8d57-4f3c-8ba3-5a323081e70b,2012-02-25 11:58:42.288116409,0.0
Case563,W_Completeren aanvraag,res_d856942c-e08c-4dce-8114-31eacb6f69b7,Role 1,2012-02-25 17:26:06.655646908,638,1,res_d856942c-e08c-4dce-8114-31eacb6f69b7,2012-02-25 17:24:20.007263908,0.0
Case563,W_Nabellen offertes,res_4ea7e99f-9f77-43d0-af71-4b2253ae6764,Role 1,2012-02-27 20:57:15.646310509,635,1,res_4ea7e99f-9f77-43d0-af71-4b2253ae6764,2012-02-27 20:55:30.549302509,0.0
Case564,W_Afhandelen leads,res_dec66574-3de2-4d20-a02f-ab348539e500,Role 1,2012-02-25 10:34:21.023792529,638,0,res_dec66574-3de2-4d20-a02f-ab348539e500,2012-02-25 10:31:05.918594529,0.0
Case564,W_Completeren aanvraag,res_5724148e-e102-4421-a053-83c428a11f68,Role 1,2012-02-25 12:06:34.802116429,643,1,res_5724148e-e102-4421-a053-83c428a11f68,2012-02-25 12:04:19.095239429,0.0
Case564,W_Completeren aanvraag,res_59c642c1-18f5-484a-aed6-a023ede79a28,Role 1,2012-02-25 17:45:50.173589629,638,1,res_59c642c1-18f5-484a-aed6-a023ede79a28,2012-02-25 17:44:03.733920629,0.0
Case565,W_Afhandelen leads,res_0fc057cb-3a7d-47d3-8cd2-6d92b33620c4,Role 1,2012-02-25 10:40:53.696009129,639,0,res_0fc057cb-3a7d-47d3-8cd2-6d92b33620c4,2012-02-25 10:37:38.822393129,0.0
Case565,W_Completeren aanvraag,res_4c3013be-6589-47a8-a7c4-f99f2e4b9a48,Role 1,2012-02-25 12:11:25.415107629,643,1,res_4c3013be-6589-47a8-a7c4-f99f2e4b9a48,2012-02-25 12:09:09.545100629,0.0
Case565,W_Completeren aanvraag,res_d5f36d0a-a64a-45e5-8850-daee823f6c96,Role 1,2012-02-25 17:57:32.425930529,637,1,res_d5f36d0a-a64a-45e5-8850-daee823f6c96,2012-02-25 17:55:46.113802529,0.0
Case565,W_Nabellen offertes,res_d39cd18a-e6fc-4de4-b991-deff4ba6e82a,Role 1,2012-02-27 21:17:08.513656729,632,1,res_d39cd18a-e6fc-4de4-b991-deff4ba6e82a,2012-02-27 21:15:24.468047729,0.0
Case566,W_Afhandelen leads,res_7b435aaa-ab1b-4205-92d4-81495e1b2d15,Role 1,2012-02-25 10:45:36.596110249,640,0,res_7b435aaa-ab1b-4205-92d4-81495e1b2d15,2012-02-25 10:42:21.914617249,0.0
Case566,W_Completeren aanvraag,res_5a3eddbb-0eb4-49ac-9904-07583235092c,Role 1,2012-02-25 12:14:54.486598349,645,2,res_5a3eddbb-0eb4-49ac-9904-07583235092c,2012-02-25 12:12:42.073698349,0.05128205128205128
Case567,W_Afhandelen leads,res_40e4f4c6-1170-4ce1-ba24-0dfa2dd61b15,Role 1,2012-02-25 10:52:15.274828673,641,0,res_40e4f4c6-1170-4ce1-ba24-0dfa2dd61b15,2012-02-25 10:49:00.863089673,0.0
Case567,W_Completeren aanvraag,res_57e6001e-3d34-44ab-b1e6-21b6b1001542,Role 1,2012-02-25 12:20:00.689624073,643,1,res_57e6001e-3d34-44ab-b1e6-21b6b1001542,2012-02-25 12:17:44.522275073,0.0
Case567,W_Nabellen offertes,res_40e4f4c6-1170-4ce1-ba24-0dfa2dd61b15,Role 1,2012-03-02 18:41:13.557558873,619,2,res_40e4f4c6-1170-4ce1-ba24-0dfa2dd61b15,2012-03-02 18:36:11.293212873,0.02564102564102564
Case567,W_Nabellen offertes,res_bae84d23-abe1-4580-a954-c8576ba025c9,Role 1,2012-03-05 18:23:34.115723773,611,1,res_bae84d23-abe1-4580-a954-c8576ba025c9,2012-03-05 18:21:58.083307773,0.0
Case567,W_Nabellen offertes,res_709ed04f-5b76-49c4-aeeb-ad921b6f6ca1,Role 1,2012-03-08 15:18:24.113154273,633,2,res_709ed04f-5b76-49c4-aeeb-ad921b6f6ca1,2012-03-08 15:16:30.431525273,0.02564102564102564
Case568,W_Afhandelen leads,res_1b9a0c06-ad62-425d-8a95-45a175c5555c,Role 1,2012-02-25 11:02:46.502163345,642,0,res_1b9a0c06-ad62-425d-8a95-45a175c5555c,2012-02-25 10:59:32.531504345,0.0
Case568,W_Completeren aanvraag,res_570add54-a9ce-40af-8ebf-c88ddafd5fef,Role 1,2012-02-25 12:28:09.058194445,643,1,res_570add54-a9ce-40af-8ebf-c88ddafd5fef,2012-02-25 12:25:52.589776445,0.0
Case569,W_Afhandelen leads,res_6488ab10-d3ee-4b87-935d-302131660e4e,Role 1,2012-02-25 11:07:26.333080553,643,0,res_6488ab10-d3ee-4b87-935d-302131660e4e,2012-02-25 11:04:12.601391553,0.0
Case569,W_Completeren aanvraag,res_408efd66-8ed2-49bc-94a8-733c7b98a934,Role 1,2012-02-25 12:31:51.207245753,642,1,res_408efd66-8ed2-49bc-94a8-733c7b98a934,2012-02-25 12:29:34.600250753,0.0
Case57,W_Afhandelen leads,res_1b3fa211-3349-4835-aae7-baccd0368824,Role 1,2012-02-14 16:15:27.916659348,543,0,res_1b3fa211-3349-4835-aae7-baccd0368824,2012-02-14 16:12:20.200622348,0.0
Case57,W_Completeren aanvraag,res_709ed04f-5b76-49c4-aeeb-ad921b6f6ca1,Role 1,2012-02-14 17:09:24.879975048,543,1,res_709ed04f-5b76-49c4-aeeb-ad921b6f6ca1,2012-02-14 17:06:51.335775048,0.0
Case57,W_Completeren aanvraag,res_59c642c1-18f5-484a-aed6-a023ede79a28,Role 1,2012-02-14 18:26:13.041145848,544,2,res_59c642c1-18f5-484a-aed6-a023ede79a28,2012-02-14 18:23:58.830211848,0.05128205128205128
Case570,W_Afhandelen leads,res_bae84d23-abe1-4580-a954-c8576ba025c9,Role 1,2012-02-25 11:25:30.484566071,644,0,res_bae84d23-abe1-4580-a954-c8576ba025c9,2012-02-25 11:22:17.620343071,0.0
Case570,W_Completeren aanvraag,res_4ea7e99f-9f77-43d0-af71-4b2253ae6764,Role 1,2012-02-25 12:46:29.741440871,641,1,res_4ea7e99f-9f77-43d0-af71-4b2253ae6764,2012-02-25 12:44:12.550538871,0.0
Case570,W_Nabellen offertes,res_d39cd18a-e6fc-4de4-b991-deff4ba6e82a,Role 1,2012-03-03 02:18:30.291488571,616,1,res_d39cd18a-e6fc-4de4-b991-deff4ba6e82a,2012-03-03 02:16:25.381054571,0.0
Case570,W_Nabellen offertes,res_570add54-a9ce-40af-8ebf-c88ddafd5fef,Role 1,2012-03-06 06:40:05.408702471,609,1,res_570add54-a9ce-40af-8ebf-c88ddafd5fef,2012-03-06 06:31:28.126075471,0.0
Case570,W_Nabellen offertes,res_3efedec2-7c7d-4360-b422-dcf1d20a8bfd,Role 1,2012-03-07 18:54:39.264465671,638,1,res_3efedec2-7c7d-4360-b422-dcf1d20a8bfd,2012-03-07 18:52:59.355891671,0.0
Case571,W_Afhandelen leads,res_843e228f-f915-4f9a-b2c1-ff974c62e207,Role 1,2012-02-25 11:43:17.429150753,645,0,res_843e228f-f915-4f9a-b2c1-ff974c62e207,2012-02-25 11:40:05.512718753,0.0
Case571,W_Completeren aanvraag,res_8a4ef218-abd5-42fa-9b05-623b7ba3c08b,Role 1,2012-02-25 13:00:58.157634653,640,1,res_8a4ef218-abd5-42fa-9b05-623b7ba3c08b,2012-02-25 12:58:40.353148653,0.0
Case572,W_Afhandelen leads,res_d39cd18a-e6fc-4de4-b991-deff4ba6e82a,Role 1,2012-02-25 12:07:13.875072375,644,0,res_d39cd18a-e6fc-4de4-b991-deff4ba6e82a,2012-02-25 12:04:03.137643375,0.0
Case572,W_Completeren aanvraag,res_6488ab10-d3ee-4b87-935d-302131660e4e,Role 1,2012-02-25 13:22:25.713731575,641,1,res_6488ab10-d3ee-4b87-935d-302131660e4e,2012-02-25 13:20:06.963266575,0.0
Case572,W_Completeren aanvraag,res_219a258e-f803-4016-b457-8c77c3b88a65,Role 1,2012-02-25 20:35:25.519608975,635,1,res_219a258e-f803-4016-b457-8c77c3b88a65,2012-02-25 20:33:39.468642975,0.0
Case572,W_Nabellen offertes,res_bb73aa9d-d45e-496a-a1ec-c9fe6e899287,Role 1,2012-02-27 23:13:34.775522775,639,1,res_bb73aa9d-d45e-496a-a1ec-c9fe6e899287,2012-02-27 23:11:53.890630775,0.02564102564102564
Case573,W_Completeren aanvraag,res_bb73aa9d-d45e-496a-a1ec-c9fe6e899287,Role 1,2012-02-25 12:07:13.168547135,645,1,res_bb73aa9d-d45e-496a-a1ec-c9fe6e899287,2012-02-25 12:04:34.368458135,0.02564102564102564
Case574,W_Afhandelen leads,res_7c2a7682-7073-471d-9707-2acad2b806ab,Role 1,2012-02-25 13:07:16.643640121,640,0,res_7c2a7682-7073-471d-9707-2acad2b806ab,2012-02-25 13:04:07.778134121,0.0
Case574,W_Completeren aanvraag,res_1d01c37d-a137-4a7e-8f12-e8c97f0c7f2b,Role 1,2012-02-25 14:17:46.407496421,640,2,res_1d01c37d-a137-4a7e-8f12-e8c97f0c7f2b,2012-02-25 14:15:28.150480421,0.02564102564102564
Case574,W_Nabellen offertes,res_d5f36d0a-a64a-45e5-8850-daee823f6c96,Role 1,2012-03-03 13:29:24.759126521,630,1,res_d5f36d0a-a64a-45e5-8850-daee823f6c96,2012-03-03 13:27:38.787048521,0.0
Case575,W_Completeren aanvraag,res_570add54-a9ce-40af-8ebf-c88ddafd5fef,Role 1,2012-02-25 13:07:19.761580068,641,1,res_570add54-a9ce-40af-8ebf-c88ddafd5fef,2012-02-25 13:04:44.046177068,0.02564102564102564
Case575,W_Completeren aanvraag,res_408efd66-8ed2-49bc-94a8-733c7b98a934,Role 1,2012-02-25 14:17:37.930614468,640,1,res_408efd66-8ed2-49bc-94a8-733c7b98a934,2012-02-25 14:15:24.217850468,0.0
Case575,W_Nabellen offertes,res_1b9a0c06-ad62-425d-8a95-45a175c5555c,Role 1,2012-03-03 16:33:14.892134768,631,1,res_1b9a0c06-ad62-425d-8a95-45a175c5555c,2012-03-03 16:31:26.230338768,0.0
Case576,W_Completeren aanvraag,res_f8049b85-d52c-466e-8778-58e1f3f71604,Role 1,2012-02-25 14:07:25.817942814,640,1,res_f8049b85-d52c-466e-8778-58e1f3f71604,2012-02-25 14:04:48.686667814,0.0
Case576,W_Nabellen offertes,res_6488ab10-d3ee-4b87-935d-302131660e4e,Role 1,2012-02-25 14:48:18.722467714,639,1,res_6488ab10-d3ee-4b87-935d-302131660e4e,2012-02-25 14:46:18.627387714,0.0
Case577,W_Afhandelen leads,res_bae84d23-abe1-4580-a954-c8576ba025c9,Role 1,2012-02-25 14:17:52.908003176,641,0,res_bae84d23-abe1-4580-a954-c8576ba025c9,2012-02-25 14:14:45.094485176,0.02564102564102564
Case577,W_Completeren aanvraag,res_7c2a7682-7073-471d-9707-2acad2b806ab,Role 1,2012-02-25 15:25:17.152627676,638,1,res_7c2a7682-7073-471d-9707-2acad2b806ab,2012-02-25 15:22:52.567629676,0.0
Case577,W_Nabellen offertes,res_7b435aaa-ab1b-4205-92d4-81495e1b2d15,Role 1,2012-03-03 18:09:30.562419176,627,1,res_7b435aaa-ab1b-4205-92d4-81495e1b2d15,2012-03-03 18:07:28.533855176,0.0
Case578,W_Afhandelen leads,res_3efedec2-7c7d-4360-b422-dcf1d20a8bfd,Role 1,2012-02-25 15:58:29.184686505,638,0,res_3efedec2-7c7d-4360-b422-dcf1d20a8bfd,2012-02-25 15:55:16.671516505,0.0
Case578,W_Completeren aanvraag,res_a400b893-c7da-495f-bf62-a744eeccb8c5,Role 1,2012-02-25 17:05:18.248893505,638,1,res_a400b893-c7da-495f-bf62-a744eeccb8c5,2012-02-25 17:02:48.354803505,0.0
Case578,W_Nabellen offertes,res_d39cd18a-e6fc-4de4-b991-deff4ba6e82a,Role 1,2012-03-03 17:12:36.751700205,628,1,res_d39cd18a-e6fc-4de4-b991-deff4ba6e82a,2012-03-03 17:10:43.364551205,0.0
Case579,W_Completeren aanvraag,res_709ed04f-5b76-49c4-aeeb-ad921b6f6ca1,Role 1,2012-02-26 10:16:39.029048765,622,1,res_709ed04f-5b76-49c4-aeeb-ad921b6f6ca1,2012-02-26 10:13:59.884247765,0.0
Case579,W_Nabellen offertes,res_a60942a0-f9c4-436b-a4d0-6eeb41b2f0f2,Role 1,2012-02-26 11:03:00.913088365,623,1,res_a60942a0-f9c4-436b-a4d0-6eeb41b2f0f2,2012-02-26 11:01:03.418640365,0.0
Case579,W_Nabellen offertes,res_4c3013be-6589-47a8-a7c4-f99f2e4b9a48,Role 1,2012-03-05 07:37:38.844860465,619,1,res_4c3013be-6589-47a8-a7c4-f99f2e4b9a48,2012-03-05 07:35:55.636551465,0.0
Case579,W_Nabellen offertes,res_08871a3e-f393-4f22-a0a4-e36c9d59a78e,Role 1,2012-03-08 08:17:43.071123865,631,1,res_08871a3e-f393-4f22-a0a4-e36c9d59a78e,2012-03-08 08:08:21.809717865,0.0
Case579,W_Nabellen offertes,res_8a4ef218-abd5-42fa-9b05-623b7ba3c08b,Role 1,2012-03-09 20:52:24.381540965,628,1,res_8a4ef218-abd5-42fa-9b05-623b7ba3c08b,2012-03-09 20:50:40.886471965,0.0
Case579,W_Nabellen offertes,res_57e6001e-3d34-44ab-b1e6-21b6b1001542,Role 1,2012-03-11 12:02:34.072918865,626,1,res_57e6001e-3d34-44ab-b1e6-21b6b1001542,2012-03-11 11:56:30.572180865,0.0
Case58,W_Completeren aanvraag,res_570add54-a9ce-40af-8ebf-c88ddafd5fef,Role 1,2012-02-14 16:44:45.082046896,543,1,res_570add54-a9ce-40af-8ebf-c88ddafd5fef,2012-02-14 16:42:16.476193896,0.0
Case58,W_Completeren aanvraag,res_bae84d23-abe1-4580-a954-c8576ba025c9,Role 1,2012-02-14 17:38:23.428959796,544,2,res_bae84d23-abe1-4580-a954-c8576ba025c9,2012-02-14 17:35:57.708140796,0.02564102564102564
Case580,W_Afhandelen leads,res_1b3fa211-3349-4835-aae7-baccd0368824,Role 1,2012-02-26 10:37:25.554719162,623,0,res_1b3fa211-3349-4835-aae7-baccd0368824,2012-02-26 10:34:26.953034162,0.0
Case580,W_Completeren aanvraag,res_1b3fa211-3349-4835-aae7-baccd0368824,Role 1,2012-02-26 12:42:15.052893962,619,1,res_1b3fa211-3349-4835-aae7-baccd0368824,2012-02-26 12:39:58.217627962,0.0
Case581,W_Completeren aanvraag,res_13020984-8d57-4f3c-8ba3-5a323081e70b,Role 1,2012-02-26 10:56:18.278668026,623,1,res_13020984-8d57-4f3c-8ba3-5a323081e70b,2012-02-26 10:53:40.478289026,0.0
Case581,W_Nabellen offertes,res_d5f36d0a-a64a-45e5-8850-daee823f6c96,Role 1,2012-02-26 11:42:57.050136226,623,1,res_d5f36d0a-a64a-45e5-8850-daee823f6c96,2012-02-26 11:40:58.440880226,0.0
Case581,W_Nabellen offertes,res_4c3013be-6589-47a8-a7c4-f99f2e4b9a48,Role 1,2012-03-05 11:36:04.252429226,618,1,res_4c3013be-6589-47a8-a7c4-f99f2e4b9a48,2012-03-05 11:34:23.702011226,0.0
Case581,W_Nabellen offertes,res_13020984-8d57-4f3c-8ba3-5a323081e70b,Role 1,2012-03-08 13:06:00.980266126,632,1,res_13020984-8d57-4f3c-8ba3-5a323081e70b,2012-03-08 13:03:46.856537126,0.0
Case582,W_Completeren aanvraag,res_f8049b85-d52c-466e-8778-58e1f3f71604,Role 1,2012-02-26 11:17:02.489599897,624,1,res_f8049b85-d52c-466e-8778-58e1f3f71604,2012-02-26 11:14:25.681096897,0.0
Case583,W_Afhandelen leads,res_570add54-a9ce-40af-8ebf-c88ddafd5fef,Role 1,2012-02-27 09:26:22.615447416,613,0,res_570add54-a9ce-40af-8ebf-c88ddafd5fef,2012-02-27 09:23:32.055419416,0.0
Case583,W_Completeren aanvraag,res_bb73aa9d-d45e-496a-a1ec-c9fe6e899287,Role 1,2012-02-27 12:05:24.436201716,624,1,res_bb73aa9d-d45e-496a-a1ec-c9fe6e899287,2012-02-27 12:03:06.565313716,0.0
Case584,W_Afhandelen leads,res_3efedec2-7c7d-4360-b422-dcf1d20a8bfd,Role 1,2012-02-27 09:27:33.148410224,614,1,res_3efedec2-7c7d-4360-b422-dcf1d20a8bfd,2012-02-27 09:24:47.613842224,0.02564102564102564
Case584,W_Completeren aanvraag,res_13020984-8d57-4f3c-8ba3-5a323081e70b,Role 1,2012-02-27 12:06:57.930849024,624,2,res_13020984-8d57-4f3c-8ba3-5a323081e70b,2012-02-27 12:04:41.895296024,0.02564102564102564
Case584,W_Completeren aanvraag,res_b42bc940-a579-4310-8bba-a668ba469508,Role 1,2012-02-27 14:54:06.497697824,628,1,res_b42bc940-a579-4310-8bba-a668ba469508,2012-02-27 14:51:54.467408824,0.0
Case584,W_Completeren aanvraag,res_9a47d014-a019-4396-9e72-1d1379a66c99,Role 1,2012-02-27 16:28:56.760164724,633,1,res_9a47d014-a019-4396-9e72-1d1379a66c99,2012-02-27 16:27:01.963603724,0.0
Case585,W_Afhandelen leads,res_bb73aa9d-d45e-496a-a1ec-c9fe6e899287,Role 1,2012-02-27 10:25:58.059172402,614,0,res_bb73aa9d-d45e-496a-a1ec-c9fe6e899287,2012-02-27 10:23:05.465095402,0.0
Case585,W_Completeren aanvraag,res_b42bc940-a579-4310-8bba-a668ba469508,Role 1,2012-02-27 12:47:57.744504302,628,1,res_b42bc940-a579-4310-8bba-a668ba469508,2012-02-27 12:45:39.448704302,0.02564102564102564
Case586,W_Completeren aanvraag,res_5724148e-e102-4421-a053-83c428a11f68,Role 1,2012-02-27 10:28:22.373273754,615,1,res_5724148e-e102-4421-a053-83c428a11f68,2012-02-27 10:25:45.648951754,0.02564102564102564
Case587,W_Completeren aanvraag,res_7c2a7682-7073-471d-9707-2acad2b806ab,Role 1,2012-02-27 10:35:06.274161365,615,1,res_7c2a7682-7073-471d-9707-2acad2b806ab,2012-02-27 10:32:29.634652365,0.0
Case587,W_Nabellen offertes,res_4bfd217b-a1fe-4479-a77c-aded82769086,Role 1,2012-02-27 11:23:37.244437265,621,1,res_4bfd217b-a1fe-4479-a77c-aded82769086,2012-02-27 11:21:27.063963265,0.0
Case587,W_Nabellen offertes,res_8a4ef218-abd5-42fa-9b05-623b7ba3c08b,Role 1,2012-03-05 20:12:18.166233065,611,1,res_8a4ef218-abd5-42fa-9b05-623b7ba3c08b,2012-03-05 20:09:00.286878065,0.0
Case588,W_Afhandelen leads,res_d5f36d0a-a64a-45e5-8850-daee823f6c96,Role 1,2012-02-27 10:39:29.428789537,616,0,res_d5f36d0a-a64a-45e5-8850-daee823f6c96,2012-02-27 10:36:36.458833537,0.0
Case588,W_Completeren aanvraag,res_219a258e-f803-4016-b457-8c77c3b88a65,Role 1,2012-02-27 12:58:15.739322137,626,1,res_219a258e-f803-4016-b457-8c77c3b88a65,2012-02-27 12:55:56.763105137,0.0
Case589,W_Afhandelen leads,res_5a3eddbb-0eb4-49ac-9904-07583235092c,Role 1,2012-02-27 10:44:43.878464417,617,0,res_5a3eddbb-0eb4-49ac-9904-07583235092c,2012-02-27 10:41:50.781872417,0.0
Case589,W_Completeren aanvraag,res_0ba00481-2705-40d0-b647-5ea4bd04a214,Role 1,2012-02-27 13:01:54.243405417,626,1,res_0ba00481-2705-40d0-b647-5ea4bd04a214,2012-02-27 12:59:35.158617417,0.0
Case59,W_Afhandelen leads,res_b70af2ff-820e-4016-a03c-831214a09681,Role 1,2012-02-14 17:09:37.806748716,544,0,res_b70af2ff-820e-4016-a03c-831214a09681,2012-02-14 17:06:30.220248716,0.02564102564102564
Case59,W_Completeren aanvraag,res_219a258e-f803-4016-b457-8c77c3b88a65,Role 1,2012-02-14 18:03:27.940371416,542,1,res_219a258e-f803-4016-b457-8c77c3b88a65,2012-02-14 18:00:54.309042416,0.0
Case59,W_Nabellen offertes,res_d856942c-e08c-4dce-8114-31eacb6f69b7,Role 1,2012-02-15 17:39:44.562243716,558,1,res_d856942c-e08c-4dce-8114-31eacb6f69b7,2012-02-15 17:37:39.846304716,0.0
Case59,W_Nabellen offertes,res_5a3eddbb-0eb4-49ac-9904-07583235092c,Role 1,2012-02-22 20:44:02.138683116,629,1,res_5a3eddbb-0eb4-49ac-9904-07583235092c,2012-02-22 20:41:16.858984116,0.0
Case590,W_Completeren aanvraag,res_4ea7e99f-9f77-43d0-af71-4b2253ae6764,Role 1,2012-02-27 10:49:48.092286759,618,1,res_4ea7e99f-9f77-43d0-af71-4b2253ae6764,2012-02-27 10:47:12.157030759,0.0
Case591,W_Afhandelen leads,res_9a47d014-a019-4396-9e72-1d1379a66c99,Role 1,2012-02-27 10:54:40.543820779,618,0,res_9a47d014-a019-4396-9e72-1d1379a66c99,2012-02-27 10:51:47.189689779,0.0
Case591,W_Completeren aanvraag,res_219a258e-f803-4016-b457-8c77c3b88a65,Role 1,2012-02-27 13:08:47.006125279,625,1,res_219a258e-f803-4016-b457-8c77c3b88a65,2012-02-27 13:06:28.149532279,0.02564102564102564
Case591,W_Nabellen offertes,res_dec66574-3de2-4d20-a02f-ab348539e500,Role 1,2012-02-29 09:51:09.826661079,618,2,res_dec66574-3de2-4d20-a02f-ab348539e500,2012-02-29 09:47:51.980590079,0.02564102564102564
Case591,W_Nabellen offertes,res_1d01c37d-a137-4a7e-8f12-e8c97f0c7f2b,Role 1,2012-03-04 18:48:35.414768579,622,1,res_1d01c37d-a137-4a7e-8f12-e8c97f0c7f2b,2012-03-04 18:46:16.105561579,0.0
Case591,W_Nabellen offertes,res_408efd66-8ed2-49bc-94a8-733c7b98a934,Role 1,2012-03-06 19:14:57.476907479,637,1,res_408efd66-8ed2-49bc-94a8-733c7b98a934,2012-03-06 19:13:19.465708479,0.0
Case591,W_Nabellen offertes,res_408efd66-8ed2-49bc-94a8-733c7b98a934,Role 1,2012-03-08 09:42:52.732147479,628,1,res_408efd66-8ed2-49bc-94a8-733c7b98a934,2012-03-08 09:40:31.408027479,0.0
Case591,W_Nabellen offertes,res_4ea7e99f-9f77-43d0-af71-4b2253ae6764,Role 1,2012-03-09 22:23:23.174544679,629,1,res_4ea7e99f-9f77-43d0-af71-4b2253ae6764,2012-03-09 22:21:45.893608679,0.02564102564102564
Case592,W_Completeren aanvraag,res_f8049b85-d52c-466e-8778-58e1f3f71604,Role 1,2012-02-27 10:59:43.959325121,619,1,res_f8049b85-d52c-466e-8778-58e1f3f71604,2012-02-27 10:57:08.564848121,0.0
Case592,W_Completeren aanvraag,res_d856942c-e08c-4dce-8114-31eacb6f69b7,Role 1,2012-02-27 13:12:13.637874821,625,1,res_d856942c-e08c-4dce-8114-31eacb6f69b7,2012-02-27 13:09:58.702774821,0.0
Case593,W_Afhandelen leads,res_08871a3e-f393-4f22-a0a4-e36c9d59a78e,Role 1,2012-02-27 11:05:32.570367201,620,0,res_08871a3e-f393-4f22-a0a4-e36c9d59a78e,2012-02-27 11:02:39.007017201,0.0
Case593,W_Completeren aanvraag,res_5724148e-e102-4421-a053-83c428a11f68,Role 1,2012-02-27 13:16:19.772530101,625,1,res_5724148e-e102-4421-a053-83c428a11f68,2012-02-27 13:14:00.205906101,0.0
Case593,W_Nabellen offertes,res_d39cd18a-e6fc-4de4-b991-deff4ba6e82a,Role 1,2012-02-29 12:37:48.703358001,615,1,res_d39cd18a-e6fc-4de4-b991-deff4ba6e82a,2012-02-29 12:34:25.970589001,0.0
Case594,W_Afhandelen leads,res_6488ab10-d3ee-4b87-935d-302131660e4e,Role 1,2012-02-27 11:12:27.761455824,621,0,res_6488ab10-d3ee-4b87-935d-302131660e4e,2012-02-27 11:09:34.074619824,0.0
Case594,W_Completeren aanvraag,res_1b9a0c06-ad62-425d-8a95-45a175c5555c,Role 1,2012-02-27 13:21:07.133224624,625,1,res_1b9a0c06-ad62-425d-8a95-45a175c5555c,2012-02-27 13:18:47.391885624,0.0
Case595,W_Completeren aanvraag,res_709ed04f-5b76-49c4-aeeb-ad921b6f6ca1,Role 1,2012-02-27 11:16:50.451093306,622,1,res_709ed04f-5b76-49c4-aeeb-ad921b6f6ca1,2012-02-27 11:14:16.159398306,0.0
Case596,W_Afhandelen leads,res_1b3fa211-3349-4835-aae7-baccd0368824,Role 1,2012-02-27 11:22:44.144738572,622,0,res_1b3fa211-3349-4835-aae7-baccd0368824,2012-02-27 11:19:51.638795572,0.02564102564102564
Case596,W_Completeren aanvraag,res_709ed04f-5b76-49c4-aeeb-ad921b6f6ca1,Role 1,2012-02-27 13:26:56.411685172,625,1,res_709ed04f-5b76-49c4-aeeb-ad921b6f6ca1,2012-02-27 13:24:36.753136172,0.0
Case596,W_Nabellen offertes,res_a400b893-c7da-495f-bf62-a744eeccb8c5,Role 1,2012-02-29 14:21:27.911964972,612,1,res_a400b893-c7da-495f-bf62-a744eeccb8c5,2012-02-29 14:18:29.791619972,0.0
Case596,W_Nabellen offertes,res_4ea7e99f-9f77-43d0-af71-4b2253ae6764,Role 1,2012-03-04 12:39:14.850812572,624,1,res_4ea7e99f-9f77-43d0-af71-4b2253ae6764,2012-03-04 12:37:35.465496572,0.0
Case596,W_Nabellen offertes,res_7b435aaa-ab1b-4205-92d4-81495e1b2d15,Role 1,2012-03-07 19:48:23.332889672,637,1,res_7b435aaa-ab1b-4205-92d4-81495e1b2d15,2012-03-07 19:46:50.841177672,0.0
Case596,W_Nabellen offertes,res_bae84d23-abe1-4580-a954-c8576ba025c9,Role 1,2012-03-09 12:53:29.388307172,622,2,res_bae84d23-abe1-4580-a954-c8576ba025c9,2012-03-09 12:51:10.474417172,0.02564102564102564
Case597,W_Completeren aanvraag,res_0ba00481-2705-40d0-b647-5ea4bd04a214,Role 1,2012-02-27 11:27:18.166070066,623,1,res_0ba00481-2705-40d0-b647-5ea4bd04a214,2012-02-27 11:24:44.805476066,0.02564102564102564
Case597,W_Nabellen offertes,res_9a47d014-a019-4396-9e72-1d1379a66c99,Role 1,2012-02-27 12:12:51.991001766,624,1,res_9a47d014-a019-4396-9e72-1d1379a66c99,2012-02-27 12:10:40.278326766,0.0
Case598,W_Completeren aanvraag,res_9a47d014-a019-4396-9e72-1d1379a66c99,Role 1,2012-02-27 11:27:45.616062827,624,2,res_9a47d014-a019-4396-9e72-1d1379a66c99,2012-02-27 11:25:16.036290827,0.05128205128205128
Case599,W_Afhandelen leads,res_d856942c-e08c-4dce-8114-31eacb6f69b7,Role 1,2012-02-27 11:33:39.472246268,623,0,res_d856942c-e08c-4dce-8114-31eacb6f69b7,2012-02-27 11:30:45.471014268,0.0
Case599,W_Completeren aanvraag,res_219a258e-f803-4016-b457-8c77c3b88a65,Role 1,2012-02-27 13:35:27.970536268,626,1,res_219a258e-f803-4016-b457-8c77c3b88a65,2012-02-27 13:33:07.645940268,0.0
Case599,W_Completeren aanvraag,res_1b9a0c06-ad62-425d-8a95-45a175c5555c,Role 1,2012-02-27 16:51:51.320095768,635,2,res_1b9a0c06-ad62-425d-8a95-45a175c5555c,2012-02-27 16:49:41.709352768,0.05128205128205128
Case6,W_Completeren aanvraag,res_d856942c-e08c-4dce-8114-31eacb6f69b7,Role 1,2012-02-13 19:45:17.171754549,524,1,res_d856942c-e08c-4dce-8114-31eacb6f69b7,2012-02-13 19:42:45.964038549,0.0
Case6,W_Nabellen offertes,res_d5f36d0a-a64a-45e5-8850-daee823f6c96,Role 1,2012-02-13 20:04:37.724834249,524,1,res_d5f36d0a-a64a-45e5-8850-daee823f6c96,2012-02-13 20:02:17.587455249,0.02564102564102564
Case6,W_Nabellen offertes,res_a400b893-c7da-495f-bf62-a744eeccb8c5,Role 1,2012-02-21 19:11:10.216894649,636,1,res_a400b893-c7da-495f-bf62-a744eeccb8c5,2012-02-21 19:09:05.676235649,0.0
Case6,W_Nabellen offertes,res_d856942c-e08c-4dce-8114-31eacb6f69b7,Role 1,2012-02-23 12:32:02.321573049,635,1,res_d856942c-e08c-4dce-8114-31eacb6f69b7,2012-02-23 12:30:20.450278049,0.02564102564102564
Case60,W_Completeren aanvraag,res_40e4f4c6-1170-4ce1-ba24-0dfa2dd61b15,Role 1,2012-02-14 17:13:36.167280010,545,1,res_40e4f4c6-1170-4ce1-ba24-0dfa2dd61b15,2012-02-14 17:11:07.267799010,0.0
Case600,W_Afhandelen leads,res_219a258e-f803-4016-b457-8c77c3b88a65,Role 1,2012-02-27 11:43:03.721012232,624,0,res_219a258e-f803-4016-b457-8c77c3b88a65,2012-02-27 11:40:09.640571232,0.0
Case600,W_Completeren aanvraag,res_1b3fa211-3349-4835-aae7-baccd0368824,Role 1,2012-02-27 13:41:28.473967432,627,1,res_1b3fa211-3349-4835-aae7-baccd0368824,2012-02-27 13:39:08.391023432,0.02564102564102564
Case600,W_Nabellen offertes,res_d5f36d0a-a64a-45e5-8850-daee823f6c96,Role 1,2012-02-29 17:40:54.107017232,624,1,res_d5f36d0a-a64a-45e5-8850-daee823f6c96,2012-02-29 17:38:37.804079232,0.0
Case601,W_Completeren aanvraag,res_3efedec2-7c7d-4360-b422-dcf1d20a8bfd,Role 1,2012-02-27 11:47:20.671721802,625,1,res_3efedec2-7c7d-4360-b422-dcf1d20a8bfd,2012-02-27 11:44:48.703012802,0.0
Case602,W_Completeren aanvraag,res_4ea7e99f-9f77-43d0-af71-4b2253ae6764,Role 1,2012-02-27 11:55:24.617475409,624,1,res_4ea7e99f-9f77-43d0-af71-4b2253ae6764,2012-02-27 11:52:53.284364409,0.0
Case602,W_Nabellen offertes,res_1b9a0c06-ad62-425d-8a95-45a175c5555c,Role 1,2012-02-27 12:39:55.024719709,628,1,res_1b9a0c06-ad62-425d-8a95-45a175c5555c,2012-02-27 12:37:41.061652709,0.05128205128205128
Case603,W_Completeren aanvraag,res_a400b893-c7da-495f-bf62-a744eeccb8c5,Role 1,2012-02-27 12:01:48.912539910,625,1,res_a400b893-c7da-495f-bf62-a744eeccb8c5,2012-02-27 11:59:18.128597910,0.0
Case604,W_Completeren aanvraag,res_9a47d014-a019-4396-9e72-1d1379a66c99,Role 1,2012-02-27 12:09:31.490210130,625,1,res_9a47d014-a019-4396-9e72-1d1379a66c99,2012-02-27 12:07:01.553591130,0.02564102564102564
Case604,W_Nabellen offertes,res_219a258e-f803-4016-b457-8c77c3b88a65,Role 1,2012-02-27 12:53:25.313070030,626,1,res_219a258e-f803-4016-b457-8c77c3b88a65,2012-02-27 12:51:11.417045030,0.02564102564102564
Case605,W_Afhandelen leads,res_b70af2ff-820e-4016-a03c-831214a09681,Role 1,2012-02-27 12:18:03.431596649,625,0,res_b70af2ff-820e-4016-a03c-831214a09681,2012-02-27 12:15:09.157279649,0.0
Case605,W_Completeren aanvraag,res_3efedec2-7c7d-4360-b422-dcf1d20a8bfd,Role 1,2012-02-27 14:00:04.434167749,628,1,res_3efedec2-7c7d-4360-b422-dcf1d20a8bfd,2012-02-27 13:57:42.791742749,0.0
Case606,W_Afhandelen leads,res_b70af2ff-820e-4016-a03c-831214a09681,Role 1,2012-02-27 12:27:45.707429087,626,0,res_b70af2ff-820e-4016-a03c-831214a09681,2012-02-27 12:24:51.460858087,0.0
Case606,W_Completeren aanvraag,res_5a3eddbb-0eb4-49ac-9904-07583235092c,Role 1,2012-02-27 14:01:21.403311386,629,2,res_5a3eddbb-0eb4-49ac-9904-07583235092c,2012-02-27 13:59:01.872676387,0.05128205128205128
Case606,W_Nabellen offertes,res_8a4ef218-abd5-42fa-9b05-623b7ba3c08b,Role 1,2012-02-29 15:00:02.265129587,612,1,res_8a4ef218-abd5-42fa-9b05-623b7ba3c08b,2012-02-29 14:57:15.485868587,0.0
Case606,W_Nabellen offertes,res_3efedec2-7c7d-4360-b422-dcf1d20a8bfd,Role 1,2012-03-04 22:23:25.095638587,621,1,res_3efedec2-7c7d-4360-b422-dcf1d20a8bfd,2012-03-04 22:20:37.184770587,0.0
Case607,W_Completeren aanvraag,res_230c0182-4111-4506-bfd5-9b0719b08311,Role 1,2012-02-27 12:28:10.181329959,627,1,res_230c0182-4111-4506-bfd5-9b0719b08311,2012-02-27 12:25:41.833139959,0.02564102564102564
Case607,W_Completeren aanvraag,res_5724148e-e102-4421-a053-83c428a11f68,Role 1,2012-02-27 14:04:30.423291859,628,1,res_5724148e-e102-4421-a053-83c428a11f68,2012-02-27 14:02:12.915799859,0.0
Case607,W_Completeren aanvraag,res_709ed04f-5b76-49c4-aeeb-ad921b6f6ca1,Role 1,2012-02-27 17:01:31.080298059,635,1,res_709ed04f-5b76-49c4-aeeb-ad921b6f6ca1,2012-02-27 16:59:23.255875059,0.02564102564102564
Case607,W_Nabellen offertes,res_4c3013be-6589-47a8-a7c4-f99f2e4b9a48,Role 1,2012-02-28 16:45:09.530272359,635,1,res_4c3013be-6589-47a8-a7c4-f99f2e4b9a48,2012-02-28 16:43:18.257322359,0.0
Case608,W_Afhandelen leads,res_b42bc940-a579-4310-8bba-a668ba469508,Role 1,2012-02-27 12:35:18.961643933,628,0,res_b42bc940-a579-4310-8bba-a668ba469508,2012-02-27 12:32:24.811394933,0.0
Case608,W_Completeren aanvraag,res_219a258e-f803-4016-b457-8c77c3b88a65,Role 1,2012-02-27 14:04:36.641846833,628,2,res_219a258e-f803-4016-b457-8c77c3b88a65,2012-02-27 14:02:16.450281833,0.02564102564102564
Case608,W_Nabellen offertes,res_a60942a0-f9c4-436b-a4d0-6eeb41b2f0f2,Role 1,2012-02-29 14:23:27.514183533,612,1,res_a60942a0-f9c4-436b-a4d0-6eeb41b2f0f2,2012-02-29 14:20:30.953112533,0.0
Case608,W_Nabellen offertes,res_4c3013be-6589-47a8-a7c4-f99f2e4b9a48,Role 1,2012-03-04 23:05:09.487884133,620,1,res_4c3013be-6589-47a8-a7c4-f99f2e4b9a48,2012-03-04 23:02:46.191078133,0.0
Case608,W_Nabellen offertes,res_4bfd217b-a1fe-4479-a77c-aded82769086,Role 1,2012-03-07 00:32:18.406050433,632,1,res_4bfd217b-a1fe-4479-a77c-aded82769086,2012-03-07 00:28:55.780795433,0.0
Case608,W_Nabellen offertes,res_bb73aa9d-d45e-496a-a1ec-c9fe6e899287,Role 1,2012-03-08 13:52:28.499736432,631,1,res_bb73aa9d-d45e-496a-a1ec-c9fe6e899287,2012-03-08 13:50:48.240214433,0.02564102564102564
Case609,W_Afhandelen leads,res_1d01c37d-a137-4a7e-8f12-e8c97f0c7f2b,Role 1,2012-02-27 12:41:38.904669247,626,0,res_1d01c37d-a137-4a7e-8f12-e8c97f0c7f2b,2012-02-27 12:38:44.618400247,0.0
Case609,W_Completeren aanvraag,res_3efedec2-7c7d-4360-b422-dcf1d20a8bfd,Role 1,2012-02-27 14:10:25.208732647,629,1,res_3efedec2-7c7d-4360-b422-dcf1d20a8bfd,2012-02-27 14:08:03.456485647,0.02564102564102564
Case61,W_Afhandelen leads,res_4c3013be-6589-47a8-a7c4-f99f2e4b9a48,Role 1,2012-02-14 17:48:29.401529468,543,0,res_4c3013be-6589-47a8-a7c4-f99f2e4b9a48,2012-02-14 17:45:19.434562468,0.0
Case61,W_Completeren aanvraag,res_230c0182-4111-4506-bfd5-9b0719b08311,Role 1,2012-02-14 18:42:55.045783068,543,1,res_230c0182-4111-4506-bfd5-9b0719b08311,2012-02-14 18:40:21.258207068,0.0
Case61,W_Nabellen offertes,res_bb73aa9d-d45e-496a-a1ec-c9fe6e899287,Role 1,2012-02-16 02:49:15.635889268,563,1,res_bb73aa9d-d45e-496a-a1ec-c9fe6e899287,2012-02-16 02:47:12.038513268,0.0
Case61,W_Nabellen offertes,res_bb73aa9d-d45e-496a-a1ec-c9fe6e899287,Role 1,2012-02-22 23:10:37.425423568,626,1,res_bb73aa9d-d45e-496a-a1ec-c9fe6e899287,2012-02-22 23:06:08.071759568,0.0
Case610,W_Completeren aanvraag,res_709ed04f-5b76-49c4-aeeb-ad921b6f6ca1,Role 1,2012-02-27 12:47:06.872358811,627,2,res_709ed04f-5b76-49c4-aeeb-ad921b6f6ca1,2012-02-27 12:44:44.276492811,0.02564102564102564
Case610,W_Completeren aanvraag,res_bb73aa9d-d45e-496a-a1ec-c9fe6e899287,Role 1,2012-02-27 14:12:50.983129211,628,2,res_bb73aa9d-d45e-496a-a1ec-c9fe6e899287,2012-02-27 14:10:35.048756211,0.02564102564102564
Case611,W_Afhandelen leads,res_570add54-a9ce-40af-8ebf-c88ddafd5fef,Role 1,2012-02-27 12:55:16.065740207,625,0,res_570add54-a9ce-40af-8ebf-c88ddafd5fef,2012-02-27 12:52:21.656812207,0.0
Case611,W_Completeren aanvraag,res_b42bc940-a579-4310-8bba-a668ba469508,Role 1,2012-02-27 14:14:12.511332707,628,2,res_b42bc940-a579-4310-8bba-a668ba469508,2012-02-27 14:11:51.810679707,0.02564102564102564
Case611,W_Nabellen offertes,res_08871a3e-f393-4f22-a0a4-e36c9d59a78e,Role 1,2012-02-29 13:30:48.941562007,613,1,res_08871a3e-f393-4f22-a0a4-e36c9d59a78e,2012-02-29 13:27:37.829280007,0.0
Case612,W_Completeren aanvraag,res_5a3eddbb-0eb4-49ac-9904-07583235092c,Role 1,2012-02-27 13:01:57.488787942,626,2,res_5a3eddbb-0eb4-49ac-9904-07583235092c,2012-02-27 12:59:35.865881942,0.02564102564102564
Case612,W_Nabellen offertes,res_408efd66-8ed2-49bc-94a8-733c7b98a934,Role 1,2012-02-27 13:42:16.487970542,629,1,res_408efd66-8ed2-49bc-94a8-733c7b98a934,2012-02-27 13:40:00.248262542,0.02564102564102564
Case612,W_Nabellen offertes,res_4c3013be-6589-47a8-a7c4-f99f2e4b9a48,Role 1,2012-03-06 13:09:07.620552542,633,1,res_4c3013be-6589-47a8-a7c4-f99f2e4b9a48,2012-03-06 13:07:27.374742542,0.0
Case613,W_Completeren aanvraag,res_40e4f4c6-1170-4ce1-ba24-0dfa2dd61b15,Role 1,2012-02-27 13:11:32.179809918,626,2,res_40e4f4c6-1170-4ce1-ba24-0dfa2dd61b15,2012-02-27 13:09:11.117340918,0.02564102564102564
Case613,W_Nabellen offertes,res_7b435aaa-ab1b-4205-92d4-81495e1b2d15,Role 1,2012-02-27 13:50:52.039408018,629,1,res_7b435aaa-ab1b-4205-92d4-81495e1b2d15,2012-02-27 13:48:35.509425018,0.0
Case614,W_Afhandelen leads,res_1b3fa211-3349-4835-aae7-baccd0368824,Role 1,2012-02-27 13:20:29.438721636,626,0,res_1b3fa211-3349-4835-aae7-baccd0368824,2012-02-27 13:17:34.840159636,0.0
Case614,W_Completeren aanvraag,res_dec66574-3de2-4d20-a02f-ab348539e500,Role 1,2012-02-27 14:31:58.626809936,628,2,res_dec66574-3de2-4d20-a02f-ab348539e500,2012-02-27 14:29:37.283414936,0.02564102564102564
Case614,W_Completeren aanvraag,res_40e4f4c6-1170-4ce1-ba24-0dfa2dd61b15,Role 1,2012-02-27 16:59:39.282912636,635,1,res_40e4f4c6-1170-4ce1-ba24-0dfa2dd61b15,2012-02-27 16:57:29.695086636,0.02564102564102564
Case614,W_Completeren aanvraag,res_9a47d014-a019-4396-9e72-1d1379a66c99,Role 1,2012-02-27 18:02:20.172996636,640,2,res_9a47d014-a019-4396-9e72-1d1379a66c99,2012-02-27 18:00:33.814958636,0.02564102564102564
Case615,W_Completeren aanvraag,res_3efedec2-7c7d-4360-b422-dcf1d20a8bfd,Role 1,2012-02-27 13:28:16.144112892,627,1,res_3efedec2-7c7d-4360-b422-dcf1d20a8bfd,2012-02-27 13:25:51.510858892,0.0
Case616,W_Afhandelen leads,res_d5f36d0a-a64a-45e5-8850-daee823f6c96,Role 1,2012-02-27 13:29:05.376640278,628,0,res_d5f36d0a-a64a-45e5-8850-daee823f6c96,2012-02-27 13:26:12.667217278,0.02564102564102564
Case616,W_Completeren aanvraag,res_219a258e-f803-4016-b457-8c77c3b88a65,Role 1,2012-02-27 14:36:21.318749778,629,1,res_219a258e-f803-4016-b457-8c77c3b88a65,2012-02-27 14:33:58.568739778,0.02564102564102564
Case616,W_Completeren aanvraag,res_230c0182-4111-4506-bfd5-9b0719b08311,Role 1,2012-02-27 16:50:58.318225378,635,2,res_230c0182-4111-4506-bfd5-9b0719b08311,2012-02-27 16:48:49.341135378,0.05128205128205128
Case616,W_Nabellen offertes,res_59c642c1-18f5-484a-aed6-a023ede79a28,Role 1,2012-02-28 14:55:27.620409878,637,1,res_59c642c1-18f5-484a-aed6-a023ede79a28,2012-02-28 14:53:29.419389878,0.0
Case617,W_Completeren aanvraag,res_57e6001e-3d34-44ab-b1e6-21b6b1001542,Role 1,2012-02-27 13:33:14.742939760,628,2,res_57e6001e-3d34-44ab-b1e6-21b6b1001542,2012-02-27 13:30:54.751995760,0.02564102564102564
Case617,W_Completeren aanvraag,res_08871a3e-f393-4f22-a0a4-e36c9d59a78e,Role 1,2012-02-27 14:41:03.121077360,630,1,res_08871a3e-f393-4f22-a0a4-e36c9d59a78e,2012-02-27 14:38:44.111884360,0.0
Case617,W_Nabellen offertes,res_230c0182-4111-4506-bfd5-9b0719b08311,Role 1,2012-02-29 09:46:34.069360360,617,1,res_230c0182-4111-4506-bfd5-9b0719b08311,2012-02-29 09:42:46.416118360,0.0
Case617,W_Nabellen offertes,res_59c642c1-18f5-484a-aed6-a023ede79a28,Role 1,2012-03-05 07:28:00.175669260,619,1,res_59c642c1-18f5-484a-aed6-a023ede79a28,2012-03-05 07:26:20.425948260,0.0
Case618,W_Afhandelen leads,res_dec66574-3de2-4d20-a02f-ab348539e500,Role 1,2012-02-27 13:38:03.359037394,629,0,res_dec66574-3de2-4d20-a02f-ab348539e500,2012-02-27 13:35:08.628296394,0.0
Case618,W_Completeren aanvraag,res_1b3fa211-3349-4835-aae7-baccd0368824,Role 1,2012-02-27 14:43:19.795344894,630,1,res_1b3fa211-3349-4835-aae7-baccd0368824,2012-02-27 14:40:56.466402894,0.02564102564102564
Case618,W_Nabellen offertes,res_9a47d014-a019-4396-9e72-1d1379a66c99,Role 1,2012-02-29 05:27:12.907686894,623,1,res_9a47d014-a019-4396-9e72-1d1379a66c99,2012-02-29 05:25:00.814773894,0.0
Case619,W_Completeren aanvraag,res_709ed04f-5b76-49c4-aeeb-ad921b6f6ca1,Role 1,2012-02-27 13:47:57.622691242,630,1,res_709ed04f-5b76-49c4-aeeb-ad921b6f6ca1,2012-02-27 13:45:34.252037242,0.02564102564102564
Case62,W_Afhandelen leads,res_bae84d23-abe1-4580-a954-c8576ba025c9,Role 1,2012-02-14 18:12:50.435336750,543,0,res_bae84d23-abe1-4580-a954-c8576ba025c9,2012-02-14 18:09:40.230736750,0.0
Case62,W_Completeren aanvraag,res_40e4f4c6-1170-4ce1-ba24-0dfa2dd61b15,Role 1,2012-02-14 19:08:08.180085050,543,2,res_40e4f4c6-1170-4ce1-ba24-0dfa2dd61b15,2012-02-14 19:05:37.776726050,0.02564102564102564
Case62,W_Completeren aanvraag,res_bb73aa9d-d45e-496a-a1ec-c9fe6e899287,Role 1,2012-02-14 20:40:10.320934850,546,1,res_bb73aa9d-d45e-496a-a1ec-c9fe6e899287,2012-02-14 20:37:56.199653850,0.0
Case62,W_Nabellen offertes,res_5724148e-e102-4421-a053-83c428a11f68,Role 1,2012-02-15 21:02:39.949215950,564,1,res_5724148e-e102-4421-a053-83c428a11f68,2012-02-15 21:00:56.498334950,0.02564102564102564
Case62,W_Nabellen offertes,res_7b435aaa-ab1b-4205-92d4-81495e1b2d15,Role 1,2012-02-18 06:15:59.072368049,593,1,res_7b435aaa-ab1b-4205-92d4-81495e1b2d15,2012-02-18 06:14:20.543270050,0.0
Case620,W_Afhandelen leads,res_dec66574-3de2-4d20-a02f-ab348539e500,Role 1,2012-02-27 13:53:28.629590835,629,0,res_dec66574-3de2-4d20-a02f-ab348539e500,2012-02-27 13:50:35.478282835,0.02564102564102564
Case620,W_Completeren aanvraag,res_bb73aa9d-d45e-496a-a1ec-c9fe6e899287,Role 1,2012-02-27 14:57:01.682681135,632,1,res_bb73aa9d-d45e-496a-a1ec-c9fe6e899287,2012-02-27 14:54:38.179929135,0.02564102564102564
Case620,W_Nabellen offertes,res_5a3eddbb-0eb4-49ac-9904-07583235092c,Role 1,2012-02-29 08:26:18.805309735,619,1,res_5a3eddbb-0eb4-49ac-9904-07583235092c,2012-02-29 08:23:14.123005735,0.0
Case620,W_Nabellen offertes,res_08871a3e-f393-4f22-a0a4-e36c9d59a78e,Role 1,2012-03-05 12:13:11.375522035,612,1,res_08871a3e-f393-4f22-a0a4-e36c9d59a78e,2012-03-05 12:11:34.154273035,0.0
Case621,W_Completeren aanvraag,res_7b435aaa-ab1b-4205-92d4-81495e1b2d15,Role 1,2012-02-27 13:57:57.951299616,629,3,res_7b435aaa-ab1b-4205-92d4-81495e1b2d15,2012-02-27 13:55:41.741756616,0.05128205128205128
Case621,W_Nabellen offertes,res_0fc057cb-3a7d-47d3-8cd2-6d92b33620c4,Role 1,2012-02-27 14:31:53.490885016,629,1,res_0fc057cb-3a7d-47d3-8cd2-6d92b33620c4,2012-02-27 14:29:36.311383016,0.02564102564102564
Case621,W_Nabellen offertes,res_0ba00481-2705-40d0-b647-5ea4bd04a214,Role 1,2012-03-07 01:15:46.941494916,632,1,res_0ba00481-2705-40d0-b647-5ea4bd04a214,2012-03-07 01:10:57.439940916,0.0
Case621,W_Nabellen offertes,res_d39cd18a-e6fc-4de4-b991-deff4ba6e82a,Role 1,2012-03-08 16:10:31.951376616,630,1,res_d39cd18a-e6fc-4de4-b991-deff4ba6e82a,2012-03-08 16:08:54.349414616,0.0
Case621,W_Nabellen offertes,res_230c0182-4111-4506-bfd5-9b0719b08311,Role 1,2012-03-10 06:09:09.243192616,624,1,res_230c0182-4111-4506-bfd5-9b0719b08311,2012-03-10 05:57:09.756484616,0.0
Case622,W_Completeren aanvraag,res_59c642c1-18f5-484a-aed6-a023ede79a28,Role 1,2012-02-27 14:03:15.104301495,629,2,res_59c642c1-18f5-484a-aed6-a023ede79a28,2012-02-27 14:00:56.064795495,0.02564102564102564
Case622,W_Completeren aanvraag,res_219a258e-f803-4016-b457-8c77c3b88a65,Role 1,2012-02-27 15:04:15.248260595,632,1,res_219a258e-f803-4016-b457-8c77c3b88a65,2012-02-27 15:01:55.691823595,0.02564102564102564
Case623,W_Afhandelen leads,res_8a4ef218-abd5-42fa-9b05-623b7ba3c08b,Role 1,2012-02-27 14:12:50.903712524,628,0,res_8a4ef218-abd5-42fa-9b05-623b7ba3c08b,2012-02-27 14:09:55.048211524,0.0
Case623,W_Completeren aanvraag,res_7b435aaa-ab1b-4205-92d4-81495e1b2d15,Role 1,2012-02-27 15:13:36.376568224,630,1,res_7b435aaa-ab1b-4205-92d4-81495e1b2d15,2012-02-27 15:11:11.280644224,0.0
Case623,W_Nabellen offertes,res_9a47d014-a019-4396-9e72-1d1379a66c99,Role 1,2012-02-29 03:46:21.144465224,624,1,res_9a47d014-a019-4396-9e72-1d1379a66c99,2012-02-29 03:44:23.001691224,0.0
Case624,W_Completeren aanvraag,res_13020984-8d57-4f3c-8ba3-5a323081e70b,Role 1,2012-02-27 14:27:49.623143702,629,2,res_13020984-8d57-4f3c-8ba3-5a323081e70b,2012-02-27 14:25:30.965208702,0.02564102564102564
Case624,W_Nabellen offertes,res_b70af2ff-820e-4016-a03c-831214a09681,Role 1,2012-02-27 14:57:53.301673402,633,1,res_b70af2ff-820e-4016-a03c-831214a09681,2012-02-27 14:55:33.913295402,0.02564102564102564
Case625,W_Completeren aanvraag,res_a60942a0-f9c4-436b-a4d0-6eeb41b2f0f2,Role 1,2012-02-27 14:30:34.467548241,630,2,res_a60942a0-f9c4-436b-a4d0-6eeb41b2f0f2,2012-02-27 14:28:16.186293241,0.05128205128205128
Case625,W_Nabellen offertes,res_4ea7e99f-9f77-43d0-af71-4b2253ae6764,Role 1,2012-02-27 15:00:59.286359141,632,1,res_4ea7e99f-9f77-43d0-af71-4b2253ae6764,2012-02-27 14:58:40.485573141,0.0
Case626,W_Afhandelen leads,res_570add54-a9ce-40af-8ebf-c88ddafd5fef,Role 1,2012-02-27 14:38:31.133457076,631,0,res_570add54-a9ce-40af-8ebf-c88ddafd5fef,2012-02-27 14:35:38.454928076,0.05128205128205128
Case626,W_Completeren aanvraag,res_230c0182-4111-4506-bfd5-9b0719b08311,Role 1,2012-02-27 15:36:51.874136876,634,1,res_230c0182-4111-4506-bfd5-9b0719b08311,2012-02-27 15:34:27.308782876,0.02564102564102564
Case626,W_Nabellen offertes,res_a60942a0-f9c4-436b-a4d0-6eeb41b2f0f2,Role 1,2012-02-29 03:04:20.806616676,626,1,res_a60942a0-f9c4-436b-a4d0-6eeb41b2f0f2,2012-02-29 03:02:24.837329676,0.0
Case626,W_Nabellen offertes,res_7b435aaa-ab1b-4205-92d4-81495e1b2d15,Role 1,2012-03-06 05:03:23.204873276,615,1,res_7b435aaa-ab1b-4205-92d4-81495e1b2d15,2012-03-06 05:01:10.660031276,0.02564102564102564
Case627,W_Completeren aanvraag,res_1b9a0c06-ad62-425d-8a95-45a175c5555c,Role 1,2012-02-27 14:44:29.140893489,632,1,res_1b9a0c06-ad62-425d-8a95-45a175c5555c,2012-02-27 14:42:06.321498489,0.0
Case628,W_Afhandelen leads,res_d856942c-e08c-4dce-8114-31eacb6f69b7,Role 1,2012-02-27 14:50:07.809702994,632,0,res_d856942c-e08c-4dce-8114-31eacb6f69b7,2012-02-27 14:47:10.570080994,0.0
Case628,W_Completeren aanvraag,res_b42bc940-a579-4310-8bba-a668ba469508,Role 1,2012-02-27 15:47:16.240177294,635,2,res_b42bc940-a579-4310-8bba-a668ba469508,2012-02-27 15:44:52.594033294,0.02564102564102564
Case628,W_Nabellen offertes,res_570add54-a9ce-40af-8ebf-c88ddafd5fef,Role 1,2012-02-28 23:05:17.954139294,630,1,res_570add54-a9ce-40af-8ebf-c88ddafd5fef,2012-02-28 23:03:28.997078294,0.0
Case628,W_Nabellen offertes,res_5a3eddbb-0eb4-49ac-9904-07583235092c,Role 1,2012-03-06 14:52:18.617281594,636,1,res_5a3eddbb-0eb4-49ac-9904-07583235092c,2012-03-06 14:50:41.701252594,0.0
Case628,W_Nabellen offertes,res_3efedec2-7c7d-4360-b422-dcf1d20a8bfd,Role 1,2012-03-08 14:01:54.335416594,631,1,res_3efedec2-7c7d-4360-b422-dcf1d20a8bfd,2012-03-08 14:00:18.850014594,0.0
Case629,W_Afhandelen leads,res_4c3013be-6589-47a8-a7c4-f99f2e4b9a48,Role 1,2012-02-27 14:54:51.070629114,633,0,res_4c3013be-6589-47a8-a7c4-f99f2e4b9a48,2012-02-27 14:51:53.662305114,0.0
Case629,W_Completeren aanvraag,res_9a47d014-a019-4396-9e72-1d1379a66c99,Role 1,2012-02-27 15:51:47.238361614,635,1,res_9a47d014-a019-4396-9e72-1d1379a66c99,2012-02-27 15:49:21.643280614,0.02564102564102564
Case63,W_Completeren aanvraag,res_1b9a0c06-ad62-425d-8a95-45a175c5555c,Role 1,2012-02-14 18:12:33.268175686,544,1,res_1b9a0c06-ad62-425d-8a95-45a175c5555c,2012-02-14 18:10:05.416877686,0.02564102564102564
Case63,W_Completeren aanvraag,res_843e228f-f915-4f9a-b2c1-ff974c62e207,Role 1,2012-02-14 19:07:59.729664186,543,1,res_843e228f-f915-4f9a-b2c1-ff974c62e207,2012-02-14 19:05:32.123322186,0.0
Case63,W_Nabellen offertes,res_b70af2ff-820e-4016-a03c-831214a09681,Role 1,2012-02-16 01:44:27.881382986,563,1,res_b70af2ff-820e-4016-a03c-831214a09681,2012-02-16 01:42:28.483148986,0.0
Case63,W_Nabellen offertes,res_4d502259-de4c-4574-91b7-d3c939a9cf04,Role 1,2012-02-23 01:01:08.709376386,624,1,res_4d502259-de4c-4574-91b7-d3c939a9cf04,2012-02-23 00:55:05.601926386,0.0
Case630,W_Completeren aanvraag,res_709ed04f-5b76-49c4-aeeb-ad921b6f6ca1,Role 1,2012-02-27 15:08:48.736691683,631,2,res_709ed04f-5b76-49c4-aeeb-ad921b6f6ca1,2012-02-27 15:06:30.140009683,0.02564102564102564
Case631,W_Afhandelen leads,res_5724148e-e102-4421-a053-83c428a11f68,Role 1,2012-02-27 15:16:15.752901207,631,0,res_5724148e-e102-4421-a053-83c428a11f68,2012-02-27 15:13:17.148047207,0.0
Case631,W_Completeren aanvraag,res_dec66574-3de2-4d20-a02f-ab348539e500,Role 1,2012-02-27 16:12:29.778323007,633,2,res_dec66574-3de2-4d20-a02f-ab348539e500,2012-02-27 16:10:05.446003007,0.02564102564102564
Case632,W_Completeren aanvraag,res_1b3fa211-3349-4835-aae7-baccd0368824,Role 1,2012-02-27 15:21:19.829479023,632,1,res_1b3fa211-3349-4835-aae7-baccd0368824,2012-02-27 15:18:56.657227023,0.0
Case632,W_Nabellen offertes,res_a400b893-c7da-495f-bf62-a744eeccb8c5,Role 1,2012-02-27 15:47:41.419772223,635,1,res_a400b893-c7da-495f-bf62-a744eeccb8c5,2012-02-27 15:45:19.948172223,0.0
Case633,W_Afhandelen leads,res_230c0182-4111-4506-bfd5-9b0719b08311,Role 1,2012-02-27 15:28:54.876632196,633,0,res_230c0182-4111-4506-bfd5-9b0719b08311,2012-02-27 15:25:55.754612196,0.0
Case633,W_Completeren aanvraag,res_b42bc940-a579-4310-8bba-a668ba469508,Role 1,2012-02-27 16:24:32.504955396,634,1,res_b42bc940-a579-4310-8bba-a668ba469508,2012-02-27 16:22:05.954007396,0.02564102564102564
Case633,W_Nabellen offertes,res_dec66574-3de2-4d20-a02f-ab348539e500,Role 1,2012-02-28 17:12:23.668385896,633,1,res_dec66574-3de2-4d20-a02f-ab348539e500,2012-02-28 17:10:19.400402896,0.0
Case633,W_Nabellen offertes,res_b70af2ff-820e-4016-a03c-831214a09681,Role 1,2012-03-06 12:58:08.906836996,633,1,res_b70af2ff-820e-4016-a03c-831214a09681,2012-03-06 12:56:27.588055996,0.02564102564102564
Case634,W_Afhandelen leads,res_13020984-8d57-4f3c-8ba3-5a323081e70b,Role 1,2012-02-27 15:29:53.998560179,634,1,res_13020984-8d57-4f3c-8ba3-5a323081e70b,2012-02-27 15:27:05.268361179,0.02564102564102564
Case634,W_Completeren aanvraag,res_f8049b85-d52c-466e-8778-58e1f3f71604,Role 1,2012-02-27 16:25:25.639594779,634,2,res_f8049b85-d52c-466e-8778-58e1f3f71604,2012-02-27 16:23:03.333550779,0.05128205128205128
Case634,W_Completeren aanvraag,res_d39cd18a-e6fc-4de4-b991-deff4ba6e82a,Role 1,2012-02-27 17:48:15.519116879,640,1,res_d39cd18a-e6fc-4de4-b991-deff4ba6e82a,2012-02-27 17:46:06.061368879,0.0
Case634,W_Completeren aanvraag,res_3efedec2-7c7d-4360-b422-dcf1d20a8bfd,Role 1,2012-02-27 18:23:04.560352079,639,2,res_3efedec2-7c7d-4360-b422-dcf1d20a8bfd,2012-02-27 18:21:18.545725079,0.02564102564102564
Case635,W_Afhandelen leads,res_9a47d014-a019-4396-9e72-1d1379a66c99,Role 1,2012-02-27 15:35:42.106571721,635,0,res_9a47d014-a019-4396-9e72-1d1379a66c99,2012-02-27 15:32:42.762649721,0.0
Case635,W_Completeren aanvraag,res_5724148e-e102-4421-a053-83c428a11f68,Role 1,2012-02-27 16:31:21.144749221,633,1,res_5724148e-e102-4421-a053-83c428a11f68,2012-02-27 16:28:53.637579221,0.0
Case635,W_Completeren aanvraag,res_0ba00481-2705-40d0-b647-5ea4bd04a214,Role 1,2012-02-27 18:00:11.205494721,639,1,res_0ba00481-2705-40d0-b647-5ea4bd04a214,2012-02-27 17:58:00.201958721,0.0
Case636,W_Completeren aanvraag,res_1d01c37d-a137-4a7e-8f12-e8c97f0c7f2b,Role 1,2012-02-27 15:41:47.208095420,635,1,res_1d01c37d-a137-4a7e-8f12-e8c97f0c7f2b,2012-02-27 15:39:23.726013420,0.0
Case636,W_Completeren aanvraag,res_1d01c37d-a137-4a7e-8f12-e8c97f0c7f2b,Role 1,2012-02-27 16:37:01.762394920,635,1,res_1d01c37d-a137-4a7e-8f12-e8c97f0c7f2b,2012-02-27 16:34:37.996050920,0.02564102564102564
Case636,W_Nabellen offertes,res_59c642c1-18f5-484a-aed6-a023ede79a28,Role 1,2012-02-28 19:12:06.112141520,635,1,res_59c642c1-18f5-484a-aed6-a023ede79a28,2012-02-28 19:10:08.518490520,0.02564102564102564
Case637,W_Completeren aanvraag,res_1b9a0c06-ad62-425d-8a95-45a175c5555c,Role 1,2012-02-27 15:49:06.023304892,635,2,res_1b9a0c06-ad62-425d-8a95-45a175c5555c,2012-02-27 15:46:47.002093892,0.02564102564102564
Case638,W_Afhandelen leads,res_4c3013be-6589-47a8-a7c4-f99f2e4b9a48,Role 1,2012-02-27 15:59:34.984913792,633,0,res_4c3013be-6589-47a8-a7c4-f99f2e4b9a48,2012-02-27 15:56:36.357791792,0.02564102564102564
Case638,W_Completeren aanvraag,res_4bfd217b-a1fe-4479-a77c-aded82769086,Role 1,2012-02-27 16:54:36.052289492,636,1,res_4bfd217b-a1fe-4479-a77c-aded82769086,2012-02-27 16:52:08.976102492,0.02564102564102564
Case638,W_Nabellen offertes,res_a400b893-c7da-495f-bf62-a744eeccb8c5,Role 1,2012-02-29 00:26:28.538914792,631,1,res_a400b893-c7da-495f-bf62-a744eeccb8c5,2012-02-29 00:24:37.541229792,0.0
Case638,W_Nabellen offertes,res_a400b893-c7da-495f-bf62-a744eeccb8c5,Role 1,2012-03-06 19:57:53.775564892,635,1,res_a400b893-c7da-495f-bf62-a744eeccb8c5,2012-03-06 19:55:50.561403892,0.0
Case639,W_Completeren aanvraag,res_a400b893-c7da-495f-bf62-a744eeccb8c5,Role 1,2012-02-27 16:05:57.616279691,633,1,res_a400b893-c7da-495f-bf62-a744eeccb8c5,2012-02-27 16:03:33.440285691,0.0
Case639,W_Completeren aanvraag,res_5a3eddbb-0eb4-49ac-9904-07583235092c,Role 1,2012-02-27 17:00:43.203624491,637,1,res_5a3eddbb-0eb4-49ac-9904-07583235092c,2012-02-27 16:58:18.289549491,0.0
Case639,W_Nabellen offertes,res_709ed04f-5b76-49c4-aeeb-ad921b6f6ca1,Role 1,2012-02-28 21:49:53.922110691,630,1,res_709ed04f-5b76-49c4-aeeb-ad921b6f6ca1,2012-02-28 21:48:01.680502691,0.0
Case64,W_Completeren aanvraag,res_7c2a7682-7073-471d-9707-2acad2b806ab,Role 1,2012-02-14 18:41:31.844770263,544,1,res_7c2a7682-7073-471d-9707-2acad2b806ab,2012-02-14 18:39:03.260602263,0.0
Case640,W_Afhandelen leads,res_4bfd217b-a1fe-4479-a77c-aded82769086,Role 1,2012-02-27 16:12:52.421771729,633,0,res_4bfd217b-a1fe-4479-a77c-aded82769086,2012-02-27 16:09:51.232399729,0.0
Case640,W_Completeren aanvraag,res_b70af2ff-820e-4016-a03c-831214a09681,Role 1,2012-02-27 17:07:40.909169029,636,1,res_b70af2ff-820e-4016-a03c-831214a09681,2012-02-27 17:05:12.443429029,0.0
Case640,W_Nabellen offertes,res_b42bc940-a579-4310-8bba-a668ba469508,Role 1,2012-02-28 22:32:01.815777329,630,1,res_b42bc940-a579-4310-8bba-a668ba469508,2012-02-28 22:30:09.126780329,0.0
Case640,W_Nabellen offertes,res_3efedec2-7c7d-4360-b422-dcf1d20a8bfd,Role 1,2012-03-06 23:20:28.755866529,633,1,res_3efedec2-7c7d-4360-b422-dcf1d20a8bfd,2012-03-06 23:13:36.643237529,0.0
Case640,W_Nabellen offertes,res_9a47d014-a019-4396-9e72-1d1379a66c99,Role 1,2012-03-08 11:37:05.890368029,629,1,res_9a47d014-a019-4396-9e72-1d1379a66c99,2012-03-08 11:35:19.257332029,0.0
Case641,W_Afhandelen leads,res_08871a3e-f393-4f22-a0a4-e36c9d59a78e,Role 1,2012-02-27 16:20:08.897582739,634,0,res_08871a3e-f393-4f22-a0a4-e36c9d59a78e,2012-02-27 16:17:07.456360739,0.0
Case641,W_Completeren aanvraag,res_1b9a0c06-ad62-425d-8a95-45a175c5555c,Role 1,2012-02-27 17:14:42.776013839,636,1,res_1b9a0c06-ad62-425d-8a95-45a175c5555c,2012-02-27 17:12:14.169161839,0.0
Case641,W_Completeren aanvraag,res_6488ab10-d3ee-4b87-935d-302131660e4e,Role 1,2012-02-27 18:29:46.604951239,639,1,res_6488ab10-d3ee-4b87-935d-302131660e4e,2012-02-27 18:27:35.830836239,0.02564102564102564
Case642,W_Completeren aanvraag,res_7c2a7682-7073-471d-9707-2acad2b806ab,Role 1,2012-02-27 16:23:25.903291261,635,1,res_7c2a7682-7073-471d-9707-2acad2b806ab,2012-02-27 16:21:02.191194261,0.02564102564102564
Case643,W_Completeren aanvraag,res_bb73aa9d-d45e-496a-a1ec-c9fe6e899287,Role 1,2012-02-27 16:29:46.812534575,634,1,res_bb73aa9d-d45e-496a-a1ec-c9fe6e899287,2012-02-27 16:27:21.998199575,0.0
Case643,W_Completeren aanvraag,res_4d502259-de4c-4574-91b7-d3c939a9cf04,Role 1,2012-02-27 17:24:14.996030775,638,1,res_4d502259-de4c-4574-91b7-d3c939a9cf04,2012-02-27 17:21:50.175020775,0.02564102564102564
Case643,W_Completeren aanvraag,res_1b9a0c06-ad62-425d-8a95-45a175c5555c,Role 1,2012-02-27 18:40:37.580846075,636,1,res_1b9a0c06-ad62-425d-8a95-45a175c5555c,2012-02-27 18:38:28.554660075,0.0
Case643,W_Completeren aanvraag,res_0fc057cb-3a7d-47d3-8cd2-6d92b33620c4,Role 1,2012-02-27 19:15:19.637567775,638,1,res_0fc057cb-3a7d-47d3-8cd2-6d92b33620c4,2012-02-27 19:13:33.354653775,0.02564102564102564
Case643,W_Completeren aanvraag,res_59c642c1-18f5-484a-aed6-a023ede79a28,Role 1,2012-02-27 19:39:43.348401275,637,2,res_59c642c1-18f5-484a-aed6-a023ede79a28,2012-02-27 19:38:08.723214275,0.02564102564102564
Case643,W_Nabellen offertes,res_b42bc940-a579-4310-8bba-a668ba469508,Role 1,2012-02-27 22:34:31.947064875,643,1,res_b42bc940-a579-4310-8bba-a668ba469508,2012-02-27 22:32:59.384442875,0.0
Case643,W_Nabellen offertes,res_a60942a0-f9c4-436b-a4d0-6eeb41b2f0f2,Role 1,2012-03-02 23:39:48.707863775,622,1,res_a60942a0-f9c4-436b-a4d0-6eeb41b2f0f2,2012-03-02 23:37:52.697630775,0.0
Case644,W_Afhandelen leads,res_b70af2ff-820e-4016-a03c-831214a09681,Role 1,2012-02-27 16:31:24.391620096,635,0,res_b70af2ff-820e-4016-a03c-831214a09681,2012-02-27 16:28:24.459829096,0.02564102564102564
Case644,W_Completeren aanvraag,res_9a47d014-a019-4396-9e72-1d1379a66c99,Role 1,2012-02-27 17:25:48.867980296,638,2,res_9a47d014-a019-4396-9e72-1d1379a66c99,2012-02-27 17:23:23.955784296,0.05128205128205128
Case645,W_Afhandelen leads,res_7b435aaa-ab1b-4205-92d4-81495e1b2d15,Role 1,2012-02-27 16:40:26.622911761,635,0,res_7b435aaa-ab1b-4205-92d4-81495e1b2d15,2012-02-27 16:37:24.450690761,0.0
Case645,W_Completeren aanvraag,res_59c642c1-18f5-484a-aed6-a023ede79a28,Role 1,2012-02-27 17:34:55.945732361,639,1,res_59c642c1-18f5-484a-aed6-a023ede79a28,2012-02-27 17:32:27.809470361,0.02564102564102564
Case645,W_Completeren aanvraag,res_9a47d014-a019-4396-9e72-1d1379a66c99,Role 1,2012-02-27 18:48:44.571317461,637,1,res_9a47d014-a019-4396-9e72-1d1379a66c99,2012-02-27 18:46:33.783189461,0.0
Case646,W_Afhandelen leads,res_0ba00481-2705-40d0-b647-5ea4bd04a214,Role 1,2012-02-27 16:49:10.747676228,636,0,res_0ba00481-2705-40d0-b647-5ea4bd04a214,2012-02-27 16:46:08.322422228,0.0
Case646,W_Completeren aanvraag,res_57e6001e-3d34-44ab-b1e6-21b6b1001542,Role 1,2012-02-27 17:43:32.744977728,640,2,res_57e6001e-3d34-44ab-b1e6-21b6b1001542,2012-02-27 17:41:06.564209728,0.02564102564102564
Case646,W_Completeren aanvraag,res_8a4ef218-abd5-42fa-9b05-623b7ba3c08b,Role 1,2012-02-27 19:03:44.605552028,637,1,res_8a4ef218-abd5-42fa-9b05-623b7ba3c08b,2012-02-27 19:01:34.637207028,0.0
Case646,W_Nabellen offertes,res_3efedec2-7c7d-4360-b422-dcf1d20a8bfd,Role 1,2012-02-28 15:53:43.826267428,637,1,res_3efedec2-7c7d-4360-b422-dcf1d20a8bfd,2012-02-28 15:51:51.948020428,0.0
Case647,W_Completeren aanvraag,res_b42bc940-a579-4310-8bba-a668ba469508,Role 1,2012-02-27 16:53:28.857134997,637,1,res_b42bc940-a579-4310-8bba-a668ba469508,2012-02-27 16:51:03.503993997,0.0
Case647,W_Completeren aanvraag,res_1d01c37d-a137-4a7e-8f12-e8c97f0c7f2b,Role 1,2012-02-27 17:47:51.257266897,640,1,res_1d01c37d-a137-4a7e-8f12-e8c97f0c7f2b,2012-02-27 17:45:26.139466897,0.02564102564102564
Case648,W_Completeren aanvraag,res_bae84d23-abe1-4580-a954-c8576ba025c9,Role 1,2012-02-27 17:04:12.777242506,637,2,res_bae84d23-abe1-4580-a954-c8576ba025c9,2012-02-27 17:01:52.298984506,0.02564102564102564
Case649,W_Afhandelen leads,res_3efedec2-7c7d-4360-b422-dcf1d20a8bfd,Role 1,2012-02-27 17:12:37.994393363,637,0,res_3efedec2-7c7d-4360-b422-dcf1d20a8bfd,2012-02-27 17:09:36.731423364,0.02564102564102564
Case649,W_Completeren aanvraag,res_a400b893-c7da-495f-bf62-a744eeccb8c5,Role 1,2012-02-27 18:07:02.734056764,639,1,res_a400b893-c7da-495f-bf62-a744eeccb8c5,2012-02-27 18:04:33.564217764,0.0
Case65,W_Completeren aanvraag,res_bb73aa9d-d45e-496a-a1ec-c9fe6e899287,Role 1,2012-02-14 19:10:44.163231402,544,1,res_bb73aa9d-d45e-496a-a1ec-c9fe6e899287,2012-02-14 19:08:16.216011402,0.0
Case65,W_Completeren aanvraag,res_d856942c-e08c-4dce-8114-31eacb6f69b7,Role 1,2012-02-14 20:07:47.942488102,545,1,res_d856942c-e08c-4dce-8114-31eacb6f69b7,2012-02-14 20:05:21.529166102,0.0
Case65,W_Completeren aanvraag,res_08871a3e-f393-4f22-a0a4-e36c9d59a78e,Role 1,2012-02-14 22:32:06.653162702,546,1,res_08871a3e-f393-4f22-a0a4-e36c9d59a78e,2012-02-14 22:29:52.419983702,0.0
Case65,W_Nabellen offertes,res_bb73aa9d-d45e-496a-a1ec-c9fe6e899287,Role 1,2012-02-16 01:24:52.938126802,564,1,res_bb73aa9d-d45e-496a-a1ec-c9fe6e899287,2012-02-16 01:23:09.914055802,0.0
Case650,W_Afhandelen leads,res_230c0182-4111-4506-bfd5-9b0719b08311,Role 1,2012-02-27 17:19:03.771441227,638,0,res_230c0182-4111-4506-bfd5-9b0719b08311,2012-02-27 17:16:00.568211227,0.0
Case650,W_Completeren aanvraag,res_b42bc940-a579-4310-8bba-a668ba469508,Role 1,2012-02-27 18:13:24.790514527,639,3,res_b42bc940-a579-4310-8bba-a668ba469508,2012-02-27 18:11:00.903594527,0.05128205128205128
Case650,W_Nabellen offertes,res_1b9a0c06-ad62-425d-8a95-45a175c5555c,Role 1,2012-02-29 02:42:06.116012427,627,2,res_1b9a0c06-ad62-425d-8a95-45a175c5555c,2012-02-29 02:40:13.743059427,0.02564102564102564
Case651,W_Afhandelen leads,res_bb73aa9d-d45e-496a-a1ec-c9fe6e899287,Role 1,2012-02-27 17:22:58.763595024,639,0,res_bb73aa9d-d45e-496a-a1ec-c9fe6e899287,2012-02-27 17:19:57.317936024,0.02564102564102564
Case651,W_Completeren aanvraag,res_d39cd18a-e6fc-4de4-b991-deff4ba6e82a,Role 1,2012-02-27 18:17:25.880531024,638,1,res_d39cd18a-e6fc-4de4-b991-deff4ba6e82a,2012-02-27 18:14:56.645230024,0.0
Case651,W_Nabellen offertes,res_b42bc940-a579-4310-8bba-a668ba469508,Role 1,2012-02-29 10:07:07.453052324,616,1,res_b42bc940-a579-4310-8bba-a668ba469508,2012-02-29 10:03:47.885753324,0.0
Case652,W_Afhandelen leads,res_1b3fa211-3349-4835-aae7-baccd0368824,Role 1,2012-02-27 17:30:47.194458157,639,0,res_1b3fa211-3349-4835-aae7-baccd0368824,2012-02-27 17:27:43.765266157,0.0
Case652,W_Completeren aanvraag,res_219a258e-f803-4016-b457-8c77c3b88a65,Role 1,2012-02-27 18:25:14.054457757,639,2,res_219a258e-f803-4016-b457-8c77c3b88a65,2012-02-27 18:22:49.086798757,0.07692307692307693
Case652,W_Completeren aanvraag,res_1b9a0c06-ad62-425d-8a95-45a175c5555c,Role 1,2012-02-27 19:42:40.253826057,638,2,res_1b9a0c06-ad62-425d-8a95-45a175c5555c,2012-02-27 19:40:32.265224057,0.02564102564102564
Case652,W_Completeren aanvraag,res_570add54-a9ce-40af-8ebf-c88ddafd5fef,Role 1,2012-02-27 20:27:18.498422357,640,1,res_570add54-a9ce-40af-8ebf-c88ddafd5fef,2012-02-27 20:25:33.248924357,0.0
Case653,W_Afhandelen leads,res_3efedec2-7c7d-4360-b422-dcf1d20a8bfd,Role 1,2012-02-27 17:30:58.432945180,640,1,res_3efedec2-7c7d-4360-b422-dcf1d20a8bfd,2012-02-27 17:28:05.929070181,0.05128205128205128
Case653,W_Completeren aanvraag,res_1b3fa211-3349-4835-aae7-baccd0368824,Role 1,2012-02-27 18:25:20.767076581,639,3,res_1b3fa211-3349-4835-aae7-baccd0368824,2012-02-27 18:23:00.048314581,0.10256410256410256
Case654,W_Afhandelen leads,res_8a4ef218-abd5-42fa-9b05-623b7ba3c08b,Role 1,2012-02-27 17:42:53.756513747,640,0,res_8a4ef218-abd5-42fa-9b05-623b7ba3c08b,2012-02-27 17:39:50.133570747,0.0
Case654,W_Completeren aanvraag,res_4bfd217b-a1fe-4479-a77c-aded82769086,Role 1,2012-02-27 18:37:28.855697047,638,2,res_4bfd217b-a1fe-4479-a77c-aded82769086,2012-02-27 18:35:03.094575047,0.05128205128205128
Case654,W_Completeren aanvraag,res_0ba00481-2705-40d0-b647-5ea4bd04a214,Role 1,2012-02-27 20:00:27.239095847,638,1,res_0ba00481-2705-40d0-b647-5ea4bd04a214,2012-02-27 19:58:17.637258847,0.0
Case654,W_Nabellen offertes,res_4ea7e99f-9f77-43d0-af71-4b2253ae6764,Role 1,2012-02-28 21:37:23.830081247,630,1,res_4ea7e99f-9f77-43d0-af71-4b2253ae6764,2012-02-28 21:35:46.119074247,0.02564102564102564
Case654,W_Nabellen offertes,res_9a47d014-a019-4396-9e72-1d1379a66c99,Role 1,2012-03-02 13:06:22.277111447,619,1,res_9a47d014-a019-4396-9e72-1d1379a66c99,2012-03-02 12:53:54.964203447,0.0
Case655,W_Completeren aanvraag,res_408efd66-8ed2-49bc-94a8-733c7b98a934,Role 1,2012-02-27 17:50:48.356411566,639,1,res_408efd66-8ed2-49bc-94a8-733c7b98a934,2012-02-27 17:48:21.915954566,0.0
Case655,W_Completeren aanvraag,res_843e228f-f915-4f9a-b2c1-ff974c62e207,Role 1,2012-02-27 18:45:29.726543166,636,1,res_843e228f-f915-4f9a-b2c1-ff974c62e207,2012-02-27 18:43:03.837019166,0.0
Case655,W_Nabellen offertes,res_bae84d23-abe1-4580-a954-c8576ba025c9,Role 1,2012-02-29 12:52:28.705847366,614,1,res_bae84d23-abe1-4580-a954-c8576ba025c9,2012-02-29 12:49:20.009747366,0.0
Case656,W_Completeren aanvraag,res_b42bc940-a579-4310-8bba-a668ba469508,Role 1,2012-02-27 17:59:45.421638319,639,1,res_b42bc940-a579-4310-8bba-a668ba469508,2012-02-27 17:57:18.884479319,0.0
Case656,W_Nabellen offertes,res_d856942c-e08c-4dce-8114-31eacb6f69b7,Role 1,2012-02-27 18:20:26.447483819,639,1,res_d856942c-e08c-4dce-8114-31eacb6f69b7,2012-02-27 18:18:05.679516819,0.05128205128205128
Case657,W_Completeren aanvraag,res_5724148e-e102-4421-a053-83c428a11f68,Role 1,2012-02-27 18:07:06.741019516,639,1,res_5724148e-e102-4421-a053-83c428a11f68,2012-02-27 18:04:40.145668516,0.0
Case657,W_Nabellen offertes,res_4ea7e99f-9f77-43d0-af71-4b2253ae6764,Role 1,2012-02-27 18:27:30.919538715,637,1,res_4ea7e99f-9f77-43d0-af71-4b2253ae6764,2012-02-27 18:25:10.402281716,0.02564102564102564
Case658,W_Afhandelen leads,res_8a4ef218-abd5-42fa-9b05-623b7ba3c08b,Role 1,2012-02-27 18:18:32.053607387,639,0,res_8a4ef218-abd5-42fa-9b05-623b7ba3c08b,2012-02-27 18:15:27.933213387,0.0
Case658,W_Completeren aanvraag,res_1b3fa211-3349-4835-aae7-baccd0368824,Role 1,2012-02-27 19:13:58.794025287,638,1,res_1b3fa211-3349-4835-aae7-baccd0368824,2012-02-27 19:11:29.270033287,0.0
Case658,W_Completeren aanvraag,res_8a4ef218-abd5-42fa-9b05-623b7ba3c08b,Role 1,2012-02-27 20:38:41.420146286,639,2,res_8a4ef218-abd5-42fa-9b05-623b7ba3c08b,2012-02-27 20:36:31.907333287,0.05128205128205128
Case658,W_Nabellen offertes,res_5a3eddbb-0eb4-49ac-9904-07583235092c,Role 1,2012-02-29 00:59:54.328426487,630,1,res_5a3eddbb-0eb4-49ac-9904-07583235092c,2012-02-29 00:58:18.831981487,0.02564102564102564
Case659,W_Afhandelen leads,res_7b435aaa-ab1b-4205-92d4-81495e1b2d15,Role 1,2012-02-27 18:24:40.906573689,637,0,res_7b435aaa-ab1b-4205-92d4-81495e1b2d15,2012-02-27 18:21:36.658316689,0.0
Case659,W_Completeren aanvraag,res_5a3eddbb-0eb4-49ac-9904-07583235092c,Role 1,2012-02-27 19:20:08.783050089,638,1,res_5a3eddbb-0eb4-49ac-9904-07583235092c,2012-02-27 19:17:39.270470089,0.0
Case66,W_Completeren aanvraag,res_13020984-8d57-4f3c-8ba3-5a323081e70b,Role 1,2012-02-14 19:13:31.283271216,545,1,res_13020984-8d57-4f3c-8ba3-5a323081e70b,2012-02-14 19:11:03.451987216,0.0
Case66,W_Nabellen offertes,res_bb73aa9d-d45e-496a-a1ec-c9fe6e899287,Role 1,2012-02-14 19:30:59.723848716,545,1,res_bb73aa9d-d45e-496a-a1ec-c9fe6e899287,2012-02-14 19:28:41.944511716,0.0
Case66,W_Nabellen offertes,res_4bfd217b-a1fe-4479-a77c-aded82769086,Role 1,2012-02-22 19:05:43.461716516,629,1,res_4bfd217b-a1fe-4479-a77c-aded82769086,2012-02-22 19:03:27.121913516,0.0
Case66,W_Nabellen offertes,res_7b435aaa-ab1b-4205-92d4-81495e1b2d15,Role 1,2012-02-24 13:06:37.669804315,645,1,res_7b435aaa-ab1b-4205-92d4-81495e1b2d15,2012-02-24 13:04:55.133814316,0.0
Case66,W_Nabellen offertes,res_bae84d23-abe1-4580-a954-c8576ba025c9,Role 1,2012-02-26 05:56:09.319435916,642,1,res_bae84d23-abe1-4580-a954-c8576ba025c9,2012-02-26 05:52:11.111302916,0.0
Case660,W_Completeren aanvraag,res_4bfd217b-a1fe-4479-a77c-aded82769086,Role 1,2012-02-27 18:30:30.892479289,637,2,res_4bfd217b-a1fe-4479-a77c-aded82769086,2012-02-27 18:28:09.562115289,0.02564102564102564
Case661,W_Afhandelen leads,res_7b435aaa-ab1b-4205-92d4-81495e1b2d15,Role 1,2012-02-27 18:32:20.580807635,638,0,res_7b435aaa-ab1b-4205-92d4-81495e1b2d15,2012-02-27 18:29:18.068418635,0.02564102564102564
Case661,W_Completeren aanvraag,res_b70af2ff-820e-4016-a03c-831214a09681,Role 1,2012-02-27 19:28:01.611491835,637,1,res_b70af2ff-820e-4016-a03c-831214a09681,2012-02-27 19:25:32.416302835,0.0
Case661,W_Nabellen offertes,res_230c0182-4111-4506-bfd5-9b0719b08311,Role 1,2012-03-01 00:08:18.584763335,625,1,res_230c0182-4111-4506-bfd5-9b0719b08311,2012-03-01 00:06:24.686544335,0.02564102564102564
Case661,W_Nabellen offertes,res_0fc057cb-3a7d-47d3-8cd2-6d92b33620c4,Role 1,2012-03-07 07:15:15.970205835,638,1,res_0fc057cb-3a7d-47d3-8cd2-6d92b33620c4,2012-03-07 07:13:01.577850835,0.0
Case661,W_Nabellen offertes,res_4bfd217b-a1fe-4479-a77c-aded82769086,Role 1,2012-03-08 18:33:34.642849035,633,1,res_4bfd217b-a1fe-4479-a77c-aded82769086,2012-03-08 18:32:01.804240035,0.02564102564102564
Case662,W_Afhandelen leads,res_3efedec2-7c7d-4360-b422-dcf1d20a8bfd,Role 1,2012-02-27 18:46:08.474929332,637,0,res_3efedec2-7c7d-4360-b422-dcf1d20a8bfd,2012-02-27 18:43:04.173841332,0.0
Case662,W_Completeren aanvraag,res_dec66574-3de2-4d20-a02f-ab348539e500,Role 1,2012-02-27 19:42:13.452630932,638,1,res_dec66574-3de2-4d20-a02f-ab348539e500,2012-02-27 19:39:44.171617932,0.0
Case663,W_Afhandelen leads,res_40e4f4c6-1170-4ce1-ba24-0dfa2dd61b15,Role 1,2012-02-27 19:02:08.479369809,638,0,res_40e4f4c6-1170-4ce1-ba24-0dfa2dd61b15,2012-02-27 18:59:04.269533809,0.0
Case663,W_Completeren aanvraag,res_a400b893-c7da-495f-bf62-a744eeccb8c5,Role 1,2012-02-27 19:58:50.333185509,638,1,res_a400b893-c7da-495f-bf62-a744eeccb8c5,2012-02-27 19:56:21.320298509,0.0
Case663,W_Nabellen offertes,res_08871a3e-f393-4f22-a0a4-e36c9d59a78e,Role 1,2012-03-01 14:57:13.238692809,622,1,res_08871a3e-f393-4f22-a0a4-e36c9d59a78e,2012-03-01 14:53:43.563821809,0.0
Case664,W_Completeren aanvraag,res_709ed04f-5b76-49c4-aeeb-ad921b6f6ca1,Role 1,2012-02-27 19:16:44.916172788,639,2,res_709ed04f-5b76-49c4-aeeb-ad921b6f6ca1,2012-02-27 19:14:24.067400788,0.02564102564102564
Case665,W_Completeren aanvraag,res_bae84d23-abe1-4580-a954-c8576ba025c9,Role 1,2012-02-27 19:31:00.212468784,638,1,res_bae84d23-abe1-4580-a954-c8576ba025c9,2012-02-27 19:28:34.351518784,0.0
Case666,W_Afhandelen leads,res_a400b893-c7da-495f-bf62-a744eeccb8c5,Role 1,2012-02-27 19:32:46.200086042,639,0,res_a400b893-c7da-495f-bf62-a744eeccb8c5,2012-02-27 19:29:45.880159042,0.05128205128205128
Case666,W_Completeren aanvraag,res_4c3013be-6589-47a8-a7c4-f99f2e4b9a48,Role 1,2012-02-27 20:30:50.610595042,639,1,res_4c3013be-6589-47a8-a7c4-f99f2e4b9a48,2012-02-27 20:28:23.601824042,0.02564102564102564
Case666,W_Completeren aanvraag,res_4bfd217b-a1fe-4479-a77c-aded82769086,Role 1,2012-02-27 22:53:51.177628442,643,1,res_4bfd217b-a1fe-4479-a77c-aded82769086,2012-02-27 22:51:39.888205442,0.0
Case666,W_Nabellen offertes,res_570add54-a9ce-40af-8ebf-c88ddafd5fef,Role 1,2012-02-29 07:04:12.815677041,620,1,res_570add54-a9ce-40af-8ebf-c88ddafd5fef,2012-02-29 07:01:55.880670041,0.0
Case667,W_Completeren aanvraag,res_bae84d23-abe1-4580-a954-c8576ba025c9,Role 1,2012-02-27 19:44:32.860403194,638,1,res_bae84d23-abe1-4580-a954-c8576ba025c9,2012-02-27 19:42:07.360148194,0.0
Case667,W_Completeren aanvraag,res_a400b893-c7da-495f-bf62-a744eeccb8c5,Role 1,2012-02-27 20:43:11.564414194,640,1,res_a400b893-c7da-495f-bf62-a744eeccb8c5,2012-02-27 20:40:47.580048194,0.0
Case667,W_Completeren aanvraag,res_5724148e-e102-4421-a053-83c428a11f68,Role 1,2012-02-27 23:25:44.855208394,643,1,res_5724148e-e102-4421-a053-83c428a11f68,2012-02-27 23:23:33.536512394,0.0
Case667,W_Completeren aanvraag,res_57e6001e-3d34-44ab-b1e6-21b6b1001542,Role 1,2012-02-28 07:02:29.164305794,638,1,res_57e6001e-3d34-44ab-b1e6-21b6b1001542,2012-02-28 07:00:05.602077794,0.0
Case668,W_Completeren aanvraag,res_1d01c37d-a137-4a7e-8f12-e8c97f0c7f2b,Role 1,2012-02-27 19:57:24.128642470,639,1,res_1d01c37d-a137-4a7e-8f12-e8c97f0c7f2b,2012-02-27 19:54:59.063506470,0.0
Case668,W_Nabellen offertes,res_bae84d23-abe1-4580-a954-c8576ba025c9,Role 1,2012-02-27 20:17:32.258105670,639,1,res_bae84d23-abe1-4580-a954-c8576ba025c9,2012-02-27 20:15:15.239476670,0.0
Case669,W_Completeren aanvraag,res_7c2a7682-7073-471d-9707-2acad2b806ab,Role 1,2012-02-27 20:06:34.853713148,640,1,res_7c2a7682-7073-471d-9707-2acad2b806ab,2012-02-27 20:04:10.136270148,0.0
Case669,W_Nabellen offertes,res_709ed04f-5b76-49c4-aeeb-ad921b6f6ca1,Role 1,2012-02-27 20:26:53.159008948,639,1,res_709ed04f-5b76-49c4-aeeb-ad921b6f6ca1,2012-02-27 20:24:36.456705948,0.0
Case669,W_Nabellen offertes,res_d39cd18a-e6fc-4de4-b991-deff4ba6e82a,Role 1,2012-03-06 19:44:51.106987248,634,1,res_d39cd18a-e6fc-4de4-b991-deff4ba6e82a,2012-03-06 19:42:37.782163248,0.0
Case669,W_Nabellen offertes,res_9a47d014-a019-4396-9e72-1d1379a66c99,Role 1,2012-03-08 12:27:55.418289348,630,1,res_9a47d014-a019-4396-9e72-1d1379a66c99,2012-03-08 12:26:13.855906348,0.0
Case669,W_Nabellen offertes,res_0ba00481-2705-40d0-b647-5ea4bd04a214,Role 1,2012-03-10 01:12:02.103532348,630,1,res_0ba00481-2705-40d0-b647-5ea4bd04a214,2012-03-10 01:09:56.062263348,0.0
Case67,W_Completeren aanvraag,res_dec66574-3de2-4d20-a02f-ab348539e500,Role 1,2012-02-14 20:12:47.636280640,546,1,res_dec66574-3de2-4d20-a02f-ab348539e500,2012-02-14 20:10:21.749978640,0.0
Case67,W_Nabellen offertes,res_709ed04f-5b76-49c4-aeeb-ad921b6f6ca1,Role 1,2012-02-14 20:30:54.387350640,546,1,res_709ed04f-5b76-49c4-aeeb-ad921b6f6ca1,2012-02-14 20:28:39.118218640,0.0
Case67,W_Nabellen offertes,res_1b9a0c06-ad62-425d-8a95-45a175c5555c,Role 1,2012-02-22 16:06:00.051858940,631,1,res_1b9a0c06-ad62-425d-8a95-45a175c5555c,2012-02-22 16:04:13.641489940,0.0
Case670,W_Completeren aanvraag,res_a60942a0-f9c4-436b-a4d0-6eeb41b2f0f2,Role 1,2012-02-27 20:20:04.400284646,639,1,res_a60942a0-f9c4-436b-a4d0-6eeb41b2f0f2,2012-02-27 20:17:40.122562646,0.0
Case670,W_Nabellen offertes,res_1b3fa211-3349-4835-aae7-baccd0368824,Role 1,2012-02-27 20:40:40.462149146,640,1,res_1b3fa211-3349-4835-aae7-baccd0368824,2012-02-27 20:38:23.946265146,0.02564102564102564
Case671,W_Afhandelen leads,res_bb73aa9d-d45e-496a-a1ec-c9fe6e899287,Role 1,2012-02-27 20:30:05.764775973,640,0,res_bb73aa9d-d45e-496a-a1ec-c9fe6e899287,2012-02-27 20:27:03.284673973,0.0
Case671,W_Completeren aanvraag,res_57e6001e-3d34-44ab-b1e6-21b6b1001542,Role 1,2012-02-27 21:31:34.564368173,642,1,res_57e6001e-3d34-44ab-b1e6-21b6b1001542,2012-02-27 21:29:07.953252173,0.0
Case671,W_Nabellen offertes,res_4d502259-de4c-4574-91b7-d3c939a9cf04,Role 1,2012-03-02 19:13:31.816441373,615,1,res_4d502259-de4c-4574-91b7-d3c939a9cf04,2012-03-02 19:10:28.567356373,0.0
Case672,W_Completeren aanvraag,res_f8049b85-d52c-466e-8778-58e1f3f71604,Role 1,2012-02-27 20:31:36.064350202,641,1,res_f8049b85-d52c-466e-8778-58e1f3f71604,2012-02-27 20:29:13.245161202,0.02564102564102564
Case673,W_Afhandelen leads,res_1b9a0c06-ad62-425d-8a95-45a175c5555c,Role 1,2012-02-27 20:52:04.713237014,640,0,res_1b9a0c06-ad62-425d-8a95-45a175c5555c,2012-02-27 20:49:03.038459014,0.0
Case673,W_Completeren aanvraag,res_13020984-8d57-4f3c-8ba3-5a323081e70b,Role 1,2012-02-27 21:55:45.065324714,643,1,res_13020984-8d57-4f3c-8ba3-5a323081e70b,2012-02-27 21:53:19.216769714,0.0
Case674,W_Afhandelen leads,res_59c642c1-18f5-484a-aed6-a023ede79a28,Role 1,2012-02-27 21:05:17.963339314,641,0,res_59c642c1-18f5-484a-aed6-a023ede79a28,2012-02-27 21:02:16.905621314,0.0
Case674,W_Completeren aanvraag,res_570add54-a9ce-40af-8ebf-c88ddafd5fef,Role 1,2012-02-27 22:10:29.656131014,643,1,res_570add54-a9ce-40af-8ebf-c88ddafd5fef,2012-02-27 22:08:04.288404014,0.0
Case674,W_Completeren aanvraag,res_d856942c-e08c-4dce-8114-31eacb6f69b7,Role 1,2012-02-28 04:39:27.449422314,640,1,res_d856942c-e08c-4dce-8114-31eacb6f69b7,2012-02-28 04:36:53.116698314,0.0
Case674,W_Completeren aanvraag,res_219a258e-f803-4016-b457-8c77c3b88a65,Role 1,2012-02-28 07:35:33.636909814,636,1,res_219a258e-f803-4016-b457-8c77c3b88a65,2012-02-28 07:33:15.343035814,0.0
Case675,W_Afhandelen leads,res_843e228f-f915-4f9a-b2c1-ff974c62e207,Role 1,2012-02-27 21:14:03.386543055,642,0,res_843e228f-f915-4f9a-b2c1-ff974c62e207,2012-02-27 21:11:02.792244055,0.0
Case675,W_Completeren aanvraag,res_bb73aa9d-d45e-496a-a1ec-c9fe6e899287,Role 1,2012-02-27 22:20:26.930422155,643,1,res_bb73aa9d-d45e-496a-a1ec-c9fe6e899287,2012-02-27 22:18:01.885692155,0.0
Case675,W_Completeren aanvraag,res_d5f36d0a-a64a-45e5-8850-daee823f6c96,Role 1,2012-02-28 04:45:57.115291554,640,1,res_d5f36d0a-a64a-45e5-8850-daee823f6c96,2012-02-28 04:43:22.319544554,0.0
Case675,W_Nabellen offertes,res_59c642c1-18f5-484a-aed6-a023ede79a28,Role 1,2012-02-28 15:24:11.585747855,639,2,res_59c642c1-18f5-484a-aed6-a023ede79a28,2012-02-28 15:22:17.537695855,0.02564102564102564
Case676,W_Afhandelen leads,res_a400b893-c7da-495f-bf62-a744eeccb8c5,Role 1,2012-02-27 21:30:52.924238404,643,0,res_a400b893-c7da-495f-bf62-a744eeccb8c5,2012-02-27 21:27:53.260218404,0.0
Case676,W_Completeren aanvraag,res_5724148e-e102-4421-a053-83c428a11f68,Role 1,2012-02-27 22:38:55.673443904,643,1,res_5724148e-e102-4421-a053-83c428a11f68,2012-02-27 22:36:31.870716904,0.02564102564102564
Case676,W_Nabellen offertes,res_bb73aa9d-d45e-496a-a1ec-c9fe6e899287,Role 1,2012-03-03 09:45:05.032651904,631,1,res_bb73aa9d-d45e-496a-a1ec-c9fe6e899287,2012-03-03 09:43:03.688494904,0.0
Case676,W_Nabellen offertes,res_5a3eddbb-0eb4-49ac-9904-07583235092c,Role 1,2012-03-06 23:24:05.496250604,633,1,res_5a3eddbb-0eb4-49ac-9904-07583235092c,2012-03-06 23:16:49.206313604,0.0
Case677,W_Completeren aanvraag,res_f8049b85-d52c-466e-8778-58e1f3f71604,Role 1,2012-02-27 21:32:26.696476545,644,1,res_f8049b85-d52c-466e-8778-58e1f3f71604,2012-02-27 21:30:06.243042545,0.02564102564102564
Case677,W_Nabellen offertes,res_b70af2ff-820e-4016-a03c-831214a09681,Role 1,2012-02-27 21:56:20.798595845,643,1,res_b70af2ff-820e-4016-a03c-831214a09681,2012-02-27 21:54:05.689086845,0.02564102564102564
Case677,W_Nabellen offertes,res_a60942a0-f9c4-436b-a4d0-6eeb41b2f0f2,Role 1,2012-03-06 11:39:33.902606845,631,1,res_a60942a0-f9c4-436b-a4d0-6eeb41b2f0f2,2012-03-06 11:37:51.260565845,0.02564102564102564
Case677,W_Nabellen offertes,res_6488ab10-d3ee-4b87-935d-302131660e4e,Role 1,2012-03-08 09:32:04.568928445,633,2,res_6488ab10-d3ee-4b87-935d-302131660e4e,2012-03-08 09:29:42.824372445,0.05128205128205128
Case677,W_Nabellen offertes,res_3efedec2-7c7d-4360-b422-dcf1d20a8bfd,Role 1,2012-03-09 22:09:58.751281645,627,1,res_3efedec2-7c7d-4360-b422-dcf1d20a8bfd,2012-03-09 22:08:22.556975645,0.0
Case678,W_Afhandelen leads,res_3efedec2-7c7d-4360-b422-dcf1d20a8bfd,Role 1,2012-02-27 21:53:43.698239591,643,0,res_3efedec2-7c7d-4360-b422-dcf1d20a8bfd,2012-02-27 21:50:45.401176591,0.0
Case678,W_Completeren aanvraag,res_4ea7e99f-9f77-43d0-af71-4b2253ae6764,Role 1,2012-02-27 23:06:21.814648591,643,1,res_4ea7e99f-9f77-43d0-af71-4b2253ae6764,2012-02-27 23:03:58.044991591,0.0
Case678,W_Completeren aanvraag,res_4ea7e99f-9f77-43d0-af71-4b2253ae6764,Role 1,2012-02-28 06:25:01.264685991,638,1,res_4ea7e99f-9f77-43d0-af71-4b2253ae6764,2012-02-28 06:22:22.204853991,0.0
Case678,W_Completeren aanvraag,res_4bfd217b-a1fe-4479-a77c-aded82769086,Role 1,2012-02-28 09:13:40.199362791,634,1,res_4bfd217b-a1fe-4479-a77c-aded82769086,2012-02-28 09:11:25.823146791,0.0
Case678,W_Nabellen offertes,res_bb73aa9d-d45e-496a-a1ec-c9fe6e899287,Role 1,2012-02-28 12:37:29.300687791,637,2,res_bb73aa9d-d45e-496a-a1ec-c9fe6e899287,2012-02-28 12:35:32.852596791,0.02564102564102564
Case678,W_Nabellen offertes,res_1b9a0c06-ad62-425d-8a95-45a175c5555c,Role 1,2012-03-02 08:34:08.887689591,622,1,res_1b9a0c06-ad62-425d-8a95-45a175c5555c,2012-03-02 08:31:39.559947591,0.0
Case679,W_Afhandelen leads,res_4c3013be-6589-47a8-a7c4-f99f2e4b9a48,Role 1,2012-02-27 22:11:54.549270572,643,0,res_4c3013be-6589-47a8-a7c4-f99f2e4b9a48,2012-02-27 22:08:57.472247572,0.0
Case679,W_Completeren aanvraag,res_b42bc940-a579-4310-8bba-a668ba469508,Role 1,2012-02-27 23:32:08.667747172,643,1,res_b42bc940-a579-4310-8bba-a668ba469508,2012-02-27 23:29:45.343141172,0.0
Case679,W_Nabellen offertes,res_bae84d23-abe1-4580-a954-c8576ba025c9,Role 1,2012-03-03 10:16:38.764848672,631,1,res_bae84d23-abe1-4580-a954-c8576ba025c9,2012-03-03 10:14:39.796080672,0.0
Case679,W_Nabellen offertes,res_408efd66-8ed2-49bc-94a8-733c7b98a934,Role 1,2012-03-06 23:08:12.084219972,633,1,res_408efd66-8ed2-49bc-94a8-733c7b98a934,2012-03-06 23:02:34.171946972,0.0
Case679,W_Nabellen offertes,res_4c3013be-6589-47a8-a7c4-f99f2e4b9a48,Role 1,2012-03-08 10:46:54.109333872,630,1,res_4c3013be-6589-47a8-a7c4-f99f2e4b9a48,2012-03-08 10:45:08.708446872,0.0
Case68,W_Completeren aanvraag,res_709ed04f-5b76-49c4-aeeb-ad921b6f6ca1,Role 1,2012-02-15 08:19:01.217134535,545,1,res_709ed04f-5b76-49c4-aeeb-ad921b6f6ca1,2012-02-15 08:16:06.572765535,0.0
Case680,W_Afhandelen leads,res_8a4ef218-abd5-42fa-9b05-623b7ba3c08b,Role 1,2012-02-27 22:32:49.314093455,643,0,res_8a4ef218-abd5-42fa-9b05-623b7ba3c08b,2012-02-27 22:29:53.756957455,0.0
Case680,W_Completeren aanvraag,res_8a4ef218-abd5-42fa-9b05-623b7ba3c08b,Role 1,2012-02-27 23:58:49.798675354,642,1,res_8a4ef218-abd5-42fa-9b05-623b7ba3c08b,2012-02-27 23:56:26.766873355,0.0
Case680,W_Completeren aanvraag,res_7b435aaa-ab1b-4205-92d4-81495e1b2d15,Role 1,2012-02-28 06:10:50.223810755,640,1,res_7b435aaa-ab1b-4205-92d4-81495e1b2d15,2012-02-28 06:08:12.993953755,0.02564102564102564
Case681,W_Afhandelen leads,res_4ea7e99f-9f77-43d0-af71-4b2253ae6764,Role 1,2012-02-28 10:38:45.125245449,633,0,res_4ea7e99f-9f77-43d0-af71-4b2253ae6764,2012-02-28 10:35:46.639309449,0.0
Case681,W_Completeren aanvraag,res_0ba00481-2705-40d0-b647-5ea4bd04a214,Role 1,2012-02-28 12:32:08.619397749,640,1,res_0ba00481-2705-40d0-b647-5ea4bd04a214,2012-02-28 12:29:42.521279749,0.0
Case681,W_Completeren aanvraag,res_709ed04f-5b76-49c4-aeeb-ad921b6f6ca1,Role 1,2012-02-28 15:58:30.260668049,633,1,res_709ed04f-5b76-49c4-aeeb-ad921b6f6ca1,2012-02-28 15:56:12.359184049,0.0
Case681,W_Completeren aanvraag,res_4d502259-de4c-4574-91b7-d3c939a9cf04,Role 1,2012-02-28 17:25:49.474040449,633,1,res_4d502259-de4c-4574-91b7-d3c939a9cf04,2012-02-28 17:23:47.491109449,0.0
Case682,W_Afhandelen leads,res_08871a3e-f393-4f22-a0a4-e36c9d59a78e,Role 1,2012-02-28 10:50:04.842950718,634,0,res_08871a3e-f393-4f22-a0a4-e36c9d59a78e,2012-02-28 10:47:06.665114718,0.0
Case682,W_Completeren aanvraag,res_4d502259-de4c-4574-91b7-d3c939a9cf04,Role 1,2012-02-28 12:39:08.726228918,640,1,res_4d502259-de4c-4574-91b7-d3c939a9cf04,2012-02-28 12:36:42.321270918,0.0
Case683,W_Afhandelen leads,res_4ea7e99f-9f77-43d0-af71-4b2253ae6764,Role 1,2012-02-28 10:56:16.379822932,635,0,res_4ea7e99f-9f77-43d0-af71-4b2253ae6764,2012-02-28 10:53:18.412554932,0.0
Case683,W_Completeren aanvraag,res_b42bc940-a579-4310-8bba-a668ba469508,Role 1,2012-02-28 12:42:49.899906232,638,1,res_b42bc940-a579-4310-8bba-a668ba469508,2012-02-28 12:40:23.346706232,0.0
Case684,W_Completeren aanvraag,res_08871a3e-f393-4f22-a0a4-e36c9d59a78e,Role 1,2012-02-28 11:02:16.759388070,636,1,res_08871a3e-f393-4f22-a0a4-e36c9d59a78e,2012-02-28 10:59:44.264234070,0.0
Case685,W_Completeren aanvraag,res_4ea7e99f-9f77-43d0-af71-4b2253ae6764,Role 1,2012-02-28 11:08:15.885418635,636,1,res_4ea7e99f-9f77-43d0-af71-4b2253ae6764,2012-02-28 11:05:43.922326635,0.0
Case685,W_Nabellen offertes,res_40e4f4c6-1170-4ce1-ba24-0dfa2dd61b15,Role 1,2012-02-28 11:54:15.619735435,640,1,res_40e4f4c6-1170-4ce1-ba24-0dfa2dd61b15,2012-02-28 11:51:55.010540435,0.0
Case685,W_Nabellen offertes,res_4ea7e99f-9f77-43d0-af71-4b2253ae6764,Role 1,2012-03-06 21:11:12.593932435,633,1,res_4ea7e99f-9f77-43d0-af71-4b2253ae6764,2012-03-06 21:07:54.625414435,0.0
Case685,W_Nabellen offertes,res_408efd66-8ed2-49bc-94a8-733c7b98a934,Role 1,2012-03-08 11:27:17.190632235,632,1,res_408efd66-8ed2-49bc-94a8-733c7b98a934,2012-03-08 11:25:34.676708235,0.02564102564102564
Case686,W_Completeren aanvraag,res_6488ab10-d3ee-4b87-935d-302131660e4e,Role 1,2012-02-28 11:15:12.318610533,637,1,res_6488ab10-d3ee-4b87-935d-302131660e4e,2012-02-28 11:12:41.004820533,0.0
Case686,W_Nabellen offertes,res_08871a3e-f393-4f22-a0a4-e36c9d59a78e,Role 1,2012-02-28 12:00:39.135000733,641,1,res_08871a3e-f393-4f22-a0a4-e36c9d59a78e,2012-02-28 11:58:18.479475733,0.02564102564102564
Case686,W_Nabellen offertes,res_5724148e-e102-4421-a053-83c428a11f68,Role 1,2012-03-06 21:52:45.568994233,633,3,res_5724148e-e102-4421-a053-83c428a11f68,2012-03-06 21:49:03.093181233,0.05128205128205128
Case686,W_Nabellen offertes,res_709ed04f-5b76-49c4-aeeb-ad921b6f6ca1,Role 1,2012-03-08 11:56:24.534407633,631,1,res_709ed04f-5b76-49c4-aeeb-ad921b6f6ca1,2012-03-08 11:54:43.311355633,0.0
Case686,W_Nabellen offertes,res_709ed04f-5b76-49c4-aeeb-ad921b6f6ca1,Role 1,2012-03-10 01:33:03.769758433,626,1,res_709ed04f-5b76-49c4-aeeb-ad921b6f6ca1,2012-03-10 01:27:49.871462433,0.0
Case687,W_Afhandelen leads,res_408efd66-8ed2-49bc-94a8-733c7b98a934,Role 1,2012-02-28 11:24:20.829835363,638,0,res_408efd66-8ed2-49bc-94a8-733c7b98a934,2012-02-28 11:21:23.869106363,0.0
Case687,W_Completeren aanvraag,res_5724148e-e102-4421-a053-83c428a11f68,Role 1,2012-02-28 12:58:26.198941463,636,1,res_5724148e-e102-4421-a053-83c428a11f68,2012-02-28 12:55:58.941180463,0.0
Case688,W_Completeren aanvraag,res_4c3013be-6589-47a8-a7c4-f99f2e4b9a48,Role 1,2012-02-28 11:37:45.274062884,639,1,res_4c3013be-6589-47a8-a7c4-f99f2e4b9a48,2012-02-28 11:35:16.019202885,0.0
Case688,W_Nabellen offertes,res_1b9a0c06-ad62-425d-8a95-45a175c5555c,Role 1,2012-02-28 12:20:55.529455185,640,1,res_1b9a0c06-ad62-425d-8a95-45a175c5555c,2012-02-28 12:18:34.327508185,0.0
Case689,W_Afhandelen leads,res_4bfd217b-a1fe-4479-a77c-aded82769086,Role 1,2012-02-28 11:39:05.201538306,640,0,res_4bfd217b-a1fe-4479-a77c-aded82769086,2012-02-28 11:36:10.421267306,0.02564102564102564
Case689,W_Completeren aanvraag,res_a60942a0-f9c4-436b-a4d0-6eeb41b2f0f2,Role 1,2012-02-28 13:06:28.469684606,635,1,res_a60942a0-f9c4-436b-a4d0-6eeb41b2f0f2,2012-02-28 13:04:01.281541606,0.0
Case689,W_Nabellen offertes,res_bb73aa9d-d45e-496a-a1ec-c9fe6e899287,Role 1,2012-02-29 17:50:10.077354006,626,1,res_bb73aa9d-d45e-496a-a1ec-c9fe6e899287,2012-02-29 17:48:03.854585006,0.0
Case689,W_Nabellen offertes,res_843e228f-f915-4f9a-b2c1-ff974c62e207,Role 1,2012-03-07 00:47:04.848404306,632,1,res_843e228f-f915-4f9a-b2c1-ff974c62e207,2012-03-07 00:40:13.050441306,0.0
Case69,W_Completeren aanvraag,res_8a4ef218-abd5-42fa-9b05-623b7ba3c08b,Role 1,2012-02-15 08:27:33.973016627,545,1,res_8a4ef218-abd5-42fa-9b05-623b7ba3c08b,2012-02-15 08:24:40.370040627,0.02564102564102564
Case69,W_Nabellen offertes,res_a60942a0-f9c4-436b-a4d0-6eeb41b2f0f2,Role 1,2012-02-15 09:27:03.017496427,551,1,res_a60942a0-f9c4-436b-a4d0-6eeb41b2f0f2,2012-02-15 09:24:38.543042427,0.05128205128205128
Case69,W_Nabellen offertes,res_709ed04f-5b76-49c4-aeeb-ad921b6f6ca1,Role 1,2012-02-22 11:11:58.561611227,633,1,res_709ed04f-5b76-49c4-aeeb-ad921b6f6ca1,2012-02-22 11:10:17.756266227,0.0
Case69,W_Nabellen offertes,res_b42bc940-a579-4310-8bba-a668ba469508,Role 1,2012-02-24 02:35:14.177368727,633,1,res_b42bc940-a579-4310-8bba-a668ba469508,2012-02-24 02:24:12.090317727,0.0
Case690,W_Completeren aanvraag,res_4ea7e99f-9f77-43d0-af71-4b2253ae6764,Role 1,2012-02-28 11:56:11.870603064,641,1,res_4ea7e99f-9f77-43d0-af71-4b2253ae6764,2012-02-28 11:53:44.209404064,0.0
Case691,W_Completeren aanvraag,res_57e6001e-3d34-44ab-b1e6-21b6b1001542,Role 1,2012-02-28 12:17:33.439054158,641,1,res_57e6001e-3d34-44ab-b1e6-21b6b1001542,2012-02-28 12:15:07.695146158,0.02564102564102564
Case691,W_Nabellen offertes,res_13020984-8d57-4f3c-8ba3-5a323081e70b,Role 1,2012-02-28 12:56:49.085255758,635,1,res_13020984-8d57-4f3c-8ba3-5a323081e70b,2012-02-28 12:54:27.837598758,0.0
Case691,W_Nabellen offertes,res_4ea7e99f-9f77-43d0-af71-4b2253ae6764,Role 1,2012-03-07 06:01:29.348578958,642,2,res_4ea7e99f-9f77-43d0-af71-4b2253ae6764,2012-03-07 05:59:24.408662958,0.07692307692307693
Case691,W_Nabellen offertes,res_59c642c1-18f5-484a-aed6-a023ede79a28,Role 1,2012-03-08 19:33:49.768052558,633,1,res_59c642c1-18f5-484a-aed6-a023ede79a28,2012-03-08 19:32:13.724392558,0.0
Case692,W_Completeren aanvraag,res_408efd66-8ed2-49bc-94a8-733c7b98a934,Role 1,2012-02-28 12:38:25.473669128,638,1,res_408efd66-8ed2-49bc-94a8-733c7b98a934,2012-02-28 12:36:00.957519128,0.02564102564102564
Case693,W_Completeren aanvraag,res_9a47d014-a019-4396-9e72-1d1379a66c99,Role 1,2012-02-28 12:38:41.283253877,639,2,res_9a47d014-a019-4396-9e72-1d1379a66c99,2012-02-28 12:36:21.106431877,0.05128205128205128
Case694,W_Afhandelen leads,res_a60942a0-f9c4-436b-a4d0-6eeb41b2f0f2,Role 1,2012-02-28 13:05:43.206757838,636,0,res_a60942a0-f9c4-436b-a4d0-6eeb41b2f0f2,2012-02-28 13:02:47.833310838,0.0
Case694,W_Completeren aanvraag,res_709ed04f-5b76-49c4-aeeb-ad921b6f6ca1,Role 1,2012-02-28 14:08:29.649925638,635,1,res_709ed04f-5b76-49c4-aeeb-ad921b6f6ca1,2012-02-28 14:06:00.000705638,0.0
Case695,W_Afhandelen leads,res_b42bc940-a579-4310-8bba-a668ba469508,Role 1,2012-02-28 13:22:45.012067198,637,0,res_b42bc940-a579-4310-8bba-a668ba469508,2012-02-28 13:19:49.383187198,0.0
Case695,W_Completeren aanvraag,res_1b9a0c06-ad62-425d-8a95-45a175c5555c,Role 1,2012-02-28 14:23:38.466144598,634,1,res_1b9a0c06-ad62-425d-8a95-45a175c5555c,2012-02-28 14:21:08.465816598,0.0
Case695,W_Nabellen offertes,res_b70af2ff-820e-4016-a03c-831214a09681,Role 1,2012-02-29 15:31:55.174788498,624,1,res_b70af2ff-820e-4016-a03c-831214a09681,2012-02-29 15:29:42.726767498,0.02564102564102564
Case696,W_Afhandelen leads,res_b70af2ff-820e-4016-a03c-831214a09681,Role 1,2012-02-28 13:39:40.951045734,638,0,res_b70af2ff-820e-4016-a03c-831214a09681,2012-02-28 13:36:44.888389734,0.0
Case696,W_Completeren aanvraag,res_d856942c-e08c-4dce-8114-31eacb6f69b7,Role 1,2012-02-28 14:38:40.624638534,633,1,res_d856942c-e08c-4dce-8114-31eacb6f69b7,2012-02-28 14:36:10.292735534,0.0
Case697,W_Afhandelen leads,res_4d502259-de4c-4574-91b7-d3c939a9cf04,Role 1,2012-02-28 13:41:19.229448939,639,1,res_4d502259-de4c-4574-91b7-d3c939a9cf04,2012-02-28 13:38:32.685072939,0.02564102564102564
Case697,W_Completeren aanvraag,res_3efedec2-7c7d-4360-b422-dcf1d20a8bfd,Role 1,2012-02-28 14:40:37.165194039,633,2,res_3efedec2-7c7d-4360-b422-dcf1d20a8bfd,2012-02-28 14:38:11.267475039,0.02564102564102564
Case697,W_Nabellen offertes,res_7b435aaa-ab1b-4205-92d4-81495e1b2d15,Role 1,2012-02-29 14:58:17.525486739,624,1,res_7b435aaa-ab1b-4205-92d4-81495e1b2d15,2012-02-29 14:56:03.621935739,0.0
Case697,W_Nabellen offertes,res_f8049b85-d52c-466e-8778-58e1f3f71604,Role 1,2012-03-06 17:39:07.652363439,636,1,res_f8049b85-d52c-466e-8778-58e1f3f71604,2012-03-06 17:37:02.240570439,0.0
Case698,W_Completeren aanvraag,res_13020984-8d57-4f3c-8ba3-5a323081e70b,Role 1,2012-02-28 14:04:55.960929023,636,2,res_13020984-8d57-4f3c-8ba3-5a323081e70b,2012-02-28 14:02:37.362117023,0.02564102564102564
Case698,W_Nabellen offertes,res_6488ab10-d3ee-4b87-935d-302131660e4e,Role 1,2012-02-28 14:33:04.295004423,634,1,res_6488ab10-d3ee-4b87-935d-302131660e4e,2012-02-28 14:30:43.528119423,0.0
Case699,W_Afhandelen leads,res_1b9a0c06-ad62-425d-8a95-45a175c5555c,Role 1,2012-02-28 14:40:02.705164679,633,0,res_1b9a0c06-ad62-425d-8a95-45a175c5555c,2012-02-28 14:37:05.648010679,0.02564102564102564
Case699,W_Completeren aanvraag,res_59c642c1-18f5-484a-aed6-a023ede79a28,Role 1,2012-02-28 15:36:23.241952979,633,2,res_59c642c1-18f5-484a-aed6-a023ede79a28,2012-02-28 15:33:54.914983979,0.02564102564102564
Case699,W_Completeren aanvraag,res_0ba00481-2705-40d0-b647-5ea4bd04a214,Role 1,2012-02-28 17:12:30.416168579,632,1,res_0ba00481-2705-40d0-b647-5ea4bd04a214,2012-02-28 17:10:14.840514579,0.0
Case7,W_Afhandelen leads,res_3efedec2-7c7d-4360-b422-dcf1d20a8bfd,Role 1,2012-02-13 20:02:55.811350909,524,0,res_3efedec2-7c7d-4360-b422-dcf1d20a8bfd,2012-02-13 19:59:47.513914909,0.0
Case7,W_Completeren aanvraag,res_3efedec2-7c7d-4360-b422-dcf1d20a8bfd,Role 1,2012-02-13 21:01:55.938951309,524,1,res_3efedec2-7c7d-4360-b422-dcf1d20a8bfd,2012-02-13 20:59:26.375477309,0.0
Case70,W_Completeren aanvraag,res_bae84d23-abe1-4580-a954-c8576ba025c9,Role 1,2012-02-15 08:32:10.427567285,546,1,res_bae84d23-abe1-4580-a954-c8576ba025c9,2012-02-15 08:29:16.410145285,0.0
Case700,W_Completeren aanvraag,res_9a47d014-a019-4396-9e72-1d1379a66c99,Role 1,2012-02-28 14:59:16.487617216,634,1,res_9a47d014-a019-4396-9e72-1d1379a66c99,2012-02-28 14:56:53.426417216,0.0
Case701,W_Afhandelen leads,res_230c0182-4111-4506-bfd5-9b0719b08311,Role 1,2012-02-28 15:41:02.901406296,634,0,res_230c0182-4111-4506-bfd5-9b0719b08311,2012-02-28 15:38:00.660783296,0.0
Case701,W_Completeren aanvraag,res_57e6001e-3d34-44ab-b1e6-21b6b1001542,Role 1,2012-02-28 16:35:53.455602696,635,1,res_57e6001e-3d34-44ab-b1e6-21b6b1001542,2012-02-28 16:33:20.964547696,0.0
Case701,W_Completeren aanvraag,res_1b3fa211-3349-4835-aae7-baccd0368824,Role 1,2012-02-28 17:56:16.797672696,632,1,res_1b3fa211-3349-4835-aae7-baccd0368824,2012-02-28 17:54:00.589438696,0.0
Case702,W_Afhandelen leads,res_9a47d014-a019-4396-9e72-1d1379a66c99,Role 1,2012-02-28 16:11:02.552710120,635,0,res_9a47d014-a019-4396-9e72-1d1379a66c99,2012-02-28 16:07:58.951246120,0.0
Case702,W_Completeren aanvraag,res_408efd66-8ed2-49bc-94a8-733c7b98a934,Role 1,2012-02-28 17:05:22.806894920,633,2,res_408efd66-8ed2-49bc-94a8-733c7b98a934,2012-02-28 17:02:53.959654920,0.05128205128205128
Case702,W_Completeren aanvraag,res_570add54-a9ce-40af-8ebf-c88ddafd5fef,Role 1,2012-02-28 18:28:49.019853020,631,1,res_570add54-a9ce-40af-8ebf-c88ddafd5fef,2012-02-28 18:26:34.379360020,0.0
Case703,W_Completeren aanvraag,res_4ea7e99f-9f77-43d0-af71-4b2253ae6764,Role 1,2012-02-28 16:39:21.534719697,635,1,res_4ea7e99f-9f77-43d0-af71-4b2253ae6764,2012-02-28 16:36:56.794970697,0.0
Case704,W_Completeren aanvraag,res_57e6001e-3d34-44ab-b1e6-21b6b1001542,Role 1,2012-02-28 16:40:42.514762879,636,2,res_57e6001e-3d34-44ab-b1e6-21b6b1001542,2012-02-28 16:38:22.427849879,0.02564102564102564
Case705,W_Afhandelen leads,res_570add54-a9ce-40af-8ebf-c88ddafd5fef,Role 1,2012-02-28 17:00:31.583842643,633,0,res_570add54-a9ce-40af-8ebf-c88ddafd5fef,2012-02-28 16:57:27.893539643,0.02564102564102564
Case705,W_Completeren aanvraag,res_9a47d014-a019-4396-9e72-1d1379a66c99,Role 1,2012-02-28 17:54:50.699146843,631,1,res_9a47d014-a019-4396-9e72-1d1379a66c99,2012-02-28 17:52:18.842361843,0.02564102564102564
Case705,W_Completeren aanvraag,res_f8049b85-d52c-466e-8778-58e1f3f71604,Role 1,2012-02-28 19:18:11.420370743,630,1,res_f8049b85-d52c-466e-8778-58e1f3f71604,2012-02-28 19:15:56.192558743,0.0
Case705,W_Nabellen offertes,res_7b435aaa-ab1b-4205-92d4-81495e1b2d15,Role 1,2012-02-29 11:05:47.795084443,612,1,res_7b435aaa-ab1b-4205-92d4-81495e1b2d15,2012-02-29 11:03:10.235848443,0.0
Case705,W_Nabellen offertes,res_0fc057cb-3a7d-47d3-8cd2-6d92b33620c4,Role 1,2012-03-03 18:18:00.314086643,619,1,res_0fc057cb-3a7d-47d3-8cd2-6d92b33620c4,2012-03-03 18:16:03.838662643,0.02564102564102564
Case705,W_Nabellen offertes,res_4ea7e99f-9f77-43d0-af71-4b2253ae6764,Role 1,2012-03-06 01:09:53.504798443,609,1,res_4ea7e99f-9f77-43d0-af71-4b2253ae6764,2012-03-06 01:07:36.060960443,0.0
Case706,W_Afhandelen leads,res_230c0182-4111-4506-bfd5-9b0719b08311,Role 1,2012-02-28 17:41:34.660583262,631,0,res_230c0182-4111-4506-bfd5-9b0719b08311,2012-02-28 17:38:28.075786262,0.0
Case706,W_Completeren aanvraag,res_b42bc940-a579-4310-8bba-a668ba469508,Role 1,2012-02-28 18:36:31.158008962,630,2,res_b42bc940-a579-4310-8bba-a668ba469508,2012-02-28 18:34:01.262983962,0.02564102564102564
Case706,W_Completeren aanvraag,res_9a47d014-a019-4396-9e72-1d1379a66c99,Role 1,2012-02-28 20:05:55.752164462,630,1,res_9a47d014-a019-4396-9e72-1d1379a66c99,2012-02-28 20:03:41.772106462,0.0
Case706,W_Completeren aanvraag,res_6488ab10-d3ee-4b87-935d-302131660e4e,Role 1,2012-02-28 21:15:16.073496262,632,1,res_6488ab10-d3ee-4b87-935d-302131660e4e,2012-02-28 21:13:19.405105262,0.0
Case706,W_Nabellen offertes,res_bb73aa9d-d45e-496a-a1ec-c9fe6e899287,Role 1,2012-02-29 08:19:46.416946062,615,1,res_bb73aa9d-d45e-496a-a1ec-c9fe6e899287,2012-02-29 08:16:02.384198062,0.0
Case706,W_Nabellen offertes,res_230c0182-4111-4506-bfd5-9b0719b08311,Role 1,2012-03-01 18:39:57.876703562,631,1,res_230c0182-4111-4506-bfd5-9b0719b08311,2012-03-01 18:38:11.639616562,0.0
Case707,W_Afhandelen leads,res_8a4ef218-abd5-42fa-9b05-623b7ba3c08b,Role 1,2012-02-28 17:41:34.849861361,632,1,res_8a4ef218-abd5-42fa-9b05-623b7ba3c08b,2012-02-28 17:38:36.135351361,0.02564102564102564
Case707,W_Completeren aanvraag,res_a400b893-c7da-495f-bf62-a744eeccb8c5,Role 1,2012-02-28 18:36:23.113812961,630,1,res_a400b893-c7da-495f-bf62-a744eeccb8c5,2012-02-28 18:33:52.119761961,0.0
Case708,W_Completeren aanvraag,res_7b435aaa-ab1b-4205-92d4-81495e1b2d15,Role 1,2012-02-28 18:07:10.097221487,631,1,res_7b435aaa-ab1b-4205-92d4-81495e1b2d15,2012-02-28 18:04:45.735654487,0.02564102564102564
Case708,W_Completeren aanvraag,res_5724148e-e102-4421-a053-83c428a11f68,Role 1,2012-02-28 19:02:39.419295887,630,1,res_5724148e-e102-4421-a053-83c428a11f68,2012-02-28 19:00:12.853219887,0.0
Case708,W_Completeren aanvraag,res_7b435aaa-ab1b-4205-92d4-81495e1b2d15,Role 1,2012-02-28 20:41:16.364158687,630,1,res_7b435aaa-ab1b-4205-92d4-81495e1b2d15,2012-02-28 20:39:02.703030687,0.0
Case708,W_Completeren aanvraag,res_bae84d23-abe1-4580-a954-c8576ba025c9,Role 1,2012-02-28 22:38:51.326361587,630,2,res_bae84d23-abe1-4580-a954-c8576ba025c9,2012-02-28 22:36:56.398808587,0.05128205128205128
Case708,W_Nabellen offertes,res_1d01c37d-a137-4a7e-8f12-e8c97f0c7f2b,Role 1,2012-02-29 13:57:11.780821987,622,1,res_1d01c37d-a137-4a7e-8f12-e8c97f0c7f2b,2012-02-29 13:55:16.179684987,0.02564102564102564
Case708,W_Nabellen offertes,res_4bfd217b-a1fe-4479-a77c-aded82769086,Role 1,2012-03-01 17:36:38.441579487,629,1,res_4bfd217b-a1fe-4479-a77c-aded82769086,2012-03-01 17:34:44.827520487,0.02564102564102564
Case709,W_Afhandelen leads,res_b42bc940-a579-4310-8bba-a668ba469508,Role 1,2012-02-28 18:40:11.205468914,630,0,res_b42bc940-a579-4310-8bba-a668ba469508,2012-02-28 18:37:04.061060914,0.0
Case709,W_Completeren aanvraag,res_9a47d014-a019-4396-9e72-1d1379a66c99,Role 1,2012-02-28 19:37:00.724969114,630,1,res_9a47d014-a019-4396-9e72-1d1379a66c99,2012-02-28 19:34:28.482340114,0.0
Case71,W_Afhandelen leads,res_b42bc940-a579-4310-8bba-a668ba469508,Role 1,2012-02-15 08:37:55.610989627,546,0,res_b42bc940-a579-4310-8bba-a668ba469508,2012-02-15 08:34:37.785303627,0.0
Case71,W_Completeren aanvraag,res_b70af2ff-820e-4016-a03c-831214a09681,Role 1,2012-02-15 10:33:16.326511527,554,1,res_b70af2ff-820e-4016-a03c-831214a09681,2012-02-15 10:30:41.953637527,0.0
Case710,W_Afhandelen leads,res_1b3fa211-3349-4835-aae7-baccd0368824,Role 1,2012-02-28 19:28:11.170121343,630,0,res_1b3fa211-3349-4835-aae7-baccd0368824,2012-02-28 19:25:04.348138343,0.0
Case710,W_Completeren aanvraag,res_f8049b85-d52c-466e-8778-58e1f3f71604,Role 1,2012-02-28 20:26:44.523304843,630,1,res_f8049b85-d52c-466e-8778-58e1f3f71604,2012-02-28 20:24:13.360507843,0.0
Case710,W_Nabellen offertes,res_5a3eddbb-0eb4-49ac-9904-07583235092c,Role 1,2012-03-02 19:11:10.614878943,620,1,res_5a3eddbb-0eb4-49ac-9904-07583235092c,2012-03-02 19:08:58.534784943,0.0
Case711,W_Afhandelen leads,res_b42bc940-a579-4310-8bba-a668ba469508,Role 1,2012-02-28 19:44:20.081953556,630,0,res_b42bc940-a579-4310-8bba-a668ba469508,2012-02-28 19:41:13.510841556,0.0
Case711,W_Completeren aanvraag,res_b70af2ff-820e-4016-a03c-831214a09681,Role 1,2012-02-28 20:43:22.994939256,630,1,res_b70af2ff-820e-4016-a03c-831214a09681,2012-02-28 20:40:52.273445256,0.0
Case711,W_Completeren aanvraag,res_570add54-a9ce-40af-8ebf-c88ddafd5fef,Role 1,2012-02-29 00:29:15.148433856,624,1,res_570add54-a9ce-40af-8ebf-c88ddafd5fef,2012-02-29 00:26:55.176178856,0.0
Case711,W_Nabellen offertes,res_7c2a7682-7073-471d-9707-2acad2b806ab,Role 1,2012-02-29 23:56:46.293090756,628,1,res_7c2a7682-7073-471d-9707-2acad2b806ab,2012-02-29 23:55:02.232253756,0.0
Case711,W_Nabellen offertes,res_4bfd217b-a1fe-4479-a77c-aded82769086,Role 1,2012-03-02 16:27:47.717769556,618,1,res_4bfd217b-a1fe-4479-a77c-aded82769086,2012-03-02 16:23:18.809267556,0.0
Case712,W_Completeren aanvraag,res_b42bc940-a579-4310-8bba-a668ba469508,Role 1,2012-02-28 20:42:08.445856296,631,1,res_b42bc940-a579-4310-8bba-a668ba469508,2012-02-28 20:39:46.473779296,0.0
Case712,W_Nabellen offertes,res_4d502259-de4c-4574-91b7-d3c939a9cf04,Role 1,2012-02-28 21:01:16.834125696,632,1,res_4d502259-de4c-4574-91b7-d3c939a9cf04,2012-02-28 20:59:03.972614696,0.0
Case713,W_Afhandelen leads,res_408efd66-8ed2-49bc-94a8-733c7b98a934,Role 1,2012-02-28 20:43:14.990642231,632,0,res_408efd66-8ed2-49bc-94a8-733c7b98a934,2012-02-28 20:40:11.659920231,0.02564102564102564
Case713,W_Completeren aanvraag,res_bae84d23-abe1-4580-a954-c8576ba025c9,Role 1,2012-02-28 21:44:11.595968831,631,1,res_bae84d23-abe1-4580-a954-c8576ba025c9,2012-02-28 21:41:42.982696831,0.0
Case714,W_Completeren aanvraag,res_8a4ef218-abd5-42fa-9b05-623b7ba3c08b,Role 1,2012-02-28 21:40:39.228675947,632,2,res_8a4ef218-abd5-42fa-9b05-623b7ba3c08b,2012-02-28 21:38:22.459053947,0.02564102564102564
Case714,W_Nabellen offertes,res_b70af2ff-820e-4016-a03c-831214a09681,Role 1,2012-02-28 22:01:19.535489347,630,1,res_b70af2ff-820e-4016-a03c-831214a09681,2012-02-28 21:59:09.743822347,0.0
Case715,W_Completeren aanvraag,res_13020984-8d57-4f3c-8ba3-5a323081e70b,Role 1,2012-02-28 21:43:29.630049761,632,1,res_13020984-8d57-4f3c-8ba3-5a323081e70b,2012-02-28 21:41:09.695029761,0.0
Case716,W_Completeren aanvraag,res_5724148e-e102-4421-a053-83c428a11f68,Role 1,2012-02-28 22:13:46.129209696,630,1,res_5724148e-e102-4421-a053-83c428a11f68,2012-02-28 22:11:27.126959696,0.0
Case716,W_Nabellen offertes,res_40e4f4c6-1170-4ce1-ba24-0dfa2dd61b15,Role 1,2012-02-28 22:36:23.003007896,629,1,res_40e4f4c6-1170-4ce1-ba24-0dfa2dd61b15,2012-02-28 22:34:10.500887896,0.0
Case717,W_Completeren aanvraag,res_40e4f4c6-1170-4ce1-ba24-0dfa2dd61b15,Role 1,2012-02-28 22:42:46.146221185,629,1,res_40e4f4c6-1170-4ce1-ba24-0dfa2dd61b15,2012-02-28 22:40:27.993021185,0.0
Case718,W_Afhandelen leads,res_b42bc940-a579-4310-8bba-a668ba469508,Role 1,2012-02-29 10:49:19.315024080,613,0,res_b42bc940-a579-4310-8bba-a668ba469508,2012-02-29 10:46:12.815808080,0.0
Case718,W_Completeren aanvraag,res_1d01c37d-a137-4a7e-8f12-e8c97f0c7f2b,Role 1,2012-02-29 12:15:54.627982480,622,1,res_1d01c37d-a137-4a7e-8f12-e8c97f0c7f2b,2012-02-29 12:13:20.202275480,0.0
Case718,W_Nabellen offertes,res_5724148e-e102-4421-a053-83c428a11f68,Role 1,2012-03-01 20:42:15.773132880,631,1,res_5724148e-e102-4421-a053-83c428a11f68,2012-03-01 20:40:22.634815880,0.0
Case719,W_Completeren aanvraag,res_5a3eddbb-0eb4-49ac-9904-07583235092c,Role 1,2012-02-29 10:57:25.508677172,614,1,res_5a3eddbb-0eb4-49ac-9904-07583235092c,2012-02-29 10:54:46.613083172,0.0
Case719,W_Completeren aanvraag,res_570add54-a9ce-40af-8ebf-c88ddafd5fef,Role 1,2012-02-29 12:22:02.129399472,623,1,res_570add54-a9ce-40af-8ebf-c88ddafd5fef,2012-02-29 12:19:28.818775472,0.0
Case719,W_Nabellen offertes,res_bae84d23-abe1-4580-a954-c8576ba025c9,Role 1,2012-03-01 21:00:26.171021371,631,1,res_bae84d23-abe1-4580-a954-c8576ba025c9,2012-03-01 20:58:35.040814372,0.02564102564102564
Case719,W_Nabellen offertes,res_bae84d23-abe1-4580-a954-c8576ba025c9,Role 1,2012-03-08 16:02:14.885428272,635,1,res_bae84d23-abe1-4580-a954-c8576ba025c9,2012-03-08 16:00:40.107641272,0.02564102564102564
Case72,W_Completeren aanvraag,res_dec66574-3de2-4d20-a02f-ab348539e500,Role 1,2012-02-15 08:46:55.176851591,547,1,res_dec66574-3de2-4d20-a02f-ab348539e500,2012-02-15 08:44:01.954860591,0.0
Case720,W_Completeren aanvraag,res_f8049b85-d52c-466e-8778-58e1f3f71604,Role 1,2012-02-29 11:02:01.000156830,615,1,res_f8049b85-d52c-466e-8778-58e1f3f71604,2012-02-29 10:59:22.653187830,0.0
Case720,W_Nabellen offertes,res_570add54-a9ce-40af-8ebf-c88ddafd5fef,Role 1,2012-02-29 11:45:16.569770230,618,1,res_570add54-a9ce-40af-8ebf-c88ddafd5fef,2012-02-29 11:42:53.542363230,0.0
Case720,W_Nabellen offertes,res_d856942c-e08c-4dce-8114-31eacb6f69b7,Role 1,2012-03-08 03:36:31.409481230,631,1,res_d856942c-e08c-4dce-8114-31eacb6f69b7,2012-03-08 03:33:59.630010230,0.0
Case720,W_Nabellen offertes,res_57e6001e-3d34-44ab-b1e6-21b6b1001542,Role 1,2012-03-09 18:13:59.305597430,627,1,res_57e6001e-3d34-44ab-b1e6-21b6b1001542,2012-03-09 18:12:20.691416430,0.0
Case720,W_Nabellen offertes,res_b70af2ff-820e-4016-a03c-831214a09681,Role 1,2012-03-11 17:28:27.059007930,627,1,res_b70af2ff-820e-4016-a03c-831214a09681,2012-03-11 17:26:54.956205930,0.0
Case720,W_Nabellen offertes,res_408efd66-8ed2-49bc-94a8-733c7b98a934,Role 1,2012-03-14 01:39:04.635259830,640,1,res_408efd66-8ed2-49bc-94a8-733c7b98a934,2012-03-14 01:37:30.195201830,0.0
Case720,W_Nabellen offertes,res_6488ab10-d3ee-4b87-935d-302131660e4e,Role 1,2012-03-15 15:48:06.443843230,615,2,res_6488ab10-d3ee-4b87-935d-302131660e4e,2012-03-15 15:37:14.712018230,0.02564102564102564
Case721,W_Completeren aanvraag,res_b42bc940-a579-4310-8bba-a668ba469508,Role 1,2012-02-29 11:07:21.748253172,616,1,res_b42bc940-a579-4310-8bba-a668ba469508,2012-02-29 11:04:44.028346172,0.0
Case722,W_Afhandelen leads,res_7c2a7682-7073-471d-9707-2acad2b806ab,Role 1,2012-02-29 11:17:12.330303135,616,0,res_7c2a7682-7073-471d-9707-2acad2b806ab,2012-02-29 11:14:08.197903136,0.0
Case722,W_Completeren aanvraag,res_7c2a7682-7073-471d-9707-2acad2b806ab,Role 1,2012-02-29 12:37:18.709658436,623,1,res_7c2a7682-7073-471d-9707-2acad2b806ab,2012-02-29 12:34:44.244518436,0.0
Case722,W_Completeren aanvraag,res_4ea7e99f-9f77-43d0-af71-4b2253ae6764,Role 1,2012-02-29 16:39:40.814634236,628,1,res_4ea7e99f-9f77-43d0-af71-4b2253ae6764,2012-02-29 16:37:21.250490236,0.0
Case722,W_Completeren aanvraag,res_7c2a7682-7073-471d-9707-2acad2b806ab,Role 1,2012-02-29 18:09:32.892760136,627,1,res_7c2a7682-7073-471d-9707-2acad2b806ab,2012-02-29 18:07:40.130554136,0.0
Case722,W_Completeren aanvraag,res_d856942c-e08c-4dce-8114-31eacb6f69b7,Role 1,2012-02-29 19:00:26.129053636,627,1,res_d856942c-e08c-4dce-8114-31eacb6f69b7,2012-02-29 18:58:41.743890636,0.02564102564102564
Case723,W_Afhandelen leads,res_5a3eddbb-0eb4-49ac-9904-07583235092c,Role 1,2012-02-29 11:24:19.929349046,617,0,res_5a3eddbb-0eb4-49ac-9904-07583235092c,2012-02-29 11:21:16.362299046,0.0
Case723,W_Completeren aanvraag,res_57e6001e-3d34-44ab-b1e6-21b6b1001542,Role 1,2012-02-29 12:42:53.069123445,624,2,res_57e6001e-3d34-44ab-b1e6-21b6b1001542,2012-02-29 12:40:21.893991445,0.02564102564102564
Case723,W_Nabellen offertes,res_4bfd217b-a1fe-4479-a77c-aded82769086,Role 1,2012-03-01 22:01:21.346864446,626,1,res_4bfd217b-a1fe-4479-a77c-aded82769086,2012-03-01 21:59:30.222324446,0.0
Case723,W_Nabellen offertes,res_1d01c37d-a137-4a7e-8f12-e8c97f0c7f2b,Role 1,2012-03-08 13:22:20.547234246,633,1,res_1d01c37d-a137-4a7e-8f12-e8c97f0c7f2b,2012-03-08 13:20:45.137255246,0.0
Case723,W_Nabellen offertes,res_d856942c-e08c-4dce-8114-31eacb6f69b7,Role 1,2012-03-10 08:05:14.453252646,621,1,res_d856942c-e08c-4dce-8114-31eacb6f69b7,2012-03-10 07:59:54.214121646,0.0
Case723,W_Nabellen offertes,res_59c642c1-18f5-484a-aed6-a023ede79a28,Role 1,2012-03-12 12:28:07.903995746,613,1,res_59c642c1-18f5-484a-aed6-a023ede79a28,2012-03-12 12:26:16.169476746,0.0
Case724,W_Completeren aanvraag,res_3efedec2-7c7d-4360-b422-dcf1d20a8bfd,Role 1,2012-02-29 11:34:02.763524970,618,1,res_3efedec2-7c7d-4360-b422-dcf1d20a8bfd,2012-02-29 11:31:27.881800970,0.0
Case724,W_Completeren aanvraag,res_5a3eddbb-0eb4-49ac-9904-07583235092c,Role 1,2012-02-29 12:50:40.320996170,624,1,res_5a3eddbb-0eb4-49ac-9904-07583235092c,2012-02-29 12:48:07.333349170,0.0
Case724,W_Completeren aanvraag,res_40e4f4c6-1170-4ce1-ba24-0dfa2dd61b15,Role 1,2012-02-29 16:46:51.309753670,627,1,res_40e4f4c6-1170-4ce1-ba24-0dfa2dd61b15,2012-02-29 16:44:36.633423670,0.0
Case724,W_Completeren aanvraag,res_709ed04f-5b76-49c4-aeeb-ad921b6f6ca1,Role 1,2012-02-29 18:16:49.367961470,628,2,res_709ed04f-5b76-49c4-aeeb-ad921b6f6ca1,2012-02-29 18:15:01.317408470,0.02564102564102564
Case724,W_Completeren aanvraag,res_bae84d23-abe1-4580-a954-c8576ba025c9,Role 1,2012-02-29 19:09:40.442087170,626,2,res_bae84d23-abe1-4580-a954-c8576ba025c9,2012-02-29 19:07:59.337949170,0.05128205128205128
Case724,W_Completeren aanvraag,res_1b9a0c06-ad62-425d-8a95-45a175c5555c,Role 1,2012-02-29 19:45:51.315877570,626,1,res_1b9a0c06-ad62-425d-8a95-45a175c5555c,2012-02-29 19:44:11.291564570,0.0
Case724,W_Nabellen offertes,res_4c3013be-6589-47a8-a7c4-f99f2e4b9a48,Role 1,2012-03-01 00:00:15.895710370,631,1,res_4c3013be-6589-47a8-a7c4-f99f2e4b9a48,2012-02-29 23:58:41.331285370,0.02564102564102564
Case725,W_Completeren aanvraag,res_dec66574-3de2-4d20-a02f-ab348539e500,Role 1,2012-02-29 11:42:01.978970027,619,1,res_dec66574-3de2-4d20-a02f-ab348539e500,2012-02-29 11:39:28.433370027,0.02564102564102564
Case725,W_Nabellen offertes,res_6488ab10-d3ee-4b87-935d-302131660e4e,Role 1,2012-02-29 12:21:54.045948127,623,1,res_6488ab10-d3ee-4b87-935d-302131660e4e,2012-02-29 12:19:32.622234127,0.0
Case726,W_Completeren aanvraag,res_408efd66-8ed2-49bc-94a8-733c7b98a934,Role 1,2012-02-29 11:49:00.968727200,620,1,res_408efd66-8ed2-49bc-94a8-733c7b98a934,2012-02-29 11:46:27.530755200,0.0
Case726,W_Completeren aanvraag,res_59c642c1-18f5-484a-aed6-a023ede79a28,Role 1,2012-02-29 13:01:22.387400400,625,1,res_59c642c1-18f5-484a-aed6-a023ede79a28,2012-02-29 12:58:49.544923400,0.0
Case726,W_Nabellen offertes,res_b70af2ff-820e-4016-a03c-831214a09681,Role 1,2012-03-01 21:38:41.058973200,628,1,res_b70af2ff-820e-4016-a03c-831214a09681,2012-03-01 21:36:50.270598200,0.02564102564102564
Case726,W_Nabellen offertes,res_d5f36d0a-a64a-45e5-8850-daee823f6c96,Role 1,2012-03-08 12:19:11.475180700,632,2,res_d5f36d0a-a64a-45e5-8850-daee823f6c96,2012-03-08 12:17:35.338650700,0.05128205128205128
Case727,W_Completeren aanvraag,res_4bfd217b-a1fe-4479-a77c-aded82769086,Role 1,2012-02-29 11:49:14.556097949,621,2,res_4bfd217b-a1fe-4479-a77c-aded82769086,2012-02-29 11:46:47.679667949,0.02564102564102564
Case727,W_Nabellen offertes,res_9a47d014-a019-4396-9e72-1d1379a66c99,Role 1,2012-02-29 12:28:29.301642949,623,1,res_9a47d014-a019-4396-9e72-1d1379a66c99,2012-02-29 12:26:10.663551949,0.0
Case727,W_Nabellen offertes,res_4c3013be-6589-47a8-a7c4-f99f2e4b9a48,Role 1,2012-03-08 09:12:46.025874249,630,1,res_4c3013be-6589-47a8-a7c4-f99f2e4b9a48,2012-03-08 09:10:57.802807249,0.02564102564102564
Case727,W_Nabellen offertes,res_4c3013be-6589-47a8-a7c4-f99f2e4b9a48,Role 1,2012-03-10 00:09:47.647589849,625,1,res_4c3013be-6589-47a8-a7c4-f99f2e4b9a48,2012-03-10 00:02:47.053664849,0.0
Case728,W_Afhandelen leads,res_b70af2ff-820e-4016-a03c-831214a09681,Role 1,2012-02-29 12:03:36.934804921,622,0,res_b70af2ff-820e-4016-a03c-831214a09681,2012-02-29 12:00:35.799981921,0.0
Case728,W_Completeren aanvraag,res_bae84d23-abe1-4580-a954-c8576ba025c9,Role 1,2012-02-29 13:15:07.312013321,625,1,res_bae84d23-abe1-4580-a954-c8576ba025c9,2012-02-29 13:12:33.774593321,0.02564102564102564
Case728,W_Completeren aanvraag,res_f8049b85-d52c-466e-8778-58e1f3f71604,Role 1,2012-02-29 16:48:30.327586221,628,2,res_f8049b85-d52c-466e-8778-58e1f3f71604,2012-02-29 16:46:15.397607221,0.02564102564102564
Case728,W_Completeren aanvraag,res_219a258e-f803-4016-b457-8c77c3b88a65,Role 1,2012-02-29 18:12:59.780326120,628,1,res_219a258e-f803-4016-b457-8c77c3b88a65,2012-02-29 18:11:09.525323121,0.0
Case728,W_Nabellen offertes,res_709ed04f-5b76-49c4-aeeb-ad921b6f6ca1,Role 1,2012-02-29 23:37:29.710792021,630,1,res_709ed04f-5b76-49c4-aeeb-ad921b6f6ca1,2012-02-29 23:35:53.283551021,0.02564102564102564
Case728,W_Nabellen offertes,res_570add54-a9ce-40af-8ebf-c88ddafd5fef,Role 1,2012-03-04 02:51:48.770444921,628,1,res_570add54-a9ce-40af-8ebf-c88ddafd5fef,2012-03-04 02:50:16.166992921,0.0
Case729,W_Completeren aanvraag,res_f8049b85-d52c-466e-8778-58e1f3f71604,Role 1,2012-02-29 12:10:19.055154206,623,2,res_f8049b85-d52c-466e-8778-58e1f3f71604,2012-02-29 12:07:54.038834206,0.05128205128205128
Case729,W_Completeren aanvraag,res_1b3fa211-3349-4835-aae7-baccd0368824,Role 1,2012-02-29 13:20:45.992444306,623,1,res_1b3fa211-3349-4835-aae7-baccd0368824,2012-02-29 13:18:15.862384306,0.0
Case73,W_Completeren aanvraag,res_a400b893-c7da-495f-bf62-a744eeccb8c5,Role 1,2012-02-15 08:54:02.931834501,547,1,res_a400b893-c7da-495f-bf62-a744eeccb8c5,2012-02-15 08:51:10.119256501,0.0
Case73,W_Completeren aanvraag,res_0fc057cb-3a7d-47d3-8cd2-6d92b33620c4,Role 1,2012-02-15 10:46:08.707803801,553,2,res_0fc057cb-3a7d-47d3-8cd2-6d92b33620c4,2012-02-15 10:43:38.224286801,0.02564102564102564
Case730,W_Afhandelen leads,res_570add54-a9ce-40af-8ebf-c88ddafd5fef,Role 1,2012-02-29 12:20:51.277028843,624,0,res_570add54-a9ce-40af-8ebf-c88ddafd5fef,2012-02-29 12:17:52.461542843,0.02564102564102564
Case730,W_Completeren aanvraag,res_230c0182-4111-4506-bfd5-9b0719b08311,Role 1,2012-02-29 13:29:50.588393943,623,1,res_230c0182-4111-4506-bfd5-9b0719b08311,2012-02-29 13:27:17.363320943,0.02564102564102564
Case730,W_Completeren aanvraag,res_1b9a0c06-ad62-425d-8a95-45a175c5555c,Role 1,2012-02-29 17:02:02.110088843,626,1,res_1b9a0c06-ad62-425d-8a95-45a175c5555c,2012-02-29 16:59:44.273166843,0.0
Case731,W_Completeren aanvraag,res_b70af2ff-820e-4016-a03c-831214a09681,Role 1,2012-02-29 12:34:42.932739213,624,1,res_b70af2ff-820e-4016-a03c-831214a09681,2012-02-29 12:32:12.820117213,0.0
Case731,W_Nabellen offertes,res_0ba00481-2705-40d0-b647-5ea4bd04a214,Role 1,2012-02-29 13:09:49.473276013,625,1,res_0ba00481-2705-40d0-b647-5ea4bd04a214,2012-02-29 13:07:28.621528013,0.0
Case732,W_Afhandelen leads,res_13020984-8d57-4f3c-8ba3-5a323081e70b,Role 1,2012-02-29 12:48:39.216185437,625,0,res_13020984-8d57-4f3c-8ba3-5a323081e70b,2012-02-29 12:45:40.791518437,0.02564102564102564
Case732,W_Completeren aanvraag,res_d39cd18a-e6fc-4de4-b991-deff4ba6e82a,Role 1,2012-02-29 13:53:25.614694337,623,1,res_d39cd18a-e6fc-4de4-b991-deff4ba6e82a,2012-02-29 13:50:51.459633337,0.0
Case732,W_Completeren aanvraag,res_a60942a0-f9c4-436b-a4d0-6eeb41b2f0f2,Role 1,2012-02-29 16:52:34.924160437,629,2,res_a60942a0-f9c4-436b-a4d0-6eeb41b2f0f2,2012-02-29 16:50:20.435318437,0.02564102564102564
Case733,W_Completeren aanvraag,res_7b435aaa-ab1b-4205-92d4-81495e1b2d15,Role 1,2012-02-29 12:49:51.242290818,625,1,res_7b435aaa-ab1b-4205-92d4-81495e1b2d15,2012-02-29 12:47:22.543527818,0.02564102564102564
Case733,W_Nabellen offertes,res_230c0182-4111-4506-bfd5-9b0719b08311,Role 1,2012-02-29 13:24:24.284941618,623,1,res_230c0182-4111-4506-bfd5-9b0719b08311,2012-02-29 13:22:04.457539618,0.0
Case734,W_Completeren aanvraag,res_bb73aa9d-d45e-496a-a1ec-c9fe6e899287,Role 1,2012-02-29 13:03:33.428613966,626,1,res_bb73aa9d-d45e-496a-a1ec-c9fe6e899287,2012-02-29 13:01:04.619167966,0.0
Case735,W_Completeren aanvraag,res_dec66574-3de2-4d20-a02f-ab348539e500,Role 1,2012-02-29 13:15:11.862888533,624,2,res_dec66574-3de2-4d20-a02f-ab348539e500,2012-02-29 13:12:48.823668533,0.02564102564102564
Case735,W_Completeren aanvraag,res_3efedec2-7c7d-4360-b422-dcf1d20a8bfd,Role 1,2012-02-29 14:18:18.184459333,625,1,res_3efedec2-7c7d-4360-b422-dcf1d20a8bfd,2012-02-29 14:15:48.495006333,0.0
Case736,W_Afhandelen leads,res_6488ab10-d3ee-4b87-935d-302131660e4e,Role 1,2012-02-29 13:34:08.100032339,623,0,res_6488ab10-d3ee-4b87-935d-302131660e4e,2012-02-29 13:31:06.939413339,0.0
Case736,W_Completeren aanvraag,res_5a3eddbb-0eb4-49ac-9904-07583235092c,Role 1,2012-02-29 14:35:54.562314339,624,1,res_5a3eddbb-0eb4-49ac-9904-07583235092c,2012-02-29 14:33:19.996545339,0.0
Case737,W_Completeren aanvraag,res_57e6001e-3d34-44ab-b1e6-21b6b1001542,Role 1,2012-02-29 13:49:28.616474178,624,2,res_57e6001e-3d34-44ab-b1e6-21b6b1001542,2012-02-29 13:47:06.027660178,0.02564102564102564
Case737,W_Nabellen offertes,res_40e4f4c6-1170-4ce1-ba24-0dfa2dd61b15,Role 1,2012-02-29 14:19:33.621608178,624,1,res_40e4f4c6-1170-4ce1-ba24-0dfa2dd61b15,2012-02-29 14:17:17.772941178,0.0
Case738,W_Afhandelen leads,res_b70af2ff-820e-4016-a03c-831214a09681,Role 1,2012-02-29 13:50:58.248125324,625,0,res_b70af2ff-820e-4016-a03c-831214a09681,2012-02-29 13:47:58.414833324,0.02564102564102564
Case738,W_Completeren aanvraag,res_7b435aaa-ab1b-4205-92d4-81495e1b2d15,Role 1,2012-02-29 14:51:43.664023224,624,1,res_7b435aaa-ab1b-4205-92d4-81495e1b2d15,2012-02-29 14:49:09.274256224,0.0
Case738,W_Nabellen offertes,res_a60942a0-f9c4-436b-a4d0-6eeb41b2f0f2,Role 1,2012-03-02 01:08:59.409055324,624,1,res_a60942a0-f9c4-436b-a4d0-6eeb41b2f0f2,2012-03-02 01:07:06.337498324,0.0
Case738,W_Nabellen offertes,res_7c2a7682-7073-471d-9707-2acad2b806ab,Role 1,2012-03-08 12:06:09.700567924,632,1,res_7c2a7682-7073-471d-9707-2acad2b806ab,2012-03-08 12:04:33.118781924,0.02564102564102564
Case739,W_Completeren aanvraag,res_1b9a0c06-ad62-425d-8a95-45a175c5555c,Role 1,2012-02-29 14:07:20.695410222,626,1,res_1b9a0c06-ad62-425d-8a95-45a175c5555c,2012-02-29 14:04:52.912590222,0.0
Case74,W_Completeren aanvraag,res_a400b893-c7da-495f-bf62-a744eeccb8c5,Role 1,2012-02-15 09:04:13.785098425,548,1,res_a400b893-c7da-495f-bf62-a744eeccb8c5,2012-02-15 09:01:21.638758425,0.0
Case74,W_Nabellen offertes,res_7b435aaa-ab1b-4205-92d4-81495e1b2d15,Role 1,2012-02-15 09:58:29.741551225,553,1,res_7b435aaa-ab1b-4205-92d4-81495e1b2d15,2012-02-15 09:56:03.779445225,0.0
Case740,W_Afhandelen leads,res_08871a3e-f393-4f22-a0a4-e36c9d59a78e,Role 1,2012-02-29 14:22:45.707183078,624,0,res_08871a3e-f393-4f22-a0a4-e36c9d59a78e,2012-02-29 14:19:42.487088078,0.0
Case740,W_Completeren aanvraag,res_d5f36d0a-a64a-45e5-8850-daee823f6c96,Role 1,2012-02-29 15:21:56.094280778,626,1,res_d5f36d0a-a64a-45e5-8850-daee823f6c96,2012-02-29 15:19:21.246447778,0.0
Case740,W_Completeren aanvraag,res_1d01c37d-a137-4a7e-8f12-e8c97f0c7f2b,Role 1,2012-02-29 17:32:35.568147278,626,2,res_1d01c37d-a137-4a7e-8f12-e8c97f0c7f2b,2012-02-29 17:30:21.936232278,0.02564102564102564
Case740,W_Completeren aanvraag,res_b42bc940-a579-4310-8bba-a668ba469508,Role 1,2012-02-29 18:33:18.389502978,628,2,res_b42bc940-a579-4310-8bba-a668ba469508,2012-02-29 18:31:29.669439978,0.02564102564102564
Case741,W_Afhandelen leads,res_4d502259-de4c-4574-91b7-d3c939a9cf04,Role 1,2012-02-29 14:37:59.229954595,624,0,res_4d502259-de4c-4574-91b7-d3c939a9cf04,2012-02-29 14:34:55.232835595,0.0
Case741,W_Completeren aanvraag,res_230c0182-4111-4506-bfd5-9b0719b08311,Role 1,2012-02-29 15:36:34.353604695,626,1,res_230c0182-4111-4506-bfd5-9b0719b08311,2012-02-29 15:33:59.390616695,0.0
Case742,W_Completeren aanvraag,res_dec66574-3de2-4d20-a02f-ab348539e500,Role 1,2012-02-29 14:49:17.556204538,625,1,res_dec66574-3de2-4d20-a02f-ab348539e500,2012-02-29 14:46:49.511792538,0.0
Case742,W_Nabellen offertes,res_230c0182-4111-4506-bfd5-9b0719b08311,Role 1,2012-02-29 15:16:18.323067738,626,1,res_230c0182-4111-4506-bfd5-9b0719b08311,2012-02-29 15:13:59.757201738,0.0
Case742,W_Nabellen offertes,res_230c0182-4111-4506-bfd5-9b0719b08311,Role 1,2012-03-09 10:43:05.147365438,627,1,res_230c0182-4111-4506-bfd5-9b0719b08311,2012-03-09 10:41:12.490348438,0.0
Case742,W_Nabellen offertes,res_d5f36d0a-a64a-45e5-8850-daee823f6c96,Role 1,2012-03-11 12:26:14.169438838,621,1,res_d5f36d0a-a64a-45e5-8850-daee823f6c96,2012-03-11 12:24:38.975009838,0.0
Case743,W_Completeren aanvraag,res_4c3013be-6589-47a8-a7c4-f99f2e4b9a48,Role 1,2012-02-29 14:51:17.067897579,626,2,res_4c3013be-6589-47a8-a7c4-f99f2e4b9a48,2012-02-29 14:48:54.435051579,0.02564102564102564
Case743,W_Completeren aanvraag,res_219a258e-f803-4016-b457-8c77c3b88a65,Role 1,2012-02-29 15:49:21.694394779,626,1,res_219a258e-f803-4016-b457-8c77c3b88a65,2012-02-29 15:46:52.521691779,0.0
Case743,W_Nabellen offertes,res_bae84d23-abe1-4580-a954-c8576ba025c9,Role 1,2012-03-02 01:52:14.920760579,624,1,res_bae84d23-abe1-4580-a954-c8576ba025c9,2012-03-02 01:50:21.783803579,0.0
Case744,W_Completeren aanvraag,res_3efedec2-7c7d-4360-b422-dcf1d20a8bfd,Role 1,2012-02-29 15:00:24.547344520,627,1,res_3efedec2-7c7d-4360-b422-dcf1d20a8bfd,2012-02-29 14:57:56.440804520,0.0
Case745,W_Afhandelen leads,res_d5f36d0a-a64a-45e5-8850-daee823f6c96,Role 1,2012-02-29 15:18:54.540889027,627,0,res_d5f36d0a-a64a-45e5-8850-daee823f6c96,2012-02-29 15:15:50.377854027,0.02564102564102564
Case745,W_Completeren aanvraag,res_f8049b85-d52c-466e-8778-58e1f3f71604,Role 1,2012-02-29 16:16:20.746064427,628,2,res_f8049b85-d52c-466e-8778-58e1f3f71604,2012-02-29 16:13:48.720815427,0.02564102564102564
Case746,W_Afhandelen leads,res_709ed04f-5b76-49c4-aeeb-ad921b6f6ca1,Role 1,2012-02-29 15:33:30.765107959,627,0,res_709ed04f-5b76-49c4-aeeb-ad921b6f6ca1,2012-02-29 15:30:25.848112959,0.02564102564102564
Case746,W_Completeren aanvraag,res_1d01c37d-a137-4a7e-8f12-e8c97f0c7f2b,Role 1,2012-02-29 16:30:44.285796459,628,1,res_1d01c37d-a137-4a7e-8f12-e8c97f0c7f2b,2012-02-29 16:28:09.069153459,0.0
Case746,W_Nabellen offertes,res_408efd66-8ed2-49bc-94a8-733c7b98a934,Role 1,2012-03-02 03:31:59.235189459,623,1,res_408efd66-8ed2-49bc-94a8-733c7b98a934,2012-03-02 03:30:00.586915459,0.0
Case747,W_Afhandelen leads,res_f8049b85-d52c-466e-8778-58e1f3f71604,Role 1,2012-02-29 15:49:56.636731096,627,0,res_f8049b85-d52c-466e-8778-58e1f3f71604,2012-02-29 15:46:49.115055096,0.0
Case747,W_Completeren aanvraag,res_4bfd217b-a1fe-4479-a77c-aded82769086,Role 1,2012-02-29 16:47:04.564888196,626,1,res_4bfd217b-a1fe-4479-a77c-aded82769086,2012-02-29 16:44:28.985207196,0.0
Case747,W_Completeren aanvraag,res_6488ab10-d3ee-4b87-935d-302131660e4e,Role 1,2012-02-29 18:38:08.547525096,626,1,res_6488ab10-d3ee-4b87-935d-302131660e4e,2012-02-29 18:35:51.449240096,0.0
Case747,W_Nabellen offertes,res_bb73aa9d-d45e-496a-a1ec-c9fe6e899287,Role 1,2012-03-01 14:54:58.649880496,628,1,res_bb73aa9d-d45e-496a-a1ec-c9fe6e899287,2012-03-01 14:53:09.057618496,0.0
Case747,W_Nabellen offertes,res_1d01c37d-a137-4a7e-8f12-e8c97f0c7f2b,Role 1,2012-03-05 14:27:12.097419196,611,1,res_1d01c37d-a137-4a7e-8f12-e8c97f0c7f2b,2012-03-05 14:17:50.175814196,0.0
Case747,W_Nabellen offertes,res_219a258e-f803-4016-b457-8c77c3b88a65,Role 1,2012-03-07 04:16:44.363788996,637,1,res_219a258e-f803-4016-b457-8c77c3b88a65,2012-03-07 04:14:56.454218996,0.02564102564102564
Case748,W_Completeren aanvraag,res_4ea7e99f-9f77-43d0-af71-4b2253ae6764,Role 1,2012-02-29 15:51:40.117708612,628,1,res_4ea7e99f-9f77-43d0-af71-4b2253ae6764,2012-02-29 15:49:12.172335612,0.02564102564102564
Case748,W_Completeren aanvraag,res_a400b893-c7da-495f-bf62-a744eeccb8c5,Role 1,2012-02-29 16:48:35.863365012,626,2,res_a400b893-c7da-495f-bf62-a744eeccb8c5,2012-02-29 16:46:07.972314012,0.02564102564102564
Case749,W_Afhandelen leads,res_3efedec2-7c7d-4360-b422-dcf1d20a8bfd,Role 1,2012-02-29 16:07:03.945895643,628,0,res_3efedec2-7c7d-4360-b422-dcf1d20a8bfd,2012-02-29 16:03:55.702159643,0.0
Case749,W_Completeren aanvraag,res_570add54-a9ce-40af-8ebf-c88ddafd5fef,Role 1,2012-02-29 17:04:03.298837943,626,1,res_570add54-a9ce-40af-8ebf-c88ddafd5fef,2012-02-29 17:01:28.545874943,0.02564102564102564
Case749,W_Nabellen offertes,res_1b9a0c06-ad62-425d-8a95-45a175c5555c,Role 1,2012-03-02 06:56:22.873351743,620,1,res_1b9a0c06-ad62-425d-8a95-45a175c5555c,2012-03-02 06:53:35.141114743,0.0
Case749,W_Nabellen offertes,res_40e4f4c6-1170-4ce1-ba24-0dfa2dd61b15,Role 1,2012-03-07 20:37:11.114506443,634,1,res_40e4f4c6-1170-4ce1-ba24-0dfa2dd61b15,2012-03-07 20:34:14.884262443,0.0
Case749,W_Nabellen offertes,res_9a47d014-a019-4396-9e72-1d1379a66c99,Role 1,2012-03-09 11:09:18.141583143,629,1,res_9a47d014-a019-4396-9e72-1d1379a66c99,2012-03-09 11:07:34.398929143,0.02564102564102564
Case75,W_Afhandelen leads,res_f8049b85-d52c-466e-8778-58e1f3f71604,Role 1,2012-02-15 09:12:38.423215482,549,0,res_f8049b85-d52c-466e-8778-58e1f3f71604,2012-02-15 09:09:22.190327482,0.0
Case75,W_Completeren aanvraag,res_dec66574-3de2-4d20-a02f-ab348539e500,Role 1,2012-02-15 11:00:50.496986882,551,1,res_dec66574-3de2-4d20-a02f-ab348539e500,2012-02-15 10:58:16.391042882,0.0
Case75,W_Nabellen offertes,res_5a3eddbb-0eb4-49ac-9904-07583235092c,Role 1,2012-02-16 16:19:50.390764382,572,1,res_5a3eddbb-0eb4-49ac-9904-07583235092c,2012-02-16 16:17:52.664656382,0.0
Case75,W_Nabellen offertes,res_40e4f4c6-1170-4ce1-ba24-0dfa2dd61b15,Role 1,2012-02-23 11:25:37.980855482,636,1,res_40e4f4c6-1170-4ce1-ba24-0dfa2dd61b15,2012-02-23 11:23:59.419243482,0.0
Case75,W_Nabellen offertes,res_7c2a7682-7073-471d-9707-2acad2b806ab,Role 1,2012-02-25 01:28:43.244231982,631,1,res_7c2a7682-7073-471d-9707-2acad2b806ab,2012-02-25 01:18:20.337837982,0.0
Case75,W_Nabellen offertes,res_08871a3e-f393-4f22-a0a4-e36c9d59a78e,Role 1,2012-02-27 11:43:09.162512482,622,1,res_08871a3e-f393-4f22-a0a4-e36c9d59a78e,2012-02-27 11:41:18.199748482,0.0
Case750,W_Completeren aanvraag,res_0fc057cb-3a7d-47d3-8cd2-6d92b33620c4,Role 1,2012-02-29 16:22:05.141425371,628,1,res_0fc057cb-3a7d-47d3-8cd2-6d92b33620c4,2012-02-29 16:19:35.648939371,0.0
Case750,W_Completeren aanvraag,res_9a47d014-a019-4396-9e72-1d1379a66c99,Role 1,2012-02-29 17:19:12.510832571,626,1,res_9a47d014-a019-4396-9e72-1d1379a66c99,2012-02-29 17:16:41.205394571,0.0
Case750,W_Completeren aanvraag,res_0ba00481-2705-40d0-b647-5ea4bd04a214,Role 1,2012-02-29 19:13:03.542550471,626,1,res_0ba00481-2705-40d0-b647-5ea4bd04a214,2012-02-29 19:10:49.949469471,0.0
Case750,W_Nabellen offertes,res_bb73aa9d-d45e-496a-a1ec-c9fe6e899287,Role 1,2012-03-01 21:04:17.514810871,629,1,res_bb73aa9d-d45e-496a-a1ec-c9fe6e899287,2012-03-01 21:02:33.402460871,0.0
Case750,W_Nabellen offertes,res_a400b893-c7da-495f-bf62-a744eeccb8c5,Role 1,2012-03-05 05:43:55.573346871,616,1,res_a400b893-c7da-495f-bf62-a744eeccb8c5,2012-03-05 05:42:21.281352871,0.0
Case750,W_Nabellen offertes,res_570add54-a9ce-40af-8ebf-c88ddafd5fef,Role 1,2012-03-07 16:32:51.326335171,636,1,res_570add54-a9ce-40af-8ebf-c88ddafd5fef,2012-03-07 16:31:12.832920171,0.0
Case750,W_Nabellen offertes,res_d5f36d0a-a64a-45e5-8850-daee823f6c96,Role 1,2012-03-09 07:34:39.885645470,622,1,res_d5f36d0a-a64a-45e5-8850-daee823f6c96,2012-03-09 07:32:42.361925471,0.0
Case751,W_Completeren aanvraag,res_8a4ef218-abd5-42fa-9b05-623b7ba3c08b,Role 1,2012-02-29 16:29:19.434837106,629,1,res_8a4ef218-abd5-42fa-9b05-623b7ba3c08b,2012-02-29 16:26:49.858009106,0.0
Case752,W_Completeren aanvraag,res_dec66574-3de2-4d20-a02f-ab348539e500,Role 1,2012-02-29 16:38:25.862658421,627,2,res_dec66574-3de2-4d20-a02f-ab348539e500,2012-02-29 16:36:01.938218421,0.02564102564102564
Case752,W_Nabellen offertes,res_7c2a7682-7073-471d-9707-2acad2b806ab,Role 1,2012-02-29 17:00:25.472170721,626,1,res_7c2a7682-7073-471d-9707-2acad2b806ab,2012-02-29 16:58:10.797005721,0.0
Case752,W_Nabellen offertes,res_f8049b85-d52c-466e-8778-58e1f3f71604,Role 1,2012-03-09 13:48:56.574437621,625,1,res_f8049b85-d52c-466e-8778-58e1f3f71604,2012-03-09 13:47:08.998435621,0.0
Case752,W_Nabellen offertes,res_6488ab10-d3ee-4b87-935d-302131660e4e,Role 1,2012-03-11 18:31:30.190569421,626,1,res_6488ab10-d3ee-4b87-935d-302131660e4e,2012-03-11 18:29:58.030969421,0.0
Case752,W_Nabellen offertes,res_4d502259-de4c-4574-91b7-d3c939a9cf04,Role 1,2012-03-14 18:43:14.296042221,629,2,res_4d502259-de4c-4574-91b7-d3c939a9cf04,2012-03-14 18:40:00.696534221,0.02564102564102564
Case753,W_Afhandelen leads,res_408efd66-8ed2-49bc-94a8-733c7b98a934,Role 1,2012-02-29 16:51:47.483039498,626,0,res_408efd66-8ed2-49bc-94a8-733c7b98a934,2012-02-29 16:48:37.522446498,0.0
Case753,W_Completeren aanvraag,res_1b3fa211-3349-4835-aae7-baccd0368824,Role 1,2012-02-29 17:49:28.276230998,628,1,res_1b3fa211-3349-4835-aae7-baccd0368824,2012-02-29 17:46:52.160299998,0.0
Case753,W_Nabellen offertes,res_4d502259-de4c-4574-91b7-d3c939a9cf04,Role 1,2012-03-02 14:53:05.799880498,614,1,res_4d502259-de4c-4574-91b7-d3c939a9cf04,2012-03-02 14:50:39.983462498,0.0
Case754,W_Completeren aanvraag,res_dec66574-3de2-4d20-a02f-ab348539e500,Role 1,2012-02-29 16:52:18.015268756,627,1,res_dec66574-3de2-4d20-a02f-ab348539e500,2012-02-29 16:49:49.051086756,0.02564102564102564
Case755,W_Afhandelen leads,res_230c0182-4111-4506-bfd5-9b0719b08311,Role 1,2012-02-29 17:10:56.885256450,627,0,res_230c0182-4111-4506-bfd5-9b0719b08311,2012-02-29 17:07:48.025364450,0.02564102564102564
Case755,W_Completeren aanvraag,res_408efd66-8ed2-49bc-94a8-733c7b98a934,Role 1,2012-02-29 18:08:56.849754350,627,1,res_408efd66-8ed2-49bc-94a8-733c7b98a934,2012-02-29 18:06:20.836952350,0.0
Case755,W_Completeren aanvraag,res_08871a3e-f393-4f22-a0a4-e36c9d59a78e,Role 1,2012-02-29 20:31:23.188692750,628,1,res_08871a3e-f393-4f22-a0a4-e36c9d59a78e,2012-02-29 20:29:05.832494750,0.0
Case756,W_Afhandelen leads,res_4bfd217b-a1fe-4479-a77c-aded82769086,Role 1,2012-02-29 17:23:05.154505041,627,0,res_4bfd217b-a1fe-4479-a77c-aded82769086,2012-02-29 17:19:54.393669041,0.0
Case756,W_Completeren aanvraag,res_bb73aa9d-d45e-496a-a1ec-c9fe6e899287,Role 1,2012-02-29 18:21:30.523959841,627,1,res_bb73aa9d-d45e-496a-a1ec-c9fe6e899287,2012-02-29 18:18:54.245445841,0.0
Case757,W_Afhandelen leads,res_0fc057cb-3a7d-47d3-8cd2-6d92b33620c4,Role 1,2012-02-29 17:35:27.315384469,628,0,res_0fc057cb-3a7d-47d3-8cd2-6d92b33620c4,2012-02-29 17:32:17.888549469,0.02564102564102564
Case757,W_Completeren aanvraag,res_7c2a7682-7073-471d-9707-2acad2b806ab,Role 1,2012-02-29 18:34:20.190881069,626,1,res_7c2a7682-7073-471d-9707-2acad2b806ab,2012-02-29 18:31:45.059431069,0.02564102564102564
Case758,W_Completeren aanvraag,res_6488ab10-d3ee-4b87-935d-302131660e4e,Role 1,2012-02-29 17:51:43.861956004,629,1,res_6488ab10-d3ee-4b87-935d-302131660e4e,2012-02-29 17:49:13.393752004,0.0
Case759,W_Completeren aanvraag,res_6488ab10-d3ee-4b87-935d-302131660e4e,Role 1,2012-02-29 17:51:50.859737291,630,2,res_6488ab10-d3ee-4b87-935d-302131660e4e,2012-02-29 17:49:26.490545291,0.02564102564102564
Case76,W_Afhandelen leads,res_3efedec2-7c7d-4360-b422-dcf1d20a8bfd,Role 1,2012-02-15 09:19:37.130499655,550,0,res_3efedec2-7c7d-4360-b422-dcf1d20a8bfd,2012-02-15 09:16:21.287712655,0.0
Case76,W_Completeren aanvraag,res_408efd66-8ed2-49bc-94a8-733c7b98a934,Role 1,2012-02-15 11:04:30.958394455,551,1,res_408efd66-8ed2-49bc-94a8-733c7b98a934,2012-02-15 11:01:56.838027455,0.0
Case760,W_Completeren aanvraag,res_7b435aaa-ab1b-4205-92d4-81495e1b2d15,Role 1,2012-02-29 18:11:17.583149616,628,1,res_7b435aaa-ab1b-4205-92d4-81495e1b2d15,2012-02-29 18:08:47.067919617,0.0
Case760,W_Nabellen offertes,res_a400b893-c7da-495f-bf62-a744eeccb8c5,Role 1,2012-02-29 18:29:49.144111717,626,1,res_a400b893-c7da-495f-bf62-a744eeccb8c5,2012-02-29 18:27:30.812704717,0.0
Case760,W_Nabellen offertes,res_13020984-8d57-4f3c-8ba3-5a323081e70b,Role 1,2012-03-09 07:49:00.563233317,623,1,res_13020984-8d57-4f3c-8ba3-5a323081e70b,2012-03-09 07:46:53.201087317,0.0
Case761,W_Afhandelen leads,res_5a3eddbb-0eb4-49ac-9904-07583235092c,Role 1,2012-02-29 18:19:15.393064902,628,0,res_5a3eddbb-0eb4-49ac-9904-07583235092c,2012-02-29 18:16:05.306771902,0.02564102564102564
Case761,W_Completeren aanvraag,res_a400b893-c7da-495f-bf62-a744eeccb8c5,Role 1,2012-02-29 19:19:56.524531401,625,1,res_a400b893-c7da-495f-bf62-a744eeccb8c5,2012-02-29 19:17:20.369862401,0.0
Case761,W_Nabellen offertes,res_7b435aaa-ab1b-4205-92d4-81495e1b2d15,Role 1,2012-03-04 18:07:13.565507402,620,1,res_7b435aaa-ab1b-4205-92d4-81495e1b2d15,2012-03-04 18:04:10.897993402,0.0
Case761,W_Nabellen offertes,res_5724148e-e102-4421-a053-83c428a11f68,Role 1,2012-03-08 22:52:35.318750702,630,1,res_5724148e-e102-4421-a053-83c428a11f68,2012-03-08 22:48:38.131580702,0.0
Case762,W_Completeren aanvraag,res_4d502259-de4c-4574-91b7-d3c939a9cf04,Role 1,2012-02-29 18:36:12.589349572,626,1,res_4d502259-de4c-4574-91b7-d3c939a9cf04,2012-02-29 18:33:42.117245572,0.0
Case762,W_Nabellen offertes,res_a400b893-c7da-495f-bf62-a744eeccb8c5,Role 1,2012-02-29 18:54:13.542517272,627,1,res_a400b893-c7da-495f-bf62-a744eeccb8c5,2012-02-29 18:51:55.994600272,0.02564102564102564
Case762,W_Nabellen offertes,res_b42bc940-a579-4310-8bba-a668ba469508,Role 1,2012-03-09 04:58:54.349885972,623,1,res_b42bc940-a579-4310-8bba-a668ba469508,2012-03-09 04:55:29.406080972,0.0
Case762,W_Nabellen offertes,res_3efedec2-7c7d-4360-b422-dcf1d20a8bfd,Role 1,2012-03-11 08:33:08.177938471,623,1,res_3efedec2-7c7d-4360-b422-dcf1d20a8bfd,2012-03-11 08:31:21.652832472,0.0
Case763,W_Completeren aanvraag,res_9a47d014-a019-4396-9e72-1d1379a66c99,Role 1,2012-02-29 18:52:02.402208674,627,1,res_9a47d014-a019-4396-9e72-1d1379a66c99,2012-02-29 18:49:32.138481674,0.0
Case763,W_Nabellen offertes,res_5724148e-e102-4421-a053-83c428a11f68,Role 1,2012-02-29 19:09:56.997197974,626,1,res_5724148e-e102-4421-a053-83c428a11f68,2012-02-29 19:07:38.907814974,0.0
Case763,W_Nabellen offertes,res_b70af2ff-820e-4016-a03c-831214a09681,Role 1,2012-03-09 06:51:30.915946374,621,1,res_b70af2ff-820e-4016-a03c-831214a09681,2012-03-09 06:49:11.741821374,0.0
Case764,W_Completeren aanvraag,res_1b3fa211-3349-4835-aae7-baccd0368824,Role 1,2012-02-29 18:53:19.028988582,628,2,res_1b3fa211-3349-4835-aae7-baccd0368824,2012-02-29 18:50:55.756469582,0.05128205128205128
Case765,W_Afhandelen leads,res_6488ab10-d3ee-4b87-935d-302131660e4e,Role 1,2012-02-29 19:25:06.084825651,626,0,res_6488ab10-d3ee-4b87-935d-302131660e4e,2012-02-29 19:21:54.493670651,0.0
Case765,W_Completeren aanvraag,res_a60942a0-f9c4-436b-a4d0-6eeb41b2f0f2,Role 1,2012-02-29 20:28:04.419307751,628,1,res_a60942a0-f9c4-436b-a4d0-6eeb41b2f0f2,2012-02-29 20:25:29.308925751,0.02564102564102564
Case765,W_Nabellen offertes,res_1d01c37d-a137-4a7e-8f12-e8c97f0c7f2b,Role 1,2012-03-06 01:40:38.436977551,623,1,res_1d01c37d-a137-4a7e-8f12-e8c97f0c7f2b,2012-03-06 01:38:34.262441551,0.02564102564102564
Case766,W_Afhandelen leads,res_f8049b85-d52c-466e-8778-58e1f3f71604,Role 1,2012-02-29 19:52:59.129867432,627,0,res_f8049b85-d52c-466e-8778-58e1f3f71604,2012-02-29 19:49:47.860874432,0.0
Case766,W_Completeren aanvraag,res_a60942a0-f9c4-436b-a4d0-6eeb41b2f0f2,Role 1,2012-02-29 20:57:16.156627932,628,1,res_a60942a0-f9c4-436b-a4d0-6eeb41b2f0f2,2012-02-29 20:54:40.303590932,0.0
Case766,W_Nabellen offertes,res_0fc057cb-3a7d-47d3-8cd2-6d92b33620c4,Role 1,2012-03-05 17:47:17.533753032,610,1,res_0fc057cb-3a7d-47d3-8cd2-6d92b33620c4,2012-03-05 17:43:06.256898032,0.0
Case767,W_Afhandelen leads,res_6488ab10-d3ee-4b87-935d-302131660e4e,Role 1,2012-02-29 19:54:16.826807977,628,1,res_6488ab10-d3ee-4b87-935d-302131660e4e,2012-02-29 19:51:12.486307977,0.02564102564102564
Case767,W_Completeren aanvraag,res_a60942a0-f9c4-436b-a4d0-6eeb41b2f0f2,Role 1,2012-02-29 20:58:18.972008477,629,3,res_a60942a0-f9c4-436b-a4d0-6eeb41b2f0f2,2012-02-29 20:55:51.125465477,0.05128205128205128
Case767,W_Nabellen offertes,res_dec66574-3de2-4d20-a02f-ab348539e500,Role 1,2012-03-06 02:08:39.689925677,622,1,res_dec66574-3de2-4d20-a02f-ab348539e500,2012-03-06 02:06:39.047772677,0.02564102564102564
Case767,W_Nabellen offertes,res_08871a3e-f393-4f22-a0a4-e36c9d59a78e,Role 1,2012-03-09 05:14:16.627605177,623,1,res_08871a3e-f393-4f22-a0a4-e36c9d59a78e,2012-03-09 05:10:06.579927177,0.0
Case768,W_Afhandelen leads,res_230c0182-4111-4506-bfd5-9b0719b08311,Role 1,2012-02-29 20:21:44.406722360,628,0,res_230c0182-4111-4506-bfd5-9b0719b08311,2012-02-29 20:18:33.615251360,0.0
Case768,W_Completeren aanvraag,res_bb73aa9d-d45e-496a-a1ec-c9fe6e899287,Role 1,2012-02-29 21:27:13.697780660,628,1,res_bb73aa9d-d45e-496a-a1ec-c9fe6e899287,2012-02-29 21:24:38.122429660,0.0
Case768,W_Nabellen offertes,res_4d502259-de4c-4574-91b7-d3c939a9cf04,Role 1,2012-03-06 03:20:48.874356460,627,1,res_4d502259-de4c-4574-91b7-d3c939a9cf04,2012-03-06 03:18:47.161062460,0.0
Case768,W_Nabellen offertes,res_7c2a7682-7073-471d-9707-2acad2b806ab,Role 1,2012-03-09 05:33:51.232952960,622,1,res_7c2a7682-7073-471d-9707-2acad2b806ab,2012-03-09 05:30:23.768426960,0.0
Case768,W_Nabellen offertes,res_5724148e-e102-4421-a053-83c428a11f68,Role 1,2012-03-10 23:40:03.082212760,630,1,res_5724148e-e102-4421-a053-83c428a11f68,2012-03-10 23:38:22.247007760,0.0
Case769,W_Completeren aanvraag,res_7c2a7682-7073-471d-9707-2acad2b806ab,Role 1,2012-02-29 20:39:01.142071329,629,1,res_7c2a7682-7073-471d-9707-2acad2b806ab,2012-02-29 20:36:34.604420329,0.02564102564102564
Case77,W_Completeren aanvraag,res_3efedec2-7c7d-4360-b422-dcf1d20a8bfd,Role 1,2012-02-15 09:19:31.799123404,551,1,res_3efedec2-7c7d-4360-b422-dcf1d20a8bfd,2012-02-15 09:16:41.436625404,0.02564102564102564
Case77,W_Nabellen offertes,res_5a3eddbb-0eb4-49ac-9904-07583235092c,Role 1,2012-02-15 10:10:37.149977504,553,1,res_5a3eddbb-0eb4-49ac-9904-07583235092c,2012-02-15 10:08:13.205634504,0.02564102564102564
Case77,W_Nabellen offertes,res_4bfd217b-a1fe-4479-a77c-aded82769086,Role 1,2012-02-22 16:46:08.199190404,629,1,res_4bfd217b-a1fe-4479-a77c-aded82769086,2012-02-22 16:44:13.369605404,0.0
Case77,W_Nabellen offertes,res_b42bc940-a579-4310-8bba-a668ba469508,Role 1,2012-02-24 10:14:35.903023203,641,1,res_b42bc940-a579-4310-8bba-a668ba469508,2012-02-24 10:12:49.379404204,0.02564102564102564
Case770,W_Completeren aanvraag,res_dec66574-3de2-4d20-a02f-ab348539e500,Role 1,2012-02-29 20:52:18.632063728,629,2,res_dec66574-3de2-4d20-a02f-ab348539e500,2012-02-29 20:49:56.531147728,0.02564102564102564
Case770,W_Nabellen offertes,res_408efd66-8ed2-49bc-94a8-733c7b98a934,Role 1,2012-02-29 21:11:15.642729628,630,2,res_408efd66-8ed2-49bc-94a8-733c7b98a934,2012-02-29 21:09:07.539181628,0.02564102564102564
Case771,W_Afhandelen leads,res_8a4ef218-abd5-42fa-9b05-623b7ba3c08b,Role 1,2012-02-29 20:54:19.719658810,630,0,res_8a4ef218-abd5-42fa-9b05-623b7ba3c08b,2012-02-29 20:51:14.104461810,0.07692307692307693
Case771,W_Completeren aanvraag,res_1b9a0c06-ad62-425d-8a95-45a175c5555c,Role 1,2012-02-29 22:01:04.150392110,631,2,res_1b9a0c06-ad62-425d-8a95-45a175c5555c,2012-02-29 21:58:34.588570110,0.07692307692307693
Case771,W_Nabellen offertes,res_219a258e-f803-4016-b457-8c77c3b88a65,Role 1,2012-03-06 03:59:55.463046809,626,1,res_219a258e-f803-4016-b457-8c77c3b88a65,2012-03-06 03:57:56.619150809,0.02564102564102564
Case771,W_Nabellen offertes,res_4c3013be-6589-47a8-a7c4-f99f2e4b9a48,Role 1,2012-03-09 03:53:49.702994910,624,1,res_4c3013be-6589-47a8-a7c4-f99f2e4b9a48,2012-03-09 03:47:21.922802910,0.0
Case772,W_Afhandelen leads,res_a400b893-c7da-495f-bf62-a744eeccb8c5,Role 1,2012-02-29 21:32:30.147624790,629,0,res_a400b893-c7da-495f-bf62-a744eeccb8c5,2012-02-29 21:29:21.006058790,0.0
Case772,W_Completeren aanvraag,res_a60942a0-f9c4-436b-a4d0-6eeb41b2f0f2,Role 1,2012-02-29 22:41:34.380446090,630,1,res_a60942a0-f9c4-436b-a4d0-6eeb41b2f0f2,2012-02-29 22:38:59.360779090,0.0
Case772,W_Completeren aanvraag,res_4c3013be-6589-47a8-a7c4-f99f2e4b9a48,Role 1,2012-03-01 16:39:51.564217590,631,1,res_4c3013be-6589-47a8-a7c4-f99f2e4b9a48,2012-03-01 16:37:39.773112590,0.0
Case772,W_Completeren aanvraag,res_a400b893-c7da-495f-bf62-a744eeccb8c5,Role 1,2012-03-01 19:40:57.022696890,631,2,res_a400b893-c7da-495f-bf62-a744eeccb8c5,2012-03-01 19:39:08.755038890,0.02564102564102564
Case772,W_Completeren aanvraag,res_13020984-8d57-4f3c-8ba3-5a323081e70b,Role 1,2012-03-01 21:28:22.568948990,628,2,res_13020984-8d57-4f3c-8ba3-5a323081e70b,2012-03-01 21:26:37.245861990,0.02564102564102564
Case773,W_Completeren aanvraag,res_57e6001e-3d34-44ab-b1e6-21b6b1001542,Role 1,2012-02-29 21:52:59.469874509,630,1,res_57e6001e-3d34-44ab-b1e6-21b6b1001542,2012-02-29 21:50:34.417344509,0.0
Case773,W_Completeren aanvraag,res_843e228f-f915-4f9a-b2c1-ff974c62e207,Role 1,2012-02-29 23:03:18.401798509,630,1,res_843e228f-f915-4f9a-b2c1-ff974c62e207,2012-02-29 23:00:46.663191509,0.0
Case773,W_Completeren aanvraag,res_bb73aa9d-d45e-496a-a1ec-c9fe6e899287,Role 1,2012-03-01 15:29:29.172940409,629,1,res_bb73aa9d-d45e-496a-a1ec-c9fe6e899287,2012-03-01 15:27:20.004879409,0.0
Case773,W_Completeren aanvraag,res_dec66574-3de2-4d20-a02f-ab348539e500,Role 1,2012-03-01 18:25:55.685143409,632,2,res_dec66574-3de2-4d20-a02f-ab348539e500,2012-03-01 18:24:08.123895409,0.02564102564102564
Case774,W_Afhandelen leads,res_0ba00481-2705-40d0-b647-5ea4bd04a214,Role 1,2012-02-29 21:54:50.859056492,631,0,res_0ba00481-2705-40d0-b647-5ea4bd04a214,2012-02-29 21:51:43.931093492,0.02564102564102564
Case774,W_Completeren aanvraag,res_d856942c-e08c-4dce-8114-31eacb6f69b7,Role 1,2012-02-29 23:05:34.853506092,630,2,res_d856942c-e08c-4dce-8114-31eacb6f69b7,2012-02-29 23:03:03.572105092,0.02564102564102564
Case774,W_Nabellen offertes,res_9a47d014-a019-4396-9e72-1d1379a66c99,Role 1,2012-03-06 02:56:02.361167692,626,1,res_9a47d014-a019-4396-9e72-1d1379a66c99,2012-03-06 02:54:01.438418692,0.0
Case775,W_Completeren aanvraag,res_1b9a0c06-ad62-425d-8a95-45a175c5555c,Role 1,2012-02-29 22:53:11.897794629,631,1,res_1b9a0c06-ad62-425d-8a95-45a175c5555c,2012-02-29 22:50:49.132291629,0.0
Case775,W_Completeren aanvraag,res_40e4f4c6-1170-4ce1-ba24-0dfa2dd61b15,Role 1,2012-03-01 00:11:03.650147029,628,1,res_40e4f4c6-1170-4ce1-ba24-0dfa2dd61b15,2012-03-01 00:08:24.082960029,0.0
Case775,W_Completeren aanvraag,res_4d502259-de4c-4574-91b7-d3c939a9cf04,Role 1,2012-03-01 23:03:01.400262829,626,1,res_4d502259-de4c-4574-91b7-d3c939a9cf04,2012-03-01 23:00:56.760132829,0.0
Case775,W_Completeren aanvraag,res_0fc057cb-3a7d-47d3-8cd2-6d92b33620c4,Role 1,2012-03-02 13:42:33.771706029,618,1,res_0fc057cb-3a7d-47d3-8cd2-6d92b33620c4,2012-03-02 13:40:42.868454029,0.02564102564102564
Case776,W_Afhandelen leads,res_570add54-a9ce-40af-8ebf-c88ddafd5fef,Role 1,2012-03-01 11:01:05.129346693,620,0,res_570add54-a9ce-40af-8ebf-c88ddafd5fef,2012-03-01 10:57:48.506055693,0.0
Case776,W_Completeren aanvraag,res_219a258e-f803-4016-b457-8c77c3b88a65,Role 1,2012-03-01 12:27:48.060610593,627,1,res_219a258e-f803-4016-b457-8c77c3b88a65,2012-03-01 12:25:17.473620593,0.0
Case776,W_Nabellen offertes,res_4ea7e99f-9f77-43d0-af71-4b2253ae6764,Role 1,2012-03-04 01:13:45.147660393,627,1,res_4ea7e99f-9f77-43d0-af71-4b2253ae6764,2012-03-04 01:12:01.013555393,0.0
Case777,W_Afhandelen leads,res_5724148e-e102-4421-a053-83c428a11f68,Role 1,2012-03-01 11:08:06.335794780,621,0,res_5724148e-e102-4421-a053-83c428a11f68,2012-03-01 11:04:50.625777780,0.0
Case777,W_Completeren aanvraag,res_5a3eddbb-0eb4-49ac-9904-07583235092c,Role 1,2012-03-01 12:33:35.907172080,627,1,res_5a3eddbb-0eb4-49ac-9904-07583235092c,2012-03-01 12:31:05.337023080,0.0
Case777,W_Nabellen offertes,res_0ba00481-2705-40d0-b647-5ea4bd04a214,Role 1,2012-03-04 02:04:48.028735180,625,1,res_0ba00481-2705-40d0-b647-5ea4bd04a214,2012-03-04 02:03:03.677335180,0.0
Case777,W_Nabellen offertes,res_a60942a0-f9c4-436b-a4d0-6eeb41b2f0f2,Role 1,2012-03-09 08:45:25.122088280,627,1,res_a60942a0-f9c4-436b-a4d0-6eeb41b2f0f2,2012-03-09 08:43:44.549006280,0.0
Case777,W_Nabellen offertes,res_230c0182-4111-4506-bfd5-9b0719b08311,Role 1,2012-03-11 01:36:56.153329980,626,1,res_230c0182-4111-4506-bfd5-9b0719b08311,2012-03-11 01:33:21.648881980,0.0
Case777,W_Nabellen offertes,res_3efedec2-7c7d-4360-b422-dcf1d20a8bfd,Role 1,2012-03-13 12:22:49.872985980,607,1,res_3efedec2-7c7d-4360-b422-dcf1d20a8bfd,2012-03-13 12:20:26.672957980,0.0
Case777,W_Nabellen offertes,res_3efedec2-7c7d-4360-b422-dcf1d20a8bfd,Role 1,2012-03-15 00:49:47.068414780,622,1,res_3efedec2-7c7d-4360-b422-dcf1d20a8bfd,2012-03-15 00:48:12.470809780,0.0
Case778,W_Afhandelen leads,res_bb73aa9d-d45e-496a-a1ec-c9fe6e899287,Role 1,2012-03-01 11:17:30.307068380,622,0,res_bb73aa9d-d45e-496a-a1ec-c9fe6e899287,2012-03-01 11:14:15.802780381,0.0
Case778,W_Completeren aanvraag,res_1b3fa211-3349-4835-aae7-baccd0368824,Role 1,2012-03-01 12:41:22.256071681,628,1,res_1b3fa211-3349-4835-aae7-baccd0368824,2012-03-01 12:38:52.621145681,0.02564102564102564
Case778,W_Completeren aanvraag,res_d5f36d0a-a64a-45e5-8850-daee823f6c96,Role 1,2012-03-01 17:05:48.305914881,632,1,res_d5f36d0a-a64a-45e5-8850-daee823f6c96,2012-03-01 17:03:53.543361881,0.0
Case778,W_Completeren aanvraag,res_1d01c37d-a137-4a7e-8f12-e8c97f0c7f2b,Role 1,2012-03-01 18:54:04.659399381,630,1,res_1d01c37d-a137-4a7e-8f12-e8c97f0c7f2b,2012-03-01 18:52:18.929082381,0.0
Case779,W_Completeren aanvraag,res_9a47d014-a019-4396-9e72-1d1379a66c99,Role 1,2012-03-01 11:23:53.773435180,623,1,res_9a47d014-a019-4396-9e72-1d1379a66c99,2012-03-01 11:21:04.825709180,0.0
Case78,W_Completeren aanvraag,res_570add54-a9ce-40af-8ebf-c88ddafd5fef,Role 1,2012-02-15 09:33:19.410964376,552,1,res_570add54-a9ce-40af-8ebf-c88ddafd5fef,2012-02-15 09:30:29.556939376,0.0
Case78,W_Completeren aanvraag,res_9a47d014-a019-4396-9e72-1d1379a66c99,Role 1,2012-02-15 11:16:44.492768376,551,1,res_9a47d014-a019-4396-9e72-1d1379a66c99,2012-02-15 11:14:10.755890376,0.0
Case780,W_Completeren aanvraag,res_5a3eddbb-0eb4-49ac-9904-07583235092c,Role 1,2012-03-01 11:31:45.149184138,623,1,res_5a3eddbb-0eb4-49ac-9904-07583235092c,2012-03-01 11:28:57.317713138,0.0
Case781,W_Afhandelen leads,res_bae84d23-abe1-4580-a954-c8576ba025c9,Role 1,2012-03-01 11:40:14.663406382,623,0,res_bae84d23-abe1-4580-a954-c8576ba025c9,2012-03-01 11:37:02.906510382,0.0
Case781,W_Completeren aanvraag,res_408efd66-8ed2-49bc-94a8-733c7b98a934,Role 1,2012-03-01 13:00:23.395462382,628,1,res_408efd66-8ed2-49bc-94a8-733c7b98a934,2012-03-01 12:57:52.896414382,0.0
Case781,W_Completeren aanvraag,res_d5f36d0a-a64a-45e5-8850-daee823f6c96,Role 1,2012-03-01 17:30:34.454171482,632,3,res_d5f36d0a-a64a-45e5-8850-daee823f6c96,2012-03-01 17:28:42.500760482,0.05128205128205128
Case781,W_Completeren aanvraag,res_5a3eddbb-0eb4-49ac-9904-07583235092c,Role 1,2012-03-01 19:21:18.815361382,626,1,res_5a3eddbb-0eb4-49ac-9904-07583235092c,2012-03-01 19:19:34.356704382,0.0
Case781,W_Nabellen offertes,res_7b435aaa-ab1b-4205-92d4-81495e1b2d15,Role 1,2012-03-02 13:22:44.576024982,613,1,res_7b435aaa-ab1b-4205-92d4-81495e1b2d15,2012-03-02 13:20:46.306265982,0.0
Case782,W_Completeren aanvraag,res_7b435aaa-ab1b-4205-92d4-81495e1b2d15,Role 1,2012-03-01 11:49:49.666224931,624,1,res_7b435aaa-ab1b-4205-92d4-81495e1b2d15,2012-03-01 11:47:04.351555931,0.0
Case782,W_Completeren aanvraag,res_4ea7e99f-9f77-43d0-af71-4b2253ae6764,Role 1,2012-03-01 13:08:22.490170231,630,2,res_4ea7e99f-9f77-43d0-af71-4b2253ae6764,2012-03-01 13:06:01.559125231,0.05128205128205128
Case782,W_Completeren aanvraag,res_0ba00481-2705-40d0-b647-5ea4bd04a214,Role 1,2012-03-01 17:35:00.368711131,632,1,res_0ba00481-2705-40d0-b647-5ea4bd04a214,2012-03-01 17:33:10.714785131,0.05128205128205128
Case782,W_Completeren aanvraag,res_6488ab10-d3ee-4b87-935d-302131660e4e,Role 1,2012-03-01 19:30:54.958759831,626,1,res_6488ab10-d3ee-4b87-935d-302131660e4e,2012-03-01 19:29:11.683694831,0.0
Case782,W_Nabellen offertes,res_d856942c-e08c-4dce-8114-31eacb6f69b7,Role 1,2012-03-02 14:55:36.896391131,620,1,res_d856942c-e08c-4dce-8114-31eacb6f69b7,2012-03-02 14:53:48.810317131,0.0
Case783,W_Afhandelen leads,res_d856942c-e08c-4dce-8114-31eacb6f69b7,Role 1,2012-03-01 12:00:14.342793843,625,0,res_d856942c-e08c-4dce-8114-31eacb6f69b7,2012-03-01 11:57:04.789155843,0.0
Case783,W_Completeren aanvraag,res_4ea7e99f-9f77-43d0-af71-4b2253ae6764,Role 1,2012-03-01 13:16:13.579155743,629,1,res_4ea7e99f-9f77-43d0-af71-4b2253ae6764,2012-03-01 13:13:43.151031743,0.0
Case783,W_Completeren aanvraag,res_709ed04f-5b76-49c4-aeeb-ad921b6f6ca1,Role 1,2012-03-01 17:24:53.029282443,632,1,res_709ed04f-5b76-49c4-aeeb-ad921b6f6ca1,2012-03-01 17:22:58.057885443,0.0
Case783,W_Completeren aanvraag,res_7b435aaa-ab1b-4205-92d4-81495e1b2d15,Role 1,2012-03-01 19:12:23.834890943,628,1,res_7b435aaa-ab1b-4205-92d4-81495e1b2d15,2012-03-01 19:10:38.189174943,0.0
Case784,W_Afhandelen leads,res_408efd66-8ed2-49bc-94a8-733c7b98a934,Role 1,2012-03-01 12:00:44.461949341,626,1,res_408efd66-8ed2-49bc-94a8-733c7b98a934,2012-03-01 11:57:45.086981341,0.02564102564102564
Case784,W_Completeren aanvraag,res_7b435aaa-ab1b-4205-92d4-81495e1b2d15,Role 1,2012-03-01 13:17:49.990988841,629,2,res_7b435aaa-ab1b-4205-92d4-81495e1b2d15,2012-03-01 13:15:25.250057841,0.02564102564102564
Case785,W_Afhandelen leads,res_b42bc940-a579-4310-8bba-a668ba469508,Role 1,2012-03-01 12:14:28.293157026,627,0,res_b42bc940-a579-4310-8bba-a668ba469508,2012-03-01 12:11:20.110502026,0.0
Case785,W_Completeren aanvraag,res_b70af2ff-820e-4016-a03c-831214a09681,Role 1,2012-03-01 13:29:48.312591826,628,1,res_b70af2ff-820e-4016-a03c-831214a09681,2012-03-01 13:27:17.949511826,0.0
Case786,W_Afhandelen leads,res_b42bc940-a579-4310-8bba-a668ba469508,Role 1,2012-03-01 12:34:07.575767101,628,0,res_b42bc940-a579-4310-8bba-a668ba469508,2012-03-01 12:31:00.836789101,0.0
Case786,W_Completeren aanvraag,res_1b3fa211-3349-4835-aae7-baccd0368824,Role 1,2012-03-01 13:45:59.899782101,628,1,res_1b3fa211-3349-4835-aae7-baccd0368824,2012-03-01 13:43:29.597895101,0.0
Case786,W_Completeren aanvraag,res_d5f36d0a-a64a-45e5-8850-daee823f6c96,Role 1,2012-03-01 17:44:24.352188301,632,1,res_d5f36d0a-a64a-45e5-8850-daee823f6c96,2012-03-01 17:42:29.468518301,0.0
Case787,W_Completeren aanvraag,res_709ed04f-5b76-49c4-aeeb-ad921b6f6ca1,Role 1,2012-03-01 12:43:43.382585926,629,1,res_709ed04f-5b76-49c4-aeeb-ad921b6f6ca1,2012-03-01 12:41:04.296725926,0.0
Case788,W_Completeren aanvraag,res_bb73aa9d-d45e-496a-a1ec-c9fe6e899287,Role 1,2012-03-01 13:00:12.378991525,629,1,res_bb73aa9d-d45e-496a-a1ec-c9fe6e899287,2012-03-01 12:57:34.615787525,0.0
Case789,W_Afhandelen leads,res_4ea7e99f-9f77-43d0-af71-4b2253ae6764,Role 1,2012-03-01 13:00:56.599317999,630,0,res_4ea7e99f-9f77-43d0-af71-4b2253ae6764,2012-03-01 12:57:52.749808999,0.02564102564102564
Case789,W_Completeren aanvraag,res_6488ab10-d3ee-4b87-935d-302131660e4e,Role 1,2012-03-01 14:10:09.054451199,631,1,res_6488ab10-d3ee-4b87-935d-302131660e4e,2012-03-01 14:07:39.043106199,0.0
Case789,W_Completeren aanvraag,res_b70af2ff-820e-4016-a03c-831214a09681,Role 1,2012-03-01 17:52:41.006193299,632,1,res_b70af2ff-820e-4016-a03c-831214a09681,2012-03-01 17:50:46.267980299,0.0
Case79,W_Completeren aanvraag,res_4c3013be-6589-47a8-a7c4-f99f2e4b9a48,Role 1,2012-02-15 09:40:36.991429661,553,1,res_4c3013be-6589-47a8-a7c4-f99f2e4b9a48,2012-02-15 09:37:47.795791661,0.0
Case79,W_Completeren aanvraag,res_b70af2ff-820e-4016-a03c-831214a09681,Role 1,2012-02-15 11:22:15.164562461,550,1,res_b70af2ff-820e-4016-a03c-831214a09681,2012-02-15 11:19:41.503000461,0.0
Case790,W_Afhandelen leads,res_219a258e-f803-4016-b457-8c77c3b88a65,Role 1,2012-03-01 13:18:27.672662206,629,0,res_219a258e-f803-4016-b457-8c77c3b88a65,2012-03-01 13:15:22.508163206,0.0
Case790,W_Completeren aanvraag,res_408efd66-8ed2-49bc-94a8-733c7b98a934,Role 1,2012-03-01 14:26:11.240837006,630,1,res_408efd66-8ed2-49bc-94a8-733c7b98a934,2012-03-01 14:23:40.911748006,0.0
Case790,W_Completeren aanvraag,res_230c0182-4111-4506-bfd5-9b0719b08311,Role 1,2012-03-01 17:48:10.963848205,632,1,res_230c0182-4111-4506-bfd5-9b0719b08311,2012-03-01 17:46:16.701152206,0.02564102564102564
Case790,W_Nabellen offertes,res_40e4f4c6-1170-4ce1-ba24-0dfa2dd61b15,Role 1,2012-03-03 01:42:44.469948206,631,1,res_40e4f4c6-1170-4ce1-ba24-0dfa2dd61b15,2012-03-03 01:41:03.461435206,0.0
Case790,W_Nabellen offertes,res_dec66574-3de2-4d20-a02f-ab348539e500,Role 1,2012-03-06 13:48:51.660220405,634,1,res_dec66574-3de2-4d20-a02f-ab348539e500,2012-03-06 13:44:58.633728405,0.0
Case791,W_Afhandelen leads,res_7c2a7682-7073-471d-9707-2acad2b806ab,Role 1,2012-03-01 13:32:10.740746992,628,0,res_7c2a7682-7073-471d-9707-2acad2b806ab,2012-03-01 13:29:05.591248992,0.0
Case791,W_Completeren aanvraag,res_219a258e-f803-4016-b457-8c77c3b88a65,Role 1,2012-03-01 14:39:29.229466192,631,1,res_219a258e-f803-4016-b457-8c77c3b88a65,2012-03-01 14:36:59.871973192,0.02564102564102564
Case791,W_Nabellen offertes,res_b42bc940-a579-4310-8bba-a668ba469508,Role 1,2012-03-04 12:34:45.930840092,622,1,res_b42bc940-a579-4310-8bba-a668ba469508,2012-03-04 12:28:25.925680092,0.0
Case792,W_Afhandelen leads,res_709ed04f-5b76-49c4-aeeb-ad921b6f6ca1,Role 1,2012-03-01 13:50:00.770102949,629,0,res_709ed04f-5b76-49c4-aeeb-ad921b6f6ca1,2012-03-01 13:46:55.498515949,0.0
Case792,W_Completeren aanvraag,res_bb73aa9d-d45e-496a-a1ec-c9fe6e899287,Role 1,2012-03-01 14:56:07.041236849,631,1,res_bb73aa9d-d45e-496a-a1ec-c9fe6e899287,2012-03-01 14:53:36.517047849,0.0
Case792,W_Completeren aanvraag,res_f8049b85-d52c-466e-8778-58e1f3f71604,Role 1,2012-03-01 18:17:26.307934049,631,1,res_f8049b85-d52c-466e-8778-58e1f3f71604,2012-03-01 18:15:31.202635049,0.0
Case793,W_Completeren aanvraag,res_7b435aaa-ab1b-4205-92d4-81495e1b2d15,Role 1,2012-03-01 14:00:34.293159020,630,1,res_7b435aaa-ab1b-4205-92d4-81495e1b2d15,2012-03-01 13:57:59.405191020,0.0
Case793,W_Nabellen offertes,res_d5f36d0a-a64a-45e5-8850-daee823f6c96,Role 1,2012-03-01 14:35:08.015190320,631,1,res_d5f36d0a-a64a-45e5-8850-daee823f6c96,2012-03-01 14:32:59.433227320,0.0
Case794,W_Afhandelen leads,res_6488ab10-d3ee-4b87-935d-302131660e4e,Role 1,2012-03-01 14:01:18.189477581,631,0,res_6488ab10-d3ee-4b87-935d-302131660e4e,2012-03-01 13:58:14.516875581,0.02564102564102564
Case794,W_Completeren aanvraag,res_f8049b85-d52c-466e-8778-58e1f3f71604,Role 1,2012-03-01 15:06:42.483949381,632,2,res_f8049b85-d52c-466e-8778-58e1f3f71604,2012-03-01 15:04:16.094243381,0.02564102564102564
Case794,W_Nabellen offertes,res_5724148e-e102-4421-a053-83c428a11f68,Role 1,2012-03-04 12:57:25.119087081,621,1,res_5724148e-e102-4421-a053-83c428a11f68,2012-03-04 12:50:25.615954081,0.0
Case794,W_Nabellen offertes,res_40e4f4c6-1170-4ce1-ba24-0dfa2dd61b15,Role 1,2012-03-09 04:26:35.117091781,621,1,res_40e4f4c6-1170-4ce1-ba24-0dfa2dd61b15,2012-03-09 04:24:44.815446781,0.0
Case795,W_Completeren aanvraag,res_dec66574-3de2-4d20-a02f-ab348539e500,Role 1,2012-03-01 14:22:31.224032248,631,2,res_dec66574-3de2-4d20-a02f-ab348539e500,2012-03-01 14:20:04.196204248,0.02564102564102564
Case795,W_Completeren aanvraag,res_8a4ef218-abd5-42fa-9b05-623b7ba3c08b,Role 1,2012-03-01 15:26:44.655562148,630,1,res_8a4ef218-abd5-42fa-9b05-623b7ba3c08b,2012-03-01 15:24:22.562629148,0.0
Case795,W_Completeren aanvraag,res_1b3fa211-3349-4835-aae7-baccd0368824,Role 1,2012-03-01 18:32:20.798369648,630,1,res_1b3fa211-3349-4835-aae7-baccd0368824,2012-03-01 18:30:29.477815648,0.0
Case795,W_Completeren aanvraag,res_4c3013be-6589-47a8-a7c4-f99f2e4b9a48,Role 1,2012-03-01 20:32:04.987274148,626,1,res_4c3013be-6589-47a8-a7c4-f99f2e4b9a48,2012-03-01 20:30:20.860639148,0.0
Case795,W_Completeren aanvraag,res_1b3fa211-3349-4835-aae7-baccd0368824,Role 1,2012-03-02 01:47:14.581711347,622,1,res_1b3fa211-3349-4835-aae7-baccd0368824,2012-03-02 01:45:27.072941348,0.0
Case795,W_Completeren aanvraag,res_5a3eddbb-0eb4-49ac-9904-07583235092c,Role 1,2012-03-02 12:38:01.998866748,615,1,res_5a3eddbb-0eb4-49ac-9904-07583235092c,2012-03-02 12:36:14.677030748,0.02564102564102564
Case795,W_Completeren aanvraag,res_1b9a0c06-ad62-425d-8a95-45a175c5555c,Role 1,2012-03-02 15:27:37.969431948,622,4,res_1b9a0c06-ad62-425d-8a95-45a175c5555c,2012-03-02 15:25:51.077877948,0.07692307692307693
Case795,W_Nabellen offertes,res_219a258e-f803-4016-b457-8c77c3b88a65,Role 1,2012-03-03 01:01:12.954082648,630,1,res_219a258e-f803-4016-b457-8c77c3b88a65,2012-03-03 00:59:35.715924648,0.0
Case795,W_Nabellen offertes,res_7c2a7682-7073-471d-9707-2acad2b806ab,Role 1,2012-03-06 02:48:37.624555848,626,1,res_7c2a7682-7073-471d-9707-2acad2b806ab,2012-03-06 02:47:02.804056848,0.02564102564102564
Case795,W_Nabellen offertes,res_1b3fa211-3349-4835-aae7-baccd0368824,Role 1,2012-03-07 14:16:12.225416348,636,1,res_1b3fa211-3349-4835-aae7-baccd0368824,2012-03-07 14:14:33.333831348,0.0
Case795,W_Nabellen offertes,res_6488ab10-d3ee-4b87-935d-302131660e4e,Role 1,2012-03-09 02:59:36.846360948,623,2,res_6488ab10-d3ee-4b87-935d-302131660e4e,2012-03-09 02:56:05.417775948,0.02564102564102564
Case795,W_Nabellen offertes,res_7c2a7682-7073-471d-9707-2acad2b806ab,Role 1,2012-03-10 13:20:21.064026548,632,1,res_7c2a7682-7073-471d-9707-2acad2b806ab,2012-03-10 13:18:40.590669548,0.02564102564102564
Case795,W_Nabellen offertes,res_bb73aa9d-d45e-496a-a1ec-c9fe6e899287,Role 1,2012-03-12 08:28:39.966329248,615,1,res_bb73aa9d-d45e-496a-a1ec-c9fe6e899287,2012-03-12 08:22:26.372154248,0.0
Case796,W_Afhandelen leads,res_bb73aa9d-d45e-496a-a1ec-c9fe6e899287,Role 1,2012-03-01 14:38:32.624711502,631,0,res_bb73aa9d-d45e-496a-a1ec-c9fe6e899287,2012-03-01 14:35:26.008962502,0.0
Case796,W_Completeren aanvraag,res_b42bc940-a579-4310-8bba-a668ba469508,Role 1,2012-03-01 15:42:14.752581402,630,1,res_b42bc940-a579-4310-8bba-a668ba469508,2012-03-01 15:39:43.677117402,0.0
Case796,W_Completeren aanvraag,res_0fc057cb-3a7d-47d3-8cd2-6d92b33620c4,Role 1,2012-03-01 18:41:51.032382602,629,1,res_0fc057cb-3a7d-47d3-8cd2-6d92b33620c4,2012-03-01 18:39:55.392375602,0.0
Case796,W_Nabellen offertes,res_1b3fa211-3349-4835-aae7-baccd0368824,Role 1,2012-03-03 08:27:29.490896702,625,1,res_1b3fa211-3349-4835-aae7-baccd0368824,2012-03-03 08:25:03.290897702,0.0
Case797,W_Completeren aanvraag,res_a60942a0-f9c4-436b-a4d0-6eeb41b2f0f2,Role 1,2012-03-01 15:00:52.663772690,632,1,res_a60942a0-f9c4-436b-a4d0-6eeb41b2f0f2,2012-03-01 14:58:18.149920690,0.0
Case798,W_Completeren aanvraag,res_dec66574-3de2-4d20-a02f-ab348539e500,Role 1,2012-03-01 15:02:18.411193157,633,3,res_dec66574-3de2-4d20-a02f-ab348539e500,2012-03-01 14:59:56.879593158,0.05128205128205128
Case799,W_Afhandelen leads,res_219a258e-f803-4016-b457-8c77c3b88a65,Role 1,2012-03-01 16:02:13.283719933,631,0,res_219a258e-f803-4016-b457-8c77c3b88a65,2012-03-01 15:59:03.088236933,0.0
Case799,W_Completeren aanvraag,res_4bfd217b-a1fe-4479-a77c-aded82769086,Role 1,2012-03-01 17:04:38.997677133,632,1,res_4bfd217b-a1fe-4479-a77c-aded82769086,2012-03-01 17:02:06.300820133,0.0
Case8,W_Afhandelen leads,res_bb73aa9d-d45e-496a-a1ec-c9fe6e899287,Role 1,2012-02-14 07:37:29.469929273,523,0,res_bb73aa9d-d45e-496a-a1ec-c9fe6e899287,2012-02-14 07:34:26.547381273,0.0
Case8,W_Completeren aanvraag,res_5724148e-e102-4421-a053-83c428a11f68,Role 1,2012-02-14 10:17:42.895672873,539,1,res_5724148e-e102-4421-a053-83c428a11f68,2012-02-14 10:15:18.185246873,0.0
Case8,W_Nabellen offertes,res_b42bc940-a579-4310-8bba-a668ba469508,Role 1,2012-02-15 03:10:24.826096573,546,1,res_b42bc940-a579-4310-8bba-a668ba469508,2012-02-15 03:08:12.054556573,0.0
Case8,W_Nabellen offertes,res_709ed04f-5b76-49c4-aeeb-ad921b6f6ca1,Role 1,2012-02-21 22:34:38.011331473,632,1,res_709ed04f-5b76-49c4-aeeb-ad921b6f6ca1,2012-02-21 22:30:58.343738473,0.0
Case80,W_Completeren aanvraag,res_7b435aaa-ab1b-4205-92d4-81495e1b2d15,Role 1,2012-02-15 09:50:34.473798298,554,1,res_7b435aaa-ab1b-4205-92d4-81495e1b2d15,2012-02-15 09:47:46.218500298,0.0
Case800,W_Afhandelen leads,res_bae84d23-abe1-4580-a954-c8576ba025c9,Role 1,2012-03-01 16:02:23.072735769,632,1,res_bae84d23-abe1-4580-a954-c8576ba025c9,2012-03-01 15:59:20.214812769,0.02564102564102564
Case800,W_Completeren aanvraag,res_40e4f4c6-1170-4ce1-ba24-0dfa2dd61b15,Role 1,2012-03-01 17:04:44.908461069,632,2,res_40e4f4c6-1170-4ce1-ba24-0dfa2dd61b15,2012-03-01 17:02:18.136706069,0.02564102564102564
Case801,W_Completeren aanvraag,res_1d01c37d-a137-4a7e-8f12-e8c97f0c7f2b,Role 1,2012-03-01 16:16:47.047599262,633,1,res_1d01c37d-a137-4a7e-8f12-e8c97f0c7f2b,2012-03-01 16:14:10.796756263,0.0
Case802,W_Afhandelen leads,res_8a4ef218-abd5-42fa-9b05-623b7ba3c08b,Role 1,2012-03-01 16:45:00.766344482,632,0,res_8a4ef218-abd5-42fa-9b05-623b7ba3c08b,2012-03-01 16:41:49.052275482,0.0
Case802,W_Completeren aanvraag,res_4ea7e99f-9f77-43d0-af71-4b2253ae6764,Role 1,2012-03-01 17:48:14.158796982,631,2,res_4ea7e99f-9f77-43d0-af71-4b2253ae6764,2012-03-01 17:45:44.072400982,0.02564102564102564
Case802,W_Completeren aanvraag,res_a400b893-c7da-495f-bf62-a744eeccb8c5,Role 1,2012-03-01 21:04:13.350948782,626,1,res_a400b893-c7da-495f-bf62-a744eeccb8c5,2012-03-01 21:02:16.943453782,0.0
Case802,W_Nabellen offertes,res_1d01c37d-a137-4a7e-8f12-e8c97f0c7f2b,Role 1,2012-03-03 10:07:58.044335882,621,1,res_1d01c37d-a137-4a7e-8f12-e8c97f0c7f2b,2012-03-03 10:05:24.578082882,0.0
Case803,W_Afhandelen leads,res_f8049b85-d52c-466e-8778-58e1f3f71604,Role 1,2012-03-01 17:02:16.841645679,633,0,res_f8049b85-d52c-466e-8778-58e1f3f71604,2012-03-01 16:59:07.728727679,0.05128205128205128
Case803,W_Completeren aanvraag,res_08871a3e-f393-4f22-a0a4-e36c9d59a78e,Role 1,2012-03-01 18:06:18.164485479,630,1,res_08871a3e-f393-4f22-a0a4-e36c9d59a78e,2012-03-01 18:03:44.700147479,0.0
Case803,W_Nabellen offertes,res_d856942c-e08c-4dce-8114-31eacb6f69b7,Role 1,2012-03-05 18:05:33.391803879,609,2,res_d856942c-e08c-4dce-8114-31eacb6f69b7,2012-03-05 18:00:19.680845879,0.02564102564102564
Case804,W_Afhandelen leads,res_d39cd18a-e6fc-4de4-b991-deff4ba6e82a,Role 1,2012-03-01 17:02:39.225080252,632,1,res_d39cd18a-e6fc-4de4-b991-deff4ba6e82a,2012-03-01 16:59:33.922314252,0.02564102564102564
Case804,W_Completeren aanvraag,res_8a4ef218-abd5-42fa-9b05-623b7ba3c08b,Role 1,2012-03-01 18:06:31.631515852,630,2,res_8a4ef218-abd5-42fa-9b05-623b7ba3c08b,2012-03-01 18:04:03.391462852,0.02564102564102564
Case804,W_Completeren aanvraag,res_4bfd217b-a1fe-4479-a77c-aded82769086,Role 1,2012-03-01 20:50:22.076713852,625,1,res_4bfd217b-a1fe-4479-a77c-aded82769086,2012-03-01 20:48:26.445437852,0.0
Case804,W_Nabellen offertes,res_7c2a7682-7073-471d-9707-2acad2b806ab,Role 1,2012-03-03 08:58:02.586090651,624,1,res_7c2a7682-7073-471d-9707-2acad2b806ab,2012-03-03 08:55:33.324782652,0.0
Case805,W_Afhandelen leads,res_4bfd217b-a1fe-4479-a77c-aded82769086,Role 1,2012-03-01 17:23:27.863446573,632,0,res_4bfd217b-a1fe-4479-a77c-aded82769086,2012-03-01 17:20:15.095339573,0.0
Case805,W_Completeren aanvraag,res_1d01c37d-a137-4a7e-8f12-e8c97f0c7f2b,Role 1,2012-03-01 18:28:17.574151273,629,2,res_1d01c37d-a137-4a7e-8f12-e8c97f0c7f2b,2012-03-01 18:25:46.620971273,0.02564102564102564
Case805,W_Completeren aanvraag,res_0fc057cb-3a7d-47d3-8cd2-6d92b33620c4,Role 1,2012-03-01 22:18:59.502016173,625,1,res_0fc057cb-3a7d-47d3-8cd2-6d92b33620c4,2012-03-01 22:17:02.146935173,0.0
Case806,W_Completeren aanvraag,res_1b3fa211-3349-4835-aae7-baccd0368824,Role 1,2012-03-01 17:39:47.048407471,632,1,res_1b3fa211-3349-4835-aae7-baccd0368824,2012-03-01 17:37:09.593096471,0.02564102564102564
Case806,W_Nabellen offertes,res_9a47d014-a019-4396-9e72-1d1379a66c99,Role 1,2012-03-01 18:03:22.768907871,630,1,res_9a47d014-a019-4396-9e72-1d1379a66c99,2012-03-01 18:01:12.325954871,0.05128205128205128
Case807,W_Completeren aanvraag,res_6488ab10-d3ee-4b87-935d-302131660e4e,Role 1,2012-03-01 18:01:58.055068448,631,3,res_6488ab10-d3ee-4b87-935d-302131660e4e,2012-03-01 17:59:34.533022448,0.07692307692307693
Case808,W_Completeren aanvraag,res_1d01c37d-a137-4a7e-8f12-e8c97f0c7f2b,Role 1,2012-03-01 18:02:53.241853057,632,4,res_1d01c37d-a137-4a7e-8f12-e8c97f0c7f2b,2012-03-01 18:00:33.972315057,0.10256410256410256
Case808,W_Completeren aanvraag,res_5724148e-e102-4421-a053-83c428a11f68,Role 1,2012-03-01 19:09:26.484784857,627,1,res_5724148e-e102-4421-a053-83c428a11f68,2012-03-01 19:07:07.434192857,0.02564102564102564
Case808,W_Completeren aanvraag,res_4ea7e99f-9f77-43d0-af71-4b2253ae6764,Role 1,2012-03-02 02:12:17.257666257,621,1,res_4ea7e99f-9f77-43d0-af71-4b2253ae6764,2012-03-02 02:10:19.092279257,0.0
Case809,W_Completeren aanvraag,res_4bfd217b-a1fe-4479-a77c-aded82769086,Role 1,2012-03-01 18:30:02.160132680,630,1,res_4bfd217b-a1fe-4479-a77c-aded82769086,2012-03-01 18:27:23.870443680,0.02564102564102564
Case81,W_Completeren aanvraag,res_4bfd217b-a1fe-4479-a77c-aded82769086,Role 1,2012-02-15 10:04:53.470779668,553,1,res_4bfd217b-a1fe-4479-a77c-aded82769086,2012-02-15 10:02:06.577074668,0.0
Case81,W_Nabellen offertes,res_08871a3e-f393-4f22-a0a4-e36c9d59a78e,Role 1,2012-02-15 10:52:02.043185468,551,1,res_08871a3e-f393-4f22-a0a4-e36c9d59a78e,2012-02-15 10:49:36.987382468,0.0
Case81,W_Nabellen offertes,res_709ed04f-5b76-49c4-aeeb-ad921b6f6ca1,Role 1,2012-02-22 20:38:27.436358068,627,2,res_709ed04f-5b76-49c4-aeeb-ad921b6f6ca1,2012-02-22 20:35:09.255300068,0.02564102564102564
Case81,W_Nabellen offertes,res_5a3eddbb-0eb4-49ac-9904-07583235092c,Role 1,2012-02-24 11:49:55.812973768,644,1,res_5a3eddbb-0eb4-49ac-9904-07583235092c,2012-02-24 11:48:12.045394768,0.02564102564102564
Case810,W_Afhandelen leads,res_b70af2ff-820e-4016-a03c-831214a09681,Role 1,2012-03-01 19:02:34.209951083,627,0,res_b70af2ff-820e-4016-a03c-831214a09681,2012-03-01 18:59:20.032046083,0.0
Case810,W_Completeren aanvraag,res_57e6001e-3d34-44ab-b1e6-21b6b1001542,Role 1,2012-03-01 20:12:53.161445183,627,2,res_57e6001e-3d34-44ab-b1e6-21b6b1001542,2012-03-01 20:10:21.682625183,0.05128205128205128
Case810,W_Nabellen offertes,res_a60942a0-f9c4-436b-a4d0-6eeb41b2f0f2,Role 1,2012-03-09 07:25:39.991549583,626,1,res_a60942a0-f9c4-436b-a4d0-6eeb41b2f0f2,2012-03-09 07:23:50.468189583,0.02564102564102564
Case810,W_Nabellen offertes,res_408efd66-8ed2-49bc-94a8-733c7b98a934,Role 1,2012-03-12 20:57:23.673851383,609,1,res_408efd66-8ed2-49bc-94a8-733c7b98a934,2012-03-12 20:55:48.746559383,0.0
Case810,W_Nabellen offertes,res_bb73aa9d-d45e-496a-a1ec-c9fe6e899287,Role 1,2012-03-15 12:24:39.905352583,615,1,res_bb73aa9d-d45e-496a-a1ec-c9fe6e899287,2012-03-15 12:14:07.625470583,0.0
Case811,W_Completeren aanvraag,res_6488ab10-d3ee-4b87-935d-302131660e4e,Role 1,2012-03-01 19:16:56.226692401,628,1,res_6488ab10-d3ee-4b87-935d-302131660e4e,2012-03-01 19:14:16.658663401,0.0
Case811,W_Nabellen offertes,res_7c2a7682-7073-471d-9707-2acad2b806ab,Role 1,2012-03-01 19:37:27.816335001,627,1,res_7c2a7682-7073-471d-9707-2acad2b806ab,2012-03-01 19:35:13.508269001,0.0
Case812,W_Completeren aanvraag,res_4c3013be-6589-47a8-a7c4-f99f2e4b9a48,Role 1,2012-03-01 20:06:48.259334861,627,1,res_4c3013be-6589-47a8-a7c4-f99f2e4b9a48,2012-03-01 20:04:10.787097861,0.02564102564102564
Case812,W_Nabellen offertes,res_40e4f4c6-1170-4ce1-ba24-0dfa2dd61b15,Role 1,2012-03-01 20:25:32.796721861,626,1,res_40e4f4c6-1170-4ce1-ba24-0dfa2dd61b15,2012-03-01 20:23:17.714273861,0.0
Case813,W_Afhandelen leads,res_08871a3e-f393-4f22-a0a4-e36c9d59a78e,Role 1,2012-03-01 20:38:44.504480316,626,0,res_08871a3e-f393-4f22-a0a4-e36c9d59a78e,2012-03-01 20:35:30.680657316,0.0
Case813,W_Completeren aanvraag,res_1b9a0c06-ad62-425d-8a95-45a175c5555c,Role 1,2012-03-01 21:55:39.054362616,627,1,res_1b9a0c06-ad62-425d-8a95-45a175c5555c,2012-03-01 21:53:03.776476616,0.02564102564102564
Case814,W_Completeren aanvraag,res_5a3eddbb-0eb4-49ac-9904-07583235092c,Role 1,2012-03-01 21:03:24.776353295,627,1,res_5a3eddbb-0eb4-49ac-9904-07583235092c,2012-03-01 21:00:47.893787295,0.0
Case814,W_Completeren aanvraag,res_5a3eddbb-0eb4-49ac-9904-07583235092c,Role 1,2012-03-01 22:22:03.293033595,625,1,res_5a3eddbb-0eb4-49ac-9904-07583235092c,2012-03-01 22:19:26.610446595,0.0
Case815,W_Afhandelen leads,res_dec66574-3de2-4d20-a02f-ab348539e500,Role 1,2012-03-01 21:04:39.253546155,628,0,res_dec66574-3de2-4d20-a02f-ab348539e500,2012-03-01 21:01:27.184167155,0.02564102564102564
Case815,W_Completeren aanvraag,res_4d502259-de4c-4574-91b7-d3c939a9cf04,Role 1,2012-03-01 22:23:18.542842955,625,2,res_4d502259-de4c-4574-91b7-d3c939a9cf04,2012-03-01 22:20:45.750533955,0.02564102564102564
Case815,W_Nabellen offertes,res_0fc057cb-3a7d-47d3-8cd2-6d92b33620c4,Role 1,2012-03-08 20:52:15.905218355,628,1,res_0fc057cb-3a7d-47d3-8cd2-6d92b33620c4,2012-03-08 20:49:12.695928355,0.0
Case816,W_Afhandelen leads,res_4bfd217b-a1fe-4479-a77c-aded82769086,Role 1,2012-03-01 22:04:39.238047713,624,0,res_4bfd217b-a1fe-4479-a77c-aded82769086,2012-03-01 22:01:26.787429713,0.0
Case816,W_Completeren aanvraag,res_4c3013be-6589-47a8-a7c4-f99f2e4b9a48,Role 1,2012-03-01 23:28:31.371909113,624,1,res_4c3013be-6589-47a8-a7c4-f99f2e4b9a48,2012-03-01 23:25:54.315567113,0.0
Case816,W_Nabellen offertes,res_59c642c1-18f5-484a-aed6-a023ede79a28,Role 1,2012-03-08 19:19:17.252494013,630,1,res_59c642c1-18f5-484a-aed6-a023ede79a28,2012-03-08 19:16:45.496334013,0.0
Case816,W_Nabellen offertes,res_13020984-8d57-4f3c-8ba3-5a323081e70b,Role 1,2012-03-11 23:46:29.749486913,622,1,res_13020984-8d57-4f3c-8ba3-5a323081e70b,2012-03-11 23:44:43.692344913,0.0
Case816,W_Nabellen offertes,res_6488ab10-d3ee-4b87-935d-302131660e4e,Role 1,2012-03-14 01:17:55.866359213,641,1,res_6488ab10-d3ee-4b87-935d-302131660e4e,2012-03-14 01:16:21.033706213,0.0
Case817,W_Afhandelen leads,res_57e6001e-3d34-44ab-b1e6-21b6b1001542,Role 1,2012-03-01 22:04:53.532717737,625,1,res_57e6001e-3d34-44ab-b1e6-21b6b1001542,2012-03-01 22:01:48.951233737,0.02564102564102564
Case817,W_Completeren aanvraag,res_5724148e-e102-4421-a053-83c428a11f68,Role 1,2012-03-01 23:28:40.991569937,624,2,res_5724148e-e102-4421-a053-83c428a11f68,2012-03-01 23:26:09.907838937,0.02564102564102564
Case818,W_Afhandelen leads,res_f8049b85-d52c-466e-8778-58e1f3f71604,Role 1,2012-03-01 23:03:05.636256265,624,0,res_f8049b85-d52c-466e-8778-58e1f3f71604,2012-03-01 22:59:54.713139265,0.0
Case818,W_Completeren aanvraag,res_57e6001e-3d34-44ab-b1e6-21b6b1001542,Role 1,2012-03-02 00:36:57.388680865,622,1,res_57e6001e-3d34-44ab-b1e6-21b6b1001542,2012-03-02 00:34:19.221687865,0.0
Case818,W_Nabellen offertes,res_570add54-a9ce-40af-8ebf-c88ddafd5fef,Role 1,2012-03-07 16:03:18.542903465,634,1,res_570add54-a9ce-40af-8ebf-c88ddafd5fef,2012-03-07 16:01:01.111871465,0.0
Case818,W_Nabellen offertes,res_b42bc940-a579-4310-8bba-a668ba469508,Role 1,2012-03-10 20:24:56.986003065,631,1,res_b42bc940-a579-4310-8bba-a668ba469508,2012-03-10 20:23:13.269567065,0.0
Case819,W_Completeren aanvraag,res_d856942c-e08c-4dce-8114-31eacb6f69b7,Role 1,2012-03-02 11:11:03.670409126,613,1,res_d856942c-e08c-4dce-8114-31eacb6f69b7,2012-03-02 11:07:58.563424126,0.0
Case82,W_Afhandelen leads,res_230c0182-4111-4506-bfd5-9b0719b08311,Role 1,2012-02-15 10:18:46.432529892,554,0,res_230c0182-4111-4506-bfd5-9b0719b08311,2012-02-15 10:15:34.548475892,0.0
Case82,W_Completeren aanvraag,res_d39cd18a-e6fc-4de4-b991-deff4ba6e82a,Role 1,2012-02-15 11:48:17.144501192,552,1,res_d39cd18a-e6fc-4de4-b991-deff4ba6e82a,2012-02-15 11:45:43.776841192,0.02564102564102564
Case82,W_Nabellen offertes,res_40e4f4c6-1170-4ce1-ba24-0dfa2dd61b15,Role 1,2012-02-16 18:16:42.314292092,575,1,res_40e4f4c6-1170-4ce1-ba24-0dfa2dd61b15,2012-02-16 18:14:47.852408092,0.0
Case82,W_Nabellen offertes,res_d39cd18a-e6fc-4de4-b991-deff4ba6e82a,Role 1,2012-02-23 15:29:51.911941292,642,2,res_d39cd18a-e6fc-4de4-b991-deff4ba6e82a,2012-02-23 15:28:16.807786292,0.02564102564102564
Case82,W_Nabellen offertes,res_5a3eddbb-0eb4-49ac-9904-07583235092c,Role 1,2012-02-25 13:23:44.582639692,635,1,res_5a3eddbb-0eb4-49ac-9904-07583235092c,2012-02-25 13:22:05.672000692,0.02564102564102564
Case82,W_Nabellen offertes,res_d5f36d0a-a64a-45e5-8850-daee823f6c96,Role 1,2012-02-27 21:30:48.829733792,616,1,res_d5f36d0a-a64a-45e5-8850-daee823f6c96,2012-02-27 21:29:17.890645792,0.0
Case82,W_Nabellen offertes,res_6488ab10-d3ee-4b87-935d-302131660e4e,Role 1,2012-02-29 22:14:13.374897992,632,1,res_6488ab10-d3ee-4b87-935d-302131660e4e,2012-02-29 22:12:34.739767992,0.0
Case82,W_Nabellen offertes,res_408efd66-8ed2-49bc-94a8-733c7b98a934,Role 1,2012-03-02 11:11:40.156679592,628,2,res_408efd66-8ed2-49bc-94a8-733c7b98a934,2012-03-02 11:09:55.696614592,0.02564102564102564
Case820,W_Afhandelen leads,res_d5f36d0a-a64a-45e5-8850-daee823f6c96,Role 1,2012-03-02 11:16:54.437900293,613,0,res_d5f36d0a-a64a-45e5-8850-daee823f6c96,2012-03-02 11:13:25.983256293,0.0
Case820,W_Completeren aanvraag,res_7b435aaa-ab1b-4205-92d4-81495e1b2d15,Role 1,2012-03-02 12:37:30.898878393,620,1,res_7b435aaa-ab1b-4205-92d4-81495e1b2d15,2012-03-02 12:35:11.019626393,0.02564102564102564
Case820,W_Nabellen offertes,res_59c642c1-18f5-484a-aed6-a023ede79a28,Role 1,2012-03-08 00:29:11.870023493,631,2,res_59c642c1-18f5-484a-aed6-a023ede79a28,2012-03-08 00:27:15.300566493,0.02564102564102564
Case820,W_Nabellen offertes,res_0fc057cb-3a7d-47d3-8cd2-6d92b33620c4,Role 1,2012-03-10 14:13:03.567064393,636,1,res_0fc057cb-3a7d-47d3-8cd2-6d92b33620c4,2012-03-10 14:11:24.769175393,0.05128205128205128
Case821,W_Completeren aanvraag,res_a400b893-c7da-495f-bf62-a744eeccb8c5,Role 1,2012-03-02 11:23:30.736700741,614,1,res_a400b893-c7da-495f-bf62-a744eeccb8c5,2012-03-02 11:20:27.095532741,0.0
Case821,W_Nabellen offertes,res_d856942c-e08c-4dce-8114-31eacb6f69b7,Role 1,2012-03-02 12:08:48.243218041,618,1,res_d856942c-e08c-4dce-8114-31eacb6f69b7,2012-03-02 12:06:46.651047041,0.0
Case821,W_Nabellen offertes,res_9a47d014-a019-4396-9e72-1d1379a66c99,Role 1,2012-03-10 23:47:18.718397341,626,1,res_9a47d014-a019-4396-9e72-1d1379a66c99,2012-03-10 23:43:52.719866341,0.0
Case821,W_Nabellen offertes,res_4ea7e99f-9f77-43d0-af71-4b2253ae6764,Role 1,2012-03-13 17:35:03.205164041,625,1,res_4ea7e99f-9f77-43d0-af71-4b2253ae6764,2012-03-13 17:33:26.497664041,0.02564102564102564
Case822,W_Completeren aanvraag,res_a400b893-c7da-495f-bf62-a744eeccb8c5,Role 1,2012-03-02 11:34:14.155894700,615,1,res_a400b893-c7da-495f-bf62-a744eeccb8c5,2012-03-02 11:31:11.860740700,0.0
Case822,W_Completeren aanvraag,res_230c0182-4111-4506-bfd5-9b0719b08311,Role 1,2012-03-02 12:52:45.003781900,619,1,res_230c0182-4111-4506-bfd5-9b0719b08311,2012-03-02 12:50:29.154984900,0.0
Case822,W_Nabellen offertes,res_1d01c37d-a137-4a7e-8f12-e8c97f0c7f2b,Role 1,2012-03-08 02:39:44.813411600,629,1,res_1d01c37d-a137-4a7e-8f12-e8c97f0c7f2b,2012-03-08 02:37:55.815131600,0.02564102564102564
Case822,W_Nabellen offertes,res_d856942c-e08c-4dce-8114-31eacb6f69b7,Role 1,2012-03-10 17:55:44.501552200,632,1,res_d856942c-e08c-4dce-8114-31eacb6f69b7,2012-03-10 17:53:56.956609200,0.0
Case823,W_Afhandelen leads,res_b70af2ff-820e-4016-a03c-831214a09681,Role 1,2012-03-02 11:44:12.633286314,616,0,res_b70af2ff-820e-4016-a03c-831214a09681,2012-03-02 11:40:48.119645314,0.02564102564102564
Case823,W_Completeren aanvraag,res_4bfd217b-a1fe-4479-a77c-aded82769086,Role 1,2012-03-02 13:01:45.374830814,620,1,res_4bfd217b-a1fe-4479-a77c-aded82769086,2012-03-02 12:59:23.936175814,0.0
Case823,W_Nabellen offertes,res_4c3013be-6589-47a8-a7c4-f99f2e4b9a48,Role 1,2012-03-08 04:34:53.822144414,632,1,res_4c3013be-6589-47a8-a7c4-f99f2e4b9a48,2012-03-08 04:33:05.335174414,0.0
Case824,W_Afhandelen leads,res_d39cd18a-e6fc-4de4-b991-deff4ba6e82a,Role 1,2012-03-02 11:53:47.852049927,617,0,res_d39cd18a-e6fc-4de4-b991-deff4ba6e82a,2012-03-02 11:50:24.378549927,0.02564102564102564
Case824,W_Completeren aanvraag,res_4bfd217b-a1fe-4479-a77c-aded82769086,Role 1,2012-03-02 13:10:23.957214227,620,1,res_4bfd217b-a1fe-4479-a77c-aded82769086,2012-03-02 13:08:02.213679227,0.0
Case824,W_Nabellen offertes,res_d856942c-e08c-4dce-8114-31eacb6f69b7,Role 1,2012-03-08 06:21:19.730451227,630,1,res_d856942c-e08c-4dce-8114-31eacb6f69b7,2012-03-08 06:19:33.551948227,0.0
Case825,W_Afhandelen leads,res_0ba00481-2705-40d0-b647-5ea4bd04a214,Role 1,2012-03-02 12:01:18.612145861,618,0,res_0ba00481-2705-40d0-b647-5ea4bd04a214,2012-03-02 11:57:54.706749861,0.0
Case825,W_Completeren aanvraag,res_08871a3e-f393-4f22-a0a4-e36c9d59a78e,Role 1,2012-03-02 13:17:13.928217261,620,1,res_08871a3e-f393-4f22-a0a4-e36c9d59a78e,2012-03-02 13:14:51.501719261,0.0
Case826,W_Afhandelen leads,res_1d01c37d-a137-4a7e-8f12-e8c97f0c7f2b,Role 1,2012-03-02 12:11:06.855553761,619,0,res_1d01c37d-a137-4a7e-8f12-e8c97f0c7f2b,2012-03-02 12:07:44.062447761,0.0
Case826,W_Completeren aanvraag,res_0ba00481-2705-40d0-b647-5ea4bd04a214,Role 1,2012-03-02 13:25:45.246399461,621,1,res_0ba00481-2705-40d0-b647-5ea4bd04a214,2012-03-02 13:23:22.539771461,0.0
Case826,W_Nabellen offertes,res_b70af2ff-820e-4016-a03c-831214a09681,Role 1,2012-03-08 06:36:38.977357661,629,1,res_b70af2ff-820e-4016-a03c-831214a09681,2012-03-08 06:34:52.957627661,0.0
Case827,W_Afhandelen leads,res_219a258e-f803-4016-b457-8c77c3b88a65,Role 1,2012-03-02 12:11:59.369962919,620,1,res_219a258e-f803-4016-b457-8c77c3b88a65,2012-03-02 12:08:47.531522919,0.02564102564102564
Case827,W_Completeren aanvraag,res_3efedec2-7c7d-4360-b422-dcf1d20a8bfd,Role 1,2012-03-02 13:26:54.532848019,621,2,res_3efedec2-7c7d-4360-b422-dcf1d20a8bfd,2012-03-02 13:24:38.393490019,0.02564102564102564
Case827,W_Nabellen offertes,res_4bfd217b-a1fe-4479-a77c-aded82769086,Role 1,2012-03-08 09:30:09.476503919,633,1,res_4bfd217b-a1fe-4479-a77c-aded82769086,2012-03-08 09:28:27.858450919,0.0
Case827,W_Nabellen offertes,res_5724148e-e102-4421-a053-83c428a11f68,Role 1,2012-03-10 17:20:27.735201719,631,1,res_5724148e-e102-4421-a053-83c428a11f68,2012-03-10 17:18:45.262286719,0.0
Case828,W_Afhandelen leads,res_843e228f-f915-4f9a-b2c1-ff974c62e207,Role 1,2012-03-02 12:33:11.946018539,620,0,res_843e228f-f915-4f9a-b2c1-ff974c62e207,2012-03-02 12:29:52.883243539,0.02564102564102564
Case828,W_Completeren aanvraag,res_d39cd18a-e6fc-4de4-b991-deff4ba6e82a,Role 1,2012-03-02 13:46:30.681105139,622,1,res_d39cd18a-e6fc-4de4-b991-deff4ba6e82a,2012-03-02 13:44:07.725861139,0.0
Case828,W_Nabellen offertes,res_d39cd18a-e6fc-4de4-b991-deff4ba6e82a,Role 1,2012-03-08 12:49:29.629886639,631,1,res_d39cd18a-e6fc-4de4-b991-deff4ba6e82a,2012-03-08 12:47:41.416610639,0.0
Case828,W_Nabellen offertes,res_d39cd18a-e6fc-4de4-b991-deff4ba6e82a,Role 1,2012-03-10 17:11:57.618920639,631,1,res_d39cd18a-e6fc-4de4-b991-deff4ba6e82a,2012-03-10 17:10:16.069496639,0.0
Case828,W_Nabellen offertes,res_d856942c-e08c-4dce-8114-31eacb6f69b7,Role 1,2012-03-13 19:30:31.821457039,632,2,res_d856942c-e08c-4dce-8114-31eacb6f69b7,2012-03-13 19:28:56.664038039,0.05128205128205128
Case828,W_Nabellen offertes,res_f8049b85-d52c-466e-8778-58e1f3f71604,Role 1,2012-03-15 10:05:44.972201339,615,1,res_f8049b85-d52c-466e-8778-58e1f3f71604,2012-03-15 09:55:07.189581339,0.0
Case828,W_Nabellen offertes,res_b70af2ff-820e-4016-a03c-831214a09681,Role 1,2012-03-16 22:28:49.259714939,585,1,res_b70af2ff-820e-4016-a03c-831214a09681,2012-03-16 22:27:03.326396939,0.0
Case829,W_Afhandelen leads,res_1d01c37d-a137-4a7e-8f12-e8c97f0c7f2b,Role 1,2012-03-02 12:52:28.885641953,620,0,res_1d01c37d-a137-4a7e-8f12-e8c97f0c7f2b,2012-03-02 12:49:10.438280953,0.0
Case829,W_Completeren aanvraag,res_4ea7e99f-9f77-43d0-af71-4b2253ae6764,Role 1,2012-03-02 14:04:27.427180553,623,1,res_4ea7e99f-9f77-43d0-af71-4b2253ae6764,2012-03-02 14:02:03.500598553,0.0
Case829,W_Nabellen offertes,res_9a47d014-a019-4396-9e72-1d1379a66c99,Role 1,2012-03-08 15:32:38.022514153,630,1,res_9a47d014-a019-4396-9e72-1d1379a66c99,2012-03-08 15:30:31.079018153,0.0
Case829,W_Nabellen offertes,res_7b435aaa-ab1b-4205-92d4-81495e1b2d15,Role 1,2012-03-11 05:27:22.583479453,621,1,res_7b435aaa-ab1b-4205-92d4-81495e1b2d15,2012-03-11 05:25:40.109528453,0.0
Case829,W_Nabellen offertes,res_59c642c1-18f5-484a-aed6-a023ede79a28,Role 1,2012-03-13 20:42:37.314956353,642,2,res_59c642c1-18f5-484a-aed6-a023ede79a28,2012-03-13 20:40:59.123904353,0.10256410256410256
Case83,W_Completeren aanvraag,res_40e4f4c6-1170-4ce1-ba24-0dfa2dd61b15,Role 1,2012-02-15 10:20:00.972600273,555,1,res_40e4f4c6-1170-4ce1-ba24-0dfa2dd61b15,2012-02-15 10:17:16.300485273,0.02564102564102564
Case830,W_Completeren aanvraag,res_1b9a0c06-ad62-425d-8a95-45a175c5555c,Role 1,2012-03-02 13:10:56.616648992,621,2,res_1b9a0c06-ad62-425d-8a95-45a175c5555c,2012-03-02 13:08:17.918861992,0.02564102564102564
Case830,W_Completeren aanvraag,res_4ea7e99f-9f77-43d0-af71-4b2253ae6764,Role 1,2012-03-02 14:21:20.842031692,624,1,res_4ea7e99f-9f77-43d0-af71-4b2253ae6764,2012-03-02 14:19:05.127071692,0.0
Case831,W_Completeren aanvraag,res_6488ab10-d3ee-4b87-935d-302131660e4e,Role 1,2012-03-02 13:11:21.704834665,622,3,res_6488ab10-d3ee-4b87-935d-302131660e4e,2012-03-02 13:08:52.172013665,0.05128205128205128
Case831,W_Completeren aanvraag,res_408efd66-8ed2-49bc-94a8-733c7b98a934,Role 1,2012-03-02 14:21:46.294873865,624,2,res_408efd66-8ed2-49bc-94a8-733c7b98a934,2012-03-02 14:19:38.996122865,0.02564102564102564
Case832,W_Completeren aanvraag,res_f8049b85-d52c-466e-8778-58e1f3f71604,Role 1,2012-03-02 13:30:20.923859494,622,1,res_f8049b85-d52c-466e-8778-58e1f3f71604,2012-03-02 13:27:32.451562494,0.0
Case832,W_Nabellen offertes,res_13020984-8d57-4f3c-8ba3-5a323081e70b,Role 1,2012-03-02 14:11:03.085244094,623,1,res_13020984-8d57-4f3c-8ba3-5a323081e70b,2012-03-02 14:08:59.126830094,0.0
Case833,W_Afhandelen leads,res_4c3013be-6589-47a8-a7c4-f99f2e4b9a48,Role 1,2012-03-02 13:48:32.938519901,623,0,res_4c3013be-6589-47a8-a7c4-f99f2e4b9a48,2012-03-02 13:45:18.329046901,0.0
Case833,W_Completeren aanvraag,res_4ea7e99f-9f77-43d0-af71-4b2253ae6764,Role 1,2012-03-02 14:57:37.419689001,623,2,res_4ea7e99f-9f77-43d0-af71-4b2253ae6764,2012-03-02 14:55:16.577545001,0.02564102564102564
Case833,W_Completeren aanvraag,res_08871a3e-f393-4f22-a0a4-e36c9d59a78e,Role 1,2012-03-02 18:40:43.700724701,630,1,res_08871a3e-f393-4f22-a0a4-e36c9d59a78e,2012-03-02 18:38:56.044858701,0.07692307692307693
Case833,W_Nabellen offertes,res_13020984-8d57-4f3c-8ba3-5a323081e70b,Role 1,2012-03-04 15:36:18.849996501,620,1,res_13020984-8d57-4f3c-8ba3-5a323081e70b,2012-03-04 15:34:03.591845501,0.02564102564102564
Case834,W_Afhandelen leads,res_1d01c37d-a137-4a7e-8f12-e8c97f0c7f2b,Role 1,2012-03-02 14:11:03.306991703,623,0,res_1d01c37d-a137-4a7e-8f12-e8c97f0c7f2b,2012-03-02 14:07:49.313646703,0.0
Case834,W_Completeren aanvraag,res_f8049b85-d52c-466e-8778-58e1f3f71604,Role 1,2012-03-02 15:19:19.124432303,625,2,res_f8049b85-d52c-466e-8778-58e1f3f71604,2012-03-02 15:16:58.911860303,0.05128205128205128
Case835,W_Completeren aanvraag,res_13020984-8d57-4f3c-8ba3-5a323081e70b,Role 1,2012-03-02 14:12:24.343245184,624,1,res_13020984-8d57-4f3c-8ba3-5a323081e70b,2012-03-02 14:09:39.125221184,0.02564102564102564
Case835,W_Completeren aanvraag,res_709ed04f-5b76-49c4-aeeb-ad921b6f6ca1,Role 1,2012-03-02 15:20:29.805370684,625,3,res_709ed04f-5b76-49c4-aeeb-ad921b6f6ca1,2012-03-02 15:18:19.514195684,0.05128205128205128
Case835,W_Completeren aanvraag,res_59c642c1-18f5-484a-aed6-a023ede79a28,Role 1,2012-03-02 19:05:45.737695584,630,2,res_59c642c1-18f5-484a-aed6-a023ede79a28,2012-03-02 19:04:01.436569584,0.02564102564102564
Case835,W_Nabellen offertes,res_b70af2ff-820e-4016-a03c-831214a09681,Role 1,2012-03-04 16:18:00.098281284,620,1,res_b70af2ff-820e-4016-a03c-831214a09681,2012-03-04 16:16:06.924310284,0.0
Case836,W_Completeren aanvraag,res_13020984-8d57-4f3c-8ba3-5a323081e70b,Role 1,2012-03-02 14:33:40.726444177,622,1,res_13020984-8d57-4f3c-8ba3-5a323081e70b,2012-03-02 14:30:54.551398177,0.0
Case836,W_Completeren aanvraag,res_d856942c-e08c-4dce-8114-31eacb6f69b7,Role 1,2012-03-02 15:41:22.056099277,623,1,res_d856942c-e08c-4dce-8114-31eacb6f69b7,2012-03-02 15:38:59.337273277,0.0
Case836,W_Completeren aanvraag,res_6488ab10-d3ee-4b87-935d-302131660e4e,Role 1,2012-03-02 19:20:57.598879477,629,1,res_6488ab10-d3ee-4b87-935d-302131660e4e,2012-03-02 19:19:09.824353477,0.0
Case836,W_Completeren aanvraag,res_b42bc940-a579-4310-8bba-a668ba469508,Role 1,2012-03-03 02:06:30.857790477,630,1,res_b42bc940-a579-4310-8bba-a668ba469508,2012-03-03 02:04:47.506075477,0.0
Case837,W_Completeren aanvraag,res_1b9a0c06-ad62-425d-8a95-45a175c5555c,Role 1,2012-03-02 14:51:47.757257971,623,1,res_1b9a0c06-ad62-425d-8a95-45a175c5555c,2012-03-02 14:49:01.585240971,0.0
Case837,W_Completeren aanvraag,res_1b9a0c06-ad62-425d-8a95-45a175c5555c,Role 1,2012-03-02 15:59:14.794936971,624,1,res_1b9a0c06-ad62-425d-8a95-45a175c5555c,2012-03-02 15:56:51.250422971,0.0
Case838,W_Afhandelen leads,res_843e228f-f915-4f9a-b2c1-ff974c62e207,Role 1,2012-03-02 15:11:49.307247584,624,0,res_843e228f-f915-4f9a-b2c1-ff974c62e207,2012-03-02 15:08:35.259408584,0.0
Case838,W_Completeren aanvraag,res_b70af2ff-820e-4016-a03c-831214a09681,Role 1,2012-03-02 16:19:08.048194184,625,3,res_b70af2ff-820e-4016-a03c-831214a09681,2012-03-02 16:16:49.160321184,0.05128205128205128
Case839,W_Completeren aanvraag,res_dec66574-3de2-4d20-a02f-ab348539e500,Role 1,2012-03-02 15:12:29.961382567,625,1,res_dec66574-3de2-4d20-a02f-ab348539e500,2012-03-02 15:09:44.773157567,0.02564102564102564
Case84,W_Completeren aanvraag,res_59c642c1-18f5-484a-aed6-a023ede79a28,Role 1,2012-02-15 10:33:42.180509421,553,1,res_59c642c1-18f5-484a-aed6-a023ede79a28,2012-02-15 10:30:58.376125421,0.0
Case840,W_Afhandelen leads,res_219a258e-f803-4016-b457-8c77c3b88a65,Role 1,2012-03-02 15:47:50.950707884,624,0,res_219a258e-f803-4016-b457-8c77c3b88a65,2012-03-02 15:44:36.230300884,0.0
Case840,W_Completeren aanvraag,res_4d502259-de4c-4574-91b7-d3c939a9cf04,Role 1,2012-03-02 16:55:38.489433484,623,1,res_4d502259-de4c-4574-91b7-d3c939a9cf04,2012-03-02 16:53:08.690650484,0.0
Case840,W_Nabellen offertes,res_59c642c1-18f5-484a-aed6-a023ede79a28,Role 1,2012-03-09 14:29:26.630713884,629,1,res_59c642c1-18f5-484a-aed6-a023ede79a28,2012-03-09 14:27:37.575771884,0.05128205128205128
Case840,W_Nabellen offertes,res_d5f36d0a-a64a-45e5-8850-daee823f6c96,Role 1,2012-03-12 00:01:50.401645384,621,1,res_d5f36d0a-a64a-45e5-8850-daee823f6c96,2012-03-11 23:57:36.909633384,0.0
Case841,W_Completeren aanvraag,res_7c2a7682-7073-471d-9707-2acad2b806ab,Role 1,2012-03-02 16:11:23.390979142,624,1,res_7c2a7682-7073-471d-9707-2acad2b806ab,2012-03-02 16:08:34.862671142,0.0
Case841,W_Nabellen offertes,res_7c2a7682-7073-471d-9707-2acad2b806ab,Role 1,2012-03-02 16:45:06.417040842,623,1,res_7c2a7682-7073-471d-9707-2acad2b806ab,2012-03-02 16:42:57.681439842,0.0
Case841,W_Nabellen offertes,res_0ba00481-2705-40d0-b647-5ea4bd04a214,Role 1,2012-03-11 10:26:01.237710142,626,1,res_0ba00481-2705-40d0-b647-5ea4bd04a214,2012-03-11 10:24:24.418888142,0.0
Case841,W_Nabellen offertes,res_1b3fa211-3349-4835-aae7-baccd0368824,Role 1,2012-03-14 16:09:56.420721042,628,2,res_1b3fa211-3349-4835-aae7-baccd0368824,2012-03-14 16:08:08.814376042,0.02564102564102564
Case842,W_Completeren aanvraag,res_4c3013be-6589-47a8-a7c4-f99f2e4b9a48,Role 1,2012-03-02 16:12:39.647448961,625,2,res_4c3013be-6589-47a8-a7c4-f99f2e4b9a48,2012-03-02 16:10:01.502995961,0.02564102564102564
Case843,W_Afhandelen leads,res_7b435aaa-ab1b-4205-92d4-81495e1b2d15,Role 1,2012-03-02 16:33:19.084028423,624,0,res_7b435aaa-ab1b-4205-92d4-81495e1b2d15,2012-03-02 16:30:03.385641423,0.0
Case843,W_Completeren aanvraag,res_7c2a7682-7073-471d-9707-2acad2b806ab,Role 1,2012-03-02 17:42:37.938581323,627,1,res_7c2a7682-7073-471d-9707-2acad2b806ab,2012-03-02 17:40:06.425585323,0.0
Case843,W_Completeren aanvraag,res_dec66574-3de2-4d20-a02f-ab348539e500,Role 1,2012-03-02 22:41:29.917859923,630,1,res_dec66574-3de2-4d20-a02f-ab348539e500,2012-03-02 22:39:37.903354923,0.0
Case843,W_Completeren aanvraag,res_4c3013be-6589-47a8-a7c4-f99f2e4b9a48,Role 1,2012-03-03 11:07:10.101454523,619,1,res_4c3013be-6589-47a8-a7c4-f99f2e4b9a48,2012-03-03 11:05:23.027728523,0.0
Case844,W_Afhandelen leads,res_08871a3e-f393-4f22-a0a4-e36c9d59a78e,Role 1,2012-03-02 16:57:26.263070781,624,0,res_08871a3e-f393-4f22-a0a4-e36c9d59a78e,2012-03-02 16:54:10.077576781,0.0
Case844,W_Completeren aanvraag,res_843e228f-f915-4f9a-b2c1-ff974c62e207,Role 1,2012-03-02 18:08:02.543617681,628,1,res_843e228f-f915-4f9a-b2c1-ff974c62e207,2012-03-02 18:05:30.181688681,0.0
Case844,W_Nabellen offertes,res_f8049b85-d52c-466e-8778-58e1f3f71604,Role 1,2012-03-10 09:51:59.876315781,630,1,res_f8049b85-d52c-466e-8778-58e1f3f71604,2012-03-10 09:50:13.195127781,0.0
Case845,W_Completeren aanvraag,res_bae84d23-abe1-4580-a954-c8576ba025c9,Role 1,2012-03-02 17:11:55.570474824,625,1,res_bae84d23-abe1-4580-a954-c8576ba025c9,2012-03-02 17:09:04.689302824,0.0
Case845,W_Completeren aanvraag,res_13020984-8d57-4f3c-8ba3-5a323081e70b,Role 1,2012-03-02 18:23:24.514033824,630,1,res_13020984-8d57-4f3c-8ba3-5a323081e70b,2012-03-02 18:20:53.077232824,0.0
Case845,W_Completeren aanvraag,res_dec66574-3de2-4d20-a02f-ab348539e500,Role 1,2012-03-03 00:57:00.394861024,631,1,res_dec66574-3de2-4d20-a02f-ab348539e500,2012-03-03 00:55:11.252456024,0.0
Case845,W_Nabellen offertes,res_7b435aaa-ab1b-4205-92d4-81495e1b2d15,Role 1,2012-03-04 16:05:32.931658524,619,1,res_7b435aaa-ab1b-4205-92d4-81495e1b2d15,2012-03-04 16:03:49.649980524,0.0
Case845,W_Nabellen offertes,res_13020984-8d57-4f3c-8ba3-5a323081e70b,Role 1,2012-03-07 01:59:17.207080324,636,1,res_13020984-8d57-4f3c-8ba3-5a323081e70b,2012-03-07 01:57:36.060186324,0.0
Case845,W_Nabellen offertes,res_408efd66-8ed2-49bc-94a8-733c7b98a934,Role 1,2012-03-08 14:38:00.379066624,631,1,res_408efd66-8ed2-49bc-94a8-733c7b98a934,2012-03-08 14:33:59.340490624,0.0
Case845,W_Nabellen offertes,res_5a3eddbb-0eb4-49ac-9904-07583235092c,Role 1,2012-03-10 09:23:01.094825924,631,1,res_5a3eddbb-0eb4-49ac-9904-07583235092c,2012-03-10 09:21:25.238255924,0.0
Case845,W_Nabellen offertes,res_3efedec2-7c7d-4360-b422-dcf1d20a8bfd,Role 1,2012-03-12 07:47:43.711516424,612,1,res_3efedec2-7c7d-4360-b422-dcf1d20a8bfd,2012-03-12 07:45:11.380298424,0.0
Case845,W_Nabellen offertes,res_bae84d23-abe1-4580-a954-c8576ba025c9,Role 1,2012-03-14 01:45:33.175465624,641,1,res_bae84d23-abe1-4580-a954-c8576ba025c9,2012-03-14 01:43:53.575090624,0.0
Case846,W_Completeren aanvraag,res_219a258e-f803-4016-b457-8c77c3b88a65,Role 1,2012-03-02 17:13:06.071672819,626,2,res_219a258e-f803-4016-b457-8c77c3b88a65,2012-03-02 17:10:25.284953819,0.02564102564102564
Case846,W_Nabellen offertes,res_40e4f4c6-1170-4ce1-ba24-0dfa2dd61b15,Role 1,2012-03-02 17:45:09.249207919,627,1,res_40e4f4c6-1170-4ce1-ba24-0dfa2dd61b15,2012-03-02 17:43:01.877696919,0.0
Case846,W_Nabellen offertes,res_b70af2ff-820e-4016-a03c-831214a09681,Role 1,2012-03-11 08:56:26.838286619,626,1,res_b70af2ff-820e-4016-a03c-831214a09681,2012-03-11 08:54:48.386659619,0.02564102564102564
Case847,W_Afhandelen leads,res_230c0182-4111-4506-bfd5-9b0719b08311,Role 1,2012-03-02 17:32:17.255853461,627,0,res_230c0182-4111-4506-bfd5-9b0719b08311,2012-03-02 17:29:00.527274461,0.0
Case847,W_Completeren aanvraag,res_408efd66-8ed2-49bc-94a8-733c7b98a934,Role 1,2012-03-02 18:45:21.999826361,630,1,res_408efd66-8ed2-49bc-94a8-733c7b98a934,2012-03-02 18:42:48.569587361,0.0
Case848,W_Afhandelen leads,res_13020984-8d57-4f3c-8ba3-5a323081e70b,Role 1,2012-03-02 17:56:00.103991520,628,0,res_13020984-8d57-4f3c-8ba3-5a323081e70b,2012-03-02 17:52:43.040514520,0.0
Case848,W_Completeren aanvraag,res_408efd66-8ed2-49bc-94a8-733c7b98a934,Role 1,2012-03-02 19:10:58.042112020,628,1,res_408efd66-8ed2-49bc-94a8-733c7b98a934,2012-03-02 19:08:23.968412020,0.0
Case848,W_Nabellen offertes,res_1d01c37d-a137-4a7e-8f12-e8c97f0c7f2b,Role 1,2012-03-11 02:37:04.905613020,625,1,res_1d01c37d-a137-4a7e-8f12-e8c97f0c7f2b,2012-03-11 02:34:51.537227020,0.0
Case848,W_Nabellen offertes,res_570add54-a9ce-40af-8ebf-c88ddafd5fef,Role 1,2012-03-14 04:45:47.508861419,636,1,res_570add54-a9ce-40af-8ebf-c88ddafd5fef,2012-03-14 04:42:24.549808419,0.0
Case848,W_Nabellen offertes,res_b70af2ff-820e-4016-a03c-831214a09681,Role 1,2012-03-15 16:33:44.082525220,605,1,res_b70af2ff-820e-4016-a03c-831214a09681,2012-03-15 16:31:55.689070220,0.0
Case849,W_Afhandelen leads,res_219a258e-f803-4016-b457-8c77c3b88a65,Role 1,2012-03-02 18:13:29.063070091,629,0,res_219a258e-f803-4016-b457-8c77c3b88a65,2012-03-02 18:10:11.791423091,0.0
Case849,W_Completeren aanvraag,res_13020984-8d57-4f3c-8ba3-5a323081e70b,Role 1,2012-03-02 19:29:14.428807991,629,1,res_13020984-8d57-4f3c-8ba3-5a323081e70b,2012-03-02 19:26:39.945652991,0.0
Case849,W_Completeren aanvraag,res_4bfd217b-a1fe-4479-a77c-aded82769086,Role 1,2012-03-03 05:35:45.007224891,626,1,res_4bfd217b-a1fe-4479-a77c-aded82769086,2012-03-03 05:33:41.379306891,0.0
Case85,W_Completeren aanvraag,res_4c3013be-6589-47a8-a7c4-f99f2e4b9a48,Role 1,2012-02-15 10:45:25.109820988,552,1,res_4c3013be-6589-47a8-a7c4-f99f2e4b9a48,2012-02-15 10:42:42.580625988,0.0
Case850,W_Afhandelen leads,res_1b9a0c06-ad62-425d-8a95-45a175c5555c,Role 1,2012-03-02 18:14:04.287041226,630,1,res_1b9a0c06-ad62-425d-8a95-45a175c5555c,2012-03-02 18:10:53.096694226,0.02564102564102564
Case850,W_Completeren aanvraag,res_7b435aaa-ab1b-4205-92d4-81495e1b2d15,Role 1,2012-03-02 19:30:03.067824126,629,2,res_7b435aaa-ab1b-4205-92d4-81495e1b2d15,2012-03-02 19:27:34.946139126,0.02564102564102564
Case850,W_Completeren aanvraag,res_709ed04f-5b76-49c4-aeeb-ad921b6f6ca1,Role 1,2012-03-03 07:02:49.250339926,623,1,res_709ed04f-5b76-49c4-aeeb-ad921b6f6ca1,2012-03-03 07:00:42.282682926,0.0
Case851,W_Completeren aanvraag,res_bb73aa9d-d45e-496a-a1ec-c9fe6e899287,Role 1,2012-03-02 18:45:25.985314430,630,1,res_bb73aa9d-d45e-496a-a1ec-c9fe6e899287,2012-03-02 18:42:33.139166430,0.0
Case852,W_Afhandelen leads,res_d856942c-e08c-4dce-8114-31eacb6f69b7,Role 1,2012-03-02 19:14:21.676102796,629,0,res_d856942c-e08c-4dce-8114-31eacb6f69b7,2012-03-02 19:11:03.781858796,0.0
Case852,W_Completeren aanvraag,res_40e4f4c6-1170-4ce1-ba24-0dfa2dd61b15,Role 1,2012-03-02 20:36:17.145196496,629,1,res_40e4f4c6-1170-4ce1-ba24-0dfa2dd61b15,2012-03-02 20:33:41.494569496,0.0
Case852,W_Completeren aanvraag,res_f8049b85-d52c-466e-8778-58e1f3f71604,Role 1,2012-03-03 14:27:39.979861696,628,1,res_f8049b85-d52c-466e-8778-58e1f3f71604,2012-03-03 14:25:50.328679696,0.0
Case852,W_Completeren aanvraag,res_408efd66-8ed2-49bc-94a8-733c7b98a934,Role 1,2012-03-03 20:06:47.071771196,629,1,res_408efd66-8ed2-49bc-94a8-733c7b98a934,2012-03-03 20:05:10.109041196,0.0
Case852,W_Completeren aanvraag,res_13020984-8d57-4f3c-8ba3-5a323081e70b,Role 1,2012-03-04 07:10:54.237478696,623,1,res_13020984-8d57-4f3c-8ba3-5a323081e70b,2012-03-04 07:08:31.047901696,0.0
Case853,W_Completeren aanvraag,res_4bfd217b-a1fe-4479-a77c-aded82769086,Role 1,2012-03-02 19:47:32.891438306,630,1,res_4bfd217b-a1fe-4479-a77c-aded82769086,2012-03-02 19:44:39.680579306,0.0
Case853,W_Nabellen offertes,res_a400b893-c7da-495f-bf62-a744eeccb8c5,Role 1,2012-03-02 20:14:50.143310006,630,2,res_a400b893-c7da-495f-bf62-a744eeccb8c5,2012-03-02 20:12:36.559150006,0.02564102564102564
Case854,W_Afhandelen leads,res_843e228f-f915-4f9a-b2c1-ff974c62e207,Role 1,2012-03-02 20:15:36.158473163,630,0,res_843e228f-f915-4f9a-b2c1-ff974c62e207,2012-03-02 20:12:18.943544163,0.02564102564102564
Case854,W_Completeren aanvraag,res_9a47d014-a019-4396-9e72-1d1379a66c99,Role 1,2012-03-02 21:43:38.347542563,631,1,res_9a47d014-a019-4396-9e72-1d1379a66c99,2012-03-02 21:41:02.055528563,0.0
Case855,W_Completeren aanvraag,res_5724148e-e102-4421-a053-83c428a11f68,Role 1,2012-03-02 21:14:56.221180160,630,1,res_5724148e-e102-4421-a053-83c428a11f68,2012-03-02 21:12:03.435122160,0.0
Case855,W_Nabellen offertes,res_4d502259-de4c-4574-91b7-d3c939a9cf04,Role 1,2012-03-02 21:38:38.654161260,631,1,res_4d502259-de4c-4574-91b7-d3c939a9cf04,2012-03-02 21:36:17.302620260,0.02564102564102564
Case855,W_Nabellen offertes,res_dec66574-3de2-4d20-a02f-ab348539e500,Role 1,2012-03-07 09:52:10.880855460,638,1,res_dec66574-3de2-4d20-a02f-ab348539e500,2012-03-07 09:50:25.902821460,0.0
Case856,W_Afhandelen leads,res_a400b893-c7da-495f-bf62-a744eeccb8c5,Role 1,2012-03-02 21:15:49.021825008,631,0,res_a400b893-c7da-495f-bf62-a744eeccb8c5,2012-03-02 21:12:31.643600008,0.02564102564102564
Case856,W_Completeren aanvraag,res_a400b893-c7da-495f-bf62-a744eeccb8c5,Role 1,2012-03-02 22:50:22.081307108,631,1,res_a400b893-c7da-495f-bf62-a744eeccb8c5,2012-03-02 22:47:44.930125108,0.0
Case856,W_Nabellen offertes,res_4d502259-de4c-4574-91b7-d3c939a9cf04,Role 1,2012-03-10 05:39:00.826072508,627,2,res_4d502259-de4c-4574-91b7-d3c939a9cf04,2012-03-10 05:37:12.882585508,0.02564102564102564
Case856,W_Nabellen offertes,res_40e4f4c6-1170-4ce1-ba24-0dfa2dd61b15,Role 1,2012-03-14 04:08:04.813221508,636,1,res_40e4f4c6-1170-4ce1-ba24-0dfa2dd61b15,2012-03-14 04:01:36.978522508,0.0
Case856,W_Nabellen offertes,res_57e6001e-3d34-44ab-b1e6-21b6b1001542,Role 1,2012-03-15 16:26:29.871560808,604,1,res_57e6001e-3d34-44ab-b1e6-21b6b1001542,2012-03-15 16:24:40.763445808,0.0
Case856,W_Nabellen offertes,res_0ba00481-2705-40d0-b647-5ea4bd04a214,Role 1,2012-03-17 05:53:10.837464408,578,1,res_0ba00481-2705-40d0-b647-5ea4bd04a214,2012-03-17 05:51:33.386359408,0.0
Case857,W_Afhandelen leads,res_f8049b85-d52c-466e-8778-58e1f3f71604,Role 1,2012-03-02 22:14:49.609779321,630,0,res_f8049b85-d52c-466e-8778-58e1f3f71604,2012-03-02 22:11:30.800124321,0.0
Case857,W_Completeren aanvraag,res_7c2a7682-7073-471d-9707-2acad2b806ab,Role 1,2012-03-02 23:56:18.845769621,631,1,res_7c2a7682-7073-471d-9707-2acad2b806ab,2012-03-02 23:53:39.917539621,0.0
Case857,W_Completeren aanvraag,res_843e228f-f915-4f9a-b2c1-ff974c62e207,Role 1,2012-03-03 20:03:24.695977421,629,1,res_843e228f-f915-4f9a-b2c1-ff974c62e207,2012-03-03 20:01:31.338987421,0.0
Case857,W_Completeren aanvraag,res_5724148e-e102-4421-a053-83c428a11f68,Role 1,2012-03-04 11:22:49.088666421,621,1,res_5724148e-e102-4421-a053-83c428a11f68,2012-03-04 11:20:23.697487421,0.0
Case857,W_Completeren aanvraag,res_4c3013be-6589-47a8-a7c4-f99f2e4b9a48,Role 1,2012-03-04 15:01:51.929012021,619,1,res_4c3013be-6589-47a8-a7c4-f99f2e4b9a48,2012-03-04 15:00:02.938128021,0.0
Case857,W_Nabellen offertes,res_4ea7e99f-9f77-43d0-af71-4b2253ae6764,Role 1,2012-03-05 05:57:05.591229221,611,1,res_4ea7e99f-9f77-43d0-af71-4b2253ae6764,2012-03-05 05:55:23.904893221,0.0
Case857,W_Nabellen offertes,res_4bfd217b-a1fe-4479-a77c-aded82769086,Role 1,2012-03-07 12:39:28.975316321,635,1,res_4bfd217b-a1fe-4479-a77c-aded82769086,2012-03-07 12:37:06.559418321,0.0
Case858,W_Completeren aanvraag,res_843e228f-f915-4f9a-b2c1-ff974c62e207,Role 1,2012-03-02 22:15:58.031408876,631,1,res_843e228f-f915-4f9a-b2c1-ff974c62e207,2012-03-02 22:13:06.507459876,0.02564102564102564
Case858,W_Completeren aanvraag,res_dec66574-3de2-4d20-a02f-ab348539e500,Role 1,2012-03-02 23:58:12.454239376,631,2,res_dec66574-3de2-4d20-a02f-ab348539e500,2012-03-02 23:55:30.050071376,0.02564102564102564
Case858,W_Completeren aanvraag,res_8a4ef218-abd5-42fa-9b05-623b7ba3c08b,Role 1,2012-03-03 19:27:55.935455576,630,1,res_8a4ef218-abd5-42fa-9b05-623b7ba3c08b,2012-03-03 19:26:06.390855576,0.0
Case859,W_Completeren aanvraag,res_0ba00481-2705-40d0-b647-5ea4bd04a214,Role 1,2012-03-02 23:12:14.113493650,632,1,res_0ba00481-2705-40d0-b647-5ea4bd04a214,2012-03-02 23:09:20.442899650,0.0
Case859,W_Nabellen offertes,res_bae84d23-abe1-4580-a954-c8576ba025c9,Role 1,2012-03-02 23:43:27.002137850,632,1,res_bae84d23-abe1-4580-a954-c8576ba025c9,2012-03-02 23:41:00.355331850,0.0
Case86,W_Afhandelen leads,res_b42bc940-a579-4310-8bba-a668ba469508,Role 1,2012-02-15 11:04:09.123108793,551,0,res_b42bc940-a579-4310-8bba-a668ba469508,2012-02-15 11:01:00.696370793,0.0
Case86,W_Completeren aanvraag,res_d5f36d0a-a64a-45e5-8850-daee823f6c96,Role 1,2012-02-15 12:24:06.544883593,552,1,res_d5f36d0a-a64a-45e5-8850-daee823f6c96,2012-02-15 12:21:32.104427593,0.0
Case86,W_Completeren aanvraag,res_a400b893-c7da-495f-bf62-a744eeccb8c5,Role 1,2012-02-15 16:17:18.612939493,559,1,res_a400b893-c7da-495f-bf62-a744eeccb8c5,2012-02-15 16:14:59.510382493,0.02564102564102564
Case86,W_Nabellen offertes,res_570add54-a9ce-40af-8ebf-c88ddafd5fef,Role 1,2012-02-16 05:47:51.768470893,562,1,res_570add54-a9ce-40af-8ebf-c88ddafd5fef,2012-02-16 05:45:12.446791893,0.0
Case86,W_Nabellen offertes,res_4ea7e99f-9f77-43d0-af71-4b2253ae6764,Role 1,2012-02-21 01:25:04.429589592,623,1,res_4ea7e99f-9f77-43d0-af71-4b2253ae6764,2012-02-21 01:23:14.759938592,0.02564102564102564
Case86,W_Nabellen offertes,res_1d01c37d-a137-4a7e-8f12-e8c97f0c7f2b,Role 1,2012-02-22 15:51:00.560085393,629,1,res_1d01c37d-a137-4a7e-8f12-e8c97f0c7f2b,2012-02-22 15:49:24.105988393,0.0
Case86,W_Nabellen offertes,res_7c2a7682-7073-471d-9707-2acad2b806ab,Role 1,2012-02-24 08:25:42.538987893,642,2,res_7c2a7682-7073-471d-9707-2acad2b806ab,2012-02-24 08:23:32.443431893,0.05128205128205128
Case860,W_Completeren aanvraag,res_a400b893-c7da-495f-bf62-a744eeccb8c5,Role 1,2012-03-03 11:29:09.081258814,619,1,res_a400b893-c7da-495f-bf62-a744eeccb8c5,2012-03-03 11:26:25.291491814,0.0
Case860,W_Completeren aanvraag,res_08871a3e-f393-4f22-a0a4-e36c9d59a78e,Role 1,2012-03-03 12:48:21.882950013,628,2,res_08871a3e-f393-4f22-a0a4-e36c9d59a78e,2012-03-03 12:46:17.818847014,0.02564102564102564
Case860,W_Completeren aanvraag,res_d5f36d0a-a64a-45e5-8850-daee823f6c96,Role 1,2012-03-03 19:21:50.571591214,628,1,res_d5f36d0a-a64a-45e5-8850-daee823f6c96,2012-03-03 19:20:11.087572214,0.0
Case860,W_Completeren aanvraag,res_9a47d014-a019-4396-9e72-1d1379a66c99,Role 1,2012-03-04 08:28:53.408843414,621,1,res_9a47d014-a019-4396-9e72-1d1379a66c99,2012-03-04 08:25:28.668411414,0.0
Case860,W_Completeren aanvraag,res_57e6001e-3d34-44ab-b1e6-21b6b1001542,Role 1,2012-03-04 11:53:03.167899014,620,1,res_57e6001e-3d34-44ab-b1e6-21b6b1001542,2012-03-04 11:51:15.695963014,0.0
Case860,W_Nabellen offertes,res_7c2a7682-7073-471d-9707-2acad2b806ab,Role 1,2012-03-04 23:06:04.382895814,616,1,res_7c2a7682-7073-471d-9707-2acad2b806ab,2012-03-04 23:04:28.008833814,0.0
Case861,W_Completeren aanvraag,res_709ed04f-5b76-49c4-aeeb-ad921b6f6ca1,Role 1,2012-03-03 11:32:43.306431588,620,1,res_709ed04f-5b76-49c4-aeeb-ad921b6f6ca1,2012-03-03 11:29:59.877412588,0.0
Case861,W_Nabellen offertes,res_bae84d23-abe1-4580-a954-c8576ba025c9,Role 1,2012-03-03 12:21:24.262121788,626,1,res_bae84d23-abe1-4580-a954-c8576ba025c9,2012-03-03 12:19:28.496293788,0.02564102564102564
Case861,W_Nabellen offertes,res_4ea7e99f-9f77-43d0-af71-4b2253ae6764,Role 1,2012-03-11 23:06:07.236047888,618,2,res_4ea7e99f-9f77-43d0-af71-4b2253ae6764,2012-03-11 23:00:34.472940888,0.02564102564102564
Case862,W_Completeren aanvraag,res_3efedec2-7c7d-4360-b422-dcf1d20a8bfd,Role 1,2012-03-03 11:40:31.037969996,621,1,res_3efedec2-7c7d-4360-b422-dcf1d20a8bfd,2012-03-03 11:37:48.339633996,0.0
Case862,W_Nabellen offertes,res_5a3eddbb-0eb4-49ac-9904-07583235092c,Role 1,2012-03-03 12:28:44.450625596,627,1,res_5a3eddbb-0eb4-49ac-9904-07583235092c,2012-03-03 12:26:48.626097596,0.0
Case862,W_Nabellen offertes,res_0fc057cb-3a7d-47d3-8cd2-6d92b33620c4,Role 1,2012-03-11 23:00:02.195751996,618,1,res_0fc057cb-3a7d-47d3-8cd2-6d92b33620c4,2012-03-11 22:54:16.912977996,0.0
Case862,W_Nabellen offertes,res_8a4ef218-abd5-42fa-9b05-623b7ba3c08b,Role 1,2012-03-14 09:37:30.865467096,631,1,res_8a4ef218-abd5-42fa-9b05-623b7ba3c08b,2012-03-14 09:35:24.759363096,0.0
Case862,W_Nabellen offertes,res_d39cd18a-e6fc-4de4-b991-deff4ba6e82a,Role 1,2012-03-15 21:46:40.595262796,600,1,res_d39cd18a-e6fc-4de4-b991-deff4ba6e82a,2012-03-15 21:45:06.282273796,0.0
Case862,W_Nabellen offertes,res_bae84d23-abe1-4580-a954-c8576ba025c9,Role 1,2012-03-17 11:38:20.682777496,575,1,res_bae84d23-abe1-4580-a954-c8576ba025c9,2012-03-17 11:24:36.071890496,0.0
Case863,W_Afhandelen leads,res_b70af2ff-820e-4016-a03c-831214a09681,Role 1,2012-03-03 11:45:45.433635753,622,0,res_b70af2ff-820e-4016-a03c-831214a09681,2012-03-03 11:42:32.439303753,0.0
Case863,W_Completeren aanvraag,res_4c3013be-6589-47a8-a7c4-f99f2e4b9a48,Role 1,2012-03-03 13:02:50.664478353,628,1,res_4c3013be-6589-47a8-a7c4-f99f2e4b9a48,2012-03-03 13:00:32.539276353,0.0
Case863,W_Nabellen offertes,res_f8049b85-d52c-466e-8778-58e1f3f71604,Role 1,2012-03-10 07:43:32.951716253,631,1,res_f8049b85-d52c-466e-8778-58e1f3f71604,2012-03-10 07:41:46.679442253,0.0
Case864,W_Completeren aanvraag,res_9a47d014-a019-4396-9e72-1d1379a66c99,Role 1,2012-03-03 11:54:19.911425243,623,1,res_9a47d014-a019-4396-9e72-1d1379a66c99,2012-03-03 11:51:38.474839243,0.0
Case865,W_Afhandelen leads,res_b70af2ff-820e-4016-a03c-831214a09681,Role 1,2012-03-03 11:58:23.345633742,623,0,res_b70af2ff-820e-4016-a03c-831214a09681,2012-03-03 11:55:11.045868742,0.0
Case865,W_Completeren aanvraag,res_230c0182-4111-4506-bfd5-9b0719b08311,Role 1,2012-03-03 13:13:55.653728242,629,1,res_230c0182-4111-4506-bfd5-9b0719b08311,2012-03-03 13:11:37.052187242,0.0
Case866,W_Afhandelen leads,res_b42bc940-a579-4310-8bba-a668ba469508,Role 1,2012-03-03 12:03:59.498640646,624,0,res_b42bc940-a579-4310-8bba-a668ba469508,2012-03-03 12:00:47.532711646,0.0
Case866,W_Completeren aanvraag,res_6488ab10-d3ee-4b87-935d-302131660e4e,Role 1,2012-03-03 13:18:55.848303446,628,1,res_6488ab10-d3ee-4b87-935d-302131660e4e,2012-03-03 13:16:37.029651446,0.0
Case867,W_Afhandelen leads,res_570add54-a9ce-40af-8ebf-c88ddafd5fef,Role 1,2012-03-03 12:08:35.259043303,625,0,res_570add54-a9ce-40af-8ebf-c88ddafd5fef,2012-03-03 12:05:23.572816303,0.0
Case867,W_Completeren aanvraag,res_b70af2ff-820e-4016-a03c-831214a09681,Role 1,2012-03-03 13:23:04.114702703,627,1,res_b70af2ff-820e-4016-a03c-831214a09681,2012-03-03 13:20:45.115589703,0.0
Case867,W_Completeren aanvraag,res_59c642c1-18f5-484a-aed6-a023ede79a28,Role 1,2012-03-03 20:32:40.140031703,626,1,res_59c642c1-18f5-484a-aed6-a023ede79a28,2012-03-03 20:30:53.988151703,0.0
Case867,W_Nabellen offertes,res_b42bc940-a579-4310-8bba-a668ba469508,Role 1,2012-03-05 23:01:28.046811803,626,1,res_b42bc940-a579-4310-8bba-a668ba469508,2012-03-05 22:59:47.644266803,0.0
Case868,W_Afhandelen leads,res_f8049b85-d52c-466e-8778-58e1f3f71604,Role 1,2012-03-03 12:17:46.850245618,626,0,res_f8049b85-d52c-466e-8778-58e1f3f71604,2012-03-03 12:14:35.653025618,0.0
Case868,W_Completeren aanvraag,res_0fc057cb-3a7d-47d3-8cd2-6d92b33620c4,Role 1,2012-03-03 13:31:23.174178318,628,1,res_0fc057cb-3a7d-47d3-8cd2-6d92b33620c4,2012-03-03 13:29:03.805078318,0.0
Case868,W_Completeren aanvraag,res_570add54-a9ce-40af-8ebf-c88ddafd5fef,Role 1,2012-03-03 20:47:48.658612118,626,1,res_570add54-a9ce-40af-8ebf-c88ddafd5fef,2012-03-03 20:46:02.355183118,0.0
Case868,W_Nabellen offertes,res_1b3fa211-3349-4835-aae7-baccd0368824,Role 1,2012-03-05 23:21:02.423028718,626,1,res_1b3fa211-3349-4835-aae7-baccd0368824,2012-03-05 23:19:22.415333718,0.0
Case868,W_Nabellen offertes,res_709ed04f-5b76-49c4-aeeb-ad921b6f6ca1,Role 1,2012-03-07 16:49:03.640221918,632,1,res_709ed04f-5b76-49c4-aeeb-ad921b6f6ca1,2012-03-07 16:38:17.368665918,0.0
Case869,W_Completeren aanvraag,res_0ba00481-2705-40d0-b647-5ea4bd04a214,Role 1,2012-03-03 12:21:54.938288825,627,1,res_0ba00481-2705-40d0-b647-5ea4bd04a214,2012-03-03 12:19:15.722912825,0.0
Case869,W_Completeren aanvraag,res_d5f36d0a-a64a-45e5-8850-daee823f6c96,Role 1,2012-03-03 13:35:02.141916025,628,1,res_d5f36d0a-a64a-45e5-8850-daee823f6c96,2012-03-03 13:32:50.819624025,0.0
Case869,W_Completeren aanvraag,res_4c3013be-6589-47a8-a7c4-f99f2e4b9a48,Role 1,2012-03-03 20:54:06.645103125,626,1,res_4c3013be-6589-47a8-a7c4-f99f2e4b9a48,2012-03-03 20:52:24.820104125,0.0
Case87,W_Completeren aanvraag,res_9a47d014-a019-4396-9e72-1d1379a66c99,Role 1,2012-02-15 11:19:38.628983633,550,1,res_9a47d014-a019-4396-9e72-1d1379a66c99,2012-02-15 11:16:59.784617633,0.0
Case87,W_Completeren aanvraag,res_d5f36d0a-a64a-45e5-8850-daee823f6c96,Role 1,2012-02-15 12:34:25.645410632,554,1,res_d5f36d0a-a64a-45e5-8850-daee823f6c96,2012-02-15 12:31:52.138273633,0.0
Case870,W_Completeren aanvraag,res_bb73aa9d-d45e-496a-a1ec-c9fe6e899287,Role 1,2012-03-03 12:39:58.899901344,628,1,res_bb73aa9d-d45e-496a-a1ec-c9fe6e899287,2012-03-03 12:37:20.741864344,0.0
Case870,W_Completeren aanvraag,res_3efedec2-7c7d-4360-b422-dcf1d20a8bfd,Role 1,2012-03-03 13:51:38.296499944,629,1,res_3efedec2-7c7d-4360-b422-dcf1d20a8bfd,2012-03-03 13:49:26.905540944,0.02564102564102564
Case870,W_Completeren aanvraag,res_57e6001e-3d34-44ab-b1e6-21b6b1001542,Role 1,2012-03-03 20:34:37.018328444,626,1,res_57e6001e-3d34-44ab-b1e6-21b6b1001542,2012-03-03 20:32:55.477754444,0.0
Case870,W_Nabellen offertes,res_408efd66-8ed2-49bc-94a8-733c7b98a934,Role 1,2012-03-05 21:56:26.236158944,626,1,res_408efd66-8ed2-49bc-94a8-733c7b98a934,2012-03-05 21:54:43.997883944,0.05128205128205128
Case870,W_Nabellen offertes,res_a400b893-c7da-495f-bf62-a744eeccb8c5,Role 1,2012-03-07 15:08:52.579411744,634,1,res_a400b893-c7da-495f-bf62-a744eeccb8c5,2012-03-07 14:57:46.172230744,0.0
Case871,W_Completeren aanvraag,res_1b3fa211-3349-4835-aae7-baccd0368824,Role 1,2012-03-03 12:57:36.649871025,629,2,res_1b3fa211-3349-4835-aae7-baccd0368824,2012-03-03 12:55:08.634240026,0.02564102564102564
Case871,W_Completeren aanvraag,res_9a47d014-a019-4396-9e72-1d1379a66c99,Role 1,2012-03-03 14:08:04.206644126,629,1,res_9a47d014-a019-4396-9e72-1d1379a66c99,2012-03-03 14:05:53.804362126,0.0
Case872,W_Completeren aanvraag,res_9a47d014-a019-4396-9e72-1d1379a66c99,Role 1,2012-03-03 13:21:43.323571647,628,1,res_9a47d014-a019-4396-9e72-1d1379a66c99,2012-03-03 13:19:06.259164647,0.0
Case873,W_Completeren aanvraag,res_bae84d23-abe1-4580-a954-c8576ba025c9,Role 1,2012-03-03 13:22:05.210948408,629,2,res_bae84d23-abe1-4580-a954-c8576ba025c9,2012-03-03 13:19:37.489979408,0.02564102564102564
Case873,W_Completeren aanvraag,res_7b435aaa-ab1b-4205-92d4-81495e1b2d15,Role 1,2012-03-03 14:31:08.563554608,629,1,res_7b435aaa-ab1b-4205-92d4-81495e1b2d15,2012-03-03 14:28:56.403861608,0.0
Case874,W_Afhandelen leads,res_a60942a0-f9c4-436b-a4d0-6eeb41b2f0f2,Role 1,2012-03-03 13:45:40.977435870,629,0,res_a60942a0-f9c4-436b-a4d0-6eeb41b2f0f2,2012-03-03 13:42:31.645828870,0.0
Case874,W_Completeren aanvraag,res_1d01c37d-a137-4a7e-8f12-e8c97f0c7f2b,Role 1,2012-03-03 14:53:51.050442670,628,1,res_1d01c37d-a137-4a7e-8f12-e8c97f0c7f2b,2012-03-03 14:51:27.649426670,0.0
Case874,W_Completeren aanvraag,res_4bfd217b-a1fe-4479-a77c-aded82769086,Role 1,2012-03-03 22:25:28.053255270,624,1,res_4bfd217b-a1fe-4479-a77c-aded82769086,2012-03-03 22:23:39.681811270,0.0
Case874,W_Completeren aanvraag,res_bae84d23-abe1-4580-a954-c8576ba025c9,Role 1,2012-03-04 13:11:25.528381270,620,1,res_bae84d23-abe1-4580-a954-c8576ba025c9,2012-03-04 13:09:36.295447270,0.0
Case874,W_Nabellen offertes,res_57e6001e-3d34-44ab-b1e6-21b6b1001542,Role 1,2012-03-04 23:40:51.519768470,615,1,res_57e6001e-3d34-44ab-b1e6-21b6b1001542,2012-03-04 23:39:09.321902470,0.0
Case875,W_Completeren aanvraag,res_0ba00481-2705-40d0-b647-5ea4bd04a214,Role 1,2012-03-03 14:21:49.337602393,629,1,res_0ba00481-2705-40d0-b647-5ea4bd04a214,2012-03-03 14:19:10.899655393,0.0
Case876,W_Completeren aanvraag,res_7c2a7682-7073-471d-9707-2acad2b806ab,Role 1,2012-03-03 14:22:16.166137341,630,2,res_7c2a7682-7073-471d-9707-2acad2b806ab,2012-03-03 14:19:47.167698341,0.02564102564102564
Case876,W_Nabellen offertes,res_7c2a7682-7073-471d-9707-2acad2b806ab,Role 1,2012-03-03 15:02:25.930469441,628,1,res_7c2a7682-7073-471d-9707-2acad2b806ab,2012-03-03 15:00:27.044563441,0.0
Case876,W_Nabellen offertes,res_4c3013be-6589-47a8-a7c4-f99f2e4b9a48,Role 1,2012-03-12 05:45:47.879696641,612,1,res_4c3013be-6589-47a8-a7c4-f99f2e4b9a48,2012-03-12 05:43:14.519029641,0.0
Case877,W_Afhandelen leads,res_0ba00481-2705-40d0-b647-5ea4bd04a214,Role 1,2012-03-03 15:23:02.208730087,629,0,res_0ba00481-2705-40d0-b647-5ea4bd04a214,2012-03-03 15:19:51.808189087,0.02564102564102564
Case877,W_Completeren aanvraag,res_5a3eddbb-0eb4-49ac-9904-07583235092c,Role 1,2012-03-03 16:28:55.833187187,628,1,res_5a3eddbb-0eb4-49ac-9904-07583235092c,2012-03-03 16:26:27.777190187,0.0
Case877,W_Nabellen offertes,res_570add54-a9ce-40af-8ebf-c88ddafd5fef,Role 1,2012-03-10 17:24:45.932978887,629,1,res_570add54-a9ce-40af-8ebf-c88ddafd5fef,2012-03-10 17:22:51.281599887,0.0
Case878,W_Afhandelen leads,res_7c2a7682-7073-471d-9707-2acad2b806ab,Role 1,2012-03-03 16:50:09.575252192,629,0,res_7c2a7682-7073-471d-9707-2acad2b806ab,2012-03-03 16:46:55.413819192,0.0
Case878,W_Completeren aanvraag,res_40e4f4c6-1170-4ce1-ba24-0dfa2dd61b15,Role 1,2012-03-03 17:58:55.000697392,629,2,res_40e4f4c6-1170-4ce1-ba24-0dfa2dd61b15,2012-03-03 17:56:26.166675392,0.02564102564102564
Case878,W_Nabellen offertes,res_b70af2ff-820e-4016-a03c-831214a09681,Role 1,2012-03-10 17:45:03.495431492,628,1,res_b70af2ff-820e-4016-a03c-831214a09681,2012-03-10 17:43:07.234914492,0.0
Case878,W_Nabellen offertes,res_0ba00481-2705-40d0-b647-5ea4bd04a214,Role 1,2012-03-13 14:29:03.380581292,625,1,res_0ba00481-2705-40d0-b647-5ea4bd04a214,2012-03-13 14:27:26.828105292,0.0
Case879,W_Afhandelen leads,res_dec66574-3de2-4d20-a02f-ab348539e500,Role 1,2012-03-03 17:25:00.751142872,630,0,res_dec66574-3de2-4d20-a02f-ab348539e500,2012-03-03 17:21:45.863516872,0.0
Case879,W_Completeren aanvraag,res_0fc057cb-3a7d-47d3-8cd2-6d92b33620c4,Role 1,2012-03-03 18:36:35.838841772,629,1,res_0fc057cb-3a7d-47d3-8cd2-6d92b33620c4,2012-03-03 18:34:02.289630772,0.0
Case88,W_Completeren aanvraag,res_bae84d23-abe1-4580-a954-c8576ba025c9,Role 1,2012-02-15 11:20:23.441937779,551,2,res_bae84d23-abe1-4580-a954-c8576ba025c9,2012-02-15 11:17:52.171790779,0.02564102564102564
Case88,W_Nabellen offertes,res_219a258e-f803-4016-b457-8c77c3b88a65,Role 1,2012-02-15 12:01:03.082544279,553,1,res_219a258e-f803-4016-b457-8c77c3b88a65,2012-02-15 11:58:42.378242279,0.0
Case880,W_Afhandelen leads,res_408efd66-8ed2-49bc-94a8-733c7b98a934,Role 1,2012-03-04 11:32:03.569245038,620,0,res_408efd66-8ed2-49bc-94a8-733c7b98a934,2012-03-04 11:29:03.005769038,0.0
Case880,W_Completeren aanvraag,res_dec66574-3de2-4d20-a02f-ab348539e500,Role 1,2012-03-04 13:18:19.364902338,621,1,res_dec66574-3de2-4d20-a02f-ab348539e500,2012-03-04 13:16:01.330888338,0.0
Case881,W_Completeren aanvraag,res_d39cd18a-e6fc-4de4-b991-deff4ba6e82a,Role 1,2012-03-04 12:01:25.641109487,620,1,res_d39cd18a-e6fc-4de4-b991-deff4ba6e82a,2012-03-04 11:58:51.221775487,0.0
Case881,W_Nabellen offertes,res_8a4ef218-abd5-42fa-9b05-623b7ba3c08b,Role 1,2012-03-04 12:47:45.964942487,621,1,res_8a4ef218-abd5-42fa-9b05-623b7ba3c08b,2012-03-04 12:45:44.142295487,0.0
Case881,W_Nabellen offertes,res_dec66574-3de2-4d20-a02f-ab348539e500,Role 1,2012-03-12 19:45:51.461929787,609,1,res_dec66574-3de2-4d20-a02f-ab348539e500,2012-03-12 19:43:44.878910787,0.0
Case882,W_Completeren aanvraag,res_843e228f-f915-4f9a-b2c1-ff974c62e207,Role 1,2012-03-04 12:32:01.447596170,621,1,res_843e228f-f915-4f9a-b2c1-ff974c62e207,2012-03-04 12:29:28.802618170,0.0
Case882,W_Nabellen offertes,res_7c2a7682-7073-471d-9707-2acad2b806ab,Role 1,2012-03-04 13:16:51.838010470,620,1,res_7c2a7682-7073-471d-9707-2acad2b806ab,2012-03-04 13:14:48.048405470,0.0
Case883,W_Completeren aanvraag,res_709ed04f-5b76-49c4-aeeb-ad921b6f6ca1,Role 1,2012-03-05 10:42:27.145851496,609,1,res_709ed04f-5b76-49c4-aeeb-ad921b6f6ca1,2012-03-05 10:39:50.735363496,0.0
Case883,W_Nabellen offertes,res_9a47d014-a019-4396-9e72-1d1379a66c99,Role 1,2012-03-05 11:30:24.386630296,608,1,res_9a47d014-a019-4396-9e72-1d1379a66c99,2012-03-05 11:28:13.692102296,0.0
Case884,W_Afhandelen leads,res_709ed04f-5b76-49c4-aeeb-ad921b6f6ca1,Role 1,2012-03-05 11:41:03.440243674,608,0,res_709ed04f-5b76-49c4-aeeb-ad921b6f6ca1,2012-03-05 11:38:08.586616674,0.0
Case884,W_Completeren aanvraag,res_b70af2ff-820e-4016-a03c-831214a09681,Role 1,2012-03-05 13:38:13.947435774,621,1,res_b70af2ff-820e-4016-a03c-831214a09681,2012-03-05 13:35:53.288803774,0.0
Case884,W_Nabellen offertes,res_843e228f-f915-4f9a-b2c1-ff974c62e207,Role 1,2012-03-07 16:33:23.611091573,629,1,res_843e228f-f915-4f9a-b2c1-ff974c62e207,2012-03-07 16:30:56.345907574,0.0
Case885,W_Afhandelen leads,res_0ba00481-2705-40d0-b647-5ea4bd04a214,Role 1,2012-03-05 11:43:34.870524026,609,1,res_0ba00481-2705-40d0-b647-5ea4bd04a214,2012-03-05 11:40:48.770473026,0.02564102564102564
Case885,W_Completeren aanvraag,res_d39cd18a-e6fc-4de4-b991-deff4ba6e82a,Role 1,2012-03-05 13:41:26.677415326,621,1,res_d39cd18a-e6fc-4de4-b991-deff4ba6e82a,2012-03-05 13:39:06.999280326,0.0
Case885,W_Nabellen offertes,res_1b9a0c06-ad62-425d-8a95-45a175c5555c,Role 1,2012-03-07 17:57:14.568487626,631,1,res_1b9a0c06-ad62-425d-8a95-45a175c5555c,2012-03-07 17:54:59.777792626,0.0
Case886,W_Afhandelen leads,res_a400b893-c7da-495f-bf62-a744eeccb8c5,Role 1,2012-03-05 11:50:27.637139638,610,0,res_a400b893-c7da-495f-bf62-a744eeccb8c5,2012-03-05 11:47:32.756173638,0.0
Case886,W_Completeren aanvraag,res_dec66574-3de2-4d20-a02f-ab348539e500,Role 1,2012-03-05 13:45:34.119728338,622,1,res_dec66574-3de2-4d20-a02f-ab348539e500,2012-03-05 13:43:13.179546338,0.0
Case886,W_Nabellen offertes,res_1b9a0c06-ad62-425d-8a95-45a175c5555c,Role 1,2012-03-07 19:17:58.854394738,629,2,res_1b9a0c06-ad62-425d-8a95-45a175c5555c,2012-03-07 19:15:53.851707738,0.02564102564102564
Case886,W_Nabellen offertes,res_dec66574-3de2-4d20-a02f-ab348539e500,Role 1,2012-03-12 04:13:22.008900238,611,1,res_dec66574-3de2-4d20-a02f-ab348539e500,2012-03-12 04:11:38.332702238,0.0
Case887,W_Completeren aanvraag,res_4ea7e99f-9f77-43d0-af71-4b2253ae6764,Role 1,2012-03-05 11:54:11.283423810,611,1,res_4ea7e99f-9f77-43d0-af71-4b2253ae6764,2012-03-05 11:51:39.580354810,0.0
Case888,W_Afhandelen leads,res_408efd66-8ed2-49bc-94a8-733c7b98a934,Role 1,2012-03-05 11:59:48.831414690,611,0,res_408efd66-8ed2-49bc-94a8-733c7b98a934,2012-03-05 11:56:53.903393690,0.0
Case888,W_Completeren aanvraag,res_4d502259-de4c-4574-91b7-d3c939a9cf04,Role 1,2012-03-05 13:50:44.982766790,622,1,res_4d502259-de4c-4574-91b7-d3c939a9cf04,2012-03-05 13:48:23.767392790,0.0
Case889,W_Afhandelen leads,res_9a47d014-a019-4396-9e72-1d1379a66c99,Role 1,2012-03-05 12:05:10.198436032,612,0,res_9a47d014-a019-4396-9e72-1d1379a66c99,2012-03-05 12:02:15.278552032,0.0
Case889,W_Completeren aanvraag,res_13020984-8d57-4f3c-8ba3-5a323081e70b,Role 1,2012-03-05 13:53:28.394946832,623,2,res_13020984-8d57-4f3c-8ba3-5a323081e70b,2012-03-05 13:51:09.275619832,0.05128205128205128
Case889,W_Nabellen offertes,res_dec66574-3de2-4d20-a02f-ab348539e500,Role 1,2012-03-07 19:41:33.211866332,628,1,res_dec66574-3de2-4d20-a02f-ab348539e500,2012-03-07 19:39:29.112335332,0.0
Case89,W_Afhandelen leads,res_a400b893-c7da-495f-bf62-a744eeccb8c5,Role 1,2012-02-15 11:37:52.615973677,552,0,res_a400b893-c7da-495f-bf62-a744eeccb8c5,2012-02-15 11:34:46.669547677,0.0
Case89,W_Completeren aanvraag,res_843e228f-f915-4f9a-b2c1-ff974c62e207,Role 1,2012-02-15 12:49:22.777783877,553,1,res_843e228f-f915-4f9a-b2c1-ff974c62e207,2012-02-15 12:46:48.279947877,0.0
Case89,W_Completeren aanvraag,res_08871a3e-f393-4f22-a0a4-e36c9d59a78e,Role 1,2012-02-15 16:31:54.506508577,559,1,res_08871a3e-f393-4f22-a0a4-e36c9d59a78e,2012-02-15 16:29:35.118130577,0.0
Case890,W_Completeren aanvraag,res_d39cd18a-e6fc-4de4-b991-deff4ba6e82a,Role 1,2012-03-05 12:09:20.733486052,613,1,res_d39cd18a-e6fc-4de4-b991-deff4ba6e82a,2012-03-05 12:06:50.311211052,0.0
Case890,W_Nabellen offertes,res_f8049b85-d52c-466e-8778-58e1f3f71604,Role 1,2012-03-05 12:53:12.777998352,618,1,res_f8049b85-d52c-466e-8778-58e1f3f71604,2012-03-05 12:50:57.858130352,0.02564102564102564
Case891,W_Completeren aanvraag,res_4c3013be-6589-47a8-a7c4-f99f2e4b9a48,Role 1,2012-03-05 12:14:41.648540394,614,1,res_4c3013be-6589-47a8-a7c4-f99f2e4b9a48,2012-03-05 12:12:11.686369394,0.0
Case892,W_Completeren aanvraag,res_0fc057cb-3a7d-47d3-8cd2-6d92b33620c4,Role 1,2012-03-05 12:20:11.642266471,614,1,res_0fc057cb-3a7d-47d3-8cd2-6d92b33620c4,2012-03-05 12:17:42.128538472,0.0
Case892,W_Completeren aanvraag,res_5a3eddbb-0eb4-49ac-9904-07583235092c,Role 1,2012-03-05 14:00:27.892360172,623,1,res_5a3eddbb-0eb4-49ac-9904-07583235092c,2012-03-05 13:58:10.534777172,0.02564102564102564
Case892,W_Nabellen offertes,res_408efd66-8ed2-49bc-94a8-733c7b98a934,Role 1,2012-03-07 18:18:59.870651172,631,1,res_408efd66-8ed2-49bc-94a8-733c7b98a934,2012-03-07 18:16:49.973293172,0.02564102564102564
Case892,W_Nabellen offertes,res_0fc057cb-3a7d-47d3-8cd2-6d92b33620c4,Role 1,2012-03-12 05:22:56.907157772,610,1,res_0fc057cb-3a7d-47d3-8cd2-6d92b33620c4,2012-03-12 05:21:16.888624772,0.0
Case892,W_Nabellen offertes,res_a60942a0-f9c4-436b-a4d0-6eeb41b2f0f2,Role 1,2012-03-14 11:51:12.938764172,624,1,res_a60942a0-f9c4-436b-a4d0-6eeb41b2f0f2,2012-03-14 11:49:36.033474172,0.0
Case892,W_Nabellen offertes,res_d5f36d0a-a64a-45e5-8850-daee823f6c96,Role 1,2012-03-16 00:26:40.380471272,595,1,res_d5f36d0a-a64a-45e5-8850-daee823f6c96,2012-03-16 00:23:24.709751272,0.0
Case893,W_Completeren aanvraag,res_0ba00481-2705-40d0-b647-5ea4bd04a214,Role 1,2012-03-05 12:27:06.132152097,615,1,res_0ba00481-2705-40d0-b647-5ea4bd04a214,2012-03-05 12:24:37.196141097,0.0
Case893,W_Nabellen offertes,res_a400b893-c7da-495f-bf62-a744eeccb8c5,Role 1,2012-03-05 13:09:55.042818497,619,1,res_a400b893-c7da-495f-bf62-a744eeccb8c5,2012-03-05 13:07:39.149314497,0.02564102564102564
Case893,W_Nabellen offertes,res_a400b893-c7da-495f-bf62-a744eeccb8c5,Role 1,2012-03-13 08:52:46.125084297,623,1,res_a400b893-c7da-495f-bf62-a744eeccb8c5,2012-03-13 08:50:59.368185297,0.0
Case893,W_Nabellen offertes,res_a60942a0-f9c4-436b-a4d0-6eeb41b2f0f2,Role 1,2012-03-15 00:51:33.246585997,615,1,res_a60942a0-f9c4-436b-a4d0-6eeb41b2f0f2,2012-03-15 00:44:50.460210997,0.0
Case893,W_Nabellen offertes,res_709ed04f-5b76-49c4-aeeb-ad921b6f6ca1,Role 1,2012-03-16 14:06:42.083357297,587,1,res_709ed04f-5b76-49c4-aeeb-ad921b6f6ca1,2012-03-16 14:04:54.996592297,0.0
Case893,W_Nabellen offertes,res_5724148e-e102-4421-a053-83c428a11f68,Role 1,2012-03-18 05:40:20.966724297,569,1,res_5724148e-e102-4421-a053-83c428a11f68,2012-03-18 05:38:41.244671297,0.0
Case894,W_Afhandelen leads,res_bb73aa9d-d45e-496a-a1ec-c9fe6e899287,Role 1,2012-03-05 12:32:14.180923579,615,0,res_bb73aa9d-d45e-496a-a1ec-c9fe6e899287,2012-03-05 12:29:19.280919579,0.0
Case894,W_Completeren aanvraag,res_a60942a0-f9c4-436b-a4d0-6eeb41b2f0f2,Role 1,2012-03-05 14:05:44.417495579,623,1,res_a60942a0-f9c4-436b-a4d0-6eeb41b2f0f2,2012-03-05 14:03:22.271331579,0.0
Case895,W_Completeren aanvraag,res_1b9a0c06-ad62-425d-8a95-45a175c5555c,Role 1,2012-03-05 12:37:22.872188845,616,1,res_1b9a0c06-ad62-425d-8a95-45a175c5555c,2012-03-05 12:34:54.760316845,0.0
Case896,W_Afhandelen leads,res_d39cd18a-e6fc-4de4-b991-deff4ba6e82a,Role 1,2012-03-05 12:42:42.815007339,616,0,res_d39cd18a-e6fc-4de4-b991-deff4ba6e82a,2012-03-05 12:39:47.926997339,0.0
Case896,W_Completeren aanvraag,res_57e6001e-3d34-44ab-b1e6-21b6b1001542,Role 1,2012-03-05 14:07:28.575820239,623,1,res_57e6001e-3d34-44ab-b1e6-21b6b1001542,2012-03-05 14:05:06.737847239,0.02564102564102564
Case896,W_Nabellen offertes,res_7c2a7682-7073-471d-9707-2acad2b806ab,Role 1,2012-03-07 14:57:05.169977339,631,1,res_7c2a7682-7073-471d-9707-2acad2b806ab,2012-03-07 14:54:18.358312339,0.0
Case896,W_Nabellen offertes,res_408efd66-8ed2-49bc-94a8-733c7b98a934,Role 1,2012-03-12 00:30:21.227644039,612,1,res_408efd66-8ed2-49bc-94a8-733c7b98a934,2012-03-12 00:28:14.918034039,0.0
Case896,W_Nabellen offertes,res_4ea7e99f-9f77-43d0-af71-4b2253ae6764,Role 1,2012-03-14 02:37:33.514763839,634,1,res_4ea7e99f-9f77-43d0-af71-4b2253ae6764,2012-03-14 02:33:16.277377839,0.0
Case896,W_Nabellen offertes,res_4c3013be-6589-47a8-a7c4-f99f2e4b9a48,Role 1,2012-03-15 15:45:55.419162939,600,1,res_4c3013be-6589-47a8-a7c4-f99f2e4b9a48,2012-03-15 15:44:19.430229939,0.0
Case896,W_Nabellen offertes,res_1b3fa211-3349-4835-aae7-baccd0368824,Role 1,2012-03-17 03:52:41.012677539,576,1,res_1b3fa211-3349-4835-aae7-baccd0368824,2012-03-17 03:46:04.469938539,0.0
Case896,W_Nabellen offertes,res_6488ab10-d3ee-4b87-935d-302131660e4e,Role 1,2012-03-18 23:52:58.445598339,564,1,res_6488ab10-d3ee-4b87-935d-302131660e4e,2012-03-18 23:51:23.893886339,0.0
Case897,W_Afhandelen leads,res_f8049b85-d52c-466e-8778-58e1f3f71604,Role 1,2012-03-05 12:43:03.577797099,617,1,res_f8049b85-d52c-466e-8778-58e1f3f71604,2012-03-05 12:40:19.157812099,0.02564102564102564
Case897,W_Completeren aanvraag,res_5724148e-e102-4421-a053-83c428a11f68,Role 1,2012-03-05 14:10:35.178371299,623,1,res_5724148e-e102-4421-a053-83c428a11f68,2012-03-05 14:08:13.993714299,0.0
Case897,W_Completeren aanvraag,res_6488ab10-d3ee-4b87-935d-302131660e4e,Role 1,2012-03-05 17:14:36.323852399,626,2,res_6488ab10-d3ee-4b87-935d-302131660e4e,2012-03-05 17:12:27.134438399,0.02564102564102564
Case898,W_Afhandelen leads,res_6488ab10-d3ee-4b87-935d-302131660e4e,Role 1,2012-03-05 12:49:59.963737986,618,0,res_6488ab10-d3ee-4b87-935d-302131660e4e,2012-03-05 12:47:05.158403986,0.0
Case898,W_Completeren aanvraag,res_6488ab10-d3ee-4b87-935d-302131660e4e,Role 1,2012-03-05 14:13:51.343423386,624,2,res_6488ab10-d3ee-4b87-935d-302131660e4e,2012-03-05 14:11:30.691276386,0.02564102564102564
Case898,W_Nabellen offertes,res_dec66574-3de2-4d20-a02f-ab348539e500,Role 1,2012-03-07 17:28:09.138712086,633,1,res_dec66574-3de2-4d20-a02f-ab348539e500,2012-03-07 17:25:53.418797086,0.0
Case898,W_Nabellen offertes,res_4c3013be-6589-47a8-a7c4-f99f2e4b9a48,Role 1,2012-03-12 05:53:14.799310186,610,1,res_4c3013be-6589-47a8-a7c4-f99f2e4b9a48,2012-03-12 05:51:35.738441186,0.0
Case898,W_Nabellen offertes,res_5a3eddbb-0eb4-49ac-9904-07583235092c,Role 1,2012-03-14 12:41:53.505307686,623,1,res_5a3eddbb-0eb4-49ac-9904-07583235092c,2012-03-14 12:40:18.136142686,0.0
Case899,W_Afhandelen leads,res_709ed04f-5b76-49c4-aeeb-ad921b6f6ca1,Role 1,2012-03-05 12:59:03.038143564,618,0,res_709ed04f-5b76-49c4-aeeb-ad921b6f6ca1,2012-03-05 12:56:08.171602564,0.0
Case899,W_Completeren aanvraag,res_1d01c37d-a137-4a7e-8f12-e8c97f0c7f2b,Role 1,2012-03-05 14:18:35.630068764,623,1,res_1d01c37d-a137-4a7e-8f12-e8c97f0c7f2b,2012-03-05 14:16:12.725130764,0.0
Case899,W_Completeren aanvraag,res_a400b893-c7da-495f-bf62-a744eeccb8c5,Role 1,2012-03-05 17:04:06.736265764,625,2,res_a400b893-c7da-495f-bf62-a744eeccb8c5,2012-03-05 17:01:57.148938764,0.02564102564102564
Case899,W_Nabellen offertes,res_59c642c1-18f5-484a-aed6-a023ede79a28,Role 1,2012-03-06 14:24:07.993857863,632,1,res_59c642c1-18f5-484a-aed6-a023ede79a28,2012-03-06 14:22:04.484677864,0.0
Case899,W_Nabellen offertes,res_f8049b85-d52c-466e-8778-58e1f3f71604,Role 1,2012-03-09 15:18:51.407208364,622,1,res_f8049b85-d52c-466e-8778-58e1f3f71604,2012-03-09 15:08:55.768847364,0.0
Case899,W_Nabellen offertes,res_0ba00481-2705-40d0-b647-5ea4bd04a214,Role 1,2012-03-11 19:15:46.790867064,617,1,res_0ba00481-2705-40d0-b647-5ea4bd04a214,2012-03-11 19:13:50.931852064,0.0
Case9,W_Completeren aanvraag,res_709ed04f-5b76-49c4-aeeb-ad921b6f6ca1,Role 1,2012-02-14 08:08:22.890765904,524,1,res_709ed04f-5b76-49c4-aeeb-ad921b6f6ca1,2012-02-14 08:05:40.396266904,0.0
Case9,W_Nabellen offertes,res_1b3fa211-3349-4835-aae7-baccd0368824,Role 1,2012-02-14 09:22:17.315932704,536,1,res_1b3fa211-3349-4835-aae7-baccd0368824,2012-02-14 09:19:55.815388704,0.0
Case9,W_Nabellen offertes,res_bae84d23-abe1-4580-a954-c8576ba025c9,Role 1,2012-02-21 08:15:43.044118704,631,1,res_bae84d23-abe1-4580-a954-c8576ba025c9,2012-02-21 08:13:59.098591704,0.0
Case90,W_Completeren aanvraag,res_570add54-a9ce-40af-8ebf-c88ddafd5fef,Role 1,2012-02-15 11:52:11.860390533,553,1,res_570add54-a9ce-40af-8ebf-c88ddafd5fef,2012-02-15 11:49:36.244045533,0.0
Case90,W_Completeren aanvraag,res_0ba00481-2705-40d0-b647-5ea4bd04a214,Role 1,2012-02-15 13:02:50.698679233,553,1,res_0ba00481-2705-40d0-b647-5ea4bd04a214,2012-02-15 13:00:17.653307233,0.0
Case90,W_Completeren aanvraag,res_13020984-8d57-4f3c-8ba3-5a323081e70b,Role 1,2012-02-15 16:41:33.035059933,559,2,res_13020984-8d57-4f3c-8ba3-5a323081e70b,2012-02-15 16:39:21.471140933,0.02564102564102564
Case90,W_Completeren aanvraag,res_3efedec2-7c7d-4360-b422-dcf1d20a8bfd,Role 1,2012-02-15 18:05:24.182243533,561,1,res_3efedec2-7c7d-4360-b422-dcf1d20a8bfd,2012-02-15 18:03:36.025820533,0.0
Case90,W_Nabellen offertes,res_230c0182-4111-4506-bfd5-9b0719b08311,Role 1,2012-02-16 00:00:13.064429433,563,1,res_230c0182-4111-4506-bfd5-9b0719b08311,2012-02-15 23:58:37.244616433,0.0
Case90,W_Nabellen offertes,res_d5f36d0a-a64a-45e5-8850-daee823f6c96,Role 1,2012-02-19 07:12:31.678865433,600,1,res_d5f36d0a-a64a-45e5-8850-daee823f6c96,2012-02-19 07:10:59.009063433,0.0
Case900,W_Afhandelen leads,res_6488ab10-d3ee-4b87-935d-302131660e4e,Role 1,2012-03-05 13:06:21.279343849,619,0,res_6488ab10-d3ee-4b87-935d-302131660e4e,2012-03-05 13:03:26.410454849,0.0
Case900,W_Completeren aanvraag,res_dec66574-3de2-4d20-a02f-ab348539e500,Role 1,2012-03-05 14:22:45.672641849,623,1,res_dec66574-3de2-4d20-a02f-ab348539e500,2012-03-05 14:20:23.161997849,0.02564102564102564
Case901,W_Completeren aanvraag,res_dec66574-3de2-4d20-a02f-ab348539e500,Role 1,2012-03-05 13:14:10.639617380,620,1,res_dec66574-3de2-4d20-a02f-ab348539e500,2012-03-05 13:11:45.096045380,0.0
Case901,W_Completeren aanvraag,res_5724148e-e102-4421-a053-83c428a11f68,Role 1,2012-03-05 14:27:33.147773780,622,1,res_5724148e-e102-4421-a053-83c428a11f68,2012-03-05 14:25:13.582690780,0.0
Case902,W_Completeren aanvraag,res_1b3fa211-3349-4835-aae7-baccd0368824,Role 1,2012-03-05 13:21:22.419868839,621,1,res_1b3fa211-3349-4835-aae7-baccd0368824,2012-03-05 13:18:57.290223839,0.0
Case902,W_Completeren aanvraag,res_4c3013be-6589-47a8-a7c4-f99f2e4b9a48,Role 1,2012-03-05 14:32:20.432557839,622,1,res_4c3013be-6589-47a8-a7c4-f99f2e4b9a48,2012-03-05 14:30:00.616302839,0.0
Case902,W_Completeren aanvraag,res_a400b893-c7da-495f-bf62-a744eeccb8c5,Role 1,2012-03-05 17:06:00.496115739,626,1,res_a400b893-c7da-495f-bf62-a744eeccb8c5,2012-03-05 17:03:52.956282739,0.05128205128205128
Case902,W_Nabellen offertes,res_5724148e-e102-4421-a053-83c428a11f68,Role 1,2012-03-06 16:33:05.035360239,637,2,res_5724148e-e102-4421-a053-83c428a11f68,2012-03-06 16:31:13.479975239,0.05128205128205128
Case902,W_Nabellen offertes,res_4d502259-de4c-4574-91b7-d3c939a9cf04,Role 1,2012-03-09 17:05:59.762794339,622,1,res_4d502259-de4c-4574-91b7-d3c939a9cf04,2012-03-09 16:54:53.055441339,0.0
Case902,W_Nabellen offertes,res_1b9a0c06-ad62-425d-8a95-45a175c5555c,Role 1,2012-03-11 21:37:42.096087039,615,1,res_1b9a0c06-ad62-425d-8a95-45a175c5555c,2012-03-11 21:35:46.307373039,0.0
Case902,W_Nabellen offertes,res_d856942c-e08c-4dce-8114-31eacb6f69b7,Role 1,2012-03-13 18:33:54.295258239,642,1,res_d856942c-e08c-4dce-8114-31eacb6f69b7,2012-03-13 18:32:17.058505239,0.0
Case902,W_Nabellen offertes,res_4d502259-de4c-4574-91b7-d3c939a9cf04,Role 1,2012-03-15 08:49:20.615234239,608,1,res_4d502259-de4c-4574-91b7-d3c939a9cf04,2012-03-15 08:45:52.170478239,0.0
Case903,W_Completeren aanvraag,res_1d01c37d-a137-4a7e-8f12-e8c97f0c7f2b,Role 1,2012-03-05 13:31:46.093333600,622,2,res_1d01c37d-a137-4a7e-8f12-e8c97f0c7f2b,2012-03-05 13:29:25.936301600,0.02564102564102564
Case903,W_Completeren aanvraag,res_a400b893-c7da-495f-bf62-a744eeccb8c5,Role 1,2012-03-05 14:39:42.252312800,623,2,res_a400b893-c7da-495f-bf62-a744eeccb8c5,2012-03-05 14:37:25.126235800,0.02564102564102564
Case904,W_Afhandelen leads,res_5a3eddbb-0eb4-49ac-9904-07583235092c,Role 1,2012-03-05 13:42:45.978287360,623,0,res_5a3eddbb-0eb4-49ac-9904-07583235092c,2012-03-05 13:39:54.582379360,0.05128205128205128
Case904,W_Completeren aanvraag,res_d39cd18a-e6fc-4de4-b991-deff4ba6e82a,Role 1,2012-03-05 14:45:43.983132760,622,1,res_d39cd18a-e6fc-4de4-b991-deff4ba6e82a,2012-03-05 14:43:20.480932760,0.0
Case904,W_Completeren aanvraag,res_dec66574-3de2-4d20-a02f-ab348539e500,Role 1,2012-03-05 16:44:04.110824860,626,1,res_dec66574-3de2-4d20-a02f-ab348539e500,2012-03-05 16:41:53.710359860,0.05128205128205128
Case904,W_Completeren aanvraag,res_40e4f4c6-1170-4ce1-ba24-0dfa2dd61b15,Role 1,2012-03-05 17:35:16.706750460,625,1,res_40e4f4c6-1170-4ce1-ba24-0dfa2dd61b15,2012-03-05 17:33:28.347040460,0.0
Case905,W_Completeren aanvraag,res_d5f36d0a-a64a-45e5-8850-daee823f6c96,Role 1,2012-03-05 13:43:04.223464231,624,2,res_d5f36d0a-a64a-45e5-8850-daee823f6c96,2012-03-05 13:40:44.954661231,0.07692307692307693
Case906,W_Afhandelen leads,res_59c642c1-18f5-484a-aed6-a023ede79a28,Role 1,2012-03-05 13:51:45.007885838,623,0,res_59c642c1-18f5-484a-aed6-a023ede79a28,2012-03-05 13:48:49.536012838,0.0
Case906,W_Completeren aanvraag,res_5a3eddbb-0eb4-49ac-9904-07583235092c,Role 1,2012-03-05 14:55:26.145144038,625,2,res_5a3eddbb-0eb4-49ac-9904-07583235092c,2012-03-05 14:53:03.972903038,0.02564102564102564
Case906,W_Completeren aanvraag,res_4bfd217b-a1fe-4479-a77c-aded82769086,Role 1,2012-03-05 16:56:53.041519538,625,1,res_4bfd217b-a1fe-4479-a77c-aded82769086,2012-03-05 16:54:42.950838538,0.0
Case907,W_Afhandelen leads,res_0ba00481-2705-40d0-b647-5ea4bd04a214,Role 1,2012-03-05 13:58:30.155935362,624,0,res_0ba00481-2705-40d0-b647-5ea4bd04a214,2012-03-05 13:55:36.544050362,0.02564102564102564
Case907,W_Completeren aanvraag,res_5a3eddbb-0eb4-49ac-9904-07583235092c,Role 1,2012-03-05 15:00:03.568257262,624,2,res_5a3eddbb-0eb4-49ac-9904-07583235092c,2012-03-05 14:57:41.523897262,0.02564102564102564
Case908,W_Completeren aanvraag,res_b70af2ff-820e-4016-a03c-831214a09681,Role 1,2012-03-05 14:05:53.473781957,624,1,res_b70af2ff-820e-4016-a03c-831214a09681,2012-03-05 14:03:30.043499957,0.0
Case909,W_Afhandelen leads,res_1b3fa211-3349-4835-aae7-baccd0368824,Role 1,2012-03-05 14:14:46.912796038,624,0,res_1b3fa211-3349-4835-aae7-baccd0368824,2012-03-05 14:11:52.758873038,0.02564102564102564
Case909,W_Completeren aanvraag,res_a400b893-c7da-495f-bf62-a744eeccb8c5,Role 1,2012-03-05 15:14:24.767444838,624,2,res_a400b893-c7da-495f-bf62-a744eeccb8c5,2012-03-05 15:12:02.280817838,0.02564102564102564
Case909,W_Completeren aanvraag,res_5a3eddbb-0eb4-49ac-9904-07583235092c,Role 1,2012-03-05 17:04:40.542661038,626,1,res_5a3eddbb-0eb4-49ac-9904-07583235092c,2012-03-05 17:02:30.475544038,0.0
Case91,W_Completeren aanvraag,res_8a4ef218-abd5-42fa-9b05-623b7ba3c08b,Role 1,2012-02-15 12:07:23.400308050,553,1,res_8a4ef218-abd5-42fa-9b05-623b7ba3c08b,2012-02-15 12:04:48.989793050,0.0
Case910,W_Completeren aanvraag,res_13020984-8d57-4f3c-8ba3-5a323081e70b,Role 1,2012-03-05 14:23:38.126356727,622,1,res_13020984-8d57-4f3c-8ba3-5a323081e70b,2012-03-05 14:21:14.913538727,0.0
Case910,W_Nabellen offertes,res_1d01c37d-a137-4a7e-8f12-e8c97f0c7f2b,Role 1,2012-03-05 14:54:39.183922227,624,1,res_1d01c37d-a137-4a7e-8f12-e8c97f0c7f2b,2012-03-05 14:52:18.412710227,0.02564102564102564
Case911,W_Completeren aanvraag,res_4bfd217b-a1fe-4479-a77c-aded82769086,Role 1,2012-03-05 14:33:33.426433452,623,1,res_4bfd217b-a1fe-4479-a77c-aded82769086,2012-03-05 14:31:10.313910452,0.0
Case911,W_Nabellen offertes,res_b70af2ff-820e-4016-a03c-831214a09681,Role 1,2012-03-05 15:02:59.229800952,623,1,res_b70af2ff-820e-4016-a03c-831214a09681,2012-03-05 15:00:38.439861952,0.0
Case912,W_Afhandelen leads,res_1b3fa211-3349-4835-aae7-baccd0368824,Role 1,2012-03-05 14:43:52.139925164,623,0,res_1b3fa211-3349-4835-aae7-baccd0368824,2012-03-05 14:40:54.632380164,0.0
Case912,W_Completeren aanvraag,res_b42bc940-a579-4310-8bba-a668ba469508,Role 1,2012-03-05 15:41:17.077727564,626,1,res_b42bc940-a579-4310-8bba-a668ba469508,2012-03-05 15:38:51.704417564,0.02564102564102564
Case912,W_Nabellen offertes,res_13020984-8d57-4f3c-8ba3-5a323081e70b,Role 1,2012-03-06 21:18:24.878731464,637,1,res_13020984-8d57-4f3c-8ba3-5a323081e70b,2012-03-06 21:16:30.987415464,0.0
Case913,W_Afhandelen leads,res_7c2a7682-7073-471d-9707-2acad2b806ab,Role 1,2012-03-05 14:44:02.344059551,624,1,res_7c2a7682-7073-471d-9707-2acad2b806ab,2012-03-05 14:41:15.788738551,0.02564102564102564
Case913,W_Completeren aanvraag,res_3efedec2-7c7d-4360-b422-dcf1d20a8bfd,Role 1,2012-03-05 15:41:49.261214051,626,2,res_3efedec2-7c7d-4360-b422-dcf1d20a8bfd,2012-03-05 15:39:27.859434051,0.05128205128205128
Case913,W_Nabellen offertes,res_230c0182-4111-4506-bfd5-9b0719b08311,Role 1,2012-03-07 02:25:05.420587551,637,1,res_230c0182-4111-4506-bfd5-9b0719b08311,2012-03-07 02:23:14.566148551,0.0
Case913,W_Nabellen offertes,res_230c0182-4111-4506-bfd5-9b0719b08311,Role 1,2012-03-13 08:01:26.012734551,623,1,res_230c0182-4111-4506-bfd5-9b0719b08311,2012-03-13 07:59:39.120923551,0.0
Case914,W_Completeren aanvraag,res_0ba00481-2705-40d0-b647-5ea4bd04a214,Role 1,2012-03-05 14:48:20.919880033,625,1,res_0ba00481-2705-40d0-b647-5ea4bd04a214,2012-03-05 14:45:57.873517033,0.0
Case915,W_Completeren aanvraag,res_1d01c37d-a137-4a7e-8f12-e8c97f0c7f2b,Role 1,2012-03-05 14:52:34.216124667,625,1,res_1d01c37d-a137-4a7e-8f12-e8c97f0c7f2b,2012-03-05 14:50:11.749817667,0.02564102564102564
Case915,W_Completeren aanvraag,res_08871a3e-f393-4f22-a0a4-e36c9d59a78e,Role 1,2012-03-05 15:49:27.001218567,626,1,res_08871a3e-f393-4f22-a0a4-e36c9d59a78e,2012-03-05 15:47:04.741975567,0.02564102564102564
Case915,W_Completeren aanvraag,res_57e6001e-3d34-44ab-b1e6-21b6b1001542,Role 1,2012-03-05 17:20:05.079372767,626,1,res_57e6001e-3d34-44ab-b1e6-21b6b1001542,2012-03-05 17:17:56.502043767,0.0
Case916,W_Afhandelen leads,res_7b435aaa-ab1b-4205-92d4-81495e1b2d15,Role 1,2012-03-05 15:03:35.833307514,623,0,res_7b435aaa-ab1b-4205-92d4-81495e1b2d15,2012-03-05 15:00:37.373558514,0.0
Case916,W_Completeren aanvraag,res_709ed04f-5b76-49c4-aeeb-ad921b6f6ca1,Role 1,2012-03-05 16:00:19.891784114,626,1,res_709ed04f-5b76-49c4-aeeb-ad921b6f6ca1,2012-03-05 15:57:53.163005114,0.0
Case916,W_Nabellen offertes,res_709ed04f-5b76-49c4-aeeb-ad921b6f6ca1,Role 1,2012-03-06 22:50:59.811153514,636,1,res_709ed04f-5b76-49c4-aeeb-ad921b6f6ca1,2012-03-06 22:49:08.336888514,0.0
Case917,W_Completeren aanvraag,res_5724148e-e102-4421-a053-83c428a11f68,Role 1,2012-03-05 15:08:01.842951108,624,1,res_5724148e-e102-4421-a053-83c428a11f68,2012-03-05 15:05:38.599804108,0.0
Case917,W_Completeren aanvraag,res_4ea7e99f-9f77-43d0-af71-4b2253ae6764,Role 1,2012-03-05 16:04:13.545007508,627,1,res_4ea7e99f-9f77-43d0-af71-4b2253ae6764,2012-03-05 16:01:50.068230508,0.0
Case918,W_Afhandelen leads,res_40e4f4c6-1170-4ce1-ba24-0dfa2dd61b15,Role 1,2012-03-05 15:13:43.702773888,625,0,res_40e4f4c6-1170-4ce1-ba24-0dfa2dd61b15,2012-03-05 15:10:44.863277888,0.0
Case918,W_Completeren aanvraag,res_08871a3e-f393-4f22-a0a4-e36c9d59a78e,Role 1,2012-03-05 16:09:59.594162188,627,2,res_08871a3e-f393-4f22-a0a4-e36c9d59a78e,2012-03-05 16:07:35.269742188,0.02564102564102564
Case919,W_Completeren aanvraag,res_0fc057cb-3a7d-47d3-8cd2-6d92b33620c4,Role 1,2012-03-05 15:18:22.514432768,626,1,res_0fc057cb-3a7d-47d3-8cd2-6d92b33620c4,2012-03-05 15:15:59.186316768,0.0
Case919,W_Completeren aanvraag,res_5a3eddbb-0eb4-49ac-9904-07583235092c,Role 1,2012-03-05 16:14:24.773589168,627,2,res_5a3eddbb-0eb4-49ac-9904-07583235092c,2012-03-05 16:12:03.631842168,0.02564102564102564
Case919,W_Completeren aanvraag,res_4bfd217b-a1fe-4479-a77c-aded82769086,Role 1,2012-03-05 17:46:00.974913868,626,1,res_4bfd217b-a1fe-4479-a77c-aded82769086,2012-03-05 17:43:53.964291868,0.02564102564102564
Case919,W_Nabellen offertes,res_230c0182-4111-4506-bfd5-9b0719b08311,Role 1,2012-03-06 11:40:36.153987168,631,1,res_230c0182-4111-4506-bfd5-9b0719b08311,2012-03-06 11:37:32.140548168,0.0
Case92,W_Completeren aanvraag,res_5a3eddbb-0eb4-49ac-9904-07583235092c,Role 1,2012-02-15 12:19:10.214509992,553,2,res_5a3eddbb-0eb4-49ac-9904-07583235092c,2012-02-15 12:16:43.268749992,0.02564102564102564
Case92,W_Completeren aanvraag,res_570add54-a9ce-40af-8ebf-c88ddafd5fef,Role 1,2012-02-15 13:24:54.916089092,554,1,res_570add54-a9ce-40af-8ebf-c88ddafd5fef,2012-02-15 13:22:24.295846092,0.0
Case92,W_Completeren aanvraag,res_9a47d014-a019-4396-9e72-1d1379a66c99,Role 1,2012-02-15 16:32:22.886073792,559,1,res_9a47d014-a019-4396-9e72-1d1379a66c99,2012-02-15 16:30:09.755887792,0.0
Case92,W_Nabellen offertes,res_3efedec2-7c7d-4360-b422-dcf1d20a8bfd,Role 1,2012-02-16 04:34:33.285958192,563,1,res_3efedec2-7c7d-4360-b422-dcf1d20a8bfd,2012-02-16 04:32:14.066308192,0.0
Case920,W_Completeren aanvraag,res_3efedec2-7c7d-4360-b422-dcf1d20a8bfd,Role 1,2012-03-05 15:27:21.662424796,626,1,res_3efedec2-7c7d-4360-b422-dcf1d20a8bfd,2012-03-05 15:24:58.169732796,0.0
Case920,W_Nabellen offertes,res_5724148e-e102-4421-a053-83c428a11f68,Role 1,2012-03-05 15:53:16.123412496,627,1,res_5724148e-e102-4421-a053-83c428a11f68,2012-03-05 15:50:54.515467496,0.0
Case921,W_Afhandelen leads,res_4c3013be-6589-47a8-a7c4-f99f2e4b9a48,Role 1,2012-03-05 15:43:34.332488974,626,0,res_4c3013be-6589-47a8-a7c4-f99f2e4b9a48,2012-03-05 15:40:34.086729974,0.0
Case921,W_Completeren aanvraag,res_0fc057cb-3a7d-47d3-8cd2-6d92b33620c4,Role 1,2012-03-05 16:38:38.191036674,626,1,res_0fc057cb-3a7d-47d3-8cd2-6d92b33620c4,2012-03-05 16:36:10.368907674,0.0
Case922,W_Afhandelen leads,res_0ba00481-2705-40d0-b647-5ea4bd04a214,Role 1,2012-03-05 15:46:07.432498514,627,1,res_0ba00481-2705-40d0-b647-5ea4bd04a214,2012-03-05 15:43:19.307814514,0.05128205128205128
Case922,W_Completeren aanvraag,res_bae84d23-abe1-4580-a954-c8576ba025c9,Role 1,2012-03-05 16:41:21.909852214,626,1,res_bae84d23-abe1-4580-a954-c8576ba025c9,2012-03-05 16:38:56.936624214,0.02564102564102564
Case923,W_Completeren aanvraag,res_709ed04f-5b76-49c4-aeeb-ad921b6f6ca1,Role 1,2012-03-05 15:55:47.147776525,627,2,res_709ed04f-5b76-49c4-aeeb-ad921b6f6ca1,2012-03-05 15:53:27.804979525,0.02564102564102564
Case923,W_Nabellen offertes,res_0fc057cb-3a7d-47d3-8cd2-6d92b33620c4,Role 1,2012-03-05 16:20:09.912207425,626,1,res_0fc057cb-3a7d-47d3-8cd2-6d92b33620c4,2012-03-05 16:17:49.762310425,0.0
Case923,W_Nabellen offertes,res_1b9a0c06-ad62-425d-8a95-45a175c5555c,Role 1,2012-03-14 11:05:22.964520124,625,1,res_1b9a0c06-ad62-425d-8a95-45a175c5555c,2012-03-14 11:03:33.461765125,0.0
Case924,W_Completeren aanvraag,res_570add54-a9ce-40af-8ebf-c88ddafd5fef,Role 1,2012-03-05 16:03:01.303389073,627,1,res_570add54-a9ce-40af-8ebf-c88ddafd5fef,2012-03-05 16:00:36.976821073,0.0
Case924,W_Nabellen offertes,res_4bfd217b-a1fe-4479-a77c-aded82769086,Role 1,2012-03-05 16:26:45.791425573,626,1,res_4bfd217b-a1fe-4479-a77c-aded82769086,2012-03-05 16:24:23.961353573,0.0
Case925,W_Completeren aanvraag,res_d5f36d0a-a64a-45e5-8850-daee823f6c96,Role 1,2012-03-05 16:09:21.289568386,627,1,res_d5f36d0a-a64a-45e5-8850-daee823f6c96,2012-03-05 16:06:56.783826386,0.0
Case926,W_Afhandelen leads,res_0fc057cb-3a7d-47d3-8cd2-6d92b33620c4,Role 1,2012-03-05 16:26:05.081162962,627,0,res_0fc057cb-3a7d-47d3-8cd2-6d92b33620c4,2012-03-05 16:23:04.939083962,0.02564102564102564
Case926,W_Completeren aanvraag,res_b42bc940-a579-4310-8bba-a668ba469508,Role 1,2012-03-05 17:20:29.455650562,625,2,res_b42bc940-a579-4310-8bba-a668ba469508,2012-03-05 17:18:03.783866562,0.02564102564102564
Case926,W_Nabellen offertes,res_6488ab10-d3ee-4b87-935d-302131660e4e,Role 1,2012-03-06 20:08:42.246245462,640,2,res_6488ab10-d3ee-4b87-935d-302131660e4e,2012-03-06 20:06:48.004377462,0.02564102564102564
Case927,W_Afhandelen leads,res_08871a3e-f393-4f22-a0a4-e36c9d59a78e,Role 1,2012-03-05 16:34:35.189380505,627,0,res_08871a3e-f393-4f22-a0a4-e36c9d59a78e,2012-03-05 16:31:34.706576505,0.02564102564102564
Case927,W_Completeren aanvraag,res_a60942a0-f9c4-436b-a4d0-6eeb41b2f0f2,Role 1,2012-03-05 17:29:00.949589405,625,1,res_a60942a0-f9c4-436b-a4d0-6eeb41b2f0f2,2012-03-05 17:26:32.221913405,0.0
Case928,W_Completeren aanvraag,res_709ed04f-5b76-49c4-aeeb-ad921b6f6ca1,Role 1,2012-03-05 16:43:19.281214469,625,2,res_709ed04f-5b76-49c4-aeeb-ad921b6f6ca1,2012-03-05 16:40:58.876133469,0.02564102564102564
Case928,W_Nabellen offertes,res_4c3013be-6589-47a8-a7c4-f99f2e4b9a48,Role 1,2012-03-05 17:05:26.768517269,626,1,res_4c3013be-6589-47a8-a7c4-f99f2e4b9a48,2012-03-05 17:03:06.791019269,0.0
Case928,W_Nabellen offertes,res_0ba00481-2705-40d0-b647-5ea4bd04a214,Role 1,2012-03-14 13:13:48.920266769,622,1,res_0ba00481-2705-40d0-b647-5ea4bd04a214,2012-03-14 13:12:04.828164769,0.0
Case928,W_Nabellen offertes,res_a60942a0-f9c4-436b-a4d0-6eeb41b2f0f2,Role 1,2012-03-16 06:11:39.972487869,591,1,res_a60942a0-f9c4-436b-a4d0-6eeb41b2f0f2,2012-03-16 06:00:23.526962869,0.0
Case928,W_Nabellen offertes,res_6488ab10-d3ee-4b87-935d-302131660e4e,Role 1,2012-03-17 20:48:15.272990869,573,1,res_6488ab10-d3ee-4b87-935d-302131660e4e,2012-03-17 20:46:31.623044869,0.0
Case929,W_Afhandelen leads,res_0fc057cb-3a7d-47d3-8cd2-6d92b33620c4,Role 1,2012-03-05 16:45:07.429382452,626,0,res_0fc057cb-3a7d-47d3-8cd2-6d92b33620c4,2012-03-05 16:42:08.389882452,0.05128205128205128
Case929,W_Completeren aanvraag,res_6488ab10-d3ee-4b87-935d-302131660e4e,Role 1,2012-03-05 17:39:25.301727152,626,2,res_6488ab10-d3ee-4b87-935d-302131660e4e,2012-03-05 17:37:00.307477152,0.05128205128205128
Case93,W_Afhandelen leads,res_d39cd18a-e6fc-4de4-b991-deff4ba6e82a,Role 1,2012-02-15 12:21:50.369121034,554,0,res_d39cd18a-e6fc-4de4-b991-deff4ba6e82a,2012-02-15 12:18:48.192009034,0.02564102564102564
Case93,W_Completeren aanvraag,res_570add54-a9ce-40af-8ebf-c88ddafd5fef,Role 1,2012-02-15 13:28:21.037442434,556,2,res_570add54-a9ce-40af-8ebf-c88ddafd5fef,2012-02-15 13:25:50.040202434,0.02564102564102564
Case930,W_Afhandelen leads,res_1b9a0c06-ad62-425d-8a95-45a175c5555c,Role 1,2012-03-05 16:52:29.916293287,627,0,res_1b9a0c06-ad62-425d-8a95-45a175c5555c,2012-03-05 16:49:30.658517287,0.05128205128205128
Case930,W_Completeren aanvraag,res_6488ab10-d3ee-4b87-935d-302131660e4e,Role 1,2012-03-05 17:46:50.009487887,626,1,res_6488ab10-d3ee-4b87-935d-302131660e4e,2012-03-05 17:44:22.068375887,0.02564102564102564
Case930,W_Nabellen offertes,res_59c642c1-18f5-484a-aed6-a023ede79a28,Role 1,2012-03-07 04:37:17.668174987,636,2,res_59c642c1-18f5-484a-aed6-a023ede79a28,2012-03-07 04:35:13.820241987,0.02564102564102564
Case931,W_Afhandelen leads,res_5724148e-e102-4421-a053-83c428a11f68,Role 1,2012-03-05 16:59:09.817748799,626,0,res_5724148e-e102-4421-a053-83c428a11f68,2012-03-05 16:56:06.584652799,0.0
Case931,W_Completeren aanvraag,res_f8049b85-d52c-466e-8778-58e1f3f71604,Role 1,2012-03-05 17:53:30.412730799,627,1,res_f8049b85-d52c-466e-8778-58e1f3f71604,2012-03-05 17:51:01.019886799,0.0
Case932,W_Completeren aanvraag,res_dec66574-3de2-4d20-a02f-ab348539e500,Role 1,2012-03-05 17:07:29.434104739,627,2,res_dec66574-3de2-4d20-a02f-ab348539e500,2012-03-05 17:05:08.590405739,0.02564102564102564
Case933,W_Afhandelen leads,res_bb73aa9d-d45e-496a-a1ec-c9fe6e899287,Role 1,2012-03-05 17:18:59.183877973,625,0,res_bb73aa9d-d45e-496a-a1ec-c9fe6e899287,2012-03-05 17:15:55.370504973,0.0
Case933,W_Completeren aanvraag,res_d5f36d0a-a64a-45e5-8850-daee823f6c96,Role 1,2012-03-05 18:13:19.225224673,627,1,res_d5f36d0a-a64a-45e5-8850-daee823f6c96,2012-03-05 18:10:50.461703673,0.02564102564102564
Case933,W_Completeren aanvraag,res_230c0182-4111-4506-bfd5-9b0719b08311,Role 1,2012-03-05 19:31:00.911591273,632,1,res_230c0182-4111-4506-bfd5-9b0719b08311,2012-03-05 19:28:50.142314273,0.0
Case933,W_Nabellen offertes,res_408efd66-8ed2-49bc-94a8-733c7b98a934,Role 1,2012-03-06 17:29:57.295421573,636,1,res_408efd66-8ed2-49bc-94a8-733c7b98a934,2012-03-06 17:28:09.231140573,0.0
Case933,W_Nabellen offertes,res_1b9a0c06-ad62-425d-8a95-45a175c5555c,Role 1,2012-03-09 14:35:47.642612673,623,1,res_1b9a0c06-ad62-425d-8a95-45a175c5555c,2012-03-09 14:23:10.166053673,0.0
Case934,W_Completeren aanvraag,res_7c2a7682-7073-471d-9707-2acad2b806ab,Role 1,2012-03-05 17:24:29.303403825,626,2,res_7c2a7682-7073-471d-9707-2acad2b806ab,2012-03-05 17:22:08.125390825,0.02564102564102564
Case934,W_Completeren aanvraag,res_d5f36d0a-a64a-45e5-8850-daee823f6c96,Role 1,2012-03-05 18:18:46.101776325,627,1,res_d5f36d0a-a64a-45e5-8850-daee823f6c96,2012-03-05 18:16:22.018168325,0.0
Case934,W_Nabellen offertes,res_a60942a0-f9c4-436b-a4d0-6eeb41b2f0f2,Role 1,2012-03-07 10:13:55.921432725,633,1,res_a60942a0-f9c4-436b-a4d0-6eeb41b2f0f2,2012-03-07 10:10:11.432395725,0.0
Case935,W_Afhandelen leads,res_d856942c-e08c-4dce-8114-31eacb6f69b7,Role 1,2012-03-05 17:32:46.554430308,626,0,res_d856942c-e08c-4dce-8114-31eacb6f69b7,2012-03-05 17:29:42.483373308,0.0
Case935,W_Completeren aanvraag,res_1b9a0c06-ad62-425d-8a95-45a175c5555c,Role 1,2012-03-05 18:27:15.589821108,628,1,res_1b9a0c06-ad62-425d-8a95-45a175c5555c,2012-03-05 18:24:45.864149108,0.0
Case935,W_Nabellen offertes,res_1d01c37d-a137-4a7e-8f12-e8c97f0c7f2b,Role 1,2012-03-07 05:12:07.526592108,635,1,res_1d01c37d-a137-4a7e-8f12-e8c97f0c7f2b,2012-03-07 05:09:53.686645108,0.0
Case935,W_Nabellen offertes,res_d856942c-e08c-4dce-8114-31eacb6f69b7,Role 1,2012-03-13 18:01:13.316111407,643,1,res_d856942c-e08c-4dce-8114-31eacb6f69b7,2012-03-13 17:59:30.733901407,0.05128205128205128
Case936,W_Afhandelen leads,res_0fc057cb-3a7d-47d3-8cd2-6d92b33620c4,Role 1,2012-03-05 17:38:47.335698510,626,0,res_0fc057cb-3a7d-47d3-8cd2-6d92b33620c4,2012-03-05 17:35:43.148911510,0.0
Case936,W_Completeren aanvraag,res_08871a3e-f393-4f22-a0a4-e36c9d59a78e,Role 1,2012-03-05 18:33:13.738055110,629,2,res_08871a3e-f393-4f22-a0a4-e36c9d59a78e,2012-03-05 18:30:46.998075110,0.02564102564102564
Case937,W_Afhandelen leads,res_1d01c37d-a137-4a7e-8f12-e8c97f0c7f2b,Role 1,2012-03-05 17:45:29.423193847,626,0,res_1d01c37d-a137-4a7e-8f12-e8c97f0c7f2b,2012-03-05 17:42:25.119720847,0.0
Case937,W_Completeren aanvraag,res_d39cd18a-e6fc-4de4-b991-deff4ba6e82a,Role 1,2012-03-05 18:40:02.563187747,628,2,res_d39cd18a-e6fc-4de4-b991-deff4ba6e82a,2012-03-05 18:37:35.805594747,0.02564102564102564
Case937,W_Nabellen offertes,res_b42bc940-a579-4310-8bba-a668ba469508,Role 1,2012-03-07 08:07:35.693187347,634,1,res_b42bc940-a579-4310-8bba-a668ba469508,2012-03-07 08:04:38.717862347,0.0
Case937,W_Nabellen offertes,res_6488ab10-d3ee-4b87-935d-302131660e4e,Role 1,2012-03-13 08:56:50.873636847,626,1,res_6488ab10-d3ee-4b87-935d-302131660e4e,2012-03-13 08:55:09.155174847,0.02564102564102564
Case938,W_Completeren aanvraag,res_4ea7e99f-9f77-43d0-af71-4b2253ae6764,Role 1,2012-03-05 17:45:53.455325368,627,1,res_4ea7e99f-9f77-43d0-af71-4b2253ae6764,2012-03-05 17:43:27.581350368,0.02564102564102564
Case938,W_Nabellen offertes,res_40e4f4c6-1170-4ce1-ba24-0dfa2dd61b15,Role 1,2012-03-05 18:06:47.533022168,627,1,res_40e4f4c6-1170-4ce1-ba24-0dfa2dd61b15,2012-03-05 18:04:26.551142168,0.02564102564102564
Case939,W_Completeren aanvraag,res_d39cd18a-e6fc-4de4-b991-deff4ba6e82a,Role 1,2012-03-05 17:54:54.608864034,627,1,res_d39cd18a-e6fc-4de4-b991-deff4ba6e82a,2012-03-05 17:52:27.572212034,0.0
Case94,W_Completeren aanvraag,res_d39cd18a-e6fc-4de4-b991-deff4ba6e82a,Role 1,2012-02-15 12:30:16.546710975,555,2,res_d39cd18a-e6fc-4de4-b991-deff4ba6e82a,2012-02-15 12:27:50.197761975,0.02564102564102564
Case940,W_Afhandelen leads,res_8a4ef218-abd5-42fa-9b05-623b7ba3c08b,Role 1,2012-03-05 18:04:15.961458500,627,0,res_8a4ef218-abd5-42fa-9b05-623b7ba3c08b,2012-03-05 18:01:11.443943501,0.0
Case940,W_Completeren aanvraag,res_a60942a0-f9c4-436b-a4d0-6eeb41b2f0f2,Role 1,2012-03-05 18:59:10.926027501,630,1,res_a60942a0-f9c4-436b-a4d0-6eeb41b2f0f2,2012-03-05 18:56:41.156291501,0.0
Case941,W_Afhandelen leads,res_5a3eddbb-0eb4-49ac-9904-07583235092c,Role 1,2012-03-05 18:09:11.194434270,627,0,res_5a3eddbb-0eb4-49ac-9904-07583235092c,2012-03-05 18:06:06.625515270,0.0
Case941,W_Completeren aanvraag,res_219a258e-f803-4016-b457-8c77c3b88a65,Role 1,2012-03-05 19:04:08.529584970,630,1,res_219a258e-f803-4016-b457-8c77c3b88a65,2012-03-05 19:01:39.652545970,0.02564102564102564
Case941,W_Nabellen offertes,res_a400b893-c7da-495f-bf62-a744eeccb8c5,Role 1,2012-03-07 21:16:02.118121370,629,1,res_a400b893-c7da-495f-bf62-a744eeccb8c5,2012-03-07 21:14:01.953325370,0.0
Case941,W_Nabellen offertes,res_f8049b85-d52c-466e-8778-58e1f3f71604,Role 1,2012-03-14 02:58:03.864761769,634,2,res_f8049b85-d52c-466e-8778-58e1f3f71604,2012-03-14 02:50:46.602685770,0.02564102564102564
Case941,W_Nabellen offertes,res_4d502259-de4c-4574-91b7-d3c939a9cf04,Role 1,2012-03-15 15:07:51.276384570,601,1,res_4d502259-de4c-4574-91b7-d3c939a9cf04,2012-03-15 15:06:09.796911570,0.0
Case942,W_Afhandelen leads,res_1d01c37d-a137-4a7e-8f12-e8c97f0c7f2b,Role 1,2012-03-05 18:20:00.034203778,628,0,res_1d01c37d-a137-4a7e-8f12-e8c97f0c7f2b,2012-03-05 18:16:55.420505778,0.0
Case942,W_Completeren aanvraag,res_a60942a0-f9c4-436b-a4d0-6eeb41b2f0f2,Role 1,2012-03-05 19:15:13.765026878,631,1,res_a60942a0-f9c4-436b-a4d0-6eeb41b2f0f2,2012-03-05 19:12:44.079165878,0.0
Case942,W_Completeren aanvraag,res_843e228f-f915-4f9a-b2c1-ff974c62e207,Role 1,2012-03-05 20:47:37.866726278,635,2,res_843e228f-f915-4f9a-b2c1-ff974c62e207,2012-03-05 20:45:28.085536278,0.02564102564102564
Case943,W_Completeren aanvraag,res_1b3fa211-3349-4835-aae7-baccd0368824,Role 1,2012-03-05 18:27:06.964792636,629,1,res_1b3fa211-3349-4835-aae7-baccd0368824,2012-03-05 18:24:39.852944636,0.0
Case944,W_Completeren aanvraag,res_219a258e-f803-4016-b457-8c77c3b88a65,Role 1,2012-03-05 18:33:30.834142499,628,1,res_219a258e-f803-4016-b457-8c77c3b88a65,2012-03-05 18:31:03.689732499,0.0
Case944,W_Completeren aanvraag,res_230c0182-4111-4506-bfd5-9b0719b08311,Role 1,2012-03-05 19:29:04.230048999,633,2,res_230c0182-4111-4506-bfd5-9b0719b08311,2012-03-05 19:26:41.482300999,0.02564102564102564
Case944,W_Completeren aanvraag,res_b42bc940-a579-4310-8bba-a668ba469508,Role 1,2012-03-05 21:03:01.089016698,635,1,res_b42bc940-a579-4310-8bba-a668ba469508,2012-03-05 21:00:52.955916698,0.02564102564102564
Case944,W_Completeren aanvraag,res_1b3fa211-3349-4835-aae7-baccd0368824,Role 1,2012-03-05 23:11:43.620747999,639,3,res_1b3fa211-3349-4835-aae7-baccd0368824,2012-03-05 23:09:55.675130999,0.07692307692307693
Case944,W_Nabellen offertes,res_bb73aa9d-d45e-496a-a1ec-c9fe6e899287,Role 1,2012-03-06 16:23:08.761751499,635,1,res_bb73aa9d-d45e-496a-a1ec-c9fe6e899287,2012-03-06 16:21:23.043546499,0.0
Case945,W_Completeren aanvraag,res_5724148e-e102-4421-a053-83c428a11f68,Role 1,2012-03-05 18:37:22.011230297,629,2,res_5724148e-e102-4421-a053-83c428a11f68,2012-03-05 18:35:00.439457297,0.02564102564102564
Case946,W_Afhandelen leads,res_f8049b85-d52c-466e-8778-58e1f3f71604,Role 1,2012-03-05 18:45:51.534918430,629,0,res_f8049b85-d52c-466e-8778-58e1f3f71604,2012-03-05 18:42:46.886787430,0.0
Case946,W_Completeren aanvraag,res_4c3013be-6589-47a8-a7c4-f99f2e4b9a48,Role 1,2012-03-05 19:41:57.055738930,632,1,res_4c3013be-6589-47a8-a7c4-f99f2e4b9a48,2012-03-05 19:39:27.644248930,0.0
Case946,W_Nabellen offertes,res_570add54-a9ce-40af-8ebf-c88ddafd5fef,Role 1,2012-03-07 19:44:07.151637530,630,1,res_570add54-a9ce-40af-8ebf-c88ddafd5fef,2012-03-07 19:42:03.636758530,0.02564102564102564
Case946,W_Nabellen offertes,res_d5f36d0a-a64a-45e5-8850-daee823f6c96,Role 1,2012-03-13 20:59:33.764343630,636,1,res_d5f36d0a-a64a-45e5-8850-daee823f6c96,2012-03-13 20:55:46.213457630,0.0
Case946,W_Nabellen offertes,res_d39cd18a-e6fc-4de4-b991-deff4ba6e82a,Role 1,2012-03-15 10:16:25.501360630,604,1,res_d39cd18a-e6fc-4de4-b991-deff4ba6e82a,2012-03-15 10:14:37.789420630,0.0
Case946,W_Nabellen offertes,res_8a4ef218-abd5-42fa-9b05-623b7ba3c08b,Role 1,2012-03-17 00:06:54.691117230,577,1,res_8a4ef218-abd5-42fa-9b05-623b7ba3c08b,2012-03-17 00:05:13.066996230,0.0
Case947,W_Afhandelen leads,res_a400b893-c7da-495f-bf62-a744eeccb8c5,Role 1,2012-03-05 18:46:05.116033453,630,1,res_a400b893-c7da-495f-bf62-a744eeccb8c5,2012-03-05 18:43:09.050591453,0.02564102564102564
Case947,W_Completeren aanvraag,res_a60942a0-f9c4-436b-a4d0-6eeb41b2f0f2,Role 1,2012-03-05 19:42:02.052486253,632,2,res_a60942a0-f9c4-436b-a4d0-6eeb41b2f0f2,2012-03-05 19:39:37.637607253,0.02564102564102564
Case947,W_Completeren aanvraag,res_a60942a0-f9c4-436b-a4d0-6eeb41b2f0f2,Role 1,2012-03-05 21:19:52.090522553,636,1,res_a60942a0-f9c4-436b-a4d0-6eeb41b2f0f2,2012-03-05 21:17:42.445895553,0.0
Case948,W_Afhandelen leads,res_5a3eddbb-0eb4-49ac-9904-07583235092c,Role 1,2012-03-05 18:57:57.831355021,630,0,res_5a3eddbb-0eb4-49ac-9904-07583235092c,2012-03-05 18:54:53.255092021,0.0
Case948,W_Completeren aanvraag,res_570add54-a9ce-40af-8ebf-c88ddafd5fef,Role 1,2012-03-05 19:54:30.397813721,633,1,res_570add54-a9ce-40af-8ebf-c88ddafd5fef,2012-03-05 19:52:01.184145721,0.0
Case948,W_Nabellen offertes,res_d5f36d0a-a64a-45e5-8850-daee823f6c96,Role 1,2012-03-08 08:24:12.559194921,630,1,res_d5f36d0a-a64a-45e5-8850-daee823f6c96,2012-03-08 08:21:33.378192921,0.0
Case948,W_Nabellen offertes,res_1d01c37d-a137-4a7e-8f12-e8c97f0c7f2b,Role 1,2012-03-13 14:15:00.089075821,636,1,res_1d01c37d-a137-4a7e-8f12-e8c97f0c7f2b,2012-03-13 14:13:23.882347821,0.0
Case949,W_Afhandelen leads,res_40e4f4c6-1170-4ce1-ba24-0dfa2dd61b15,Role 1,2012-03-05 19:06:29.525004838,631,0,res_40e4f4c6-1170-4ce1-ba24-0dfa2dd61b15,2012-03-05 19:03:25.037475838,0.0
Case949,W_Completeren aanvraag,res_0ba00481-2705-40d0-b647-5ea4bd04a214,Role 1,2012-03-05 20:03:23.185439238,633,1,res_0ba00481-2705-40d0-b647-5ea4bd04a214,2012-03-05 20:00:54.138999238,0.0
Case949,W_Nabellen offertes,res_59c642c1-18f5-484a-aed6-a023ede79a28,Role 1,2012-03-08 06:48:28.477313238,632,1,res_59c642c1-18f5-484a-aed6-a023ede79a28,2012-03-08 06:46:14.796406238,0.0
Case95,W_Completeren aanvraag,res_570add54-a9ce-40af-8ebf-c88ddafd5fef,Role 1,2012-02-15 12:48:16.127957482,554,1,res_570add54-a9ce-40af-8ebf-c88ddafd5fef,2012-02-15 12:45:44.134811482,0.0
Case950,W_Completeren aanvraag,res_7c2a7682-7073-471d-9707-2acad2b806ab,Role 1,2012-03-05 19:14:48.492022592,632,1,res_7c2a7682-7073-471d-9707-2acad2b806ab,2012-03-05 19:12:22.006000592,0.0
Case950,W_Completeren aanvraag,res_7b435aaa-ab1b-4205-92d4-81495e1b2d15,Role 1,2012-03-05 20:11:55.610605792,634,1,res_7b435aaa-ab1b-4205-92d4-81495e1b2d15,2012-03-05 20:09:31.255761792,0.02564102564102564
Case950,W_Nabellen offertes,res_dec66574-3de2-4d20-a02f-ab348539e500,Role 1,2012-03-08 19:45:43.003860092,622,1,res_dec66574-3de2-4d20-a02f-ab348539e500,2012-03-08 19:43:31.935475092,0.0
Case951,W_Completeren aanvraag,res_57e6001e-3d34-44ab-b1e6-21b6b1001542,Role 1,2012-03-05 19:22:09.557340789,633,1,res_57e6001e-3d34-44ab-b1e6-21b6b1001542,2012-03-05 19:19:43.267189789,0.0
Case952,W_Completeren aanvraag,res_7b435aaa-ab1b-4205-92d4-81495e1b2d15,Role 1,2012-03-05 19:32:57.090579660,633,1,res_7b435aaa-ab1b-4205-92d4-81495e1b2d15,2012-03-05 19:30:31.054734660,0.0
Case953,W_Afhandelen leads,res_13020984-8d57-4f3c-8ba3-5a323081e70b,Role 1,2012-03-05 19:39:40.264718962,633,0,res_13020984-8d57-4f3c-8ba3-5a323081e70b,2012-03-05 19:36:39.779837962,0.05128205128205128
Case953,W_Completeren aanvraag,res_1b3fa211-3349-4835-aae7-baccd0368824,Role 1,2012-03-05 20:38:01.331194762,635,2,res_1b3fa211-3349-4835-aae7-baccd0368824,2012-03-05 20:35:36.488070762,0.02564102564102564
Case953,W_Nabellen offertes,res_230c0182-4111-4506-bfd5-9b0719b08311,Role 1,2012-03-09 00:34:11.265283662,630,1,res_230c0182-4111-4506-bfd5-9b0719b08311,2012-03-09 00:32:17.078463662,0.02564102564102564
Case954,W_Afhandelen leads,res_0ba00481-2705-40d0-b647-5ea4bd04a214,Role 1,2012-03-05 19:46:16.592033562,633,0,res_0ba00481-2705-40d0-b647-5ea4bd04a214,2012-03-05 19:43:12.683636562,0.0
Case954,W_Completeren aanvraag,res_0fc057cb-3a7d-47d3-8cd2-6d92b33620c4,Role 1,2012-03-05 20:45:03.256046462,634,1,res_0fc057cb-3a7d-47d3-8cd2-6d92b33620c4,2012-03-05 20:42:35.170763462,0.0
Case955,W_Completeren aanvraag,res_4ea7e99f-9f77-43d0-af71-4b2253ae6764,Role 1,2012-03-05 19:46:44.817461907,634,1,res_4ea7e99f-9f77-43d0-af71-4b2253ae6764,2012-03-05 19:44:21.189939907,0.05128205128205128
Case955,W_Nabellen offertes,res_1d01c37d-a137-4a7e-8f12-e8c97f0c7f2b,Role 1,2012-03-05 20:06:41.223379907,634,1,res_1d01c37d-a137-4a7e-8f12-e8c97f0c7f2b,2012-03-05 20:04:24.232323907,0.0
Case956,W_Afhandelen leads,res_843e228f-f915-4f9a-b2c1-ff974c62e207,Role 1,2012-03-05 20:01:09.083588605,634,0,res_843e228f-f915-4f9a-b2c1-ff974c62e207,2012-03-05 19:58:07.295362605,0.02564102564102564
Case956,W_Completeren aanvraag,res_0ba00481-2705-40d0-b647-5ea4bd04a214,Role 1,2012-03-05 21:00:46.420678905,635,1,res_0ba00481-2705-40d0-b647-5ea4bd04a214,2012-03-05 20:58:19.032003905,0.0
Case956,W_Nabellen offertes,res_1b9a0c06-ad62-425d-8a95-45a175c5555c,Role 1,2012-03-09 14:25:20.342094705,623,2,res_1b9a0c06-ad62-425d-8a95-45a175c5555c,2012-03-09 14:19:51.896114705,0.02564102564102564
Case956,W_Nabellen offertes,res_a60942a0-f9c4-436b-a4d0-6eeb41b2f0f2,Role 1,2012-03-14 03:25:55.158344105,632,2,res_a60942a0-f9c4-436b-a4d0-6eeb41b2f0f2,2012-03-14 03:23:33.457412105,0.02564102564102564
Case956,W_Nabellen offertes,res_0ba00481-2705-40d0-b647-5ea4bd04a214,Role 1,2012-03-15 15:05:27.550558405,600,1,res_0ba00481-2705-40d0-b647-5ea4bd04a214,2012-03-15 15:03:51.590433405,0.0
Case956,W_Nabellen offertes,res_d5f36d0a-a64a-45e5-8850-daee823f6c96,Role 1,2012-03-17 04:57:51.392029005,576,1,res_d5f36d0a-a64a-45e5-8850-daee823f6c96,2012-03-17 04:45:04.487577005,0.0
Case956,W_Nabellen offertes,res_d39cd18a-e6fc-4de4-b991-deff4ba6e82a,Role 1,2012-03-19 00:55:58.905840505,563,1,res_d39cd18a-e6fc-4de4-b991-deff4ba6e82a,2012-03-19 00:54:18.742696505,0.0
Case956,W_Nabellen offertes,res_4bfd217b-a1fe-4479-a77c-aded82769086,Role 1,2012-03-21 10:40:09.175380505,547,1,res_4bfd217b-a1fe-4479-a77c-aded82769086,2012-03-21 10:38:31.630481505,0.0
Case956,W_Nabellen offertes,res_4bfd217b-a1fe-4479-a77c-aded82769086,Role 1,2012-03-23 01:24:38.947139605,536,1,res_4bfd217b-a1fe-4479-a77c-aded82769086,2012-03-23 01:22:25.935735605,0.0
Case956,W_Nabellen offertes,res_a400b893-c7da-495f-bf62-a744eeccb8c5,Role 1,2012-03-24 10:07:21.307003905,531,1,res_a400b893-c7da-495f-bf62-a744eeccb8c5,2012-03-24 10:05:44.001836905,0.0
Case956,W_Nabellen offertes,res_0ba00481-2705-40d0-b647-5ea4bd04a214,Role 1,2012-03-25 14:09:31.018061705,528,1,res_0ba00481-2705-40d0-b647-5ea4bd04a214,2012-03-25 14:07:57.743603705,0.0
Case957,W_Afhandelen leads,res_d39cd18a-e6fc-4de4-b991-deff4ba6e82a,Role 1,2012-03-05 20:17:10.540186081,634,0,res_d39cd18a-e6fc-4de4-b991-deff4ba6e82a,2012-03-05 20:14:07.391055081,0.0
Case957,W_Completeren aanvraag,res_843e228f-f915-4f9a-b2c1-ff974c62e207,Role 1,2012-03-05 21:17:47.187091581,636,2,res_843e228f-f915-4f9a-b2c1-ff974c62e207,2012-03-05 21:15:22.928695581,0.02564102564102564
Case958,W_Completeren aanvraag,res_570add54-a9ce-40af-8ebf-c88ddafd5fef,Role 1,2012-03-05 20:31:51.183175060,635,1,res_570add54-a9ce-40af-8ebf-c88ddafd5fef,2012-03-05 20:29:27.188922060,0.0
Case958,W_Completeren aanvraag,res_1d01c37d-a137-4a7e-8f12-e8c97f0c7f2b,Role 1,2012-03-05 21:33:19.204675460,636,1,res_1d01c37d-a137-4a7e-8f12-e8c97f0c7f2b,2012-03-05 21:30:56.488591460,0.0
Case959,W_Afhandelen leads,res_bb73aa9d-d45e-496a-a1ec-c9fe6e899287,Role 1,2012-03-05 20:46:39.648493056,634,0,res_bb73aa9d-d45e-496a-a1ec-c9fe6e899287,2012-03-05 20:43:37.473040056,0.0
Case959,W_Completeren aanvraag,res_8a4ef218-abd5-42fa-9b05-623b7ba3c08b,Role 1,2012-03-05 21:49:19.910133056,635,1,res_8a4ef218-abd5-42fa-9b05-623b7ba3c08b,2012-03-05 21:46:53.762557056,0.0
Case959,W_Nabellen offertes,res_6488ab10-d3ee-4b87-935d-302131660e4e,Role 1,2012-03-09 13:54:20.461124356,623,1,res_6488ab10-d3ee-4b87-935d-302131660e4e,2012-03-09 13:49:01.031287356,0.0
Case959,W_Nabellen offertes,res_230c0182-4111-4506-bfd5-9b0719b08311,Role 1,2012-03-14 02:37:03.856099156,634,1,res_230c0182-4111-4506-bfd5-9b0719b08311,2012-03-14 02:34:42.063685156,0.0
Case96,W_Afhandelen leads,res_d39cd18a-e6fc-4de4-b991-deff4ba6e82a,Role 1,2012-02-15 13:03:23.204421413,554,0,res_d39cd18a-e6fc-4de4-b991-deff4ba6e82a,2012-02-15 13:00:19.605070413,0.0
Case96,W_Completeren aanvraag,res_7b435aaa-ab1b-4205-92d4-81495e1b2d15,Role 1,2012-02-15 14:05:51.231532013,554,1,res_7b435aaa-ab1b-4205-92d4-81495e1b2d15,2012-02-15 14:03:17.592830013,0.02564102564102564
Case960,W_Afhandelen leads,res_7c2a7682-7073-471d-9707-2acad2b806ab,Role 1,2012-03-05 20:47:42.203485314,635,1,res_7c2a7682-7073-471d-9707-2acad2b806ab,2012-03-05 20:44:49.001680314,0.02564102564102564
Case960,W_Completeren aanvraag,res_4d502259-de4c-4574-91b7-d3c939a9cf04,Role 1,2012-03-05 21:50:20.948604514,636,3,res_4d502259-de4c-4574-91b7-d3c939a9cf04,2012-03-05 21:48:01.648228514,0.05128205128205128
Case960,W_Nabellen offertes,res_7b435aaa-ab1b-4205-92d4-81495e1b2d15,Role 1,2012-03-09 19:29:25.826706314,621,1,res_7b435aaa-ab1b-4205-92d4-81495e1b2d15,2012-03-09 19:26:22.662471314,0.0
Case961,W_Afhandelen leads,res_4bfd217b-a1fe-4479-a77c-aded82769086,Role 1,2012-03-05 21:00:12.010342466,636,0,res_4bfd217b-a1fe-4479-a77c-aded82769086,2012-03-05 20:57:10.481669467,0.0
Case961,W_Completeren aanvraag,res_1b9a0c06-ad62-425d-8a95-45a175c5555c,Role 1,2012-03-05 22:04:40.746776467,637,1,res_1b9a0c06-ad62-425d-8a95-45a175c5555c,2012-03-05 22:02:15.114782467,0.0
Case961,W_Nabellen offertes,res_570add54-a9ce-40af-8ebf-c88ddafd5fef,Role 1,2012-03-10 08:43:06.671155267,633,2,res_570add54-a9ce-40af-8ebf-c88ddafd5fef,2012-03-10 08:41:12.281813267,0.02564102564102564
Case962,W_Completeren aanvraag,res_8a4ef218-abd5-42fa-9b05-623b7ba3c08b,Role 1,2012-03-05 21:12:24.489704743,636,1,res_8a4ef218-abd5-42fa-9b05-623b7ba3c08b,2012-03-05 21:10:02.185027743,0.0
Case962,W_Completeren aanvraag,res_bb73aa9d-d45e-496a-a1ec-c9fe6e899287,Role 1,2012-03-05 22:17:33.843271443,638,2,res_bb73aa9d-d45e-496a-a1ec-c9fe6e899287,2012-03-05 22:15:14.790609443,0.02564102564102564
Case962,W_Completeren aanvraag,res_3efedec2-7c7d-4360-b422-dcf1d20a8bfd,Role 1,2012-03-06 04:29:50.320772443,633,1,res_3efedec2-7c7d-4360-b422-dcf1d20a8bfd,2012-03-06 04:27:17.022509443,0.0
Case962,W_Nabellen offertes,res_570add54-a9ce-40af-8ebf-c88ddafd5fef,Role 1,2012-03-06 16:33:38.876181743,634,1,res_570add54-a9ce-40af-8ebf-c88ddafd5fef,2012-03-06 16:31:47.111017743,0.02564102564102564
Case963,W_Afhandelen leads,res_4c3013be-6589-47a8-a7c4-f99f2e4b9a48,Role 1,2012-03-05 21:22:13.743192420,636,0,res_4c3013be-6589-47a8-a7c4-f99f2e4b9a48,2012-03-05 21:19:13.257791420,0.0
Case963,W_Completeren aanvraag,res_59c642c1-18f5-484a-aed6-a023ede79a28,Role 1,2012-03-05 22:29:42.392821820,637,1,res_59c642c1-18f5-484a-aed6-a023ede79a28,2012-03-05 22:27:17.526816820,0.0
Case964,W_Completeren aanvraag,res_843e228f-f915-4f9a-b2c1-ff974c62e207,Role 1,2012-03-05 21:35:04.641449919,636,1,res_843e228f-f915-4f9a-b2c1-ff974c62e207,2012-03-05 21:32:43.244083919,0.0
Case965,W_Completeren aanvraag,res_b70af2ff-820e-4016-a03c-831214a09681,Role 1,2012-03-05 21:44:23.408964246,636,2,res_b70af2ff-820e-4016-a03c-831214a09681,2012-03-05 21:42:06.406195246,0.02564102564102564
Case965,W_Completeren aanvraag,res_d856942c-e08c-4dce-8114-31eacb6f69b7,Role 1,2012-03-05 22:53:19.451955846,638,2,res_d856942c-e08c-4dce-8114-31eacb6f69b7,2012-03-05 22:51:02.486624846,0.02564102564102564
Case965,W_Nabellen offertes,res_843e228f-f915-4f9a-b2c1-ff974c62e207,Role 1,2012-03-10 03:26:41.273300346,632,1,res_843e228f-f915-4f9a-b2c1-ff974c62e207,2012-03-10 03:24:50.603253346,0.05128205128205128
Case965,W_Nabellen offertes,res_1d01c37d-a137-4a7e-8f12-e8c97f0c7f2b,Role 1,2012-03-14 11:02:48.166891746,624,1,res_1d01c37d-a137-4a7e-8f12-e8c97f0c7f2b,2012-03-14 11:01:09.488375746,0.0
Case966,W_Afhandelen leads,res_4c3013be-6589-47a8-a7c4-f99f2e4b9a48,Role 1,2012-03-05 21:47:11.167489475,637,0,res_4c3013be-6589-47a8-a7c4-f99f2e4b9a48,2012-03-05 21:44:16.366682475,0.05128205128205128
Case966,W_Completeren aanvraag,res_08871a3e-f393-4f22-a0a4-e36c9d59a78e,Role 1,2012-03-05 22:59:37.523778975,638,1,res_08871a3e-f393-4f22-a0a4-e36c9d59a78e,2012-03-05 22:57:14.677772975,0.02564102564102564
Case966,W_Nabellen offertes,res_843e228f-f915-4f9a-b2c1-ff974c62e207,Role 1,2012-03-10 14:48:19.606396875,627,1,res_843e228f-f915-4f9a-b2c1-ff974c62e207,2012-03-10 14:45:16.554970875,0.0
Case967,W_Completeren aanvraag,res_8a4ef218-abd5-42fa-9b05-623b7ba3c08b,Role 1,2012-03-05 22:10:46.179035745,638,1,res_8a4ef218-abd5-42fa-9b05-623b7ba3c08b,2012-03-05 22:08:26.080954745,0.0
Case968,W_Completeren aanvraag,res_13020984-8d57-4f3c-8ba3-5a323081e70b,Role 1,2012-03-05 22:24:57.491903928,638,2,res_13020984-8d57-4f3c-8ba3-5a323081e70b,2012-03-05 22:22:41.402300928,0.02564102564102564
Case968,W_Nabellen offertes,res_a400b893-c7da-495f-bf62-a744eeccb8c5,Role 1,2012-03-05 22:54:57.935928928,638,1,res_a400b893-c7da-495f-bf62-a744eeccb8c5,2012-03-05 22:52:44.025365928,0.0
Case969,W_Completeren aanvraag,res_d856942c-e08c-4dce-8114-31eacb6f69b7,Role 1,2012-03-05 22:45:15.717108676,638,1,res_d856942c-e08c-4dce-8114-31eacb6f69b7,2012-03-05 22:42:56.381739676,0.0
Case97,W_Completeren aanvraag,res_4ea7e99f-9f77-43d0-af71-4b2253ae6764,Role 1,2012-02-15 13:19:07.729879551,555,2,res_4ea7e99f-9f77-43d0-af71-4b2253ae6764,2012-02-15 13:16:42.872012551,0.02564102564102564
Case97,W_Nabellen offertes,res_4d502259-de4c-4574-91b7-d3c939a9cf04,Role 1,2012-02-15 13:49:29.799652451,555,1,res_4d502259-de4c-4574-91b7-d3c939a9cf04,2012-02-15 13:47:12.081844451,0.0
Case970,W_Afhandelen leads,res_b70af2ff-820e-4016-a03c-831214a09681,Role 1,2012-03-05 22:47:59.497931817,639,0,res_b70af2ff-820e-4016-a03c-831214a09681,2012-03-05 22:45:09.364563818,0.05128205128205128
Case970,W_Completeren aanvraag,res_3efedec2-7c7d-4360-b422-dcf1d20a8bfd,Role 1,2012-03-06 00:23:17.673860618,639,1,res_3efedec2-7c7d-4360-b422-dcf1d20a8bfd,2012-03-06 00:20:53.235681618,0.0
Case971,W_Afhandelen leads,res_b70af2ff-820e-4016-a03c-831214a09681,Role 1,2012-03-05 23:08:41.662795863,638,0,res_b70af2ff-820e-4016-a03c-831214a09681,2012-03-05 23:05:48.522697863,0.0
Case971,W_Completeren aanvraag,res_b42bc940-a579-4310-8bba-a668ba469508,Role 1,2012-03-06 00:55:12.944294963,638,1,res_b42bc940-a579-4310-8bba-a668ba469508,2012-03-06 00:52:47.944475963,0.0
Case972,W_Completeren aanvraag,res_40e4f4c6-1170-4ce1-ba24-0dfa2dd61b15,Role 1,2012-03-05 23:26:19.885180845,639,1,res_40e4f4c6-1170-4ce1-ba24-0dfa2dd61b15,2012-03-05 23:24:00.593768845,0.0
Case972,W_Nabellen offertes,res_408efd66-8ed2-49bc-94a8-733c7b98a934,Role 1,2012-03-06 00:11:31.647762145,640,1,res_408efd66-8ed2-49bc-94a8-733c7b98a934,2012-03-06 00:09:16.823328145,0.0
Case973,W_Afhandelen leads,res_4d502259-de4c-4574-91b7-d3c939a9cf04,Role 1,2012-03-05 23:47:45.130548727,640,0,res_4d502259-de4c-4574-91b7-d3c939a9cf04,2012-03-05 23:44:56.878478727,0.02564102564102564
Case973,W_Completeren aanvraag,res_7c2a7682-7073-471d-9707-2acad2b806ab,Role 1,2012-03-06 01:57:37.425270927,637,1,res_7c2a7682-7073-471d-9707-2acad2b806ab,2012-03-06 01:55:11.601921927,0.0
Case974,W_Afhandelen leads,res_3efedec2-7c7d-4360-b422-dcf1d20a8bfd,Role 1,2012-03-06 11:53:46.175825722,631,0,res_3efedec2-7c7d-4360-b422-dcf1d20a8bfd,2012-03-06 11:50:49.760830722,0.0
Case974,W_Completeren aanvraag,res_4d502259-de4c-4574-91b7-d3c939a9cf04,Role 1,2012-03-06 13:14:25.631661722,641,1,res_4d502259-de4c-4574-91b7-d3c939a9cf04,2012-03-06 13:11:57.532231722,0.0
Case975,W_Afhandelen leads,res_a60942a0-f9c4-436b-a4d0-6eeb41b2f0f2,Role 1,2012-03-06 12:03:44.272117358,632,0,res_a60942a0-f9c4-436b-a4d0-6eeb41b2f0f2,2012-03-06 12:00:48.183539358,0.0
Case975,W_Completeren aanvraag,res_13020984-8d57-4f3c-8ba3-5a323081e70b,Role 1,2012-03-06 13:20:38.852369758,640,1,res_13020984-8d57-4f3c-8ba3-5a323081e70b,2012-03-06 13:18:10.534229758,0.0
Case976,W_Completeren aanvraag,res_219a258e-f803-4016-b457-8c77c3b88a65,Role 1,2012-03-06 12:09:09.686615736,633,1,res_219a258e-f803-4016-b457-8c77c3b88a65,2012-03-06 12:06:42.804403736,0.0
Case976,W_Nabellen offertes,res_4bfd217b-a1fe-4479-a77c-aded82769086,Role 1,2012-03-06 12:49:17.975543035,639,1,res_4bfd217b-a1fe-4479-a77c-aded82769086,2012-03-06 12:46:56.055405035,0.0
Case976,W_Nabellen offertes,res_13020984-8d57-4f3c-8ba3-5a323081e70b,Role 1,2012-03-14 04:43:48.699579736,629,1,res_13020984-8d57-4f3c-8ba3-5a323081e70b,2012-03-14 04:41:35.002873736,0.0
Case976,W_Nabellen offertes,res_57e6001e-3d34-44ab-b1e6-21b6b1001542,Role 1,2012-03-15 18:12:56.782781536,599,1,res_57e6001e-3d34-44ab-b1e6-21b6b1001542,2012-03-15 18:11:22.344316536,0.0
Case977,W_Completeren aanvraag,res_f8049b85-d52c-466e-8778-58e1f3f71604,Role 1,2012-03-06 12:13:32.291627107,634,1,res_f8049b85-d52c-466e-8778-58e1f3f71604,2012-03-06 12:11:05.747715107,0.0
Case977,W_Completeren aanvraag,res_8a4ef218-abd5-42fa-9b05-623b7ba3c08b,Role 1,2012-03-06 13:27:10.330647007,638,1,res_8a4ef218-abd5-42fa-9b05-623b7ba3c08b,2012-03-06 13:24:45.788128007,0.0
Case978,W_Afhandelen leads,res_d856942c-e08c-4dce-8114-31eacb6f69b7,Role 1,2012-03-06 12:18:25.293750115,635,0,res_d856942c-e08c-4dce-8114-31eacb6f69b7,2012-03-06 12:15:29.698472115,0.0
Case978,W_Completeren aanvraag,res_1b3fa211-3349-4835-aae7-baccd0368824,Role 1,2012-03-06 13:30:40.181793515,638,1,res_1b3fa211-3349-4835-aae7-baccd0368824,2012-03-06 13:28:12.371869515,0.02564102564102564
Case978,W_Nabellen offertes,res_7b435aaa-ab1b-4205-92d4-81495e1b2d15,Role 1,2012-03-07 17:08:36.930993215,629,2,res_7b435aaa-ab1b-4205-92d4-81495e1b2d15,2012-03-07 17:06:32.457362215,0.02564102564102564
Case978,W_Nabellen offertes,res_219a258e-f803-4016-b457-8c77c3b88a65,Role 1,2012-03-13 22:46:21.701749214,635,1,res_219a258e-f803-4016-b457-8c77c3b88a65,2012-03-13 22:38:30.830423214,0.0
Case978,W_Nabellen offertes,res_a400b893-c7da-495f-bf62-a744eeccb8c5,Role 1,2012-03-15 11:02:13.937559515,602,1,res_a400b893-c7da-495f-bf62-a744eeccb8c5,2012-03-15 11:00:28.654212515,0.0
Case979,W_Completeren aanvraag,res_b70af2ff-820e-4016-a03c-831214a09681,Role 1,2012-03-06 12:22:37.665140597,636,1,res_b70af2ff-820e-4016-a03c-831214a09681,2012-03-06 12:20:11.783250597,0.0
Case979,W_Nabellen offertes,res_570add54-a9ce-40af-8ebf-c88ddafd5fef,Role 1,2012-03-06 12:57:31.736611282,641,1,res_570add54-a9ce-40af-8ebf-c88ddafd5fef,2012-03-06 12:55:09.608329282,0.0
Case979,W_Nabellen offertes,res_9a47d014-a019-4396-9e72-1d1379a66c99,Role 1,2012-03-13 11:53:56.932578807,628,1,res_9a47d014-a019-4396-9e72-1d1379a66c99,2012-03-13 11:52:00.139559807,0.0
Case979,W_Nabellen offertes,res_57e6001e-3d34-44ab-b1e6-21b6b1001542,Role 1,2012-03-14 21:34:40.677636636,595,1,res_57e6001e-3d34-44ab-b1e6-21b6b1001542,2012-03-14 21:32:46.678344636,0.0
Case979,W_Nabellen offertes,res_a60942a0-f9c4-436b-a4d0-6eeb41b2f0f2,Role 1,2012-03-16 16:26:10.696247241,572,1,res_a60942a0-f9c4-436b-a4d0-6eeb41b2f0f2,2012-03-16 16:24:38.611334241,0.0
Case979,W_Nabellen offertes,res_9a47d014-a019-4396-9e72-1d1379a66c99,Role 1,2012-03-18 19:31:35.797251738,555,1,res_9a47d014-a019-4396-9e72-1d1379a66c99,2012-03-18 19:30:04.607716738,0.0
Case979,W_Nabellen offertes,res_5a3eddbb-0eb4-49ac-9904-07583235092c,Role 1,2012-03-20 20:47:41.986144128,538,1,res_5a3eddbb-0eb4-49ac-9904-07583235092c,2012-03-20 20:46:09.288780128,0.0
Case979,W_Nabellen offertes,res_4c3013be-6589-47a8-a7c4-f99f2e4b9a48,Role 1,2012-03-22 08:40:09.362277414,532,1,res_4c3013be-6589-47a8-a7c4-f99f2e4b9a48,2012-03-22 08:38:21.421751414,0.0
Case979,W_Nabellen offertes,res_59c642c1-18f5-484a-aed6-a023ede79a28,Role 1,2012-03-23 18:01:07.632184621,526,1,res_59c642c1-18f5-484a-aed6-a023ede79a28,2012-03-23 17:59:34.761039621,0.0
Case979,W_Nabellen offertes,res_d856942c-e08c-4dce-8114-31eacb6f69b7,Role 1,2012-03-25 11:38:05.522966441,524,1,res_d856942c-e08c-4dce-8114-31eacb6f69b7,2012-03-25 11:36:37.130597441,0.0
Case979,W_Nabellen offertes,res_3efedec2-7c7d-4360-b422-dcf1d20a8bfd,Role 1,2012-03-27 03:49:24.780369897,521,1,res_3efedec2-7c7d-4360-b422-dcf1d20a8bfd,2012-03-27 03:43:36.461335897,0.0
Case98,W_Completeren aanvraag,res_219a258e-f803-4016-b457-8c77c3b88a65,Role 1,2012-02-15 13:21:26.180185067,556,3,res_219a258e-f803-4016-b457-8c77c3b88a65,2012-02-15 13:19:05.929293067,0.05128205128205128
Case98,W_Nabellen offertes,res_a60942a0-f9c4-436b-a4d0-6eeb41b2f0f2,Role 1,2012-02-15 13:52:07.922742667,554,1,res_a60942a0-f9c4-436b-a4d0-6eeb41b2f0f2,2012-02-15 13:49:53.346718667,0.0
Case980,W_Completeren aanvraag,res_4ea7e99f-9f77-43d0-af71-4b2253ae6764,Role 1,2012-03-06 12:27:32.513426366,637,1,res_4ea7e99f-9f77-43d0-af71-4b2253ae6764,2012-03-06 12:25:06.964822366,0.0
Case980,W_Completeren aanvraag,res_570add54-a9ce-40af-8ebf-c88ddafd5fef,Role 1,2012-03-06 13:37:19.977565866,636,1,res_570add54-a9ce-40af-8ebf-c88ddafd5fef,2012-03-06 13:34:55.155859866,0.0
Case980,W_Completeren aanvraag,res_5a3eddbb-0eb4-49ac-9904-07583235092c,Role 1,2012-03-06 16:28:00.832447066,637,1,res_5a3eddbb-0eb4-49ac-9904-07583235092c,2012-03-06 16:25:45.279390066,0.0
Case981,W_Completeren aanvraag,res_d39cd18a-e6fc-4de4-b991-deff4ba6e82a,Role 1,2012-03-06 12:33:51.922238679,638,1,res_d39cd18a-e6fc-4de4-b991-deff4ba6e82a,2012-03-06 12:31:26.771827679,0.0
Case981,W_Nabellen offertes,res_4c3013be-6589-47a8-a7c4-f99f2e4b9a48,Role 1,2012-03-06 13:11:08.808559679,641,1,res_4c3013be-6589-47a8-a7c4-f99f2e4b9a48,2012-03-06 13:08:46.547540679,0.02564102564102564
Case982,W_Completeren aanvraag,res_f8049b85-d52c-466e-8778-58e1f3f71604,Role 1,2012-03-06 12:41:12.371296876,639,1,res_f8049b85-d52c-466e-8778-58e1f3f71604,2012-03-06 12:38:48.033016876,0.02564102564102564
Case982,W_Nabellen offertes,res_6488ab10-d3ee-4b87-935d-302131660e4e,Role 1,2012-03-06 13:17:36.581225476,640,1,res_6488ab10-d3ee-4b87-935d-302131660e4e,2012-03-06 13:15:14.841502476,0.02564102564102564
Case983,W_Completeren aanvraag,res_4d502259-de4c-4574-91b7-d3c939a9cf04,Role 1,2012-03-06 12:52:43.290415157,640,1,res_4d502259-de4c-4574-91b7-d3c939a9cf04,2012-03-06 12:50:19.140724157,0.0
Case983,W_Nabellen offertes,res_408efd66-8ed2-49bc-94a8-733c7b98a934,Role 1,2012-03-06 13:27:05.601236157,638,2,res_408efd66-8ed2-49bc-94a8-733c7b98a934,2012-03-06 13:24:47.028715157,0.05128205128205128
Case984,W_Afhandelen leads,res_4ea7e99f-9f77-43d0-af71-4b2253ae6764,Role 1,2012-03-06 12:54:06.699411579,641,0,res_4ea7e99f-9f77-43d0-af71-4b2253ae6764,2012-03-06 12:51:13.542788579,0.02564102564102564
Case984,W_Completeren aanvraag,res_230c0182-4111-4506-bfd5-9b0719b08311,Role 1,2012-03-06 13:58:41.035173679,637,1,res_230c0182-4111-4506-bfd5-9b0719b08311,2012-03-06 13:56:12.027865679,0.0
Case984,W_Nabellen offertes,res_219a258e-f803-4016-b457-8c77c3b88a65,Role 1,2012-03-07 14:41:49.662014179,631,1,res_219a258e-f803-4016-b457-8c77c3b88a65,2012-03-07 14:39:31.795232179,0.0
Case984,W_Nabellen offertes,res_57e6001e-3d34-44ab-b1e6-21b6b1001542,Role 1,2012-03-13 14:28:12.788643579,642,1,res_57e6001e-3d34-44ab-b1e6-21b6b1001542,2012-03-13 14:26:31.365790579,0.0
Case984,W_Nabellen offertes,res_d856942c-e08c-4dce-8114-31eacb6f69b7,Role 1,2012-03-15 10:29:03.215816079,603,1,res_d856942c-e08c-4dce-8114-31eacb6f69b7,2012-03-15 10:27:23.303345079,0.0
Case985,W_Completeren aanvraag,res_f8049b85-d52c-466e-8778-58e1f3f71604,Role 1,2012-03-06 13:08:24.134895710,642,2,res_f8049b85-d52c-466e-8778-58e1f3f71604,2012-03-06 13:06:05.132177710,0.05128205128205128
Case985,W_Completeren aanvraag,res_4c3013be-6589-47a8-a7c4-f99f2e4b9a48,Role 1,2012-03-06 14:09:57.085029110,638,1,res_4c3013be-6589-47a8-a7c4-f99f2e4b9a48,2012-03-06 14:07:33.785609110,0.02564102564102564
Case986,W_Afhandelen leads,res_0fc057cb-3a7d-47d3-8cd2-6d92b33620c4,Role 1,2012-03-06 13:21:30.258630237,639,0,res_0fc057cb-3a7d-47d3-8cd2-6d92b33620c4,2012-03-06 13:18:36.686623237,0.02564102564102564
Case986,W_Completeren aanvraag,res_3efedec2-7c7d-4360-b422-dcf1d20a8bfd,Role 1,2012-03-06 14:21:47.695037637,636,2,res_3efedec2-7c7d-4360-b422-dcf1d20a8bfd,2012-03-06 14:19:20.909400637,0.02564102564102564
Case987,W_Completeren aanvraag,res_dec66574-3de2-4d20-a02f-ab348539e500,Role 1,2012-03-06 13:39:36.815016153,637,1,res_dec66574-3de2-4d20-a02f-ab348539e500,2012-03-06 13:37:13.943835153,0.0
Case987,W_Completeren aanvraag,res_0ba00481-2705-40d0-b647-5ea4bd04a214,Role 1,2012-03-06 14:39:00.737618753,634,1,res_0ba00481-2705-40d0-b647-5ea4bd04a214,2012-03-06 14:36:34.528002753,0.0
Case987,W_Nabellen offertes,res_6488ab10-d3ee-4b87-935d-302131660e4e,Role 1,2012-03-07 15:01:20.575745953,633,2,res_6488ab10-d3ee-4b87-935d-302131660e4e,2012-03-07 14:59:08.306350953,0.02564102564102564
Case987,W_Nabellen offertes,res_408efd66-8ed2-49bc-94a8-733c7b98a934,Role 1,2012-03-13 17:34:41.893154453,639,1,res_408efd66-8ed2-49bc-94a8-733c7b98a934,2012-03-13 17:32:36.890226453,0.0
Case988,W_Completeren aanvraag,res_f8049b85-d52c-466e-8778-58e1f3f71604,Role 1,2012-03-06 13:53:22.699221400,638,2,res_f8049b85-d52c-466e-8778-58e1f3f71604,2012-03-06 13:51:04.079040400,0.02564102564102564
Case989,W_Afhandelen leads,res_a400b893-c7da-495f-bf62-a744eeccb8c5,Role 1,2012-03-06 13:54:16.854730149,639,0,res_a400b893-c7da-495f-bf62-a744eeccb8c5,2012-03-06 13:51:24.227953149,0.05128205128205128
Case989,W_Completeren aanvraag,res_d39cd18a-e6fc-4de4-b991-deff4ba6e82a,Role 1,2012-03-06 14:52:46.785964949,634,1,res_d39cd18a-e6fc-4de4-b991-deff4ba6e82a,2012-03-06 14:50:16.749342949,0.0
Case989,W_Completeren aanvraag,res_59c642c1-18f5-484a-aed6-a023ede79a28,Role 1,2012-03-06 16:39:00.242684849,637,1,res_59c642c1-18f5-484a-aed6-a023ede79a28,2012-03-06 16:36:43.351804849,0.0
Case99,W_Completeren aanvraag,res_a400b893-c7da-495f-bf62-a744eeccb8c5,Role 1,2012-02-15 13:39:37.524608036,555,1,res_a400b893-c7da-495f-bf62-a744eeccb8c5,2012-02-15 13:37:06.918462036,0.0
Case99,W_Nabellen offertes,res_f8049b85-d52c-466e-8778-58e1f3f71604,Role 1,2012-02-15 14:09:50.497829636,553,1,res_f8049b85-d52c-466e-8778-58e1f3f71604,2012-02-15 14:07:30.237777636,0.02564102564102564
Case990,W_Completeren aanvraag,res_7b435aaa-ab1b-4205-92d4-81495e1b2d15,Role 1,2012-03-06 14:14:27.049118833,636,1,res_7b435aaa-ab1b-4205-92d4-81495e1b2d15,2012-03-06 14:12:04.393532833,0.0
Case990,W_Nabellen offertes,res_d856942c-e08c-4dce-8114-31eacb6f69b7,Role 1,2012-03-06 14:41:30.623291433,634,1,res_d856942c-e08c-4dce-8114-31eacb6f69b7,2012-03-06 14:39:07.877188433,0.0
Case991,W_Completeren aanvraag,res_57e6001e-3d34-44ab-b1e6-21b6b1001542,Role 1,2012-03-06 14:28:21.285501630,635,1,res_57e6001e-3d34-44ab-b1e6-21b6b1001542,2012-03-06 14:25:58.558520630,0.0
Case992,W_Completeren aanvraag,res_59c642c1-18f5-484a-aed6-a023ede79a28,Role 1,2012-03-06 14:43:23.095811135,634,1,res_59c642c1-18f5-484a-aed6-a023ede79a28,2012-03-06 14:41:00.222366135,0.0
Case992,W_Completeren aanvraag,res_8a4ef218-abd5-42fa-9b05-623b7ba3c08b,Role 1,2012-03-06 15:39:36.154692435,636,1,res_8a4ef218-abd5-42fa-9b05-623b7ba3c08b,2012-03-06 15:37:08.984425435,0.0
Case992,W_Completeren aanvraag,res_3efedec2-7c7d-4360-b422-dcf1d20a8bfd,Role 1,2012-03-06 17:15:03.505868435,639,1,res_3efedec2-7c7d-4360-b422-dcf1d20a8bfd,2012-03-06 17:12:48.648918435,0.02564102564102564
Case992,W_Completeren aanvraag,res_b42bc940-a579-4310-8bba-a668ba469508,Role 1,2012-03-06 17:55:48.969896435,639,1,res_b42bc940-a579-4310-8bba-a668ba469508,2012-03-06 17:53:55.715539435,0.02564102564102564
Case992,W_Nabellen offertes,res_57e6001e-3d34-44ab-b1e6-21b6b1001542,Role 1,2012-03-06 20:10:41.168640135,637,1,res_57e6001e-3d34-44ab-b1e6-21b6b1001542,2012-03-06 20:09:05.581967135,0.0
Case993,W_Afhandelen leads,res_219a258e-f803-4016-b457-8c77c3b88a65,Role 1,2012-03-06 14:54:47.821389006,634,0,res_219a258e-f803-4016-b457-8c77c3b88a65,2012-03-06 14:51:48.009911006,0.0
Case993,W_Completeren aanvraag,res_4d502259-de4c-4574-91b7-d3c939a9cf04,Role 1,2012-03-06 15:50:38.121273606,636,1,res_4d502259-de4c-4574-91b7-d3c939a9cf04,2012-03-06 15:48:06.297357606,0.0
Case994,W_Afhandelen leads,res_709ed04f-5b76-49c4-aeeb-ad921b6f6ca1,Role 1,2012-03-06 14:56:26.638024212,635,1,res_709ed04f-5b76-49c4-aeeb-ad921b6f6ca1,2012-03-06 14:53:35.806594212,0.02564102564102564
Case994,W_Completeren aanvraag,res_9a47d014-a019-4396-9e72-1d1379a66c99,Role 1,2012-03-06 15:52:15.711186012,636,2,res_9a47d014-a019-4396-9e72-1d1379a66c99,2012-03-06 15:49:48.504316012,0.02564102564102564
Case994,W_Nabellen offertes,res_dec66574-3de2-4d20-a02f-ab348539e500,Role 1,2012-03-07 12:54:36.260985212,631,2,res_dec66574-3de2-4d20-a02f-ab348539e500,2012-03-07 12:52:08.188995212,0.02564102564102564
Case995,W_Afhandelen leads,res_709ed04f-5b76-49c4-aeeb-ad921b6f6ca1,Role 1,2012-03-06 15:12:47.661980700,636,0,res_709ed04f-5b76-49c4-aeeb-ad921b6f6ca1,2012-03-06 15:09:46.984188700,0.0
Case995,W_Completeren aanvraag,res_57e6001e-3d34-44ab-b1e6-21b6b1001542,Role 1,2012-03-06 16:08:15.378641700,637,1,res_57e6001e-3d34-44ab-b1e6-21b6b1001542,2012-03-06 16:05:43.287488700,0.0
Case995,W_Completeren aanvraag,res_5724148e-e102-4421-a053-83c428a11f68,Role 1,2012-03-06 17:37:32.318524400,639,1,res_5724148e-e102-4421-a053-83c428a11f68,2012-03-06 17:35:15.963788400,0.0
Case995,W_Nabellen offertes,res_dec66574-3de2-4d20-a02f-ab348539e500,Role 1,2012-03-07 03:02:19.015418800,635,2,res_dec66574-3de2-4d20-a02f-ab348539e500,2012-03-07 03:00:25.372117800,0.02564102564102564
Case995,W_Nabellen offertes,res_4c3013be-6589-47a8-a7c4-f99f2e4b9a48,Role 1,2012-03-11 11:25:37.293311000,623,1,res_4c3013be-6589-47a8-a7c4-f99f2e4b9a48,2012-03-11 11:23:54.571030000,0.0
Case996,W_Completeren aanvraag,res_6488ab10-d3ee-4b87-935d-302131660e4e,Role 1,2012-03-06 15:30:54.763477079,637,1,res_6488ab10-d3ee-4b87-935d-302131660e4e,2012-03-06 15:28:31.293520079,0.0
Case997,W_Completeren aanvraag,res_a60942a0-f9c4-436b-a4d0-6eeb41b2f0f2,Role 1,2012-03-06 15:54:32.706203951,636,1,res_a60942a0-f9c4-436b-a4d0-6eeb41b2f0f2,2012-03-06 15:52:08.769531951,0.0
Case997,W_Completeren aanvraag,res_5724148e-e102-4421-a053-83c428a11f68,Role 1,2012-03-06 16:49:06.904521651,637,1,res_5724148e-e102-4421-a053-83c428a11f68,2012-03-06 16:46:39.184049651,0.0
Case997,W_Completeren aanvraag,res_9a47d014-a019-4396-9e72-1d1379a66c99,Role 1,2012-03-06 18:07:01.242231051,637,2,res_9a47d014-a019-4396-9e72-1d1379a66c99,2012-03-06 18:04:48.180463051,0.02564102564102564
Case997,W_Nabellen offertes,res_4d502259-de4c-4574-91b7-d3c939a9cf04,Role 1,2012-03-07 02:20:52.097155951,636,2,res_4d502259-de4c-4574-91b7-d3c939a9cf04,2012-03-07 02:19:02.633964951,0.02564102564102564
Case997,W_Nabellen offertes,res_570add54-a9ce-40af-8ebf-c88ddafd5fef,Role 1,2012-03-11 12:54:44.057515051,622,1,res_570add54-a9ce-40af-8ebf-c88ddafd5fef,2012-03-11 12:52:41.174009051,0.0
Case997,W_Nabellen offertes,res_1d01c37d-a137-4a7e-8f12-e8c97f0c7f2b,Role 1,2012-03-13 10:20:33.984692851,637,1,res_1d01c37d-a137-4a7e-8f12-e8c97f0c7f2b,2012-03-13 10:18:59.271324851,0.02564102564102564
Case997,W_Nabellen offertes,res_5724148e-e102-4421-a053-83c428a11f68,Role 1,2012-03-15 00:59:07.267405351,614,2,res_5724148e-e102-4421-a053-83c428a11f68,2012-03-15 00:47:59.306658351,0.02564102564102564
Case997,W_Nabellen offertes,res_08871a3e-f393-4f22-a0a4-e36c9d59a78e,Role 1,2012-03-16 13:50:56.882504551,582,1,res_08871a3e-f393-4f22-a0a4-e36c9d59a78e,2012-03-16 13:49:11.630980551,0.0
Case998,W_Completeren aanvraag,res_d39cd18a-e6fc-4de4-b991-deff4ba6e82a,Role 1,2012-03-06 15:56:24.126331255,637,2,res_d39cd18a-e6fc-4de4-b991-deff4ba6e82a,2012-03-06 15:54:04.625780256,0.02564102564102564
Case998,W_Completeren aanvraag,res_3efedec2-7c7d-4360-b422-dcf1d20a8bfd,Role 1,2012-03-06 16:50:50.873845456,637,2,res_3efedec2-7c7d-4360-b422-dcf1d20a8bfd,2012-03-06 16:48:27.652706456,0.02564102564102564
Case998,W_Completeren aanvraag,res_4d502259-de4c-4574-91b7-d3c939a9cf04,Role 1,2012-03-06 18:15:10.098145956,638,1,res_4d502259-de4c-4574-91b7-d3c939a9cf04,2012-03-06 18:12:57.251570956,0.0
Case999,W_Completeren aanvraag,res_5724148e-e102-4421-a053-83c428a11f68,Role 1,2012-03-06 16:18:28.712439298,637,1,res_5724148e-e102-4421-a053-83c428a11f68,2012-03-06 16:16:04.379565298,0.0
Case999,W_Completeren aanvraag,res_4d502259-de4c-4574-91b7-d3c939a9cf04,Role 1,2012-03-06 17:12:43.904464198,639,1,res_4d502259-de4c-4574-91b7-d3c939a9cf04,2012-03-06 17:10:16.136967198,0.0
