caseid,task,resource,role,end_timestamp,pr_instances,tsk_start_inst,res_id,start_timestamp,rp_start_oc
Case1,Create Purchase Requisition,res_04fcb212-88f2-4592-9cf9-5bad9a85cb21,Role 1,2011-06-20 23:06:57.477648000,37,0,res_04fcb212-88f2-4592-9cf9-5bad9a85cb21,2011-06-20 23:00:00.000000000,0.0
Case1,Create Request for Quotation,res_12ae84dc-2013-49d5-a1c2-578825658fc5,Role 3,2011-06-21 04:49:06.137460000,37,0,res_12ae84dc-2013-49d5-a1c2-578825658fc5,2011-06-21 04:28:44.254600000,0.0
Case2,Create Purchase Requisition,res_3b20902b-7665-4f1a-a001-f40b6e13b8e4,Role 1,2011-06-21 09:21:59.817459563,38,0,res_3b20902b-7665-4f1a-a001-f40b6e13b8e4,2011-06-21 09:14:21.637931563,0.0
Case2,Analyze Purchase Requisition,res_318fb49e-f698-45db-a950-8a16e3b2ac50,Role 3,2011-06-22 00:38:59.991286563,38,0,res_318fb49e-f698-45db-a950-8a16e3b2ac50,2011-06-22 00:36:39.210001563,0.0
Case2,Create Request for Quotation,res_0a189e9f-2074-4f90-8b4c-25a7238139fe,Role 3,2011-06-22 01:08:30.869330563,38,0,res_0a189e9f-2074-4f90-8b4c-25a7238139fe,2011-06-22 00:44:02.932717563,0.0
Case3,Create Purchase Requisition,res_3e314b03-d6a4-421d-86db-867ce5ab7223,Role 1,2011-06-22 07:40:40.288469822,39,0,res_3e314b03-d6a4-421d-86db-867ce5ab7223,2011-06-22 07:32:58.443332822,0.0
Case4,Create Purchase Requisition,res_3e314b03-d6a4-421d-86db-867ce5ab7223,Role 1,2011-06-22 08:29:51.412797086,40,0,res_3e314b03-d6a4-421d-86db-867ce5ab7223,2011-06-22 08:22:07.494614086,0.0
Case3,Create Request for Quotation,res_12ae84dc-2013-49d5-a1c2-578825658fc5,Role 3,2011-06-22 12:57:36.513066822,40,0,res_12ae84dc-2013-49d5-a1c2-578825658fc5,2011-06-22 12:36:55.508232822,0.0
Case5,Create Purchase Requisition,res_cc8c270f-a566-4350-8a82-77163daf2877,Role 1,2011-06-22 16:59:41.141179837,41,0,res_cc8c270f-a566-4350-8a82-77163daf2877,2011-06-22 16:52:20.310326837,0.0
Case1,Analyze Request for Quotation,res_d86ddd9f-79c7-4190-a797-b51d3b96da67,Role 4,2011-06-22 22:19:28.695579000,41,0,res_d86ddd9f-79c7-4190-a797-b51d3b96da67,2011-06-22 22:03:32.034128000,0.0
Case1,Amend Request for Quotation,res_04fcb212-88f2-4592-9cf9-5bad9a85cb21,Role 1,2011-06-22 23:34:17.149557000,41,0,res_04fcb212-88f2-4592-9cf9-5bad9a85cb21,2011-06-22 23:10:11.337651000,0.0
Case4,Analyze Purchase Requisition,res_318fb49e-f698-45db-a950-8a16e3b2ac50,Role 3,2011-06-23 00:00:43.532029086,41,0,res_318fb49e-f698-45db-a950-8a16e3b2ac50,2011-06-22 23:58:23.370084086,0.0
Case5,Create Request for Quotation,res_12ae84dc-2013-49d5-a1c2-578825658fc5,Role 3,2011-06-23 00:21:15.917944837,41,1,res_12ae84dc-2013-49d5-a1c2-578825658fc5,2011-06-23 00:07:29.866895837,0.3333333333333333
Case6,Create Purchase Requisition,res_4bd335b9-e3f0-4209-aa4e-faab83c27374,Role 1,2011-06-23 00:21:37.029435518,42,0,res_4bd335b9-e3f0-4209-aa4e-faab83c27374,2011-06-23 00:14:18.724566518,0.0
Case4,Create Request for Quotation,res_318fb49e-f698-45db-a950-8a16e3b2ac50,Role 3,2011-06-23 00:30:53.970062086,41,0,res_318fb49e-f698-45db-a950-8a16e3b2ac50,2011-06-23 00:06:01.992946086,0.0
Case7,Create Purchase Requisition,res_8b540399-35ed-473f-aa75-4e967a7c2b18,Role 1,2011-06-23 02:07:19.936005482,43,0,res_8b540399-35ed-473f-aa75-4e967a7c2b18,2011-06-23 01:59:55.727727482,0.0
Case8,Create Purchase Requisition,res_3b20902b-7665-4f1a-a001-f40b6e13b8e4,Role 1,2011-06-23 04:57:23.942336922,44,0,res_3b20902b-7665-4f1a-a001-f40b6e13b8e4,2011-06-23 04:49:46.638882922,0.0
Case7,Create Request for Quotation,res_12ae84dc-2013-49d5-a1c2-578825658fc5,Role 3,2011-06-23 07:15:28.804785482,44,0,res_12ae84dc-2013-49d5-a1c2-578825658fc5,2011-06-23 06:56:15.753400482,0.0
Case6,Create Request for Quotation,res_12ae84dc-2013-49d5-a1c2-578825658fc5,Role 3,2011-06-23 08:38:47.590676518,44,0,res_12ae84dc-2013-49d5-a1c2-578825658fc5,2011-06-23 08:19:27.738048518,0.0
Case8,Create Request for Quotation,res_12ae84dc-2013-49d5-a1c2-578825658fc5,Role 3,2011-06-23 09:52:51.517123922,44,0,res_12ae84dc-2013-49d5-a1c2-578825658fc5,2011-06-23 09:32:49.008289922,0.0
Case9,Create Purchase Requisition,res_3e314b03-d6a4-421d-86db-867ce5ab7223,Role 1,2011-06-23 18:53:47.205782869,45,0,res_3e314b03-d6a4-421d-86db-867ce5ab7223,2011-06-23 18:46:25.644314869,0.0
Case2,Analyze Request for Quotation,res_ad433e29-e1d6-463f-8041-ac16f6a1da33,Role 4,2011-06-23 22:46:01.187405563,45,0,res_ad433e29-e1d6-463f-8041-ac16f6a1da33,2011-06-23 22:30:04.304911563,0.0
Case1,Analyze Request for Quotation,res_ad433e29-e1d6-463f-8041-ac16f6a1da33,Role 4,2011-06-24 04:38:19.214943000,45,0,res_ad433e29-e1d6-463f-8041-ac16f6a1da33,2011-06-24 04:20:08.294601000,0.0
Case1,Amend Request for Quotation,res_3b20902b-7665-4f1a-a001-f40b6e13b8e4,Role 1,2011-06-24 05:57:27.562687000,45,0,res_3b20902b-7665-4f1a-a001-f40b6e13b8e4,2011-06-24 05:33:06.080449000,0.0
Case9,Analyze Purchase Requisition,res_318fb49e-f698-45db-a950-8a16e3b2ac50,Role 3,2011-06-24 13:00:40.952957869,45,0,res_318fb49e-f698-45db-a950-8a16e3b2ac50,2011-06-24 12:58:26.797459869,0.0
Case9,Create Request for Quotation,res_12ae84dc-2013-49d5-a1c2-578825658fc5,Role 3,2011-06-24 13:32:02.921300869,45,0,res_12ae84dc-2013-49d5-a1c2-578825658fc5,2011-06-24 13:05:57.686105869,0.0
Case3,Analyze Request for Quotation,res_ad433e29-e1d6-463f-8041-ac16f6a1da33,Role 4,2011-06-25 04:11:17.174103822,45,0,res_ad433e29-e1d6-463f-8041-ac16f6a1da33,2011-06-25 03:53:06.922094822,0.0
Case5,Analyze Request for Quotation,res_ad433e29-e1d6-463f-8041-ac16f6a1da33,Role 4,2011-06-25 05:01:26.703462837,44,0,res_ad433e29-e1d6-463f-8041-ac16f6a1da33,2011-06-25 04:43:52.302910837,0.0
Case10,Create Purchase Requisition,res_cc8c270f-a566-4350-8a82-77163daf2877,Role 1,2011-06-25 05:52:13.311758614,44,0,res_cc8c270f-a566-4350-8a82-77163daf2877,2011-06-25 05:44:34.961853614,0.0
Case10,Create Request for Quotation,res_318fb49e-f698-45db-a950-8a16e3b2ac50,Role 3,2011-06-25 10:21:34.328188614,44,0,res_318fb49e-f698-45db-a950-8a16e3b2ac50,2011-06-25 10:00:08.530358614,0.0
Case4,Analyze Request for Quotation,res_319edab8-eb7f-4de4-965e-0f4c349c020f,Role 4,2011-06-25 14:20:34.033280086,44,0,res_319edab8-eb7f-4de4-965e-0f4c349c020f,2011-06-25 14:05:03.863599086,0.0
Case11,Create Purchase Requisition,res_3e314b03-d6a4-421d-86db-867ce5ab7223,Role 1,2011-06-25 14:28:52.170137633,45,0,res_3e314b03-d6a4-421d-86db-867ce5ab7223,2011-06-25 14:21:09.560963633,0.0
Case2,Send Request for Quotation to Supplier,res_319edab8-eb7f-4de4-965e-0f4c349c020f,Role 4,2011-06-25 20:30:19.072777563,45,0,res_319edab8-eb7f-4de4-965e-0f4c349c020f,2011-06-25 16:47:35.019219563,0.0
Case1,Analyze Request for Quotation,res_ad433e29-e1d6-463f-8041-ac16f6a1da33,Role 4,2011-06-25 20:58:56.317605000,45,0,res_ad433e29-e1d6-463f-8041-ac16f6a1da33,2011-06-25 20:41:44.738389000,0.0
Case12,Create Purchase Requisition,res_c19b4421-dc3f-44f8-90c2-1727cfadff3d,Role 1,2011-06-25 23:03:03.001698482,46,0,res_c19b4421-dc3f-44f8-90c2-1727cfadff3d,2011-06-25 22:55:50.927727482,0.0
Case2,Create Quotation comparison Map,res_d86ddd9f-79c7-4190-a797-b51d3b96da67,Role 4,2011-06-26 01:31:49.713992563,46,0,res_d86ddd9f-79c7-4190-a797-b51d3b96da67,2011-06-26 01:13:20.994805563,0.0
Case12,Create Request for Quotation,res_12ae84dc-2013-49d5-a1c2-578825658fc5,Role 3,2011-06-26 04:01:23.909977482,46,0,res_12ae84dc-2013-49d5-a1c2-578825658fc5,2011-06-26 03:41:46.300485482,0.0
Case11,Analyze Purchase Requisition,res_318fb49e-f698-45db-a950-8a16e3b2ac50,Role 3,2011-06-26 06:39:48.051001633,46,0,res_318fb49e-f698-45db-a950-8a16e3b2ac50,2011-06-26 06:37:26.086764633,0.0
Case11,Create Request for Quotation,res_0a189e9f-2074-4f90-8b4c-25a7238139fe,Role 3,2011-06-26 07:09:38.013013633,46,0,res_0a189e9f-2074-4f90-8b4c-25a7238139fe,2011-06-26 06:44:31.063240633,0.0
Case2,Analyze Quotation Comparison Map,res_136bbc95-2887-437f-a41f-50a382be8ee8,Role 1,2011-06-26 07:59:26.865907563,46,0,res_136bbc95-2887-437f-a41f-50a382be8ee8,2011-06-26 07:59:26.865090563,0.0
Case7,Analyze Request for Quotation,res_d86ddd9f-79c7-4190-a797-b51d3b96da67,Role 4,2011-06-26 11:08:01.718008482,46,0,res_d86ddd9f-79c7-4190-a797-b51d3b96da67,2011-06-26 10:53:01.899576482,0.0
Case13,Create Purchase Requisition,res_3e314b03-d6a4-421d-86db-867ce5ab7223,Role 1,2011-06-26 11:57:56.224852411,47,0,res_3e314b03-d6a4-421d-86db-867ce5ab7223,2011-06-26 11:50:17.273960411,0.07142857142857142
Case7,Amend Request for Quotation,res_ab15a275-1103-4c19-928b-ef4356a53bb9,Role 1,2011-06-26 12:25:07.344312482,47,0,res_ab15a275-1103-4c19-928b-ef4356a53bb9,2011-06-26 11:58:35.864312482,0.07142857142857142
Case6,Analyze Request for Quotation,res_319edab8-eb7f-4de4-965e-0f4c349c020f,Role 4,2011-06-26 15:13:15.020934518,47,0,res_319edab8-eb7f-4de4-965e-0f4c349c020f,2011-06-26 14:58:20.303868518,0.0
Case2,Choose best option,res_c19b4421-dc3f-44f8-90c2-1727cfadff3d,Role 1,2011-06-26 16:49:37.219728563,46,0,res_c19b4421-dc3f-44f8-90c2-1727cfadff3d,2011-06-26 07:59:26.897421563,0.0
Case14,Create Purchase Requisition,res_edc8dbfd-009c-447c-9848-9a8d0b6c95fc,Role 1,2011-06-26 17:47:13.313283937,48,0,res_edc8dbfd-009c-447c-9848-9a8d0b6c95fc,2011-06-26 17:40:01.332023937,0.0
Case15,Create Purchase Requisition,res_edc8dbfd-009c-447c-9848-9a8d0b6c95fc,Role 1,2011-06-26 18:18:27.285483135,49,0,res_edc8dbfd-009c-447c-9848-9a8d0b6c95fc,2011-06-26 18:11:18.183213135,0.0
Case8,Analyze Request for Quotation,res_319edab8-eb7f-4de4-965e-0f4c349c020f,Role 4,2011-06-26 21:23:04.816894922,49,0,res_319edab8-eb7f-4de4-965e-0f4c349c020f,2011-06-26 21:07:35.451867922,0.0
Case8,Amend Request for Quotation,res_edc8dbfd-009c-447c-9848-9a8d0b6c95fc,Role 1,2011-06-26 22:39:17.718890922,49,0,res_edc8dbfd-009c-447c-9848-9a8d0b6c95fc,2011-06-26 22:14:22.887149922,0.0
Case14,Create Request for Quotation,res_0a189e9f-2074-4f90-8b4c-25a7238139fe,Role 3,2011-06-26 23:40:34.225468937,49,0,res_0a189e9f-2074-4f90-8b4c-25a7238139fe,2011-06-26 23:21:00.001119937,0.0
Case2,Settle Conditions With Supplier,res_ad433e29-e1d6-463f-8041-ac16f6a1da33,Role 4,2011-06-26 23:52:13.999713563,49,1,res_ad433e29-e1d6-463f-8041-ac16f6a1da33,2011-06-26 23:42:10.025004563,0.3333333333333333
Case13,Analyze Purchase Requisition,res_0a189e9f-2074-4f90-8b4c-25a7238139fe,Role 3,2011-06-27 03:21:32.460614411,49,0,res_0a189e9f-2074-4f90-8b4c-25a7238139fe,2011-06-27 03:19:06.238854411,0.0
Case1,Send Request for Quotation to Supplier,res_319edab8-eb7f-4de4-965e-0f4c349c020f,Role 4,2011-06-27 03:35:50.243984000,49,0,res_319edab8-eb7f-4de4-965e-0f4c349c020f,2011-06-26 23:40:13.135203000,0.0
Case13,Create Request for Quotation,res_12ae84dc-2013-49d5-a1c2-578825658fc5,Role 3,2011-06-27 03:50:00.803615411,49,0,res_12ae84dc-2013-49d5-a1c2-578825658fc5,2011-06-27 03:26:14.273608411,0.0
Case9,Analyze Request for Quotation,res_ad433e29-e1d6-463f-8041-ac16f6a1da33,Role 4,2011-06-27 04:12:22.730019869,49,0,res_ad433e29-e1d6-463f-8041-ac16f6a1da33,2011-06-27 03:54:05.359406869,0.0
Case16,Create Purchase Requisition,res_0b9cf306-e11d-4cfb-b0e0-b2b7e6918c5d,Role 1,2011-06-27 04:40:41.435224475,50,0,res_0b9cf306-e11d-4cfb-b0e0-b2b7e6918c5d,2011-06-27 04:33:25.777259475,0.0
Case9,Amend Request for Quotation,res_1fb03551-690a-4dc0-accf-65ec0c01ceff,Role 1,2011-06-27 05:25:49.874255869,50,0,res_1fb03551-690a-4dc0-accf-65ec0c01ceff,2011-06-27 05:01:45.723349869,0.0
Case2,Create Purchase Order,res_d86ddd9f-79c7-4190-a797-b51d3b96da67,Role 4,2011-06-27 06:12:48.588515563,50,0,res_d86ddd9f-79c7-4190-a797-b51d3b96da67,2011-06-27 05:51:14.004237563,0.0
Case17,Create Purchase Requisition,res_8b540399-35ed-473f-aa75-4e967a7c2b18,Role 1,2011-06-27 08:08:46.877662758,51,0,res_8b540399-35ed-473f-aa75-4e967a7c2b18,2011-06-27 08:01:16.366180758,0.0
Case1,Create Quotation comparison Map,res_d86ddd9f-79c7-4190-a797-b51d3b96da67,Role 4,2011-06-27 08:26:39.237058000,51,0,res_d86ddd9f-79c7-4190-a797-b51d3b96da67,2011-06-27 08:11:12.504808000,0.0
Case16,Create Request for Quotation,res_318fb49e-f698-45db-a950-8a16e3b2ac50,Role 3,2011-06-27 09:36:35.931188475,51,0,res_318fb49e-f698-45db-a950-8a16e3b2ac50,2011-06-27 09:14:09.047879475,0.0
Case15,Analyze Purchase Requisition,res_0a189e9f-2074-4f90-8b4c-25a7238139fe,Role 3,2011-06-27 10:37:14.465641135,51,0,res_0a189e9f-2074-4f90-8b4c-25a7238139fe,2011-06-27 10:34:48.287329135,0.0
Case15,Create Request for Quotation,res_318fb49e-f698-45db-a950-8a16e3b2ac50,Role 3,2011-06-27 11:05:13.266196135,51,0,res_318fb49e-f698-45db-a950-8a16e3b2ac50,2011-06-27 10:41:58.230771135,0.0
Case1,Analyze Quotation Comparison Map,res_4bd335b9-e3f0-4209-aa4e-faab83c27374,Role 1,2011-06-27 15:16:55.523537000,51,0,res_4bd335b9-e3f0-4209-aa4e-faab83c27374,2011-06-27 15:16:55.522794000,0.0
Case11,Analyze Request for Quotation,res_ad433e29-e1d6-463f-8041-ac16f6a1da33,Role 4,2011-06-27 19:02:55.957934633,51,0,res_ad433e29-e1d6-463f-8041-ac16f6a1da33,2011-06-27 18:47:02.134451633,0.3333333333333333
Case11,Amend Request for Quotation,res_3e314b03-d6a4-421d-86db-867ce5ab7223,Role 1,2011-06-27 20:17:49.887739633,51,0,res_3e314b03-d6a4-421d-86db-867ce5ab7223,2011-06-27 19:53:38.161738633,0.07142857142857142
Case4,Send Request for Quotation to Supplier,res_319edab8-eb7f-4de4-965e-0f4c349c020f,Role 4,2011-06-27 20:19:08.345983086,51,0,res_319edab8-eb7f-4de4-965e-0f4c349c020f,2011-06-27 16:44:02.658938086,0.0
Case1,Choose best option,res_9773379d-f89d-4832-bfda-e91968982280,Role 1,2011-06-27 22:09:52.557181000,51,0,res_9773379d-f89d-4832-bfda-e91968982280,2011-06-27 15:16:55.566460000,0.0
Case17,Analyze Purchase Requisition,res_12ae84dc-2013-49d5-a1c2-578825658fc5,Role 3,2011-06-27 23:01:38.744236758,51,0,res_12ae84dc-2013-49d5-a1c2-578825658fc5,2011-06-27 22:59:08.173726758,0.0
Case17,Create Request for Quotation,res_318fb49e-f698-45db-a950-8a16e3b2ac50,Role 3,2011-06-27 23:29:01.602333758,51,0,res_318fb49e-f698-45db-a950-8a16e3b2ac50,2011-06-27 23:06:33.631101758,0.0
Case4,Create Quotation comparison Map,res_319edab8-eb7f-4de4-965e-0f4c349c020f,Role 4,2011-06-28 00:27:40.453037086,51,0,res_319edab8-eb7f-4de4-965e-0f4c349c020f,2011-06-28 00:08:17.505891086,0.3333333333333333
Case6,Send Request for Quotation to Supplier,res_d86ddd9f-79c7-4190-a797-b51d3b96da67,Role 4,2011-06-28 02:36:50.102046518,51,0,res_d86ddd9f-79c7-4190-a797-b51d3b96da67,2011-06-27 23:36:44.398649518,0.0
Case4,Analyze Quotation Comparison Map,res_9773379d-f89d-4832-bfda-e91968982280,Role 1,2011-06-28 06:57:08.193454086,51,0,res_9773379d-f89d-4832-bfda-e91968982280,2011-06-28 06:57:08.193030086,0.0
Case6,Create Quotation comparison Map,res_d86ddd9f-79c7-4190-a797-b51d3b96da67,Role 4,2011-06-28 07:02:18.959555518,51,0,res_d86ddd9f-79c7-4190-a797-b51d3b96da67,2011-06-28 06:45:08.747735518,0.0
Case1,Settle Conditions With Supplier,res_d86ddd9f-79c7-4190-a797-b51d3b96da67,Role 4,2011-06-28 07:21:49.387489000,51,1,res_d86ddd9f-79c7-4190-a797-b51d3b96da67,2011-06-28 07:11:36.541238000,0.0
Case18,Create Purchase Requisition,res_8b540399-35ed-473f-aa75-4e967a7c2b18,Role 1,2011-06-28 08:44:33.251569750,52,0,res_8b540399-35ed-473f-aa75-4e967a7c2b18,2011-06-28 08:37:03.058830750,0.07142857142857142
Case7,Analyze Request for Quotation,res_319edab8-eb7f-4de4-965e-0f4c349c020f,Role 4,2011-06-28 09:38:50.928570482,52,0,res_319edab8-eb7f-4de4-965e-0f4c349c020f,2011-06-28 09:20:35.152123482,0.0
Case10,Analyze Request for Quotation,res_319edab8-eb7f-4de4-965e-0f4c349c020f,Role 4,2011-06-28 09:39:58.719609614,52,1,res_319edab8-eb7f-4de4-965e-0f4c349c020f,2011-06-28 09:24:30.187351614,0.3333333333333333
Case13,Analyze Request for Quotation,res_ad433e29-e1d6-463f-8041-ac16f6a1da33,Role 4,2011-06-28 10:37:10.067617411,51,0,res_ad433e29-e1d6-463f-8041-ac16f6a1da33,2011-06-28 10:21:46.971200411,0.0
Case7,Amend Request for Quotation,res_9773379d-f89d-4832-bfda-e91968982280,Role 1,2011-06-28 10:57:52.752189482,51,0,res_9773379d-f89d-4832-bfda-e91968982280,2011-06-28 10:33:28.763565482,0.07142857142857142
Case13,Amend Request for Quotation,res_136bbc95-2887-437f-a41f-50a382be8ee8,Role 1,2011-06-28 11:51:06.508119411,51,0,res_136bbc95-2887-437f-a41f-50a382be8ee8,2011-06-28 11:26:30.597103411,0.07142857142857142
Case9,Analyze Request for Quotation,res_d86ddd9f-79c7-4190-a797-b51d3b96da67,Role 4,2011-06-28 12:03:17.271317869,51,0,res_d86ddd9f-79c7-4190-a797-b51d3b96da67,2011-06-28 11:47:14.467508869,0.0
Case19,Create Purchase Requisition,res_136bbc95-2887-437f-a41f-50a382be8ee8,Role 1,2011-06-28 12:53:42.445660360,52,0,res_136bbc95-2887-437f-a41f-50a382be8ee8,2011-06-28 12:46:15.740862360,0.07142857142857142
Case6,Analyze Quotation Comparison Map,res_04fcb212-88f2-4592-9cf9-5bad9a85cb21,Role 1,2011-06-28 13:17:04.690888518,52,0,res_04fcb212-88f2-4592-9cf9-5bad9a85cb21,2011-06-28 13:17:04.684858518,0.14285714285714285
Case9,Amend Request for Quotation,res_136bbc95-2887-437f-a41f-50a382be8ee8,Role 1,2011-06-28 13:22:05.266838869,52,0,res_136bbc95-2887-437f-a41f-50a382be8ee8,2011-06-28 12:57:26.067563869,0.07142857142857142
Case12,Analyze Request for Quotation,res_d86ddd9f-79c7-4190-a797-b51d3b96da67,Role 4,2011-06-28 13:29:18.695717482,52,0,res_d86ddd9f-79c7-4190-a797-b51d3b96da67,2011-06-28 13:14:25.331571482,0.0
Case14,Analyze Request for Quotation,res_ad433e29-e1d6-463f-8041-ac16f6a1da33,Role 4,2011-06-28 15:13:01.559693937,52,0,res_ad433e29-e1d6-463f-8041-ac16f6a1da33,2011-06-28 14:57:26.343908937,0.0
Case4,Choose best option,res_3e314b03-d6a4-421d-86db-867ce5ab7223,Role 1,2011-06-28 15:17:26.599104086,51,0,res_3e314b03-d6a4-421d-86db-867ce5ab7223,2011-06-28 06:57:08.233604086,0.0
Case1,Create Purchase Order,res_ad433e29-e1d6-463f-8041-ac16f6a1da33,Role 4,2011-06-28 16:07:25.551853000,51,0,res_ad433e29-e1d6-463f-8041-ac16f6a1da33,2011-06-28 15:48:59.773511000,0.0
Case2,Confirm Purchase Order,res_74fb9490-fecf-4ad0-b668-d6ef9f8af10e,Role 2,2011-06-28 18:51:42.569253563,51,0,res_74fb9490-fecf-4ad0-b668-d6ef9f8af10e,2011-06-27 21:57:10.045386563,0.0
Case8,Analyze Request for Quotation,res_ad433e29-e1d6-463f-8041-ac16f6a1da33,Role 4,2011-06-28 19:37:55.911367922,51,0,res_ad433e29-e1d6-463f-8041-ac16f6a1da33,2011-06-28 19:20:37.911929922,0.0
Case6,Choose best option,res_c19b4421-dc3f-44f8-90c2-1727cfadff3d,Role 1,2011-06-28 20:00:59.811940518,52,1,res_c19b4421-dc3f-44f8-90c2-1727cfadff3d,2011-06-28 13:17:04.719582518,0.14285714285714285
Case8,Amend Request for Quotation,res_edc8dbfd-009c-447c-9848-9a8d0b6c95fc,Role 1,2011-06-28 20:55:09.256141922,51,0,res_edc8dbfd-009c-447c-9848-9a8d0b6c95fc,2011-06-28 20:31:37.029008922,0.0
Case20,Create Purchase Requisition,res_4bd335b9-e3f0-4209-aa4e-faab83c27374,Role 1,2011-06-28 21:05:57.472714547,52,0,res_4bd335b9-e3f0-4209-aa4e-faab83c27374,2011-06-28 20:59:04.414055547,0.0
Case15,Analyze Request for Quotation,res_ad433e29-e1d6-463f-8041-ac16f6a1da33,Role 4,2011-06-28 21:55:12.195979135,52,0,res_ad433e29-e1d6-463f-8041-ac16f6a1da33,2011-06-28 21:38:34.517755135,0.0
Case21,Create Purchase Requisition,res_349907e7-8968-4ad0-8af7-bbf3079b5952,Role 1,2011-06-28 22:58:57.586332589,52,0,res_349907e7-8968-4ad0-8af7-bbf3079b5952,2011-06-28 22:52:04.326039589,0.0
Case18,Analyze Purchase Requisition,res_318fb49e-f698-45db-a950-8a16e3b2ac50,Role 3,2011-06-28 23:34:19.607728750,52,0,res_318fb49e-f698-45db-a950-8a16e3b2ac50,2011-06-28 23:31:54.345352750,0.0
Case4,Settle Conditions With Supplier,res_ad433e29-e1d6-463f-8041-ac16f6a1da33,Role 4,2011-06-28 23:35:10.111055086,52,1,res_ad433e29-e1d6-463f-8041-ac16f6a1da33,2011-06-28 23:25:09.362952086,0.0
Case18,Create Request for Quotation,res_12ae84dc-2013-49d5-a1c2-578825658fc5,Role 3,2011-06-29 00:02:29.903738750,52,0,res_12ae84dc-2013-49d5-a1c2-578825658fc5,2011-06-28 23:39:19.560123750,0.0
Case11,Analyze Request for Quotation,res_d86ddd9f-79c7-4190-a797-b51d3b96da67,Role 4,2011-06-29 01:15:04.590273633,52,0,res_d86ddd9f-79c7-4190-a797-b51d3b96da67,2011-06-29 00:56:27.027715633,0.0
Case19,Analyze Purchase Requisition,res_0a189e9f-2074-4f90-8b4c-25a7238139fe,Role 3,2011-06-29 04:16:18.120590360,52,0,res_0a189e9f-2074-4f90-8b4c-25a7238139fe,2011-06-29 04:14:01.933356360,0.0
Case6,Settle Conditions With Supplier,res_ad433e29-e1d6-463f-8041-ac16f6a1da33,Role 4,2011-06-29 04:40:12.440490518,52,1,res_ad433e29-e1d6-463f-8041-ac16f6a1da33,2011-06-29 04:30:05.777881518,0.0
Case19,Create Request for Quotation,res_0a189e9f-2074-4f90-8b4c-25a7238139fe,Role 3,2011-06-29 04:46:06.023939360,52,0,res_0a189e9f-2074-4f90-8b4c-25a7238139fe,2011-06-29 04:21:08.620799360,0.0
Case21,Create Request for Quotation,res_318fb49e-f698-45db-a950-8a16e3b2ac50,Role 3,2011-06-29 04:51:18.333682589,52,1,res_318fb49e-f698-45db-a950-8a16e3b2ac50,2011-06-29 04:39:09.529468589,0.3333333333333333
Case4,Create Purchase Order,res_ad433e29-e1d6-463f-8041-ac16f6a1da33,Role 4,2011-06-29 08:18:58.638539086,52,0,res_ad433e29-e1d6-463f-8041-ac16f6a1da33,2011-06-29 07:58:03.412725086,0.0
Case22,Create Purchase Requisition,res_3e314b03-d6a4-421d-86db-867ce5ab7223,Role 1,2011-06-29 09:56:16.642121037,53,0,res_3e314b03-d6a4-421d-86db-867ce5ab7223,2011-06-29 09:48:35.153721037,0.0
Case17,Analyze Request for Quotation,res_ad433e29-e1d6-463f-8041-ac16f6a1da33,Role 4,2011-06-29 12:12:38.987996758,53,0,res_ad433e29-e1d6-463f-8041-ac16f6a1da33,2011-06-29 11:57:41.154444758,0.0
Case13,Analyze Request for Quotation,res_319edab8-eb7f-4de4-965e-0f4c349c020f,Role 4,2011-06-29 12:24:11.147871411,53,1,res_319edab8-eb7f-4de4-965e-0f4c349c020f,2011-06-29 12:07:43.635995411,0.3333333333333333
Case20,Analyze Purchase Requisition,res_12ae84dc-2013-49d5-a1c2-578825658fc5,Role 3,2011-06-29 13:15:15.646803547,53,0,res_12ae84dc-2013-49d5-a1c2-578825658fc5,2011-06-29 13:13:00.179799547,0.0
Case17,Amend Request for Quotation,res_3e314b03-d6a4-421d-86db-867ce5ab7223,Role 1,2011-06-29 13:27:01.432368758,53,0,res_3e314b03-d6a4-421d-86db-867ce5ab7223,2011-06-29 13:02:24.916280758,0.0
Case13,Amend Request for Quotation,res_ab15a275-1103-4c19-928b-ef4356a53bb9,Role 1,2011-06-29 13:42:36.664085411,53,1,res_ab15a275-1103-4c19-928b-ef4356a53bb9,2011-06-29 13:17:56.093484411,0.07142857142857142
Case20,Create Request for Quotation,res_0a189e9f-2074-4f90-8b4c-25a7238139fe,Role 3,2011-06-29 13:44:19.349167547,53,0,res_0a189e9f-2074-4f90-8b4c-25a7238139fe,2011-06-29 13:20:19.931512547,0.0
Case6,Create Purchase Order,res_319edab8-eb7f-4de4-965e-0f4c349c020f,Role 4,2011-06-29 14:24:19.566460518,53,0,res_319edab8-eb7f-4de4-965e-0f4c349c020f,2011-06-29 14:05:36.543287518,0.3333333333333333
Case12,Send Request for Quotation to Supplier,res_d86ddd9f-79c7-4190-a797-b51d3b96da67,Role 4,2011-06-29 15:20:31.798846482,53,0,res_d86ddd9f-79c7-4190-a797-b51d3b96da67,2011-06-29 12:15:13.020479482,0.3333333333333333
Case22,Create Request for Quotation,res_0a189e9f-2074-4f90-8b4c-25a7238139fe,Role 3,2011-06-29 15:40:06.551171037,53,0,res_0a189e9f-2074-4f90-8b4c-25a7238139fe,2011-06-29 15:19:51.419582037,0.0
Case9,Analyze Request for Quotation,res_d86ddd9f-79c7-4190-a797-b51d3b96da67,Role 4,2011-06-29 18:49:08.907590869,53,0,res_d86ddd9f-79c7-4190-a797-b51d3b96da67,2011-06-29 18:31:25.668824869,0.0
Case9,Amend Request for Quotation,res_3e314b03-d6a4-421d-86db-867ce5ab7223,Role 1,2011-06-29 20:06:07.816786869,53,0,res_3e314b03-d6a4-421d-86db-867ce5ab7223,2011-06-29 19:41:40.822668869,0.0
Case2,Deliver Goods Services,res_d2ebf689-fdbf-4b28-bdd6-66864b824b16,Role 2,2011-06-29 20:18:57.285052563,53,2,res_d2ebf689-fdbf-4b28-bdd6-66864b824b16,2011-06-29 20:17:56.989317563,0.2
Case12,Create Quotation comparison Map,res_ad433e29-e1d6-463f-8041-ac16f6a1da33,Role 4,2011-06-29 20:49:18.272408482,53,0,res_ad433e29-e1d6-463f-8041-ac16f6a1da33,2011-06-29 20:32:00.531554482,0.0
Case16,Analyze Request for Quotation,res_319edab8-eb7f-4de4-965e-0f4c349c020f,Role 4,2011-06-29 21:36:28.825343475,53,0,res_319edab8-eb7f-4de4-965e-0f4c349c020f,2011-06-29 21:20:15.120291475,0.0
Case16,Amend Request for Quotation,res_3e314b03-d6a4-421d-86db-867ce5ab7223,Role 1,2011-06-29 22:51:36.619030475,53,0,res_3e314b03-d6a4-421d-86db-867ce5ab7223,2011-06-29 22:27:32.222094475,0.0
Case7,Analyze Request for Quotation,res_319edab8-eb7f-4de4-965e-0f4c349c020f,Role 4,2011-06-30 02:19:49.879483482,53,0,res_319edab8-eb7f-4de4-965e-0f4c349c020f,2011-06-30 02:00:36.044213482,0.3333333333333333
Case12,Analyze Quotation Comparison Map,res_8b540399-35ed-473f-aa75-4e967a7c2b18,Role 1,2011-06-30 02:50:17.365855482,52,0,res_8b540399-35ed-473f-aa75-4e967a7c2b18,2011-06-30 02:50:17.364584482,0.0
Case2,Release Purchase Order,res_349907e7-8968-4ad0-8af7-bbf3079b5952,Role 1,2011-06-30 03:12:36.677135563,52,0,res_349907e7-8968-4ad0-8af7-bbf3079b5952,2011-06-30 03:11:37.929115563,0.07142857142857142
Case11,Send Request for Quotation to Supplier,res_ad433e29-e1d6-463f-8041-ac16f6a1da33,Role 4,2011-06-30 03:31:20.539590633,53,0,res_ad433e29-e1d6-463f-8041-ac16f6a1da33,2011-06-29 23:35:51.666615633,0.0
Case1,Confirm Purchase Order,res_a1e0a0a1-b1fc-40e5-bbc7-475a550099bd,Role 2,2011-06-30 03:55:37.294965000,52,0,res_a1e0a0a1-b1fc-40e5-bbc7-475a550099bd,2011-06-29 04:28:32.850066000,0.0
Case23,Create Purchase Requisition,res_c19b4421-dc3f-44f8-90c2-1727cfadff3d,Role 1,2011-06-30 08:45:56.651515438,53,0,res_c19b4421-dc3f-44f8-90c2-1727cfadff3d,2011-06-30 08:38:09.771244438,0.07142857142857142
Case11,Create Quotation comparison Map,res_d86ddd9f-79c7-4190-a797-b51d3b96da67,Role 4,2011-06-30 10:28:01.816226633,53,0,res_d86ddd9f-79c7-4190-a797-b51d3b96da67,2011-06-30 10:11:34.000748633,0.0
Case12,Choose best option,res_04fcb212-88f2-4592-9cf9-5bad9a85cb21,Role 1,2011-06-30 10:29:04.149019482,52,0,res_04fcb212-88f2-4592-9cf9-5bad9a85cb21,2011-06-30 02:50:17.369576482,0.0
Case8,Analyze Request for Quotation,res_ad433e29-e1d6-463f-8041-ac16f6a1da33,Role 4,2011-06-30 11:17:00.356071922,53,0,res_ad433e29-e1d6-463f-8041-ac16f6a1da33,2011-06-30 11:00:48.869653922,0.0
Case23,Create Request for Quotation,res_318fb49e-f698-45db-a950-8a16e3b2ac50,Role 3,2011-06-30 14:06:03.485637438,53,0,res_318fb49e-f698-45db-a950-8a16e3b2ac50,2011-06-30 13:46:01.474252438,0.0
Case2,Approve Purchase Order for payment,res_ad433e29-e1d6-463f-8041-ac16f6a1da33,Role 4,2011-06-30 14:15:28.023070563,53,0,res_ad433e29-e1d6-463f-8041-ac16f6a1da33,2011-06-30 14:15:28.023070563,0.0
Case11,Analyze Quotation Comparison Map,res_c19b4421-dc3f-44f8-90c2-1727cfadff3d,Role 1,2011-06-30 16:50:39.104337633,53,0,res_c19b4421-dc3f-44f8-90c2-1727cfadff3d,2011-06-30 16:50:39.104337633,0.0
Case12,Settle Conditions With Supplier,res_ad433e29-e1d6-463f-8041-ac16f6a1da33,Role 4,2011-06-30 17:33:46.878198482,53,1,res_ad433e29-e1d6-463f-8041-ac16f6a1da33,2011-06-30 17:23:59.121434482,0.0
Case24,Create Purchase Requisition,res_8b540399-35ed-473f-aa75-4e967a7c2b18,Role 1,2011-06-30 22:13:49.254786420,54,0,res_8b540399-35ed-473f-aa75-4e967a7c2b18,2011-06-30 22:06:40.312045420,0.07142857142857142
Case11,Choose best option,res_cc8c270f-a566-4350-8a82-77163daf2877,Role 1,2011-06-30 23:13:35.854134633,53,0,res_cc8c270f-a566-4350-8a82-77163daf2877,2011-06-30 16:50:39.137181633,0.0
Case25,Create Purchase Requisition,res_4bd335b9-e3f0-4209-aa4e-faab83c27374,Role 1,2011-06-30 23:45:12.899493891,55,0,res_4bd335b9-e3f0-4209-aa4e-faab83c27374,2011-06-30 23:38:00.557188891,0.0
Case26,Create Purchase Requisition,res_8b540399-35ed-473f-aa75-4e967a7c2b18,Role 1,2011-07-01 01:06:04.482405408,56,0,res_8b540399-35ed-473f-aa75-4e967a7c2b18,2011-07-01 00:58:45.498726408,0.0
Case19,Analyze Request for Quotation,res_319edab8-eb7f-4de4-965e-0f4c349c020f,Role 4,2011-07-01 01:19:33.734441360,56,0,res_319edab8-eb7f-4de4-965e-0f4c349c020f,2011-07-01 01:01:56.491715360,0.0
Case18,Analyze Request for Quotation,res_d86ddd9f-79c7-4190-a797-b51d3b96da67,Role 4,2011-07-01 01:41:31.917539750,56,0,res_d86ddd9f-79c7-4190-a797-b51d3b96da67,2011-07-01 01:24:07.630431750,0.0
Case4,Confirm Purchase Order,res_da4787a5-0b43-44c2-94bc-622692086510,Role 2,2011-07-01 02:01:59.694824086,52,1,res_da4787a5-0b43-44c2-94bc-622692086510,2011-06-30 03:10:55.982570086,0.2
Case19,Amend Request for Quotation,res_349907e7-8968-4ad0-8af7-bbf3079b5952,Role 1,2011-07-01 02:35:35.908411360,55,0,res_349907e7-8968-4ad0-8af7-bbf3079b5952,2011-07-01 02:10:48.511783360,0.0
Case27,Create Purchase Requisition,res_1fb03551-690a-4dc0-accf-65ec0c01ceff,Role 1,2011-07-01 03:08:20.375597413,56,0,res_1fb03551-690a-4dc0-accf-65ec0c01ceff,2011-07-01 03:00:53.535430413,0.0
Case13,Analyze Request for Quotation,res_319edab8-eb7f-4de4-965e-0f4c349c020f,Role 4,2011-07-01 03:30:28.003966411,56,0,res_319edab8-eb7f-4de4-965e-0f4c349c020f,2011-07-01 03:07:48.762023411,0.0
Case12,Create Purchase Order,res_d86ddd9f-79c7-4190-a797-b51d3b96da67,Role 4,2011-07-01 03:47:49.335056482,56,0,res_d86ddd9f-79c7-4190-a797-b51d3b96da67,2011-07-01 03:24:14.490851482,0.3333333333333333
Case24,Create Request for Quotation,res_12ae84dc-2013-49d5-a1c2-578825658fc5,Role 3,2011-07-01 04:12:57.115341420,55,0,res_12ae84dc-2013-49d5-a1c2-578825658fc5,2011-07-01 03:54:28.255919420,0.0
Case17,Analyze Request for Quotation,res_d86ddd9f-79c7-4190-a797-b51d3b96da67,Role 4,2011-07-01 04:56:40.277423758,55,0,res_d86ddd9f-79c7-4190-a797-b51d3b96da67,2011-07-01 04:36:53.944402758,0.0
Case25,Create Request for Quotation,res_12ae84dc-2013-49d5-a1c2-578825658fc5,Role 3,2011-07-01 05:21:22.385742891,55,0,res_12ae84dc-2013-49d5-a1c2-578825658fc5,2011-07-01 05:02:41.731762891,0.0
Case28,Create Purchase Requisition,res_349907e7-8968-4ad0-8af7-bbf3079b5952,Role 1,2011-07-01 05:56:27.893839198,56,0,res_349907e7-8968-4ad0-8af7-bbf3079b5952,2011-07-01 05:48:48.208071198,0.0
Case26,Create Request for Quotation,res_318fb49e-f698-45db-a950-8a16e3b2ac50,Role 3,2011-07-01 06:03:07.019375408,55,0,res_318fb49e-f698-45db-a950-8a16e3b2ac50,2011-07-01 05:43:58.633287408,0.0
Case17,Amend Request for Quotation,res_ab15a275-1103-4c19-928b-ef4356a53bb9,Role 1,2011-07-01 06:16:12.804304758,56,0,res_ab15a275-1103-4c19-928b-ef4356a53bb9,2011-07-01 05:50:51.581928758,0.07142857142857142
Case29,Create Purchase Requisition,res_04fcb212-88f2-4592-9cf9-5bad9a85cb21,Role 1,2011-07-01 06:32:50.682373121,57,0,res_04fcb212-88f2-4592-9cf9-5bad9a85cb21,2011-07-01 06:25:08.682277121,0.0
Case1,Deliver Goods Services,res_da4787a5-0b43-44c2-94bc-622692086510,Role 2,2011-07-01 10:43:45.506437000,57,2,res_da4787a5-0b43-44c2-94bc-622692086510,2011-07-01 10:42:45.282240000,0.2
Case6,Confirm Purchase Order,res_3297ac94-204b-4466-9748-2203439519b4,Role 2,2011-07-01 11:15:01.557358518,53,1,res_3297ac94-204b-4466-9748-2203439519b4,2011-06-30 09:58:25.891320518,0.2
Case20,Analyze Request for Quotation,res_ad433e29-e1d6-463f-8041-ac16f6a1da33,Role 4,2011-07-01 12:05:04.247564547,57,0,res_ad433e29-e1d6-463f-8041-ac16f6a1da33,2011-07-01 11:48:59.009521547,0.0
Case11,Settle Conditions With Supplier,res_d86ddd9f-79c7-4190-a797-b51d3b96da67,Role 4,2011-07-01 12:31:26.828734633,57,1,res_d86ddd9f-79c7-4190-a797-b51d3b96da67,2011-07-01 12:21:29.260059633,0.0
Case20,Amend Request for Quotation,res_8b540399-35ed-473f-aa75-4e967a7c2b18,Role 1,2011-07-01 13:22:16.807336547,57,0,res_8b540399-35ed-473f-aa75-4e967a7c2b18,2011-07-01 12:56:55.664075547,0.0
Case28,Create Request for Quotation,res_0a189e9f-2074-4f90-8b4c-25a7238139fe,Role 3,2011-07-01 13:30:21.217271198,57,0,res_0a189e9f-2074-4f90-8b4c-25a7238139fe,2011-07-01 13:10:11.571274198,0.0
Case30,Create Purchase Requisition,res_4bd335b9-e3f0-4209-aa4e-faab83c27374,Role 1,2011-07-01 15:04:58.502786528,58,0,res_4bd335b9-e3f0-4209-aa4e-faab83c27374,2011-07-01 14:57:17.736504528,0.0
Case2,Send Invoice,res_da4787a5-0b43-44c2-94bc-622692086510,Role 2,2011-07-01 15:53:07.717831563,58,0,res_da4787a5-0b43-44c2-94bc-622692086510,2011-07-01 15:48:57.519035563,0.0
Case21,Analyze Request for Quotation,res_ad433e29-e1d6-463f-8041-ac16f6a1da33,Role 4,2011-07-01 16:14:57.043441589,58,0,res_ad433e29-e1d6-463f-8041-ac16f6a1da33,2011-07-01 15:58:07.754511589,0.0
Case1,Release Purchase Order,res_c19b4421-dc3f-44f8-90c2-1727cfadff3d,Role 1,2011-07-01 17:28:49.197883000,58,0,res_c19b4421-dc3f-44f8-90c2-1727cfadff3d,2011-07-01 17:27:50.562691000,0.0
Case31,Create Purchase Requisition,res_1fb03551-690a-4dc0-accf-65ec0c01ceff,Role 1,2011-07-01 20:02:15.766344968,59,0,res_1fb03551-690a-4dc0-accf-65ec0c01ceff,2011-07-01 19:54:59.387570968,0.0
Case16,Analyze Request for Quotation,res_d86ddd9f-79c7-4190-a797-b51d3b96da67,Role 4,2011-07-01 21:00:32.213757475,59,0,res_d86ddd9f-79c7-4190-a797-b51d3b96da67,2011-07-01 20:42:43.094497475,0.0
Case27,Analyze Purchase Requisition,res_318fb49e-f698-45db-a950-8a16e3b2ac50,Role 3,2011-07-01 21:13:48.345974413,59,0,res_318fb49e-f698-45db-a950-8a16e3b2ac50,2011-07-01 21:11:25.633796413,0.0
Case30,Create Request for Quotation,res_12ae84dc-2013-49d5-a1c2-578825658fc5,Role 3,2011-07-01 21:37:32.027539528,59,1,res_12ae84dc-2013-49d5-a1c2-578825658fc5,2011-07-01 21:22:56.225399528,0.3333333333333333
Case27,Create Request for Quotation,res_318fb49e-f698-45db-a950-8a16e3b2ac50,Role 3,2011-07-01 21:44:11.581133413,59,0,res_318fb49e-f698-45db-a950-8a16e3b2ac50,2011-07-01 21:19:19.113433413,0.0
Case16,Amend Request for Quotation,res_04fcb212-88f2-4592-9cf9-5bad9a85cb21,Role 1,2011-07-01 22:21:56.720306475,59,0,res_04fcb212-88f2-4592-9cf9-5bad9a85cb21,2011-07-01 21:57:55.704164475,0.0
Case29,Analyze Purchase Requisition,res_318fb49e-f698-45db-a950-8a16e3b2ac50,Role 3,2011-07-01 23:24:10.289669121,59,0,res_318fb49e-f698-45db-a950-8a16e3b2ac50,2011-07-01 23:21:45.536368121,0.0
Case29,Create Request for Quotation,res_0a189e9f-2074-4f90-8b4c-25a7238139fe,Role 3,2011-07-01 23:54:42.268391121,59,0,res_0a189e9f-2074-4f90-8b4c-25a7238139fe,2011-07-01 23:29:29.320659121,0.0
Case11,Create Purchase Order,res_ad433e29-e1d6-463f-8041-ac16f6a1da33,Role 4,2011-07-02 01:48:47.937580633,59,0,res_ad433e29-e1d6-463f-8041-ac16f6a1da33,2011-07-02 01:30:03.723373633,0.0
Case31,Create Request for Quotation,res_0a189e9f-2074-4f90-8b4c-25a7238139fe,Role 3,2011-07-02 02:01:02.123789968,59,0,res_0a189e9f-2074-4f90-8b4c-25a7238139fe,2011-07-02 01:42:31.505957968,0.0
Case2,Release Supplier's Invoice,res_ccd55097-3d24-4e3c-a0f6-173df7f18211,Role 5,2011-07-02 04:26:12.135744563,59,0,res_ccd55097-3d24-4e3c-a0f6-173df7f18211,2011-07-02 04:26:12.135744563,0.0
Case9,Analyze Request for Quotation,res_319edab8-eb7f-4de4-965e-0f4c349c020f,Role 4,2011-07-02 04:27:53.540607869,59,0,res_319edab8-eb7f-4de4-965e-0f4c349c020f,2011-07-02 04:12:49.993773869,0.3333333333333333
Case2,Authorize Supplier's Invoice payment,res_1f528794-c18e-4c0b-8159-5b23ac7cee00,Role 5,2011-07-02 04:35:28.556994563,59,0,res_1f528794-c18e-4c0b-8159-5b23ac7cee00,2011-07-02 04:26:12.182464563,0.0
Case1,Approve Purchase Order for payment,res_d86ddd9f-79c7-4190-a797-b51d3b96da67,Role 4,2011-07-02 04:53:14.176840000,58,0,res_d86ddd9f-79c7-4190-a797-b51d3b96da67,2011-07-02 04:53:14.176840000,0.3333333333333333
Case2,Pay Invoice,res_1f528794-c18e-4c0b-8159-5b23ac7cee00,Role 5,2011-07-02 05:04:57.277907563,58,0,res_1f528794-c18e-4c0b-8159-5b23ac7cee00,2011-07-02 05:04:57.277907563,0.0
Case8,Send Request for Quotation to Supplier,res_d86ddd9f-79c7-4190-a797-b51d3b96da67,Role 4,2011-07-02 05:55:09.746188922,59,0,res_d86ddd9f-79c7-4190-a797-b51d3b96da67,2011-07-02 01:54:10.068705922,0.0
Case32,Create Purchase Requisition,res_1fb03551-690a-4dc0-accf-65ec0c01ceff,Role 1,2011-07-02 07:55:56.166790689,58,0,res_1fb03551-690a-4dc0-accf-65ec0c01ceff,2011-07-02 07:48:14.200030689,0.0
Case4,Deliver Goods Services,res_3297ac94-204b-4466-9748-2203439519b4,Role 2,2011-07-02 09:27:10.241984086,58,2,res_3297ac94-204b-4466-9748-2203439519b4,2011-07-02 09:26:10.131130086,0.2
Case8,Create Quotation comparison Map,res_ad433e29-e1d6-463f-8041-ac16f6a1da33,Role 4,2011-07-02 13:34:19.491563922,58,0,res_ad433e29-e1d6-463f-8041-ac16f6a1da33,2011-07-02 13:18:02.879662922,0.0
Case22,Analyze Request for Quotation,res_d86ddd9f-79c7-4190-a797-b51d3b96da67,Role 4,2011-07-02 13:54:32.310315037,58,0,res_d86ddd9f-79c7-4190-a797-b51d3b96da67,2011-07-02 13:37:04.402323037,0.0
Case4,Release Purchase Order,res_9773379d-f89d-4832-bfda-e91968982280,Role 1,2011-07-02 16:18:20.740549086,57,0,res_9773379d-f89d-4832-bfda-e91968982280,2011-07-02 16:17:22.044045086,0.0
Case8,Analyze Quotation Comparison Map,res_9773379d-f89d-4832-bfda-e91968982280,Role 1,2011-07-02 20:52:55.454238922,57,0,res_9773379d-f89d-4832-bfda-e91968982280,2011-07-02 20:52:55.454238922,0.0
Case6,Deliver Goods Services,res_d2ebf689-fdbf-4b28-bdd6-66864b824b16,Role 2,2011-07-02 22:15:01.232223518,57,2,res_d2ebf689-fdbf-4b28-bdd6-66864b824b16,2011-07-02 22:14:01.146424518,0.4
Case32,Analyze Purchase Requisition,res_318fb49e-f698-45db-a950-8a16e3b2ac50,Role 3,2011-07-03 00:03:13.227433689,57,0,res_318fb49e-f698-45db-a950-8a16e3b2ac50,2011-07-03 00:00:41.858653689,0.0
Case32,Create Request for Quotation,res_12ae84dc-2013-49d5-a1c2-578825658fc5,Role 3,2011-07-03 00:31:49.165960689,57,0,res_12ae84dc-2013-49d5-a1c2-578825658fc5,2011-07-03 00:08:09.985539689,0.0
Case12,Confirm Purchase Order,res_a1e0a0a1-b1fc-40e5-bbc7-475a550099bd,Role 2,2011-07-03 02:19:49.447530482,59,0,res_a1e0a0a1-b1fc-40e5-bbc7-475a550099bd,2011-07-02 03:59:15.872998482,0.0
Case4,Approve Purchase Order for payment,res_d86ddd9f-79c7-4190-a797-b51d3b96da67,Role 4,2011-07-03 03:15:44.101324086,57,0,res_d86ddd9f-79c7-4190-a797-b51d3b96da67,2011-07-03 03:15:44.101324086,0.0
Case8,Choose best option,res_04fcb212-88f2-4592-9cf9-5bad9a85cb21,Role 1,2011-07-03 03:53:54.954838922,57,0,res_04fcb212-88f2-4592-9cf9-5bad9a85cb21,2011-07-02 20:52:55.502184922,0.0
Case6,Release Purchase Order,res_136bbc95-2887-437f-a41f-50a382be8ee8,Role 1,2011-07-03 05:14:47.050372518,57,0,res_136bbc95-2887-437f-a41f-50a382be8ee8,2011-07-03 05:13:49.254346518,0.0
Case1,Send Invoice,res_3297ac94-204b-4466-9748-2203439519b4,Role 2,2011-07-03 11:57:01.455328000,57,0,res_3297ac94-204b-4466-9748-2203439519b4,2011-07-03 11:52:53.866322000,0.2
Case8,Settle Conditions With Supplier,res_ad433e29-e1d6-463f-8041-ac16f6a1da33,Role 4,2011-07-03 14:06:43.760513922,57,1,res_ad433e29-e1d6-463f-8041-ac16f6a1da33,2011-07-03 13:56:42.426489922,0.3333333333333333
Case21,Send Request for Quotation to Supplier,res_ad433e29-e1d6-463f-8041-ac16f6a1da33,Role 4,2011-07-03 15:06:26.662482589,57,0,res_ad433e29-e1d6-463f-8041-ac16f6a1da33,2011-07-03 12:41:48.272623589,0.0
Case6,Approve Purchase Order for payment,res_319edab8-eb7f-4de4-965e-0f4c349c020f,Role 4,2011-07-03 15:56:16.149717518,58,0,res_319edab8-eb7f-4de4-965e-0f4c349c020f,2011-07-03 15:56:16.137637518,0.3333333333333333
Case33,Create Purchase Requisition,res_4bd335b9-e3f0-4209-aa4e-faab83c27374,Role 1,2011-07-03 15:58:16.042108284,58,0,res_4bd335b9-e3f0-4209-aa4e-faab83c27374,2011-07-03 15:50:57.919656284,0.0
Case17,Analyze Request for Quotation,res_d86ddd9f-79c7-4190-a797-b51d3b96da67,Role 4,2011-07-03 16:09:06.214031758,57,0,res_d86ddd9f-79c7-4190-a797-b51d3b96da67,2011-07-03 15:50:42.168528758,0.0
Case11,Confirm Purchase Order,res_a1e0a0a1-b1fc-40e5-bbc7-475a550099bd,Role 2,2011-07-03 18:05:44.686400633,57,1,res_a1e0a0a1-b1fc-40e5-bbc7-475a550099bd,2011-07-02 19:47:52.803829633,0.2
Case21,Create Quotation comparison Map,res_319edab8-eb7f-4de4-965e-0f4c349c020f,Role 4,2011-07-03 20:22:07.677404589,58,0,res_319edab8-eb7f-4de4-965e-0f4c349c020f,2011-07-03 20:05:13.831051589,0.0
Case8,Create Purchase Order,res_d86ddd9f-79c7-4190-a797-b51d3b96da67,Role 4,2011-07-03 21:10:03.377299922,58,0,res_d86ddd9f-79c7-4190-a797-b51d3b96da67,2011-07-03 20:49:10.490257922,0.0
Case4,Send Invoice,res_74fb9490-fecf-4ad0-b668-d6ef9f8af10e,Role 2,2011-07-03 23:15:29.751058086,58,0,res_74fb9490-fecf-4ad0-b668-d6ef9f8af10e,2011-07-03 23:11:08.360834086,0.0
Case34,Create Purchase Requisition,res_136bbc95-2887-437f-a41f-50a382be8ee8,Role 1,2011-07-03 23:32:06.732717356,59,0,res_136bbc95-2887-437f-a41f-50a382be8ee8,2011-07-03 23:25:07.834893356,0.0
Case1,Release Supplier's Invoice,res_1f528794-c18e-4c0b-8159-5b23ac7cee00,Role 5,2011-07-04 00:42:23.228264000,59,0,res_1f528794-c18e-4c0b-8159-5b23ac7cee00,2011-07-04 00:42:23.228264000,0.0
Case1,Authorize Supplier's Invoice payment,res_ccd55097-3d24-4e3c-a0f6-173df7f18211,Role 5,2011-07-04 00:51:49.993180000,59,0,res_ccd55097-3d24-4e3c-a0f6-173df7f18211,2011-07-04 00:42:23.279015000,0.0
Case1,Pay Invoice,res_ccd55097-3d24-4e3c-a0f6-173df7f18211,Role 5,2011-07-04 01:20:35.639219000,59,0,res_ccd55097-3d24-4e3c-a0f6-173df7f18211,2011-07-04 01:20:35.639219000,0.0
Case19,Analyze Request for Quotation,res_d86ddd9f-79c7-4190-a797-b51d3b96da67,Role 4,2011-07-04 02:29:00.912040360,58,0,res_d86ddd9f-79c7-4190-a797-b51d3b96da67,2011-07-04 02:10:36.244061360,0.0
Case21,Analyze Quotation Comparison Map,res_4bd335b9-e3f0-4209-aa4e-faab83c27374,Role 1,2011-07-04 02:53:30.810269589,58,0,res_4bd335b9-e3f0-4209-aa4e-faab83c27374,2011-07-04 02:53:30.787015589,0.0
Case33,Analyze Purchase Requisition,res_12ae84dc-2013-49d5-a1c2-578825658fc5,Role 3,2011-07-04 07:29:41.350669284,58,0,res_12ae84dc-2013-49d5-a1c2-578825658fc5,2011-07-04 07:27:18.399200284,0.0
Case33,Create Request for Quotation,res_318fb49e-f698-45db-a950-8a16e3b2ac50,Role 3,2011-07-04 07:58:06.952985284,58,0,res_318fb49e-f698-45db-a950-8a16e3b2ac50,2011-07-04 07:34:18.777461284,0.0
Case23,Analyze Request for Quotation,res_319edab8-eb7f-4de4-965e-0f4c349c020f,Role 4,2011-07-04 09:47:37.290481438,58,0,res_319edab8-eb7f-4de4-965e-0f4c349c020f,2011-07-04 09:31:48.588036438,0.0
Case21,Choose best option,res_edc8dbfd-009c-447c-9848-9a8d0b6c95fc,Role 1,2011-07-04 09:49:59.072471589,58,0,res_edc8dbfd-009c-447c-9848-9a8d0b6c95fc,2011-07-04 02:53:30.830853589,0.0
Case35,Create Purchase Requisition,res_9773379d-f89d-4832-bfda-e91968982280,Role 1,2011-07-04 10:58:04.672249328,59,0,res_9773379d-f89d-4832-bfda-e91968982280,2011-07-04 10:50:34.223845328,0.0
Case31,Analyze Request for Quotation,res_d86ddd9f-79c7-4190-a797-b51d3b96da67,Role 4,2011-07-04 11:10:09.815453968,59,0,res_d86ddd9f-79c7-4190-a797-b51d3b96da67,2011-07-04 10:54:46.240373968,0.0
Case4,Release Supplier's Invoice,res_ccd55097-3d24-4e3c-a0f6-173df7f18211,Role 5,2011-07-04 11:37:34.804406086,59,0,res_ccd55097-3d24-4e3c-a0f6-173df7f18211,2011-07-04 11:37:34.804406086,0.0
Case4,Authorize Supplier's Invoice payment,res_ccd55097-3d24-4e3c-a0f6-173df7f18211,Role 5,2011-07-04 11:45:38.303815086,59,0,res_ccd55097-3d24-4e3c-a0f6-173df7f18211,2011-07-04 11:37:34.862975086,0.0
Case4,Pay Invoice,res_1f528794-c18e-4c0b-8159-5b23ac7cee00,Role 5,2011-07-04 12:13:38.870477086,59,0,res_1f528794-c18e-4c0b-8159-5b23ac7cee00,2011-07-04 12:13:38.870477086,0.0
Case31,Amend Request for Quotation,res_04fcb212-88f2-4592-9cf9-5bad9a85cb21,Role 1,2011-07-04 12:26:39.074961968,59,0,res_04fcb212-88f2-4592-9cf9-5bad9a85cb21,2011-07-04 12:00:17.789921968,0.0
Case24,Analyze Request for Quotation,res_d86ddd9f-79c7-4190-a797-b51d3b96da67,Role 4,2011-07-04 13:11:44.556325420,58,0,res_d86ddd9f-79c7-4190-a797-b51d3b96da67,2011-07-04 12:57:01.656936420,0.0
Case12,Deliver Goods Services,res_a1e0a0a1-b1fc-40e5-bbc7-475a550099bd,Role 2,2011-07-04 13:59:14.678064482,58,2,res_a1e0a0a1-b1fc-40e5-bbc7-475a550099bd,2011-07-04 13:58:14.368503482,0.2
Case34,Analyze Purchase Requisition,res_318fb49e-f698-45db-a950-8a16e3b2ac50,Role 3,2011-07-04 15:28:40.612105356,58,0,res_318fb49e-f698-45db-a950-8a16e3b2ac50,2011-07-04 15:26:14.100974356,0.0
Case21,Settle Conditions With Supplier,res_d86ddd9f-79c7-4190-a797-b51d3b96da67,Role 4,2011-07-04 15:53:47.887496589,58,1,res_d86ddd9f-79c7-4190-a797-b51d3b96da67,2011-07-04 15:43:51.625472589,0.3333333333333333
Case34,Create Request for Quotation,res_318fb49e-f698-45db-a950-8a16e3b2ac50,Role 3,2011-07-04 15:56:00.723942356,58,0,res_318fb49e-f698-45db-a950-8a16e3b2ac50,2011-07-04 15:33:37.638252356,0.0
Case35,Create Request for Quotation,res_318fb49e-f698-45db-a950-8a16e3b2ac50,Role 3,2011-07-04 16:25:51.227179328,58,0,res_318fb49e-f698-45db-a950-8a16e3b2ac50,2011-07-04 16:03:15.873945328,0.0
Case6,Send Invoice,res_3297ac94-204b-4466-9748-2203439519b4,Role 2,2011-07-04 16:50:47.420058518,58,0,res_3297ac94-204b-4466-9748-2203439519b4,2011-07-04 16:47:02.658827518,0.2
Case25,Analyze Request for Quotation,res_319edab8-eb7f-4de4-965e-0f4c349c020f,Role 4,2011-07-04 18:50:57.593975891,58,0,res_319edab8-eb7f-4de4-965e-0f4c349c020f,2011-07-04 18:36:24.636923891,0.6666666666666666
Case17,Send Request for Quotation to Supplier,res_319edab8-eb7f-4de4-965e-0f4c349c020f,Role 4,2011-07-04 19:28:55.141472758,58,0,res_319edab8-eb7f-4de4-965e-0f4c349c020f,2011-07-04 15:42:50.713560758,0.0
Case16,Analyze Request for Quotation,res_319edab8-eb7f-4de4-965e-0f4c349c020f,Role 4,2011-07-04 20:12:39.587059475,58,0,res_319edab8-eb7f-4de4-965e-0f4c349c020f,2011-07-04 19:56:48.109103475,0.3333333333333333
Case32,Analyze Request for Quotation,res_ad433e29-e1d6-463f-8041-ac16f6a1da33,Role 4,2011-07-04 20:51:40.943051689,58,0,res_ad433e29-e1d6-463f-8041-ac16f6a1da33,2011-07-04 20:35:46.522033689,0.3333333333333333
Case12,Release Purchase Order,res_136bbc95-2887-437f-a41f-50a382be8ee8,Role 1,2011-07-04 21:00:28.687689482,58,0,res_136bbc95-2887-437f-a41f-50a382be8ee8,2011-07-04 20:59:30.180210482,0.0
Case29,Analyze Request for Quotation,res_ad433e29-e1d6-463f-8041-ac16f6a1da33,Role 4,2011-07-04 21:00:53.631355121,58,1,res_ad433e29-e1d6-463f-8041-ac16f6a1da33,2011-07-04 20:46:01.513753121,0.6666666666666666
Case27,Analyze Request for Quotation,res_319edab8-eb7f-4de4-965e-0f4c349c020f,Role 4,2011-07-04 21:31:24.091367413,58,0,res_319edab8-eb7f-4de4-965e-0f4c349c020f,2011-07-04 21:15:22.721750413,0.3333333333333333
Case19,Send Request for Quotation to Supplier,res_ad433e29-e1d6-463f-8041-ac16f6a1da33,Role 4,2011-07-04 21:40:11.684589360,58,1,res_ad433e29-e1d6-463f-8041-ac16f6a1da33,2011-07-04 18:05:35.848678360,0.3333333333333333
Case32,Amend Request for Quotation,res_1fb03551-690a-4dc0-accf-65ec0c01ceff,Role 1,2011-07-04 22:06:00.561497689,58,0,res_1fb03551-690a-4dc0-accf-65ec0c01ceff,2011-07-04 21:42:03.873520689,0.0
Case21,Create Purchase Order,res_319edab8-eb7f-4de4-965e-0f4c349c020f,Role 4,2011-07-04 22:19:56.304926589,58,0,res_319edab8-eb7f-4de4-965e-0f4c349c020f,2011-07-04 21:58:00.420517589,0.0
Case27,Amend Request for Quotation,res_edc8dbfd-009c-447c-9848-9a8d0b6c95fc,Role 1,2011-07-04 22:46:20.920469413,58,0,res_edc8dbfd-009c-447c-9848-9a8d0b6c95fc,2011-07-04 22:22:36.886444413,0.0
Case11,Deliver Goods Services,res_3297ac94-204b-4466-9748-2203439519b4,Role 2,2011-07-04 23:59:02.900987633,58,2,res_3297ac94-204b-4466-9748-2203439519b4,2011-07-04 23:58:02.749265633,0.2
Case17,Create Quotation comparison Map,res_d86ddd9f-79c7-4190-a797-b51d3b96da67,Role 4,2011-07-05 00:23:12.317915758,58,0,res_d86ddd9f-79c7-4190-a797-b51d3b96da67,2011-07-05 00:05:37.392842758,0.0
Case19,Create Quotation comparison Map,res_d86ddd9f-79c7-4190-a797-b51d3b96da67,Role 4,2011-07-05 01:43:18.084597360,58,0,res_d86ddd9f-79c7-4190-a797-b51d3b96da67,2011-07-05 01:27:31.862356360,0.0
Case26,Analyze Request for Quotation,res_319edab8-eb7f-4de4-965e-0f4c349c020f,Role 4,2011-07-05 02:29:46.585973408,58,0,res_319edab8-eb7f-4de4-965e-0f4c349c020f,2011-07-05 02:14:00.847799408,0.0
Case6,Release Supplier's Invoice,res_ccd55097-3d24-4e3c-a0f6-173df7f18211,Role 5,2011-07-05 05:24:43.793887518,58,0,res_ccd55097-3d24-4e3c-a0f6-173df7f18211,2011-07-05 05:24:43.793887518,0.0
Case6,Authorize Supplier's Invoice payment,res_ccd55097-3d24-4e3c-a0f6-173df7f18211,Role 5,2011-07-05 05:32:07.686683518,58,0,res_ccd55097-3d24-4e3c-a0f6-173df7f18211,2011-07-05 05:24:43.836397518,0.0
Case6,Pay Invoice,res_ccd55097-3d24-4e3c-a0f6-173df7f18211,Role 5,2011-07-05 06:01:21.488790518,58,0,res_ccd55097-3d24-4e3c-a0f6-173df7f18211,2011-07-05 06:01:21.488790518,0.0
Case17,Analyze Quotation Comparison Map,res_3b20902b-7665-4f1a-a001-f40b6e13b8e4,Role 1,2011-07-05 06:55:06.332712758,57,0,res_3b20902b-7665-4f1a-a001-f40b6e13b8e4,2011-07-05 06:55:06.332193758,0.0
Case11,Release Purchase Order,res_cc8c270f-a566-4350-8a82-77163daf2877,Role 1,2011-07-05 06:56:13.504465633,57,0,res_cc8c270f-a566-4350-8a82-77163daf2877,2011-07-05 06:55:14.990005633,0.07142857142857142
Case19,Analyze Quotation Comparison Map,res_04fcb212-88f2-4592-9cf9-5bad9a85cb21,Role 1,2011-07-05 07:59:46.120202360,57,0,res_04fcb212-88f2-4592-9cf9-5bad9a85cb21,2011-07-05 07:59:46.120202360,0.07142857142857142
Case12,Approve Purchase Order for payment,res_d86ddd9f-79c7-4190-a797-b51d3b96da67,Role 4,2011-07-05 08:06:59.721261482,57,0,res_d86ddd9f-79c7-4190-a797-b51d3b96da67,2011-07-05 08:06:59.721034482,0.3333333333333333
Case30,Analyze Request for Quotation,res_d86ddd9f-79c7-4190-a797-b51d3b96da67,Role 4,2011-07-05 08:23:20.723137528,57,0,res_d86ddd9f-79c7-4190-a797-b51d3b96da67,2011-07-05 08:06:29.777098528,0.0
Case8,Confirm Purchase Order,res_d2ebf689-fdbf-4b28-bdd6-66864b824b16,Role 2,2011-07-05 11:41:36.465712922,58,0,res_d2ebf689-fdbf-4b28-bdd6-66864b824b16,2011-07-04 12:18:51.922924922,0.0
Case20,Analyze Request for Quotation,res_d86ddd9f-79c7-4190-a797-b51d3b96da67,Role 4,2011-07-05 12:09:34.617155547,57,0,res_d86ddd9f-79c7-4190-a797-b51d3b96da67,2011-07-05 11:52:45.492486547,0.0
Case17,Choose best option,res_edc8dbfd-009c-447c-9848-9a8d0b6c95fc,Role 1,2011-07-05 13:42:42.913560758,57,0,res_edc8dbfd-009c-447c-9848-9a8d0b6c95fc,2011-07-05 06:55:06.360484758,0.0
Case19,Choose best option,res_3b20902b-7665-4f1a-a001-f40b6e13b8e4,Role 1,2011-07-05 14:30:59.456257360,57,1,res_3b20902b-7665-4f1a-a001-f40b6e13b8e4,2011-07-05 07:59:46.154129360,0.07142857142857142
Case11,Approve Purchase Order for payment,res_319edab8-eb7f-4de4-965e-0f4c349c020f,Role 4,2011-07-05 17:17:49.554026633,56,0,res_319edab8-eb7f-4de4-965e-0f4c349c020f,2011-07-05 17:17:49.554026633,1.0
Case23,Send Request for Quotation to Supplier,res_319edab8-eb7f-4de4-965e-0f4c349c020f,Role 4,2011-07-05 17:25:00.876055438,56,0,res_319edab8-eb7f-4de4-965e-0f4c349c020f,2011-07-05 14:23:49.675681438,0.0
Case33,Analyze Request for Quotation,res_d86ddd9f-79c7-4190-a797-b51d3b96da67,Role 4,2011-07-05 17:31:19.147917284,56,0,res_d86ddd9f-79c7-4190-a797-b51d3b96da67,2011-07-05 17:17:30.328114284,0.6666666666666666
Case24,Send Request for Quotation to Supplier,res_ad433e29-e1d6-463f-8041-ac16f6a1da33,Role 4,2011-07-05 18:14:22.972420420,56,1,res_ad433e29-e1d6-463f-8041-ac16f6a1da33,2011-07-05 15:15:49.289579420,0.3333333333333333
Case36,Create Purchase Requisition,res_0b9cf306-e11d-4cfb-b0e0-b2b7e6918c5d,Role 1,2011-07-05 21:19:55.926610743,57,0,res_0b9cf306-e11d-4cfb-b0e0-b2b7e6918c5d,2011-07-05 21:13:04.151480743,0.0
Case17,Settle Conditions With Supplier,res_d86ddd9f-79c7-4190-a797-b51d3b96da67,Role 4,2011-07-05 21:55:13.557857758,57,1,res_d86ddd9f-79c7-4190-a797-b51d3b96da67,2011-07-05 21:45:12.699273758,0.3333333333333333
Case23,Create Quotation comparison Map,res_ad433e29-e1d6-463f-8041-ac16f6a1da33,Role 4,2011-07-05 22:29:23.345766438,57,0,res_ad433e29-e1d6-463f-8041-ac16f6a1da33,2011-07-05 22:10:06.531950438,0.3333333333333333
Case24,Create Quotation comparison Map,res_d86ddd9f-79c7-4190-a797-b51d3b96da67,Role 4,2011-07-05 22:36:05.307314420,57,1,res_d86ddd9f-79c7-4190-a797-b51d3b96da67,2011-07-05 22:18:51.040193420,0.6666666666666666
Case16,Send Request for Quotation to Supplier,res_ad433e29-e1d6-463f-8041-ac16f6a1da33,Role 4,2011-07-05 23:46:33.147709475,56,0,res_ad433e29-e1d6-463f-8041-ac16f6a1da33,2011-07-05 19:44:08.532589475,0.0
Case19,Settle Conditions With Supplier,res_ad433e29-e1d6-463f-8041-ac16f6a1da33,Role 4,2011-07-05 23:54:45.586307360,57,1,res_ad433e29-e1d6-463f-8041-ac16f6a1da33,2011-07-05 23:44:41.541495360,0.3333333333333333
Case12,Send Invoice,res_d2ebf689-fdbf-4b28-bdd6-66864b824b16,Role 2,2011-07-05 23:55:13.425493482,57,0,res_d2ebf689-fdbf-4b28-bdd6-66864b824b16,2011-07-05 23:51:01.241792482,0.2
Case31,Analyze Request for Quotation,res_ad433e29-e1d6-463f-8041-ac16f6a1da33,Role 4,2011-07-06 00:26:55.470633968,57,0,res_ad433e29-e1d6-463f-8041-ac16f6a1da33,2011-07-06 00:07:56.274912968,0.0
Case32,Analyze Request for Quotation,res_319edab8-eb7f-4de4-965e-0f4c349c020f,Role 4,2011-07-06 01:56:42.915404689,57,0,res_319edab8-eb7f-4de4-965e-0f4c349c020f,2011-07-06 01:39:14.832342689,0.0
Case37,Create Purchase Requisition,res_ab15a275-1103-4c19-928b-ef4356a53bb9,Role 1,2011-07-06 03:21:03.284687243,57,0,res_ab15a275-1103-4c19-928b-ef4356a53bb9,2011-07-06 03:13:48.564554243,0.0
Case36,Create Request for Quotation,res_0a189e9f-2074-4f90-8b4c-25a7238139fe,Role 3,2011-07-06 03:39:01.541550743,57,0,res_0a189e9f-2074-4f90-8b4c-25a7238139fe,2011-07-06 03:19:07.294466743,0.0
Case16,Create Quotation comparison Map,res_d86ddd9f-79c7-4190-a797-b51d3b96da67,Role 4,2011-07-06 04:31:55.193695475,57,0,res_d86ddd9f-79c7-4190-a797-b51d3b96da67,2011-07-06 04:16:41.507451475,0.6666666666666666
Case23,Analyze Quotation Comparison Map,res_edc8dbfd-009c-447c-9848-9a8d0b6c95fc,Role 1,2011-07-06 04:36:49.434113438,57,0,res_edc8dbfd-009c-447c-9848-9a8d0b6c95fc,2011-07-06 04:36:49.428163438,0.0
Case24,Analyze Quotation Comparison Map,res_04fcb212-88f2-4592-9cf9-5bad9a85cb21,Role 1,2011-07-06 04:43:11.095125420,57,0,res_04fcb212-88f2-4592-9cf9-5bad9a85cb21,2011-07-06 04:43:11.088202420,0.07142857142857142
Case25,Send Request for Quotation to Supplier,res_d86ddd9f-79c7-4190-a797-b51d3b96da67,Role 4,2011-07-06 04:57:44.076619891,56,0,res_d86ddd9f-79c7-4190-a797-b51d3b96da67,2011-07-06 01:57:44.276990891,0.0
Case38,Create Purchase Requisition,res_136bbc95-2887-437f-a41f-50a382be8ee8,Role 1,2011-07-06 05:09:49.657301635,58,0,res_136bbc95-2887-437f-a41f-50a382be8ee8,2011-07-06 05:02:28.943992635,0.14285714285714285
Case26,Send Request for Quotation to Supplier,res_319edab8-eb7f-4de4-965e-0f4c349c020f,Role 4,2011-07-06 05:46:15.345341408,56,1,res_319edab8-eb7f-4de4-965e-0f4c349c020f,2011-07-06 02:37:32.648203408,0.3333333333333333
Case39,Create Purchase Requisition,res_8b540399-35ed-473f-aa75-4e967a7c2b18,Role 1,2011-07-06 06:04:19.428768715,59,0,res_8b540399-35ed-473f-aa75-4e967a7c2b18,2011-07-06 05:56:54.645020715,0.14285714285714285
Case17,Create Purchase Order,res_319edab8-eb7f-4de4-965e-0f4c349c020f,Role 4,2011-07-06 07:01:36.341323758,59,0,res_319edab8-eb7f-4de4-965e-0f4c349c020f,2011-07-06 06:43:50.395835758,0.0
Case34,Analyze Request for Quotation,res_319edab8-eb7f-4de4-965e-0f4c349c020f,Role 4,2011-07-06 07:05:57.990618356,59,0,res_319edab8-eb7f-4de4-965e-0f4c349c020f,2011-07-06 06:48:59.425304356,0.3333333333333333
Case28,Analyze Request for Quotation,res_ad433e29-e1d6-463f-8041-ac16f6a1da33,Role 4,2011-07-06 07:12:27.325818198,59,1,res_ad433e29-e1d6-463f-8041-ac16f6a1da33,2011-07-06 06:55:19.587820198,0.6666666666666666
Case34,Amend Request for Quotation,res_3b20902b-7665-4f1a-a001-f40b6e13b8e4,Role 1,2011-07-06 08:19:39.082992356,58,0,res_3b20902b-7665-4f1a-a001-f40b6e13b8e4,2011-07-06 07:55:36.315828356,0.14285714285714285
Case19,Create Purchase Order,res_ad433e29-e1d6-463f-8041-ac16f6a1da33,Role 4,2011-07-06 09:12:17.929571360,58,0,res_ad433e29-e1d6-463f-8041-ac16f6a1da33,2011-07-06 08:53:59.478992360,0.0
Case25,Create Quotation comparison Map,res_ad433e29-e1d6-463f-8041-ac16f6a1da33,Role 4,2011-07-06 10:38:58.916820891,58,0,res_ad433e29-e1d6-463f-8041-ac16f6a1da33,2011-07-06 10:23:24.093358891,0.0
Case39,Create Request for Quotation,res_12ae84dc-2013-49d5-a1c2-578825658fc5,Role 3,2011-07-06 11:01:36.145065715,58,1,res_12ae84dc-2013-49d5-a1c2-578825658fc5,2011-07-06 10:47:16.865047715,0.3333333333333333
Case37,Create Request for Quotation,res_318fb49e-f698-45db-a950-8a16e3b2ac50,Role 3,2011-07-06 11:02:14.495547243,58,0,res_318fb49e-f698-45db-a950-8a16e3b2ac50,2011-07-06 10:41:50.029674243,0.0
Case16,Analyze Quotation Comparison Map,res_8b540399-35ed-473f-aa75-4e967a7c2b18,Role 1,2011-07-06 11:47:13.181116475,58,0,res_8b540399-35ed-473f-aa75-4e967a7c2b18,2011-07-06 11:47:13.180318475,0.14285714285714285
Case26,Create Quotation comparison Map,res_d86ddd9f-79c7-4190-a797-b51d3b96da67,Role 4,2011-07-06 11:47:27.908505408,58,0,res_d86ddd9f-79c7-4190-a797-b51d3b96da67,2011-07-06 11:32:00.217571408,0.0
Case24,Choose best option,res_8b540399-35ed-473f-aa75-4e967a7c2b18,Role 1,2011-07-06 12:08:10.471544420,57,1,res_8b540399-35ed-473f-aa75-4e967a7c2b18,2011-07-06 04:43:11.109512420,0.07142857142857142
Case12,Release Supplier's Invoice,res_1f528794-c18e-4c0b-8159-5b23ac7cee00,Role 5,2011-07-06 12:14:24.888210482,58,0,res_1f528794-c18e-4c0b-8159-5b23ac7cee00,2011-07-06 12:14:24.888210482,0.0
Case23,Choose best option,res_edc8dbfd-009c-447c-9848-9a8d0b6c95fc,Role 1,2011-07-06 12:20:45.904449438,57,0,res_edc8dbfd-009c-447c-9848-9a8d0b6c95fc,2011-07-06 04:36:49.453901438,0.0
Case12,Authorize Supplier's Invoice payment,res_ccd55097-3d24-4e3c-a0f6-173df7f18211,Role 5,2011-07-06 12:22:33.850197482,58,0,res_ccd55097-3d24-4e3c-a0f6-173df7f18211,2011-07-06 12:14:24.972300482,0.0
Case12,Pay Invoice,res_ccd55097-3d24-4e3c-a0f6-173df7f18211,Role 5,2011-07-06 12:51:37.398661482,58,0,res_ccd55097-3d24-4e3c-a0f6-173df7f18211,2011-07-06 12:51:37.398661482,0.0
Case35,Analyze Request for Quotation,res_d86ddd9f-79c7-4190-a797-b51d3b96da67,Role 4,2011-07-06 13:31:15.732206328,57,0,res_d86ddd9f-79c7-4190-a797-b51d3b96da67,2011-07-06 13:14:16.209180328,0.3333333333333333
Case21,Confirm Purchase Order,res_74fb9490-fecf-4ad0-b668-d6ef9f8af10e,Role 2,2011-07-06 13:36:38.970034589,56,0,res_74fb9490-fecf-4ad0-b668-d6ef9f8af10e,2011-07-05 14:57:46.705883589,0.0
Case11,Send Invoice,res_d2ebf689-fdbf-4b28-bdd6-66864b824b16,Role 2,2011-07-06 13:46:22.658359633,57,0,res_d2ebf689-fdbf-4b28-bdd6-66864b824b16,2011-07-06 13:42:20.469391633,0.0
Case35,Amend Request for Quotation,res_349907e7-8968-4ad0-8af7-bbf3079b5952,Role 1,2011-07-06 14:47:34.938731328,57,0,res_349907e7-8968-4ad0-8af7-bbf3079b5952,2011-07-06 14:23:32.223888328,0.07142857142857142
Case27,Analyze Request for Quotation,res_319edab8-eb7f-4de4-965e-0f4c349c020f,Role 4,2011-07-06 14:55:25.320841413,57,0,res_319edab8-eb7f-4de4-965e-0f4c349c020f,2011-07-06 14:41:19.709728413,0.6666666666666666
Case8,Deliver Goods Services,res_3297ac94-204b-4466-9748-2203439519b4,Role 2,2011-07-06 16:43:10.756421922,56,2,res_3297ac94-204b-4466-9748-2203439519b4,2011-07-06 16:42:10.569814922,0.0
Case29,Send Request for Quotation to Supplier,res_d86ddd9f-79c7-4190-a797-b51d3b96da67,Role 4,2011-07-06 16:46:27.536641121,57,0,res_d86ddd9f-79c7-4190-a797-b51d3b96da67,2011-07-06 13:10:59.341860121,0.0
Case25,Analyze Quotation Comparison Map,res_c19b4421-dc3f-44f8-90c2-1727cfadff3d,Role 1,2011-07-06 16:58:07.930201891,56,0,res_c19b4421-dc3f-44f8-90c2-1727cfadff3d,2011-07-06 16:58:07.929375891,0.07142857142857142
Case30,Send Request for Quotation to Supplier,res_319edab8-eb7f-4de4-965e-0f4c349c020f,Role 4,2011-07-06 17:30:25.299221528,57,1,res_319edab8-eb7f-4de4-965e-0f4c349c020f,2011-07-06 14:22:31.857421528,0.3333333333333333
Case26,Analyze Quotation Comparison Map,res_3e314b03-d6a4-421d-86db-867ce5ab7223,Role 1,2011-07-06 17:45:28.440823408,56,0,res_3e314b03-d6a4-421d-86db-867ce5ab7223,2011-07-06 17:45:28.440823408,0.14285714285714285
Case16,Choose best option,res_cc8c270f-a566-4350-8a82-77163daf2877,Role 1,2011-07-06 18:29:16.585406475,58,2,res_cc8c270f-a566-4350-8a82-77163daf2877,2011-07-06 11:47:13.218859475,0.14285714285714285
Case24,Settle Conditions With Supplier,res_319edab8-eb7f-4de4-965e-0f4c349c020f,Role 4,2011-07-06 19:56:26.491604420,56,1,res_319edab8-eb7f-4de4-965e-0f4c349c020f,2011-07-06 19:46:46.568279420,0.0
Case23,Settle Conditions With Supplier,res_ad433e29-e1d6-463f-8041-ac16f6a1da33,Role 4,2011-07-06 20:20:29.520485438,56,1,res_ad433e29-e1d6-463f-8041-ac16f6a1da33,2011-07-06 20:10:40.755560438,0.0
Case38,Analyze Purchase Requisition,res_12ae84dc-2013-49d5-a1c2-578825658fc5,Role 3,2011-07-06 20:43:54.342330635,56,0,res_12ae84dc-2013-49d5-a1c2-578825658fc5,2011-07-06 20:41:34.551454635,0.0
Case38,Create Request for Quotation,res_12ae84dc-2013-49d5-a1c2-578825658fc5,Role 3,2011-07-06 21:12:58.928739635,56,0,res_12ae84dc-2013-49d5-a1c2-578825658fc5,2011-07-06 20:49:19.480800635,0.0
Case29,Create Quotation comparison Map,res_ad433e29-e1d6-463f-8041-ac16f6a1da33,Role 4,2011-07-06 22:30:59.609543121,56,0,res_ad433e29-e1d6-463f-8041-ac16f6a1da33,2011-07-06 22:12:27.391898121,0.3333333333333333
Case8,Release Purchase Order,res_ab15a275-1103-4c19-928b-ef4356a53bb9,Role 1,2011-07-06 23:32:20.799690922,56,0,res_ab15a275-1103-4c19-928b-ef4356a53bb9,2011-07-06 23:31:22.811865922,0.14285714285714285
Case30,Create Quotation comparison Map,res_d86ddd9f-79c7-4190-a797-b51d3b96da67,Role 4,2011-07-06 23:33:34.804207528,56,0,res_d86ddd9f-79c7-4190-a797-b51d3b96da67,2011-07-06 23:14:59.383752528,0.3333333333333333
Case25,Choose best option,res_0b9cf306-e11d-4cfb-b0e0-b2b7e6918c5d,Role 1,2011-07-06 23:42:25.004737891,56,1,res_0b9cf306-e11d-4cfb-b0e0-b2b7e6918c5d,2011-07-06 16:58:07.967892891,0.07142857142857142
Case26,Choose best option,res_9773379d-f89d-4832-bfda-e91968982280,Role 1,2011-07-07 00:18:05.698068408,56,2,res_9773379d-f89d-4832-bfda-e91968982280,2011-07-06 17:45:28.474735408,0.14285714285714285
Case33,Send Request for Quotation to Supplier,res_ad433e29-e1d6-463f-8041-ac16f6a1da33,Role 4,2011-07-07 01:16:40.888227284,56,0,res_ad433e29-e1d6-463f-8041-ac16f6a1da33,2011-07-06 21:12:31.540457284,0.0
Case11,Release Supplier's Invoice,res_ccd55097-3d24-4e3c-a0f6-173df7f18211,Role 5,2011-07-07 02:43:33.865887633,56,0,res_ccd55097-3d24-4e3c-a0f6-173df7f18211,2011-07-07 02:43:33.865887633,0.0
Case11,Authorize Supplier's Invoice payment,res_1f528794-c18e-4c0b-8159-5b23ac7cee00,Role 5,2011-07-07 02:52:48.612919633,56,0,res_1f528794-c18e-4c0b-8159-5b23ac7cee00,2011-07-07 02:43:33.925905633,0.0
Case11,Pay Invoice,res_1f528794-c18e-4c0b-8159-5b23ac7cee00,Role 5,2011-07-07 03:23:36.880358633,56,0,res_1f528794-c18e-4c0b-8159-5b23ac7cee00,2011-07-07 03:23:36.880358633,0.0
Case29,Analyze Quotation Comparison Map,res_3e314b03-d6a4-421d-86db-867ce5ab7223,Role 1,2011-07-07 05:04:24.353241121,56,0,res_3e314b03-d6a4-421d-86db-867ce5ab7223,2011-07-07 05:04:24.353241121,0.07142857142857142
Case40,Create Purchase Requisition,res_0b9cf306-e11d-4cfb-b0e0-b2b7e6918c5d,Role 1,2011-07-07 05:06:58.612821582,56,0,res_0b9cf306-e11d-4cfb-b0e0-b2b7e6918c5d,2011-07-07 04:59:24.854012582,0.0
Case31,Send Request for Quotation to Supplier,res_d86ddd9f-79c7-4190-a797-b51d3b96da67,Role 4,2011-07-07 05:15:06.774725968,56,1,res_d86ddd9f-79c7-4190-a797-b51d3b96da67,2011-07-07 01:09:54.461476968,0.3333333333333333
Case30,Analyze Quotation Comparison Map,res_349907e7-8968-4ad0-8af7-bbf3079b5952,Role 1,2011-07-07 05:47:45.583195528,56,0,res_349907e7-8968-4ad0-8af7-bbf3079b5952,2011-07-07 05:47:45.579883528,0.07142857142857142
Case24,Create Purchase Order,res_319edab8-eb7f-4de4-965e-0f4c349c020f,Role 4,2011-07-07 05:58:39.924198420,56,0,res_319edab8-eb7f-4de4-965e-0f4c349c020f,2011-07-07 05:35:39.855038420,0.0
Case23,Create Purchase Order,res_d86ddd9f-79c7-4190-a797-b51d3b96da67,Role 4,2011-07-07 06:00:04.577626438,56,1,res_d86ddd9f-79c7-4190-a797-b51d3b96da67,2011-07-07 05:37:03.140650438,0.3333333333333333
Case16,Settle Conditions With Supplier,res_d86ddd9f-79c7-4190-a797-b51d3b96da67,Role 4,2011-07-07 06:00:18.343932475,56,1,res_d86ddd9f-79c7-4190-a797-b51d3b96da67,2011-07-07 05:50:14.131474475,0.6666666666666666
Case33,Create Quotation comparison Map,res_319edab8-eb7f-4de4-965e-0f4c349c020f,Role 4,2011-07-07 07:08:25.480566284,56,0,res_319edab8-eb7f-4de4-965e-0f4c349c020f,2011-07-07 06:48:26.031769284,0.0
Case25,Settle Conditions With Supplier,res_319edab8-eb7f-4de4-965e-0f4c349c020f,Role 4,2011-07-07 09:46:37.933537891,56,1,res_319edab8-eb7f-4de4-965e-0f4c349c020f,2011-07-07 09:36:41.689739891,0.0
Case40,Create Request for Quotation,res_0a189e9f-2074-4f90-8b4c-25a7238139fe,Role 3,2011-07-07 10:02:50.339821582,56,0,res_0a189e9f-2074-4f90-8b4c-25a7238139fe,2011-07-07 09:42:33.784333582,0.0
Case41,Create Purchase Requisition,res_c19b4421-dc3f-44f8-90c2-1727cfadff3d,Role 1,2011-07-07 10:04:11.002832431,57,0,res_c19b4421-dc3f-44f8-90c2-1727cfadff3d,2011-07-07 09:56:25.420776431,0.14285714285714285
Case26,Settle Conditions With Supplier,res_319edab8-eb7f-4de4-965e-0f4c349c020f,Role 4,2011-07-07 10:26:51.677400408,57,1,res_319edab8-eb7f-4de4-965e-0f4c349c020f,2011-07-07 10:17:06.985343408,0.0
Case8,Approve Purchase Order for payment,res_ad433e29-e1d6-463f-8041-ac16f6a1da33,Role 4,2011-07-07 12:43:15.928482922,57,0,res_ad433e29-e1d6-463f-8041-ac16f6a1da33,2011-07-07 12:43:15.928482922,0.0
Case29,Choose best option,res_9773379d-f89d-4832-bfda-e91968982280,Role 1,2011-07-07 12:47:55.470240121,56,0,res_9773379d-f89d-4832-bfda-e91968982280,2011-07-07 05:04:24.387882121,0.07142857142857142
Case30,Choose best option,res_8b540399-35ed-473f-aa75-4e967a7c2b18,Role 1,2011-07-07 13:05:44.186507528,56,1,res_8b540399-35ed-473f-aa75-4e967a7c2b18,2011-07-07 05:47:45.593015528,0.07142857142857142
Case33,Analyze Quotation Comparison Map,res_ab15a275-1103-4c19-928b-ef4356a53bb9,Role 1,2011-07-07 13:13:37.324484284,57,0,res_ab15a275-1103-4c19-928b-ef4356a53bb9,2011-07-07 13:13:37.324484284,0.0
Case31,Create Quotation comparison Map,res_ad433e29-e1d6-463f-8041-ac16f6a1da33,Role 4,2011-07-07 13:17:15.778290968,57,0,res_ad433e29-e1d6-463f-8041-ac16f6a1da33,2011-07-07 12:59:54.031090968,0.0
Case41,Create Request for Quotation,res_318fb49e-f698-45db-a950-8a16e3b2ac50,Role 3,2011-07-07 15:44:55.019057431,57,0,res_318fb49e-f698-45db-a950-8a16e3b2ac50,2011-07-07 15:25:22.476916431,0.0
Case42,Create Purchase Requisition,res_cc8c270f-a566-4350-8a82-77163daf2877,Role 1,2011-07-07 16:01:21.951630251,58,0,res_cc8c270f-a566-4350-8a82-77163daf2877,2011-07-07 15:53:52.428786251,0.07142857142857142
Case17,Confirm Purchase Order,res_74fb9490-fecf-4ad0-b668-d6ef9f8af10e,Role 2,2011-07-07 17:18:41.298123758,56,0,res_74fb9490-fecf-4ad0-b668-d6ef9f8af10e,2011-07-06 19:19:16.492608758,0.0
Case16,Create Purchase Order,res_319edab8-eb7f-4de4-965e-0f4c349c020f,Role 4,2011-07-07 18:45:03.173763475,58,0,res_319edab8-eb7f-4de4-965e-0f4c349c020f,2011-07-07 18:26:03.005514475,0.0
Case31,Analyze Quotation Comparison Map,res_349907e7-8968-4ad0-8af7-bbf3079b5952,Role 1,2011-07-07 19:38:20.551023968,58,0,res_349907e7-8968-4ad0-8af7-bbf3079b5952,2011-07-07 19:38:20.551023968,0.07142857142857142
Case43,Create Purchase Requisition,res_c19b4421-dc3f-44f8-90c2-1727cfadff3d,Role 1,2011-07-07 20:17:00.423802311,59,0,res_c19b4421-dc3f-44f8-90c2-1727cfadff3d,2011-07-07 20:09:52.947675311,0.14285714285714285
Case21,Deliver Goods Services,res_d2ebf689-fdbf-4b28-bdd6-66864b824b16,Role 2,2011-07-07 20:39:19.484503589,59,2,res_d2ebf689-fdbf-4b28-bdd6-66864b824b16,2011-07-07 20:38:19.395587589,0.2
Case29,Settle Conditions With Supplier,res_d86ddd9f-79c7-4190-a797-b51d3b96da67,Role 4,2011-07-07 20:45:07.536366121,59,1,res_d86ddd9f-79c7-4190-a797-b51d3b96da67,2011-07-07 20:35:14.444231121,0.0
Case30,Settle Conditions With Supplier,res_d86ddd9f-79c7-4190-a797-b51d3b96da67,Role 4,2011-07-07 20:47:47.536578528,59,2,res_d86ddd9f-79c7-4190-a797-b51d3b96da67,2011-07-07 20:38:02.206858528,0.3333333333333333
Case19,Confirm Purchase Order,res_74fb9490-fecf-4ad0-b668-d6ef9f8af10e,Role 2,2011-07-07 21:10:14.357002360,56,1,res_74fb9490-fecf-4ad0-b668-d6ef9f8af10e,2011-07-06 22:34:38.501282360,0.2
Case35,Analyze Request for Quotation,res_ad433e29-e1d6-463f-8041-ac16f6a1da33,Role 4,2011-07-07 21:22:24.770628328,59,0,res_ad433e29-e1d6-463f-8041-ac16f6a1da33,2011-07-07 21:02:53.074839328,0.0
Case36,Analyze Request for Quotation,res_ad433e29-e1d6-463f-8041-ac16f6a1da33,Role 4,2011-07-07 21:32:25.798425743,59,1,res_ad433e29-e1d6-463f-8041-ac16f6a1da33,2011-07-07 21:15:17.931407743,0.3333333333333333
Case25,Create Purchase Order,res_d86ddd9f-79c7-4190-a797-b51d3b96da67,Role 4,2011-07-07 21:40:17.150674891,59,0,res_d86ddd9f-79c7-4190-a797-b51d3b96da67,2011-07-07 21:18:11.349111891,0.6666666666666666
Case33,Choose best option,res_1fb03551-690a-4dc0-accf-65ec0c01ceff,Role 1,2011-07-07 22:41:09.107030284,57,0,res_1fb03551-690a-4dc0-accf-65ec0c01ceff,2011-07-07 13:13:37.356608284,0.0
Case35,Amend Request for Quotation,res_cc8c270f-a566-4350-8a82-77163daf2877,Role 1,2011-07-07 22:42:52.575946328,59,0,res_cc8c270f-a566-4350-8a82-77163daf2877,2011-07-07 22:18:00.935524328,0.14285714285714285
Case36,Amend Request for Quotation,res_136bbc95-2887-437f-a41f-50a382be8ee8,Role 1,2011-07-07 22:47:33.382975743,59,1,res_136bbc95-2887-437f-a41f-50a382be8ee8,2011-07-07 22:23:24.041414743,0.21428571428571427
Case44,Create Purchase Requisition,res_3b20902b-7665-4f1a-a001-f40b6e13b8e4,Role 1,2011-07-07 22:53:36.003446389,60,0,res_3b20902b-7665-4f1a-a001-f40b6e13b8e4,2011-07-07 22:46:30.230351389,0.14285714285714285
Case26,Create Purchase Order,res_d86ddd9f-79c7-4190-a797-b51d3b96da67,Role 4,2011-07-07 23:20:14.295137408,60,0,res_d86ddd9f-79c7-4190-a797-b51d3b96da67,2011-07-07 22:57:12.899030408,0.0
Case34,Analyze Request for Quotation,res_ad433e29-e1d6-463f-8041-ac16f6a1da33,Role 4,2011-07-07 23:40:57.830447356,60,0,res_ad433e29-e1d6-463f-8041-ac16f6a1da33,2011-07-07 23:23:02.596536356,0.0
Case45,Create Purchase Requisition,res_0b9cf306-e11d-4cfb-b0e0-b2b7e6918c5d,Role 1,2011-07-08 02:02:36.028995026,60,0,res_0b9cf306-e11d-4cfb-b0e0-b2b7e6918c5d,2011-07-08 01:55:16.471137026,0.07142857142857142
Case43,Create Request for Quotation,res_318fb49e-f698-45db-a950-8a16e3b2ac50,Role 3,2011-07-08 02:48:07.763942311,60,0,res_318fb49e-f698-45db-a950-8a16e3b2ac50,2011-07-08 02:29:45.630581311,0.0
Case46,Create Purchase Requisition,res_9773379d-f89d-4832-bfda-e91968982280,Role 1,2011-07-08 03:02:11.193541154,61,0,res_9773379d-f89d-4832-bfda-e91968982280,2011-07-08 02:54:47.799294154,0.07142857142857142
Case21,Release Purchase Order,res_1fb03551-690a-4dc0-accf-65ec0c01ceff,Role 1,2011-07-08 03:36:39.856343589,61,0,res_1fb03551-690a-4dc0-accf-65ec0c01ceff,2011-07-08 03:35:41.745106589,0.07142857142857142
Case31,Choose best option,res_3e314b03-d6a4-421d-86db-867ce5ab7223,Role 1,2011-07-08 03:37:46.579802968,58,1,res_3e314b03-d6a4-421d-86db-867ce5ab7223,2011-07-07 19:38:20.585265968,0.07142857142857142
Case44,Create Request for Quotation,res_12ae84dc-2013-49d5-a1c2-578825658fc5,Role 3,2011-07-08 04:42:31.750030389,61,0,res_12ae84dc-2013-49d5-a1c2-578825658fc5,2011-07-08 04:23:45.546171389,0.0
Case30,Create Purchase Order,res_d86ddd9f-79c7-4190-a797-b51d3b96da67,Role 4,2011-07-08 07:08:30.855037528,61,0,res_d86ddd9f-79c7-4190-a797-b51d3b96da67,2011-07-08 06:46:32.614377528,0.0
Case46,Create Request for Quotation,res_12ae84dc-2013-49d5-a1c2-578825658fc5,Role 3,2011-07-08 07:46:21.164908154,61,0,res_12ae84dc-2013-49d5-a1c2-578825658fc5,2011-07-08 07:26:21.378336154,0.0
Case29,Create Purchase Order,res_d86ddd9f-79c7-4190-a797-b51d3b96da67,Role 4,2011-07-08 07:56:50.286230121,61,0,res_d86ddd9f-79c7-4190-a797-b51d3b96da67,2011-07-08 07:35:26.245756121,0.0
Case42,Analyze Purchase Requisition,res_12ae84dc-2013-49d5-a1c2-578825658fc5,Role 3,2011-07-08 08:48:29.303749251,61,0,res_12ae84dc-2013-49d5-a1c2-578825658fc5,2011-07-08 08:46:15.163331251,0.0
Case33,Settle Conditions With Supplier,res_ad433e29-e1d6-463f-8041-ac16f6a1da33,Role 4,2011-07-08 08:52:27.666090284,61,1,res_ad433e29-e1d6-463f-8041-ac16f6a1da33,2011-07-08 08:42:14.933105284,0.0
Case42,Create Request for Quotation,res_318fb49e-f698-45db-a950-8a16e3b2ac50,Role 3,2011-07-08 09:20:10.629092251,61,0,res_318fb49e-f698-45db-a950-8a16e3b2ac50,2011-07-08 08:53:32.581605251,0.0
Case31,Settle Conditions With Supplier,res_319edab8-eb7f-4de4-965e-0f4c349c020f,Role 4,2011-07-08 14:28:50.068668968,61,1,res_319edab8-eb7f-4de4-965e-0f4c349c020f,2011-07-08 14:18:55.190006968,0.0
Case21,Approve Purchase Order for payment,res_d86ddd9f-79c7-4190-a797-b51d3b96da67,Role 4,2011-07-08 15:44:30.785167589,61,0,res_d86ddd9f-79c7-4190-a797-b51d3b96da67,2011-07-08 15:44:30.777580589,0.0
Case45,Analyze Purchase Requisition,res_12ae84dc-2013-49d5-a1c2-578825658fc5,Role 3,2011-07-08 20:11:21.313041026,61,0,res_12ae84dc-2013-49d5-a1c2-578825658fc5,2011-07-08 20:08:59.415119026,0.0
Case45,Create Request for Quotation,res_318fb49e-f698-45db-a950-8a16e3b2ac50,Role 3,2011-07-08 20:41:45.634046026,61,0,res_318fb49e-f698-45db-a950-8a16e3b2ac50,2011-07-08 20:16:54.702356026,0.0
Case33,Create Purchase Order,res_ad433e29-e1d6-463f-8041-ac16f6a1da33,Role 4,2011-07-08 21:17:02.336213284,61,0,res_ad433e29-e1d6-463f-8041-ac16f6a1da33,2011-07-08 20:57:01.866359284,0.0
Case8,Send Invoice,res_74fb9490-fecf-4ad0-b668-d6ef9f8af10e,Role 2,2011-07-08 21:31:18.063631922,61,0,res_74fb9490-fecf-4ad0-b668-d6ef9f8af10e,2011-07-08 21:27:13.575712922,0.8
Case31,Create Purchase Order,res_d86ddd9f-79c7-4190-a797-b51d3b96da67,Role 4,2011-07-09 02:57:34.306274968,61,0,res_d86ddd9f-79c7-4190-a797-b51d3b96da67,2011-07-09 02:37:59.860549968,0.0
Case24,Confirm Purchase Order,res_74fb9490-fecf-4ad0-b668-d6ef9f8af10e,Role 2,2011-07-09 03:35:28.882361420,61,0,res_74fb9490-fecf-4ad0-b668-d6ef9f8af10e,2011-07-08 04:45:17.482114420,0.0
Case17,Deliver Goods Services,res_da4787a5-0b43-44c2-94bc-622692086510,Role 2,2011-07-09 04:02:49.887911758,61,2,res_da4787a5-0b43-44c2-94bc-622692086510,2011-07-09 04:01:49.771811758,0.8
Case19,Deliver Goods Services,res_d2ebf689-fdbf-4b28-bdd6-66864b824b16,Role 2,2011-07-09 04:13:13.156595360,61,2,res_d2ebf689-fdbf-4b28-bdd6-66864b824b16,2011-07-09 04:12:13.000120360,0.8
Case23,Confirm Purchase Order,res_d2ebf689-fdbf-4b28-bdd6-66864b824b16,Role 2,2011-07-09 04:57:09.933207438,61,1,res_d2ebf689-fdbf-4b28-bdd6-66864b824b16,2011-07-08 05:59:03.212874438,0.2
Case38,Analyze Request for Quotation,res_ad433e29-e1d6-463f-8041-ac16f6a1da33,Role 4,2011-07-09 05:50:31.260800635,61,0,res_ad433e29-e1d6-463f-8041-ac16f6a1da33,2011-07-09 05:33:15.900152635,0.0
Case47,Create Purchase Requisition,res_1fb03551-690a-4dc0-accf-65ec0c01ceff,Role 1,2011-07-09 07:34:51.498794505,61,0,res_1fb03551-690a-4dc0-accf-65ec0c01ceff,2011-07-09 07:27:11.623630505,0.0
Case8,Release Supplier's Invoice,res_1f528794-c18e-4c0b-8159-5b23ac7cee00,Role 5,2011-07-09 10:41:56.042858922,61,0,res_1f528794-c18e-4c0b-8159-5b23ac7cee00,2011-07-09 10:41:56.042858922,0.0
Case8,Authorize Supplier's Invoice payment,res_ccd55097-3d24-4e3c-a0f6-173df7f18211,Role 5,2011-07-09 10:50:22.052499922,61,0,res_ccd55097-3d24-4e3c-a0f6-173df7f18211,2011-07-09 10:41:56.096813922,0.0
Case17,Release Purchase Order,res_04fcb212-88f2-4592-9cf9-5bad9a85cb21,Role 1,2011-07-09 10:57:44.056740758,61,0,res_04fcb212-88f2-4592-9cf9-5bad9a85cb21,2011-07-09 10:56:45.455974758,0.0
Case19,Release Purchase Order,res_cc8c270f-a566-4350-8a82-77163daf2877,Role 1,2011-07-09 11:07:02.916857360,61,0,res_cc8c270f-a566-4350-8a82-77163daf2877,2011-07-09 11:06:04.405859360,0.0
Case8,Pay Invoice,res_1f528794-c18e-4c0b-8159-5b23ac7cee00,Role 5,2011-07-09 11:18:15.249668922,61,0,res_1f528794-c18e-4c0b-8159-5b23ac7cee00,2011-07-09 11:18:15.249668922,0.0
Case47,Create Request for Quotation,res_12ae84dc-2013-49d5-a1c2-578825658fc5,Role 3,2011-07-09 12:08:04.328967505,60,0,res_12ae84dc-2013-49d5-a1c2-578825658fc5,2011-07-09 11:46:13.513551505,0.0
Case48,Create Purchase Requisition,res_c19b4421-dc3f-44f8-90c2-1727cfadff3d,Role 1,2011-07-09 12:10:46.888878607,61,0,res_c19b4421-dc3f-44f8-90c2-1727cfadff3d,2011-07-09 12:03:02.585238607,0.0
Case49,Create Purchase Requisition,res_8b540399-35ed-473f-aa75-4e967a7c2b18,Role 1,2011-07-09 12:43:08.183519418,62,0,res_8b540399-35ed-473f-aa75-4e967a7c2b18,2011-07-09 12:35:25.572134418,0.0
Case16,Confirm Purchase Order,res_3297ac94-204b-4466-9748-2203439519b4,Role 2,2011-07-09 13:03:53.390163475,61,2,res_3297ac94-204b-4466-9748-2203439519b4,2011-07-08 11:04:53.439498475,0.4
Case49,Create Request for Quotation,res_318fb49e-f698-45db-a950-8a16e3b2ac50,Role 3,2011-07-09 18:22:03.088976418,62,0,res_318fb49e-f698-45db-a950-8a16e3b2ac50,2011-07-09 18:02:04.583154418,0.0
Case25,Confirm Purchase Order,res_d2ebf689-fdbf-4b28-bdd6-66864b824b16,Role 2,2011-07-09 19:27:36.911562891,61,3,res_d2ebf689-fdbf-4b28-bdd6-66864b824b16,2011-07-08 19:13:06.882287891,0.6
Case50,Create Purchase Requisition,res_04fcb212-88f2-4592-9cf9-5bad9a85cb21,Role 1,2011-07-09 19:58:18.337892956,63,0,res_04fcb212-88f2-4592-9cf9-5bad9a85cb21,2011-07-09 19:51:09.217369956,0.0
Case17,Approve Purchase Order for payment,res_319edab8-eb7f-4de4-965e-0f4c349c020f,Role 4,2011-07-09 21:29:06.802103758,63,0,res_319edab8-eb7f-4de4-965e-0f4c349c020f,2011-07-09 21:29:06.799045758,0.0
Case21,Send Invoice,res_a1e0a0a1-b1fc-40e5-bbc7-475a550099bd,Role 2,2011-07-09 21:41:09.699396589,63,0,res_a1e0a0a1-b1fc-40e5-bbc7-475a550099bd,2011-07-09 21:37:03.719861589,0.8
Case19,Approve Purchase Order for payment,res_d86ddd9f-79c7-4190-a797-b51d3b96da67,Role 4,2011-07-09 21:43:43.728334360,63,0,res_d86ddd9f-79c7-4190-a797-b51d3b96da67,2011-07-09 21:43:43.727743360,0.0
Case26,Confirm Purchase Order,res_d2ebf689-fdbf-4b28-bdd6-66864b824b16,Role 2,2011-07-09 22:16:30.162648408,61,4,res_d2ebf689-fdbf-4b28-bdd6-66864b824b16,2011-07-08 21:56:20.485941408,0.8
Case50,Create Request for Quotation,res_0a189e9f-2074-4f90-8b4c-25a7238139fe,Role 3,2011-07-10 01:23:40.101644956,63,0,res_0a189e9f-2074-4f90-8b4c-25a7238139fe,2011-07-10 01:04:14.809428956,0.0
Case48,Analyze Purchase Requisition,res_318fb49e-f698-45db-a950-8a16e3b2ac50,Role 3,2011-07-10 03:03:19.794408607,63,0,res_318fb49e-f698-45db-a950-8a16e3b2ac50,2011-07-10 03:00:50.509095607,0.0
Case48,Create Request for Quotation,res_318fb49e-f698-45db-a950-8a16e3b2ac50,Role 3,2011-07-10 03:32:32.449125607,63,0,res_318fb49e-f698-45db-a950-8a16e3b2ac50,2011-07-10 03:08:06.271673607,0.0
Case37,Analyze Request for Quotation,res_d86ddd9f-79c7-4190-a797-b51d3b96da67,Role 4,2011-07-10 05:15:58.858453243,63,0,res_d86ddd9f-79c7-4190-a797-b51d3b96da67,2011-07-10 05:00:07.355517243,0.0
Case51,Create Purchase Requisition,res_edc8dbfd-009c-447c-9848-9a8d0b6c95fc,Role 1,2011-07-10 07:33:39.985345911,63,0,res_edc8dbfd-009c-447c-9848-9a8d0b6c95fc,2011-07-10 07:26:08.782445911,0.0
Case39,Analyze Request for Quotation,res_ad433e29-e1d6-463f-8041-ac16f6a1da33,Role 4,2011-07-10 08:34:36.287201715,63,0,res_ad433e29-e1d6-463f-8041-ac16f6a1da33,2011-07-10 08:18:47.423074715,0.0
Case30,Confirm Purchase Order,res_a1e0a0a1-b1fc-40e5-bbc7-475a550099bd,Role 2,2011-07-10 09:26:17.105028528,61,3,res_a1e0a0a1-b1fc-40e5-bbc7-475a550099bd,2011-07-09 08:47:18.107614528,0.6
Case39,Amend Request for Quotation,res_3e314b03-d6a4-421d-86db-867ce5ab7223,Role 1,2011-07-10 09:50:49.423384715,63,0,res_3e314b03-d6a4-421d-86db-867ce5ab7223,2011-07-10 09:25:09.406117715,0.0
Case21,Release Supplier's Invoice,res_1f528794-c18e-4c0b-8159-5b23ac7cee00,Role 5,2011-07-10 10:24:08.222592589,63,0,res_1f528794-c18e-4c0b-8159-5b23ac7cee00,2011-07-10 10:24:08.222592589,0.0
Case21,Authorize Supplier's Invoice payment,res_ccd55097-3d24-4e3c-a0f6-173df7f18211,Role 5,2011-07-10 10:32:22.246793589,63,0,res_ccd55097-3d24-4e3c-a0f6-173df7f18211,2011-07-10 10:24:08.282131589,0.0
Case21,Pay Invoice,res_ccd55097-3d24-4e3c-a0f6-173df7f18211,Role 5,2011-07-10 11:00:31.815594589,63,0,res_ccd55097-3d24-4e3c-a0f6-173df7f18211,2011-07-10 11:00:31.815594589,0.0
Case36,Analyze Request for Quotation,res_319edab8-eb7f-4de4-965e-0f4c349c020f,Role 4,2011-07-10 11:12:56.820039743,63,0,res_319edab8-eb7f-4de4-965e-0f4c349c020f,2011-07-10 10:56:42.605460743,0.0
Case52,Create Purchase Requisition,res_136bbc95-2887-437f-a41f-50a382be8ee8,Role 1,2011-07-10 11:59:30.079070044,63,0,res_136bbc95-2887-437f-a41f-50a382be8ee8,2011-07-10 11:51:55.504189044,0.0
Case51,Create Request for Quotation,res_12ae84dc-2013-49d5-a1c2-578825658fc5,Role 3,2011-07-10 12:08:45.385776911,62,0,res_12ae84dc-2013-49d5-a1c2-578825658fc5,2011-07-10 11:45:46.844912911,0.0
Case36,Amend Request for Quotation,res_c19b4421-dc3f-44f8-90c2-1727cfadff3d,Role 1,2011-07-10 12:30:21.674587743,63,0,res_c19b4421-dc3f-44f8-90c2-1727cfadff3d,2011-07-10 12:05:13.545117743,0.0
Case53,Create Purchase Requisition,res_349907e7-8968-4ad0-8af7-bbf3079b5952,Role 1,2011-07-10 14:34:24.345117327,64,0,res_349907e7-8968-4ad0-8af7-bbf3079b5952,2011-07-10 14:27:00.597698327,0.0
Case29,Confirm Purchase Order,res_3297ac94-204b-4466-9748-2203439519b4,Role 2,2011-07-10 15:02:08.521231121,62,3,res_3297ac94-204b-4466-9748-2203439519b4,2011-07-09 14:42:33.010649121,0.6
Case35,Analyze Request for Quotation,res_319edab8-eb7f-4de4-965e-0f4c349c020f,Role 4,2011-07-10 17:08:38.427165328,64,0,res_319edab8-eb7f-4de4-965e-0f4c349c020f,2011-07-10 16:50:35.570170328,0.0
Case54,Create Purchase Requisition,res_9773379d-f89d-4832-bfda-e91968982280,Role 1,2011-07-10 17:42:50.262411483,65,0,res_9773379d-f89d-4832-bfda-e91968982280,2011-07-10 17:35:43.832315483,0.0
Case17,Send Invoice,res_d2ebf689-fdbf-4b28-bdd6-66864b824b16,Role 2,2011-07-10 17:48:11.758029758,65,0,res_d2ebf689-fdbf-4b28-bdd6-66864b824b16,2011-07-10 17:44:00.809966758,0.4
Case19,Send Invoice,res_a1e0a0a1-b1fc-40e5-bbc7-475a550099bd,Role 2,2011-07-10 18:59:43.257293360,65,0,res_a1e0a0a1-b1fc-40e5-bbc7-475a550099bd,2011-07-10 18:55:31.867456360,0.4
Case33,Confirm Purchase Order,res_a1e0a0a1-b1fc-40e5-bbc7-475a550099bd,Role 2,2011-07-10 19:24:51.926997284,63,3,res_a1e0a0a1-b1fc-40e5-bbc7-475a550099bd,2011-07-09 20:17:01.267489284,0.6
Case24,Deliver Goods Services,res_d2ebf689-fdbf-4b28-bdd6-66864b824b16,Role 2,2011-07-10 19:49:47.522086420,65,2,res_d2ebf689-fdbf-4b28-bdd6-66864b824b16,2011-07-10 19:48:47.240233420,0.2
Case53,Create Request for Quotation,res_318fb49e-f698-45db-a950-8a16e3b2ac50,Role 3,2011-07-10 20:18:52.106784327,65,0,res_318fb49e-f698-45db-a950-8a16e3b2ac50,2011-07-10 19:58:27.547412327,0.0
Case42,Analyze Request for Quotation,res_ad433e29-e1d6-463f-8041-ac16f6a1da33,Role 4,2011-07-10 21:06:12.137343251,65,0,res_ad433e29-e1d6-463f-8041-ac16f6a1da33,2011-07-10 20:48:44.751386251,0.0
Case31,Confirm Purchase Order,res_74fb9490-fecf-4ad0-b668-d6ef9f8af10e,Role 2,2011-07-10 21:27:48.673106968,63,3,res_74fb9490-fecf-4ad0-b668-d6ef9f8af10e,2011-07-09 23:53:55.665181968,0.6
Case55,Create Purchase Requisition,res_3b20902b-7665-4f1a-a001-f40b6e13b8e4,Role 1,2011-07-10 21:30:42.833273346,66,0,res_3b20902b-7665-4f1a-a001-f40b6e13b8e4,2011-07-10 21:23:46.909191346,0.0
Case42,Amend Request for Quotation,res_04fcb212-88f2-4592-9cf9-5bad9a85cb21,Role 1,2011-07-10 22:21:04.269337251,66,0,res_04fcb212-88f2-4592-9cf9-5bad9a85cb21,2011-07-10 21:56:41.970953251,0.0
Case54,Create Request for Quotation,res_318fb49e-f698-45db-a950-8a16e3b2ac50,Role 3,2011-07-10 23:23:50.574822483,66,0,res_318fb49e-f698-45db-a950-8a16e3b2ac50,2011-07-10 23:04:03.335592483,0.0
Case16,Deliver Goods Services,res_a1e0a0a1-b1fc-40e5-bbc7-475a550099bd,Role 2,2011-07-11 01:02:08.206044475,66,2,res_a1e0a0a1-b1fc-40e5-bbc7-475a550099bd,2011-07-11 01:01:08.254407475,0.0
Case52,Analyze Purchase Requisition,res_318fb49e-f698-45db-a950-8a16e3b2ac50,Role 3,2011-07-11 01:07:57.594046044,66,0,res_318fb49e-f698-45db-a950-8a16e3b2ac50,2011-07-11 01:05:25.061633044,0.0
Case52,Create Request for Quotation,res_12ae84dc-2013-49d5-a1c2-578825658fc5,Role 3,2011-07-11 01:35:41.747623044,66,0,res_12ae84dc-2013-49d5-a1c2-578825658fc5,2011-07-11 01:12:37.310025044,0.0
Case24,Release Purchase Order,res_349907e7-8968-4ad0-8af7-bbf3079b5952,Role 1,2011-07-11 02:49:53.084216420,66,0,res_349907e7-8968-4ad0-8af7-bbf3079b5952,2011-07-11 02:48:54.555565420,0.0
Case23,Deliver Goods Services,res_a1e0a0a1-b1fc-40e5-bbc7-475a550099bd,Role 2,2011-07-11 03:53:41.379306438,66,2,res_a1e0a0a1-b1fc-40e5-bbc7-475a550099bd,2011-07-11 03:52:41.404093438,0.0
Case17,Release Supplier's Invoice,res_ccd55097-3d24-4e3c-a0f6-173df7f18211,Role 5,2011-07-11 06:25:04.276420758,66,0,res_ccd55097-3d24-4e3c-a0f6-173df7f18211,2011-07-11 06:25:04.276420758,0.0
Case17,Authorize Supplier's Invoice payment,res_ccd55097-3d24-4e3c-a0f6-173df7f18211,Role 5,2011-07-11 06:33:25.725801758,66,0,res_ccd55097-3d24-4e3c-a0f6-173df7f18211,2011-07-11 06:25:04.339228758,0.0
Case56,Create Purchase Requisition,res_cc8c270f-a566-4350-8a82-77163daf2877,Role 1,2011-07-11 06:36:19.763298155,67,0,res_cc8c270f-a566-4350-8a82-77163daf2877,2011-07-11 06:29:00.034617155,0.0
Case17,Pay Invoice,res_ccd55097-3d24-4e3c-a0f6-173df7f18211,Role 5,2011-07-11 07:01:59.715972758,67,0,res_ccd55097-3d24-4e3c-a0f6-173df7f18211,2011-07-11 07:01:59.715972758,0.0
Case46,Analyze Request for Quotation,res_319edab8-eb7f-4de4-965e-0f4c349c020f,Role 4,2011-07-11 07:20:31.245948154,66,0,res_319edab8-eb7f-4de4-965e-0f4c349c020f,2011-07-11 07:05:36.067911154,0.0
Case19,Release Supplier's Invoice,res_1f528794-c18e-4c0b-8159-5b23ac7cee00,Role 5,2011-07-11 07:40:49.714877360,66,0,res_1f528794-c18e-4c0b-8159-5b23ac7cee00,2011-07-11 07:40:49.714877360,0.0
Case19,Authorize Supplier's Invoice payment,res_ccd55097-3d24-4e3c-a0f6-173df7f18211,Role 5,2011-07-11 07:48:27.410781360,66,0,res_ccd55097-3d24-4e3c-a0f6-173df7f18211,2011-07-11 07:40:49.775906360,0.0
Case16,Release Purchase Order,res_cc8c270f-a566-4350-8a82-77163daf2877,Role 1,2011-07-11 08:05:43.525331475,66,0,res_cc8c270f-a566-4350-8a82-77163daf2877,2011-07-11 08:04:45.751421475,0.0
Case19,Pay Invoice,res_1f528794-c18e-4c0b-8159-5b23ac7cee00,Role 5,2011-07-11 08:16:59.849524360,66,0,res_1f528794-c18e-4c0b-8159-5b23ac7cee00,2011-07-11 08:16:59.849524360,0.0
Case23,Release Purchase Order,res_3e314b03-d6a4-421d-86db-867ce5ab7223,Role 1,2011-07-11 10:53:34.536166438,65,0,res_3e314b03-d6a4-421d-86db-867ce5ab7223,2011-07-11 10:52:36.280297438,0.0
Case56,Create Request for Quotation,res_318fb49e-f698-45db-a950-8a16e3b2ac50,Role 3,2011-07-11 11:21:25.957588155,65,0,res_318fb49e-f698-45db-a950-8a16e3b2ac50,2011-07-11 10:58:08.664345155,0.0
Case41,Analyze Request for Quotation,res_ad433e29-e1d6-463f-8041-ac16f6a1da33,Role 4,2011-07-11 11:40:24.871355431,65,0,res_ad433e29-e1d6-463f-8041-ac16f6a1da33,2011-07-11 11:24:37.409370431,0.0
Case24,Approve Purchase Order for payment,res_319edab8-eb7f-4de4-965e-0f4c349c020f,Role 4,2011-07-11 13:13:18.776737420,64,0,res_319edab8-eb7f-4de4-965e-0f4c349c020f,2011-07-11 13:13:18.776737420,0.0
Case55,Analyze Purchase Requisition,res_318fb49e-f698-45db-a950-8a16e3b2ac50,Role 3,2011-07-11 13:18:51.343484346,64,0,res_318fb49e-f698-45db-a950-8a16e3b2ac50,2011-07-11 13:16:20.967195346,0.0
Case25,Deliver Goods Services,res_a1e0a0a1-b1fc-40e5-bbc7-475a550099bd,Role 2,2011-07-11 13:42:02.164612891,64,2,res_a1e0a0a1-b1fc-40e5-bbc7-475a550099bd,2011-07-11 13:41:02.153539891,0.0
Case55,Create Request for Quotation,res_0a189e9f-2074-4f90-8b4c-25a7238139fe,Role 3,2011-07-11 13:46:10.442309346,64,0,res_0a189e9f-2074-4f90-8b4c-25a7238139fe,2011-07-11 13:23:41.422833346,0.0
Case57,Create Purchase Requisition,res_edc8dbfd-009c-447c-9848-9a8d0b6c95fc,Role 1,2011-07-11 16:47:57.761161080,65,0,res_edc8dbfd-009c-447c-9848-9a8d0b6c95fc,2011-07-11 16:40:54.370293080,0.0
Case58,Create Purchase Requisition,res_8b540399-35ed-473f-aa75-4e967a7c2b18,Role 1,2011-07-11 17:51:54.404270625,66,0,res_8b540399-35ed-473f-aa75-4e967a7c2b18,2011-07-11 17:44:56.253613625,0.0
Case43,Analyze Request for Quotation,res_ad433e29-e1d6-463f-8041-ac16f6a1da33,Role 4,2011-07-11 17:58:50.145446311,65,0,res_ad433e29-e1d6-463f-8041-ac16f6a1da33,2011-07-11 17:43:47.918355311,0.3333333333333333
Case16,Approve Purchase Order for payment,res_319edab8-eb7f-4de4-965e-0f4c349c020f,Role 4,2011-07-11 18:00:14.581258475,66,0,res_319edab8-eb7f-4de4-965e-0f4c349c020f,2011-07-11 18:00:14.563677475,0.3333333333333333
Case26,Deliver Goods Services,res_74fb9490-fecf-4ad0-b668-d6ef9f8af10e,Role 2,2011-07-11 18:20:38.981238408,66,2,res_74fb9490-fecf-4ad0-b668-d6ef9f8af10e,2011-07-11 18:19:38.962280408,0.0
Case35,Send Request for Quotation to Supplier,res_d86ddd9f-79c7-4190-a797-b51d3b96da67,Role 4,2011-07-11 19:29:09.987164328,64,0,res_d86ddd9f-79c7-4190-a797-b51d3b96da67,2011-07-11 15:47:03.481194328,0.0
Case40,Analyze Request for Quotation,res_d86ddd9f-79c7-4190-a797-b51d3b96da67,Role 4,2011-07-11 20:20:10.350858582,66,0,res_d86ddd9f-79c7-4190-a797-b51d3b96da67,2011-07-11 20:05:30.154889582,0.0
Case25,Release Purchase Order,res_ab15a275-1103-4c19-928b-ef4356a53bb9,Role 1,2011-07-11 20:44:56.775411891,66,0,res_ab15a275-1103-4c19-928b-ef4356a53bb9,2011-07-11 20:43:59.017166891,0.0
Case48,Analyze Request for Quotation,res_319edab8-eb7f-4de4-965e-0f4c349c020f,Role 4,2011-07-11 20:51:58.680750607,66,0,res_319edab8-eb7f-4de4-965e-0f4c349c020f,2011-07-11 20:35:32.097015607,0.0
Case23,Approve Purchase Order for payment,res_d86ddd9f-79c7-4190-a797-b51d3b96da67,Role 4,2011-07-11 20:53:10.768922438,66,0,res_d86ddd9f-79c7-4190-a797-b51d3b96da67,2011-07-11 20:53:10.768922438,0.0
Case45,Analyze Request for Quotation,res_ad433e29-e1d6-463f-8041-ac16f6a1da33,Role 4,2011-07-11 22:09:07.184278026,66,0,res_ad433e29-e1d6-463f-8041-ac16f6a1da33,2011-07-11 21:52:23.832183026,0.0
Case57,Create Request for Quotation,res_0a189e9f-2074-4f90-8b4c-25a7238139fe,Role 3,2011-07-11 22:59:47.984405080,65,0,res_0a189e9f-2074-4f90-8b4c-25a7238139fe,2011-07-11 22:39:29.982425080,0.0
Case58,Create Request for Quotation,res_12ae84dc-2013-49d5-a1c2-578825658fc5,Role 3,2011-07-11 23:59:20.831180625,65,0,res_12ae84dc-2013-49d5-a1c2-578825658fc5,2011-07-11 23:39:04.962899625,0.0
Case35,Create Quotation comparison Map,res_ad433e29-e1d6-463f-8041-ac16f6a1da33,Role 4,2011-07-12 00:07:45.451501328,65,0,res_ad433e29-e1d6-463f-8041-ac16f6a1da33,2011-07-11 23:51:34.556143328,0.0
Case59,Create Purchase Requisition,res_0b9cf306-e11d-4cfb-b0e0-b2b7e6918c5d,Role 1,2011-07-12 00:38:30.911318515,66,0,res_0b9cf306-e11d-4cfb-b0e0-b2b7e6918c5d,2011-07-12 00:31:37.323185515,0.0
Case26,Release Purchase Order,res_1fb03551-690a-4dc0-accf-65ec0c01ceff,Role 1,2011-07-12 01:23:19.320534408,66,0,res_1fb03551-690a-4dc0-accf-65ec0c01ceff,2011-07-12 01:22:21.447470408,0.0
Case44,Analyze Request for Quotation,res_ad433e29-e1d6-463f-8041-ac16f6a1da33,Role 4,2011-07-12 02:11:38.868433389,66,0,res_ad433e29-e1d6-463f-8041-ac16f6a1da33,2011-07-12 01:55:55.069913389,0.0
Case33,Deliver Goods Services,res_da4787a5-0b43-44c2-94bc-622692086510,Role 2,2011-07-12 03:14:10.009435284,66,2,res_da4787a5-0b43-44c2-94bc-622692086510,2011-07-12 03:13:10.011394284,0.0
Case31,Deliver Goods Services,res_d2ebf689-fdbf-4b28-bdd6-66864b824b16,Role 2,2011-07-12 03:14:41.870230968,66,3,res_d2ebf689-fdbf-4b28-bdd6-66864b824b16,2011-07-12 03:13:41.913477968,0.2
Case60,Create Purchase Requisition,res_3b20902b-7665-4f1a-a001-f40b6e13b8e4,Role 1,2011-07-12 03:28:07.685839934,67,0,res_3b20902b-7665-4f1a-a001-f40b6e13b8e4,2011-07-12 03:21:03.182936934,0.0
Case29,Deliver Goods Services,res_74fb9490-fecf-4ad0-b668-d6ef9f8af10e,Role 2,2011-07-12 04:05:22.214696121,67,2,res_74fb9490-fecf-4ad0-b668-d6ef9f8af10e,2011-07-12 04:04:22.272475121,0.0
Case30,Deliver Goods Services,res_74fb9490-fecf-4ad0-b668-d6ef9f8af10e,Role 2,2011-07-12 04:15:23.891248528,67,2,res_74fb9490-fecf-4ad0-b668-d6ef9f8af10e,2011-07-12 04:14:23.954170528,0.0
Case24,Send Invoice,res_3297ac94-204b-4466-9748-2203439519b4,Role 2,2011-07-12 04:51:00.257881420,67,0,res_3297ac94-204b-4466-9748-2203439519b4,2011-07-12 04:47:03.921013420,0.0
Case59,Create Request for Quotation,res_12ae84dc-2013-49d5-a1c2-578825658fc5,Role 3,2011-07-12 06:10:54.860414515,67,0,res_12ae84dc-2013-49d5-a1c2-578825658fc5,2011-07-12 05:50:00.071805515,0.0
Case25,Approve Purchase Order for payment,res_319edab8-eb7f-4de4-965e-0f4c349c020f,Role 4,2011-07-12 06:56:46.957233891,68,0,res_319edab8-eb7f-4de4-965e-0f4c349c020f,2011-07-12 06:56:46.954730891,0.3333333333333333
Case61,Create Purchase Requisition,res_9773379d-f89d-4832-bfda-e91968982280,Role 1,2011-07-12 06:58:10.009854710,68,0,res_9773379d-f89d-4832-bfda-e91968982280,2011-07-12 06:50:49.008316710,0.0
Case35,Analyze Quotation Comparison Map,res_4bd335b9-e3f0-4209-aa4e-faab83c27374,Role 1,2011-07-12 07:03:11.623092328,68,0,res_4bd335b9-e3f0-4209-aa4e-faab83c27374,2011-07-12 07:03:11.617541328,0.0
Case46,Send Request for Quotation to Supplier,res_ad433e29-e1d6-463f-8041-ac16f6a1da33,Role 4,2011-07-12 07:59:54.271499154,67,0,res_ad433e29-e1d6-463f-8041-ac16f6a1da33,2011-07-12 05:12:38.543697154,0.0
Case60,Create Request for Quotation,res_12ae84dc-2013-49d5-a1c2-578825658fc5,Role 3,2011-07-12 08:34:30.409826934,68,0,res_12ae84dc-2013-49d5-a1c2-578825658fc5,2011-07-12 08:12:48.806507934,0.0
Case31,Release Purchase Order,res_8b540399-35ed-473f-aa75-4e967a7c2b18,Role 1,2011-07-12 10:15:31.722828968,68,0,res_8b540399-35ed-473f-aa75-4e967a7c2b18,2011-07-12 10:14:33.095256968,0.07142857142857142
Case33,Release Purchase Order,res_3b20902b-7665-4f1a-a001-f40b6e13b8e4,Role 1,2011-07-12 10:20:11.595882284,68,0,res_3b20902b-7665-4f1a-a001-f40b6e13b8e4,2011-07-12 10:19:13.341058284,0.07142857142857142
Case16,Send Invoice,res_3297ac94-204b-4466-9748-2203439519b4,Role 2,2011-07-12 10:21:04.585810475,68,0,res_3297ac94-204b-4466-9748-2203439519b4,2011-07-12 10:17:23.425767475,0.0
Case29,Release Purchase Order,res_ab15a275-1103-4c19-928b-ef4356a53bb9,Role 1,2011-07-12 11:13:30.908380121,68,0,res_ab15a275-1103-4c19-928b-ef4356a53bb9,2011-07-12 11:12:32.730247121,0.07142857142857142
Case39,Analyze Request for Quotation,res_319edab8-eb7f-4de4-965e-0f4c349c020f,Role 4,2011-07-12 11:14:39.312714715,68,0,res_319edab8-eb7f-4de4-965e-0f4c349c020f,2011-07-12 10:57:03.255156715,0.0
Case23,Send Invoice,res_a1e0a0a1-b1fc-40e5-bbc7-475a550099bd,Role 2,2011-07-12 11:15:58.853334438,68,0,res_a1e0a0a1-b1fc-40e5-bbc7-475a550099bd,2011-07-12 11:11:58.239221438,0.0
Case30,Release Purchase Order,res_9773379d-f89d-4832-bfda-e91968982280,Role 1,2011-07-12 11:17:59.110437528,68,0,res_9773379d-f89d-4832-bfda-e91968982280,2011-07-12 11:17:01.073284528,0.07142857142857142
Case36,Analyze Request for Quotation,res_d86ddd9f-79c7-4190-a797-b51d3b96da67,Role 4,2011-07-12 11:52:31.076610743,68,0,res_d86ddd9f-79c7-4190-a797-b51d3b96da67,2011-07-12 11:36:09.856596743,0.0
Case26,Approve Purchase Order for payment,res_319edab8-eb7f-4de4-965e-0f4c349c020f,Role 4,2011-07-12 11:53:39.683769408,68,0,res_319edab8-eb7f-4de4-965e-0f4c349c020f,2011-07-12 11:53:39.683769408,0.0
Case39,Amend Request for Quotation,res_3e314b03-d6a4-421d-86db-867ce5ab7223,Role 1,2011-07-12 12:35:40.418734715,68,0,res_3e314b03-d6a4-421d-86db-867ce5ab7223,2011-07-12 12:11:03.010436715,0.07142857142857142
Case62,Create Purchase Requisition,res_04fcb212-88f2-4592-9cf9-5bad9a85cb21,Role 1,2011-07-12 13:22:15.159090344,69,0,res_04fcb212-88f2-4592-9cf9-5bad9a85cb21,2011-07-12 13:14:56.300015344,0.07142857142857142
Case46,Create Quotation comparison Map,res_d86ddd9f-79c7-4190-a797-b51d3b96da67,Role 4,2011-07-12 13:32:59.024295154,69,0,res_d86ddd9f-79c7-4190-a797-b51d3b96da67,2011-07-12 13:17:17.272946154,0.0
Case35,Choose best option,res_1fb03551-690a-4dc0-accf-65ec0c01ceff,Role 1,2011-07-12 13:40:23.896269328,68,0,res_1fb03551-690a-4dc0-accf-65ec0c01ceff,2011-07-12 07:03:11.658244328,0.0
Case52,Analyze Request for Quotation,res_ad433e29-e1d6-463f-8041-ac16f6a1da33,Role 4,2011-07-12 14:17:12.667029044,69,0,res_ad433e29-e1d6-463f-8041-ac16f6a1da33,2011-07-12 14:02:32.388699044,0.0
Case52,Amend Request for Quotation,res_edc8dbfd-009c-447c-9848-9a8d0b6c95fc,Role 1,2011-07-12 15:31:22.896526044,69,0,res_edc8dbfd-009c-447c-9848-9a8d0b6c95fc,2011-07-12 15:06:48.764068044,0.0
Case24,Release Supplier's Invoice,res_1f528794-c18e-4c0b-8159-5b23ac7cee00,Role 5,2011-07-12 17:07:58.682442420,70,0,res_1f528794-c18e-4c0b-8159-5b23ac7cee00,2011-07-12 17:07:58.682442420,0.0
Case63,Create Purchase Requisition,res_136bbc95-2887-437f-a41f-50a382be8ee8,Role 1,2011-07-12 17:09:52.240129921,70,0,res_136bbc95-2887-437f-a41f-50a382be8ee8,2011-07-12 17:02:51.360441921,0.0
Case24,Authorize Supplier's Invoice payment,res_ccd55097-3d24-4e3c-a0f6-173df7f18211,Role 5,2011-07-12 17:16:20.170419420,70,0,res_ccd55097-3d24-4e3c-a0f6-173df7f18211,2011-07-12 17:07:58.753422420,0.0
Case24,Pay Invoice,res_ccd55097-3d24-4e3c-a0f6-173df7f18211,Role 5,2011-07-12 17:44:53.813890420,70,0,res_ccd55097-3d24-4e3c-a0f6-173df7f18211,2011-07-12 17:44:53.813890420,0.0
Case46,Analyze Quotation Comparison Map,res_ab15a275-1103-4c19-928b-ef4356a53bb9,Role 1,2011-07-12 19:21:02.855578154,69,0,res_ab15a275-1103-4c19-928b-ef4356a53bb9,2011-07-12 19:21:02.853467154,0.0
Case62,Create Request for Quotation,res_12ae84dc-2013-49d5-a1c2-578825658fc5,Role 3,2011-07-12 19:41:03.614979344,69,0,res_12ae84dc-2013-49d5-a1c2-578825658fc5,2011-07-12 19:20:35.695429344,0.0
Case33,Approve Purchase Order for payment,res_d86ddd9f-79c7-4190-a797-b51d3b96da67,Role 4,2011-07-12 20:10:45.561127284,69,0,res_d86ddd9f-79c7-4190-a797-b51d3b96da67,2011-07-12 20:10:45.561127284,0.0
Case31,Approve Purchase Order for payment,res_319edab8-eb7f-4de4-965e-0f4c349c020f,Role 4,2011-07-12 20:55:43.106483968,69,0,res_319edab8-eb7f-4de4-965e-0f4c349c020f,2011-07-12 20:55:43.106483968,0.0
Case29,Approve Purchase Order for payment,res_d86ddd9f-79c7-4190-a797-b51d3b96da67,Role 4,2011-07-12 21:14:23.047627121,69,0,res_d86ddd9f-79c7-4190-a797-b51d3b96da67,2011-07-12 21:14:23.047443121,0.0
Case61,Analyze Purchase Requisition,res_12ae84dc-2013-49d5-a1c2-578825658fc5,Role 3,2011-07-12 21:22:14.531808710,69,0,res_12ae84dc-2013-49d5-a1c2-578825658fc5,2011-07-12 21:19:49.565123710,0.0
Case35,Settle Conditions With Supplier,res_319edab8-eb7f-4de4-965e-0f4c349c020f,Role 4,2011-07-12 21:39:23.191314328,69,1,res_319edab8-eb7f-4de4-965e-0f4c349c020f,2011-07-12 21:29:22.281931328,0.0
Case61,Create Request for Quotation,res_318fb49e-f698-45db-a950-8a16e3b2ac50,Role 3,2011-07-12 21:49:48.502480710,69,0,res_318fb49e-f698-45db-a950-8a16e3b2ac50,2011-07-12 21:27:18.160115710,0.0
Case30,Approve Purchase Order for payment,res_319edab8-eb7f-4de4-965e-0f4c349c020f,Role 4,2011-07-12 22:01:05.962293528,69,0,res_319edab8-eb7f-4de4-965e-0f4c349c020f,2011-07-12 22:01:05.962293528,0.0
Case16,Release Supplier's Invoice,res_ccd55097-3d24-4e3c-a0f6-173df7f18211,Role 5,2011-07-12 22:38:37.857282475,69,0,res_ccd55097-3d24-4e3c-a0f6-173df7f18211,2011-07-12 22:38:37.857282475,0.0
Case16,Authorize Supplier's Invoice payment,res_1f528794-c18e-4c0b-8159-5b23ac7cee00,Role 5,2011-07-12 22:46:34.021979475,69,0,res_1f528794-c18e-4c0b-8159-5b23ac7cee00,2011-07-12 22:38:37.916099475,0.0
Case16,Pay Invoice,res_ccd55097-3d24-4e3c-a0f6-173df7f18211,Role 5,2011-07-12 23:16:23.600387475,69,0,res_ccd55097-3d24-4e3c-a0f6-173df7f18211,2011-07-12 23:16:23.600387475,0.0
Case23,Release Supplier's Invoice,res_ccd55097-3d24-4e3c-a0f6-173df7f18211,Role 5,2011-07-12 23:36:16.985150438,68,0,res_ccd55097-3d24-4e3c-a0f6-173df7f18211,2011-07-12 23:36:16.985150438,0.0
Case23,Authorize Supplier's Invoice payment,res_1f528794-c18e-4c0b-8159-5b23ac7cee00,Role 5,2011-07-12 23:46:06.322846438,68,0,res_1f528794-c18e-4c0b-8159-5b23ac7cee00,2011-07-12 23:36:17.050660438,0.0
Case63,Create Request for Quotation,res_318fb49e-f698-45db-a950-8a16e3b2ac50,Role 3,2011-07-12 23:54:05.703286921,68,0,res_318fb49e-f698-45db-a950-8a16e3b2ac50,2011-07-12 23:34:10.663155921,0.0
Case49,Analyze Request for Quotation,res_d86ddd9f-79c7-4190-a797-b51d3b96da67,Role 4,2011-07-13 00:00:29.439264418,68,0,res_d86ddd9f-79c7-4190-a797-b51d3b96da67,2011-07-12 23:42:38.599514418,0.3333333333333333
Case23,Pay Invoice,res_1f528794-c18e-4c0b-8159-5b23ac7cee00,Role 5,2011-07-13 00:15:56.194136438,68,0,res_1f528794-c18e-4c0b-8159-5b23ac7cee00,2011-07-13 00:15:56.194136438,0.0
Case25,Send Invoice,res_3297ac94-204b-4466-9748-2203439519b4,Role 2,2011-07-13 00:57:47.812596891,67,0,res_3297ac94-204b-4466-9748-2203439519b4,2011-07-13 00:53:41.669426891,0.0
Case50,Analyze Request for Quotation,res_319edab8-eb7f-4de4-965e-0f4c349c020f,Role 4,2011-07-13 01:37:41.155345956,67,0,res_319edab8-eb7f-4de4-965e-0f4c349c020f,2011-07-13 01:19:56.146072956,0.6666666666666666
Case40,Send Request for Quotation to Supplier,res_ad433e29-e1d6-463f-8041-ac16f6a1da33,Role 4,2011-07-13 01:45:42.358251582,69,0,res_ad433e29-e1d6-463f-8041-ac16f6a1da33,2011-07-12 22:36:43.212920582,0.0
Case64,Create Purchase Requisition,res_136bbc95-2887-437f-a41f-50a382be8ee8,Role 1,2011-07-13 02:09:21.553340929,67,0,res_136bbc95-2887-437f-a41f-50a382be8ee8,2011-07-13 02:02:16.772379929,0.07142857142857142
Case46,Choose best option,res_ab15a275-1103-4c19-928b-ef4356a53bb9,Role 1,2011-07-13 02:14:03.589642154,69,0,res_ab15a275-1103-4c19-928b-ef4356a53bb9,2011-07-12 19:21:02.888712154,0.0
Case65,Create Purchase Requisition,res_c19b4421-dc3f-44f8-90c2-1727cfadff3d,Role 1,2011-07-13 02:15:06.925839856,68,1,res_c19b4421-dc3f-44f8-90c2-1727cfadff3d,2011-07-13 02:08:11.500260856,0.14285714285714285
Case66,Create Purchase Requisition,res_3e314b03-d6a4-421d-86db-867ce5ab7223,Role 1,2011-07-13 02:59:31.487581199,69,0,res_3e314b03-d6a4-421d-86db-867ce5ab7223,2011-07-13 02:52:21.938806199,0.0
Case67,Create Purchase Requisition,res_3b20902b-7665-4f1a-a001-f40b6e13b8e4,Role 1,2011-07-13 03:23:38.110892087,70,0,res_3b20902b-7665-4f1a-a001-f40b6e13b8e4,2011-07-13 03:16:26.903790087,0.0
Case48,Send Request for Quotation to Supplier,res_d86ddd9f-79c7-4190-a797-b51d3b96da67,Role 4,2011-07-13 04:56:46.747637607,67,1,res_d86ddd9f-79c7-4190-a797-b51d3b96da67,2011-07-13 00:55:50.145170607,0.3333333333333333
Case43,Send Request for Quotation to Supplier,res_d86ddd9f-79c7-4190-a797-b51d3b96da67,Role 4,2011-07-13 05:40:57.749814311,68,1,res_d86ddd9f-79c7-4190-a797-b51d3b96da67,2011-07-13 02:30:53.768936311,0.3333333333333333
Case68,Create Purchase Requisition,res_3e314b03-d6a4-421d-86db-867ce5ab7223,Role 1,2011-07-13 05:53:24.645209304,71,0,res_3e314b03-d6a4-421d-86db-867ce5ab7223,2011-07-13 05:46:01.318766304,0.0
Case44,Send Request for Quotation to Supplier,res_ad433e29-e1d6-463f-8041-ac16f6a1da33,Role 4,2011-07-13 06:50:22.368409389,70,2,res_ad433e29-e1d6-463f-8041-ac16f6a1da33,2011-07-13 03:47:05.055485389,0.6666666666666666
Case26,Send Invoice,res_a1e0a0a1-b1fc-40e5-bbc7-475a550099bd,Role 2,2011-07-13 07:13:27.625591408,71,0,res_a1e0a0a1-b1fc-40e5-bbc7-475a550099bd,2011-07-13 07:09:49.236939408,0.0
Case53,Analyze Request for Quotation,res_319edab8-eb7f-4de4-965e-0f4c349c020f,Role 4,2011-07-13 07:14:50.776106327,71,0,res_319edab8-eb7f-4de4-965e-0f4c349c020f,2011-07-13 06:57:00.793116327,0.0
Case55,Analyze Request for Quotation,res_319edab8-eb7f-4de4-965e-0f4c349c020f,Role 4,2011-07-13 07:16:15.909761346,71,1,res_319edab8-eb7f-4de4-965e-0f4c349c020f,2011-07-13 06:59:07.730673346,0.3333333333333333
Case35,Create Purchase Order,res_319edab8-eb7f-4de4-965e-0f4c349c020f,Role 4,2011-07-13 07:23:40.826448328,71,0,res_319edab8-eb7f-4de4-965e-0f4c349c020f,2011-07-13 07:04:39.530160328,0.6666666666666666
Case65,Create Request for Quotation,res_0a189e9f-2074-4f90-8b4c-25a7238139fe,Role 3,2011-07-13 07:25:13.397695856,71,1,res_0a189e9f-2074-4f90-8b4c-25a7238139fe,2011-07-13 07:12:40.401598856,0.3333333333333333
Case64,Create Request for Quotation,res_12ae84dc-2013-49d5-a1c2-578825658fc5,Role 3,2011-07-13 07:28:18.867436929,71,0,res_12ae84dc-2013-49d5-a1c2-578825658fc5,2011-07-13 07:07:51.786158929,0.0
Case40,Create Quotation comparison Map,res_ad433e29-e1d6-463f-8041-ac16f6a1da33,Role 4,2011-07-13 07:31:35.358801582,71,0,res_ad433e29-e1d6-463f-8041-ac16f6a1da33,2011-07-13 07:13:14.491357582,1.0
Case66,Create Request for Quotation,res_318fb49e-f698-45db-a950-8a16e3b2ac50,Role 3,2011-07-13 08:10:46.691558199,71,0,res_318fb49e-f698-45db-a950-8a16e3b2ac50,2011-07-13 07:50:10.915772199,0.0
Case53,Amend Request for Quotation,res_8b540399-35ed-473f-aa75-4e967a7c2b18,Role 1,2011-07-13 08:31:58.298939327,71,0,res_8b540399-35ed-473f-aa75-4e967a7c2b18,2011-07-13 08:07:09.318077327,0.0
Case48,Create Quotation comparison Map,res_ad433e29-e1d6-463f-8041-ac16f6a1da33,Role 4,2011-07-13 10:53:01.735717607,71,0,res_ad433e29-e1d6-463f-8041-ac16f6a1da33,2011-07-13 10:35:49.776320607,0.3333333333333333
Case69,Create Purchase Requisition,res_136bbc95-2887-437f-a41f-50a382be8ee8,Role 1,2011-07-13 10:55:08.861065731,72,0,res_136bbc95-2887-437f-a41f-50a382be8ee8,2011-07-13 10:47:33.442749731,0.0
Case54,Analyze Request for Quotation,res_d86ddd9f-79c7-4190-a797-b51d3b96da67,Role 4,2011-07-13 11:11:11.688346483,72,0,res_d86ddd9f-79c7-4190-a797-b51d3b96da67,2011-07-13 10:54:24.593779483,0.3333333333333333
Case29,Send Invoice,res_74fb9490-fecf-4ad0-b668-d6ef9f8af10e,Role 2,2011-07-13 11:41:57.334613121,72,0,res_74fb9490-fecf-4ad0-b668-d6ef9f8af10e,2011-07-13 11:37:51.188850121,0.0
Case36,Send Request for Quotation to Supplier,res_ad433e29-e1d6-463f-8041-ac16f6a1da33,Role 4,2011-07-13 11:57:54.923393743,71,0,res_ad433e29-e1d6-463f-8041-ac16f6a1da33,2011-07-13 08:07:13.545382743,0.0
Case43,Create Quotation comparison Map,res_319edab8-eb7f-4de4-965e-0f4c349c020f,Role 4,2011-07-13 11:59:33.132297311,72,0,res_319edab8-eb7f-4de4-965e-0f4c349c020f,2011-07-13 11:44:17.743023311,0.3333333333333333
Case46,Settle Conditions With Supplier,res_d86ddd9f-79c7-4190-a797-b51d3b96da67,Role 4,2011-07-13 12:12:12.491661154,72,1,res_d86ddd9f-79c7-4190-a797-b51d3b96da67,2011-07-13 12:02:12.608048154,0.0
Case33,Send Invoice,res_d2ebf689-fdbf-4b28-bdd6-66864b824b16,Role 2,2011-07-13 13:08:15.463986284,72,0,res_d2ebf689-fdbf-4b28-bdd6-66864b824b16,2011-07-13 13:04:09.462663284,0.0
Case30,Send Invoice,res_a1e0a0a1-b1fc-40e5-bbc7-475a550099bd,Role 2,2011-07-13 13:18:45.709428528,72,0,res_a1e0a0a1-b1fc-40e5-bbc7-475a550099bd,2011-07-13 13:14:33.437219528,0.0
Case44,Create Quotation comparison Map,res_d86ddd9f-79c7-4190-a797-b51d3b96da67,Role 4,2011-07-13 13:31:27.881866389,72,0,res_d86ddd9f-79c7-4190-a797-b51d3b96da67,2011-07-13 13:16:12.611003389,0.0
Case25,Release Supplier's Invoice,res_ccd55097-3d24-4e3c-a0f6-173df7f18211,Role 5,2011-07-13 13:40:59.872007891,72,0,res_ccd55097-3d24-4e3c-a0f6-173df7f18211,2011-07-13 13:40:59.872007891,0.0
Case40,Analyze Quotation Comparison Map,res_136bbc95-2887-437f-a41f-50a382be8ee8,Role 1,2011-07-13 13:42:07.546927582,72,0,res_136bbc95-2887-437f-a41f-50a382be8ee8,2011-07-13 13:42:07.543098582,0.0
Case25,Authorize Supplier's Invoice payment,res_1f528794-c18e-4c0b-8159-5b23ac7cee00,Role 5,2011-07-13 13:48:39.955106891,72,0,res_1f528794-c18e-4c0b-8159-5b23ac7cee00,2011-07-13 13:40:59.944548891,0.0
Case47,Analyze Request for Quotation,res_319edab8-eb7f-4de4-965e-0f4c349c020f,Role 4,2011-07-13 14:16:06.999245505,72,0,res_319edab8-eb7f-4de4-965e-0f4c349c020f,2011-07-13 13:59:47.490059505,0.0
Case25,Pay Invoice,res_1f528794-c18e-4c0b-8159-5b23ac7cee00,Role 5,2011-07-13 14:16:36.247023891,72,0,res_1f528794-c18e-4c0b-8159-5b23ac7cee00,2011-07-13 14:16:36.247023891,0.0
Case47,Amend Request for Quotation,res_4bd335b9-e3f0-4209-aa4e-faab83c27374,Role 1,2011-07-13 15:33:05.599244505,71,0,res_4bd335b9-e3f0-4209-aa4e-faab83c27374,2011-07-13 15:08:02.550278505,0.07142857142857142
Case42,Analyze Request for Quotation,res_ad433e29-e1d6-463f-8041-ac16f6a1da33,Role 4,2011-07-13 16:10:11.503786251,71,0,res_ad433e29-e1d6-463f-8041-ac16f6a1da33,2011-07-13 15:53:10.291755251,0.0
Case69,Create Request for Quotation,res_12ae84dc-2013-49d5-a1c2-578825658fc5,Role 3,2011-07-13 16:46:21.025242731,71,0,res_12ae84dc-2013-49d5-a1c2-578825658fc5,2011-07-13 16:26:14.007634731,0.0
Case31,Send Invoice,res_da4787a5-0b43-44c2-94bc-622692086510,Role 2,2011-07-13 16:52:13.711115968,71,0,res_da4787a5-0b43-44c2-94bc-622692086510,2011-07-13 16:47:58.618565968,0.0
Case48,Analyze Quotation Comparison Map,res_4bd335b9-e3f0-4209-aa4e-faab83c27374,Role 1,2011-07-13 17:04:42.937371607,71,0,res_4bd335b9-e3f0-4209-aa4e-faab83c27374,2011-07-13 17:04:42.937371607,0.07142857142857142
Case43,Analyze Quotation Comparison Map,res_c19b4421-dc3f-44f8-90c2-1727cfadff3d,Role 1,2011-07-13 18:20:51.974549311,71,0,res_c19b4421-dc3f-44f8-90c2-1727cfadff3d,2011-07-13 18:20:51.974549311,0.14285714285714285
Case58,Analyze Request for Quotation,res_ad433e29-e1d6-463f-8041-ac16f6a1da33,Role 4,2011-07-13 18:55:56.338880625,71,0,res_ad433e29-e1d6-463f-8041-ac16f6a1da33,2011-07-13 18:39:21.604505625,0.0
Case67,Analyze Purchase Requisition,res_0a189e9f-2074-4f90-8b4c-25a7238139fe,Role 3,2011-07-13 19:03:34.047214087,70,0,res_0a189e9f-2074-4f90-8b4c-25a7238139fe,2011-07-13 19:01:15.463978087,0.0
Case67,Create Request for Quotation,res_12ae84dc-2013-49d5-a1c2-578825658fc5,Role 3,2011-07-13 19:32:23.768447087,70,0,res_12ae84dc-2013-49d5-a1c2-578825658fc5,2011-07-13 19:08:59.600083087,0.0
Case26,Release Supplier's Invoice,res_ccd55097-3d24-4e3c-a0f6-173df7f18211,Role 5,2011-07-13 19:35:28.772481408,70,0,res_ccd55097-3d24-4e3c-a0f6-173df7f18211,2011-07-13 19:35:28.772481408,0.0
Case44,Analyze Quotation Comparison Map,res_8b540399-35ed-473f-aa75-4e967a7c2b18,Role 1,2011-07-13 19:39:48.403918389,70,0,res_8b540399-35ed-473f-aa75-4e967a7c2b18,2011-07-13 19:39:48.403918389,0.21428571428571427
Case26,Authorize Supplier's Invoice payment,res_1f528794-c18e-4c0b-8159-5b23ac7cee00,Role 5,2011-07-13 19:43:38.796599408,70,0,res_1f528794-c18e-4c0b-8159-5b23ac7cee00,2011-07-13 19:35:28.844638408,0.0
Case36,Create Quotation comparison Map,res_ad433e29-e1d6-463f-8041-ac16f6a1da33,Role 4,2011-07-13 19:52:28.065943743,70,0,res_ad433e29-e1d6-463f-8041-ac16f6a1da33,2011-07-13 19:35:16.383324743,0.0
Case26,Pay Invoice,res_1f528794-c18e-4c0b-8159-5b23ac7cee00,Role 5,2011-07-13 20:11:33.775767408,70,0,res_1f528794-c18e-4c0b-8159-5b23ac7cee00,2011-07-13 20:11:33.775767408,0.0
Case68,Analyze Purchase Requisition,res_318fb49e-f698-45db-a950-8a16e3b2ac50,Role 3,2011-07-13 20:55:34.869309304,69,0,res_318fb49e-f698-45db-a950-8a16e3b2ac50,2011-07-13 20:53:14.513509304,0.0
Case40,Choose best option,res_cc8c270f-a566-4350-8a82-77163daf2877,Role 1,2011-07-13 21:00:43.808920582,72,0,res_cc8c270f-a566-4350-8a82-77163daf2877,2011-07-13 13:42:07.570168582,0.0
Case68,Create Request for Quotation,res_0a189e9f-2074-4f90-8b4c-25a7238139fe,Role 3,2011-07-13 21:24:29.577755304,69,0,res_0a189e9f-2074-4f90-8b4c-25a7238139fe,2011-07-13 21:00:56.793214304,0.0
Case51,Analyze Request for Quotation,res_ad433e29-e1d6-463f-8041-ac16f6a1da33,Role 4,2011-07-13 21:32:12.617062911,69,0,res_ad433e29-e1d6-463f-8041-ac16f6a1da33,2011-07-13 21:14:56.207243911,0.0
Case29,Release Supplier's Invoice,res_ccd55097-3d24-4e3c-a0f6-173df7f18211,Role 5,2011-07-14 00:13:37.843887121,69,0,res_ccd55097-3d24-4e3c-a0f6-173df7f18211,2011-07-14 00:13:37.843887121,0.0
Case29,Authorize Supplier's Invoice payment,res_1f528794-c18e-4c0b-8159-5b23ac7cee00,Role 5,2011-07-14 00:23:35.048243121,69,0,res_1f528794-c18e-4c0b-8159-5b23ac7cee00,2011-07-14 00:13:37.931502121,0.0
Case48,Choose best option,res_3e314b03-d6a4-421d-86db-867ce5ab7223,Role 1,2011-07-14 00:30:35.216261607,71,1,res_3e314b03-d6a4-421d-86db-867ce5ab7223,2011-07-13 17:04:42.990772607,0.07142857142857142
Case29,Pay Invoice,res_1f528794-c18e-4c0b-8159-5b23ac7cee00,Role 5,2011-07-14 00:52:38.205774121,69,0,res_1f528794-c18e-4c0b-8159-5b23ac7cee00,2011-07-14 00:52:38.205774121,0.0
Case43,Choose best option,res_3b20902b-7665-4f1a-a001-f40b6e13b8e4,Role 1,2011-07-14 00:57:58.887999311,71,2,res_3b20902b-7665-4f1a-a001-f40b6e13b8e4,2011-07-13 18:20:52.013449311,0.14285714285714285
Case46,Create Purchase Order,res_ad433e29-e1d6-463f-8041-ac16f6a1da33,Role 4,2011-07-14 01:24:47.060109154,68,0,res_ad433e29-e1d6-463f-8041-ac16f6a1da33,2011-07-14 01:00:46.621441154,0.0
Case30,Release Supplier's Invoice,res_1f528794-c18e-4c0b-8159-5b23ac7cee00,Role 5,2011-07-14 01:57:47.517745528,68,0,res_1f528794-c18e-4c0b-8159-5b23ac7cee00,2011-07-14 01:57:47.517745528,0.0
Case44,Choose best option,res_edc8dbfd-009c-447c-9848-9a8d0b6c95fc,Role 1,2011-07-14 02:00:01.369589389,70,3,res_edc8dbfd-009c-447c-9848-9a8d0b6c95fc,2011-07-13 19:39:48.437472389,0.21428571428571427
Case33,Release Supplier's Invoice,res_1f528794-c18e-4c0b-8159-5b23ac7cee00,Role 5,2011-07-14 02:04:17.835337284,68,0,res_1f528794-c18e-4c0b-8159-5b23ac7cee00,2011-07-14 02:04:17.835337284,0.5
Case57,Analyze Request for Quotation,res_319edab8-eb7f-4de4-965e-0f4c349c020f,Role 4,2011-07-14 02:06:55.685133080,68,0,res_319edab8-eb7f-4de4-965e-0f4c349c020f,2011-07-14 01:48:03.251242080,0.0
Case30,Authorize Supplier's Invoice payment,res_1f528794-c18e-4c0b-8159-5b23ac7cee00,Role 5,2011-07-14 02:07:29.106406528,68,0,res_1f528794-c18e-4c0b-8159-5b23ac7cee00,2011-07-14 01:57:47.592556528,0.0
Case36,Analyze Quotation Comparison Map,res_3e314b03-d6a4-421d-86db-867ce5ab7223,Role 1,2011-07-14 02:08:25.531783743,68,0,res_3e314b03-d6a4-421d-86db-867ce5ab7223,2011-07-14 02:08:25.531783743,0.0
Case33,Authorize Supplier's Invoice payment,res_ccd55097-3d24-4e3c-a0f6-173df7f18211,Role 5,2011-07-14 02:13:16.175485284,68,1,res_ccd55097-3d24-4e3c-a0f6-173df7f18211,2011-07-14 02:04:17.980012284,0.5
Case30,Pay Invoice,res_1f528794-c18e-4c0b-8159-5b23ac7cee00,Role 5,2011-07-14 02:38:17.471728528,68,0,res_1f528794-c18e-4c0b-8159-5b23ac7cee00,2011-07-14 02:38:17.471728528,0.0
Case33,Pay Invoice,res_ccd55097-3d24-4e3c-a0f6-173df7f18211,Role 5,2011-07-14 02:43:56.955772284,67,0,res_ccd55097-3d24-4e3c-a0f6-173df7f18211,2011-07-14 02:43:56.955772284,0.0
Case31,Release Supplier's Invoice,res_1f528794-c18e-4c0b-8159-5b23ac7cee00,Role 5,2011-07-14 05:53:06.915645968,66,0,res_1f528794-c18e-4c0b-8159-5b23ac7cee00,2011-07-14 05:53:06.915645968,0.0
Case31,Authorize Supplier's Invoice payment,res_1f528794-c18e-4c0b-8159-5b23ac7cee00,Role 5,2011-07-14 06:01:56.221745968,66,0,res_1f528794-c18e-4c0b-8159-5b23ac7cee00,2011-07-14 05:53:06.984526968,0.0
Case31,Pay Invoice,res_ccd55097-3d24-4e3c-a0f6-173df7f18211,Role 5,2011-07-14 06:32:10.946600968,66,0,res_ccd55097-3d24-4e3c-a0f6-173df7f18211,2011-07-14 06:32:10.946600968,0.0
Case40,Settle Conditions With Supplier,res_319edab8-eb7f-4de4-965e-0f4c349c020f,Role 4,2011-07-14 07:09:00.157228582,65,1,res_319edab8-eb7f-4de4-965e-0f4c349c020f,2011-07-14 06:58:46.906326582,0.0
Case36,Choose best option,res_8b540399-35ed-473f-aa75-4e967a7c2b18,Role 1,2011-07-14 09:19:34.236640743,68,0,res_8b540399-35ed-473f-aa75-4e967a7c2b18,2011-07-14 02:08:25.562396743,0.0
Case43,Settle Conditions With Supplier,res_319edab8-eb7f-4de4-965e-0f4c349c020f,Role 4,2011-07-14 10:52:50.896340311,65,1,res_319edab8-eb7f-4de4-965e-0f4c349c020f,2011-07-14 10:43:06.501640311,0.0
Case48,Settle Conditions With Supplier,res_d86ddd9f-79c7-4190-a797-b51d3b96da67,Role 4,2011-07-14 10:59:07.256490607,65,2,res_d86ddd9f-79c7-4190-a797-b51d3b96da67,2011-07-14 10:48:56.996383607,0.3333333333333333
Case59,Analyze Request for Quotation,res_319edab8-eb7f-4de4-965e-0f4c349c020f,Role 4,2011-07-14 11:21:08.717329515,65,0,res_319edab8-eb7f-4de4-965e-0f4c349c020f,2011-07-14 11:05:11.589527515,0.0
Case44,Settle Conditions With Supplier,res_ad433e29-e1d6-463f-8041-ac16f6a1da33,Role 4,2011-07-14 11:36:43.839326389,65,1,res_ad433e29-e1d6-463f-8041-ac16f6a1da33,2011-07-14 11:27:08.447776389,0.0
Case59,Amend Request for Quotation,res_4bd335b9-e3f0-4209-aa4e-faab83c27374,Role 1,2011-07-14 12:36:51.127195515,65,0,res_4bd335b9-e3f0-4209-aa4e-faab83c27374,2011-07-14 12:11:24.443897515,0.0
Case52,Analyze Request for Quotation,res_ad433e29-e1d6-463f-8041-ac16f6a1da33,Role 4,2011-07-14 13:33:28.342399044,65,0,res_ad433e29-e1d6-463f-8041-ac16f6a1da33,2011-07-14 13:16:24.088683044,0.0
Case56,Analyze Request for Quotation,res_319edab8-eb7f-4de4-965e-0f4c349c020f,Role 4,2011-07-14 17:00:37.820030155,65,0,res_319edab8-eb7f-4de4-965e-0f4c349c020f,2011-07-14 16:43:37.875015155,0.0
Case35,Confirm Purchase Order,res_d2ebf689-fdbf-4b28-bdd6-66864b824b16,Role 2,2011-07-14 17:13:46.173653328,70,0,res_d2ebf689-fdbf-4b28-bdd6-66864b824b16,2011-07-13 19:27:54.135302328,0.0
Case40,Create Purchase Order,res_319edab8-eb7f-4de4-965e-0f4c349c020f,Role 4,2011-07-14 19:40:14.569853582,65,0,res_319edab8-eb7f-4de4-965e-0f4c349c020f,2011-07-14 19:19:18.680755582,0.6666666666666666
Case63,Analyze Request for Quotation,res_ad433e29-e1d6-463f-8041-ac16f6a1da33,Role 4,2011-07-14 20:35:22.152273921,65,0,res_ad433e29-e1d6-463f-8041-ac16f6a1da33,2011-07-14 20:17:41.724210921,0.6666666666666666
Case55,Send Request for Quotation to Supplier,res_319edab8-eb7f-4de4-965e-0f4c349c020f,Role 4,2011-07-14 21:25:37.996698346,65,0,res_319edab8-eb7f-4de4-965e-0f4c349c020f,2011-07-14 17:26:28.937288346,0.0
Case63,Amend Request for Quotation,res_1fb03551-690a-4dc0-accf-65ec0c01ceff,Role 1,2011-07-14 21:51:17.993819921,65,0,res_1fb03551-690a-4dc0-accf-65ec0c01ceff,2011-07-14 21:27:26.036516921,0.0
Case39,Analyze Request for Quotation,res_319edab8-eb7f-4de4-965e-0f4c349c020f,Role 4,2011-07-14 21:56:35.997214715,65,0,res_319edab8-eb7f-4de4-965e-0f4c349c020f,2011-07-14 21:38:11.056627715,0.6666666666666666
Case70,Create Purchase Requisition,res_ab15a275-1103-4c19-928b-ef4356a53bb9,Role 1,2011-07-14 22:01:00.268440112,66,0,res_ab15a275-1103-4c19-928b-ef4356a53bb9,2011-07-14 21:53:52.765751112,0.0
Case49,Send Request for Quotation to Supplier,res_319edab8-eb7f-4de4-965e-0f4c349c020f,Role 4,2011-07-14 22:47:34.379402418,65,1,res_319edab8-eb7f-4de4-965e-0f4c349c020f,2011-07-14 19:08:21.860246418,0.3333333333333333
Case43,Create Purchase Order,res_ad433e29-e1d6-463f-8041-ac16f6a1da33,Role 4,2011-07-14 22:50:27.383403311,65,0,res_ad433e29-e1d6-463f-8041-ac16f6a1da33,2011-07-14 22:27:36.085095311,0.6666666666666666
Case36,Settle Conditions With Supplier,res_d86ddd9f-79c7-4190-a797-b51d3b96da67,Role 4,2011-07-14 23:08:34.643145743,65,1,res_d86ddd9f-79c7-4190-a797-b51d3b96da67,2011-07-14 22:58:26.281644743,0.3333333333333333
Case61,Analyze Request for Quotation,res_ad433e29-e1d6-463f-8041-ac16f6a1da33,Role 4,2011-07-15 00:15:16.580698710,65,0,res_ad433e29-e1d6-463f-8041-ac16f6a1da33,2011-07-14 23:58:46.755044710,0.3333333333333333
Case71,Create Purchase Requisition,res_c19b4421-dc3f-44f8-90c2-1727cfadff3d,Role 1,2011-07-15 00:26:30.862108126,66,0,res_c19b4421-dc3f-44f8-90c2-1727cfadff3d,2011-07-15 00:19:16.666687126,0.0
Case44,Create Purchase Order,res_d86ddd9f-79c7-4190-a797-b51d3b96da67,Role 4,2011-07-15 00:30:03.593123389,65,0,res_d86ddd9f-79c7-4190-a797-b51d3b96da67,2011-07-15 00:07:08.624830389,0.6666666666666666
Case42,Send Request for Quotation to Supplier,res_d86ddd9f-79c7-4190-a797-b51d3b96da67,Role 4,2011-07-15 01:13:00.578028251,65,2,res_d86ddd9f-79c7-4190-a797-b51d3b96da67,2011-07-14 21:09:16.008977251,0.6666666666666666
Case61,Amend Request for Quotation,res_1fb03551-690a-4dc0-accf-65ec0c01ceff,Role 1,2011-07-15 01:31:51.212678710,66,0,res_1fb03551-690a-4dc0-accf-65ec0c01ceff,2011-07-15 01:07:31.433113710,0.0
Case48,Create Purchase Order,res_ad433e29-e1d6-463f-8041-ac16f6a1da33,Role 4,2011-07-15 02:14:03.752790607,66,0,res_ad433e29-e1d6-463f-8041-ac16f6a1da33,2011-07-15 01:52:10.044902607,0.0
Case55,Create Quotation comparison Map,res_319edab8-eb7f-4de4-965e-0f4c349c020f,Role 4,2011-07-15 03:20:40.544624346,66,0,res_319edab8-eb7f-4de4-965e-0f4c349c020f,2011-07-15 02:59:16.874201346,0.0
Case53,Analyze Request for Quotation,res_d86ddd9f-79c7-4190-a797-b51d3b96da67,Role 4,2011-07-15 03:20:55.238339327,66,0,res_d86ddd9f-79c7-4190-a797-b51d3b96da67,2011-07-15 03:01:17.050965327,0.3333333333333333
Case70,Create Request for Quotation,res_318fb49e-f698-45db-a950-8a16e3b2ac50,Role 3,2011-07-15 04:02:46.502912112,66,0,res_318fb49e-f698-45db-a950-8a16e3b2ac50,2011-07-15 03:44:13.709175112,0.0
Case72,Create Purchase Requisition,res_c19b4421-dc3f-44f8-90c2-1727cfadff3d,Role 1,2011-07-15 04:27:57.146432386,67,0,res_c19b4421-dc3f-44f8-90c2-1727cfadff3d,2011-07-15 04:20:27.359705386,0.0
Case71,Create Request for Quotation,res_12ae84dc-2013-49d5-a1c2-578825658fc5,Role 3,2011-07-15 05:29:05.354490126,67,0,res_12ae84dc-2013-49d5-a1c2-578825658fc5,2011-07-15 05:09:59.480199126,0.0
Case49,Create Quotation comparison Map,res_d86ddd9f-79c7-4190-a797-b51d3b96da67,Role 4,2011-07-15 05:32:18.623672418,67,0,res_d86ddd9f-79c7-4190-a797-b51d3b96da67,2011-07-15 05:13:44.501397418,0.3333333333333333
Case54,Send Request for Quotation to Supplier,res_d86ddd9f-79c7-4190-a797-b51d3b96da67,Role 4,2011-07-15 06:35:21.315467483,66,0,res_d86ddd9f-79c7-4190-a797-b51d3b96da67,2011-07-15 03:16:52.995979483,0.6666666666666666
Case62,Analyze Request for Quotation,res_d86ddd9f-79c7-4190-a797-b51d3b96da67,Role 4,2011-07-15 06:55:56.116287344,67,0,res_d86ddd9f-79c7-4190-a797-b51d3b96da67,2011-07-15 06:36:57.498360344,0.0
Case42,Create Quotation comparison Map,res_d86ddd9f-79c7-4190-a797-b51d3b96da67,Role 4,2011-07-15 09:26:08.192372251,67,0,res_d86ddd9f-79c7-4190-a797-b51d3b96da67,2011-07-15 09:08:41.072833251,0.3333333333333333
Case55,Analyze Quotation Comparison Map,res_3e314b03-d6a4-421d-86db-867ce5ab7223,Role 1,2011-07-15 09:39:59.800045346,67,0,res_3e314b03-d6a4-421d-86db-867ce5ab7223,2011-07-15 09:39:59.800045346,0.0
Case51,Send Request for Quotation to Supplier,res_d86ddd9f-79c7-4190-a797-b51d3b96da67,Role 4,2011-07-15 10:05:14.899421911,67,0,res_d86ddd9f-79c7-4190-a797-b51d3b96da67,2011-07-15 06:41:49.720973911,0.3333333333333333
Case36,Create Purchase Order,res_ad433e29-e1d6-463f-8041-ac16f6a1da33,Role 4,2011-07-15 10:11:45.032303743,67,0,res_ad433e29-e1d6-463f-8041-ac16f6a1da33,2011-07-15 09:53:42.942519743,0.3333333333333333
Case49,Analyze Quotation Comparison Map,res_9773379d-f89d-4832-bfda-e91968982280,Role 1,2011-07-15 12:18:09.117446418,67,0,res_9773379d-f89d-4832-bfda-e91968982280,2011-07-15 12:18:09.117446418,0.07142857142857142
Case54,Create Quotation comparison Map,res_d86ddd9f-79c7-4190-a797-b51d3b96da67,Role 4,2011-07-15 14:41:36.550771483,67,0,res_d86ddd9f-79c7-4190-a797-b51d3b96da67,2011-07-15 14:24:45.152980483,0.0
Case42,Analyze Quotation Comparison Map,res_0b9cf306-e11d-4cfb-b0e0-b2b7e6918c5d,Role 1,2011-07-15 15:55:48.326760251,67,0,res_0b9cf306-e11d-4cfb-b0e0-b2b7e6918c5d,2011-07-15 15:55:48.326760251,0.14285714285714285
Case55,Choose best option,res_0b9cf306-e11d-4cfb-b0e0-b2b7e6918c5d,Role 1,2011-07-15 18:26:47.019601346,67,0,res_0b9cf306-e11d-4cfb-b0e0-b2b7e6918c5d,2011-07-15 09:39:59.823937346,0.0
Case51,Create Quotation comparison Map,res_ad433e29-e1d6-463f-8041-ac16f6a1da33,Role 4,2011-07-15 19:19:34.482971911,67,0,res_ad433e29-e1d6-463f-8041-ac16f6a1da33,2011-07-15 19:01:09.706906911,0.0
Case49,Choose best option,res_ab15a275-1103-4c19-928b-ef4356a53bb9,Role 1,2011-07-15 19:56:36.286647418,67,1,res_ab15a275-1103-4c19-928b-ef4356a53bb9,2011-07-15 12:18:09.137098418,0.07142857142857142
Case54,Analyze Quotation Comparison Map,res_cc8c270f-a566-4350-8a82-77163daf2877,Role 1,2011-07-15 21:02:15.039982483,67,0,res_cc8c270f-a566-4350-8a82-77163daf2877,2011-07-15 21:02:15.039982483,0.07142857142857142
Case72,Analyze Purchase Requisition,res_0a189e9f-2074-4f90-8b4c-25a7238139fe,Role 3,2011-07-15 21:44:50.847231386,67,0,res_0a189e9f-2074-4f90-8b4c-25a7238139fe,2011-07-15 21:42:26.816952386,0.0
Case42,Choose best option,res_8b540399-35ed-473f-aa75-4e967a7c2b18,Role 1,2011-07-15 21:57:38.250818251,67,2,res_8b540399-35ed-473f-aa75-4e967a7c2b18,2011-07-15 15:55:48.366392251,0.14285714285714285
Case72,Create Request for Quotation,res_0a189e9f-2074-4f90-8b4c-25a7238139fe,Role 3,2011-07-15 22:15:09.959913386,67,0,res_0a189e9f-2074-4f90-8b4c-25a7238139fe,2011-07-15 21:50:18.427673386,0.0
Case57,Send Request for Quotation to Supplier,res_ad433e29-e1d6-463f-8041-ac16f6a1da33,Role 4,2011-07-15 23:30:44.250544080,67,0,res_ad433e29-e1d6-463f-8041-ac16f6a1da33,2011-07-15 20:17:28.806866080,0.0
Case46,Confirm Purchase Order,res_d2ebf689-fdbf-4b28-bdd6-66864b824b16,Role 2,2011-07-16 00:49:17.267819154,66,0,res_d2ebf689-fdbf-4b28-bdd6-66864b824b16,2011-07-15 02:19:50.189222154,0.0
Case51,Analyze Quotation Comparison Map,res_cc8c270f-a566-4350-8a82-77163daf2877,Role 1,2011-07-16 01:33:05.724706911,67,0,res_cc8c270f-a566-4350-8a82-77163daf2877,2011-07-16 01:33:05.724706911,0.07142857142857142
Case60,Analyze Request for Quotation,res_d86ddd9f-79c7-4190-a797-b51d3b96da67,Role 4,2011-07-16 01:39:58.148137934,67,0,res_d86ddd9f-79c7-4190-a797-b51d3b96da67,2011-07-16 01:23:19.944519934,0.0
Case55,Settle Conditions With Supplier,res_d86ddd9f-79c7-4190-a797-b51d3b96da67,Role 4,2011-07-16 02:54:16.519788346,67,1,res_d86ddd9f-79c7-4190-a797-b51d3b96da67,2011-07-16 02:44:07.244061346,0.3333333333333333
Case60,Amend Request for Quotation,res_ab15a275-1103-4c19-928b-ef4356a53bb9,Role 1,2011-07-16 02:56:42.279364934,67,0,res_ab15a275-1103-4c19-928b-ef4356a53bb9,2011-07-16 02:31:47.840583934,0.14285714285714285
Case35,Deliver Goods Services,res_3297ac94-204b-4466-9748-2203439519b4,Role 2,2011-07-16 04:13:18.586755328,67,2,res_3297ac94-204b-4466-9748-2203439519b4,2011-07-16 04:12:18.501539328,0.8
Case54,Choose best option,res_cc8c270f-a566-4350-8a82-77163daf2877,Role 1,2011-07-16 04:19:57.220256483,67,1,res_cc8c270f-a566-4350-8a82-77163daf2877,2011-07-15 21:02:15.062408483,0.07142857142857142
Case49,Settle Conditions With Supplier,res_d86ddd9f-79c7-4190-a797-b51d3b96da67,Role 4,2011-07-16 04:52:58.081932418,67,1,res_d86ddd9f-79c7-4190-a797-b51d3b96da67,2011-07-16 04:42:53.202180418,0.3333333333333333
Case64,Analyze Request for Quotation,res_ad433e29-e1d6-463f-8041-ac16f6a1da33,Role 4,2011-07-16 05:06:15.775646929,67,0,res_ad433e29-e1d6-463f-8041-ac16f6a1da33,2011-07-16 04:49:36.732634929,0.6666666666666666
Case65,Analyze Request for Quotation,res_ad433e29-e1d6-463f-8041-ac16f6a1da33,Role 4,2011-07-16 05:19:44.182989856,67,1,res_ad433e29-e1d6-463f-8041-ac16f6a1da33,2011-07-16 05:03:42.986360856,0.6666666666666666
Case52,Send Request for Quotation to Supplier,res_ad433e29-e1d6-463f-8041-ac16f6a1da33,Role 4,2011-07-16 05:20:34.997121044,67,0,res_ad433e29-e1d6-463f-8041-ac16f6a1da33,2011-07-16 01:24:58.036654044,0.3333333333333333
Case64,Amend Request for Quotation,res_0b9cf306-e11d-4cfb-b0e0-b2b7e6918c5d,Role 1,2011-07-16 06:21:03.641200929,67,0,res_0b9cf306-e11d-4cfb-b0e0-b2b7e6918c5d,2011-07-16 05:56:04.003601929,0.07142857142857142
Case57,Create Quotation comparison Map,res_d86ddd9f-79c7-4190-a797-b51d3b96da67,Role 4,2011-07-16 06:23:07.996392080,67,0,res_d86ddd9f-79c7-4190-a797-b51d3b96da67,2011-07-16 06:06:28.620955080,0.0
Case66,Analyze Request for Quotation,res_ad433e29-e1d6-463f-8041-ac16f6a1da33,Role 4,2011-07-16 08:00:56.729563199,67,0,res_ad433e29-e1d6-463f-8041-ac16f6a1da33,2011-07-16 07:44:53.456411199,0.0
Case63,Analyze Request for Quotation,res_d86ddd9f-79c7-4190-a797-b51d3b96da67,Role 4,2011-07-16 08:57:18.410407921,66,0,res_d86ddd9f-79c7-4190-a797-b51d3b96da67,2011-07-16 08:40:00.312868921,0.0
Case51,Choose best option,res_3b20902b-7665-4f1a-a001-f40b6e13b8e4,Role 1,2011-07-16 09:09:01.806182911,67,1,res_3b20902b-7665-4f1a-a001-f40b6e13b8e4,2011-07-16 01:33:05.740492911,0.07142857142857142
Case68,Analyze Request for Quotation,res_319edab8-eb7f-4de4-965e-0f4c349c020f,Role 4,2011-07-16 10:19:26.979650304,66,0,res_319edab8-eb7f-4de4-965e-0f4c349c020f,2011-07-16 10:03:18.205437304,0.0
Case35,Release Purchase Order,res_ab15a275-1103-4c19-928b-ef4356a53bb9,Role 1,2011-07-16 11:04:30.111405328,66,0,res_ab15a275-1103-4c19-928b-ef4356a53bb9,2011-07-16 11:03:31.515527328,0.0
Case55,Create Purchase Order,res_d86ddd9f-79c7-4190-a797-b51d3b96da67,Role 4,2011-07-16 11:18:35.024432346,66,0,res_d86ddd9f-79c7-4190-a797-b51d3b96da67,2011-07-16 10:59:55.216794346,0.0
Case68,Amend Request for Quotation,res_0b9cf306-e11d-4cfb-b0e0-b2b7e6918c5d,Role 1,2011-07-16 11:36:00.721538304,66,0,res_0b9cf306-e11d-4cfb-b0e0-b2b7e6918c5d,2011-07-16 11:10:31.940304304,0.0
Case54,Settle Conditions With Supplier,res_ad433e29-e1d6-463f-8041-ac16f6a1da33,Role 4,2011-07-16 11:40:59.705267483,66,1,res_ad433e29-e1d6-463f-8041-ac16f6a1da33,2011-07-16 11:31:05.129702483,0.0
Case67,Analyze Request for Quotation,res_ad433e29-e1d6-463f-8041-ac16f6a1da33,Role 4,2011-07-16 11:51:06.054688087,66,0,res_ad433e29-e1d6-463f-8041-ac16f6a1da33,2011-07-16 11:35:24.801297087,0.3333333333333333
Case49,Create Purchase Order,res_ad433e29-e1d6-463f-8041-ac16f6a1da33,Role 4,2011-07-16 12:47:02.875873418,66,0,res_ad433e29-e1d6-463f-8041-ac16f6a1da33,2011-07-16 12:28:03.684502418,0.0
Case57,Analyze Quotation Comparison Map,res_4bd335b9-e3f0-4209-aa4e-faab83c27374,Role 1,2011-07-16 12:57:57.334886080,66,0,res_4bd335b9-e3f0-4209-aa4e-faab83c27374,2011-07-16 12:57:57.334537080,0.0
Case52,Create Quotation comparison Map,res_319edab8-eb7f-4de4-965e-0f4c349c020f,Role 4,2011-07-16 13:22:48.729095044,66,0,res_319edab8-eb7f-4de4-965e-0f4c349c020f,2011-07-16 13:05:37.098179044,0.0
Case73,Create Purchase Requisition,res_9773379d-f89d-4832-bfda-e91968982280,Role 1,2011-07-16 13:58:09.171514500,67,0,res_9773379d-f89d-4832-bfda-e91968982280,2011-07-16 13:50:34.839220500,0.07142857142857142
Case42,Settle Conditions With Supplier,res_ad433e29-e1d6-463f-8041-ac16f6a1da33,Role 4,2011-07-16 14:00:12.478167251,66,1,res_ad433e29-e1d6-463f-8041-ac16f6a1da33,2011-07-16 13:50:32.670341251,0.0
Case51,Settle Conditions With Supplier,res_ad433e29-e1d6-463f-8041-ac16f6a1da33,Role 4,2011-07-16 15:10:21.347164911,67,1,res_ad433e29-e1d6-463f-8041-ac16f6a1da33,2011-07-16 15:00:35.274679911,0.3333333333333333
Case56,Send Request for Quotation to Supplier,res_ad433e29-e1d6-463f-8041-ac16f6a1da33,Role 4,2011-07-16 17:34:22.344488155,67,0,res_ad433e29-e1d6-463f-8041-ac16f6a1da33,2011-07-16 14:26:01.742362155,0.0
Case54,Create Purchase Order,res_319edab8-eb7f-4de4-965e-0f4c349c020f,Role 4,2011-07-16 19:13:56.559341483,67,0,res_319edab8-eb7f-4de4-965e-0f4c349c020f,2011-07-16 18:52:47.883632483,0.0
Case52,Analyze Quotation Comparison Map,res_0b9cf306-e11d-4cfb-b0e0-b2b7e6918c5d,Role 1,2011-07-16 19:50:35.397661044,67,0,res_0b9cf306-e11d-4cfb-b0e0-b2b7e6918c5d,2011-07-16 19:50:35.397661044,0.07142857142857142
Case40,Confirm Purchase Order,res_3297ac94-204b-4466-9748-2203439519b4,Role 2,2011-07-16 20:06:57.751335582,67,1,res_3297ac94-204b-4466-9748-2203439519b4,2011-07-15 20:28:42.141798582,0.2
Case57,Choose best option,res_136bbc95-2887-437f-a41f-50a382be8ee8,Role 1,2011-07-16 20:44:42.492432080,66,0,res_136bbc95-2887-437f-a41f-50a382be8ee8,2011-07-16 12:57:57.352122080,0.0
Case43,Confirm Purchase Order,res_da4787a5-0b43-44c2-94bc-622692086510,Role 2,2011-07-16 21:06:20.171857311,67,2,res_da4787a5-0b43-44c2-94bc-622692086510,2011-07-15 21:54:42.237424311,0.4
Case35,Approve Purchase Order for payment,res_319edab8-eb7f-4de4-965e-0f4c349c020f,Role 4,2011-07-16 22:05:37.480709328,67,0,res_319edab8-eb7f-4de4-965e-0f4c349c020f,2011-07-16 22:05:37.476024328,0.6666666666666666
Case51,Create Purchase Order,res_ad433e29-e1d6-463f-8041-ac16f6a1da33,Role 4,2011-07-16 22:23:35.798412911,67,0,res_ad433e29-e1d6-463f-8041-ac16f6a1da33,2011-07-16 22:00:52.991564911,0.3333333333333333
Case44,Confirm Purchase Order,res_3297ac94-204b-4466-9748-2203439519b4,Role 2,2011-07-16 23:03:32.055721389,67,3,res_3297ac94-204b-4466-9748-2203439519b4,2011-07-16 00:25:45.002913389,0.6
Case53,Send Request for Quotation to Supplier,res_ad433e29-e1d6-463f-8041-ac16f6a1da33,Role 4,2011-07-16 23:25:06.506809327,67,0,res_ad433e29-e1d6-463f-8041-ac16f6a1da33,2011-07-16 19:47:50.493213327,0.0
Case56,Create Quotation comparison Map,res_319edab8-eb7f-4de4-965e-0f4c349c020f,Role 4,2011-07-17 00:35:46.521415155,67,0,res_319edab8-eb7f-4de4-965e-0f4c349c020f,2011-07-17 00:17:05.038652155,0.0
Case48,Confirm Purchase Order,res_da4787a5-0b43-44c2-94bc-622692086510,Role 2,2011-07-17 02:00:30.445945607,67,3,res_da4787a5-0b43-44c2-94bc-622692086510,2011-07-16 03:32:43.687478607,0.6
Case52,Choose best option,res_349907e7-8968-4ad0-8af7-bbf3079b5952,Role 1,2011-07-17 02:15:31.709945044,67,1,res_349907e7-8968-4ad0-8af7-bbf3079b5952,2011-07-16 19:50:35.431051044,0.07142857142857142
Case42,Create Purchase Order,res_319edab8-eb7f-4de4-965e-0f4c349c020f,Role 4,2011-07-17 03:05:41.781533251,67,0,res_319edab8-eb7f-4de4-965e-0f4c349c020f,2011-07-17 02:45:54.357578251,0.0
Case73,Analyze Purchase Requisition,res_318fb49e-f698-45db-a950-8a16e3b2ac50,Role 3,2011-07-17 04:52:12.960960500,67,0,res_318fb49e-f698-45db-a950-8a16e3b2ac50,2011-07-17 04:49:46.484291500,0.0
Case57,Settle Conditions With Supplier,res_d86ddd9f-79c7-4190-a797-b51d3b96da67,Role 4,2011-07-17 04:52:48.537787080,67,1,res_d86ddd9f-79c7-4190-a797-b51d3b96da67,2011-07-17 04:42:38.177989080,0.0
Case73,Create Request for Quotation,res_0a189e9f-2074-4f90-8b4c-25a7238139fe,Role 3,2011-07-17 05:21:39.646517500,67,0,res_0a189e9f-2074-4f90-8b4c-25a7238139fe,2011-07-17 04:56:57.054747500,0.0
Case53,Create Quotation comparison Map,res_ad433e29-e1d6-463f-8041-ac16f6a1da33,Role 4,2011-07-17 06:07:00.979579327,67,0,res_ad433e29-e1d6-463f-8041-ac16f6a1da33,2011-07-17 05:49:39.118509327,0.0
Case56,Analyze Quotation Comparison Map,res_0b9cf306-e11d-4cfb-b0e0-b2b7e6918c5d,Role 1,2011-07-17 07:02:49.765050155,67,0,res_0b9cf306-e11d-4cfb-b0e0-b2b7e6918c5d,2011-07-17 07:02:49.760787155,0.0
Case36,Confirm Purchase Order,res_74fb9490-fecf-4ad0-b668-d6ef9f8af10e,Role 2,2011-07-17 09:03:14.593535743,66,4,res_74fb9490-fecf-4ad0-b668-d6ef9f8af10e,2011-07-16 08:51:37.424141743,0.8
Case47,Analyze Request for Quotation,res_319edab8-eb7f-4de4-965e-0f4c349c020f,Role 4,2011-07-17 10:27:47.675993505,67,0,res_319edab8-eb7f-4de4-965e-0f4c349c020f,2011-07-17 10:09:27.113771505,0.3333333333333333
Case69,Analyze Request for Quotation,res_d86ddd9f-79c7-4190-a797-b51d3b96da67,Role 4,2011-07-17 10:36:14.337201731,67,1,res_d86ddd9f-79c7-4190-a797-b51d3b96da67,2011-07-17 10:19:26.702667731,0.6666666666666666
Case57,Create Purchase Order,res_ad433e29-e1d6-463f-8041-ac16f6a1da33,Role 4,2011-07-17 11:46:52.000802080,67,0,res_ad433e29-e1d6-463f-8041-ac16f6a1da33,2011-07-17 11:27:54.600554080,0.3333333333333333
Case52,Settle Conditions With Supplier,res_319edab8-eb7f-4de4-965e-0f4c349c020f,Role 4,2011-07-17 12:09:47.360948044,67,1,res_319edab8-eb7f-4de4-965e-0f4c349c020f,2011-07-17 11:59:45.157758044,0.3333333333333333
Case62,Send Request for Quotation to Supplier,res_d86ddd9f-79c7-4190-a797-b51d3b96da67,Role 4,2011-07-17 12:20:48.018507344,67,0,res_d86ddd9f-79c7-4190-a797-b51d3b96da67,2011-07-17 09:32:00.443457344,0.0
Case53,Analyze Quotation Comparison Map,res_3e314b03-d6a4-421d-86db-867ce5ab7223,Role 1,2011-07-17 12:55:38.836274327,67,0,res_3e314b03-d6a4-421d-86db-867ce5ab7223,2011-07-17 12:55:38.836274327,0.07142857142857142
Case56,Choose best option,res_04fcb212-88f2-4592-9cf9-5bad9a85cb21,Role 1,2011-07-17 14:51:21.561195155,67,0,res_04fcb212-88f2-4592-9cf9-5bad9a85cb21,2011-07-17 07:02:49.784067155,0.0
Case59,Analyze Request for Quotation,res_ad433e29-e1d6-463f-8041-ac16f6a1da33,Role 4,2011-07-17 16:55:38.266386515,67,0,res_ad433e29-e1d6-463f-8041-ac16f6a1da33,2011-07-17 16:38:54.896092515,0.3333333333333333
Case63,Send Request for Quotation to Supplier,res_319edab8-eb7f-4de4-965e-0f4c349c020f,Role 4,2011-07-17 17:35:26.696325921,67,0,res_319edab8-eb7f-4de4-965e-0f4c349c020f,2011-07-17 14:30:05.436194921,0.0
Case62,Create Quotation comparison Map,res_d86ddd9f-79c7-4190-a797-b51d3b96da67,Role 4,2011-07-17 18:37:36.902566344,66,0,res_d86ddd9f-79c7-4190-a797-b51d3b96da67,2011-07-17 18:20:55.612942344,0.0
Case71,Analyze Request for Quotation,res_d86ddd9f-79c7-4190-a797-b51d3b96da67,Role 4,2011-07-17 18:50:46.891711126,66,0,res_d86ddd9f-79c7-4190-a797-b51d3b96da67,2011-07-17 18:35:20.480129126,0.3333333333333333
Case52,Create Purchase Order,res_d86ddd9f-79c7-4190-a797-b51d3b96da67,Role 4,2011-07-17 19:23:33.083387044,65,0,res_d86ddd9f-79c7-4190-a797-b51d3b96da67,2011-07-17 19:05:47.639927044,0.0
Case60,Analyze Request for Quotation,res_319edab8-eb7f-4de4-965e-0f4c349c020f,Role 4,2011-07-17 20:58:19.030218934,65,0,res_319edab8-eb7f-4de4-965e-0f4c349c020f,2011-07-17 20:40:43.902213934,0.0
Case35,Send Invoice,res_3297ac94-204b-4466-9748-2203439519b4,Role 2,2011-07-17 21:15:37.891757328,64,0,res_3297ac94-204b-4466-9748-2203439519b4,2011-07-17 21:11:21.412520328,0.6
Case56,Settle Conditions With Supplier,res_ad433e29-e1d6-463f-8041-ac16f6a1da33,Role 4,2011-07-17 21:32:09.451055155,64,1,res_ad433e29-e1d6-463f-8041-ac16f6a1da33,2011-07-17 21:22:16.513291155,0.0
Case53,Choose best option,res_c19b4421-dc3f-44f8-90c2-1727cfadff3d,Role 1,2011-07-17 21:58:33.859647327,67,1,res_c19b4421-dc3f-44f8-90c2-1727cfadff3d,2011-07-17 12:55:38.872056327,0.07142857142857142
Case70,Analyze Request for Quotation,res_d86ddd9f-79c7-4190-a797-b51d3b96da67,Role 4,2011-07-17 22:19:57.492803112,64,0,res_d86ddd9f-79c7-4190-a797-b51d3b96da67,2011-07-17 22:04:02.262788112,0.0
Case46,Deliver Goods Services,res_da4787a5-0b43-44c2-94bc-622692086510,Role 2,2011-07-17 23:07:27.084847154,63,2,res_da4787a5-0b43-44c2-94bc-622692086510,2011-07-17 23:06:26.727147154,0.8
Case63,Create Quotation comparison Map,res_319edab8-eb7f-4de4-965e-0f4c349c020f,Role 4,2011-07-17 23:10:18.560842921,63,0,res_319edab8-eb7f-4de4-965e-0f4c349c020f,2011-07-17 22:53:26.055985921,0.0
Case62,Analyze Quotation Comparison Map,res_1fb03551-690a-4dc0-accf-65ec0c01ceff,Role 1,2011-07-18 01:10:12.914131344,63,0,res_1fb03551-690a-4dc0-accf-65ec0c01ceff,2011-07-18 01:10:12.912719344,0.0
Case64,Analyze Request for Quotation,res_319edab8-eb7f-4de4-965e-0f4c349c020f,Role 4,2011-07-18 02:51:07.766855929,63,0,res_319edab8-eb7f-4de4-965e-0f4c349c020f,2011-07-18 02:33:10.870471929,0.0
Case56,Create Purchase Order,res_d86ddd9f-79c7-4190-a797-b51d3b96da67,Role 4,2011-07-18 04:04:01.091342155,63,0,res_d86ddd9f-79c7-4190-a797-b51d3b96da67,2011-07-18 03:40:28.160504155,0.0
Case64,Amend Request for Quotation,res_3e314b03-d6a4-421d-86db-867ce5ab7223,Role 1,2011-07-18 04:06:49.508071929,63,0,res_3e314b03-d6a4-421d-86db-867ce5ab7223,2011-07-18 03:42:38.206642929,0.07142857142857142
Case63,Analyze Quotation Comparison Map,res_8b540399-35ed-473f-aa75-4e967a7c2b18,Role 1,2011-07-18 05:28:54.147291921,63,0,res_8b540399-35ed-473f-aa75-4e967a7c2b18,2011-07-18 05:28:54.142594921,0.07142857142857142
Case46,Release Purchase Order,res_4bd335b9-e3f0-4209-aa4e-faab83c27374,Role 1,2011-07-18 05:57:54.233578154,63,0,res_4bd335b9-e3f0-4209-aa4e-faab83c27374,2011-07-18 05:56:56.110107154,0.14285714285714285
Case65,Send Request for Quotation to Supplier,res_319edab8-eb7f-4de4-965e-0f4c349c020f,Role 4,2011-07-18 07:08:39.566593856,63,0,res_319edab8-eb7f-4de4-965e-0f4c349c020f,2011-07-18 04:34:26.960236856,0.0
Case53,Settle Conditions With Supplier,res_d86ddd9f-79c7-4190-a797-b51d3b96da67,Role 4,2011-07-18 08:15:23.296326327,63,1,res_d86ddd9f-79c7-4190-a797-b51d3b96da67,2011-07-18 08:05:15.534549327,0.3333333333333333
Case61,Analyze Request for Quotation,res_ad433e29-e1d6-463f-8041-ac16f6a1da33,Role 4,2011-07-18 08:21:52.078222710,63,0,res_ad433e29-e1d6-463f-8041-ac16f6a1da33,2011-07-18 08:05:10.422916710,0.0
Case55,Confirm Purchase Order,res_a1e0a0a1-b1fc-40e5-bbc7-475a550099bd,Role 2,2011-07-18 08:47:52.646593346,67,0,res_a1e0a0a1-b1fc-40e5-bbc7-475a550099bd,2011-07-17 09:58:51.152846346,0.0
Case62,Choose best option,res_0b9cf306-e11d-4cfb-b0e0-b2b7e6918c5d,Role 1,2011-07-18 08:58:38.420888344,63,0,res_0b9cf306-e11d-4cfb-b0e0-b2b7e6918c5d,2011-07-18 01:10:12.943506344,0.0
Case61,Amend Request for Quotation,res_8b540399-35ed-473f-aa75-4e967a7c2b18,Role 1,2011-07-18 09:39:43.769574710,63,0,res_8b540399-35ed-473f-aa75-4e967a7c2b18,2011-07-18 09:14:52.612350710,0.07142857142857142
Case35,Release Supplier's Invoice,res_1f528794-c18e-4c0b-8159-5b23ac7cee00,Role 5,2011-07-18 10:06:33.409838328,63,0,res_1f528794-c18e-4c0b-8159-5b23ac7cee00,2011-07-18 10:06:33.409838328,0.0
Case35,Authorize Supplier's Invoice payment,res_ccd55097-3d24-4e3c-a0f6-173df7f18211,Role 5,2011-07-18 10:14:21.022687328,63,0,res_ccd55097-3d24-4e3c-a0f6-173df7f18211,2011-07-18 10:06:33.483800328,0.0
Case35,Pay Invoice,res_1f528794-c18e-4c0b-8159-5b23ac7cee00,Role 5,2011-07-18 10:43:07.596043328,63,0,res_1f528794-c18e-4c0b-8159-5b23ac7cee00,2011-07-18 10:43:07.596043328,0.0
Case65,Create Quotation comparison Map,res_319edab8-eb7f-4de4-965e-0f4c349c020f,Role 4,2011-07-18 12:23:37.213102856,62,0,res_319edab8-eb7f-4de4-965e-0f4c349c020f,2011-07-18 12:08:04.732117856,0.0
Case74,Create Purchase Requisition,res_ab15a275-1103-4c19-928b-ef4356a53bb9,Role 1,2011-07-18 12:46:37.676540593,63,0,res_ab15a275-1103-4c19-928b-ef4356a53bb9,2011-07-18 12:39:14.632008593,0.07142857142857142
Case48,Deliver Goods Services,res_da4787a5-0b43-44c2-94bc-622692086510,Role 2,2011-07-18 12:55:13.384007607,63,2,res_da4787a5-0b43-44c2-94bc-622692086510,2011-07-18 12:54:13.113579607,1.0
Case63,Choose best option,res_ab15a275-1103-4c19-928b-ef4356a53bb9,Role 1,2011-07-18 14:14:13.989350921,63,1,res_ab15a275-1103-4c19-928b-ef4356a53bb9,2011-07-18 05:28:54.180477921,0.07142857142857142
Case36,Deliver Goods Services,res_d2ebf689-fdbf-4b28-bdd6-66864b824b16,Role 2,2011-07-18 14:49:21.359512743,63,2,res_d2ebf689-fdbf-4b28-bdd6-66864b824b16,2011-07-18 14:48:21.143139743,1.0
Case62,Settle Conditions With Supplier,res_ad433e29-e1d6-463f-8041-ac16f6a1da33,Role 4,2011-07-18 15:26:20.860175344,63,1,res_ad433e29-e1d6-463f-8041-ac16f6a1da33,2011-07-18 15:16:26.261606344,0.0
Case53,Create Purchase Order,res_ad433e29-e1d6-463f-8041-ac16f6a1da33,Role 4,2011-07-18 16:17:50.539180327,63,0,res_ad433e29-e1d6-463f-8041-ac16f6a1da33,2011-07-18 16:00:58.120826327,0.0
Case49,Confirm Purchase Order,res_a1e0a0a1-b1fc-40e5-bbc7-475a550099bd,Role 2,2011-07-18 16:24:54.235321418,67,1,res_a1e0a0a1-b1fc-40e5-bbc7-475a550099bd,2011-07-17 15:07:06.164986418,0.2
Case68,Analyze Request for Quotation,res_ad433e29-e1d6-463f-8041-ac16f6a1da33,Role 4,2011-07-18 16:52:47.928442304,63,0,res_ad433e29-e1d6-463f-8041-ac16f6a1da33,2011-07-18 16:36:03.051291304,0.0
Case46,Approve Purchase Order for payment,res_d86ddd9f-79c7-4190-a797-b51d3b96da67,Role 4,2011-07-18 17:38:08.855382154,63,0,res_d86ddd9f-79c7-4190-a797-b51d3b96da67,2011-07-18 17:38:08.855382154,0.0
Case43,Deliver Goods Services,res_d2ebf689-fdbf-4b28-bdd6-66864b824b16,Role 2,2011-07-18 17:38:14.626592311,63,2,res_d2ebf689-fdbf-4b28-bdd6-66864b824b16,2011-07-18 17:37:14.524042311,1.0
Case74,Create Request for Quotation,res_0a189e9f-2074-4f90-8b4c-25a7238139fe,Role 3,2011-07-18 18:35:05.019486593,63,0,res_0a189e9f-2074-4f90-8b4c-25a7238139fe,2011-07-18 18:13:26.318573593,0.0
Case65,Analyze Quotation Comparison Map,res_3e314b03-d6a4-421d-86db-867ce5ab7223,Role 1,2011-07-18 18:45:12.932456856,63,0,res_3e314b03-d6a4-421d-86db-867ce5ab7223,2011-07-18 18:45:12.928369856,0.0
Case54,Confirm Purchase Order,res_3297ac94-204b-4466-9748-2203439519b4,Role 2,2011-07-18 18:52:42.087087483,66,2,res_3297ac94-204b-4466-9748-2203439519b4,2011-07-17 18:21:23.795002483,0.4
Case48,Release Purchase Order,res_3b20902b-7665-4f1a-a001-f40b6e13b8e4,Role 1,2011-07-18 19:54:15.898774607,63,0,res_3b20902b-7665-4f1a-a001-f40b6e13b8e4,2011-07-18 19:53:17.995300607,0.07142857142857142
Case44,Deliver Goods Services,res_da4787a5-0b43-44c2-94bc-622692086510,Role 2,2011-07-18 20:12:02.761946389,63,2,res_da4787a5-0b43-44c2-94bc-622692086510,2011-07-18 20:11:02.684390389,0.8
Case72,Analyze Request for Quotation,res_319edab8-eb7f-4de4-965e-0f4c349c020f,Role 4,2011-07-18 20:36:10.857085386,63,0,res_319edab8-eb7f-4de4-965e-0f4c349c020f,2011-07-18 20:21:13.549268386,0.6666666666666666
Case51,Confirm Purchase Order,res_3297ac94-204b-4466-9748-2203439519b4,Role 2,2011-07-18 20:42:47.229611911,64,3,res_3297ac94-204b-4466-9748-2203439519b4,2011-07-17 21:37:54.901644911,0.6
Case42,Confirm Purchase Order,res_a1e0a0a1-b1fc-40e5-bbc7-475a550099bd,Role 2,2011-07-18 21:33:58.836598251,63,4,res_a1e0a0a1-b1fc-40e5-bbc7-475a550099bd,2011-07-17 23:28:40.894785251,0.8
Case40,Deliver Goods Services,res_3297ac94-204b-4466-9748-2203439519b4,Role 2,2011-07-18 21:45:50.823570582,63,2,res_3297ac94-204b-4466-9748-2203439519b4,2011-07-18 21:44:50.713852582,0.6
Case36,Release Purchase Order,res_9773379d-f89d-4832-bfda-e91968982280,Role 1,2011-07-18 21:58:11.769850743,63,0,res_9773379d-f89d-4832-bfda-e91968982280,2011-07-18 21:57:14.026900743,0.07142857142857142
Case62,Create Purchase Order,res_319edab8-eb7f-4de4-965e-0f4c349c020f,Role 4,2011-07-18 22:21:13.394820344,63,0,res_319edab8-eb7f-4de4-965e-0f4c349c020f,2011-07-18 21:59:35.295541344,0.6666666666666666
Case73,Analyze Request for Quotation,res_d86ddd9f-79c7-4190-a797-b51d3b96da67,Role 4,2011-07-18 22:30:20.435463500,63,0,res_d86ddd9f-79c7-4190-a797-b51d3b96da67,2011-07-18 22:15:42.324931500,1.0
Case67,Send Request for Quotation to Supplier,res_319edab8-eb7f-4de4-965e-0f4c349c020f,Role 4,2011-07-18 22:35:35.397577087,63,0,res_319edab8-eb7f-4de4-965e-0f4c349c020f,2011-07-18 19:05:35.893721087,0.0
Case63,Settle Conditions With Supplier,res_ad433e29-e1d6-463f-8041-ac16f6a1da33,Role 4,2011-07-18 22:41:42.079645921,63,1,res_ad433e29-e1d6-463f-8041-ac16f6a1da33,2011-07-18 22:31:32.079475921,0.6666666666666666
Case47,Send Request for Quotation to Supplier,res_319edab8-eb7f-4de4-965e-0f4c349c020f,Role 4,2011-07-18 22:45:55.366532505,63,1,res_319edab8-eb7f-4de4-965e-0f4c349c020f,2011-07-18 19:05:51.970421505,0.3333333333333333
Case73,Amend Request for Quotation,res_1fb03551-690a-4dc0-accf-65ec0c01ceff,Role 1,2011-07-18 23:44:04.156018500,63,0,res_1fb03551-690a-4dc0-accf-65ec0c01ceff,2011-07-18 23:20:22.206560500,0.07142857142857142
Case43,Release Purchase Order,res_3b20902b-7665-4f1a-a001-f40b6e13b8e4,Role 1,2011-07-19 00:42:11.626576311,63,0,res_3b20902b-7665-4f1a-a001-f40b6e13b8e4,2011-07-19 00:41:13.753091311,0.07142857142857142
Case65,Choose best option,res_c19b4421-dc3f-44f8-90c2-1727cfadff3d,Role 1,2011-07-19 01:28:19.248673856,63,0,res_c19b4421-dc3f-44f8-90c2-1727cfadff3d,2011-07-18 18:45:12.968692856,0.0
Case75,Create Purchase Requisition,res_8b540399-35ed-473f-aa75-4e967a7c2b18,Role 1,2011-07-19 02:23:29.525600679,64,0,res_8b540399-35ed-473f-aa75-4e967a7c2b18,2011-07-19 02:16:29.248181679,0.0
Case67,Create Quotation comparison Map,res_ad433e29-e1d6-463f-8041-ac16f6a1da33,Role 4,2011-07-19 03:09:22.987817087,64,0,res_ad433e29-e1d6-463f-8041-ac16f6a1da33,2011-07-19 02:50:38.506916087,0.0
Case44,Release Purchase Order,res_04fcb212-88f2-4592-9cf9-5bad9a85cb21,Role 1,2011-07-19 03:15:45.026786389,64,0,res_04fcb212-88f2-4592-9cf9-5bad9a85cb21,2011-07-19 03:14:47.200641389,0.0
Case47,Create Quotation comparison Map,res_ad433e29-e1d6-463f-8041-ac16f6a1da33,Role 4,2011-07-19 03:31:48.090618505,64,0,res_ad433e29-e1d6-463f-8041-ac16f6a1da33,2011-07-19 03:12:58.946070505,0.0
Case40,Release Purchase Order,res_3b20902b-7665-4f1a-a001-f40b6e13b8e4,Role 1,2011-07-19 04:52:05.493553582,64,0,res_3b20902b-7665-4f1a-a001-f40b6e13b8e4,2011-07-19 04:51:07.341572582,0.0
Case76,Create Purchase Requisition,res_edc8dbfd-009c-447c-9848-9a8d0b6c95fc,Role 1,2011-07-19 05:25:23.463049811,65,0,res_edc8dbfd-009c-447c-9848-9a8d0b6c95fc,2011-07-19 05:18:08.613042811,0.0
Case63,Create Purchase Order,res_ad433e29-e1d6-463f-8041-ac16f6a1da33,Role 4,2011-07-19 05:51:37.452182921,65,0,res_ad433e29-e1d6-463f-8041-ac16f6a1da33,2011-07-19 05:30:34.227519921,0.0
Case48,Approve Purchase Order for payment,res_319edab8-eb7f-4de4-965e-0f4c349c020f,Role 4,2011-07-19 06:15:41.599123607,65,0,res_319edab8-eb7f-4de4-965e-0f4c349c020f,2011-07-19 06:15:41.599123607,0.0
Case64,Analyze Request for Quotation,res_319edab8-eb7f-4de4-965e-0f4c349c020f,Role 4,2011-07-19 08:12:41.086305929,65,0,res_319edab8-eb7f-4de4-965e-0f4c349c020f,2011-07-19 07:56:37.004484929,0.3333333333333333
Case36,Approve Purchase Order for payment,res_319edab8-eb7f-4de4-965e-0f4c349c020f,Role 4,2011-07-19 08:59:29.289206743,65,0,res_319edab8-eb7f-4de4-965e-0f4c349c020f,2011-07-19 08:59:29.274392743,0.6666666666666666
Case57,Confirm Purchase Order,res_d2ebf689-fdbf-4b28-bdd6-66864b824b16,Role 2,2011-07-19 09:08:03.564964080,63,5,res_d2ebf689-fdbf-4b28-bdd6-66864b824b16,2011-07-18 08:20:42.146599080,1.0
Case64,Amend Request for Quotation,res_8b540399-35ed-473f-aa75-4e967a7c2b18,Role 1,2011-07-19 09:27:42.677492929,65,0,res_8b540399-35ed-473f-aa75-4e967a7c2b18,2011-07-19 09:03:15.142879929,0.0
Case67,Analyze Quotation Comparison Map,res_136bbc95-2887-437f-a41f-50a382be8ee8,Role 1,2011-07-19 09:38:57.749201087,65,0,res_136bbc95-2887-437f-a41f-50a382be8ee8,2011-07-19 09:38:57.749007087,0.0
Case65,Settle Conditions With Supplier,res_319edab8-eb7f-4de4-965e-0f4c349c020f,Role 4,2011-07-19 10:13:07.153968856,65,1,res_319edab8-eb7f-4de4-965e-0f4c349c020f,2011-07-19 10:02:56.420328856,0.6666666666666666
Case47,Analyze Quotation Comparison Map,res_136bbc95-2887-437f-a41f-50a382be8ee8,Role 1,2011-07-19 10:14:34.449103505,65,0,res_136bbc95-2887-437f-a41f-50a382be8ee8,2011-07-19 10:14:34.449103505,0.07142857142857142
Case76,Create Request for Quotation,res_0a189e9f-2074-4f90-8b4c-25a7238139fe,Role 3,2011-07-19 10:24:49.336794811,65,0,res_0a189e9f-2074-4f90-8b4c-25a7238139fe,2011-07-19 10:02:34.811282811,0.0
Case43,Approve Purchase Order for payment,res_319edab8-eb7f-4de4-965e-0f4c349c020f,Role 4,2011-07-19 10:54:12.849742311,65,0,res_319edab8-eb7f-4de4-965e-0f4c349c020f,2011-07-19 10:54:12.835862311,0.6666666666666666
Case68,Send Request for Quotation to Supplier,res_d86ddd9f-79c7-4190-a797-b51d3b96da67,Role 4,2011-07-19 11:07:32.370510304,65,0,res_d86ddd9f-79c7-4190-a797-b51d3b96da67,2011-07-19 07:41:09.377843304,0.0
Case77,Create Purchase Requisition,res_c19b4421-dc3f-44f8-90c2-1727cfadff3d,Role 1,2011-07-19 11:19:51.896459399,66,0,res_c19b4421-dc3f-44f8-90c2-1727cfadff3d,2011-07-19 11:12:27.234494399,0.14285714285714285
Case69,Send Request for Quotation to Supplier,res_d86ddd9f-79c7-4190-a797-b51d3b96da67,Role 4,2011-07-19 11:42:52.007898731,65,1,res_d86ddd9f-79c7-4190-a797-b51d3b96da67,2011-07-19 08:44:12.969321731,0.3333333333333333
Case52,Confirm Purchase Order,res_da4787a5-0b43-44c2-94bc-622692086510,Role 2,2011-07-19 12:41:35.731330044,63,5,res_da4787a5-0b43-44c2-94bc-622692086510,2011-07-18 13:08:26.495081044,1.0
Case44,Approve Purchase Order for payment,res_319edab8-eb7f-4de4-965e-0f4c349c020f,Role 4,2011-07-19 14:30:07.209713389,66,0,res_319edab8-eb7f-4de4-965e-0f4c349c020f,2011-07-19 14:30:07.203443389,0.0
Case40,Approve Purchase Order for payment,res_319edab8-eb7f-4de4-965e-0f4c349c020f,Role 4,2011-07-19 14:57:28.482343582,66,0,res_319edab8-eb7f-4de4-965e-0f4c349c020f,2011-07-19 14:57:28.482343582,0.0
Case77,Create Request for Quotation,res_0a189e9f-2074-4f90-8b4c-25a7238139fe,Role 3,2011-07-19 17:09:17.229188399,66,0,res_0a189e9f-2074-4f90-8b4c-25a7238139fe,2011-07-19 16:47:50.699747399,0.0
Case75,Analyze Purchase Requisition,res_318fb49e-f698-45db-a950-8a16e3b2ac50,Role 3,2011-07-19 17:29:28.721792679,66,0,res_318fb49e-f698-45db-a950-8a16e3b2ac50,2011-07-19 17:27:09.733894679,0.0
Case69,Create Quotation comparison Map,res_d86ddd9f-79c7-4190-a797-b51d3b96da67,Role 4,2011-07-19 17:41:02.613851731,66,0,res_d86ddd9f-79c7-4190-a797-b51d3b96da67,2011-07-19 17:23:58.942225731,0.0
Case67,Choose best option,res_3e314b03-d6a4-421d-86db-867ce5ab7223,Role 1,2011-07-19 17:47:12.447872087,65,0,res_3e314b03-d6a4-421d-86db-867ce5ab7223,2011-07-19 09:38:57.795612087,0.0
Case68,Create Quotation comparison Map,res_d86ddd9f-79c7-4190-a797-b51d3b96da67,Role 4,2011-07-19 17:52:04.242066304,66,1,res_d86ddd9f-79c7-4190-a797-b51d3b96da67,2011-07-19 17:35:24.831329304,0.3333333333333333
Case75,Create Request for Quotation,res_318fb49e-f698-45db-a950-8a16e3b2ac50,Role 3,2011-07-19 17:57:04.825557679,66,0,res_318fb49e-f698-45db-a950-8a16e3b2ac50,2011-07-19 17:34:35.444895679,0.0
Case47,Choose best option,res_ab15a275-1103-4c19-928b-ef4356a53bb9,Role 1,2011-07-19 18:22:40.394251505,65,1,res_ab15a275-1103-4c19-928b-ef4356a53bb9,2011-07-19 10:14:34.485440505,0.07142857142857142
Case46,Send Invoice,res_74fb9490-fecf-4ad0-b668-d6ef9f8af10e,Role 2,2011-07-19 18:35:32.330409154,66,0,res_74fb9490-fecf-4ad0-b668-d6ef9f8af10e,2011-07-19 18:31:34.255807154,0.8
Case65,Create Purchase Order,res_d86ddd9f-79c7-4190-a797-b51d3b96da67,Role 4,2011-07-19 18:36:40.963222856,66,0,res_d86ddd9f-79c7-4190-a797-b51d3b96da67,2011-07-19 18:17:37.096927856,0.0
Case56,Confirm Purchase Order,res_da4787a5-0b43-44c2-94bc-622692086510,Role 2,2011-07-19 18:41:55.566109155,63,3,res_da4787a5-0b43-44c2-94bc-622692086510,2011-07-18 20:47:16.458247155,0.6
Case55,Deliver Goods Services,res_74fb9490-fecf-4ad0-b668-d6ef9f8af10e,Role 2,2011-07-19 18:45:55.475064346,66,2,res_74fb9490-fecf-4ad0-b668-d6ef9f8af10e,2011-07-19 18:44:55.056858346,0.6
Case61,Analyze Request for Quotation,res_d86ddd9f-79c7-4190-a797-b51d3b96da67,Role 4,2011-07-19 21:14:54.175807710,66,0,res_d86ddd9f-79c7-4190-a797-b51d3b96da67,2011-07-19 20:55:27.828689710,0.0
Case68,Analyze Quotation Comparison Map,res_3e314b03-d6a4-421d-86db-867ce5ab7223,Role 1,2011-07-19 23:26:14.570409304,66,0,res_3e314b03-d6a4-421d-86db-867ce5ab7223,2011-07-19 23:26:14.570409304,0.0
Case69,Analyze Quotation Comparison Map,res_9773379d-f89d-4832-bfda-e91968982280,Role 1,2011-07-20 00:04:33.123960731,66,0,res_9773379d-f89d-4832-bfda-e91968982280,2011-07-20 00:04:33.123960731,0.07142857142857142
Case48,Send Invoice,res_d2ebf689-fdbf-4b28-bdd6-66864b824b16,Role 2,2011-07-20 01:56:02.902556607,66,0,res_d2ebf689-fdbf-4b28-bdd6-66864b824b16,2011-07-20 01:51:57.438899607,0.6
Case55,Release Purchase Order,res_349907e7-8968-4ad0-8af7-bbf3079b5952,Role 1,2011-07-20 01:56:32.519130346,66,0,res_349907e7-8968-4ad0-8af7-bbf3079b5952,2011-07-20 01:55:34.403327346,0.14285714285714285
Case67,Settle Conditions With Supplier,res_d86ddd9f-79c7-4190-a797-b51d3b96da67,Role 4,2011-07-20 02:55:59.255841087,66,1,res_d86ddd9f-79c7-4190-a797-b51d3b96da67,2011-07-20 02:45:46.406663087,0.0
Case36,Send Invoice,res_da4787a5-0b43-44c2-94bc-622692086510,Role 2,2011-07-20 03:41:39.198367743,66,0,res_da4787a5-0b43-44c2-94bc-622692086510,2011-07-20 03:37:43.679445743,0.6
Case42,Deliver Goods Services,res_74fb9490-fecf-4ad0-b668-d6ef9f8af10e,Role 2,2011-07-20 03:48:39.212594251,66,2,res_74fb9490-fecf-4ad0-b668-d6ef9f8af10e,2011-07-20 03:47:39.064138251,0.6
Case64,Analyze Request for Quotation,res_d86ddd9f-79c7-4190-a797-b51d3b96da67,Role 4,2011-07-20 03:54:07.610590929,66,0,res_d86ddd9f-79c7-4190-a797-b51d3b96da67,2011-07-20 03:34:06.250111929,0.0
Case54,Deliver Goods Services,res_d2ebf689-fdbf-4b28-bdd6-66864b824b16,Role 2,2011-07-20 06:07:35.843542483,66,2,res_d2ebf689-fdbf-4b28-bdd6-66864b824b16,2011-07-20 06:06:35.662654483,0.6
Case68,Choose best option,res_3e314b03-d6a4-421d-86db-867ce5ab7223,Role 1,2011-07-20 06:16:05.168890304,66,0,res_3e314b03-d6a4-421d-86db-867ce5ab7223,2011-07-19 23:26:14.623817304,0.0
Case47,Settle Conditions With Supplier,res_d86ddd9f-79c7-4190-a797-b51d3b96da67,Role 4,2011-07-20 07:13:48.130774505,66,1,res_d86ddd9f-79c7-4190-a797-b51d3b96da67,2011-07-20 07:03:47.722881505,0.0
Case46,Release Supplier's Invoice,res_1f528794-c18e-4c0b-8159-5b23ac7cee00,Role 5,2011-07-20 07:34:51.926954154,66,0,res_1f528794-c18e-4c0b-8159-5b23ac7cee00,2011-07-20 07:34:51.926954154,0.0
Case46,Authorize Supplier's Invoice payment,res_1f528794-c18e-4c0b-8159-5b23ac7cee00,Role 5,2011-07-20 07:42:58.118091154,66,0,res_1f528794-c18e-4c0b-8159-5b23ac7cee00,2011-07-20 07:34:51.991395154,0.0
Case69,Choose best option,res_3b20902b-7665-4f1a-a001-f40b6e13b8e4,Role 1,2011-07-20 07:48:57.071199731,66,1,res_3b20902b-7665-4f1a-a001-f40b6e13b8e4,2011-07-20 00:04:33.156624731,0.07142857142857142
Case46,Pay Invoice,res_1f528794-c18e-4c0b-8159-5b23ac7cee00,Role 5,2011-07-20 08:12:34.061183154,66,0,res_1f528794-c18e-4c0b-8159-5b23ac7cee00,2011-07-20 08:12:34.061183154,0.0
Case43,Send Invoice,res_3297ac94-204b-4466-9748-2203439519b4,Role 2,2011-07-20 08:22:53.408922311,65,0,res_3297ac94-204b-4466-9748-2203439519b4,2011-07-20 08:19:19.687010311,0.6
Case49,Deliver Goods Services,res_d2ebf689-fdbf-4b28-bdd6-66864b824b16,Role 2,2011-07-20 08:24:32.844626418,65,2,res_d2ebf689-fdbf-4b28-bdd6-66864b824b16,2011-07-20 08:23:32.597683418,0.6
Case53,Confirm Purchase Order,res_3297ac94-204b-4466-9748-2203439519b4,Role 2,2011-07-20 08:29:05.060308327,65,3,res_3297ac94-204b-4466-9748-2203439519b4,2011-07-19 08:02:47.401690327,0.6
Case78,Create Purchase Requisition,res_4bd335b9-e3f0-4209-aa4e-faab83c27374,Role 1,2011-07-20 08:45:48.944465854,66,0,res_4bd335b9-e3f0-4209-aa4e-faab83c27374,2011-07-20 08:38:13.534202854,0.0
Case40,Send Invoice,res_74fb9490-fecf-4ad0-b668-d6ef9f8af10e,Role 2,2011-07-20 10:04:32.746278582,66,0,res_74fb9490-fecf-4ad0-b668-d6ef9f8af10e,2011-07-20 10:00:47.582288582,0.4
Case73,Analyze Request for Quotation,res_d86ddd9f-79c7-4190-a797-b51d3b96da67,Role 4,2011-07-20 10:30:10.509322500,66,0,res_d86ddd9f-79c7-4190-a797-b51d3b96da67,2011-07-20 10:13:44.223633500,0.0
Case42,Release Purchase Order,res_c19b4421-dc3f-44f8-90c2-1727cfadff3d,Role 1,2011-07-20 10:34:42.385906251,65,0,res_c19b4421-dc3f-44f8-90c2-1727cfadff3d,2011-07-20 10:33:43.906512251,0.0
Case51,Deliver Goods Services,res_74fb9490-fecf-4ad0-b668-d6ef9f8af10e,Role 2,2011-07-20 11:24:20.802874911,65,2,res_74fb9490-fecf-4ad0-b668-d6ef9f8af10e,2011-07-20 11:23:20.616968911,0.4
Case55,Approve Purchase Order for payment,res_ad433e29-e1d6-463f-8041-ac16f6a1da33,Role 4,2011-07-20 12:12:36.316327346,65,0,res_ad433e29-e1d6-463f-8041-ac16f6a1da33,2011-07-20 12:12:36.311319346,0.0
Case44,Send Invoice,res_74fb9490-fecf-4ad0-b668-d6ef9f8af10e,Role 2,2011-07-20 12:34:13.175631389,65,0,res_74fb9490-fecf-4ad0-b668-d6ef9f8af10e,2011-07-20 12:30:39.841826389,0.4
Case54,Release Purchase Order,res_4bd335b9-e3f0-4209-aa4e-faab83c27374,Role 1,2011-07-20 13:00:42.628320483,65,0,res_4bd335b9-e3f0-4209-aa4e-faab83c27374,2011-07-20 12:59:44.369060483,0.0
Case67,Create Purchase Order,res_ad433e29-e1d6-463f-8041-ac16f6a1da33,Role 4,2011-07-20 13:27:32.110515087,65,0,res_ad433e29-e1d6-463f-8041-ac16f6a1da33,2011-07-20 13:09:01.066433087,0.0
Case62,Confirm Purchase Order,res_74fb9490-fecf-4ad0-b668-d6ef9f8af10e,Role 2,2011-07-20 14:41:05.958147344,66,2,res_74fb9490-fecf-4ad0-b668-d6ef9f8af10e,2011-07-19 16:02:52.174222344,0.4
Case48,Release Supplier's Invoice,res_1f528794-c18e-4c0b-8159-5b23ac7cee00,Role 5,2011-07-20 15:20:30.126429607,65,0,res_1f528794-c18e-4c0b-8159-5b23ac7cee00,2011-07-20 15:20:30.126429607,0.0
Case48,Authorize Supplier's Invoice payment,res_ccd55097-3d24-4e3c-a0f6-173df7f18211,Role 5,2011-07-20 15:28:21.259265607,65,0,res_ccd55097-3d24-4e3c-a0f6-173df7f18211,2011-07-20 15:20:30.217579607,0.0
Case49,Release Purchase Order,res_edc8dbfd-009c-447c-9848-9a8d0b6c95fc,Role 1,2011-07-20 15:29:14.901676418,65,0,res_edc8dbfd-009c-447c-9848-9a8d0b6c95fc,2011-07-20 15:28:16.958473418,0.0
Case48,Pay Invoice,res_ccd55097-3d24-4e3c-a0f6-173df7f18211,Role 5,2011-07-20 15:56:25.534481607,65,0,res_ccd55097-3d24-4e3c-a0f6-173df7f18211,2011-07-20 15:56:25.534481607,0.0
Case69,Settle Conditions With Supplier,res_ad433e29-e1d6-463f-8041-ac16f6a1da33,Role 4,2011-07-20 15:56:40.262644731,65,1,res_ad433e29-e1d6-463f-8041-ac16f6a1da33,2011-07-20 15:46:51.635501731,0.3333333333333333
Case36,Release Supplier's Invoice,res_ccd55097-3d24-4e3c-a0f6-173df7f18211,Role 5,2011-07-20 16:16:29.229152743,64,0,res_ccd55097-3d24-4e3c-a0f6-173df7f18211,2011-07-20 16:16:29.229152743,0.0
Case63,Confirm Purchase Order,res_a1e0a0a1-b1fc-40e5-bbc7-475a550099bd,Role 2,2011-07-20 16:18:17.129052921,66,3,res_a1e0a0a1-b1fc-40e5-bbc7-475a550099bd,2011-07-19 17:58:36.925843921,0.6
Case36,Authorize Supplier's Invoice payment,res_1f528794-c18e-4c0b-8159-5b23ac7cee00,Role 5,2011-07-20 16:24:39.403761743,64,0,res_1f528794-c18e-4c0b-8159-5b23ac7cee00,2011-07-20 16:16:29.336374743,0.0
Case36,Pay Invoice,res_ccd55097-3d24-4e3c-a0f6-173df7f18211,Role 5,2011-07-20 16:51:51.467150743,64,0,res_ccd55097-3d24-4e3c-a0f6-173df7f18211,2011-07-20 16:51:51.467150743,0.0
Case72,Send Request for Quotation to Supplier,res_319edab8-eb7f-4de4-965e-0f4c349c020f,Role 4,2011-07-20 17:08:32.948555386,65,0,res_319edab8-eb7f-4de4-965e-0f4c349c020f,2011-07-20 13:33:27.446141386,0.0
Case79,Create Purchase Requisition,res_ab15a275-1103-4c19-928b-ef4356a53bb9,Role 1,2011-07-20 18:16:22.764629437,64,0,res_ab15a275-1103-4c19-928b-ef4356a53bb9,2011-07-20 18:09:16.840509437,0.0
Case51,Release Purchase Order,res_4bd335b9-e3f0-4209-aa4e-faab83c27374,Role 1,2011-07-20 18:21:58.240669911,64,0,res_4bd335b9-e3f0-4209-aa4e-faab83c27374,2011-07-20 18:20:59.937906911,0.0
Case57,Deliver Goods Services,res_74fb9490-fecf-4ad0-b668-d6ef9f8af10e,Role 2,2011-07-20 18:52:28.980425080,64,2,res_74fb9490-fecf-4ad0-b668-d6ef9f8af10e,2011-07-20 18:51:28.595129080,0.2
Case68,Settle Conditions With Supplier,res_319edab8-eb7f-4de4-965e-0f4c349c020f,Role 4,2011-07-20 19:05:50.781221304,64,1,res_319edab8-eb7f-4de4-965e-0f4c349c020f,2011-07-20 18:55:43.866762304,0.0
Case80,Create Purchase Requisition,res_8b540399-35ed-473f-aa75-4e967a7c2b18,Role 1,2011-07-20 20:34:23.540061498,65,0,res_8b540399-35ed-473f-aa75-4e967a7c2b18,2011-07-20 20:27:24.847015498,0.0
Case43,Release Supplier's Invoice,res_1f528794-c18e-4c0b-8159-5b23ac7cee00,Role 5,2011-07-20 21:06:13.941420311,65,0,res_1f528794-c18e-4c0b-8159-5b23ac7cee00,2011-07-20 21:06:13.941420311,0.0
Case43,Authorize Supplier's Invoice payment,res_ccd55097-3d24-4e3c-a0f6-173df7f18211,Role 5,2011-07-20 21:14:31.525928311,65,0,res_ccd55097-3d24-4e3c-a0f6-173df7f18211,2011-07-20 21:06:14.024951311,0.0
Case52,Deliver Goods Services,res_d2ebf689-fdbf-4b28-bdd6-66864b824b16,Role 2,2011-07-20 21:32:47.491101044,65,2,res_d2ebf689-fdbf-4b28-bdd6-66864b824b16,2011-07-20 21:31:47.408623044,0.2
Case43,Pay Invoice,res_1f528794-c18e-4c0b-8159-5b23ac7cee00,Role 5,2011-07-20 21:42:42.451177311,65,0,res_1f528794-c18e-4c0b-8159-5b23ac7cee00,2011-07-20 21:42:42.451177311,0.0
Case42,Approve Purchase Order for payment,res_319edab8-eb7f-4de4-965e-0f4c349c020f,Role 4,2011-07-20 22:08:16.206477251,64,0,res_319edab8-eb7f-4de4-965e-0f4c349c020f,2011-07-20 22:08:16.196021251,0.6666666666666666
Case74,Analyze Request for Quotation,res_d86ddd9f-79c7-4190-a797-b51d3b96da67,Role 4,2011-07-20 22:08:40.787968593,64,0,res_d86ddd9f-79c7-4190-a797-b51d3b96da67,2011-07-20 21:50:16.617576593,0.3333333333333333
Case40,Release Supplier's Invoice,res_ccd55097-3d24-4e3c-a0f6-173df7f18211,Role 5,2011-07-20 22:47:00.282250582,64,0,res_ccd55097-3d24-4e3c-a0f6-173df7f18211,2011-07-20 22:47:00.282250582,0.0
Case72,Create Quotation comparison Map,res_319edab8-eb7f-4de4-965e-0f4c349c020f,Role 4,2011-07-20 22:55:29.494312386,64,0,res_319edab8-eb7f-4de4-965e-0f4c349c020f,2011-07-20 22:37:07.161573386,0.3333333333333333
Case40,Authorize Supplier's Invoice payment,res_1f528794-c18e-4c0b-8159-5b23ac7cee00,Role 5,2011-07-20 22:56:14.008274582,64,0,res_1f528794-c18e-4c0b-8159-5b23ac7cee00,2011-07-20 22:47:00.357129582,0.0
Case40,Pay Invoice,res_1f528794-c18e-4c0b-8159-5b23ac7cee00,Role 5,2011-07-20 23:26:00.620429582,64,0,res_1f528794-c18e-4c0b-8159-5b23ac7cee00,2011-07-20 23:26:00.620429582,0.0
Case74,Amend Request for Quotation,res_136bbc95-2887-437f-a41f-50a382be8ee8,Role 1,2011-07-20 23:26:39.071756593,64,0,res_136bbc95-2887-437f-a41f-50a382be8ee8,2011-07-20 23:03:03.003692593,0.0
Case47,Create Purchase Order,res_ad433e29-e1d6-463f-8041-ac16f6a1da33,Role 4,2011-07-20 23:27:42.487953505,64,0,res_ad433e29-e1d6-463f-8041-ac16f6a1da33,2011-07-20 23:12:36.648332505,0.3333333333333333
Case78,Analyze Purchase Requisition,res_318fb49e-f698-45db-a950-8a16e3b2ac50,Role 3,2011-07-20 23:28:34.033669854,63,0,res_318fb49e-f698-45db-a950-8a16e3b2ac50,2011-07-20 23:26:11.070187854,0.0
Case61,Send Request for Quotation to Supplier,res_ad433e29-e1d6-463f-8041-ac16f6a1da33,Role 4,2011-07-20 23:49:33.593684710,64,0,res_ad433e29-e1d6-463f-8041-ac16f6a1da33,2011-07-20 19:16:23.576120710,0.0
Case78,Create Request for Quotation,res_12ae84dc-2013-49d5-a1c2-578825658fc5,Role 3,2011-07-20 23:57:51.330202854,63,0,res_12ae84dc-2013-49d5-a1c2-578825658fc5,2011-07-20 23:33:46.502439854,0.0
Case81,Create Purchase Requisition,res_8b540399-35ed-473f-aa75-4e967a7c2b18,Role 1,2011-07-21 00:00:45.205408308,64,0,res_8b540399-35ed-473f-aa75-4e967a7c2b18,2011-07-20 23:53:45.250882308,0.0
Case54,Approve Purchase Order for payment,res_d86ddd9f-79c7-4190-a797-b51d3b96da67,Role 4,2011-07-21 00:34:18.585404483,64,0,res_d86ddd9f-79c7-4190-a797-b51d3b96da67,2011-07-21 00:34:18.581587483,0.0
Case44,Release Supplier's Invoice,res_1f528794-c18e-4c0b-8159-5b23ac7cee00,Role 5,2011-07-21 01:17:34.887497389,64,0,res_1f528794-c18e-4c0b-8159-5b23ac7cee00,2011-07-21 01:17:34.887497389,0.0
Case79,Create Request for Quotation,res_318fb49e-f698-45db-a950-8a16e3b2ac50,Role 3,2011-07-21 01:22:56.725982437,64,0,res_318fb49e-f698-45db-a950-8a16e3b2ac50,2011-07-21 01:04:21.345985437,0.0
Case44,Authorize Supplier's Invoice payment,res_1f528794-c18e-4c0b-8159-5b23ac7cee00,Role 5,2011-07-21 01:25:55.475544389,64,0,res_1f528794-c18e-4c0b-8159-5b23ac7cee00,2011-07-21 01:17:34.958288389,0.0
Case57,Release Purchase Order,res_8b540399-35ed-473f-aa75-4e967a7c2b18,Role 1,2011-07-21 01:38:18.359000080,64,0,res_8b540399-35ed-473f-aa75-4e967a7c2b18,2011-07-21 01:37:20.210658080,0.0
Case49,Approve Purchase Order for payment,res_ad433e29-e1d6-463f-8041-ac16f6a1da33,Role 4,2011-07-21 01:53:03.263593418,64,0,res_ad433e29-e1d6-463f-8041-ac16f6a1da33,2011-07-21 01:53:03.253922418,0.3333333333333333
Case69,Create Purchase Order,res_319edab8-eb7f-4de4-965e-0f4c349c020f,Role 4,2011-07-21 01:54:19.433292731,64,0,res_319edab8-eb7f-4de4-965e-0f4c349c020f,2011-07-21 01:30:02.786249731,0.0
Case44,Pay Invoice,res_1f528794-c18e-4c0b-8159-5b23ac7cee00,Role 5,2011-07-21 01:55:34.188964389,64,0,res_1f528794-c18e-4c0b-8159-5b23ac7cee00,2011-07-21 01:55:34.188964389,0.0
Case80,Create Request for Quotation,res_0a189e9f-2074-4f90-8b4c-25a7238139fe,Role 3,2011-07-21 03:13:10.850081498,63,0,res_0a189e9f-2074-4f90-8b4c-25a7238139fe,2011-07-21 02:54:13.073588498,0.0
Case56,Deliver Goods Services,res_3297ac94-204b-4466-9748-2203439519b4,Role 2,2011-07-21 03:27:20.673912155,63,2,res_3297ac94-204b-4466-9748-2203439519b4,2011-07-21 03:26:20.637174155,0.2
Case52,Release Purchase Order,res_9773379d-f89d-4832-bfda-e91968982280,Role 1,2011-07-21 04:23:20.005201044,63,0,res_9773379d-f89d-4832-bfda-e91968982280,2011-07-21 04:22:22.023451044,0.0
Case51,Approve Purchase Order for payment,res_d86ddd9f-79c7-4190-a797-b51d3b96da67,Role 4,2011-07-21 05:11:52.360616911,63,0,res_d86ddd9f-79c7-4190-a797-b51d3b96da67,2011-07-21 05:11:52.360616911,0.0
Case72,Analyze Quotation Comparison Map,res_c19b4421-dc3f-44f8-90c2-1727cfadff3d,Role 1,2011-07-21 05:31:56.045139386,63,0,res_c19b4421-dc3f-44f8-90c2-1727cfadff3d,2011-07-21 05:31:56.045139386,0.0
Case61,Create Quotation comparison Map,res_d86ddd9f-79c7-4190-a797-b51d3b96da67,Role 4,2011-07-21 06:02:12.494078710,63,0,res_d86ddd9f-79c7-4190-a797-b51d3b96da67,2011-07-21 05:45:06.152681710,0.0
Case55,Send Invoice,res_da4787a5-0b43-44c2-94bc-622692086510,Role 2,2011-07-21 06:17:44.607075346,63,0,res_da4787a5-0b43-44c2-94bc-622692086510,2011-07-21 06:13:45.659469346,0.2
Case68,Create Purchase Order,res_ad433e29-e1d6-463f-8041-ac16f6a1da33,Role 4,2011-07-21 07:00:27.515093304,63,0,res_ad433e29-e1d6-463f-8041-ac16f6a1da33,2011-07-21 06:41:16.340885304,0.0
Case56,Release Purchase Order,res_04fcb212-88f2-4592-9cf9-5bad9a85cb21,Role 1,2011-07-21 10:18:49.742722155,63,0,res_04fcb212-88f2-4592-9cf9-5bad9a85cb21,2011-07-21 10:17:50.885371155,0.07142857142857142
Case64,Send Request for Quotation to Supplier,res_ad433e29-e1d6-463f-8041-ac16f6a1da33,Role 4,2011-07-21 11:32:20.184851929,63,0,res_ad433e29-e1d6-463f-8041-ac16f6a1da33,2011-07-21 08:28:30.655659929,0.0
Case61,Analyze Quotation Comparison Map,res_3b20902b-7665-4f1a-a001-f40b6e13b8e4,Role 1,2011-07-21 13:10:08.516037710,63,0,res_3b20902b-7665-4f1a-a001-f40b6e13b8e4,2011-07-21 13:10:08.516037710,0.07142857142857142
Case65,Confirm Purchase Order,res_a1e0a0a1-b1fc-40e5-bbc7-475a550099bd,Role 2,2011-07-21 13:13:12.542290856,65,2,res_a1e0a0a1-b1fc-40e5-bbc7-475a550099bd,2011-07-20 12:39:31.348949856,0.4
Case72,Choose best option,res_0b9cf306-e11d-4cfb-b0e0-b2b7e6918c5d,Role 1,2011-07-21 13:23:23.553179386,63,0,res_0b9cf306-e11d-4cfb-b0e0-b2b7e6918c5d,2011-07-21 05:31:56.076723386,0.0
Case76,Analyze Request for Quotation,res_319edab8-eb7f-4de4-965e-0f4c349c020f,Role 4,2011-07-21 13:23:39.250736811,63,0,res_319edab8-eb7f-4de4-965e-0f4c349c020f,2011-07-21 13:07:20.267395811,0.0
Case57,Approve Purchase Order for payment,res_319edab8-eb7f-4de4-965e-0f4c349c020f,Role 4,2011-07-21 13:59:53.443310080,62,0,res_319edab8-eb7f-4de4-965e-0f4c349c020f,2011-07-21 13:59:53.443310080,0.0
Case52,Approve Purchase Order for payment,res_319edab8-eb7f-4de4-965e-0f4c349c020f,Role 4,2011-07-21 17:09:59.229794044,62,0,res_319edab8-eb7f-4de4-965e-0f4c349c020f,2011-07-21 17:09:59.229794044,0.0
Case53,Deliver Goods Services,res_3297ac94-204b-4466-9748-2203439519b4,Role 2,2011-07-21 17:27:07.782158327,62,2,res_3297ac94-204b-4466-9748-2203439519b4,2011-07-21 17:26:07.584901327,0.4
Case81,Analyze Purchase Requisition,res_0a189e9f-2074-4f90-8b4c-25a7238139fe,Role 3,2011-07-21 17:40:31.789205308,62,0,res_0a189e9f-2074-4f90-8b4c-25a7238139fe,2011-07-21 17:38:14.372166308,0.0
Case81,Create Request for Quotation,res_0a189e9f-2074-4f90-8b4c-25a7238139fe,Role 3,2011-07-21 18:10:30.596527308,62,0,res_0a189e9f-2074-4f90-8b4c-25a7238139fe,2011-07-21 17:46:09.374383308,0.0
Case75,Analyze Request for Quotation,res_319edab8-eb7f-4de4-965e-0f4c349c020f,Role 4,2011-07-21 19:13:30.069805679,62,0,res_319edab8-eb7f-4de4-965e-0f4c349c020f,2011-07-21 18:57:59.812649679,0.0
Case55,Release Supplier's Invoice,res_1f528794-c18e-4c0b-8159-5b23ac7cee00,Role 5,2011-07-21 19:26:42.166489346,61,0,res_1f528794-c18e-4c0b-8159-5b23ac7cee00,2011-07-21 19:26:42.166489346,0.0
Case55,Authorize Supplier's Invoice payment,res_1f528794-c18e-4c0b-8159-5b23ac7cee00,Role 5,2011-07-21 19:35:55.496143346,61,0,res_1f528794-c18e-4c0b-8159-5b23ac7cee00,2011-07-21 19:26:42.266417346,0.0
Case61,Choose best option,res_0b9cf306-e11d-4cfb-b0e0-b2b7e6918c5d,Role 1,2011-07-21 19:56:13.589029710,63,1,res_0b9cf306-e11d-4cfb-b0e0-b2b7e6918c5d,2011-07-21 13:10:08.529832710,0.07142857142857142
Case55,Pay Invoice,res_ccd55097-3d24-4e3c-a0f6-173df7f18211,Role 5,2011-07-21 20:03:47.310396346,61,0,res_ccd55097-3d24-4e3c-a0f6-173df7f18211,2011-07-21 20:03:47.310396346,0.0
Case72,Settle Conditions With Supplier,res_ad433e29-e1d6-463f-8041-ac16f6a1da33,Role 4,2011-07-21 21:21:16.297734386,60,1,res_ad433e29-e1d6-463f-8041-ac16f6a1da33,2011-07-21 21:11:19.909247386,0.0
Case49,Send Invoice,res_3297ac94-204b-4466-9748-2203439519b4,Role 2,2011-07-21 21:29:19.596246418,60,0,res_3297ac94-204b-4466-9748-2203439519b4,2011-07-21 21:24:53.270208418,0.4
Case63,Deliver Goods Services,res_74fb9490-fecf-4ad0-b668-d6ef9f8af10e,Role 2,2011-07-21 21:36:36.884785921,60,2,res_74fb9490-fecf-4ad0-b668-d6ef9f8af10e,2011-07-21 21:35:36.794792921,0.4
Case42,Send Invoice,res_3297ac94-204b-4466-9748-2203439519b4,Role 2,2011-07-21 21:50:27.054343251,60,0,res_3297ac94-204b-4466-9748-2203439519b4,2011-07-21 21:46:04.795872251,0.4
Case56,Approve Purchase Order for payment,res_319edab8-eb7f-4de4-965e-0f4c349c020f,Role 4,2011-07-21 22:23:18.138813155,60,0,res_319edab8-eb7f-4de4-965e-0f4c349c020f,2011-07-21 22:23:18.138813155,0.0
Case64,Create Quotation comparison Map,res_ad433e29-e1d6-463f-8041-ac16f6a1da33,Role 4,2011-07-21 23:30:48.772322929,60,0,res_ad433e29-e1d6-463f-8041-ac16f6a1da33,2011-07-21 23:11:41.308266929,0.0
Case53,Release Purchase Order,res_ab15a275-1103-4c19-928b-ef4356a53bb9,Role 1,2011-07-22 00:17:11.098031327,60,0,res_ab15a275-1103-4c19-928b-ef4356a53bb9,2011-07-22 00:16:13.152692327,0.0
Case54,Send Invoice,res_da4787a5-0b43-44c2-94bc-622692086510,Role 2,2011-07-22 02:36:14.862116483,60,0,res_da4787a5-0b43-44c2-94bc-622692086510,2011-07-22 02:31:58.461935483,0.8
Case62,Deliver Goods Services,res_da4787a5-0b43-44c2-94bc-622692086510,Role 2,2011-07-22 03:34:52.543224344,60,2,res_da4787a5-0b43-44c2-94bc-622692086510,2011-07-22 03:33:52.523248344,0.8
Case82,Create Purchase Requisition,res_0b9cf306-e11d-4cfb-b0e0-b2b7e6918c5d,Role 1,2011-07-22 03:44:51.178235093,61,0,res_0b9cf306-e11d-4cfb-b0e0-b2b7e6918c5d,2011-07-22 03:37:23.071229093,0.0
Case51,Send Invoice,res_74fb9490-fecf-4ad0-b668-d6ef9f8af10e,Role 2,2011-07-22 03:55:37.935368911,61,0,res_74fb9490-fecf-4ad0-b668-d6ef9f8af10e,2011-07-22 03:51:23.589921911,0.8
Case63,Release Purchase Order,res_edc8dbfd-009c-447c-9848-9a8d0b6c95fc,Role 1,2011-07-22 04:28:05.231148921,61,0,res_edc8dbfd-009c-447c-9848-9a8d0b6c95fc,2011-07-22 04:27:07.260675921,0.0
Case64,Analyze Quotation Comparison Map,res_8b540399-35ed-473f-aa75-4e967a7c2b18,Role 1,2011-07-22 06:57:50.920474929,62,0,res_8b540399-35ed-473f-aa75-4e967a7c2b18,2011-07-22 06:57:50.920474929,0.07142857142857142
Case77,Analyze Request for Quotation,res_319edab8-eb7f-4de4-965e-0f4c349c020f,Role 4,2011-07-22 07:00:13.759711399,61,0,res_319edab8-eb7f-4de4-965e-0f4c349c020f,2011-07-22 06:40:53.500716399,0.0
Case83,Create Purchase Requisition,res_3e314b03-d6a4-421d-86db-867ce5ab7223,Role 1,2011-07-22 07:00:22.515336447,62,0,res_3e314b03-d6a4-421d-86db-867ce5ab7223,2011-07-22 06:52:40.113917447,0.0
Case61,Settle Conditions With Supplier,res_319edab8-eb7f-4de4-965e-0f4c349c020f,Role 4,2011-07-22 09:19:22.128395710,62,1,res_319edab8-eb7f-4de4-965e-0f4c349c020f,2011-07-22 09:09:22.642918710,0.3333333333333333
Case72,Create Purchase Order,res_d86ddd9f-79c7-4190-a797-b51d3b96da67,Role 4,2011-07-22 09:25:43.919159386,62,0,res_d86ddd9f-79c7-4190-a797-b51d3b96da67,2011-07-22 09:05:04.991919386,0.0
Case74,Analyze Request for Quotation,res_ad433e29-e1d6-463f-8041-ac16f6a1da33,Role 4,2011-07-22 10:00:57.900086593,62,0,res_ad433e29-e1d6-463f-8041-ac16f6a1da33,2011-07-22 09:42:44.784486593,0.0
Case62,Release Purchase Order,res_4bd335b9-e3f0-4209-aa4e-faab83c27374,Role 1,2011-07-22 10:24:51.768922344,62,0,res_4bd335b9-e3f0-4209-aa4e-faab83c27374,2011-07-22 10:23:53.419595344,0.07142857142857142
Case49,Release Supplier's Invoice,res_1f528794-c18e-4c0b-8159-5b23ac7cee00,Role 5,2011-07-22 11:10:41.812430418,62,0,res_1f528794-c18e-4c0b-8159-5b23ac7cee00,2011-07-22 11:10:41.812430418,0.0
Case42,Release Supplier's Invoice,res_1f528794-c18e-4c0b-8159-5b23ac7cee00,Role 5,2011-07-22 11:11:56.278622251,62,0,res_1f528794-c18e-4c0b-8159-5b23ac7cee00,2011-07-22 11:11:56.278622251,0.5
Case49,Authorize Supplier's Invoice payment,res_1f528794-c18e-4c0b-8159-5b23ac7cee00,Role 5,2011-07-22 11:18:53.141833418,62,0,res_1f528794-c18e-4c0b-8159-5b23ac7cee00,2011-07-22 11:10:41.904365418,0.0
Case42,Authorize Supplier's Invoice payment,res_1f528794-c18e-4c0b-8159-5b23ac7cee00,Role 5,2011-07-22 11:19:13.328790251,62,1,res_1f528794-c18e-4c0b-8159-5b23ac7cee00,2011-07-22 11:11:56.412230251,0.5
Case74,Amend Request for Quotation,res_136bbc95-2887-437f-a41f-50a382be8ee8,Role 1,2011-07-22 11:22:00.804583593,62,0,res_136bbc95-2887-437f-a41f-50a382be8ee8,2011-07-22 10:56:47.094326593,0.07142857142857142
Case49,Pay Invoice,res_1f528794-c18e-4c0b-8159-5b23ac7cee00,Role 5,2011-07-22 11:47:59.958427418,62,0,res_1f528794-c18e-4c0b-8159-5b23ac7cee00,2011-07-22 11:47:59.958427418,0.0
Case42,Pay Invoice,res_1f528794-c18e-4c0b-8159-5b23ac7cee00,Role 5,2011-07-22 11:48:21.317571251,61,0,res_1f528794-c18e-4c0b-8159-5b23ac7cee00,2011-07-22 11:48:21.317571251,0.0
Case53,Approve Purchase Order for payment,res_319edab8-eb7f-4de4-965e-0f4c349c020f,Role 4,2011-07-22 12:12:56.141935327,60,0,res_319edab8-eb7f-4de4-965e-0f4c349c020f,2011-07-22 12:12:56.141935327,0.0
Case67,Confirm Purchase Order,res_da4787a5-0b43-44c2-94bc-622692086510,Role 2,2011-07-22 12:44:26.801393087,63,1,res_da4787a5-0b43-44c2-94bc-622692086510,2011-07-21 12:02:46.947788087,0.2
Case64,Choose best option,res_cc8c270f-a566-4350-8a82-77163daf2877,Role 1,2011-07-22 13:59:55.093354929,62,0,res_cc8c270f-a566-4350-8a82-77163daf2877,2011-07-22 06:57:50.923812929,0.07142857142857142
Case47,Confirm Purchase Order,res_3297ac94-204b-4466-9748-2203439519b4,Role 2,2011-07-22 14:58:38.577572505,62,1,res_3297ac94-204b-4466-9748-2203439519b4,2011-07-21 17:06:15.586297505,0.2
Case54,Release Supplier's Invoice,res_1f528794-c18e-4c0b-8159-5b23ac7cee00,Role 5,2011-07-22 15:35:36.153278483,60,0,res_1f528794-c18e-4c0b-8159-5b23ac7cee00,2011-07-22 15:35:36.153278483,0.0
Case54,Authorize Supplier's Invoice payment,res_1f528794-c18e-4c0b-8159-5b23ac7cee00,Role 5,2011-07-22 15:44:16.914267483,60,0,res_1f528794-c18e-4c0b-8159-5b23ac7cee00,2011-07-22 15:35:36.245981483,0.0
Case54,Pay Invoice,res_ccd55097-3d24-4e3c-a0f6-173df7f18211,Role 5,2011-07-22 16:10:47.764128483,60,0,res_ccd55097-3d24-4e3c-a0f6-173df7f18211,2011-07-22 16:10:47.764128483,0.0
Case63,Approve Purchase Order for payment,res_d86ddd9f-79c7-4190-a797-b51d3b96da67,Role 4,2011-07-22 16:30:16.997323921,59,0,res_d86ddd9f-79c7-4190-a797-b51d3b96da67,2011-07-22 16:30:16.997323921,0.0
Case51,Release Supplier's Invoice,res_ccd55097-3d24-4e3c-a0f6-173df7f18211,Role 5,2011-07-22 16:57:28.325157911,59,0,res_ccd55097-3d24-4e3c-a0f6-173df7f18211,2011-07-22 16:57:28.325157911,0.0
Case51,Authorize Supplier's Invoice payment,res_1f528794-c18e-4c0b-8159-5b23ac7cee00,Role 5,2011-07-22 17:06:11.203252911,59,0,res_1f528794-c18e-4c0b-8159-5b23ac7cee00,2011-07-22 16:57:28.420040911,0.0
Case51,Pay Invoice,res_ccd55097-3d24-4e3c-a0f6-173df7f18211,Role 5,2011-07-22 17:33:07.394832911,59,0,res_ccd55097-3d24-4e3c-a0f6-173df7f18211,2011-07-22 17:33:07.394832911,0.0
Case57,Send Invoice,res_d2ebf689-fdbf-4b28-bdd6-66864b824b16,Role 2,2011-07-22 19:03:45.057967080,58,0,res_d2ebf689-fdbf-4b28-bdd6-66864b824b16,2011-07-22 18:59:38.656695080,0.4
Case68,Confirm Purchase Order,res_da4787a5-0b43-44c2-94bc-622692086510,Role 2,2011-07-22 20:37:32.084028304,60,2,res_da4787a5-0b43-44c2-94bc-622692086510,2011-07-21 22:21:29.675781304,0.4
Case82,Analyze Purchase Requisition,res_318fb49e-f698-45db-a950-8a16e3b2ac50,Role 3,2011-07-22 21:30:07.633612093,58,0,res_318fb49e-f698-45db-a950-8a16e3b2ac50,2011-07-22 21:27:44.418456093,0.0
Case82,Create Request for Quotation,res_12ae84dc-2013-49d5-a1c2-578825658fc5,Role 3,2011-07-22 22:00:31.911930093,58,0,res_12ae84dc-2013-49d5-a1c2-578825658fc5,2011-07-22 21:35:37.125125093,0.0
Case62,Approve Purchase Order for payment,res_d86ddd9f-79c7-4190-a797-b51d3b96da67,Role 4,2011-07-22 22:59:58.007418344,58,0,res_d86ddd9f-79c7-4190-a797-b51d3b96da67,2011-07-22 22:59:57.999939344,0.0
Case83,Analyze Purchase Requisition,res_12ae84dc-2013-49d5-a1c2-578825658fc5,Role 3,2011-07-22 23:23:07.424672447,58,0,res_12ae84dc-2013-49d5-a1c2-578825658fc5,2011-07-22 23:20:42.504474447,0.0
Case69,Confirm Purchase Order,res_3297ac94-204b-4466-9748-2203439519b4,Role 2,2011-07-22 23:44:27.993481731,60,3,res_3297ac94-204b-4466-9748-2203439519b4,2011-07-22 00:58:22.882110731,0.6
Case83,Create Request for Quotation,res_318fb49e-f698-45db-a950-8a16e3b2ac50,Role 3,2011-07-22 23:53:40.518049447,58,0,res_318fb49e-f698-45db-a950-8a16e3b2ac50,2011-07-22 23:28:25.709543447,0.0
Case61,Create Purchase Order,res_319edab8-eb7f-4de4-965e-0f4c349c020f,Role 4,2011-07-23 00:04:21.187963710,58,0,res_319edab8-eb7f-4de4-965e-0f4c349c020f,2011-07-22 23:44:04.436224710,0.0
Case64,Settle Conditions With Supplier,res_319edab8-eb7f-4de4-965e-0f4c349c020f,Role 4,2011-07-23 00:51:01.483399929,58,1,res_319edab8-eb7f-4de4-965e-0f4c349c020f,2011-07-23 00:40:55.889918929,0.0
Case56,Send Invoice,res_d2ebf689-fdbf-4b28-bdd6-66864b824b16,Role 2,2011-07-23 01:04:04.319453155,58,0,res_d2ebf689-fdbf-4b28-bdd6-66864b824b16,2011-07-23 00:59:34.615559155,0.0
Case65,Deliver Goods Services,res_d2ebf689-fdbf-4b28-bdd6-66864b824b16,Role 2,2011-07-23 01:38:30.641729856,58,2,res_d2ebf689-fdbf-4b28-bdd6-66864b824b16,2011-07-23 01:37:30.734660856,0.0
Case52,Send Invoice,res_d2ebf689-fdbf-4b28-bdd6-66864b824b16,Role 2,2011-07-23 03:20:08.985880044,58,0,res_d2ebf689-fdbf-4b28-bdd6-66864b824b16,2011-07-23 03:16:03.565938044,0.0
Case57,Release Supplier's Invoice,res_1f528794-c18e-4c0b-8159-5b23ac7cee00,Role 5,2011-07-23 08:19:59.280560080,58,0,res_1f528794-c18e-4c0b-8159-5b23ac7cee00,2011-07-23 08:19:59.280560080,0.0
Case57,Authorize Supplier's Invoice payment,res_ccd55097-3d24-4e3c-a0f6-173df7f18211,Role 5,2011-07-23 08:28:03.213320080,58,0,res_ccd55097-3d24-4e3c-a0f6-173df7f18211,2011-07-23 08:19:59.349335080,0.0
Case65,Release Purchase Order,res_9773379d-f89d-4832-bfda-e91968982280,Role 1,2011-07-23 08:31:01.280544856,58,0,res_9773379d-f89d-4832-bfda-e91968982280,2011-07-23 08:30:03.298569856,0.0
Case57,Pay Invoice,res_ccd55097-3d24-4e3c-a0f6-173df7f18211,Role 5,2011-07-23 08:56:44.265542080,58,0,res_ccd55097-3d24-4e3c-a0f6-173df7f18211,2011-07-23 08:56:44.265542080,0.0
Case64,Create Purchase Order,res_319edab8-eb7f-4de4-965e-0f4c349c020f,Role 4,2011-07-23 09:35:12.139754929,57,0,res_319edab8-eb7f-4de4-965e-0f4c349c020f,2011-07-23 09:17:18.255708929,0.0
Case78,Analyze Request for Quotation,res_d86ddd9f-79c7-4190-a797-b51d3b96da67,Role 4,2011-07-23 11:57:23.289588854,57,0,res_d86ddd9f-79c7-4190-a797-b51d3b96da67,2011-07-23 11:41:44.463785854,0.0
Case56,Release Supplier's Invoice,res_1f528794-c18e-4c0b-8159-5b23ac7cee00,Role 5,2011-07-23 13:55:20.707999155,57,0,res_1f528794-c18e-4c0b-8159-5b23ac7cee00,2011-07-23 13:55:20.707999155,0.0
Case56,Authorize Supplier's Invoice payment,res_ccd55097-3d24-4e3c-a0f6-173df7f18211,Role 5,2011-07-23 14:04:05.381327155,57,0,res_ccd55097-3d24-4e3c-a0f6-173df7f18211,2011-07-23 13:55:20.786984155,0.0
Case56,Pay Invoice,res_1f528794-c18e-4c0b-8159-5b23ac7cee00,Role 5,2011-07-23 14:31:31.973414155,57,0,res_1f528794-c18e-4c0b-8159-5b23ac7cee00,2011-07-23 14:31:31.973414155,0.0
Case52,Release Supplier's Invoice,res_ccd55097-3d24-4e3c-a0f6-173df7f18211,Role 5,2011-07-23 16:21:50.965643044,56,0,res_ccd55097-3d24-4e3c-a0f6-173df7f18211,2011-07-23 16:21:50.965643044,0.0
Case52,Authorize Supplier's Invoice payment,res_ccd55097-3d24-4e3c-a0f6-173df7f18211,Role 5,2011-07-23 16:30:09.934409044,56,0,res_ccd55097-3d24-4e3c-a0f6-173df7f18211,2011-07-23 16:21:51.038540044,0.0
Case84,Create Purchase Requisition,res_c19b4421-dc3f-44f8-90c2-1727cfadff3d,Role 1,2011-07-23 16:49:18.763015528,57,0,res_c19b4421-dc3f-44f8-90c2-1727cfadff3d,2011-07-23 16:41:53.945680528,0.0
Case52,Pay Invoice,res_ccd55097-3d24-4e3c-a0f6-173df7f18211,Role 5,2011-07-23 16:57:09.652382044,57,0,res_ccd55097-3d24-4e3c-a0f6-173df7f18211,2011-07-23 16:57:09.652382044,0.0
Case85,Create Purchase Requisition,res_c19b4421-dc3f-44f8-90c2-1727cfadff3d,Role 1,2011-07-23 20:23:50.384473547,57,0,res_c19b4421-dc3f-44f8-90c2-1727cfadff3d,2011-07-23 20:16:40.387908547,0.0
Case65,Approve Purchase Order for payment,res_ad433e29-e1d6-463f-8041-ac16f6a1da33,Role 4,2011-07-23 20:58:59.374784856,57,0,res_ad433e29-e1d6-463f-8041-ac16f6a1da33,2011-07-23 20:58:59.365097856,0.0
Case63,Send Invoice,res_3297ac94-204b-4466-9748-2203439519b4,Role 2,2011-07-23 21:07:18.374359921,57,0,res_3297ac94-204b-4466-9748-2203439519b4,2011-07-23 21:03:09.144991921,0.4
Case67,Deliver Goods Services,res_da4787a5-0b43-44c2-94bc-622692086510,Role 2,2011-07-23 23:04:30.617469087,57,2,res_da4787a5-0b43-44c2-94bc-622692086510,2011-07-23 23:03:30.531757087,0.4
Case53,Send Invoice,res_74fb9490-fecf-4ad0-b668-d6ef9f8af10e,Role 2,2011-07-23 23:56:45.478791327,57,0,res_74fb9490-fecf-4ad0-b668-d6ef9f8af10e,2011-07-23 23:52:43.683889327,0.4
Case47,Deliver Goods Services,res_74fb9490-fecf-4ad0-b668-d6ef9f8af10e,Role 2,2011-07-24 02:51:07.630471505,57,2,res_74fb9490-fecf-4ad0-b668-d6ef9f8af10e,2011-07-24 02:50:07.656276505,0.4
Case86,Create Purchase Requisition,res_4bd335b9-e3f0-4209-aa4e-faab83c27374,Role 1,2011-07-24 03:37:51.177507878,58,0,res_4bd335b9-e3f0-4209-aa4e-faab83c27374,2011-07-24 03:30:36.813134878,0.0
Case62,Send Invoice,res_da4787a5-0b43-44c2-94bc-622692086510,Role 2,2011-07-24 05:28:35.741079344,58,0,res_da4787a5-0b43-44c2-94bc-622692086510,2011-07-24 05:24:25.351759344,0.6
Case67,Release Purchase Order,res_0b9cf306-e11d-4cfb-b0e0-b2b7e6918c5d,Role 1,2011-07-24 06:05:58.555145087,58,0,res_0b9cf306-e11d-4cfb-b0e0-b2b7e6918c5d,2011-07-24 06:05:00.504618087,0.0
Case87,Create Purchase Requisition,res_0b9cf306-e11d-4cfb-b0e0-b2b7e6918c5d,Role 1,2011-07-24 06:33:46.938518601,59,0,res_0b9cf306-e11d-4cfb-b0e0-b2b7e6918c5d,2011-07-24 06:26:18.443946601,0.0
Case86,Create Request for Quotation,res_0a189e9f-2074-4f90-8b4c-25a7238139fe,Role 3,2011-07-24 08:15:01.685672878,59,0,res_0a189e9f-2074-4f90-8b4c-25a7238139fe,2011-07-24 07:53:14.309865878,0.0
Case79,Analyze Request for Quotation,res_d86ddd9f-79c7-4190-a797-b51d3b96da67,Role 4,2011-07-24 09:01:31.233073437,59,0,res_d86ddd9f-79c7-4190-a797-b51d3b96da67,2011-07-24 08:45:42.436883437,0.0
Case84,Analyze Purchase Requisition,res_12ae84dc-2013-49d5-a1c2-578825658fc5,Role 3,2011-07-24 09:16:39.117956528,59,0,res_12ae84dc-2013-49d5-a1c2-578825658fc5,2011-07-24 09:14:14.097041528,0.0
Case84,Create Request for Quotation,res_0a189e9f-2074-4f90-8b4c-25a7238139fe,Role 3,2011-07-24 09:46:03.978141528,59,0,res_0a189e9f-2074-4f90-8b4c-25a7238139fe,2011-07-24 09:21:25.874589528,0.0
Case68,Deliver Goods Services,res_da4787a5-0b43-44c2-94bc-622692086510,Role 2,2011-07-24 09:54:13.777088304,59,2,res_da4787a5-0b43-44c2-94bc-622692086510,2011-07-24 09:53:13.691085304,0.6
Case63,Release Supplier's Invoice,res_ccd55097-3d24-4e3c-a0f6-173df7f18211,Role 5,2011-07-24 09:55:01.648712921,59,0,res_ccd55097-3d24-4e3c-a0f6-173df7f18211,2011-07-24 09:55:01.648712921,0.0
Case47,Release Purchase Order,res_edc8dbfd-009c-447c-9848-9a8d0b6c95fc,Role 1,2011-07-24 09:55:25.616331505,59,0,res_edc8dbfd-009c-447c-9848-9a8d0b6c95fc,2011-07-24 09:54:27.557047505,0.0
Case63,Authorize Supplier's Invoice payment,res_1f528794-c18e-4c0b-8159-5b23ac7cee00,Role 5,2011-07-24 10:03:02.532715921,59,0,res_1f528794-c18e-4c0b-8159-5b23ac7cee00,2011-07-24 09:55:01.709622921,0.0
Case63,Pay Invoice,res_1f528794-c18e-4c0b-8159-5b23ac7cee00,Role 5,2011-07-24 10:31:12.939289921,59,0,res_1f528794-c18e-4c0b-8159-5b23ac7cee00,2011-07-24 10:31:12.939289921,0.0
Case87,Create Request for Quotation,res_12ae84dc-2013-49d5-a1c2-578825658fc5,Role 3,2011-07-24 11:07:12.795891601,58,0,res_12ae84dc-2013-49d5-a1c2-578825658fc5,2011-07-24 10:44:27.569032601,0.0
Case53,Release Supplier's Invoice,res_ccd55097-3d24-4e3c-a0f6-173df7f18211,Role 5,2011-07-24 13:01:07.058336327,58,0,res_ccd55097-3d24-4e3c-a0f6-173df7f18211,2011-07-24 13:01:07.058336327,0.0
Case53,Authorize Supplier's Invoice payment,res_ccd55097-3d24-4e3c-a0f6-173df7f18211,Role 5,2011-07-24 13:08:25.699685327,58,0,res_ccd55097-3d24-4e3c-a0f6-173df7f18211,2011-07-24 13:01:07.129958327,0.0
Case88,Create Purchase Requisition,res_349907e7-8968-4ad0-8af7-bbf3079b5952,Role 1,2011-07-24 13:32:40.705904721,59,0,res_349907e7-8968-4ad0-8af7-bbf3079b5952,2011-07-24 13:25:10.012459721,0.0
Case53,Pay Invoice,res_1f528794-c18e-4c0b-8159-5b23ac7cee00,Role 5,2011-07-24 13:36:01.540970327,59,0,res_1f528794-c18e-4c0b-8159-5b23ac7cee00,2011-07-24 13:36:01.540970327,0.0
Case85,Analyze Purchase Requisition,res_12ae84dc-2013-49d5-a1c2-578825658fc5,Role 3,2011-07-24 13:44:05.641772547,58,0,res_12ae84dc-2013-49d5-a1c2-578825658fc5,2011-07-24 13:41:37.428972547,0.0
Case85,Create Request for Quotation,res_12ae84dc-2013-49d5-a1c2-578825658fc5,Role 3,2011-07-24 14:12:38.139175547,58,0,res_12ae84dc-2013-49d5-a1c2-578825658fc5,2011-07-24 13:49:05.143611547,0.0
Case77,Send Request for Quotation to Supplier,res_ad433e29-e1d6-463f-8041-ac16f6a1da33,Role 4,2011-07-24 14:34:40.242374399,58,0,res_ad433e29-e1d6-463f-8041-ac16f6a1da33,2011-07-24 11:35:24.746549399,0.0
Case89,Create Purchase Requisition,res_edc8dbfd-009c-447c-9848-9a8d0b6c95fc,Role 1,2011-07-24 14:49:57.758539915,59,0,res_edc8dbfd-009c-447c-9848-9a8d0b6c95fc,2011-07-24 14:42:33.540708915,0.0
Case80,Analyze Request for Quotation,res_ad433e29-e1d6-463f-8041-ac16f6a1da33,Role 4,2011-07-24 15:18:32.894790498,59,0,res_ad433e29-e1d6-463f-8041-ac16f6a1da33,2011-07-24 15:03:21.803912498,0.0
Case72,Confirm Purchase Order,res_74fb9490-fecf-4ad0-b668-d6ef9f8af10e,Role 2,2011-07-24 16:09:36.426110386,56,0,res_74fb9490-fecf-4ad0-b668-d6ef9f8af10e,2011-07-23 17:11:34.358218386,0.0
Case67,Approve Purchase Order for payment,res_319edab8-eb7f-4de4-965e-0f4c349c020f,Role 4,2011-07-24 16:38:17.777043087,59,0,res_319edab8-eb7f-4de4-965e-0f4c349c020f,2011-07-24 16:38:17.772614087,0.0
Case68,Release Purchase Order,res_4bd335b9-e3f0-4209-aa4e-faab83c27374,Role 1,2011-07-24 16:52:21.586062304,59,0,res_4bd335b9-e3f0-4209-aa4e-faab83c27374,2011-07-24 16:51:23.209787304,0.0
Case61,Confirm Purchase Order,res_d2ebf689-fdbf-4b28-bdd6-66864b824b16,Role 2,2011-07-24 17:04:26.934688710,56,1,res_d2ebf689-fdbf-4b28-bdd6-66864b824b16,2011-07-23 18:52:29.173921710,0.2
Case90,Create Purchase Requisition,res_4bd335b9-e3f0-4209-aa4e-faab83c27374,Role 1,2011-07-24 17:57:44.551007799,60,0,res_4bd335b9-e3f0-4209-aa4e-faab83c27374,2011-07-24 17:50:37.695135799,0.0
Case62,Release Supplier's Invoice,res_ccd55097-3d24-4e3c-a0f6-173df7f18211,Role 5,2011-07-24 17:59:18.779754344,60,0,res_ccd55097-3d24-4e3c-a0f6-173df7f18211,2011-07-24 17:59:18.779754344,0.0
Case62,Authorize Supplier's Invoice payment,res_1f528794-c18e-4c0b-8159-5b23ac7cee00,Role 5,2011-07-24 18:08:02.715022344,60,0,res_1f528794-c18e-4c0b-8159-5b23ac7cee00,2011-07-24 17:59:18.848735344,0.0
Case62,Pay Invoice,res_1f528794-c18e-4c0b-8159-5b23ac7cee00,Role 5,2011-07-24 18:36:14.893653344,60,0,res_1f528794-c18e-4c0b-8159-5b23ac7cee00,2011-07-24 18:36:14.893653344,0.0
Case81,Analyze Request for Quotation,res_319edab8-eb7f-4de4-965e-0f4c349c020f,Role 4,2011-07-24 19:32:02.806210308,59,0,res_319edab8-eb7f-4de4-965e-0f4c349c020f,2011-07-24 19:15:57.698087308,0.0
Case91,Create Purchase Requisition,res_c19b4421-dc3f-44f8-90c2-1727cfadff3d,Role 1,2011-07-24 20:21:10.269520123,60,0,res_c19b4421-dc3f-44f8-90c2-1727cfadff3d,2011-07-24 20:14:11.369894123,0.0
Case47,Approve Purchase Order for payment,res_319edab8-eb7f-4de4-965e-0f4c349c020f,Role 4,2011-07-24 20:24:40.138399505,60,0,res_319edab8-eb7f-4de4-965e-0f4c349c020f,2011-07-24 20:24:40.138399505,0.0
Case69,Deliver Goods Services,res_a1e0a0a1-b1fc-40e5-bbc7-475a550099bd,Role 2,2011-07-24 20:26:45.053532731,60,2,res_a1e0a0a1-b1fc-40e5-bbc7-475a550099bd,2011-07-24 20:25:44.964558731,0.2
Case89,Create Request for Quotation,res_318fb49e-f698-45db-a950-8a16e3b2ac50,Role 3,2011-07-24 20:39:50.990931915,60,0,res_318fb49e-f698-45db-a950-8a16e3b2ac50,2011-07-24 20:19:37.548567915,0.0
Case77,Create Quotation comparison Map,res_ad433e29-e1d6-463f-8041-ac16f6a1da33,Role 4,2011-07-24 20:44:51.980881399,60,0,res_ad433e29-e1d6-463f-8041-ac16f6a1da33,2011-07-24 20:27:11.808888399,0.0
Case90,Create Request for Quotation,res_318fb49e-f698-45db-a950-8a16e3b2ac50,Role 3,2011-07-24 23:41:20.879380799,60,0,res_318fb49e-f698-45db-a950-8a16e3b2ac50,2011-07-24 23:21:37.927764799,0.0
Case77,Analyze Quotation Comparison Map,res_3b20902b-7665-4f1a-a001-f40b6e13b8e4,Role 1,2011-07-25 03:22:18.408819399,60,0,res_3b20902b-7665-4f1a-a001-f40b6e13b8e4,2011-07-25 03:22:18.406114399,0.0
Case68,Approve Purchase Order for payment,res_ad433e29-e1d6-463f-8041-ac16f6a1da33,Role 4,2011-07-25 03:31:38.757470304,60,0,res_ad433e29-e1d6-463f-8041-ac16f6a1da33,2011-07-25 03:31:38.754682304,0.0
Case69,Release Purchase Order,res_edc8dbfd-009c-447c-9848-9a8d0b6c95fc,Role 1,2011-07-25 03:33:26.111537731,60,0,res_edc8dbfd-009c-447c-9848-9a8d0b6c95fc,2011-07-25 03:32:27.867308731,0.07142857142857142
Case64,Confirm Purchase Order,res_a1e0a0a1-b1fc-40e5-bbc7-475a550099bd,Role 2,2011-07-25 04:23:56.512971929,58,2,res_a1e0a0a1-b1fc-40e5-bbc7-475a550099bd,2011-07-24 05:18:16.704304929,0.4
Case88,Analyze Purchase Requisition,res_12ae84dc-2013-49d5-a1c2-578825658fc5,Role 3,2011-07-25 04:31:36.936274721,60,0,res_12ae84dc-2013-49d5-a1c2-578825658fc5,2011-07-25 04:29:11.573712721,0.0
Case91,Create Request for Quotation,res_12ae84dc-2013-49d5-a1c2-578825658fc5,Role 3,2011-07-25 04:56:40.225407123,60,1,res_12ae84dc-2013-49d5-a1c2-578825658fc5,2011-07-25 04:41:06.227117123,0.3333333333333333
Case88,Create Request for Quotation,res_318fb49e-f698-45db-a950-8a16e3b2ac50,Role 3,2011-07-25 05:00:05.163718721,60,0,res_318fb49e-f698-45db-a950-8a16e3b2ac50,2011-07-25 04:36:16.023568721,0.0
Case65,Send Invoice,res_a1e0a0a1-b1fc-40e5-bbc7-475a550099bd,Role 2,2011-07-25 05:47:57.981036856,60,0,res_a1e0a0a1-b1fc-40e5-bbc7-475a550099bd,2011-07-25 05:43:55.698817856,0.0
Case92,Create Purchase Requisition,res_04fcb212-88f2-4592-9cf9-5bad9a85cb21,Role 1,2011-07-25 08:58:22.240835433,61,0,res_04fcb212-88f2-4592-9cf9-5bad9a85cb21,2011-07-25 08:50:54.534540433,0.07142857142857142
Case74,Analyze Request for Quotation,res_d86ddd9f-79c7-4190-a797-b51d3b96da67,Role 4,2011-07-25 10:33:02.764894593,61,0,res_d86ddd9f-79c7-4190-a797-b51d3b96da67,2011-07-25 10:14:57.304640593,0.0
Case77,Choose best option,res_4bd335b9-e3f0-4209-aa4e-faab83c27374,Role 1,2011-07-25 11:36:49.440633399,60,0,res_4bd335b9-e3f0-4209-aa4e-faab83c27374,2011-07-25 03:22:18.434446399,0.0
Case67,Send Invoice,res_3297ac94-204b-4466-9748-2203439519b4,Role 2,2011-07-25 13:19:22.790744087,60,0,res_3297ac94-204b-4466-9748-2203439519b4,2011-07-25 13:15:32.880078087,0.0
Case92,Create Request for Quotation,res_12ae84dc-2013-49d5-a1c2-578825658fc5,Role 3,2011-07-25 14:01:10.324730433,60,0,res_12ae84dc-2013-49d5-a1c2-578825658fc5,2011-07-25 13:37:48.035231433,0.0
Case69,Approve Purchase Order for payment,res_d86ddd9f-79c7-4190-a797-b51d3b96da67,Role 4,2011-07-25 14:30:47.591504731,60,0,res_d86ddd9f-79c7-4190-a797-b51d3b96da67,2011-07-25 14:30:47.591504731,0.0
Case83,Analyze Request for Quotation,res_ad433e29-e1d6-463f-8041-ac16f6a1da33,Role 4,2011-07-25 17:38:55.552647447,60,0,res_ad433e29-e1d6-463f-8041-ac16f6a1da33,2011-07-25 17:23:29.107013447,0.0
Case77,Settle Conditions With Supplier,res_d86ddd9f-79c7-4190-a797-b51d3b96da67,Role 4,2011-07-25 18:02:21.825869399,59,1,res_d86ddd9f-79c7-4190-a797-b51d3b96da67,2011-07-25 17:52:29.379840399,0.0
Case65,Release Supplier's Invoice,res_ccd55097-3d24-4e3c-a0f6-173df7f18211,Role 5,2011-07-25 18:20:24.579858856,59,0,res_ccd55097-3d24-4e3c-a0f6-173df7f18211,2011-07-25 18:20:24.579858856,0.0
Case47,Send Invoice,res_da4787a5-0b43-44c2-94bc-622692086510,Role 2,2011-07-25 18:24:50.938317505,59,0,res_da4787a5-0b43-44c2-94bc-622692086510,2011-07-25 18:20:45.954157505,0.0
Case65,Authorize Supplier's Invoice payment,res_ccd55097-3d24-4e3c-a0f6-173df7f18211,Role 5,2011-07-25 18:29:00.049766856,59,0,res_ccd55097-3d24-4e3c-a0f6-173df7f18211,2011-07-25 18:20:24.646162856,0.0
Case65,Pay Invoice,res_1f528794-c18e-4c0b-8159-5b23ac7cee00,Role 5,2011-07-25 18:56:16.128415856,59,0,res_1f528794-c18e-4c0b-8159-5b23ac7cee00,2011-07-25 18:56:16.128415856,0.0
Case68,Send Invoice,res_74fb9490-fecf-4ad0-b668-d6ef9f8af10e,Role 2,2011-07-25 21:23:52.315422304,58,0,res_74fb9490-fecf-4ad0-b668-d6ef9f8af10e,2011-07-25 21:19:31.812279304,0.0
Case82,Analyze Request for Quotation,res_d86ddd9f-79c7-4190-a797-b51d3b96da67,Role 4,2011-07-25 22:08:13.240418093,58,0,res_d86ddd9f-79c7-4190-a797-b51d3b96da67,2011-07-25 21:52:46.522766093,0.6666666666666666
Case78,Send Request for Quotation to Supplier,res_319edab8-eb7f-4de4-965e-0f4c349c020f,Role 4,2011-07-25 22:14:05.144418854,59,0,res_319edab8-eb7f-4de4-965e-0f4c349c020f,2011-07-25 18:42:32.032365854,0.0
Case79,Send Request for Quotation to Supplier,res_319edab8-eb7f-4de4-965e-0f4c349c020f,Role 4,2011-07-25 23:27:47.778244437,58,1,res_319edab8-eb7f-4de4-965e-0f4c349c020f,2011-07-25 20:26:30.614325437,0.3333333333333333
Case77,Create Purchase Order,res_319edab8-eb7f-4de4-965e-0f4c349c020f,Role 4,2011-07-26 00:46:32.847382399,58,0,res_319edab8-eb7f-4de4-965e-0f4c349c020f,2011-07-26 00:22:32.625894399,0.0
Case61,Deliver Goods Services,res_a1e0a0a1-b1fc-40e5-bbc7-475a550099bd,Role 2,2011-07-26 00:48:20.609801710,58,2,res_a1e0a0a1-b1fc-40e5-bbc7-475a550099bd,2011-07-26 00:47:20.515962710,0.0
Case67,Release Supplier's Invoice,res_1f528794-c18e-4c0b-8159-5b23ac7cee00,Role 5,2011-07-26 01:33:49.282033087,58,0,res_1f528794-c18e-4c0b-8159-5b23ac7cee00,2011-07-26 01:33:49.282033087,0.0
Case67,Authorize Supplier's Invoice payment,res_ccd55097-3d24-4e3c-a0f6-173df7f18211,Role 5,2011-07-26 01:42:55.481673087,58,0,res_ccd55097-3d24-4e3c-a0f6-173df7f18211,2011-07-26 01:33:49.339350087,0.0
Case67,Pay Invoice,res_ccd55097-3d24-4e3c-a0f6-173df7f18211,Role 5,2011-07-26 02:12:43.585298087,58,0,res_ccd55097-3d24-4e3c-a0f6-173df7f18211,2011-07-26 02:12:43.585298087,0.0
Case78,Create Quotation comparison Map,res_319edab8-eb7f-4de4-965e-0f4c349c020f,Role 4,2011-07-26 02:37:14.133789854,57,0,res_319edab8-eb7f-4de4-965e-0f4c349c020f,2011-07-26 02:17:56.382147854,0.3333333333333333
Case72,Deliver Goods Services,res_d2ebf689-fdbf-4b28-bdd6-66864b824b16,Role 2,2011-07-26 02:38:13.987386386,57,2,res_d2ebf689-fdbf-4b28-bdd6-66864b824b16,2011-07-26 02:37:13.862601386,0.0
Case93,Create Purchase Requisition,res_04fcb212-88f2-4592-9cf9-5bad9a85cb21,Role 1,2011-07-26 02:46:39.675637677,58,0,res_04fcb212-88f2-4592-9cf9-5bad9a85cb21,2011-07-26 02:39:36.108270677,0.0
Case84,Analyze Request for Quotation,res_d86ddd9f-79c7-4190-a797-b51d3b96da67,Role 4,2011-07-26 03:29:29.853426528,58,0,res_d86ddd9f-79c7-4190-a797-b51d3b96da67,2011-07-26 03:11:14.224974528,0.3333333333333333
Case79,Create Quotation comparison Map,res_319edab8-eb7f-4de4-965e-0f4c349c020f,Role 4,2011-07-26 03:39:22.827597437,58,0,res_319edab8-eb7f-4de4-965e-0f4c349c020f,2011-07-26 03:21:50.216608437,0.6666666666666666
Case80,Send Request for Quotation to Supplier,res_ad433e29-e1d6-463f-8041-ac16f6a1da33,Role 4,2011-07-26 04:29:28.079063498,58,0,res_ad433e29-e1d6-463f-8041-ac16f6a1da33,2011-07-26 01:31:32.035549498,0.0
Case94,Create Purchase Requisition,res_edc8dbfd-009c-447c-9848-9a8d0b6c95fc,Role 1,2011-07-26 07:06:32.361219667,59,0,res_edc8dbfd-009c-447c-9848-9a8d0b6c95fc,2011-07-26 06:59:08.061009667,0.0
Case47,Release Supplier's Invoice,res_ccd55097-3d24-4e3c-a0f6-173df7f18211,Role 5,2011-07-26 07:20:20.859981505,59,0,res_ccd55097-3d24-4e3c-a0f6-173df7f18211,2011-07-26 07:20:20.859981505,0.0
Case47,Authorize Supplier's Invoice payment,res_ccd55097-3d24-4e3c-a0f6-173df7f18211,Role 5,2011-07-26 07:27:34.512770505,59,0,res_ccd55097-3d24-4e3c-a0f6-173df7f18211,2011-07-26 07:20:20.921842505,0.0
Case61,Release Purchase Order,res_9773379d-f89d-4832-bfda-e91968982280,Role 1,2011-07-26 07:52:08.605435710,59,0,res_9773379d-f89d-4832-bfda-e91968982280,2011-07-26 07:51:10.225763710,0.0
Case47,Pay Invoice,res_ccd55097-3d24-4e3c-a0f6-173df7f18211,Role 5,2011-07-26 07:56:48.074745505,59,0,res_ccd55097-3d24-4e3c-a0f6-173df7f18211,2011-07-26 07:56:48.074745505,0.0
Case93,Create Request for Quotation,res_0a189e9f-2074-4f90-8b4c-25a7238139fe,Role 3,2011-07-26 08:02:42.774742677,59,0,res_0a189e9f-2074-4f90-8b4c-25a7238139fe,2011-07-26 07:41:23.400484677,0.0
Case64,Deliver Goods Services,res_74fb9490-fecf-4ad0-b668-d6ef9f8af10e,Role 2,2011-07-26 08:56:50.836050929,58,2,res_74fb9490-fecf-4ad0-b668-d6ef9f8af10e,2011-07-26 08:55:50.849759929,0.0
Case78,Analyze Quotation Comparison Map,res_3b20902b-7665-4f1a-a001-f40b6e13b8e4,Role 1,2011-07-26 09:05:18.006300854,58,0,res_3b20902b-7665-4f1a-a001-f40b6e13b8e4,2011-07-26 09:05:18.005790854,0.0
Case80,Create Quotation comparison Map,res_319edab8-eb7f-4de4-965e-0f4c349c020f,Role 4,2011-07-26 09:25:49.791470498,58,0,res_319edab8-eb7f-4de4-965e-0f4c349c020f,2011-07-26 09:10:18.256772498,0.0
Case69,Send Invoice,res_d2ebf689-fdbf-4b28-bdd6-66864b824b16,Role 2,2011-07-26 09:32:18.095923731,58,0,res_d2ebf689-fdbf-4b28-bdd6-66864b824b16,2011-07-26 09:28:30.788699731,0.0
Case72,Release Purchase Order,res_cc8c270f-a566-4350-8a82-77163daf2877,Role 1,2011-07-26 09:47:30.305612386,58,0,res_cc8c270f-a566-4350-8a82-77163daf2877,2011-07-26 09:46:31.935028386,0.07142857142857142
Case68,Release Supplier's Invoice,res_1f528794-c18e-4c0b-8159-5b23ac7cee00,Role 5,2011-07-26 10:02:10.364305304,58,0,res_1f528794-c18e-4c0b-8159-5b23ac7cee00,2011-07-26 10:02:10.364305304,0.0
Case79,Analyze Quotation Comparison Map,res_edc8dbfd-009c-447c-9848-9a8d0b6c95fc,Role 1,2011-07-26 10:06:42.535380437,58,0,res_edc8dbfd-009c-447c-9848-9a8d0b6c95fc,2011-07-26 10:06:42.529033437,0.07142857142857142
Case68,Authorize Supplier's Invoice payment,res_1f528794-c18e-4c0b-8159-5b23ac7cee00,Role 5,2011-07-26 10:10:12.167034304,58,0,res_1f528794-c18e-4c0b-8159-5b23ac7cee00,2011-07-26 10:02:10.430505304,0.0
Case68,Pay Invoice,res_1f528794-c18e-4c0b-8159-5b23ac7cee00,Role 5,2011-07-26 10:39:19.587965304,58,0,res_1f528794-c18e-4c0b-8159-5b23ac7cee00,2011-07-26 10:39:19.587965304,0.0
Case85,Analyze Request for Quotation,res_ad433e29-e1d6-463f-8041-ac16f6a1da33,Role 4,2011-07-26 11:24:31.954382547,57,0,res_ad433e29-e1d6-463f-8041-ac16f6a1da33,2011-07-26 11:07:33.714747547,0.0
Case88,Analyze Request for Quotation,res_319edab8-eb7f-4de4-965e-0f4c349c020f,Role 4,2011-07-26 14:19:13.960712721,56,0,res_319edab8-eb7f-4de4-965e-0f4c349c020f,2011-07-26 14:04:49.582693721,0.3333333333333333
Case81,Send Request for Quotation to Supplier,res_319edab8-eb7f-4de4-965e-0f4c349c020f,Role 4,2011-07-26 15:23:50.146822308,56,0,res_319edab8-eb7f-4de4-965e-0f4c349c020f,2011-07-26 11:54:00.072606308,0.0
Case88,Amend Request for Quotation,res_1fb03551-690a-4dc0-accf-65ec0c01ceff,Role 1,2011-07-26 15:33:43.519796721,56,0,res_1fb03551-690a-4dc0-accf-65ec0c01ceff,2011-07-26 15:09:22.793307721,0.14285714285714285
Case80,Analyze Quotation Comparison Map,res_1fb03551-690a-4dc0-accf-65ec0c01ceff,Role 1,2011-07-26 15:40:05.752990498,56,0,res_1fb03551-690a-4dc0-accf-65ec0c01ceff,2011-07-26 15:40:05.749371498,0.14285714285714285
Case64,Release Purchase Order,res_0b9cf306-e11d-4cfb-b0e0-b2b7e6918c5d,Role 1,2011-07-26 15:54:05.543147929,56,0,res_0b9cf306-e11d-4cfb-b0e0-b2b7e6918c5d,2011-07-26 15:53:07.379093929,0.21428571428571427
Case79,Choose best option,res_0b9cf306-e11d-4cfb-b0e0-b2b7e6918c5d,Role 1,2011-07-26 17:16:33.734136437,58,1,res_0b9cf306-e11d-4cfb-b0e0-b2b7e6918c5d,2011-07-26 10:06:42.559308437,0.07142857142857142
Case78,Choose best option,res_349907e7-8968-4ad0-8af7-bbf3079b5952,Role 1,2011-07-26 17:30:30.171869854,58,0,res_349907e7-8968-4ad0-8af7-bbf3079b5952,2011-07-26 09:05:18.050765854,0.0
Case89,Analyze Request for Quotation,res_d86ddd9f-79c7-4190-a797-b51d3b96da67,Role 4,2011-07-26 17:55:14.997129915,56,0,res_d86ddd9f-79c7-4190-a797-b51d3b96da67,2011-07-26 17:39:03.523231915,0.0
Case61,Approve Purchase Order for payment,res_ad433e29-e1d6-463f-8041-ac16f6a1da33,Role 4,2011-07-26 17:59:04.308422710,56,0,res_ad433e29-e1d6-463f-8041-ac16f6a1da33,2011-07-26 17:59:04.308422710,0.0
Case72,Approve Purchase Order for payment,res_319edab8-eb7f-4de4-965e-0f4c349c020f,Role 4,2011-07-26 19:47:51.513293386,56,0,res_319edab8-eb7f-4de4-965e-0f4c349c020f,2011-07-26 19:47:51.513293386,0.0
Case81,Create Quotation comparison Map,res_ad433e29-e1d6-463f-8041-ac16f6a1da33,Role 4,2011-07-26 20:29:35.464558308,56,0,res_ad433e29-e1d6-463f-8041-ac16f6a1da33,2011-07-26 20:11:45.391684308,0.0
Case94,Analyze Purchase Requisition,res_0a189e9f-2074-4f90-8b4c-25a7238139fe,Role 3,2011-07-26 21:47:19.299190667,56,0,res_0a189e9f-2074-4f90-8b4c-25a7238139fe,2011-07-26 21:44:55.883920667,0.0
Case69,Release Supplier's Invoice,res_1f528794-c18e-4c0b-8159-5b23ac7cee00,Role 5,2011-07-26 21:54:27.183472731,56,0,res_1f528794-c18e-4c0b-8159-5b23ac7cee00,2011-07-26 21:54:27.183472731,0.0
Case69,Authorize Supplier's Invoice payment,res_ccd55097-3d24-4e3c-a0f6-173df7f18211,Role 5,2011-07-26 22:03:56.913094731,56,0,res_ccd55097-3d24-4e3c-a0f6-173df7f18211,2011-07-26 21:54:27.249519731,0.0
Case80,Choose best option,res_0b9cf306-e11d-4cfb-b0e0-b2b7e6918c5d,Role 1,2011-07-26 22:05:13.571204498,56,2,res_0b9cf306-e11d-4cfb-b0e0-b2b7e6918c5d,2011-07-26 15:40:05.791207498,0.14285714285714285
Case94,Create Request for Quotation,res_318fb49e-f698-45db-a950-8a16e3b2ac50,Role 3,2011-07-26 22:15:10.260366667,56,0,res_318fb49e-f698-45db-a950-8a16e3b2ac50,2011-07-26 21:52:24.194159667,0.0
Case69,Pay Invoice,res_ccd55097-3d24-4e3c-a0f6-173df7f18211,Role 5,2011-07-26 22:32:52.045146731,56,0,res_ccd55097-3d24-4e3c-a0f6-173df7f18211,2011-07-26 22:32:52.045146731,0.0
Case79,Settle Conditions With Supplier,res_d86ddd9f-79c7-4190-a797-b51d3b96da67,Role 4,2011-07-27 01:45:45.412912437,55,1,res_d86ddd9f-79c7-4190-a797-b51d3b96da67,2011-07-27 01:35:44.983223437,0.0
Case78,Settle Conditions With Supplier,res_ad433e29-e1d6-463f-8041-ac16f6a1da33,Role 4,2011-07-27 02:28:14.978350854,55,1,res_ad433e29-e1d6-463f-8041-ac16f6a1da33,2011-07-27 02:18:05.091213854,0.0
Case81,Analyze Quotation Comparison Map,res_9773379d-f89d-4832-bfda-e91968982280,Role 1,2011-07-27 02:48:22.054400308,55,0,res_9773379d-f89d-4832-bfda-e91968982280,2011-07-27 02:48:22.054400308,0.0
Case64,Approve Purchase Order for payment,res_ad433e29-e1d6-463f-8041-ac16f6a1da33,Role 4,2011-07-27 03:09:17.182126929,55,0,res_ad433e29-e1d6-463f-8041-ac16f6a1da33,2011-07-27 03:09:17.182126929,0.0
Case95,Create Purchase Requisition,res_4bd335b9-e3f0-4209-aa4e-faab83c27374,Role 1,2011-07-27 04:38:17.199132335,56,0,res_4bd335b9-e3f0-4209-aa4e-faab83c27374,2011-07-27 04:30:57.105048335,0.07142857142857142
Case90,Analyze Request for Quotation,res_d86ddd9f-79c7-4190-a797-b51d3b96da67,Role 4,2011-07-27 06:18:25.761180799,56,0,res_d86ddd9f-79c7-4190-a797-b51d3b96da67,2011-07-27 06:00:57.753652799,0.0
Case80,Settle Conditions With Supplier,res_ad433e29-e1d6-463f-8041-ac16f6a1da33,Role 4,2011-07-27 07:09:03.431020498,56,1,res_ad433e29-e1d6-463f-8041-ac16f6a1da33,2011-07-27 06:59:03.656562498,0.0
Case90,Amend Request for Quotation,res_9773379d-f89d-4832-bfda-e91968982280,Role 1,2011-07-27 07:34:43.980848799,56,0,res_9773379d-f89d-4832-bfda-e91968982280,2011-07-27 07:09:50.957575799,0.07142857142857142
Case81,Choose best option,res_9773379d-f89d-4832-bfda-e91968982280,Role 1,2011-07-27 11:09:49.476064308,55,0,res_9773379d-f89d-4832-bfda-e91968982280,2011-07-27 02:48:22.093443308,0.0
Case61,Send Invoice,res_74fb9490-fecf-4ad0-b668-d6ef9f8af10e,Role 2,2011-07-27 11:13:54.103171710,56,0,res_74fb9490-fecf-4ad0-b668-d6ef9f8af10e,2011-07-27 11:10:01.064627710,0.2
Case79,Create Purchase Order,res_ad433e29-e1d6-463f-8041-ac16f6a1da33,Role 4,2011-07-27 11:23:13.648889437,56,0,res_ad433e29-e1d6-463f-8041-ac16f6a1da33,2011-07-27 11:03:49.538965437,0.3333333333333333
Case86,Analyze Request for Quotation,res_d86ddd9f-79c7-4190-a797-b51d3b96da67,Role 4,2011-07-27 11:59:21.861569878,56,0,res_d86ddd9f-79c7-4190-a797-b51d3b96da67,2011-07-27 11:43:35.001806878,0.3333333333333333
Case72,Send Invoice,res_d2ebf689-fdbf-4b28-bdd6-66864b824b16,Role 2,2011-07-27 12:32:13.779002386,56,0,res_d2ebf689-fdbf-4b28-bdd6-66864b824b16,2011-07-27 12:28:12.613438386,0.2
Case84,Send Request for Quotation to Supplier,res_319edab8-eb7f-4de4-965e-0f4c349c020f,Role 4,2011-07-27 12:47:45.969549528,56,0,res_319edab8-eb7f-4de4-965e-0f4c349c020f,2011-07-27 09:10:24.807648528,0.0
Case78,Create Purchase Order,res_ad433e29-e1d6-463f-8041-ac16f6a1da33,Role 4,2011-07-27 13:02:47.525074854,56,0,res_ad433e29-e1d6-463f-8041-ac16f6a1da33,2011-07-27 12:43:41.281038854,0.6666666666666666
Case86,Amend Request for Quotation,res_0b9cf306-e11d-4cfb-b0e0-b2b7e6918c5d,Role 1,2011-07-27 13:14:13.004382878,56,0,res_0b9cf306-e11d-4cfb-b0e0-b2b7e6918c5d,2011-07-27 12:49:03.525762878,0.0
Case87,Analyze Request for Quotation,res_319edab8-eb7f-4de4-965e-0f4c349c020f,Role 4,2011-07-27 15:48:16.742043601,56,0,res_319edab8-eb7f-4de4-965e-0f4c349c020f,2011-07-27 15:31:57.628787601,0.3333333333333333
Case82,Send Request for Quotation to Supplier,res_319edab8-eb7f-4de4-965e-0f4c349c020f,Role 4,2011-07-27 15:54:34.288019093,56,1,res_319edab8-eb7f-4de4-965e-0f4c349c020f,2011-07-27 12:13:01.725558093,0.3333333333333333
Case77,Confirm Purchase Order,res_74fb9490-fecf-4ad0-b668-d6ef9f8af10e,Role 2,2011-07-27 16:59:23.191066399,56,0,res_74fb9490-fecf-4ad0-b668-d6ef9f8af10e,2011-07-26 19:04:08.192272399,0.0
Case80,Create Purchase Order,res_ad433e29-e1d6-463f-8041-ac16f6a1da33,Role 4,2011-07-27 17:28:35.144570498,56,0,res_ad433e29-e1d6-463f-8041-ac16f6a1da33,2011-07-27 17:09:13.578587498,0.3333333333333333
Case84,Create Quotation comparison Map,res_319edab8-eb7f-4de4-965e-0f4c349c020f,Role 4,2011-07-27 18:46:15.810156528,56,0,res_319edab8-eb7f-4de4-965e-0f4c349c020f,2011-07-27 18:26:55.712285528,0.3333333333333333
Case81,Settle Conditions With Supplier,res_ad433e29-e1d6-463f-8041-ac16f6a1da33,Role 4,2011-07-27 18:53:35.012262308,56,1,res_ad433e29-e1d6-463f-8041-ac16f6a1da33,2011-07-27 18:43:36.727898308,0.6666666666666666
Case89,Send Request for Quotation to Supplier,res_d86ddd9f-79c7-4190-a797-b51d3b96da67,Role 4,2011-07-27 20:21:44.572973915,56,0,res_d86ddd9f-79c7-4190-a797-b51d3b96da67,2011-07-27 16:59:27.395731915,0.0
Case95,Analyze Purchase Requisition,res_0a189e9f-2074-4f90-8b4c-25a7238139fe,Role 3,2011-07-27 20:22:22.143476335,56,0,res_0a189e9f-2074-4f90-8b4c-25a7238139fe,2011-07-27 20:20:03.025887335,0.0
Case95,Create Request for Quotation,res_12ae84dc-2013-49d5-a1c2-578825658fc5,Role 3,2011-07-27 20:51:25.006553335,56,0,res_12ae84dc-2013-49d5-a1c2-578825658fc5,2011-07-27 20:27:48.432292335,0.0
Case82,Create Quotation comparison Map,res_319edab8-eb7f-4de4-965e-0f4c349c020f,Role 4,2011-07-27 21:34:26.313738093,56,0,res_319edab8-eb7f-4de4-965e-0f4c349c020f,2011-07-27 21:16:28.744857093,0.0
Case64,Send Invoice,res_a1e0a0a1-b1fc-40e5-bbc7-475a550099bd,Role 2,2011-07-27 22:43:52.743650929,56,0,res_a1e0a0a1-b1fc-40e5-bbc7-475a550099bd,2011-07-27 22:39:18.377651929,0.0
Case61,Release Supplier's Invoice,res_1f528794-c18e-4c0b-8159-5b23ac7cee00,Role 5,2011-07-27 23:58:16.440491710,56,0,res_1f528794-c18e-4c0b-8159-5b23ac7cee00,2011-07-27 23:58:16.440491710,0.0
Case61,Authorize Supplier's Invoice payment,res_1f528794-c18e-4c0b-8159-5b23ac7cee00,Role 5,2011-07-28 00:07:18.701518710,56,0,res_1f528794-c18e-4c0b-8159-5b23ac7cee00,2011-07-27 23:58:16.508950710,0.0
Case61,Pay Invoice,res_1f528794-c18e-4c0b-8159-5b23ac7cee00,Role 5,2011-07-28 00:37:27.283511710,56,0,res_1f528794-c18e-4c0b-8159-5b23ac7cee00,2011-07-28 00:37:27.283511710,0.0
Case84,Analyze Quotation Comparison Map,res_04fcb212-88f2-4592-9cf9-5bad9a85cb21,Role 1,2011-07-28 00:56:12.338062528,55,0,res_04fcb212-88f2-4592-9cf9-5bad9a85cb21,2011-07-28 00:56:12.338062528,0.0
Case72,Release Supplier's Invoice,res_1f528794-c18e-4c0b-8159-5b23ac7cee00,Role 5,2011-07-28 01:11:45.565956386,55,0,res_1f528794-c18e-4c0b-8159-5b23ac7cee00,2011-07-28 01:11:45.565956386,0.0
Case72,Authorize Supplier's Invoice payment,res_1f528794-c18e-4c0b-8159-5b23ac7cee00,Role 5,2011-07-28 01:21:40.182332386,55,0,res_1f528794-c18e-4c0b-8159-5b23ac7cee00,2011-07-28 01:11:45.643685386,0.0
Case89,Create Quotation comparison Map,res_d86ddd9f-79c7-4190-a797-b51d3b96da67,Role 4,2011-07-28 01:23:20.114312915,55,0,res_d86ddd9f-79c7-4190-a797-b51d3b96da67,2011-07-28 01:04:21.021343915,0.0
Case72,Pay Invoice,res_1f528794-c18e-4c0b-8159-5b23ac7cee00,Role 5,2011-07-28 01:51:53.522427386,55,0,res_1f528794-c18e-4c0b-8159-5b23ac7cee00,2011-07-28 01:51:53.522427386,0.0
Case96,Create Purchase Requisition,res_c19b4421-dc3f-44f8-90c2-1727cfadff3d,Role 1,2011-07-28 02:29:10.273401648,55,0,res_c19b4421-dc3f-44f8-90c2-1727cfadff3d,2011-07-28 02:21:50.497222648,0.07142857142857142
Case82,Analyze Quotation Comparison Map,res_9773379d-f89d-4832-bfda-e91968982280,Role 1,2011-07-28 04:11:02.417110093,55,0,res_9773379d-f89d-4832-bfda-e91968982280,2011-07-28 04:11:02.417110093,0.07142857142857142
Case91,Analyze Request for Quotation,res_ad433e29-e1d6-463f-8041-ac16f6a1da33,Role 4,2011-07-28 04:25:11.107936123,55,0,res_ad433e29-e1d6-463f-8041-ac16f6a1da33,2011-07-28 04:07:26.321281123,0.0
Case92,Analyze Request for Quotation,res_319edab8-eb7f-4de4-965e-0f4c349c020f,Role 4,2011-07-28 04:29:18.160437433,55,1,res_319edab8-eb7f-4de4-965e-0f4c349c020f,2011-07-28 04:09:21.370437433,0.3333333333333333
Case81,Create Purchase Order,res_ad433e29-e1d6-463f-8041-ac16f6a1da33,Role 4,2011-07-28 05:04:15.029391308,54,0,res_ad433e29-e1d6-463f-8041-ac16f6a1da33,2011-07-28 04:42:29.932510308,0.0
Case91,Amend Request for Quotation,res_3b20902b-7665-4f1a-a001-f40b6e13b8e4,Role 1,2011-07-28 05:43:02.049856123,54,0,res_3b20902b-7665-4f1a-a001-f40b6e13b8e4,2011-07-28 05:18:12.428005123,0.14285714285714285
Case89,Analyze Quotation Comparison Map,res_edc8dbfd-009c-447c-9848-9a8d0b6c95fc,Role 1,2011-07-28 07:25:45.433756915,54,0,res_edc8dbfd-009c-447c-9848-9a8d0b6c95fc,2011-07-28 07:25:45.433367915,0.14285714285714285
Case96,Create Request for Quotation,res_0a189e9f-2074-4f90-8b4c-25a7238139fe,Role 3,2011-07-28 07:36:00.207603648,54,0,res_0a189e9f-2074-4f90-8b4c-25a7238139fe,2011-07-28 07:16:20.827592648,0.0
Case97,Create Purchase Requisition,res_136bbc95-2887-437f-a41f-50a382be8ee8,Role 1,2011-07-28 09:24:10.144017761,55,0,res_136bbc95-2887-437f-a41f-50a382be8ee8,2011-07-28 09:16:26.541414761,0.21428571428571427
Case88,Analyze Request for Quotation,res_d86ddd9f-79c7-4190-a797-b51d3b96da67,Role 4,2011-07-28 09:56:56.430692721,55,0,res_d86ddd9f-79c7-4190-a797-b51d3b96da67,2011-07-28 09:38:37.030794721,0.0
Case84,Choose best option,res_edc8dbfd-009c-447c-9848-9a8d0b6c95fc,Role 1,2011-07-28 10:14:06.700140528,55,0,res_edc8dbfd-009c-447c-9848-9a8d0b6c95fc,2011-07-28 00:56:12.376361528,0.0
Case82,Choose best option,res_ab15a275-1103-4c19-928b-ef4356a53bb9,Role 1,2011-07-28 11:50:39.573944093,55,1,res_ab15a275-1103-4c19-928b-ef4356a53bb9,2011-07-28 04:11:02.448658093,0.07142857142857142
Case64,Release Supplier's Invoice,res_ccd55097-3d24-4e3c-a0f6-173df7f18211,Role 5,2011-07-28 12:11:09.894464929,55,0,res_ccd55097-3d24-4e3c-a0f6-173df7f18211,2011-07-28 12:11:09.894464929,0.0
Case64,Authorize Supplier's Invoice payment,res_1f528794-c18e-4c0b-8159-5b23ac7cee00,Role 5,2011-07-28 12:19:42.040507929,55,0,res_1f528794-c18e-4c0b-8159-5b23ac7cee00,2011-07-28 12:11:09.970534929,0.0
Case64,Pay Invoice,res_ccd55097-3d24-4e3c-a0f6-173df7f18211,Role 5,2011-07-28 12:49:16.894290929,55,0,res_ccd55097-3d24-4e3c-a0f6-173df7f18211,2011-07-28 12:49:16.894290929,0.0
Case89,Choose best option,res_136bbc95-2887-437f-a41f-50a382be8ee8,Role 1,2011-07-28 14:43:36.364796915,54,2,res_136bbc95-2887-437f-a41f-50a382be8ee8,2011-07-28 07:25:45.439210915,0.14285714285714285
Case84,Settle Conditions With Supplier,res_d86ddd9f-79c7-4190-a797-b51d3b96da67,Role 4,2011-07-28 18:03:55.979199528,54,1,res_d86ddd9f-79c7-4190-a797-b51d3b96da67,2011-07-28 17:54:02.241957528,0.0
Case98,Create Purchase Requisition,res_1fb03551-690a-4dc0-accf-65ec0c01ceff,Role 1,2011-07-28 18:07:21.325388000,55,0,res_1fb03551-690a-4dc0-accf-65ec0c01ceff,2011-07-28 18:00:00.000000000,0.0
Case82,Settle Conditions With Supplier,res_319edab8-eb7f-4de4-965e-0f4c349c020f,Role 4,2011-07-28 19:31:56.495218093,55,1,res_319edab8-eb7f-4de4-965e-0f4c349c020f,2011-07-28 19:22:07.688389093,0.0
Case94,Analyze Request for Quotation,res_ad433e29-e1d6-463f-8041-ac16f6a1da33,Role 4,2011-07-28 20:46:21.049133667,55,0,res_ad433e29-e1d6-463f-8041-ac16f6a1da33,2011-07-28 20:30:48.211985667,0.0
Case90,Analyze Request for Quotation,res_319edab8-eb7f-4de4-965e-0f4c349c020f,Role 4,2011-07-28 21:56:21.118033799,55,0,res_319edab8-eb7f-4de4-965e-0f4c349c020f,2011-07-28 21:38:44.493273799,0.0
Case94,Amend Request for Quotation,res_ab15a275-1103-4c19-928b-ef4356a53bb9,Role 1,2011-07-28 22:02:44.244424667,55,0,res_ab15a275-1103-4c19-928b-ef4356a53bb9,2011-07-28 21:38:31.454718667,0.0
Case89,Settle Conditions With Supplier,res_319edab8-eb7f-4de4-965e-0f4c349c020f,Role 4,2011-07-28 23:08:58.713441915,55,1,res_319edab8-eb7f-4de4-965e-0f4c349c020f,2011-07-28 22:59:10.739905915,0.0
Case90,Amend Request for Quotation,res_04fcb212-88f2-4592-9cf9-5bad9a85cb21,Role 1,2011-07-28 23:18:08.934555799,55,0,res_04fcb212-88f2-4592-9cf9-5bad9a85cb21,2011-07-28 22:54:11.872223799,0.0
Case97,Analyze Purchase Requisition,res_12ae84dc-2013-49d5-a1c2-578825658fc5,Role 3,2011-07-29 00:42:02.481724761,55,0,res_12ae84dc-2013-49d5-a1c2-578825658fc5,2011-07-29 00:39:39.489751761,0.0
Case97,Create Request for Quotation,res_12ae84dc-2013-49d5-a1c2-578825658fc5,Role 3,2011-07-29 01:12:55.399135761,55,0,res_12ae84dc-2013-49d5-a1c2-578825658fc5,2011-07-29 00:47:17.340373761,0.0
Case77,Deliver Goods Services,res_a1e0a0a1-b1fc-40e5-bbc7-475a550099bd,Role 2,2011-07-29 03:06:16.885621399,55,2,res_a1e0a0a1-b1fc-40e5-bbc7-475a550099bd,2011-07-29 03:05:16.756493399,0.6
Case84,Create Purchase Order,res_d86ddd9f-79c7-4190-a797-b51d3b96da67,Role 4,2011-07-29 04:59:36.671477528,55,0,res_d86ddd9f-79c7-4190-a797-b51d3b96da67,2011-07-29 04:38:19.615132528,0.0
Case82,Create Purchase Order,res_319edab8-eb7f-4de4-965e-0f4c349c020f,Role 4,2011-07-29 07:08:54.284260093,55,0,res_319edab8-eb7f-4de4-965e-0f4c349c020f,2011-07-29 06:47:12.268445093,0.3333333333333333
Case79,Confirm Purchase Order,res_a1e0a0a1-b1fc-40e5-bbc7-475a550099bd,Role 2,2011-07-29 08:07:34.497283437,54,0,res_a1e0a0a1-b1fc-40e5-bbc7-475a550099bd,2011-07-28 08:04:40.791577437,0.0
Case93,Analyze Request for Quotation,res_ad433e29-e1d6-463f-8041-ac16f6a1da33,Role 4,2011-07-29 08:46:25.212260677,55,0,res_ad433e29-e1d6-463f-8041-ac16f6a1da33,2011-07-29 08:29:28.705240677,0.3333333333333333
Case87,Send Request for Quotation to Supplier,res_319edab8-eb7f-4de4-965e-0f4c349c020f,Role 4,2011-07-29 09:18:40.781886601,55,0,res_319edab8-eb7f-4de4-965e-0f4c349c020f,2011-07-29 06:04:24.786209601,0.0
Case89,Create Purchase Order,res_319edab8-eb7f-4de4-965e-0f4c349c020f,Role 4,2011-07-29 09:27:54.126820915,55,0,res_319edab8-eb7f-4de4-965e-0f4c349c020f,2011-07-29 09:06:55.993622915,0.3333333333333333
Case77,Release Purchase Order,res_3b20902b-7665-4f1a-a001-f40b6e13b8e4,Role 1,2011-07-29 10:00:42.253242399,55,0,res_3b20902b-7665-4f1a-a001-f40b6e13b8e4,2011-07-29 09:59:43.597231399,0.07142857142857142
Case93,Amend Request for Quotation,res_edc8dbfd-009c-447c-9848-9a8d0b6c95fc,Role 1,2011-07-29 10:03:11.382099677,55,0,res_edc8dbfd-009c-447c-9848-9a8d0b6c95fc,2011-07-29 09:37:46.237981677,0.0
Case78,Confirm Purchase Order,res_da4787a5-0b43-44c2-94bc-622692086510,Role 2,2011-07-29 10:07:38.445401854,55,1,res_da4787a5-0b43-44c2-94bc-622692086510,2011-07-28 09:45:00.003432854,0.2
Case86,Analyze Request for Quotation,res_ad433e29-e1d6-463f-8041-ac16f6a1da33,Role 4,2011-07-29 10:56:34.616920878,55,0,res_ad433e29-e1d6-463f-8041-ac16f6a1da33,2011-07-29 10:38:17.411798878,0.0
Case98,Analyze Purchase Requisition,res_318fb49e-f698-45db-a950-8a16e3b2ac50,Role 3,2011-07-29 11:48:53.607643000,55,0,res_318fb49e-f698-45db-a950-8a16e3b2ac50,2011-07-29 11:46:38.414059000,0.0
Case86,Amend Request for Quotation,res_cc8c270f-a566-4350-8a82-77163daf2877,Role 1,2011-07-29 12:19:39.081381878,55,0,res_cc8c270f-a566-4350-8a82-77163daf2877,2011-07-29 11:54:10.850058878,0.0
Case98,Create Request for Quotation,res_12ae84dc-2013-49d5-a1c2-578825658fc5,Role 3,2011-07-29 12:20:20.674271000,55,0,res_12ae84dc-2013-49d5-a1c2-578825658fc5,2011-07-29 11:54:06.934967000,0.0
Case80,Confirm Purchase Order,res_da4787a5-0b43-44c2-94bc-622692086510,Role 2,2011-07-29 13:44:14.479059498,55,2,res_da4787a5-0b43-44c2-94bc-622692086510,2011-07-28 12:30:00.243109498,0.4
Case87,Create Quotation comparison Map,res_d86ddd9f-79c7-4190-a797-b51d3b96da67,Role 4,2011-07-29 17:39:42.223276601,55,0,res_d86ddd9f-79c7-4190-a797-b51d3b96da67,2011-07-29 17:21:19.376408601,0.0
Case77,Approve Purchase Order for payment,res_ad433e29-e1d6-463f-8041-ac16f6a1da33,Role 4,2011-07-29 22:56:44.854368399,55,0,res_ad433e29-e1d6-463f-8041-ac16f6a1da33,2011-07-29 22:56:44.846625399,0.3333333333333333
Case87,Analyze Quotation Comparison Map,res_3b20902b-7665-4f1a-a001-f40b6e13b8e4,Role 1,2011-07-30 00:01:05.997361601,55,0,res_3b20902b-7665-4f1a-a001-f40b6e13b8e4,2011-07-30 00:01:05.997361601,0.0
Case88,Send Request for Quotation to Supplier,res_319edab8-eb7f-4de4-965e-0f4c349c020f,Role 4,2011-07-30 01:09:27.164147721,55,0,res_319edab8-eb7f-4de4-965e-0f4c349c020f,2011-07-29 21:01:06.997973721,0.0
Case81,Confirm Purchase Order,res_d2ebf689-fdbf-4b28-bdd6-66864b824b16,Role 2,2011-07-30 03:21:17.297202308,55,3,res_d2ebf689-fdbf-4b28-bdd6-66864b824b16,2011-07-29 04:36:36.408686308,0.6
Case91,Analyze Request for Quotation,res_319edab8-eb7f-4de4-965e-0f4c349c020f,Role 4,2011-07-30 06:20:48.196131123,55,0,res_319edab8-eb7f-4de4-965e-0f4c349c020f,2011-07-30 06:02:23.722681123,0.0
Case88,Create Quotation comparison Map,res_d86ddd9f-79c7-4190-a797-b51d3b96da67,Role 4,2011-07-30 07:33:47.676189721,54,0,res_d86ddd9f-79c7-4190-a797-b51d3b96da67,2011-07-30 07:15:57.913282721,0.0
Case87,Choose best option,res_1fb03551-690a-4dc0-accf-65ec0c01ceff,Role 1,2011-07-30 07:47:24.404764601,55,0,res_1fb03551-690a-4dc0-accf-65ec0c01ceff,2011-07-30 00:01:06.013826601,0.0
Case95,Analyze Request for Quotation,res_d86ddd9f-79c7-4190-a797-b51d3b96da67,Role 4,2011-07-30 09:27:56.428757335,54,0,res_d86ddd9f-79c7-4190-a797-b51d3b96da67,2011-07-30 09:11:35.268691335,0.0
Case95,Amend Request for Quotation,res_edc8dbfd-009c-447c-9848-9a8d0b6c95fc,Role 1,2011-07-30 10:45:11.456347335,54,0,res_edc8dbfd-009c-447c-9848-9a8d0b6c95fc,2011-07-30 10:19:48.732895335,0.0
Case87,Settle Conditions With Supplier,res_319edab8-eb7f-4de4-965e-0f4c349c020f,Role 4,2011-07-30 13:42:17.859597601,54,1,res_319edab8-eb7f-4de4-965e-0f4c349c020f,2011-07-30 13:32:23.940261601,0.0
Case88,Analyze Quotation Comparison Map,res_cc8c270f-a566-4350-8a82-77163daf2877,Role 1,2011-07-30 14:04:43.612556721,54,0,res_cc8c270f-a566-4350-8a82-77163daf2877,2011-07-30 14:04:43.612556721,0.0
Case78,Deliver Goods Services,res_d2ebf689-fdbf-4b28-bdd6-66864b824b16,Role 2,2011-07-30 19:31:38.317305854,54,2,res_d2ebf689-fdbf-4b28-bdd6-66864b824b16,2011-07-30 19:30:38.130027854,0.6
Case79,Deliver Goods Services,res_a1e0a0a1-b1fc-40e5-bbc7-475a550099bd,Role 2,2011-07-30 20:34:03.575038437,54,2,res_a1e0a0a1-b1fc-40e5-bbc7-475a550099bd,2011-07-30 20:33:03.326781437,0.6
Case88,Choose best option,res_c19b4421-dc3f-44f8-90c2-1727cfadff3d,Role 1,2011-07-30 20:40:13.387482721,54,0,res_c19b4421-dc3f-44f8-90c2-1727cfadff3d,2011-07-30 14:04:43.641461721,0.0
Case87,Create Purchase Order,res_ad433e29-e1d6-463f-8041-ac16f6a1da33,Role 4,2011-07-30 20:40:42.141711601,54,0,res_ad433e29-e1d6-463f-8041-ac16f6a1da33,2011-07-30 20:17:48.533523601,0.0
Case78,Release Purchase Order,res_8b540399-35ed-473f-aa75-4e967a7c2b18,Role 1,2011-07-31 02:28:15.674943854,54,0,res_8b540399-35ed-473f-aa75-4e967a7c2b18,2011-07-31 02:27:17.632948854,0.0
Case80,Deliver Goods Services,res_da4787a5-0b43-44c2-94bc-622692086510,Role 2,2011-07-31 02:32:18.325600498,54,2,res_da4787a5-0b43-44c2-94bc-622692086510,2011-07-31 02:31:18.355068498,0.6
Case84,Confirm Purchase Order,res_74fb9490-fecf-4ad0-b668-d6ef9f8af10e,Role 2,2011-07-31 02:52:29.719062528,55,0,res_74fb9490-fecf-4ad0-b668-d6ef9f8af10e,2011-07-30 06:20:25.047453528,0.0
Case79,Release Purchase Order,res_0b9cf306-e11d-4cfb-b0e0-b2b7e6918c5d,Role 1,2011-07-31 03:26:06.951290437,54,0,res_0b9cf306-e11d-4cfb-b0e0-b2b7e6918c5d,2011-07-31 03:25:09.188085437,0.0
Case77,Send Invoice,res_3297ac94-204b-4466-9748-2203439519b4,Role 2,2011-07-31 04:10:42.533883399,54,0,res_3297ac94-204b-4466-9748-2203439519b4,2011-07-31 04:06:24.577238399,0.4
Case88,Settle Conditions With Supplier,res_319edab8-eb7f-4de4-965e-0f4c349c020f,Role 4,2011-07-31 07:14:37.281713721,54,1,res_319edab8-eb7f-4de4-965e-0f4c349c020f,2011-07-31 07:04:30.592736721,0.0
Case80,Release Purchase Order,res_1fb03551-690a-4dc0-accf-65ec0c01ceff,Role 1,2011-07-31 09:31:02.974365498,54,0,res_1fb03551-690a-4dc0-accf-65ec0c01ceff,2011-07-31 09:30:05.693976498,0.0
Case89,Confirm Purchase Order,res_da4787a5-0b43-44c2-94bc-622692086510,Role 2,2011-07-31 10:43:33.854750915,54,1,res_da4787a5-0b43-44c2-94bc-622692086510,2011-07-30 10:09:25.841682915,0.2
Case81,Deliver Goods Services,res_3297ac94-204b-4466-9748-2203439519b4,Role 2,2011-07-31 12:09:23.128557308,54,2,res_3297ac94-204b-4466-9748-2203439519b4,2011-07-31 12:08:22.993162308,0.2
Case82,Confirm Purchase Order,res_3297ac94-204b-4466-9748-2203439519b4,Role 2,2011-07-31 12:54:45.282087093,54,2,res_3297ac94-204b-4466-9748-2203439519b4,2011-07-30 13:05:24.214530093,0.4
Case78,Approve Purchase Order for payment,res_319edab8-eb7f-4de4-965e-0f4c349c020f,Role 4,2011-07-31 13:00:52.774558854,54,0,res_319edab8-eb7f-4de4-965e-0f4c349c020f,2011-07-31 13:00:52.770833854,0.0
Case79,Approve Purchase Order for payment,res_d86ddd9f-79c7-4190-a797-b51d3b96da67,Role 4,2011-07-31 14:19:21.478892437,54,0,res_d86ddd9f-79c7-4190-a797-b51d3b96da67,2011-07-31 14:19:21.473392437,0.0
Case88,Create Purchase Order,res_ad433e29-e1d6-463f-8041-ac16f6a1da33,Role 4,2011-07-31 14:38:26.765439721,54,0,res_ad433e29-e1d6-463f-8041-ac16f6a1da33,2011-07-31 14:22:24.293847721,0.0
Case77,Release Supplier's Invoice,res_ccd55097-3d24-4e3c-a0f6-173df7f18211,Role 5,2011-07-31 16:54:24.518158399,54,0,res_ccd55097-3d24-4e3c-a0f6-173df7f18211,2011-07-31 16:54:24.518158399,0.0
Case77,Authorize Supplier's Invoice payment,res_ccd55097-3d24-4e3c-a0f6-173df7f18211,Role 5,2011-07-31 17:03:08.709520399,54,0,res_ccd55097-3d24-4e3c-a0f6-173df7f18211,2011-07-31 16:54:24.583382399,0.0
Case77,Pay Invoice,res_1f528794-c18e-4c0b-8159-5b23ac7cee00,Role 5,2011-07-31 17:31:13.163948399,54,0,res_1f528794-c18e-4c0b-8159-5b23ac7cee00,2011-07-31 17:31:13.163948399,0.0
Case90,Analyze Request for Quotation,res_319edab8-eb7f-4de4-965e-0f4c349c020f,Role 4,2011-07-31 18:58:06.464870799,53,0,res_319edab8-eb7f-4de4-965e-0f4c349c020f,2011-07-31 18:42:19.921888799,0.0
Case81,Release Purchase Order,res_136bbc95-2887-437f-a41f-50a382be8ee8,Role 1,2011-07-31 19:08:25.985521308,53,0,res_136bbc95-2887-437f-a41f-50a382be8ee8,2011-07-31 19:07:27.668080308,0.0
Case97,Analyze Request for Quotation,res_319edab8-eb7f-4de4-965e-0f4c349c020f,Role 4,2011-07-31 19:50:17.159304761,53,0,res_319edab8-eb7f-4de4-965e-0f4c349c020f,2011-07-31 19:33:52.978554761,0.0
Case80,Approve Purchase Order for payment,res_d86ddd9f-79c7-4190-a797-b51d3b96da67,Role 4,2011-07-31 20:37:46.920035498,52,0,res_d86ddd9f-79c7-4190-a797-b51d3b96da67,2011-07-31 20:37:46.900896498,0.0
Case94,Analyze Request for Quotation,res_319edab8-eb7f-4de4-965e-0f4c349c020f,Role 4,2011-08-01 01:59:32.912250667,52,0,res_319edab8-eb7f-4de4-965e-0f4c349c020f,2011-08-01 01:42:24.073872667,0.0
Case94,Amend Request for Quotation,res_cc8c270f-a566-4350-8a82-77163daf2877,Role 1,2011-08-01 03:15:32.548284667,52,0,res_cc8c270f-a566-4350-8a82-77163daf2877,2011-08-01 02:51:30.321446667,0.0
Case98,Analyze Request for Quotation,res_319edab8-eb7f-4de4-965e-0f4c349c020f,Role 4,2011-08-01 03:40:18.029576000,52,0,res_319edab8-eb7f-4de4-965e-0f4c349c020f,2011-08-01 03:21:59.077166000,0.0
Case98,Amend Request for Quotation,res_9773379d-f89d-4832-bfda-e91968982280,Role 1,2011-08-01 04:53:18.344547000,52,0,res_9773379d-f89d-4832-bfda-e91968982280,2011-08-01 04:29:13.818721000,0.0
Case81,Approve Purchase Order for payment,res_ad433e29-e1d6-463f-8041-ac16f6a1da33,Role 4,2011-08-01 06:00:39.404517308,52,0,res_ad433e29-e1d6-463f-8041-ac16f6a1da33,2011-08-01 06:00:39.402013308,0.0
Case93,Analyze Request for Quotation,res_ad433e29-e1d6-463f-8041-ac16f6a1da33,Role 4,2011-08-01 07:06:39.895982677,52,0,res_ad433e29-e1d6-463f-8041-ac16f6a1da33,2011-08-01 06:48:31.092185677,0.0
Case96,Analyze Request for Quotation,res_ad433e29-e1d6-463f-8041-ac16f6a1da33,Role 4,2011-08-01 07:52:00.652524648,52,0,res_ad433e29-e1d6-463f-8041-ac16f6a1da33,2011-08-01 07:37:21.991840648,0.0
Case78,Send Invoice,res_3297ac94-204b-4466-9748-2203439519b4,Role 2,2011-08-01 09:02:49.450205854,52,0,res_3297ac94-204b-4466-9748-2203439519b4,2011-08-01 08:59:05.021909854,0.4
Case96,Amend Request for Quotation,res_9773379d-f89d-4832-bfda-e91968982280,Role 1,2011-08-01 09:06:55.314859648,52,0,res_9773379d-f89d-4832-bfda-e91968982280,2011-08-01 08:40:57.354852648,0.0
Case79,Send Invoice,res_da4787a5-0b43-44c2-94bc-622692086510,Role 2,2011-08-01 11:27:07.561754437,52,0,res_da4787a5-0b43-44c2-94bc-622692086510,2011-08-01 11:23:26.295116437,0.4
Case84,Deliver Goods Services,res_d2ebf689-fdbf-4b28-bdd6-66864b824b16,Role 2,2011-08-01 12:04:49.875002528,52,2,res_d2ebf689-fdbf-4b28-bdd6-66864b824b16,2011-08-01 12:03:49.557898528,0.4
Case87,Confirm Purchase Order,res_d2ebf689-fdbf-4b28-bdd6-66864b824b16,Role 2,2011-08-01 18:05:20.467518601,53,0,res_d2ebf689-fdbf-4b28-bdd6-66864b824b16,2011-07-31 19:09:35.174693601,0.0
Case89,Deliver Goods Services,res_a1e0a0a1-b1fc-40e5-bbc7-475a550099bd,Role 2,2011-08-01 18:35:31.005845915,52,2,res_a1e0a0a1-b1fc-40e5-bbc7-475a550099bd,2011-08-01 18:34:30.818567915,0.2
Case84,Release Purchase Order,res_136bbc95-2887-437f-a41f-50a382be8ee8,Role 1,2011-08-01 19:19:19.530723528,52,0,res_136bbc95-2887-437f-a41f-50a382be8ee8,2011-08-01 19:18:21.170669528,0.0
Case78,Release Supplier's Invoice,res_1f528794-c18e-4c0b-8159-5b23ac7cee00,Role 5,2011-08-01 21:12:33.636180854,52,0,res_1f528794-c18e-4c0b-8159-5b23ac7cee00,2011-08-01 21:12:33.636180854,0.0
Case78,Authorize Supplier's Invoice payment,res_1f528794-c18e-4c0b-8159-5b23ac7cee00,Role 5,2011-08-01 21:21:18.255886854,52,0,res_1f528794-c18e-4c0b-8159-5b23ac7cee00,2011-08-01 21:12:33.684349854,0.0
Case82,Deliver Goods Services,res_a1e0a0a1-b1fc-40e5-bbc7-475a550099bd,Role 2,2011-08-01 21:32:39.341797093,52,2,res_a1e0a0a1-b1fc-40e5-bbc7-475a550099bd,2011-08-01 21:31:39.234760093,0.2
Case78,Pay Invoice,res_ccd55097-3d24-4e3c-a0f6-173df7f18211,Role 5,2011-08-01 21:50:19.952769854,52,0,res_ccd55097-3d24-4e3c-a0f6-173df7f18211,2011-08-01 21:50:19.952769854,0.0
Case90,Send Request for Quotation to Supplier,res_319edab8-eb7f-4de4-965e-0f4c349c020f,Role 4,2011-08-01 22:03:07.368612799,52,0,res_319edab8-eb7f-4de4-965e-0f4c349c020f,2011-08-01 18:28:59.476877799,0.0
Case80,Send Invoice,res_3297ac94-204b-4466-9748-2203439519b4,Role 2,2011-08-01 22:22:47.654703498,51,0,res_3297ac94-204b-4466-9748-2203439519b4,2011-08-01 22:18:55.250070498,0.2
Case81,Send Invoice,res_da4787a5-0b43-44c2-94bc-622692086510,Role 2,2011-08-01 23:26:15.356471308,51,0,res_da4787a5-0b43-44c2-94bc-622692086510,2011-08-01 23:22:00.715956308,0.2
Case79,Release Supplier's Invoice,res_ccd55097-3d24-4e3c-a0f6-173df7f18211,Role 5,2011-08-01 23:33:26.910146437,51,0,res_ccd55097-3d24-4e3c-a0f6-173df7f18211,2011-08-01 23:33:26.910146437,0.0
Case79,Authorize Supplier's Invoice payment,res_1f528794-c18e-4c0b-8159-5b23ac7cee00,Role 5,2011-08-01 23:42:05.354711437,51,0,res_1f528794-c18e-4c0b-8159-5b23ac7cee00,2011-08-01 23:33:26.953822437,0.0
Case79,Pay Invoice,res_ccd55097-3d24-4e3c-a0f6-173df7f18211,Role 5,2011-08-02 00:11:23.467207437,51,0,res_ccd55097-3d24-4e3c-a0f6-173df7f18211,2011-08-02 00:11:23.467207437,0.0
Case89,Release Purchase Order,res_136bbc95-2887-437f-a41f-50a382be8ee8,Role 1,2011-08-02 01:42:31.095221915,50,0,res_136bbc95-2887-437f-a41f-50a382be8ee8,2011-08-02 01:41:32.803485915,0.0
Case93,Send Request for Quotation to Supplier,res_ad433e29-e1d6-463f-8041-ac16f6a1da33,Role 4,2011-08-02 02:12:33.242918677,51,0,res_ad433e29-e1d6-463f-8041-ac16f6a1da33,2011-08-01 22:40:46.576966677,0.0
Case90,Create Quotation comparison Map,res_ad433e29-e1d6-463f-8041-ac16f6a1da33,Role 4,2011-08-02 02:27:21.751310799,50,0,res_ad433e29-e1d6-463f-8041-ac16f6a1da33,2011-08-02 02:11:33.831526799,0.3333333333333333
Case86,Analyze Request for Quotation,res_319edab8-eb7f-4de4-965e-0f4c349c020f,Role 4,2011-08-02 03:05:48.324151878,50,0,res_319edab8-eb7f-4de4-965e-0f4c349c020f,2011-08-02 02:47:06.876178878,0.0
Case94,Analyze Request for Quotation,res_ad433e29-e1d6-463f-8041-ac16f6a1da33,Role 4,2011-08-02 04:03:31.083625667,49,0,res_ad433e29-e1d6-463f-8041-ac16f6a1da33,2011-08-02 03:43:01.469383667,0.0
Case82,Release Purchase Order,res_ab15a275-1103-4c19-928b-ef4356a53bb9,Role 1,2011-08-02 04:41:27.583708093,49,0,res_ab15a275-1103-4c19-928b-ef4356a53bb9,2011-08-02 04:40:29.193643093,0.0
Case84,Approve Purchase Order for payment,res_319edab8-eb7f-4de4-965e-0f4c349c020f,Role 4,2011-08-02 05:26:46.121483528,49,0,res_319edab8-eb7f-4de4-965e-0f4c349c020f,2011-08-02 05:26:46.121483528,0.0
Case93,Create Quotation comparison Map,res_319edab8-eb7f-4de4-965e-0f4c349c020f,Role 4,2011-08-02 06:57:45.914939677,49,0,res_319edab8-eb7f-4de4-965e-0f4c349c020f,2011-08-02 06:40:20.665914677,0.0
Case88,Confirm Purchase Order,res_da4787a5-0b43-44c2-94bc-622692086510,Role 2,2011-08-02 08:28:44.921134721,52,1,res_da4787a5-0b43-44c2-94bc-622692086510,2011-08-01 07:58:01.981639721,0.2
Case95,Analyze Request for Quotation,res_ad433e29-e1d6-463f-8041-ac16f6a1da33,Role 4,2011-08-02 09:51:10.554439335,49,0,res_ad433e29-e1d6-463f-8041-ac16f6a1da33,2011-08-02 09:33:51.830920335,0.0
Case90,Analyze Quotation Comparison Map,res_ab15a275-1103-4c19-928b-ef4356a53bb9,Role 1,2011-08-02 09:51:59.127439799,48,0,res_ab15a275-1103-4c19-928b-ef4356a53bb9,2011-08-02 09:51:59.121983799,0.0
Case80,Release Supplier's Invoice,res_ccd55097-3d24-4e3c-a0f6-173df7f18211,Role 5,2011-08-02 11:23:21.157886498,48,0,res_ccd55097-3d24-4e3c-a0f6-173df7f18211,2011-08-02 11:23:21.157886498,0.0
Case80,Authorize Supplier's Invoice payment,res_1f528794-c18e-4c0b-8159-5b23ac7cee00,Role 5,2011-08-02 11:29:40.372836498,48,0,res_1f528794-c18e-4c0b-8159-5b23ac7cee00,2011-08-02 11:23:21.209908498,0.0
Case80,Pay Invoice,res_ccd55097-3d24-4e3c-a0f6-173df7f18211,Role 5,2011-08-02 11:58:01.553272498,48,0,res_ccd55097-3d24-4e3c-a0f6-173df7f18211,2011-08-02 11:58:01.553272498,0.0
Case81,Release Supplier's Invoice,res_ccd55097-3d24-4e3c-a0f6-173df7f18211,Role 5,2011-08-02 11:59:22.101422308,47,0,res_ccd55097-3d24-4e3c-a0f6-173df7f18211,2011-08-02 11:59:22.101422308,0.0
Case89,Approve Purchase Order for payment,res_d86ddd9f-79c7-4190-a797-b51d3b96da67,Role 4,2011-08-02 12:02:56.393620915,47,0,res_d86ddd9f-79c7-4190-a797-b51d3b96da67,2011-08-02 12:02:56.393620915,0.0
Case81,Authorize Supplier's Invoice payment,res_1f528794-c18e-4c0b-8159-5b23ac7cee00,Role 5,2011-08-02 12:07:15.150360308,47,0,res_1f528794-c18e-4c0b-8159-5b23ac7cee00,2011-08-02 11:59:22.162171308,0.0
Case81,Pay Invoice,res_1f528794-c18e-4c0b-8159-5b23ac7cee00,Role 5,2011-08-02 12:35:34.990457308,47,0,res_1f528794-c18e-4c0b-8159-5b23ac7cee00,2011-08-02 12:35:34.990457308,0.0
Case93,Analyze Quotation Comparison Map,res_edc8dbfd-009c-447c-9848-9a8d0b6c95fc,Role 1,2011-08-02 13:08:21.216327677,46,0,res_edc8dbfd-009c-447c-9848-9a8d0b6c95fc,2011-08-02 13:08:21.216327677,0.07142857142857142
Case98,Analyze Request for Quotation,res_319edab8-eb7f-4de4-965e-0f4c349c020f,Role 4,2011-08-02 14:24:30.071292000,46,0,res_319edab8-eb7f-4de4-965e-0f4c349c020f,2011-08-02 14:08:43.532377000,0.0
Case82,Approve Purchase Order for payment,res_d86ddd9f-79c7-4190-a797-b51d3b96da67,Role 4,2011-08-02 14:39:26.814265093,46,0,res_d86ddd9f-79c7-4190-a797-b51d3b96da67,2011-08-02 14:39:26.814265093,0.0
Case98,Amend Request for Quotation,res_cc8c270f-a566-4350-8a82-77163daf2877,Role 1,2011-08-02 15:43:36.181781000,46,0,res_cc8c270f-a566-4350-8a82-77163daf2877,2011-08-02 15:19:13.138703000,0.14285714285714285
Case90,Choose best option,res_9773379d-f89d-4832-bfda-e91968982280,Role 1,2011-08-02 16:50:47.639454799,48,0,res_9773379d-f89d-4832-bfda-e91968982280,2011-08-02 09:51:59.161994799,0.0
Case96,Analyze Request for Quotation,res_d86ddd9f-79c7-4190-a797-b51d3b96da67,Role 4,2011-08-02 17:33:22.145692648,46,0,res_d86ddd9f-79c7-4190-a797-b51d3b96da67,2011-08-02 17:17:14.135565648,0.0
Case84,Send Invoice,res_da4787a5-0b43-44c2-94bc-622692086510,Role 2,2011-08-02 20:34:34.243313528,45,0,res_da4787a5-0b43-44c2-94bc-622692086510,2011-08-02 20:30:13.765855528,0.0
Case93,Choose best option,res_1fb03551-690a-4dc0-accf-65ec0c01ceff,Role 1,2011-08-02 21:10:02.073714677,46,1,res_1fb03551-690a-4dc0-accf-65ec0c01ceff,2011-08-02 13:08:21.253622677,0.07142857142857142
Case89,Send Invoice,res_3297ac94-204b-4466-9748-2203439519b4,Role 2,2011-08-03 02:10:38.641733915,45,0,res_3297ac94-204b-4466-9748-2203439519b4,2011-08-03 02:06:34.079471915,0.0
Case90,Settle Conditions With Supplier,res_d86ddd9f-79c7-4190-a797-b51d3b96da67,Role 4,2011-08-03 02:31:58.418428799,45,1,res_d86ddd9f-79c7-4190-a797-b51d3b96da67,2011-08-03 02:21:49.631389799,0.3333333333333333
Case94,Send Request for Quotation to Supplier,res_ad433e29-e1d6-463f-8041-ac16f6a1da33,Role 4,2011-08-03 05:46:37.033610667,45,0,res_ad433e29-e1d6-463f-8041-ac16f6a1da33,2011-08-03 01:34:34.804417667,0.0
Case82,Send Invoice,res_da4787a5-0b43-44c2-94bc-622692086510,Role 2,2011-08-03 05:55:13.661917093,45,0,res_da4787a5-0b43-44c2-94bc-622692086510,2011-08-03 05:51:18.615188093,0.0
Case87,Deliver Goods Services,res_a1e0a0a1-b1fc-40e5-bbc7-475a550099bd,Role 2,2011-08-03 06:27:43.941928601,45,2,res_a1e0a0a1-b1fc-40e5-bbc7-475a550099bd,2011-08-03 06:26:43.668929601,0.0
Case93,Settle Conditions With Supplier,res_319edab8-eb7f-4de4-965e-0f4c349c020f,Role 4,2011-08-03 07:26:02.189969677,45,1,res_319edab8-eb7f-4de4-965e-0f4c349c020f,2011-08-03 07:16:01.974183677,0.0
Case84,Release Supplier's Invoice,res_1f528794-c18e-4c0b-8159-5b23ac7cee00,Role 5,2011-08-03 09:01:55.321106528,45,0,res_1f528794-c18e-4c0b-8159-5b23ac7cee00,2011-08-03 09:01:55.321106528,0.0
Case84,Authorize Supplier's Invoice payment,res_ccd55097-3d24-4e3c-a0f6-173df7f18211,Role 5,2011-08-03 09:10:13.698024528,45,0,res_ccd55097-3d24-4e3c-a0f6-173df7f18211,2011-08-03 09:01:55.394151528,0.0
Case84,Pay Invoice,res_1f528794-c18e-4c0b-8159-5b23ac7cee00,Role 5,2011-08-03 09:40:10.798068528,45,0,res_1f528794-c18e-4c0b-8159-5b23ac7cee00,2011-08-03 09:40:10.798068528,0.0
Case88,Deliver Goods Services,res_d2ebf689-fdbf-4b28-bdd6-66864b824b16,Role 2,2011-08-03 11:05:46.526246721,44,2,res_d2ebf689-fdbf-4b28-bdd6-66864b824b16,2011-08-03 11:04:46.327880721,0.0
Case90,Create Purchase Order,res_319edab8-eb7f-4de4-965e-0f4c349c020f,Role 4,2011-08-03 12:01:18.110369799,44,0,res_319edab8-eb7f-4de4-965e-0f4c349c020f,2011-08-03 11:44:35.425178799,0.0
Case94,Create Quotation comparison Map,res_319edab8-eb7f-4de4-965e-0f4c349c020f,Role 4,2011-08-03 12:02:51.280531667,44,0,res_319edab8-eb7f-4de4-965e-0f4c349c020f,2011-08-03 11:48:35.988770667,0.3333333333333333
Case87,Release Purchase Order,res_04fcb212-88f2-4592-9cf9-5bad9a85cb21,Role 1,2011-08-03 13:22:36.038240601,44,0,res_04fcb212-88f2-4592-9cf9-5bad9a85cb21,2011-08-03 13:21:37.330975601,0.0
Case89,Release Supplier's Invoice,res_1f528794-c18e-4c0b-8159-5b23ac7cee00,Role 5,2011-08-03 14:51:13.578638915,44,0,res_1f528794-c18e-4c0b-8159-5b23ac7cee00,2011-08-03 14:51:13.578638915,0.0
Case89,Authorize Supplier's Invoice payment,res_ccd55097-3d24-4e3c-a0f6-173df7f18211,Role 5,2011-08-03 14:58:47.607009915,44,0,res_ccd55097-3d24-4e3c-a0f6-173df7f18211,2011-08-03 14:51:13.658637915,0.0
Case89,Pay Invoice,res_ccd55097-3d24-4e3c-a0f6-173df7f18211,Role 5,2011-08-03 15:27:41.934575915,44,0,res_ccd55097-3d24-4e3c-a0f6-173df7f18211,2011-08-03 15:27:41.934575915,0.0
Case88,Release Purchase Order,res_3e314b03-d6a4-421d-86db-867ce5ab7223,Role 1,2011-08-03 17:51:17.380592721,43,0,res_3e314b03-d6a4-421d-86db-867ce5ab7223,2011-08-03 17:50:19.392092721,0.0
Case93,Create Purchase Order,res_ad433e29-e1d6-463f-8041-ac16f6a1da33,Role 4,2011-08-03 18:17:49.296131677,43,0,res_ad433e29-e1d6-463f-8041-ac16f6a1da33,2011-08-03 18:04:14.335808677,0.0
Case82,Release Supplier's Invoice,res_1f528794-c18e-4c0b-8159-5b23ac7cee00,Role 5,2011-08-03 18:29:45.598496093,43,0,res_1f528794-c18e-4c0b-8159-5b23ac7cee00,2011-08-03 18:29:45.598496093,0.0
Case82,Authorize Supplier's Invoice payment,res_ccd55097-3d24-4e3c-a0f6-173df7f18211,Role 5,2011-08-03 18:38:32.652013093,43,0,res_ccd55097-3d24-4e3c-a0f6-173df7f18211,2011-08-03 18:29:45.683939093,0.0
Case94,Analyze Quotation Comparison Map,res_cc8c270f-a566-4350-8a82-77163daf2877,Role 1,2011-08-03 19:03:13.998208667,43,0,res_cc8c270f-a566-4350-8a82-77163daf2877,2011-08-03 19:03:13.998208667,0.0
Case82,Pay Invoice,res_1f528794-c18e-4c0b-8159-5b23ac7cee00,Role 5,2011-08-03 19:07:20.461468093,43,0,res_1f528794-c18e-4c0b-8159-5b23ac7cee00,2011-08-03 19:07:20.461468093,0.0
Case87,Approve Purchase Order for payment,res_d86ddd9f-79c7-4190-a797-b51d3b96da67,Role 4,2011-08-03 23:59:59.425510601,42,0,res_d86ddd9f-79c7-4190-a797-b51d3b96da67,2011-08-03 23:59:59.425510601,0.0
Case94,Choose best option,res_edc8dbfd-009c-447c-9848-9a8d0b6c95fc,Role 1,2011-08-04 02:01:01.684399667,43,0,res_edc8dbfd-009c-447c-9848-9a8d0b6c95fc,2011-08-03 19:03:14.029136667,0.0
Case88,Approve Purchase Order for payment,res_319edab8-eb7f-4de4-965e-0f4c349c020f,Role 4,2011-08-04 06:02:05.292026721,42,0,res_319edab8-eb7f-4de4-965e-0f4c349c020f,2011-08-04 06:02:05.292026721,0.0
Case98,Analyze Request for Quotation,res_d86ddd9f-79c7-4190-a797-b51d3b96da67,Role 4,2011-08-04 08:50:18.778307000,42,0,res_d86ddd9f-79c7-4190-a797-b51d3b96da67,2011-08-04 08:29:58.713998000,0.0
Case94,Settle Conditions With Supplier,res_d86ddd9f-79c7-4190-a797-b51d3b96da67,Role 4,2011-08-04 12:45:32.738296667,42,1,res_d86ddd9f-79c7-4190-a797-b51d3b96da67,2011-08-04 12:35:32.581277667,0.0
Case87,Send Invoice,res_74fb9490-fecf-4ad0-b668-d6ef9f8af10e,Role 2,2011-08-04 20:32:55.112593601,42,0,res_74fb9490-fecf-4ad0-b668-d6ef9f8af10e,2011-08-04 20:28:27.342886601,0.4
Case90,Confirm Purchase Order,res_74fb9490-fecf-4ad0-b668-d6ef9f8af10e,Role 2,2011-08-05 01:17:40.871991799,42,0,res_74fb9490-fecf-4ad0-b668-d6ef9f8af10e,2011-08-04 02:09:43.938537799,0.0
Case94,Create Purchase Order,res_319edab8-eb7f-4de4-965e-0f4c349c020f,Role 4,2011-08-05 01:42:03.281455667,42,0,res_319edab8-eb7f-4de4-965e-0f4c349c020f,2011-08-05 01:19:36.533110667,0.0
Case93,Confirm Purchase Order,res_a1e0a0a1-b1fc-40e5-bbc7-475a550099bd,Role 2,2011-08-05 08:30:36.548950677,42,1,res_a1e0a0a1-b1fc-40e5-bbc7-475a550099bd,2011-08-04 08:47:49.939874677,0.2
Case87,Release Supplier's Invoice,res_ccd55097-3d24-4e3c-a0f6-173df7f18211,Role 5,2011-08-05 09:51:11.460493601,42,0,res_ccd55097-3d24-4e3c-a0f6-173df7f18211,2011-08-05 09:51:11.460493601,0.0
Case87,Authorize Supplier's Invoice payment,res_1f528794-c18e-4c0b-8159-5b23ac7cee00,Role 5,2011-08-05 10:00:00.865778601,42,0,res_1f528794-c18e-4c0b-8159-5b23ac7cee00,2011-08-05 09:51:11.524886601,0.0
Case87,Pay Invoice,res_1f528794-c18e-4c0b-8159-5b23ac7cee00,Role 5,2011-08-05 10:29:50.790868601,42,0,res_1f528794-c18e-4c0b-8159-5b23ac7cee00,2011-08-05 10:29:50.790868601,0.0
Case88,Send Invoice,res_a1e0a0a1-b1fc-40e5-bbc7-475a550099bd,Role 2,2011-08-05 10:39:43.923958721,41,0,res_a1e0a0a1-b1fc-40e5-bbc7-475a550099bd,2011-08-05 10:35:34.298856721,0.0
Case88,Release Supplier's Invoice,res_ccd55097-3d24-4e3c-a0f6-173df7f18211,Role 5,2011-08-05 23:03:24.239441721,41,0,res_ccd55097-3d24-4e3c-a0f6-173df7f18211,2011-08-05 23:03:24.239441721,0.0
Case88,Authorize Supplier's Invoice payment,res_ccd55097-3d24-4e3c-a0f6-173df7f18211,Role 5,2011-08-05 23:12:51.822126721,41,0,res_ccd55097-3d24-4e3c-a0f6-173df7f18211,2011-08-05 23:03:24.299054721,0.0
Case88,Pay Invoice,res_1f528794-c18e-4c0b-8159-5b23ac7cee00,Role 5,2011-08-05 23:41:58.666223721,41,0,res_1f528794-c18e-4c0b-8159-5b23ac7cee00,2011-08-05 23:41:58.666223721,0.0
Case98,Send Request for Quotation to Supplier,res_ad433e29-e1d6-463f-8041-ac16f6a1da33,Role 4,2011-08-06 05:48:09.538772000,40,0,res_ad433e29-e1d6-463f-8041-ac16f6a1da33,2011-08-06 01:35:14.965996000,0.0
Case90,Deliver Goods Services,res_3297ac94-204b-4466-9748-2203439519b4,Role 2,2011-08-06 06:19:27.960238799,40,2,res_3297ac94-204b-4466-9748-2203439519b4,2011-08-06 06:18:27.725297799,0.2
Case90,Release Purchase Order,res_349907e7-8968-4ad0-8af7-bbf3079b5952,Role 1,2011-08-06 13:10:06.285375799,40,0,res_349907e7-8968-4ad0-8af7-bbf3079b5952,2011-08-06 13:09:07.274213799,0.0
Case98,Create Quotation comparison Map,res_d86ddd9f-79c7-4190-a797-b51d3b96da67,Role 4,2011-08-06 14:12:29.141133000,40,0,res_d86ddd9f-79c7-4190-a797-b51d3b96da67,2011-08-06 13:54:45.371930000,0.0
Case94,Confirm Purchase Order,res_da4787a5-0b43-44c2-94bc-622692086510,Role 2,2011-08-06 15:35:20.132299667,41,0,res_da4787a5-0b43-44c2-94bc-622692086510,2011-08-05 16:32:12.657141667,0.0
Case93,Deliver Goods Services,res_74fb9490-fecf-4ad0-b668-d6ef9f8af10e,Role 2,2011-08-06 17:31:44.071322677,40,2,res_74fb9490-fecf-4ad0-b668-d6ef9f8af10e,2011-08-06 17:30:43.955834677,0.0
Case98,Analyze Quotation Comparison Map,res_4bd335b9-e3f0-4209-aa4e-faab83c27374,Role 1,2011-08-06 22:25:18.676849000,40,0,res_4bd335b9-e3f0-4209-aa4e-faab83c27374,2011-08-06 22:25:18.676849000,0.0
Case90,Approve Purchase Order for payment,res_319edab8-eb7f-4de4-965e-0f4c349c020f,Role 4,2011-08-06 23:36:23.425481799,40,0,res_319edab8-eb7f-4de4-965e-0f4c349c020f,2011-08-06 23:36:23.425481799,0.0
Case93,Release Purchase Order,res_4bd335b9-e3f0-4209-aa4e-faab83c27374,Role 1,2011-08-07 00:30:13.394896677,40,0,res_4bd335b9-e3f0-4209-aa4e-faab83c27374,2011-08-07 00:29:15.594328677,0.07142857142857142
Case98,Choose best option,res_9773379d-f89d-4832-bfda-e91968982280,Role 1,2011-08-07 05:22:18.494982000,40,0,res_9773379d-f89d-4832-bfda-e91968982280,2011-08-06 22:25:18.704261000,0.0
Case93,Approve Purchase Order for payment,res_ad433e29-e1d6-463f-8041-ac16f6a1da33,Role 4,2011-08-07 10:54:41.712020677,40,0,res_ad433e29-e1d6-463f-8041-ac16f6a1da33,2011-08-07 10:54:41.711628677,0.0
Case98,Settle Conditions With Supplier,res_d86ddd9f-79c7-4190-a797-b51d3b96da67,Role 4,2011-08-07 13:39:28.626807000,40,1,res_d86ddd9f-79c7-4190-a797-b51d3b96da67,2011-08-07 13:29:29.990567000,0.0
Case98,Create Purchase Order,res_319edab8-eb7f-4de4-965e-0f4c349c020f,Role 4,2011-08-07 19:55:44.569528000,40,0,res_319edab8-eb7f-4de4-965e-0f4c349c020f,2011-08-07 19:37:32.334750000,0.0
Case90,Send Invoice,res_d2ebf689-fdbf-4b28-bdd6-66864b824b16,Role 2,2011-08-07 20:28:56.381057799,40,0,res_d2ebf689-fdbf-4b28-bdd6-66864b824b16,2011-08-07 20:24:35.012727799,0.0
Case94,Deliver Goods Services,res_3297ac94-204b-4466-9748-2203439519b4,Role 2,2011-08-07 23:23:23.291281667,40,2,res_3297ac94-204b-4466-9748-2203439519b4,2011-08-07 23:22:23.224412667,0.0
Case94,Release Purchase Order,res_3e314b03-d6a4-421d-86db-867ce5ab7223,Role 1,2011-08-08 06:24:46.851235667,40,0,res_3e314b03-d6a4-421d-86db-867ce5ab7223,2011-08-08 06:23:48.438652667,0.0
Case93,Send Invoice,res_da4787a5-0b43-44c2-94bc-622692086510,Role 2,2011-08-08 07:34:25.704613677,40,0,res_da4787a5-0b43-44c2-94bc-622692086510,2011-08-08 07:30:47.466343677,0.0
Case90,Release Supplier's Invoice,res_1f528794-c18e-4c0b-8159-5b23ac7cee00,Role 5,2011-08-08 08:59:21.939486799,40,0,res_1f528794-c18e-4c0b-8159-5b23ac7cee00,2011-08-08 08:59:21.939486799,0.0
Case90,Authorize Supplier's Invoice payment,res_1f528794-c18e-4c0b-8159-5b23ac7cee00,Role 5,2011-08-08 09:07:22.666101799,40,0,res_1f528794-c18e-4c0b-8159-5b23ac7cee00,2011-08-08 08:59:21.989338799,0.0
Case90,Pay Invoice,res_1f528794-c18e-4c0b-8159-5b23ac7cee00,Role 5,2011-08-08 09:35:21.145283799,40,0,res_1f528794-c18e-4c0b-8159-5b23ac7cee00,2011-08-08 09:35:21.145283799,0.0
Case94,Approve Purchase Order for payment,res_319edab8-eb7f-4de4-965e-0f4c349c020f,Role 4,2011-08-08 16:33:58.042995667,39,0,res_319edab8-eb7f-4de4-965e-0f4c349c020f,2011-08-08 16:33:58.042995667,0.0
Case93,Release Supplier's Invoice,res_1f528794-c18e-4c0b-8159-5b23ac7cee00,Role 5,2011-08-08 19:52:09.655026677,39,0,res_1f528794-c18e-4c0b-8159-5b23ac7cee00,2011-08-08 19:52:09.655026677,0.0
Case93,Authorize Supplier's Invoice payment,res_ccd55097-3d24-4e3c-a0f6-173df7f18211,Role 5,2011-08-08 20:00:09.101221677,39,0,res_ccd55097-3d24-4e3c-a0f6-173df7f18211,2011-08-08 19:52:09.693381677,0.0
Case93,Pay Invoice,res_ccd55097-3d24-4e3c-a0f6-173df7f18211,Role 5,2011-08-08 20:28:30.383118677,39,0,res_ccd55097-3d24-4e3c-a0f6-173df7f18211,2011-08-08 20:28:30.383118677,0.0
Case98,Confirm Purchase Order,res_74fb9490-fecf-4ad0-b668-d6ef9f8af10e,Role 2,2011-08-09 10:00:43.030599000,39,0,res_74fb9490-fecf-4ad0-b668-d6ef9f8af10e,2011-08-08 10:59:30.155864000,0.0
Case94,Send Invoice,res_da4787a5-0b43-44c2-94bc-622692086510,Role 2,2011-08-09 11:56:30.708889667,38,0,res_da4787a5-0b43-44c2-94bc-622692086510,2011-08-09 11:52:44.896912667,0.0
Case94,Release Supplier's Invoice,res_1f528794-c18e-4c0b-8159-5b23ac7cee00,Role 5,2011-08-10 00:35:49.502678667,38,0,res_1f528794-c18e-4c0b-8159-5b23ac7cee00,2011-08-10 00:35:49.502678667,0.0
Case94,Authorize Supplier's Invoice payment,res_1f528794-c18e-4c0b-8159-5b23ac7cee00,Role 5,2011-08-10 00:45:21.813061667,38,0,res_1f528794-c18e-4c0b-8159-5b23ac7cee00,2011-08-10 00:35:49.556629667,0.0
Case94,Pay Invoice,res_1f528794-c18e-4c0b-8159-5b23ac7cee00,Role 5,2011-08-10 01:15:46.725748667,38,0,res_1f528794-c18e-4c0b-8159-5b23ac7cee00,2011-08-10 01:15:46.725748667,0.0
Case98,Deliver Goods Services,res_a1e0a0a1-b1fc-40e5-bbc7-475a550099bd,Role 2,2011-08-10 12:46:09.493052000,37,2,res_a1e0a0a1-b1fc-40e5-bbc7-475a550099bd,2011-08-10 12:45:09.336081000,0.0
Case98,Release Purchase Order,res_0b9cf306-e11d-4cfb-b0e0-b2b7e6918c5d,Role 1,2011-08-10 19:33:57.094137000,37,0,res_0b9cf306-e11d-4cfb-b0e0-b2b7e6918c5d,2011-08-10 19:32:58.999189000,0.0
Case98,Approve Purchase Order for payment,res_319edab8-eb7f-4de4-965e-0f4c349c020f,Role 4,2011-08-11 08:00:12.106360000,37,0,res_319edab8-eb7f-4de4-965e-0f4c349c020f,2011-08-11 08:00:12.106360000,0.0
Case98,Send Invoice,res_3297ac94-204b-4466-9748-2203439519b4,Role 2,2011-08-12 10:07:51.457255000,37,0,res_3297ac94-204b-4466-9748-2203439519b4,2011-08-12 10:03:49.188724000,0.0
Case98,Release Supplier's Invoice,res_1f528794-c18e-4c0b-8159-5b23ac7cee00,Role 5,2011-08-12 22:27:25.470432000,37,0,res_1f528794-c18e-4c0b-8159-5b23ac7cee00,2011-08-12 22:27:25.470432000,0.0
Case98,Authorize Supplier's Invoice payment,res_1f528794-c18e-4c0b-8159-5b23ac7cee00,Role 5,2011-08-12 22:37:06.449935000,37,0,res_1f528794-c18e-4c0b-8159-5b23ac7cee00,2011-08-12 22:27:25.516323000,0.0
Case98,Pay Invoice,res_ccd55097-3d24-4e3c-a0f6-173df7f18211,Role 5,2011-08-12 23:06:35.897568000,37,0,res_ccd55097-3d24-4e3c-a0f6-173df7f18211,2011-08-12 23:06:35.897568000,0.0
