caseid,task,resource,role,end_timestamp,pr_instances,tsk_start_inst,res_id,start_timestamp,rp_start_oc
Case1,Create Purchase Requisition,res_b3fdc896-3712-49b3-a6eb-902848191856,Role 1,2011-06-20 23:06:57.477648000,37,0,res_b3fdc896-3712-49b3-a6eb-902848191856,2011-06-20 23:00:00.000000000,0.0
Case1,Create Request for Quotation,res_d305e955-1ef6-43af-a659-857d0e5c5c06,Role 3,2011-06-21 04:49:06.137460000,37,0,res_d305e955-1ef6-43af-a659-857d0e5c5c06,2011-06-21 04:28:44.254600000,0.0
Case2,Create Purchase Requisition,res_1ee7f6ed-53f5-4a4b-915f-6dbb784cb36d,Role 1,2011-06-21 09:21:59.817459563,38,0,res_1ee7f6ed-53f5-4a4b-915f-6dbb784cb36d,2011-06-21 09:14:21.637931563,0.0
Case2,Analyze Purchase Requisition,res_750e5923-e5fa-404f-8cd0-ba9ac589cbf0,Role 3,2011-06-22 00:38:59.991286563,38,0,res_750e5923-e5fa-404f-8cd0-ba9ac589cbf0,2011-06-22 00:36:39.210001563,0.0
Case2,Create Request for Quotation,res_e7076424-2dd7-4a08-b0de-97117a6f70ea,Role 3,2011-06-22 01:08:30.869330563,38,0,res_e7076424-2dd7-4a08-b0de-97117a6f70ea,2011-06-22 00:44:02.932717563,0.0
Case3,Create Purchase Requisition,res_bf67f70d-b145-4e3a-93f5-1ca3a08da4e2,Role 1,2011-06-22 07:40:40.288469822,39,0,res_bf67f70d-b145-4e3a-93f5-1ca3a08da4e2,2011-06-22 07:32:58.443332822,0.0
Case4,Create Purchase Requisition,res_bf67f70d-b145-4e3a-93f5-1ca3a08da4e2,Role 1,2011-06-22 08:29:51.412797086,40,0,res_bf67f70d-b145-4e3a-93f5-1ca3a08da4e2,2011-06-22 08:22:07.494614086,0.0
Case3,Create Request for Quotation,res_d305e955-1ef6-43af-a659-857d0e5c5c06,Role 3,2011-06-22 12:57:36.513066822,40,0,res_d305e955-1ef6-43af-a659-857d0e5c5c06,2011-06-22 12:36:55.508232822,0.0
Case4,Create Request for Quotation,res_750e5923-e5fa-404f-8cd0-ba9ac589cbf0,Role 3,2011-06-22 13:55:36.469602086,40,0,res_750e5923-e5fa-404f-8cd0-ba9ac589cbf0,2011-06-22 13:35:03.644890086,0.0
Case5,Create Purchase Requisition,res_6d2b908c-c05f-4e8b-b809-1aaa84ed5b50,Role 1,2011-06-22 16:59:41.141179837,41,0,res_6d2b908c-c05f-4e8b-b809-1aaa84ed5b50,2011-06-22 16:52:20.310326837,0.0
Case1,Analyze Request for Quotation,res_797de6b1-c4c4-49c7-8aa3-243d7c8fa115,Role 4,2011-06-22 22:19:28.695579000,41,0,res_797de6b1-c4c4-49c7-8aa3-243d7c8fa115,2011-06-22 22:03:32.034128000,0.0
Case6,Create Purchase Requisition,res_cb054568-8f77-4268-84c1-23b7dbf2368a,Role 1,2011-06-23 00:21:37.423218518,41,0,res_cb054568-8f77-4268-84c1-23b7dbf2368a,2011-06-23 00:14:18.724566518,0.0
Case5,Create Request for Quotation,res_750e5923-e5fa-404f-8cd0-ba9ac589cbf0,Role 3,2011-06-23 00:25:37.015278837,40,0,res_750e5923-e5fa-404f-8cd0-ba9ac589cbf0,2011-06-23 00:07:29.866895837,0.0
Case7,Create Purchase Requisition,res_6d2b908c-c05f-4e8b-b809-1aaa84ed5b50,Role 1,2011-06-23 02:07:20.337205482,42,0,res_6d2b908c-c05f-4e8b-b809-1aaa84ed5b50,2011-06-23 01:59:55.727727482,0.0
Case8,Create Purchase Requisition,res_204ff2af-f6ac-4bc9-bde1-9c7913fa4ce1,Role 1,2011-06-23 04:57:24.356431922,43,0,res_204ff2af-f6ac-4bc9-bde1-9c7913fa4ce1,2011-06-23 04:49:46.638882922,0.0
Case6,Create Request for Quotation,res_e7076424-2dd7-4a08-b0de-97117a6f70ea,Role 3,2011-06-23 08:37:58.985573518,43,0,res_e7076424-2dd7-4a08-b0de-97117a6f70ea,2011-06-23 08:18:40.484450518,0.0
Case9,Create Purchase Requisition,res_1ee7f6ed-53f5-4a4b-915f-6dbb784cb36d,Role 1,2011-06-23 18:53:47.625508869,44,0,res_1ee7f6ed-53f5-4a4b-915f-6dbb784cb36d,2011-06-23 18:46:25.644314869,0.0
Case7,Analyze Purchase Requisition,res_d305e955-1ef6-43af-a659-857d0e5c5c06,Role 3,2011-06-23 19:55:11.190291482,44,0,res_d305e955-1ef6-43af-a659-857d0e5c5c06,2011-06-23 19:52:51.600406482,0.0
Case7,Create Request for Quotation,res_d305e955-1ef6-43af-a659-857d0e5c5c06,Role 3,2011-06-23 20:25:24.499550482,44,0,res_d305e955-1ef6-43af-a659-857d0e5c5c06,2011-06-23 20:00:51.014076482,0.0
Case8,Analyze Purchase Requisition,res_d305e955-1ef6-43af-a659-857d0e5c5c06,Role 3,2011-06-23 22:06:52.039459922,44,0,res_d305e955-1ef6-43af-a659-857d0e5c5c06,2011-06-23 22:04:30.471425922,0.0
Case8,Create Request for Quotation,res_d305e955-1ef6-43af-a659-857d0e5c5c06,Role 3,2011-06-23 22:37:09.176442922,44,0,res_d305e955-1ef6-43af-a659-857d0e5c5c06,2011-06-23 22:12:23.720349922,0.0
Case2,Analyze Request for Quotation,res_797de6b1-c4c4-49c7-8aa3-243d7c8fa115,Role 4,2011-06-23 22:46:01.134423563,44,0,res_797de6b1-c4c4-49c7-8aa3-243d7c8fa115,2011-06-23 22:30:04.304911563,0.0
Case2,Amend Request for Quotation,res_204ff2af-f6ac-4bc9-bde1-9c7913fa4ce1,Role 1,2011-06-24 00:01:33.157160563,44,0,res_204ff2af-f6ac-4bc9-bde1-9c7913fa4ce1,2011-06-23 23:37:26.015909563,0.0
Case9,Analyze Purchase Requisition,res_d305e955-1ef6-43af-a659-857d0e5c5c06,Role 3,2011-06-24 13:01:58.073039869,44,0,res_d305e955-1ef6-43af-a659-857d0e5c5c06,2011-06-24 12:59:44.037746869,0.0
Case9,Create Request for Quotation,res_750e5923-e5fa-404f-8cd0-ba9ac589cbf0,Role 3,2011-06-24 13:33:20.339585869,44,0,res_750e5923-e5fa-404f-8cd0-ba9ac589cbf0,2011-06-24 13:07:14.610651869,0.0
Case4,Analyze Request for Quotation,res_a73236a5-1060-49de-a81b-c97f7a3f3deb,Role 4,2011-06-25 03:35:38.539801086,44,0,res_a73236a5-1060-49de-a81b-c97f7a3f3deb,2011-06-25 03:17:03.319492086,0.0
Case3,Analyze Request for Quotation,res_797de6b1-c4c4-49c7-8aa3-243d7c8fa115,Role 4,2011-06-25 04:11:17.990316822,43,0,res_797de6b1-c4c4-49c7-8aa3-243d7c8fa115,2011-06-25 03:53:06.922094822,0.0
Case5,Analyze Request for Quotation,res_797de6b1-c4c4-49c7-8aa3-243d7c8fa115,Role 4,2011-06-25 04:54:37.255357837,42,0,res_797de6b1-c4c4-49c7-8aa3-243d7c8fa115,2011-06-25 04:37:07.617393837,0.0
Case10,Create Purchase Requisition,res_ea2e6e79-af77-46c7-8846-86f343c41797,Role 1,2011-06-25 05:52:13.692161614,43,0,res_ea2e6e79-af77-46c7-8846-86f343c41797,2011-06-25 05:44:34.961853614,0.0
Case10,Create Request for Quotation,res_750e5923-e5fa-404f-8cd0-ba9ac589cbf0,Role 3,2011-06-25 10:21:41.539096614,43,0,res_750e5923-e5fa-404f-8cd0-ba9ac589cbf0,2011-06-25 10:00:16.460196614,0.0
Case11,Create Purchase Requisition,res_c664fa83-aac9-4455-b8cf-fbcb9a8f2997,Role 1,2011-06-25 14:28:52.638592633,44,0,res_c664fa83-aac9-4455-b8cf-fbcb9a8f2997,2011-06-25 14:21:09.560963633,0.0
Case11,Create Request for Quotation,res_d305e955-1ef6-43af-a659-857d0e5c5c06,Role 3,2011-06-25 20:30:37.719038633,44,0,res_d305e955-1ef6-43af-a659-857d0e5c5c06,2011-06-25 20:11:40.660722633,0.0
Case12,Create Purchase Requisition,res_d6a5315a-cebc-4bf4-8c1e-0b864f8862f1,Role 1,2011-06-25 23:03:03.347113482,45,0,res_d6a5315a-cebc-4bf4-8c1e-0b864f8862f1,2011-06-25 22:55:50.927727482,0.0
Case13,Create Purchase Requisition,res_204ff2af-f6ac-4bc9-bde1-9c7913fa4ce1,Role 1,2011-06-26 11:57:58.433884411,46,0,res_204ff2af-f6ac-4bc9-bde1-9c7913fa4ce1,2011-06-26 11:50:17.273960411,0.0
Case8,Analyze Request for Quotation,res_d87b7ca4-82e8-429d-a51e-3fa262959b2e,Role 4,2011-06-26 12:35:23.712803922,46,0,res_d87b7ca4-82e8-429d-a51e-3fa262959b2e,2011-06-26 12:19:46.122169922,0.0
Case6,Analyze Request for Quotation,res_a73236a5-1060-49de-a81b-c97f7a3f3deb,Role 4,2011-06-26 13:31:34.805051518,45,0,res_a73236a5-1060-49de-a81b-c97f7a3f3deb,2011-06-26 13:16:36.701870518,0.0
Case2,Analyze Request for Quotation,res_a73236a5-1060-49de-a81b-c97f7a3f3deb,Role 4,2011-06-26 14:45:09.432630563,45,0,res_a73236a5-1060-49de-a81b-c97f7a3f3deb,2011-06-26 14:28:41.141290563,0.0
Case7,Analyze Request for Quotation,res_797de6b1-c4c4-49c7-8aa3-243d7c8fa115,Role 4,2011-06-26 16:22:34.490887482,45,0,res_797de6b1-c4c4-49c7-8aa3-243d7c8fa115,2011-06-26 16:07:00.700782482,0.0
Case12,Analyze Purchase Requisition,res_e7076424-2dd7-4a08-b0de-97117a6f70ea,Role 3,2011-06-26 16:58:27.567985482,45,0,res_e7076424-2dd7-4a08-b0de-97117a6f70ea,2011-06-26 16:56:04.686582482,0.0
Case12,Create Request for Quotation,res_e7076424-2dd7-4a08-b0de-97117a6f70ea,Role 3,2011-06-26 17:27:02.047424482,45,0,res_e7076424-2dd7-4a08-b0de-97117a6f70ea,2011-06-26 17:03:39.150883482,0.0
Case14,Create Purchase Requisition,res_8379a331-4e8d-4601-bc47-dbea4b499710,Role 1,2011-06-26 17:47:14.108890937,46,0,res_8379a331-4e8d-4601-bc47-dbea4b499710,2011-06-26 17:40:01.332023937,0.0
Case15,Create Purchase Requisition,res_4d3152b3-7159-48aa-af58-192f168ff55c,Role 1,2011-06-26 18:18:28.040667135,47,0,res_4d3152b3-7159-48aa-af58-192f168ff55c,2011-06-26 18:11:18.183213135,0.0
Case14,Create Request for Quotation,res_e7076424-2dd7-4a08-b0de-97117a6f70ea,Role 3,2011-06-26 23:41:48.527566937,47,0,res_e7076424-2dd7-4a08-b0de-97117a6f70ea,2011-06-26 23:22:15.904282937,0.0
Case5,Send Request for Quotation to Supplier,res_a73236a5-1060-49de-a81b-c97f7a3f3deb,Role 4,2011-06-27 00:09:59.821528837,47,0,res_a73236a5-1060-49de-a81b-c97f7a3f3deb,2011-06-26 21:11:34.238750837,0.0
Case13,Analyze Purchase Requisition,res_d305e955-1ef6-43af-a659-857d0e5c5c06,Role 3,2011-06-27 03:24:24.009635411,47,0,res_d305e955-1ef6-43af-a659-857d0e5c5c06,2011-06-27 03:21:58.172353411,0.0
Case13,Create Request for Quotation,res_d305e955-1ef6-43af-a659-857d0e5c5c06,Role 3,2011-06-27 03:52:54.636875411,47,0,res_d305e955-1ef6-43af-a659-857d0e5c5c06,2011-06-27 03:29:05.881972411,0.0
Case9,Analyze Request for Quotation,res_d87b7ca4-82e8-429d-a51e-3fa262959b2e,Role 4,2011-06-27 03:57:58.061135869,47,0,res_d87b7ca4-82e8-429d-a51e-3fa262959b2e,2011-06-27 03:39:40.268304869,0.0
Case5,Create Quotation comparison Map,res_a73236a5-1060-49de-a81b-c97f7a3f3deb,Role 4,2011-06-27 04:09:51.867963837,47,0,res_a73236a5-1060-49de-a81b-c97f7a3f3deb,2011-06-27 03:53:08.816580837,0.3333333333333333
Case16,Create Purchase Requisition,res_e89e96e3-87e7-41ff-bc99-a6270900f410,Role 1,2011-06-27 04:40:42.132884475,48,0,res_e89e96e3-87e7-41ff-bc99-a6270900f410,2011-06-27 04:33:25.777259475,0.0
Case9,Amend Request for Quotation,res_1f8b28e3-44a0-42b4-be1d-b215ef1dce2e,Role 1,2011-06-27 05:11:26.200602869,48,0,res_1f8b28e3-44a0-42b4-be1d-b215ef1dce2e,2011-06-27 04:47:22.859852869,0.0
Case17,Create Purchase Requisition,res_e89e96e3-87e7-41ff-bc99-a6270900f410,Role 1,2011-06-27 08:08:47.599485758,49,0,res_e89e96e3-87e7-41ff-bc99-a6270900f410,2011-06-27 08:01:16.366180758,0.0
Case16,Create Request for Quotation,res_750e5923-e5fa-404f-8cd0-ba9ac589cbf0,Role 3,2011-06-27 09:37:32.257009475,49,0,res_750e5923-e5fa-404f-8cd0-ba9ac589cbf0,2011-06-27 09:15:07.244646475,0.0
Case5,Analyze Quotation Comparison Map,res_e4ac65d6-1347-4f1d-9e8d-4199a14d0833,Role 1,2011-06-27 10:40:22.212042837,49,0,res_e4ac65d6-1347-4f1d-9e8d-4199a14d0833,2011-06-27 10:40:22.204342837,0.0
Case15,Analyze Purchase Requisition,res_e7076424-2dd7-4a08-b0de-97117a6f70ea,Role 3,2011-06-27 10:41:49.232193135,49,0,res_e7076424-2dd7-4a08-b0de-97117a6f70ea,2011-06-27 10:39:23.268686135,0.0
Case15,Create Request for Quotation,res_750e5923-e5fa-404f-8cd0-ba9ac589cbf0,Role 3,2011-06-27 11:09:48.980938135,49,0,res_750e5923-e5fa-404f-8cd0-ba9ac589cbf0,2011-06-27 10:46:33.367582135,0.0
Case2,Send Request for Quotation to Supplier,res_d87b7ca4-82e8-429d-a51e-3fa262959b2e,Role 4,2011-06-27 14:47:25.667312563,49,0,res_d87b7ca4-82e8-429d-a51e-3fa262959b2e,2011-06-27 11:36:40.269314563,0.0
Case5,Choose best option,res_1ee7f6ed-53f5-4a4b-915f-6dbb784cb36d,Role 1,2011-06-27 18:04:27.058404837,49,0,res_1ee7f6ed-53f5-4a4b-915f-6dbb784cb36d,2011-06-27 10:40:22.234232837,0.0
Case2,Create Quotation comparison Map,res_797de6b1-c4c4-49c7-8aa3-243d7c8fa115,Role 4,2011-06-27 19:24:27.779956563,49,0,res_797de6b1-c4c4-49c7-8aa3-243d7c8fa115,2011-06-27 19:08:45.828991563,0.0
Case17,Analyze Purchase Requisition,res_e7076424-2dd7-4a08-b0de-97117a6f70ea,Role 3,2011-06-27 23:05:57.800814758,49,0,res_e7076424-2dd7-4a08-b0de-97117a6f70ea,2011-06-27 23:03:27.517539758,0.0
Case17,Create Request for Quotation,res_d305e955-1ef6-43af-a659-857d0e5c5c06,Role 3,2011-06-27 23:33:23.928436758,49,0,res_d305e955-1ef6-43af-a659-857d0e5c5c06,2011-06-27 23:10:52.955730758,0.0
Case11,Analyze Request for Quotation,res_797de6b1-c4c4-49c7-8aa3-243d7c8fa115,Role 4,2011-06-28 01:04:24.794131633,49,0,res_797de6b1-c4c4-49c7-8aa3-243d7c8fa115,2011-06-28 00:46:32.987980633,0.3333333333333333
Case6,Send Request for Quotation to Supplier,res_a73236a5-1060-49de-a81b-c97f7a3f3deb,Role 4,2011-06-28 01:19:49.334560518,49,0,res_a73236a5-1060-49de-a81b-c97f7a3f3deb,2011-06-27 22:19:00.538218518,0.0
Case5,Settle Conditions With Supplier,res_d87b7ca4-82e8-429d-a51e-3fa262959b2e,Role 4,2011-06-28 01:39:06.171671837,49,1,res_d87b7ca4-82e8-429d-a51e-3fa262959b2e,2011-06-28 01:29:00.969125837,0.0
Case2,Analyze Quotation Comparison Map,res_1f8b28e3-44a0-42b4-be1d-b215ef1dce2e,Role 1,2011-06-28 01:42:46.773865563,49,0,res_1f8b28e3-44a0-42b4-be1d-b215ef1dce2e,2011-06-28 01:42:46.772975563,0.0
Case11,Amend Request for Quotation,res_204ff2af-f6ac-4bc9-bde1-9c7913fa4ce1,Role 1,2011-06-28 02:21:30.461746633,49,0,res_204ff2af-f6ac-4bc9-bde1-9c7913fa4ce1,2011-06-28 01:57:11.006042633,0.07142857142857142
Case6,Create Quotation comparison Map,res_d87b7ca4-82e8-429d-a51e-3fa262959b2e,Role 4,2011-06-28 05:35:18.040631518,49,0,res_d87b7ca4-82e8-429d-a51e-3fa262959b2e,2011-06-28 05:17:17.411436518,0.0
Case13,Analyze Request for Quotation,res_a73236a5-1060-49de-a81b-c97f7a3f3deb,Role 4,2011-06-28 06:38:02.999764411,49,0,res_a73236a5-1060-49de-a81b-c97f7a3f3deb,2011-06-28 06:21:59.864083411,0.3333333333333333
Case10,Analyze Request for Quotation,res_797de6b1-c4c4-49c7-8aa3-243d7c8fa115,Role 4,2011-06-28 08:18:01.275346614,48,0,res_797de6b1-c4c4-49c7-8aa3-243d7c8fa115,2011-06-28 08:02:09.986763614,0.3333333333333333
Case2,Choose best option,res_b3fdc896-3712-49b3-a6eb-902848191856,Role 1,2011-06-28 08:34:07.062656563,49,0,res_b3fdc896-3712-49b3-a6eb-902848191856,2011-06-28 01:42:46.813394563,0.0
Case18,Create Purchase Requisition,res_1ee7f6ed-53f5-4a4b-915f-6dbb784cb36d,Role 1,2011-06-28 08:44:35.822540750,49,0,res_1ee7f6ed-53f5-4a4b-915f-6dbb784cb36d,2011-06-28 08:37:03.058830750,0.0
Case5,Create Purchase Order,res_a73236a5-1060-49de-a81b-c97f7a3f3deb,Role 4,2011-06-28 08:48:04.628724837,48,0,res_a73236a5-1060-49de-a81b-c97f7a3f3deb,2011-06-28 08:27:30.306384837,0.3333333333333333
Case7,Send Request for Quotation to Supplier,res_797de6b1-c4c4-49c7-8aa3-243d7c8fa115,Role 4,2011-06-28 09:09:29.069895482,49,0,res_797de6b1-c4c4-49c7-8aa3-243d7c8fa115,2011-06-28 05:38:00.363679482,0.0
Case9,Analyze Request for Quotation,res_797de6b1-c4c4-49c7-8aa3-243d7c8fa115,Role 4,2011-06-28 10:51:26.120668869,49,0,res_797de6b1-c4c4-49c7-8aa3-243d7c8fa115,2011-06-28 10:35:08.975332869,0.0
Case6,Analyze Quotation Comparison Map,res_e4ac65d6-1347-4f1d-9e8d-4199a14d0833,Role 1,2011-06-28 11:51:41.258650518,49,0,res_e4ac65d6-1347-4f1d-9e8d-4199a14d0833,2011-06-28 11:51:41.251212518,0.07142857142857142
Case9,Amend Request for Quotation,res_bf67f70d-b145-4e3a-93f5-1ca3a08da4e2,Role 1,2011-06-28 12:09:47.332433869,49,0,res_bf67f70d-b145-4e3a-93f5-1ca3a08da4e2,2011-06-28 11:45:03.773997869,0.0
Case19,Create Purchase Requisition,res_6d2b908c-c05f-4e8b-b809-1aaa84ed5b50,Role 1,2011-06-28 12:53:43.222127360,50,0,res_6d2b908c-c05f-4e8b-b809-1aaa84ed5b50,2011-06-28 12:46:15.740862360,0.07142857142857142
Case18,Create Request for Quotation,res_d305e955-1ef6-43af-a659-857d0e5c5c06,Role 3,2011-06-28 14:08:46.815427750,50,0,res_d305e955-1ef6-43af-a659-857d0e5c5c06,2011-06-28 13:46:37.723078750,0.0
Case7,Create Quotation comparison Map,res_a73236a5-1060-49de-a81b-c97f7a3f3deb,Role 4,2011-06-28 14:10:21.708468482,50,0,res_a73236a5-1060-49de-a81b-c97f7a3f3deb,2011-06-28 13:53:26.895757482,0.0
Case12,Analyze Request for Quotation,res_d87b7ca4-82e8-429d-a51e-3fa262959b2e,Role 4,2011-06-28 14:14:13.087274482,50,0,res_d87b7ca4-82e8-429d-a51e-3fa262959b2e,2011-06-28 13:58:40.421101482,0.3333333333333333
Case14,Analyze Request for Quotation,res_d87b7ca4-82e8-429d-a51e-3fa262959b2e,Role 4,2011-06-28 14:26:51.366052937,50,1,res_d87b7ca4-82e8-429d-a51e-3fa262959b2e,2011-06-28 14:11:26.049654937,0.3333333333333333
Case14,Amend Request for Quotation,res_d6a5315a-cebc-4bf4-8c1e-0b864f8862f1,Role 1,2011-06-28 15:43:03.214561937,49,0,res_d6a5315a-cebc-4bf4-8c1e-0b864f8862f1,2011-06-28 15:18:19.789910937,0.07142857142857142
Case2,Settle Conditions With Supplier,res_797de6b1-c4c4-49c7-8aa3-243d7c8fa115,Role 4,2011-06-28 16:57:30.881003563,49,1,res_797de6b1-c4c4-49c7-8aa3-243d7c8fa115,2011-06-28 16:47:30.317371563,0.0
Case6,Choose best option,res_8379a331-4e8d-4601-bc47-dbea4b499710,Role 1,2011-06-28 18:55:24.984011518,49,0,res_8379a331-4e8d-4601-bc47-dbea4b499710,2011-06-28 11:51:41.282364518,0.07142857142857142
Case7,Analyze Quotation Comparison Map,res_1f8b28e3-44a0-42b4-be1d-b215ef1dce2e,Role 1,2011-06-28 20:18:40.333613482,49,0,res_1f8b28e3-44a0-42b4-be1d-b215ef1dce2e,2011-06-28 20:18:40.333613482,0.0
Case20,Create Purchase Requisition,res_4d3152b3-7159-48aa-af58-192f168ff55c,Role 1,2011-06-28 21:05:56.256308547,50,0,res_4d3152b3-7159-48aa-af58-192f168ff55c,2011-06-28 20:59:04.414055547,0.07142857142857142
Case15,Analyze Request for Quotation,res_d87b7ca4-82e8-429d-a51e-3fa262959b2e,Role 4,2011-06-28 21:32:31.376701135,50,0,res_d87b7ca4-82e8-429d-a51e-3fa262959b2e,2011-06-28 21:16:00.459057135,0.0
Case15,Amend Request for Quotation,res_e89e96e3-87e7-41ff-bc99-a6270900f410,Role 1,2011-06-28 22:46:41.758399135,50,0,res_e89e96e3-87e7-41ff-bc99-a6270900f410,2011-06-28 22:22:45.435085135,0.07142857142857142
Case21,Create Purchase Requisition,res_bf67f70d-b145-4e3a-93f5-1ca3a08da4e2,Role 1,2011-06-28 22:58:56.235230589,51,0,res_bf67f70d-b145-4e3a-93f5-1ca3a08da4e2,2011-06-28 22:52:04.326039589,0.07142857142857142
Case2,Create Purchase Order,res_797de6b1-c4c4-49c7-8aa3-243d7c8fa115,Role 4,2011-06-29 01:02:59.858020563,51,0,res_797de6b1-c4c4-49c7-8aa3-243d7c8fa115,2011-06-29 00:40:30.947975563,0.0
Case6,Settle Conditions With Supplier,res_797de6b1-c4c4-49c7-8aa3-243d7c8fa115,Role 4,2011-06-29 03:28:56.200817518,51,1,res_797de6b1-c4c4-49c7-8aa3-243d7c8fa115,2011-06-29 03:18:48.976981518,0.0
Case7,Choose best option,res_e89e96e3-87e7-41ff-bc99-a6270900f410,Role 1,2011-06-29 03:45:40.539877482,49,0,res_e89e96e3-87e7-41ff-bc99-a6270900f410,2011-06-28 20:18:40.386934482,0.0
Case19,Analyze Purchase Requisition,res_750e5923-e5fa-404f-8cd0-ba9ac589cbf0,Role 3,2011-06-29 04:20:23.861703360,51,0,res_750e5923-e5fa-404f-8cd0-ba9ac589cbf0,2011-06-29 04:18:08.027783360,0.0
Case19,Create Request for Quotation,res_750e5923-e5fa-404f-8cd0-ba9ac589cbf0,Role 3,2011-06-29 04:50:12.112951360,51,0,res_750e5923-e5fa-404f-8cd0-ba9ac589cbf0,2011-06-29 04:25:13.996576360,0.0
Case11,Analyze Request for Quotation,res_a73236a5-1060-49de-a81b-c97f7a3f3deb,Role 4,2011-06-29 05:18:20.928201633,51,0,res_a73236a5-1060-49de-a81b-c97f7a3f3deb,2011-06-29 05:00:57.755988633,0.0
Case17,Analyze Request for Quotation,res_797de6b1-c4c4-49c7-8aa3-243d7c8fa115,Role 4,2011-06-29 07:58:02.601733758,50,0,res_797de6b1-c4c4-49c7-8aa3-243d7c8fa115,2011-06-29 07:42:01.396386758,0.0
Case22,Create Purchase Requisition,res_b3fdc896-3712-49b3-a6eb-902848191856,Role 1,2011-06-29 09:56:17.357858037,51,0,res_b3fdc896-3712-49b3-a6eb-902848191856,2011-06-29 09:48:35.153721037,0.0
Case7,Settle Conditions With Supplier,res_797de6b1-c4c4-49c7-8aa3-243d7c8fa115,Role 4,2011-06-29 12:54:16.144743482,51,1,res_797de6b1-c4c4-49c7-8aa3-243d7c8fa115,2011-06-29 12:44:12.433931482,0.3333333333333333
Case6,Create Purchase Order,res_a73236a5-1060-49de-a81b-c97f7a3f3deb,Role 4,2011-06-29 12:56:17.156716518,51,0,res_a73236a5-1060-49de-a81b-c97f7a3f3deb,2011-06-29 12:37:19.939387518,0.0
Case20,Analyze Purchase Requisition,res_d305e955-1ef6-43af-a659-857d0e5c5c06,Role 3,2011-06-29 13:17:35.041204547,51,0,res_d305e955-1ef6-43af-a659-857d0e5c5c06,2011-06-29 13:15:19.409141547,0.0
Case20,Create Request for Quotation,res_d305e955-1ef6-43af-a659-857d0e5c5c06,Role 3,2011-06-29 13:46:38.829302547,51,0,res_d305e955-1ef6-43af-a659-857d0e5c5c06,2011-06-29 13:22:39.450110547,0.0
Case21,Analyze Purchase Requisition,res_e7076424-2dd7-4a08-b0de-97117a6f70ea,Role 3,2011-06-29 14:51:31.243499589,51,0,res_e7076424-2dd7-4a08-b0de-97117a6f70ea,2011-06-29 14:49:14.920787589,0.0
Case21,Create Request for Quotation,res_e7076424-2dd7-4a08-b0de-97117a6f70ea,Role 3,2011-06-29 15:20:28.591435589,51,0,res_e7076424-2dd7-4a08-b0de-97117a6f70ea,2011-06-29 14:56:42.336404589,0.0
Case22,Create Request for Quotation,res_750e5923-e5fa-404f-8cd0-ba9ac589cbf0,Role 3,2011-06-29 15:40:48.247152037,51,0,res_750e5923-e5fa-404f-8cd0-ba9ac589cbf0,2011-06-29 15:20:35.382005037,0.0
Case10,Send Request for Quotation to Supplier,res_d87b7ca4-82e8-429d-a51e-3fa262959b2e,Role 4,2011-06-29 17:32:11.251776614,51,0,res_d87b7ca4-82e8-429d-a51e-3fa262959b2e,2011-06-29 14:21:29.062672614,0.0
Case16,Analyze Request for Quotation,res_797de6b1-c4c4-49c7-8aa3-243d7c8fa115,Role 4,2011-06-29 19:31:30.660026475,51,0,res_797de6b1-c4c4-49c7-8aa3-243d7c8fa115,2011-06-29 19:15:43.326023475,0.0
Case16,Amend Request for Quotation,res_cb054568-8f77-4268-84c1-23b7dbf2368a,Role 1,2011-06-29 20:47:04.619802475,51,0,res_cb054568-8f77-4268-84c1-23b7dbf2368a,2011-06-29 20:22:58.527082475,0.0
Case10,Create Quotation comparison Map,res_a73236a5-1060-49de-a81b-c97f7a3f3deb,Role 4,2011-06-29 22:41:30.900268614,51,0,res_a73236a5-1060-49de-a81b-c97f7a3f3deb,2011-06-29 22:21:55.331894614,0.0
Case9,Analyze Request for Quotation,res_797de6b1-c4c4-49c7-8aa3-243d7c8fa115,Role 4,2011-06-29 22:52:22.143347869,51,0,res_797de6b1-c4c4-49c7-8aa3-243d7c8fa115,2011-06-29 22:33:07.000050869,0.3333333333333333
Case14,Analyze Request for Quotation,res_a73236a5-1060-49de-a81b-c97f7a3f3deb,Role 4,2011-06-30 00:24:24.435220937,50,0,res_a73236a5-1060-49de-a81b-c97f7a3f3deb,2011-06-30 00:05:35.111744937,0.3333333333333333
Case5,Confirm Purchase Order,res_1ba37c0c-fbd8-4ebc-a687-57c232d851f1,Role 2,2011-06-30 00:25:42.799771837,51,0,res_1ba37c0c-fbd8-4ebc-a687-57c232d851f1,2011-06-29 02:09:26.476455837,0.0
Case7,Create Purchase Order,res_d87b7ca4-82e8-429d-a51e-3fa262959b2e,Role 4,2011-06-30 00:26:56.762389482,50,0,res_d87b7ca4-82e8-429d-a51e-3fa262959b2e,2011-06-30 00:04:37.207313482,0.0
Case10,Analyze Quotation Comparison Map,res_bf67f70d-b145-4e3a-93f5-1ca3a08da4e2,Role 1,2011-06-30 04:58:43.900193614,50,0,res_bf67f70d-b145-4e3a-93f5-1ca3a08da4e2,2011-06-30 04:58:43.896844614,0.0
Case15,Analyze Request for Quotation,res_a73236a5-1060-49de-a81b-c97f7a3f3deb,Role 4,2011-06-30 05:19:49.205845135,50,0,res_a73236a5-1060-49de-a81b-c97f7a3f3deb,2011-06-30 05:01:33.929257135,0.0
Case23,Create Purchase Requisition,res_e4ac65d6-1347-4f1d-9e8d-4199a14d0833,Role 1,2011-06-30 08:45:57.686293438,50,0,res_e4ac65d6-1347-4f1d-9e8d-4199a14d0833,2011-06-30 08:38:09.771244438,0.07142857142857142
Case18,Analyze Request for Quotation,res_d87b7ca4-82e8-429d-a51e-3fa262959b2e,Role 4,2011-06-30 11:48:38.532568750,50,0,res_d87b7ca4-82e8-429d-a51e-3fa262959b2e,2011-06-30 11:31:04.484235750,0.0
Case10,Choose best option,res_1f8b28e3-44a0-42b4-be1d-b215ef1dce2e,Role 1,2011-06-30 12:38:43.102553614,50,0,res_1f8b28e3-44a0-42b4-be1d-b215ef1dce2e,2011-06-30 04:58:43.902276614,0.0
Case2,Confirm Purchase Order,res_50846b29-5953-48db-9ac9-c9c6c5225e03,Role 2,2011-06-30 12:46:59.344612563,51,1,res_50846b29-5953-48db-9ac9-c9c6c5225e03,2011-06-29 12:41:50.458655563,0.2
Case17,Send Request for Quotation to Supplier,res_d87b7ca4-82e8-429d-a51e-3fa262959b2e,Role 4,2011-06-30 17:44:40.477393758,50,0,res_d87b7ca4-82e8-429d-a51e-3fa262959b2e,2011-06-30 13:59:57.552559758,0.0
Case10,Settle Conditions With Supplier,res_a73236a5-1060-49de-a81b-c97f7a3f3deb,Role 4,2011-06-30 19:43:30.131178614,50,1,res_a73236a5-1060-49de-a81b-c97f7a3f3deb,2011-06-30 19:33:43.536376614,0.0
Case24,Create Purchase Requisition,res_bf67f70d-b145-4e3a-93f5-1ca3a08da4e2,Role 1,2011-06-30 22:13:52.283807420,51,0,res_bf67f70d-b145-4e3a-93f5-1ca3a08da4e2,2011-06-30 22:06:40.312045420,0.0
Case25,Create Purchase Requisition,res_e89e96e3-87e7-41ff-bc99-a6270900f410,Role 1,2011-06-30 23:45:13.860991891,52,0,res_e89e96e3-87e7-41ff-bc99-a6270900f410,2011-06-30 23:38:00.557188891,0.0
Case17,Create Quotation comparison Map,res_797de6b1-c4c4-49c7-8aa3-243d7c8fa115,Role 4,2011-06-30 23:54:07.462944758,51,0,res_797de6b1-c4c4-49c7-8aa3-243d7c8fa115,2011-06-30 23:34:13.106997758,0.0
Case23,Analyze Purchase Requisition,res_d305e955-1ef6-43af-a659-857d0e5c5c06,Role 3,2011-07-01 00:25:15.929626438,52,0,res_d305e955-1ef6-43af-a659-857d0e5c5c06,2011-07-01 00:22:53.313491438,0.0
Case23,Create Request for Quotation,res_750e5923-e5fa-404f-8cd0-ba9ac589cbf0,Role 3,2011-07-01 00:56:04.051956438,52,0,res_750e5923-e5fa-404f-8cd0-ba9ac589cbf0,2011-07-01 00:30:32.453157438,0.0
Case19,Analyze Request for Quotation,res_d87b7ca4-82e8-429d-a51e-3fa262959b2e,Role 4,2011-07-01 00:57:17.147025360,52,0,res_d87b7ca4-82e8-429d-a51e-3fa262959b2e,2011-07-01 00:39:43.290351360,0.0
Case26,Create Purchase Requisition,res_c664fa83-aac9-4455-b8cf-fbcb9a8f2997,Role 1,2011-07-01 01:06:05.409650408,53,0,res_c664fa83-aac9-4455-b8cf-fbcb9a8f2997,2011-07-01 00:58:45.498726408,0.0
Case27,Create Purchase Requisition,res_b3fdc896-3712-49b3-a6eb-902848191856,Role 1,2011-07-01 03:08:20.994241413,54,0,res_b3fdc896-3712-49b3-a6eb-902848191856,2011-07-01 03:00:53.535430413,0.0
Case25,Create Request for Quotation,res_e7076424-2dd7-4a08-b0de-97117a6f70ea,Role 3,2011-07-01 05:21:05.394351891,54,0,res_e7076424-2dd7-4a08-b0de-97117a6f70ea,2011-07-01 05:02:27.856328891,0.0
Case10,Create Purchase Order,res_a73236a5-1060-49de-a81b-c97f7a3f3deb,Role 4,2011-07-01 05:31:05.830607614,54,0,res_a73236a5-1060-49de-a81b-c97f7a3f3deb,2011-07-01 05:07:24.571710614,0.0
Case28,Create Purchase Requisition,res_8379a331-4e8d-4601-bc47-dbea4b499710,Role 1,2011-07-01 05:56:28.205000198,55,0,res_8379a331-4e8d-4601-bc47-dbea4b499710,2011-07-01 05:48:48.208071198,0.0
Case17,Analyze Quotation Comparison Map,res_4d3152b3-7159-48aa-af58-192f168ff55c,Role 1,2011-07-01 06:04:22.839446758,55,0,res_4d3152b3-7159-48aa-af58-192f168ff55c,2011-07-01 06:04:22.839446758,0.0
Case29,Create Purchase Requisition,res_ea2e6e79-af77-46c7-8846-86f343c41797,Role 1,2011-07-01 06:32:49.293573121,56,0,res_ea2e6e79-af77-46c7-8846-86f343c41797,2011-07-01 06:25:08.682277121,0.07142857142857142
Case5,Deliver Goods Services,res_50846b29-5953-48db-9ac9-c9c6c5225e03,Role 2,2011-07-01 06:58:57.412448837,56,2,res_50846b29-5953-48db-9ac9-c9c6c5225e03,2011-07-01 06:57:57.166381837,0.4
Case27,Create Request for Quotation,res_e7076424-2dd7-4a08-b0de-97117a6f70ea,Role 3,2011-07-01 07:52:05.918160413,56,0,res_e7076424-2dd7-4a08-b0de-97117a6f70ea,2011-07-01 07:32:16.008964413,0.0
Case6,Confirm Purchase Order,res_1ba37c0c-fbd8-4ebc-a687-57c232d851f1,Role 2,2011-07-01 10:02:58.789595518,50,1,res_1ba37c0c-fbd8-4ebc-a687-57c232d851f1,2011-06-30 08:40:24.707506518,0.2
Case14,Send Request for Quotation to Supplier,res_797de6b1-c4c4-49c7-8aa3-243d7c8fa115,Role 4,2011-07-01 10:21:16.184436937,56,0,res_797de6b1-c4c4-49c7-8aa3-243d7c8fa115,2011-07-01 06:46:51.371521937,0.0
Case29,Create Request for Quotation,res_750e5923-e5fa-404f-8cd0-ba9ac589cbf0,Role 3,2011-07-01 11:15:24.844543121,56,0,res_750e5923-e5fa-404f-8cd0-ba9ac589cbf0,2011-07-01 10:54:34.988771121,0.0
Case5,Release Purchase Order,res_204ff2af-f6ac-4bc9-bde1-9c7913fa4ce1,Role 1,2011-07-01 13:45:20.615262837,56,0,res_204ff2af-f6ac-4bc9-bde1-9c7913fa4ce1,2011-07-01 13:44:21.863510837,0.07142857142857142
Case17,Choose best option,res_bf67f70d-b145-4e3a-93f5-1ca3a08da4e2,Role 1,2011-07-01 15:01:31.960871758,55,0,res_bf67f70d-b145-4e3a-93f5-1ca3a08da4e2,2011-07-01 06:04:22.855557758,0.0
Case21,Analyze Request for Quotation,res_d87b7ca4-82e8-429d-a51e-3fa262959b2e,Role 4,2011-07-01 15:04:41.171687589,56,0,res_d87b7ca4-82e8-429d-a51e-3fa262959b2e,2011-07-01 14:48:58.344878589,0.0
Case30,Create Purchase Requisition,res_204ff2af-f6ac-4bc9-bde1-9c7913fa4ce1,Role 1,2011-07-01 15:04:56.500134528,57,0,res_204ff2af-f6ac-4bc9-bde1-9c7913fa4ce1,2011-07-01 14:57:17.736504528,0.07142857142857142
Case20,Analyze Request for Quotation,res_d87b7ca4-82e8-429d-a51e-3fa262959b2e,Role 4,2011-07-01 15:21:46.599513547,56,0,res_d87b7ca4-82e8-429d-a51e-3fa262959b2e,2011-07-01 15:05:59.002292547,0.0
Case24,Analyze Purchase Requisition,res_e7076424-2dd7-4a08-b0de-97117a6f70ea,Role 3,2011-07-01 16:17:01.286191420,56,0,res_e7076424-2dd7-4a08-b0de-97117a6f70ea,2011-07-01 16:14:45.420296420,0.0
Case20,Amend Request for Quotation,res_bf67f70d-b145-4e3a-93f5-1ca3a08da4e2,Role 1,2011-07-01 16:40:27.679236547,56,0,res_bf67f70d-b145-4e3a-93f5-1ca3a08da4e2,2011-07-01 16:15:20.065637547,0.0
Case24,Create Request for Quotation,res_d305e955-1ef6-43af-a659-857d0e5c5c06,Role 3,2011-07-01 16:47:47.617031420,56,0,res_d305e955-1ef6-43af-a659-857d0e5c5c06,2011-07-01 16:22:36.425400420,0.0
Case14,Create Quotation comparison Map,res_797de6b1-c4c4-49c7-8aa3-243d7c8fa115,Role 4,2011-07-01 18:56:36.734429937,56,0,res_797de6b1-c4c4-49c7-8aa3-243d7c8fa115,2011-07-01 18:38:42.613561937,0.0
Case26,Analyze Purchase Requisition,res_e7076424-2dd7-4a08-b0de-97117a6f70ea,Role 3,2011-07-01 19:34:27.788123408,56,0,res_e7076424-2dd7-4a08-b0de-97117a6f70ea,2011-07-01 19:32:07.461775408,0.0
Case31,Create Purchase Requisition,res_e4ac65d6-1347-4f1d-9e8d-4199a14d0833,Role 1,2011-07-01 20:02:16.439254968,57,0,res_e4ac65d6-1347-4f1d-9e8d-4199a14d0833,2011-07-01 19:54:59.387570968,0.0
Case26,Create Request for Quotation,res_d305e955-1ef6-43af-a659-857d0e5c5c06,Role 3,2011-07-01 20:04:54.429405408,56,0,res_d305e955-1ef6-43af-a659-857d0e5c5c06,2011-07-01 19:40:02.038614408,0.0
Case2,Deliver Goods Services,res_f824661e-8353-4357-8816-ac40cd4e6ae2,Role 2,2011-07-01 21:17:24.608171563,57,2,res_f824661e-8353-4357-8816-ac40cd4e6ae2,2011-07-01 21:16:24.574780563,0.2
Case7,Confirm Purchase Order,res_50846b29-5953-48db-9ac9-c9c6c5225e03,Role 2,2011-07-01 21:35:19.821316482,51,1,res_50846b29-5953-48db-9ac9-c9c6c5225e03,2011-06-30 23:02:11.909857482,0.2
Case17,Settle Conditions With Supplier,res_a73236a5-1060-49de-a81b-c97f7a3f3deb,Role 4,2011-07-01 22:18:13.932994758,57,1,res_a73236a5-1060-49de-a81b-c97f7a3f3deb,2011-07-01 22:08:16.725266758,0.0
Case22,Analyze Request for Quotation,res_a73236a5-1060-49de-a81b-c97f7a3f3deb,Role 4,2011-07-01 22:46:05.014348037,57,0,res_a73236a5-1060-49de-a81b-c97f7a3f3deb,2011-07-01 22:26:34.401200037,0.0
Case28,Analyze Purchase Requisition,res_750e5923-e5fa-404f-8cd0-ba9ac589cbf0,Role 3,2011-07-01 23:10:08.521365198,57,0,res_750e5923-e5fa-404f-8cd0-ba9ac589cbf0,2011-07-01 23:07:44.018606198,0.0
Case28,Create Request for Quotation,res_d305e955-1ef6-43af-a659-857d0e5c5c06,Role 3,2011-07-01 23:40:39.753621198,57,0,res_d305e955-1ef6-43af-a659-857d0e5c5c06,2011-07-01 23:15:29.398199198,0.0
Case16,Analyze Request for Quotation,res_797de6b1-c4c4-49c7-8aa3-243d7c8fa115,Role 4,2011-07-01 23:56:46.971939475,57,0,res_797de6b1-c4c4-49c7-8aa3-243d7c8fa115,2011-07-01 23:38:06.362350475,0.0
Case5,Approve Purchase Order for payment,res_797de6b1-c4c4-49c7-8aa3-243d7c8fa115,Role 4,2011-07-02 01:01:29.862597837,57,0,res_797de6b1-c4c4-49c7-8aa3-243d7c8fa115,2011-07-02 01:01:29.862597837,0.0
Case16,Amend Request for Quotation,res_c664fa83-aac9-4455-b8cf-fbcb9a8f2997,Role 1,2011-07-02 01:17:34.283749475,57,0,res_c664fa83-aac9-4455-b8cf-fbcb9a8f2997,2011-07-02 00:53:31.531042475,0.0
Case14,Analyze Quotation Comparison Map,res_6d2b908c-c05f-4e8b-b809-1aaa84ed5b50,Role 1,2011-07-02 01:36:55.807227937,57,0,res_6d2b908c-c05f-4e8b-b809-1aaa84ed5b50,2011-07-02 01:36:55.807227937,0.0
Case2,Release Purchase Order,res_c664fa83-aac9-4455-b8cf-fbcb9a8f2997,Role 1,2011-07-02 04:10:19.634808563,57,0,res_c664fa83-aac9-4455-b8cf-fbcb9a8f2997,2011-07-02 04:09:21.368116563,0.07142857142857142
Case30,Analyze Purchase Requisition,res_750e5923-e5fa-404f-8cd0-ba9ac589cbf0,Role 3,2011-07-02 07:08:18.830860528,57,0,res_750e5923-e5fa-404f-8cd0-ba9ac589cbf0,2011-07-02 07:05:58.217883528,0.0
Case30,Create Request for Quotation,res_e7076424-2dd7-4a08-b0de-97117a6f70ea,Role 3,2011-07-02 07:39:22.731466528,57,0,res_e7076424-2dd7-4a08-b0de-97117a6f70ea,2011-07-02 07:13:10.659015528,0.0
Case17,Create Purchase Order,res_797de6b1-c4c4-49c7-8aa3-243d7c8fa115,Role 4,2011-07-02 07:44:46.531376758,57,0,res_797de6b1-c4c4-49c7-8aa3-243d7c8fa115,2011-07-02 07:23:52.399486758,0.3333333333333333
Case32,Create Purchase Requisition,res_1f8b28e3-44a0-42b4-be1d-b215ef1dce2e,Role 1,2011-07-02 07:55:54.644290689,58,0,res_1f8b28e3-44a0-42b4-be1d-b215ef1dce2e,2011-07-02 07:48:14.200030689,0.07142857142857142
Case18,Send Request for Quotation to Supplier,res_797de6b1-c4c4-49c7-8aa3-243d7c8fa115,Role 4,2011-07-02 08:04:01.981396750,57,0,res_797de6b1-c4c4-49c7-8aa3-243d7c8fa115,2011-07-02 04:49:38.012121750,0.0
Case14,Choose best option,res_c664fa83-aac9-4455-b8cf-fbcb9a8f2997,Role 1,2011-07-02 11:01:06.858645937,57,0,res_c664fa83-aac9-4455-b8cf-fbcb9a8f2997,2011-07-02 01:36:55.828300937,0.0
Case31,Analyze Purchase Requisition,res_d305e955-1ef6-43af-a659-857d0e5c5c06,Role 3,2011-07-02 13:33:31.710202968,58,0,res_d305e955-1ef6-43af-a659-857d0e5c5c06,2011-07-02 13:31:07.641468968,0.0
Case31,Create Request for Quotation,res_750e5923-e5fa-404f-8cd0-ba9ac589cbf0,Role 3,2011-07-02 14:03:38.954493968,58,0,res_750e5923-e5fa-404f-8cd0-ba9ac589cbf0,2011-07-02 13:38:34.184012968,0.0
Case2,Approve Purchase Order for payment,res_797de6b1-c4c4-49c7-8aa3-243d7c8fa115,Role 4,2011-07-02 15:18:47.673500563,58,0,res_797de6b1-c4c4-49c7-8aa3-243d7c8fa115,2011-07-02 15:18:47.659848563,0.0
Case18,Create Quotation comparison Map,res_a73236a5-1060-49de-a81b-c97f7a3f3deb,Role 4,2011-07-02 15:37:31.236805750,58,0,res_a73236a5-1060-49de-a81b-c97f7a3f3deb,2011-07-02 15:19:28.264035750,0.0
Case14,Settle Conditions With Supplier,res_797de6b1-c4c4-49c7-8aa3-243d7c8fa115,Role 4,2011-07-02 18:26:48.676612937,58,1,res_797de6b1-c4c4-49c7-8aa3-243d7c8fa115,2011-07-02 18:16:47.821472937,0.0
Case6,Deliver Goods Services,res_50846b29-5953-48db-9ac9-c9c6c5225e03,Role 2,2011-07-02 20:59:06.907366518,58,2,res_50846b29-5953-48db-9ac9-c9c6c5225e03,2011-07-02 20:58:06.786691518,0.2
Case18,Analyze Quotation Comparison Map,res_e4ac65d6-1347-4f1d-9e8d-4199a14d0833,Role 1,2011-07-02 21:51:29.597140750,58,0,res_e4ac65d6-1347-4f1d-9e8d-4199a14d0833,2011-07-02 21:51:29.597140750,0.0
Case32,Analyze Purchase Requisition,res_750e5923-e5fa-404f-8cd0-ba9ac589cbf0,Role 3,2011-07-03 00:03:12.876862689,58,0,res_750e5923-e5fa-404f-8cd0-ba9ac589cbf0,2011-07-03 00:00:41.219441689,0.0
Case32,Create Request for Quotation,res_e7076424-2dd7-4a08-b0de-97117a6f70ea,Role 3,2011-07-03 00:31:48.526043689,58,0,res_e7076424-2dd7-4a08-b0de-97117a6f70ea,2011-07-03 00:08:09.548088689,0.0
Case14,Create Purchase Order,res_a73236a5-1060-49de-a81b-c97f7a3f3deb,Role 4,2011-07-03 01:50:48.067634937,58,0,res_a73236a5-1060-49de-a81b-c97f7a3f3deb,2011-07-03 01:29:01.711476937,0.0
Case5,Send Invoice,res_32e7a9ee-ab70-476e-9532-94401c2126b1,Role 2,2011-07-03 03:18:39.694639837,58,0,res_32e7a9ee-ab70-476e-9532-94401c2126b1,2011-07-03 03:14:19.173913837,0.2
Case6,Release Purchase Order,res_4d3152b3-7159-48aa-af58-192f168ff55c,Role 1,2011-07-03 03:58:15.654665518,58,0,res_4d3152b3-7159-48aa-af58-192f168ff55c,2011-07-03 03:57:17.548107518,0.07142857142857142
Case19,Send Request for Quotation to Supplier,res_d87b7ca4-82e8-429d-a51e-3fa262959b2e,Role 4,2011-07-03 05:12:39.253055360,58,0,res_d87b7ca4-82e8-429d-a51e-3fa262959b2e,2011-07-03 01:30:38.821128360,0.3333333333333333
Case10,Confirm Purchase Order,res_32e7a9ee-ab70-476e-9532-94401c2126b1,Role 2,2011-07-03 05:50:13.683668614,57,0,res_32e7a9ee-ab70-476e-9532-94401c2126b1,2011-07-02 06:29:53.977444614,0.0
Case18,Choose best option,res_8379a331-4e8d-4601-bc47-dbea4b499710,Role 1,2011-07-03 06:13:10.372472750,58,0,res_8379a331-4e8d-4601-bc47-dbea4b499710,2011-07-02 21:51:29.615234750,0.0
Case7,Deliver Goods Services,res_f824661e-8353-4357-8816-ac40cd4e6ae2,Role 2,2011-07-03 08:46:52.641972482,58,2,res_f824661e-8353-4357-8816-ac40cd4e6ae2,2011-07-03 08:45:52.643233482,0.2
Case19,Create Quotation comparison Map,res_797de6b1-c4c4-49c7-8aa3-243d7c8fa115,Role 4,2011-07-03 10:32:49.395042360,58,0,res_797de6b1-c4c4-49c7-8aa3-243d7c8fa115,2011-07-03 10:15:29.265040360,0.0
Case18,Settle Conditions With Supplier,res_797de6b1-c4c4-49c7-8aa3-243d7c8fa115,Role 4,2011-07-03 12:23:39.275150750,58,1,res_797de6b1-c4c4-49c7-8aa3-243d7c8fa115,2011-07-03 12:13:41.039077750,0.0
Case25,Analyze Request for Quotation,res_d87b7ca4-82e8-429d-a51e-3fa262959b2e,Role 4,2011-07-03 14:36:45.388464891,58,0,res_d87b7ca4-82e8-429d-a51e-3fa262959b2e,2011-07-03 14:21:32.103831891,0.0
Case6,Approve Purchase Order for payment,res_a73236a5-1060-49de-a81b-c97f7a3f3deb,Role 4,2011-07-03 14:46:49.610328518,58,0,res_a73236a5-1060-49de-a81b-c97f7a3f3deb,2011-07-03 14:46:49.604043518,0.3333333333333333
Case23,Analyze Request for Quotation,res_797de6b1-c4c4-49c7-8aa3-243d7c8fa115,Role 4,2011-07-03 14:54:51.379699438,58,0,res_797de6b1-c4c4-49c7-8aa3-243d7c8fa115,2011-07-03 14:38:56.040702438,0.0
Case7,Release Purchase Order,res_6d2b908c-c05f-4e8b-b809-1aaa84ed5b50,Role 1,2011-07-03 15:42:16.473633482,58,0,res_6d2b908c-c05f-4e8b-b809-1aaa84ed5b50,2011-07-03 15:41:18.001187482,0.07142857142857142
Case25,Amend Request for Quotation,res_cb054568-8f77-4268-84c1-23b7dbf2368a,Role 1,2011-07-03 15:53:19.642431891,58,0,res_cb054568-8f77-4268-84c1-23b7dbf2368a,2011-07-03 15:26:56.822765891,0.0
Case2,Send Invoice,res_1ba37c0c-fbd8-4ebc-a687-57c232d851f1,Role 2,2011-07-03 15:55:06.886797563,59,0,res_1ba37c0c-fbd8-4ebc-a687-57c232d851f1,2011-07-03 15:51:08.961943563,0.2
Case33,Create Purchase Requisition,res_b3fdc896-3712-49b3-a6eb-902848191856,Role 1,2011-07-03 15:58:12.536333284,59,0,res_b3fdc896-3712-49b3-a6eb-902848191856,2011-07-03 15:50:57.919656284,0.14285714285714285
Case5,Release Supplier's Invoice,res_3dcffc60-1cf8-4166-8b75-95dd77678419,Role 5,2011-07-03 16:01:31.494881837,59,0,res_3dcffc60-1cf8-4166-8b75-95dd77678419,2011-07-03 16:01:31.494881837,0.0
Case5,Authorize Supplier's Invoice payment,res_3dcffc60-1cf8-4166-8b75-95dd77678419,Role 5,2011-07-03 16:09:49.270345837,59,0,res_3dcffc60-1cf8-4166-8b75-95dd77678419,2011-07-03 16:01:31.554200837,0.0
Case23,Amend Request for Quotation,res_1f8b28e3-44a0-42b4-be1d-b215ef1dce2e,Role 1,2011-07-03 16:10:32.148990438,58,1,res_1f8b28e3-44a0-42b4-be1d-b215ef1dce2e,2011-07-03 15:45:45.532143438,0.07142857142857142
Case5,Pay Invoice,res_90e81362-915a-419b-aef1-411e9c3655c8,Role 5,2011-07-03 16:37:16.781093837,59,0,res_90e81362-915a-419b-aef1-411e9c3655c8,2011-07-03 16:37:16.781093837,0.0
Case19,Analyze Quotation Comparison Map,res_e4ac65d6-1347-4f1d-9e8d-4199a14d0833,Role 1,2011-07-03 16:46:09.525064360,58,0,res_e4ac65d6-1347-4f1d-9e8d-4199a14d0833,2011-07-03 16:46:09.525064360,0.0
Case18,Create Purchase Order,res_797de6b1-c4c4-49c7-8aa3-243d7c8fa115,Role 4,2011-07-03 18:35:30.327915750,58,0,res_797de6b1-c4c4-49c7-8aa3-243d7c8fa115,2011-07-03 18:14:48.335434750,0.0
Case33,Create Request for Quotation,res_d305e955-1ef6-43af-a659-857d0e5c5c06,Role 3,2011-07-03 21:50:13.757269284,58,0,res_d305e955-1ef6-43af-a659-857d0e5c5c06,2011-07-03 21:30:15.779830284,0.0
Case34,Create Purchase Requisition,res_204ff2af-f6ac-4bc9-bde1-9c7913fa4ce1,Role 1,2011-07-03 23:32:05.407735356,59,0,res_204ff2af-f6ac-4bc9-bde1-9c7913fa4ce1,2011-07-03 23:25:07.834893356,0.07142857142857142
Case27,Analyze Request for Quotation,res_d87b7ca4-82e8-429d-a51e-3fa262959b2e,Role 4,2011-07-04 01:29:11.878026413,59,0,res_d87b7ca4-82e8-429d-a51e-3fa262959b2e,2011-07-04 01:13:51.988323413,0.0
Case30,Analyze Request for Quotation,res_a73236a5-1060-49de-a81b-c97f7a3f3deb,Role 4,2011-07-04 01:53:02.080301528,58,0,res_a73236a5-1060-49de-a81b-c97f7a3f3deb,2011-07-04 01:34:57.285556528,0.3333333333333333
Case19,Choose best option,res_4d3152b3-7159-48aa-af58-192f168ff55c,Role 1,2011-07-04 02:15:35.527686360,58,0,res_4d3152b3-7159-48aa-af58-192f168ff55c,2011-07-03 16:46:09.565616360,0.0
Case16,Analyze Request for Quotation,res_a73236a5-1060-49de-a81b-c97f7a3f3deb,Role 4,2011-07-04 02:42:05.100779475,58,0,res_a73236a5-1060-49de-a81b-c97f7a3f3deb,2011-07-04 02:24:55.899931475,0.3333333333333333
Case7,Approve Purchase Order for payment,res_d87b7ca4-82e8-429d-a51e-3fa262959b2e,Role 4,2011-07-04 02:56:17.316369482,58,0,res_d87b7ca4-82e8-429d-a51e-3fa262959b2e,2011-07-04 02:56:17.316369482,0.3333333333333333
Case30,Amend Request for Quotation,res_e89e96e3-87e7-41ff-bc99-a6270900f410,Role 1,2011-07-04 03:05:35.481288528,58,0,res_e89e96e3-87e7-41ff-bc99-a6270900f410,2011-07-04 02:41:35.698872528,0.0
Case17,Confirm Purchase Order,res_32e7a9ee-ab70-476e-9532-94401c2126b1,Role 2,2011-07-04 03:41:45.994455758,58,1,res_32e7a9ee-ab70-476e-9532-94401c2126b1,2011-07-03 04:47:26.621612758,0.2
Case2,Release Supplier's Invoice,res_3dcffc60-1cf8-4166-8b75-95dd77678419,Role 5,2011-07-04 04:02:00.245727563,58,0,res_3dcffc60-1cf8-4166-8b75-95dd77678419,2011-07-04 04:02:00.245727563,0.0
Case2,Authorize Supplier's Invoice payment,res_3dcffc60-1cf8-4166-8b75-95dd77678419,Role 5,2011-07-04 04:11:04.647308563,58,0,res_3dcffc60-1cf8-4166-8b75-95dd77678419,2011-07-04 04:02:00.292599563,0.0
Case22,Send Request for Quotation to Supplier,res_d87b7ca4-82e8-429d-a51e-3fa262959b2e,Role 4,2011-07-04 04:35:11.088486037,59,0,res_d87b7ca4-82e8-429d-a51e-3fa262959b2e,2011-07-04 01:13:53.507514037,0.3333333333333333
Case2,Pay Invoice,res_3dcffc60-1cf8-4166-8b75-95dd77678419,Role 5,2011-07-04 04:39:24.574998563,58,0,res_3dcffc60-1cf8-4166-8b75-95dd77678419,2011-07-04 04:39:24.574998563,0.0
Case22,Create Quotation comparison Map,res_797de6b1-c4c4-49c7-8aa3-243d7c8fa115,Role 4,2011-07-04 09:49:24.087172037,57,0,res_797de6b1-c4c4-49c7-8aa3-243d7c8fa115,2011-07-04 09:33:16.774967037,0.0
Case19,Settle Conditions With Supplier,res_a73236a5-1060-49de-a81b-c97f7a3f3deb,Role 4,2011-07-04 10:14:20.668789360,57,1,res_a73236a5-1060-49de-a81b-c97f7a3f3deb,2011-07-04 10:04:13.176912360,0.0
Case35,Create Purchase Requisition,res_6d2b908c-c05f-4e8b-b809-1aaa84ed5b50,Role 1,2011-07-04 10:58:05.019394328,58,0,res_6d2b908c-c05f-4e8b-b809-1aaa84ed5b50,2011-07-04 10:50:34.223845328,0.0
Case6,Send Invoice,res_32e7a9ee-ab70-476e-9532-94401c2126b1,Role 2,2011-07-04 13:41:16.634799518,58,0,res_32e7a9ee-ab70-476e-9532-94401c2126b1,2011-07-04 13:37:30.103552518,0.2
Case24,Analyze Request for Quotation,res_797de6b1-c4c4-49c7-8aa3-243d7c8fa115,Role 4,2011-07-04 15:10:00.225645420,58,0,res_797de6b1-c4c4-49c7-8aa3-243d7c8fa115,2011-07-04 14:54:01.796248420,0.0
Case34,Analyze Purchase Requisition,res_d305e955-1ef6-43af-a659-857d0e5c5c06,Role 3,2011-07-04 15:28:39.919202356,58,0,res_d305e955-1ef6-43af-a659-857d0e5c5c06,2011-07-04 15:26:12.830588356,0.0
Case14,Confirm Purchase Order,res_50846b29-5953-48db-9ac9-c9c6c5225e03,Role 2,2011-07-04 15:40:17.252637937,58,1,res_50846b29-5953-48db-9ac9-c9c6c5225e03,2011-07-03 18:30:41.011549937,0.2
Case34,Create Request for Quotation,res_d305e955-1ef6-43af-a659-857d0e5c5c06,Role 3,2011-07-04 15:55:58.878252356,58,0,res_d305e955-1ef6-43af-a659-857d0e5c5c06,2011-07-04 15:33:36.945065356,0.0
Case22,Analyze Quotation Comparison Map,res_cb054568-8f77-4268-84c1-23b7dbf2368a,Role 1,2011-07-04 16:16:51.281267037,58,0,res_cb054568-8f77-4268-84c1-23b7dbf2368a,2011-07-04 16:16:51.281267037,0.0
Case28,Analyze Request for Quotation,res_797de6b1-c4c4-49c7-8aa3-243d7c8fa115,Role 4,2011-07-04 16:17:36.070203198,58,0,res_797de6b1-c4c4-49c7-8aa3-243d7c8fa115,2011-07-04 16:02:15.286469198,0.0
Case35,Create Request for Quotation,res_e7076424-2dd7-4a08-b0de-97117a6f70ea,Role 3,2011-07-04 16:26:40.515855328,58,0,res_e7076424-2dd7-4a08-b0de-97117a6f70ea,2011-07-04 16:04:06.376046328,0.0
Case19,Create Purchase Order,res_d87b7ca4-82e8-429d-a51e-3fa262959b2e,Role 4,2011-07-04 17:44:25.857992360,57,0,res_d87b7ca4-82e8-429d-a51e-3fa262959b2e,2011-07-04 17:25:28.134170360,0.0
Case26,Analyze Request for Quotation,res_797de6b1-c4c4-49c7-8aa3-243d7c8fa115,Role 4,2011-07-04 19:34:27.491601408,57,0,res_797de6b1-c4c4-49c7-8aa3-243d7c8fa115,2011-07-04 19:18:23.820639408,0.0
Case10,Deliver Goods Services,res_50846b29-5953-48db-9ac9-c9c6c5225e03,Role 2,2011-07-04 20:16:16.118628614,57,2,res_50846b29-5953-48db-9ac9-c9c6c5225e03,2011-07-04 20:15:15.796582614,0.2
Case26,Amend Request for Quotation,res_c664fa83-aac9-4455-b8cf-fbcb9a8f2997,Role 1,2011-07-04 20:50:33.180309408,57,0,res_c664fa83-aac9-4455-b8cf-fbcb9a8f2997,2011-07-04 20:26:34.157535408,0.07142857142857142
Case32,Analyze Request for Quotation,res_a73236a5-1060-49de-a81b-c97f7a3f3deb,Role 4,2011-07-04 21:04:18.264068689,57,0,res_a73236a5-1060-49de-a81b-c97f7a3f3deb,2011-07-04 20:47:50.847873689,0.0
Case31,Analyze Request for Quotation,res_797de6b1-c4c4-49c7-8aa3-243d7c8fa115,Role 4,2011-07-04 22:15:05.909565968,57,0,res_797de6b1-c4c4-49c7-8aa3-243d7c8fa115,2011-07-04 21:57:07.455207968,0.0
Case22,Choose best option,res_4d3152b3-7159-48aa-af58-192f168ff55c,Role 1,2011-07-04 23:56:09.222799037,58,0,res_4d3152b3-7159-48aa-af58-192f168ff55c,2011-07-04 16:16:51.316515037,0.0
Case7,Send Invoice,res_ebf4417c-e466-4e63-b2ef-9810ab2f3fab,Role 2,2011-07-05 01:53:08.902351482,57,0,res_ebf4417c-e466-4e63-b2ef-9810ab2f3fab,2011-07-05 01:48:50.514526482,0.2
Case6,Release Supplier's Invoice,res_90e81362-915a-419b-aef1-411e9c3655c8,Role 5,2011-07-05 02:04:39.336319518,57,0,res_90e81362-915a-419b-aef1-411e9c3655c8,2011-07-05 02:04:39.336319518,0.0
Case6,Authorize Supplier's Invoice payment,res_90e81362-915a-419b-aef1-411e9c3655c8,Role 5,2011-07-05 02:13:22.938114518,57,0,res_90e81362-915a-419b-aef1-411e9c3655c8,2011-07-05 02:04:39.388830518,0.0
Case30,Analyze Request for Quotation,res_797de6b1-c4c4-49c7-8aa3-243d7c8fa115,Role 4,2011-07-05 02:25:16.847211528,57,0,res_797de6b1-c4c4-49c7-8aa3-243d7c8fa115,2011-07-05 02:07:45.043271528,0.0
Case6,Pay Invoice,res_90e81362-915a-419b-aef1-411e9c3655c8,Role 5,2011-07-05 02:42:44.795685518,57,0,res_90e81362-915a-419b-aef1-411e9c3655c8,2011-07-05 02:42:44.795685518,0.0
Case10,Release Purchase Order,res_cb054568-8f77-4268-84c1-23b7dbf2368a,Role 1,2011-07-05 03:19:26.948023614,56,0,res_cb054568-8f77-4268-84c1-23b7dbf2368a,2011-07-05 03:18:28.332051614,0.0
Case16,Send Request for Quotation to Supplier,res_d87b7ca4-82e8-429d-a51e-3fa262959b2e,Role 4,2011-07-05 06:48:18.621845475,56,0,res_d87b7ca4-82e8-429d-a51e-3fa262959b2e,2011-07-05 02:58:05.979208475,0.0
Case17,Deliver Goods Services,res_32e7a9ee-ab70-476e-9532-94401c2126b1,Role 2,2011-07-05 06:56:38.039962758,56,2,res_32e7a9ee-ab70-476e-9532-94401c2126b1,2011-07-05 06:55:37.873775758,0.2
Case22,Settle Conditions With Supplier,res_a73236a5-1060-49de-a81b-c97f7a3f3deb,Role 4,2011-07-05 08:04:00.903716037,56,1,res_a73236a5-1060-49de-a81b-c97f7a3f3deb,2011-07-05 07:53:47.684153037,0.0
Case16,Create Quotation comparison Map,res_a73236a5-1060-49de-a81b-c97f7a3f3deb,Role 4,2011-07-05 12:11:55.180729475,56,0,res_a73236a5-1060-49de-a81b-c97f7a3f3deb,2011-07-05 11:57:04.392134475,0.0
Case10,Approve Purchase Order for payment,res_a73236a5-1060-49de-a81b-c97f7a3f3deb,Role 4,2011-07-05 13:47:17.811859614,56,0,res_a73236a5-1060-49de-a81b-c97f7a3f3deb,2011-07-05 13:47:17.811859614,0.0
Case17,Release Purchase Order,res_e89e96e3-87e7-41ff-bc99-a6270900f410,Role 1,2011-07-05 13:52:44.465007758,56,0,res_e89e96e3-87e7-41ff-bc99-a6270900f410,2011-07-05 13:51:45.931729758,0.0
Case18,Confirm Purchase Order,res_f824661e-8353-4357-8816-ac40cd4e6ae2,Role 2,2011-07-05 14:36:27.949620750,58,1,res_f824661e-8353-4357-8816-ac40cd4e6ae2,2011-07-04 14:44:57.639818750,0.2
Case7,Release Supplier's Invoice,res_3dcffc60-1cf8-4166-8b75-95dd77678419,Role 5,2011-07-05 14:47:59.524065482,56,0,res_3dcffc60-1cf8-4166-8b75-95dd77678419,2011-07-05 14:47:59.524065482,0.0
Case7,Authorize Supplier's Invoice payment,res_3dcffc60-1cf8-4166-8b75-95dd77678419,Role 5,2011-07-05 14:56:13.760465482,56,0,res_3dcffc60-1cf8-4166-8b75-95dd77678419,2011-07-05 14:47:59.593731482,0.0
Case7,Pay Invoice,res_3dcffc60-1cf8-4166-8b75-95dd77678419,Role 5,2011-07-05 15:24:13.458164482,56,0,res_3dcffc60-1cf8-4166-8b75-95dd77678419,2011-07-05 15:24:13.458164482,0.0
Case22,Create Purchase Order,res_a73236a5-1060-49de-a81b-c97f7a3f3deb,Role 4,2011-07-05 15:55:05.104350037,55,0,res_a73236a5-1060-49de-a81b-c97f7a3f3deb,2011-07-05 15:36:11.341763037,0.0
Case16,Analyze Quotation Comparison Map,res_ea2e6e79-af77-46c7-8846-86f343c41797,Role 1,2011-07-05 19:16:17.367032475,55,0,res_ea2e6e79-af77-46c7-8846-86f343c41797,2011-07-05 19:16:17.367032475,0.0
Case36,Create Purchase Requisition,res_bf67f70d-b145-4e3a-93f5-1ca3a08da4e2,Role 1,2011-07-05 21:19:54.478545743,56,0,res_bf67f70d-b145-4e3a-93f5-1ca3a08da4e2,2011-07-05 21:13:04.151480743,0.07142857142857142
Case25,Analyze Request for Quotation,res_a73236a5-1060-49de-a81b-c97f7a3f3deb,Role 4,2011-07-05 21:28:51.154353891,55,0,res_a73236a5-1060-49de-a81b-c97f7a3f3deb,2011-07-05 21:10:49.310891891,0.3333333333333333
Case29,Analyze Request for Quotation,res_a73236a5-1060-49de-a81b-c97f7a3f3deb,Role 4,2011-07-05 21:29:53.005054121,56,1,res_a73236a5-1060-49de-a81b-c97f7a3f3deb,2011-07-05 21:14:03.353860121,0.6666666666666666
Case30,Send Request for Quotation to Supplier,res_a73236a5-1060-49de-a81b-c97f7a3f3deb,Role 4,2011-07-05 21:38:52.277061528,55,0,res_a73236a5-1060-49de-a81b-c97f7a3f3deb,2011-07-05 18:10:26.526066528,0.0
Case14,Deliver Goods Services,res_f824661e-8353-4357-8816-ac40cd4e6ae2,Role 2,2011-07-05 22:31:18.744300937,54,2,res_f824661e-8353-4357-8816-ac40cd4e6ae2,2011-07-05 22:30:18.609080937,0.2
Case17,Approve Purchase Order for payment,res_797de6b1-c4c4-49c7-8aa3-243d7c8fa115,Role 4,2011-07-06 01:01:42.796241758,54,0,res_797de6b1-c4c4-49c7-8aa3-243d7c8fa115,2011-07-06 01:01:42.796241758,0.6666666666666666
Case16,Choose best option,res_b3fdc896-3712-49b3-a6eb-902848191856,Role 1,2011-07-06 01:46:48.534704475,55,0,res_b3fdc896-3712-49b3-a6eb-902848191856,2011-07-05 19:16:17.416207475,0.0
Case30,Create Quotation comparison Map,res_a73236a5-1060-49de-a81b-c97f7a3f3deb,Role 4,2011-07-06 01:49:17.575982528,54,0,res_a73236a5-1060-49de-a81b-c97f7a3f3deb,2011-07-06 01:33:05.138942528,0.6666666666666666
Case33,Analyze Request for Quotation,res_d87b7ca4-82e8-429d-a51e-3fa262959b2e,Role 4,2011-07-06 02:25:52.796632284,54,0,res_d87b7ca4-82e8-429d-a51e-3fa262959b2e,2011-07-06 02:07:20.636315284,0.6666666666666666
Case37,Create Purchase Requisition,res_d6a5315a-cebc-4bf4-8c1e-0b864f8862f1,Role 1,2011-07-06 03:21:03.922168243,55,0,res_d6a5315a-cebc-4bf4-8c1e-0b864f8862f1,2011-07-06 03:13:48.564554243,0.0
Case24,Send Request for Quotation to Supplier,res_d87b7ca4-82e8-429d-a51e-3fa262959b2e,Role 4,2011-07-06 03:26:53.890365420,54,0,res_d87b7ca4-82e8-429d-a51e-3fa262959b2e,2011-07-05 23:28:47.808880420,0.0
Case36,Create Request for Quotation,res_d305e955-1ef6-43af-a659-857d0e5c5c06,Role 3,2011-07-06 03:39:48.576800743,55,0,res_d305e955-1ef6-43af-a659-857d0e5c5c06,2011-07-06 03:19:51.606874743,0.0
Case20,Analyze Request for Quotation,res_797de6b1-c4c4-49c7-8aa3-243d7c8fa115,Role 4,2011-07-06 03:57:17.319308547,55,0,res_797de6b1-c4c4-49c7-8aa3-243d7c8fa115,2011-07-06 03:39:01.441921547,0.6666666666666666
Case32,Send Request for Quotation to Supplier,res_a73236a5-1060-49de-a81b-c97f7a3f3deb,Role 4,2011-07-06 04:09:23.060222689,54,1,res_a73236a5-1060-49de-a81b-c97f7a3f3deb,2011-07-06 00:07:32.557361689,0.3333333333333333
Case38,Create Purchase Requisition,res_4d3152b3-7159-48aa-af58-192f168ff55c,Role 1,2011-07-06 05:09:53.277328635,56,0,res_4d3152b3-7159-48aa-af58-192f168ff55c,2011-07-06 05:02:28.943992635,0.0
Case14,Release Purchase Order,res_ea2e6e79-af77-46c7-8846-86f343c41797,Role 1,2011-07-06 05:27:58.848700937,56,0,res_ea2e6e79-af77-46c7-8846-86f343c41797,2011-07-06 05:27:00.010384937,0.0
Case10,Send Invoice,res_50846b29-5953-48db-9ac9-c9c6c5225e03,Role 2,2011-07-06 05:51:57.330346614,56,0,res_50846b29-5953-48db-9ac9-c9c6c5225e03,2011-07-06 05:47:59.791056614,0.2
Case39,Create Purchase Requisition,res_204ff2af-f6ac-4bc9-bde1-9c7913fa4ce1,Role 1,2011-07-06 06:04:23.100799715,57,0,res_204ff2af-f6ac-4bc9-bde1-9c7913fa4ce1,2011-07-06 05:56:54.645020715,0.0
Case31,Send Request for Quotation to Supplier,res_797de6b1-c4c4-49c7-8aa3-243d7c8fa115,Role 4,2011-07-06 06:29:43.370286968,54,2,res_797de6b1-c4c4-49c7-8aa3-243d7c8fa115,2011-07-06 02:20:19.788597968,1.0
Case30,Analyze Quotation Comparison Map,res_d6a5315a-cebc-4bf4-8c1e-0b864f8862f1,Role 1,2011-07-06 07:56:12.604231528,57,0,res_d6a5315a-cebc-4bf4-8c1e-0b864f8862f1,2011-07-06 07:56:12.604231528,0.0
Case26,Analyze Request for Quotation,res_d87b7ca4-82e8-429d-a51e-3fa262959b2e,Role 4,2011-07-06 08:34:05.757227408,57,0,res_d87b7ca4-82e8-429d-a51e-3fa262959b2e,2011-07-06 08:17:15.836534408,0.0
Case24,Create Quotation comparison Map,res_d87b7ca4-82e8-429d-a51e-3fa262959b2e,Role 4,2011-07-06 09:12:17.479006420,56,0,res_d87b7ca4-82e8-429d-a51e-3fa262959b2e,2011-07-06 08:53:59.370714420,0.0
Case32,Create Quotation comparison Map,res_a73236a5-1060-49de-a81b-c97f7a3f3deb,Role 4,2011-07-06 09:26:21.354125689,56,1,res_a73236a5-1060-49de-a81b-c97f7a3f3deb,2011-07-06 09:09:15.025955689,0.3333333333333333
Case34,Analyze Request for Quotation,res_a73236a5-1060-49de-a81b-c97f7a3f3deb,Role 4,2011-07-06 09:29:26.056504356,56,0,res_a73236a5-1060-49de-a81b-c97f7a3f3deb,2011-07-06 09:13:13.928553356,0.3333333333333333
Case38,Create Request for Quotation,res_d305e955-1ef6-43af-a659-857d0e5c5c06,Role 3,2011-07-06 10:14:19.117319635,55,0,res_d305e955-1ef6-43af-a659-857d0e5c5c06,2011-07-06 09:53:27.427896635,0.0
Case16,Settle Conditions With Supplier,res_d87b7ca4-82e8-429d-a51e-3fa262959b2e,Role 4,2011-07-06 10:40:28.009168475,55,1,res_d87b7ca4-82e8-429d-a51e-3fa262959b2e,2011-07-06 10:30:18.843139475,0.0
Case19,Confirm Purchase Order,res_ebf4417c-e466-4e63-b2ef-9810ab2f3fab,Role 2,2011-07-06 11:08:12.659162360,56,1,res_ebf4417c-e466-4e63-b2ef-9810ab2f3fab,2011-07-05 10:54:42.866262360,0.2
Case23,Analyze Request for Quotation,res_d87b7ca4-82e8-429d-a51e-3fa262959b2e,Role 4,2011-07-06 11:44:26.499880438,55,0,res_d87b7ca4-82e8-429d-a51e-3fa262959b2e,2011-07-06 11:26:50.593021438,0.0
Case31,Create Quotation comparison Map,res_d87b7ca4-82e8-429d-a51e-3fa262959b2e,Role 4,2011-07-06 12:40:20.627555968,55,0,res_d87b7ca4-82e8-429d-a51e-3fa262959b2e,2011-07-06 12:22:19.112952968,0.0
Case23,Amend Request for Quotation,res_d6a5315a-cebc-4bf4-8c1e-0b864f8862f1,Role 1,2011-07-06 13:03:43.702893438,55,0,res_d6a5315a-cebc-4bf4-8c1e-0b864f8862f1,2011-07-06 12:39:27.326203438,0.07142857142857142
Case30,Choose best option,res_bf67f70d-b145-4e3a-93f5-1ca3a08da4e2,Role 1,2011-07-06 14:43:04.389517528,57,0,res_bf67f70d-b145-4e3a-93f5-1ca3a08da4e2,2011-07-06 07:56:12.625147528,0.0
Case24,Analyze Quotation Comparison Map,res_1f8b28e3-44a0-42b4-be1d-b215ef1dce2e,Role 1,2011-07-06 15:21:44.199522420,55,0,res_1f8b28e3-44a0-42b4-be1d-b215ef1dce2e,2011-07-06 15:21:44.199522420,0.0
Case32,Analyze Quotation Comparison Map,res_1ee7f6ed-53f5-4a4b-915f-6dbb784cb36d,Role 1,2011-07-06 15:38:26.304660689,55,0,res_1ee7f6ed-53f5-4a4b-915f-6dbb784cb36d,2011-07-06 15:38:26.304660689,0.07142857142857142
Case14,Approve Purchase Order for payment,res_797de6b1-c4c4-49c7-8aa3-243d7c8fa115,Role 4,2011-07-06 16:50:09.247655937,55,0,res_797de6b1-c4c4-49c7-8aa3-243d7c8fa115,2011-07-06 16:50:09.247655937,0.0
Case10,Release Supplier's Invoice,res_3dcffc60-1cf8-4166-8b75-95dd77678419,Role 5,2011-07-06 18:21:37.737841614,55,0,res_3dcffc60-1cf8-4166-8b75-95dd77678419,2011-07-06 18:21:37.737841614,0.0
Case10,Authorize Supplier's Invoice payment,res_3dcffc60-1cf8-4166-8b75-95dd77678419,Role 5,2011-07-06 18:30:40.254352614,55,0,res_3dcffc60-1cf8-4166-8b75-95dd77678419,2011-07-06 18:21:37.828362614,0.0
Case31,Analyze Quotation Comparison Map,res_c664fa83-aac9-4455-b8cf-fbcb9a8f2997,Role 1,2011-07-06 18:37:19.870262968,55,0,res_c664fa83-aac9-4455-b8cf-fbcb9a8f2997,2011-07-06 18:37:19.870262968,0.14285714285714285
Case17,Send Invoice,res_1ba37c0c-fbd8-4ebc-a687-57c232d851f1,Role 2,2011-07-06 18:51:00.411144758,55,0,res_1ba37c0c-fbd8-4ebc-a687-57c232d851f1,2011-07-06 18:46:28.408800758,0.2
Case10,Pay Invoice,res_3dcffc60-1cf8-4166-8b75-95dd77678419,Role 5,2011-07-06 18:59:05.376722614,55,0,res_3dcffc60-1cf8-4166-8b75-95dd77678419,2011-07-06 18:59:05.376722614,0.0
Case37,Analyze Purchase Requisition,res_d305e955-1ef6-43af-a659-857d0e5c5c06,Role 3,2011-07-06 20:19:11.027657243,54,0,res_d305e955-1ef6-43af-a659-857d0e5c5c06,2011-07-06 20:16:51.688072243,0.0
Case37,Create Request for Quotation,res_d305e955-1ef6-43af-a659-857d0e5c5c06,Role 3,2011-07-06 20:48:00.675357243,54,0,res_d305e955-1ef6-43af-a659-857d0e5c5c06,2011-07-06 20:24:25.403057243,0.0
Case35,Analyze Request for Quotation,res_a73236a5-1060-49de-a81b-c97f7a3f3deb,Role 4,2011-07-06 20:48:11.861732328,54,0,res_a73236a5-1060-49de-a81b-c97f7a3f3deb,2011-07-06 20:30:21.339324328,0.0
Case39,Analyze Purchase Requisition,res_750e5923-e5fa-404f-8cd0-ba9ac589cbf0,Role 3,2011-07-06 21:28:31.177325715,54,0,res_750e5923-e5fa-404f-8cd0-ba9ac589cbf0,2011-07-06 21:26:11.501403715,0.0
Case39,Create Request for Quotation,res_e7076424-2dd7-4a08-b0de-97117a6f70ea,Role 3,2011-07-06 21:57:39.236776715,54,0,res_e7076424-2dd7-4a08-b0de-97117a6f70ea,2011-07-06 21:33:54.035556715,0.0
Case16,Create Purchase Order,res_a73236a5-1060-49de-a81b-c97f7a3f3deb,Role 4,2011-07-06 22:46:42.856487475,54,0,res_a73236a5-1060-49de-a81b-c97f7a3f3deb,2011-07-06 22:25:35.470895475,0.0
Case24,Choose best option,res_ea2e6e79-af77-46c7-8846-86f343c41797,Role 1,2011-07-06 22:59:44.210076420,55,0,res_ea2e6e79-af77-46c7-8846-86f343c41797,2011-07-06 15:21:44.251547420,0.0
Case32,Choose best option,res_b3fdc896-3712-49b3-a6eb-902848191856,Role 1,2011-07-06 23:03:01.814167689,55,1,res_b3fdc896-3712-49b3-a6eb-902848191856,2011-07-06 15:38:26.351611689,0.07142857142857142
Case31,Choose best option,res_ea2e6e79-af77-46c7-8846-86f343c41797,Role 1,2011-07-07 01:46:23.499891968,55,2,res_ea2e6e79-af77-46c7-8846-86f343c41797,2011-07-06 18:37:19.926121968,0.14285714285714285
Case18,Deliver Goods Services,res_32e7a9ee-ab70-476e-9532-94401c2126b1,Role 2,2011-07-07 02:06:51.787567750,54,2,res_32e7a9ee-ab70-476e-9532-94401c2126b1,2011-07-07 02:05:51.584561750,0.2
Case30,Settle Conditions With Supplier,res_a73236a5-1060-49de-a81b-c97f7a3f3deb,Role 4,2011-07-07 04:06:13.622570528,54,1,res_a73236a5-1060-49de-a81b-c97f7a3f3deb,2011-07-07 03:56:06.499944528,0.0
Case40,Create Purchase Requisition,res_8379a331-4e8d-4601-bc47-dbea4b499710,Role 1,2011-07-07 05:06:58.941679582,55,0,res_8379a331-4e8d-4601-bc47-dbea4b499710,2011-07-07 04:59:24.854012582,0.0
Case17,Release Supplier's Invoice,res_3dcffc60-1cf8-4166-8b75-95dd77678419,Role 5,2011-07-07 08:08:40.777930758,55,0,res_3dcffc60-1cf8-4166-8b75-95dd77678419,2011-07-07 08:08:40.777930758,0.0
Case17,Authorize Supplier's Invoice payment,res_3dcffc60-1cf8-4166-8b75-95dd77678419,Role 5,2011-07-07 08:17:15.215821758,55,0,res_3dcffc60-1cf8-4166-8b75-95dd77678419,2011-07-07 08:08:40.842443758,0.0
Case17,Pay Invoice,res_90e81362-915a-419b-aef1-411e9c3655c8,Role 5,2011-07-07 08:47:26.378789758,55,0,res_90e81362-915a-419b-aef1-411e9c3655c8,2011-07-07 08:47:26.378789758,0.0
Case18,Release Purchase Order,res_e4ac65d6-1347-4f1d-9e8d-4199a14d0833,Role 1,2011-07-07 08:55:17.884340750,54,0,res_e4ac65d6-1347-4f1d-9e8d-4199a14d0833,2011-07-07 08:54:19.455607750,0.0
Case33,Send Request for Quotation to Supplier,res_d87b7ca4-82e8-429d-a51e-3fa262959b2e,Role 4,2011-07-07 09:12:00.168647284,55,0,res_d87b7ca4-82e8-429d-a51e-3fa262959b2e,2011-07-07 06:09:52.437702284,0.0
Case24,Settle Conditions With Supplier,res_797de6b1-c4c4-49c7-8aa3-243d7c8fa115,Role 4,2011-07-07 09:14:38.802850420,54,1,res_797de6b1-c4c4-49c7-8aa3-243d7c8fa115,2011-07-07 09:04:27.106435420,0.3333333333333333
Case32,Settle Conditions With Supplier,res_a73236a5-1060-49de-a81b-c97f7a3f3deb,Role 4,2011-07-07 09:33:48.800574689,54,1,res_a73236a5-1060-49de-a81b-c97f7a3f3deb,2011-07-07 09:23:39.575771689,0.0
Case40,Create Request for Quotation,res_d305e955-1ef6-43af-a659-857d0e5c5c06,Role 3,2011-07-07 10:02:51.663060582,54,0,res_d305e955-1ef6-43af-a659-857d0e5c5c06,2011-07-07 09:42:35.958398582,0.0
Case41,Create Purchase Requisition,res_b3fdc896-3712-49b3-a6eb-902848191856,Role 1,2011-07-07 10:04:16.178712431,55,0,res_b3fdc896-3712-49b3-a6eb-902848191856,2011-07-07 09:56:25.420776431,0.0
Case22,Confirm Purchase Order,res_32e7a9ee-ab70-476e-9532-94401c2126b1,Role 2,2011-07-07 11:30:52.216083037,55,1,res_32e7a9ee-ab70-476e-9532-94401c2126b1,2011-07-06 10:17:31.944748037,0.2
Case31,Settle Conditions With Supplier,res_a73236a5-1060-49de-a81b-c97f7a3f3deb,Role 4,2011-07-07 11:53:08.057864968,55,1,res_a73236a5-1060-49de-a81b-c97f7a3f3deb,2011-07-07 11:43:17.296830968,0.0
Case41,Create Request for Quotation,res_d305e955-1ef6-43af-a659-857d0e5c5c06,Role 3,2011-07-07 15:45:18.891132431,55,0,res_d305e955-1ef6-43af-a659-857d0e5c5c06,2011-07-07 15:25:52.002840431,0.0
Case20,Send Request for Quotation to Supplier,res_a73236a5-1060-49de-a81b-c97f7a3f3deb,Role 4,2011-07-07 15:58:33.551278547,55,0,res_a73236a5-1060-49de-a81b-c97f7a3f3deb,2011-07-07 12:23:44.654781547,0.0
Case42,Create Purchase Requisition,res_4d3152b3-7159-48aa-af58-192f168ff55c,Role 1,2011-07-07 16:01:25.300478251,56,0,res_4d3152b3-7159-48aa-af58-192f168ff55c,2011-07-07 15:53:52.428786251,0.0
Case33,Create Quotation comparison Map,res_d87b7ca4-82e8-429d-a51e-3fa262959b2e,Role 4,2011-07-07 16:20:02.761853284,56,0,res_d87b7ca4-82e8-429d-a51e-3fa262959b2e,2011-07-07 16:03:48.349621284,0.0
Case14,Send Invoice,res_32e7a9ee-ab70-476e-9532-94401c2126b1,Role 2,2011-07-07 17:05:44.392466937,56,0,res_32e7a9ee-ab70-476e-9532-94401c2126b1,2011-07-07 17:01:33.210987937,0.2
Case30,Create Purchase Order,res_d87b7ca4-82e8-429d-a51e-3fa262959b2e,Role 4,2011-07-07 17:26:50.335398528,56,0,res_d87b7ca4-82e8-429d-a51e-3fa262959b2e,2011-07-07 17:10:55.134108528,0.0
Case19,Deliver Goods Services,res_ebf4417c-e466-4e63-b2ef-9810ab2f3fab,Role 2,2011-07-07 19:44:17.389455360,56,2,res_ebf4417c-e466-4e63-b2ef-9810ab2f3fab,2011-07-07 19:43:17.262601360,0.2
Case43,Create Purchase Requisition,res_1f8b28e3-44a0-42b4-be1d-b215ef1dce2e,Role 1,2011-07-07 20:17:05.290806311,57,0,res_1f8b28e3-44a0-42b4-be1d-b215ef1dce2e,2011-07-07 20:09:52.947675311,0.0
Case36,Analyze Request for Quotation,res_d87b7ca4-82e8-429d-a51e-3fa262959b2e,Role 4,2011-07-07 21:22:29.668854743,57,0,res_d87b7ca4-82e8-429d-a51e-3fa262959b2e,2011-07-07 21:05:25.418071743,0.0
Case18,Approve Purchase Order for payment,res_a73236a5-1060-49de-a81b-c97f7a3f3deb,Role 4,2011-07-07 22:15:02.665596750,57,0,res_a73236a5-1060-49de-a81b-c97f7a3f3deb,2011-07-07 22:15:02.655921750,0.3333333333333333
Case24,Create Purchase Order,res_a73236a5-1060-49de-a81b-c97f7a3f3deb,Role 4,2011-07-07 22:35:49.877208420,57,0,res_a73236a5-1060-49de-a81b-c97f7a3f3deb,2011-07-07 22:14:28.153309420,0.0
Case33,Analyze Quotation Comparison Map,res_1ee7f6ed-53f5-4a4b-915f-6dbb784cb36d,Role 1,2011-07-07 22:49:47.311659284,58,0,res_1ee7f6ed-53f5-4a4b-915f-6dbb784cb36d,2011-07-07 22:49:47.311659284,0.07142857142857142
Case44,Create Purchase Requisition,res_c664fa83-aac9-4455-b8cf-fbcb9a8f2997,Role 1,2011-07-07 22:53:40.358466389,58,0,res_c664fa83-aac9-4455-b8cf-fbcb9a8f2997,2011-07-07 22:46:30.230351389,0.0
Case20,Create Quotation comparison Map,res_d87b7ca4-82e8-429d-a51e-3fa262959b2e,Role 4,2011-07-07 23:57:23.363499547,58,0,res_d87b7ca4-82e8-429d-a51e-3fa262959b2e,2011-07-07 23:39:11.761390547,0.0
Case32,Create Purchase Order,res_d87b7ca4-82e8-429d-a51e-3fa262959b2e,Role 4,2011-07-08 00:40:18.286454689,58,0,res_d87b7ca4-82e8-429d-a51e-3fa262959b2e,2011-07-08 00:17:52.490190689,0.0
Case31,Create Purchase Order,res_d87b7ca4-82e8-429d-a51e-3fa262959b2e,Role 4,2011-07-08 01:34:06.142163968,58,0,res_d87b7ca4-82e8-429d-a51e-3fa262959b2e,2011-07-08 01:13:15.304241968,0.0
Case45,Create Purchase Requisition,res_c664fa83-aac9-4455-b8cf-fbcb9a8f2997,Role 1,2011-07-08 02:02:36.317731026,59,0,res_c664fa83-aac9-4455-b8cf-fbcb9a8f2997,2011-07-08 01:55:16.471137026,0.07142857142857142
Case19,Release Purchase Order,res_ea2e6e79-af77-46c7-8846-86f343c41797,Role 1,2011-07-08 02:32:43.600349360,59,0,res_ea2e6e79-af77-46c7-8846-86f343c41797,2011-07-08 02:31:45.477188360,0.07142857142857142
Case46,Create Purchase Requisition,res_ea2e6e79-af77-46c7-8846-86f343c41797,Role 1,2011-07-08 03:02:11.478219154,60,0,res_ea2e6e79-af77-46c7-8846-86f343c41797,2011-07-08 02:54:47.799294154,0.07142857142857142
Case14,Release Supplier's Invoice,res_90e81362-915a-419b-aef1-411e9c3655c8,Role 5,2011-07-08 06:12:51.519393937,60,0,res_90e81362-915a-419b-aef1-411e9c3655c8,2011-07-08 06:12:51.519393937,0.0
Case14,Authorize Supplier's Invoice payment,res_3dcffc60-1cf8-4166-8b75-95dd77678419,Role 5,2011-07-08 06:21:58.249097937,60,0,res_3dcffc60-1cf8-4166-8b75-95dd77678419,2011-07-08 06:12:51.580551937,0.0
Case33,Choose best option,res_c664fa83-aac9-4455-b8cf-fbcb9a8f2997,Role 1,2011-07-08 06:28:20.574500284,58,0,res_c664fa83-aac9-4455-b8cf-fbcb9a8f2997,2011-07-07 22:49:47.338033284,0.07142857142857142
Case20,Analyze Quotation Comparison Map,res_bf67f70d-b145-4e3a-93f5-1ca3a08da4e2,Role 1,2011-07-08 06:44:59.916575547,60,0,res_bf67f70d-b145-4e3a-93f5-1ca3a08da4e2,2011-07-08 06:44:59.916575547,0.0
Case45,Create Request for Quotation,res_d305e955-1ef6-43af-a659-857d0e5c5c06,Role 3,2011-07-08 06:52:34.494197026,60,0,res_d305e955-1ef6-43af-a659-857d0e5c5c06,2011-07-08 06:32:58.750768026,0.0
Case14,Pay Invoice,res_3dcffc60-1cf8-4166-8b75-95dd77678419,Role 5,2011-07-08 06:52:49.035788937,60,0,res_3dcffc60-1cf8-4166-8b75-95dd77678419,2011-07-08 06:52:49.035788937,0.0
Case42,Analyze Purchase Requisition,res_750e5923-e5fa-404f-8cd0-ba9ac589cbf0,Role 3,2011-07-08 08:52:13.533233251,59,0,res_750e5923-e5fa-404f-8cd0-ba9ac589cbf0,2011-07-08 08:49:59.836399251,0.0
Case42,Create Request for Quotation,res_e7076424-2dd7-4a08-b0de-97117a6f70ea,Role 3,2011-07-08 09:23:55.563344251,59,0,res_e7076424-2dd7-4a08-b0de-97117a6f70ea,2011-07-08 08:57:16.519741251,0.0
Case35,Send Request for Quotation to Supplier,res_797de6b1-c4c4-49c7-8aa3-243d7c8fa115,Role 4,2011-07-08 09:32:36.833250328,60,0,res_797de6b1-c4c4-49c7-8aa3-243d7c8fa115,2011-07-08 06:10:25.824378328,0.0
Case16,Confirm Purchase Order,res_50846b29-5953-48db-9ac9-c9c6c5225e03,Role 2,2011-07-08 10:55:19.174283475,55,1,res_50846b29-5953-48db-9ac9-c9c6c5225e03,2011-07-07 10:47:57.961364475,0.2
Case20,Choose best option,res_1ee7f6ed-53f5-4a4b-915f-6dbb784cb36d,Role 1,2011-07-08 13:11:42.570034547,60,0,res_1ee7f6ed-53f5-4a4b-915f-6dbb784cb36d,2011-07-08 06:44:59.941635547,0.0
Case33,Settle Conditions With Supplier,res_a73236a5-1060-49de-a81b-c97f7a3f3deb,Role 4,2011-07-08 13:38:25.509344284,59,1,res_a73236a5-1060-49de-a81b-c97f7a3f3deb,2011-07-08 13:28:31.555965284,0.0
Case43,Analyze Purchase Requisition,res_d305e955-1ef6-43af-a659-857d0e5c5c06,Role 3,2011-07-08 14:14:57.411705311,59,0,res_d305e955-1ef6-43af-a659-857d0e5c5c06,2011-07-08 14:12:41.420709311,0.0
Case43,Create Request for Quotation,res_750e5923-e5fa-404f-8cd0-ba9ac589cbf0,Role 3,2011-07-08 14:45:59.190331311,59,0,res_750e5923-e5fa-404f-8cd0-ba9ac589cbf0,2011-07-08 14:20:23.255419311,0.0
Case19,Approve Purchase Order for payment,res_d87b7ca4-82e8-429d-a51e-3fa262959b2e,Role 4,2011-07-08 15:25:25.513176360,59,0,res_d87b7ca4-82e8-429d-a51e-3fa262959b2e,2011-07-08 15:25:25.510386360,0.0
Case44,Analyze Purchase Requisition,res_750e5923-e5fa-404f-8cd0-ba9ac589cbf0,Role 3,2011-07-08 16:46:31.074815389,59,0,res_750e5923-e5fa-404f-8cd0-ba9ac589cbf0,2011-07-08 16:44:14.445706389,0.0
Case44,Create Request for Quotation,res_750e5923-e5fa-404f-8cd0-ba9ac589cbf0,Role 3,2011-07-08 17:17:11.751430389,59,0,res_750e5923-e5fa-404f-8cd0-ba9ac589cbf0,2011-07-08 16:52:08.455014389,0.0
Case35,Create Quotation comparison Map,res_a73236a5-1060-49de-a81b-c97f7a3f3deb,Role 4,2011-07-08 18:20:34.168554328,59,0,res_a73236a5-1060-49de-a81b-c97f7a3f3deb,2011-07-08 18:02:32.947103328,0.0
Case46,Analyze Purchase Requisition,res_d305e955-1ef6-43af-a659-857d0e5c5c06,Role 3,2011-07-08 21:00:13.825246154,59,0,res_d305e955-1ef6-43af-a659-857d0e5c5c06,2011-07-08 20:57:50.931767154,0.0
Case46,Create Request for Quotation,res_750e5923-e5fa-404f-8cd0-ba9ac589cbf0,Role 3,2011-07-08 21:30:39.199623154,59,0,res_750e5923-e5fa-404f-8cd0-ba9ac589cbf0,2011-07-08 21:05:45.205025154,0.0
Case20,Settle Conditions With Supplier,res_a73236a5-1060-49de-a81b-c97f7a3f3deb,Role 4,2011-07-08 22:05:53.211177547,59,1,res_a73236a5-1060-49de-a81b-c97f7a3f3deb,2011-07-08 21:55:55.295045547,0.0
Case33,Create Purchase Order,res_a73236a5-1060-49de-a81b-c97f7a3f3deb,Role 4,2011-07-08 22:46:21.435660284,59,0,res_a73236a5-1060-49de-a81b-c97f7a3f3deb,2011-07-08 22:22:41.804155284,0.0
Case35,Analyze Quotation Comparison Map,res_6d2b908c-c05f-4e8b-b809-1aaa84ed5b50,Role 1,2011-07-09 00:39:52.924745328,59,0,res_6d2b908c-c05f-4e8b-b809-1aaa84ed5b50,2011-07-09 00:39:52.924745328,0.0
Case37,Analyze Request for Quotation,res_797de6b1-c4c4-49c7-8aa3-243d7c8fa115,Role 4,2011-07-09 01:41:24.393833243,59,0,res_797de6b1-c4c4-49c7-8aa3-243d7c8fa115,2011-07-09 01:24:06.193725243,0.0
Case22,Deliver Goods Services,res_ebf4417c-e466-4e63-b2ef-9810ab2f3fab,Role 2,2011-07-09 01:49:53.741761037,59,2,res_ebf4417c-e466-4e63-b2ef-9810ab2f3fab,2011-07-09 01:48:53.693729037,0.4
Case18,Send Invoice,res_50846b29-5953-48db-9ac9-c9c6c5225e03,Role 2,2011-07-09 04:45:41.315018750,59,0,res_50846b29-5953-48db-9ac9-c9c6c5225e03,2011-07-09 04:41:29.191915750,0.8
Case47,Create Purchase Requisition,res_bf67f70d-b145-4e3a-93f5-1ca3a08da4e2,Role 1,2011-07-09 07:34:50.321056505,60,0,res_bf67f70d-b145-4e3a-93f5-1ca3a08da4e2,2011-07-09 07:27:11.623630505,0.07142857142857142
Case30,Confirm Purchase Order,res_1ba37c0c-fbd8-4ebc-a687-57c232d851f1,Role 2,2011-07-09 07:50:48.148985528,60,1,res_1ba37c0c-fbd8-4ebc-a687-57c232d851f1,2011-07-08 06:42:54.444297528,0.2
Case20,Create Purchase Order,res_797de6b1-c4c4-49c7-8aa3-243d7c8fa115,Role 4,2011-07-09 07:55:36.347429547,60,0,res_797de6b1-c4c4-49c7-8aa3-243d7c8fa115,2011-07-09 07:38:35.140272547,0.0
Case22,Release Purchase Order,res_1ee7f6ed-53f5-4a4b-915f-6dbb784cb36d,Role 1,2011-07-09 08:39:26.777019037,60,0,res_1ee7f6ed-53f5-4a4b-915f-6dbb784cb36d,2011-07-09 08:38:28.535474037,0.07142857142857142
Case35,Choose best option,res_204ff2af-f6ac-4bc9-bde1-9c7913fa4ce1,Role 1,2011-07-09 09:19:35.332042328,59,0,res_204ff2af-f6ac-4bc9-bde1-9c7913fa4ce1,2011-07-09 00:39:52.937958328,0.0
Case39,Analyze Request for Quotation,res_797de6b1-c4c4-49c7-8aa3-243d7c8fa115,Role 4,2011-07-09 09:56:01.484056715,60,0,res_797de6b1-c4c4-49c7-8aa3-243d7c8fa115,2011-07-09 09:40:08.512050715,0.3333333333333333
Case36,Send Request for Quotation to Supplier,res_797de6b1-c4c4-49c7-8aa3-243d7c8fa115,Role 4,2011-07-09 10:40:43.900625743,60,0,res_797de6b1-c4c4-49c7-8aa3-243d7c8fa115,2011-07-09 07:45:28.676729743,0.3333333333333333
Case47,Create Request for Quotation,res_d305e955-1ef6-43af-a659-857d0e5c5c06,Role 3,2011-07-09 12:08:23.025893505,59,0,res_d305e955-1ef6-43af-a659-857d0e5c5c06,2011-07-09 11:46:29.477228505,0.0
Case48,Create Purchase Requisition,res_c664fa83-aac9-4455-b8cf-fbcb9a8f2997,Role 1,2011-07-09 12:10:47.236018607,60,0,res_c664fa83-aac9-4455-b8cf-fbcb9a8f2997,2011-07-09 12:03:02.585238607,0.0
Case49,Create Purchase Requisition,res_b3fdc896-3712-49b3-a6eb-902848191856,Role 1,2011-07-09 12:43:08.535370418,61,0,res_b3fdc896-3712-49b3-a6eb-902848191856,2011-07-09 12:35:25.572134418,0.0
Case23,Analyze Request for Quotation,res_797de6b1-c4c4-49c7-8aa3-243d7c8fa115,Role 4,2011-07-09 13:10:59.327498438,61,0,res_797de6b1-c4c4-49c7-8aa3-243d7c8fa115,2011-07-09 12:53:47.569535438,0.0
Case35,Settle Conditions With Supplier,res_797de6b1-c4c4-49c7-8aa3-243d7c8fa115,Role 4,2011-07-09 15:12:47.717912328,60,1,res_797de6b1-c4c4-49c7-8aa3-243d7c8fa115,2011-07-09 15:02:57.416361328,0.0
Case48,Create Request for Quotation,res_750e5923-e5fa-404f-8cd0-ba9ac589cbf0,Role 3,2011-07-09 17:42:57.732256607,60,0,res_750e5923-e5fa-404f-8cd0-ba9ac589cbf0,2011-07-09 17:22:43.080727607,0.0
Case18,Release Supplier's Invoice,res_90e81362-915a-419b-aef1-411e9c3655c8,Role 5,2011-07-09 17:44:38.307677750,60,0,res_90e81362-915a-419b-aef1-411e9c3655c8,2011-07-09 17:44:38.307677750,0.0
Case36,Create Quotation comparison Map,res_d87b7ca4-82e8-429d-a51e-3fa262959b2e,Role 4,2011-07-09 17:50:43.399009743,60,0,res_d87b7ca4-82e8-429d-a51e-3fa262959b2e,2011-07-09 17:34:34.424083743,0.0
Case18,Authorize Supplier's Invoice payment,res_3dcffc60-1cf8-4166-8b75-95dd77678419,Role 5,2011-07-09 17:53:30.739611750,60,0,res_3dcffc60-1cf8-4166-8b75-95dd77678419,2011-07-09 17:44:38.381327750,0.0
Case18,Pay Invoice,res_90e81362-915a-419b-aef1-411e9c3655c8,Role 5,2011-07-09 18:21:22.817113750,60,0,res_90e81362-915a-419b-aef1-411e9c3655c8,2011-07-09 18:21:22.817113750,0.0
Case50,Create Purchase Requisition,res_bf67f70d-b145-4e3a-93f5-1ca3a08da4e2,Role 1,2011-07-09 19:58:19.284843956,60,0,res_bf67f70d-b145-4e3a-93f5-1ca3a08da4e2,2011-07-09 19:51:09.217369956,0.0
Case22,Approve Purchase Order for payment,res_d87b7ca4-82e8-429d-a51e-3fa262959b2e,Role 4,2011-07-09 20:58:30.166957037,60,0,res_d87b7ca4-82e8-429d-a51e-3fa262959b2e,2011-07-09 20:58:30.161591037,0.0
Case16,Deliver Goods Services,res_32e7a9ee-ab70-476e-9532-94401c2126b1,Role 2,2011-07-09 21:47:24.019745475,60,2,res_32e7a9ee-ab70-476e-9532-94401c2126b1,2011-07-09 21:46:23.919701475,0.6
Case24,Confirm Purchase Order,res_f824661e-8353-4357-8816-ac40cd4e6ae2,Role 2,2011-07-09 22:12:01.694507420,59,1,res_f824661e-8353-4357-8816-ac40cd4e6ae2,2011-07-09 00:44:12.540275420,0.2
Case35,Create Purchase Order,res_a73236a5-1060-49de-a81b-c97f7a3f3deb,Role 4,2011-07-09 22:21:06.147122328,60,0,res_a73236a5-1060-49de-a81b-c97f7a3f3deb,2011-07-09 21:57:32.184359328,0.0
Case31,Confirm Purchase Order,res_f824661e-8353-4357-8816-ac40cd4e6ae2,Role 2,2011-07-09 23:56:07.979086968,59,3,res_f824661e-8353-4357-8816-ac40cd4e6ae2,2011-07-09 03:22:36.187430968,0.6
Case36,Analyze Quotation Comparison Map,res_d6a5315a-cebc-4bf4-8c1e-0b864f8862f1,Role 1,2011-07-10 00:08:11.338619743,60,0,res_d6a5315a-cebc-4bf4-8c1e-0b864f8862f1,2011-07-10 00:08:11.337654743,0.0
Case32,Confirm Purchase Order,res_32e7a9ee-ab70-476e-9532-94401c2126b1,Role 2,2011-07-10 01:13:31.494694689,59,2,res_32e7a9ee-ab70-476e-9532-94401c2126b1,2011-07-09 02:19:34.688540689,0.4
Case38,Analyze Request for Quotation,res_a73236a5-1060-49de-a81b-c97f7a3f3deb,Role 4,2011-07-10 02:49:44.520417635,60,0,res_a73236a5-1060-49de-a81b-c97f7a3f3deb,2011-07-10 02:33:44.398640635,0.0
Case49,Analyze Purchase Requisition,res_d305e955-1ef6-43af-a659-857d0e5c5c06,Role 3,2011-07-10 03:38:33.626390418,60,0,res_d305e955-1ef6-43af-a659-857d0e5c5c06,2011-07-10 03:36:05.754010418,0.0
Case49,Create Request for Quotation,res_e7076424-2dd7-4a08-b0de-97117a6f70ea,Role 3,2011-07-10 04:07:55.485322418,60,0,res_e7076424-2dd7-4a08-b0de-97117a6f70ea,2011-07-10 03:43:19.274971418,0.0
Case16,Release Purchase Order,res_204ff2af-f6ac-4bc9-bde1-9c7913fa4ce1,Role 1,2011-07-10 04:44:25.700466475,60,0,res_204ff2af-f6ac-4bc9-bde1-9c7913fa4ce1,2011-07-10 04:43:27.512597475,0.07142857142857142
Case19,Send Invoice,res_f824661e-8353-4357-8816-ac40cd4e6ae2,Role 2,2011-07-10 06:07:02.761998360,60,0,res_f824661e-8353-4357-8816-ac40cd4e6ae2,2011-07-10 06:03:07.979402360,0.4
Case36,Choose best option,res_e89e96e3-87e7-41ff-bc99-a6270900f410,Role 1,2011-07-10 07:25:56.795486743,60,0,res_e89e96e3-87e7-41ff-bc99-a6270900f410,2011-07-10 00:08:11.356341743,0.0
Case51,Create Purchase Requisition,res_6d2b908c-c05f-4e8b-b809-1aaa84ed5b50,Role 1,2011-07-10 07:33:40.607210911,61,0,res_6d2b908c-c05f-4e8b-b809-1aaa84ed5b50,2011-07-10 07:26:08.782445911,0.0
Case41,Analyze Request for Quotation,res_797de6b1-c4c4-49c7-8aa3-243d7c8fa115,Role 4,2011-07-10 10:18:01.335366431,61,0,res_797de6b1-c4c4-49c7-8aa3-243d7c8fa115,2011-07-10 10:01:17.792646431,0.0
Case52,Create Purchase Requisition,res_bf67f70d-b145-4e3a-93f5-1ca3a08da4e2,Role 1,2011-07-10 11:59:30.430910044,62,0,res_bf67f70d-b145-4e3a-93f5-1ca3a08da4e2,2011-07-10 11:51:55.504189044,0.0
Case50,Analyze Purchase Requisition,res_750e5923-e5fa-404f-8cd0-ba9ac589cbf0,Role 3,2011-07-10 13:08:18.220061956,62,0,res_750e5923-e5fa-404f-8cd0-ba9ac589cbf0,2011-07-10 13:05:49.207174956,0.0
Case36,Settle Conditions With Supplier,res_a73236a5-1060-49de-a81b-c97f7a3f3deb,Role 4,2011-07-10 13:27:32.012508743,62,1,res_a73236a5-1060-49de-a81b-c97f7a3f3deb,2011-07-10 13:17:34.931702743,0.0
Case50,Create Request for Quotation,res_e7076424-2dd7-4a08-b0de-97117a6f70ea,Role 3,2011-07-10 13:36:52.528191956,62,0,res_e7076424-2dd7-4a08-b0de-97117a6f70ea,2011-07-10 13:13:15.470542956,0.0
Case53,Create Purchase Requisition,res_e89e96e3-87e7-41ff-bc99-a6270900f410,Role 1,2011-07-10 14:34:24.712153327,63,0,res_e89e96e3-87e7-41ff-bc99-a6270900f410,2011-07-10 14:27:00.597698327,0.0
Case30,Deliver Goods Services,res_f824661e-8353-4357-8816-ac40cd4e6ae2,Role 2,2011-07-10 15:29:36.916011528,63,2,res_f824661e-8353-4357-8816-ac40cd4e6ae2,2011-07-10 15:28:36.606362528,0.4
Case16,Approve Purchase Order for payment,res_a73236a5-1060-49de-a81b-c97f7a3f3deb,Role 4,2011-07-10 15:36:19.606032475,63,0,res_a73236a5-1060-49de-a81b-c97f7a3f3deb,2011-07-10 15:36:19.602687475,0.0
Case52,Create Request for Quotation,res_e7076424-2dd7-4a08-b0de-97117a6f70ea,Role 3,2011-07-10 17:21:11.616957044,63,0,res_e7076424-2dd7-4a08-b0de-97117a6f70ea,2011-07-10 16:59:26.378071044,0.0
Case42,Analyze Request for Quotation,res_d87b7ca4-82e8-429d-a51e-3fa262959b2e,Role 4,2011-07-10 17:39:09.696050251,63,0,res_d87b7ca4-82e8-429d-a51e-3fa262959b2e,2011-07-10 17:22:23.056120251,0.0
Case54,Create Purchase Requisition,res_4d3152b3-7159-48aa-af58-192f168ff55c,Role 1,2011-07-10 17:42:50.570078483,64,0,res_4d3152b3-7159-48aa-af58-192f168ff55c,2011-07-10 17:35:43.832315483,0.0
Case19,Release Supplier's Invoice,res_90e81362-915a-419b-aef1-411e9c3655c8,Role 5,2011-07-10 19:04:27.802350360,64,0,res_90e81362-915a-419b-aef1-411e9c3655c8,2011-07-10 19:04:27.802350360,0.0
Case19,Authorize Supplier's Invoice payment,res_90e81362-915a-419b-aef1-411e9c3655c8,Role 5,2011-07-10 19:13:02.528281360,64,0,res_90e81362-915a-419b-aef1-411e9c3655c8,2011-07-10 19:04:27.862133360,0.0
Case19,Pay Invoice,res_3dcffc60-1cf8-4166-8b75-95dd77678419,Role 5,2011-07-10 19:40:33.736131360,64,0,res_3dcffc60-1cf8-4166-8b75-95dd77678419,2011-07-10 19:40:33.736131360,0.0
Case36,Create Purchase Order,res_797de6b1-c4c4-49c7-8aa3-243d7c8fa115,Role 4,2011-07-10 19:49:04.391526743,64,0,res_797de6b1-c4c4-49c7-8aa3-243d7c8fa115,2011-07-10 19:28:05.649974743,0.0
Case55,Create Purchase Requisition,res_b3fdc896-3712-49b3-a6eb-902848191856,Role 1,2011-07-10 21:30:43.314261346,64,0,res_b3fdc896-3712-49b3-a6eb-902848191856,2011-07-10 21:23:46.909191346,0.0
Case33,Confirm Purchase Order,res_1ba37c0c-fbd8-4ebc-a687-57c232d851f1,Role 2,2011-07-10 22:33:04.260956284,60,2,res_1ba37c0c-fbd8-4ebc-a687-57c232d851f1,2011-07-09 22:35:04.643232284,0.4
Case30,Release Purchase Order,res_6d2b908c-c05f-4e8b-b809-1aaa84ed5b50,Role 1,2011-07-10 22:36:34.076022528,64,0,res_6d2b908c-c05f-4e8b-b809-1aaa84ed5b50,2011-07-10 22:35:35.690885528,0.0
Case51,Analyze Purchase Requisition,res_d305e955-1ef6-43af-a659-857d0e5c5c06,Role 3,2011-07-10 22:49:04.780149911,64,0,res_d305e955-1ef6-43af-a659-857d0e5c5c06,2011-07-10 22:46:33.020565911,0.0
Case51,Create Request for Quotation,res_e7076424-2dd7-4a08-b0de-97117a6f70ea,Role 3,2011-07-10 23:17:05.048008911,64,0,res_e7076424-2dd7-4a08-b0de-97117a6f70ea,2011-07-10 22:54:02.286730911,0.0
Case37,Send Request for Quotation to Supplier,res_d87b7ca4-82e8-429d-a51e-3fa262959b2e,Role 4,2011-07-10 23:19:46.700422243,63,0,res_d87b7ca4-82e8-429d-a51e-3fa262959b2e,2011-07-10 19:52:59.792465243,0.0
Case54,Create Request for Quotation,res_d305e955-1ef6-43af-a659-857d0e5c5c06,Role 3,2011-07-10 23:21:24.504721483,64,1,res_d305e955-1ef6-43af-a659-857d0e5c5c06,2011-07-10 23:04:55.584836483,0.3333333333333333
Case45,Analyze Request for Quotation,res_a73236a5-1060-49de-a81b-c97f7a3f3deb,Role 4,2011-07-11 02:31:18.655605026,64,0,res_a73236a5-1060-49de-a81b-c97f7a3f3deb,2011-07-11 02:16:04.525246026,0.0
Case37,Create Quotation comparison Map,res_797de6b1-c4c4-49c7-8aa3-243d7c8fa115,Role 4,2011-07-11 03:46:31.804267243,64,0,res_797de6b1-c4c4-49c7-8aa3-243d7c8fa115,2011-07-11 03:29:07.556534243,0.0
Case20,Confirm Purchase Order,res_50846b29-5953-48db-9ac9-c9c6c5225e03,Role 2,2011-07-11 04:34:50.880998547,60,1,res_50846b29-5953-48db-9ac9-c9c6c5225e03,2011-07-10 05:37:29.412286547,0.2
Case53,Analyze Purchase Requisition,res_750e5923-e5fa-404f-8cd0-ba9ac589cbf0,Role 3,2011-07-11 05:33:23.088174327,64,0,res_750e5923-e5fa-404f-8cd0-ba9ac589cbf0,2011-07-11 05:30:58.709347327,0.0
Case53,Create Request for Quotation,res_d305e955-1ef6-43af-a659-857d0e5c5c06,Role 3,2011-07-11 06:01:50.632099327,64,0,res_d305e955-1ef6-43af-a659-857d0e5c5c06,2011-07-11 05:38:00.501424327,0.0
Case56,Create Purchase Requisition,res_8379a331-4e8d-4601-bc47-dbea4b499710,Role 1,2011-07-11 06:36:20.357178155,65,0,res_8379a331-4e8d-4601-bc47-dbea4b499710,2011-07-11 06:29:00.034617155,0.0
Case32,Deliver Goods Services,res_50846b29-5953-48db-9ac9-c9c6c5225e03,Role 2,2011-07-11 06:53:35.515624689,65,2,res_50846b29-5953-48db-9ac9-c9c6c5225e03,2011-07-11 06:52:35.429330689,0.4
Case22,Send Invoice,res_1ba37c0c-fbd8-4ebc-a687-57c232d851f1,Role 2,2011-07-11 06:53:42.387351037,65,0,res_1ba37c0c-fbd8-4ebc-a687-57c232d851f1,2011-07-11 06:49:44.206592037,0.2
Case30,Approve Purchase Order for payment,res_a73236a5-1060-49de-a81b-c97f7a3f3deb,Role 4,2011-07-11 09:11:57.039051528,65,0,res_a73236a5-1060-49de-a81b-c97f7a3f3deb,2011-07-11 09:11:57.038105528,0.0
Case37,Analyze Quotation Comparison Map,res_e89e96e3-87e7-41ff-bc99-a6270900f410,Role 1,2011-07-11 10:11:41.281595243,65,0,res_e89e96e3-87e7-41ff-bc99-a6270900f410,2011-07-11 10:11:41.281272243,0.0
Case24,Deliver Goods Services,res_1ba37c0c-fbd8-4ebc-a687-57c232d851f1,Role 2,2011-07-11 10:51:21.474298420,65,2,res_1ba37c0c-fbd8-4ebc-a687-57c232d851f1,2011-07-11 10:50:21.369825420,0.2
Case43,Analyze Request for Quotation,res_d87b7ca4-82e8-429d-a51e-3fa262959b2e,Role 4,2011-07-11 11:18:44.447076311,65,0,res_d87b7ca4-82e8-429d-a51e-3fa262959b2e,2011-07-11 11:02:26.452961311,0.3333333333333333
Case56,Create Request for Quotation,res_750e5923-e5fa-404f-8cd0-ba9ac589cbf0,Role 3,2011-07-11 11:22:43.640126155,65,0,res_750e5923-e5fa-404f-8cd0-ba9ac589cbf0,2011-07-11 10:59:28.051410155,0.0
Case38,Send Request for Quotation to Supplier,res_797de6b1-c4c4-49c7-8aa3-243d7c8fa115,Role 4,2011-07-11 12:45:40.396424635,65,0,res_797de6b1-c4c4-49c7-8aa3-243d7c8fa115,2011-07-11 10:03:22.568650635,0.0
Case31,Deliver Goods Services,res_1ba37c0c-fbd8-4ebc-a687-57c232d851f1,Role 2,2011-07-11 13:03:05.327480968,64,2,res_1ba37c0c-fbd8-4ebc-a687-57c232d851f1,2011-07-11 13:02:05.334092968,0.2
Case55,Analyze Purchase Requisition,res_d305e955-1ef6-43af-a659-857d0e5c5c06,Role 3,2011-07-11 13:22:38.174955346,64,0,res_d305e955-1ef6-43af-a659-857d0e5c5c06,2011-07-11 13:20:07.919162346,0.0
Case32,Release Purchase Order,res_b3fdc896-3712-49b3-a6eb-902848191856,Role 1,2011-07-11 13:48:26.360986689,64,0,res_b3fdc896-3712-49b3-a6eb-902848191856,2011-07-11 13:47:28.028382689,0.07142857142857142
Case55,Create Request for Quotation,res_d305e955-1ef6-43af-a659-857d0e5c5c06,Role 3,2011-07-11 13:49:56.982195346,64,0,res_d305e955-1ef6-43af-a659-857d0e5c5c06,2011-07-11 13:27:28.476325346,0.0
Case57,Create Purchase Requisition,res_1f8b28e3-44a0-42b4-be1d-b215ef1dce2e,Role 1,2011-07-11 16:47:56.211652080,65,0,res_1f8b28e3-44a0-42b4-be1d-b215ef1dce2e,2011-07-11 16:40:54.370293080,0.07142857142857142
Case40,Analyze Request for Quotation,res_d87b7ca4-82e8-429d-a51e-3fa262959b2e,Role 4,2011-07-11 17:23:03.042243582,65,0,res_d87b7ca4-82e8-429d-a51e-3fa262959b2e,2011-07-11 17:08:40.393949582,0.0
Case38,Create Quotation comparison Map,res_a73236a5-1060-49de-a81b-c97f7a3f3deb,Role 4,2011-07-11 17:48:54.433985635,65,0,res_a73236a5-1060-49de-a81b-c97f7a3f3deb,2011-07-11 17:32:48.913008635,0.0
Case58,Create Purchase Requisition,res_e89e96e3-87e7-41ff-bc99-a6270900f410,Role 1,2011-07-11 17:51:52.867522625,66,0,res_e89e96e3-87e7-41ff-bc99-a6270900f410,2011-07-11 17:44:56.253613625,0.07142857142857142
Case44,Analyze Request for Quotation,res_a73236a5-1060-49de-a81b-c97f7a3f3deb,Role 4,2011-07-11 17:52:00.099511389,65,0,res_a73236a5-1060-49de-a81b-c97f7a3f3deb,2011-07-11 17:36:30.857806389,0.3333333333333333
Case24,Release Purchase Order,res_e4ac65d6-1347-4f1d-9e8d-4199a14d0833,Role 1,2011-07-11 17:52:03.182719420,66,0,res_e4ac65d6-1347-4f1d-9e8d-4199a14d0833,2011-07-11 17:51:05.132530420,0.14285714285714285
Case16,Send Invoice,res_ebf4417c-e466-4e63-b2ef-9810ab2f3fab,Role 2,2011-07-11 18:12:51.246946475,66,0,res_ebf4417c-e466-4e63-b2ef-9810ab2f3fab,2011-07-11 18:08:57.571874475,0.4
Case37,Choose best option,res_bf67f70d-b145-4e3a-93f5-1ca3a08da4e2,Role 1,2011-07-11 18:18:36.820798243,65,0,res_bf67f70d-b145-4e3a-93f5-1ca3a08da4e2,2011-07-11 10:11:41.322966243,0.0
Case40,Amend Request for Quotation,res_b3fdc896-3712-49b3-a6eb-902848191856,Role 1,2011-07-11 18:39:17.169448582,66,0,res_b3fdc896-3712-49b3-a6eb-902848191856,2011-07-11 18:14:15.412297582,0.07142857142857142
Case35,Confirm Purchase Order,res_50846b29-5953-48db-9ac9-c9c6c5225e03,Role 2,2011-07-11 18:56:17.585716328,63,2,res_50846b29-5953-48db-9ac9-c9c6c5225e03,2011-07-10 19:51:32.864822328,0.4
Case44,Amend Request for Quotation,res_8379a331-4e8d-4601-bc47-dbea4b499710,Role 1,2011-07-11 19:08:36.034554389,66,0,res_8379a331-4e8d-4601-bc47-dbea4b499710,2011-07-11 18:44:30.015665389,0.0
Case22,Release Supplier's Invoice,res_3dcffc60-1cf8-4166-8b75-95dd77678419,Role 5,2011-07-11 19:52:34.076145037,66,0,res_3dcffc60-1cf8-4166-8b75-95dd77678419,2011-07-11 19:52:34.076145037,0.0
Case31,Release Purchase Order,res_cb054568-8f77-4268-84c1-23b7dbf2368a,Role 1,2011-07-11 20:01:02.592140968,66,0,res_cb054568-8f77-4268-84c1-23b7dbf2368a,2011-07-11 20:00:04.545527968,0.0
Case22,Authorize Supplier's Invoice payment,res_90e81362-915a-419b-aef1-411e9c3655c8,Role 5,2011-07-11 20:01:19.573422037,66,0,res_90e81362-915a-419b-aef1-411e9c3655c8,2011-07-11 19:52:34.141080037,0.0
Case49,Analyze Request for Quotation,res_797de6b1-c4c4-49c7-8aa3-243d7c8fa115,Role 4,2011-07-11 20:18:13.510048418,66,0,res_797de6b1-c4c4-49c7-8aa3-243d7c8fa115,2011-07-11 20:01:54.810313418,0.0
Case22,Pay Invoice,res_90e81362-915a-419b-aef1-411e9c3655c8,Role 5,2011-07-11 20:29:27.668462037,66,0,res_90e81362-915a-419b-aef1-411e9c3655c8,2011-07-11 20:29:27.668462037,0.0
Case49,Amend Request for Quotation,res_cb054568-8f77-4268-84c1-23b7dbf2368a,Role 1,2011-07-11 21:32:46.838847418,65,0,res_cb054568-8f77-4268-84c1-23b7dbf2368a,2011-07-11 21:08:37.640435418,0.0
Case46,Analyze Request for Quotation,res_a73236a5-1060-49de-a81b-c97f7a3f3deb,Role 4,2011-07-11 22:07:18.737273154,65,0,res_a73236a5-1060-49de-a81b-c97f7a3f3deb,2011-07-11 21:50:41.265225154,0.0
Case57,Create Request for Quotation,res_d305e955-1ef6-43af-a659-857d0e5c5c06,Role 3,2011-07-11 22:59:48.425088080,65,0,res_d305e955-1ef6-43af-a659-857d0e5c5c06,2011-07-11 22:39:28.473148080,0.0
Case32,Approve Purchase Order for payment,res_797de6b1-c4c4-49c7-8aa3-243d7c8fa115,Role 4,2011-07-11 23:45:16.605913689,65,0,res_797de6b1-c4c4-49c7-8aa3-243d7c8fa115,2011-07-11 23:45:16.605913689,0.6666666666666666
Case38,Analyze Quotation Comparison Map,res_1ee7f6ed-53f5-4a4b-915f-6dbb784cb36d,Role 1,2011-07-11 23:59:20.876227635,65,0,res_1ee7f6ed-53f5-4a4b-915f-6dbb784cb36d,2011-07-11 23:59:20.872953635,0.0
Case58,Create Request for Quotation,res_750e5923-e5fa-404f-8cd0-ba9ac589cbf0,Role 3,2011-07-11 23:59:21.673299625,65,0,res_750e5923-e5fa-404f-8cd0-ba9ac589cbf0,2011-07-11 23:39:03.624817625,0.0
Case59,Create Purchase Requisition,res_e89e96e3-87e7-41ff-bc99-a6270900f410,Role 1,2011-07-12 00:38:29.488216515,66,0,res_e89e96e3-87e7-41ff-bc99-a6270900f410,2011-07-12 00:31:37.323185515,0.07142857142857142
Case30,Send Invoice,res_50846b29-5953-48db-9ac9-c9c6c5225e03,Role 2,2011-07-12 00:56:43.568451528,66,0,res_50846b29-5953-48db-9ac9-c9c6c5225e03,2011-07-12 00:52:35.436905528,0.2
Case41,Send Request for Quotation to Supplier,res_a73236a5-1060-49de-a81b-c97f7a3f3deb,Role 4,2011-07-12 02:18:41.229571431,65,0,res_a73236a5-1060-49de-a81b-c97f7a3f3deb,2011-07-11 23:08:25.659190431,0.0
Case45,Send Request for Quotation to Supplier,res_a73236a5-1060-49de-a81b-c97f7a3f3deb,Role 4,2011-07-12 02:39:36.404612026,65,1,res_a73236a5-1060-49de-a81b-c97f7a3f3deb,2011-07-11 23:40:04.277669026,0.3333333333333333
Case37,Settle Conditions With Supplier,res_797de6b1-c4c4-49c7-8aa3-243d7c8fa115,Role 4,2011-07-12 02:42:13.401157243,66,1,res_797de6b1-c4c4-49c7-8aa3-243d7c8fa115,2011-07-12 02:31:59.172077243,0.3333333333333333
Case60,Create Purchase Requisition,res_4d3152b3-7159-48aa-af58-192f168ff55c,Role 1,2011-07-12 03:28:06.459280934,67,0,res_4d3152b3-7159-48aa-af58-192f168ff55c,2011-07-12 03:21:03.182936934,0.07142857142857142
Case48,Analyze Request for Quotation,res_d87b7ca4-82e8-429d-a51e-3fa262959b2e,Role 4,2011-07-12 03:55:02.268214607,67,0,res_d87b7ca4-82e8-429d-a51e-3fa262959b2e,2011-07-12 03:37:27.043513607,0.0
Case24,Approve Purchase Order for payment,res_a73236a5-1060-49de-a81b-c97f7a3f3deb,Role 4,2011-07-12 04:01:06.113856420,67,0,res_a73236a5-1060-49de-a81b-c97f7a3f3deb,2011-07-12 04:01:06.113856420,0.0
Case48,Amend Request for Quotation,res_1ee7f6ed-53f5-4a4b-915f-6dbb784cb36d,Role 1,2011-07-12 05:10:54.270377607,67,0,res_1ee7f6ed-53f5-4a4b-915f-6dbb784cb36d,2011-07-12 04:46:15.121920607,0.07142857142857142
Case59,Create Request for Quotation,res_e7076424-2dd7-4a08-b0de-97117a6f70ea,Role 3,2011-07-12 06:10:58.668633515,67,0,res_e7076424-2dd7-4a08-b0de-97117a6f70ea,2011-07-12 05:49:58.844771515,0.0
Case31,Approve Purchase Order for payment,res_d87b7ca4-82e8-429d-a51e-3fa262959b2e,Role 4,2011-07-12 06:24:47.767629968,67,0,res_d87b7ca4-82e8-429d-a51e-3fa262959b2e,2011-07-12 06:24:47.767629968,0.0
Case16,Release Supplier's Invoice,res_3dcffc60-1cf8-4166-8b75-95dd77678419,Role 5,2011-07-12 06:38:36.164566475,67,0,res_3dcffc60-1cf8-4166-8b75-95dd77678419,2011-07-12 06:38:36.164566475,0.0
Case16,Authorize Supplier's Invoice payment,res_90e81362-915a-419b-aef1-411e9c3655c8,Role 5,2011-07-12 06:46:40.237792475,67,0,res_90e81362-915a-419b-aef1-411e9c3655c8,2011-07-12 06:38:36.210783475,0.0
Case61,Create Purchase Requisition,res_bf67f70d-b145-4e3a-93f5-1ca3a08da4e2,Role 1,2011-07-12 06:58:08.775668710,68,0,res_bf67f70d-b145-4e3a-93f5-1ca3a08da4e2,2011-07-12 06:50:49.008316710,0.07142857142857142
Case38,Choose best option,res_1f8b28e3-44a0-42b4-be1d-b215ef1dce2e,Role 1,2011-07-12 07:05:30.331839635,65,0,res_1f8b28e3-44a0-42b4-be1d-b215ef1dce2e,2011-07-11 23:59:20.902564635,0.0
Case45,Create Quotation comparison Map,res_797de6b1-c4c4-49c7-8aa3-243d7c8fa115,Role 4,2011-07-12 07:08:17.836564026,68,0,res_797de6b1-c4c4-49c7-8aa3-243d7c8fa115,2011-07-12 06:52:24.697599026,0.0
Case16,Pay Invoice,res_3dcffc60-1cf8-4166-8b75-95dd77678419,Role 5,2011-07-12 07:15:50.295239475,68,0,res_3dcffc60-1cf8-4166-8b75-95dd77678419,2011-07-12 07:15:50.295239475,0.0
Case41,Create Quotation comparison Map,res_a73236a5-1060-49de-a81b-c97f7a3f3deb,Role 4,2011-07-12 07:27:20.942171431,68,0,res_a73236a5-1060-49de-a81b-c97f7a3f3deb,2011-07-12 07:09:37.031812431,0.0
Case60,Create Request for Quotation,res_750e5923-e5fa-404f-8cd0-ba9ac589cbf0,Role 3,2011-07-12 08:34:34.154334934,67,0,res_750e5923-e5fa-404f-8cd0-ba9ac589cbf0,2011-07-12 08:12:47.710275934,0.0
Case42,Send Request for Quotation to Supplier,res_d87b7ca4-82e8-429d-a51e-3fa262959b2e,Role 4,2011-07-12 11:11:15.978224251,67,0,res_d87b7ca4-82e8-429d-a51e-3fa262959b2e,2011-07-12 07:35:08.538496251,0.0
Case37,Create Purchase Order,res_d87b7ca4-82e8-429d-a51e-3fa262959b2e,Role 4,2011-07-12 11:20:49.472551243,67,0,res_d87b7ca4-82e8-429d-a51e-3fa262959b2e,2011-07-12 11:02:19.401607243,0.3333333333333333
Case33,Deliver Goods Services,res_50846b29-5953-48db-9ac9-c9c6c5225e03,Role 2,2011-07-12 11:24:55.680119284,67,2,res_50846b29-5953-48db-9ac9-c9c6c5225e03,2011-07-12 11:23:55.528047284,0.2
Case20,Deliver Goods Services,res_ebf4417c-e466-4e63-b2ef-9810ab2f3fab,Role 2,2011-07-12 12:14:46.376900547,67,2,res_ebf4417c-e466-4e63-b2ef-9810ab2f3fab,2011-07-12 12:13:46.143506547,0.2
Case50,Analyze Request for Quotation,res_a73236a5-1060-49de-a81b-c97f7a3f3deb,Role 4,2011-07-12 12:57:14.779852956,67,0,res_a73236a5-1060-49de-a81b-c97f7a3f3deb,2011-07-12 12:40:34.150508956,0.0
Case45,Analyze Quotation Comparison Map,res_1f8b28e3-44a0-42b4-be1d-b215ef1dce2e,Role 1,2011-07-12 13:14:41.692309026,67,0,res_1f8b28e3-44a0-42b4-be1d-b215ef1dce2e,2011-07-12 13:14:41.686676026,0.0
Case62,Create Purchase Requisition,res_e4ac65d6-1347-4f1d-9e8d-4199a14d0833,Role 1,2011-07-12 13:22:15.470876344,68,0,res_e4ac65d6-1347-4f1d-9e8d-4199a14d0833,2011-07-12 13:14:56.300015344,0.07142857142857142
Case30,Release Supplier's Invoice,res_3dcffc60-1cf8-4166-8b75-95dd77678419,Role 5,2011-07-12 13:36:21.570837528,68,0,res_3dcffc60-1cf8-4166-8b75-95dd77678419,2011-07-12 13:36:21.570837528,0.0
Case41,Analyze Quotation Comparison Map,res_1ee7f6ed-53f5-4a4b-915f-6dbb784cb36d,Role 1,2011-07-12 13:42:02.938594431,68,0,res_1ee7f6ed-53f5-4a4b-915f-6dbb784cb36d,2011-07-12 13:42:02.936351431,0.07142857142857142
Case30,Authorize Supplier's Invoice payment,res_90e81362-915a-419b-aef1-411e9c3655c8,Role 5,2011-07-12 13:44:18.994074528,68,0,res_90e81362-915a-419b-aef1-411e9c3655c8,2011-07-12 13:36:21.647609528,0.0
Case50,Amend Request for Quotation,res_ea2e6e79-af77-46c7-8846-86f343c41797,Role 1,2011-07-12 14:11:28.674748956,68,0,res_ea2e6e79-af77-46c7-8846-86f343c41797,2011-07-12 13:47:09.391741956,0.14285714285714285
Case30,Pay Invoice,res_90e81362-915a-419b-aef1-411e9c3655c8,Role 5,2011-07-12 14:13:09.987665528,68,0,res_90e81362-915a-419b-aef1-411e9c3655c8,2011-07-12 14:13:09.987665528,0.0
Case36,Confirm Purchase Order,res_32e7a9ee-ab70-476e-9532-94401c2126b1,Role 2,2011-07-12 14:13:54.575165743,64,1,res_32e7a9ee-ab70-476e-9532-94401c2126b1,2011-07-11 14:38:37.318255743,0.2
Case38,Settle Conditions With Supplier,res_d87b7ca4-82e8-429d-a51e-3fa262959b2e,Role 4,2011-07-12 14:35:08.869655635,67,1,res_d87b7ca4-82e8-429d-a51e-3fa262959b2e,2011-07-12 14:25:12.460088635,0.0
Case53,Analyze Request for Quotation,res_797de6b1-c4c4-49c7-8aa3-243d7c8fa115,Role 4,2011-07-12 16:13:59.540883327,67,0,res_797de6b1-c4c4-49c7-8aa3-243d7c8fa115,2011-07-12 15:59:02.251056327,0.0
Case63,Create Purchase Requisition,res_1f8b28e3-44a0-42b4-be1d-b215ef1dce2e,Role 1,2011-07-12 17:09:49.670422921,67,0,res_1f8b28e3-44a0-42b4-be1d-b215ef1dce2e,2011-07-12 17:02:51.360441921,0.14285714285714285
Case42,Create Quotation comparison Map,res_797de6b1-c4c4-49c7-8aa3-243d7c8fa115,Role 4,2011-07-12 17:31:05.832082251,67,0,res_797de6b1-c4c4-49c7-8aa3-243d7c8fa115,2011-07-12 17:12:26.599891251,0.0
Case51,Analyze Request for Quotation,res_a73236a5-1060-49de-a81b-c97f7a3f3deb,Role 4,2011-07-12 18:04:16.294695911,67,0,res_a73236a5-1060-49de-a81b-c97f7a3f3deb,2011-07-12 17:48:51.203538911,0.0
Case32,Send Invoice,res_1ba37c0c-fbd8-4ebc-a687-57c232d851f1,Role 2,2011-07-12 18:33:59.573839689,67,0,res_1ba37c0c-fbd8-4ebc-a687-57c232d851f1,2011-07-12 18:29:42.377824689,0.0
Case33,Release Purchase Order,res_4d3152b3-7159-48aa-af58-192f168ff55c,Role 1,2011-07-12 18:34:54.745769284,67,0,res_4d3152b3-7159-48aa-af58-192f168ff55c,2011-07-12 18:33:56.676064284,0.14285714285714285
Case20,Release Purchase Order,res_ea2e6e79-af77-46c7-8846-86f343c41797,Role 1,2011-07-12 19:15:38.759337547,67,0,res_ea2e6e79-af77-46c7-8846-86f343c41797,2011-07-12 19:14:40.725393547,0.21428571428571427
Case51,Amend Request for Quotation,res_e4ac65d6-1347-4f1d-9e8d-4199a14d0833,Role 1,2011-07-12 19:18:31.455801911,67,0,res_e4ac65d6-1347-4f1d-9e8d-4199a14d0833,2011-07-12 18:54:30.525607911,0.14285714285714285
Case45,Choose best option,res_4d3152b3-7159-48aa-af58-192f168ff55c,Role 1,2011-07-12 20:23:25.823878026,67,0,res_4d3152b3-7159-48aa-af58-192f168ff55c,2011-07-12 13:14:41.712436026,0.0
Case41,Choose best option,res_4d3152b3-7159-48aa-af58-192f168ff55c,Role 1,2011-07-12 20:40:37.529221431,68,1,res_4d3152b3-7159-48aa-af58-192f168ff55c,2011-07-12 13:42:02.971765431,0.07142857142857142
Case61,Analyze Purchase Requisition,res_d305e955-1ef6-43af-a659-857d0e5c5c06,Role 3,2011-07-12 21:22:13.648869710,67,0,res_d305e955-1ef6-43af-a659-857d0e5c5c06,2011-07-12 21:19:48.577465710,0.0
Case61,Create Request for Quotation,res_e7076424-2dd7-4a08-b0de-97117a6f70ea,Role 3,2011-07-12 21:49:49.697614710,67,0,res_e7076424-2dd7-4a08-b0de-97117a6f70ea,2011-07-12 21:27:17.518836710,0.0
Case24,Send Invoice,res_f824661e-8353-4357-8816-ac40cd4e6ae2,Role 2,2011-07-12 21:56:25.915954420,67,0,res_f824661e-8353-4357-8816-ac40cd4e6ae2,2011-07-12 21:52:00.419864420,0.0
Case38,Create Purchase Order,res_d87b7ca4-82e8-429d-a51e-3fa262959b2e,Role 4,2011-07-12 23:25:21.115526635,67,0,res_d87b7ca4-82e8-429d-a51e-3fa262959b2e,2011-07-12 23:02:24.857367635,0.0
Case42,Analyze Quotation Comparison Map,res_bf67f70d-b145-4e3a-93f5-1ca3a08da4e2,Role 1,2011-07-12 23:30:16.336690251,67,0,res_bf67f70d-b145-4e3a-93f5-1ca3a08da4e2,2011-07-12 23:30:16.336690251,0.0
Case63,Create Request for Quotation,res_e7076424-2dd7-4a08-b0de-97117a6f70ea,Role 3,2011-07-12 23:57:40.340509921,67,0,res_e7076424-2dd7-4a08-b0de-97117a6f70ea,2011-07-12 23:37:42.841501921,0.0
Case64,Create Purchase Requisition,res_e89e96e3-87e7-41ff-bc99-a6270900f410,Role 1,2011-07-13 02:09:21.305109929,68,0,res_e89e96e3-87e7-41ff-bc99-a6270900f410,2011-07-13 02:02:16.772379929,0.07142857142857142
Case65,Create Purchase Requisition,res_8379a331-4e8d-4601-bc47-dbea4b499710,Role 1,2011-07-13 02:15:06.725334856,69,1,res_8379a331-4e8d-4601-bc47-dbea4b499710,2011-07-13 02:08:11.500260856,0.14285714285714285
Case31,Send Invoice,res_ebf4417c-e466-4e63-b2ef-9810ab2f3fab,Role 2,2011-07-13 02:21:57.916791968,69,0,res_ebf4417c-e466-4e63-b2ef-9810ab2f3fab,2011-07-13 02:17:52.758152968,0.0
Case66,Create Purchase Requisition,res_bf67f70d-b145-4e3a-93f5-1ca3a08da4e2,Role 1,2011-07-13 02:59:29.738483199,70,0,res_bf67f70d-b145-4e3a-93f5-1ca3a08da4e2,2011-07-13 02:52:21.938806199,0.07142857142857142
Case67,Create Purchase Requisition,res_1ee7f6ed-53f5-4a4b-915f-6dbb784cb36d,Role 1,2011-07-13 03:23:36.381536087,71,0,res_1ee7f6ed-53f5-4a4b-915f-6dbb784cb36d,2011-07-13 03:16:26.903790087,0.07142857142857142
Case62,Analyze Purchase Requisition,res_750e5923-e5fa-404f-8cd0-ba9ac589cbf0,Role 3,2011-07-13 04:19:07.020572344,71,0,res_750e5923-e5fa-404f-8cd0-ba9ac589cbf0,2011-07-13 04:16:48.324607344,0.0
Case62,Create Request for Quotation,res_d305e955-1ef6-43af-a659-857d0e5c5c06,Role 3,2011-07-13 04:48:47.354758344,71,0,res_d305e955-1ef6-43af-a659-857d0e5c5c06,2011-07-13 04:23:58.398762344,0.0
Case33,Approve Purchase Order for payment,res_d87b7ca4-82e8-429d-a51e-3fa262959b2e,Role 4,2011-07-13 04:52:00.351741284,71,0,res_d87b7ca4-82e8-429d-a51e-3fa262959b2e,2011-07-13 04:52:00.351741284,0.0
Case68,Create Purchase Requisition,res_8379a331-4e8d-4601-bc47-dbea4b499710,Role 1,2011-07-13 05:53:22.874536304,72,0,res_8379a331-4e8d-4601-bc47-dbea4b499710,2011-07-13 05:46:01.318766304,0.07142857142857142
Case45,Settle Conditions With Supplier,res_a73236a5-1060-49de-a81b-c97f7a3f3deb,Role 4,2011-07-13 05:57:53.084936026,72,1,res_a73236a5-1060-49de-a81b-c97f7a3f3deb,2011-07-13 05:47:42.601230026,0.0
Case35,Deliver Goods Services,res_1ba37c0c-fbd8-4ebc-a687-57c232d851f1,Role 2,2011-07-13 05:59:47.155998328,72,2,res_1ba37c0c-fbd8-4ebc-a687-57c232d851f1,2011-07-13 05:58:47.055080328,0.2
Case20,Approve Purchase Order for payment,res_797de6b1-c4c4-49c7-8aa3-243d7c8fa115,Role 4,2011-07-13 06:03:24.868961547,72,0,res_797de6b1-c4c4-49c7-8aa3-243d7c8fa115,2011-07-13 06:03:24.863429547,0.3333333333333333
Case41,Settle Conditions With Supplier,res_d87b7ca4-82e8-429d-a51e-3fa262959b2e,Role 4,2011-07-13 06:07:05.101008431,72,2,res_d87b7ca4-82e8-429d-a51e-3fa262959b2e,2011-07-13 05:56:46.253853431,0.3333333333333333
Case55,Analyze Request for Quotation,res_797de6b1-c4c4-49c7-8aa3-243d7c8fa115,Role 4,2011-07-13 07:12:13.035090346,72,0,res_797de6b1-c4c4-49c7-8aa3-243d7c8fa115,2011-07-13 06:54:48.715583346,0.0
Case64,Create Request for Quotation,res_750e5923-e5fa-404f-8cd0-ba9ac589cbf0,Role 3,2011-07-13 07:27:59.163714929,72,0,res_750e5923-e5fa-404f-8cd0-ba9ac589cbf0,2011-07-13 07:07:30.915377929,0.0
Case32,Release Supplier's Invoice,res_90e81362-915a-419b-aef1-411e9c3655c8,Role 5,2011-07-13 07:36:26.663289689,72,0,res_90e81362-915a-419b-aef1-411e9c3655c8,2011-07-13 07:36:26.663289689,0.0
Case32,Authorize Supplier's Invoice payment,res_3dcffc60-1cf8-4166-8b75-95dd77678419,Role 5,2011-07-13 07:44:00.560940689,72,0,res_3dcffc60-1cf8-4166-8b75-95dd77678419,2011-07-13 07:36:26.716902689,0.0
Case42,Choose best option,res_bf67f70d-b145-4e3a-93f5-1ca3a08da4e2,Role 1,2011-07-13 08:00:54.291146251,67,0,res_bf67f70d-b145-4e3a-93f5-1ca3a08da4e2,2011-07-12 23:30:16.392663251,0.0
Case52,Analyze Request for Quotation,res_a73236a5-1060-49de-a81b-c97f7a3f3deb,Role 4,2011-07-13 08:03:43.187711044,72,0,res_a73236a5-1060-49de-a81b-c97f7a3f3deb,2011-07-13 07:45:25.778864044,0.3333333333333333
Case32,Pay Invoice,res_90e81362-915a-419b-aef1-411e9c3655c8,Role 5,2011-07-13 08:13:49.868709689,71,0,res_90e81362-915a-419b-aef1-411e9c3655c8,2011-07-13 08:13:49.868709689,0.0
Case55,Amend Request for Quotation,res_8379a331-4e8d-4601-bc47-dbea4b499710,Role 1,2011-07-13 08:26:11.486668346,72,0,res_8379a331-4e8d-4601-bc47-dbea4b499710,2011-07-13 08:01:52.892157346,0.0
Case67,Create Request for Quotation,res_d305e955-1ef6-43af-a659-857d0e5c5c06,Role 3,2011-07-13 08:31:19.500890087,71,0,res_d305e955-1ef6-43af-a659-857d0e5c5c06,2011-07-13 08:10:29.837161087,0.0
Case54,Analyze Request for Quotation,res_a73236a5-1060-49de-a81b-c97f7a3f3deb,Role 4,2011-07-13 09:26:33.646765483,70,0,res_a73236a5-1060-49de-a81b-c97f7a3f3deb,2011-07-13 09:09:22.324043483,0.3333333333333333
Case46,Send Request for Quotation to Supplier,res_d87b7ca4-82e8-429d-a51e-3fa262959b2e,Role 4,2011-07-13 10:37:39.885785154,72,0,res_d87b7ca4-82e8-429d-a51e-3fa262959b2e,2011-07-13 06:59:20.496510154,0.3333333333333333
Case54,Amend Request for Quotation,res_6d2b908c-c05f-4e8b-b809-1aaa84ed5b50,Role 1,2011-07-13 10:43:08.275877483,70,0,res_6d2b908c-c05f-4e8b-b809-1aaa84ed5b50,2011-07-13 10:18:09.400871483,0.0
Case69,Create Purchase Requisition,res_204ff2af-f6ac-4bc9-bde1-9c7913fa4ce1,Role 1,2011-07-13 10:55:09.159543731,71,0,res_204ff2af-f6ac-4bc9-bde1-9c7913fa4ce1,2011-07-13 10:47:33.442749731,0.0
Case24,Release Supplier's Invoice,res_90e81362-915a-419b-aef1-411e9c3655c8,Role 5,2011-07-13 11:09:33.290612420,71,0,res_90e81362-915a-419b-aef1-411e9c3655c8,2011-07-13 11:09:33.290612420,0.0
Case24,Authorize Supplier's Invoice payment,res_90e81362-915a-419b-aef1-411e9c3655c8,Role 5,2011-07-13 11:17:26.875706420,71,0,res_90e81362-915a-419b-aef1-411e9c3655c8,2011-07-13 11:09:33.354952420,0.0
Case24,Pay Invoice,res_90e81362-915a-419b-aef1-411e9c3655c8,Role 5,2011-07-13 11:46:27.114825420,71,0,res_90e81362-915a-419b-aef1-411e9c3655c8,2011-07-13 11:46:27.114825420,0.0
Case47,Analyze Request for Quotation,res_d87b7ca4-82e8-429d-a51e-3fa262959b2e,Role 4,2011-07-13 12:16:31.465740505,70,0,res_d87b7ca4-82e8-429d-a51e-3fa262959b2e,2011-07-13 12:00:09.358253505,0.0
Case35,Release Purchase Order,res_204ff2af-f6ac-4bc9-bde1-9c7913fa4ce1,Role 1,2011-07-13 12:52:39.119029328,70,0,res_204ff2af-f6ac-4bc9-bde1-9c7913fa4ce1,2011-07-13 12:51:40.498139328,0.0
Case49,Analyze Request for Quotation,res_797de6b1-c4c4-49c7-8aa3-243d7c8fa115,Role 4,2011-07-13 13:32:32.249668418,70,0,res_797de6b1-c4c4-49c7-8aa3-243d7c8fa115,2011-07-13 13:16:15.634970418,0.0
Case31,Release Supplier's Invoice,res_3dcffc60-1cf8-4166-8b75-95dd77678419,Role 5,2011-07-13 15:16:28.856660968,70,0,res_3dcffc60-1cf8-4166-8b75-95dd77678419,2011-07-13 15:16:28.856660968,0.0
Case31,Authorize Supplier's Invoice payment,res_90e81362-915a-419b-aef1-411e9c3655c8,Role 5,2011-07-13 15:23:58.929932968,70,0,res_90e81362-915a-419b-aef1-411e9c3655c8,2011-07-13 15:16:28.937019968,0.0
Case31,Pay Invoice,res_90e81362-915a-419b-aef1-411e9c3655c8,Role 5,2011-07-13 15:51:44.900390968,70,0,res_90e81362-915a-419b-aef1-411e9c3655c8,2011-07-13 15:51:44.900390968,0.0
Case42,Settle Conditions With Supplier,res_a73236a5-1060-49de-a81b-c97f7a3f3deb,Role 4,2011-07-13 15:56:31.914668251,70,1,res_a73236a5-1060-49de-a81b-c97f7a3f3deb,2011-07-13 15:46:29.648484251,0.3333333333333333
Case48,Analyze Request for Quotation,res_797de6b1-c4c4-49c7-8aa3-243d7c8fa115,Role 4,2011-07-13 16:01:12.019276607,70,0,res_797de6b1-c4c4-49c7-8aa3-243d7c8fa115,2011-07-13 15:44:58.239392607,0.0
Case45,Create Purchase Order,res_a73236a5-1060-49de-a81b-c97f7a3f3deb,Role 4,2011-07-13 16:27:19.372194026,69,0,res_a73236a5-1060-49de-a81b-c97f7a3f3deb,2011-07-13 16:08:25.308717026,0.0
Case69,Create Request for Quotation,res_750e5923-e5fa-404f-8cd0-ba9ac589cbf0,Role 3,2011-07-13 16:46:58.737328731,69,0,res_750e5923-e5fa-404f-8cd0-ba9ac589cbf0,2011-07-13 16:26:53.031199731,0.0
Case56,Analyze Request for Quotation,res_d87b7ca4-82e8-429d-a51e-3fa262959b2e,Role 4,2011-07-13 16:57:02.458839155,69,0,res_d87b7ca4-82e8-429d-a51e-3fa262959b2e,2011-07-13 16:41:18.088442155,0.0
Case41,Create Purchase Order,res_a73236a5-1060-49de-a81b-c97f7a3f3deb,Role 4,2011-07-13 17:03:01.563762431,69,0,res_a73236a5-1060-49de-a81b-c97f7a3f3deb,2011-07-13 16:44:06.428665431,0.3333333333333333
Case58,Analyze Request for Quotation,res_797de6b1-c4c4-49c7-8aa3-243d7c8fa115,Role 4,2011-07-13 17:27:15.778749625,69,0,res_797de6b1-c4c4-49c7-8aa3-243d7c8fa115,2011-07-13 17:10:57.477418625,0.0
Case46,Create Quotation comparison Map,res_797de6b1-c4c4-49c7-8aa3-243d7c8fa115,Role 4,2011-07-13 17:31:06.844775154,69,0,res_797de6b1-c4c4-49c7-8aa3-243d7c8fa115,2011-07-13 17:13:58.112462154,0.3333333333333333
Case65,Analyze Purchase Requisition,res_e7076424-2dd7-4a08-b0de-97117a6f70ea,Role 3,2011-07-13 18:10:11.134762856,68,0,res_e7076424-2dd7-4a08-b0de-97117a6f70ea,2011-07-13 18:07:52.966432856,0.0
Case65,Create Request for Quotation,res_e7076424-2dd7-4a08-b0de-97117a6f70ea,Role 3,2011-07-13 18:39:05.279982856,68,0,res_e7076424-2dd7-4a08-b0de-97117a6f70ea,2011-07-13 18:15:36.789950856,0.0
Case66,Analyze Purchase Requisition,res_d305e955-1ef6-43af-a659-857d0e5c5c06,Role 3,2011-07-13 18:44:27.928366199,68,0,res_d305e955-1ef6-43af-a659-857d0e5c5c06,2011-07-13 18:42:09.210350199,0.0
Case66,Create Request for Quotation,res_750e5923-e5fa-404f-8cd0-ba9ac589cbf0,Role 3,2011-07-13 19:13:19.389378199,68,0,res_750e5923-e5fa-404f-8cd0-ba9ac589cbf0,2011-07-13 18:49:53.806525199,0.0
Case68,Analyze Purchase Requisition,res_e7076424-2dd7-4a08-b0de-97117a6f70ea,Role 3,2011-07-13 20:53:46.641135304,68,0,res_e7076424-2dd7-4a08-b0de-97117a6f70ea,2011-07-13 20:51:25.955954304,0.0
Case36,Deliver Goods Services,res_1ba37c0c-fbd8-4ebc-a687-57c232d851f1,Role 2,2011-07-13 21:20:49.393853743,68,2,res_1ba37c0c-fbd8-4ebc-a687-57c232d851f1,2011-07-13 21:19:49.249479743,0.4
Case68,Create Request for Quotation,res_750e5923-e5fa-404f-8cd0-ba9ac589cbf0,Role 3,2011-07-13 21:22:42.443228304,68,0,res_750e5923-e5fa-404f-8cd0-ba9ac589cbf0,2011-07-13 20:59:08.677466304,0.0
Case33,Send Invoice,res_f824661e-8353-4357-8816-ac40cd4e6ae2,Role 2,2011-07-13 22:48:04.832091284,68,0,res_f824661e-8353-4357-8816-ac40cd4e6ae2,2011-07-13 22:43:37.567114284,0.4
Case46,Analyze Quotation Comparison Map,res_ea2e6e79-af77-46c7-8846-86f343c41797,Role 1,2011-07-13 23:50:13.601047154,68,0,res_ea2e6e79-af77-46c7-8846-86f343c41797,2011-07-13 23:50:13.601047154,0.0
Case35,Approve Purchase Order for payment,res_797de6b1-c4c4-49c7-8aa3-243d7c8fa115,Role 4,2011-07-14 00:25:08.329253328,68,0,res_797de6b1-c4c4-49c7-8aa3-243d7c8fa115,2011-07-14 00:25:08.329253328,0.0
Case20,Send Invoice,res_1ba37c0c-fbd8-4ebc-a687-57c232d851f1,Role 2,2011-07-14 00:44:21.361633547,68,0,res_1ba37c0c-fbd8-4ebc-a687-57c232d851f1,2011-07-14 00:40:00.407955547,0.4
Case57,Analyze Request for Quotation,res_797de6b1-c4c4-49c7-8aa3-243d7c8fa115,Role 4,2011-07-14 02:06:55.929860080,68,0,res_797de6b1-c4c4-49c7-8aa3-243d7c8fa115,2011-07-14 01:48:07.529281080,0.0
Case44,Analyze Request for Quotation,res_d87b7ca4-82e8-429d-a51e-3fa262959b2e,Role 4,2011-07-14 03:06:55.861637389,68,0,res_d87b7ca4-82e8-429d-a51e-3fa262959b2e,2011-07-14 02:48:15.754137389,0.0
Case57,Amend Request for Quotation,res_e89e96e3-87e7-41ff-bc99-a6270900f410,Role 1,2011-07-14 03:25:22.582855080,68,0,res_e89e96e3-87e7-41ff-bc99-a6270900f410,2011-07-14 03:00:52.927049080,0.07142857142857142
Case40,Analyze Request for Quotation,res_d87b7ca4-82e8-429d-a51e-3fa262959b2e,Role 4,2011-07-14 03:29:32.900810582,67,0,res_d87b7ca4-82e8-429d-a51e-3fa262959b2e,2011-07-14 03:09:34.055190582,0.0
Case42,Create Purchase Order,res_797de6b1-c4c4-49c7-8aa3-243d7c8fa115,Role 4,2011-07-14 03:49:20.347761251,67,0,res_797de6b1-c4c4-49c7-8aa3-243d7c8fa115,2011-07-14 03:29:23.558904251,0.3333333333333333
Case36,Release Purchase Order,res_8379a331-4e8d-4601-bc47-dbea4b499710,Role 1,2011-07-14 04:12:02.102550743,66,0,res_8379a331-4e8d-4601-bc47-dbea4b499710,2011-07-14 04:11:03.918886743,0.07142857142857142
Case37,Confirm Purchase Order,res_1ba37c0c-fbd8-4ebc-a687-57c232d851f1,Role 2,2011-07-14 04:53:44.003060243,71,0,res_1ba37c0c-fbd8-4ebc-a687-57c232d851f1,2011-07-13 05:43:52.785262243,0.0
Case46,Choose best option,res_8379a331-4e8d-4601-bc47-dbea4b499710,Role 1,2011-07-14 07:50:58.674286154,68,0,res_8379a331-4e8d-4601-bc47-dbea4b499710,2011-07-13 23:50:13.642764154,0.0
Case33,Release Supplier's Invoice,res_3dcffc60-1cf8-4166-8b75-95dd77678419,Role 5,2011-07-14 12:05:08.879916284,66,0,res_3dcffc60-1cf8-4166-8b75-95dd77678419,2011-07-14 12:05:08.879916284,0.0
Case33,Authorize Supplier's Invoice payment,res_3dcffc60-1cf8-4166-8b75-95dd77678419,Role 5,2011-07-14 12:13:48.070562284,66,0,res_3dcffc60-1cf8-4166-8b75-95dd77678419,2011-07-14 12:05:08.966559284,0.0
Case33,Pay Invoice,res_90e81362-915a-419b-aef1-411e9c3655c8,Role 5,2011-07-14 12:41:46.934190284,66,0,res_90e81362-915a-419b-aef1-411e9c3655c8,2011-07-14 12:41:46.934190284,0.0
Case20,Release Supplier's Invoice,res_90e81362-915a-419b-aef1-411e9c3655c8,Role 5,2011-07-14 14:20:06.009232547,65,0,res_90e81362-915a-419b-aef1-411e9c3655c8,2011-07-14 14:20:06.009232547,0.0
Case20,Authorize Supplier's Invoice payment,res_3dcffc60-1cf8-4166-8b75-95dd77678419,Role 5,2011-07-14 14:28:40.001723547,65,0,res_3dcffc60-1cf8-4166-8b75-95dd77678419,2011-07-14 14:20:06.104878547,0.0
Case20,Pay Invoice,res_90e81362-915a-419b-aef1-411e9c3655c8,Role 5,2011-07-14 14:56:36.400016547,65,0,res_90e81362-915a-419b-aef1-411e9c3655c8,2011-07-14 14:56:36.400016547,0.0
Case51,Analyze Request for Quotation,res_d87b7ca4-82e8-429d-a51e-3fa262959b2e,Role 4,2011-07-14 15:17:55.084132911,64,0,res_d87b7ca4-82e8-429d-a51e-3fa262959b2e,2011-07-14 15:01:35.815702911,0.0
Case46,Settle Conditions With Supplier,res_d87b7ca4-82e8-429d-a51e-3fa262959b2e,Role 4,2011-07-14 15:55:07.059480154,64,1,res_d87b7ca4-82e8-429d-a51e-3fa262959b2e,2011-07-14 15:45:10.626268154,0.0
Case36,Approve Purchase Order for payment,res_d87b7ca4-82e8-429d-a51e-3fa262959b2e,Role 4,2011-07-14 16:20:40.783994743,64,0,res_d87b7ca4-82e8-429d-a51e-3fa262959b2e,2011-07-14 16:20:40.779392743,0.0
Case38,Confirm Purchase Order,res_ebf4417c-e466-4e63-b2ef-9810ab2f3fab,Role 2,2011-07-14 16:53:24.451797635,68,1,res_ebf4417c-e466-4e63-b2ef-9810ab2f3fab,2011-07-13 18:05:46.423058635,0.2
Case60,Analyze Request for Quotation,res_d87b7ca4-82e8-429d-a51e-3fa262959b2e,Role 4,2011-07-14 18:14:51.810810934,64,0,res_d87b7ca4-82e8-429d-a51e-3fa262959b2e,2011-07-14 17:58:25.834842934,0.3333333333333333
Case60,Amend Request for Quotation,res_e4ac65d6-1347-4f1d-9e8d-4199a14d0833,Role 1,2011-07-14 19:30:52.175150934,64,0,res_e4ac65d6-1347-4f1d-9e8d-4199a14d0833,2011-07-14 19:06:34.234722934,0.0
Case50,Analyze Request for Quotation,res_797de6b1-c4c4-49c7-8aa3-243d7c8fa115,Role 4,2011-07-14 19:41:07.025078956,64,0,res_797de6b1-c4c4-49c7-8aa3-243d7c8fa115,2011-07-14 19:23:02.444659956,0.3333333333333333
Case49,Send Request for Quotation to Supplier,res_a73236a5-1060-49de-a81b-c97f7a3f3deb,Role 4,2011-07-14 21:24:44.075773418,64,0,res_a73236a5-1060-49de-a81b-c97f7a3f3deb,2011-07-14 17:33:26.677926418,0.0
Case70,Create Purchase Requisition,res_b3fdc896-3712-49b3-a6eb-902848191856,Role 1,2011-07-14 22:01:00.534759112,65,0,res_b3fdc896-3712-49b3-a6eb-902848191856,2011-07-14 21:53:52.765751112,0.0
Case55,Analyze Request for Quotation,res_d87b7ca4-82e8-429d-a51e-3fa262959b2e,Role 4,2011-07-14 23:41:21.581017346,65,0,res_d87b7ca4-82e8-429d-a51e-3fa262959b2e,2011-07-14 23:23:08.813345346,0.3333333333333333
Case61,Analyze Request for Quotation,res_d87b7ca4-82e8-429d-a51e-3fa262959b2e,Role 4,2011-07-14 23:53:40.258986710,65,1,res_d87b7ca4-82e8-429d-a51e-3fa262959b2e,2011-07-14 23:37:53.381144710,0.6666666666666666
Case71,Create Purchase Requisition,res_d6a5315a-cebc-4bf4-8c1e-0b864f8862f1,Role 1,2011-07-15 00:26:30.862108126,66,0,res_d6a5315a-cebc-4bf4-8c1e-0b864f8862f1,2011-07-15 00:19:16.666687126,0.0
Case48,Send Request for Quotation to Supplier,res_797de6b1-c4c4-49c7-8aa3-243d7c8fa115,Role 4,2011-07-15 00:37:39.377144607,64,1,res_797de6b1-c4c4-49c7-8aa3-243d7c8fa115,2011-07-14 20:33:08.902977607,0.3333333333333333
Case55,Amend Request for Quotation,res_b3fdc896-3712-49b3-a6eb-902848191856,Role 1,2011-07-15 01:01:08.620736346,66,0,res_b3fdc896-3712-49b3-a6eb-902848191856,2011-07-15 00:36:45.093788346,0.0
Case47,Send Request for Quotation to Supplier,res_d87b7ca4-82e8-429d-a51e-3fa262959b2e,Role 4,2011-07-15 03:52:32.984866505,66,1,res_d87b7ca4-82e8-429d-a51e-3fa262959b2e,2011-07-15 00:19:29.081169505,0.3333333333333333
Case35,Send Invoice,res_50846b29-5953-48db-9ac9-c9c6c5225e03,Role 2,2011-07-15 03:53:48.855437328,66,0,res_50846b29-5953-48db-9ac9-c9c6c5225e03,2011-07-15 03:49:23.808179328,0.4
Case70,Create Request for Quotation,res_d305e955-1ef6-43af-a659-857d0e5c5c06,Role 3,2011-07-15 04:02:45.822155112,66,0,res_d305e955-1ef6-43af-a659-857d0e5c5c06,2011-07-15 03:44:13.975494112,0.0
Case49,Create Quotation comparison Map,res_d87b7ca4-82e8-429d-a51e-3fa262959b2e,Role 4,2011-07-15 04:23:46.097559418,66,0,res_d87b7ca4-82e8-429d-a51e-3fa262959b2e,2011-07-15 04:06:08.293559418,0.0
Case72,Create Purchase Requisition,res_e4ac65d6-1347-4f1d-9e8d-4199a14d0833,Role 1,2011-07-15 04:27:57.146432386,67,0,res_e4ac65d6-1347-4f1d-9e8d-4199a14d0833,2011-07-15 04:20:27.359705386,0.0
Case46,Create Purchase Order,res_797de6b1-c4c4-49c7-8aa3-243d7c8fa115,Role 4,2011-07-15 05:01:20.562810154,67,0,res_797de6b1-c4c4-49c7-8aa3-243d7c8fa115,2011-07-15 04:39:15.970989154,0.0
Case71,Create Request for Quotation,res_d305e955-1ef6-43af-a659-857d0e5c5c06,Role 3,2011-07-15 05:29:05.354490126,67,0,res_d305e955-1ef6-43af-a659-857d0e5c5c06,2011-07-15 05:09:59.480199126,0.0
Case62,Analyze Request for Quotation,res_797de6b1-c4c4-49c7-8aa3-243d7c8fa115,Role 4,2011-07-15 06:04:10.071151344,67,0,res_797de6b1-c4c4-49c7-8aa3-243d7c8fa115,2011-07-15 05:46:52.627440344,0.3333333333333333
Case62,Amend Request for Quotation,res_b3fdc896-3712-49b3-a6eb-902848191856,Role 1,2011-07-15 07:19:55.927138344,67,0,res_b3fdc896-3712-49b3-a6eb-902848191856,2011-07-15 06:54:52.524557344,0.0
Case48,Create Quotation comparison Map,res_797de6b1-c4c4-49c7-8aa3-243d7c8fa115,Role 4,2011-07-15 08:15:44.636410607,67,0,res_797de6b1-c4c4-49c7-8aa3-243d7c8fa115,2011-07-15 07:57:45.041337607,0.3333333333333333
Case56,Send Request for Quotation to Supplier,res_d87b7ca4-82e8-429d-a51e-3fa262959b2e,Role 4,2011-07-15 08:57:51.542858155,67,0,res_d87b7ca4-82e8-429d-a51e-3fa262959b2e,2011-07-15 05:42:52.980564155,0.0
Case72,Create Request for Quotation,res_750e5923-e5fa-404f-8cd0-ba9ac589cbf0,Role 3,2011-07-15 09:06:42.286058386,67,0,res_750e5923-e5fa-404f-8cd0-ba9ac589cbf0,2011-07-15 08:46:13.183402386,0.0
Case37,Deliver Goods Services,res_f824661e-8353-4357-8816-ac40cd4e6ae2,Role 2,2011-07-15 10:59:30.012179243,67,2,res_f824661e-8353-4357-8816-ac40cd4e6ae2,2011-07-15 10:58:29.731378243,0.6
Case49,Analyze Quotation Comparison Map,res_1f8b28e3-44a0-42b4-be1d-b215ef1dce2e,Role 1,2011-07-15 11:02:58.488230418,67,0,res_1f8b28e3-44a0-42b4-be1d-b215ef1dce2e,2011-07-15 11:02:58.488230418,0.0
Case63,Analyze Request for Quotation,res_d87b7ca4-82e8-429d-a51e-3fa262959b2e,Role 4,2011-07-15 11:14:27.256297921,67,0,res_d87b7ca4-82e8-429d-a51e-3fa262959b2e,2011-07-15 10:57:11.431515921,0.0
Case47,Create Quotation comparison Map,res_a73236a5-1060-49de-a81b-c97f7a3f3deb,Role 4,2011-07-15 12:37:11.019953505,66,0,res_a73236a5-1060-49de-a81b-c97f7a3f3deb,2011-07-15 12:18:56.044425505,0.0
Case59,Analyze Request for Quotation,res_797de6b1-c4c4-49c7-8aa3-243d7c8fa115,Role 4,2011-07-15 14:21:13.626894515,66,0,res_797de6b1-c4c4-49c7-8aa3-243d7c8fa115,2011-07-15 14:05:10.202915515,0.0
Case48,Analyze Quotation Comparison Map,res_8379a331-4e8d-4601-bc47-dbea4b499710,Role 1,2011-07-15 14:50:02.862032607,66,0,res_8379a331-4e8d-4601-bc47-dbea4b499710,2011-07-15 14:50:02.862032607,0.07142857142857142
Case59,Amend Request for Quotation,res_e4ac65d6-1347-4f1d-9e8d-4199a14d0833,Role 1,2011-07-15 15:40:34.718900515,66,0,res_e4ac65d6-1347-4f1d-9e8d-4199a14d0833,2011-07-15 15:14:59.477125515,0.14285714285714285
Case41,Confirm Purchase Order,res_f824661e-8353-4357-8816-ac40cd4e6ae2,Role 2,2011-07-15 16:10:44.616860431,64,2,res_f824661e-8353-4357-8816-ac40cd4e6ae2,2011-07-14 15:26:17.924581431,0.4
Case45,Confirm Purchase Order,res_50846b29-5953-48db-9ac9-c9c6c5225e03,Role 2,2011-07-15 16:25:52.899594026,64,1,res_50846b29-5953-48db-9ac9-c9c6c5225e03,2011-07-14 15:23:14.269696026,0.2
Case54,Analyze Request for Quotation,res_a73236a5-1060-49de-a81b-c97f7a3f3deb,Role 4,2011-07-15 16:35:20.628006483,66,0,res_a73236a5-1060-49de-a81b-c97f7a3f3deb,2011-07-15 16:18:14.343433483,0.0
Case35,Release Supplier's Invoice,res_3dcffc60-1cf8-4166-8b75-95dd77678419,Role 5,2011-07-15 17:08:44.821110328,65,0,res_3dcffc60-1cf8-4166-8b75-95dd77678419,2011-07-15 17:08:44.821110328,0.0
Case35,Authorize Supplier's Invoice payment,res_3dcffc60-1cf8-4166-8b75-95dd77678419,Role 5,2011-07-15 17:17:55.666433328,65,0,res_3dcffc60-1cf8-4166-8b75-95dd77678419,2011-07-15 17:08:44.915354328,0.0
Case35,Pay Invoice,res_3dcffc60-1cf8-4166-8b75-95dd77678419,Role 5,2011-07-15 17:44:50.313392328,65,0,res_3dcffc60-1cf8-4166-8b75-95dd77678419,2011-07-15 17:44:50.313392328,0.0
Case37,Release Purchase Order,res_d6a5315a-cebc-4bf4-8c1e-0b864f8862f1,Role 1,2011-07-15 17:47:56.545732243,64,0,res_d6a5315a-cebc-4bf4-8c1e-0b864f8862f1,2011-07-15 17:46:58.216495243,0.14285714285714285
Case56,Create Quotation comparison Map,res_a73236a5-1060-49de-a81b-c97f7a3f3deb,Role 4,2011-07-15 17:48:04.084607155,65,0,res_a73236a5-1060-49de-a81b-c97f7a3f3deb,2011-07-15 17:29:47.556899155,0.0
Case49,Choose best option,res_e4ac65d6-1347-4f1d-9e8d-4199a14d0833,Role 1,2011-07-15 17:56:32.035621418,67,0,res_e4ac65d6-1347-4f1d-9e8d-4199a14d0833,2011-07-15 11:02:58.509434418,0.0
Case47,Analyze Quotation Comparison Map,res_204ff2af-f6ac-4bc9-bde1-9c7913fa4ce1,Role 1,2011-07-15 18:47:47.742201505,64,0,res_204ff2af-f6ac-4bc9-bde1-9c7913fa4ce1,2011-07-15 18:47:47.742201505,0.07142857142857142
Case56,Analyze Quotation Comparison Map,res_e4ac65d6-1347-4f1d-9e8d-4199a14d0833,Role 1,2011-07-16 00:01:44.369359155,64,0,res_e4ac65d6-1347-4f1d-9e8d-4199a14d0833,2011-07-16 00:01:44.369359155,0.14285714285714285
Case48,Choose best option,res_bf67f70d-b145-4e3a-93f5-1ca3a08da4e2,Role 1,2011-07-16 00:05:58.443258607,66,1,res_bf67f70d-b145-4e3a-93f5-1ca3a08da4e2,2011-07-15 14:50:02.891099607,0.07142857142857142
Case36,Send Invoice,res_32e7a9ee-ab70-476e-9532-94401c2126b1,Role 2,2011-07-16 00:06:19.645107743,64,0,res_32e7a9ee-ab70-476e-9532-94401c2126b1,2011-07-16 00:02:07.943012743,0.2
Case42,Confirm Purchase Order,res_ebf4417c-e466-4e63-b2ef-9810ab2f3fab,Role 2,2011-07-16 01:22:53.597358251,67,2,res_ebf4417c-e466-4e63-b2ef-9810ab2f3fab,2011-07-15 04:38:41.678965251,0.4
Case47,Choose best option,res_1f8b28e3-44a0-42b4-be1d-b215ef1dce2e,Role 1,2011-07-16 02:04:11.544339505,64,1,res_1f8b28e3-44a0-42b4-be1d-b215ef1dce2e,2011-07-15 18:47:47.765031505,0.07142857142857142
Case57,Analyze Request for Quotation,res_797de6b1-c4c4-49c7-8aa3-243d7c8fa115,Role 4,2011-07-16 03:01:27.459255080,64,0,res_797de6b1-c4c4-49c7-8aa3-243d7c8fa115,2011-07-16 02:43:37.168789080,0.3333333333333333
Case51,Send Request for Quotation to Supplier,res_d87b7ca4-82e8-429d-a51e-3fa262959b2e,Role 4,2011-07-16 05:25:07.332027911,64,0,res_d87b7ca4-82e8-429d-a51e-3fa262959b2e,2011-07-16 01:53:03.275577911,0.0
Case37,Approve Purchase Order for payment,res_a73236a5-1060-49de-a81b-c97f7a3f3deb,Role 4,2011-07-16 05:25:15.671869243,64,0,res_a73236a5-1060-49de-a81b-c97f7a3f3deb,2011-07-16 05:25:15.671273243,0.3333333333333333
Case69,Analyze Request for Quotation,res_797de6b1-c4c4-49c7-8aa3-243d7c8fa115,Role 4,2011-07-16 05:34:44.670523731,64,0,res_797de6b1-c4c4-49c7-8aa3-243d7c8fa115,2011-07-16 05:15:31.501369731,0.3333333333333333
Case64,Analyze Request for Quotation,res_797de6b1-c4c4-49c7-8aa3-243d7c8fa115,Role 4,2011-07-16 06:07:33.347621929,64,0,res_797de6b1-c4c4-49c7-8aa3-243d7c8fa115,2011-07-16 05:51:23.157820929,0.0
Case49,Settle Conditions With Supplier,res_797de6b1-c4c4-49c7-8aa3-243d7c8fa115,Role 4,2011-07-16 07:00:40.778413418,64,1,res_797de6b1-c4c4-49c7-8aa3-243d7c8fa115,2011-07-16 06:50:33.424053418,0.0
Case56,Choose best option,res_6d2b908c-c05f-4e8b-b809-1aaa84ed5b50,Role 1,2011-07-16 07:11:47.172398155,64,2,res_6d2b908c-c05f-4e8b-b809-1aaa84ed5b50,2011-07-16 00:01:44.385015155,0.14285714285714285
Case64,Amend Request for Quotation,res_c664fa83-aac9-4455-b8cf-fbcb9a8f2997,Role 1,2011-07-16 07:22:50.041983929,64,0,res_c664fa83-aac9-4455-b8cf-fbcb9a8f2997,2011-07-16 06:57:19.469614929,0.07142857142857142
Case67,Analyze Request for Quotation,res_d87b7ca4-82e8-429d-a51e-3fa262959b2e,Role 4,2011-07-16 09:47:27.187424087,64,0,res_d87b7ca4-82e8-429d-a51e-3fa262959b2e,2011-07-16 09:31:21.336405087,0.3333333333333333
Case65,Analyze Request for Quotation,res_a73236a5-1060-49de-a81b-c97f7a3f3deb,Role 4,2011-07-16 09:49:48.615954856,64,1,res_a73236a5-1060-49de-a81b-c97f7a3f3deb,2011-07-16 09:33:59.613673856,0.6666666666666666
Case47,Settle Conditions With Supplier,res_a73236a5-1060-49de-a81b-c97f7a3f3deb,Role 4,2011-07-16 10:02:17.222584505,64,1,res_a73236a5-1060-49de-a81b-c97f7a3f3deb,2011-07-16 09:52:11.408368505,0.3333333333333333
Case50,Send Request for Quotation to Supplier,res_d87b7ca4-82e8-429d-a51e-3fa262959b2e,Role 4,2011-07-16 10:54:34.404873956,64,0,res_d87b7ca4-82e8-429d-a51e-3fa262959b2e,2011-07-16 07:28:57.645669956,0.0
Case66,Analyze Request for Quotation,res_a73236a5-1060-49de-a81b-c97f7a3f3deb,Role 4,2011-07-16 11:00:33.074775199,64,0,res_a73236a5-1060-49de-a81b-c97f7a3f3deb,2011-07-16 10:44:38.258688199,0.3333333333333333
Case67,Amend Request for Quotation,res_b3fdc896-3712-49b3-a6eb-902848191856,Role 1,2011-07-16 11:03:25.875171087,64,0,res_b3fdc896-3712-49b3-a6eb-902848191856,2011-07-16 10:37:29.216262087,0.0
Case65,Amend Request for Quotation,res_ea2e6e79-af77-46c7-8846-86f343c41797,Role 1,2011-07-16 11:06:48.015985856,64,1,res_ea2e6e79-af77-46c7-8846-86f343c41797,2011-07-16 10:41:48.619510856,0.07142857142857142
Case48,Settle Conditions With Supplier,res_d87b7ca4-82e8-429d-a51e-3fa262959b2e,Role 4,2011-07-16 12:01:39.861828607,63,1,res_d87b7ca4-82e8-429d-a51e-3fa262959b2e,2011-07-16 11:51:44.939975607,0.0
Case38,Deliver Goods Services,res_ebf4417c-e466-4e63-b2ef-9810ab2f3fab,Role 2,2011-07-16 12:06:14.919856635,63,2,res_ebf4417c-e466-4e63-b2ef-9810ab2f3fab,2011-07-16 12:05:14.871912635,0.2
Case51,Create Quotation comparison Map,res_a73236a5-1060-49de-a81b-c97f7a3f3deb,Role 4,2011-07-16 13:05:29.151282911,63,0,res_a73236a5-1060-49de-a81b-c97f7a3f3deb,2011-07-16 12:49:06.769519911,0.0
Case36,Release Supplier's Invoice,res_90e81362-915a-419b-aef1-411e9c3655c8,Role 5,2011-07-16 13:07:26.256650743,63,0,res_90e81362-915a-419b-aef1-411e9c3655c8,2011-07-16 13:07:26.256650743,0.0
Case36,Authorize Supplier's Invoice payment,res_3dcffc60-1cf8-4166-8b75-95dd77678419,Role 5,2011-07-16 13:16:01.006099743,63,0,res_3dcffc60-1cf8-4166-8b75-95dd77678419,2011-07-16 13:07:26.327410743,0.0
Case56,Settle Conditions With Supplier,res_797de6b1-c4c4-49c7-8aa3-243d7c8fa115,Role 4,2011-07-16 13:34:26.422489155,63,1,res_797de6b1-c4c4-49c7-8aa3-243d7c8fa115,2011-07-16 13:24:41.275588155,0.0
Case36,Pay Invoice,res_3dcffc60-1cf8-4166-8b75-95dd77678419,Role 5,2011-07-16 13:44:19.688448743,63,0,res_3dcffc60-1cf8-4166-8b75-95dd77678419,2011-07-16 13:44:19.688448743,0.0
Case68,Analyze Request for Quotation,res_a73236a5-1060-49de-a81b-c97f7a3f3deb,Role 4,2011-07-16 13:55:49.428298304,63,0,res_a73236a5-1060-49de-a81b-c97f7a3f3deb,2011-07-16 13:40:18.575914304,0.0
Case73,Create Purchase Requisition,res_d6a5315a-cebc-4bf4-8c1e-0b864f8862f1,Role 1,2011-07-16 13:58:12.490060500,63,0,res_d6a5315a-cebc-4bf4-8c1e-0b864f8862f1,2011-07-16 13:50:34.839220500,0.0
Case49,Create Purchase Order,res_a73236a5-1060-49de-a81b-c97f7a3f3deb,Role 4,2011-07-16 16:49:32.924866418,62,0,res_a73236a5-1060-49de-a81b-c97f7a3f3deb,2011-07-16 16:31:13.244212418,0.0
Case47,Create Purchase Order,res_d87b7ca4-82e8-429d-a51e-3fa262959b2e,Role 4,2011-07-16 17:47:27.387088505,62,0,res_d87b7ca4-82e8-429d-a51e-3fa262959b2e,2011-07-16 17:27:17.323067505,0.0
Case38,Release Purchase Order,res_b3fdc896-3712-49b3-a6eb-902848191856,Role 1,2011-07-16 19:03:31.039436635,62,0,res_b3fdc896-3712-49b3-a6eb-902848191856,2011-07-16 19:02:32.892166635,0.0
Case50,Create Quotation comparison Map,res_797de6b1-c4c4-49c7-8aa3-243d7c8fa115,Role 4,2011-07-16 19:37:52.682050956,62,0,res_797de6b1-c4c4-49c7-8aa3-243d7c8fa115,2011-07-16 19:19:56.732517956,0.0
Case51,Analyze Quotation Comparison Map,res_204ff2af-f6ac-4bc9-bde1-9c7913fa4ce1,Role 1,2011-07-16 19:44:17.933175911,62,0,res_204ff2af-f6ac-4bc9-bde1-9c7913fa4ce1,2011-07-16 19:44:17.933175911,0.0
Case73,Create Request for Quotation,res_750e5923-e5fa-404f-8cd0-ba9ac589cbf0,Role 3,2011-07-16 19:50:57.530311500,62,0,res_750e5923-e5fa-404f-8cd0-ba9ac589cbf0,2011-07-16 19:31:33.543161500,0.0
Case56,Create Purchase Order,res_d87b7ca4-82e8-429d-a51e-3fa262959b2e,Role 4,2011-07-16 20:53:36.318018155,62,0,res_d87b7ca4-82e8-429d-a51e-3fa262959b2e,2011-07-16 20:30:52.924461155,0.0
Case48,Create Purchase Order,res_797de6b1-c4c4-49c7-8aa3-243d7c8fa115,Role 4,2011-07-16 23:27:16.283114607,62,0,res_797de6b1-c4c4-49c7-8aa3-243d7c8fa115,2011-07-16 23:07:18.259365607,0.3333333333333333
Case61,Send Request for Quotation to Supplier,res_797de6b1-c4c4-49c7-8aa3-243d7c8fa115,Role 4,2011-07-17 01:46:08.442898710,62,0,res_797de6b1-c4c4-49c7-8aa3-243d7c8fa115,2011-07-16 22:16:43.511860710,0.0
Case50,Analyze Quotation Comparison Map,res_cb054568-8f77-4268-84c1-23b7dbf2368a,Role 1,2011-07-17 02:06:55.964639956,62,0,res_cb054568-8f77-4268-84c1-23b7dbf2368a,2011-07-17 02:06:55.964639956,0.07142857142857142
Case51,Choose best option,res_e89e96e3-87e7-41ff-bc99-a6270900f410,Role 1,2011-07-17 02:42:40.554700911,62,0,res_e89e96e3-87e7-41ff-bc99-a6270900f410,2011-07-16 19:44:17.970420911,0.0
Case60,Analyze Request for Quotation,res_797de6b1-c4c4-49c7-8aa3-243d7c8fa115,Role 4,2011-07-17 06:21:22.237321934,62,0,res_797de6b1-c4c4-49c7-8aa3-243d7c8fa115,2011-07-17 06:03:28.356862934,0.0
Case61,Create Quotation comparison Map,res_d87b7ca4-82e8-429d-a51e-3fa262959b2e,Role 4,2011-07-17 06:40:22.309973710,62,0,res_d87b7ca4-82e8-429d-a51e-3fa262959b2e,2011-07-17 06:23:11.862100710,0.0
Case38,Approve Purchase Order for payment,res_797de6b1-c4c4-49c7-8aa3-243d7c8fa115,Role 4,2011-07-17 07:37:29.452493635,62,0,res_797de6b1-c4c4-49c7-8aa3-243d7c8fa115,2011-07-17 07:37:29.440971635,0.0
Case60,Amend Request for Quotation,res_4d3152b3-7159-48aa-af58-192f168ff55c,Role 1,2011-07-17 07:37:33.728229934,62,0,res_4d3152b3-7159-48aa-af58-192f168ff55c,2011-07-17 07:12:52.264384934,0.07142857142857142
Case50,Choose best option,res_c664fa83-aac9-4455-b8cf-fbcb9a8f2997,Role 1,2011-07-17 08:09:17.564155956,62,1,res_c664fa83-aac9-4455-b8cf-fbcb9a8f2997,2011-07-17 02:06:55.998518956,0.07142857142857142
Case37,Send Invoice,res_32e7a9ee-ab70-476e-9532-94401c2126b1,Role 2,2011-07-17 08:12:35.487959243,62,0,res_32e7a9ee-ab70-476e-9532-94401c2126b1,2011-07-17 08:08:28.008812243,0.2
Case55,Analyze Request for Quotation,res_d87b7ca4-82e8-429d-a51e-3fa262959b2e,Role 4,2011-07-17 09:57:25.250578346,62,0,res_d87b7ca4-82e8-429d-a51e-3fa262959b2e,2011-07-17 09:38:11.553517346,0.0
Case46,Confirm Purchase Order,res_f824661e-8353-4357-8816-ac40cd4e6ae2,Role 2,2011-07-17 10:01:32.226873154,63,0,res_f824661e-8353-4357-8816-ac40cd4e6ae2,2011-07-16 11:15:11.480216154,0.0
Case55,Amend Request for Quotation,res_8379a331-4e8d-4601-bc47-dbea4b499710,Role 1,2011-07-17 11:13:05.975514346,62,0,res_8379a331-4e8d-4601-bc47-dbea4b499710,2011-07-17 10:47:42.038937346,0.0
Case45,Deliver Goods Services,res_ebf4417c-e466-4e63-b2ef-9810ab2f3fab,Role 2,2011-07-17 11:56:17.552684026,62,2,res_ebf4417c-e466-4e63-b2ef-9810ab2f3fab,2011-07-17 11:55:17.634432026,0.0
Case61,Analyze Quotation Comparison Map,res_1f8b28e3-44a0-42b4-be1d-b215ef1dce2e,Role 1,2011-07-17 13:03:20.846332710,62,0,res_1f8b28e3-44a0-42b4-be1d-b215ef1dce2e,2011-07-17 13:03:20.845798710,0.0
Case42,Deliver Goods Services,res_1ba37c0c-fbd8-4ebc-a687-57c232d851f1,Role 2,2011-07-17 13:11:26.102815251,62,2,res_1ba37c0c-fbd8-4ebc-a687-57c232d851f1,2011-07-17 13:10:26.029802251,0.0
Case51,Settle Conditions With Supplier,res_d87b7ca4-82e8-429d-a51e-3fa262959b2e,Role 4,2011-07-17 13:53:24.339056911,62,1,res_d87b7ca4-82e8-429d-a51e-3fa262959b2e,2011-07-17 13:43:23.639443911,0.0
Case41,Deliver Goods Services,res_ebf4417c-e466-4e63-b2ef-9810ab2f3fab,Role 2,2011-07-17 15:08:30.927075431,62,2,res_ebf4417c-e466-4e63-b2ef-9810ab2f3fab,2011-07-17 15:07:30.857731431,0.2
Case57,Send Request for Quotation to Supplier,res_797de6b1-c4c4-49c7-8aa3-243d7c8fa115,Role 4,2011-07-17 17:27:30.998751080,62,0,res_797de6b1-c4c4-49c7-8aa3-243d7c8fa115,2011-07-17 14:27:12.446351080,0.0
Case50,Settle Conditions With Supplier,res_d87b7ca4-82e8-429d-a51e-3fa262959b2e,Role 4,2011-07-17 18:03:37.525503956,62,1,res_d87b7ca4-82e8-429d-a51e-3fa262959b2e,2011-07-17 17:53:40.908801956,0.0
Case45,Release Purchase Order,res_6d2b908c-c05f-4e8b-b809-1aaa84ed5b50,Role 1,2011-07-17 18:55:40.045070026,62,0,res_6d2b908c-c05f-4e8b-b809-1aaa84ed5b50,2011-07-17 18:54:42.243829026,0.07142857142857142
Case42,Release Purchase Order,res_8379a331-4e8d-4601-bc47-dbea4b499710,Role 1,2011-07-17 20:12:06.872499251,62,0,res_8379a331-4e8d-4601-bc47-dbea4b499710,2011-07-17 20:11:08.560177251,0.07142857142857142
Case37,Release Supplier's Invoice,res_90e81362-915a-419b-aef1-411e9c3655c8,Role 5,2011-07-17 20:49:23.935420243,62,0,res_90e81362-915a-419b-aef1-411e9c3655c8,2011-07-17 20:49:23.935420243,0.0
Case37,Authorize Supplier's Invoice payment,res_3dcffc60-1cf8-4166-8b75-95dd77678419,Role 5,2011-07-17 20:58:23.221180243,62,0,res_3dcffc60-1cf8-4166-8b75-95dd77678419,2011-07-17 20:49:23.999383243,0.0
Case51,Create Purchase Order,res_d87b7ca4-82e8-429d-a51e-3fa262959b2e,Role 4,2011-07-17 21:07:12.099739911,62,0,res_d87b7ca4-82e8-429d-a51e-3fa262959b2e,2011-07-17 20:46:18.163542911,0.0
Case37,Pay Invoice,res_3dcffc60-1cf8-4166-8b75-95dd77678419,Role 5,2011-07-17 21:26:45.211036243,62,0,res_3dcffc60-1cf8-4166-8b75-95dd77678419,2011-07-17 21:26:45.211036243,0.0
Case41,Release Purchase Order,res_4d3152b3-7159-48aa-af58-192f168ff55c,Role 1,2011-07-17 22:06:05.084987431,61,0,res_4d3152b3-7159-48aa-af58-192f168ff55c,2011-07-17 22:05:07.773381431,0.07142857142857142
Case61,Choose best option,res_b3fdc896-3712-49b3-a6eb-902848191856,Role 1,2011-07-17 22:26:03.411394710,62,0,res_b3fdc896-3712-49b3-a6eb-902848191856,2011-07-17 13:03:20.884218710,0.0
Case57,Create Quotation comparison Map,res_a73236a5-1060-49de-a81b-c97f7a3f3deb,Role 4,2011-07-17 22:50:23.408700080,61,0,res_a73236a5-1060-49de-a81b-c97f7a3f3deb,2011-07-17 22:34:02.061752080,0.0
Case50,Create Purchase Order,res_d87b7ca4-82e8-429d-a51e-3fa262959b2e,Role 4,2011-07-18 01:44:16.992751956,61,0,res_d87b7ca4-82e8-429d-a51e-3fa262959b2e,2011-07-18 01:26:57.536213956,0.0
Case62,Analyze Request for Quotation,res_a73236a5-1060-49de-a81b-c97f7a3f3deb,Role 4,2011-07-18 05:18:32.611629344,61,0,res_a73236a5-1060-49de-a81b-c97f7a3f3deb,2011-07-18 05:00:02.368487344,0.3333333333333333
Case69,Send Request for Quotation to Supplier,res_797de6b1-c4c4-49c7-8aa3-243d7c8fa115,Role 4,2011-07-18 05:23:50.793190731,61,0,res_797de6b1-c4c4-49c7-8aa3-243d7c8fa115,2011-07-18 02:19:02.017240731,0.0
Case45,Approve Purchase Order for payment,res_797de6b1-c4c4-49c7-8aa3-243d7c8fa115,Role 4,2011-07-18 05:45:31.526361026,60,0,res_797de6b1-c4c4-49c7-8aa3-243d7c8fa115,2011-07-18 05:45:31.524713026,0.0
Case57,Analyze Quotation Comparison Map,res_bf67f70d-b145-4e3a-93f5-1ca3a08da4e2,Role 1,2011-07-18 05:49:21.548781080,60,0,res_bf67f70d-b145-4e3a-93f5-1ca3a08da4e2,2011-07-18 05:49:21.546047080,0.0
Case61,Settle Conditions With Supplier,res_d87b7ca4-82e8-429d-a51e-3fa262959b2e,Role 4,2011-07-18 06:25:04.027686710,60,1,res_d87b7ca4-82e8-429d-a51e-3fa262959b2e,2011-07-18 06:14:51.333037710,0.0
Case42,Approve Purchase Order for payment,res_d87b7ca4-82e8-429d-a51e-3fa262959b2e,Role 4,2011-07-18 07:07:57.017171251,60,0,res_d87b7ca4-82e8-429d-a51e-3fa262959b2e,2011-07-18 07:07:57.015637251,0.0
Case41,Approve Purchase Order for payment,res_d87b7ca4-82e8-429d-a51e-3fa262959b2e,Role 4,2011-07-18 09:20:51.272757431,60,0,res_d87b7ca4-82e8-429d-a51e-3fa262959b2e,2011-07-18 09:20:51.270931431,0.0
Case38,Send Invoice,res_50846b29-5953-48db-9ac9-c9c6c5225e03,Role 2,2011-07-18 09:51:30.565110635,60,0,res_50846b29-5953-48db-9ac9-c9c6c5225e03,2011-07-18 09:47:44.542462635,0.8
Case69,Create Quotation comparison Map,res_d87b7ca4-82e8-429d-a51e-3fa262959b2e,Role 4,2011-07-18 10:45:41.182342731,60,0,res_d87b7ca4-82e8-429d-a51e-3fa262959b2e,2011-07-18 10:29:37.043456731,0.0
Case74,Create Purchase Requisition,res_1ee7f6ed-53f5-4a4b-915f-6dbb784cb36d,Role 1,2011-07-18 12:46:38.367339593,61,0,res_1ee7f6ed-53f5-4a4b-915f-6dbb784cb36d,2011-07-18 12:39:14.632008593,0.07142857142857142
Case61,Create Purchase Order,res_a73236a5-1060-49de-a81b-c97f7a3f3deb,Role 4,2011-07-18 13:38:08.427571710,61,0,res_a73236a5-1060-49de-a81b-c97f7a3f3deb,2011-07-18 13:19:51.261200710,0.0
Case49,Confirm Purchase Order,res_50846b29-5953-48db-9ac9-c9c6c5225e03,Role 2,2011-07-18 14:23:22.181235418,62,0,res_50846b29-5953-48db-9ac9-c9c6c5225e03,2011-07-17 13:15:34.775016418,0.0
Case64,Analyze Request for Quotation,res_d87b7ca4-82e8-429d-a51e-3fa262959b2e,Role 4,2011-07-18 14:58:25.128352929,61,0,res_d87b7ca4-82e8-429d-a51e-3fa262959b2e,2011-07-18 14:41:39.312588929,0.0
Case57,Choose best option,res_6d2b908c-c05f-4e8b-b809-1aaa84ed5b50,Role 1,2011-07-18 15:03:09.243952080,60,0,res_6d2b908c-c05f-4e8b-b809-1aaa84ed5b50,2011-07-18 05:49:21.581861080,0.0
Case48,Confirm Purchase Order,res_32e7a9ee-ab70-476e-9532-94401c2126b1,Role 2,2011-07-18 16:23:33.225362607,62,1,res_32e7a9ee-ab70-476e-9532-94401c2126b1,2011-07-17 17:57:44.299744607,0.2
Case69,Analyze Quotation Comparison Map,res_c664fa83-aac9-4455-b8cf-fbcb9a8f2997,Role 1,2011-07-18 17:05:46.196263731,60,0,res_c664fa83-aac9-4455-b8cf-fbcb9a8f2997,2011-07-18 17:05:46.196263731,0.0
Case56,Confirm Purchase Order,res_1ba37c0c-fbd8-4ebc-a687-57c232d851f1,Role 2,2011-07-18 18:37:53.017980155,62,2,res_1ba37c0c-fbd8-4ebc-a687-57c232d851f1,2011-07-17 19:18:48.518635155,0.4
Case60,Analyze Request for Quotation,res_797de6b1-c4c4-49c7-8aa3-243d7c8fa115,Role 4,2011-07-18 20:19:19.745635934,60,0,res_797de6b1-c4c4-49c7-8aa3-243d7c8fa115,2011-07-18 20:02:37.048957934,0.0
Case47,Confirm Purchase Order,res_ebf4417c-e466-4e63-b2ef-9810ab2f3fab,Role 2,2011-07-18 21:04:12.872848505,62,3,res_ebf4417c-e466-4e63-b2ef-9810ab2f3fab,2011-07-17 19:57:51.013333505,0.6
Case46,Deliver Goods Services,res_f824661e-8353-4357-8816-ac40cd4e6ae2,Role 2,2011-07-18 21:27:32.041625154,59,2,res_f824661e-8353-4357-8816-ac40cd4e6ae2,2011-07-18 21:26:31.851313154,0.4
Case38,Release Supplier's Invoice,res_90e81362-915a-419b-aef1-411e9c3655c8,Role 5,2011-07-18 21:52:46.000159635,59,0,res_90e81362-915a-419b-aef1-411e9c3655c8,2011-07-18 21:52:46.000159635,0.0
Case38,Authorize Supplier's Invoice payment,res_90e81362-915a-419b-aef1-411e9c3655c8,Role 5,2011-07-18 22:02:08.745734635,59,0,res_90e81362-915a-419b-aef1-411e9c3655c8,2011-07-18 21:52:46.059682635,0.0
Case38,Pay Invoice,res_3dcffc60-1cf8-4166-8b75-95dd77678419,Role 5,2011-07-18 22:30:43.712601635,59,0,res_3dcffc60-1cf8-4166-8b75-95dd77678419,2011-07-18 22:30:43.712601635,0.0
Case57,Settle Conditions With Supplier,res_d87b7ca4-82e8-429d-a51e-3fa262959b2e,Role 4,2011-07-18 23:48:35.734431080,58,1,res_d87b7ca4-82e8-429d-a51e-3fa262959b2e,2011-07-18 23:38:25.045711080,0.0
Case69,Choose best option,res_e4ac65d6-1347-4f1d-9e8d-4199a14d0833,Role 1,2011-07-19 00:37:20.240327731,60,0,res_e4ac65d6-1347-4f1d-9e8d-4199a14d0833,2011-07-18 17:05:46.235046731,0.0
Case75,Create Purchase Requisition,res_8379a331-4e8d-4601-bc47-dbea4b499710,Role 1,2011-07-19 02:23:30.788820679,59,0,res_8379a331-4e8d-4601-bc47-dbea4b499710,2011-07-19 02:16:29.248181679,0.0
Case74,Analyze Purchase Requisition,res_e7076424-2dd7-4a08-b0de-97117a6f70ea,Role 3,2011-07-19 03:25:56.429464593,59,0,res_e7076424-2dd7-4a08-b0de-97117a6f70ea,2011-07-19 03:23:32.999664593,0.0
Case74,Create Request for Quotation,res_e7076424-2dd7-4a08-b0de-97117a6f70ea,Role 3,2011-07-19 03:54:33.762051593,59,0,res_e7076424-2dd7-4a08-b0de-97117a6f70ea,2011-07-19 03:30:38.456150593,0.0
Case42,Send Invoice,res_50846b29-5953-48db-9ac9-c9c6c5225e03,Role 2,2011-07-19 04:01:49.326485251,59,0,res_50846b29-5953-48db-9ac9-c9c6c5225e03,2011-07-19 03:57:46.804131251,0.4
Case45,Send Invoice,res_50846b29-5953-48db-9ac9-c9c6c5225e03,Role 2,2011-07-19 04:21:33.784041026,59,0,res_50846b29-5953-48db-9ac9-c9c6c5225e03,2011-07-19 04:17:36.358696026,0.4
Case46,Release Purchase Order,res_e4ac65d6-1347-4f1d-9e8d-4199a14d0833,Role 1,2011-07-19 04:28:15.108840154,59,0,res_e4ac65d6-1347-4f1d-9e8d-4199a14d0833,2011-07-19 04:27:16.732650154,0.0
Case76,Create Purchase Requisition,res_204ff2af-f6ac-4bc9-bde1-9c7913fa4ce1,Role 1,2011-07-19 05:25:24.950941811,60,0,res_204ff2af-f6ac-4bc9-bde1-9c7913fa4ce1,2011-07-19 05:18:08.613042811,0.0
Case57,Create Purchase Order,res_a73236a5-1060-49de-a81b-c97f7a3f3deb,Role 4,2011-07-19 07:17:42.664918080,60,0,res_a73236a5-1060-49de-a81b-c97f7a3f3deb,2011-07-19 06:56:40.034505080,0.0
Case75,Create Request for Quotation,res_e7076424-2dd7-4a08-b0de-97117a6f70ea,Role 3,2011-07-19 07:42:20.038216679,60,0,res_e7076424-2dd7-4a08-b0de-97117a6f70ea,2011-07-19 07:21:06.410155679,0.0
Case55,Analyze Request for Quotation,res_d87b7ca4-82e8-429d-a51e-3fa262959b2e,Role 4,2011-07-19 08:52:54.348292346,60,0,res_d87b7ca4-82e8-429d-a51e-3fa262959b2e,2011-07-19 08:38:01.517496346,0.0
Case69,Settle Conditions With Supplier,res_d87b7ca4-82e8-429d-a51e-3fa262959b2e,Role 4,2011-07-19 09:35:48.930741731,60,1,res_d87b7ca4-82e8-429d-a51e-3fa262959b2e,2011-07-19 09:25:39.659961731,0.0
Case41,Send Invoice,res_32e7a9ee-ab70-476e-9532-94401c2126b1,Role 2,2011-07-19 09:44:22.153897431,60,0,res_32e7a9ee-ab70-476e-9532-94401c2126b1,2011-07-19 09:40:50.840249431,0.6
Case55,Amend Request for Quotation,res_1ee7f6ed-53f5-4a4b-915f-6dbb784cb36d,Role 1,2011-07-19 10:13:36.189850346,60,0,res_1ee7f6ed-53f5-4a4b-915f-6dbb784cb36d,2011-07-19 09:50:12.331008346,0.0
Case70,Analyze Request for Quotation,res_d87b7ca4-82e8-429d-a51e-3fa262959b2e,Role 4,2011-07-19 10:20:02.201825112,60,0,res_d87b7ca4-82e8-429d-a51e-3fa262959b2e,2011-07-19 10:04:52.880653112,0.0
Case67,Analyze Request for Quotation,res_797de6b1-c4c4-49c7-8aa3-243d7c8fa115,Role 4,2011-07-19 10:27:21.319581087,60,1,res_797de6b1-c4c4-49c7-8aa3-243d7c8fa115,2011-07-19 10:09:54.039600087,0.3333333333333333
Case76,Create Request for Quotation,res_e7076424-2dd7-4a08-b0de-97117a6f70ea,Role 3,2011-07-19 10:27:29.058294811,60,0,res_e7076424-2dd7-4a08-b0de-97117a6f70ea,2011-07-19 10:05:19.375973811,0.0
Case77,Create Purchase Requisition,res_b3fdc896-3712-49b3-a6eb-902848191856,Role 1,2011-07-19 11:19:57.370223399,59,0,res_b3fdc896-3712-49b3-a6eb-902848191856,2011-07-19 11:12:27.234494399,0.0
Case51,Confirm Purchase Order,res_32e7a9ee-ab70-476e-9532-94401c2126b1,Role 2,2011-07-19 11:52:13.481203911,60,4,res_32e7a9ee-ab70-476e-9532-94401c2126b1,2011-07-18 11:50:16.230908911,0.8
Case46,Approve Purchase Order for payment,res_d87b7ca4-82e8-429d-a51e-3fa262959b2e,Role 4,2011-07-19 15:01:27.479581154,59,0,res_d87b7ca4-82e8-429d-a51e-3fa262959b2e,2011-07-19 15:01:27.479581154,0.0
Case50,Confirm Purchase Order,res_50846b29-5953-48db-9ac9-c9c6c5225e03,Role 2,2011-07-19 15:03:43.985780956,60,3,res_50846b29-5953-48db-9ac9-c9c6c5225e03,2011-07-18 17:19:39.251239956,0.6
Case59,Analyze Request for Quotation,res_797de6b1-c4c4-49c7-8aa3-243d7c8fa115,Role 4,2011-07-19 16:14:14.665622515,59,0,res_797de6b1-c4c4-49c7-8aa3-243d7c8fa115,2011-07-19 15:57:50.890671515,0.0
Case42,Release Supplier's Invoice,res_3dcffc60-1cf8-4166-8b75-95dd77678419,Role 5,2011-07-19 16:54:21.731247251,58,0,res_3dcffc60-1cf8-4166-8b75-95dd77678419,2011-07-19 16:54:21.731247251,0.0
Case42,Authorize Supplier's Invoice payment,res_90e81362-915a-419b-aef1-411e9c3655c8,Role 5,2011-07-19 17:02:55.590077251,58,0,res_90e81362-915a-419b-aef1-411e9c3655c8,2011-07-19 16:54:21.806896251,0.0
Case45,Release Supplier's Invoice,res_3dcffc60-1cf8-4166-8b75-95dd77678419,Role 5,2011-07-19 17:11:52.437805026,58,0,res_3dcffc60-1cf8-4166-8b75-95dd77678419,2011-07-19 17:11:52.437805026,0.0
Case45,Authorize Supplier's Invoice payment,res_3dcffc60-1cf8-4166-8b75-95dd77678419,Role 5,2011-07-19 17:19:51.865647026,58,0,res_3dcffc60-1cf8-4166-8b75-95dd77678419,2011-07-19 17:11:52.512553026,0.0
Case42,Pay Invoice,res_90e81362-915a-419b-aef1-411e9c3655c8,Role 5,2011-07-19 17:30:54.668393251,58,0,res_90e81362-915a-419b-aef1-411e9c3655c8,2011-07-19 17:30:54.668393251,0.0
Case45,Pay Invoice,res_3dcffc60-1cf8-4166-8b75-95dd77678419,Role 5,2011-07-19 17:47:46.506800026,57,0,res_3dcffc60-1cf8-4166-8b75-95dd77678419,2011-07-19 17:47:46.506800026,0.0
Case69,Create Purchase Order,res_a73236a5-1060-49de-a81b-c97f7a3f3deb,Role 4,2011-07-19 18:34:37.068216731,56,0,res_a73236a5-1060-49de-a81b-c97f7a3f3deb,2011-07-19 18:14:19.884964731,0.0
Case73,Analyze Request for Quotation,res_a73236a5-1060-49de-a81b-c97f7a3f3deb,Role 4,2011-07-19 21:58:08.655864500,56,0,res_a73236a5-1060-49de-a81b-c97f7a3f3deb,2011-07-19 21:40:55.028320500,0.0
Case41,Release Supplier's Invoice,res_90e81362-915a-419b-aef1-411e9c3655c8,Role 5,2011-07-19 22:19:37.805312431,56,0,res_90e81362-915a-419b-aef1-411e9c3655c8,2011-07-19 22:19:37.805312431,0.0
Case41,Authorize Supplier's Invoice payment,res_3dcffc60-1cf8-4166-8b75-95dd77678419,Role 5,2011-07-19 22:27:53.445261431,56,0,res_3dcffc60-1cf8-4166-8b75-95dd77678419,2011-07-19 22:19:37.869997431,0.0
Case65,Analyze Request for Quotation,res_a73236a5-1060-49de-a81b-c97f7a3f3deb,Role 4,2011-07-19 22:53:26.141171856,56,0,res_a73236a5-1060-49de-a81b-c97f7a3f3deb,2011-07-19 22:35:46.857858856,0.0
Case41,Pay Invoice,res_90e81362-915a-419b-aef1-411e9c3655c8,Role 5,2011-07-19 22:57:20.636058431,55,0,res_90e81362-915a-419b-aef1-411e9c3655c8,2011-07-19 22:57:20.636058431,0.0
Case71,Analyze Request for Quotation,res_d87b7ca4-82e8-429d-a51e-3fa262959b2e,Role 4,2011-07-19 23:15:30.947312126,54,0,res_d87b7ca4-82e8-429d-a51e-3fa262959b2e,2011-07-19 22:59:44.968490126,0.0
Case73,Amend Request for Quotation,res_8379a331-4e8d-4601-bc47-dbea4b499710,Role 1,2011-07-19 23:15:54.698840500,56,0,res_8379a331-4e8d-4601-bc47-dbea4b499710,2011-07-19 22:51:33.192194500,0.0
Case49,Deliver Goods Services,res_ebf4417c-e466-4e63-b2ef-9810ab2f3fab,Role 2,2011-07-19 23:32:12.648331418,54,2,res_ebf4417c-e466-4e63-b2ef-9810ab2f3fab,2011-07-19 23:31:12.316138418,0.4
Case71,Amend Request for Quotation,res_d6a5315a-cebc-4bf4-8c1e-0b864f8862f1,Role 1,2011-07-20 00:29:23.975641126,54,0,res_d6a5315a-cebc-4bf4-8c1e-0b864f8862f1,2011-07-20 00:04:46.167577126,0.0
Case77,Analyze Purchase Requisition,res_e7076424-2dd7-4a08-b0de-97117a6f70ea,Role 3,2011-07-20 02:07:46.338800399,54,0,res_e7076424-2dd7-4a08-b0de-97117a6f70ea,2011-07-20 02:05:24.645353399,0.0
Case77,Create Request for Quotation,res_e7076424-2dd7-4a08-b0de-97117a6f70ea,Role 3,2011-07-20 02:37:23.270224399,54,0,res_e7076424-2dd7-4a08-b0de-97117a6f70ea,2011-07-20 02:12:43.499129399,0.0
Case48,Deliver Goods Services,res_32e7a9ee-ab70-476e-9532-94401c2126b1,Role 2,2011-07-20 04:41:17.829273607,54,2,res_32e7a9ee-ab70-476e-9532-94401c2126b1,2011-07-20 04:40:17.624604607,0.4
Case55,Analyze Request for Quotation,res_d87b7ca4-82e8-429d-a51e-3fa262959b2e,Role 4,2011-07-20 05:51:47.737720346,54,0,res_d87b7ca4-82e8-429d-a51e-3fa262959b2e,2011-07-20 05:35:42.049892346,0.0
Case49,Release Purchase Order,res_e4ac65d6-1347-4f1d-9e8d-4199a14d0833,Role 1,2011-07-20 06:32:24.097525418,54,0,res_e4ac65d6-1347-4f1d-9e8d-4199a14d0833,2011-07-20 06:31:25.846205418,0.0
Case56,Deliver Goods Services,res_32e7a9ee-ab70-476e-9532-94401c2126b1,Role 2,2011-07-20 08:24:26.080177155,54,2,res_32e7a9ee-ab70-476e-9532-94401c2126b1,2011-07-20 08:23:25.963844155,0.4
Case78,Create Purchase Requisition,res_8379a331-4e8d-4601-bc47-dbea4b499710,Role 1,2011-07-20 08:45:52.470839854,55,0,res_8379a331-4e8d-4601-bc47-dbea4b499710,2011-07-20 08:38:13.534202854,0.0
Case61,Confirm Purchase Order,res_ebf4417c-e466-4e63-b2ef-9810ab2f3fab,Role 2,2011-07-20 09:21:54.376286710,60,2,res_ebf4417c-e466-4e63-b2ef-9810ab2f3fab,2011-07-19 08:19:36.465891710,0.4
Case46,Send Invoice,res_f824661e-8353-4357-8816-ac40cd4e6ae2,Role 2,2011-07-20 10:46:42.646796154,55,0,res_f824661e-8353-4357-8816-ac40cd4e6ae2,2011-07-20 10:42:53.477937154,0.2
Case48,Release Purchase Order,res_d6a5315a-cebc-4bf4-8c1e-0b864f8862f1,Role 1,2011-07-20 11:36:55.446723607,55,0,res_d6a5315a-cebc-4bf4-8c1e-0b864f8862f1,2011-07-20 11:35:56.946649607,0.0
Case47,Deliver Goods Services,res_f824661e-8353-4357-8816-ac40cd4e6ae2,Role 2,2011-07-20 12:48:39.181266505,55,2,res_f824661e-8353-4357-8816-ac40cd4e6ae2,2011-07-20 12:47:38.941302505,0.2
Case56,Release Purchase Order,res_1ee7f6ed-53f5-4a4b-915f-6dbb784cb36d,Role 1,2011-07-20 15:17:44.411482155,55,0,res_1ee7f6ed-53f5-4a4b-915f-6dbb784cb36d,2011-07-20 15:16:46.164513155,0.0
Case74,Analyze Request for Quotation,res_d87b7ca4-82e8-429d-a51e-3fa262959b2e,Role 4,2011-07-20 16:34:18.964288593,55,0,res_d87b7ca4-82e8-429d-a51e-3fa262959b2e,2011-07-20 16:19:54.838358593,0.0
Case49,Approve Purchase Order for payment,res_a73236a5-1060-49de-a81b-c97f7a3f3deb,Role 4,2011-07-20 17:23:25.371130418,54,0,res_a73236a5-1060-49de-a81b-c97f7a3f3deb,2011-07-20 17:23:25.363530418,0.0
Case79,Create Purchase Requisition,res_b3fdc896-3712-49b3-a6eb-902848191856,Role 1,2011-07-20 18:16:25.378950437,55,0,res_b3fdc896-3712-49b3-a6eb-902848191856,2011-07-20 18:09:16.840509437,0.0
Case57,Confirm Purchase Order,res_32e7a9ee-ab70-476e-9532-94401c2126b1,Role 2,2011-07-20 19:17:18.633146080,56,1,res_32e7a9ee-ab70-476e-9532-94401c2126b1,2011-07-19 21:18:36.774565080,0.2
Case47,Release Purchase Order,res_6d2b908c-c05f-4e8b-b809-1aaa84ed5b50,Role 1,2011-07-20 19:43:55.182712505,55,0,res_6d2b908c-c05f-4e8b-b809-1aaa84ed5b50,2011-07-20 19:42:57.379761505,0.0
Case51,Deliver Goods Services,res_f824661e-8353-4357-8816-ac40cd4e6ae2,Role 2,2011-07-20 19:54:50.361575911,55,2,res_f824661e-8353-4357-8816-ac40cd4e6ae2,2011-07-20 19:53:50.149580911,0.2
Case80,Create Purchase Requisition,res_e4ac65d6-1347-4f1d-9e8d-4199a14d0833,Role 1,2011-07-20 20:34:25.684258498,56,0,res_e4ac65d6-1347-4f1d-9e8d-4199a14d0833,2011-07-20 20:27:24.847015498,0.0
Case72,Analyze Request for Quotation,res_a73236a5-1060-49de-a81b-c97f7a3f3deb,Role 4,2011-07-20 22:04:57.513101386,56,0,res_a73236a5-1060-49de-a81b-c97f7a3f3deb,2011-07-20 21:48:04.961365386,0.0
Case48,Approve Purchase Order for payment,res_a73236a5-1060-49de-a81b-c97f7a3f3deb,Role 4,2011-07-20 22:25:00.722718607,56,0,res_a73236a5-1060-49de-a81b-c97f7a3f3deb,2011-07-20 22:25:00.718951607,0.0
Case50,Deliver Goods Services,res_ebf4417c-e466-4e63-b2ef-9810ab2f3fab,Role 2,2011-07-20 22:40:07.237058956,56,2,res_ebf4417c-e466-4e63-b2ef-9810ab2f3fab,2011-07-20 22:39:07.236544956,0.2
Case46,Release Supplier's Invoice,res_3dcffc60-1cf8-4166-8b75-95dd77678419,Role 5,2011-07-20 23:30:32.978570154,56,0,res_3dcffc60-1cf8-4166-8b75-95dd77678419,2011-07-20 23:30:32.978570154,0.0
Case46,Authorize Supplier's Invoice payment,res_3dcffc60-1cf8-4166-8b75-95dd77678419,Role 5,2011-07-20 23:40:27.747892154,56,0,res_3dcffc60-1cf8-4166-8b75-95dd77678419,2011-07-20 23:30:33.059287154,0.0
Case78,Analyze Purchase Requisition,res_d305e955-1ef6-43af-a659-857d0e5c5c06,Role 3,2011-07-20 23:49:37.508049854,56,0,res_d305e955-1ef6-43af-a659-857d0e5c5c06,2011-07-20 23:47:15.615986854,0.0
Case81,Create Purchase Requisition,res_4d3152b3-7159-48aa-af58-192f168ff55c,Role 1,2011-07-21 00:00:46.952940308,57,0,res_4d3152b3-7159-48aa-af58-192f168ff55c,2011-07-20 23:53:45.250882308,0.0
Case46,Pay Invoice,res_3dcffc60-1cf8-4166-8b75-95dd77678419,Role 5,2011-07-21 00:09:59.977710154,57,0,res_3dcffc60-1cf8-4166-8b75-95dd77678419,2011-07-21 00:09:59.977710154,0.0
Case78,Create Request for Quotation,res_e7076424-2dd7-4a08-b0de-97117a6f70ea,Role 3,2011-07-21 00:19:02.013788854,57,0,res_e7076424-2dd7-4a08-b0de-97117a6f70ea,2011-07-20 23:54:49.661439854,0.0
Case79,Create Request for Quotation,res_750e5923-e5fa-404f-8cd0-ba9ac589cbf0,Role 3,2011-07-21 01:29:14.178946437,56,0,res_750e5923-e5fa-404f-8cd0-ba9ac589cbf0,2011-07-21 01:10:45.023649437,0.0
Case56,Approve Purchase Order for payment,res_a73236a5-1060-49de-a81b-c97f7a3f3deb,Role 4,2011-07-21 02:16:01.865049155,56,0,res_a73236a5-1060-49de-a81b-c97f7a3f3deb,2011-07-21 02:16:01.865049155,0.0
Case51,Release Purchase Order,res_d6a5315a-cebc-4bf4-8c1e-0b864f8862f1,Role 1,2011-07-21 02:44:18.962216911,56,0,res_d6a5315a-cebc-4bf4-8c1e-0b864f8862f1,2011-07-21 02:43:20.783603911,0.0
Case80,Create Request for Quotation,res_750e5923-e5fa-404f-8cd0-ba9ac589cbf0,Role 3,2011-07-21 03:17:58.184428498,56,0,res_750e5923-e5fa-404f-8cd0-ba9ac589cbf0,2011-07-21 02:59:07.781938498,0.0
Case50,Release Purchase Order,res_e4ac65d6-1347-4f1d-9e8d-4199a14d0833,Role 1,2011-07-21 05:36:12.247394956,56,0,res_e4ac65d6-1347-4f1d-9e8d-4199a14d0833,2011-07-21 05:35:13.679814956,0.0
Case47,Approve Purchase Order for payment,res_d87b7ca4-82e8-429d-a51e-3fa262959b2e,Role 4,2011-07-21 08:04:36.459921505,56,0,res_d87b7ca4-82e8-429d-a51e-3fa262959b2e,2011-07-21 08:04:36.449867505,0.3333333333333333
Case81,Create Request for Quotation,res_d305e955-1ef6-43af-a659-857d0e5c5c06,Role 3,2011-07-21 08:32:58.945000308,56,0,res_d305e955-1ef6-43af-a659-857d0e5c5c06,2011-07-21 08:13:00.892664308,0.0
Case55,Send Request for Quotation to Supplier,res_d87b7ca4-82e8-429d-a51e-3fa262959b2e,Role 4,2011-07-21 08:39:27.031155346,56,0,res_d87b7ca4-82e8-429d-a51e-3fa262959b2e,2011-07-21 05:06:31.098954346,0.0
Case49,Send Invoice,res_50846b29-5953-48db-9ac9-c9c6c5225e03,Role 2,2011-07-21 13:05:51.702008418,56,0,res_50846b29-5953-48db-9ac9-c9c6c5225e03,2011-07-21 13:01:49.750182418,0.2
Case69,Confirm Purchase Order,res_50846b29-5953-48db-9ac9-c9c6c5225e03,Role 2,2011-07-21 13:35:20.979865731,55,1,res_50846b29-5953-48db-9ac9-c9c6c5225e03,2011-07-20 13:04:34.337430731,0.2
Case61,Deliver Goods Services,res_50846b29-5953-48db-9ac9-c9c6c5225e03,Role 2,2011-07-21 14:07:17.352667710,56,2,res_50846b29-5953-48db-9ac9-c9c6c5225e03,2011-07-21 14:06:17.173296710,0.0
Case51,Approve Purchase Order for payment,res_797de6b1-c4c4-49c7-8aa3-243d7c8fa115,Role 4,2011-07-21 14:40:41.169772911,56,0,res_797de6b1-c4c4-49c7-8aa3-243d7c8fa115,2011-07-21 14:40:41.169772911,0.0
Case73,Analyze Request for Quotation,res_797de6b1-c4c4-49c7-8aa3-243d7c8fa115,Role 4,2011-07-21 15:56:36.315348500,56,0,res_797de6b1-c4c4-49c7-8aa3-243d7c8fa115,2011-07-21 15:39:55.636809500,0.0
Case50,Approve Purchase Order for payment,res_a73236a5-1060-49de-a81b-c97f7a3f3deb,Role 4,2011-07-21 16:28:57.437363956,56,0,res_a73236a5-1060-49de-a81b-c97f7a3f3deb,2011-07-21 16:28:57.437363956,0.0
Case48,Send Invoice,res_ebf4417c-e466-4e63-b2ef-9810ab2f3fab,Role 2,2011-07-21 19:31:02.322901607,56,0,res_ebf4417c-e466-4e63-b2ef-9810ab2f3fab,2011-07-21 19:26:37.258389607,0.0
Case55,Create Quotation comparison Map,res_d87b7ca4-82e8-429d-a51e-3fa262959b2e,Role 4,2011-07-21 20:00:41.536144346,56,0,res_d87b7ca4-82e8-429d-a51e-3fa262959b2e,2011-07-21 19:41:54.981248346,0.0
Case61,Release Purchase Order,res_6d2b908c-c05f-4e8b-b809-1aaa84ed5b50,Role 1,2011-07-21 20:59:04.960551710,56,0,res_6d2b908c-c05f-4e8b-b809-1aaa84ed5b50,2011-07-21 20:58:06.904111710,0.0
Case57,Deliver Goods Services,res_50846b29-5953-48db-9ac9-c9c6c5225e03,Role 2,2011-07-22 01:39:01.301038080,56,2,res_50846b29-5953-48db-9ac9-c9c6c5225e03,2011-07-22 01:38:01.232655080,0.0
Case49,Release Supplier's Invoice,res_3dcffc60-1cf8-4166-8b75-95dd77678419,Role 5,2011-07-22 01:53:11.435729418,56,0,res_3dcffc60-1cf8-4166-8b75-95dd77678419,2011-07-22 01:53:11.435729418,0.0
Case49,Authorize Supplier's Invoice payment,res_90e81362-915a-419b-aef1-411e9c3655c8,Role 5,2011-07-22 02:02:48.767991418,56,0,res_90e81362-915a-419b-aef1-411e9c3655c8,2011-07-22 01:53:11.509149418,0.0
Case49,Pay Invoice,res_90e81362-915a-419b-aef1-411e9c3655c8,Role 5,2011-07-22 02:33:56.596834418,56,0,res_90e81362-915a-419b-aef1-411e9c3655c8,2011-07-22 02:33:56.596834418,0.0
Case71,Analyze Request for Quotation,res_797de6b1-c4c4-49c7-8aa3-243d7c8fa115,Role 4,2011-07-22 02:48:02.016788126,56,0,res_797de6b1-c4c4-49c7-8aa3-243d7c8fa115,2011-07-22 02:29:36.997095126,0.0
Case56,Send Invoice,res_32e7a9ee-ab70-476e-9532-94401c2126b1,Role 2,2011-07-22 03:09:10.950246155,55,0,res_32e7a9ee-ab70-476e-9532-94401c2126b1,2011-07-22 03:04:45.280260155,0.0
Case55,Analyze Quotation Comparison Map,res_bf67f70d-b145-4e3a-93f5-1ca3a08da4e2,Role 1,2011-07-22 03:21:44.680862346,55,0,res_bf67f70d-b145-4e3a-93f5-1ca3a08da4e2,2011-07-22 03:21:44.680862346,0.0
Case77,Analyze Request for Quotation,res_797de6b1-c4c4-49c7-8aa3-243d7c8fa115,Role 4,2011-07-22 03:23:46.667332399,55,0,res_797de6b1-c4c4-49c7-8aa3-243d7c8fa115,2011-07-22 03:06:14.258791399,0.0
Case82,Create Purchase Requisition,res_204ff2af-f6ac-4bc9-bde1-9c7913fa4ce1,Role 1,2011-07-22 03:44:51.111639093,56,0,res_204ff2af-f6ac-4bc9-bde1-9c7913fa4ce1,2011-07-22 03:37:23.071229093,0.07142857142857142
Case77,Amend Request for Quotation,res_ea2e6e79-af77-46c7-8846-86f343c41797,Role 1,2011-07-22 04:40:14.688826399,56,0,res_ea2e6e79-af77-46c7-8846-86f343c41797,2011-07-22 04:15:20.207259399,0.07142857142857142
Case83,Create Purchase Requisition,res_1f8b28e3-44a0-42b4-be1d-b215ef1dce2e,Role 1,2011-07-22 07:00:22.248264447,57,0,res_1f8b28e3-44a0-42b4-be1d-b215ef1dce2e,2011-07-22 06:52:40.113917447,0.07142857142857142
Case61,Approve Purchase Order for payment,res_797de6b1-c4c4-49c7-8aa3-243d7c8fa115,Role 4,2011-07-22 08:12:27.484515710,57,0,res_797de6b1-c4c4-49c7-8aa3-243d7c8fa115,2011-07-22 08:12:27.484515710,0.0
Case57,Release Purchase Order,res_bf67f70d-b145-4e3a-93f5-1ca3a08da4e2,Role 1,2011-07-22 08:27:25.354369080,57,0,res_bf67f70d-b145-4e3a-93f5-1ca3a08da4e2,2011-07-22 08:26:26.614269080,0.07142857142857142
Case48,Release Supplier's Invoice,res_3dcffc60-1cf8-4166-8b75-95dd77678419,Role 5,2011-07-22 08:55:43.818854607,57,0,res_3dcffc60-1cf8-4166-8b75-95dd77678419,2011-07-22 08:55:43.818854607,0.0
Case48,Authorize Supplier's Invoice payment,res_90e81362-915a-419b-aef1-411e9c3655c8,Role 5,2011-07-22 09:03:52.293549607,57,0,res_90e81362-915a-419b-aef1-411e9c3655c8,2011-07-22 08:55:43.887748607,0.0
Case48,Pay Invoice,res_3dcffc60-1cf8-4166-8b75-95dd77678419,Role 5,2011-07-22 09:33:01.376023607,57,0,res_3dcffc60-1cf8-4166-8b75-95dd77678419,2011-07-22 09:33:01.376023607,0.0
Case75,Analyze Request for Quotation,res_797de6b1-c4c4-49c7-8aa3-243d7c8fa115,Role 4,2011-07-22 09:47:57.204231679,57,0,res_797de6b1-c4c4-49c7-8aa3-243d7c8fa115,2011-07-22 09:31:32.166247679,0.0
Case55,Choose best option,res_6d2b908c-c05f-4e8b-b809-1aaa84ed5b50,Role 1,2011-07-22 10:24:04.708859346,55,0,res_6d2b908c-c05f-4e8b-b809-1aaa84ed5b50,2011-07-22 03:21:44.690672346,0.0
Case47,Send Invoice,res_f824661e-8353-4357-8816-ac40cd4e6ae2,Role 2,2011-07-22 10:53:41.949973505,55,0,res_f824661e-8353-4357-8816-ac40cd4e6ae2,2011-07-22 10:49:41.883410505,0.0
Case72,Send Request for Quotation to Supplier,res_797de6b1-c4c4-49c7-8aa3-243d7c8fa115,Role 4,2011-07-22 13:15:29.064871386,55,0,res_797de6b1-c4c4-49c7-8aa3-243d7c8fa115,2011-07-22 10:11:28.305625386,0.0
Case76,Analyze Request for Quotation,res_d87b7ca4-82e8-429d-a51e-3fa262959b2e,Role 4,2011-07-22 14:14:00.137152811,55,0,res_d87b7ca4-82e8-429d-a51e-3fa262959b2e,2011-07-22 13:57:19.605237811,0.0
Case50,Send Invoice,res_50846b29-5953-48db-9ac9-c9c6c5225e03,Role 2,2011-07-22 15:17:04.055032956,54,0,res_50846b29-5953-48db-9ac9-c9c6c5225e03,2011-07-22 15:12:56.090813956,0.0
Case56,Release Supplier's Invoice,res_90e81362-915a-419b-aef1-411e9c3655c8,Role 5,2011-07-22 16:11:56.355502155,54,0,res_90e81362-915a-419b-aef1-411e9c3655c8,2011-07-22 16:11:56.355502155,0.0
Case56,Authorize Supplier's Invoice payment,res_90e81362-915a-419b-aef1-411e9c3655c8,Role 5,2011-07-22 16:20:29.625822155,54,0,res_90e81362-915a-419b-aef1-411e9c3655c8,2011-07-22 16:11:56.444176155,0.0
Case56,Pay Invoice,res_3dcffc60-1cf8-4166-8b75-95dd77678419,Role 5,2011-07-22 16:48:06.436774155,54,0,res_3dcffc60-1cf8-4166-8b75-95dd77678419,2011-07-22 16:48:06.436774155,0.0
Case51,Send Invoice,res_50846b29-5953-48db-9ac9-c9c6c5225e03,Role 2,2011-07-22 19:07:32.560987911,53,0,res_50846b29-5953-48db-9ac9-c9c6c5225e03,2011-07-22 19:03:25.194375911,0.0
Case57,Approve Purchase Order for payment,res_797de6b1-c4c4-49c7-8aa3-243d7c8fa115,Role 4,2011-07-22 19:30:30.850661080,53,0,res_797de6b1-c4c4-49c7-8aa3-243d7c8fa115,2011-07-22 19:30:30.850661080,0.0
Case55,Settle Conditions With Supplier,res_d87b7ca4-82e8-429d-a51e-3fa262959b2e,Role 4,2011-07-22 21:17:18.001928346,53,1,res_d87b7ca4-82e8-429d-a51e-3fa262959b2e,2011-07-22 21:07:17.559621346,0.0
Case82,Analyze Purchase Requisition,res_d305e955-1ef6-43af-a659-857d0e5c5c06,Role 3,2011-07-22 21:41:42.106981093,53,0,res_d305e955-1ef6-43af-a659-857d0e5c5c06,2011-07-22 21:39:18.652661093,0.0
Case82,Create Request for Quotation,res_e7076424-2dd7-4a08-b0de-97117a6f70ea,Role 3,2011-07-22 22:12:11.832117093,53,0,res_e7076424-2dd7-4a08-b0de-97117a6f70ea,2011-07-22 21:47:11.001922093,0.0
Case72,Create Quotation comparison Map,res_d87b7ca4-82e8-429d-a51e-3fa262959b2e,Role 4,2011-07-22 22:33:19.000130386,53,0,res_d87b7ca4-82e8-429d-a51e-3fa262959b2e,2011-07-22 22:14:08.509722386,0.0
Case47,Release Supplier's Invoice,res_3dcffc60-1cf8-4166-8b75-95dd77678419,Role 5,2011-07-22 23:35:41.702582505,53,0,res_3dcffc60-1cf8-4166-8b75-95dd77678419,2011-07-22 23:35:41.702582505,0.0
Case83,Analyze Purchase Requisition,res_e7076424-2dd7-4a08-b0de-97117a6f70ea,Role 3,2011-07-22 23:38:12.986771447,53,0,res_e7076424-2dd7-4a08-b0de-97117a6f70ea,2011-07-22 23:35:48.251956447,0.0
Case47,Authorize Supplier's Invoice payment,res_90e81362-915a-419b-aef1-411e9c3655c8,Role 5,2011-07-22 23:45:03.160029505,53,0,res_90e81362-915a-419b-aef1-411e9c3655c8,2011-07-22 23:35:41.775548505,0.0
Case83,Create Request for Quotation,res_750e5923-e5fa-404f-8cd0-ba9ac589cbf0,Role 3,2011-07-23 00:08:52.671940447,53,0,res_750e5923-e5fa-404f-8cd0-ba9ac589cbf0,2011-07-22 23:43:30.187510447,0.0
Case47,Pay Invoice,res_90e81362-915a-419b-aef1-411e9c3655c8,Role 5,2011-07-23 00:13:43.248504505,53,0,res_90e81362-915a-419b-aef1-411e9c3655c8,2011-07-23 00:13:43.248504505,0.0
Case50,Release Supplier's Invoice,res_3dcffc60-1cf8-4166-8b75-95dd77678419,Role 5,2011-07-23 03:52:28.393962956,52,0,res_3dcffc60-1cf8-4166-8b75-95dd77678419,2011-07-23 03:52:28.393962956,0.0
Case50,Authorize Supplier's Invoice payment,res_90e81362-915a-419b-aef1-411e9c3655c8,Role 5,2011-07-23 04:01:43.242112956,52,0,res_90e81362-915a-419b-aef1-411e9c3655c8,2011-07-23 03:52:28.447774956,0.0
Case69,Deliver Goods Services,res_ebf4417c-e466-4e63-b2ef-9810ab2f3fab,Role 2,2011-07-23 04:24:27.233689731,52,2,res_ebf4417c-e466-4e63-b2ef-9810ab2f3fab,2011-07-23 04:23:27.365728731,0.0
Case50,Pay Invoice,res_90e81362-915a-419b-aef1-411e9c3655c8,Role 5,2011-07-23 04:31:56.515592956,52,0,res_90e81362-915a-419b-aef1-411e9c3655c8,2011-07-23 04:31:56.515592956,0.0
Case72,Analyze Quotation Comparison Map,res_e4ac65d6-1347-4f1d-9e8d-4199a14d0833,Role 1,2011-07-23 04:55:19.364499386,51,0,res_e4ac65d6-1347-4f1d-9e8d-4199a14d0833,2011-07-23 04:55:19.359669386,0.0
Case55,Create Purchase Order,res_d87b7ca4-82e8-429d-a51e-3fa262959b2e,Role 4,2011-07-23 07:48:14.011193346,51,0,res_d87b7ca4-82e8-429d-a51e-3fa262959b2e,2011-07-23 07:32:33.600315346,0.3333333333333333
Case73,Send Request for Quotation to Supplier,res_797de6b1-c4c4-49c7-8aa3-243d7c8fa115,Role 4,2011-07-23 08:10:08.319948500,51,0,res_797de6b1-c4c4-49c7-8aa3-243d7c8fa115,2011-07-23 04:44:51.817266500,0.0
Case51,Release Supplier's Invoice,res_90e81362-915a-419b-aef1-411e9c3655c8,Role 5,2011-07-23 08:14:13.931916911,51,0,res_90e81362-915a-419b-aef1-411e9c3655c8,2011-07-23 08:14:13.931916911,0.0
Case51,Authorize Supplier's Invoice payment,res_90e81362-915a-419b-aef1-411e9c3655c8,Role 5,2011-07-23 08:22:51.241734911,51,0,res_90e81362-915a-419b-aef1-411e9c3655c8,2011-07-23 08:14:13.986785911,0.0
Case51,Pay Invoice,res_90e81362-915a-419b-aef1-411e9c3655c8,Role 5,2011-07-23 08:51:46.692538911,51,0,res_90e81362-915a-419b-aef1-411e9c3655c8,2011-07-23 08:51:46.692538911,0.0
Case69,Release Purchase Order,res_e89e96e3-87e7-41ff-bc99-a6270900f410,Role 1,2011-07-23 11:15:02.829425731,50,0,res_e89e96e3-87e7-41ff-bc99-a6270900f410,2011-07-23 11:14:04.602087731,0.07142857142857142
Case72,Choose best option,res_cb054568-8f77-4268-84c1-23b7dbf2368a,Role 1,2011-07-23 12:28:52.089132386,51,0,res_cb054568-8f77-4268-84c1-23b7dbf2368a,2011-07-23 04:55:19.374871386,0.0
Case78,Analyze Request for Quotation,res_a73236a5-1060-49de-a81b-c97f7a3f3deb,Role 4,2011-07-23 15:52:03.145604854,50,0,res_a73236a5-1060-49de-a81b-c97f7a3f3deb,2011-07-23 15:36:46.693881854,0.0
Case73,Create Quotation comparison Map,res_a73236a5-1060-49de-a81b-c97f7a3f3deb,Role 4,2011-07-23 15:53:49.767896500,50,0,res_a73236a5-1060-49de-a81b-c97f7a3f3deb,2011-07-23 15:36:57.041674500,0.3333333333333333
Case61,Send Invoice,res_32e7a9ee-ab70-476e-9532-94401c2126b1,Role 2,2011-07-23 16:08:15.422753710,50,0,res_32e7a9ee-ab70-476e-9532-94401c2126b1,2011-07-23 16:04:07.538891710,0.0
Case84,Create Purchase Requisition,res_bf67f70d-b145-4e3a-93f5-1ca3a08da4e2,Role 1,2011-07-23 16:49:21.153725528,51,0,res_bf67f70d-b145-4e3a-93f5-1ca3a08da4e2,2011-07-23 16:41:53.945680528,0.0
Case78,Amend Request for Quotation,res_e4ac65d6-1347-4f1d-9e8d-4199a14d0833,Role 1,2011-07-23 17:09:36.625231854,51,0,res_e4ac65d6-1347-4f1d-9e8d-4199a14d0833,2011-07-23 16:44:20.978053854,0.07142857142857142
Case72,Settle Conditions With Supplier,res_d87b7ca4-82e8-429d-a51e-3fa262959b2e,Role 4,2011-07-23 18:13:30.390224386,51,1,res_d87b7ca4-82e8-429d-a51e-3fa262959b2e,2011-07-23 18:03:41.062868386,0.3333333333333333
Case71,Send Request for Quotation to Supplier,res_d87b7ca4-82e8-429d-a51e-3fa262959b2e,Role 4,2011-07-23 19:09:47.943815126,50,0,res_d87b7ca4-82e8-429d-a51e-3fa262959b2e,2011-07-23 15:37:27.919093126,0.6666666666666666
Case85,Create Purchase Requisition,res_204ff2af-f6ac-4bc9-bde1-9c7913fa4ce1,Role 1,2011-07-23 20:23:52.071965547,52,0,res_204ff2af-f6ac-4bc9-bde1-9c7913fa4ce1,2011-07-23 20:16:40.387908547,0.0
Case79,Analyze Request for Quotation,res_797de6b1-c4c4-49c7-8aa3-243d7c8fa115,Role 4,2011-07-23 21:28:05.701967437,52,0,res_797de6b1-c4c4-49c7-8aa3-243d7c8fa115,2011-07-23 21:10:50.612586437,0.0
Case73,Analyze Quotation Comparison Map,res_b3fdc896-3712-49b3-a6eb-902848191856,Role 1,2011-07-23 22:43:57.180973500,52,0,res_b3fdc896-3712-49b3-a6eb-902848191856,2011-07-23 22:43:57.180973500,0.0
Case57,Send Invoice,res_1ba37c0c-fbd8-4ebc-a687-57c232d851f1,Role 2,2011-07-23 22:58:53.736741080,52,0,res_1ba37c0c-fbd8-4ebc-a687-57c232d851f1,2011-07-23 22:54:35.228046080,0.0
Case81,Analyze Request for Quotation,res_a73236a5-1060-49de-a81b-c97f7a3f3deb,Role 4,2011-07-23 23:35:42.488827308,52,0,res_a73236a5-1060-49de-a81b-c97f7a3f3deb,2011-07-23 23:19:04.689639308,0.0
Case69,Approve Purchase Order for payment,res_d87b7ca4-82e8-429d-a51e-3fa262959b2e,Role 4,2011-07-24 00:08:20.836820731,51,0,res_d87b7ca4-82e8-429d-a51e-3fa262959b2e,2011-07-24 00:08:20.833040731,0.0
Case72,Create Purchase Order,res_d87b7ca4-82e8-429d-a51e-3fa262959b2e,Role 4,2011-07-24 00:58:18.084914386,51,0,res_d87b7ca4-82e8-429d-a51e-3fa262959b2e,2011-07-24 00:34:28.447541386,0.0
Case71,Create Quotation comparison Map,res_a73236a5-1060-49de-a81b-c97f7a3f3deb,Role 4,2011-07-24 01:22:10.710951126,51,0,res_a73236a5-1060-49de-a81b-c97f7a3f3deb,2011-07-24 01:05:16.718928126,0.0
Case85,Create Request for Quotation,res_e7076424-2dd7-4a08-b0de-97117a6f70ea,Role 3,2011-07-24 01:47:58.873199547,51,0,res_e7076424-2dd7-4a08-b0de-97117a6f70ea,2011-07-24 01:28:39.956779547,0.0
Case80,Analyze Request for Quotation,res_a73236a5-1060-49de-a81b-c97f7a3f3deb,Role 4,2011-07-24 03:04:53.834255498,51,0,res_a73236a5-1060-49de-a81b-c97f7a3f3deb,2011-07-24 02:48:56.557044498,0.0
Case86,Create Purchase Requisition,res_e4ac65d6-1347-4f1d-9e8d-4199a14d0833,Role 1,2011-07-24 03:37:51.876011878,52,0,res_e4ac65d6-1347-4f1d-9e8d-4199a14d0833,2011-07-24 03:30:36.813134878,0.07142857142857142
Case61,Release Supplier's Invoice,res_90e81362-915a-419b-aef1-411e9c3655c8,Role 5,2011-07-24 04:43:54.849932710,52,0,res_90e81362-915a-419b-aef1-411e9c3655c8,2011-07-24 04:43:54.849932710,0.0
Case61,Authorize Supplier's Invoice payment,res_90e81362-915a-419b-aef1-411e9c3655c8,Role 5,2011-07-24 04:52:45.323471710,52,0,res_90e81362-915a-419b-aef1-411e9c3655c8,2011-07-24 04:43:54.901401710,0.0
Case61,Pay Invoice,res_90e81362-915a-419b-aef1-411e9c3655c8,Role 5,2011-07-24 05:21:39.191852710,52,0,res_90e81362-915a-419b-aef1-411e9c3655c8,2011-07-24 05:21:39.191852710,0.0
Case87,Create Purchase Requisition,res_204ff2af-f6ac-4bc9-bde1-9c7913fa4ce1,Role 1,2011-07-24 06:33:47.985480601,52,0,res_204ff2af-f6ac-4bc9-bde1-9c7913fa4ce1,2011-07-24 06:26:18.443946601,0.07142857142857142
Case71,Analyze Quotation Comparison Map,res_ea2e6e79-af77-46c7-8846-86f343c41797,Role 1,2011-07-24 08:17:47.220129126,52,0,res_ea2e6e79-af77-46c7-8846-86f343c41797,2011-07-24 08:17:47.220129126,0.07142857142857142
Case73,Choose best option,res_c664fa83-aac9-4455-b8cf-fbcb9a8f2997,Role 1,2011-07-24 08:26:48.415230500,52,0,res_c664fa83-aac9-4455-b8cf-fbcb9a8f2997,2011-07-23 22:43:57.210176500,0.0
Case84,Analyze Purchase Requisition,res_750e5923-e5fa-404f-8cd0-ba9ac589cbf0,Role 3,2011-07-24 09:33:34.704418528,52,0,res_750e5923-e5fa-404f-8cd0-ba9ac589cbf0,2011-07-24 09:31:10.298622528,0.0
Case84,Create Request for Quotation,res_d305e955-1ef6-43af-a659-857d0e5c5c06,Role 3,2011-07-24 10:03:02.419321528,52,0,res_d305e955-1ef6-43af-a659-857d0e5c5c06,2011-07-24 09:38:21.757583528,0.0
Case57,Release Supplier's Invoice,res_3dcffc60-1cf8-4166-8b75-95dd77678419,Role 5,2011-07-24 11:53:37.929909080,52,0,res_3dcffc60-1cf8-4166-8b75-95dd77678419,2011-07-24 11:53:37.929909080,0.0
Case57,Authorize Supplier's Invoice payment,res_3dcffc60-1cf8-4166-8b75-95dd77678419,Role 5,2011-07-24 12:02:05.669133080,52,0,res_3dcffc60-1cf8-4166-8b75-95dd77678419,2011-07-24 11:53:37.990337080,0.0
Case57,Pay Invoice,res_3dcffc60-1cf8-4166-8b75-95dd77678419,Role 5,2011-07-24 12:30:02.536201080,52,0,res_3dcffc60-1cf8-4166-8b75-95dd77678419,2011-07-24 12:30:02.536201080,0.0
Case88,Create Purchase Requisition,res_ea2e6e79-af77-46c7-8846-86f343c41797,Role 1,2011-07-24 13:32:41.723447721,52,0,res_ea2e6e79-af77-46c7-8846-86f343c41797,2011-07-24 13:25:10.012459721,0.07142857142857142
Case89,Create Purchase Requisition,res_c664fa83-aac9-4455-b8cf-fbcb9a8f2997,Role 1,2011-07-24 14:49:58.425012915,53,0,res_c664fa83-aac9-4455-b8cf-fbcb9a8f2997,2011-07-24 14:42:33.540708915,0.07142857142857142
Case71,Choose best option,res_8379a331-4e8d-4601-bc47-dbea4b499710,Role 1,2011-07-24 16:14:43.432672126,52,1,res_8379a331-4e8d-4601-bc47-dbea4b499710,2011-07-24 08:17:47.249717126,0.07142857142857142
Case73,Settle Conditions With Supplier,res_d87b7ca4-82e8-429d-a51e-3fa262959b2e,Role 4,2011-07-24 17:18:58.262684500,53,1,res_d87b7ca4-82e8-429d-a51e-3fa262959b2e,2011-07-24 17:08:58.035718500,0.0
Case90,Create Purchase Requisition,res_cb054568-8f77-4268-84c1-23b7dbf2368a,Role 1,2011-07-24 17:57:46.579041799,54,0,res_cb054568-8f77-4268-84c1-23b7dbf2368a,2011-07-24 17:50:37.695135799,0.0
Case88,Create Request for Quotation,res_d305e955-1ef6-43af-a659-857d0e5c5c06,Role 3,2011-07-24 19:19:06.871130721,54,0,res_d305e955-1ef6-43af-a659-857d0e5c5c06,2011-07-24 18:58:25.784565721,0.0
Case86,Analyze Purchase Requisition,res_750e5923-e5fa-404f-8cd0-ba9ac589cbf0,Role 3,2011-07-24 19:38:46.763954878,54,0,res_750e5923-e5fa-404f-8cd0-ba9ac589cbf0,2011-07-24 19:36:19.877934878,0.0
Case86,Create Request for Quotation,res_e7076424-2dd7-4a08-b0de-97117a6f70ea,Role 3,2011-07-24 20:06:41.183574878,54,0,res_e7076424-2dd7-4a08-b0de-97117a6f70ea,2011-07-24 19:43:54.824647878,0.0
Case91,Create Purchase Requisition,res_b3fdc896-3712-49b3-a6eb-902848191856,Role 1,2011-07-24 20:21:11.689500123,55,0,res_b3fdc896-3712-49b3-a6eb-902848191856,2011-07-24 20:14:11.369894123,0.0
Case89,Create Request for Quotation,res_750e5923-e5fa-404f-8cd0-ba9ac589cbf0,Role 3,2011-07-24 20:44:34.062390915,55,0,res_750e5923-e5fa-404f-8cd0-ba9ac589cbf0,2011-07-24 20:24:25.071430915,0.0
Case87,Analyze Purchase Requisition,res_e7076424-2dd7-4a08-b0de-97117a6f70ea,Role 3,2011-07-24 22:21:10.020553601,55,0,res_e7076424-2dd7-4a08-b0de-97117a6f70ea,2011-07-24 22:18:40.035849601,0.0
Case87,Create Request for Quotation,res_e7076424-2dd7-4a08-b0de-97117a6f70ea,Role 3,2011-07-24 22:49:17.004874601,55,0,res_e7076424-2dd7-4a08-b0de-97117a6f70ea,2011-07-24 22:26:11.349864601,0.0
Case77,Analyze Request for Quotation,res_a73236a5-1060-49de-a81b-c97f7a3f3deb,Role 4,2011-07-25 00:14:59.856873399,55,0,res_a73236a5-1060-49de-a81b-c97f7a3f3deb,2011-07-24 23:56:27.358918399,0.0
Case55,Confirm Purchase Order,res_1ba37c0c-fbd8-4ebc-a687-57c232d851f1,Role 2,2011-07-25 00:24:14.232499346,51,0,res_1ba37c0c-fbd8-4ebc-a687-57c232d851f1,2011-07-24 03:28:30.750218346,0.0
Case71,Settle Conditions With Supplier,res_d87b7ca4-82e8-429d-a51e-3fa262959b2e,Role 4,2011-07-25 01:10:38.070989126,55,1,res_d87b7ca4-82e8-429d-a51e-3fa262959b2e,2011-07-25 01:00:32.052746126,0.0
Case73,Create Purchase Order,res_a73236a5-1060-49de-a81b-c97f7a3f3deb,Role 4,2011-07-25 01:48:32.705348500,55,0,res_a73236a5-1060-49de-a81b-c97f7a3f3deb,2011-07-25 01:25:43.230191500,0.0
Case91,Create Request for Quotation,res_e7076424-2dd7-4a08-b0de-97117a6f70ea,Role 3,2011-07-25 01:48:56.673094123,55,0,res_e7076424-2dd7-4a08-b0de-97117a6f70ea,2011-07-25 01:28:53.169893123,0.0
Case69,Send Invoice,res_ebf4417c-e466-4e63-b2ef-9810ab2f3fab,Role 2,2011-07-25 05:00:50.536039731,55,0,res_ebf4417c-e466-4e63-b2ef-9810ab2f3fab,2011-07-25 04:56:44.374131731,0.2
Case92,Create Purchase Requisition,res_8379a331-4e8d-4601-bc47-dbea4b499710,Role 1,2011-07-25 08:58:25.236385433,56,0,res_8379a331-4e8d-4601-bc47-dbea4b499710,2011-07-25 08:50:54.534540433,0.0
Case71,Create Purchase Order,res_797de6b1-c4c4-49c7-8aa3-243d7c8fa115,Role 4,2011-07-25 09:26:23.842303126,56,0,res_797de6b1-c4c4-49c7-8aa3-243d7c8fa115,2011-07-25 09:07:37.856645126,0.0
Case90,Analyze Purchase Requisition,res_e7076424-2dd7-4a08-b0de-97117a6f70ea,Role 3,2011-07-25 10:02:34.212231799,56,0,res_e7076424-2dd7-4a08-b0de-97117a6f70ea,2011-07-25 10:00:08.144621799,0.0
Case90,Create Request for Quotation,res_e7076424-2dd7-4a08-b0de-97117a6f70ea,Role 3,2011-07-25 10:30:35.133445799,56,0,res_e7076424-2dd7-4a08-b0de-97117a6f70ea,2011-07-25 10:07:15.923293799,0.0
Case80,Send Request for Quotation to Supplier,res_797de6b1-c4c4-49c7-8aa3-243d7c8fa115,Role 4,2011-07-25 12:07:31.026924498,56,0,res_797de6b1-c4c4-49c7-8aa3-243d7c8fa115,2011-07-25 09:23:13.588415498,0.3333333333333333
Case83,Analyze Request for Quotation,res_797de6b1-c4c4-49c7-8aa3-243d7c8fa115,Role 4,2011-07-25 12:56:38.815254447,56,0,res_797de6b1-c4c4-49c7-8aa3-243d7c8fa115,2011-07-25 12:41:03.346760447,0.0
Case92,Create Request for Quotation,res_750e5923-e5fa-404f-8cd0-ba9ac589cbf0,Role 3,2011-07-25 14:04:38.484690433,55,0,res_750e5923-e5fa-404f-8cd0-ba9ac589cbf0,2011-07-25 13:41:23.352738433,0.0
Case80,Create Quotation comparison Map,res_797de6b1-c4c4-49c7-8aa3-243d7c8fa115,Role 4,2011-07-25 16:46:54.662372498,55,0,res_797de6b1-c4c4-49c7-8aa3-243d7c8fa115,2011-07-25 16:32:02.767899498,0.6666666666666666
Case79,Send Request for Quotation to Supplier,res_d87b7ca4-82e8-429d-a51e-3fa262959b2e,Role 4,2011-07-25 17:28:29.126496437,55,0,res_d87b7ca4-82e8-429d-a51e-3fa262959b2e,2011-07-25 14:41:11.905387437,0.0
Case69,Release Supplier's Invoice,res_90e81362-915a-419b-aef1-411e9c3655c8,Role 5,2011-07-25 17:44:04.255004731,55,0,res_90e81362-915a-419b-aef1-411e9c3655c8,2011-07-25 17:44:04.255004731,0.0
Case69,Authorize Supplier's Invoice payment,res_90e81362-915a-419b-aef1-411e9c3655c8,Role 5,2011-07-25 17:52:26.705183731,55,0,res_90e81362-915a-419b-aef1-411e9c3655c8,2011-07-25 17:44:04.313865731,0.0
Case69,Pay Invoice,res_90e81362-915a-419b-aef1-411e9c3655c8,Role 5,2011-07-25 18:20:19.626156731,55,0,res_90e81362-915a-419b-aef1-411e9c3655c8,2011-07-25 18:20:19.626156731,0.0
Case77,Send Request for Quotation to Supplier,res_d87b7ca4-82e8-429d-a51e-3fa262959b2e,Role 4,2011-07-25 19:08:04.114975399,55,1,res_d87b7ca4-82e8-429d-a51e-3fa262959b2e,2011-07-25 15:35:45.523966399,0.3333333333333333
Case82,Analyze Request for Quotation,res_d87b7ca4-82e8-429d-a51e-3fa262959b2e,Role 4,2011-07-25 20:14:20.301323093,54,0,res_d87b7ca4-82e8-429d-a51e-3fa262959b2e,2011-07-25 19:58:19.468921093,0.0
Case72,Confirm Purchase Order,res_f824661e-8353-4357-8816-ac40cd4e6ae2,Role 2,2011-07-25 20:52:24.046286386,55,1,res_f824661e-8353-4357-8816-ac40cd4e6ae2,2011-07-24 22:35:36.596467386,0.2
Case82,Amend Request for Quotation,res_8379a331-4e8d-4601-bc47-dbea4b499710,Role 1,2011-07-25 21:29:38.784760093,54,0,res_8379a331-4e8d-4601-bc47-dbea4b499710,2011-07-25 21:05:43.582273093,0.0
Case79,Create Quotation comparison Map,res_a73236a5-1060-49de-a81b-c97f7a3f3deb,Role 4,2011-07-25 21:55:23.440864437,54,0,res_a73236a5-1060-49de-a81b-c97f7a3f3deb,2011-07-25 21:39:27.239148437,0.0
Case80,Analyze Quotation Comparison Map,res_ea2e6e79-af77-46c7-8846-86f343c41797,Role 1,2011-07-25 23:06:14.249531498,54,0,res_ea2e6e79-af77-46c7-8846-86f343c41797,2011-07-25 23:06:14.243383498,0.0
Case77,Create Quotation comparison Map,res_a73236a5-1060-49de-a81b-c97f7a3f3deb,Role 4,2011-07-25 23:17:44.162735399,54,0,res_a73236a5-1060-49de-a81b-c97f7a3f3deb,2011-07-25 23:01:51.909184399,0.0
Case84,Analyze Request for Quotation,res_a73236a5-1060-49de-a81b-c97f7a3f3deb,Role 4,2011-07-26 02:30:04.035665528,54,0,res_a73236a5-1060-49de-a81b-c97f7a3f3deb,2011-07-26 02:11:27.354424528,0.0
Case93,Create Purchase Requisition,res_ea2e6e79-af77-46c7-8846-86f343c41797,Role 1,2011-07-26 02:46:39.198327677,55,0,res_ea2e6e79-af77-46c7-8846-86f343c41797,2011-07-26 02:39:36.108270677,0.07142857142857142
Case79,Analyze Quotation Comparison Map,res_cb054568-8f77-4268-84c1-23b7dbf2368a,Role 1,2011-07-26 04:31:41.359302437,55,0,res_cb054568-8f77-4268-84c1-23b7dbf2368a,2011-07-26 04:31:41.350057437,0.07142857142857142
Case77,Analyze Quotation Comparison Map,res_ea2e6e79-af77-46c7-8846-86f343c41797,Role 1,2011-07-26 05:27:49.753004399,55,0,res_ea2e6e79-af77-46c7-8846-86f343c41797,2011-07-26 05:27:49.752913399,0.14285714285714285
Case55,Deliver Goods Services,res_ebf4417c-e466-4e63-b2ef-9810ab2f3fab,Role 2,2011-07-26 05:33:53.126473346,55,2,res_ebf4417c-e466-4e63-b2ef-9810ab2f3fab,2011-07-26 05:32:52.701385346,0.4
Case80,Choose best option,res_bf67f70d-b145-4e3a-93f5-1ca3a08da4e2,Role 1,2011-07-26 06:14:07.971720498,54,0,res_bf67f70d-b145-4e3a-93f5-1ca3a08da4e2,2011-07-25 23:06:14.275970498,0.0
Case94,Create Purchase Requisition,res_bf67f70d-b145-4e3a-93f5-1ca3a08da4e2,Role 1,2011-07-26 07:06:30.842430667,56,0,res_bf67f70d-b145-4e3a-93f5-1ca3a08da4e2,2011-07-26 06:59:08.061009667,0.14285714285714285
Case79,Choose best option,res_e4ac65d6-1347-4f1d-9e8d-4199a14d0833,Role 1,2011-07-26 11:38:49.019221437,55,1,res_e4ac65d6-1347-4f1d-9e8d-4199a14d0833,2011-07-26 04:31:41.387914437,0.07142857142857142
Case77,Choose best option,res_4d3152b3-7159-48aa-af58-192f168ff55c,Role 1,2011-07-26 11:57:25.619466399,55,2,res_4d3152b3-7159-48aa-af58-192f168ff55c,2011-07-26 05:27:49.788194399,0.14285714285714285
Case85,Analyze Request for Quotation,res_d87b7ca4-82e8-429d-a51e-3fa262959b2e,Role 4,2011-07-26 12:06:53.533212547,56,0,res_d87b7ca4-82e8-429d-a51e-3fa262959b2e,2011-07-26 11:51:34.241828547,0.0
Case94,Create Request for Quotation,res_750e5923-e5fa-404f-8cd0-ba9ac589cbf0,Role 3,2011-07-26 12:13:54.090984667,56,0,res_750e5923-e5fa-404f-8cd0-ba9ac589cbf0,2011-07-26 11:51:25.000695667,0.0
Case55,Release Purchase Order,res_8379a331-4e8d-4601-bc47-dbea4b499710,Role 1,2011-07-26 12:33:55.361786346,56,0,res_8379a331-4e8d-4601-bc47-dbea4b499710,2011-07-26 12:32:56.514795346,0.0
Case85,Amend Request for Quotation,res_ea2e6e79-af77-46c7-8846-86f343c41797,Role 1,2011-07-26 13:23:31.679025547,56,0,res_ea2e6e79-af77-46c7-8846-86f343c41797,2011-07-26 12:57:59.093329547,0.0
Case80,Settle Conditions With Supplier,res_797de6b1-c4c4-49c7-8aa3-243d7c8fa115,Role 4,2011-07-26 13:35:35.512499498,56,1,res_797de6b1-c4c4-49c7-8aa3-243d7c8fa115,2011-07-26 13:25:41.057334498,0.0
Case73,Confirm Purchase Order,res_32e7a9ee-ab70-476e-9532-94401c2126b1,Role 2,2011-07-26 15:51:55.728854500,55,1,res_32e7a9ee-ab70-476e-9532-94401c2126b1,2011-07-25 17:47:28.959310500,0.2
Case86,Analyze Request for Quotation,res_797de6b1-c4c4-49c7-8aa3-243d7c8fa115,Role 4,2011-07-26 16:58:20.036827878,56,0,res_797de6b1-c4c4-49c7-8aa3-243d7c8fa115,2011-07-26 16:42:48.074706878,0.0
Case87,Analyze Request for Quotation,res_797de6b1-c4c4-49c7-8aa3-243d7c8fa115,Role 4,2011-07-26 17:41:54.285410601,56,0,res_797de6b1-c4c4-49c7-8aa3-243d7c8fa115,2011-07-26 17:26:33.801394601,0.0
Case93,Analyze Purchase Requisition,res_d305e955-1ef6-43af-a659-857d0e5c5c06,Role 3,2011-07-26 18:03:26.328595677,55,0,res_d305e955-1ef6-43af-a659-857d0e5c5c06,2011-07-26 18:01:07.600985677,0.0
Case86,Amend Request for Quotation,res_8379a331-4e8d-4601-bc47-dbea4b499710,Role 1,2011-07-26 18:13:19.724463878,55,0,res_8379a331-4e8d-4601-bc47-dbea4b499710,2011-07-26 17:49:13.664864878,0.0
Case93,Create Request for Quotation,res_d305e955-1ef6-43af-a659-857d0e5c5c06,Role 3,2011-07-26 18:31:12.269220677,55,0,res_d305e955-1ef6-43af-a659-857d0e5c5c06,2011-07-26 18:08:35.964269677,0.0
Case79,Settle Conditions With Supplier,res_d87b7ca4-82e8-429d-a51e-3fa262959b2e,Role 4,2011-07-26 18:39:22.972125437,55,1,res_d87b7ca4-82e8-429d-a51e-3fa262959b2e,2011-07-26 18:29:38.594174437,0.0
Case90,Analyze Request for Quotation,res_a73236a5-1060-49de-a81b-c97f7a3f3deb,Role 4,2011-07-26 19:08:42.933491799,55,0,res_a73236a5-1060-49de-a81b-c97f7a3f3deb,2011-07-26 18:52:52.137011799,0.0
Case90,Amend Request for Quotation,res_e89e96e3-87e7-41ff-bc99-a6270900f410,Role 1,2011-07-26 20:22:45.517667799,55,0,res_e89e96e3-87e7-41ff-bc99-a6270900f410,2011-07-26 19:58:41.064213799,0.0
Case77,Settle Conditions With Supplier,res_a73236a5-1060-49de-a81b-c97f7a3f3deb,Role 4,2011-07-26 21:01:35.189839399,55,1,res_a73236a5-1060-49de-a81b-c97f7a3f3deb,2011-07-26 20:51:41.069056399,0.0
Case88,Analyze Request for Quotation,res_d87b7ca4-82e8-429d-a51e-3fa262959b2e,Role 4,2011-07-26 21:34:20.576444721,55,0,res_d87b7ca4-82e8-429d-a51e-3fa262959b2e,2011-07-26 21:17:30.568979721,0.0
Case80,Create Purchase Order,res_a73236a5-1060-49de-a81b-c97f7a3f3deb,Role 4,2011-07-26 22:01:27.802419498,55,0,res_a73236a5-1060-49de-a81b-c97f7a3f3deb,2011-07-26 21:39:23.622026498,0.0
Case89,Analyze Request for Quotation,res_797de6b1-c4c4-49c7-8aa3-243d7c8fa115,Role 4,2011-07-26 22:16:08.700410915,55,0,res_797de6b1-c4c4-49c7-8aa3-243d7c8fa115,2011-07-26 21:59:04.907603915,0.3333333333333333
Case78,Analyze Request for Quotation,res_797de6b1-c4c4-49c7-8aa3-243d7c8fa115,Role 4,2011-07-26 22:38:12.144490854,54,0,res_797de6b1-c4c4-49c7-8aa3-243d7c8fa115,2011-07-26 22:20:07.632398854,0.0
Case55,Approve Purchase Order for payment,res_d87b7ca4-82e8-429d-a51e-3fa262959b2e,Role 4,2011-07-26 23:42:46.190870346,54,0,res_d87b7ca4-82e8-429d-a51e-3fa262959b2e,2011-07-26 23:42:46.190870346,0.0
Case78,Amend Request for Quotation,res_4d3152b3-7159-48aa-af58-192f168ff55c,Role 1,2011-07-26 23:52:41.892186854,54,0,res_4d3152b3-7159-48aa-af58-192f168ff55c,2011-07-26 23:29:00.687543854,0.0
Case71,Confirm Purchase Order,res_1ba37c0c-fbd8-4ebc-a687-57c232d851f1,Role 2,2011-07-27 00:58:30.216967126,54,1,res_1ba37c0c-fbd8-4ebc-a687-57c232d851f1,2011-07-26 02:08:33.398543126,0.2
Case79,Create Purchase Order,res_a73236a5-1060-49de-a81b-c97f7a3f3deb,Role 4,2011-07-27 02:25:40.091039437,54,0,res_a73236a5-1060-49de-a81b-c97f7a3f3deb,2011-07-27 02:01:23.090167437,0.0
Case95,Create Purchase Requisition,res_cb054568-8f77-4268-84c1-23b7dbf2368a,Role 1,2011-07-27 04:38:19.076314335,55,0,res_cb054568-8f77-4268-84c1-23b7dbf2368a,2011-07-27 04:30:57.105048335,0.0
Case91,Analyze Request for Quotation,res_d87b7ca4-82e8-429d-a51e-3fa262959b2e,Role 4,2011-07-27 05:24:10.629530123,55,0,res_d87b7ca4-82e8-429d-a51e-3fa262959b2e,2011-07-27 05:07:12.070050123,0.3333333333333333
Case77,Create Purchase Order,res_797de6b1-c4c4-49c7-8aa3-243d7c8fa115,Role 4,2011-07-27 05:52:09.333310399,54,0,res_797de6b1-c4c4-49c7-8aa3-243d7c8fa115,2011-07-27 05:31:09.747504399,0.3333333333333333
Case84,Send Request for Quotation to Supplier,res_a73236a5-1060-49de-a81b-c97f7a3f3deb,Role 4,2011-07-27 07:56:33.838914528,54,0,res_a73236a5-1060-49de-a81b-c97f7a3f3deb,2011-07-27 04:04:29.707521528,0.0
Case72,Deliver Goods Services,res_ebf4417c-e466-4e63-b2ef-9810ab2f3fab,Role 2,2011-07-27 10:09:07.133567386,54,2,res_ebf4417c-e466-4e63-b2ef-9810ab2f3fab,2011-07-27 10:08:06.932633386,0.0
Case84,Create Quotation comparison Map,res_797de6b1-c4c4-49c7-8aa3-243d7c8fa115,Role 4,2011-07-27 14:05:41.477755528,54,0,res_797de6b1-c4c4-49c7-8aa3-243d7c8fa115,2011-07-27 13:47:36.550458528,0.0
Case82,Analyze Request for Quotation,res_d87b7ca4-82e8-429d-a51e-3fa262959b2e,Role 4,2011-07-27 14:54:11.947171093,54,0,res_d87b7ca4-82e8-429d-a51e-3fa262959b2e,2011-07-27 14:38:29.353010093,0.0
Case72,Release Purchase Order,res_1f8b28e3-44a0-42b4-be1d-b215ef1dce2e,Role 1,2011-07-27 17:06:51.190463386,54,0,res_1f8b28e3-44a0-42b4-be1d-b215ef1dce2e,2011-07-27 17:05:52.539828386,0.0
Case55,Send Invoice,res_50846b29-5953-48db-9ac9-c9c6c5225e03,Role 2,2011-07-27 19:15:16.040390346,54,0,res_50846b29-5953-48db-9ac9-c9c6c5225e03,2011-07-27 19:10:51.524656346,0.4
Case84,Analyze Quotation Comparison Map,res_8379a331-4e8d-4601-bc47-dbea4b499710,Role 1,2011-07-27 19:59:41.463768528,54,0,res_8379a331-4e8d-4601-bc47-dbea4b499710,2011-07-27 19:59:41.463768528,0.0
Case95,Analyze Purchase Requisition,res_e7076424-2dd7-4a08-b0de-97117a6f70ea,Role 3,2011-07-27 20:23:52.563813335,54,0,res_e7076424-2dd7-4a08-b0de-97117a6f70ea,2011-07-27 20:21:33.890095335,0.0
Case95,Create Request for Quotation,res_e7076424-2dd7-4a08-b0de-97117a6f70ea,Role 3,2011-07-27 20:52:56.128602335,54,0,res_e7076424-2dd7-4a08-b0de-97117a6f70ea,2011-07-27 20:29:19.096647335,0.0
Case73,Deliver Goods Services,res_ebf4417c-e466-4e63-b2ef-9810ab2f3fab,Role 2,2011-07-27 21:32:14.786446500,54,2,res_ebf4417c-e466-4e63-b2ef-9810ab2f3fab,2011-07-27 21:31:14.629125500,0.6
Case92,Analyze Request for Quotation,res_d87b7ca4-82e8-429d-a51e-3fa262959b2e,Role 4,2011-07-27 23:39:58.071492433,54,0,res_d87b7ca4-82e8-429d-a51e-3fa262959b2e,2011-07-27 23:21:25.149753433,0.3333333333333333
Case92,Amend Request for Quotation,res_1f8b28e3-44a0-42b4-be1d-b215ef1dce2e,Role 1,2011-07-28 00:56:36.498511433,54,0,res_1f8b28e3-44a0-42b4-be1d-b215ef1dce2e,2011-07-28 00:32:37.087724433,0.07142857142857142
Case88,Send Request for Quotation to Supplier,res_a73236a5-1060-49de-a81b-c97f7a3f3deb,Role 4,2011-07-28 01:44:25.434167721,54,0,res_a73236a5-1060-49de-a81b-c97f7a3f3deb,2011-07-27 22:11:39.514138721,0.0
Case85,Analyze Request for Quotation,res_d87b7ca4-82e8-429d-a51e-3fa262959b2e,Role 4,2011-07-28 01:51:28.453850547,54,0,res_d87b7ca4-82e8-429d-a51e-3fa262959b2e,2011-07-28 01:32:05.507814547,0.3333333333333333
Case96,Create Purchase Requisition,res_6d2b908c-c05f-4e8b-b809-1aaa84ed5b50,Role 1,2011-07-28 02:29:10.273401648,55,0,res_6d2b908c-c05f-4e8b-b809-1aaa84ed5b50,2011-07-28 02:21:50.497222648,0.07142857142857142
Case73,Release Purchase Order,res_1f8b28e3-44a0-42b4-be1d-b215ef1dce2e,Role 1,2011-07-28 04:20:16.483510500,55,0,res_1f8b28e3-44a0-42b4-be1d-b215ef1dce2e,2011-07-28 04:19:17.914992500,0.07142857142857142
Case71,Deliver Goods Services,res_f824661e-8353-4357-8816-ac40cd4e6ae2,Role 2,2011-07-28 04:31:57.864780126,55,2,res_f824661e-8353-4357-8816-ac40cd4e6ae2,2011-07-28 04:30:57.577316126,0.6
Case72,Approve Purchase Order for payment,res_d87b7ca4-82e8-429d-a51e-3fa262959b2e,Role 4,2011-07-28 04:32:57.453618386,55,0,res_d87b7ca4-82e8-429d-a51e-3fa262959b2e,2011-07-28 04:32:57.453618386,0.0
Case84,Choose best option,res_d6a5315a-cebc-4bf4-8c1e-0b864f8862f1,Role 1,2011-07-28 04:48:02.228646528,54,0,res_d6a5315a-cebc-4bf4-8c1e-0b864f8862f1,2011-07-27 19:59:41.509015528,0.0
Case96,Create Request for Quotation,res_e7076424-2dd7-4a08-b0de-97117a6f70ea,Role 3,2011-07-28 07:36:00.123179648,55,0,res_e7076424-2dd7-4a08-b0de-97117a6f70ea,2011-07-28 07:16:20.827592648,0.0
Case88,Create Quotation comparison Map,res_a73236a5-1060-49de-a81b-c97f7a3f3deb,Role 4,2011-07-28 07:44:44.384154721,55,0,res_a73236a5-1060-49de-a81b-c97f7a3f3deb,2011-07-28 07:27:24.660168721,0.0
Case55,Release Supplier's Invoice,res_3dcffc60-1cf8-4166-8b75-95dd77678419,Role 5,2011-07-28 08:27:38.506279346,55,0,res_3dcffc60-1cf8-4166-8b75-95dd77678419,2011-07-28 08:27:38.506279346,0.0
Case55,Authorize Supplier's Invoice payment,res_3dcffc60-1cf8-4166-8b75-95dd77678419,Role 5,2011-07-28 08:36:15.803583346,55,0,res_3dcffc60-1cf8-4166-8b75-95dd77678419,2011-07-28 08:27:38.569639346,0.0
Case55,Pay Invoice,res_3dcffc60-1cf8-4166-8b75-95dd77678419,Role 5,2011-07-28 09:06:14.289720346,55,0,res_3dcffc60-1cf8-4166-8b75-95dd77678419,2011-07-28 09:06:14.289720346,0.0
Case97,Create Purchase Requisition,res_e4ac65d6-1347-4f1d-9e8d-4199a14d0833,Role 1,2011-07-28 09:24:16.342253761,55,0,res_e4ac65d6-1347-4f1d-9e8d-4199a14d0833,2011-07-28 09:16:26.541414761,0.0
Case90,Analyze Request for Quotation,res_797de6b1-c4c4-49c7-8aa3-243d7c8fa115,Role 4,2011-07-28 11:02:19.009595799,55,0,res_797de6b1-c4c4-49c7-8aa3-243d7c8fa115,2011-07-28 10:44:59.433483799,0.0
Case71,Release Purchase Order,res_8379a331-4e8d-4601-bc47-dbea4b499710,Role 1,2011-07-28 11:14:08.431355126,55,0,res_8379a331-4e8d-4601-bc47-dbea4b499710,2011-07-28 11:13:09.429721126,0.0
Case86,Analyze Request for Quotation,res_a73236a5-1060-49de-a81b-c97f7a3f3deb,Role 4,2011-07-28 11:41:58.480217878,55,0,res_a73236a5-1060-49de-a81b-c97f7a3f3deb,2011-07-28 11:25:13.632324878,0.0
Case93,Analyze Request for Quotation,res_a73236a5-1060-49de-a81b-c97f7a3f3deb,Role 4,2011-07-28 13:40:46.979840677,55,0,res_a73236a5-1060-49de-a81b-c97f7a3f3deb,2011-07-28 13:25:40.630259677,0.0
Case84,Settle Conditions With Supplier,res_a73236a5-1060-49de-a81b-c97f7a3f3deb,Role 4,2011-07-28 13:46:55.156042528,55,1,res_a73236a5-1060-49de-a81b-c97f7a3f3deb,2011-07-28 13:36:49.564586528,0.3333333333333333
Case88,Analyze Quotation Comparison Map,res_cb054568-8f77-4268-84c1-23b7dbf2368a,Role 1,2011-07-28 14:03:04.546217721,55,0,res_cb054568-8f77-4268-84c1-23b7dbf2368a,2011-07-28 14:03:04.546217721,0.0
Case80,Confirm Purchase Order,res_f824661e-8353-4357-8816-ac40cd4e6ae2,Role 2,2011-07-28 14:53:51.520898498,54,0,res_f824661e-8353-4357-8816-ac40cd4e6ae2,2011-07-27 15:38:06.765090498,0.0
Case78,Analyze Request for Quotation,res_d87b7ca4-82e8-429d-a51e-3fa262959b2e,Role 4,2011-07-28 15:33:06.415894854,55,0,res_d87b7ca4-82e8-429d-a51e-3fa262959b2e,2011-07-28 15:15:07.782912854,0.0
Case73,Approve Purchase Order for payment,res_797de6b1-c4c4-49c7-8aa3-243d7c8fa115,Role 4,2011-07-28 16:40:47.028946500,55,0,res_797de6b1-c4c4-49c7-8aa3-243d7c8fa115,2011-07-28 16:40:47.028946500,0.0
Case78,Amend Request for Quotation,res_204ff2af-f6ac-4bc9-bde1-9c7913fa4ce1,Role 1,2011-07-28 16:52:59.915620854,55,0,res_204ff2af-f6ac-4bc9-bde1-9c7913fa4ce1,2011-07-28 16:28:09.503878854,0.07142857142857142
Case77,Confirm Purchase Order,res_f824661e-8353-4357-8816-ac40cd4e6ae2,Role 2,2011-07-28 16:54:04.809034399,54,1,res_f824661e-8353-4357-8816-ac40cd4e6ae2,2011-07-27 18:26:44.421820399,0.2
Case98,Create Purchase Requisition,res_bf67f70d-b145-4e3a-93f5-1ca3a08da4e2,Role 1,2011-07-28 18:07:18.535563000,56,0,res_bf67f70d-b145-4e3a-93f5-1ca3a08da4e2,2011-07-28 18:00:00.000000000,0.07142857142857142
Case79,Confirm Purchase Order,res_1ba37c0c-fbd8-4ebc-a687-57c232d851f1,Role 2,2011-07-28 20:14:19.271010437,54,2,res_1ba37c0c-fbd8-4ebc-a687-57c232d851f1,2011-07-27 21:03:18.913852437,0.4
Case88,Choose best option,res_e4ac65d6-1347-4f1d-9e8d-4199a14d0833,Role 1,2011-07-28 21:48:37.866969721,55,0,res_e4ac65d6-1347-4f1d-9e8d-4199a14d0833,2011-07-28 14:03:04.561004721,0.0
Case82,Send Request for Quotation to Supplier,res_797de6b1-c4c4-49c7-8aa3-243d7c8fa115,Role 4,2011-07-28 21:48:52.615042093,55,0,res_797de6b1-c4c4-49c7-8aa3-243d7c8fa115,2011-07-28 17:57:59.033820093,0.0
Case71,Approve Purchase Order for payment,res_797de6b1-c4c4-49c7-8aa3-243d7c8fa115,Role 4,2011-07-28 22:36:03.765486126,56,0,res_797de6b1-c4c4-49c7-8aa3-243d7c8fa115,2011-07-28 22:36:03.765486126,0.0
Case97,Analyze Purchase Requisition,res_e7076424-2dd7-4a08-b0de-97117a6f70ea,Role 3,2011-07-29 00:42:07.610110761,56,0,res_e7076424-2dd7-4a08-b0de-97117a6f70ea,2011-07-29 00:39:44.535514761,0.0
Case98,Create Request for Quotation,res_e7076424-2dd7-4a08-b0de-97117a6f70ea,Role 3,2011-07-29 01:03:57.060214000,56,1,res_e7076424-2dd7-4a08-b0de-97117a6f70ea,2011-07-29 00:49:58.648904000,0.3333333333333333
Case97,Create Request for Quotation,res_e7076424-2dd7-4a08-b0de-97117a6f70ea,Role 3,2011-07-29 01:12:55.059593761,56,0,res_e7076424-2dd7-4a08-b0de-97117a6f70ea,2011-07-29 00:47:22.509728761,0.0
Case84,Create Purchase Order,res_d87b7ca4-82e8-429d-a51e-3fa262959b2e,Role 4,2011-07-29 02:25:58.414280528,56,0,res_d87b7ca4-82e8-429d-a51e-3fa262959b2e,2011-07-29 02:05:59.174970528,0.0
Case82,Create Quotation comparison Map,res_797de6b1-c4c4-49c7-8aa3-243d7c8fa115,Role 4,2011-07-29 04:23:55.570666093,56,0,res_797de6b1-c4c4-49c7-8aa3-243d7c8fa115,2011-07-29 04:06:44.109613093,0.0
Case72,Send Invoice,res_32e7a9ee-ab70-476e-9532-94401c2126b1,Role 2,2011-07-29 04:58:57.033219386,56,0,res_32e7a9ee-ab70-476e-9532-94401c2126b1,2011-07-29 04:54:32.143983386,0.0
Case88,Settle Conditions With Supplier,res_d87b7ca4-82e8-429d-a51e-3fa262959b2e,Role 4,2011-07-29 08:04:43.061544721,56,1,res_d87b7ca4-82e8-429d-a51e-3fa262959b2e,2011-07-29 07:54:32.427656721,0.0
Case94,Analyze Request for Quotation,res_797de6b1-c4c4-49c7-8aa3-243d7c8fa115,Role 4,2011-07-29 08:42:08.499370667,56,0,res_797de6b1-c4c4-49c7-8aa3-243d7c8fa115,2011-07-29 08:24:18.767097667,0.0
Case82,Analyze Quotation Comparison Map,res_1ee7f6ed-53f5-4a4b-915f-6dbb784cb36d,Role 1,2011-07-29 10:59:36.838867093,55,0,res_1ee7f6ed-53f5-4a4b-915f-6dbb784cb36d,2011-07-29 10:59:36.838867093,0.0
Case85,Send Request for Quotation to Supplier,res_797de6b1-c4c4-49c7-8aa3-243d7c8fa115,Role 4,2011-07-29 14:27:43.541232547,55,0,res_797de6b1-c4c4-49c7-8aa3-243d7c8fa115,2011-07-29 10:54:39.442451547,0.0
Case72,Release Supplier's Invoice,res_3dcffc60-1cf8-4166-8b75-95dd77678419,Role 5,2011-07-29 18:13:13.486742386,55,0,res_3dcffc60-1cf8-4166-8b75-95dd77678419,2011-07-29 18:13:13.486742386,0.0
Case82,Choose best option,res_204ff2af-f6ac-4bc9-bde1-9c7913fa4ce1,Role 1,2011-07-29 18:14:35.621852093,55,0,res_204ff2af-f6ac-4bc9-bde1-9c7913fa4ce1,2011-07-29 10:59:36.857906093,0.0
Case72,Authorize Supplier's Invoice payment,res_3dcffc60-1cf8-4166-8b75-95dd77678419,Role 5,2011-07-29 18:22:30.386032386,55,0,res_3dcffc60-1cf8-4166-8b75-95dd77678419,2011-07-29 18:13:13.568276386,0.0
Case72,Pay Invoice,res_3dcffc60-1cf8-4166-8b75-95dd77678419,Role 5,2011-07-29 18:50:10.398458386,55,0,res_3dcffc60-1cf8-4166-8b75-95dd77678419,2011-07-29 18:50:10.398458386,0.0
Case88,Create Purchase Order,res_d87b7ca4-82e8-429d-a51e-3fa262959b2e,Role 4,2011-07-29 19:37:16.203629721,54,0,res_d87b7ca4-82e8-429d-a51e-3fa262959b2e,2011-07-29 19:15:53.829380721,0.3333333333333333
Case90,Send Request for Quotation to Supplier,res_797de6b1-c4c4-49c7-8aa3-243d7c8fa115,Role 4,2011-07-29 22:20:01.189420799,55,0,res_797de6b1-c4c4-49c7-8aa3-243d7c8fa115,2011-07-29 18:30:52.278660799,0.0
Case85,Create Quotation comparison Map,res_a73236a5-1060-49de-a81b-c97f7a3f3deb,Role 4,2011-07-29 23:12:28.107793547,54,0,res_a73236a5-1060-49de-a81b-c97f7a3f3deb,2011-07-29 22:53:04.683238547,0.3333333333333333
Case73,Send Invoice,res_ebf4417c-e466-4e63-b2ef-9810ab2f3fab,Role 2,2011-07-30 00:15:31.816198500,54,0,res_ebf4417c-e466-4e63-b2ef-9810ab2f3fab,2011-07-30 00:11:19.123604500,0.0
Case71,Send Invoice,res_ebf4417c-e466-4e63-b2ef-9810ab2f3fab,Role 2,2011-07-30 00:24:58.950111126,54,0,res_ebf4417c-e466-4e63-b2ef-9810ab2f3fab,2011-07-30 00:20:30.726209126,0.0
Case86,Send Request for Quotation to Supplier,res_797de6b1-c4c4-49c7-8aa3-243d7c8fa115,Role 4,2011-07-30 00:51:18.575036878,54,1,res_797de6b1-c4c4-49c7-8aa3-243d7c8fa115,2011-07-29 20:50:38.673782878,0.3333333333333333
Case92,Analyze Request for Quotation,res_a73236a5-1060-49de-a81b-c97f7a3f3deb,Role 4,2011-07-30 01:03:59.945377433,54,0,res_a73236a5-1060-49de-a81b-c97f7a3f3deb,2011-07-30 00:44:51.883153433,0.3333333333333333
Case77,Deliver Goods Services,res_f824661e-8353-4357-8816-ac40cd4e6ae2,Role 2,2011-07-30 02:20:22.192978399,54,2,res_f824661e-8353-4357-8816-ac40cd4e6ae2,2011-07-30 02:19:22.337757399,0.0
Case92,Amend Request for Quotation,res_cb054568-8f77-4268-84c1-23b7dbf2368a,Role 1,2011-07-30 02:22:33.920689433,54,0,res_cb054568-8f77-4268-84c1-23b7dbf2368a,2011-07-30 01:58:06.442795433,0.0
Case80,Deliver Goods Services,res_f824661e-8353-4357-8816-ac40cd4e6ae2,Role 2,2011-07-30 04:12:37.731100498,54,2,res_f824661e-8353-4357-8816-ac40cd4e6ae2,2011-07-30 04:11:37.788065498,0.2
Case90,Create Quotation comparison Map,res_d87b7ca4-82e8-429d-a51e-3fa262959b2e,Role 4,2011-07-30 05:03:25.919495799,54,0,res_d87b7ca4-82e8-429d-a51e-3fa262959b2e,2011-07-30 04:45:44.434109799,0.0
Case85,Analyze Quotation Comparison Map,res_d6a5315a-cebc-4bf4-8c1e-0b864f8862f1,Role 1,2011-07-30 05:57:35.676166547,54,0,res_d6a5315a-cebc-4bf4-8c1e-0b864f8862f1,2011-07-30 05:57:35.676166547,0.0
Case86,Create Quotation comparison Map,res_797de6b1-c4c4-49c7-8aa3-243d7c8fa115,Role 4,2011-07-30 06:50:09.827599878,54,0,res_797de6b1-c4c4-49c7-8aa3-243d7c8fa115,2011-07-30 06:32:49.259139878,0.0
Case79,Deliver Goods Services,res_32e7a9ee-ab70-476e-9532-94401c2126b1,Role 2,2011-07-30 06:56:54.775026437,54,2,res_32e7a9ee-ab70-476e-9532-94401c2126b1,2011-07-30 06:55:54.803855437,0.2
Case95,Analyze Request for Quotation,res_a73236a5-1060-49de-a81b-c97f7a3f3deb,Role 4,2011-07-30 08:58:16.828318335,54,0,res_a73236a5-1060-49de-a81b-c97f7a3f3deb,2011-07-30 08:42:02.636060335,0.3333333333333333
Case77,Release Purchase Order,res_bf67f70d-b145-4e3a-93f5-1ca3a08da4e2,Role 1,2011-07-30 09:14:20.393139399,54,0,res_bf67f70d-b145-4e3a-93f5-1ca3a08da4e2,2011-07-30 09:13:22.090376399,0.07142857142857142
Case82,Settle Conditions With Supplier,res_d87b7ca4-82e8-429d-a51e-3fa262959b2e,Role 4,2011-07-30 09:58:46.234124093,54,1,res_d87b7ca4-82e8-429d-a51e-3fa262959b2e,2011-07-30 09:48:44.334020093,0.3333333333333333
Case95,Amend Request for Quotation,res_ea2e6e79-af77-46c7-8846-86f343c41797,Role 1,2011-07-30 10:15:39.468274335,54,0,res_ea2e6e79-af77-46c7-8846-86f343c41797,2011-07-30 09:50:26.791955335,0.07142857142857142
Case93,Send Request for Quotation to Supplier,res_d87b7ca4-82e8-429d-a51e-3fa262959b2e,Role 4,2011-07-30 10:41:07.271501677,54,0,res_d87b7ca4-82e8-429d-a51e-3fa262959b2e,2011-07-30 07:13:04.733448677,0.0
Case80,Release Purchase Order,res_8379a331-4e8d-4601-bc47-dbea4b499710,Role 1,2011-07-30 11:04:17.504332498,54,0,res_8379a331-4e8d-4601-bc47-dbea4b499710,2011-07-30 11:03:19.149911498,0.07142857142857142
Case90,Analyze Quotation Comparison Map,res_ea2e6e79-af77-46c7-8846-86f343c41797,Role 1,2011-07-30 11:39:48.251179799,54,0,res_ea2e6e79-af77-46c7-8846-86f343c41797,2011-07-30 11:39:48.251179799,0.07142857142857142
Case73,Release Supplier's Invoice,res_90e81362-915a-419b-aef1-411e9c3655c8,Role 5,2011-07-30 13:12:46.492666500,54,0,res_90e81362-915a-419b-aef1-411e9c3655c8,2011-07-30 13:12:46.492666500,0.0
Case73,Authorize Supplier's Invoice payment,res_3dcffc60-1cf8-4166-8b75-95dd77678419,Role 5,2011-07-30 13:21:27.019184500,54,0,res_3dcffc60-1cf8-4166-8b75-95dd77678419,2011-07-30 13:12:46.554586500,0.0
Case71,Release Supplier's Invoice,res_3dcffc60-1cf8-4166-8b75-95dd77678419,Role 5,2011-07-30 13:23:07.161004126,54,0,res_3dcffc60-1cf8-4166-8b75-95dd77678419,2011-07-30 13:23:07.161004126,0.0
Case86,Analyze Quotation Comparison Map,res_e4ac65d6-1347-4f1d-9e8d-4199a14d0833,Role 1,2011-07-30 13:24:17.112602878,54,0,res_e4ac65d6-1347-4f1d-9e8d-4199a14d0833,2011-07-30 13:24:17.112602878,0.14285714285714285
Case71,Authorize Supplier's Invoice payment,res_90e81362-915a-419b-aef1-411e9c3655c8,Role 5,2011-07-30 13:31:22.055980126,54,0,res_90e81362-915a-419b-aef1-411e9c3655c8,2011-07-30 13:23:07.221538126,0.0
Case79,Release Purchase Order,res_b3fdc896-3712-49b3-a6eb-902848191856,Role 1,2011-07-30 13:49:39.484481437,54,0,res_b3fdc896-3712-49b3-a6eb-902848191856,2011-07-30 13:48:41.094473437,0.21428571428571427
Case73,Pay Invoice,res_3dcffc60-1cf8-4166-8b75-95dd77678419,Role 5,2011-07-30 13:49:51.922725500,54,0,res_3dcffc60-1cf8-4166-8b75-95dd77678419,2011-07-30 13:49:51.922725500,0.0
Case71,Pay Invoice,res_90e81362-915a-419b-aef1-411e9c3655c8,Role 5,2011-07-30 13:58:59.573795126,53,0,res_90e81362-915a-419b-aef1-411e9c3655c8,2011-07-30 13:58:59.573795126,0.0
Case85,Choose best option,res_ea2e6e79-af77-46c7-8846-86f343c41797,Role 1,2011-07-30 14:42:20.231150547,54,0,res_ea2e6e79-af77-46c7-8846-86f343c41797,2011-07-30 05:57:35.693655547,0.0
Case93,Create Quotation comparison Map,res_a73236a5-1060-49de-a81b-c97f7a3f3deb,Role 4,2011-07-30 17:44:19.967537677,52,0,res_a73236a5-1060-49de-a81b-c97f7a3f3deb,2011-07-30 17:25:46.596878677,0.0
Case90,Choose best option,res_1f8b28e3-44a0-42b4-be1d-b215ef1dce2e,Role 1,2011-07-30 17:59:01.782644799,54,1,res_1f8b28e3-44a0-42b4-be1d-b215ef1dce2e,2011-07-30 11:39:48.278552799,0.07142857142857142
Case77,Approve Purchase Order for payment,res_797de6b1-c4c4-49c7-8aa3-243d7c8fa115,Role 4,2011-07-30 19:47:39.440928399,52,0,res_797de6b1-c4c4-49c7-8aa3-243d7c8fa115,2011-07-30 19:47:39.431392399,0.3333333333333333
Case82,Create Purchase Order,res_a73236a5-1060-49de-a81b-c97f7a3f3deb,Role 4,2011-07-30 19:55:26.415501093,52,0,res_a73236a5-1060-49de-a81b-c97f7a3f3deb,2011-07-30 19:34:41.958483093,0.0
Case86,Choose best option,res_e4ac65d6-1347-4f1d-9e8d-4199a14d0833,Role 1,2011-07-30 20:02:02.177983878,54,2,res_e4ac65d6-1347-4f1d-9e8d-4199a14d0833,2011-07-30 13:24:17.141982878,0.14285714285714285
Case84,Confirm Purchase Order,res_ebf4417c-e466-4e63-b2ef-9810ab2f3fab,Role 2,2011-07-30 21:54:57.184401528,54,0,res_ebf4417c-e466-4e63-b2ef-9810ab2f3fab,2011-07-30 02:38:24.604803528,0.0
Case85,Settle Conditions With Supplier,res_a73236a5-1060-49de-a81b-c97f7a3f3deb,Role 4,2011-07-30 22:50:20.247647547,52,1,res_a73236a5-1060-49de-a81b-c97f7a3f3deb,2011-07-30 22:40:15.862011547,0.0
Case80,Approve Purchase Order for payment,res_d87b7ca4-82e8-429d-a51e-3fa262959b2e,Role 4,2011-07-30 23:08:41.431748498,52,0,res_d87b7ca4-82e8-429d-a51e-3fa262959b2e,2011-07-30 23:08:41.423444498,0.0
Case93,Analyze Quotation Comparison Map,res_1f8b28e3-44a0-42b4-be1d-b215ef1dce2e,Role 1,2011-07-30 23:54:05.955678677,52,0,res_1f8b28e3-44a0-42b4-be1d-b215ef1dce2e,2011-07-30 23:54:05.955678677,0.0
Case79,Approve Purchase Order for payment,res_a73236a5-1060-49de-a81b-c97f7a3f3deb,Role 4,2011-07-31 00:19:12.340386437,52,0,res_a73236a5-1060-49de-a81b-c97f7a3f3deb,2011-07-31 00:19:12.338292437,0.0
Case96,Analyze Request for Quotation,res_a73236a5-1060-49de-a81b-c97f7a3f3deb,Role 4,2011-07-31 01:04:57.103099648,52,0,res_a73236a5-1060-49de-a81b-c97f7a3f3deb,2011-07-31 00:49:24.955448648,0.0
Case90,Settle Conditions With Supplier,res_a73236a5-1060-49de-a81b-c97f7a3f3deb,Role 4,2011-07-31 03:05:06.336340799,51,1,res_a73236a5-1060-49de-a81b-c97f7a3f3deb,2011-07-31 02:55:04.748364799,0.0
Case85,Create Purchase Order,res_d87b7ca4-82e8-429d-a51e-3fa262959b2e,Role 4,2011-07-31 06:49:00.553138547,51,0,res_d87b7ca4-82e8-429d-a51e-3fa262959b2e,2011-07-31 06:29:09.547449547,0.0
Case86,Settle Conditions With Supplier,res_797de6b1-c4c4-49c7-8aa3-243d7c8fa115,Role 4,2011-07-31 06:54:22.612132878,51,1,res_797de6b1-c4c4-49c7-8aa3-243d7c8fa115,2011-07-31 06:44:19.454984878,0.3333333333333333
Case93,Choose best option,res_4d3152b3-7159-48aa-af58-192f168ff55c,Role 1,2011-07-31 09:03:39.023068677,52,0,res_4d3152b3-7159-48aa-af58-192f168ff55c,2011-07-30 23:54:05.986457677,0.0
Case90,Create Purchase Order,res_797de6b1-c4c4-49c7-8aa3-243d7c8fa115,Role 4,2011-07-31 09:57:04.296000799,51,0,res_797de6b1-c4c4-49c7-8aa3-243d7c8fa115,2011-07-31 09:39:47.248844799,0.0
Case86,Create Purchase Order,res_d87b7ca4-82e8-429d-a51e-3fa262959b2e,Role 4,2011-07-31 14:07:08.705708878,51,0,res_d87b7ca4-82e8-429d-a51e-3fa262959b2e,2011-07-31 13:49:50.775133878,0.0
Case93,Settle Conditions With Supplier,res_d87b7ca4-82e8-429d-a51e-3fa262959b2e,Role 4,2011-07-31 15:18:43.948518677,51,1,res_d87b7ca4-82e8-429d-a51e-3fa262959b2e,2011-07-31 15:08:50.344550677,0.0
Case77,Send Invoice,res_f824661e-8353-4357-8816-ac40cd4e6ae2,Role 2,2011-07-31 16:31:20.650038399,51,0,res_f824661e-8353-4357-8816-ac40cd4e6ae2,2011-07-31 16:27:18.188408399,0.4
Case79,Send Invoice,res_1ba37c0c-fbd8-4ebc-a687-57c232d851f1,Role 2,2011-07-31 19:54:14.353956437,51,0,res_1ba37c0c-fbd8-4ebc-a687-57c232d851f1,2011-07-31 19:49:59.545653437,0.4
Case97,Analyze Request for Quotation,res_d87b7ca4-82e8-429d-a51e-3fa262959b2e,Role 4,2011-07-31 20:01:48.673592761,51,0,res_d87b7ca4-82e8-429d-a51e-3fa262959b2e,2011-07-31 19:45:22.480170761,0.0
Case88,Confirm Purchase Order,res_50846b29-5953-48db-9ac9-c9c6c5225e03,Role 2,2011-07-31 20:06:47.192853721,52,1,res_50846b29-5953-48db-9ac9-c9c6c5225e03,2011-07-30 19:13:23.928786721,0.2
Case97,Amend Request for Quotation,res_ea2e6e79-af77-46c7-8846-86f343c41797,Role 1,2011-07-31 21:17:42.215450761,51,0,res_ea2e6e79-af77-46c7-8846-86f343c41797,2011-07-31 20:53:20.490508761,0.0
Case93,Create Purchase Order,res_d87b7ca4-82e8-429d-a51e-3fa262959b2e,Role 4,2011-07-31 21:46:19.900152677,51,0,res_d87b7ca4-82e8-429d-a51e-3fa262959b2e,2011-07-31 21:24:43.826162677,0.0
Case92,Analyze Request for Quotation,res_d87b7ca4-82e8-429d-a51e-3fa262959b2e,Role 4,2011-07-31 23:06:20.717154433,51,0,res_d87b7ca4-82e8-429d-a51e-3fa262959b2e,2011-07-31 22:46:40.884525433,0.0
Case80,Send Invoice,res_32e7a9ee-ab70-476e-9532-94401c2126b1,Role 2,2011-08-01 02:05:52.631816498,50,0,res_32e7a9ee-ab70-476e-9532-94401c2126b1,2011-08-01 02:01:40.743363498,0.6
Case77,Release Supplier's Invoice,res_90e81362-915a-419b-aef1-411e9c3655c8,Role 5,2011-08-01 04:44:59.215701399,50,0,res_90e81362-915a-419b-aef1-411e9c3655c8,2011-08-01 04:44:59.215701399,0.0
Case77,Authorize Supplier's Invoice payment,res_3dcffc60-1cf8-4166-8b75-95dd77678419,Role 5,2011-08-01 04:52:44.507700399,50,0,res_3dcffc60-1cf8-4166-8b75-95dd77678419,2011-08-01 04:44:59.271477399,0.0
Case77,Pay Invoice,res_3dcffc60-1cf8-4166-8b75-95dd77678419,Role 5,2011-08-01 05:21:13.950561399,50,0,res_3dcffc60-1cf8-4166-8b75-95dd77678419,2011-08-01 05:21:13.950561399,0.0
Case79,Release Supplier's Invoice,res_90e81362-915a-419b-aef1-411e9c3655c8,Role 5,2011-08-01 08:14:22.616666437,49,0,res_90e81362-915a-419b-aef1-411e9c3655c8,2011-08-01 08:14:22.616666437,0.0
Case79,Authorize Supplier's Invoice payment,res_90e81362-915a-419b-aef1-411e9c3655c8,Role 5,2011-08-01 08:22:13.748384437,49,0,res_90e81362-915a-419b-aef1-411e9c3655c8,2011-08-01 08:14:22.671358437,0.0
Case98,Analyze Request for Quotation,res_797de6b1-c4c4-49c7-8aa3-243d7c8fa115,Role 4,2011-08-01 08:28:38.278285000,49,0,res_797de6b1-c4c4-49c7-8aa3-243d7c8fa115,2011-08-01 08:12:31.572599000,0.0
Case79,Pay Invoice,res_3dcffc60-1cf8-4166-8b75-95dd77678419,Role 5,2011-08-01 08:51:06.092814437,49,0,res_3dcffc60-1cf8-4166-8b75-95dd77678419,2011-08-01 08:51:06.092814437,0.0
Case78,Analyze Request for Quotation,res_a73236a5-1060-49de-a81b-c97f7a3f3deb,Role 4,2011-08-01 09:58:42.910613854,48,0,res_a73236a5-1060-49de-a81b-c97f7a3f3deb,2011-08-01 09:44:01.812461854,0.0
Case84,Deliver Goods Services,res_ebf4417c-e466-4e63-b2ef-9810ab2f3fab,Role 2,2011-08-01 10:56:37.682426528,48,2,res_ebf4417c-e466-4e63-b2ef-9810ab2f3fab,2011-08-01 10:55:37.253178528,0.8
Case82,Confirm Purchase Order,res_50846b29-5953-48db-9ac9-c9c6c5225e03,Role 2,2011-08-01 13:59:45.746155093,51,1,res_50846b29-5953-48db-9ac9-c9c6c5225e03,2011-07-31 12:54:52.366402093,0.2
Case80,Release Supplier's Invoice,res_3dcffc60-1cf8-4166-8b75-95dd77678419,Role 5,2011-08-01 14:35:51.360322498,48,0,res_3dcffc60-1cf8-4166-8b75-95dd77678419,2011-08-01 14:35:51.360322498,0.0
Case80,Authorize Supplier's Invoice payment,res_90e81362-915a-419b-aef1-411e9c3655c8,Role 5,2011-08-01 14:44:07.323969498,48,0,res_90e81362-915a-419b-aef1-411e9c3655c8,2011-08-01 14:35:51.424203498,0.0
Case80,Pay Invoice,res_3dcffc60-1cf8-4166-8b75-95dd77678419,Role 5,2011-08-01 15:12:28.054803498,48,0,res_3dcffc60-1cf8-4166-8b75-95dd77678419,2011-08-01 15:12:28.054803498,0.0
Case95,Analyze Request for Quotation,res_a73236a5-1060-49de-a81b-c97f7a3f3deb,Role 4,2011-08-01 15:34:59.836252335,47,0,res_a73236a5-1060-49de-a81b-c97f7a3f3deb,2011-08-01 15:18:33.103226335,0.0
Case84,Release Purchase Order,res_cb054568-8f77-4268-84c1-23b7dbf2368a,Role 1,2011-08-01 17:58:25.742165528,47,0,res_cb054568-8f77-4268-84c1-23b7dbf2368a,2011-08-01 17:57:27.404496528,0.0
Case85,Confirm Purchase Order,res_50846b29-5953-48db-9ac9-c9c6c5225e03,Role 2,2011-08-01 23:35:51.899587547,50,2,res_50846b29-5953-48db-9ac9-c9c6c5225e03,2011-08-01 01:41:50.771675547,0.4
Case90,Confirm Purchase Order,res_50846b29-5953-48db-9ac9-c9c6c5225e03,Role 2,2011-08-02 00:16:14.886397799,50,1,res_50846b29-5953-48db-9ac9-c9c6c5225e03,2011-08-01 01:31:27.281982799,0.2
Case84,Approve Purchase Order for payment,res_797de6b1-c4c4-49c7-8aa3-243d7c8fa115,Role 4,2011-08-02 04:39:10.916211528,47,0,res_797de6b1-c4c4-49c7-8aa3-243d7c8fa115,2011-08-02 04:39:10.916211528,0.0
Case88,Deliver Goods Services,res_32e7a9ee-ab70-476e-9532-94401c2126b1,Role 2,2011-08-02 05:53:10.033101721,47,2,res_32e7a9ee-ab70-476e-9532-94401c2126b1,2011-08-02 05:52:09.914349721,0.4
Case86,Confirm Purchase Order,res_32e7a9ee-ab70-476e-9532-94401c2126b1,Role 2,2011-08-02 07:14:22.201019878,49,3,res_32e7a9ee-ab70-476e-9532-94401c2126b1,2011-08-01 06:20:36.716343878,0.6
Case95,Send Request for Quotation to Supplier,res_d87b7ca4-82e8-429d-a51e-3fa262959b2e,Role 4,2011-08-02 10:47:44.493704335,47,0,res_d87b7ca4-82e8-429d-a51e-3fa262959b2e,2011-08-02 07:20:39.918191335,0.0
Case88,Release Purchase Order,res_204ff2af-f6ac-4bc9-bde1-9c7913fa4ce1,Role 1,2011-08-02 12:53:39.319252721,47,0,res_204ff2af-f6ac-4bc9-bde1-9c7913fa4ce1,2011-08-02 12:52:40.941024721,0.0
Case98,Send Request for Quotation to Supplier,res_a73236a5-1060-49de-a81b-c97f7a3f3deb,Role 4,2011-08-02 13:59:02.892348000,47,0,res_a73236a5-1060-49de-a81b-c97f7a3f3deb,2011-08-02 11:23:39.683347000,0.0
Case93,Confirm Purchase Order,res_32e7a9ee-ab70-476e-9532-94401c2126b1,Role 2,2011-08-02 15:20:04.323388677,47,3,res_32e7a9ee-ab70-476e-9532-94401c2126b1,2011-08-01 16:42:13.618880677,0.6
Case95,Create Quotation comparison Map,res_d87b7ca4-82e8-429d-a51e-3fa262959b2e,Role 4,2011-08-02 16:41:04.298482335,47,0,res_d87b7ca4-82e8-429d-a51e-3fa262959b2e,2011-08-02 16:24:25.380876335,0.0
Case98,Create Quotation comparison Map,res_797de6b1-c4c4-49c7-8aa3-243d7c8fa115,Role 4,2011-08-02 18:45:27.482619000,47,0,res_797de6b1-c4c4-49c7-8aa3-243d7c8fa115,2011-08-02 18:29:09.752689000,0.0
Case82,Deliver Goods Services,res_32e7a9ee-ab70-476e-9532-94401c2126b1,Role 2,2011-08-02 20:08:40.231747093,47,2,res_32e7a9ee-ab70-476e-9532-94401c2126b1,2011-08-02 20:07:40.003375093,0.0
Case95,Analyze Quotation Comparison Map,res_6d2b908c-c05f-4e8b-b809-1aaa84ed5b50,Role 1,2011-08-02 22:23:25.973398335,47,0,res_6d2b908c-c05f-4e8b-b809-1aaa84ed5b50,2011-08-02 22:23:25.973398335,0.0
Case88,Approve Purchase Order for payment,res_d87b7ca4-82e8-429d-a51e-3fa262959b2e,Role 4,2011-08-02 23:01:06.883280721,47,0,res_d87b7ca4-82e8-429d-a51e-3fa262959b2e,2011-08-02 23:01:06.883280721,0.0
Case84,Send Invoice,res_32e7a9ee-ab70-476e-9532-94401c2126b1,Role 2,2011-08-03 00:54:36.883703528,47,0,res_32e7a9ee-ab70-476e-9532-94401c2126b1,2011-08-03 00:50:12.132881528,0.0
Case98,Analyze Quotation Comparison Map,res_e89e96e3-87e7-41ff-bc99-a6270900f410,Role 1,2011-08-03 00:55:53.081054000,47,0,res_e89e96e3-87e7-41ff-bc99-a6270900f410,2011-08-03 00:55:53.073693000,0.07142857142857142
Case82,Release Purchase Order,res_6d2b908c-c05f-4e8b-b809-1aaa84ed5b50,Role 1,2011-08-03 03:09:16.339196093,47,0,res_6d2b908c-c05f-4e8b-b809-1aaa84ed5b50,2011-08-03 03:08:18.246390093,0.14285714285714285
Case90,Deliver Goods Services,res_ebf4417c-e466-4e63-b2ef-9810ab2f3fab,Role 2,2011-08-03 03:14:59.569589799,47,2,res_ebf4417c-e466-4e63-b2ef-9810ab2f3fab,2011-08-03 03:13:59.260642799,0.0
Case85,Deliver Goods Services,res_1ba37c0c-fbd8-4ebc-a687-57c232d851f1,Role 2,2011-08-03 04:04:24.614538547,47,2,res_1ba37c0c-fbd8-4ebc-a687-57c232d851f1,2011-08-03 04:03:24.535409547,0.0
Case95,Choose best option,res_d6a5315a-cebc-4bf4-8c1e-0b864f8862f1,Role 1,2011-08-03 05:03:00.970462335,47,0,res_d6a5315a-cebc-4bf4-8c1e-0b864f8862f1,2011-08-02 22:23:26.022412335,0.0
Case78,Send Request for Quotation to Supplier,res_797de6b1-c4c4-49c7-8aa3-243d7c8fa115,Role 4,2011-08-03 05:46:55.517423854,47,0,res_797de6b1-c4c4-49c7-8aa3-243d7c8fa115,2011-08-03 02:30:56.526402854,0.0
Case97,Analyze Request for Quotation,res_d87b7ca4-82e8-429d-a51e-3fa262959b2e,Role 4,2011-08-03 06:36:52.948866761,47,0,res_d87b7ca4-82e8-429d-a51e-3fa262959b2e,2011-08-03 06:18:41.417088761,0.0
Case97,Amend Request for Quotation,res_ea2e6e79-af77-46c7-8846-86f343c41797,Role 1,2011-08-03 07:54:08.194947761,47,0,res_ea2e6e79-af77-46c7-8846-86f343c41797,2011-08-03 07:30:14.063142761,0.07142857142857142
Case98,Choose best option,res_e89e96e3-87e7-41ff-bc99-a6270900f410,Role 1,2011-08-03 07:57:04.051784000,47,1,res_e89e96e3-87e7-41ff-bc99-a6270900f410,2011-08-03 00:55:53.105469000,0.07142857142857142
Case86,Deliver Goods Services,res_32e7a9ee-ab70-476e-9532-94401c2126b1,Role 2,2011-08-03 09:48:33.332897878,47,2,res_32e7a9ee-ab70-476e-9532-94401c2126b1,2011-08-03 09:47:33.344715878,0.0
Case90,Release Purchase Order,res_8379a331-4e8d-4601-bc47-dbea4b499710,Role 1,2011-08-03 09:59:09.741328799,47,0,res_8379a331-4e8d-4601-bc47-dbea4b499710,2011-08-03 09:58:10.970939799,0.0
Case85,Release Purchase Order,res_b3fdc896-3712-49b3-a6eb-902848191856,Role 1,2011-08-03 10:53:04.684972547,47,0,res_b3fdc896-3712-49b3-a6eb-902848191856,2011-08-03 10:52:05.599678547,0.0
Case78,Create Quotation comparison Map,res_d87b7ca4-82e8-429d-a51e-3fa262959b2e,Role 4,2011-08-03 14:02:48.025576854,47,0,res_d87b7ca4-82e8-429d-a51e-3fa262959b2e,2011-08-03 13:46:54.452017854,0.0
Case84,Release Supplier's Invoice,res_3dcffc60-1cf8-4166-8b75-95dd77678419,Role 5,2011-08-03 14:05:48.126969528,47,0,res_3dcffc60-1cf8-4166-8b75-95dd77678419,2011-08-03 14:05:48.126969528,0.0
Case84,Authorize Supplier's Invoice payment,res_90e81362-915a-419b-aef1-411e9c3655c8,Role 5,2011-08-03 14:14:11.798835528,47,0,res_90e81362-915a-419b-aef1-411e9c3655c8,2011-08-03 14:05:48.208794528,0.0
Case82,Approve Purchase Order for payment,res_a73236a5-1060-49de-a81b-c97f7a3f3deb,Role 4,2011-08-03 14:22:42.296620093,47,0,res_a73236a5-1060-49de-a81b-c97f7a3f3deb,2011-08-03 14:22:42.292636093,0.0
Case84,Pay Invoice,res_90e81362-915a-419b-aef1-411e9c3655c8,Role 5,2011-08-03 14:42:58.804725528,47,0,res_90e81362-915a-419b-aef1-411e9c3655c8,2011-08-03 14:42:58.804725528,0.0
Case98,Settle Conditions With Supplier,res_d87b7ca4-82e8-429d-a51e-3fa262959b2e,Role 4,2011-08-03 15:50:44.540487000,46,1,res_d87b7ca4-82e8-429d-a51e-3fa262959b2e,2011-08-03 15:41:05.493777000,0.0
Case88,Send Invoice,res_1ba37c0c-fbd8-4ebc-a687-57c232d851f1,Role 2,2011-08-03 16:00:54.964973721,46,0,res_1ba37c0c-fbd8-4ebc-a687-57c232d851f1,2011-08-03 15:56:38.783050721,0.0
Case86,Release Purchase Order,res_6d2b908c-c05f-4e8b-b809-1aaa84ed5b50,Role 1,2011-08-03 16:31:53.433533878,46,0,res_6d2b908c-c05f-4e8b-b809-1aaa84ed5b50,2011-08-03 16:30:55.618439878,0.0
Case95,Settle Conditions With Supplier,res_d87b7ca4-82e8-429d-a51e-3fa262959b2e,Role 4,2011-08-03 16:45:35.498658335,46,1,res_d87b7ca4-82e8-429d-a51e-3fa262959b2e,2011-08-03 16:35:32.003492335,0.0
Case93,Deliver Goods Services,res_50846b29-5953-48db-9ac9-c9c6c5225e03,Role 2,2011-08-03 19:40:09.870261677,46,2,res_50846b29-5953-48db-9ac9-c9c6c5225e03,2011-08-03 19:39:09.749557677,0.0
Case90,Approve Purchase Order for payment,res_a73236a5-1060-49de-a81b-c97f7a3f3deb,Role 4,2011-08-03 21:03:22.340059799,46,0,res_a73236a5-1060-49de-a81b-c97f7a3f3deb,2011-08-03 21:03:22.340059799,0.0
Case78,Analyze Quotation Comparison Map,res_b3fdc896-3712-49b3-a6eb-902848191856,Role 1,2011-08-03 21:07:40.949154854,46,0,res_b3fdc896-3712-49b3-a6eb-902848191856,2011-08-03 21:07:40.949154854,0.0
Case85,Approve Purchase Order for payment,res_797de6b1-c4c4-49c7-8aa3-243d7c8fa115,Role 4,2011-08-03 22:08:23.047149547,46,0,res_797de6b1-c4c4-49c7-8aa3-243d7c8fa115,2011-08-03 22:08:23.047149547,0.0
Case98,Create Purchase Order,res_d87b7ca4-82e8-429d-a51e-3fa262959b2e,Role 4,2011-08-04 01:41:56.672592000,46,0,res_d87b7ca4-82e8-429d-a51e-3fa262959b2e,2011-08-04 01:17:16.361949000,0.0
Case93,Release Purchase Order,res_c664fa83-aac9-4455-b8cf-fbcb9a8f2997,Role 1,2011-08-04 02:33:42.858992677,46,0,res_c664fa83-aac9-4455-b8cf-fbcb9a8f2997,2011-08-04 02:32:44.564174677,0.07142857142857142
Case86,Approve Purchase Order for payment,res_a73236a5-1060-49de-a81b-c97f7a3f3deb,Role 4,2011-08-04 03:43:48.700258878,46,0,res_a73236a5-1060-49de-a81b-c97f7a3f3deb,2011-08-04 03:43:48.700258878,0.3333333333333333
Case95,Create Purchase Order,res_a73236a5-1060-49de-a81b-c97f7a3f3deb,Role 4,2011-08-04 03:52:22.175471335,46,0,res_a73236a5-1060-49de-a81b-c97f7a3f3deb,2011-08-04 03:32:40.517666335,0.0
Case78,Choose best option,res_1f8b28e3-44a0-42b4-be1d-b215ef1dce2e,Role 1,2011-08-04 04:00:09.515694854,46,0,res_1f8b28e3-44a0-42b4-be1d-b215ef1dce2e,2011-08-03 21:07:40.982929854,0.0
Case88,Release Supplier's Invoice,res_90e81362-915a-419b-aef1-411e9c3655c8,Role 5,2011-08-04 05:09:46.746106721,46,0,res_90e81362-915a-419b-aef1-411e9c3655c8,2011-08-04 05:09:46.746106721,0.0
Case88,Authorize Supplier's Invoice payment,res_90e81362-915a-419b-aef1-411e9c3655c8,Role 5,2011-08-04 05:18:36.743875721,46,0,res_90e81362-915a-419b-aef1-411e9c3655c8,2011-08-04 05:09:46.808873721,0.0
Case88,Pay Invoice,res_90e81362-915a-419b-aef1-411e9c3655c8,Role 5,2011-08-04 05:49:23.252080721,46,0,res_90e81362-915a-419b-aef1-411e9c3655c8,2011-08-04 05:49:23.252080721,0.0
Case82,Send Invoice,res_f824661e-8353-4357-8816-ac40cd4e6ae2,Role 2,2011-08-04 09:00:54.171208093,45,0,res_f824661e-8353-4357-8816-ac40cd4e6ae2,2011-08-04 08:56:58.630067093,0.0
Case93,Approve Purchase Order for payment,res_d87b7ca4-82e8-429d-a51e-3fa262959b2e,Role 4,2011-08-04 14:20:04.713460677,45,0,res_d87b7ca4-82e8-429d-a51e-3fa262959b2e,2011-08-04 14:20:04.707962677,0.3333333333333333
Case78,Settle Conditions With Supplier,res_a73236a5-1060-49de-a81b-c97f7a3f3deb,Role 4,2011-08-04 14:28:56.807523854,45,1,res_a73236a5-1060-49de-a81b-c97f7a3f3deb,2011-08-04 14:18:57.064290854,0.0
Case90,Send Invoice,res_ebf4417c-e466-4e63-b2ef-9810ab2f3fab,Role 2,2011-08-04 17:27:18.833924799,45,0,res_ebf4417c-e466-4e63-b2ef-9810ab2f3fab,2011-08-04 17:22:58.719787799,0.2
Case85,Send Invoice,res_1ba37c0c-fbd8-4ebc-a687-57c232d851f1,Role 2,2011-08-04 18:04:38.772420547,45,0,res_1ba37c0c-fbd8-4ebc-a687-57c232d851f1,2011-08-04 18:00:10.729852547,0.2
Case82,Release Supplier's Invoice,res_90e81362-915a-419b-aef1-411e9c3655c8,Role 5,2011-08-04 21:55:59.071907093,45,0,res_90e81362-915a-419b-aef1-411e9c3655c8,2011-08-04 21:55:59.071907093,0.0
Case82,Authorize Supplier's Invoice payment,res_90e81362-915a-419b-aef1-411e9c3655c8,Role 5,2011-08-04 22:05:16.492188093,45,0,res_90e81362-915a-419b-aef1-411e9c3655c8,2011-08-04 21:55:59.152585093,0.0
Case82,Pay Invoice,res_3dcffc60-1cf8-4166-8b75-95dd77678419,Role 5,2011-08-04 22:34:35.079515093,45,0,res_3dcffc60-1cf8-4166-8b75-95dd77678419,2011-08-04 22:34:35.079515093,0.0
Case78,Create Purchase Order,res_797de6b1-c4c4-49c7-8aa3-243d7c8fa115,Role 4,2011-08-05 01:29:55.340822854,44,0,res_797de6b1-c4c4-49c7-8aa3-243d7c8fa115,2011-08-05 01:08:05.417098854,0.0
Case86,Send Invoice,res_50846b29-5953-48db-9ac9-c9c6c5225e03,Role 2,2011-08-05 03:05:10.514223878,44,0,res_50846b29-5953-48db-9ac9-c9c6c5225e03,2011-08-05 03:00:57.917177878,0.4
Case97,Analyze Request for Quotation,res_a73236a5-1060-49de-a81b-c97f7a3f3deb,Role 4,2011-08-05 04:21:12.529729761,44,0,res_a73236a5-1060-49de-a81b-c97f7a3f3deb,2011-08-05 04:02:50.381639761,0.0
Case97,Amend Request for Quotation,res_ea2e6e79-af77-46c7-8846-86f343c41797,Role 1,2011-08-05 05:41:06.213662761,44,0,res_ea2e6e79-af77-46c7-8846-86f343c41797,2011-08-05 05:15:35.881547761,0.0
Case90,Release Supplier's Invoice,res_3dcffc60-1cf8-4166-8b75-95dd77678419,Role 5,2011-08-05 06:13:27.360302799,44,0,res_3dcffc60-1cf8-4166-8b75-95dd77678419,2011-08-05 06:13:27.360302799,0.0
Case90,Authorize Supplier's Invoice payment,res_90e81362-915a-419b-aef1-411e9c3655c8,Role 5,2011-08-05 06:21:46.441310799,44,0,res_90e81362-915a-419b-aef1-411e9c3655c8,2011-08-05 06:13:27.409791799,0.0
Case90,Pay Invoice,res_3dcffc60-1cf8-4166-8b75-95dd77678419,Role 5,2011-08-05 06:51:40.213435799,44,0,res_3dcffc60-1cf8-4166-8b75-95dd77678419,2011-08-05 06:51:40.213435799,0.0
Case85,Release Supplier's Invoice,res_90e81362-915a-419b-aef1-411e9c3655c8,Role 5,2011-08-05 07:15:37.295660547,43,0,res_90e81362-915a-419b-aef1-411e9c3655c8,2011-08-05 07:15:37.295660547,0.0
Case85,Authorize Supplier's Invoice payment,res_3dcffc60-1cf8-4166-8b75-95dd77678419,Role 5,2011-08-05 07:24:39.248988547,43,0,res_3dcffc60-1cf8-4166-8b75-95dd77678419,2011-08-05 07:15:37.350322547,0.0
Case85,Pay Invoice,res_3dcffc60-1cf8-4166-8b75-95dd77678419,Role 5,2011-08-05 07:54:49.284647547,43,0,res_3dcffc60-1cf8-4166-8b75-95dd77678419,2011-08-05 07:54:49.284647547,0.0
Case95,Confirm Purchase Order,res_50846b29-5953-48db-9ac9-c9c6c5225e03,Role 2,2011-08-05 15:08:04.601537335,45,0,res_50846b29-5953-48db-9ac9-c9c6c5225e03,2011-08-04 17:18:13.158409335,0.0
Case86,Release Supplier's Invoice,res_3dcffc60-1cf8-4166-8b75-95dd77678419,Role 5,2011-08-05 15:52:54.008228878,42,0,res_3dcffc60-1cf8-4166-8b75-95dd77678419,2011-08-05 15:52:54.008228878,0.0
Case86,Authorize Supplier's Invoice payment,res_90e81362-915a-419b-aef1-411e9c3655c8,Role 5,2011-08-05 16:00:26.534424878,42,0,res_90e81362-915a-419b-aef1-411e9c3655c8,2011-08-05 15:52:54.077209878,0.0
Case86,Pay Invoice,res_3dcffc60-1cf8-4166-8b75-95dd77678419,Role 5,2011-08-05 16:27:54.963559878,42,0,res_3dcffc60-1cf8-4166-8b75-95dd77678419,2011-08-05 16:27:54.963559878,0.0
Case93,Send Invoice,res_ebf4417c-e466-4e63-b2ef-9810ab2f3fab,Role 2,2011-08-05 17:59:41.973668677,41,0,res_ebf4417c-e466-4e63-b2ef-9810ab2f3fab,2011-08-05 17:55:35.017670677,0.2
Case98,Confirm Purchase Order,res_f824661e-8353-4357-8816-ac40cd4e6ae2,Role 2,2011-08-05 22:42:41.761525000,44,1,res_f824661e-8353-4357-8816-ac40cd4e6ae2,2011-08-04 23:25:21.271360000,0.2
Case93,Release Supplier's Invoice,res_90e81362-915a-419b-aef1-411e9c3655c8,Role 5,2011-08-06 06:42:13.610969677,41,0,res_90e81362-915a-419b-aef1-411e9c3655c8,2011-08-06 06:42:13.610969677,0.0
Case93,Authorize Supplier's Invoice payment,res_90e81362-915a-419b-aef1-411e9c3655c8,Role 5,2011-08-06 06:51:07.949477677,41,0,res_90e81362-915a-419b-aef1-411e9c3655c8,2011-08-06 06:42:13.659666677,0.0
Case93,Pay Invoice,res_90e81362-915a-419b-aef1-411e9c3655c8,Role 5,2011-08-06 07:21:00.760780677,41,0,res_90e81362-915a-419b-aef1-411e9c3655c8,2011-08-06 07:21:00.760780677,0.0
Case78,Confirm Purchase Order,res_32e7a9ee-ab70-476e-9532-94401c2126b1,Role 2,2011-08-06 17:44:41.503993854,41,1,res_32e7a9ee-ab70-476e-9532-94401c2126b1,2011-08-05 19:25:48.890991854,0.2
Case95,Deliver Goods Services,res_32e7a9ee-ab70-476e-9532-94401c2126b1,Role 2,2011-08-07 02:17:40.388570335,40,2,res_32e7a9ee-ab70-476e-9532-94401c2126b1,2011-08-07 02:16:40.453875335,0.0
Case95,Release Purchase Order,res_d6a5315a-cebc-4bf4-8c1e-0b864f8862f1,Role 1,2011-08-07 09:13:53.837148335,40,0,res_d6a5315a-cebc-4bf4-8c1e-0b864f8862f1,2011-08-07 09:12:55.265278335,0.0
Case98,Deliver Goods Services,res_ebf4417c-e466-4e63-b2ef-9810ab2f3fab,Role 2,2011-08-07 14:54:01.939811000,40,2,res_ebf4417c-e466-4e63-b2ef-9810ab2f3fab,2011-08-07 14:53:01.815143000,0.0
Case95,Approve Purchase Order for payment,res_d87b7ca4-82e8-429d-a51e-3fa262959b2e,Role 4,2011-08-07 19:46:24.926911335,40,0,res_d87b7ca4-82e8-429d-a51e-3fa262959b2e,2011-08-07 19:46:24.924370335,0.0
Case98,Release Purchase Order,res_cb054568-8f77-4268-84c1-23b7dbf2368a,Role 1,2011-08-07 21:53:27.313581000,40,0,res_cb054568-8f77-4268-84c1-23b7dbf2368a,2011-08-07 21:52:29.456348000,0.0
Case97,Analyze Request for Quotation,res_a73236a5-1060-49de-a81b-c97f7a3f3deb,Role 4,2011-08-08 00:05:07.703590761,40,0,res_a73236a5-1060-49de-a81b-c97f7a3f3deb,2011-08-07 23:49:35.073478761,0.0
Case78,Deliver Goods Services,res_32e7a9ee-ab70-476e-9532-94401c2126b1,Role 2,2011-08-08 04:07:49.903925854,39,2,res_32e7a9ee-ab70-476e-9532-94401c2126b1,2011-08-08 04:06:49.998569854,0.0
Case98,Approve Purchase Order for payment,res_a73236a5-1060-49de-a81b-c97f7a3f3deb,Role 4,2011-08-08 08:51:12.535932000,39,0,res_a73236a5-1060-49de-a81b-c97f7a3f3deb,2011-08-08 08:51:12.535932000,0.0
Case78,Release Purchase Order,res_204ff2af-f6ac-4bc9-bde1-9c7913fa4ce1,Role 1,2011-08-08 11:09:01.609503854,39,0,res_204ff2af-f6ac-4bc9-bde1-9c7913fa4ce1,2011-08-08 11:08:03.217768854,0.0
Case95,Send Invoice,res_50846b29-5953-48db-9ac9-c9c6c5225e03,Role 2,2011-08-08 15:38:56.008044335,39,0,res_50846b29-5953-48db-9ac9-c9c6c5225e03,2011-08-08 15:34:54.706414335,0.0
Case78,Approve Purchase Order for payment,res_797de6b1-c4c4-49c7-8aa3-243d7c8fa115,Role 4,2011-08-08 22:04:26.241756854,39,0,res_797de6b1-c4c4-49c7-8aa3-243d7c8fa115,2011-08-08 22:04:26.241756854,0.0
Case98,Send Invoice,res_ebf4417c-e466-4e63-b2ef-9810ab2f3fab,Role 2,2011-08-09 01:14:13.983825000,39,0,res_ebf4417c-e466-4e63-b2ef-9810ab2f3fab,2011-08-09 01:10:06.816688000,0.0
Case95,Release Supplier's Invoice,res_3dcffc60-1cf8-4166-8b75-95dd77678419,Role 5,2011-08-09 03:50:56.993796335,39,0,res_3dcffc60-1cf8-4166-8b75-95dd77678419,2011-08-09 03:50:56.993796335,0.0
Case95,Authorize Supplier's Invoice payment,res_90e81362-915a-419b-aef1-411e9c3655c8,Role 5,2011-08-09 04:00:06.875080335,39,0,res_90e81362-915a-419b-aef1-411e9c3655c8,2011-08-09 03:50:57.038289335,0.0
Case95,Pay Invoice,res_90e81362-915a-419b-aef1-411e9c3655c8,Role 5,2011-08-09 04:29:11.065863335,39,0,res_90e81362-915a-419b-aef1-411e9c3655c8,2011-08-09 04:29:11.065863335,0.0
Case98,Release Supplier's Invoice,res_90e81362-915a-419b-aef1-411e9c3655c8,Role 5,2011-08-09 13:42:38.526593000,38,0,res_90e81362-915a-419b-aef1-411e9c3655c8,2011-08-09 13:42:38.526593000,0.0
Case98,Authorize Supplier's Invoice payment,res_90e81362-915a-419b-aef1-411e9c3655c8,Role 5,2011-08-09 13:50:37.297823000,38,0,res_90e81362-915a-419b-aef1-411e9c3655c8,2011-08-09 13:42:38.591818000,0.0
Case98,Pay Invoice,res_3dcffc60-1cf8-4166-8b75-95dd77678419,Role 5,2011-08-09 14:19:56.382769000,38,0,res_3dcffc60-1cf8-4166-8b75-95dd77678419,2011-08-09 14:19:56.382769000,0.0
Case78,Send Invoice,res_1ba37c0c-fbd8-4ebc-a687-57c232d851f1,Role 2,2011-08-09 16:39:51.774302854,37,0,res_1ba37c0c-fbd8-4ebc-a687-57c232d851f1,2011-08-09 16:35:40.978409854,0.0
Case78,Release Supplier's Invoice,res_90e81362-915a-419b-aef1-411e9c3655c8,Role 5,2011-08-10 05:28:13.108023854,37,0,res_90e81362-915a-419b-aef1-411e9c3655c8,2011-08-10 05:28:13.108023854,0.0
Case78,Authorize Supplier's Invoice payment,res_90e81362-915a-419b-aef1-411e9c3655c8,Role 5,2011-08-10 05:37:05.269047854,37,0,res_90e81362-915a-419b-aef1-411e9c3655c8,2011-08-10 05:28:13.163248854,0.0
Case78,Pay Invoice,res_3dcffc60-1cf8-4166-8b75-95dd77678419,Role 5,2011-08-10 06:07:37.587771854,37,0,res_3dcffc60-1cf8-4166-8b75-95dd77678419,2011-08-10 06:07:37.587771854,0.0
