caseid,task,resource,role,end_timestamp,pr_instances,tsk_start_inst,res_id,start_timestamp,rp_start_oc
Case1,Create Purchase Requisition,res_2693c211-be99-4d88-aa0e-ad93f9242ac0,Role 1,2011-06-20 23:06:57.477648000,37,0,res_2693c211-be99-4d88-aa0e-ad93f9242ac0,2011-06-20 23:00:00.000000000,0.0
Case1,Create Request for Quotation,res_2379693c-02d2-4c16-b018-154dff50870c,Role 3,2011-06-21 04:49:06.137460000,37,0,res_2379693c-02d2-4c16-b018-154dff50870c,2011-06-21 04:28:44.254600000,0.0
Case2,Create Purchase Requisition,res_f089c795-448e-465e-b5f3-2b8cd9cd75ad,Role 1,2011-06-21 09:21:59.817459563,38,0,res_f089c795-448e-465e-b5f3-2b8cd9cd75ad,2011-06-21 09:14:21.637931563,0.0
Case2,Analyze Purchase Requisition,res_ef511a60-0fbe-4c1b-be0b-d96a349ffb61,Role 3,2011-06-22 00:38:59.991286563,38,0,res_ef511a60-0fbe-4c1b-be0b-d96a349ffb61,2011-06-22 00:36:39.210001563,0.0
Case2,Create Request for Quotation,res_eaebaff1-ec80-4367-9148-32e2ed6d8c24,Role 3,2011-06-22 01:08:30.869330563,38,0,res_eaebaff1-ec80-4367-9148-32e2ed6d8c24,2011-06-22 00:44:02.932717563,0.0
Case3,Create Purchase Requisition,res_919b75ba-5ea6-4e46-9898-5ba05832888a,Role 1,2011-06-22 07:40:40.288469822,39,0,res_919b75ba-5ea6-4e46-9898-5ba05832888a,2011-06-22 07:32:58.443332822,0.0
Case4,Create Purchase Requisition,res_919b75ba-5ea6-4e46-9898-5ba05832888a,Role 1,2011-06-22 08:29:51.412797086,40,0,res_919b75ba-5ea6-4e46-9898-5ba05832888a,2011-06-22 08:22:07.494614086,0.0
Case5,Create Purchase Requisition,res_6eb362cd-539f-43c2-ae38-4fd25867d8e9,Role 1,2011-06-22 16:59:41.141179837,41,0,res_6eb362cd-539f-43c2-ae38-4fd25867d8e9,2011-06-22 16:52:20.310326837,0.0
Case1,Analyze Request for Quotation,res_57232bd2-8367-472b-bb4e-a410540bb1ce,Role 4,2011-06-22 22:19:28.695579000,41,0,res_57232bd2-8367-472b-bb4e-a410540bb1ce,2011-06-22 22:03:32.034128000,0.0
Case3,Analyze Purchase Requisition,res_2379693c-02d2-4c16-b018-154dff50870c,Role 3,2011-06-22 23:18:08.594713822,40,0,res_2379693c-02d2-4c16-b018-154dff50870c,2011-06-22 23:15:48.739642822,0.0
Case3,Create Request for Quotation,res_ef511a60-0fbe-4c1b-be0b-d96a349ffb61,Role 3,2011-06-22 23:47:37.049920822,40,0,res_ef511a60-0fbe-4c1b-be0b-d96a349ffb61,2011-06-22 23:23:25.086299822,0.0
Case4,Analyze Purchase Requisition,res_ef511a60-0fbe-4c1b-be0b-d96a349ffb61,Role 3,2011-06-23 00:00:43.480007086,40,0,res_ef511a60-0fbe-4c1b-be0b-d96a349ffb61,2011-06-22 23:58:23.370084086,0.0
Case5,Create Request for Quotation,res_2379693c-02d2-4c16-b018-154dff50870c,Role 3,2011-06-23 00:21:15.038181837,40,1,res_2379693c-02d2-4c16-b018-154dff50870c,2011-06-23 00:07:29.866895837,0.3333333333333333
Case6,Create Purchase Requisition,res_1c8b5f31-9f1d-45fc-a907-e61844725cf1,Role 1,2011-06-23 00:21:37.423218518,41,0,res_1c8b5f31-9f1d-45fc-a907-e61844725cf1,2011-06-23 00:14:18.724566518,0.0
Case4,Create Request for Quotation,res_ef511a60-0fbe-4c1b-be0b-d96a349ffb61,Role 3,2011-06-23 00:30:54.297616086,40,0,res_ef511a60-0fbe-4c1b-be0b-d96a349ffb61,2011-06-23 00:06:01.843447086,0.0
Case7,Create Purchase Requisition,res_405a9dbf-a6c4-4516-8b62-63a28dc495f2,Role 1,2011-06-23 02:07:20.337205482,42,0,res_405a9dbf-a6c4-4516-8b62-63a28dc495f2,2011-06-23 01:59:55.727727482,0.0
Case8,Create Purchase Requisition,res_f089c795-448e-465e-b5f3-2b8cd9cd75ad,Role 1,2011-06-23 04:57:24.356431922,43,0,res_f089c795-448e-465e-b5f3-2b8cd9cd75ad,2011-06-23 04:49:46.638882922,0.0
Case7,Create Request for Quotation,res_2379693c-02d2-4c16-b018-154dff50870c,Role 3,2011-06-23 07:15:17.366882482,43,0,res_2379693c-02d2-4c16-b018-154dff50870c,2011-06-23 06:56:05.477134482,0.0
Case6,Create Request for Quotation,res_2379693c-02d2-4c16-b018-154dff50870c,Role 3,2011-06-23 08:37:58.985573518,43,0,res_2379693c-02d2-4c16-b018-154dff50870c,2011-06-23 08:18:40.484450518,0.0
Case9,Create Purchase Requisition,res_919b75ba-5ea6-4e46-9898-5ba05832888a,Role 1,2011-06-23 18:53:47.625508869,44,0,res_919b75ba-5ea6-4e46-9898-5ba05832888a,2011-06-23 18:46:25.644314869,0.0
Case8,Analyze Purchase Requisition,res_2379693c-02d2-4c16-b018-154dff50870c,Role 3,2011-06-23 22:06:52.039459922,44,0,res_2379693c-02d2-4c16-b018-154dff50870c,2011-06-23 22:04:30.471425922,0.0
Case8,Create Request for Quotation,res_ef511a60-0fbe-4c1b-be0b-d96a349ffb61,Role 3,2011-06-23 22:37:09.176442922,44,0,res_ef511a60-0fbe-4c1b-be0b-d96a349ffb61,2011-06-23 22:12:23.720349922,0.0
Case2,Analyze Request for Quotation,res_57232bd2-8367-472b-bb4e-a410540bb1ce,Role 4,2011-06-23 22:46:01.134423563,44,0,res_57232bd2-8367-472b-bb4e-a410540bb1ce,2011-06-23 22:30:04.304911563,0.0
Case9,Create Request for Quotation,res_2379693c-02d2-4c16-b018-154dff50870c,Role 3,2011-06-24 01:47:15.464532869,43,0,res_2379693c-02d2-4c16-b018-154dff50870c,2011-06-24 01:29:21.626614869,0.0
Case3,Analyze Request for Quotation,res_57232bd2-8367-472b-bb4e-a410540bb1ce,Role 4,2011-06-25 04:11:53.183035822,43,0,res_57232bd2-8367-472b-bb4e-a410540bb1ce,2011-06-25 03:54:39.599892822,0.0
Case5,Analyze Request for Quotation,res_a1aadd50-44bc-4984-92b3-7fa6a35b08ce,Role 4,2011-06-25 04:40:00.553876837,43,0,res_a1aadd50-44bc-4984-92b3-7fa6a35b08ce,2011-06-25 04:22:23.816144837,0.0
Case3,Amend Request for Quotation,res_f48df228-eef4-4e77-92e3-78f54f949771,Role 1,2011-06-25 05:27:42.565772822,43,0,res_f48df228-eef4-4e77-92e3-78f54f949771,2011-06-25 05:02:54.654506822,0.0
Case10,Create Purchase Requisition,res_f48df228-eef4-4e77-92e3-78f54f949771,Role 1,2011-06-25 05:52:11.934563614,44,0,res_f48df228-eef4-4e77-92e3-78f54f949771,2011-06-25 05:44:34.961853614,0.07142857142857142
Case5,Amend Request for Quotation,res_2693c211-be99-4d88-aa0e-ad93f9242ac0,Role 1,2011-06-25 05:57:31.716981837,43,0,res_2693c211-be99-4d88-aa0e-ad93f9242ac0,2011-06-25 05:32:27.427488837,0.0
Case10,Create Request for Quotation,res_ef511a60-0fbe-4c1b-be0b-d96a349ffb61,Role 3,2011-06-25 10:21:37.031004614,44,0,res_ef511a60-0fbe-4c1b-be0b-d96a349ffb61,2011-06-25 10:00:07.110602614,0.0
Case4,Analyze Request for Quotation,res_e3e0c0a9-4ed9-4f0d-b292-61196d595b55,Role 4,2011-06-25 14:05:53.497909086,44,0,res_e3e0c0a9-4ed9-4f0d-b292-61196d595b55,2011-06-25 13:50:22.369993086,0.0
Case11,Create Purchase Requisition,res_919b75ba-5ea6-4e46-9898-5ba05832888a,Role 1,2011-06-25 14:28:52.170137633,45,0,res_919b75ba-5ea6-4e46-9898-5ba05832888a,2011-06-25 14:21:09.560963633,0.0
Case11,Create Request for Quotation,res_eaebaff1-ec80-4367-9148-32e2ed6d8c24,Role 3,2011-06-25 20:30:29.409771633,45,0,res_eaebaff1-ec80-4367-9148-32e2ed6d8c24,2011-06-25 20:11:31.464933633,0.0
Case12,Create Purchase Requisition,res_1c8b5f31-9f1d-45fc-a907-e61844725cf1,Role 1,2011-06-25 23:03:03.001698482,46,0,res_1c8b5f31-9f1d-45fc-a907-e61844725cf1,2011-06-25 22:55:50.927727482,0.0
Case7,Analyze Request for Quotation,res_e3e0c0a9-4ed9-4f0d-b292-61196d595b55,Role 4,2011-06-26 09:41:13.870468482,46,0,res_e3e0c0a9-4ed9-4f0d-b292-61196d595b55,2011-06-26 09:26:07.489302482,0.0
Case13,Create Purchase Requisition,res_cb7687c3-c5a0-4751-970a-e66addb342e6,Role 1,2011-06-26 11:57:58.009857411,47,0,res_cb7687c3-c5a0-4751-970a-e66addb342e6,2011-06-26 11:50:17.273960411,0.0
Case8,Analyze Request for Quotation,res_a1aadd50-44bc-4984-92b3-7fa6a35b08ce,Role 4,2011-06-26 12:35:23.625534922,47,0,res_a1aadd50-44bc-4984-92b3-7fa6a35b08ce,2011-06-26 12:19:46.122169922,0.0
Case6,Analyze Request for Quotation,res_a1aadd50-44bc-4984-92b3-7fa6a35b08ce,Role 4,2011-06-26 13:31:34.382855518,46,0,res_a1aadd50-44bc-4984-92b3-7fa6a35b08ce,2011-06-26 13:16:36.701870518,0.0
Case9,Analyze Request for Quotation,res_57232bd2-8367-472b-bb4e-a410540bb1ce,Role 4,2011-06-26 16:43:00.993808869,46,0,res_57232bd2-8367-472b-bb4e-a410540bb1ce,2011-06-26 16:26:57.086382869,0.0
Case12,Analyze Purchase Requisition,res_eaebaff1-ec80-4367-9148-32e2ed6d8c24,Role 3,2011-06-26 16:56:35.261440482,45,0,res_eaebaff1-ec80-4367-9148-32e2ed6d8c24,2011-06-26 16:54:12.261433482,0.0
Case12,Create Request for Quotation,res_eaebaff1-ec80-4367-9148-32e2ed6d8c24,Role 3,2011-06-26 17:25:09.357071482,45,0,res_eaebaff1-ec80-4367-9148-32e2ed6d8c24,2011-06-26 17:01:46.653313482,0.0
Case13,Create Request for Quotation,res_eaebaff1-ec80-4367-9148-32e2ed6d8c24,Role 3,2011-06-26 17:25:23.533434411,45,1,res_eaebaff1-ec80-4367-9148-32e2ed6d8c24,2011-06-26 17:07:31.032880411,0.3333333333333333
Case14,Create Purchase Requisition,res_6eb362cd-539f-43c2-ae38-4fd25867d8e9,Role 1,2011-06-26 17:47:14.108890937,46,0,res_6eb362cd-539f-43c2-ae38-4fd25867d8e9,2011-06-26 17:40:01.332023937,0.0
Case15,Create Purchase Requisition,res_919b75ba-5ea6-4e46-9898-5ba05832888a,Role 1,2011-06-26 18:18:28.040667135,47,0,res_919b75ba-5ea6-4e46-9898-5ba05832888a,2011-06-26 18:11:18.183213135,0.0
Case5,Analyze Request for Quotation,res_a1aadd50-44bc-4984-92b3-7fa6a35b08ce,Role 4,2011-06-26 23:41:31.624935837,47,0,res_a1aadd50-44bc-4984-92b3-7fa6a35b08ce,2011-06-26 23:22:51.207332837,0.0
Case14,Create Request for Quotation,res_eaebaff1-ec80-4367-9148-32e2ed6d8c24,Role 3,2011-06-26 23:41:48.527566937,47,0,res_eaebaff1-ec80-4367-9148-32e2ed6d8c24,2011-06-26 23:22:15.904282937,0.0
Case3,Analyze Request for Quotation,res_a1aadd50-44bc-4984-92b3-7fa6a35b08ce,Role 4,2011-06-27 00:28:01.884311822,47,0,res_a1aadd50-44bc-4984-92b3-7fa6a35b08ce,2011-06-27 00:10:17.079869822,0.0
Case3,Amend Request for Quotation,res_405a9dbf-a6c4-4516-8b62-63a28dc495f2,Role 1,2011-06-27 01:44:10.955123822,47,0,res_405a9dbf-a6c4-4516-8b62-63a28dc495f2,2011-06-27 01:20:03.504482822,0.0
Case16,Create Purchase Requisition,res_9167b706-00d1-41f1-9a32-2e270dd54cc0,Role 1,2011-06-27 04:40:42.132884475,48,0,res_9167b706-00d1-41f1-9a32-2e270dd54cc0,2011-06-27 04:33:25.777259475,0.0
Case17,Create Purchase Requisition,res_3867963f-e14b-4734-bd50-0510dee85c51,Role 1,2011-06-27 08:08:47.599485758,49,0,res_3867963f-e14b-4734-bd50-0510dee85c51,2011-06-27 08:01:16.366180758,0.0
Case15,Analyze Purchase Requisition,res_eaebaff1-ec80-4367-9148-32e2ed6d8c24,Role 3,2011-06-27 10:41:49.232193135,49,0,res_eaebaff1-ec80-4367-9148-32e2ed6d8c24,2011-06-27 10:39:23.268686135,0.0
Case15,Create Request for Quotation,res_ef511a60-0fbe-4c1b-be0b-d96a349ffb61,Role 3,2011-06-27 11:09:48.980938135,49,0,res_ef511a60-0fbe-4c1b-be0b-d96a349ffb61,2011-06-27 10:46:33.367582135,0.0
Case17,Create Request for Quotation,res_eaebaff1-ec80-4367-9148-32e2ed6d8c24,Role 3,2011-06-27 13:12:11.387109758,49,0,res_eaebaff1-ec80-4367-9148-32e2ed6d8c24,2011-06-27 12:48:58.706874758,0.0
Case16,Analyze Purchase Requisition,res_ef511a60-0fbe-4c1b-be0b-d96a349ffb61,Role 3,2011-06-27 19:49:09.186474475,49,0,res_ef511a60-0fbe-4c1b-be0b-d96a349ffb61,2011-06-27 19:46:45.661809475,0.0
Case4,Send Request for Quotation to Supplier,res_a1aadd50-44bc-4984-92b3-7fa6a35b08ce,Role 4,2011-06-27 19:59:11.398433086,49,0,res_a1aadd50-44bc-4984-92b3-7fa6a35b08ce,2011-06-27 16:24:44.143597086,0.0
Case7,Send Request for Quotation to Supplier,res_57232bd2-8367-472b-bb4e-a410540bb1ce,Role 4,2011-06-27 20:15:20.035276482,49,1,res_57232bd2-8367-472b-bb4e-a410540bb1ce,2011-06-27 17:14:56.735403482,0.3333333333333333
Case16,Create Request for Quotation,res_2379693c-02d2-4c16-b018-154dff50870c,Role 3,2011-06-27 20:16:25.365203475,49,0,res_2379693c-02d2-4c16-b018-154dff50870c,2011-06-27 19:54:12.485514475,0.0
Case5,Send Request for Quotation to Supplier,res_e3e0c0a9-4ed9-4f0d-b292-61196d595b55,Role 4,2011-06-27 22:25:43.823484837,49,2,res_e3e0c0a9-4ed9-4f0d-b292-61196d595b55,2011-06-27 18:44:52.033335837,0.6666666666666666
Case4,Create Quotation comparison Map,res_a1aadd50-44bc-4984-92b3-7fa6a35b08ce,Role 4,2011-06-28 00:05:47.863295086,49,0,res_a1aadd50-44bc-4984-92b3-7fa6a35b08ce,2011-06-27 23:46:43.016117086,0.3333333333333333
Case7,Create Quotation comparison Map,res_57232bd2-8367-472b-bb4e-a410540bb1ce,Role 4,2011-06-28 00:10:40.201938482,49,1,res_57232bd2-8367-472b-bb4e-a410540bb1ce,2011-06-27 23:52:22.541133482,0.6666666666666666
Case3,Analyze Request for Quotation,res_e3e0c0a9-4ed9-4f0d-b292-61196d595b55,Role 4,2011-06-28 00:52:08.926915822,49,0,res_e3e0c0a9-4ed9-4f0d-b292-61196d595b55,2011-06-28 00:34:17.808072822,0.3333333333333333
Case6,Send Request for Quotation to Supplier,res_e3e0c0a9-4ed9-4f0d-b292-61196d595b55,Role 4,2011-06-28 01:32:30.180198518,49,1,res_e3e0c0a9-4ed9-4f0d-b292-61196d595b55,2011-06-27 22:23:16.847790518,0.3333333333333333
Case11,Analyze Request for Quotation,res_57232bd2-8367-472b-bb4e-a410540bb1ce,Role 4,2011-06-28 01:58:25.343071633,49,0,res_57232bd2-8367-472b-bb4e-a410540bb1ce,2011-06-28 01:40:51.604594633,0.0
Case3,Amend Request for Quotation,res_1c8b5f31-9f1d-45fc-a907-e61844725cf1,Role 1,2011-06-28 02:07:43.917324822,49,0,res_1c8b5f31-9f1d-45fc-a907-e61844725cf1,2011-06-28 01:43:54.261532822,0.0
Case5,Create Quotation comparison Map,res_e3e0c0a9-4ed9-4f0d-b292-61196d595b55,Role 4,2011-06-28 02:17:57.810804837,48,0,res_e3e0c0a9-4ed9-4f0d-b292-61196d595b55,2011-06-28 02:00:48.784331837,0.0
Case6,Create Quotation comparison Map,res_57232bd2-8367-472b-bb4e-a410540bb1ce,Role 4,2011-06-28 05:49:16.001808518,48,0,res_57232bd2-8367-472b-bb4e-a410540bb1ce,2011-06-28 05:31:40.307100518,0.0
Case7,Analyze Quotation Comparison Map,res_919b75ba-5ea6-4e46-9898-5ba05832888a,Role 1,2011-06-28 06:29:57.988679482,48,0,res_919b75ba-5ea6-4e46-9898-5ba05832888a,2011-06-28 06:29:57.981407482,0.0
Case4,Analyze Quotation Comparison Map,res_9167b706-00d1-41f1-9a32-2e270dd54cc0,Role 1,2011-06-28 06:34:39.973771086,48,0,res_9167b706-00d1-41f1-9a32-2e270dd54cc0,2011-06-28 06:34:39.972611086,0.07142857142857142
Case18,Create Purchase Requisition,res_2693c211-be99-4d88-aa0e-ad93f9242ac0,Role 1,2011-06-28 08:44:32.954981750,49,0,res_2693c211-be99-4d88-aa0e-ad93f9242ac0,2011-06-28 08:37:03.058830750,0.14285714285714285
Case5,Analyze Quotation Comparison Map,res_919b75ba-5ea6-4e46-9898-5ba05832888a,Role 1,2011-06-28 08:48:29.353891837,49,0,res_919b75ba-5ea6-4e46-9898-5ba05832888a,2011-06-28 08:48:29.353891837,0.14285714285714285
Case10,Analyze Request for Quotation,res_e3e0c0a9-4ed9-4f0d-b292-61196d595b55,Role 4,2011-06-28 09:39:38.175766614,49,0,res_e3e0c0a9-4ed9-4f0d-b292-61196d595b55,2011-06-28 09:24:16.059701614,0.0
Case10,Amend Request for Quotation,res_9167b706-00d1-41f1-9a32-2e270dd54cc0,Role 1,2011-06-28 10:55:12.840373614,49,0,res_9167b706-00d1-41f1-9a32-2e270dd54cc0,2011-06-28 10:29:49.222253614,0.21428571428571427
Case6,Analyze Quotation Comparison Map,res_8f8f0a62-4c11-4e2d-806f-ac1cc2f4585c,Role 1,2011-06-28 12:08:08.644921518,49,0,res_8f8f0a62-4c11-4e2d-806f-ac1cc2f4585c,2011-06-28 12:08:08.639701518,0.21428571428571427
Case19,Create Purchase Requisition,res_8f8f0a62-4c11-4e2d-806f-ac1cc2f4585c,Role 1,2011-06-28 12:53:38.729075360,50,0,res_8f8f0a62-4c11-4e2d-806f-ac1cc2f4585c,2011-06-28 12:46:15.740862360,0.2857142857142857
Case7,Choose best option,res_f48df228-eef4-4e77-92e3-78f54f949771,Role 1,2011-06-28 14:00:01.673781482,48,0,res_f48df228-eef4-4e77-92e3-78f54f949771,2011-06-28 06:29:58.008575482,0.0
Case12,Analyze Request for Quotation,res_a1aadd50-44bc-4984-92b3-7fa6a35b08ce,Role 4,2011-06-28 14:21:15.597767482,50,0,res_a1aadd50-44bc-4984-92b3-7fa6a35b08ce,2011-06-28 14:05:15.461324482,0.0
Case4,Choose best option,res_f089c795-448e-465e-b5f3-2b8cd9cd75ad,Role 1,2011-06-28 14:35:04.728231086,48,1,res_f089c795-448e-465e-b5f3-2b8cd9cd75ad,2011-06-28 06:34:40.019230086,0.07142857142857142
Case5,Choose best option,res_cb7687c3-c5a0-4751-970a-e66addb342e6,Role 1,2011-06-28 16:47:36.870148837,49,2,res_cb7687c3-c5a0-4751-970a-e66addb342e6,2011-06-28 08:48:29.387834837,0.14285714285714285
Case13,Analyze Request for Quotation,res_e3e0c0a9-4ed9-4f0d-b292-61196d595b55,Role 4,2011-06-28 17:32:21.504442411,49,0,res_e3e0c0a9-4ed9-4f0d-b292-61196d595b55,2011-06-28 17:15:44.847160411,0.0
Case6,Choose best option,res_919b75ba-5ea6-4e46-9898-5ba05832888a,Role 1,2011-06-28 18:42:56.992330518,49,3,res_919b75ba-5ea6-4e46-9898-5ba05832888a,2011-06-28 12:08:08.670842518,0.21428571428571427
Case3,Analyze Request for Quotation,res_e3e0c0a9-4ed9-4f0d-b292-61196d595b55,Role 4,2011-06-28 19:04:54.848516822,49,0,res_e3e0c0a9-4ed9-4f0d-b292-61196d595b55,2011-06-28 18:51:31.268828822,0.0
Case19,Create Request for Quotation,res_eaebaff1-ec80-4367-9148-32e2ed6d8c24,Role 3,2011-06-28 19:22:00.823929360,49,0,res_eaebaff1-ec80-4367-9148-32e2ed6d8c24,2011-06-28 19:01:41.216018360,0.0
Case14,Analyze Request for Quotation,res_57232bd2-8367-472b-bb4e-a410540bb1ce,Role 4,2011-06-28 19:39:17.031300937,49,0,res_57232bd2-8367-472b-bb4e-a410540bb1ce,2011-06-28 19:23:15.206353937,0.0
Case20,Create Purchase Requisition,res_8f8f0a62-4c11-4e2d-806f-ac1cc2f4585c,Role 1,2011-06-28 21:05:57.946838547,50,0,res_8f8f0a62-4c11-4e2d-806f-ac1cc2f4585c,2011-06-28 20:59:04.414055547,0.0
Case7,Settle Conditions With Supplier,res_e3e0c0a9-4ed9-4f0d-b292-61196d595b55,Role 4,2011-06-28 21:23:53.650563482,50,1,res_e3e0c0a9-4ed9-4f0d-b292-61196d595b55,2011-06-28 21:14:02.730362482,0.0
Case15,Analyze Request for Quotation,res_a1aadd50-44bc-4984-92b3-7fa6a35b08ce,Role 4,2011-06-28 21:31:58.786439135,50,0,res_a1aadd50-44bc-4984-92b3-7fa6a35b08ce,2011-06-28 21:16:00.459057135,0.3333333333333333
Case4,Settle Conditions With Supplier,res_e3e0c0a9-4ed9-4f0d-b292-61196d595b55,Role 4,2011-06-28 22:37:19.542866086,49,1,res_e3e0c0a9-4ed9-4f0d-b292-61196d595b55,2011-06-28 22:27:24.482328086,0.0
Case21,Create Purchase Requisition,res_3867963f-e14b-4734-bd50-0510dee85c51,Role 1,2011-06-28 22:58:58.068993589,50,0,res_3867963f-e14b-4734-bd50-0510dee85c51,2011-06-28 22:52:04.326039589,0.0
Case18,Analyze Purchase Requisition,res_2379693c-02d2-4c16-b018-154dff50870c,Role 3,2011-06-28 23:40:09.728383750,50,0,res_2379693c-02d2-4c16-b018-154dff50870c,2011-06-28 23:37:44.789119750,0.0
Case18,Create Request for Quotation,res_ef511a60-0fbe-4c1b-be0b-d96a349ffb61,Role 3,2011-06-29 00:08:23.389549750,50,0,res_ef511a60-0fbe-4c1b-be0b-d96a349ffb61,2011-06-28 23:45:09.817856750,0.0
Case5,Settle Conditions With Supplier,res_e3e0c0a9-4ed9-4f0d-b292-61196d595b55,Role 4,2011-06-29 02:41:24.454799837,50,1,res_e3e0c0a9-4ed9-4f0d-b292-61196d595b55,2011-06-29 02:31:21.178660837,0.0
Case6,Settle Conditions With Supplier,res_57232bd2-8367-472b-bb4e-a410540bb1ce,Role 4,2011-06-29 02:58:44.374022518,50,1,res_57232bd2-8367-472b-bb4e-a410540bb1ce,2011-06-29 02:48:53.396804518,0.0
Case20,Create Request for Quotation,res_ef511a60-0fbe-4c1b-be0b-d96a349ffb61,Role 3,2011-06-29 03:33:14.149002547,50,0,res_ef511a60-0fbe-4c1b-be0b-d96a349ffb61,2011-06-29 03:13:28.760533547,0.0
Case7,Create Purchase Order,res_57232bd2-8367-472b-bb4e-a410540bb1ce,Role 4,2011-06-29 04:51:45.153115482,50,0,res_57232bd2-8367-472b-bb4e-a410540bb1ce,2011-06-29 04:28:22.248541482,0.0
Case4,Create Purchase Order,res_a1aadd50-44bc-4984-92b3-7fa6a35b08ce,Role 4,2011-06-29 06:58:38.139597086,50,0,res_a1aadd50-44bc-4984-92b3-7fa6a35b08ce,2011-06-29 06:36:58.077630086,0.0
Case16,Analyze Request for Quotation,res_57232bd2-8367-472b-bb4e-a410540bb1ce,Role 4,2011-06-29 08:05:10.449293475,50,0,res_57232bd2-8367-472b-bb4e-a410540bb1ce,2011-06-29 07:49:02.393883475,0.0
Case22,Create Purchase Requisition,res_2693c211-be99-4d88-aa0e-ad93f9242ac0,Role 1,2011-06-29 09:56:17.721116037,50,0,res_2693c211-be99-4d88-aa0e-ad93f9242ac0,2011-06-29 09:48:35.153721037,0.0
Case6,Create Purchase Order,res_a1aadd50-44bc-4984-92b3-7fa6a35b08ce,Role 4,2011-06-29 12:24:52.485546518,50,0,res_a1aadd50-44bc-4984-92b3-7fa6a35b08ce,2011-06-29 12:05:46.155073518,0.0
Case5,Create Purchase Order,res_57232bd2-8367-472b-bb4e-a410540bb1ce,Role 4,2011-06-29 13:17:12.163968837,50,0,res_57232bd2-8367-472b-bb4e-a410540bb1ce,2011-06-29 12:59:22.287706837,0.0
Case21,Analyze Purchase Requisition,res_ef511a60-0fbe-4c1b-be0b-d96a349ffb61,Role 3,2011-06-29 14:52:40.301402589,50,0,res_ef511a60-0fbe-4c1b-be0b-d96a349ffb61,2011-06-29 14:50:24.441185589,0.0
Case21,Create Request for Quotation,res_2379693c-02d2-4c16-b018-154dff50870c,Role 3,2011-06-29 15:21:38.620272589,50,0,res_2379693c-02d2-4c16-b018-154dff50870c,2011-06-29 14:57:51.514277589,0.0
Case22,Create Request for Quotation,res_2379693c-02d2-4c16-b018-154dff50870c,Role 3,2011-06-29 15:35:43.856040037,50,1,res_2379693c-02d2-4c16-b018-154dff50870c,2011-06-29 15:20:55.853496037,0.3333333333333333
Case17,Analyze Request for Quotation,res_57232bd2-8367-472b-bb4e-a410540bb1ce,Role 4,2011-06-29 19:27:55.153654758,50,0,res_57232bd2-8367-472b-bb4e-a410540bb1ce,2011-06-29 19:11:41.315202758,1.0
Case14,Send Request for Quotation to Supplier,res_e3e0c0a9-4ed9-4f0d-b292-61196d595b55,Role 4,2011-06-29 20:34:28.805996937,50,0,res_e3e0c0a9-4ed9-4f0d-b292-61196d595b55,2011-06-29 17:18:56.342607937,0.0
Case17,Amend Request for Quotation,res_f48df228-eef4-4e77-92e3-78f54f949771,Role 1,2011-06-29 20:44:26.163560758,50,0,res_f48df228-eef4-4e77-92e3-78f54f949771,2011-06-29 20:20:57.791141758,0.0
Case3,Send Request for Quotation to Supplier,res_e3e0c0a9-4ed9-4f0d-b292-61196d595b55,Role 4,2011-06-29 21:35:30.341661822,50,2,res_e3e0c0a9-4ed9-4f0d-b292-61196d595b55,2011-06-29 18:23:44.538684822,0.6666666666666666
Case10,Analyze Request for Quotation,res_57232bd2-8367-472b-bb4e-a410540bb1ce,Role 4,2011-06-29 21:38:05.590564614,50,0,res_57232bd2-8367-472b-bb4e-a410540bb1ce,2011-06-29 21:21:01.005334614,0.6666666666666666
Case13,Send Request for Quotation to Supplier,res_e3e0c0a9-4ed9-4f0d-b292-61196d595b55,Role 4,2011-06-29 21:56:23.697828411,50,1,res_e3e0c0a9-4ed9-4f0d-b292-61196d595b55,2011-06-29 18:17:13.173044411,0.3333333333333333
Case14,Create Quotation comparison Map,res_57232bd2-8367-472b-bb4e-a410540bb1ce,Role 4,2011-06-30 01:01:38.399607937,50,0,res_57232bd2-8367-472b-bb4e-a410540bb1ce,2011-06-30 00:43:36.611908937,0.0
Case13,Create Quotation comparison Map,res_a1aadd50-44bc-4984-92b3-7fa6a35b08ce,Role 4,2011-06-30 02:40:55.004086411,50,0,res_a1aadd50-44bc-4984-92b3-7fa6a35b08ce,2011-06-30 02:21:16.145158411,0.0
Case3,Create Quotation comparison Map,res_a1aadd50-44bc-4984-92b3-7fa6a35b08ce,Role 4,2011-06-30 02:41:15.590282822,50,1,res_a1aadd50-44bc-4984-92b3-7fa6a35b08ce,2011-06-30 02:24:29.515718822,0.3333333333333333
Case14,Analyze Quotation Comparison Map,res_cb7687c3-c5a0-4751-970a-e66addb342e6,Role 1,2011-06-30 07:16:17.779235937,50,0,res_cb7687c3-c5a0-4751-970a-e66addb342e6,2011-06-30 07:16:17.778082937,0.0
Case23,Create Purchase Requisition,res_8e16ec3e-8472-4b9c-89cb-509f068592b4,Role 1,2011-06-30 08:45:57.333814438,51,0,res_8e16ec3e-8472-4b9c-89cb-509f068592b4,2011-06-30 08:38:09.771244438,0.07142857142857142
Case13,Analyze Quotation Comparison Map,res_9167b706-00d1-41f1-9a32-2e270dd54cc0,Role 1,2011-06-30 08:51:45.175983411,51,0,res_9167b706-00d1-41f1-9a32-2e270dd54cc0,2011-06-30 08:51:45.175983411,0.07142857142857142
Case3,Analyze Quotation Comparison Map,res_1c8b5f31-9f1d-45fc-a907-e61844725cf1,Role 1,2011-06-30 09:36:48.556155822,51,0,res_1c8b5f31-9f1d-45fc-a907-e61844725cf1,2011-06-30 09:36:48.556155822,0.14285714285714285
Case14,Choose best option,res_3867963f-e14b-4734-bd50-0510dee85c51,Role 1,2011-06-30 14:55:57.905525937,50,0,res_3867963f-e14b-4734-bd50-0510dee85c51,2011-06-30 07:16:17.781814937,0.0
Case3,Choose best option,res_f48df228-eef4-4e77-92e3-78f54f949771,Role 1,2011-06-30 16:31:52.854916822,51,2,res_f48df228-eef4-4e77-92e3-78f54f949771,2011-06-30 09:36:48.573642822,0.14285714285714285
Case13,Choose best option,res_919b75ba-5ea6-4e46-9898-5ba05832888a,Role 1,2011-06-30 16:38:27.539940411,51,1,res_919b75ba-5ea6-4e46-9898-5ba05832888a,2011-06-30 08:51:45.177201411,0.07142857142857142
Case19,Analyze Request for Quotation,res_e3e0c0a9-4ed9-4f0d-b292-61196d595b55,Role 4,2011-06-30 17:04:04.205115360,51,0,res_e3e0c0a9-4ed9-4f0d-b292-61196d595b55,2011-06-30 16:46:06.322464360,0.0
Case7,Confirm Purchase Order,res_e429f72d-965e-4e84-a3e5-a38e218f80b1,Role 2,2011-06-30 22:04:28.941086482,50,0,res_e429f72d-965e-4e84-a3e5-a38e218f80b1,2011-06-29 23:34:48.425585482,0.0
Case24,Create Purchase Requisition,res_919b75ba-5ea6-4e46-9898-5ba05832888a,Role 1,2011-06-30 22:13:52.283807420,51,0,res_919b75ba-5ea6-4e46-9898-5ba05832888a,2011-06-30 22:06:40.312045420,0.0
Case14,Settle Conditions With Supplier,res_57232bd2-8367-472b-bb4e-a410540bb1ce,Role 4,2011-06-30 23:08:55.507385937,51,1,res_57232bd2-8367-472b-bb4e-a410540bb1ce,2011-06-30 22:58:58.906926937,0.0
Case25,Create Purchase Requisition,res_aa0ec4c3-67b5-4cb5-b721-3851249d52a1,Role 1,2011-06-30 23:45:13.860991891,52,0,res_aa0ec4c3-67b5-4cb5-b721-3851249d52a1,2011-06-30 23:38:00.557188891,0.0
Case23,Analyze Purchase Requisition,res_ef511a60-0fbe-4c1b-be0b-d96a349ffb61,Role 3,2011-07-01 00:22:52.416605438,52,0,res_ef511a60-0fbe-4c1b-be0b-d96a349ffb61,2011-07-01 00:20:29.730739438,0.0
Case4,Confirm Purchase Order,res_4e8df78d-479a-4a6b-b0fc-4ec41ae30090,Role 2,2011-07-01 00:24:59.774375086,50,1,res_4e8df78d-479a-4a6b-b0fc-4ec41ae30090,2011-06-30 01:59:22.168306086,0.2
Case18,Analyze Request for Quotation,res_a1aadd50-44bc-4984-92b3-7fa6a35b08ce,Role 4,2011-07-01 00:49:42.393597750,52,0,res_a1aadd50-44bc-4984-92b3-7fa6a35b08ce,2011-07-01 00:32:42.117487750,0.3333333333333333
Case23,Create Request for Quotation,res_eaebaff1-ec80-4367-9148-32e2ed6d8c24,Role 3,2011-07-01 00:53:40.335102438,52,0,res_eaebaff1-ec80-4367-9148-32e2ed6d8c24,2011-07-01 00:28:09.161570438,0.0
Case26,Create Purchase Requisition,res_8e16ec3e-8472-4b9c-89cb-509f068592b4,Role 1,2011-07-01 01:06:05.726389408,52,0,res_8e16ec3e-8472-4b9c-89cb-509f068592b4,2011-07-01 00:58:45.498726408,0.0
Case13,Settle Conditions With Supplier,res_a1aadd50-44bc-4984-92b3-7fa6a35b08ce,Role 4,2011-07-01 01:39:32.570293411,52,1,res_a1aadd50-44bc-4984-92b3-7fa6a35b08ce,2011-07-01 01:29:34.127596411,0.3333333333333333
Case3,Settle Conditions With Supplier,res_a1aadd50-44bc-4984-92b3-7fa6a35b08ce,Role 4,2011-07-01 02:29:13.623088822,52,1,res_a1aadd50-44bc-4984-92b3-7fa6a35b08ce,2011-07-01 02:19:09.107825822,0.3333333333333333
Case27,Create Purchase Requisition,res_f48df228-eef4-4e77-92e3-78f54f949771,Role 1,2011-07-01 03:08:21.310411413,53,0,res_f48df228-eef4-4e77-92e3-78f54f949771,2011-07-01 03:00:53.535430413,0.0
Case5,Confirm Purchase Order,res_400ece15-d344-40db-973d-6a305e0b654c,Role 2,2011-07-01 03:16:15.968877837,50,2,res_400ece15-d344-40db-973d-6a305e0b654c,2011-06-30 03:20:01.116814837,0.4
Case10,Send Request for Quotation to Supplier,res_e3e0c0a9-4ed9-4f0d-b292-61196d595b55,Role 4,2011-07-01 04:10:13.612435614,52,0,res_e3e0c0a9-4ed9-4f0d-b292-61196d595b55,2011-07-01 00:18:17.008790614,0.0
Case25,Create Request for Quotation,res_ef511a60-0fbe-4c1b-be0b-d96a349ffb61,Role 3,2011-07-01 05:21:05.468490891,53,0,res_ef511a60-0fbe-4c1b-be0b-d96a349ffb61,2011-07-01 05:02:27.856328891,0.0
Case28,Create Purchase Requisition,res_8e16ec3e-8472-4b9c-89cb-509f068592b4,Role 1,2011-07-01 05:56:28.520770198,54,0,res_8e16ec3e-8472-4b9c-89cb-509f068592b4,2011-07-01 05:48:48.208071198,0.0
Case26,Create Request for Quotation,res_ef511a60-0fbe-4c1b-be0b-d96a349ffb61,Role 3,2011-07-01 06:03:02.081236408,53,0,res_ef511a60-0fbe-4c1b-be0b-d96a349ffb61,2011-07-01 05:43:57.746450408,0.0
Case29,Create Purchase Requisition,res_f48df228-eef4-4e77-92e3-78f54f949771,Role 1,2011-07-01 06:32:51.301399121,55,0,res_f48df228-eef4-4e77-92e3-78f54f949771,2011-07-01 06:25:08.682277121,0.0
Case17,Analyze Request for Quotation,res_57232bd2-8367-472b-bb4e-a410540bb1ce,Role 4,2011-07-01 07:36:15.588687758,55,0,res_57232bd2-8367-472b-bb4e-a410540bb1ce,2011-07-01 07:17:11.709835758,0.0
Case14,Create Purchase Order,res_e3e0c0a9-4ed9-4f0d-b292-61196d595b55,Role 4,2011-07-01 08:49:27.362333937,54,0,res_e3e0c0a9-4ed9-4f0d-b292-61196d595b55,2011-07-01 08:28:09.001764937,0.0
Case6,Confirm Purchase Order,res_d588e6af-9958-489f-9fc3-a59e218b25b9,Role 2,2011-07-01 09:06:20.310371518,50,3,res_d588e6af-9958-489f-9fc3-a59e218b25b9,2011-06-30 07:47:15.171287518,0.6
Case20,Analyze Request for Quotation,res_57232bd2-8367-472b-bb4e-a410540bb1ce,Role 4,2011-07-01 09:25:57.375887547,54,0,res_57232bd2-8367-472b-bb4e-a410540bb1ce,2011-07-01 09:09:18.175976547,0.0
Case13,Create Purchase Order,res_e3e0c0a9-4ed9-4f0d-b292-61196d595b55,Role 4,2011-07-01 11:25:45.853135411,54,0,res_e3e0c0a9-4ed9-4f0d-b292-61196d595b55,2011-07-01 11:06:09.643889411,0.0
Case10,Create Quotation comparison Map,res_e3e0c0a9-4ed9-4f0d-b292-61196d595b55,Role 4,2011-07-01 11:38:41.329981614,54,0,res_e3e0c0a9-4ed9-4f0d-b292-61196d595b55,2011-07-01 11:20:43.926692614,0.3333333333333333
Case3,Create Purchase Order,res_a1aadd50-44bc-4984-92b3-7fa6a35b08ce,Role 4,2011-07-01 12:06:39.199931822,54,0,res_a1aadd50-44bc-4984-92b3-7fa6a35b08ce,2011-07-01 11:48:00.024361822,0.0
Case30,Create Purchase Requisition,res_6eb362cd-539f-43c2-ae38-4fd25867d8e9,Role 1,2011-07-01 15:04:59.669047528,55,0,res_6eb362cd-539f-43c2-ae38-4fd25867d8e9,2011-07-01 14:57:17.736504528,0.0
Case24,Analyze Purchase Requisition,res_ef511a60-0fbe-4c1b-be0b-d96a349ffb61,Role 3,2011-07-01 16:17:01.247561420,55,0,res_ef511a60-0fbe-4c1b-be0b-d96a349ffb61,2011-07-01 16:14:45.420296420,0.0
Case24,Create Request for Quotation,res_eaebaff1-ec80-4367-9148-32e2ed6d8c24,Role 3,2011-07-01 16:47:48.256277420,55,0,res_eaebaff1-ec80-4367-9148-32e2ed6d8c24,2011-07-01 16:22:36.391739420,0.0
Case10,Analyze Quotation Comparison Map,res_9167b706-00d1-41f1-9a32-2e270dd54cc0,Role 1,2011-07-01 18:08:13.126408614,55,0,res_9167b706-00d1-41f1-9a32-2e270dd54cc0,2011-07-01 18:08:13.126408614,0.0
Case21,Analyze Request for Quotation,res_a1aadd50-44bc-4984-92b3-7fa6a35b08ce,Role 4,2011-07-01 18:44:42.175388589,55,0,res_a1aadd50-44bc-4984-92b3-7fa6a35b08ce,2011-07-01 18:28:45.193773589,0.0
Case31,Create Purchase Requisition,res_9167b706-00d1-41f1-9a32-2e270dd54cc0,Role 1,2011-07-01 20:02:12.905145968,56,0,res_9167b706-00d1-41f1-9a32-2e270dd54cc0,2011-07-01 19:54:59.387570968,0.14285714285714285
Case21,Amend Request for Quotation,res_8f8f0a62-4c11-4e2d-806f-ac1cc2f4585c,Role 1,2011-07-01 20:03:53.932758589,55,0,res_8f8f0a62-4c11-4e2d-806f-ac1cc2f4585c,2011-07-01 19:39:11.587861589,0.07142857142857142
Case27,Analyze Purchase Requisition,res_2379693c-02d2-4c16-b018-154dff50870c,Role 3,2011-07-01 21:20:12.519008413,56,0,res_2379693c-02d2-4c16-b018-154dff50870c,2011-07-01 21:17:49.836704413,0.0
Case30,Create Request for Quotation,res_ef511a60-0fbe-4c1b-be0b-d96a349ffb61,Role 3,2011-07-01 21:41:31.984811528,56,0,res_ef511a60-0fbe-4c1b-be0b-d96a349ffb61,2011-07-01 21:23:32.824536528,0.0
Case27,Create Request for Quotation,res_2379693c-02d2-4c16-b018-154dff50870c,Role 3,2011-07-01 21:50:59.542438413,56,1,res_2379693c-02d2-4c16-b018-154dff50870c,2011-07-01 21:25:42.972907413,0.3333333333333333
Case28,Analyze Purchase Requisition,res_ef511a60-0fbe-4c1b-be0b-d96a349ffb61,Role 3,2011-07-01 22:25:23.513820198,56,0,res_ef511a60-0fbe-4c1b-be0b-d96a349ffb61,2011-07-01 22:23:00.080920198,0.0
Case28,Create Request for Quotation,res_eaebaff1-ec80-4367-9148-32e2ed6d8c24,Role 3,2011-07-01 22:55:38.870448198,56,0,res_eaebaff1-ec80-4367-9148-32e2ed6d8c24,2011-07-01 22:30:32.919100198,0.0
Case29,Analyze Purchase Requisition,res_ef511a60-0fbe-4c1b-be0b-d96a349ffb61,Role 3,2011-07-01 23:29:58.655783121,56,0,res_ef511a60-0fbe-4c1b-be0b-d96a349ffb61,2011-07-01 23:27:34.059816121,0.0
Case29,Create Request for Quotation,res_2379693c-02d2-4c16-b018-154dff50870c,Role 3,2011-07-02 00:00:32.831512121,56,0,res_2379693c-02d2-4c16-b018-154dff50870c,2011-07-01 23:35:17.221216121,0.0
Case10,Choose best option,res_cb7687c3-c5a0-4751-970a-e66addb342e6,Role 1,2011-07-02 03:10:27.840284614,55,0,res_cb7687c3-c5a0-4751-970a-e66addb342e6,2011-07-01 18:08:13.152558614,0.0
Case4,Deliver Goods Services,res_d588e6af-9958-489f-9fc3-a59e218b25b9,Role 2,2011-07-02 07:30:02.663566086,56,2,res_d588e6af-9958-489f-9fc3-a59e218b25b9,2011-07-02 07:29:02.610411086,0.2
Case32,Create Purchase Requisition,res_1c8b5f31-9f1d-45fc-a907-e61844725cf1,Role 1,2011-07-02 07:55:56.475294689,57,0,res_1c8b5f31-9f1d-45fc-a907-e61844725cf1,2011-07-02 07:48:14.200030689,0.0
Case7,Deliver Goods Services,res_71ac497f-e0b6-48ec-83f7-073b78d5b74a,Role 2,2011-07-02 09:15:52.975248482,57,2,res_71ac497f-e0b6-48ec-83f7-073b78d5b74a,2011-07-02 09:14:52.826529482,0.4
Case5,Deliver Goods Services,res_4e8df78d-479a-4a6b-b0fc-4ec41ae30090,Role 2,2011-07-02 09:23:51.316483837,57,2,res_4e8df78d-479a-4a6b-b0fc-4ec41ae30090,2011-07-02 09:22:51.219032837,0.4
Case22,Analyze Request for Quotation,res_57232bd2-8367-472b-bb4e-a410540bb1ce,Role 4,2011-07-02 10:44:01.664811037,57,0,res_57232bd2-8367-472b-bb4e-a410540bb1ce,2011-07-02 10:26:17.045343037,0.0
Case22,Amend Request for Quotation,res_8f8f0a62-4c11-4e2d-806f-ac1cc2f4585c,Role 1,2011-07-02 12:03:26.015848037,57,0,res_8f8f0a62-4c11-4e2d-806f-ac1cc2f4585c,2011-07-02 11:38:04.317964037,0.0
Case32,Create Request for Quotation,res_ef511a60-0fbe-4c1b-be0b-d96a349ffb61,Role 3,2011-07-02 12:32:47.480327689,57,0,res_ef511a60-0fbe-4c1b-be0b-d96a349ffb61,2011-07-02 12:10:59.891134689,0.0
Case10,Settle Conditions With Supplier,res_57232bd2-8367-472b-bb4e-a410540bb1ce,Role 4,2011-07-02 13:15:17.207132614,57,1,res_57232bd2-8367-472b-bb4e-a410540bb1ce,2011-07-02 13:05:23.040659614,0.0
Case31,Analyze Purchase Requisition,res_2379693c-02d2-4c16-b018-154dff50870c,Role 3,2011-07-02 14:10:29.333090968,57,0,res_2379693c-02d2-4c16-b018-154dff50870c,2011-07-02 14:08:05.216341968,0.0
Case4,Release Purchase Order,res_8ff9896e-89e7-4706-8bbb-7b5d6b91cbb2,Role 1,2011-07-02 14:23:40.520467086,57,0,res_8ff9896e-89e7-4706-8bbb-7b5d6b91cbb2,2011-07-02 14:22:41.772732086,0.0
Case31,Create Request for Quotation,res_ef511a60-0fbe-4c1b-be0b-d96a349ffb61,Role 3,2011-07-02 14:40:39.080717968,57,0,res_ef511a60-0fbe-4c1b-be0b-d96a349ffb61,2011-07-02 14:15:42.008351968,0.0
Case7,Release Purchase Order,res_cb7687c3-c5a0-4751-970a-e66addb342e6,Role 1,2011-07-02 16:10:59.810753482,57,0,res_cb7687c3-c5a0-4751-970a-e66addb342e6,2011-07-02 16:10:01.313346482,0.0
Case5,Release Purchase Order,res_8e16ec3e-8472-4b9c-89cb-509f068592b4,Role 1,2011-07-02 16:16:37.238563837,57,0,res_8e16ec3e-8472-4b9c-89cb-509f068592b4,2011-07-02 16:15:38.766968837,0.0
Case6,Deliver Goods Services,res_4e8df78d-479a-4a6b-b0fc-4ec41ae30090,Role 2,2011-07-02 19:09:14.203687518,57,2,res_4e8df78d-479a-4a6b-b0fc-4ec41ae30090,2011-07-02 19:08:14.121092518,0.6
Case10,Create Purchase Order,res_a1aadd50-44bc-4984-92b3-7fa6a35b08ce,Role 4,2011-07-03 00:03:46.273344614,57,0,res_a1aadd50-44bc-4984-92b3-7fa6a35b08ce,2011-07-02 23:47:14.251143614,0.0
Case4,Approve Purchase Order for payment,res_e3e0c0a9-4ed9-4f0d-b292-61196d595b55,Role 4,2011-07-03 00:49:30.541522086,57,0,res_e3e0c0a9-4ed9-4f0d-b292-61196d595b55,2011-07-03 00:49:30.541522086,0.0
Case6,Release Purchase Order,res_405a9dbf-a6c4-4516-8b62-63a28dc495f2,Role 1,2011-07-03 02:10:41.267106518,57,0,res_405a9dbf-a6c4-4516-8b62-63a28dc495f2,2011-07-03 02:09:44.596144518,0.0
Case5,Approve Purchase Order for payment,res_a1aadd50-44bc-4984-92b3-7fa6a35b08ce,Role 4,2011-07-03 02:37:44.705019837,57,0,res_a1aadd50-44bc-4984-92b3-7fa6a35b08ce,2011-07-03 02:37:44.701417837,0.0
Case7,Approve Purchase Order for payment,res_e3e0c0a9-4ed9-4f0d-b292-61196d595b55,Role 4,2011-07-03 02:49:06.260022482,57,0,res_e3e0c0a9-4ed9-4f0d-b292-61196d595b55,2011-07-03 02:49:06.260022482,0.0
Case3,Confirm Purchase Order,res_d588e6af-9958-489f-9fc3-a59e218b25b9,Role 2,2011-07-03 03:52:30.595235822,56,0,res_d588e6af-9958-489f-9fc3-a59e218b25b9,2011-07-02 03:40:12.964625822,0.0
Case20,Send Request for Quotation to Supplier,res_a1aadd50-44bc-4984-92b3-7fa6a35b08ce,Role 4,2011-07-03 09:06:34.707664547,57,0,res_a1aadd50-44bc-4984-92b3-7fa6a35b08ce,2011-07-03 06:28:07.005704547,0.0
Case14,Confirm Purchase Order,res_d588e6af-9958-489f-9fc3-a59e218b25b9,Role 2,2011-07-03 09:10:40.491035937,57,1,res_d588e6af-9958-489f-9fc3-a59e218b25b9,2011-07-02 08:24:00.170466937,0.2
Case6,Approve Purchase Order for payment,res_57232bd2-8367-472b-bb4e-a410540bb1ce,Role 4,2011-07-03 12:58:30.634343518,57,0,res_57232bd2-8367-472b-bb4e-a410540bb1ce,2011-07-03 12:58:30.596122518,0.0
Case13,Confirm Purchase Order,res_400ece15-d344-40db-973d-6a305e0b654c,Role 2,2011-07-03 14:01:23.615087411,57,2,res_400ece15-d344-40db-973d-6a305e0b654c,2011-07-02 11:56:46.298810411,0.4
Case20,Create Quotation comparison Map,res_57232bd2-8367-472b-bb4e-a410540bb1ce,Role 4,2011-07-03 14:46:39.425735547,57,0,res_57232bd2-8367-472b-bb4e-a410540bb1ce,2011-07-03 14:31:03.256800547,0.0
Case23,Analyze Request for Quotation,res_e3e0c0a9-4ed9-4f0d-b292-61196d595b55,Role 4,2011-07-03 14:57:13.715834438,57,0,res_e3e0c0a9-4ed9-4f0d-b292-61196d595b55,2011-07-03 14:41:44.219039438,0.3333333333333333
Case33,Create Purchase Requisition,res_cb7687c3-c5a0-4751-970a-e66addb342e6,Role 1,2011-07-03 15:58:14.398758284,58,0,res_cb7687c3-c5a0-4751-970a-e66addb342e6,2011-07-03 15:50:57.919656284,0.07142857142857142
Case23,Amend Request for Quotation,res_8ff9896e-89e7-4706-8bbb-7b5d6b91cbb2,Role 1,2011-07-03 16:13:05.761852438,57,0,res_8ff9896e-89e7-4706-8bbb-7b5d6b91cbb2,2011-07-03 15:48:09.060181438,0.0
Case4,Send Invoice,res_e429f72d-965e-4e84-a3e5-a38e218f80b1,Role 2,2011-07-03 18:27:32.216194086,58,0,res_e429f72d-965e-4e84-a3e5-a38e218f80b1,2011-07-03 18:23:14.403981086,0.0
Case7,Send Invoice,res_400ece15-d344-40db-973d-6a305e0b654c,Role 2,2011-07-03 20:43:29.254397482,58,0,res_400ece15-d344-40db-973d-6a305e0b654c,2011-07-03 20:39:08.561525482,0.2
Case20,Analyze Quotation Comparison Map,res_8f8f0a62-4c11-4e2d-806f-ac1cc2f4585c,Role 1,2011-07-03 21:11:06.076726547,58,0,res_8f8f0a62-4c11-4e2d-806f-ac1cc2f4585c,2011-07-03 21:11:06.074929547,0.0
Case5,Send Invoice,res_4e8df78d-479a-4a6b-b0fc-4ec41ae30090,Role 2,2011-07-03 21:35:42.962414837,58,0,res_4e8df78d-479a-4a6b-b0fc-4ec41ae30090,2011-07-03 21:31:27.774353837,0.2
Case34,Create Purchase Requisition,res_8f8f0a62-4c11-4e2d-806f-ac1cc2f4585c,Role 1,2011-07-03 23:32:05.407735356,59,0,res_8f8f0a62-4c11-4e2d-806f-ac1cc2f4585c,2011-07-03 23:25:07.834893356,0.07142857142857142
Case20,Choose best option,res_2693c211-be99-4d88-aa0e-ad93f9242ac0,Role 1,2011-07-04 04:15:10.491659547,58,0,res_2693c211-be99-4d88-aa0e-ad93f9242ac0,2011-07-03 21:11:06.099005547,0.0
Case4,Release Supplier's Invoice,res_3abcc329-15ac-4669-90d7-4c4850600768,Role 5,2011-07-04 06:49:57.529169086,59,0,res_3abcc329-15ac-4669-90d7-4c4850600768,2011-07-04 06:49:57.529169086,0.0
Case4,Authorize Supplier's Invoice payment,res_3abcc329-15ac-4669-90d7-4c4850600768,Role 5,2011-07-04 06:57:57.232412086,59,0,res_3abcc329-15ac-4669-90d7-4c4850600768,2011-07-04 06:49:57.582835086,0.0
Case4,Pay Invoice,res_9c70c672-679c-4869-ad08-c8902d2b8a6b,Role 5,2011-07-04 07:26:29.753677086,59,0,res_9c70c672-679c-4869-ad08-c8902d2b8a6b,2011-07-04 07:26:29.753677086,0.0
Case33,Analyze Purchase Requisition,res_2379693c-02d2-4c16-b018-154dff50870c,Role 3,2011-07-04 07:29:39.397448284,58,0,res_2379693c-02d2-4c16-b018-154dff50870c,2011-07-04 07:27:16.171082284,0.0
Case33,Create Request for Quotation,res_ef511a60-0fbe-4c1b-be0b-d96a349ffb61,Role 3,2011-07-04 07:58:03.564749284,58,0,res_ef511a60-0fbe-4c1b-be0b-d96a349ffb61,2011-07-04 07:34:16.823709284,0.0
Case3,Deliver Goods Services,res_71ac497f-e0b6-48ec-83f7-073b78d5b74a,Role 2,2011-07-04 08:05:32.637610822,58,2,res_71ac497f-e0b6-48ec-83f7-073b78d5b74a,2011-07-04 08:04:32.425265822,0.2
Case7,Release Supplier's Invoice,res_3abcc329-15ac-4669-90d7-4c4850600768,Role 5,2011-07-04 09:05:46.326495482,58,0,res_3abcc329-15ac-4669-90d7-4c4850600768,2011-07-04 09:05:46.326495482,0.0
Case7,Authorize Supplier's Invoice payment,res_9c70c672-679c-4869-ad08-c8902d2b8a6b,Role 5,2011-07-04 09:13:49.219803482,58,0,res_9c70c672-679c-4869-ad08-c8902d2b8a6b,2011-07-04 09:05:46.384034482,0.0
Case7,Pay Invoice,res_9c70c672-679c-4869-ad08-c8902d2b8a6b,Role 5,2011-07-04 09:41:50.603731482,58,0,res_9c70c672-679c-4869-ad08-c8902d2b8a6b,2011-07-04 09:41:50.603731482,0.0
Case5,Release Supplier's Invoice,res_3abcc329-15ac-4669-90d7-4c4850600768,Role 5,2011-07-04 10:13:27.222047837,57,0,res_3abcc329-15ac-4669-90d7-4c4850600768,2011-07-04 10:13:27.222047837,0.0
Case5,Authorize Supplier's Invoice payment,res_3abcc329-15ac-4669-90d7-4c4850600768,Role 5,2011-07-04 10:20:21.522551837,57,0,res_3abcc329-15ac-4669-90d7-4c4850600768,2011-07-04 10:13:27.277960837,0.0
Case5,Pay Invoice,res_9c70c672-679c-4869-ad08-c8902d2b8a6b,Role 5,2011-07-04 10:48:35.037100837,57,0,res_9c70c672-679c-4869-ad08-c8902d2b8a6b,2011-07-04 10:48:35.037100837,0.0
Case35,Create Purchase Requisition,res_8f8f0a62-4c11-4e2d-806f-ac1cc2f4585c,Role 1,2011-07-04 10:58:05.369823328,57,0,res_8f8f0a62-4c11-4e2d-806f-ac1cc2f4585c,2011-07-04 10:50:34.223845328,0.0
Case20,Settle Conditions With Supplier,res_e3e0c0a9-4ed9-4f0d-b292-61196d595b55,Role 4,2011-07-04 11:04:32.065312547,57,1,res_e3e0c0a9-4ed9-4f0d-b292-61196d595b55,2011-07-04 10:54:28.936684547,0.0
Case6,Send Invoice,res_e429f72d-965e-4e84-a3e5-a38e218f80b1,Role 2,2011-07-04 12:47:56.968701518,57,0,res_e429f72d-965e-4e84-a3e5-a38e218f80b1,2011-07-04 12:44:42.895469518,0.2
Case29,Analyze Request for Quotation,res_a1aadd50-44bc-4984-92b3-7fa6a35b08ce,Role 4,2011-07-04 13:21:48.129749121,57,0,res_a1aadd50-44bc-4984-92b3-7fa6a35b08ce,2011-07-04 13:06:16.701320121,0.0
Case25,Analyze Request for Quotation,res_a1aadd50-44bc-4984-92b3-7fa6a35b08ce,Role 4,2011-07-04 14:26:01.260826891,57,0,res_a1aadd50-44bc-4984-92b3-7fa6a35b08ce,2011-07-04 14:11:26.388447891,0.0
Case29,Amend Request for Quotation,res_1c8b5f31-9f1d-45fc-a907-e61844725cf1,Role 1,2011-07-04 14:37:27.626165121,57,0,res_1c8b5f31-9f1d-45fc-a907-e61844725cf1,2011-07-04 14:12:42.771720121,0.0
Case24,Analyze Request for Quotation,res_a1aadd50-44bc-4984-92b3-7fa6a35b08ce,Role 4,2011-07-04 14:58:20.863833420,57,0,res_a1aadd50-44bc-4984-92b3-7fa6a35b08ce,2011-07-04 14:42:21.576713420,0.0
Case3,Release Purchase Order,res_9167b706-00d1-41f1-9a32-2e270dd54cc0,Role 1,2011-07-04 15:13:22.575731822,57,0,res_9167b706-00d1-41f1-9a32-2e270dd54cc0,2011-07-04 15:12:24.142690822,0.0
Case34,Analyze Purchase Requisition,res_eaebaff1-ec80-4367-9148-32e2ed6d8c24,Role 3,2011-07-04 15:28:39.734097356,57,0,res_eaebaff1-ec80-4367-9148-32e2ed6d8c24,2011-07-04 15:26:12.830588356,0.0
Case10,Confirm Purchase Order,res_71ac497f-e0b6-48ec-83f7-073b78d5b74a,Role 2,2011-07-04 15:40:44.807737614,58,0,res_71ac497f-e0b6-48ec-83f7-073b78d5b74a,2011-07-03 18:44:38.256760614,0.0
Case25,Amend Request for Quotation,res_f48df228-eef4-4e77-92e3-78f54f949771,Role 1,2011-07-04 15:42:28.933439891,57,0,res_f48df228-eef4-4e77-92e3-78f54f949771,2011-07-04 15:16:29.034261891,0.0
Case34,Create Request for Quotation,res_2379693c-02d2-4c16-b018-154dff50870c,Role 3,2011-07-04 15:56:00.176876356,57,0,res_2379693c-02d2-4c16-b018-154dff50870c,2011-07-04 15:33:36.902104356,0.0
Case28,Analyze Request for Quotation,res_57232bd2-8367-472b-bb4e-a410540bb1ce,Role 4,2011-07-04 17:37:02.713822198,57,0,res_57232bd2-8367-472b-bb4e-a410540bb1ce,2011-07-04 17:21:32.764791198,0.0
Case14,Deliver Goods Services,res_e429f72d-965e-4e84-a3e5-a38e218f80b1,Role 2,2011-07-04 17:41:21.797778937,57,2,res_e429f72d-965e-4e84-a3e5-a38e218f80b1,2011-07-04 17:40:21.562048937,0.0
Case20,Create Purchase Order,res_a1aadd50-44bc-4984-92b3-7fa6a35b08ce,Role 4,2011-07-04 17:46:33.050264547,57,0,res_a1aadd50-44bc-4984-92b3-7fa6a35b08ce,2011-07-04 17:27:14.543060547,0.3333333333333333
Case26,Analyze Request for Quotation,res_57232bd2-8367-472b-bb4e-a410540bb1ce,Role 4,2011-07-04 20:19:46.981112408,57,0,res_57232bd2-8367-472b-bb4e-a410540bb1ce,2011-07-04 20:04:56.088328408,0.0
Case27,Analyze Request for Quotation,res_e3e0c0a9-4ed9-4f0d-b292-61196d595b55,Role 4,2011-07-04 20:23:07.672624413,57,1,res_e3e0c0a9-4ed9-4f0d-b292-61196d595b55,2011-07-04 20:07:28.212035413,0.3333333333333333
Case13,Deliver Goods Services,res_71ac497f-e0b6-48ec-83f7-073b78d5b74a,Role 2,2011-07-04 22:31:47.604783411,55,2,res_71ac497f-e0b6-48ec-83f7-073b78d5b74a,2011-07-04 22:30:47.506691411,0.0
Case14,Release Purchase Order,res_6eb362cd-539f-43c2-ae38-4fd25867d8e9,Role 1,2011-07-05 00:46:42.772865937,55,0,res_6eb362cd-539f-43c2-ae38-4fd25867d8e9,2011-07-05 00:45:44.275486937,0.0
Case3,Approve Purchase Order for payment,res_57232bd2-8367-472b-bb4e-a410540bb1ce,Role 4,2011-07-05 01:09:30.635439822,55,0,res_57232bd2-8367-472b-bb4e-a410540bb1ce,2011-07-05 01:09:30.633328822,0.3333333333333333
Case6,Release Supplier's Invoice,res_9c70c672-679c-4869-ad08-c8902d2b8a6b,Role 5,2011-07-05 01:10:43.995613518,55,0,res_9c70c672-679c-4869-ad08-c8902d2b8a6b,2011-07-05 01:10:43.995613518,0.0
Case6,Authorize Supplier's Invoice payment,res_3abcc329-15ac-4669-90d7-4c4850600768,Role 5,2011-07-05 01:18:32.395590518,55,0,res_3abcc329-15ac-4669-90d7-4c4850600768,2011-07-05 01:10:44.038955518,0.0
Case31,Analyze Request for Quotation,res_e3e0c0a9-4ed9-4f0d-b292-61196d595b55,Role 4,2011-07-05 01:26:47.226889968,55,0,res_e3e0c0a9-4ed9-4f0d-b292-61196d595b55,2011-07-05 01:08:12.381757968,0.0
Case35,Analyze Purchase Requisition,res_ef511a60-0fbe-4c1b-be0b-d96a349ffb61,Role 3,2011-07-05 01:35:46.879241328,54,0,res_ef511a60-0fbe-4c1b-be0b-d96a349ffb61,2011-07-05 01:33:20.743101328,0.0
Case6,Pay Invoice,res_3abcc329-15ac-4669-90d7-4c4850600768,Role 5,2011-07-05 01:47:57.025943518,54,0,res_3abcc329-15ac-4669-90d7-4c4850600768,2011-07-05 01:47:57.025943518,0.0
Case35,Create Request for Quotation,res_ef511a60-0fbe-4c1b-be0b-d96a349ffb61,Role 3,2011-07-05 02:04:12.269635328,54,0,res_ef511a60-0fbe-4c1b-be0b-d96a349ffb61,2011-07-05 01:40:33.726311328,0.0
Case30,Analyze Request for Quotation,res_57232bd2-8367-472b-bb4e-a410540bb1ce,Role 4,2011-07-05 03:50:31.360520528,53,0,res_57232bd2-8367-472b-bb4e-a410540bb1ce,2011-07-05 03:33:15.685529528,0.0
Case30,Amend Request for Quotation,res_8e16ec3e-8472-4b9c-89cb-509f068592b4,Role 1,2011-07-05 05:06:51.375230528,53,0,res_8e16ec3e-8472-4b9c-89cb-509f068592b4,2011-07-05 04:42:11.686745528,0.0
Case13,Release Purchase Order,res_405a9dbf-a6c4-4516-8b62-63a28dc495f2,Role 1,2011-07-05 05:37:04.854694411,53,0,res_405a9dbf-a6c4-4516-8b62-63a28dc495f2,2011-07-05 05:36:06.634416411,0.0
Case14,Approve Purchase Order for payment,res_57232bd2-8367-472b-bb4e-a410540bb1ce,Role 4,2011-07-05 10:40:49.801523937,53,0,res_57232bd2-8367-472b-bb4e-a410540bb1ce,2011-07-05 10:40:49.801523937,0.0
Case3,Send Invoice,res_d588e6af-9958-489f-9fc3-a59e218b25b9,Role 2,2011-07-05 15:01:05.586585822,53,0,res_d588e6af-9958-489f-9fc3-a59e218b25b9,2011-07-05 14:56:54.853718822,0.2
Case13,Approve Purchase Order for payment,res_57232bd2-8367-472b-bb4e-a410540bb1ce,Role 4,2011-07-05 15:43:35.423087411,53,0,res_57232bd2-8367-472b-bb4e-a410540bb1ce,2011-07-05 15:43:35.422076411,0.0
Case33,Analyze Request for Quotation,res_e3e0c0a9-4ed9-4f0d-b292-61196d595b55,Role 4,2011-07-05 17:32:45.170832284,53,0,res_e3e0c0a9-4ed9-4f0d-b292-61196d595b55,2011-07-05 17:17:24.880570284,0.0
Case21,Analyze Request for Quotation,res_a1aadd50-44bc-4984-92b3-7fa6a35b08ce,Role 4,2011-07-05 18:28:33.336968589,53,0,res_a1aadd50-44bc-4984-92b3-7fa6a35b08ce,2011-07-05 18:12:22.328989589,0.0
Case21,Amend Request for Quotation,res_919b75ba-5ea6-4e46-9898-5ba05832888a,Role 1,2011-07-05 19:44:23.362270589,53,0,res_919b75ba-5ea6-4e46-9898-5ba05832888a,2011-07-05 19:20:46.909675589,0.0
Case22,Analyze Request for Quotation,res_a1aadd50-44bc-4984-92b3-7fa6a35b08ce,Role 4,2011-07-05 21:07:07.695088037,53,0,res_a1aadd50-44bc-4984-92b3-7fa6a35b08ce,2011-07-05 20:48:11.860374037,0.0
Case36,Create Purchase Requisition,res_9167b706-00d1-41f1-9a32-2e270dd54cc0,Role 1,2011-07-05 21:19:56.784680743,53,0,res_9167b706-00d1-41f1-9a32-2e270dd54cc0,2011-07-05 21:13:04.151480743,0.0
Case10,Deliver Goods Services,res_4e8df78d-479a-4a6b-b0fc-4ec41ae30090,Role 2,2011-07-05 22:51:45.357521614,53,2,res_4e8df78d-479a-4a6b-b0fc-4ec41ae30090,2011-07-05 22:50:45.106840614,0.2
Case14,Send Invoice,res_71ac497f-e0b6-48ec-83f7-073b78d5b74a,Role 2,2011-07-05 23:38:03.952610937,53,0,res_71ac497f-e0b6-48ec-83f7-073b78d5b74a,2011-07-05 23:33:52.851204937,0.2
Case24,Send Request for Quotation to Supplier,res_a1aadd50-44bc-4984-92b3-7fa6a35b08ce,Role 4,2011-07-06 03:11:02.564245420,53,0,res_a1aadd50-44bc-4984-92b3-7fa6a35b08ce,2011-07-05 23:12:14.496376420,0.0
Case37,Create Purchase Requisition,res_8ff9896e-89e7-4706-8bbb-7b5d6b91cbb2,Role 1,2011-07-06 03:21:04.248755243,54,0,res_8ff9896e-89e7-4706-8bbb-7b5d6b91cbb2,2011-07-06 03:13:48.564554243,0.0
Case3,Release Supplier's Invoice,res_3abcc329-15ac-4669-90d7-4c4850600768,Role 5,2011-07-06 03:46:14.266572822,54,0,res_3abcc329-15ac-4669-90d7-4c4850600768,2011-07-06 03:46:14.266572822,0.0
Case3,Authorize Supplier's Invoice payment,res_3abcc329-15ac-4669-90d7-4c4850600768,Role 5,2011-07-06 03:54:25.273849822,54,0,res_3abcc329-15ac-4669-90d7-4c4850600768,2011-07-06 03:46:14.325937822,0.0
Case3,Pay Invoice,res_3abcc329-15ac-4669-90d7-4c4850600768,Role 5,2011-07-06 04:25:00.073466822,54,0,res_3abcc329-15ac-4669-90d7-4c4850600768,2011-07-06 04:25:00.073466822,0.0
Case38,Create Purchase Requisition,res_9167b706-00d1-41f1-9a32-2e270dd54cc0,Role 1,2011-07-06 05:09:53.949715635,54,0,res_9167b706-00d1-41f1-9a32-2e270dd54cc0,2011-07-06 05:02:28.943992635,0.0
Case10,Release Purchase Order,res_2693c211-be99-4d88-aa0e-ad93f9242ac0,Role 1,2011-07-06 05:48:32.787458614,54,0,res_2693c211-be99-4d88-aa0e-ad93f9242ac0,2011-07-06 05:47:34.046190614,0.0
Case32,Analyze Request for Quotation,res_57232bd2-8367-472b-bb4e-a410540bb1ce,Role 4,2011-07-06 06:01:25.882116689,54,0,res_57232bd2-8367-472b-bb4e-a410540bb1ce,2011-07-06 05:43:37.593767689,0.0
Case39,Create Purchase Requisition,res_f089c795-448e-465e-b5f3-2b8cd9cd75ad,Role 1,2011-07-06 06:04:23.769537715,55,0,res_f089c795-448e-465e-b5f3-2b8cd9cd75ad,2011-07-06 05:56:54.645020715,0.0
Case13,Send Invoice,res_e429f72d-965e-4e84-a3e5-a38e218f80b1,Role 2,2011-07-06 07:33:21.643096411,55,0,res_e429f72d-965e-4e84-a3e5-a38e218f80b1,2011-07-06 07:29:31.145698411,0.2
Case24,Create Quotation comparison Map,res_a1aadd50-44bc-4984-92b3-7fa6a35b08ce,Role 4,2011-07-06 08:45:42.713960420,55,0,res_a1aadd50-44bc-4984-92b3-7fa6a35b08ce,2011-07-06 08:27:16.621561420,0.0
Case34,Analyze Request for Quotation,res_a1aadd50-44bc-4984-92b3-7fa6a35b08ce,Role 4,2011-07-06 09:19:01.061336356,55,0,res_a1aadd50-44bc-4984-92b3-7fa6a35b08ce,2011-07-06 09:02:27.567324356,0.0
Case38,Create Request for Quotation,res_2379693c-02d2-4c16-b018-154dff50870c,Role 3,2011-07-06 10:14:44.087168635,55,0,res_2379693c-02d2-4c16-b018-154dff50870c,2011-07-06 09:53:54.635727635,0.0
Case39,Create Request for Quotation,res_ef511a60-0fbe-4c1b-be0b-d96a349ffb61,Role 3,2011-07-06 11:09:26.303215715,55,0,res_ef511a60-0fbe-4c1b-be0b-d96a349ffb61,2011-07-06 10:48:27.494985715,0.0
Case23,Analyze Request for Quotation,res_a1aadd50-44bc-4984-92b3-7fa6a35b08ce,Role 4,2011-07-06 11:12:50.121011438,55,0,res_a1aadd50-44bc-4984-92b3-7fa6a35b08ce,2011-07-06 10:55:17.586886438,0.3333333333333333
Case20,Confirm Purchase Order,res_4e8df78d-479a-4a6b-b0fc-4ec41ae30090,Role 2,2011-07-06 11:49:56.478785547,53,0,res_4e8df78d-479a-4a6b-b0fc-4ec41ae30090,2011-07-05 11:35:52.995249547,0.0
Case14,Release Supplier's Invoice,res_9c70c672-679c-4869-ad08-c8902d2b8a6b,Role 5,2011-07-06 12:20:49.380053937,55,0,res_9c70c672-679c-4869-ad08-c8902d2b8a6b,2011-07-06 12:20:49.380053937,0.0
Case14,Authorize Supplier's Invoice payment,res_3abcc329-15ac-4669-90d7-4c4850600768,Role 5,2011-07-06 12:28:53.870941937,55,0,res_3abcc329-15ac-4669-90d7-4c4850600768,2011-07-06 12:20:49.449904937,0.0
Case25,Analyze Request for Quotation,res_e3e0c0a9-4ed9-4f0d-b292-61196d595b55,Role 4,2011-07-06 12:29:15.621579891,55,0,res_e3e0c0a9-4ed9-4f0d-b292-61196d595b55,2011-07-06 12:12:07.193650891,0.3333333333333333
Case28,Send Request for Quotation to Supplier,res_e3e0c0a9-4ed9-4f0d-b292-61196d595b55,Role 4,2011-07-06 12:57:07.808415198,55,0,res_e3e0c0a9-4ed9-4f0d-b292-61196d595b55,2011-07-06 09:21:27.302196198,0.0
Case14,Pay Invoice,res_3abcc329-15ac-4669-90d7-4c4850600768,Role 5,2011-07-06 12:58:20.243240937,55,0,res_3abcc329-15ac-4669-90d7-4c4850600768,2011-07-06 12:58:20.243240937,0.0
Case36,Analyze Purchase Requisition,res_ef511a60-0fbe-4c1b-be0b-d96a349ffb61,Role 3,2011-07-06 13:25:52.361968743,54,0,res_ef511a60-0fbe-4c1b-be0b-d96a349ffb61,2011-07-06 13:23:36.709511743,0.0
Case25,Amend Request for Quotation,res_1c8b5f31-9f1d-45fc-a907-e61844725cf1,Role 1,2011-07-06 13:49:32.283648891,54,0,res_1c8b5f31-9f1d-45fc-a907-e61844725cf1,2011-07-06 13:25:17.863960891,0.0
Case36,Create Request for Quotation,res_ef511a60-0fbe-4c1b-be0b-d96a349ffb61,Role 3,2011-07-06 13:54:54.594845743,54,0,res_ef511a60-0fbe-4c1b-be0b-d96a349ffb61,2011-07-06 13:30:57.392619743,0.0
Case30,Analyze Request for Quotation,res_e3e0c0a9-4ed9-4f0d-b292-61196d595b55,Role 4,2011-07-06 14:19:33.063752528,54,0,res_e3e0c0a9-4ed9-4f0d-b292-61196d595b55,2011-07-06 14:03:53.673567528,0.0
Case24,Analyze Quotation Comparison Map,res_919b75ba-5ea6-4e46-9898-5ba05832888a,Role 1,2011-07-06 14:50:16.494438420,54,0,res_919b75ba-5ea6-4e46-9898-5ba05832888a,2011-07-06 14:50:16.494438420,0.0
Case35,Analyze Request for Quotation,res_e3e0c0a9-4ed9-4f0d-b292-61196d595b55,Role 4,2011-07-06 15:43:03.580810328,54,0,res_e3e0c0a9-4ed9-4f0d-b292-61196d595b55,2011-07-06 15:28:48.785412328,0.0
Case10,Approve Purchase Order for payment,res_e3e0c0a9-4ed9-4f0d-b292-61196d595b55,Role 4,2011-07-06 16:40:08.266397614,53,0,res_e3e0c0a9-4ed9-4f0d-b292-61196d595b55,2011-07-06 16:40:08.266397614,0.0
Case29,Analyze Request for Quotation,res_a1aadd50-44bc-4984-92b3-7fa6a35b08ce,Role 4,2011-07-06 17:25:54.357649121,53,0,res_a1aadd50-44bc-4984-92b3-7fa6a35b08ce,2011-07-06 17:09:19.530209121,0.0
Case28,Create Quotation comparison Map,res_a1aadd50-44bc-4984-92b3-7fa6a35b08ce,Role 4,2011-07-06 19:10:27.501274198,53,0,res_a1aadd50-44bc-4984-92b3-7fa6a35b08ce,2011-07-06 18:52:24.280374198,0.0
Case37,Analyze Purchase Requisition,res_2379693c-02d2-4c16-b018-154dff50870c,Role 3,2011-07-06 19:23:36.668395243,53,0,res_2379693c-02d2-4c16-b018-154dff50870c,2011-07-06 19:21:18.803136243,0.0
Case37,Create Request for Quotation,res_ef511a60-0fbe-4c1b-be0b-d96a349ffb61,Role 3,2011-07-06 19:52:38.913583243,53,0,res_ef511a60-0fbe-4c1b-be0b-d96a349ffb61,2011-07-06 19:29:05.058769243,0.0
Case13,Release Supplier's Invoice,res_9c70c672-679c-4869-ad08-c8902d2b8a6b,Role 5,2011-07-06 20:28:07.166235411,53,0,res_9c70c672-679c-4869-ad08-c8902d2b8a6b,2011-07-06 20:28:07.166235411,0.0
Case13,Authorize Supplier's Invoice payment,res_9c70c672-679c-4869-ad08-c8902d2b8a6b,Role 5,2011-07-06 20:36:57.129651411,53,0,res_9c70c672-679c-4869-ad08-c8902d2b8a6b,2011-07-06 20:28:07.242243411,0.0
Case13,Pay Invoice,res_9c70c672-679c-4869-ad08-c8902d2b8a6b,Role 5,2011-07-06 21:06:01.156504411,53,0,res_9c70c672-679c-4869-ad08-c8902d2b8a6b,2011-07-06 21:06:01.156504411,0.0
Case24,Choose best option,res_cb7687c3-c5a0-4751-970a-e66addb342e6,Role 1,2011-07-06 22:29:23.461345420,54,0,res_cb7687c3-c5a0-4751-970a-e66addb342e6,2011-07-06 14:50:16.538840420,0.0
Case33,Send Request for Quotation to Supplier,res_e3e0c0a9-4ed9-4f0d-b292-61196d595b55,Role 4,2011-07-06 23:47:12.734012284,53,0,res_e3e0c0a9-4ed9-4f0d-b292-61196d595b55,2011-07-06 19:36:56.169173284,0.0
Case28,Analyze Quotation Comparison Map,res_aa0ec4c3-67b5-4cb5-b721-3851249d52a1,Role 1,2011-07-07 01:31:44.096185198,52,0,res_aa0ec4c3-67b5-4cb5-b721-3851249d52a1,2011-07-07 01:31:44.096185198,0.0
Case33,Create Quotation comparison Map,res_57232bd2-8367-472b-bb4e-a410540bb1ce,Role 4,2011-07-07 04:33:07.299612284,52,0,res_57232bd2-8367-472b-bb4e-a410540bb1ce,2011-07-07 04:11:59.134781284,0.0
Case40,Create Purchase Requisition,res_f089c795-448e-465e-b5f3-2b8cd9cd75ad,Role 1,2011-07-07 05:06:57.834794582,53,0,res_f089c795-448e-465e-b5f3-2b8cd9cd75ad,2011-07-07 04:59:24.854012582,0.07142857142857142
Case24,Settle Conditions With Supplier,res_57232bd2-8367-472b-bb4e-a410540bb1ce,Role 4,2011-07-07 08:49:47.872977420,53,1,res_57232bd2-8367-472b-bb4e-a410540bb1ce,2011-07-07 08:39:37.941853420,0.0
Case28,Choose best option,res_8f8f0a62-4c11-4e2d-806f-ac1cc2f4585c,Role 1,2011-07-07 09:26:24.725457198,52,0,res_8f8f0a62-4c11-4e2d-806f-ac1cc2f4585c,2011-07-07 01:31:44.131803198,0.0
Case41,Create Purchase Requisition,res_2693c211-be99-4d88-aa0e-ad93f9242ac0,Role 1,2011-07-07 10:04:16.518737431,54,0,res_2693c211-be99-4d88-aa0e-ad93f9242ac0,2011-07-07 09:56:25.420776431,0.0
Case33,Analyze Quotation Comparison Map,res_2693c211-be99-4d88-aa0e-ad93f9242ac0,Role 1,2011-07-07 10:27:45.281153284,54,0,res_2693c211-be99-4d88-aa0e-ad93f9242ac0,2011-07-07 10:27:45.281153284,0.0
Case10,Send Invoice,res_d588e6af-9958-489f-9fc3-a59e218b25b9,Role 2,2011-07-07 15:37:54.866391614,54,0,res_d588e6af-9958-489f-9fc3-a59e218b25b9,2011-07-07 15:33:47.856827614,0.0
Case42,Create Purchase Requisition,res_f48df228-eef4-4e77-92e3-78f54f949771,Role 1,2011-07-07 16:01:23.109954251,55,0,res_f48df228-eef4-4e77-92e3-78f54f949771,2011-07-07 15:53:52.428786251,0.07142857142857142
Case28,Settle Conditions With Supplier,res_a1aadd50-44bc-4984-92b3-7fa6a35b08ce,Role 4,2011-07-07 17:16:29.182364198,55,1,res_a1aadd50-44bc-4984-92b3-7fa6a35b08ce,2011-07-07 17:06:32.191955198,0.6666666666666666
Case21,Analyze Request for Quotation,res_e3e0c0a9-4ed9-4f0d-b292-61196d595b55,Role 4,2011-07-07 17:20:38.134343589,55,0,res_e3e0c0a9-4ed9-4f0d-b292-61196d595b55,2011-07-07 17:01:28.384945589,0.3333333333333333
Case32,Send Request for Quotation to Supplier,res_a1aadd50-44bc-4984-92b3-7fa6a35b08ce,Role 4,2011-07-07 18:18:57.877981689,54,0,res_a1aadd50-44bc-4984-92b3-7fa6a35b08ce,2011-07-07 14:49:47.917775689,0.0
Case20,Deliver Goods Services,res_e429f72d-965e-4e84-a3e5-a38e218f80b1,Role 2,2011-07-07 19:25:02.449215547,55,2,res_e429f72d-965e-4e84-a3e5-a38e218f80b1,2011-07-07 19:24:02.318397547,0.0
Case33,Choose best option,res_9167b706-00d1-41f1-9a32-2e270dd54cc0,Role 1,2011-07-07 20:15:44.728953284,54,0,res_9167b706-00d1-41f1-9a32-2e270dd54cc0,2011-07-07 10:27:45.300971284,0.0
Case43,Create Purchase Requisition,res_6eb362cd-539f-43c2-ae38-4fd25867d8e9,Role 1,2011-07-07 20:17:03.384884311,56,0,res_6eb362cd-539f-43c2-ae38-4fd25867d8e9,2011-07-07 20:09:52.947675311,0.07142857142857142
Case40,Analyze Purchase Requisition,res_eaebaff1-ec80-4367-9148-32e2ed6d8c24,Role 3,2011-07-07 21:55:39.227921582,56,0,res_eaebaff1-ec80-4367-9148-32e2ed6d8c24,2011-07-07 21:53:17.302195582,0.0
Case30,Send Request for Quotation to Supplier,res_a1aadd50-44bc-4984-92b3-7fa6a35b08ce,Role 4,2011-07-07 22:13:01.525649528,55,1,res_a1aadd50-44bc-4984-92b3-7fa6a35b08ce,2011-07-07 18:13:07.837703528,0.3333333333333333
Case24,Create Purchase Order,res_a1aadd50-44bc-4984-92b3-7fa6a35b08ce,Role 4,2011-07-07 22:18:17.066960420,56,0,res_a1aadd50-44bc-4984-92b3-7fa6a35b08ce,2011-07-07 21:56:57.116843420,1.0
Case40,Create Request for Quotation,res_eaebaff1-ec80-4367-9148-32e2ed6d8c24,Role 3,2011-07-07 22:25:52.689511582,56,0,res_eaebaff1-ec80-4367-9148-32e2ed6d8c24,2011-07-07 22:01:11.396017582,0.0
Case23,Send Request for Quotation to Supplier,res_a1aadd50-44bc-4984-92b3-7fa6a35b08ce,Role 4,2011-07-07 22:49:03.457676438,55,1,res_a1aadd50-44bc-4984-92b3-7fa6a35b08ce,2011-07-07 18:36:32.529087438,0.3333333333333333
Case44,Create Purchase Requisition,res_aa0ec4c3-67b5-4cb5-b721-3851249d52a1,Role 1,2011-07-07 22:53:40.659331389,57,0,res_aa0ec4c3-67b5-4cb5-b721-3851249d52a1,2011-07-07 22:46:30.230351389,0.0
Case42,Create Request for Quotation,res_2379693c-02d2-4c16-b018-154dff50870c,Role 3,2011-07-07 23:09:51.896466251,57,0,res_2379693c-02d2-4c16-b018-154dff50870c,2011-07-07 22:51:55.482602251,0.0
Case34,Send Request for Quotation to Supplier,res_57232bd2-8367-472b-bb4e-a410540bb1ce,Role 4,2011-07-07 23:37:03.262457356,55,2,res_57232bd2-8367-472b-bb4e-a410540bb1ce,2011-07-07 19:24:31.683604356,0.6666666666666666
Case29,Send Request for Quotation to Supplier,res_e3e0c0a9-4ed9-4f0d-b292-61196d595b55,Role 4,2011-07-07 23:45:36.236205121,55,3,res_e3e0c0a9-4ed9-4f0d-b292-61196d595b55,2011-07-07 19:33:54.228438121,1.0
Case41,Analyze Purchase Requisition,res_2379693c-02d2-4c16-b018-154dff50870c,Role 3,2011-07-08 01:18:10.565252431,57,0,res_2379693c-02d2-4c16-b018-154dff50870c,2011-07-08 01:15:47.921790431,0.0
Case32,Create Quotation comparison Map,res_e3e0c0a9-4ed9-4f0d-b292-61196d595b55,Role 4,2011-07-08 01:36:54.623908689,57,0,res_e3e0c0a9-4ed9-4f0d-b292-61196d595b55,2011-07-08 01:16:07.286810689,0.0
Case41,Create Request for Quotation,res_ef511a60-0fbe-4c1b-be0b-d96a349ffb61,Role 3,2011-07-08 01:49:03.251449431,57,0,res_ef511a60-0fbe-4c1b-be0b-d96a349ffb61,2011-07-08 01:23:22.344065431,0.0
Case45,Create Purchase Requisition,res_9167b706-00d1-41f1-9a32-2e270dd54cc0,Role 1,2011-07-08 02:02:38.163885026,58,0,res_9167b706-00d1-41f1-9a32-2e270dd54cc0,2011-07-08 01:55:16.471137026,0.0
Case20,Release Purchase Order,res_f089c795-448e-465e-b5f3-2b8cd9cd75ad,Role 1,2011-07-08 02:17:17.001666547,58,0,res_f089c795-448e-465e-b5f3-2b8cd9cd75ad,2011-07-08 02:16:18.885637547,0.0
Case46,Create Purchase Requisition,res_2693c211-be99-4d88-aa0e-ad93f9242ac0,Role 1,2011-07-08 03:02:13.295708154,59,0,res_2693c211-be99-4d88-aa0e-ad93f9242ac0,2011-07-08 02:54:47.799294154,0.0
Case28,Create Purchase Order,res_57232bd2-8367-472b-bb4e-a410540bb1ce,Role 4,2011-07-08 03:53:06.718795198,59,0,res_57232bd2-8367-472b-bb4e-a410540bb1ce,2011-07-08 03:30:44.978342198,0.0
Case30,Create Quotation comparison Map,res_a1aadd50-44bc-4984-92b3-7fa6a35b08ce,Role 4,2011-07-08 04:28:03.877088528,59,0,res_a1aadd50-44bc-4984-92b3-7fa6a35b08ce,2011-07-08 04:09:21.256360528,0.0
Case10,Release Supplier's Invoice,res_3abcc329-15ac-4669-90d7-4c4850600768,Role 5,2011-07-08 04:40:39.286263614,59,0,res_3abcc329-15ac-4669-90d7-4c4850600768,2011-07-08 04:40:39.286263614,0.0
Case10,Authorize Supplier's Invoice payment,res_3abcc329-15ac-4669-90d7-4c4850600768,Role 5,2011-07-08 04:49:55.261794614,59,0,res_3abcc329-15ac-4669-90d7-4c4850600768,2011-07-08 04:40:39.344479614,0.0
Case10,Pay Invoice,res_9c70c672-679c-4869-ad08-c8902d2b8a6b,Role 5,2011-07-08 05:20:27.737006614,59,0,res_9c70c672-679c-4869-ad08-c8902d2b8a6b,2011-07-08 05:20:27.737006614,0.0
Case23,Create Quotation comparison Map,res_a1aadd50-44bc-4984-92b3-7fa6a35b08ce,Role 4,2011-07-08 05:28:00.108040438,59,0,res_a1aadd50-44bc-4984-92b3-7fa6a35b08ce,2011-07-08 05:09:17.760529438,0.0
Case34,Create Quotation comparison Map,res_e3e0c0a9-4ed9-4f0d-b292-61196d595b55,Role 4,2011-07-08 05:41:29.932665356,59,1,res_e3e0c0a9-4ed9-4f0d-b292-61196d595b55,2011-07-08 05:20:21.928198356,0.3333333333333333
Case33,Settle Conditions With Supplier,res_e3e0c0a9-4ed9-4f0d-b292-61196d595b55,Role 4,2011-07-08 05:41:40.119360284,58,1,res_e3e0c0a9-4ed9-4f0d-b292-61196d595b55,2011-07-08 05:31:27.368230284,0.3333333333333333
Case29,Create Quotation comparison Map,res_a1aadd50-44bc-4984-92b3-7fa6a35b08ce,Role 4,2011-07-08 06:55:20.686054121,58,0,res_a1aadd50-44bc-4984-92b3-7fa6a35b08ce,2011-07-08 06:37:01.264118121,0.0
Case46,Create Request for Quotation,res_eaebaff1-ec80-4367-9148-32e2ed6d8c24,Role 3,2011-07-08 07:46:22.401547154,58,0,res_eaebaff1-ec80-4367-9148-32e2ed6d8c24,2011-07-08 07:26:29.845982154,0.0
Case32,Analyze Quotation Comparison Map,res_f089c795-448e-465e-b5f3-2b8cd9cd75ad,Role 1,2011-07-08 07:59:53.314713689,58,0,res_f089c795-448e-465e-b5f3-2b8cd9cd75ad,2011-07-08 07:59:53.313138689,0.0
Case30,Analyze Quotation Comparison Map,res_405a9dbf-a6c4-4516-8b62-63a28dc495f2,Role 1,2011-07-08 11:06:21.687826528,58,0,res_405a9dbf-a6c4-4516-8b62-63a28dc495f2,2011-07-08 11:06:21.687826528,0.07142857142857142
Case34,Analyze Quotation Comparison Map,res_405a9dbf-a6c4-4516-8b62-63a28dc495f2,Role 1,2011-07-08 11:53:28.901038356,58,0,res_405a9dbf-a6c4-4516-8b62-63a28dc495f2,2011-07-08 11:53:28.901038356,0.14285714285714285
Case23,Analyze Quotation Comparison Map,res_cb7687c3-c5a0-4751-970a-e66addb342e6,Role 1,2011-07-08 12:02:48.226202438,58,0,res_cb7687c3-c5a0-4751-970a-e66addb342e6,2011-07-08 12:02:48.226202438,0.21428571428571427
Case29,Analyze Quotation Comparison Map,res_aa0ec4c3-67b5-4cb5-b721-3851249d52a1,Role 1,2011-07-08 13:24:08.478845121,58,0,res_aa0ec4c3-67b5-4cb5-b721-3851249d52a1,2011-07-08 13:24:08.478845121,0.2857142857142857
Case43,Analyze Purchase Requisition,res_eaebaff1-ec80-4367-9148-32e2ed6d8c24,Role 3,2011-07-08 14:16:14.909909311,58,0,res_eaebaff1-ec80-4367-9148-32e2ed6d8c24,2011-07-08 14:13:58.651680311,0.0
Case43,Create Request for Quotation,res_ef511a60-0fbe-4c1b-be0b-d96a349ffb61,Role 3,2011-07-08 14:47:17.230617311,58,0,res_ef511a60-0fbe-4c1b-be0b-d96a349ffb61,2011-07-08 14:21:40.762818311,0.0
Case32,Choose best option,res_6eb362cd-539f-43c2-ae38-4fd25867d8e9,Role 1,2011-07-08 15:46:54.674574689,58,0,res_6eb362cd-539f-43c2-ae38-4fd25867d8e9,2011-07-08 07:59:53.317368689,0.0
Case20,Approve Purchase Order for payment,res_57232bd2-8367-472b-bb4e-a410540bb1ce,Role 4,2011-07-08 16:15:51.822219547,58,0,res_57232bd2-8367-472b-bb4e-a410540bb1ce,2011-07-08 16:15:51.810630547,0.3333333333333333
Case36,Analyze Request for Quotation,res_57232bd2-8367-472b-bb4e-a410540bb1ce,Role 4,2011-07-08 16:29:00.211793743,58,0,res_57232bd2-8367-472b-bb4e-a410540bb1ce,2011-07-08 16:13:13.631761743,0.0
Case44,Analyze Purchase Requisition,res_ef511a60-0fbe-4c1b-be0b-d96a349ffb61,Role 3,2011-07-08 17:27:51.467325389,58,0,res_ef511a60-0fbe-4c1b-be0b-d96a349ffb61,2011-07-08 17:25:34.640669389,0.0
Case44,Create Request for Quotation,res_ef511a60-0fbe-4c1b-be0b-d96a349ffb61,Role 3,2011-07-08 17:58:10.889879389,58,0,res_ef511a60-0fbe-4c1b-be0b-d96a349ffb61,2011-07-08 17:33:13.465304389,0.0
Case33,Create Purchase Order,res_e3e0c0a9-4ed9-4f0d-b292-61196d595b55,Role 4,2011-07-08 18:18:56.696153284,58,0,res_e3e0c0a9-4ed9-4f0d-b292-61196d595b55,2011-07-08 17:59:56.375531284,0.0
Case23,Choose best option,res_cb7687c3-c5a0-4751-970a-e66addb342e6,Role 1,2011-07-08 18:20:34.482493438,58,3,res_cb7687c3-c5a0-4751-970a-e66addb342e6,2011-07-08 12:02:48.263119438,0.21428571428571427
Case29,Choose best option,res_8e16ec3e-8472-4b9c-89cb-509f068592b4,Role 1,2011-07-08 19:26:47.728743121,58,4,res_8e16ec3e-8472-4b9c-89cb-509f068592b4,2011-07-08 13:24:08.510181121,0.2857142857142857
Case39,Analyze Request for Quotation,res_a1aadd50-44bc-4984-92b3-7fa6a35b08ce,Role 4,2011-07-08 19:47:40.119599715,58,0,res_a1aadd50-44bc-4984-92b3-7fa6a35b08ce,2011-07-08 19:30:14.031104715,0.0
Case34,Choose best option,res_8e16ec3e-8472-4b9c-89cb-509f068592b4,Role 1,2011-07-08 19:57:41.238603356,58,2,res_8e16ec3e-8472-4b9c-89cb-509f068592b4,2011-07-08 11:53:28.922897356,0.14285714285714285
Case30,Choose best option,res_f089c795-448e-465e-b5f3-2b8cd9cd75ad,Role 1,2011-07-08 20:07:42.670594528,58,1,res_f089c795-448e-465e-b5f3-2b8cd9cd75ad,2011-07-08 11:06:21.710761528,0.07142857142857142
Case45,Analyze Purchase Requisition,res_2379693c-02d2-4c16-b018-154dff50870c,Role 3,2011-07-08 20:15:27.369009026,58,0,res_2379693c-02d2-4c16-b018-154dff50870c,2011-07-08 20:13:05.878793026,0.0
Case45,Create Request for Quotation,res_eaebaff1-ec80-4367-9148-32e2ed6d8c24,Role 3,2011-07-08 20:45:51.350745026,58,0,res_eaebaff1-ec80-4367-9148-32e2ed6d8c24,2011-07-08 20:21:00.734886026,0.0
Case39,Amend Request for Quotation,res_919b75ba-5ea6-4e46-9898-5ba05832888a,Role 1,2011-07-08 21:04:50.745902715,58,0,res_919b75ba-5ea6-4e46-9898-5ba05832888a,2011-07-08 20:40:16.599376715,0.0
Case32,Settle Conditions With Supplier,res_a1aadd50-44bc-4984-92b3-7fa6a35b08ce,Role 4,2011-07-08 23:05:52.617132689,58,1,res_a1aadd50-44bc-4984-92b3-7fa6a35b08ce,2011-07-08 22:55:59.623289689,0.0
Case38,Analyze Request for Quotation,res_57232bd2-8367-472b-bb4e-a410540bb1ce,Role 4,2011-07-08 23:16:56.098897635,58,0,res_57232bd2-8367-472b-bb4e-a410540bb1ce,2011-07-08 22:58:48.597625635,0.3333333333333333
Case38,Amend Request for Quotation,res_f48df228-eef4-4e77-92e3-78f54f949771,Role 1,2011-07-09 00:32:57.737654635,58,0,res_f48df228-eef4-4e77-92e3-78f54f949771,2011-07-09 00:08:40.533066635,0.0
Case37,Analyze Request for Quotation,res_a1aadd50-44bc-4984-92b3-7fa6a35b08ce,Role 4,2011-07-09 03:13:01.335948243,58,0,res_a1aadd50-44bc-4984-92b3-7fa6a35b08ce,2011-07-09 02:55:28.443577243,0.0
Case34,Settle Conditions With Supplier,res_57232bd2-8367-472b-bb4e-a410540bb1ce,Role 4,2011-07-09 04:40:37.949648356,57,1,res_57232bd2-8367-472b-bb4e-a410540bb1ce,2011-07-09 04:30:33.079141356,0.0
Case32,Create Purchase Order,res_a1aadd50-44bc-4984-92b3-7fa6a35b08ce,Role 4,2011-07-09 07:12:53.069518689,57,0,res_a1aadd50-44bc-4984-92b3-7fa6a35b08ce,2011-07-09 06:50:40.112865689,0.0
Case47,Create Purchase Requisition,res_f089c795-448e-465e-b5f3-2b8cd9cd75ad,Role 1,2011-07-09 07:34:52.394536505,58,0,res_f089c795-448e-465e-b5f3-2b8cd9cd75ad,2011-07-09 07:27:11.623630505,0.0
Case30,Settle Conditions With Supplier,res_e3e0c0a9-4ed9-4f0d-b292-61196d595b55,Role 4,2011-07-09 08:23:32.146308528,58,1,res_e3e0c0a9-4ed9-4f0d-b292-61196d595b55,2011-07-09 08:13:28.865559528,0.3333333333333333
Case25,Analyze Request for Quotation,res_57232bd2-8367-472b-bb4e-a410540bb1ce,Role 4,2011-07-09 09:11:09.545400891,58,0,res_57232bd2-8367-472b-bb4e-a410540bb1ce,2011-07-09 08:53:10.677640891,0.3333333333333333
Case25,Amend Request for Quotation,res_8f8f0a62-4c11-4e2d-806f-ac1cc2f4585c,Role 1,2011-07-09 10:30:33.041090891,58,0,res_8f8f0a62-4c11-4e2d-806f-ac1cc2f4585c,2011-07-09 10:04:56.919286891,0.0
Case21,Send Request for Quotation to Supplier,res_57232bd2-8367-472b-bb4e-a410540bb1ce,Role 4,2011-07-09 11:25:07.843400589,58,0,res_57232bd2-8367-472b-bb4e-a410540bb1ce,2011-07-09 07:33:50.101426589,0.0
Case23,Settle Conditions With Supplier,res_57232bd2-8367-472b-bb4e-a410540bb1ce,Role 4,2011-07-09 11:26:38.260206438,58,1,res_57232bd2-8367-472b-bb4e-a410540bb1ce,2011-07-09 11:17:01.786401438,0.3333333333333333
Case47,Create Request for Quotation,res_2379693c-02d2-4c16-b018-154dff50870c,Role 3,2011-07-09 12:08:53.288896505,58,0,res_2379693c-02d2-4c16-b018-154dff50870c,2011-07-09 11:47:04.694079505,0.0
Case48,Create Purchase Requisition,res_f089c795-448e-465e-b5f3-2b8cd9cd75ad,Role 1,2011-07-09 12:10:47.587418607,59,0,res_f089c795-448e-465e-b5f3-2b8cd9cd75ad,2011-07-09 12:03:02.585238607,0.0
Case49,Create Purchase Requisition,res_8ff9896e-89e7-4706-8bbb-7b5d6b91cbb2,Role 1,2011-07-09 12:43:08.890588418,60,0,res_8ff9896e-89e7-4706-8bbb-7b5d6b91cbb2,2011-07-09 12:35:25.572134418,0.0
Case29,Settle Conditions With Supplier,res_a1aadd50-44bc-4984-92b3-7fa6a35b08ce,Role 4,2011-07-09 13:01:28.875333121,60,1,res_a1aadd50-44bc-4984-92b3-7fa6a35b08ce,2011-07-09 12:52:10.598056121,0.0
Case34,Create Purchase Order,res_a1aadd50-44bc-4984-92b3-7fa6a35b08ce,Role 4,2011-07-09 13:41:25.558133356,60,0,res_a1aadd50-44bc-4984-92b3-7fa6a35b08ce,2011-07-09 13:22:45.329275356,0.0
Case49,Create Request for Quotation,res_ef511a60-0fbe-4c1b-be0b-d96a349ffb61,Role 3,2011-07-09 18:22:59.263067418,60,0,res_ef511a60-0fbe-4c1b-be0b-d96a349ffb61,2011-07-09 18:03:02.702077418,0.0
Case30,Create Purchase Order,res_a1aadd50-44bc-4984-92b3-7fa6a35b08ce,Role 4,2011-07-09 19:53:10.251091528,60,0,res_a1aadd50-44bc-4984-92b3-7fa6a35b08ce,2011-07-09 19:33:14.983382528,0.0
Case24,Confirm Purchase Order,res_71ac497f-e0b6-48ec-83f7-073b78d5b74a,Role 2,2011-07-09 19:56:03.017266420,58,0,res_71ac497f-e0b6-48ec-83f7-073b78d5b74a,2011-07-09 00:11:49.842408420,0.0
Case50,Create Purchase Requisition,res_2693c211-be99-4d88-aa0e-ad93f9242ac0,Role 1,2011-07-09 19:58:18.964922956,61,0,res_2693c211-be99-4d88-aa0e-ad93f9242ac0,2011-07-09 19:51:09.217369956,0.0
Case21,Create Quotation comparison Map,res_a1aadd50-44bc-4984-92b3-7fa6a35b08ce,Role 4,2011-07-09 20:19:45.195468589,61,0,res_a1aadd50-44bc-4984-92b3-7fa6a35b08ce,2011-07-09 20:02:37.173408589,0.0
Case23,Create Purchase Order,res_e3e0c0a9-4ed9-4f0d-b292-61196d595b55,Role 4,2011-07-09 21:43:08.299138438,61,0,res_e3e0c0a9-4ed9-4f0d-b292-61196d595b55,2011-07-09 21:23:21.504603438,0.0
Case29,Create Purchase Order,res_a1aadd50-44bc-4984-92b3-7fa6a35b08ce,Role 4,2011-07-10 00:07:54.565218121,61,0,res_a1aadd50-44bc-4984-92b3-7fa6a35b08ce,2011-07-09 23:46:08.649104121,0.0
Case21,Analyze Quotation Comparison Map,res_919b75ba-5ea6-4e46-9898-5ba05832888a,Role 1,2011-07-10 02:45:42.725194589,61,0,res_919b75ba-5ea6-4e46-9898-5ba05832888a,2011-07-10 02:45:42.725194589,0.0
Case40,Analyze Request for Quotation,res_57232bd2-8367-472b-bb4e-a410540bb1ce,Role 4,2011-07-10 02:56:24.912756582,61,0,res_57232bd2-8367-472b-bb4e-a410540bb1ce,2011-07-10 02:39:01.511982582,0.0
Case48,Analyze Purchase Requisition,res_ef511a60-0fbe-4c1b-be0b-d96a349ffb61,Role 3,2011-07-10 03:09:29.748821607,61,0,res_ef511a60-0fbe-4c1b-be0b-d96a349ffb61,2011-07-10 03:07:00.913513607,0.0
Case48,Create Request for Quotation,res_2379693c-02d2-4c16-b018-154dff50870c,Role 3,2011-07-10 03:38:45.300793607,61,0,res_2379693c-02d2-4c16-b018-154dff50870c,2011-07-10 03:14:16.183458607,0.0
Case40,Amend Request for Quotation,res_1c8b5f31-9f1d-45fc-a907-e61844725cf1,Role 1,2011-07-10 04:09:53.539474582,61,0,res_1c8b5f31-9f1d-45fc-a907-e61844725cf1,2011-07-10 03:45:35.612959582,0.07142857142857142
Case42,Analyze Request for Quotation,res_a1aadd50-44bc-4984-92b3-7fa6a35b08ce,Role 4,2011-07-10 04:35:27.694088251,61,0,res_a1aadd50-44bc-4984-92b3-7fa6a35b08ce,2011-07-10 04:18:42.652887251,0.0
Case20,Send Invoice,res_d588e6af-9958-489f-9fc3-a59e218b25b9,Role 2,2011-07-10 04:41:48.508079547,61,0,res_d588e6af-9958-489f-9fc3-a59e218b25b9,2011-07-10 04:37:48.479906547,0.4
Case28,Confirm Purchase Order,res_4e8df78d-479a-4a6b-b0fc-4ec41ae30090,Role 2,2011-07-10 04:44:20.666730198,57,1,res_4e8df78d-479a-4a6b-b0fc-4ec41ae30090,2011-07-09 05:39:35.628889198,0.2
Case42,Amend Request for Quotation,res_2693c211-be99-4d88-aa0e-ad93f9242ac0,Role 1,2011-07-10 05:51:04.267737251,61,0,res_2693c211-be99-4d88-aa0e-ad93f9242ac0,2011-07-10 05:25:54.245949251,0.07142857142857142
Case51,Create Purchase Requisition,res_1c8b5f31-9f1d-45fc-a907-e61844725cf1,Role 1,2011-07-10 07:33:39.020367911,62,0,res_1c8b5f31-9f1d-45fc-a907-e61844725cf1,2011-07-10 07:26:08.782445911,0.07142857142857142
Case21,Choose best option,res_1c8b5f31-9f1d-45fc-a907-e61844725cf1,Role 1,2011-07-10 09:26:50.303845589,61,0,res_1c8b5f31-9f1d-45fc-a907-e61844725cf1,2011-07-10 02:45:42.756111589,0.0
Case52,Create Purchase Requisition,res_3867963f-e14b-4734-bd50-0510dee85c51,Role 1,2011-07-10 11:59:30.079070044,63,0,res_3867963f-e14b-4734-bd50-0510dee85c51,2011-07-10 11:51:55.504189044,0.0
Case51,Create Request for Quotation,res_ef511a60-0fbe-4c1b-be0b-d96a349ffb61,Role 3,2011-07-10 12:09:20.900881911,62,0,res_ef511a60-0fbe-4c1b-be0b-d96a349ffb61,2011-07-10 11:46:19.720309911,0.0
Case50,Analyze Purchase Requisition,res_2379693c-02d2-4c16-b018-154dff50870c,Role 3,2011-07-10 13:06:00.118560956,63,0,res_2379693c-02d2-4c16-b018-154dff50870c,2011-07-10 13:03:30.932609956,0.0
Case50,Create Request for Quotation,res_ef511a60-0fbe-4c1b-be0b-d96a349ffb61,Role 3,2011-07-10 13:34:33.773934956,63,0,res_ef511a60-0fbe-4c1b-be0b-d96a349ffb61,2011-07-10 13:10:57.171283956,0.0
Case53,Create Purchase Requisition,res_919b75ba-5ea6-4e46-9898-5ba05832888a,Role 1,2011-07-10 14:34:24.345117327,64,0,res_919b75ba-5ea6-4e46-9898-5ba05832888a,2011-07-10 14:27:00.597698327,0.0
Case20,Release Supplier's Invoice,res_9c70c672-679c-4869-ad08-c8902d2b8a6b,Role 5,2011-07-10 17:35:10.140298547,64,0,res_9c70c672-679c-4869-ad08-c8902d2b8a6b,2011-07-10 17:35:10.140298547,0.0
Case54,Create Purchase Requisition,res_2693c211-be99-4d88-aa0e-ad93f9242ac0,Role 1,2011-07-10 17:42:50.262411483,65,0,res_2693c211-be99-4d88-aa0e-ad93f9242ac0,2011-07-10 17:35:43.832315483,0.0
Case20,Authorize Supplier's Invoice payment,res_3abcc329-15ac-4669-90d7-4c4850600768,Role 5,2011-07-10 17:43:43.648235547,64,0,res_3abcc329-15ac-4669-90d7-4c4850600768,2011-07-10 17:35:10.199027547,0.0
Case33,Confirm Purchase Order,res_400ece15-d344-40db-973d-6a305e0b654c,Role 2,2011-07-10 17:56:06.518156284,60,2,res_400ece15-d344-40db-973d-6a305e0b654c,2011-07-09 17:49:46.156011284,0.4
Case20,Pay Invoice,res_9c70c672-679c-4869-ad08-c8902d2b8a6b,Role 5,2011-07-10 18:11:29.931107547,65,0,res_9c70c672-679c-4869-ad08-c8902d2b8a6b,2011-07-10 18:11:29.931107547,0.0
Case21,Settle Conditions With Supplier,res_e3e0c0a9-4ed9-4f0d-b292-61196d595b55,Role 4,2011-07-10 18:27:50.540568589,64,1,res_e3e0c0a9-4ed9-4f0d-b292-61196d595b55,2011-07-10 18:17:49.811115589,0.0
Case41,Analyze Request for Quotation,res_a1aadd50-44bc-4984-92b3-7fa6a35b08ce,Role 4,2011-07-10 19:05:52.228975431,64,0,res_a1aadd50-44bc-4984-92b3-7fa6a35b08ce,2011-07-10 18:49:40.818140431,0.0
Case55,Create Purchase Requisition,res_aa0ec4c3-67b5-4cb5-b721-3851249d52a1,Role 1,2011-07-10 21:30:43.314261346,64,0,res_aa0ec4c3-67b5-4cb5-b721-3851249d52a1,2011-07-10 21:23:46.909191346,0.0
Case36,Send Request for Quotation to Supplier,res_a1aadd50-44bc-4984-92b3-7fa6a35b08ce,Role 4,2011-07-10 23:11:54.121251743,63,0,res_a1aadd50-44bc-4984-92b3-7fa6a35b08ce,2011-07-10 19:28:14.763803743,0.0
Case52,Analyze Purchase Requisition,res_ef511a60-0fbe-4c1b-be0b-d96a349ffb61,Role 3,2011-07-11 01:07:57.389561044,64,0,res_ef511a60-0fbe-4c1b-be0b-d96a349ffb61,2011-07-11 01:05:25.061633044,0.0
Case52,Create Request for Quotation,res_ef511a60-0fbe-4c1b-be0b-d96a349ffb61,Role 3,2011-07-11 01:35:43.286394044,64,0,res_ef511a60-0fbe-4c1b-be0b-d96a349ffb61,2011-07-11 01:12:37.223358044,0.0
Case21,Create Purchase Order,res_a1aadd50-44bc-4984-92b3-7fa6a35b08ce,Role 4,2011-07-11 02:11:12.517239589,64,0,res_a1aadd50-44bc-4984-92b3-7fa6a35b08ce,2011-07-11 01:48:48.966168589,0.0
Case36,Create Quotation comparison Map,res_a1aadd50-44bc-4984-92b3-7fa6a35b08ce,Role 4,2011-07-11 03:58:22.190553743,64,0,res_a1aadd50-44bc-4984-92b3-7fa6a35b08ce,2011-07-11 03:38:58.908131743,0.0
Case53,Analyze Purchase Requisition,res_ef511a60-0fbe-4c1b-be0b-d96a349ffb61,Role 3,2011-07-11 05:30:44.435491327,64,0,res_ef511a60-0fbe-4c1b-be0b-d96a349ffb61,2011-07-11 05:28:19.947371327,0.0
Case53,Create Request for Quotation,res_2379693c-02d2-4c16-b018-154dff50870c,Role 3,2011-07-11 05:59:11.969438327,64,0,res_2379693c-02d2-4c16-b018-154dff50870c,2011-07-11 05:35:21.898132327,0.0
Case56,Create Purchase Requisition,res_8ff9896e-89e7-4706-8bbb-7b5d6b91cbb2,Role 1,2011-07-11 06:36:20.357178155,65,0,res_8ff9896e-89e7-4706-8bbb-7b5d6b91cbb2,2011-07-11 06:29:00.034617155,0.0
Case24,Deliver Goods Services,res_4e8df78d-479a-4a6b-b0fc-4ec41ae30090,Role 2,2011-07-11 08:08:05.620599420,65,2,res_4e8df78d-479a-4a6b-b0fc-4ec41ae30090,2011-07-11 08:07:05.338980420,1.0
Case32,Confirm Purchase Order,res_71ac497f-e0b6-48ec-83f7-073b78d5b74a,Role 2,2011-07-11 08:27:12.862374689,62,1,res_71ac497f-e0b6-48ec-83f7-073b78d5b74a,2011-07-10 08:15:07.197613689,0.2
Case54,Analyze Purchase Requisition,res_2379693c-02d2-4c16-b018-154dff50870c,Role 3,2011-07-11 09:19:22.330588483,65,0,res_2379693c-02d2-4c16-b018-154dff50870c,2011-07-11 09:16:55.874381483,0.0
Case54,Create Request for Quotation,res_eaebaff1-ec80-4367-9148-32e2ed6d8c24,Role 3,2011-07-11 09:47:24.106290483,65,0,res_eaebaff1-ec80-4367-9148-32e2ed6d8c24,2011-07-11 09:24:01.919165483,0.0
Case36,Analyze Quotation Comparison Map,res_9167b706-00d1-41f1-9a32-2e270dd54cc0,Role 1,2011-07-11 10:14:48.481605743,65,0,res_9167b706-00d1-41f1-9a32-2e270dd54cc0,2011-07-11 10:14:48.481276743,0.0
Case43,Analyze Request for Quotation,res_e3e0c0a9-4ed9-4f0d-b292-61196d595b55,Role 4,2011-07-11 11:05:26.857689311,65,0,res_e3e0c0a9-4ed9-4f0d-b292-61196d595b55,2011-07-11 10:48:36.227177311,0.0
Case56,Create Request for Quotation,res_eaebaff1-ec80-4367-9148-32e2ed6d8c24,Role 3,2011-07-11 11:22:43.640126155,65,0,res_eaebaff1-ec80-4367-9148-32e2ed6d8c24,2011-07-11 10:59:28.051410155,0.0
Case34,Confirm Purchase Order,res_4e8df78d-479a-4a6b-b0fc-4ec41ae30090,Role 2,2011-07-11 13:15:50.853765356,63,2,res_4e8df78d-479a-4a6b-b0fc-4ec41ae30090,2011-07-10 12:27:19.023154356,0.4
Case55,Analyze Purchase Requisition,res_2379693c-02d2-4c16-b018-154dff50870c,Role 3,2011-07-11 13:22:38.291048346,65,0,res_2379693c-02d2-4c16-b018-154dff50870c,2011-07-11 13:20:07.919162346,0.0
Case55,Create Request for Quotation,res_eaebaff1-ec80-4367-9148-32e2ed6d8c24,Role 3,2011-07-11 13:49:56.048552346,65,0,res_eaebaff1-ec80-4367-9148-32e2ed6d8c24,2011-07-11 13:27:28.479928346,0.0
Case40,Analyze Request for Quotation,res_57232bd2-8367-472b-bb4e-a410540bb1ce,Role 4,2011-07-11 14:06:44.623078582,65,0,res_57232bd2-8367-472b-bb4e-a410540bb1ce,2011-07-11 13:50:52.772170582,0.0
Case30,Confirm Purchase Order,res_4e8df78d-479a-4a6b-b0fc-4ec41ae30090,Role 2,2011-07-11 14:57:48.986075528,63,3,res_4e8df78d-479a-4a6b-b0fc-4ec41ae30090,2011-07-10 14:02:02.131012528,0.6
Case24,Release Purchase Order,res_cb7687c3-c5a0-4751-970a-e66addb342e6,Role 1,2011-07-11 15:09:26.903711420,65,0,res_cb7687c3-c5a0-4751-970a-e66addb342e6,2011-07-11 15:08:28.771274420,0.14285714285714285
Case25,Analyze Request for Quotation,res_e3e0c0a9-4ed9-4f0d-b292-61196d595b55,Role 4,2011-07-11 15:20:32.347813891,65,0,res_e3e0c0a9-4ed9-4f0d-b292-61196d595b55,2011-07-11 15:03:13.696179891,0.0
Case42,Analyze Request for Quotation,res_57232bd2-8367-472b-bb4e-a410540bb1ce,Role 4,2011-07-11 15:23:32.571724251,65,1,res_57232bd2-8367-472b-bb4e-a410540bb1ce,2011-07-11 15:07:22.104023251,0.3333333333333333
Case40,Amend Request for Quotation,res_f48df228-eef4-4e77-92e3-78f54f949771,Role 1,2011-07-11 15:24:41.329218582,65,0,res_f48df228-eef4-4e77-92e3-78f54f949771,2011-07-11 14:59:56.452100582,0.07142857142857142
Case44,Analyze Request for Quotation,res_57232bd2-8367-472b-bb4e-a410540bb1ce,Role 4,2011-07-11 15:25:52.382689389,65,2,res_57232bd2-8367-472b-bb4e-a410540bb1ce,2011-07-11 15:11:09.694856389,0.6666666666666666
Case23,Confirm Purchase Order,res_4e8df78d-479a-4a6b-b0fc-4ec41ae30090,Role 2,2011-07-11 16:11:18.161532438,64,4,res_4e8df78d-479a-4a6b-b0fc-4ec41ae30090,2011-07-10 16:32:52.731740438,0.8
Case28,Deliver Goods Services,res_71ac497f-e0b6-48ec-83f7-073b78d5b74a,Role 2,2011-07-11 16:13:40.746931198,63,2,res_71ac497f-e0b6-48ec-83f7-073b78d5b74a,2011-07-11 16:12:40.470396198,0.2
Case29,Confirm Purchase Order,res_4e8df78d-479a-4a6b-b0fc-4ec41ae30090,Role 2,2011-07-11 16:25:14.658875121,65,5,res_4e8df78d-479a-4a6b-b0fc-4ec41ae30090,2011-07-10 17:47:44.696951121,1.0
Case42,Amend Request for Quotation,res_f089c795-448e-465e-b5f3-2b8cd9cd75ad,Role 1,2011-07-11 16:42:48.549231251,63,0,res_f089c795-448e-465e-b5f3-2b8cd9cd75ad,2011-07-11 16:18:23.233438251,0.07142857142857142
Case57,Create Purchase Requisition,res_2693c211-be99-4d88-aa0e-ad93f9242ac0,Role 1,2011-07-11 16:47:55.067762080,64,0,res_2693c211-be99-4d88-aa0e-ad93f9242ac0,2011-07-11 16:40:54.370293080,0.14285714285714285
Case38,Analyze Request for Quotation,res_57232bd2-8367-472b-bb4e-a410540bb1ce,Role 4,2011-07-11 17:01:11.956483635,64,0,res_57232bd2-8367-472b-bb4e-a410540bb1ce,2011-07-11 16:44:43.829292635,0.0
Case58,Create Purchase Requisition,res_2693c211-be99-4d88-aa0e-ad93f9242ac0,Role 1,2011-07-11 17:51:53.107746625,65,0,res_2693c211-be99-4d88-aa0e-ad93f9242ac0,2011-07-11 17:44:56.253613625,0.07142857142857142
Case38,Amend Request for Quotation,res_9167b706-00d1-41f1-9a32-2e270dd54cc0,Role 1,2011-07-11 18:19:12.336560635,65,0,res_9167b706-00d1-41f1-9a32-2e270dd54cc0,2011-07-11 17:54:59.136409635,0.07142857142857142
Case36,Choose best option,res_919b75ba-5ea6-4e46-9898-5ba05832888a,Role 1,2011-07-11 18:55:59.812362743,65,0,res_919b75ba-5ea6-4e46-9898-5ba05832888a,2011-07-11 10:14:48.521482743,0.0
Case48,Analyze Request for Quotation,res_a1aadd50-44bc-4984-92b3-7fa6a35b08ce,Role 4,2011-07-11 20:18:52.895664607,65,0,res_a1aadd50-44bc-4984-92b3-7fa6a35b08ce,2011-07-11 20:02:35.697622607,0.0
Case45,Analyze Request for Quotation,res_e3e0c0a9-4ed9-4f0d-b292-61196d595b55,Role 4,2011-07-11 21:13:25.526628026,65,0,res_e3e0c0a9-4ed9-4f0d-b292-61196d595b55,2011-07-11 20:57:00.280802026,0.0
Case48,Amend Request for Quotation,res_9167b706-00d1-41f1-9a32-2e270dd54cc0,Role 1,2011-07-11 21:33:24.635934607,65,0,res_9167b706-00d1-41f1-9a32-2e270dd54cc0,2011-07-11 21:09:15.892463607,0.0
Case57,Create Request for Quotation,res_2379693c-02d2-4c16-b018-154dff50870c,Role 3,2011-07-11 23:00:57.309805080,64,0,res_2379693c-02d2-4c16-b018-154dff50870c,2011-07-11 22:40:36.319369080,0.0
Case28,Release Purchase Order,res_f48df228-eef4-4e77-92e3-78f54f949771,Role 1,2011-07-11 23:14:50.307679198,64,0,res_f48df228-eef4-4e77-92e3-78f54f949771,2011-07-11 23:13:51.848617198,0.0
Case59,Create Purchase Requisition,res_8ff9896e-89e7-4706-8bbb-7b5d6b91cbb2,Role 1,2011-07-12 00:38:31.111231515,65,0,res_8ff9896e-89e7-4706-8bbb-7b5d6b91cbb2,2011-07-12 00:31:37.323185515,0.0
Case33,Deliver Goods Services,res_e429f72d-965e-4e84-a3e5-a38e218f80b1,Role 2,2011-07-12 01:41:09.146496284,65,2,res_e429f72d-965e-4e84-a3e5-a38e218f80b1,2011-07-12 01:40:09.044675284,0.2
Case24,Approve Purchase Order for payment,res_e3e0c0a9-4ed9-4f0d-b292-61196d595b55,Role 4,2011-07-12 02:10:45.543481420,65,0,res_e3e0c0a9-4ed9-4f0d-b292-61196d595b55,2011-07-12 02:10:45.543481420,0.0
Case36,Settle Conditions With Supplier,res_e3e0c0a9-4ed9-4f0d-b292-61196d595b55,Role 4,2011-07-12 03:20:49.396901743,65,1,res_e3e0c0a9-4ed9-4f0d-b292-61196d595b55,2011-07-12 03:10:35.714409743,0.0
Case60,Create Purchase Requisition,res_1c8b5f31-9f1d-45fc-a907-e61844725cf1,Role 1,2011-07-12 03:28:07.939128934,66,0,res_1c8b5f31-9f1d-45fc-a907-e61844725cf1,2011-07-12 03:21:03.182936934,0.0
Case59,Create Request for Quotation,res_2379693c-02d2-4c16-b018-154dff50870c,Role 3,2011-07-12 06:11:31.811991515,66,0,res_2379693c-02d2-4c16-b018-154dff50870c,2011-07-12 05:50:38.043933515,0.0
Case61,Create Purchase Requisition,res_f48df228-eef4-4e77-92e3-78f54f949771,Role 1,2011-07-12 06:58:10.301013710,67,0,res_f48df228-eef4-4e77-92e3-78f54f949771,2011-07-12 06:50:49.008316710,0.0
Case33,Release Purchase Order,res_3867963f-e14b-4734-bd50-0510dee85c51,Role 1,2011-07-12 08:50:37.977766284,67,0,res_3867963f-e14b-4734-bd50-0510dee85c51,2011-07-12 08:49:39.620996284,0.0
Case58,Analyze Purchase Requisition,res_2379693c-02d2-4c16-b018-154dff50870c,Role 3,2011-07-12 09:17:54.787337625,67,0,res_2379693c-02d2-4c16-b018-154dff50870c,2011-07-12 09:15:33.128314625,0.0
Case28,Approve Purchase Order for payment,res_57232bd2-8367-472b-bb4e-a410540bb1ce,Role 4,2011-07-12 09:37:32.824163198,67,0,res_57232bd2-8367-472b-bb4e-a410540bb1ce,2011-07-12 09:37:32.824163198,0.0
Case58,Create Request for Quotation,res_ef511a60-0fbe-4c1b-be0b-d96a349ffb61,Role 3,2011-07-12 09:46:07.494771625,67,0,res_ef511a60-0fbe-4c1b-be0b-d96a349ffb61,2011-07-12 09:22:35.789798625,0.0
Case36,Create Purchase Order,res_e3e0c0a9-4ed9-4f0d-b292-61196d595b55,Role 4,2011-07-12 11:27:42.693704743,67,0,res_e3e0c0a9-4ed9-4f0d-b292-61196d595b55,2011-07-12 11:09:04.315323743,0.0
Case61,Create Request for Quotation,res_ef511a60-0fbe-4c1b-be0b-d96a349ffb61,Role 3,2011-07-12 11:58:34.336183710,67,0,res_ef511a60-0fbe-4c1b-be0b-d96a349ffb61,2011-07-12 11:36:01.430663710,0.0
Case50,Analyze Request for Quotation,res_e3e0c0a9-4ed9-4f0d-b292-61196d595b55,Role 4,2011-07-12 13:07:06.462939956,67,0,res_e3e0c0a9-4ed9-4f0d-b292-61196d595b55,2011-07-12 12:50:27.611605956,0.0
Case62,Create Purchase Requisition,res_8e16ec3e-8472-4b9c-89cb-509f068592b4,Role 1,2011-07-12 13:22:17.220417344,68,0,res_8e16ec3e-8472-4b9c-89cb-509f068592b4,2011-07-12 13:14:56.300015344,0.0
Case52,Analyze Request for Quotation,res_a1aadd50-44bc-4984-92b3-7fa6a35b08ce,Role 4,2011-07-12 13:54:43.545164044,68,0,res_a1aadd50-44bc-4984-92b3-7fa6a35b08ce,2011-07-12 13:40:01.498852044,0.0
Case21,Confirm Purchase Order,res_4e8df78d-479a-4a6b-b0fc-4ec41ae30090,Role 2,2011-07-12 14:27:11.354173589,64,0,res_4e8df78d-479a-4a6b-b0fc-4ec41ae30090,2011-07-11 17:04:30.127131589,0.0
Case39,Analyze Request for Quotation,res_a1aadd50-44bc-4984-92b3-7fa6a35b08ce,Role 4,2011-07-12 15:38:14.353335715,67,0,res_a1aadd50-44bc-4984-92b3-7fa6a35b08ce,2011-07-12 15:21:48.444193715,0.0
Case53,Analyze Request for Quotation,res_57232bd2-8367-472b-bb4e-a410540bb1ce,Role 4,2011-07-12 16:15:39.098475327,67,0,res_57232bd2-8367-472b-bb4e-a410540bb1ce,2011-07-12 16:00:42.414542327,0.0
Case39,Amend Request for Quotation,res_405a9dbf-a6c4-4516-8b62-63a28dc495f2,Role 1,2011-07-12 16:54:36.459503715,67,0,res_405a9dbf-a6c4-4516-8b62-63a28dc495f2,2011-07-12 16:30:39.279222715,0.0
Case63,Create Purchase Requisition,res_8f8f0a62-4c11-4e2d-806f-ac1cc2f4585c,Role 1,2011-07-12 17:09:52.702867921,68,0,res_8f8f0a62-4c11-4e2d-806f-ac1cc2f4585c,2011-07-12 17:02:51.360441921,0.0
Case29,Deliver Goods Services,res_400ece15-d344-40db-973d-6a305e0b654c,Role 2,2011-07-12 17:57:42.550765121,68,2,res_400ece15-d344-40db-973d-6a305e0b654c,2011-07-12 17:56:42.616389121,0.0
Case46,Analyze Request for Quotation,res_e3e0c0a9-4ed9-4f0d-b292-61196d595b55,Role 4,2011-07-12 17:57:47.302440154,68,0,res_e3e0c0a9-4ed9-4f0d-b292-61196d595b55,2011-07-12 17:43:00.497057154,0.0
Case60,Analyze Purchase Requisition,res_2379693c-02d2-4c16-b018-154dff50870c,Role 3,2011-07-12 18:21:39.733396934,68,0,res_2379693c-02d2-4c16-b018-154dff50870c,2011-07-12 18:19:19.951986934,0.0
Case60,Create Request for Quotation,res_eaebaff1-ec80-4367-9148-32e2ed6d8c24,Role 3,2011-07-12 18:49:11.801767934,68,0,res_eaebaff1-ec80-4367-9148-32e2ed6d8c24,2011-07-12 18:26:47.031352934,0.0
Case33,Approve Purchase Order for payment,res_a1aadd50-44bc-4984-92b3-7fa6a35b08ce,Role 4,2011-07-12 19:04:15.621278284,68,0,res_a1aadd50-44bc-4984-92b3-7fa6a35b08ce,2011-07-12 19:04:15.621278284,0.0
Case46,Amend Request for Quotation,res_cb7687c3-c5a0-4751-970a-e66addb342e6,Role 1,2011-07-12 19:12:44.180369154,68,0,res_cb7687c3-c5a0-4751-970a-e66addb342e6,2011-07-12 18:47:53.506897154,0.0
Case62,Create Request for Quotation,res_ef511a60-0fbe-4c1b-be0b-d96a349ffb61,Role 3,2011-07-12 19:42:05.060175344,68,0,res_ef511a60-0fbe-4c1b-be0b-d96a349ffb61,2011-07-12 19:21:39.505179344,0.0
Case34,Deliver Goods Services,res_e429f72d-965e-4e84-a3e5-a38e218f80b1,Role 2,2011-07-12 20:23:57.233742356,68,2,res_e429f72d-965e-4e84-a3e5-a38e218f80b1,2011-07-12 20:22:57.086336356,0.0
Case23,Deliver Goods Services,res_d588e6af-9958-489f-9fc3-a59e218b25b9,Role 2,2011-07-12 20:27:47.532593438,68,2,res_d588e6af-9958-489f-9fc3-a59e218b25b9,2011-07-12 20:26:47.494342438,0.0
Case49,Analyze Request for Quotation,res_57232bd2-8367-472b-bb4e-a410540bb1ce,Role 4,2011-07-12 21:03:16.838884418,68,0,res_57232bd2-8367-472b-bb4e-a410540bb1ce,2011-07-12 20:46:02.339226418,0.3333333333333333
Case24,Send Invoice,res_d588e6af-9958-489f-9fc3-a59e218b25b9,Role 2,2011-07-12 21:41:14.646316420,68,0,res_d588e6af-9958-489f-9fc3-a59e218b25b9,2011-07-12 21:36:46.732648420,0.0
Case54,Analyze Request for Quotation,res_57232bd2-8367-472b-bb4e-a410540bb1ce,Role 4,2011-07-12 22:47:59.228434483,68,0,res_57232bd2-8367-472b-bb4e-a410540bb1ce,2011-07-12 22:31:39.239899483,0.3333333333333333
Case30,Deliver Goods Services,res_400ece15-d344-40db-973d-6a305e0b654c,Role 2,2011-07-12 23:35:11.332761528,68,2,res_400ece15-d344-40db-973d-6a305e0b654c,2011-07-12 23:34:11.253923528,0.0
Case43,Send Request for Quotation to Supplier,res_e3e0c0a9-4ed9-4f0d-b292-61196d595b55,Role 4,2011-07-12 23:40:12.257540311,68,0,res_e3e0c0a9-4ed9-4f0d-b292-61196d595b55,2011-07-12 19:46:50.981974311,0.0
Case63,Create Request for Quotation,res_2379693c-02d2-4c16-b018-154dff50870c,Role 3,2011-07-12 23:56:28.713067921,68,0,res_2379693c-02d2-4c16-b018-154dff50870c,2011-07-12 23:36:34.468263921,0.0
Case54,Amend Request for Quotation,res_9167b706-00d1-41f1-9a32-2e270dd54cc0,Role 1,2011-07-13 00:01:35.912640483,68,0,res_9167b706-00d1-41f1-9a32-2e270dd54cc0,2011-07-12 23:37:41.288037483,0.0
Case40,Analyze Request for Quotation,res_57232bd2-8367-472b-bb4e-a410540bb1ce,Role 4,2011-07-13 00:22:20.559203582,68,0,res_57232bd2-8367-472b-bb4e-a410540bb1ce,2011-07-13 00:04:24.150477582,0.0
Case29,Release Purchase Order,res_6eb362cd-539f-43c2-ae38-4fd25867d8e9,Role 1,2011-07-13 00:59:29.277346121,68,0,res_6eb362cd-539f-43c2-ae38-4fd25867d8e9,2011-07-13 00:58:32.176511121,0.0
Case64,Create Purchase Requisition,res_8ff9896e-89e7-4706-8bbb-7b5d6b91cbb2,Role 1,2011-07-13 02:09:22.596353929,69,0,res_8ff9896e-89e7-4706-8bbb-7b5d6b91cbb2,2011-07-13 02:02:16.772379929,0.0
Case65,Create Purchase Requisition,res_f089c795-448e-465e-b5f3-2b8cd9cd75ad,Role 1,2011-07-13 02:15:07.424342856,70,1,res_f089c795-448e-465e-b5f3-2b8cd9cd75ad,2011-07-13 02:08:11.500260856,0.07142857142857142
Case32,Deliver Goods Services,res_4e8df78d-479a-4a6b-b0fc-4ec41ae30090,Role 2,2011-07-13 02:43:39.158600689,70,2,res_4e8df78d-479a-4a6b-b0fc-4ec41ae30090,2011-07-13 02:42:38.907714689,0.0
Case66,Create Purchase Requisition,res_1c8b5f31-9f1d-45fc-a907-e61844725cf1,Role 1,2011-07-13 02:59:30.974427199,71,0,res_1c8b5f31-9f1d-45fc-a907-e61844725cf1,2011-07-13 02:52:21.938806199,0.0
Case28,Send Invoice,res_71ac497f-e0b6-48ec-83f7-073b78d5b74a,Role 2,2011-07-13 03:16:59.122406198,71,0,res_71ac497f-e0b6-48ec-83f7-073b78d5b74a,2011-07-13 03:12:51.784452198,0.0
Case67,Create Purchase Requisition,res_6eb362cd-539f-43c2-ae38-4fd25867d8e9,Role 1,2011-07-13 03:23:37.590205087,72,0,res_6eb362cd-539f-43c2-ae38-4fd25867d8e9,2011-07-13 03:16:26.903790087,0.0
Case34,Release Purchase Order,res_405a9dbf-a6c4-4516-8b62-63a28dc495f2,Role 1,2011-07-13 03:26:57.823117356,72,0,res_405a9dbf-a6c4-4516-8b62-63a28dc495f2,2011-07-13 03:25:59.905906356,0.0
Case23,Release Purchase Order,res_6eb362cd-539f-43c2-ae38-4fd25867d8e9,Role 1,2011-07-13 03:32:18.306711438,72,0,res_6eb362cd-539f-43c2-ae38-4fd25867d8e9,2011-07-13 03:31:21.004113438,0.0
Case43,Create Quotation comparison Map,res_a1aadd50-44bc-4984-92b3-7fa6a35b08ce,Role 4,2011-07-13 04:18:49.188701311,72,0,res_a1aadd50-44bc-4984-92b3-7fa6a35b08ce,2011-07-13 03:58:07.145246311,0.0
Case68,Create Purchase Requisition,res_3867963f-e14b-4734-bd50-0510dee85c51,Role 1,2011-07-13 05:53:24.086644304,73,0,res_3867963f-e14b-4734-bd50-0510dee85c51,2011-07-13 05:46:01.318766304,0.0
Case30,Release Purchase Order,res_cb7687c3-c5a0-4751-970a-e66addb342e6,Role 1,2011-07-13 06:41:51.096333528,73,0,res_cb7687c3-c5a0-4751-970a-e66addb342e6,2011-07-13 06:40:52.977260528,0.0
Case55,Analyze Request for Quotation,res_a1aadd50-44bc-4984-92b3-7fa6a35b08ce,Role 4,2011-07-13 07:21:42.453562346,73,0,res_a1aadd50-44bc-4984-92b3-7fa6a35b08ce,2011-07-13 07:04:20.529336346,0.0
Case64,Create Request for Quotation,res_eaebaff1-ec80-4367-9148-32e2ed6d8c24,Role 3,2011-07-13 07:27:34.345607929,73,0,res_eaebaff1-ec80-4367-9148-32e2ed6d8c24,2011-07-13 07:07:10.789810929,0.0
Case67,Create Request for Quotation,res_2379693c-02d2-4c16-b018-154dff50870c,Role 3,2011-07-13 08:30:53.530630087,73,0,res_2379693c-02d2-4c16-b018-154dff50870c,2011-07-13 08:10:08.323316087,0.0
Case55,Amend Request for Quotation,res_2693c211-be99-4d88-aa0e-ad93f9242ac0,Role 1,2011-07-13 08:35:26.296352346,73,0,res_2693c211-be99-4d88-aa0e-ad93f9242ac0,2011-07-13 08:11:06.692308346,0.0
Case47,Analyze Request for Quotation,res_a1aadd50-44bc-4984-92b3-7fa6a35b08ce,Role 4,2011-07-13 09:19:06.762578505,73,0,res_a1aadd50-44bc-4984-92b3-7fa6a35b08ce,2011-07-13 09:02:17.262141505,0.0
Case32,Release Purchase Order,res_2693c211-be99-4d88-aa0e-ad93f9242ac0,Role 1,2011-07-13 09:42:29.324219689,72,0,res_2693c211-be99-4d88-aa0e-ad93f9242ac0,2011-07-13 09:41:30.639328689,0.0
Case43,Analyze Quotation Comparison Map,res_9167b706-00d1-41f1-9a32-2e270dd54cc0,Role 1,2011-07-13 10:22:32.875779311,72,0,res_9167b706-00d1-41f1-9a32-2e270dd54cc0,2011-07-13 10:22:32.875779311,0.0
Case68,Create Request for Quotation,res_ef511a60-0fbe-4c1b-be0b-d96a349ffb61,Role 3,2011-07-13 10:52:23.178161304,72,0,res_ef511a60-0fbe-4c1b-be0b-d96a349ffb61,2011-07-13 10:31:06.569056304,0.0
Case24,Release Supplier's Invoice,res_9c70c672-679c-4869-ad08-c8902d2b8a6b,Role 5,2011-07-13 10:52:51.430455420,73,0,res_9c70c672-679c-4869-ad08-c8902d2b8a6b,2011-07-13 10:52:51.430455420,0.0
Case69,Create Purchase Requisition,res_8f8f0a62-4c11-4e2d-806f-ac1cc2f4585c,Role 1,2011-07-13 10:55:06.488911731,73,0,res_8f8f0a62-4c11-4e2d-806f-ac1cc2f4585c,2011-07-13 10:47:33.442749731,0.07142857142857142
Case24,Authorize Supplier's Invoice payment,res_3abcc329-15ac-4669-90d7-4c4850600768,Role 5,2011-07-13 11:00:36.082295420,73,0,res_3abcc329-15ac-4669-90d7-4c4850600768,2011-07-13 10:52:51.499454420,0.0
Case24,Pay Invoice,res_3abcc329-15ac-4669-90d7-4c4850600768,Role 5,2011-07-13 11:29:22.080755420,73,0,res_3abcc329-15ac-4669-90d7-4c4850600768,2011-07-13 11:29:22.080755420,0.0
Case33,Send Invoice,res_e429f72d-965e-4e84-a3e5-a38e218f80b1,Role 2,2011-07-13 11:38:23.631322284,72,0,res_e429f72d-965e-4e84-a3e5-a38e218f80b1,2011-07-13 11:34:24.008515284,0.2
Case29,Approve Purchase Order for payment,res_a1aadd50-44bc-4984-92b3-7fa6a35b08ce,Role 4,2011-07-13 12:09:41.539763121,72,0,res_a1aadd50-44bc-4984-92b3-7fa6a35b08ce,2011-07-13 12:09:41.518372121,0.0
Case42,Analyze Request for Quotation,res_e3e0c0a9-4ed9-4f0d-b292-61196d595b55,Role 4,2011-07-13 12:26:58.892771251,72,0,res_e3e0c0a9-4ed9-4f0d-b292-61196d595b55,2011-07-13 12:10:47.602022251,0.0
Case48,Analyze Request for Quotation,res_a1aadd50-44bc-4984-92b3-7fa6a35b08ce,Role 4,2011-07-13 13:01:04.493738607,72,0,res_a1aadd50-44bc-4984-92b3-7fa6a35b08ce,2011-07-13 12:44:46.997128607,0.0
Case42,Amend Request for Quotation,res_6eb362cd-539f-43c2-ae38-4fd25867d8e9,Role 1,2011-07-13 13:44:34.103303251,72,0,res_6eb362cd-539f-43c2-ae38-4fd25867d8e9,2011-07-13 13:20:07.158183251,0.07142857142857142
Case23,Approve Purchase Order for payment,res_57232bd2-8367-472b-bb4e-a410540bb1ce,Role 4,2011-07-13 13:55:32.461410438,72,0,res_57232bd2-8367-472b-bb4e-a410540bb1ce,2011-07-13 13:55:32.442706438,0.0
Case34,Approve Purchase Order for payment,res_e3e0c0a9-4ed9-4f0d-b292-61196d595b55,Role 4,2011-07-13 14:28:49.786601356,72,0,res_e3e0c0a9-4ed9-4f0d-b292-61196d595b55,2011-07-13 14:28:49.777343356,0.0
Case28,Release Supplier's Invoice,res_9c70c672-679c-4869-ad08-c8902d2b8a6b,Role 5,2011-07-13 15:52:23.893594198,72,0,res_9c70c672-679c-4869-ad08-c8902d2b8a6b,2011-07-13 15:52:23.893594198,0.0
Case28,Authorize Supplier's Invoice payment,res_3abcc329-15ac-4669-90d7-4c4850600768,Role 5,2011-07-13 16:00:59.219988198,72,0,res_3abcc329-15ac-4669-90d7-4c4850600768,2011-07-13 15:52:23.984293198,0.0
Case28,Pay Invoice,res_9c70c672-679c-4869-ad08-c8902d2b8a6b,Role 5,2011-07-13 16:28:05.213775198,72,0,res_9c70c672-679c-4869-ad08-c8902d2b8a6b,2011-07-13 16:28:05.213775198,0.0
Case30,Approve Purchase Order for payment,res_a1aadd50-44bc-4984-92b3-7fa6a35b08ce,Role 4,2011-07-13 17:03:40.561637528,71,0,res_a1aadd50-44bc-4984-92b3-7fa6a35b08ce,2011-07-13 17:03:40.557908528,0.0
Case65,Analyze Purchase Requisition,res_ef511a60-0fbe-4c1b-be0b-d96a349ffb61,Role 3,2011-07-13 18:08:47.045868856,71,0,res_ef511a60-0fbe-4c1b-be0b-d96a349ffb61,2011-07-13 18:06:29.169087856,0.0
Case43,Choose best option,res_3867963f-e14b-4734-bd50-0510dee85c51,Role 1,2011-07-13 18:22:06.366919311,72,0,res_3867963f-e14b-4734-bd50-0510dee85c51,2011-07-13 10:22:32.909273311,0.0
Case38,Analyze Request for Quotation,res_a1aadd50-44bc-4984-92b3-7fa6a35b08ce,Role 4,2011-07-13 18:28:47.158016635,71,0,res_a1aadd50-44bc-4984-92b3-7fa6a35b08ce,2011-07-13 18:12:20.109848635,0.0
Case65,Create Request for Quotation,res_eaebaff1-ec80-4367-9148-32e2ed6d8c24,Role 3,2011-07-13 18:37:39.244461856,71,0,res_eaebaff1-ec80-4367-9148-32e2ed6d8c24,2011-07-13 18:14:12.278593856,0.0
Case66,Analyze Purchase Requisition,res_2379693c-02d2-4c16-b018-154dff50870c,Role 3,2011-07-13 18:42:56.997799199,71,0,res_2379693c-02d2-4c16-b018-154dff50870c,2011-07-13 18:40:38.606718199,0.0
Case66,Create Request for Quotation,res_eaebaff1-ec80-4367-9148-32e2ed6d8c24,Role 3,2011-07-13 19:11:45.984175199,71,0,res_eaebaff1-ec80-4367-9148-32e2ed6d8c24,2011-07-13 18:48:22.470953199,0.0
Case38,Amend Request for Quotation,res_919b75ba-5ea6-4e46-9898-5ba05832888a,Role 1,2011-07-13 19:45:20.941599635,71,0,res_919b75ba-5ea6-4e46-9898-5ba05832888a,2011-07-13 19:21:13.971588635,0.0
Case21,Deliver Goods Services,res_d588e6af-9958-489f-9fc3-a59e218b25b9,Role 2,2011-07-13 19:56:45.050261589,71,2,res_d588e6af-9958-489f-9fc3-a59e218b25b9,2011-07-13 19:55:44.878503589,0.2
Case51,Analyze Request for Quotation,res_e3e0c0a9-4ed9-4f0d-b292-61196d595b55,Role 4,2011-07-13 20:44:28.893512911,71,0,res_e3e0c0a9-4ed9-4f0d-b292-61196d595b55,2011-07-13 20:27:10.071824911,0.3333333333333333
Case32,Approve Purchase Order for payment,res_a1aadd50-44bc-4984-92b3-7fa6a35b08ce,Role 4,2011-07-13 20:46:53.478860689,71,0,res_a1aadd50-44bc-4984-92b3-7fa6a35b08ce,2011-07-13 20:46:53.478860689,0.6666666666666666
Case50,Send Request for Quotation to Supplier,res_a1aadd50-44bc-4984-92b3-7fa6a35b08ce,Role 4,2011-07-13 23:31:50.697395956,71,0,res_a1aadd50-44bc-4984-92b3-7fa6a35b08ce,2011-07-13 19:22:09.123013956,0.0
Case33,Release Supplier's Invoice,res_3abcc329-15ac-4669-90d7-4c4850600768,Role 5,2011-07-14 00:26:19.866941284,71,0,res_3abcc329-15ac-4669-90d7-4c4850600768,2011-07-14 00:26:19.866941284,0.0
Case33,Authorize Supplier's Invoice payment,res_3abcc329-15ac-4669-90d7-4c4850600768,Role 5,2011-07-14 00:35:58.969327284,71,0,res_3abcc329-15ac-4669-90d7-4c4850600768,2011-07-14 00:26:19.936446284,0.0
Case58,Analyze Request for Quotation,res_57232bd2-8367-472b-bb4e-a410540bb1ce,Role 4,2011-07-14 00:47:54.995135625,71,0,res_57232bd2-8367-472b-bb4e-a410540bb1ce,2011-07-14 00:30:43.158376625,0.3333333333333333
Case53,Send Request for Quotation to Supplier,res_e3e0c0a9-4ed9-4f0d-b292-61196d595b55,Role 4,2011-07-14 00:52:44.387102327,71,1,res_e3e0c0a9-4ed9-4f0d-b292-61196d595b55,2011-07-13 20:43:12.711376327,0.6666666666666666
Case33,Pay Invoice,res_9c70c672-679c-4869-ad08-c8902d2b8a6b,Role 5,2011-07-14 01:06:01.878193284,71,0,res_9c70c672-679c-4869-ad08-c8902d2b8a6b,2011-07-14 01:06:01.878193284,0.0
Case57,Analyze Request for Quotation,res_a1aadd50-44bc-4984-92b3-7fa6a35b08ce,Role 4,2011-07-14 01:23:16.348201080,71,0,res_a1aadd50-44bc-4984-92b3-7fa6a35b08ce,2011-07-14 01:04:33.365225080,0.0
Case69,Analyze Purchase Requisition,res_eaebaff1-ec80-4367-9148-32e2ed6d8c24,Role 3,2011-07-14 01:28:18.723648731,69,0,res_eaebaff1-ec80-4367-9148-32e2ed6d8c24,2011-07-14 01:25:55.544521731,0.0
Case69,Create Request for Quotation,res_eaebaff1-ec80-4367-9148-32e2ed6d8c24,Role 3,2011-07-14 01:58:49.632238731,69,0,res_eaebaff1-ec80-4367-9148-32e2ed6d8c24,2011-07-14 01:33:30.818509731,0.0
Case58,Amend Request for Quotation,res_8f8f0a62-4c11-4e2d-806f-ac1cc2f4585c,Role 1,2011-07-14 02:03:10.394396625,69,0,res_8f8f0a62-4c11-4e2d-806f-ac1cc2f4585c,2011-07-14 01:38:48.908671625,0.0
Case36,Confirm Purchase Order,res_4e8df78d-479a-4a6b-b0fc-4ec41ae30090,Role 2,2011-07-14 02:54:13.913640743,72,0,res_4e8df78d-479a-4a6b-b0fc-4ec41ae30090,2011-07-13 05:23:53.915164743,0.0
Case21,Release Purchase Order,res_9167b706-00d1-41f1-9a32-2e270dd54cc0,Role 1,2011-07-14 02:56:42.894149589,69,0,res_9167b706-00d1-41f1-9a32-2e270dd54cc0,2011-07-14 02:55:44.218535589,0.0
Case43,Settle Conditions With Supplier,res_e3e0c0a9-4ed9-4f0d-b292-61196d595b55,Role 4,2011-07-14 04:06:05.362622311,69,1,res_e3e0c0a9-4ed9-4f0d-b292-61196d595b55,2011-07-14 03:55:52.685823311,0.0
Case50,Create Quotation comparison Map,res_e3e0c0a9-4ed9-4f0d-b292-61196d595b55,Role 4,2011-07-14 05:09:23.480876956,69,0,res_e3e0c0a9-4ed9-4f0d-b292-61196d595b55,2011-07-14 04:48:06.238643956,0.0
Case53,Create Quotation comparison Map,res_57232bd2-8367-472b-bb4e-a410540bb1ce,Role 4,2011-07-14 07:38:47.548097327,69,0,res_57232bd2-8367-472b-bb4e-a410540bb1ce,2011-07-14 07:18:57.536680327,0.3333333333333333
Case23,Send Invoice,res_71ac497f-e0b6-48ec-83f7-073b78d5b74a,Role 2,2011-07-14 08:36:50.457210438,69,0,res_71ac497f-e0b6-48ec-83f7-073b78d5b74a,2011-07-14 08:33:07.191342438,0.0
Case29,Send Invoice,res_4e8df78d-479a-4a6b-b0fc-4ec41ae30090,Role 2,2011-07-14 09:52:48.925254121,69,0,res_4e8df78d-479a-4a6b-b0fc-4ec41ae30090,2011-07-14 09:49:23.825839121,0.0
Case34,Send Invoice,res_400ece15-d344-40db-973d-6a305e0b654c,Role 2,2011-07-14 10:17:42.115916356,69,0,res_400ece15-d344-40db-973d-6a305e0b654c,2011-07-14 10:13:52.309718356,0.0
Case30,Send Invoice,res_400ece15-d344-40db-973d-6a305e0b654c,Role 2,2011-07-14 10:29:16.682661528,69,0,res_400ece15-d344-40db-973d-6a305e0b654c,2011-07-14 10:25:17.844641528,0.0
Case49,Send Request for Quotation to Supplier,res_e3e0c0a9-4ed9-4f0d-b292-61196d595b55,Role 4,2011-07-14 10:57:15.647358418,69,1,res_e3e0c0a9-4ed9-4f0d-b292-61196d595b55,2011-07-14 07:31:34.981155418,0.6666666666666666
Case50,Analyze Quotation Comparison Map,res_8e16ec3e-8472-4b9c-89cb-509f068592b4,Role 1,2011-07-14 11:12:59.260203956,69,0,res_8e16ec3e-8472-4b9c-89cb-509f068592b4,2011-07-14 11:12:59.260203956,0.0
Case40,Send Request for Quotation to Supplier,res_57232bd2-8367-472b-bb4e-a410540bb1ce,Role 4,2011-07-14 11:17:11.067631582,69,0,res_57232bd2-8367-472b-bb4e-a410540bb1ce,2011-07-14 07:03:15.123243582,0.0
Case53,Analyze Quotation Comparison Map,res_1c8b5f31-9f1d-45fc-a907-e61844725cf1,Role 1,2011-07-14 13:38:55.884417327,69,0,res_1c8b5f31-9f1d-45fc-a907-e61844725cf1,2011-07-14 13:38:55.884417327,0.07142857142857142
Case21,Approve Purchase Order for payment,res_a1aadd50-44bc-4984-92b3-7fa6a35b08ce,Role 4,2011-07-14 13:52:31.573716589,69,0,res_a1aadd50-44bc-4984-92b3-7fa6a35b08ce,2011-07-14 13:52:31.573716589,0.0
Case32,Send Invoice,res_400ece15-d344-40db-973d-6a305e0b654c,Role 2,2011-07-14 14:31:34.843835689,69,0,res_400ece15-d344-40db-973d-6a305e0b654c,2011-07-14 14:27:10.360764689,0.0
Case56,Analyze Request for Quotation,res_57232bd2-8367-472b-bb4e-a410540bb1ce,Role 4,2011-07-14 15:39:08.314659155,69,0,res_57232bd2-8367-472b-bb4e-a410540bb1ce,2011-07-14 15:22:19.176022155,0.0
Case43,Create Purchase Order,res_e3e0c0a9-4ed9-4f0d-b292-61196d595b55,Role 4,2011-07-14 17:49:02.603155311,69,0,res_e3e0c0a9-4ed9-4f0d-b292-61196d595b55,2011-07-14 17:30:05.619182311,0.3333333333333333
Case49,Create Quotation comparison Map,res_57232bd2-8367-472b-bb4e-a410540bb1ce,Role 4,2011-07-14 19:28:03.425571418,69,0,res_57232bd2-8367-472b-bb4e-a410540bb1ce,2011-07-14 19:09:56.019279418,0.3333333333333333
Case50,Choose best option,res_6eb362cd-539f-43c2-ae38-4fd25867d8e9,Role 1,2011-07-14 19:41:46.409418956,69,0,res_6eb362cd-539f-43c2-ae38-4fd25867d8e9,2011-07-14 11:12:59.285974956,0.0
Case48,Send Request for Quotation to Supplier,res_e3e0c0a9-4ed9-4f0d-b292-61196d595b55,Role 4,2011-07-14 20:53:05.334645607,69,0,res_e3e0c0a9-4ed9-4f0d-b292-61196d595b55,2011-07-14 17:05:33.638840607,0.0
Case23,Release Supplier's Invoice,res_9c70c672-679c-4869-ad08-c8902d2b8a6b,Role 5,2011-07-14 21:14:15.599522438,69,0,res_9c70c672-679c-4869-ad08-c8902d2b8a6b,2011-07-14 21:14:15.599522438,0.0
Case60,Analyze Request for Quotation,res_e3e0c0a9-4ed9-4f0d-b292-61196d595b55,Role 4,2011-07-14 21:14:50.282692934,69,0,res_e3e0c0a9-4ed9-4f0d-b292-61196d595b55,2011-07-14 20:58:51.725646934,0.0
Case23,Authorize Supplier's Invoice payment,res_3abcc329-15ac-4669-90d7-4c4850600768,Role 5,2011-07-14 21:22:30.331652438,69,0,res_3abcc329-15ac-4669-90d7-4c4850600768,2011-07-14 21:14:15.685374438,0.0
Case23,Pay Invoice,res_9c70c672-679c-4869-ad08-c8902d2b8a6b,Role 5,2011-07-14 21:50:59.298267438,68,0,res_9c70c672-679c-4869-ad08-c8902d2b8a6b,2011-07-14 21:50:59.298267438,0.0
Case70,Create Purchase Requisition,res_1c8b5f31-9f1d-45fc-a907-e61844725cf1,Role 1,2011-07-14 22:00:57.754866112,68,0,res_1c8b5f31-9f1d-45fc-a907-e61844725cf1,2011-07-14 21:53:52.765751112,0.07142857142857142
Case40,Create Quotation comparison Map,res_a1aadd50-44bc-4984-92b3-7fa6a35b08ce,Role 4,2011-07-14 22:27:14.837825582,68,0,res_a1aadd50-44bc-4984-92b3-7fa6a35b08ce,2011-07-14 22:09:51.290128582,0.0
Case29,Release Supplier's Invoice,res_9c70c672-679c-4869-ad08-c8902d2b8a6b,Role 5,2011-07-14 22:28:55.428755121,68,0,res_9c70c672-679c-4869-ad08-c8902d2b8a6b,2011-07-14 22:28:55.428755121,0.0
Case53,Choose best option,res_8e16ec3e-8472-4b9c-89cb-509f068592b4,Role 1,2011-07-14 22:32:01.217944327,69,1,res_8e16ec3e-8472-4b9c-89cb-509f068592b4,2011-07-14 13:38:55.914030327,0.07142857142857142
Case29,Authorize Supplier's Invoice payment,res_3abcc329-15ac-4669-90d7-4c4850600768,Role 5,2011-07-14 22:37:50.761917121,68,0,res_3abcc329-15ac-4669-90d7-4c4850600768,2011-07-14 22:28:55.505894121,0.0
Case34,Release Supplier's Invoice,res_9c70c672-679c-4869-ad08-c8902d2b8a6b,Role 5,2011-07-14 22:54:50.315127356,68,0,res_9c70c672-679c-4869-ad08-c8902d2b8a6b,2011-07-14 22:54:50.315127356,0.0
Case34,Authorize Supplier's Invoice payment,res_3abcc329-15ac-4669-90d7-4c4850600768,Role 5,2011-07-14 23:03:21.753251356,68,0,res_3abcc329-15ac-4669-90d7-4c4850600768,2011-07-14 22:54:50.399605356,0.0
Case29,Pay Invoice,res_3abcc329-15ac-4669-90d7-4c4850600768,Role 5,2011-07-14 23:06:57.287670121,68,0,res_3abcc329-15ac-4669-90d7-4c4850600768,2011-07-14 23:06:57.287670121,0.0
Case30,Release Supplier's Invoice,res_9c70c672-679c-4869-ad08-c8902d2b8a6b,Role 5,2011-07-14 23:28:57.198648528,67,0,res_9c70c672-679c-4869-ad08-c8902d2b8a6b,2011-07-14 23:28:57.198648528,0.0
Case34,Pay Invoice,res_3abcc329-15ac-4669-90d7-4c4850600768,Role 5,2011-07-14 23:32:38.077475356,67,0,res_3abcc329-15ac-4669-90d7-4c4850600768,2011-07-14 23:32:38.077475356,0.5
Case30,Authorize Supplier's Invoice payment,res_9c70c672-679c-4869-ad08-c8902d2b8a6b,Role 5,2011-07-14 23:38:07.301355528,67,0,res_9c70c672-679c-4869-ad08-c8902d2b8a6b,2011-07-14 23:28:57.282511528,0.0
Case30,Pay Invoice,res_9c70c672-679c-4869-ad08-c8902d2b8a6b,Role 5,2011-07-15 00:07:12.018982528,66,0,res_9c70c672-679c-4869-ad08-c8902d2b8a6b,2011-07-15 00:07:12.018982528,0.0
Case71,Create Purchase Requisition,res_1c8b5f31-9f1d-45fc-a907-e61844725cf1,Role 1,2011-07-15 00:26:30.862108126,66,0,res_1c8b5f31-9f1d-45fc-a907-e61844725cf1,2011-07-15 00:19:16.666687126,0.0
Case54,Analyze Request for Quotation,res_e3e0c0a9-4ed9-4f0d-b292-61196d595b55,Role 4,2011-07-15 01:50:50.085579483,66,0,res_e3e0c0a9-4ed9-4f0d-b292-61196d595b55,2011-07-15 01:32:22.710690483,0.0
Case49,Analyze Quotation Comparison Map,res_2693c211-be99-4d88-aa0e-ad93f9242ac0,Role 1,2011-07-15 01:52:28.622875418,65,0,res_2693c211-be99-4d88-aa0e-ad93f9242ac0,2011-07-15 01:52:28.622875418,0.0
Case32,Release Supplier's Invoice,res_9c70c672-679c-4869-ad08-c8902d2b8a6b,Role 5,2011-07-15 03:58:21.008242689,65,0,res_9c70c672-679c-4869-ad08-c8902d2b8a6b,2011-07-15 03:58:21.008242689,0.0
Case32,Authorize Supplier's Invoice payment,res_9c70c672-679c-4869-ad08-c8902d2b8a6b,Role 5,2011-07-15 04:07:51.204551689,65,0,res_9c70c672-679c-4869-ad08-c8902d2b8a6b,2011-07-15 03:58:21.085004689,0.0
Case48,Create Quotation comparison Map,res_a1aadd50-44bc-4984-92b3-7fa6a35b08ce,Role 4,2011-07-15 04:14:57.021667607,65,0,res_a1aadd50-44bc-4984-92b3-7fa6a35b08ce,2011-07-15 03:57:19.411522607,0.0
Case72,Create Purchase Requisition,res_2693c211-be99-4d88-aa0e-ad93f9242ac0,Role 1,2011-07-15 04:27:55.897575386,66,0,res_2693c211-be99-4d88-aa0e-ad93f9242ac0,2011-07-15 04:20:27.359705386,0.07142857142857142
Case32,Pay Invoice,res_9c70c672-679c-4869-ad08-c8902d2b8a6b,Role 5,2011-07-15 04:38:05.409997689,66,0,res_9c70c672-679c-4869-ad08-c8902d2b8a6b,2011-07-15 04:38:05.409997689,0.0
Case71,Create Request for Quotation,res_eaebaff1-ec80-4367-9148-32e2ed6d8c24,Role 3,2011-07-15 05:29:05.583106126,65,0,res_eaebaff1-ec80-4367-9148-32e2ed6d8c24,2011-07-15 05:09:59.480199126,0.0
Case50,Settle Conditions With Supplier,res_e3e0c0a9-4ed9-4f0d-b292-61196d595b55,Role 4,2011-07-15 05:38:55.812743956,65,1,res_e3e0c0a9-4ed9-4f0d-b292-61196d595b55,2011-07-15 05:28:43.815041956,0.0
Case40,Analyze Quotation Comparison Map,res_8ff9896e-89e7-4706-8bbb-7b5d6b91cbb2,Role 1,2011-07-15 05:58:13.801163582,65,0,res_8ff9896e-89e7-4706-8bbb-7b5d6b91cbb2,2011-07-15 05:58:13.801163582,0.07142857142857142
Case62,Analyze Request for Quotation,res_57232bd2-8367-472b-bb4e-a410540bb1ce,Role 4,2011-07-15 06:04:33.805868344,65,0,res_57232bd2-8367-472b-bb4e-a410540bb1ce,2011-07-15 05:45:19.898458344,0.0
Case39,Analyze Request for Quotation,res_e3e0c0a9-4ed9-4f0d-b292-61196d595b55,Role 4,2011-07-15 06:07:34.303978715,65,1,res_e3e0c0a9-4ed9-4f0d-b292-61196d595b55,2011-07-15 05:48:25.596676715,0.3333333333333333
Case46,Analyze Request for Quotation,res_a1aadd50-44bc-4984-92b3-7fa6a35b08ce,Role 4,2011-07-15 06:54:37.052763154,65,0,res_a1aadd50-44bc-4984-92b3-7fa6a35b08ce,2011-07-15 06:35:29.208041154,0.0
Case46,Amend Request for Quotation,res_405a9dbf-a6c4-4516-8b62-63a28dc495f2,Role 1,2011-07-15 08:17:41.625881154,65,0,res_405a9dbf-a6c4-4516-8b62-63a28dc495f2,2011-07-15 07:53:05.559922154,0.14285714285714285
Case53,Settle Conditions With Supplier,res_57232bd2-8367-472b-bb4e-a410540bb1ce,Role 4,2011-07-15 08:41:16.471091327,65,1,res_57232bd2-8367-472b-bb4e-a410540bb1ce,2011-07-15 08:31:04.321959327,0.0
Case49,Choose best option,res_8f8f0a62-4c11-4e2d-806f-ac1cc2f4585c,Role 1,2011-07-15 09:55:54.970001418,65,0,res_8f8f0a62-4c11-4e2d-806f-ac1cc2f4585c,2011-07-15 01:52:28.639856418,0.0
Case36,Deliver Goods Services,res_e429f72d-965e-4e84-a3e5-a38e218f80b1,Role 2,2011-07-15 10:27:54.399398743,65,2,res_e429f72d-965e-4e84-a3e5-a38e218f80b1,2011-07-15 10:26:54.271961743,0.0
Case48,Analyze Quotation Comparison Map,res_1c8b5f31-9f1d-45fc-a907-e61844725cf1,Role 1,2011-07-15 10:52:36.595791607,65,0,res_1c8b5f31-9f1d-45fc-a907-e61844725cf1,2011-07-15 10:52:36.595791607,0.07142857142857142
Case55,Analyze Request for Quotation,res_e3e0c0a9-4ed9-4f0d-b292-61196d595b55,Role 4,2011-07-15 11:59:13.860783346,65,0,res_e3e0c0a9-4ed9-4f0d-b292-61196d595b55,2011-07-15 11:41:43.735750346,0.3333333333333333
Case63,Analyze Request for Quotation,res_e3e0c0a9-4ed9-4f0d-b292-61196d595b55,Role 4,2011-07-15 12:11:16.832411921,65,1,res_e3e0c0a9-4ed9-4f0d-b292-61196d595b55,2011-07-15 11:54:04.732626921,0.6666666666666666
Case59,Analyze Request for Quotation,res_57232bd2-8367-472b-bb4e-a410540bb1ce,Role 4,2011-07-15 12:44:50.063292515,64,0,res_57232bd2-8367-472b-bb4e-a410540bb1ce,2011-07-15 12:28:27.793593515,0.3333333333333333
Case51,Send Request for Quotation to Supplier,res_e3e0c0a9-4ed9-4f0d-b292-61196d595b55,Role 4,2011-07-15 12:59:27.048723911,65,0,res_e3e0c0a9-4ed9-4f0d-b292-61196d595b55,2011-07-15 09:47:31.991161911,0.0
Case40,Choose best option,res_6eb362cd-539f-43c2-ae38-4fd25867d8e9,Role 1,2011-07-15 13:01:05.171000582,65,1,res_6eb362cd-539f-43c2-ae38-4fd25867d8e9,2011-07-15 05:58:13.812916582,0.07142857142857142
Case55,Amend Request for Quotation,res_8f8f0a62-4c11-4e2d-806f-ac1cc2f4585c,Role 1,2011-07-15 13:24:48.347723346,64,0,res_8f8f0a62-4c11-4e2d-806f-ac1cc2f4585c,2011-07-15 12:59:24.046802346,0.14285714285714285
Case59,Amend Request for Quotation,res_f089c795-448e-465e-b5f3-2b8cd9cd75ad,Role 1,2011-07-15 14:04:14.536853515,64,0,res_f089c795-448e-465e-b5f3-2b8cd9cd75ad,2011-07-15 13:38:40.277096515,0.07142857142857142
Case21,Send Invoice,res_4e8df78d-479a-4a6b-b0fc-4ec41ae30090,Role 2,2011-07-15 14:12:43.681074589,64,0,res_4e8df78d-479a-4a6b-b0fc-4ec41ae30090,2011-07-15 14:08:37.867773589,0.0
Case70,Analyze Purchase Requisition,res_eaebaff1-ec80-4367-9148-32e2ed6d8c24,Role 3,2011-07-15 15:44:19.059368112,64,0,res_eaebaff1-ec80-4367-9148-32e2ed6d8c24,2011-07-15 15:42:01.491828112,0.0
Case70,Create Request for Quotation,res_2379693c-02d2-4c16-b018-154dff50870c,Role 3,2011-07-15 16:15:04.380195112,64,0,res_2379693c-02d2-4c16-b018-154dff50870c,2011-07-15 15:49:52.500508112,0.0
Case49,Settle Conditions With Supplier,res_e3e0c0a9-4ed9-4f0d-b292-61196d595b55,Role 4,2011-07-15 16:28:01.627750418,64,1,res_e3e0c0a9-4ed9-4f0d-b292-61196d595b55,2011-07-15 16:18:13.348857418,0.0
Case36,Release Purchase Order,res_cb7687c3-c5a0-4751-970a-e66addb342e6,Role 1,2011-07-15 17:19:07.787275743,64,0,res_cb7687c3-c5a0-4751-970a-e66addb342e6,2011-07-15 17:18:09.276561743,0.07142857142857142
Case48,Choose best option,res_1c8b5f31-9f1d-45fc-a907-e61844725cf1,Role 1,2011-07-15 17:32:50.855534607,65,1,res_1c8b5f31-9f1d-45fc-a907-e61844725cf1,2011-07-15 10:52:36.615696607,0.07142857142857142
Case50,Create Purchase Order,res_57232bd2-8367-472b-bb4e-a410540bb1ce,Role 4,2011-07-15 18:54:54.473506956,64,0,res_57232bd2-8367-472b-bb4e-a410540bb1ce,2011-07-15 18:35:12.129757956,0.0
Case51,Create Quotation comparison Map,res_57232bd2-8367-472b-bb4e-a410540bb1ce,Role 4,2011-07-15 21:29:24.662891911,64,0,res_57232bd2-8367-472b-bb4e-a410540bb1ce,2011-07-15 21:10:15.878836911,0.0
Case72,Analyze Purchase Requisition,res_ef511a60-0fbe-4c1b-be0b-d96a349ffb61,Role 3,2011-07-15 21:47:23.629590386,64,0,res_ef511a60-0fbe-4c1b-be0b-d96a349ffb61,2011-07-15 21:44:59.429227386,0.0
Case40,Settle Conditions With Supplier,res_e3e0c0a9-4ed9-4f0d-b292-61196d595b55,Role 4,2011-07-15 22:07:31.542446582,64,1,res_e3e0c0a9-4ed9-4f0d-b292-61196d595b55,2011-07-15 21:57:30.383023582,0.3333333333333333
Case53,Create Purchase Order,res_e3e0c0a9-4ed9-4f0d-b292-61196d595b55,Role 4,2011-07-15 22:11:26.196384327,64,0,res_e3e0c0a9-4ed9-4f0d-b292-61196d595b55,2011-07-15 21:50:09.380739327,0.0
Case72,Create Request for Quotation,res_eaebaff1-ec80-4367-9148-32e2ed6d8c24,Role 3,2011-07-15 22:17:47.130076386,64,0,res_eaebaff1-ec80-4367-9148-32e2ed6d8c24,2011-07-15 21:52:51.228051386,0.0
Case61,Analyze Request for Quotation,res_57232bd2-8367-472b-bb4e-a410540bb1ce,Role 4,2011-07-15 23:51:56.361387710,64,0,res_57232bd2-8367-472b-bb4e-a410540bb1ce,2011-07-15 23:33:20.758853710,0.0
Case38,Analyze Request for Quotation,res_a1aadd50-44bc-4984-92b3-7fa6a35b08ce,Role 4,2011-07-16 00:11:43.584389635,64,1,res_a1aadd50-44bc-4984-92b3-7fa6a35b08ce,2011-07-15 23:49:13.562238635,0.3333333333333333
Case38,Amend Request for Quotation,res_aa0ec4c3-67b5-4cb5-b721-3851249d52a1,Role 1,2011-07-16 01:30:38.931237635,64,0,res_aa0ec4c3-67b5-4cb5-b721-3851249d52a1,2011-07-16 01:07:48.672971635,0.0
Case49,Create Purchase Order,res_57232bd2-8367-472b-bb4e-a410540bb1ce,Role 4,2011-07-16 01:31:16.875358418,64,0,res_57232bd2-8367-472b-bb4e-a410540bb1ce,2011-07-16 01:07:14.000105418,0.0
Case21,Release Supplier's Invoice,res_3abcc329-15ac-4669-90d7-4c4850600768,Role 5,2011-07-16 02:46:17.885492589,64,0,res_3abcc329-15ac-4669-90d7-4c4850600768,2011-07-16 02:46:17.885492589,0.0
Case21,Authorize Supplier's Invoice payment,res_3abcc329-15ac-4669-90d7-4c4850600768,Role 5,2011-07-16 02:56:00.988219589,64,0,res_3abcc329-15ac-4669-90d7-4c4850600768,2011-07-16 02:46:17.944103589,0.0
Case21,Pay Invoice,res_9c70c672-679c-4869-ad08-c8902d2b8a6b,Role 5,2011-07-16 03:26:15.096725589,64,0,res_9c70c672-679c-4869-ad08-c8902d2b8a6b,2011-07-16 03:26:15.096725589,0.0
Case51,Analyze Quotation Comparison Map,res_8ff9896e-89e7-4706-8bbb-7b5d6b91cbb2,Role 1,2011-07-16 04:02:40.246448911,63,0,res_8ff9896e-89e7-4706-8bbb-7b5d6b91cbb2,2011-07-16 04:02:40.245905911,0.0
Case36,Approve Purchase Order for payment,res_57232bd2-8367-472b-bb4e-a410540bb1ce,Role 4,2011-07-16 05:00:31.224152743,63,0,res_57232bd2-8367-472b-bb4e-a410540bb1ce,2011-07-16 05:00:31.224152743,0.0
Case48,Settle Conditions With Supplier,res_57232bd2-8367-472b-bb4e-a410540bb1ce,Role 4,2011-07-16 06:30:21.412278607,63,1,res_57232bd2-8367-472b-bb4e-a410540bb1ce,2011-07-16 06:20:15.507199607,0.0
Case40,Create Purchase Order,res_e3e0c0a9-4ed9-4f0d-b292-61196d595b55,Role 4,2011-07-16 07:35:01.414871582,63,0,res_e3e0c0a9-4ed9-4f0d-b292-61196d595b55,2011-07-16 07:15:40.535531582,0.0
Case42,Analyze Request for Quotation,res_a1aadd50-44bc-4984-92b3-7fa6a35b08ce,Role 4,2011-07-16 09:31:06.285446251,63,0,res_a1aadd50-44bc-4984-92b3-7fa6a35b08ce,2011-07-16 09:09:07.075674251,0.0
Case65,Analyze Request for Quotation,res_a1aadd50-44bc-4984-92b3-7fa6a35b08ce,Role 4,2011-07-16 10:22:10.130849856,62,0,res_a1aadd50-44bc-4984-92b3-7fa6a35b08ce,2011-07-16 10:05:44.971081856,0.0
Case66,Analyze Request for Quotation,res_e3e0c0a9-4ed9-4f0d-b292-61196d595b55,Role 4,2011-07-16 11:32:50.458337199,62,0,res_e3e0c0a9-4ed9-4f0d-b292-61196d595b55,2011-07-16 11:16:46.673750199,0.0
Case65,Amend Request for Quotation,res_2693c211-be99-4d88-aa0e-ad93f9242ac0,Role 1,2011-07-16 11:40:06.228549856,62,0,res_2693c211-be99-4d88-aa0e-ad93f9242ac0,2011-07-16 11:14:43.023306856,0.07142857142857142
Case51,Choose best option,res_2693c211-be99-4d88-aa0e-ad93f9242ac0,Role 1,2011-07-16 11:57:15.039970911,63,0,res_2693c211-be99-4d88-aa0e-ad93f9242ac0,2011-07-16 04:02:40.258426911,0.0
Case66,Amend Request for Quotation,res_919b75ba-5ea6-4e46-9898-5ba05832888a,Role 1,2011-07-16 12:51:48.241026199,62,0,res_919b75ba-5ea6-4e46-9898-5ba05832888a,2011-07-16 12:26:18.490766199,0.0
Case73,Create Purchase Requisition,res_cb7687c3-c5a0-4751-970a-e66addb342e6,Role 1,2011-07-16 13:58:12.490060500,63,0,res_cb7687c3-c5a0-4751-970a-e66addb342e6,2011-07-16 13:50:34.839220500,0.0
Case48,Create Purchase Order,res_a1aadd50-44bc-4984-92b3-7fa6a35b08ce,Role 4,2011-07-16 16:19:01.764956607,63,0,res_a1aadd50-44bc-4984-92b3-7fa6a35b08ce,2011-07-16 16:01:03.118589607,0.3333333333333333
Case56,Send Request for Quotation to Supplier,res_a1aadd50-44bc-4984-92b3-7fa6a35b08ce,Role 4,2011-07-16 17:01:42.247295155,63,0,res_a1aadd50-44bc-4984-92b3-7fa6a35b08ce,2011-07-16 13:54:21.809190155,0.0
Case51,Settle Conditions With Supplier,res_a1aadd50-44bc-4984-92b3-7fa6a35b08ce,Role 4,2011-07-16 17:47:50.005344911,63,1,res_a1aadd50-44bc-4984-92b3-7fa6a35b08ce,2011-07-16 17:38:05.155193911,0.0
Case73,Create Request for Quotation,res_2379693c-02d2-4c16-b018-154dff50870c,Role 3,2011-07-16 19:50:21.890304500,63,0,res_2379693c-02d2-4c16-b018-154dff50870c,2011-07-16 19:30:57.675373500,0.0
Case43,Confirm Purchase Order,res_d588e6af-9958-489f-9fc3-a59e218b25b9,Role 2,2011-07-16 19:52:54.502353311,64,0,res_d588e6af-9958-489f-9fc3-a59e218b25b9,2011-07-15 22:14:27.517373311,0.0
Case69,Analyze Request for Quotation,res_a1aadd50-44bc-4984-92b3-7fa6a35b08ce,Role 4,2011-07-16 20:46:25.346176731,63,0,res_a1aadd50-44bc-4984-92b3-7fa6a35b08ce,2011-07-16 20:29:58.935253731,0.0
Case56,Create Quotation comparison Map,res_a1aadd50-44bc-4984-92b3-7fa6a35b08ce,Role 4,2011-07-17 00:10:17.069170155,62,0,res_a1aadd50-44bc-4984-92b3-7fa6a35b08ce,2011-07-16 23:50:22.535943155,0.0
Case51,Create Purchase Order,res_e3e0c0a9-4ed9-4f0d-b292-61196d595b55,Role 4,2011-07-17 00:58:56.482035911,62,0,res_e3e0c0a9-4ed9-4f0d-b292-61196d595b55,2011-07-17 00:34:56.581447911,0.0
Case58,Analyze Request for Quotation,res_a1aadd50-44bc-4984-92b3-7fa6a35b08ce,Role 4,2011-07-17 04:25:16.826437625,62,0,res_a1aadd50-44bc-4984-92b3-7fa6a35b08ce,2011-07-17 04:07:32.666725625,0.3333333333333333
Case39,Send Request for Quotation to Supplier,res_e3e0c0a9-4ed9-4f0d-b292-61196d595b55,Role 4,2011-07-17 05:30:48.366605715,62,0,res_e3e0c0a9-4ed9-4f0d-b292-61196d595b55,2011-07-17 01:25:34.299287715,0.0
Case56,Analyze Quotation Comparison Map,res_aa0ec4c3-67b5-4cb5-b721-3851249d52a1,Role 1,2011-07-17 06:38:39.316725155,62,0,res_aa0ec4c3-67b5-4cb5-b721-3851249d52a1,2011-07-17 06:38:39.312929155,0.0
Case36,Send Invoice,res_e429f72d-965e-4e84-a3e5-a38e218f80b1,Role 2,2011-07-17 09:59:05.866465743,62,0,res_e429f72d-965e-4e84-a3e5-a38e218f80b1,2011-07-17 09:55:02.033895743,0.8
Case62,Send Request for Quotation to Supplier,res_a1aadd50-44bc-4984-92b3-7fa6a35b08ce,Role 4,2011-07-17 10:35:25.135809344,62,0,res_a1aadd50-44bc-4984-92b3-7fa6a35b08ce,2011-07-17 07:44:18.583638344,0.0
Case39,Create Quotation comparison Map,res_57232bd2-8367-472b-bb4e-a410540bb1ce,Role 4,2011-07-17 12:35:00.243462715,62,0,res_57232bd2-8367-472b-bb4e-a410540bb1ce,2011-07-17 12:18:56.147835715,0.0
Case56,Choose best option,res_405a9dbf-a6c4-4516-8b62-63a28dc495f2,Role 1,2011-07-17 14:29:04.372151155,62,0,res_405a9dbf-a6c4-4516-8b62-63a28dc495f2,2011-07-17 06:38:39.334696155,0.0
Case62,Create Quotation comparison Map,res_a1aadd50-44bc-4984-92b3-7fa6a35b08ce,Role 4,2011-07-17 16:48:48.862458344,62,0,res_a1aadd50-44bc-4984-92b3-7fa6a35b08ce,2011-07-17 16:32:30.242136344,0.0
Case39,Analyze Quotation Comparison Map,res_cb7687c3-c5a0-4751-970a-e66addb342e6,Role 1,2011-07-17 19:35:10.551704715,62,0,res_cb7687c3-c5a0-4751-970a-e66addb342e6,2011-07-17 19:35:10.551704715,0.0
Case53,Confirm Purchase Order,res_d588e6af-9958-489f-9fc3-a59e218b25b9,Role 2,2011-07-17 20:04:53.555152327,62,0,res_d588e6af-9958-489f-9fc3-a59e218b25b9,2011-07-16 22:24:30.875351327,0.0
Case56,Settle Conditions With Supplier,res_a1aadd50-44bc-4984-92b3-7fa6a35b08ce,Role 4,2011-07-17 20:46:49.386793155,62,1,res_a1aadd50-44bc-4984-92b3-7fa6a35b08ce,2011-07-17 20:36:56.289276155,0.3333333333333333
Case38,Analyze Request for Quotation,res_a1aadd50-44bc-4984-92b3-7fa6a35b08ce,Role 4,2011-07-17 20:48:53.924431635,62,0,res_a1aadd50-44bc-4984-92b3-7fa6a35b08ce,2011-07-17 20:34:01.192937635,0.0
Case50,Confirm Purchase Order,res_71ac497f-e0b6-48ec-83f7-073b78d5b74a,Role 2,2011-07-17 21:43:34.807527956,62,1,res_71ac497f-e0b6-48ec-83f7-073b78d5b74a,2011-07-16 23:03:20.624993956,0.2
Case36,Release Supplier's Invoice,res_9c70c672-679c-4869-ad08-c8902d2b8a6b,Role 5,2011-07-17 22:39:58.694345743,61,0,res_9c70c672-679c-4869-ad08-c8902d2b8a6b,2011-07-17 22:39:58.694345743,0.0
Case36,Authorize Supplier's Invoice payment,res_3abcc329-15ac-4669-90d7-4c4850600768,Role 5,2011-07-17 22:49:15.553068743,61,0,res_3abcc329-15ac-4669-90d7-4c4850600768,2011-07-17 22:39:58.751803743,0.0
Case36,Pay Invoice,res_3abcc329-15ac-4669-90d7-4c4850600768,Role 5,2011-07-17 23:18:09.600144743,61,0,res_3abcc329-15ac-4669-90d7-4c4850600768,2011-07-17 23:18:09.600144743,0.0
Case62,Analyze Quotation Comparison Map,res_8f8f0a62-4c11-4e2d-806f-ac1cc2f4585c,Role 1,2011-07-17 23:22:29.707862344,60,0,res_8f8f0a62-4c11-4e2d-806f-ac1cc2f4585c,2011-07-17 23:22:29.707862344,0.07142857142857142
Case49,Confirm Purchase Order,res_71ac497f-e0b6-48ec-83f7-073b78d5b74a,Role 2,2011-07-18 01:17:34.620193418,62,2,res_71ac497f-e0b6-48ec-83f7-073b78d5b74a,2011-07-17 02:16:14.236823418,0.4
Case39,Choose best option,res_405a9dbf-a6c4-4516-8b62-63a28dc495f2,Role 1,2011-07-18 02:11:18.900208715,62,0,res_405a9dbf-a6c4-4516-8b62-63a28dc495f2,2011-07-17 19:35:10.604262715,0.0
Case56,Create Purchase Order,res_a1aadd50-44bc-4984-92b3-7fa6a35b08ce,Role 4,2011-07-18 03:01:48.959186155,60,0,res_a1aadd50-44bc-4984-92b3-7fa6a35b08ce,2011-07-18 02:38:39.458554155,0.3333333333333333
Case61,Send Request for Quotation to Supplier,res_e3e0c0a9-4ed9-4f0d-b292-61196d595b55,Role 4,2011-07-18 03:04:51.529238710,60,0,res_e3e0c0a9-4ed9-4f0d-b292-61196d595b55,2011-07-17 23:53:57.788273710,0.0
Case71,Analyze Request for Quotation,res_e3e0c0a9-4ed9-4f0d-b292-61196d595b55,Role 4,2011-07-18 04:04:11.868973126,60,0,res_e3e0c0a9-4ed9-4f0d-b292-61196d595b55,2011-07-18 03:48:50.239614126,0.0
Case64,Analyze Request for Quotation,res_57232bd2-8367-472b-bb4e-a410540bb1ce,Role 4,2011-07-18 04:06:12.750717929,60,1,res_57232bd2-8367-472b-bb4e-a410540bb1ce,2011-07-18 03:51:20.144080929,0.3333333333333333
Case40,Confirm Purchase Order,res_d588e6af-9958-489f-9fc3-a59e218b25b9,Role 2,2011-07-18 04:25:39.150085582,62,3,res_d588e6af-9958-489f-9fc3-a59e218b25b9,2011-07-17 05:19:39.437433582,0.6
Case62,Choose best option,res_9167b706-00d1-41f1-9a32-2e270dd54cc0,Role 1,2011-07-18 06:50:18.631356344,60,1,res_9167b706-00d1-41f1-9a32-2e270dd54cc0,2011-07-17 23:22:29.732430344,0.07142857142857142
Case43,Deliver Goods Services,res_71ac497f-e0b6-48ec-83f7-073b78d5b74a,Role 2,2011-07-18 06:55:51.879974311,60,2,res_71ac497f-e0b6-48ec-83f7-073b78d5b74a,2011-07-18 06:54:51.733705311,0.4
Case61,Create Quotation comparison Map,res_57232bd2-8367-472b-bb4e-a410540bb1ce,Role 4,2011-07-18 08:03:05.812516710,60,0,res_57232bd2-8367-472b-bb4e-a410540bb1ce,2011-07-18 07:46:39.563546710,0.0
Case67,Analyze Request for Quotation,res_e3e0c0a9-4ed9-4f0d-b292-61196d595b55,Role 4,2011-07-18 11:33:36.579927087,60,0,res_e3e0c0a9-4ed9-4f0d-b292-61196d595b55,2011-07-18 11:19:26.883682087,0.3333333333333333
Case39,Settle Conditions With Supplier,res_e3e0c0a9-4ed9-4f0d-b292-61196d595b55,Role 4,2011-07-18 11:34:40.387601715,60,1,res_e3e0c0a9-4ed9-4f0d-b292-61196d595b55,2011-07-18 11:24:32.038885715,0.6666666666666666
Case58,Send Request for Quotation to Supplier,res_57232bd2-8367-472b-bb4e-a410540bb1ce,Role 4,2011-07-18 11:42:29.488890625,60,0,res_57232bd2-8367-472b-bb4e-a410540bb1ce,2011-07-18 08:46:29.208504625,0.0
Case74,Create Purchase Requisition,res_1c8b5f31-9f1d-45fc-a907-e61844725cf1,Role 1,2011-07-18 12:46:39.978562593,61,0,res_1c8b5f31-9f1d-45fc-a907-e61844725cf1,2011-07-18 12:39:14.632008593,0.0
Case62,Settle Conditions With Supplier,res_57232bd2-8367-472b-bb4e-a410540bb1ce,Role 4,2011-07-18 13:16:06.807250344,61,1,res_57232bd2-8367-472b-bb4e-a410540bb1ce,2011-07-18 13:06:11.063615344,0.0
Case46,Analyze Request for Quotation,res_57232bd2-8367-472b-bb4e-a410540bb1ce,Role 4,2011-07-18 13:59:48.188849154,61,0,res_57232bd2-8367-472b-bb4e-a410540bb1ce,2011-07-18 13:44:07.601088154,0.0
Case43,Release Purchase Order,res_405a9dbf-a6c4-4516-8b62-63a28dc495f2,Role 1,2011-07-18 14:00:31.440275311,61,0,res_405a9dbf-a6c4-4516-8b62-63a28dc495f2,2011-07-18 13:59:33.205537311,0.0
Case61,Analyze Quotation Comparison Map,res_aa0ec4c3-67b5-4cb5-b721-3851249d52a1,Role 1,2011-07-18 14:34:25.742315710,60,0,res_aa0ec4c3-67b5-4cb5-b721-3851249d52a1,2011-07-18 14:34:25.742083710,0.0
Case68,Analyze Request for Quotation,res_57232bd2-8367-472b-bb4e-a410540bb1ce,Role 4,2011-07-18 14:38:14.767263304,60,0,res_57232bd2-8367-472b-bb4e-a410540bb1ce,2011-07-18 14:23:49.203317304,0.0
Case48,Confirm Purchase Order,res_400ece15-d344-40db-973d-6a305e0b654c,Role 2,2011-07-18 15:31:30.769954607,62,4,res_400ece15-d344-40db-973d-6a305e0b654c,2011-07-17 13:29:42.690459607,0.8
Case58,Create Quotation comparison Map,res_57232bd2-8367-472b-bb4e-a410540bb1ce,Role 4,2011-07-18 17:15:00.122473625,59,0,res_57232bd2-8367-472b-bb4e-a410540bb1ce,2011-07-18 16:59:43.193778625,0.0
Case70,Analyze Request for Quotation,res_e3e0c0a9-4ed9-4f0d-b292-61196d595b55,Role 4,2011-07-18 17:33:02.560669112,59,0,res_e3e0c0a9-4ed9-4f0d-b292-61196d595b55,2011-07-18 17:16:58.521184112,0.0
Case62,Create Purchase Order,res_e3e0c0a9-4ed9-4f0d-b292-61196d595b55,Role 4,2011-07-18 19:51:37.277739344,59,0,res_e3e0c0a9-4ed9-4f0d-b292-61196d595b55,2011-07-18 19:30:32.983205344,0.0
Case39,Create Purchase Order,res_e3e0c0a9-4ed9-4f0d-b292-61196d595b55,Role 4,2011-07-18 20:04:28.054305715,59,1,res_e3e0c0a9-4ed9-4f0d-b292-61196d595b55,2011-07-18 19:45:28.852604715,0.3333333333333333
Case51,Confirm Purchase Order,res_71ac497f-e0b6-48ec-83f7-073b78d5b74a,Role 2,2011-07-18 20:13:56.727761911,61,3,res_71ac497f-e0b6-48ec-83f7-073b78d5b74a,2011-07-17 21:45:56.394770911,0.6
Case61,Choose best option,res_6eb362cd-539f-43c2-ae38-4fd25867d8e9,Role 1,2011-07-18 22:08:07.339982710,60,0,res_6eb362cd-539f-43c2-ae38-4fd25867d8e9,2011-07-18 14:34:25.774302710,0.0
Case58,Analyze Quotation Comparison Map,res_8f8f0a62-4c11-4e2d-806f-ac1cc2f4585c,Role 1,2011-07-18 23:48:55.074332625,59,0,res_8f8f0a62-4c11-4e2d-806f-ac1cc2f4585c,2011-07-18 23:48:55.074332625,0.0
Case72,Analyze Request for Quotation,res_e3e0c0a9-4ed9-4f0d-b292-61196d595b55,Role 4,2011-07-19 00:11:30.622110386,59,0,res_e3e0c0a9-4ed9-4f0d-b292-61196d595b55,2011-07-18 23:54:20.524363386,0.0
Case43,Approve Purchase Order for payment,res_57232bd2-8367-472b-bb4e-a410540bb1ce,Role 4,2011-07-19 00:48:11.058260311,59,0,res_57232bd2-8367-472b-bb4e-a410540bb1ce,2011-07-19 00:48:11.058260311,0.0
Case75,Create Purchase Requisition,res_aa0ec4c3-67b5-4cb5-b721-3851249d52a1,Role 1,2011-07-19 02:23:29.203510679,60,0,res_aa0ec4c3-67b5-4cb5-b721-3851249d52a1,2011-07-19 02:16:29.248181679,0.07142857142857142
Case74,Analyze Purchase Requisition,res_ef511a60-0fbe-4c1b-be0b-d96a349ffb61,Role 3,2011-07-19 03:25:58.487438593,60,0,res_ef511a60-0fbe-4c1b-be0b-d96a349ffb61,2011-07-19 03:23:34.861778593,0.0
Case74,Create Request for Quotation,res_2379693c-02d2-4c16-b018-154dff50870c,Role 3,2011-07-19 03:54:34.838408593,60,0,res_2379693c-02d2-4c16-b018-154dff50870c,2011-07-19 03:30:40.454749593,0.0
Case76,Create Purchase Requisition,res_aa0ec4c3-67b5-4cb5-b721-3851249d52a1,Role 1,2011-07-19 05:25:23.435201811,61,0,res_aa0ec4c3-67b5-4cb5-b721-3851249d52a1,2011-07-19 05:18:08.613042811,0.07142857142857142
Case58,Choose best option,res_2693c211-be99-4d88-aa0e-ad93f9242ac0,Role 1,2011-07-19 05:50:05.218373625,59,0,res_2693c211-be99-4d88-aa0e-ad93f9242ac0,2011-07-18 23:48:55.113391625,0.0
Case59,Analyze Request for Quotation,res_a1aadd50-44bc-4984-92b3-7fa6a35b08ce,Role 4,2011-07-19 06:14:12.109527515,61,0,res_a1aadd50-44bc-4984-92b3-7fa6a35b08ce,2011-07-19 05:56:11.166188515,0.3333333333333333
Case61,Settle Conditions With Supplier,res_57232bd2-8367-472b-bb4e-a410540bb1ce,Role 4,2011-07-19 06:21:29.562183710,61,1,res_57232bd2-8367-472b-bb4e-a410540bb1ce,2011-07-19 06:11:09.060017710,0.6666666666666666
Case50,Deliver Goods Services,res_4e8df78d-479a-4a6b-b0fc-4ec41ae30090,Role 2,2011-07-19 07:03:31.216523956,60,2,res_4e8df78d-479a-4a6b-b0fc-4ec41ae30090,2011-07-19 07:02:31.071274956,0.2
Case64,Send Request for Quotation to Supplier,res_e3e0c0a9-4ed9-4f0d-b292-61196d595b55,Role 4,2011-07-19 07:58:12.052081929,60,0,res_e3e0c0a9-4ed9-4f0d-b292-61196d595b55,2011-07-19 05:16:36.021748929,0.0
Case53,Deliver Goods Services,res_e429f72d-965e-4e84-a3e5-a38e218f80b1,Role 2,2011-07-19 08:03:49.931322327,60,2,res_e429f72d-965e-4e84-a3e5-a38e218f80b1,2011-07-19 08:02:49.778288327,0.2
Case76,Create Request for Quotation,res_eaebaff1-ec80-4367-9148-32e2ed6d8c24,Role 3,2011-07-19 10:27:00.881838811,60,0,res_eaebaff1-ec80-4367-9148-32e2ed6d8c24,2011-07-19 10:04:46.095838811,0.0
Case40,Deliver Goods Services,res_4e8df78d-479a-4a6b-b0fc-4ec41ae30090,Role 2,2011-07-19 10:36:42.021449582,60,2,res_4e8df78d-479a-4a6b-b0fc-4ec41ae30090,2011-07-19 10:35:41.968410582,0.2
Case77,Create Purchase Requisition,res_8ff9896e-89e7-4706-8bbb-7b5d6b91cbb2,Role 1,2011-07-19 11:19:56.690532399,61,0,res_8ff9896e-89e7-4706-8bbb-7b5d6b91cbb2,2011-07-19 11:12:27.234494399,0.0
Case64,Create Quotation comparison Map,res_a1aadd50-44bc-4984-92b3-7fa6a35b08ce,Role 4,2011-07-19 13:16:12.553395929,61,0,res_a1aadd50-44bc-4984-92b3-7fa6a35b08ce,2011-07-19 13:01:17.875196929,0.3333333333333333
Case55,Analyze Request for Quotation,res_a1aadd50-44bc-4984-92b3-7fa6a35b08ce,Role 4,2011-07-19 13:24:02.860470346,61,0,res_a1aadd50-44bc-4984-92b3-7fa6a35b08ce,2011-07-19 13:06:44.743607346,0.6666666666666666
Case61,Create Purchase Order,res_a1aadd50-44bc-4984-92b3-7fa6a35b08ce,Role 4,2011-07-19 13:43:12.267430710,61,0,res_a1aadd50-44bc-4984-92b3-7fa6a35b08ce,2011-07-19 13:25:19.884091710,0.3333333333333333
Case71,Send Request for Quotation to Supplier,res_e3e0c0a9-4ed9-4f0d-b292-61196d595b55,Role 4,2011-07-19 13:44:21.527667126,60,0,res_e3e0c0a9-4ed9-4f0d-b292-61196d595b55,2011-07-19 11:03:31.129291126,0.0
Case50,Release Purchase Order,res_f48df228-eef4-4e77-92e3-78f54f949771,Role 1,2011-07-19 14:10:49.330739956,61,0,res_f48df228-eef4-4e77-92e3-78f54f949771,2011-07-19 14:09:50.963099956,0.0
Case58,Settle Conditions With Supplier,res_e3e0c0a9-4ed9-4f0d-b292-61196d595b55,Role 4,2011-07-19 14:16:13.783111625,61,1,res_e3e0c0a9-4ed9-4f0d-b292-61196d595b55,2011-07-19 14:06:10.178979625,0.0
Case53,Release Purchase Order,res_f48df228-eef4-4e77-92e3-78f54f949771,Role 1,2011-07-19 15:08:05.922998327,61,0,res_f48df228-eef4-4e77-92e3-78f54f949771,2011-07-19 15:07:07.532480327,0.0
Case77,Create Request for Quotation,res_2379693c-02d2-4c16-b018-154dff50870c,Role 3,2011-07-19 17:13:19.876961399,61,0,res_2379693c-02d2-4c16-b018-154dff50870c,2011-07-19 16:52:01.701222399,0.0
Case56,Confirm Purchase Order,res_e429f72d-965e-4e84-a3e5-a38e218f80b1,Role 2,2011-07-19 17:29:28.729112155,59,0,res_e429f72d-965e-4e84-a3e5-a38e218f80b1,2011-07-18 20:26:41.268874155,0.0
Case75,Analyze Purchase Requisition,res_2379693c-02d2-4c16-b018-154dff50870c,Role 3,2011-07-19 17:35:39.147769679,61,0,res_2379693c-02d2-4c16-b018-154dff50870c,2011-07-19 17:33:20.136907679,0.0
Case40,Release Purchase Order,res_405a9dbf-a6c4-4516-8b62-63a28dc495f2,Role 1,2011-07-19 17:35:59.173712582,61,0,res_405a9dbf-a6c4-4516-8b62-63a28dc495f2,2011-07-19 17:35:00.967015582,0.0
Case75,Create Request for Quotation,res_eaebaff1-ec80-4367-9148-32e2ed6d8c24,Role 3,2011-07-19 18:03:19.678411679,61,0,res_eaebaff1-ec80-4367-9148-32e2ed6d8c24,2011-07-19 17:40:46.938153679,0.0
Case49,Deliver Goods Services,res_d588e6af-9958-489f-9fc3-a59e218b25b9,Role 2,2011-07-19 18:25:47.175854418,61,2,res_d588e6af-9958-489f-9fc3-a59e218b25b9,2011-07-19 18:24:46.897654418,0.6
Case43,Send Invoice,res_4e8df78d-479a-4a6b-b0fc-4ec41ae30090,Role 2,2011-07-19 18:26:10.495682311,61,0,res_4e8df78d-479a-4a6b-b0fc-4ec41ae30090,2011-07-19 18:21:50.458978311,0.4
Case71,Create Quotation comparison Map,res_57232bd2-8367-472b-bb4e-a410540bb1ce,Role 4,2011-07-19 18:38:55.863599126,61,0,res_57232bd2-8367-472b-bb4e-a410540bb1ce,2011-07-19 18:23:15.627775126,0.0
Case64,Analyze Quotation Comparison Map,res_405a9dbf-a6c4-4516-8b62-63a28dc495f2,Role 1,2011-07-19 19:23:50.774476929,61,0,res_405a9dbf-a6c4-4516-8b62-63a28dc495f2,2011-07-19 19:23:50.770980929,0.0
Case48,Deliver Goods Services,res_e429f72d-965e-4e84-a3e5-a38e218f80b1,Role 2,2011-07-19 20:49:19.885291607,61,2,res_e429f72d-965e-4e84-a3e5-a38e218f80b1,2011-07-19 20:48:19.569503607,0.4
Case73,Analyze Request for Quotation,res_e3e0c0a9-4ed9-4f0d-b292-61196d595b55,Role 4,2011-07-19 23:25:54.144160500,61,0,res_e3e0c0a9-4ed9-4f0d-b292-61196d595b55,2011-07-19 23:08:28.842251500,0.0
Case58,Create Purchase Order,res_e3e0c0a9-4ed9-4f0d-b292-61196d595b55,Role 4,2011-07-19 23:56:11.187504625,61,0,res_e3e0c0a9-4ed9-4f0d-b292-61196d595b55,2011-07-19 23:39:12.607119625,0.0
Case73,Amend Request for Quotation,res_f48df228-eef4-4e77-92e3-78f54f949771,Role 1,2011-07-20 00:43:47.486960500,61,0,res_f48df228-eef4-4e77-92e3-78f54f949771,2011-07-20 00:19:10.684099500,0.07142857142857142
Case50,Approve Purchase Order for payment,res_a1aadd50-44bc-4984-92b3-7fa6a35b08ce,Role 4,2011-07-20 00:46:24.292799956,61,0,res_a1aadd50-44bc-4984-92b3-7fa6a35b08ce,2011-07-20 00:46:24.292799956,0.3333333333333333
Case71,Analyze Quotation Comparison Map,res_8f8f0a62-4c11-4e2d-806f-ac1cc2f4585c,Role 1,2011-07-20 00:53:52.234017126,61,0,res_8f8f0a62-4c11-4e2d-806f-ac1cc2f4585c,2011-07-20 00:53:52.228144126,0.07142857142857142
Case49,Release Purchase Order,res_405a9dbf-a6c4-4516-8b62-63a28dc495f2,Role 1,2011-07-20 01:27:03.414340418,61,0,res_405a9dbf-a6c4-4516-8b62-63a28dc495f2,2011-07-20 01:26:04.722191418,0.14285714285714285
Case65,Analyze Request for Quotation,res_57232bd2-8367-472b-bb4e-a410540bb1ce,Role 4,2011-07-20 01:33:59.566933856,61,0,res_57232bd2-8367-472b-bb4e-a410540bb1ce,2011-07-20 01:14:59.968812856,0.3333333333333333
Case53,Approve Purchase Order for payment,res_e3e0c0a9-4ed9-4f0d-b292-61196d595b55,Role 4,2011-07-20 01:45:52.623420327,61,0,res_e3e0c0a9-4ed9-4f0d-b292-61196d595b55,2011-07-20 01:45:52.623420327,0.3333333333333333
Case64,Choose best option,res_f089c795-448e-465e-b5f3-2b8cd9cd75ad,Role 1,2011-07-20 02:17:24.643473929,61,0,res_f089c795-448e-465e-b5f3-2b8cd9cd75ad,2011-07-19 19:23:50.809640929,0.0
Case67,Send Request for Quotation to Supplier,res_57232bd2-8367-472b-bb4e-a410540bb1ce,Role 4,2011-07-20 03:10:44.292166087,61,0,res_57232bd2-8367-472b-bb4e-a410540bb1ce,2011-07-20 00:00:15.834379087,0.0
Case48,Release Purchase Order,res_3867963f-e14b-4734-bd50-0510dee85c51,Role 1,2011-07-20 03:50:19.697806607,61,0,res_3867963f-e14b-4734-bd50-0510dee85c51,2011-07-20 03:49:21.875897607,0.07142857142857142
Case40,Approve Purchase Order for payment,res_e3e0c0a9-4ed9-4f0d-b292-61196d595b55,Role 4,2011-07-20 04:42:36.158014582,61,0,res_e3e0c0a9-4ed9-4f0d-b292-61196d595b55,2011-07-20 04:42:36.157242582,0.3333333333333333
Case70,Send Request for Quotation to Supplier,res_a1aadd50-44bc-4984-92b3-7fa6a35b08ce,Role 4,2011-07-20 06:48:57.144744112,61,1,res_a1aadd50-44bc-4984-92b3-7fa6a35b08ce,2011-07-20 02:42:15.417455112,0.3333333333333333
Case66,Analyze Request for Quotation,res_e3e0c0a9-4ed9-4f0d-b292-61196d595b55,Role 4,2011-07-20 07:09:55.793179199,61,0,res_e3e0c0a9-4ed9-4f0d-b292-61196d595b55,2011-07-20 06:51:09.140962199,0.0
Case51,Deliver Goods Services,res_d588e6af-9958-489f-9fc3-a59e218b25b9,Role 2,2011-07-20 07:30:22.245910911,60,2,res_d588e6af-9958-489f-9fc3-a59e218b25b9,2011-07-20 07:29:22.144351911,0.4
Case43,Release Supplier's Invoice,res_3abcc329-15ac-4669-90d7-4c4850600768,Role 5,2011-07-20 07:43:14.999605311,60,0,res_3abcc329-15ac-4669-90d7-4c4850600768,2011-07-20 07:43:14.999605311,0.0
Case43,Authorize Supplier's Invoice payment,res_9c70c672-679c-4869-ad08-c8902d2b8a6b,Role 5,2011-07-20 07:51:20.094346311,60,0,res_9c70c672-679c-4869-ad08-c8902d2b8a6b,2011-07-20 07:43:15.061620311,0.0
Case71,Choose best option,res_cb7687c3-c5a0-4751-970a-e66addb342e6,Role 1,2011-07-20 08:02:42.402191126,61,1,res_cb7687c3-c5a0-4751-970a-e66addb342e6,2011-07-20 00:53:52.254830126,0.07142857142857142
Case43,Pay Invoice,res_9c70c672-679c-4869-ad08-c8902d2b8a6b,Role 5,2011-07-20 08:21:42.398650311,60,0,res_9c70c672-679c-4869-ad08-c8902d2b8a6b,2011-07-20 08:21:42.398650311,0.0
Case78,Create Purchase Requisition,res_405a9dbf-a6c4-4516-8b62-63a28dc495f2,Role 1,2011-07-20 08:45:50.816896854,60,0,res_405a9dbf-a6c4-4516-8b62-63a28dc495f2,2011-07-20 08:38:13.534202854,0.0
Case67,Create Quotation comparison Map,res_e3e0c0a9-4ed9-4f0d-b292-61196d595b55,Role 4,2011-07-20 08:55:53.235860087,60,0,res_e3e0c0a9-4ed9-4f0d-b292-61196d595b55,2011-07-20 08:38:19.780499087,0.0
Case39,Confirm Purchase Order,res_400ece15-d344-40db-973d-6a305e0b654c,Role 2,2011-07-20 10:22:15.886566715,61,1,res_400ece15-d344-40db-973d-6a305e0b654c,2011-07-19 11:22:14.349431715,0.2
Case64,Settle Conditions With Supplier,res_e3e0c0a9-4ed9-4f0d-b292-61196d595b55,Role 4,2011-07-20 11:57:03.551079929,60,1,res_e3e0c0a9-4ed9-4f0d-b292-61196d595b55,2011-07-20 11:47:00.545156929,0.3333333333333333
Case49,Approve Purchase Order for payment,res_e3e0c0a9-4ed9-4f0d-b292-61196d595b55,Role 4,2011-07-20 12:06:49.750807418,60,0,res_e3e0c0a9-4ed9-4f0d-b292-61196d595b55,2011-07-20 12:06:49.749260418,0.3333333333333333
Case70,Create Quotation comparison Map,res_57232bd2-8367-472b-bb4e-a410540bb1ce,Role 4,2011-07-20 13:40:57.604837112,60,0,res_57232bd2-8367-472b-bb4e-a410540bb1ce,2011-07-20 13:22:54.576243112,0.3333333333333333
Case78,Create Request for Quotation,res_2379693c-02d2-4c16-b018-154dff50870c,Role 3,2011-07-20 14:09:44.140046854,60,0,res_2379693c-02d2-4c16-b018-154dff50870c,2011-07-20 13:48:54.021210854,0.0
Case62,Confirm Purchase Order,res_e429f72d-965e-4e84-a3e5-a38e218f80b1,Role 2,2011-07-20 14:18:16.495661344,61,2,res_e429f72d-965e-4e84-a3e5-a38e218f80b1,2011-07-19 14:32:11.497430344,0.4
Case51,Release Purchase Order,res_8f8f0a62-4c11-4e2d-806f-ac1cc2f4585c,Role 1,2011-07-20 14:25:56.652398911,60,0,res_8f8f0a62-4c11-4e2d-806f-ac1cc2f4585c,2011-07-20 14:24:57.946756911,0.0
Case72,Send Request for Quotation to Supplier,res_a1aadd50-44bc-4984-92b3-7fa6a35b08ce,Role 4,2011-07-20 15:04:42.110405386,60,0,res_a1aadd50-44bc-4984-92b3-7fa6a35b08ce,2011-07-20 11:31:29.534805386,0.0
Case67,Analyze Quotation Comparison Map,res_aa0ec4c3-67b5-4cb5-b721-3851249d52a1,Role 1,2011-07-20 15:20:20.084208087,60,0,res_aa0ec4c3-67b5-4cb5-b721-3851249d52a1,2011-07-20 15:20:20.083046087,0.0
Case48,Approve Purchase Order for payment,res_57232bd2-8367-472b-bb4e-a410540bb1ce,Role 4,2011-07-20 15:32:31.530629607,60,0,res_57232bd2-8367-472b-bb4e-a410540bb1ce,2011-07-20 15:32:31.524972607,0.0
Case71,Settle Conditions With Supplier,res_57232bd2-8367-472b-bb4e-a410540bb1ce,Role 4,2011-07-20 15:49:27.772163126,60,1,res_57232bd2-8367-472b-bb4e-a410540bb1ce,2011-07-20 15:39:47.013064126,0.0
Case74,Analyze Request for Quotation,res_e3e0c0a9-4ed9-4f0d-b292-61196d595b55,Role 4,2011-07-20 16:45:53.850285593,60,0,res_e3e0c0a9-4ed9-4f0d-b292-61196d595b55,2011-07-20 16:31:56.662885593,0.3333333333333333
Case74,Amend Request for Quotation,res_1c8b5f31-9f1d-45fc-a907-e61844725cf1,Role 1,2011-07-20 18:01:06.205297593,60,0,res_1c8b5f31-9f1d-45fc-a907-e61844725cf1,2011-07-20 17:36:52.907371593,0.07142857142857142
Case79,Create Purchase Requisition,res_1c8b5f31-9f1d-45fc-a907-e61844725cf1,Role 1,2011-07-20 18:16:21.489725437,61,0,res_1c8b5f31-9f1d-45fc-a907-e61844725cf1,2011-07-20 18:09:16.840509437,0.07142857142857142
Case50,Send Invoice,res_400ece15-d344-40db-973d-6a305e0b654c,Role 2,2011-07-20 18:39:41.603446956,61,0,res_400ece15-d344-40db-973d-6a305e0b654c,2011-07-20 18:35:14.017713956,0.4
Case70,Analyze Quotation Comparison Map,res_9167b706-00d1-41f1-9a32-2e270dd54cc0,Role 1,2011-07-20 19:46:46.594548112,61,0,res_9167b706-00d1-41f1-9a32-2e270dd54cc0,2011-07-20 19:46:46.594548112,0.07142857142857142
Case55,Send Request for Quotation to Supplier,res_a1aadd50-44bc-4984-92b3-7fa6a35b08ce,Role 4,2011-07-20 20:26:17.972051346,60,0,res_a1aadd50-44bc-4984-92b3-7fa6a35b08ce,2011-07-20 16:22:24.361884346,0.0
Case80,Create Purchase Requisition,res_405a9dbf-a6c4-4516-8b62-63a28dc495f2,Role 1,2011-07-20 20:34:20.442801498,62,0,res_405a9dbf-a6c4-4516-8b62-63a28dc495f2,2011-07-20 20:27:24.847015498,0.14285714285714285
Case72,Create Quotation comparison Map,res_a1aadd50-44bc-4984-92b3-7fa6a35b08ce,Role 4,2011-07-20 21:33:00.124913386,62,0,res_a1aadd50-44bc-4984-92b3-7fa6a35b08ce,2011-07-20 21:15:04.416198386,0.0
Case53,Send Invoice,res_d588e6af-9958-489f-9fc3-a59e218b25b9,Role 2,2011-07-20 22:07:51.274264327,62,0,res_d588e6af-9958-489f-9fc3-a59e218b25b9,2011-07-20 22:03:23.632942327,0.4
Case67,Choose best option,res_6eb362cd-539f-43c2-ae38-4fd25867d8e9,Role 1,2011-07-20 22:23:24.616752087,60,0,res_6eb362cd-539f-43c2-ae38-4fd25867d8e9,2011-07-20 15:20:20.116313087,0.0
Case64,Create Purchase Order,res_a1aadd50-44bc-4984-92b3-7fa6a35b08ce,Role 4,2011-07-20 23:03:25.619863929,62,0,res_a1aadd50-44bc-4984-92b3-7fa6a35b08ce,2011-07-20 22:41:07.448637929,0.0
Case81,Create Purchase Requisition,res_f089c795-448e-465e-b5f3-2b8cd9cd75ad,Role 1,2011-07-21 00:00:43.735049308,63,0,res_f089c795-448e-465e-b5f3-2b8cd9cd75ad,2011-07-20 23:53:45.250882308,0.07142857142857142
Case51,Approve Purchase Order for payment,res_e3e0c0a9-4ed9-4f0d-b292-61196d595b55,Role 4,2011-07-21 01:08:08.453596911,63,0,res_e3e0c0a9-4ed9-4f0d-b292-61196d595b55,2011-07-21 01:08:08.453596911,0.0
Case79,Create Request for Quotation,res_eaebaff1-ec80-4367-9148-32e2ed6d8c24,Role 3,2011-07-21 01:25:12.259781437,63,0,res_eaebaff1-ec80-4367-9148-32e2ed6d8c24,2011-07-21 01:06:35.756532437,0.0
Case40,Send Invoice,res_4e8df78d-479a-4a6b-b0fc-4ec41ae30090,Role 2,2011-07-21 01:38:08.962857582,63,0,res_4e8df78d-479a-4a6b-b0fc-4ec41ae30090,2011-07-21 01:33:46.659316582,0.4
Case71,Create Purchase Order,res_a1aadd50-44bc-4984-92b3-7fa6a35b08ce,Role 4,2011-07-21 02:21:12.546809126,63,0,res_a1aadd50-44bc-4984-92b3-7fa6a35b08ce,2011-07-21 01:57:27.259898126,0.0
Case56,Deliver Goods Services,res_d588e6af-9958-489f-9fc3-a59e218b25b9,Role 2,2011-07-21 02:24:28.196046155,63,2,res_d588e6af-9958-489f-9fc3-a59e218b25b9,2011-07-21 02:23:27.901597155,0.4
Case70,Choose best option,res_2693c211-be99-4d88-aa0e-ad93f9242ac0,Role 1,2011-07-21 03:12:49.871525112,61,1,res_2693c211-be99-4d88-aa0e-ad93f9242ac0,2011-07-20 19:46:46.647300112,0.07142857142857142
Case80,Create Request for Quotation,res_eaebaff1-ec80-4367-9148-32e2ed6d8c24,Role 3,2011-07-21 03:15:02.409524498,63,0,res_eaebaff1-ec80-4367-9148-32e2ed6d8c24,2011-07-21 02:55:58.494641498,0.0
Case55,Create Quotation comparison Map,res_e3e0c0a9-4ed9-4f0d-b292-61196d595b55,Role 4,2011-07-21 03:19:50.945660346,63,0,res_e3e0c0a9-4ed9-4f0d-b292-61196d595b55,2011-07-21 02:55:59.600451346,0.0
Case72,Analyze Quotation Comparison Map,res_cb7687c3-c5a0-4751-970a-e66addb342e6,Role 1,2011-07-21 03:55:52.634905386,63,0,res_cb7687c3-c5a0-4751-970a-e66addb342e6,2011-07-21 03:55:52.634905386,0.0
Case49,Send Invoice,res_d588e6af-9958-489f-9fc3-a59e218b25b9,Role 2,2011-07-21 07:45:03.066743418,63,0,res_d588e6af-9958-489f-9fc3-a59e218b25b9,2011-07-21 07:41:06.019572418,0.4
Case67,Settle Conditions With Supplier,res_e3e0c0a9-4ed9-4f0d-b292-61196d595b55,Role 4,2011-07-21 08:17:04.456351087,63,1,res_e3e0c0a9-4ed9-4f0d-b292-61196d595b55,2011-07-21 08:06:46.485816087,0.3333333333333333
Case50,Release Supplier's Invoice,res_3abcc329-15ac-4669-90d7-4c4850600768,Role 5,2011-07-21 08:19:29.908944956,63,0,res_3abcc329-15ac-4669-90d7-4c4850600768,2011-07-21 08:19:29.908944956,0.0
Case50,Authorize Supplier's Invoice payment,res_9c70c672-679c-4869-ad08-c8902d2b8a6b,Role 5,2011-07-21 08:27:57.608898956,63,0,res_9c70c672-679c-4869-ad08-c8902d2b8a6b,2011-07-21 08:19:29.988797956,0.0
Case61,Confirm Purchase Order,res_e429f72d-965e-4e84-a3e5-a38e218f80b1,Role 2,2011-07-21 08:39:26.418928710,60,2,res_e429f72d-965e-4e84-a3e5-a38e218f80b1,2011-07-20 07:44:19.012286710,0.4
Case50,Pay Invoice,res_3abcc329-15ac-4669-90d7-4c4850600768,Role 5,2011-07-21 08:58:32.735935956,63,0,res_3abcc329-15ac-4669-90d7-4c4850600768,2011-07-21 08:58:32.735935956,0.0
Case56,Release Purchase Order,res_f48df228-eef4-4e77-92e3-78f54f949771,Role 1,2011-07-21 09:16:26.895911155,62,0,res_f48df228-eef4-4e77-92e3-78f54f949771,2011-07-21 09:15:28.022888155,0.07142857142857142
Case55,Analyze Quotation Comparison Map,res_8ff9896e-89e7-4706-8bbb-7b5d6b91cbb2,Role 1,2011-07-21 09:48:42.298414346,62,0,res_8ff9896e-89e7-4706-8bbb-7b5d6b91cbb2,2011-07-21 09:48:42.298414346,0.07142857142857142
Case65,Send Request for Quotation to Supplier,res_e3e0c0a9-4ed9-4f0d-b292-61196d595b55,Role 4,2011-07-21 10:59:30.585115856,63,0,res_e3e0c0a9-4ed9-4f0d-b292-61196d595b55,2011-07-21 07:23:08.270926856,0.0
Case53,Release Supplier's Invoice,res_9c70c672-679c-4869-ad08-c8902d2b8a6b,Role 5,2011-07-21 11:47:51.074196327,62,0,res_9c70c672-679c-4869-ad08-c8902d2b8a6b,2011-07-21 11:47:51.074196327,0.0
Case72,Choose best option,res_405a9dbf-a6c4-4516-8b62-63a28dc495f2,Role 1,2011-07-21 11:54:56.144526386,63,0,res_405a9dbf-a6c4-4516-8b62-63a28dc495f2,2011-07-21 03:55:52.664770386,0.0
Case53,Authorize Supplier's Invoice payment,res_3abcc329-15ac-4669-90d7-4c4850600768,Role 5,2011-07-21 11:55:45.811785327,62,0,res_3abcc329-15ac-4669-90d7-4c4850600768,2011-07-21 11:47:51.161738327,0.0
Case53,Pay Invoice,res_3abcc329-15ac-4669-90d7-4c4850600768,Role 5,2011-07-21 12:25:05.187983327,62,0,res_3abcc329-15ac-4669-90d7-4c4850600768,2011-07-21 12:25:05.187983327,0.0
Case70,Settle Conditions With Supplier,res_57232bd2-8367-472b-bb4e-a410540bb1ce,Role 4,2011-07-21 12:30:29.820544112,62,1,res_57232bd2-8367-472b-bb4e-a410540bb1ce,2011-07-21 12:20:33.373658112,0.0
Case48,Send Invoice,res_400ece15-d344-40db-973d-6a305e0b654c,Role 2,2011-07-21 12:53:53.529680607,61,0,res_400ece15-d344-40db-973d-6a305e0b654c,2011-07-21 12:49:57.358663607,0.2
Case58,Confirm Purchase Order,res_d588e6af-9958-489f-9fc3-a59e218b25b9,Role 2,2011-07-21 13:05:06.010684625,60,2,res_d588e6af-9958-489f-9fc3-a59e218b25b9,2011-07-20 13:19:14.475739625,0.4
Case40,Release Supplier's Invoice,res_3abcc329-15ac-4669-90d7-4c4850600768,Role 5,2011-07-21 15:07:16.690074582,61,0,res_3abcc329-15ac-4669-90d7-4c4850600768,2011-07-21 15:07:16.690074582,0.0
Case40,Authorize Supplier's Invoice payment,res_3abcc329-15ac-4669-90d7-4c4850600768,Role 5,2011-07-21 15:15:45.814086582,61,0,res_3abcc329-15ac-4669-90d7-4c4850600768,2011-07-21 15:07:16.785127582,0.0
Case40,Pay Invoice,res_3abcc329-15ac-4669-90d7-4c4850600768,Role 5,2011-07-21 15:43:18.137098582,61,0,res_3abcc329-15ac-4669-90d7-4c4850600768,2011-07-21 15:43:18.137098582,0.0
Case55,Choose best option,res_f089c795-448e-465e-b5f3-2b8cd9cd75ad,Role 1,2011-07-21 16:11:21.461014346,62,1,res_f089c795-448e-465e-b5f3-2b8cd9cd75ad,2011-07-21 09:48:42.311776346,0.07142857142857142
Case39,Deliver Goods Services,res_71ac497f-e0b6-48ec-83f7-073b78d5b74a,Role 2,2011-07-21 17:41:32.594761715,60,2,res_71ac497f-e0b6-48ec-83f7-073b78d5b74a,2011-07-21 17:40:32.492299715,0.0
Case81,Analyze Purchase Requisition,res_2379693c-02d2-4c16-b018-154dff50870c,Role 3,2011-07-21 17:41:52.366691308,60,0,res_2379693c-02d2-4c16-b018-154dff50870c,2011-07-21 17:39:34.643988308,0.0
Case75,Analyze Request for Quotation,res_a1aadd50-44bc-4984-92b3-7fa6a35b08ce,Role 4,2011-07-21 18:02:11.173673679,60,0,res_a1aadd50-44bc-4984-92b3-7fa6a35b08ce,2011-07-21 17:46:54.803754679,0.0
Case81,Create Request for Quotation,res_2379693c-02d2-4c16-b018-154dff50870c,Role 3,2011-07-21 18:11:53.041860308,60,0,res_2379693c-02d2-4c16-b018-154dff50870c,2011-07-21 17:47:30.157942308,0.0
Case73,Analyze Request for Quotation,res_e3e0c0a9-4ed9-4f0d-b292-61196d595b55,Role 4,2011-07-21 19:15:30.117386500,60,0,res_e3e0c0a9-4ed9-4f0d-b292-61196d595b55,2011-07-21 18:58:37.846891500,0.0
Case67,Create Purchase Order,res_57232bd2-8367-472b-bb4e-a410540bb1ce,Role 4,2011-07-21 19:36:45.847071087,59,0,res_57232bd2-8367-472b-bb4e-a410540bb1ce,2011-07-21 19:15:58.880166087,0.0
Case72,Settle Conditions With Supplier,res_a1aadd50-44bc-4984-92b3-7fa6a35b08ce,Role 4,2011-07-21 19:44:21.800737386,59,1,res_a1aadd50-44bc-4984-92b3-7fa6a35b08ce,2011-07-21 19:34:25.144139386,0.3333333333333333
Case49,Release Supplier's Invoice,res_3abcc329-15ac-4669-90d7-4c4850600768,Role 5,2011-07-21 20:46:58.646449418,59,0,res_3abcc329-15ac-4669-90d7-4c4850600768,2011-07-21 20:46:58.646449418,0.0
Case65,Create Quotation comparison Map,res_57232bd2-8367-472b-bb4e-a410540bb1ce,Role 4,2011-07-21 20:48:33.892024856,59,0,res_57232bd2-8367-472b-bb4e-a410540bb1ce,2011-07-21 20:30:45.486397856,0.0
Case49,Authorize Supplier's Invoice payment,res_9c70c672-679c-4869-ad08-c8902d2b8a6b,Role 5,2011-07-21 20:56:31.525505418,59,0,res_9c70c672-679c-4869-ad08-c8902d2b8a6b,2011-07-21 20:46:58.742907418,0.0
Case49,Pay Invoice,res_9c70c672-679c-4869-ad08-c8902d2b8a6b,Role 5,2011-07-21 21:24:26.268934418,59,0,res_9c70c672-679c-4869-ad08-c8902d2b8a6b,2011-07-21 21:24:26.268934418,0.0
Case56,Approve Purchase Order for payment,res_e3e0c0a9-4ed9-4f0d-b292-61196d595b55,Role 4,2011-07-21 21:29:27.821321155,58,0,res_e3e0c0a9-4ed9-4f0d-b292-61196d595b55,2011-07-21 21:29:27.821321155,0.0
Case39,Release Purchase Order,res_6eb362cd-539f-43c2-ae38-4fd25867d8e9,Role 1,2011-07-22 00:28:32.005840715,58,0,res_6eb362cd-539f-43c2-ae38-4fd25867d8e9,2011-07-22 00:27:33.936276715,0.0
Case48,Release Supplier's Invoice,res_3abcc329-15ac-4669-90d7-4c4850600768,Role 5,2011-07-22 01:45:22.851165607,58,0,res_3abcc329-15ac-4669-90d7-4c4850600768,2011-07-22 01:45:22.851165607,0.0
Case51,Send Invoice,res_4e8df78d-479a-4a6b-b0fc-4ec41ae30090,Role 2,2011-07-22 01:51:41.684949911,58,0,res_4e8df78d-479a-4a6b-b0fc-4ec41ae30090,2011-07-22 01:47:10.074549911,0.2
Case48,Authorize Supplier's Invoice payment,res_3abcc329-15ac-4669-90d7-4c4850600768,Role 5,2011-07-22 01:54:04.973580607,58,0,res_3abcc329-15ac-4669-90d7-4c4850600768,2011-07-22 01:45:22.927139607,0.0
Case70,Create Purchase Order,res_a1aadd50-44bc-4984-92b3-7fa6a35b08ce,Role 4,2011-07-22 02:21:03.444594112,58,0,res_a1aadd50-44bc-4984-92b3-7fa6a35b08ce,2011-07-22 01:59:19.401680112,0.0
Case48,Pay Invoice,res_9c70c672-679c-4869-ad08-c8902d2b8a6b,Role 5,2011-07-22 02:25:03.054942607,58,0,res_9c70c672-679c-4869-ad08-c8902d2b8a6b,2011-07-22 02:25:03.054942607,0.0
Case77,Analyze Request for Quotation,res_57232bd2-8367-472b-bb4e-a410540bb1ce,Role 4,2011-07-22 02:37:51.877894399,58,0,res_57232bd2-8367-472b-bb4e-a410540bb1ce,2011-07-22 02:17:06.514285399,0.3333333333333333
Case62,Deliver Goods Services,res_71ac497f-e0b6-48ec-83f7-073b78d5b74a,Role 2,2011-07-22 02:56:31.546839344,57,2,res_71ac497f-e0b6-48ec-83f7-073b78d5b74a,2011-07-22 02:55:31.530616344,0.4
Case65,Analyze Quotation Comparison Map,res_2693c211-be99-4d88-aa0e-ad93f9242ac0,Role 1,2011-07-22 03:27:15.646014856,57,0,res_2693c211-be99-4d88-aa0e-ad93f9242ac0,2011-07-22 03:27:15.646014856,0.0
Case82,Create Purchase Requisition,res_f48df228-eef4-4e77-92e3-78f54f949771,Role 1,2011-07-22 03:44:49.056743093,58,0,res_f48df228-eef4-4e77-92e3-78f54f949771,2011-07-22 03:37:23.071229093,0.14285714285714285
Case77,Amend Request for Quotation,res_405a9dbf-a6c4-4516-8b62-63a28dc495f2,Role 1,2011-07-22 03:57:01.224380399,57,0,res_405a9dbf-a6c4-4516-8b62-63a28dc495f2,2011-07-22 03:32:44.919962399,0.07142857142857142
Case55,Settle Conditions With Supplier,res_a1aadd50-44bc-4984-92b3-7fa6a35b08ce,Role 4,2011-07-22 04:02:13.982662346,58,1,res_a1aadd50-44bc-4984-92b3-7fa6a35b08ce,2011-07-22 03:52:13.403827346,0.0
Case83,Create Purchase Requisition,res_9167b706-00d1-41f1-9a32-2e270dd54cc0,Role 1,2011-07-22 07:00:21.655909447,59,0,res_9167b706-00d1-41f1-9a32-2e270dd54cc0,2011-07-22 06:52:40.113917447,0.07142857142857142
Case72,Create Purchase Order,res_57232bd2-8367-472b-bb4e-a410540bb1ce,Role 4,2011-07-22 07:50:40.553808386,59,0,res_57232bd2-8367-472b-bb4e-a410540bb1ce,2011-07-22 07:29:27.688902386,0.0
Case82,Create Request for Quotation,res_ef511a60-0fbe-4c1b-be0b-d96a349ffb61,Role 3,2011-07-22 08:26:18.018723093,59,0,res_ef511a60-0fbe-4c1b-be0b-d96a349ffb61,2011-07-22 08:05:59.994073093,0.0
Case62,Release Purchase Order,res_8f8f0a62-4c11-4e2d-806f-ac1cc2f4585c,Role 1,2011-07-22 09:45:01.686192344,59,0,res_8f8f0a62-4c11-4e2d-806f-ac1cc2f4585c,2011-07-22 09:44:03.482092344,0.07142857142857142
Case65,Choose best option,res_405a9dbf-a6c4-4516-8b62-63a28dc495f2,Role 1,2011-07-22 10:22:14.323850856,57,0,res_405a9dbf-a6c4-4516-8b62-63a28dc495f2,2011-07-22 03:27:15.671052856,0.0
Case83,Create Request for Quotation,res_ef511a60-0fbe-4c1b-be0b-d96a349ffb61,Role 3,2011-07-22 11:45:14.842797447,59,0,res_ef511a60-0fbe-4c1b-be0b-d96a349ffb61,2011-07-22 11:24:22.199076447,0.0
Case39,Approve Purchase Order for payment,res_a1aadd50-44bc-4984-92b3-7fa6a35b08ce,Role 4,2011-07-22 14:19:20.845236715,59,0,res_a1aadd50-44bc-4984-92b3-7fa6a35b08ce,2011-07-22 14:19:20.845233715,0.0
Case76,Analyze Request for Quotation,res_a1aadd50-44bc-4984-92b3-7fa6a35b08ce,Role 4,2011-07-22 16:22:35.910852811,59,0,res_a1aadd50-44bc-4984-92b3-7fa6a35b08ce,2011-07-22 16:05:57.091938811,0.0
Case55,Create Purchase Order,res_57232bd2-8367-472b-bb4e-a410540bb1ce,Role 4,2011-07-22 16:45:13.915638346,58,0,res_57232bd2-8367-472b-bb4e-a410540bb1ce,2011-07-22 16:30:42.679673346,0.0
Case51,Release Supplier's Invoice,res_9c70c672-679c-4869-ad08-c8902d2b8a6b,Role 5,2011-07-22 16:58:05.541326911,58,0,res_9c70c672-679c-4869-ad08-c8902d2b8a6b,2011-07-22 16:58:05.541326911,0.0
Case51,Authorize Supplier's Invoice payment,res_3abcc329-15ac-4669-90d7-4c4850600768,Role 5,2011-07-22 17:07:16.206041911,58,0,res_3abcc329-15ac-4669-90d7-4c4850600768,2011-07-22 16:58:05.647778911,0.0
Case64,Confirm Purchase Order,res_e429f72d-965e-4e84-a3e5-a38e218f80b1,Role 2,2011-07-22 17:12:17.003890929,60,0,res_e429f72d-965e-4e84-a3e5-a38e218f80b1,2011-07-21 18:28:35.519281929,0.0
Case51,Pay Invoice,res_3abcc329-15ac-4669-90d7-4c4850600768,Role 5,2011-07-22 17:35:13.890980911,58,0,res_3abcc329-15ac-4669-90d7-4c4850600768,2011-07-22 17:35:13.890980911,0.0
Case61,Deliver Goods Services,res_71ac497f-e0b6-48ec-83f7-073b78d5b74a,Role 2,2011-07-22 19:46:24.579230710,57,2,res_71ac497f-e0b6-48ec-83f7-073b78d5b74a,2011-07-22 19:45:24.431270710,0.4
Case74,Analyze Request for Quotation,res_e3e0c0a9-4ed9-4f0d-b292-61196d595b55,Role 4,2011-07-22 21:14:53.698252593,57,0,res_e3e0c0a9-4ed9-4f0d-b292-61196d595b55,2011-07-22 20:56:03.086419593,0.0
Case65,Settle Conditions With Supplier,res_57232bd2-8367-472b-bb4e-a410540bb1ce,Role 4,2011-07-22 21:47:59.241697856,56,1,res_57232bd2-8367-472b-bb4e-a410540bb1ce,2011-07-22 21:37:54.795438856,0.0
Case62,Approve Purchase Order for payment,res_e3e0c0a9-4ed9-4f0d-b292-61196d595b55,Role 4,2011-07-22 22:43:45.984806344,56,0,res_e3e0c0a9-4ed9-4f0d-b292-61196d595b55,2011-07-22 22:43:45.977323344,0.0
Case56,Send Invoice,res_400ece15-d344-40db-973d-6a305e0b654c,Role 2,2011-07-22 23:50:44.996268155,56,0,res_400ece15-d344-40db-973d-6a305e0b654c,2011-07-22 23:46:15.389039155,0.4
Case58,Deliver Goods Services,res_71ac497f-e0b6-48ec-83f7-073b78d5b74a,Role 2,2011-07-23 01:15:43.600748625,56,2,res_71ac497f-e0b6-48ec-83f7-073b78d5b74a,2011-07-23 01:14:43.635914625,0.4
Case71,Confirm Purchase Order,res_400ece15-d344-40db-973d-6a305e0b654c,Role 2,2011-07-23 01:31:46.886135126,58,1,res_400ece15-d344-40db-973d-6a305e0b654c,2011-07-22 02:25:00.844573126,0.2
Case61,Release Purchase Order,res_2693c211-be99-4d88-aa0e-ad93f9242ac0,Role 1,2011-07-23 02:43:01.367165710,56,0,res_2693c211-be99-4d88-aa0e-ad93f9242ac0,2011-07-23 02:42:03.276472710,0.0
Case78,Analyze Request for Quotation,res_e3e0c0a9-4ed9-4f0d-b292-61196d595b55,Role 4,2011-07-23 05:26:28.824400854,56,0,res_e3e0c0a9-4ed9-4f0d-b292-61196d595b55,2011-07-23 05:08:04.201762854,0.0
Case65,Create Purchase Order,res_e3e0c0a9-4ed9-4f0d-b292-61196d595b55,Role 4,2011-07-23 07:39:44.728924856,55,0,res_e3e0c0a9-4ed9-4f0d-b292-61196d595b55,2011-07-23 07:21:39.848229856,0.0
Case58,Release Purchase Order,res_8f8f0a62-4c11-4e2d-806f-ac1cc2f4585c,Role 1,2011-07-23 08:09:30.696725625,55,0,res_8f8f0a62-4c11-4e2d-806f-ac1cc2f4585c,2011-07-23 08:08:32.393170625,0.0
Case80,Analyze Request for Quotation,res_e3e0c0a9-4ed9-4f0d-b292-61196d595b55,Role 4,2011-07-23 11:51:51.440213498,55,0,res_e3e0c0a9-4ed9-4f0d-b292-61196d595b55,2011-07-23 11:35:41.238834498,0.0
Case56,Release Supplier's Invoice,res_3abcc329-15ac-4669-90d7-4c4850600768,Role 5,2011-07-23 12:54:14.182386155,55,0,res_3abcc329-15ac-4669-90d7-4c4850600768,2011-07-23 12:54:14.182386155,0.0
Case56,Authorize Supplier's Invoice payment,res_9c70c672-679c-4869-ad08-c8902d2b8a6b,Role 5,2011-07-23 13:02:52.609177155,55,0,res_9c70c672-679c-4869-ad08-c8902d2b8a6b,2011-07-23 12:54:14.255591155,0.0
Case56,Pay Invoice,res_9c70c672-679c-4869-ad08-c8902d2b8a6b,Role 5,2011-07-23 13:30:27.849348155,55,0,res_9c70c672-679c-4869-ad08-c8902d2b8a6b,2011-07-23 13:30:27.849348155,0.0
Case61,Approve Purchase Order for payment,res_57232bd2-8367-472b-bb4e-a410540bb1ce,Role 4,2011-07-23 14:17:22.954536710,54,0,res_57232bd2-8367-472b-bb4e-a410540bb1ce,2011-07-23 14:17:22.948109710,0.0
Case84,Create Purchase Requisition,res_6eb362cd-539f-43c2-ae38-4fd25867d8e9,Role 1,2011-07-23 16:49:19.542384528,55,0,res_6eb362cd-539f-43c2-ae38-4fd25867d8e9,2011-07-23 16:41:53.945680528,0.0
Case67,Confirm Purchase Order,res_4e8df78d-479a-4a6b-b0fc-4ec41ae30090,Role 2,2011-07-23 18:27:49.861116087,57,1,res_4e8df78d-479a-4a6b-b0fc-4ec41ae30090,2011-07-22 17:42:03.713049087,0.2
Case75,Send Request for Quotation to Supplier,res_57232bd2-8367-472b-bb4e-a410540bb1ce,Role 4,2011-07-23 19:09:47.950125679,54,0,res_57232bd2-8367-472b-bb4e-a410540bb1ce,2011-07-23 15:30:17.832275679,0.0
Case58,Approve Purchase Order for payment,res_a1aadd50-44bc-4984-92b3-7fa6a35b08ce,Role 4,2011-07-23 19:45:56.040004625,55,0,res_a1aadd50-44bc-4984-92b3-7fa6a35b08ce,2011-07-23 19:45:56.029276625,0.0
Case85,Create Purchase Requisition,res_f48df228-eef4-4e77-92e3-78f54f949771,Role 1,2011-07-23 20:23:50.712806547,56,0,res_f48df228-eef4-4e77-92e3-78f54f949771,2011-07-23 20:16:40.387908547,0.0
Case75,Create Quotation comparison Map,res_57232bd2-8367-472b-bb4e-a410540bb1ce,Role 4,2011-07-24 01:01:03.620160679,56,0,res_57232bd2-8367-472b-bb4e-a410540bb1ce,2011-07-24 00:42:10.299022679,0.0
Case85,Create Request for Quotation,res_ef511a60-0fbe-4c1b-be0b-d96a349ffb61,Role 3,2011-07-24 01:46:59.859722547,56,0,res_ef511a60-0fbe-4c1b-be0b-d96a349ffb61,2011-07-24 01:27:37.671032547,0.0
Case86,Create Purchase Requisition,res_8e16ec3e-8472-4b9c-89cb-509f068592b4,Role 1,2011-07-24 03:37:51.481744878,57,0,res_8e16ec3e-8472-4b9c-89cb-509f068592b4,2011-07-24 03:30:36.813134878,0.0
Case70,Confirm Purchase Order,res_400ece15-d344-40db-973d-6a305e0b654c,Role 2,2011-07-24 04:23:09.845743112,55,1,res_400ece15-d344-40db-973d-6a305e0b654c,2011-07-23 07:17:39.484644112,0.2
Case79,Analyze Request for Quotation,res_57232bd2-8367-472b-bb4e-a410540bb1ce,Role 4,2011-07-24 06:00:06.687656437,57,0,res_57232bd2-8367-472b-bb4e-a410540bb1ce,2011-07-24 05:44:01.586443437,0.0
Case39,Send Invoice,res_d588e6af-9958-489f-9fc3-a59e218b25b9,Role 2,2011-07-24 06:16:24.447949715,57,0,res_d588e6af-9958-489f-9fc3-a59e218b25b9,2011-07-24 06:12:31.685336715,0.6
Case87,Create Purchase Requisition,res_aa0ec4c3-67b5-4cb5-b721-3851249d52a1,Role 1,2011-07-24 06:33:47.256062601,58,0,res_aa0ec4c3-67b5-4cb5-b721-3851249d52a1,2011-07-24 06:26:18.443946601,0.0
Case75,Analyze Quotation Comparison Map,res_405a9dbf-a6c4-4516-8b62-63a28dc495f2,Role 1,2011-07-24 07:24:51.715578679,58,0,res_405a9dbf-a6c4-4516-8b62-63a28dc495f2,2011-07-24 07:24:51.715319679,0.0
Case86,Create Request for Quotation,res_ef511a60-0fbe-4c1b-be0b-d96a349ffb61,Role 3,2011-07-24 08:15:24.853888878,58,0,res_ef511a60-0fbe-4c1b-be0b-d96a349ffb61,2011-07-24 07:53:38.190360878,0.0
Case62,Send Invoice,res_71ac497f-e0b6-48ec-83f7-073b78d5b74a,Role 2,2011-07-24 08:34:49.222139344,58,0,res_71ac497f-e0b6-48ec-83f7-073b78d5b74a,2011-07-24 08:30:43.196670344,0.6
Case84,Analyze Purchase Requisition,res_eaebaff1-ec80-4367-9148-32e2ed6d8c24,Role 3,2011-07-24 09:22:14.699903528,58,0,res_eaebaff1-ec80-4367-9148-32e2ed6d8c24,2011-07-24 09:19:49.746651528,0.0
Case64,Deliver Goods Services,res_e429f72d-965e-4e84-a3e5-a38e218f80b1,Role 2,2011-07-24 09:45:51.163465929,58,2,res_e429f72d-965e-4e84-a3e5-a38e218f80b1,2011-07-24 09:44:51.079705929,0.6
Case84,Create Request for Quotation,res_eaebaff1-ec80-4367-9148-32e2ed6d8c24,Role 3,2011-07-24 09:51:39.338397528,58,0,res_eaebaff1-ec80-4367-9148-32e2ed6d8c24,2011-07-24 09:27:01.536679528,0.0
Case88,Create Purchase Requisition,res_8f8f0a62-4c11-4e2d-806f-ac1cc2f4585c,Role 1,2011-07-24 13:32:39.002634721,59,0,res_8f8f0a62-4c11-4e2d-806f-ac1cc2f4585c,2011-07-24 13:25:10.012459721,0.07142857142857142
Case77,Analyze Request for Quotation,res_a1aadd50-44bc-4984-92b3-7fa6a35b08ce,Role 4,2011-07-24 14:29:00.769675399,59,0,res_a1aadd50-44bc-4984-92b3-7fa6a35b08ce,2011-07-24 14:11:30.030976399,0.0
Case89,Create Purchase Requisition,res_8e16ec3e-8472-4b9c-89cb-509f068592b4,Role 1,2011-07-24 14:49:56.081169915,59,0,res_8e16ec3e-8472-4b9c-89cb-509f068592b4,2011-07-24 14:42:33.540708915,0.07142857142857142
Case72,Confirm Purchase Order,res_d588e6af-9958-489f-9fc3-a59e218b25b9,Role 2,2011-07-24 15:08:41.831610386,54,2,res_d588e6af-9958-489f-9fc3-a59e218b25b9,2011-07-23 15:12:36.841026386,0.4
Case75,Choose best option,res_8f8f0a62-4c11-4e2d-806f-ac1cc2f4585c,Role 1,2011-07-24 16:33:49.929016679,58,0,res_8f8f0a62-4c11-4e2d-806f-ac1cc2f4585c,2011-07-24 07:24:51.748129679,0.0
Case64,Release Purchase Order,res_aa0ec4c3-67b5-4cb5-b721-3851249d52a1,Role 1,2011-07-24 16:49:34.881442929,59,0,res_aa0ec4c3-67b5-4cb5-b721-3851249d52a1,2011-07-24 16:48:36.835899929,0.0
Case90,Create Purchase Requisition,res_919b75ba-5ea6-4e46-9898-5ba05832888a,Role 1,2011-07-24 17:57:44.551007799,60,0,res_919b75ba-5ea6-4e46-9898-5ba05832888a,2011-07-24 17:50:37.695135799,0.0
Case55,Confirm Purchase Order,res_d588e6af-9958-489f-9fc3-a59e218b25b9,Role 2,2011-07-24 18:03:14.542385346,55,3,res_d588e6af-9958-489f-9fc3-a59e218b25b9,2011-07-23 16:44:17.573765346,0.6
Case81,Analyze Request for Quotation,res_e3e0c0a9-4ed9-4f0d-b292-61196d595b55,Role 4,2011-07-24 19:05:26.993278308,60,0,res_e3e0c0a9-4ed9-4f0d-b292-61196d595b55,2011-07-24 18:49:26.958116308,0.0
Case39,Release Supplier's Invoice,res_9c70c672-679c-4869-ad08-c8902d2b8a6b,Role 5,2011-07-24 19:09:31.921369715,60,0,res_9c70c672-679c-4869-ad08-c8902d2b8a6b,2011-07-24 19:09:31.921369715,0.0
Case39,Authorize Supplier's Invoice payment,res_9c70c672-679c-4869-ad08-c8902d2b8a6b,Role 5,2011-07-24 19:18:07.955427715,60,0,res_9c70c672-679c-4869-ad08-c8902d2b8a6b,2011-07-24 19:09:31.981708715,0.0
Case71,Deliver Goods Services,res_400ece15-d344-40db-973d-6a305e0b654c,Role 2,2011-07-24 19:25:27.999522126,60,2,res_400ece15-d344-40db-973d-6a305e0b654c,2011-07-24 19:24:27.800544126,0.2
Case39,Pay Invoice,res_9c70c672-679c-4869-ad08-c8902d2b8a6b,Role 5,2011-07-24 19:45:30.368541715,60,0,res_9c70c672-679c-4869-ad08-c8902d2b8a6b,2011-07-24 19:45:30.368541715,0.0
Case91,Create Purchase Requisition,res_3867963f-e14b-4734-bd50-0510dee85c51,Role 1,2011-07-24 20:21:08.789877123,60,0,res_3867963f-e14b-4734-bd50-0510dee85c51,2011-07-24 20:14:11.369894123,0.07142857142857142
Case81,Amend Request for Quotation,res_8f8f0a62-4c11-4e2d-806f-ac1cc2f4585c,Role 1,2011-07-24 20:22:19.936901308,59,0,res_8f8f0a62-4c11-4e2d-806f-ac1cc2f4585c,2011-07-24 19:57:51.481168308,0.0
Case89,Create Request for Quotation,res_2379693c-02d2-4c16-b018-154dff50870c,Role 3,2011-07-24 20:39:51.067946915,60,0,res_2379693c-02d2-4c16-b018-154dff50870c,2011-07-24 20:19:35.776875915,0.0
Case62,Release Supplier's Invoice,res_9c70c672-679c-4869-ad08-c8902d2b8a6b,Role 5,2011-07-24 21:06:43.583453344,60,0,res_9c70c672-679c-4869-ad08-c8902d2b8a6b,2011-07-24 21:06:43.583453344,0.0
Case62,Authorize Supplier's Invoice payment,res_3abcc329-15ac-4669-90d7-4c4850600768,Role 5,2011-07-24 21:15:47.355731344,60,0,res_3abcc329-15ac-4669-90d7-4c4850600768,2011-07-24 21:06:43.643995344,0.0
Case62,Pay Invoice,res_9c70c672-679c-4869-ad08-c8902d2b8a6b,Role 5,2011-07-24 21:44:43.472378344,60,0,res_9c70c672-679c-4869-ad08-c8902d2b8a6b,2011-07-24 21:44:43.472378344,0.0
Case87,Analyze Purchase Requisition,res_eaebaff1-ec80-4367-9148-32e2ed6d8c24,Role 3,2011-07-24 22:06:54.820919601,59,0,res_eaebaff1-ec80-4367-9148-32e2ed6d8c24,2011-07-24 22:04:24.746122601,0.0
Case87,Create Request for Quotation,res_eaebaff1-ec80-4367-9148-32e2ed6d8c24,Role 3,2011-07-24 22:34:53.549396601,59,0,res_eaebaff1-ec80-4367-9148-32e2ed6d8c24,2011-07-24 22:11:55.664219601,0.0
Case58,Send Invoice,res_71ac497f-e0b6-48ec-83f7-073b78d5b74a,Role 2,2011-07-24 23:44:52.819014625,59,0,res_71ac497f-e0b6-48ec-83f7-073b78d5b74a,2011-07-24 23:40:41.320960625,0.2
Case75,Settle Conditions With Supplier,res_e3e0c0a9-4ed9-4f0d-b292-61196d595b55,Role 4,2011-07-24 23:45:25.059497679,59,1,res_e3e0c0a9-4ed9-4f0d-b292-61196d595b55,2011-07-24 23:35:21.152576679,0.0
Case61,Send Invoice,res_4e8df78d-479a-4a6b-b0fc-4ec41ae30090,Role 2,2011-07-25 00:48:11.651965710,59,0,res_4e8df78d-479a-4a6b-b0fc-4ec41ae30090,2011-07-25 00:44:09.527579710,0.2
Case71,Release Purchase Order,res_8ff9896e-89e7-4706-8bbb-7b5d6b91cbb2,Role 1,2011-07-25 02:25:31.921399126,59,0,res_8ff9896e-89e7-4706-8bbb-7b5d6b91cbb2,2011-07-25 02:24:33.618042126,0.0
Case65,Confirm Purchase Order,res_71ac497f-e0b6-48ec-83f7-073b78d5b74a,Role 2,2011-07-25 04:03:20.047684856,57,2,res_71ac497f-e0b6-48ec-83f7-073b78d5b74a,2011-07-24 05:15:03.742060856,0.4
Case88,Analyze Purchase Requisition,res_2379693c-02d2-4c16-b018-154dff50870c,Role 3,2011-07-25 04:31:35.262878721,59,0,res_2379693c-02d2-4c16-b018-154dff50870c,2011-07-25 04:29:09.870442721,0.0
Case64,Approve Purchase Order for payment,res_a1aadd50-44bc-4984-92b3-7fa6a35b08ce,Role 4,2011-07-25 04:47:34.187617929,59,0,res_a1aadd50-44bc-4984-92b3-7fa6a35b08ce,2011-07-25 04:47:34.185528929,0.0
Case91,Create Request for Quotation,res_2379693c-02d2-4c16-b018-154dff50870c,Role 3,2011-07-25 04:56:42.187265123,59,1,res_2379693c-02d2-4c16-b018-154dff50870c,2011-07-25 04:41:05.376842123,0.3333333333333333
Case88,Create Request for Quotation,res_ef511a60-0fbe-4c1b-be0b-d96a349ffb61,Role 3,2011-07-25 05:00:03.648639721,59,0,res_ef511a60-0fbe-4c1b-be0b-d96a349ffb61,2011-07-25 04:36:14.403466721,0.0
Case75,Create Purchase Order,res_a1aadd50-44bc-4984-92b3-7fa6a35b08ce,Role 4,2011-07-25 06:37:58.938753679,59,0,res_a1aadd50-44bc-4984-92b3-7fa6a35b08ce,2011-07-25 06:16:28.580614679,0.0
Case92,Create Purchase Requisition,res_405a9dbf-a6c4-4516-8b62-63a28dc495f2,Role 1,2011-07-25 08:58:23.900158433,60,0,res_405a9dbf-a6c4-4516-8b62-63a28dc495f2,2011-07-25 08:50:54.534540433,0.0
Case90,Analyze Purchase Requisition,res_eaebaff1-ec80-4367-9148-32e2ed6d8c24,Role 3,2011-07-25 09:48:26.100981799,60,0,res_eaebaff1-ec80-4367-9148-32e2ed6d8c24,2011-07-25 09:45:59.660242799,0.0
Case90,Create Request for Quotation,res_ef511a60-0fbe-4c1b-be0b-d96a349ffb61,Role 3,2011-07-25 10:16:26.441789799,60,0,res_ef511a60-0fbe-4c1b-be0b-d96a349ffb61,2011-07-25 09:53:07.043341799,0.0
Case80,Send Request for Quotation to Supplier,res_57232bd2-8367-472b-bb4e-a410540bb1ce,Role 4,2011-07-25 11:12:50.286839498,59,0,res_57232bd2-8367-472b-bb4e-a410540bb1ce,2011-07-25 08:37:15.154595498,0.0
Case67,Deliver Goods Services,res_e429f72d-965e-4e84-a3e5-a38e218f80b1,Role 2,2011-07-25 11:45:10.354421087,60,2,res_e429f72d-965e-4e84-a3e5-a38e218f80b1,2011-07-25 11:44:10.347537087,0.0
Case58,Release Supplier's Invoice,res_9c70c672-679c-4869-ad08-c8902d2b8a6b,Role 5,2011-07-25 12:20:53.482005625,60,0,res_9c70c672-679c-4869-ad08-c8902d2b8a6b,2011-07-25 12:20:53.482005625,0.0
Case58,Authorize Supplier's Invoice payment,res_9c70c672-679c-4869-ad08-c8902d2b8a6b,Role 5,2011-07-25 12:28:59.439563625,60,0,res_9c70c672-679c-4869-ad08-c8902d2b8a6b,2011-07-25 12:20:53.543466625,0.0
Case71,Approve Purchase Order for payment,res_e3e0c0a9-4ed9-4f0d-b292-61196d595b55,Role 4,2011-07-25 12:46:38.389091126,60,0,res_e3e0c0a9-4ed9-4f0d-b292-61196d595b55,2011-07-25 12:46:38.389091126,0.0
Case58,Pay Invoice,res_3abcc329-15ac-4669-90d7-4c4850600768,Role 5,2011-07-25 12:56:39.233402625,60,0,res_3abcc329-15ac-4669-90d7-4c4850600768,2011-07-25 12:56:39.233402625,0.0
Case61,Release Supplier's Invoice,res_3abcc329-15ac-4669-90d7-4c4850600768,Role 5,2011-07-25 13:54:15.944537710,59,0,res_3abcc329-15ac-4669-90d7-4c4850600768,2011-07-25 13:54:15.944537710,0.0
Case61,Authorize Supplier's Invoice payment,res_9c70c672-679c-4869-ad08-c8902d2b8a6b,Role 5,2011-07-25 14:01:44.207751710,59,0,res_9c70c672-679c-4869-ad08-c8902d2b8a6b,2011-07-25 13:54:16.005223710,0.0
Case61,Pay Invoice,res_3abcc329-15ac-4669-90d7-4c4850600768,Role 5,2011-07-25 14:29:20.132782710,59,0,res_3abcc329-15ac-4669-90d7-4c4850600768,2011-07-25 14:29:20.132782710,0.0
Case70,Deliver Goods Services,res_e429f72d-965e-4e84-a3e5-a38e218f80b1,Role 2,2011-07-25 16:26:34.167203112,58,2,res_e429f72d-965e-4e84-a3e5-a38e218f80b1,2011-07-25 16:25:34.048510112,0.0
Case80,Create Quotation comparison Map,res_57232bd2-8367-472b-bb4e-a410540bb1ce,Role 4,2011-07-25 16:31:10.479128498,58,0,res_57232bd2-8367-472b-bb4e-a410540bb1ce,2011-07-25 16:15:38.600639498,0.3333333333333333
Case79,Send Request for Quotation to Supplier,res_e3e0c0a9-4ed9-4f0d-b292-61196d595b55,Role 4,2011-07-25 18:26:32.287858437,58,0,res_e3e0c0a9-4ed9-4f0d-b292-61196d595b55,2011-07-25 15:41:43.972793437,0.0
Case67,Release Purchase Order,res_8e16ec3e-8472-4b9c-89cb-509f068592b4,Role 1,2011-07-25 18:55:26.150311087,58,0,res_8e16ec3e-8472-4b9c-89cb-509f068592b4,2011-07-25 18:54:28.442476087,0.0
Case79,Create Quotation comparison Map,res_57232bd2-8367-472b-bb4e-a410540bb1ce,Role 4,2011-07-25 22:37:56.882355437,58,0,res_57232bd2-8367-472b-bb4e-a410540bb1ce,2011-07-25 22:21:30.053713437,0.0
Case80,Analyze Quotation Comparison Map,res_1c8b5f31-9f1d-45fc-a907-e61844725cf1,Role 1,2011-07-25 22:56:08.484660498,58,0,res_1c8b5f31-9f1d-45fc-a907-e61844725cf1,2011-07-25 22:56:08.476214498,0.0
Case70,Release Purchase Order,res_aa0ec4c3-67b5-4cb5-b721-3851249d52a1,Role 1,2011-07-25 23:21:44.095414112,58,0,res_aa0ec4c3-67b5-4cb5-b721-3851249d52a1,2011-07-25 23:20:45.823267112,0.07142857142857142
Case92,Analyze Purchase Requisition,res_ef511a60-0fbe-4c1b-be0b-d96a349ffb61,Role 3,2011-07-25 23:28:40.520020433,58,0,res_ef511a60-0fbe-4c1b-be0b-d96a349ffb61,2011-07-25 23:26:08.017620433,0.0
Case92,Create Request for Quotation,res_ef511a60-0fbe-4c1b-be0b-d96a349ffb61,Role 3,2011-07-25 23:56:00.678647433,58,0,res_ef511a60-0fbe-4c1b-be0b-d96a349ffb61,2011-07-25 23:33:32.103922433,0.0
Case64,Send Invoice,res_d588e6af-9958-489f-9fc3-a59e218b25b9,Role 2,2011-07-26 02:15:40.542470929,58,0,res_d588e6af-9958-489f-9fc3-a59e218b25b9,2011-07-26 02:11:30.683263929,0.2
Case55,Deliver Goods Services,res_71ac497f-e0b6-48ec-83f7-073b78d5b74a,Role 2,2011-07-26 02:37:30.920005346,58,2,res_71ac497f-e0b6-48ec-83f7-073b78d5b74a,2011-07-26 02:36:30.904335346,0.2
Case93,Create Purchase Requisition,res_3867963f-e14b-4734-bd50-0510dee85c51,Role 1,2011-07-26 02:46:38.097245677,59,0,res_3867963f-e14b-4734-bd50-0510dee85c51,2011-07-26 02:39:36.108270677,0.07142857142857142
Case84,Analyze Request for Quotation,res_e3e0c0a9-4ed9-4f0d-b292-61196d595b55,Role 4,2011-07-26 03:22:51.869156528,59,0,res_e3e0c0a9-4ed9-4f0d-b292-61196d595b55,2011-07-26 03:04:13.704793528,0.0
Case84,Amend Request for Quotation,res_f48df228-eef4-4e77-92e3-78f54f949771,Role 1,2011-07-26 04:35:43.316801528,59,0,res_f48df228-eef4-4e77-92e3-78f54f949771,2011-07-26 04:11:43.099437528,0.07142857142857142
Case79,Analyze Quotation Comparison Map,res_aa0ec4c3-67b5-4cb5-b721-3851249d52a1,Role 1,2011-07-26 05:05:21.583114437,59,0,res_aa0ec4c3-67b5-4cb5-b721-3851249d52a1,2011-07-26 05:05:21.571239437,0.07142857142857142
Case72,Deliver Goods Services,res_4e8df78d-479a-4a6b-b0fc-4ec41ae30090,Role 2,2011-07-26 05:12:12.048180386,59,2,res_4e8df78d-479a-4a6b-b0fc-4ec41ae30090,2011-07-26 05:11:12.064942386,0.2
Case67,Approve Purchase Order for payment,res_e3e0c0a9-4ed9-4f0d-b292-61196d595b55,Role 4,2011-07-26 05:12:38.677950087,59,0,res_e3e0c0a9-4ed9-4f0d-b292-61196d595b55,2011-07-26 05:12:38.677950087,0.0
Case80,Choose best option,res_3867963f-e14b-4734-bd50-0510dee85c51,Role 1,2011-07-26 05:54:06.522972498,58,0,res_3867963f-e14b-4734-bd50-0510dee85c51,2011-07-25 22:56:08.513697498,0.0
Case71,Send Invoice,res_e429f72d-965e-4e84-a3e5-a38e218f80b1,Role 2,2011-07-26 06:11:30.411377126,59,0,res_e429f72d-965e-4e84-a3e5-a38e218f80b1,2011-07-26 06:07:39.384402126,0.2
Case94,Create Purchase Requisition,res_9167b706-00d1-41f1-9a32-2e270dd54cc0,Role 1,2011-07-26 07:06:30.752081667,60,0,res_9167b706-00d1-41f1-9a32-2e270dd54cc0,2011-07-26 06:59:08.061009667,0.07142857142857142
Case55,Release Purchase Order,res_f48df228-eef4-4e77-92e3-78f54f949771,Role 1,2011-07-26 09:44:03.441177346,60,0,res_f48df228-eef4-4e77-92e3-78f54f949771,2011-07-26 09:43:05.403855346,0.07142857142857142
Case65,Deliver Goods Services,res_e429f72d-965e-4e84-a3e5-a38e218f80b1,Role 2,2011-07-26 09:48:45.811943856,60,2,res_e429f72d-965e-4e84-a3e5-a38e218f80b1,2011-07-26 09:47:45.746792856,0.2
Case70,Approve Purchase Order for payment,res_e3e0c0a9-4ed9-4f0d-b292-61196d595b55,Role 4,2011-07-26 10:10:43.214991112,60,0,res_e3e0c0a9-4ed9-4f0d-b292-61196d595b55,2011-07-26 10:10:43.214991112,0.0
Case79,Choose best option,res_8e16ec3e-8472-4b9c-89cb-509f068592b4,Role 1,2011-07-26 12:10:13.751799437,59,1,res_8e16ec3e-8472-4b9c-89cb-509f068592b4,2011-07-26 05:05:21.606222437,0.07142857142857142
Case72,Release Purchase Order,res_9167b706-00d1-41f1-9a32-2e270dd54cc0,Role 1,2011-07-26 12:15:27.527710386,60,0,res_9167b706-00d1-41f1-9a32-2e270dd54cc0,2011-07-26 12:14:29.311470386,0.0
Case80,Settle Conditions With Supplier,res_57232bd2-8367-472b-bb4e-a410540bb1ce,Role 4,2011-07-26 13:26:50.001117498,60,1,res_57232bd2-8367-472b-bb4e-a410540bb1ce,2011-07-26 13:16:53.321435498,0.0
Case88,Analyze Request for Quotation,res_57232bd2-8367-472b-bb4e-a410540bb1ce,Role 4,2011-07-26 14:08:15.202844721,60,0,res_57232bd2-8367-472b-bb4e-a410540bb1ce,2011-07-26 13:53:19.003332721,0.0
Case64,Release Supplier's Invoice,res_3abcc329-15ac-4669-90d7-4c4850600768,Role 5,2011-07-26 14:36:46.992526929,59,0,res_3abcc329-15ac-4669-90d7-4c4850600768,2011-07-26 14:36:46.992526929,0.0
Case64,Authorize Supplier's Invoice payment,res_3abcc329-15ac-4669-90d7-4c4850600768,Role 5,2011-07-26 14:44:54.157532929,59,0,res_3abcc329-15ac-4669-90d7-4c4850600768,2011-07-26 14:36:47.059402929,0.0
Case64,Pay Invoice,res_3abcc329-15ac-4669-90d7-4c4850600768,Role 5,2011-07-26 15:12:48.410412929,59,0,res_3abcc329-15ac-4669-90d7-4c4850600768,2011-07-26 15:12:48.410412929,0.0
Case65,Release Purchase Order,res_f48df228-eef4-4e77-92e3-78f54f949771,Role 1,2011-07-26 16:48:13.524892856,58,0,res_f48df228-eef4-4e77-92e3-78f54f949771,2011-07-26 16:47:15.172339856,0.0
Case85,Analyze Request for Quotation,res_e3e0c0a9-4ed9-4f0d-b292-61196d595b55,Role 4,2011-07-26 17:18:01.776553547,58,0,res_e3e0c0a9-4ed9-4f0d-b292-61196d595b55,2011-07-26 17:02:31.585115547,0.0
Case93,Analyze Purchase Requisition,res_eaebaff1-ec80-4367-9148-32e2ed6d8c24,Role 3,2011-07-26 17:57:16.352209677,57,0,res_eaebaff1-ec80-4367-9148-32e2ed6d8c24,2011-07-26 17:54:57.424775677,0.0
Case93,Create Request for Quotation,res_ef511a60-0fbe-4c1b-be0b-d96a349ffb61,Role 3,2011-07-26 18:24:59.914814677,57,0,res_ef511a60-0fbe-4c1b-be0b-d96a349ffb61,2011-07-26 18:02:25.267658677,0.0
Case71,Release Supplier's Invoice,res_9c70c672-679c-4869-ad08-c8902d2b8a6b,Role 5,2011-07-26 18:41:15.838173126,57,0,res_9c70c672-679c-4869-ad08-c8902d2b8a6b,2011-07-26 18:41:15.838173126,0.0
Case71,Authorize Supplier's Invoice payment,res_3abcc329-15ac-4669-90d7-4c4850600768,Role 5,2011-07-26 18:50:04.620029126,57,0,res_3abcc329-15ac-4669-90d7-4c4850600768,2011-07-26 18:41:15.909208126,0.0
Case71,Pay Invoice,res_3abcc329-15ac-4669-90d7-4c4850600768,Role 5,2011-07-26 19:18:47.242984126,57,0,res_3abcc329-15ac-4669-90d7-4c4850600768,2011-07-26 19:18:47.242984126,0.0
Case79,Settle Conditions With Supplier,res_e3e0c0a9-4ed9-4f0d-b292-61196d595b55,Role 4,2011-07-26 19:25:48.612913437,57,1,res_e3e0c0a9-4ed9-4f0d-b292-61196d595b55,2011-07-26 19:16:01.121390437,0.3333333333333333
Case87,Analyze Request for Quotation,res_a1aadd50-44bc-4984-92b3-7fa6a35b08ce,Role 4,2011-07-26 19:26:01.420820601,57,0,res_a1aadd50-44bc-4984-92b3-7fa6a35b08ce,2011-07-26 19:10:18.794713601,0.0
Case90,Analyze Request for Quotation,res_e3e0c0a9-4ed9-4f0d-b292-61196d595b55,Role 4,2011-07-26 19:50:52.984236799,56,0,res_e3e0c0a9-4ed9-4f0d-b292-61196d595b55,2011-07-26 19:34:55.371571799,0.0
Case55,Approve Purchase Order for payment,res_a1aadd50-44bc-4984-92b3-7fa6a35b08ce,Role 4,2011-07-26 20:01:11.307143346,56,0,res_a1aadd50-44bc-4984-92b3-7fa6a35b08ce,2011-07-26 20:01:11.307143346,0.0
Case82,Analyze Request for Quotation,res_e3e0c0a9-4ed9-4f0d-b292-61196d595b55,Role 4,2011-07-26 20:50:57.938194093,56,0,res_e3e0c0a9-4ed9-4f0d-b292-61196d595b55,2011-07-26 20:35:49.447462093,0.0
Case90,Amend Request for Quotation,res_f089c795-448e-465e-b5f3-2b8cd9cd75ad,Role 1,2011-07-26 21:04:47.309406799,56,0,res_f089c795-448e-465e-b5f3-2b8cd9cd75ad,2011-07-26 20:40:44.794878799,0.0
Case94,Analyze Purchase Requisition,res_ef511a60-0fbe-4c1b-be0b-d96a349ffb61,Role 3,2011-07-26 21:45:23.467216667,55,0,res_ef511a60-0fbe-4c1b-be0b-d96a349ffb61,2011-07-26 21:42:59.799758667,0.0
Case80,Create Purchase Order,res_57232bd2-8367-472b-bb4e-a410540bb1ce,Role 4,2011-07-26 21:54:07.767336498,55,0,res_57232bd2-8367-472b-bb4e-a410540bb1ce,2011-07-26 21:31:59.672268498,0.0
Case94,Create Request for Quotation,res_2379693c-02d2-4c16-b018-154dff50870c,Role 3,2011-07-26 22:13:15.049205667,55,0,res_2379693c-02d2-4c16-b018-154dff50870c,2011-07-26 21:50:28.484880667,0.0
Case75,Confirm Purchase Order,res_4e8df78d-479a-4a6b-b0fc-4ec41ae30090,Role 2,2011-07-26 22:13:25.351101679,58,0,res_4e8df78d-479a-4a6b-b0fc-4ec41ae30090,2011-07-26 00:54:15.509885679,0.0
Case72,Approve Purchase Order for payment,res_e3e0c0a9-4ed9-4f0d-b292-61196d595b55,Role 4,2011-07-26 22:33:07.650610386,55,0,res_e3e0c0a9-4ed9-4f0d-b292-61196d595b55,2011-07-26 22:33:07.648922386,0.0
Case67,Send Invoice,res_400ece15-d344-40db-973d-6a305e0b654c,Role 2,2011-07-27 00:07:00.433836087,55,0,res_400ece15-d344-40db-973d-6a305e0b654c,2011-07-27 00:02:40.890321087,0.0
Case89,Analyze Request for Quotation,res_a1aadd50-44bc-4984-92b3-7fa6a35b08ce,Role 4,2011-07-27 02:43:00.801334915,55,0,res_a1aadd50-44bc-4984-92b3-7fa6a35b08ce,2011-07-27 02:24:21.645527915,0.0
Case79,Create Purchase Order,res_57232bd2-8367-472b-bb4e-a410540bb1ce,Role 4,2011-07-27 03:20:41.565788437,55,0,res_57232bd2-8367-472b-bb4e-a410540bb1ce,2011-07-27 02:57:01.102180437,0.0
Case83,Analyze Request for Quotation,res_e3e0c0a9-4ed9-4f0d-b292-61196d595b55,Role 4,2011-07-27 03:42:10.839436447,55,0,res_e3e0c0a9-4ed9-4f0d-b292-61196d595b55,2011-07-27 03:24:30.468057447,0.0
Case65,Approve Purchase Order for payment,res_a1aadd50-44bc-4984-92b3-7fa6a35b08ce,Role 4,2011-07-27 03:56:49.506918856,54,0,res_a1aadd50-44bc-4984-92b3-7fa6a35b08ce,2011-07-27 03:56:49.506918856,0.0
Case89,Amend Request for Quotation,res_f48df228-eef4-4e77-92e3-78f54f949771,Role 1,2011-07-27 03:59:59.995762915,55,0,res_f48df228-eef4-4e77-92e3-78f54f949771,2011-07-27 03:35:36.438086915,0.0
Case95,Create Purchase Requisition,res_2693c211-be99-4d88-aa0e-ad93f9242ac0,Role 1,2011-07-27 04:38:19.076314335,55,0,res_2693c211-be99-4d88-aa0e-ad93f9242ac0,2011-07-27 04:30:57.105048335,0.0
Case70,Send Invoice,res_d588e6af-9958-489f-9fc3-a59e218b25b9,Role 2,2011-07-27 06:49:57.266194112,55,0,res_d588e6af-9958-489f-9fc3-a59e218b25b9,2011-07-27 06:46:08.098103112,0.0
Case86,Analyze Request for Quotation,res_a1aadd50-44bc-4984-92b3-7fa6a35b08ce,Role 4,2011-07-27 10:27:23.757309878,55,0,res_a1aadd50-44bc-4984-92b3-7fa6a35b08ce,2011-07-27 10:11:37.267189878,0.0
Case84,Analyze Request for Quotation,res_a1aadd50-44bc-4984-92b3-7fa6a35b08ce,Role 4,2011-07-27 11:55:17.382281528,55,0,res_a1aadd50-44bc-4984-92b3-7fa6a35b08ce,2011-07-27 11:39:06.374765528,0.0
Case55,Send Invoice,res_4e8df78d-479a-4a6b-b0fc-4ec41ae30090,Role 2,2011-07-27 12:51:33.296458346,54,0,res_4e8df78d-479a-4a6b-b0fc-4ec41ae30090,2011-07-27 12:47:30.947294346,0.0
Case81,Analyze Request for Quotation,res_57232bd2-8367-472b-bb4e-a410540bb1ce,Role 4,2011-07-27 12:59:57.229702308,54,0,res_57232bd2-8367-472b-bb4e-a410540bb1ce,2011-07-27 12:43:20.339290308,0.0
Case67,Release Supplier's Invoice,res_9c70c672-679c-4869-ad08-c8902d2b8a6b,Role 5,2011-07-27 13:16:24.952828087,54,0,res_9c70c672-679c-4869-ad08-c8902d2b8a6b,2011-07-27 13:16:24.952828087,0.0
Case67,Authorize Supplier's Invoice payment,res_9c70c672-679c-4869-ad08-c8902d2b8a6b,Role 5,2011-07-27 13:24:23.645916087,54,0,res_9c70c672-679c-4869-ad08-c8902d2b8a6b,2011-07-27 13:16:25.027739087,0.0
Case67,Pay Invoice,res_9c70c672-679c-4869-ad08-c8902d2b8a6b,Role 5,2011-07-27 13:52:49.613766087,54,0,res_9c70c672-679c-4869-ad08-c8902d2b8a6b,2011-07-27 13:52:49.613766087,0.0
Case72,Send Invoice,res_e429f72d-965e-4e84-a3e5-a38e218f80b1,Role 2,2011-07-27 14:24:56.918809386,53,0,res_e429f72d-965e-4e84-a3e5-a38e218f80b1,2011-07-27 14:20:44.031136386,0.0
Case92,Analyze Request for Quotation,res_e3e0c0a9-4ed9-4f0d-b292-61196d595b55,Role 4,2011-07-27 14:30:57.515662433,53,0,res_e3e0c0a9-4ed9-4f0d-b292-61196d595b55,2011-07-27 14:16:12.397794433,0.0
Case70,Release Supplier's Invoice,res_9c70c672-679c-4869-ad08-c8902d2b8a6b,Role 5,2011-07-27 19:40:14.112775112,53,0,res_9c70c672-679c-4869-ad08-c8902d2b8a6b,2011-07-27 19:40:14.112775112,0.0
Case70,Authorize Supplier's Invoice payment,res_9c70c672-679c-4869-ad08-c8902d2b8a6b,Role 5,2011-07-27 19:49:08.283929112,53,0,res_9c70c672-679c-4869-ad08-c8902d2b8a6b,2011-07-27 19:40:14.189090112,0.0
Case70,Pay Invoice,res_3abcc329-15ac-4669-90d7-4c4850600768,Role 5,2011-07-27 20:17:23.911117112,53,0,res_3abcc329-15ac-4669-90d7-4c4850600768,2011-07-27 20:17:23.911117112,0.0
Case95,Analyze Purchase Requisition,res_2379693c-02d2-4c16-b018-154dff50870c,Role 3,2011-07-27 20:23:52.499757335,52,0,res_2379693c-02d2-4c16-b018-154dff50870c,2011-07-27 20:21:33.890095335,0.0
Case95,Create Request for Quotation,res_eaebaff1-ec80-4367-9148-32e2ed6d8c24,Role 3,2011-07-27 20:52:57.313867335,52,0,res_eaebaff1-ec80-4367-9148-32e2ed6d8c24,2011-07-27 20:29:19.250378335,0.0
Case65,Send Invoice,res_d588e6af-9958-489f-9fc3-a59e218b25b9,Role 2,2011-07-27 22:06:21.648668856,52,0,res_d588e6af-9958-489f-9fc3-a59e218b25b9,2011-07-27 22:01:51.135645856,0.2
Case75,Deliver Goods Services,res_400ece15-d344-40db-973d-6a305e0b654c,Role 2,2011-07-27 23:49:49.739875679,52,2,res_400ece15-d344-40db-973d-6a305e0b654c,2011-07-27 23:48:49.429554679,0.4
Case55,Release Supplier's Invoice,res_3abcc329-15ac-4669-90d7-4c4850600768,Role 5,2011-07-28 01:47:21.060431346,52,0,res_3abcc329-15ac-4669-90d7-4c4850600768,2011-07-28 01:47:21.060431346,0.0
Case55,Authorize Supplier's Invoice payment,res_3abcc329-15ac-4669-90d7-4c4850600768,Role 5,2011-07-28 01:56:30.724277346,52,0,res_3abcc329-15ac-4669-90d7-4c4850600768,2011-07-28 01:47:21.132493346,0.0
Case55,Pay Invoice,res_9c70c672-679c-4869-ad08-c8902d2b8a6b,Role 5,2011-07-28 02:27:28.218882346,53,0,res_9c70c672-679c-4869-ad08-c8902d2b8a6b,2011-07-28 02:27:28.218882346,0.0
Case96,Create Purchase Requisition,res_cb7687c3-c5a0-4751-970a-e66addb342e6,Role 1,2011-07-28 02:29:12.676382648,53,0,res_cb7687c3-c5a0-4751-970a-e66addb342e6,2011-07-28 02:21:50.497222648,0.0
Case72,Release Supplier's Invoice,res_3abcc329-15ac-4669-90d7-4c4850600768,Role 5,2011-07-28 03:01:45.929249386,52,0,res_3abcc329-15ac-4669-90d7-4c4850600768,2011-07-28 03:01:45.929249386,0.0
Case72,Authorize Supplier's Invoice payment,res_3abcc329-15ac-4669-90d7-4c4850600768,Role 5,2011-07-28 03:11:25.521221386,52,0,res_3abcc329-15ac-4669-90d7-4c4850600768,2011-07-28 03:01:46.009934386,0.0
Case91,Analyze Request for Quotation,res_a1aadd50-44bc-4984-92b3-7fa6a35b08ce,Role 4,2011-07-28 03:36:44.190660123,52,0,res_a1aadd50-44bc-4984-92b3-7fa6a35b08ce,2011-07-28 03:18:37.505529123,0.3333333333333333
Case72,Pay Invoice,res_9c70c672-679c-4869-ad08-c8902d2b8a6b,Role 5,2011-07-28 03:41:56.956347386,51,0,res_9c70c672-679c-4869-ad08-c8902d2b8a6b,2011-07-28 03:41:56.956347386,0.0
Case87,Send Request for Quotation to Supplier,res_57232bd2-8367-472b-bb4e-a410540bb1ce,Role 4,2011-07-28 03:45:06.402959601,52,0,res_57232bd2-8367-472b-bb4e-a410540bb1ce,2011-07-27 23:47:11.271954601,0.0
Case75,Release Purchase Order,res_1c8b5f31-9f1d-45fc-a907-e61844725cf1,Role 1,2011-07-28 06:38:59.991983679,50,0,res_1c8b5f31-9f1d-45fc-a907-e61844725cf1,2011-07-28 06:38:00.954431679,0.0
Case97,Create Purchase Requisition,res_1c8b5f31-9f1d-45fc-a907-e61844725cf1,Role 1,2011-07-28 09:24:17.722224761,51,0,res_1c8b5f31-9f1d-45fc-a907-e61844725cf1,2011-07-28 09:16:26.541414761,0.0
Case87,Create Quotation comparison Map,res_57232bd2-8367-472b-bb4e-a410540bb1ce,Role 4,2011-07-28 09:59:55.041856601,51,0,res_57232bd2-8367-472b-bb4e-a410540bb1ce,2011-07-28 09:42:26.042451601,0.0
Case65,Release Supplier's Invoice,res_9c70c672-679c-4869-ad08-c8902d2b8a6b,Role 5,2011-07-28 11:24:15.345404856,51,0,res_9c70c672-679c-4869-ad08-c8902d2b8a6b,2011-07-28 11:24:15.345404856,0.0
Case90,Analyze Request for Quotation,res_a1aadd50-44bc-4984-92b3-7fa6a35b08ce,Role 4,2011-07-28 11:27:50.252652799,51,0,res_a1aadd50-44bc-4984-92b3-7fa6a35b08ce,2011-07-28 11:10:43.403130799,0.0
Case65,Authorize Supplier's Invoice payment,res_9c70c672-679c-4869-ad08-c8902d2b8a6b,Role 5,2011-07-28 11:32:47.491149856,51,0,res_9c70c672-679c-4869-ad08-c8902d2b8a6b,2011-07-28 11:24:15.424846856,0.0
Case65,Pay Invoice,res_9c70c672-679c-4869-ad08-c8902d2b8a6b,Role 5,2011-07-28 12:02:06.047432856,51,0,res_9c70c672-679c-4869-ad08-c8902d2b8a6b,2011-07-28 12:02:06.047432856,0.0
Case90,Amend Request for Quotation,res_8e16ec3e-8472-4b9c-89cb-509f068592b4,Role 1,2011-07-28 12:48:51.588237799,50,0,res_8e16ec3e-8472-4b9c-89cb-509f068592b4,2011-07-28 12:24:13.130587799,0.0
Case80,Confirm Purchase Order,res_400ece15-d344-40db-973d-6a305e0b654c,Role 2,2011-07-28 15:07:38.131235498,53,0,res_400ece15-d344-40db-973d-6a305e0b654c,2011-07-27 15:59:51.442334498,0.0
Case87,Analyze Quotation Comparison Map,res_8f8f0a62-4c11-4e2d-806f-ac1cc2f4585c,Role 1,2011-07-28 16:10:38.700053601,50,0,res_8f8f0a62-4c11-4e2d-806f-ac1cc2f4585c,2011-07-28 16:10:38.700053601,0.0
Case93,Analyze Request for Quotation,res_57232bd2-8367-472b-bb4e-a410540bb1ce,Role 4,2011-07-28 17:45:02.626964677,50,0,res_57232bd2-8367-472b-bb4e-a410540bb1ce,2011-07-28 17:31:07.986438677,0.6666666666666666
Case75,Approve Purchase Order for payment,res_a1aadd50-44bc-4984-92b3-7fa6a35b08ce,Role 4,2011-07-28 18:07:08.417358679,50,0,res_a1aadd50-44bc-4984-92b3-7fa6a35b08ce,2011-07-28 18:07:08.417358679,0.6666666666666666
Case98,Create Purchase Requisition,res_1c8b5f31-9f1d-45fc-a907-e61844725cf1,Role 1,2011-07-28 18:07:20.786191000,50,0,res_1c8b5f31-9f1d-45fc-a907-e61844725cf1,2011-07-28 18:00:00.000000000,0.07142857142857142
Case96,Analyze Purchase Requisition,res_ef511a60-0fbe-4c1b-be0b-d96a349ffb61,Role 3,2011-07-28 20:01:31.858650648,50,0,res_ef511a60-0fbe-4c1b-be0b-d96a349ffb61,2011-07-28 19:59:11.854327648,0.0
Case86,Send Request for Quotation to Supplier,res_e3e0c0a9-4ed9-4f0d-b292-61196d595b55,Role 4,2011-07-28 20:09:50.017486878,50,0,res_e3e0c0a9-4ed9-4f0d-b292-61196d595b55,2011-07-28 16:48:40.117266878,0.0
Case89,Analyze Request for Quotation,res_a1aadd50-44bc-4984-92b3-7fa6a35b08ce,Role 4,2011-07-28 20:27:20.738813915,50,0,res_a1aadd50-44bc-4984-92b3-7fa6a35b08ce,2011-07-28 20:10:26.393903915,0.3333333333333333
Case96,Create Request for Quotation,res_ef511a60-0fbe-4c1b-be0b-d96a349ffb61,Role 3,2011-07-28 20:31:42.391263648,50,0,res_ef511a60-0fbe-4c1b-be0b-d96a349ffb61,2011-07-28 20:07:11.245219648,0.0
Case94,Analyze Request for Quotation,res_a1aadd50-44bc-4984-92b3-7fa6a35b08ce,Role 4,2011-07-28 20:40:21.398799667,50,1,res_a1aadd50-44bc-4984-92b3-7fa6a35b08ce,2011-07-28 20:26:03.463230667,0.6666666666666666
Case79,Confirm Purchase Order,res_400ece15-d344-40db-973d-6a305e0b654c,Role 2,2011-07-28 20:53:36.814392437,52,1,res_400ece15-d344-40db-973d-6a305e0b654c,2011-07-27 22:02:31.297682437,0.4
Case81,Send Request for Quotation to Supplier,res_e3e0c0a9-4ed9-4f0d-b292-61196d595b55,Role 4,2011-07-28 21:07:37.954812308,50,1,res_e3e0c0a9-4ed9-4f0d-b292-61196d595b55,2011-07-28 17:04:24.832608308,0.3333333333333333
Case89,Amend Request for Quotation,res_2693c211-be99-4d88-aa0e-ad93f9242ac0,Role 1,2011-07-28 21:49:42.760395915,50,0,res_2693c211-be99-4d88-aa0e-ad93f9242ac0,2011-07-28 21:26:01.953776915,0.07142857142857142
Case87,Choose best option,res_1c8b5f31-9f1d-45fc-a907-e61844725cf1,Role 1,2011-07-29 00:05:55.940342601,50,0,res_1c8b5f31-9f1d-45fc-a907-e61844725cf1,2011-07-28 16:10:38.735742601,0.0
Case97,Analyze Purchase Requisition,res_2379693c-02d2-4c16-b018-154dff50870c,Role 3,2011-07-29 00:51:42.703751761,50,0,res_2379693c-02d2-4c16-b018-154dff50870c,2011-07-29 00:49:20.308709761,0.0
Case98,Create Request for Quotation,res_eaebaff1-ec80-4367-9148-32e2ed6d8c24,Role 3,2011-07-29 01:05:11.811741000,50,0,res_eaebaff1-ec80-4367-9148-32e2ed6d8c24,2011-07-29 00:51:30.490582000,0.3333333333333333
Case97,Create Request for Quotation,res_ef511a60-0fbe-4c1b-be0b-d96a349ffb61,Role 3,2011-07-29 01:23:50.866567761,50,1,res_ef511a60-0fbe-4c1b-be0b-d96a349ffb61,2011-07-29 00:57:43.734747761,0.3333333333333333
Case86,Create Quotation comparison Map,res_a1aadd50-44bc-4984-92b3-7fa6a35b08ce,Role 4,2011-07-29 02:28:53.626925878,50,0,res_a1aadd50-44bc-4984-92b3-7fa6a35b08ce,2011-07-29 02:07:46.760157878,0.3333333333333333
Case81,Create Quotation comparison Map,res_a1aadd50-44bc-4984-92b3-7fa6a35b08ce,Role 4,2011-07-29 04:02:55.954748308,50,0,res_a1aadd50-44bc-4984-92b3-7fa6a35b08ce,2011-07-29 03:44:41.625488308,0.3333333333333333
Case92,Send Request for Quotation to Supplier,res_a1aadd50-44bc-4984-92b3-7fa6a35b08ce,Role 4,2011-07-29 05:52:23.331780433,50,0,res_a1aadd50-44bc-4984-92b3-7fa6a35b08ce,2011-07-29 02:02:22.566726433,0.0
Case86,Analyze Quotation Comparison Map,res_6eb362cd-539f-43c2-ae38-4fd25867d8e9,Role 1,2011-07-29 08:47:48.348667878,50,0,res_6eb362cd-539f-43c2-ae38-4fd25867d8e9,2011-07-29 08:47:48.346240878,0.0
Case87,Settle Conditions With Supplier,res_a1aadd50-44bc-4984-92b3-7fa6a35b08ce,Role 4,2011-07-29 09:26:58.222596601,50,1,res_a1aadd50-44bc-4984-92b3-7fa6a35b08ce,2011-07-29 09:16:45.480539601,0.0
Case81,Analyze Quotation Comparison Map,res_6eb362cd-539f-43c2-ae38-4fd25867d8e9,Role 1,2011-07-29 10:35:14.021632308,50,0,res_6eb362cd-539f-43c2-ae38-4fd25867d8e9,2011-07-29 10:35:14.021632308,0.07142857142857142
Case92,Create Quotation comparison Map,res_e3e0c0a9-4ed9-4f0d-b292-61196d595b55,Role 4,2011-07-29 13:19:32.625779433,50,0,res_e3e0c0a9-4ed9-4f0d-b292-61196d595b55,2011-07-29 13:01:32.307543433,0.0
Case86,Choose best option,res_8ff9896e-89e7-4706-8bbb-7b5d6b91cbb2,Role 1,2011-07-29 16:24:45.820127878,50,0,res_8ff9896e-89e7-4706-8bbb-7b5d6b91cbb2,2011-07-29 08:47:48.348667878,0.0
Case81,Choose best option,res_f089c795-448e-465e-b5f3-2b8cd9cd75ad,Role 1,2011-07-29 17:17:07.796692308,50,1,res_f089c795-448e-465e-b5f3-2b8cd9cd75ad,2011-07-29 10:35:14.045066308,0.07142857142857142
Case92,Analyze Quotation Comparison Map,res_aa0ec4c3-67b5-4cb5-b721-3851249d52a1,Role 1,2011-07-29 19:25:50.752812433,50,0,res_aa0ec4c3-67b5-4cb5-b721-3851249d52a1,2011-07-29 19:25:50.752812433,0.0
Case75,Send Invoice,res_d588e6af-9958-489f-9fc3-a59e218b25b9,Role 2,2011-07-29 20:23:19.963958679,50,0,res_d588e6af-9958-489f-9fc3-a59e218b25b9,2011-07-29 20:18:55.919925679,0.0
Case87,Create Purchase Order,res_57232bd2-8367-472b-bb4e-a410540bb1ce,Role 4,2011-07-29 20:28:18.902933601,50,0,res_57232bd2-8367-472b-bb4e-a410540bb1ce,2011-07-29 20:06:55.358695601,0.0
Case86,Settle Conditions With Supplier,res_e3e0c0a9-4ed9-4f0d-b292-61196d595b55,Role 4,2011-07-29 23:45:16.998342878,50,1,res_e3e0c0a9-4ed9-4f0d-b292-61196d595b55,2011-07-29 23:35:21.850257878,0.0
Case80,Deliver Goods Services,res_400ece15-d344-40db-973d-6a305e0b654c,Role 2,2011-07-30 03:45:05.188121498,50,2,res_400ece15-d344-40db-973d-6a305e0b654c,2011-07-30 03:44:05.272280498,0.0
Case92,Choose best option,res_f48df228-eef4-4e77-92e3-78f54f949771,Role 1,2011-07-30 04:28:34.686720433,50,0,res_f48df228-eef4-4e77-92e3-78f54f949771,2011-07-29 19:25:50.788118433,0.0
Case79,Deliver Goods Services,res_e429f72d-965e-4e84-a3e5-a38e218f80b1,Role 2,2011-07-30 07:04:13.737470437,50,2,res_e429f72d-965e-4e84-a3e5-a38e218f80b1,2011-07-30 07:03:13.831388437,0.0
Case81,Settle Conditions With Supplier,res_e3e0c0a9-4ed9-4f0d-b292-61196d595b55,Role 4,2011-07-30 07:23:15.083533308,50,1,res_e3e0c0a9-4ed9-4f0d-b292-61196d595b55,2011-07-30 07:13:16.751445308,0.0
Case86,Create Purchase Order,res_57232bd2-8367-472b-bb4e-a410540bb1ce,Role 4,2011-07-30 07:57:28.539950878,50,0,res_57232bd2-8367-472b-bb4e-a410540bb1ce,2011-07-30 07:35:40.474571878,0.0
Case95,Analyze Request for Quotation,res_e3e0c0a9-4ed9-4f0d-b292-61196d595b55,Role 4,2011-07-30 08:35:11.769118335,50,0,res_e3e0c0a9-4ed9-4f0d-b292-61196d595b55,2011-07-30 08:18:37.735781335,0.0
Case75,Release Supplier's Invoice,res_9c70c672-679c-4869-ad08-c8902d2b8a6b,Role 5,2011-07-30 09:25:02.614679679,49,0,res_9c70c672-679c-4869-ad08-c8902d2b8a6b,2011-07-30 09:25:02.614679679,0.0
Case75,Authorize Supplier's Invoice payment,res_3abcc329-15ac-4669-90d7-4c4850600768,Role 5,2011-07-30 09:33:38.023676679,49,0,res_3abcc329-15ac-4669-90d7-4c4850600768,2011-07-30 09:25:02.666117679,0.0
Case75,Pay Invoice,res_3abcc329-15ac-4669-90d7-4c4850600768,Role 5,2011-07-30 10:02:22.883615679,49,0,res_3abcc329-15ac-4669-90d7-4c4850600768,2011-07-30 10:02:22.883615679,0.0
Case80,Release Purchase Order,res_8e16ec3e-8472-4b9c-89cb-509f068592b4,Role 1,2011-07-30 10:33:28.876031498,48,0,res_8e16ec3e-8472-4b9c-89cb-509f068592b4,2011-07-30 10:32:30.524666498,0.0
Case92,Settle Conditions With Supplier,res_57232bd2-8367-472b-bb4e-a410540bb1ce,Role 4,2011-07-30 12:00:22.430154433,48,1,res_57232bd2-8367-472b-bb4e-a410540bb1ce,2011-07-30 11:50:19.026932433,0.0
Case79,Release Purchase Order,res_2693c211-be99-4d88-aa0e-ad93f9242ac0,Role 1,2011-07-30 13:59:32.782738437,48,0,res_2693c211-be99-4d88-aa0e-ad93f9242ac0,2011-07-30 13:58:34.496515437,0.0
Case94,Send Request for Quotation to Supplier,res_57232bd2-8367-472b-bb4e-a410540bb1ce,Role 4,2011-07-30 16:56:37.309387667,48,0,res_57232bd2-8367-472b-bb4e-a410540bb1ce,2011-07-30 13:31:45.344969667,0.0
Case81,Create Purchase Order,res_a1aadd50-44bc-4984-92b3-7fa6a35b08ce,Role 4,2011-07-30 17:34:40.683527308,48,0,res_a1aadd50-44bc-4984-92b3-7fa6a35b08ce,2011-07-30 17:16:55.095129308,0.0
Case92,Create Purchase Order,res_e3e0c0a9-4ed9-4f0d-b292-61196d595b55,Role 4,2011-07-30 20:06:18.390736433,48,0,res_e3e0c0a9-4ed9-4f0d-b292-61196d595b55,2011-07-30 19:45:13.649652433,0.0
Case94,Create Quotation comparison Map,res_57232bd2-8367-472b-bb4e-a410540bb1ce,Role 4,2011-07-30 22:46:12.882259667,48,0,res_57232bd2-8367-472b-bb4e-a410540bb1ce,2011-07-30 22:27:35.068455667,0.0
Case80,Approve Purchase Order for payment,res_a1aadd50-44bc-4984-92b3-7fa6a35b08ce,Role 4,2011-07-30 23:15:25.020285498,48,0,res_a1aadd50-44bc-4984-92b3-7fa6a35b08ce,2011-07-30 23:15:25.009759498,0.0
Case79,Approve Purchase Order for payment,res_57232bd2-8367-472b-bb4e-a410540bb1ce,Role 4,2011-07-31 01:19:19.978338437,48,0,res_57232bd2-8367-472b-bb4e-a410540bb1ce,2011-07-31 01:19:19.978338437,0.0
Case90,Analyze Request for Quotation,res_a1aadd50-44bc-4984-92b3-7fa6a35b08ce,Role 4,2011-07-31 04:54:47.833405799,48,0,res_a1aadd50-44bc-4984-92b3-7fa6a35b08ce,2011-07-31 04:31:14.620043799,0.0
Case94,Analyze Quotation Comparison Map,res_8e16ec3e-8472-4b9c-89cb-509f068592b4,Role 1,2011-07-31 05:17:03.072843667,47,0,res_8e16ec3e-8472-4b9c-89cb-509f068592b4,2011-07-31 05:17:03.070169667,0.0
Case96,Analyze Request for Quotation,res_a1aadd50-44bc-4984-92b3-7fa6a35b08ce,Role 4,2011-07-31 08:07:48.916544648,47,0,res_a1aadd50-44bc-4984-92b3-7fa6a35b08ce,2011-07-31 07:50:56.117329648,0.0
Case96,Amend Request for Quotation,res_f089c795-448e-465e-b5f3-2b8cd9cd75ad,Role 1,2011-07-31 09:22:40.875816648,47,0,res_f089c795-448e-465e-b5f3-2b8cd9cd75ad,2011-07-31 08:57:48.961347648,0.07142857142857142
Case94,Choose best option,res_8f8f0a62-4c11-4e2d-806f-ac1cc2f4585c,Role 1,2011-07-31 14:27:02.094163667,47,0,res_8f8f0a62-4c11-4e2d-806f-ac1cc2f4585c,2011-07-31 05:17:03.103988667,0.0
Case89,Analyze Request for Quotation,res_e3e0c0a9-4ed9-4f0d-b292-61196d595b55,Role 4,2011-07-31 16:54:08.312417915,47,0,res_e3e0c0a9-4ed9-4f0d-b292-61196d595b55,2011-07-31 16:38:09.306407915,0.0
Case79,Send Invoice,res_71ac497f-e0b6-48ec-83f7-073b78d5b74a,Role 2,2011-07-31 20:59:07.798718437,47,0,res_71ac497f-e0b6-48ec-83f7-073b78d5b74a,2011-07-31 20:54:53.696307437,0.8
Case94,Settle Conditions With Supplier,res_57232bd2-8367-472b-bb4e-a410540bb1ce,Role 4,2011-07-31 20:59:36.269043667,47,1,res_57232bd2-8367-472b-bb4e-a410540bb1ce,2011-07-31 20:49:40.192393667,0.0
Case87,Confirm Purchase Order,res_400ece15-d344-40db-973d-6a305e0b654c,Role 2,2011-07-31 21:06:49.590937601,48,0,res_400ece15-d344-40db-973d-6a305e0b654c,2011-07-30 21:01:32.104482601,0.0
Case97,Analyze Request for Quotation,res_e3e0c0a9-4ed9-4f0d-b292-61196d595b55,Role 4,2011-07-31 23:19:38.539402761,47,0,res_e3e0c0a9-4ed9-4f0d-b292-61196d595b55,2011-07-31 23:02:15.673353761,0.0
Case98,Analyze Request for Quotation,res_e3e0c0a9-4ed9-4f0d-b292-61196d595b55,Role 4,2011-07-31 23:36:58.748942000,47,0,res_e3e0c0a9-4ed9-4f0d-b292-61196d595b55,2011-07-31 23:20:03.027133000,0.0
Case97,Amend Request for Quotation,res_9167b706-00d1-41f1-9a32-2e270dd54cc0,Role 1,2011-08-01 00:36:59.306223761,46,0,res_9167b706-00d1-41f1-9a32-2e270dd54cc0,2011-08-01 00:13:06.981947761,0.0
Case80,Send Invoice,res_4e8df78d-479a-4a6b-b0fc-4ec41ae30090,Role 2,2011-08-01 03:12:46.038478498,46,0,res_4e8df78d-479a-4a6b-b0fc-4ec41ae30090,2011-08-01 03:08:35.664621498,0.6
Case94,Create Purchase Order,res_e3e0c0a9-4ed9-4f0d-b292-61196d595b55,Role 4,2011-08-01 03:26:06.069309667,46,0,res_e3e0c0a9-4ed9-4f0d-b292-61196d595b55,2011-08-01 03:03:04.954643667,0.0
Case86,Confirm Purchase Order,res_e429f72d-965e-4e84-a3e5-a38e218f80b1,Role 2,2011-08-01 06:20:37.290549878,47,1,res_e429f72d-965e-4e84-a3e5-a38e218f80b1,2011-07-31 06:13:03.736694878,0.2
Case79,Release Supplier's Invoice,res_9c70c672-679c-4869-ad08-c8902d2b8a6b,Role 5,2011-08-01 09:15:04.317557437,46,0,res_9c70c672-679c-4869-ad08-c8902d2b8a6b,2011-08-01 09:15:04.317557437,0.0
Case79,Authorize Supplier's Invoice payment,res_9c70c672-679c-4869-ad08-c8902d2b8a6b,Role 5,2011-08-01 09:22:43.075804437,46,0,res_9c70c672-679c-4869-ad08-c8902d2b8a6b,2011-08-01 09:15:04.375090437,0.0
Case79,Pay Invoice,res_9c70c672-679c-4869-ad08-c8902d2b8a6b,Role 5,2011-08-01 09:50:51.662223437,46,0,res_9c70c672-679c-4869-ad08-c8902d2b8a6b,2011-08-01 09:50:51.662223437,0.0
Case81,Confirm Purchase Order,res_e429f72d-965e-4e84-a3e5-a38e218f80b1,Role 2,2011-08-01 15:09:59.475235308,47,2,res_e429f72d-965e-4e84-a3e5-a38e218f80b1,2011-07-31 13:15:05.324829308,0.4
Case80,Release Supplier's Invoice,res_9c70c672-679c-4869-ad08-c8902d2b8a6b,Role 5,2011-08-01 15:45:21.895311498,45,0,res_9c70c672-679c-4869-ad08-c8902d2b8a6b,2011-08-01 15:45:21.895311498,0.0
Case80,Authorize Supplier's Invoice payment,res_3abcc329-15ac-4669-90d7-4c4850600768,Role 5,2011-08-01 15:53:46.638116498,45,0,res_3abcc329-15ac-4669-90d7-4c4850600768,2011-08-01 15:45:21.959357498,0.0
Case80,Pay Invoice,res_3abcc329-15ac-4669-90d7-4c4850600768,Role 5,2011-08-01 16:22:15.204429498,45,0,res_3abcc329-15ac-4669-90d7-4c4850600768,2011-08-01 16:22:15.204429498,0.0
Case92,Confirm Purchase Order,res_71ac497f-e0b6-48ec-83f7-073b78d5b74a,Role 2,2011-08-01 18:04:09.132099433,47,3,res_71ac497f-e0b6-48ec-83f7-073b78d5b74a,2011-07-31 17:31:24.419115433,0.6
Case89,Send Request for Quotation to Supplier,res_e3e0c0a9-4ed9-4f0d-b292-61196d595b55,Role 4,2011-08-01 21:22:37.171808915,44,0,res_e3e0c0a9-4ed9-4f0d-b292-61196d595b55,2011-08-01 17:35:41.468460915,0.0
Case96,Analyze Request for Quotation,res_57232bd2-8367-472b-bb4e-a410540bb1ce,Role 4,2011-08-01 23:17:46.973442648,44,0,res_57232bd2-8367-472b-bb4e-a410540bb1ce,2011-08-01 22:59:58.864555648,0.0
Case96,Amend Request for Quotation,res_8e16ec3e-8472-4b9c-89cb-509f068592b4,Role 1,2011-08-02 00:34:29.979833648,44,0,res_8e16ec3e-8472-4b9c-89cb-509f068592b4,2011-08-02 00:10:20.861634648,0.0
Case89,Create Quotation comparison Map,res_a1aadd50-44bc-4984-92b3-7fa6a35b08ce,Role 4,2011-08-02 01:46:29.104947915,44,0,res_a1aadd50-44bc-4984-92b3-7fa6a35b08ce,2011-08-02 01:30:31.241300915,0.0
Case87,Deliver Goods Services,res_400ece15-d344-40db-973d-6a305e0b654c,Role 2,2011-08-02 04:37:36.329761601,44,2,res_400ece15-d344-40db-973d-6a305e0b654c,2011-08-02 04:36:36.151702601,0.2
Case89,Analyze Quotation Comparison Map,res_919b75ba-5ea6-4e46-9898-5ba05832888a,Role 1,2011-08-02 09:26:48.191681915,44,0,res_919b75ba-5ea6-4e46-9898-5ba05832888a,2011-08-02 09:26:48.185190915,0.0
Case97,Analyze Request for Quotation,res_57232bd2-8367-472b-bb4e-a410540bb1ce,Role 4,2011-08-02 10:01:30.907222761,44,0,res_57232bd2-8367-472b-bb4e-a410540bb1ce,2011-08-02 09:45:17.880971761,0.0
Case87,Release Purchase Order,res_1c8b5f31-9f1d-45fc-a907-e61844725cf1,Role 1,2011-08-02 11:34:24.470760601,44,0,res_1c8b5f31-9f1d-45fc-a907-e61844725cf1,2011-08-02 11:33:25.875025601,0.07142857142857142
Case89,Choose best option,res_2693c211-be99-4d88-aa0e-ad93f9242ac0,Role 1,2011-08-02 16:25:11.480892915,44,0,res_2693c211-be99-4d88-aa0e-ad93f9242ac0,2011-08-02 09:26:48.226265915,0.0
Case94,Confirm Purchase Order,res_4e8df78d-479a-4a6b-b0fc-4ec41ae30090,Role 2,2011-08-02 16:32:23.544628667,44,0,res_4e8df78d-479a-4a6b-b0fc-4ec41ae30090,2011-08-01 19:22:14.386760667,0.0
Case86,Deliver Goods Services,res_400ece15-d344-40db-973d-6a305e0b654c,Role 2,2011-08-02 16:46:24.553867878,44,2,res_400ece15-d344-40db-973d-6a305e0b654c,2011-08-02 16:45:24.239336878,0.0
Case81,Deliver Goods Services,res_4e8df78d-479a-4a6b-b0fc-4ec41ae30090,Role 2,2011-08-02 19:16:42.321425308,44,2,res_4e8df78d-479a-4a6b-b0fc-4ec41ae30090,2011-08-02 19:15:42.094688308,0.0
Case87,Approve Purchase Order for payment,res_57232bd2-8367-472b-bb4e-a410540bb1ce,Role 4,2011-08-02 21:45:56.134191601,44,0,res_57232bd2-8367-472b-bb4e-a410540bb1ce,2011-08-02 21:45:56.134191601,0.0
Case92,Deliver Goods Services,res_400ece15-d344-40db-973d-6a305e0b654c,Role 2,2011-08-02 22:37:03.706524433,44,2,res_400ece15-d344-40db-973d-6a305e0b654c,2011-08-02 22:36:03.566844433,0.0
Case86,Release Purchase Order,res_cb7687c3-c5a0-4751-970a-e66addb342e6,Role 1,2011-08-02 23:44:04.009920878,44,0,res_cb7687c3-c5a0-4751-970a-e66addb342e6,2011-08-02 23:43:05.572487878,0.0
Case89,Settle Conditions With Supplier,res_a1aadd50-44bc-4984-92b3-7fa6a35b08ce,Role 4,2011-08-03 01:28:15.596325915,44,1,res_a1aadd50-44bc-4984-92b3-7fa6a35b08ce,2011-08-03 01:18:08.153192915,0.0
Case81,Release Purchase Order,res_aa0ec4c3-67b5-4cb5-b721-3851249d52a1,Role 1,2011-08-03 02:15:49.076531308,44,0,res_aa0ec4c3-67b5-4cb5-b721-3851249d52a1,2011-08-03 02:14:50.976116308,0.0
Case96,Analyze Request for Quotation,res_57232bd2-8367-472b-bb4e-a410540bb1ce,Role 4,2011-08-03 04:24:04.941463648,44,0,res_57232bd2-8367-472b-bb4e-a410540bb1ce,2011-08-03 04:06:57.718404648,0.0
Case92,Release Purchase Order,res_2693c211-be99-4d88-aa0e-ad93f9242ac0,Role 1,2011-08-03 05:29:52.497767433,44,0,res_2693c211-be99-4d88-aa0e-ad93f9242ac0,2011-08-03 05:28:54.102661433,0.0
Case97,Send Request for Quotation to Supplier,res_e3e0c0a9-4ed9-4f0d-b292-61196d595b55,Role 4,2011-08-03 10:05:11.672047761,44,0,res_e3e0c0a9-4ed9-4f0d-b292-61196d595b55,2011-08-03 06:47:18.429894761,0.0
Case86,Approve Purchase Order for payment,res_e3e0c0a9-4ed9-4f0d-b292-61196d595b55,Role 4,2011-08-03 10:29:20.025520878,44,0,res_e3e0c0a9-4ed9-4f0d-b292-61196d595b55,2011-08-03 10:29:20.025520878,0.0
Case89,Create Purchase Order,res_a1aadd50-44bc-4984-92b3-7fa6a35b08ce,Role 4,2011-08-03 11:19:27.760387915,44,0,res_a1aadd50-44bc-4984-92b3-7fa6a35b08ce,2011-08-03 11:00:24.344383915,0.0
Case81,Approve Purchase Order for payment,res_57232bd2-8367-472b-bb4e-a410540bb1ce,Role 4,2011-08-03 13:31:57.749532308,44,0,res_57232bd2-8367-472b-bb4e-a410540bb1ce,2011-08-03 13:31:57.743508308,0.0
Case97,Create Quotation comparison Map,res_e3e0c0a9-4ed9-4f0d-b292-61196d595b55,Role 4,2011-08-03 16:34:16.405052761,44,0,res_e3e0c0a9-4ed9-4f0d-b292-61196d595b55,2011-08-03 16:18:16.468410761,0.0
Case92,Approve Purchase Order for payment,res_57232bd2-8367-472b-bb4e-a410540bb1ce,Role 4,2011-08-03 16:45:57.798832433,44,0,res_57232bd2-8367-472b-bb4e-a410540bb1ce,2011-08-03 16:45:57.798832433,0.0
Case87,Send Invoice,res_d588e6af-9958-489f-9fc3-a59e218b25b9,Role 2,2011-08-03 16:56:47.977406601,44,0,res_d588e6af-9958-489f-9fc3-a59e218b25b9,2011-08-03 16:52:32.044064601,0.0
Case94,Deliver Goods Services,res_400ece15-d344-40db-973d-6a305e0b654c,Role 2,2011-08-03 17:51:10.791855667,44,2,res_400ece15-d344-40db-973d-6a305e0b654c,2011-08-03 17:50:10.572767667,0.0
Case97,Analyze Quotation Comparison Map,res_aa0ec4c3-67b5-4cb5-b721-3851249d52a1,Role 1,2011-08-03 22:51:30.006029761,44,0,res_aa0ec4c3-67b5-4cb5-b721-3851249d52a1,2011-08-03 22:51:30.006029761,0.0
Case94,Release Purchase Order,res_405a9dbf-a6c4-4516-8b62-63a28dc495f2,Role 1,2011-08-04 00:44:52.142191667,44,0,res_405a9dbf-a6c4-4516-8b62-63a28dc495f2,2011-08-04 00:43:53.537702667,0.07142857142857142
Case86,Send Invoice,res_4e8df78d-479a-4a6b-b0fc-4ec41ae30090,Role 2,2011-08-04 02:32:48.005437878,44,0,res_4e8df78d-479a-4a6b-b0fc-4ec41ae30090,2011-08-04 02:28:37.738357878,0.2
Case97,Choose best option,res_3867963f-e14b-4734-bd50-0510dee85c51,Role 1,2011-08-04 05:55:37.326246761,44,0,res_3867963f-e14b-4734-bd50-0510dee85c51,2011-08-03 22:51:30.045700761,0.0
Case87,Release Supplier's Invoice,res_3abcc329-15ac-4669-90d7-4c4850600768,Role 5,2011-08-04 06:02:26.323468601,44,0,res_3abcc329-15ac-4669-90d7-4c4850600768,2011-08-04 06:02:26.323468601,0.0
Case87,Authorize Supplier's Invoice payment,res_3abcc329-15ac-4669-90d7-4c4850600768,Role 5,2011-08-04 06:11:16.204343601,44,0,res_3abcc329-15ac-4669-90d7-4c4850600768,2011-08-04 06:02:26.381484601,0.0
Case87,Pay Invoice,res_9c70c672-679c-4869-ad08-c8902d2b8a6b,Role 5,2011-08-04 06:42:00.219351601,44,0,res_9c70c672-679c-4869-ad08-c8902d2b8a6b,2011-08-04 06:42:00.219351601,0.0
Case81,Send Invoice,res_d588e6af-9958-489f-9fc3-a59e218b25b9,Role 2,2011-08-04 07:46:49.066119308,43,0,res_d588e6af-9958-489f-9fc3-a59e218b25b9,2011-08-04 07:42:58.168998308,0.2
Case94,Approve Purchase Order for payment,res_e3e0c0a9-4ed9-4f0d-b292-61196d595b55,Role 4,2011-08-04 11:22:48.734530667,43,0,res_e3e0c0a9-4ed9-4f0d-b292-61196d595b55,2011-08-04 11:22:48.734015667,0.3333333333333333
Case96,Send Request for Quotation to Supplier,res_e3e0c0a9-4ed9-4f0d-b292-61196d595b55,Role 4,2011-08-04 11:27:50.006734648,43,0,res_e3e0c0a9-4ed9-4f0d-b292-61196d595b55,2011-08-04 07:41:15.972579648,0.0
Case92,Send Invoice,res_d588e6af-9958-489f-9fc3-a59e218b25b9,Role 2,2011-08-04 15:43:34.460785433,43,0,res_d588e6af-9958-489f-9fc3-a59e218b25b9,2011-08-04 15:39:30.629733433,0.2
Case86,Release Supplier's Invoice,res_3abcc329-15ac-4669-90d7-4c4850600768,Role 5,2011-08-04 15:50:12.946985878,43,0,res_3abcc329-15ac-4669-90d7-4c4850600768,2011-08-04 15:50:12.946985878,0.0
Case86,Authorize Supplier's Invoice payment,res_9c70c672-679c-4869-ad08-c8902d2b8a6b,Role 5,2011-08-04 15:58:49.280430878,43,0,res_9c70c672-679c-4869-ad08-c8902d2b8a6b,2011-08-04 15:50:13.022651878,0.0
Case86,Pay Invoice,res_3abcc329-15ac-4669-90d7-4c4850600768,Role 5,2011-08-04 16:27:29.742354878,43,0,res_3abcc329-15ac-4669-90d7-4c4850600768,2011-08-04 16:27:29.742354878,0.0
Case96,Create Quotation comparison Map,res_e3e0c0a9-4ed9-4f0d-b292-61196d595b55,Role 4,2011-08-04 20:28:16.379794648,42,0,res_e3e0c0a9-4ed9-4f0d-b292-61196d595b55,2011-08-04 20:11:40.751914648,0.0
Case97,Settle Conditions With Supplier,res_e3e0c0a9-4ed9-4f0d-b292-61196d595b55,Role 4,2011-08-04 20:33:03.827750761,42,1,res_e3e0c0a9-4ed9-4f0d-b292-61196d595b55,2011-08-04 20:22:54.340137761,0.3333333333333333
Case81,Release Supplier's Invoice,res_9c70c672-679c-4869-ad08-c8902d2b8a6b,Role 5,2011-08-04 20:33:24.561979308,42,0,res_9c70c672-679c-4869-ad08-c8902d2b8a6b,2011-08-04 20:33:24.561979308,0.0
Case81,Authorize Supplier's Invoice payment,res_3abcc329-15ac-4669-90d7-4c4850600768,Role 5,2011-08-04 20:41:56.417286308,42,0,res_3abcc329-15ac-4669-90d7-4c4850600768,2011-08-04 20:33:24.637876308,0.0
Case81,Pay Invoice,res_9c70c672-679c-4869-ad08-c8902d2b8a6b,Role 5,2011-08-04 21:11:21.002176308,42,0,res_9c70c672-679c-4869-ad08-c8902d2b8a6b,2011-08-04 21:11:21.002176308,0.0
Case89,Confirm Purchase Order,res_4e8df78d-479a-4a6b-b0fc-4ec41ae30090,Role 2,2011-08-05 00:15:44.372560915,44,0,res_4e8df78d-479a-4a6b-b0fc-4ec41ae30090,2011-08-04 01:28:13.934456915,0.0
Case96,Analyze Quotation Comparison Map,res_8f8f0a62-4c11-4e2d-806f-ac1cc2f4585c,Role 1,2011-08-05 03:53:07.136568648,41,0,res_8f8f0a62-4c11-4e2d-806f-ac1cc2f4585c,2011-08-05 03:53:07.136568648,0.0
Case92,Release Supplier's Invoice,res_3abcc329-15ac-4669-90d7-4c4850600768,Role 5,2011-08-05 04:35:43.839915433,41,0,res_3abcc329-15ac-4669-90d7-4c4850600768,2011-08-05 04:35:43.839915433,0.0
Case92,Authorize Supplier's Invoice payment,res_9c70c672-679c-4869-ad08-c8902d2b8a6b,Role 5,2011-08-05 04:44:58.408317433,41,0,res_9c70c672-679c-4869-ad08-c8902d2b8a6b,2011-08-05 04:35:43.890064433,0.0
Case92,Pay Invoice,res_9c70c672-679c-4869-ad08-c8902d2b8a6b,Role 5,2011-08-05 05:15:55.109057433,41,0,res_9c70c672-679c-4869-ad08-c8902d2b8a6b,2011-08-05 05:15:55.109057433,0.0
Case97,Create Purchase Order,res_a1aadd50-44bc-4984-92b3-7fa6a35b08ce,Role 4,2011-08-05 07:20:31.572918761,40,0,res_a1aadd50-44bc-4984-92b3-7fa6a35b08ce,2011-08-05 07:00:12.034849761,0.0
Case96,Choose best option,res_8ff9896e-89e7-4706-8bbb-7b5d6b91cbb2,Role 1,2011-08-05 11:00:17.612895648,41,0,res_8ff9896e-89e7-4706-8bbb-7b5d6b91cbb2,2011-08-05 03:53:07.146232648,0.0
Case94,Send Invoice,res_e429f72d-965e-4e84-a3e5-a38e218f80b1,Role 2,2011-08-05 11:16:59.032958667,40,0,res_e429f72d-965e-4e84-a3e5-a38e218f80b1,2011-08-05 11:12:54.879713667,0.0
Case96,Settle Conditions With Supplier,res_57232bd2-8367-472b-bb4e-a410540bb1ce,Role 4,2011-08-05 19:17:26.625352648,40,1,res_57232bd2-8367-472b-bb4e-a410540bb1ce,2011-08-05 19:07:30.697585648,0.0
Case94,Release Supplier's Invoice,res_9c70c672-679c-4869-ad08-c8902d2b8a6b,Role 5,2011-08-05 23:37:14.792600667,40,0,res_9c70c672-679c-4869-ad08-c8902d2b8a6b,2011-08-05 23:37:14.792600667,0.0
Case94,Authorize Supplier's Invoice payment,res_9c70c672-679c-4869-ad08-c8902d2b8a6b,Role 5,2011-08-05 23:46:56.003778667,40,0,res_9c70c672-679c-4869-ad08-c8902d2b8a6b,2011-08-05 23:37:14.849799667,0.0
Case94,Pay Invoice,res_3abcc329-15ac-4669-90d7-4c4850600768,Role 5,2011-08-06 00:17:00.923984667,40,0,res_3abcc329-15ac-4669-90d7-4c4850600768,2011-08-06 00:17:00.923984667,0.0
Case89,Deliver Goods Services,res_4e8df78d-479a-4a6b-b0fc-4ec41ae30090,Role 2,2011-08-06 04:19:23.283026915,39,2,res_4e8df78d-479a-4a6b-b0fc-4ec41ae30090,2011-08-06 04:18:23.021070915,0.2
Case96,Create Purchase Order,res_a1aadd50-44bc-4984-92b3-7fa6a35b08ce,Role 4,2011-08-06 04:27:24.754975648,39,0,res_a1aadd50-44bc-4984-92b3-7fa6a35b08ce,2011-08-06 04:07:24.784591648,0.0
Case89,Release Purchase Order,res_8ff9896e-89e7-4706-8bbb-7b5d6b91cbb2,Role 1,2011-08-06 11:09:32.197980915,39,0,res_8ff9896e-89e7-4706-8bbb-7b5d6b91cbb2,2011-08-06 11:08:33.195373915,0.0
Case97,Confirm Purchase Order,res_4e8df78d-479a-4a6b-b0fc-4ec41ae30090,Role 2,2011-08-06 21:20:46.698464761,40,0,res_4e8df78d-479a-4a6b-b0fc-4ec41ae30090,2011-08-05 23:06:52.470365761,0.0
Case89,Approve Purchase Order for payment,res_e3e0c0a9-4ed9-4f0d-b292-61196d595b55,Role 4,2011-08-06 21:32:07.481741915,39,0,res_e3e0c0a9-4ed9-4f0d-b292-61196d595b55,2011-08-06 21:32:07.481741915,0.0
Case89,Send Invoice,res_d588e6af-9958-489f-9fc3-a59e218b25b9,Role 2,2011-08-07 19:07:14.971756915,39,0,res_d588e6af-9958-489f-9fc3-a59e218b25b9,2011-08-07 19:02:59.826447915,0.2
Case96,Confirm Purchase Order,res_e429f72d-965e-4e84-a3e5-a38e218f80b1,Role 2,2011-08-07 19:32:17.161759648,39,0,res_e429f72d-965e-4e84-a3e5-a38e218f80b1,2011-08-06 21:26:30.700809648,0.0
Case97,Deliver Goods Services,res_d588e6af-9958-489f-9fc3-a59e218b25b9,Role 2,2011-08-08 04:09:38.578536761,39,2,res_d588e6af-9958-489f-9fc3-a59e218b25b9,2011-08-08 04:08:38.557745761,0.0
Case89,Release Supplier's Invoice,res_3abcc329-15ac-4669-90d7-4c4850600768,Role 5,2011-08-08 07:44:02.986161915,39,0,res_3abcc329-15ac-4669-90d7-4c4850600768,2011-08-08 07:44:02.986161915,0.0
Case89,Authorize Supplier's Invoice payment,res_3abcc329-15ac-4669-90d7-4c4850600768,Role 5,2011-08-08 07:52:05.496630915,39,0,res_3abcc329-15ac-4669-90d7-4c4850600768,2011-08-08 07:44:03.033546915,0.0
Case89,Pay Invoice,res_3abcc329-15ac-4669-90d7-4c4850600768,Role 5,2011-08-08 08:20:25.582485915,39,0,res_3abcc329-15ac-4669-90d7-4c4850600768,2011-08-08 08:20:25.582485915,0.0
Case97,Release Purchase Order,res_f48df228-eef4-4e77-92e3-78f54f949771,Role 1,2011-08-08 11:07:42.330636761,38,0,res_f48df228-eef4-4e77-92e3-78f54f949771,2011-08-08 11:06:43.690979761,0.0
Case97,Approve Purchase Order for payment,res_a1aadd50-44bc-4984-92b3-7fa6a35b08ce,Role 4,2011-08-08 21:32:10.611635761,38,0,res_a1aadd50-44bc-4984-92b3-7fa6a35b08ce,2011-08-08 21:32:10.611635761,0.0
Case96,Deliver Goods Services,res_4e8df78d-479a-4a6b-b0fc-4ec41ae30090,Role 2,2011-08-08 23:40:49.240487648,38,2,res_4e8df78d-479a-4a6b-b0fc-4ec41ae30090,2011-08-08 23:39:49.030710648,0.0
Case96,Release Purchase Order,res_8ff9896e-89e7-4706-8bbb-7b5d6b91cbb2,Role 1,2011-08-09 06:44:09.443098648,38,0,res_8ff9896e-89e7-4706-8bbb-7b5d6b91cbb2,2011-08-09 06:43:10.394552648,0.0
Case97,Send Invoice,res_400ece15-d344-40db-973d-6a305e0b654c,Role 2,2011-08-09 14:40:29.968169761,38,0,res_400ece15-d344-40db-973d-6a305e0b654c,2011-08-09 14:36:22.127146761,0.0
Case96,Approve Purchase Order for payment,res_57232bd2-8367-472b-bb4e-a410540bb1ce,Role 4,2011-08-09 17:28:02.470064648,38,0,res_57232bd2-8367-472b-bb4e-a410540bb1ce,2011-08-09 17:28:02.470064648,0.0
Case97,Release Supplier's Invoice,res_9c70c672-679c-4869-ad08-c8902d2b8a6b,Role 5,2011-08-10 03:19:41.593404761,38,0,res_9c70c672-679c-4869-ad08-c8902d2b8a6b,2011-08-10 03:19:41.593404761,0.0
Case97,Authorize Supplier's Invoice payment,res_3abcc329-15ac-4669-90d7-4c4850600768,Role 5,2011-08-10 03:29:11.554480761,38,0,res_3abcc329-15ac-4669-90d7-4c4850600768,2011-08-10 03:19:41.648400761,0.0
Case97,Pay Invoice,res_3abcc329-15ac-4669-90d7-4c4850600768,Role 5,2011-08-10 03:59:37.757074761,38,0,res_3abcc329-15ac-4669-90d7-4c4850600768,2011-08-10 03:59:37.757074761,0.0
Case96,Send Invoice,res_400ece15-d344-40db-973d-6a305e0b654c,Role 2,2011-08-10 11:04:38.746433648,37,0,res_400ece15-d344-40db-973d-6a305e0b654c,2011-08-10 11:00:40.342944648,0.0
Case96,Release Supplier's Invoice,res_9c70c672-679c-4869-ad08-c8902d2b8a6b,Role 5,2011-08-10 23:44:59.845497648,37,0,res_9c70c672-679c-4869-ad08-c8902d2b8a6b,2011-08-10 23:44:59.845497648,0.0
Case96,Authorize Supplier's Invoice payment,res_3abcc329-15ac-4669-90d7-4c4850600768,Role 5,2011-08-10 23:54:53.931591648,37,0,res_3abcc329-15ac-4669-90d7-4c4850600768,2011-08-10 23:44:59.905582648,0.0
Case96,Pay Invoice,res_3abcc329-15ac-4669-90d7-4c4850600768,Role 5,2011-08-11 00:25:41.798737648,37,0,res_3abcc329-15ac-4669-90d7-4c4850600768,2011-08-11 00:25:41.798737648,0.0
