caseid,task,resource,role,end_timestamp,pr_instances,tsk_start_inst,res_id,start_timestamp,rp_start_oc
Case1,Create Purchase Requisition,res_7d95b5d8-8efa-4b36-b04e-cf2c389cb754,Role 1,2011-06-20 23:06:57.477648000,37,0,res_7d95b5d8-8efa-4b36-b04e-cf2c389cb754,2011-06-20 23:00:00.000000000,0.0
Case1,Create Request for Quotation,res_390ce441-578d-4a54-b334-edd2dfb5a552,Role 3,2011-06-21 04:49:06.137460000,37,0,res_390ce441-578d-4a54-b334-edd2dfb5a552,2011-06-21 04:28:44.254600000,0.0
Case2,Create Purchase Requisition,res_bd616672-25a3-4e30-9fc1-5ebe35494627,Role 1,2011-06-21 09:21:59.817459563,38,0,res_bd616672-25a3-4e30-9fc1-5ebe35494627,2011-06-21 09:14:21.637931563,0.0
Case2,Analyze Purchase Requisition,res_93e36446-b825-499a-92a3-e39cc0457603,Role 3,2011-06-22 00:38:59.991286563,38,0,res_93e36446-b825-499a-92a3-e39cc0457603,2011-06-22 00:36:39.210001563,0.0
Case2,Create Request for Quotation,res_2ebbf15f-b4a5-4b78-9afd-f830b20b6b6f,Role 3,2011-06-22 01:08:30.869330563,38,0,res_2ebbf15f-b4a5-4b78-9afd-f830b20b6b6f,2011-06-22 00:44:02.932717563,0.0
Case3,Create Purchase Requisition,res_c2d65c63-57eb-4360-a138-bacc13d98771,Role 1,2011-06-22 07:40:40.288469822,39,0,res_c2d65c63-57eb-4360-a138-bacc13d98771,2011-06-22 07:32:58.443332822,0.0
Case4,Create Purchase Requisition,res_c2d65c63-57eb-4360-a138-bacc13d98771,Role 1,2011-06-22 08:29:51.412797086,40,0,res_c2d65c63-57eb-4360-a138-bacc13d98771,2011-06-22 08:22:07.494614086,0.0
Case4,Create Request for Quotation,res_390ce441-578d-4a54-b334-edd2dfb5a552,Role 3,2011-06-22 13:55:36.469602086,40,0,res_390ce441-578d-4a54-b334-edd2dfb5a552,2011-06-22 13:35:03.644890086,0.0
Case5,Create Purchase Requisition,res_00d4cfde-f830-4d2c-acab-0fd16f45aaf3,Role 1,2011-06-22 16:59:41.141179837,41,0,res_00d4cfde-f830-4d2c-acab-0fd16f45aaf3,2011-06-22 16:52:20.310326837,0.0
Case1,Analyze Request for Quotation,res_e5ce286e-828a-4d7d-b23c-cea274f817d5,Role 4,2011-06-22 22:19:28.695579000,41,0,res_e5ce286e-828a-4d7d-b23c-cea274f817d5,2011-06-22 22:03:32.034128000,0.0
Case3,Analyze Purchase Requisition,res_93e36446-b825-499a-92a3-e39cc0457603,Role 3,2011-06-22 23:18:08.640056822,41,0,res_93e36446-b825-499a-92a3-e39cc0457603,2011-06-22 23:15:48.739642822,0.0
Case1,Amend Request for Quotation,res_7d95b5d8-8efa-4b36-b04e-cf2c389cb754,Role 1,2011-06-22 23:34:17.149557000,41,0,res_7d95b5d8-8efa-4b36-b04e-cf2c389cb754,2011-06-22 23:10:11.337651000,0.0
Case3,Create Request for Quotation,res_93e36446-b825-499a-92a3-e39cc0457603,Role 3,2011-06-22 23:47:36.592408822,41,0,res_93e36446-b825-499a-92a3-e39cc0457603,2011-06-22 23:23:25.096370822,0.0
Case6,Create Purchase Requisition,res_6894b22f-3b8e-4256-874b-6e3d7fb32717,Role 1,2011-06-23 00:21:37.029435518,42,0,res_6894b22f-3b8e-4256-874b-6e3d7fb32717,2011-06-23 00:14:18.724566518,0.0
Case5,Create Request for Quotation,res_390ce441-578d-4a54-b334-edd2dfb5a552,Role 3,2011-06-23 00:25:37.101414837,41,0,res_390ce441-578d-4a54-b334-edd2dfb5a552,2011-06-23 00:07:29.866895837,0.0
Case7,Create Purchase Requisition,res_803156c5-8ac1-488d-9311-92e7568cb249,Role 1,2011-06-23 02:07:19.936005482,43,0,res_803156c5-8ac1-488d-9311-92e7568cb249,2011-06-23 01:59:55.727727482,0.0
Case8,Create Purchase Requisition,res_bd616672-25a3-4e30-9fc1-5ebe35494627,Role 1,2011-06-23 04:57:23.942336922,44,0,res_bd616672-25a3-4e30-9fc1-5ebe35494627,2011-06-23 04:49:46.638882922,0.0
Case9,Create Purchase Requisition,res_bd616672-25a3-4e30-9fc1-5ebe35494627,Role 1,2011-06-23 18:53:47.205782869,45,0,res_bd616672-25a3-4e30-9fc1-5ebe35494627,2011-06-23 18:46:25.644314869,0.0
Case6,Analyze Purchase Requisition,res_390ce441-578d-4a54-b334-edd2dfb5a552,Role 3,2011-06-23 19:38:51.230098518,45,0,res_390ce441-578d-4a54-b334-edd2dfb5a552,2011-06-23 19:36:31.799473518,0.0
Case7,Analyze Purchase Requisition,res_390ce441-578d-4a54-b334-edd2dfb5a552,Role 3,2011-06-23 19:54:07.263251482,45,0,res_390ce441-578d-4a54-b334-edd2dfb5a552,2011-06-23 19:51:49.222209482,0.3333333333333333
Case6,Create Request for Quotation,res_390ce441-578d-4a54-b334-edd2dfb5a552,Role 3,2011-06-23 20:08:45.980833518,45,0,res_390ce441-578d-4a54-b334-edd2dfb5a552,2011-06-23 19:44:14.318045518,0.0
Case7,Create Request for Quotation,res_93e36446-b825-499a-92a3-e39cc0457603,Role 3,2011-06-23 20:25:48.475907482,45,1,res_93e36446-b825-499a-92a3-e39cc0457603,2011-06-23 20:01:01.238248482,0.3333333333333333
Case8,Analyze Purchase Requisition,res_93e36446-b825-499a-92a3-e39cc0457603,Role 3,2011-06-23 22:05:17.013604922,45,0,res_93e36446-b825-499a-92a3-e39cc0457603,2011-06-23 22:02:55.448017922,0.0
Case8,Create Request for Quotation,res_390ce441-578d-4a54-b334-edd2dfb5a552,Role 3,2011-06-23 22:35:33.741286922,45,0,res_390ce441-578d-4a54-b334-edd2dfb5a552,2011-06-23 22:10:48.860626922,0.0
Case2,Analyze Request for Quotation,res_c251adc0-cfdc-4666-88c5-225fc69168db,Role 4,2011-06-23 22:46:01.187405563,45,0,res_c251adc0-cfdc-4666-88c5-225fc69168db,2011-06-23 22:30:04.304911563,0.0
Case9,Create Request for Quotation,res_390ce441-578d-4a54-b334-edd2dfb5a552,Role 3,2011-06-24 01:47:15.586351869,44,0,res_390ce441-578d-4a54-b334-edd2dfb5a552,2011-06-24 01:29:20.935264869,0.0
Case1,Analyze Request for Quotation,res_c251adc0-cfdc-4666-88c5-225fc69168db,Role 4,2011-06-24 04:38:19.610723000,44,0,res_c251adc0-cfdc-4666-88c5-225fc69168db,2011-06-24 04:20:08.294601000,0.0
Case4,Analyze Request for Quotation,res_c251adc0-cfdc-4666-88c5-225fc69168db,Role 4,2011-06-25 03:35:38.539801086,44,0,res_c251adc0-cfdc-4666-88c5-225fc69168db,2011-06-25 03:17:03.319492086,0.0
Case3,Analyze Request for Quotation,res_c251adc0-cfdc-4666-88c5-225fc69168db,Role 4,2011-06-25 04:26:37.497676822,43,0,res_c251adc0-cfdc-4666-88c5-225fc69168db,2011-06-25 04:09:24.611370822,0.0
Case5,Analyze Request for Quotation,res_c251adc0-cfdc-4666-88c5-225fc69168db,Role 4,2011-06-25 05:16:11.070135837,43,0,res_c251adc0-cfdc-4666-88c5-225fc69168db,2011-06-25 04:58:43.916111837,0.0
Case3,Amend Request for Quotation,res_803156c5-8ac1-488d-9311-92e7568cb249,Role 1,2011-06-25 05:42:27.786209822,43,0,res_803156c5-8ac1-488d-9311-92e7568cb249,2011-06-25 05:17:38.262443822,0.0
Case10,Create Purchase Requisition,res_c2d65c63-57eb-4360-a138-bacc13d98771,Role 1,2011-06-25 05:52:13.311758614,44,0,res_c2d65c63-57eb-4360-a138-bacc13d98771,2011-06-25 05:44:34.961853614,0.0
Case10,Create Request for Quotation,res_2ebbf15f-b4a5-4b78-9afd-f830b20b6b6f,Role 3,2011-06-25 10:21:34.328188614,44,0,res_2ebbf15f-b4a5-4b78-9afd-f830b20b6b6f,2011-06-25 10:00:08.530358614,0.0
Case11,Create Purchase Requisition,res_7f504b31-097e-4ac2-a7ed-009586f8bd03,Role 1,2011-06-25 14:28:52.170137633,45,0,res_7f504b31-097e-4ac2-a7ed-009586f8bd03,2011-06-25 14:21:09.560963633,0.0
Case1,Send Request for Quotation to Supplier,res_c251adc0-cfdc-4666-88c5-225fc69168db,Role 4,2011-06-25 15:08:03.674151000,44,0,res_c251adc0-cfdc-4666-88c5-225fc69168db,2011-06-25 11:56:43.740084000,0.0
Case11,Create Request for Quotation,res_390ce441-578d-4a54-b334-edd2dfb5a552,Role 3,2011-06-25 20:30:29.409771633,45,0,res_390ce441-578d-4a54-b334-edd2dfb5a552,2011-06-25 20:11:31.464933633,0.0
Case1,Create Quotation comparison Map,res_e5ce286e-828a-4d7d-b23c-cea274f817d5,Role 4,2011-06-25 21:21:16.101687000,45,0,res_e5ce286e-828a-4d7d-b23c-cea274f817d5,2011-06-25 21:04:16.065631000,0.0
Case12,Create Purchase Requisition,res_00d4cfde-f830-4d2c-acab-0fd16f45aaf3,Role 1,2011-06-25 23:03:03.001698482,46,0,res_00d4cfde-f830-4d2c-acab-0fd16f45aaf3,2011-06-25 22:55:50.927727482,0.0
Case1,Analyze Quotation Comparison Map,res_803156c5-8ac1-488d-9311-92e7568cb249,Role 1,2011-06-26 04:20:22.583870000,46,0,res_803156c5-8ac1-488d-9311-92e7568cb249,2011-06-26 04:20:22.583562000,0.0
Case13,Create Purchase Requisition,res_7f504b31-097e-4ac2-a7ed-009586f8bd03,Role 1,2011-06-26 11:57:56.224852411,47,0,res_7f504b31-097e-4ac2-a7ed-009586f8bd03,2011-06-26 11:50:17.273960411,0.07142857142857142
Case6,Analyze Request for Quotation,res_e5ce286e-828a-4d7d-b23c-cea274f817d5,Role 4,2011-06-26 12:29:59.911360518,47,0,res_e5ce286e-828a-4d7d-b23c-cea274f817d5,2011-06-26 12:14:08.892920518,0.0
Case8,Analyze Request for Quotation,res_e5ce286e-828a-4d7d-b23c-cea274f817d5,Role 4,2011-06-26 13:00:23.342197922,47,0,res_e5ce286e-828a-4d7d-b23c-cea274f817d5,2011-06-26 12:44:49.221738922,0.0
Case1,Choose best option,res_808377b2-c53b-4e67-be7d-0d2f9d145cf8,Role 1,2011-06-26 13:19:48.626614000,46,0,res_808377b2-c53b-4e67-be7d-0d2f9d145cf8,2011-06-26 04:20:22.605236000,0.0
Case12,Analyze Purchase Requisition,res_2ebbf15f-b4a5-4b78-9afd-f830b20b6b6f,Role 3,2011-06-26 16:56:35.414574482,46,0,res_2ebbf15f-b4a5-4b78-9afd-f830b20b6b6f,2011-06-26 16:54:12.261433482,0.0
Case12,Create Request for Quotation,res_390ce441-578d-4a54-b334-edd2dfb5a552,Role 3,2011-06-26 17:25:08.059988482,46,0,res_390ce441-578d-4a54-b334-edd2dfb5a552,2011-06-26 17:01:46.678219482,0.0
Case13,Create Request for Quotation,res_390ce441-578d-4a54-b334-edd2dfb5a552,Role 3,2011-06-26 17:25:24.754321411,46,1,res_390ce441-578d-4a54-b334-edd2dfb5a552,2011-06-26 17:07:28.787328411,0.3333333333333333
Case14,Create Purchase Requisition,res_9d47b47b-0964-42f6-9516-efdb73c6ed64,Role 1,2011-06-26 17:47:13.707390937,47,0,res_9d47b47b-0964-42f6-9516-efdb73c6ed64,2011-06-26 17:40:01.332023937,0.0
Case9,Analyze Request for Quotation,res_baff0735-8a2c-4232-8ff8-e542cc82ea59,Role 4,2011-06-26 17:53:05.464862869,46,0,res_baff0735-8a2c-4232-8ff8-e542cc82ea59,2011-06-26 17:36:58.008587869,0.0
Case15,Create Purchase Requisition,res_808377b2-c53b-4e67-be7d-0d2f9d145cf8,Role 1,2011-06-26 18:18:27.659933135,48,0,res_808377b2-c53b-4e67-be7d-0d2f9d145cf8,2011-06-26 18:11:18.183213135,0.0
Case9,Amend Request for Quotation,res_34468ceb-4568-4fd1-aa00-6716f6e8a85b,Role 1,2011-06-26 19:11:25.186580869,48,0,res_34468ceb-4568-4fd1-aa00-6716f6e8a85b,2011-06-26 18:46:01.042025869,0.0
Case1,Settle Conditions With Supplier,res_baff0735-8a2c-4232-8ff8-e542cc82ea59,Role 4,2011-06-26 19:43:31.824282000,48,1,res_baff0735-8a2c-4232-8ff8-e542cc82ea59,2011-06-26 19:33:30.344047000,0.0
Case7,Analyze Request for Quotation,res_c251adc0-cfdc-4666-88c5-225fc69168db,Role 4,2011-06-26 20:22:27.976684482,48,0,res_c251adc0-cfdc-4666-88c5-225fc69168db,2011-06-26 20:06:22.774117482,0.0
Case7,Amend Request for Quotation,res_7f504b31-097e-4ac2-a7ed-009586f8bd03,Role 1,2011-06-26 21:41:57.656723482,48,0,res_7f504b31-097e-4ac2-a7ed-009586f8bd03,2011-06-26 21:17:41.985218482,0.0
Case15,Create Request for Quotation,res_93e36446-b825-499a-92a3-e39cc0457603,Role 3,2011-06-27 00:07:59.952867135,48,0,res_93e36446-b825-499a-92a3-e39cc0457603,2011-06-26 23:48:26.115684135,0.0
Case5,Send Request for Quotation to Supplier,res_e5ce286e-828a-4d7d-b23c-cea274f817d5,Role 4,2011-06-27 00:54:15.690535837,48,0,res_e5ce286e-828a-4d7d-b23c-cea274f817d5,2011-06-26 21:56:24.370619837,0.0
Case3,Analyze Request for Quotation,res_baff0735-8a2c-4232-8ff8-e542cc82ea59,Role 4,2011-06-27 01:14:02.994578822,48,0,res_baff0735-8a2c-4232-8ff8-e542cc82ea59,2011-06-27 00:56:08.586070822,0.0
Case1,Create Purchase Order,res_c251adc0-cfdc-4666-88c5-225fc69168db,Role 4,2011-06-27 01:28:08.172652000,48,0,res_c251adc0-cfdc-4666-88c5-225fc69168db,2011-06-27 01:07:13.139107000,0.3333333333333333
Case3,Amend Request for Quotation,res_9d47b47b-0964-42f6-9516-efdb73c6ed64,Role 1,2011-06-27 02:30:12.009599822,48,0,res_9d47b47b-0964-42f6-9516-efdb73c6ed64,2011-06-27 02:06:01.703659822,0.0
Case16,Create Purchase Requisition,res_803156c5-8ac1-488d-9311-92e7568cb249,Role 1,2011-06-27 04:40:41.781622475,49,0,res_803156c5-8ac1-488d-9311-92e7568cb249,2011-06-27 04:33:25.777259475,0.0
Case5,Create Quotation comparison Map,res_e5ce286e-828a-4d7d-b23c-cea274f817d5,Role 4,2011-06-27 04:59:21.664127837,49,0,res_e5ce286e-828a-4d7d-b23c-cea274f817d5,2011-06-27 04:42:49.804327837,0.0
Case17,Create Purchase Requisition,res_4f4bb4d5-6c48-4769-8669-010e7a598051,Role 1,2011-06-27 08:08:47.236059758,50,0,res_4f4bb4d5-6c48-4769-8669-010e7a598051,2011-06-27 08:01:16.366180758,0.0
Case16,Create Request for Quotation,res_2ebbf15f-b4a5-4b78-9afd-f830b20b6b6f,Role 3,2011-06-27 09:37:04.415247475,50,0,res_2ebbf15f-b4a5-4b78-9afd-f830b20b6b6f,2011-06-27 09:14:38.463561475,0.0
Case14,Analyze Purchase Requisition,res_93e36446-b825-499a-92a3-e39cc0457603,Role 3,2011-06-27 10:07:08.220822937,50,0,res_93e36446-b825-499a-92a3-e39cc0457603,2011-06-27 10:04:43.075846937,0.0
Case14,Create Request for Quotation,res_93e36446-b825-499a-92a3-e39cc0457603,Role 3,2011-06-27 10:35:13.336202937,50,0,res_93e36446-b825-499a-92a3-e39cc0457603,2011-06-27 10:11:50.397486937,0.0
Case5,Analyze Quotation Comparison Map,res_34468ceb-4568-4fd1-aa00-6716f6e8a85b,Role 1,2011-06-27 11:28:48.251735837,50,0,res_34468ceb-4568-4fd1-aa00-6716f6e8a85b,2011-06-27 11:28:48.245268837,0.0
Case5,Choose best option,res_808377b2-c53b-4e67-be7d-0d2f9d145cf8,Role 1,2011-06-27 18:48:15.562702837,50,0,res_808377b2-c53b-4e67-be7d-0d2f9d145cf8,2011-06-27 11:28:48.275215837,0.0
Case17,Analyze Purchase Requisition,res_390ce441-578d-4a54-b334-edd2dfb5a552,Role 3,2011-06-27 23:03:48.471170758,50,0,res_390ce441-578d-4a54-b334-edd2dfb5a552,2011-06-27 23:01:18.044490758,0.0
Case17,Create Request for Quotation,res_93e36446-b825-499a-92a3-e39cc0457603,Role 3,2011-06-27 23:31:12.965649758,50,0,res_93e36446-b825-499a-92a3-e39cc0457603,2011-06-27 23:08:43.490972758,0.0
Case3,Analyze Request for Quotation,res_e5ce286e-828a-4d7d-b23c-cea274f817d5,Role 4,2011-06-28 01:25:50.466551822,50,0,res_e5ce286e-828a-4d7d-b23c-cea274f817d5,2011-06-28 01:07:37.000302822,0.0
Case11,Analyze Request for Quotation,res_e5ce286e-828a-4d7d-b23c-cea274f817d5,Role 4,2011-06-28 01:58:24.872928633,50,0,res_e5ce286e-828a-4d7d-b23c-cea274f817d5,2011-06-28 01:40:51.604594633,0.0
Case5,Settle Conditions With Supplier,res_c251adc0-cfdc-4666-88c5-225fc69168db,Role 4,2011-06-28 02:32:23.178686837,50,1,res_c251adc0-cfdc-4666-88c5-225fc69168db,2011-06-28 02:22:15.359430837,0.0
Case6,Send Request for Quotation to Supplier,res_e5ce286e-828a-4d7d-b23c-cea274f817d5,Role 4,2011-06-28 06:14:06.589586518,50,0,res_e5ce286e-828a-4d7d-b23c-cea274f817d5,2011-06-28 02:34:51.272782518,0.0
Case18,Create Purchase Requisition,res_4d387bfd-5044-4f88-a05f-c122ca9bace9,Role 1,2011-06-28 08:44:35.098922750,51,0,res_4d387bfd-5044-4f88-a05f-c122ca9bace9,2011-06-28 08:37:03.058830750,0.0
Case10,Analyze Request for Quotation,res_baff0735-8a2c-4232-8ff8-e542cc82ea59,Role 4,2011-06-28 09:39:54.236931614,51,0,res_baff0735-8a2c-4232-8ff8-e542cc82ea59,2011-06-28 09:24:30.187351614,0.0
Case5,Create Purchase Order,res_e5ce286e-828a-4d7d-b23c-cea274f817d5,Role 4,2011-06-28 09:50:12.120781837,51,0,res_e5ce286e-828a-4d7d-b23c-cea274f817d5,2011-06-28 09:30:14.492038837,0.3333333333333333
Case6,Create Quotation comparison Map,res_e5ce286e-828a-4d7d-b23c-cea274f817d5,Role 4,2011-06-28 10:58:57.133909518,51,0,res_e5ce286e-828a-4d7d-b23c-cea274f817d5,2011-06-28 10:41:56.571901518,0.0
Case19,Create Purchase Requisition,res_34468ceb-4568-4fd1-aa00-6716f6e8a85b,Role 1,2011-06-28 12:53:44.266300360,52,0,res_34468ceb-4568-4fd1-aa00-6716f6e8a85b,2011-06-28 12:46:15.740862360,0.0
Case1,Confirm Purchase Order,res_779f4a14-d302-40ef-ac8d-cd3151cb137b,Role 2,2011-06-28 13:12:39.279463000,50,0,res_779f4a14-d302-40ef-ac8d-cd3151cb137b,2011-06-27 15:03:07.796502000,0.0
Case18,Create Request for Quotation,res_390ce441-578d-4a54-b334-edd2dfb5a552,Role 3,2011-06-28 14:07:46.273913750,52,0,res_390ce441-578d-4a54-b334-edd2dfb5a552,2011-06-28 13:45:35.058346750,0.0
Case12,Analyze Request for Quotation,res_baff0735-8a2c-4232-8ff8-e542cc82ea59,Role 4,2011-06-28 14:33:22.739765482,52,0,res_baff0735-8a2c-4232-8ff8-e542cc82ea59,2011-06-28 14:17:23.649065482,0.0
Case15,Analyze Request for Quotation,res_baff0735-8a2c-4232-8ff8-e542cc82ea59,Role 4,2011-06-28 14:58:53.030001135,51,0,res_baff0735-8a2c-4232-8ff8-e542cc82ea59,2011-06-28 14:43:22.839007135,0.0
Case6,Analyze Quotation Comparison Map,res_7d95b5d8-8efa-4b36-b04e-cf2c389cb754,Role 1,2011-06-28 17:05:16.455747518,50,0,res_7d95b5d8-8efa-4b36-b04e-cf2c389cb754,2011-06-28 17:05:16.455747518,0.0
Case7,Analyze Request for Quotation,res_baff0735-8a2c-4232-8ff8-e542cc82ea59,Role 4,2011-06-28 17:18:58.046888482,50,0,res_baff0735-8a2c-4232-8ff8-e542cc82ea59,2011-06-28 17:03:00.313083482,0.0
Case9,Analyze Request for Quotation,res_baff0735-8a2c-4232-8ff8-e542cc82ea59,Role 4,2011-06-28 17:39:42.933335869,50,0,res_baff0735-8a2c-4232-8ff8-e542cc82ea59,2011-06-28 17:22:46.200678869,0.0
Case13,Analyze Request for Quotation,res_e5ce286e-828a-4d7d-b23c-cea274f817d5,Role 4,2011-06-28 17:53:39.974887411,50,1,res_e5ce286e-828a-4d7d-b23c-cea274f817d5,2011-06-28 17:37:05.660150411,0.3333333333333333
Case14,Analyze Request for Quotation,res_baff0735-8a2c-4232-8ff8-e542cc82ea59,Role 4,2011-06-28 20:30:10.214035937,49,0,res_baff0735-8a2c-4232-8ff8-e542cc82ea59,2011-06-28 20:13:58.844003937,0.0
Case20,Create Purchase Requisition,res_c2d65c63-57eb-4360-a138-bacc13d98771,Role 1,2011-06-28 21:05:56.496546547,49,0,res_c2d65c63-57eb-4360-a138-bacc13d98771,2011-06-28 20:59:04.414055547,0.07142857142857142
Case21,Create Purchase Requisition,res_7d95b5d8-8efa-4b36-b04e-cf2c389cb754,Role 1,2011-06-28 22:58:56.474127589,50,0,res_7d95b5d8-8efa-4b36-b04e-cf2c389cb754,2011-06-28 22:52:04.326039589,0.07142857142857142
Case6,Choose best option,res_34468ceb-4568-4fd1-aa00-6716f6e8a85b,Role 1,2011-06-29 00:25:39.125992518,50,0,res_34468ceb-4568-4fd1-aa00-6716f6e8a85b,2011-06-28 17:05:16.507959518,0.0
Case3,Send Request for Quotation to Supplier,res_baff0735-8a2c-4232-8ff8-e542cc82ea59,Role 4,2011-06-29 00:43:30.590148822,48,0,res_baff0735-8a2c-4232-8ff8-e542cc82ea59,2011-06-28 20:41:10.551995822,0.0
Case20,Create Request for Quotation,res_93e36446-b825-499a-92a3-e39cc0457603,Role 3,2011-06-29 03:33:57.534794547,50,0,res_93e36446-b825-499a-92a3-e39cc0457603,2011-06-29 03:14:09.115891547,0.0
Case19,Analyze Purchase Requisition,res_93e36446-b825-499a-92a3-e39cc0457603,Role 3,2011-06-29 04:16:20.168838360,50,0,res_93e36446-b825-499a-92a3-e39cc0457603,2011-06-29 04:14:04.122634360,0.0
Case19,Create Request for Quotation,res_93e36446-b825-499a-92a3-e39cc0457603,Role 3,2011-06-29 04:46:08.403864360,50,0,res_93e36446-b825-499a-92a3-e39cc0457603,2011-06-29 04:21:10.654869360,0.0
Case21,Create Request for Quotation,res_390ce441-578d-4a54-b334-edd2dfb5a552,Role 3,2011-06-29 04:52:26.383512589,50,1,res_390ce441-578d-4a54-b334-edd2dfb5a552,2011-06-29 04:40:15.904903589,0.3333333333333333
Case3,Create Quotation comparison Map,res_c251adc0-cfdc-4666-88c5-225fc69168db,Role 4,2011-06-29 05:57:27.377755822,50,0,res_c251adc0-cfdc-4666-88c5-225fc69168db,2011-06-29 05:42:13.074577822,0.3333333333333333
Case11,Send Request for Quotation to Supplier,res_baff0735-8a2c-4232-8ff8-e542cc82ea59,Role 4,2011-06-29 06:24:05.816044633,50,0,res_baff0735-8a2c-4232-8ff8-e542cc82ea59,2011-06-29 03:07:18.478118633,0.0
Case22,Create Purchase Requisition,res_00d4cfde-f830-4d2c-acab-0fd16f45aaf3,Role 1,2011-06-29 09:56:17.357858037,51,0,res_00d4cfde-f830-4d2c-acab-0fd16f45aaf3,2011-06-29 09:48:35.153721037,0.0
Case6,Settle Conditions With Supplier,res_e5ce286e-828a-4d7d-b23c-cea274f817d5,Role 4,2011-06-29 10:26:14.670236518,51,1,res_e5ce286e-828a-4d7d-b23c-cea274f817d5,2011-06-29 10:16:09.036259518,0.0
Case17,Analyze Request for Quotation,res_e5ce286e-828a-4d7d-b23c-cea274f817d5,Role 4,2011-06-29 11:50:57.656683758,51,0,res_e5ce286e-828a-4d7d-b23c-cea274f817d5,2011-06-29 11:35:56.568485758,0.0
Case11,Create Quotation comparison Map,res_baff0735-8a2c-4232-8ff8-e542cc82ea59,Role 4,2011-06-29 12:03:31.410809633,51,0,res_baff0735-8a2c-4232-8ff8-e542cc82ea59,2011-06-29 11:47:59.081597633,0.3333333333333333
Case3,Analyze Quotation Comparison Map,res_7f504b31-097e-4ac2-a7ed-009586f8bd03,Role 1,2011-06-29 13:23:14.730540822,51,0,res_7f504b31-097e-4ac2-a7ed-009586f8bd03,2011-06-29 13:23:14.730540822,0.0
Case22,Create Request for Quotation,res_93e36446-b825-499a-92a3-e39cc0457603,Role 3,2011-06-29 15:40:48.247152037,51,0,res_93e36446-b825-499a-92a3-e39cc0457603,2011-06-29 15:20:35.382005037,0.0
Case7,Send Request for Quotation to Supplier,res_baff0735-8a2c-4232-8ff8-e542cc82ea59,Role 4,2011-06-29 15:42:55.106442482,51,0,res_baff0735-8a2c-4232-8ff8-e542cc82ea59,2011-06-29 12:11:35.691042482,0.0
Case1,Deliver Goods Services,res_00e26790-8845-4766-a5ba-1d34068f991f,Role 2,2011-06-29 16:37:46.377167000,51,2,res_00e26790-8845-4766-a5ba-1d34068f991f,2011-06-29 16:36:46.196921000,0.2
Case11,Analyze Quotation Comparison Map,res_7d95b5d8-8efa-4b36-b04e-cf2c389cb754,Role 1,2011-06-29 18:13:34.480965633,51,0,res_7d95b5d8-8efa-4b36-b04e-cf2c389cb754,2011-06-29 18:13:34.480965633,0.07142857142857142
Case10,Send Request for Quotation to Supplier,res_c251adc0-cfdc-4666-88c5-225fc69168db,Role 4,2011-06-29 19:41:27.729158614,51,0,res_c251adc0-cfdc-4666-88c5-225fc69168db,2011-06-29 16:22:10.152340614,0.0
Case3,Choose best option,res_7d95b5d8-8efa-4b36-b04e-cf2c389cb754,Role 1,2011-06-29 20:27:36.925351822,51,0,res_7d95b5d8-8efa-4b36-b04e-cf2c389cb754,2011-06-29 13:23:14.763331822,0.0
Case16,Analyze Request for Quotation,res_e5ce286e-828a-4d7d-b23c-cea274f817d5,Role 4,2011-06-29 20:33:25.569922475,51,0,res_e5ce286e-828a-4d7d-b23c-cea274f817d5,2011-06-29 20:17:11.505532475,0.3333333333333333
Case7,Create Quotation comparison Map,res_e5ce286e-828a-4d7d-b23c-cea274f817d5,Role 4,2011-06-29 21:33:23.722192482,51,0,res_e5ce286e-828a-4d7d-b23c-cea274f817d5,2011-06-29 21:16:36.886207482,0.3333333333333333
Case16,Amend Request for Quotation,res_4d387bfd-5044-4f88-a05f-c122ca9bace9,Role 1,2011-06-29 21:48:54.105870475,51,0,res_4d387bfd-5044-4f88-a05f-c122ca9bace9,2011-06-29 21:24:58.569829475,0.07142857142857142
Case13,Send Request for Quotation to Supplier,res_e5ce286e-828a-4d7d-b23c-cea274f817d5,Role 4,2011-06-29 22:14:23.427801411,51,1,res_e5ce286e-828a-4d7d-b23c-cea274f817d5,2011-06-29 18:34:33.549319411,0.3333333333333333
Case6,Create Purchase Order,res_baff0735-8a2c-4232-8ff8-e542cc82ea59,Role 4,2011-06-29 22:20:01.457407518,51,0,res_baff0735-8a2c-4232-8ff8-e542cc82ea59,2011-06-29 21:58:48.596146518,0.3333333333333333
Case1,Release Purchase Order,res_803156c5-8ac1-488d-9311-92e7568cb249,Role 1,2011-06-29 23:25:55.645030000,51,0,res_803156c5-8ac1-488d-9311-92e7568cb249,2011-06-29 23:24:57.403202000,0.07142857142857142
Case10,Create Quotation comparison Map,res_baff0735-8a2c-4232-8ff8-e542cc82ea59,Role 4,2011-06-30 00:39:29.402068614,51,0,res_baff0735-8a2c-4232-8ff8-e542cc82ea59,2011-06-30 00:18:15.317475614,0.0
Case11,Choose best option,res_808377b2-c53b-4e67-be7d-0d2f9d145cf8,Role 1,2011-06-30 01:15:03.661386633,51,1,res_808377b2-c53b-4e67-be7d-0d2f9d145cf8,2011-06-29 18:13:34.512108633,0.07142857142857142
Case5,Confirm Purchase Order,res_38e272d4-4b81-4622-bb61-0e21ca2b9e85,Role 2,2011-06-30 02:06:19.331510837,50,0,res_38e272d4-4b81-4622-bb61-0e21ca2b9e85,2011-06-29 03:25:13.450632837,0.0
Case13,Create Quotation comparison Map,res_e5ce286e-828a-4d7d-b23c-cea274f817d5,Role 4,2011-06-30 02:57:30.388609411,51,0,res_e5ce286e-828a-4d7d-b23c-cea274f817d5,2011-06-30 02:37:54.990776411,0.0
Case7,Analyze Quotation Comparison Map,res_c2d65c63-57eb-4360-a138-bacc13d98771,Role 1,2011-06-30 03:51:03.111578482,51,0,res_c2d65c63-57eb-4360-a138-bacc13d98771,2011-06-30 03:51:03.111578482,0.0
Case3,Settle Conditions With Supplier,res_c251adc0-cfdc-4666-88c5-225fc69168db,Role 4,2011-06-30 05:23:27.456813822,51,1,res_c251adc0-cfdc-4666-88c5-225fc69168db,2011-06-30 05:13:16.881253822,0.0
Case10,Analyze Quotation Comparison Map,res_808377b2-c53b-4e67-be7d-0d2f9d145cf8,Role 1,2011-06-30 06:57:01.836981614,51,0,res_808377b2-c53b-4e67-be7d-0d2f9d145cf8,2011-06-30 06:57:01.833899614,0.07142857142857142
Case23,Create Purchase Requisition,res_7d95b5d8-8efa-4b36-b04e-cf2c389cb754,Role 1,2011-06-30 08:45:54.998796438,52,0,res_7d95b5d8-8efa-4b36-b04e-cf2c389cb754,2011-06-30 08:38:09.771244438,0.14285714285714285
Case13,Analyze Quotation Comparison Map,res_0c43f4f8-a9b4-439e-9084-12cb40ca8578,Role 1,2011-06-30 09:10:57.868840411,52,0,res_0c43f4f8-a9b4-439e-9084-12cb40ca8578,2011-06-30 09:10:57.868840411,0.14285714285714285
Case1,Approve Purchase Order for payment,res_c251adc0-cfdc-4666-88c5-225fc69168db,Role 4,2011-06-30 11:01:13.127386000,52,0,res_c251adc0-cfdc-4666-88c5-225fc69168db,2011-06-30 11:01:13.127386000,0.0
Case7,Choose best option,res_6894b22f-3b8e-4256-874b-6e3d7fb32717,Role 1,2011-06-30 11:06:01.424222482,51,0,res_6894b22f-3b8e-4256-874b-6e3d7fb32717,2011-06-30 03:51:03.133194482,0.0
Case11,Settle Conditions With Supplier,res_baff0735-8a2c-4232-8ff8-e542cc82ea59,Role 4,2011-06-30 11:19:51.680249633,52,1,res_baff0735-8a2c-4232-8ff8-e542cc82ea59,2011-06-30 11:10:02.947101633,0.0
Case23,Create Request for Quotation,res_390ce441-578d-4a54-b334-edd2dfb5a552,Role 3,2011-06-30 14:06:08.704458438,52,0,res_390ce441-578d-4a54-b334-edd2dfb5a552,2011-06-30 13:46:05.145544438,0.0
Case10,Choose best option,res_c2d65c63-57eb-4360-a138-bacc13d98771,Role 1,2011-06-30 14:17:03.801858614,51,1,res_c2d65c63-57eb-4360-a138-bacc13d98771,2011-06-30 06:57:01.839359614,0.07142857142857142
Case13,Choose best option,res_803156c5-8ac1-488d-9311-92e7568cb249,Role 1,2011-06-30 16:41:46.000969411,52,2,res_803156c5-8ac1-488d-9311-92e7568cb249,2011-06-30 09:10:57.874145411,0.14285714285714285
Case3,Create Purchase Order,res_e5ce286e-828a-4d7d-b23c-cea274f817d5,Role 4,2011-06-30 18:40:42.067955822,52,0,res_e5ce286e-828a-4d7d-b23c-cea274f817d5,2011-06-30 18:22:18.477096822,0.0
Case19,Analyze Request for Quotation,res_e5ce286e-828a-4d7d-b23c-cea274f817d5,Role 4,2011-06-30 20:01:53.828615360,52,0,res_e5ce286e-828a-4d7d-b23c-cea274f817d5,2011-06-30 19:46:21.235453360,0.0
Case20,Analyze Request for Quotation,res_c251adc0-cfdc-4666-88c5-225fc69168db,Role 4,2011-06-30 20:45:42.784342547,51,0,res_c251adc0-cfdc-4666-88c5-225fc69168db,2011-06-30 20:28:40.800907547,0.0
Case10,Settle Conditions With Supplier,res_c251adc0-cfdc-4666-88c5-225fc69168db,Role 4,2011-06-30 21:57:39.668371614,51,1,res_c251adc0-cfdc-4666-88c5-225fc69168db,2011-06-30 21:47:54.946989614,0.0
Case24,Create Purchase Requisition,res_4f4bb4d5-6c48-4769-8669-010e7a598051,Role 1,2011-06-30 22:13:51.952777420,52,0,res_4f4bb4d5-6c48-4769-8669-010e7a598051,2011-06-30 22:06:40.312045420,0.0
Case7,Settle Conditions With Supplier,res_c251adc0-cfdc-4666-88c5-225fc69168db,Role 4,2011-06-30 23:14:41.365643482,52,1,res_c251adc0-cfdc-4666-88c5-225fc69168db,2011-06-30 23:04:32.868432482,0.3333333333333333
Case11,Create Purchase Order,res_c251adc0-cfdc-4666-88c5-225fc69168db,Role 4,2011-06-30 23:43:31.941729633,52,0,res_c251adc0-cfdc-4666-88c5-225fc69168db,2011-06-30 23:19:28.176668633,0.3333333333333333
Case21,Analyze Request for Quotation,res_baff0735-8a2c-4232-8ff8-e542cc82ea59,Role 4,2011-06-30 23:45:04.676791589,52,0,res_baff0735-8a2c-4232-8ff8-e542cc82ea59,2011-06-30 23:27:55.519171589,0.6666666666666666
Case25,Create Purchase Requisition,res_6894b22f-3b8e-4256-874b-6e3d7fb32717,Role 1,2011-06-30 23:45:13.536185891,53,0,res_6894b22f-3b8e-4256-874b-6e3d7fb32717,2011-06-30 23:38:00.557188891,0.0
Case18,Analyze Request for Quotation,res_baff0735-8a2c-4232-8ff8-e542cc82ea59,Role 4,2011-07-01 00:37:56.288411750,53,0,res_baff0735-8a2c-4232-8ff8-e542cc82ea59,2011-07-01 00:17:49.506376750,0.3333333333333333
Case21,Amend Request for Quotation,res_808377b2-c53b-4e67-be7d-0d2f9d145cf8,Role 1,2011-07-01 00:59:54.498064589,53,0,res_808377b2-c53b-4e67-be7d-0d2f9d145cf8,2011-07-01 00:35:45.972334589,0.0
Case26,Create Purchase Requisition,res_c2d65c63-57eb-4360-a138-bacc13d98771,Role 1,2011-07-01 01:06:03.791026408,53,0,res_c2d65c63-57eb-4360-a138-bacc13d98771,2011-07-01 00:58:45.498726408,0.07142857142857142
Case13,Settle Conditions With Supplier,res_e5ce286e-828a-4d7d-b23c-cea274f817d5,Role 4,2011-07-01 01:47:54.174051411,53,1,res_e5ce286e-828a-4d7d-b23c-cea274f817d5,2011-07-01 01:37:58.937268411,0.3333333333333333
Case17,Send Request for Quotation to Supplier,res_baff0735-8a2c-4232-8ff8-e542cc82ea59,Role 4,2011-07-01 02:13:47.563509758,52,0,res_baff0735-8a2c-4232-8ff8-e542cc82ea59,2011-06-30 22:11:48.533167758,0.0
Case27,Create Purchase Requisition,res_4f4bb4d5-6c48-4769-8669-010e7a598051,Role 1,2011-07-01 03:08:20.994241413,54,0,res_4f4bb4d5-6c48-4769-8669-010e7a598051,2011-07-01 03:00:53.535430413,0.0
Case24,Create Request for Quotation,res_2ebbf15f-b4a5-4b78-9afd-f830b20b6b6f,Role 3,2011-07-01 04:12:47.336392420,54,0,res_2ebbf15f-b4a5-4b78-9afd-f830b20b6b6f,2011-07-01 03:54:25.457593420,0.0
Case25,Create Request for Quotation,res_390ce441-578d-4a54-b334-edd2dfb5a552,Role 3,2011-07-01 05:21:11.913032891,54,0,res_390ce441-578d-4a54-b334-edd2dfb5a552,2011-07-01 05:02:33.305110891,0.0
Case28,Create Purchase Requisition,res_34468ceb-4568-4fd1-aa00-6716f6e8a85b,Role 1,2011-07-01 05:56:28.205000198,55,0,res_34468ceb-4568-4fd1-aa00-6716f6e8a85b,2011-07-01 05:48:48.208071198,0.0
Case26,Create Request for Quotation,res_390ce441-578d-4a54-b334-edd2dfb5a552,Role 3,2011-07-01 06:03:08.228920408,54,0,res_390ce441-578d-4a54-b334-edd2dfb5a552,2011-07-01 05:43:57.337618408,0.0
Case29,Create Purchase Requisition,res_9d47b47b-0964-42f6-9516-efdb73c6ed64,Role 1,2011-07-01 06:32:50.988911121,56,0,res_9d47b47b-0964-42f6-9516-efdb73c6ed64,2011-07-01 06:25:08.682277121,0.0
Case10,Create Purchase Order,res_e5ce286e-828a-4d7d-b23c-cea274f817d5,Role 4,2011-07-01 07:43:12.949934614,56,0,res_e5ce286e-828a-4d7d-b23c-cea274f817d5,2011-07-01 07:20:55.409463614,0.0
Case17,Create Quotation comparison Map,res_c251adc0-cfdc-4666-88c5-225fc69168db,Role 4,2011-07-01 08:09:38.754333758,56,0,res_c251adc0-cfdc-4666-88c5-225fc69168db,2011-07-01 07:50:53.975004758,0.0
Case5,Deliver Goods Services,res_779f4a14-d302-40ef-ac8d-cd3151cb137b,Role 2,2011-07-01 08:31:48.069387837,56,2,res_779f4a14-d302-40ef-ac8d-cd3151cb137b,2011-07-01 08:30:47.824225837,0.4
Case7,Create Purchase Order,res_e5ce286e-828a-4d7d-b23c-cea274f817d5,Role 4,2011-07-01 08:36:32.350166482,56,0,res_e5ce286e-828a-4d7d-b23c-cea274f817d5,2011-07-01 08:16:47.769827482,0.0
Case16,Analyze Request for Quotation,res_e5ce286e-828a-4d7d-b23c-cea274f817d5,Role 4,2011-07-01 11:17:58.866690475,56,0,res_e5ce286e-828a-4d7d-b23c-cea274f817d5,2011-07-01 11:00:35.423086475,0.0
Case13,Create Purchase Order,res_baff0735-8a2c-4232-8ff8-e542cc82ea59,Role 4,2011-07-01 11:32:29.239173411,56,0,res_baff0735-8a2c-4232-8ff8-e542cc82ea59,2011-07-01 11:12:50.852172411,0.3333333333333333
Case1,Send Invoice,res_47695c52-10c1-49f2-91ef-e7714376bc65,Role 2,2011-07-01 11:45:24.104705000,56,0,res_47695c52-10c1-49f2-91ef-e7714376bc65,2011-07-01 11:41:23.411083000,0.4
Case17,Analyze Quotation Comparison Map,res_6894b22f-3b8e-4256-874b-6e3d7fb32717,Role 1,2011-07-01 14:25:10.139471758,56,0,res_6894b22f-3b8e-4256-874b-6e3d7fb32717,2011-07-01 14:25:10.139471758,0.0
Case30,Create Purchase Requisition,res_4f4bb4d5-6c48-4769-8669-010e7a598051,Role 1,2011-07-01 15:04:56.500134528,57,0,res_4f4bb4d5-6c48-4769-8669-010e7a598051,2011-07-01 14:57:17.736504528,0.07142857142857142
Case6,Confirm Purchase Order,res_cf2e0146-b3da-4b3d-ae6a-8bfb80190c28,Role 2,2011-07-01 15:10:55.130182518,52,0,res_cf2e0146-b3da-4b3d-ae6a-8bfb80190c28,2011-06-30 16:54:13.646575518,0.0
Case5,Release Purchase Order,res_7f504b31-097e-4ac2-a7ed-009586f8bd03,Role 1,2011-07-01 15:19:15.688728837,57,0,res_7f504b31-097e-4ac2-a7ed-009586f8bd03,2011-07-01 15:18:17.074746837,0.07142857142857142
Case31,Create Purchase Requisition,res_4f4bb4d5-6c48-4769-8669-010e7a598051,Role 1,2011-07-01 20:02:14.092744968,58,0,res_4f4bb4d5-6c48-4769-8669-010e7a598051,2011-07-01 19:54:59.387570968,0.07142857142857142
Case27,Analyze Purchase Requisition,res_390ce441-578d-4a54-b334-edd2dfb5a552,Role 3,2011-07-01 21:18:05.923983413,58,0,res_390ce441-578d-4a54-b334-edd2dfb5a552,2011-07-01 21:15:43.214683413,0.0
Case30,Create Request for Quotation,res_93e36446-b825-499a-92a3-e39cc0457603,Role 3,2011-07-01 21:41:08.932532528,58,0,res_93e36446-b825-499a-92a3-e39cc0457603,2011-07-01 21:23:07.030206528,0.0
Case27,Create Request for Quotation,res_93e36446-b825-499a-92a3-e39cc0457603,Role 3,2011-07-01 21:48:51.706622413,58,1,res_93e36446-b825-499a-92a3-e39cc0457603,2011-07-01 21:23:36.501974413,0.3333333333333333
Case28,Analyze Purchase Requisition,res_390ce441-578d-4a54-b334-edd2dfb5a552,Role 3,2011-07-01 22:20:56.587634198,58,0,res_390ce441-578d-4a54-b334-edd2dfb5a552,2011-07-01 22:18:33.131179198,0.0
Case22,Analyze Request for Quotation,res_c251adc0-cfdc-4666-88c5-225fc69168db,Role 4,2011-07-01 22:46:04.416725037,58,0,res_c251adc0-cfdc-4666-88c5-225fc69168db,2011-07-01 22:26:34.401200037,0.0
Case28,Create Request for Quotation,res_93e36446-b825-499a-92a3-e39cc0457603,Role 3,2011-07-01 22:51:10.576924198,58,0,res_93e36446-b825-499a-92a3-e39cc0457603,2011-07-01 22:26:06.296044198,0.0
Case17,Choose best option,res_0c43f4f8-a9b4-439e-9084-12cb40ca8578,Role 1,2011-07-01 23:17:23.563020758,56,0,res_0c43f4f8-a9b4-439e-9084-12cb40ca8578,2011-07-01 14:25:10.166135758,0.0
Case29,Analyze Purchase Requisition,res_93e36446-b825-499a-92a3-e39cc0457603,Role 3,2011-07-01 23:27:05.038880121,57,0,res_93e36446-b825-499a-92a3-e39cc0457603,2011-07-01 23:24:40.385417121,0.0
Case29,Create Request for Quotation,res_2ebbf15f-b4a5-4b78-9afd-f830b20b6b6f,Role 3,2011-07-01 23:57:38.418417121,57,0,res_2ebbf15f-b4a5-4b78-9afd-f830b20b6b6f,2011-07-01 23:32:23.835406121,0.0
Case1,Release Supplier's Invoice,res_f06e4a8c-3726-431a-8f2d-e849c0367f1b,Role 5,2011-07-01 23:58:23.478198000,57,0,res_f06e4a8c-3726-431a-8f2d-e849c0367f1b,2011-07-01 23:58:23.478198000,0.0
Case1,Authorize Supplier's Invoice payment,res_852bb91d-e6e5-42c5-98f9-2874e0245d05,Role 5,2011-07-02 00:08:03.473407000,57,0,res_852bb91d-e6e5-42c5-98f9-2874e0245d05,2011-07-01 23:58:23.529029000,0.0
Case1,Pay Invoice,res_852bb91d-e6e5-42c5-98f9-2874e0245d05,Role 5,2011-07-02 00:38:19.141368000,57,0,res_852bb91d-e6e5-42c5-98f9-2874e0245d05,2011-07-02 00:38:19.141368000,0.0
Case5,Approve Purchase Order for payment,res_baff0735-8a2c-4232-8ff8-e542cc82ea59,Role 4,2011-07-02 02:52:10.306578837,56,0,res_baff0735-8a2c-4232-8ff8-e542cc82ea59,2011-07-02 02:52:10.306578837,0.0
Case17,Settle Conditions With Supplier,res_e5ce286e-828a-4d7d-b23c-cea274f817d5,Role 4,2011-07-02 07:55:45.284976758,56,1,res_e5ce286e-828a-4d7d-b23c-cea274f817d5,2011-07-02 07:45:33.908681758,0.0
Case32,Create Purchase Requisition,res_00d4cfde-f830-4d2c-acab-0fd16f45aaf3,Role 1,2011-07-02 07:55:56.475294689,57,0,res_00d4cfde-f830-4d2c-acab-0fd16f45aaf3,2011-07-02 07:48:14.200030689,0.0
Case3,Confirm Purchase Order,res_47695c52-10c1-49f2-91ef-e7714376bc65,Role 2,2011-07-02 10:17:31.323701822,56,1,res_47695c52-10c1-49f2-91ef-e7714376bc65,2011-07-01 08:28:57.113817822,0.2
Case20,Send Request for Quotation to Supplier,res_c251adc0-cfdc-4666-88c5-225fc69168db,Role 4,2011-07-02 12:28:25.751554547,57,0,res_c251adc0-cfdc-4666-88c5-225fc69168db,2011-07-02 09:44:06.451325547,0.0
Case32,Create Request for Quotation,res_93e36446-b825-499a-92a3-e39cc0457603,Role 3,2011-07-02 12:32:47.480327689,57,0,res_93e36446-b825-499a-92a3-e39cc0457603,2011-07-02 12:10:59.891134689,0.0
Case31,Analyze Purchase Requisition,res_390ce441-578d-4a54-b334-edd2dfb5a552,Role 3,2011-07-02 14:06:23.242201968,57,0,res_390ce441-578d-4a54-b334-edd2dfb5a552,2011-07-02 14:03:59.265716968,0.0
Case31,Create Request for Quotation,res_93e36446-b825-499a-92a3-e39cc0457603,Role 3,2011-07-02 14:36:34.129440968,57,0,res_93e36446-b825-499a-92a3-e39cc0457603,2011-07-02 14:11:35.857938968,0.0
Case17,Create Purchase Order,res_baff0735-8a2c-4232-8ff8-e542cc82ea59,Role 4,2011-07-02 16:56:07.990660758,57,0,res_baff0735-8a2c-4232-8ff8-e542cc82ea59,2011-07-02 16:36:45.692144758,0.0
Case20,Create Quotation comparison Map,res_c251adc0-cfdc-4666-88c5-225fc69168db,Role 4,2011-07-02 19:19:48.069792547,57,0,res_c251adc0-cfdc-4666-88c5-225fc69168db,2011-07-02 19:03:25.665521547,0.0
Case21,Analyze Request for Quotation,res_c251adc0-cfdc-4666-88c5-225fc69168db,Role 4,2011-07-02 19:21:23.924760589,57,0,res_c251adc0-cfdc-4666-88c5-225fc69168db,2011-07-02 19:04:20.705479589,0.3333333333333333
Case21,Amend Request for Quotation,res_6894b22f-3b8e-4256-874b-6e3d7fb32717,Role 1,2011-07-02 20:38:11.120456589,57,0,res_6894b22f-3b8e-4256-874b-6e3d7fb32717,2011-07-02 20:13:42.439784589,0.0
Case11,Confirm Purchase Order,res_cf2e0146-b3da-4b3d-ae6a-8bfb80190c28,Role 2,2011-07-02 22:25:51.382638633,57,1,res_cf2e0146-b3da-4b3d-ae6a-8bfb80190c28,2011-07-01 23:13:46.130377633,0.2
Case7,Confirm Purchase Order,res_00e26790-8845-4766-a5ba-1d34068f991f,Role 2,2011-07-03 00:55:33.167791482,56,2,res_00e26790-8845-4766-a5ba-1d34068f991f,2011-07-02 01:33:29.149835482,0.4
Case20,Analyze Quotation Comparison Map,res_dc04fc79-1da4-4556-bf8f-9f5eee53fc94,Role 1,2011-07-03 01:44:55.811726547,57,0,res_dc04fc79-1da4-4556-bf8f-9f5eee53fc94,2011-07-03 01:44:55.805713547,0.0
Case6,Deliver Goods Services,res_00e26790-8845-4766-a5ba-1d34068f991f,Role 2,2011-07-03 03:06:08.289458518,57,2,res_00e26790-8845-4766-a5ba-1d34068f991f,2011-07-03 03:05:08.295460518,0.4
Case16,Send Request for Quotation to Supplier,res_e5ce286e-828a-4d7d-b23c-cea274f817d5,Role 4,2011-07-03 03:32:33.120327475,57,0,res_e5ce286e-828a-4d7d-b23c-cea274f817d5,2011-07-03 00:09:24.042007475,0.0
Case5,Send Invoice,res_779f4a14-d302-40ef-ac8d-cd3151cb137b,Role 2,2011-07-03 07:17:41.906445837,57,0,res_779f4a14-d302-40ef-ac8d-cd3151cb137b,2011-07-03 07:13:31.644756837,0.4
Case16,Create Quotation comparison Map,res_c251adc0-cfdc-4666-88c5-225fc69168db,Role 4,2011-07-03 08:59:29.534985475,57,0,res_c251adc0-cfdc-4666-88c5-225fc69168db,2011-07-03 08:42:51.580999475,0.0
Case20,Choose best option,res_808377b2-c53b-4e67-be7d-0d2f9d145cf8,Role 1,2011-07-03 09:00:12.120180547,57,0,res_808377b2-c53b-4e67-be7d-0d2f9d145cf8,2011-07-03 01:44:55.827315547,0.0
Case10,Confirm Purchase Order,res_cf2e0146-b3da-4b3d-ae6a-8bfb80190c28,Role 2,2011-07-03 09:45:58.502215614,57,3,res_cf2e0146-b3da-4b3d-ae6a-8bfb80190c28,2011-07-02 08:43:13.853311614,0.6
Case6,Release Purchase Order,res_bd616672-25a3-4e30-9fc1-5ebe35494627,Role 1,2011-07-03 10:00:55.497694518,57,0,res_bd616672-25a3-4e30-9fc1-5ebe35494627,2011-07-03 09:59:57.344726518,0.0
Case13,Confirm Purchase Order,res_00e26790-8845-4766-a5ba-1d34068f991f,Role 2,2011-07-03 14:10:41.997112411,57,3,res_00e26790-8845-4766-a5ba-1d34068f991f,2011-07-02 12:08:58.653998411,0.6
Case20,Settle Conditions With Supplier,res_c251adc0-cfdc-4666-88c5-225fc69168db,Role 4,2011-07-03 14:41:31.761481547,57,1,res_c251adc0-cfdc-4666-88c5-225fc69168db,2011-07-03 14:31:38.118101547,0.0
Case16,Analyze Quotation Comparison Map,res_0c43f4f8-a9b4-439e-9084-12cb40ca8578,Role 1,2011-07-03 15:38:22.790254475,57,0,res_0c43f4f8-a9b4-439e-9084-12cb40ca8578,2011-07-03 15:38:22.790254475,0.0
Case33,Create Purchase Requisition,res_9d47b47b-0964-42f6-9516-efdb73c6ed64,Role 1,2011-07-03 15:58:14.398758284,58,0,res_9d47b47b-0964-42f6-9516-efdb73c6ed64,2011-07-03 15:50:57.919656284,0.07142857142857142
Case3,Deliver Goods Services,res_cf2e0146-b3da-4b3d-ae6a-8bfb80190c28,Role 2,2011-07-03 16:19:10.762270822,58,2,res_cf2e0146-b3da-4b3d-ae6a-8bfb80190c28,2011-07-03 16:18:10.517138822,0.2
Case5,Release Supplier's Invoice,res_852bb91d-e6e5-42c5-98f9-2874e0245d05,Role 5,2011-07-03 20:04:45.133769837,58,0,res_852bb91d-e6e5-42c5-98f9-2874e0245d05,2011-07-03 20:04:45.133769837,0.0
Case5,Authorize Supplier's Invoice payment,res_f06e4a8c-3726-431a-8f2d-e849c0367f1b,Role 5,2011-07-03 20:13:33.749700837,58,0,res_f06e4a8c-3726-431a-8f2d-e849c0367f1b,2011-07-03 20:04:45.192681837,0.0
Case5,Pay Invoice,res_f06e4a8c-3726-431a-8f2d-e849c0367f1b,Role 5,2011-07-03 20:41:48.095084837,58,0,res_f06e4a8c-3726-431a-8f2d-e849c0367f1b,2011-07-03 20:41:48.095084837,0.0
Case20,Create Purchase Order,res_e5ce286e-828a-4d7d-b23c-cea274f817d5,Role 4,2011-07-03 20:49:15.289979547,58,0,res_e5ce286e-828a-4d7d-b23c-cea274f817d5,2011-07-03 20:27:19.008024547,0.0
Case6,Approve Purchase Order for payment,res_e5ce286e-828a-4d7d-b23c-cea274f817d5,Role 4,2011-07-03 21:38:18.095683518,57,0,res_e5ce286e-828a-4d7d-b23c-cea274f817d5,2011-07-03 21:38:18.094841518,0.0
Case33,Create Request for Quotation,res_93e36446-b825-499a-92a3-e39cc0457603,Role 3,2011-07-03 21:51:03.619187284,57,0,res_93e36446-b825-499a-92a3-e39cc0457603,2011-07-03 21:31:08.268764284,0.0
Case3,Release Purchase Order,res_9d47b47b-0964-42f6-9516-efdb73c6ed64,Role 1,2011-07-03 23:22:54.775865822,57,0,res_9d47b47b-0964-42f6-9516-efdb73c6ed64,2011-07-03 23:21:56.507279822,0.07142857142857142
Case34,Create Purchase Requisition,res_00d4cfde-f830-4d2c-acab-0fd16f45aaf3,Role 1,2011-07-03 23:32:05.670679356,58,0,res_00d4cfde-f830-4d2c-acab-0fd16f45aaf3,2011-07-03 23:25:07.834893356,0.07142857142857142
Case16,Choose best option,res_bd616672-25a3-4e30-9fc1-5ebe35494627,Role 1,2011-07-04 00:59:51.438375475,57,0,res_bd616672-25a3-4e30-9fc1-5ebe35494627,2011-07-03 15:38:22.824419475,0.0
Case34,Create Request for Quotation,res_2ebbf15f-b4a5-4b78-9afd-f830b20b6b6f,Role 3,2011-07-04 04:33:00.051085356,58,0,res_2ebbf15f-b4a5-4b78-9afd-f830b20b6b6f,2011-07-04 04:12:17.483547356,0.0
Case7,Deliver Goods Services,res_38e272d4-4b81-4622-bb61-0e21ca2b9e85,Role 2,2011-07-04 06:32:47.804684482,58,2,res_38e272d4-4b81-4622-bb61-0e21ca2b9e85,2011-07-04 06:31:47.740087482,0.2
Case23,Analyze Request for Quotation,res_c251adc0-cfdc-4666-88c5-225fc69168db,Role 4,2011-07-04 08:11:40.498860438,58,0,res_c251adc0-cfdc-4666-88c5-225fc69168db,2011-07-04 07:55:38.497139438,0.0
Case23,Amend Request for Quotation,res_4d387bfd-5044-4f88-a05f-c122ca9bace9,Role 1,2011-07-04 09:27:45.936621438,58,0,res_4d387bfd-5044-4f88-a05f-c122ca9bace9,2011-07-04 09:02:23.521202438,0.0
Case16,Settle Conditions With Supplier,res_e5ce286e-828a-4d7d-b23c-cea274f817d5,Role 4,2011-07-04 09:46:37.197313475,58,1,res_e5ce286e-828a-4d7d-b23c-cea274f817d5,2011-07-04 09:36:30.409806475,0.0
Case3,Approve Purchase Order for payment,res_e5ce286e-828a-4d7d-b23c-cea274f817d5,Role 4,2011-07-04 09:54:19.938874822,58,0,res_e5ce286e-828a-4d7d-b23c-cea274f817d5,2011-07-04 09:54:19.938874822,0.0
Case24,Analyze Request for Quotation,res_c251adc0-cfdc-4666-88c5-225fc69168db,Role 4,2011-07-04 10:36:17.553706420,58,0,res_c251adc0-cfdc-4666-88c5-225fc69168db,2011-07-04 10:21:24.401062420,0.0
Case35,Create Purchase Requisition,res_0c43f4f8-a9b4-439e-9084-12cb40ca8578,Role 1,2011-07-04 10:58:04.672249328,59,0,res_0c43f4f8-a9b4-439e-9084-12cb40ca8578,2011-07-04 10:50:34.223845328,0.0
Case7,Release Purchase Order,res_4f4bb4d5-6c48-4769-8669-010e7a598051,Role 1,2011-07-04 13:35:49.751403482,59,0,res_4f4bb4d5-6c48-4769-8669-010e7a598051,2011-07-04 13:34:51.128921482,0.0
Case11,Deliver Goods Services,res_00e26790-8845-4766-a5ba-1d34068f991f,Role 2,2011-07-04 14:55:49.858991633,59,2,res_00e26790-8845-4766-a5ba-1d34068f991f,2011-07-04 14:54:49.728756633,0.2
Case25,Analyze Request for Quotation,res_c251adc0-cfdc-4666-88c5-225fc69168db,Role 4,2011-07-04 16:06:38.338651891,59,0,res_c251adc0-cfdc-4666-88c5-225fc69168db,2011-07-04 15:52:02.674052891,0.0
Case17,Confirm Purchase Order,res_cf2e0146-b3da-4b3d-ae6a-8bfb80190c28,Role 2,2011-07-04 16:08:10.308173758,57,0,res_cf2e0146-b3da-4b3d-ae6a-8bfb80190c28,2011-07-03 14:51:59.197896758,0.0
Case16,Create Purchase Order,res_c251adc0-cfdc-4666-88c5-225fc69168db,Role 4,2011-07-04 17:49:58.242199475,58,0,res_c251adc0-cfdc-4666-88c5-225fc69168db,2011-07-04 17:34:12.621844475,0.0
Case28,Analyze Request for Quotation,res_baff0735-8a2c-4232-8ff8-e542cc82ea59,Role 4,2011-07-04 18:03:57.287182198,58,0,res_baff0735-8a2c-4232-8ff8-e542cc82ea59,2011-07-04 17:48:51.220083198,0.3333333333333333
Case28,Amend Request for Quotation,res_c2d65c63-57eb-4360-a138-bacc13d98771,Role 1,2011-07-04 19:19:08.187293198,58,0,res_c2d65c63-57eb-4360-a138-bacc13d98771,2011-07-04 18:55:03.534634198,0.0
Case29,Analyze Request for Quotation,res_c251adc0-cfdc-4666-88c5-225fc69168db,Role 4,2011-07-04 20:26:24.003685121,58,0,res_c251adc0-cfdc-4666-88c5-225fc69168db,2011-07-04 20:10:26.847099121,0.0
Case13,Deliver Goods Services,res_00e26790-8845-4766-a5ba-1d34068f991f,Role 2,2011-07-04 20:42:51.407680411,57,2,res_00e26790-8845-4766-a5ba-1d34068f991f,2011-07-04 20:41:51.275783411,0.2
Case27,Analyze Request for Quotation,res_c251adc0-cfdc-4666-88c5-225fc69168db,Role 4,2011-07-04 20:59:59.617975413,57,0,res_c251adc0-cfdc-4666-88c5-225fc69168db,2011-07-04 20:43:37.253562413,0.0
Case11,Release Purchase Order,res_803156c5-8ac1-488d-9311-92e7568cb249,Role 1,2011-07-04 21:55:12.054612633,57,0,res_803156c5-8ac1-488d-9311-92e7568cb249,2011-07-04 21:54:14.071287633,0.07142857142857142
Case26,Analyze Request for Quotation,res_c251adc0-cfdc-4666-88c5-225fc69168db,Role 4,2011-07-04 22:12:51.830160408,57,0,res_c251adc0-cfdc-4666-88c5-225fc69168db,2011-07-04 21:57:52.627913408,0.0
Case27,Amend Request for Quotation,res_7f504b31-097e-4ac2-a7ed-009586f8bd03,Role 1,2011-07-04 22:15:06.129874413,57,0,res_7f504b31-097e-4ac2-a7ed-009586f8bd03,2011-07-04 21:51:17.711721413,0.0
Case6,Send Invoice,res_cf2e0146-b3da-4b3d-ae6a-8bfb80190c28,Role 2,2011-07-04 22:39:42.336594518,56,0,res_cf2e0146-b3da-4b3d-ae6a-8bfb80190c28,2011-07-04 22:35:30.067766518,0.2
Case7,Approve Purchase Order for payment,res_baff0735-8a2c-4232-8ff8-e542cc82ea59,Role 4,2011-07-04 23:51:59.642756482,56,0,res_baff0735-8a2c-4232-8ff8-e542cc82ea59,2011-07-04 23:51:59.642756482,0.0
Case10,Deliver Goods Services,res_779f4a14-d302-40ef-ac8d-cd3151cb137b,Role 2,2011-07-05 00:26:27.553963614,56,2,res_779f4a14-d302-40ef-ac8d-cd3151cb137b,2011-07-05 00:25:27.504097614,0.2
Case35,Analyze Purchase Requisition,res_390ce441-578d-4a54-b334-edd2dfb5a552,Role 3,2011-07-05 01:30:55.463696328,56,0,res_390ce441-578d-4a54-b334-edd2dfb5a552,2011-07-05 01:28:28.719419328,0.0
Case31,Analyze Request for Quotation,res_baff0735-8a2c-4232-8ff8-e542cc82ea59,Role 4,2011-07-05 01:31:25.891780968,56,0,res_baff0735-8a2c-4232-8ff8-e542cc82ea59,2011-07-05 01:12:51.319038968,0.0
Case35,Create Request for Quotation,res_390ce441-578d-4a54-b334-edd2dfb5a552,Role 3,2011-07-05 01:59:18.139897328,56,0,res_390ce441-578d-4a54-b334-edd2dfb5a552,2011-07-05 01:35:42.335336328,0.0
Case13,Release Purchase Order,res_c2d65c63-57eb-4360-a138-bacc13d98771,Role 1,2011-07-05 03:52:17.055176411,56,0,res_c2d65c63-57eb-4360-a138-bacc13d98771,2011-07-05 03:51:19.087009411,0.0
Case3,Send Invoice,res_38e272d4-4b81-4622-bb61-0e21ca2b9e85,Role 2,2011-07-05 04:45:26.338442822,56,0,res_38e272d4-4b81-4622-bb61-0e21ca2b9e85,2011-07-05 04:41:33.399311822,0.2
Case30,Analyze Request for Quotation,res_baff0735-8a2c-4232-8ff8-e542cc82ea59,Role 4,2011-07-05 07:00:33.212063528,56,0,res_baff0735-8a2c-4232-8ff8-e542cc82ea59,2011-07-05 06:43:50.715899528,0.0
Case10,Release Purchase Order,res_bd616672-25a3-4e30-9fc1-5ebe35494627,Role 1,2011-07-05 07:29:22.587062614,55,0,res_bd616672-25a3-4e30-9fc1-5ebe35494627,2011-07-05 07:28:24.358227614,0.0
Case21,Analyze Request for Quotation,res_c251adc0-cfdc-4666-88c5-225fc69168db,Role 4,2011-07-05 08:19:32.643362589,55,0,res_c251adc0-cfdc-4666-88c5-225fc69168db,2011-07-05 08:02:41.571374589,0.0
Case11,Approve Purchase Order for payment,res_c251adc0-cfdc-4666-88c5-225fc69168db,Role 4,2011-07-05 08:31:56.071656633,55,0,res_c251adc0-cfdc-4666-88c5-225fc69168db,2011-07-05 08:31:56.071656633,0.0
Case6,Release Supplier's Invoice,res_f06e4a8c-3726-431a-8f2d-e849c0367f1b,Role 5,2011-07-05 11:19:40.555861518,55,0,res_f06e4a8c-3726-431a-8f2d-e849c0367f1b,2011-07-05 11:19:40.555861518,0.0
Case6,Authorize Supplier's Invoice payment,res_f06e4a8c-3726-431a-8f2d-e849c0367f1b,Role 5,2011-07-05 11:27:14.568084518,55,0,res_f06e4a8c-3726-431a-8f2d-e849c0367f1b,2011-07-05 11:19:40.611685518,0.0
Case6,Pay Invoice,res_f06e4a8c-3726-431a-8f2d-e849c0367f1b,Role 5,2011-07-05 11:55:38.038136518,55,0,res_f06e4a8c-3726-431a-8f2d-e849c0367f1b,2011-07-05 11:55:38.038136518,0.0
Case13,Approve Purchase Order for payment,res_c251adc0-cfdc-4666-88c5-225fc69168db,Role 4,2011-07-05 13:51:54.500466411,54,0,res_c251adc0-cfdc-4666-88c5-225fc69168db,2011-07-05 13:51:54.488822411,0.3333333333333333
Case20,Confirm Purchase Order,res_cf2e0146-b3da-4b3d-ae6a-8bfb80190c28,Role 2,2011-07-05 14:43:14.558439547,59,1,res_cf2e0146-b3da-4b3d-ae6a-8bfb80190c28,2011-07-04 15:23:19.127610547,0.2
Case24,Send Request for Quotation to Supplier,res_c251adc0-cfdc-4666-88c5-225fc69168db,Role 4,2011-07-05 14:50:36.009900420,54,0,res_c251adc0-cfdc-4666-88c5-225fc69168db,2011-07-05 12:12:06.938542420,0.0
Case7,Send Invoice,res_38e272d4-4b81-4622-bb61-0e21ca2b9e85,Role 2,2011-07-05 16:00:49.338234482,54,0,res_38e272d4-4b81-4622-bb61-0e21ca2b9e85,2011-07-05 15:56:35.784933482,0.2
Case3,Release Supplier's Invoice,res_f06e4a8c-3726-431a-8f2d-e849c0367f1b,Role 5,2011-07-05 17:17:51.344216822,54,0,res_f06e4a8c-3726-431a-8f2d-e849c0367f1b,2011-07-05 17:17:51.344216822,0.0
Case10,Approve Purchase Order for payment,res_e5ce286e-828a-4d7d-b23c-cea274f817d5,Role 4,2011-07-05 17:25:09.399175614,54,0,res_e5ce286e-828a-4d7d-b23c-cea274f817d5,2011-07-05 17:25:09.399175614,0.0
Case3,Authorize Supplier's Invoice payment,res_f06e4a8c-3726-431a-8f2d-e849c0367f1b,Role 5,2011-07-05 17:26:01.346875822,54,0,res_f06e4a8c-3726-431a-8f2d-e849c0367f1b,2011-07-05 17:17:51.408024822,0.0
Case3,Pay Invoice,res_852bb91d-e6e5-42c5-98f9-2874e0245d05,Role 5,2011-07-05 17:54:26.003962822,54,0,res_852bb91d-e6e5-42c5-98f9-2874e0245d05,2011-07-05 17:54:26.003962822,0.0
Case24,Create Quotation comparison Map,res_e5ce286e-828a-4d7d-b23c-cea274f817d5,Role 4,2011-07-05 19:36:46.304011420,53,0,res_e5ce286e-828a-4d7d-b23c-cea274f817d5,2011-07-05 19:20:14.238246420,0.0
Case17,Deliver Goods Services,res_00e26790-8845-4766-a5ba-1d34068f991f,Role 2,2011-07-05 21:15:31.884012758,54,2,res_00e26790-8845-4766-a5ba-1d34068f991f,2011-07-05 21:14:31.585881758,0.2
Case36,Create Purchase Requisition,res_4f4bb4d5-6c48-4769-8669-010e7a598051,Role 1,2011-07-05 21:19:56.562061743,54,0,res_4f4bb4d5-6c48-4769-8669-010e7a598051,2011-07-05 21:13:04.151480743,0.0
Case33,Analyze Request for Quotation,res_baff0735-8a2c-4232-8ff8-e542cc82ea59,Role 4,2011-07-06 01:36:34.585458284,54,0,res_baff0735-8a2c-4232-8ff8-e542cc82ea59,2011-07-06 01:18:08.370051284,0.0
Case24,Analyze Quotation Comparison Map,res_7d95b5d8-8efa-4b36-b04e-cf2c389cb754,Role 1,2011-07-06 01:41:32.072352420,54,0,res_7d95b5d8-8efa-4b36-b04e-cf2c389cb754,2011-07-06 01:41:32.062220420,0.0
Case23,Analyze Request for Quotation,res_c251adc0-cfdc-4666-88c5-225fc69168db,Role 4,2011-07-06 03:13:54.562611438,54,0,res_c251adc0-cfdc-4666-88c5-225fc69168db,2011-07-06 02:54:13.135433438,0.3333333333333333
Case37,Create Purchase Requisition,res_dc04fc79-1da4-4556-bf8f-9f5eee53fc94,Role 1,2011-07-06 03:21:02.354675243,55,0,res_dc04fc79-1da4-4556-bf8f-9f5eee53fc94,2011-07-06 03:13:48.564554243,0.07142857142857142
Case17,Release Purchase Order,res_6894b22f-3b8e-4256-874b-6e3d7fb32717,Role 1,2011-07-06 04:13:53.225271758,55,0,res_6894b22f-3b8e-4256-874b-6e3d7fb32717,2011-07-06 04:12:55.213420758,0.14285714285714285
Case7,Release Supplier's Invoice,res_852bb91d-e6e5-42c5-98f9-2874e0245d05,Role 5,2011-07-06 04:19:44.307874482,55,0,res_852bb91d-e6e5-42c5-98f9-2874e0245d05,2011-07-06 04:19:44.307874482,0.0
Case7,Authorize Supplier's Invoice payment,res_f06e4a8c-3726-431a-8f2d-e849c0367f1b,Role 5,2011-07-06 04:29:00.685958482,55,0,res_f06e4a8c-3726-431a-8f2d-e849c0367f1b,2011-07-06 04:19:44.377337482,0.0
Case11,Send Invoice,res_47695c52-10c1-49f2-91ef-e7714376bc65,Role 2,2011-07-06 04:32:29.067151633,55,0,res_47695c52-10c1-49f2-91ef-e7714376bc65,2011-07-06 04:28:34.243965633,0.2
Case23,Amend Request for Quotation,res_00d4cfde-f830-4d2c-acab-0fd16f45aaf3,Role 1,2011-07-06 04:34:40.610132438,55,0,res_00d4cfde-f830-4d2c-acab-0fd16f45aaf3,2011-07-06 04:10:23.545298438,0.07142857142857142
Case7,Pay Invoice,res_852bb91d-e6e5-42c5-98f9-2874e0245d05,Role 5,2011-07-06 04:59:00.983517482,55,0,res_852bb91d-e6e5-42c5-98f9-2874e0245d05,2011-07-06 04:59:00.983517482,0.0
Case38,Create Purchase Requisition,res_c2d65c63-57eb-4360-a138-bacc13d98771,Role 1,2011-07-06 05:09:52.047602635,55,0,res_c2d65c63-57eb-4360-a138-bacc13d98771,2011-07-06 05:02:28.943992635,0.07142857142857142
Case13,Send Invoice,res_38e272d4-4b81-4622-bb61-0e21ca2b9e85,Role 2,2011-07-06 05:41:45.488525411,55,0,res_38e272d4-4b81-4622-bb61-0e21ca2b9e85,2011-07-06 05:37:57.260079411,0.2
Case32,Analyze Request for Quotation,res_e5ce286e-828a-4d7d-b23c-cea274f817d5,Role 4,2011-07-06 06:01:51.775750689,55,0,res_e5ce286e-828a-4d7d-b23c-cea274f817d5,2011-07-06 05:43:37.593767689,0.3333333333333333
Case39,Create Purchase Requisition,res_7d95b5d8-8efa-4b36-b04e-cf2c389cb754,Role 1,2011-07-06 06:04:21.833831715,56,0,res_7d95b5d8-8efa-4b36-b04e-cf2c389cb754,2011-07-06 05:56:54.645020715,0.07142857142857142
Case21,Send Request for Quotation to Supplier,res_e5ce286e-828a-4d7d-b23c-cea274f817d5,Role 4,2011-07-06 06:54:21.571953589,54,0,res_e5ce286e-828a-4d7d-b23c-cea274f817d5,2011-07-06 02:51:57.553308589,0.0
Case32,Amend Request for Quotation,res_803156c5-8ac1-488d-9311-92e7568cb249,Role 1,2011-07-06 07:17:13.650611689,56,0,res_803156c5-8ac1-488d-9311-92e7568cb249,2011-07-06 06:52:24.712377689,0.07142857142857142
Case10,Send Invoice,res_47695c52-10c1-49f2-91ef-e7714376bc65,Role 2,2011-07-06 07:55:45.562471614,56,0,res_47695c52-10c1-49f2-91ef-e7714376bc65,2011-07-06 07:51:50.346510614,0.2
Case24,Choose best option,res_0c43f4f8-a9b4-439e-9084-12cb40ca8578,Role 1,2011-07-06 09:04:29.863214420,54,0,res_0c43f4f8-a9b4-439e-9084-12cb40ca8578,2011-07-06 01:41:32.091553420,0.0
Case38,Create Request for Quotation,res_2ebbf15f-b4a5-4b78-9afd-f830b20b6b6f,Role 3,2011-07-06 10:14:35.279309635,56,0,res_2ebbf15f-b4a5-4b78-9afd-f830b20b6b6f,2011-07-06 09:53:39.834237635,0.0
Case16,Confirm Purchase Order,res_00e26790-8845-4766-a5ba-1d34068f991f,Role 2,2011-07-06 10:16:56.211666475,55,1,res_00e26790-8845-4766-a5ba-1d34068f991f,2011-07-05 09:22:02.920093475,0.2
Case31,Send Request for Quotation to Supplier,res_baff0735-8a2c-4232-8ff8-e542cc82ea59,Role 4,2011-07-06 11:13:04.646718968,56,0,res_baff0735-8a2c-4232-8ff8-e542cc82ea59,2011-07-06 07:29:52.663224968,0.0
Case36,Analyze Purchase Requisition,res_2ebbf15f-b4a5-4b78-9afd-f830b20b6b6f,Role 3,2011-07-06 13:24:41.333980743,56,0,res_2ebbf15f-b4a5-4b78-9afd-f830b20b6b6f,2011-07-06 13:22:25.507172743,0.0
Case21,Create Quotation comparison Map,res_c251adc0-cfdc-4666-88c5-225fc69168db,Role 4,2011-07-06 13:44:44.913113589,56,0,res_c251adc0-cfdc-4666-88c5-225fc69168db,2011-07-06 13:28:56.793764589,0.0
Case36,Create Request for Quotation,res_390ce441-578d-4a54-b334-edd2dfb5a552,Role 3,2011-07-06 13:53:42.533756743,56,0,res_390ce441-578d-4a54-b334-edd2dfb5a552,2011-07-06 13:29:46.215239743,0.0
Case27,Analyze Request for Quotation,res_c251adc0-cfdc-4666-88c5-225fc69168db,Role 4,2011-07-06 14:52:05.597819413,56,0,res_c251adc0-cfdc-4666-88c5-225fc69168db,2011-07-06 14:36:28.199613413,0.0
Case17,Approve Purchase Order for payment,res_c251adc0-cfdc-4666-88c5-225fc69168db,Role 4,2011-07-06 15:21:17.312132758,55,0,res_c251adc0-cfdc-4666-88c5-225fc69168db,2011-07-06 15:21:17.307500758,0.0
Case35,Analyze Request for Quotation,res_c251adc0-cfdc-4666-88c5-225fc69168db,Role 4,2011-07-06 16:31:55.090350328,55,0,res_c251adc0-cfdc-4666-88c5-225fc69168db,2011-07-06 16:17:39.343200328,0.0
Case24,Settle Conditions With Supplier,res_e5ce286e-828a-4d7d-b23c-cea274f817d5,Role 4,2011-07-06 16:45:09.092195420,54,1,res_e5ce286e-828a-4d7d-b23c-cea274f817d5,2011-07-06 16:35:20.750357420,0.0
Case11,Release Supplier's Invoice,res_f06e4a8c-3726-431a-8f2d-e849c0367f1b,Role 5,2011-07-06 17:22:50.409782633,54,0,res_f06e4a8c-3726-431a-8f2d-e849c0367f1b,2011-07-06 17:22:50.409782633,0.0
Case11,Authorize Supplier's Invoice payment,res_852bb91d-e6e5-42c5-98f9-2874e0245d05,Role 5,2011-07-06 17:31:05.258015633,54,0,res_852bb91d-e6e5-42c5-98f9-2874e0245d05,2011-07-06 17:22:50.489061633,0.0
Case11,Pay Invoice,res_852bb91d-e6e5-42c5-98f9-2874e0245d05,Role 5,2011-07-06 17:59:19.122467633,54,0,res_852bb91d-e6e5-42c5-98f9-2874e0245d05,2011-07-06 17:59:19.122467633,0.0
Case31,Create Quotation comparison Map,res_c251adc0-cfdc-4666-88c5-225fc69168db,Role 4,2011-07-06 17:59:42.820831968,54,0,res_c251adc0-cfdc-4666-88c5-225fc69168db,2011-07-06 17:41:12.493965968,0.0
Case13,Release Supplier's Invoice,res_f06e4a8c-3726-431a-8f2d-e849c0367f1b,Role 5,2011-07-06 18:33:57.739710411,53,0,res_f06e4a8c-3726-431a-8f2d-e849c0367f1b,2011-07-06 18:33:57.739710411,0.0
Case13,Authorize Supplier's Invoice payment,res_f06e4a8c-3726-431a-8f2d-e849c0367f1b,Role 5,2011-07-06 18:41:37.264389411,53,0,res_f06e4a8c-3726-431a-8f2d-e849c0367f1b,2011-07-06 18:33:57.820856411,0.0
Case13,Pay Invoice,res_f06e4a8c-3726-431a-8f2d-e849c0367f1b,Role 5,2011-07-06 19:10:11.739566411,53,0,res_f06e4a8c-3726-431a-8f2d-e849c0367f1b,2011-07-06 19:10:11.739566411,0.0
Case34,Analyze Request for Quotation,res_e5ce286e-828a-4d7d-b23c-cea274f817d5,Role 4,2011-07-06 19:10:54.423631356,53,0,res_e5ce286e-828a-4d7d-b23c-cea274f817d5,2011-07-06 18:55:06.771677356,0.0
Case37,Analyze Purchase Requisition,res_93e36446-b825-499a-92a3-e39cc0457603,Role 3,2011-07-06 19:22:19.532190243,52,0,res_93e36446-b825-499a-92a3-e39cc0457603,2011-07-06 19:20:01.297418243,0.0
Case37,Create Request for Quotation,res_2ebbf15f-b4a5-4b78-9afd-f830b20b6b6f,Role 3,2011-07-06 19:51:22.888275243,52,0,res_2ebbf15f-b4a5-4b78-9afd-f830b20b6b6f,2011-07-06 19:27:47.983983243,0.0
Case28,Analyze Request for Quotation,res_e5ce286e-828a-4d7d-b23c-cea274f817d5,Role 4,2011-07-06 20:01:34.642847198,52,0,res_e5ce286e-828a-4d7d-b23c-cea274f817d5,2011-07-06 19:44:56.346792198,0.0
Case21,Analyze Quotation Comparison Map,res_dc04fc79-1da4-4556-bf8f-9f5eee53fc94,Role 1,2011-07-06 20:09:00.763314589,51,0,res_dc04fc79-1da4-4556-bf8f-9f5eee53fc94,2011-07-06 20:09:00.763314589,0.07142857142857142
Case34,Amend Request for Quotation,res_803156c5-8ac1-488d-9311-92e7568cb249,Role 1,2011-07-06 20:26:31.363789356,51,0,res_803156c5-8ac1-488d-9311-92e7568cb249,2011-07-06 20:02:07.960442356,0.0
Case10,Release Supplier's Invoice,res_852bb91d-e6e5-42c5-98f9-2874e0245d05,Role 5,2011-07-06 20:41:32.875206614,51,0,res_852bb91d-e6e5-42c5-98f9-2874e0245d05,2011-07-06 20:41:32.875206614,0.0
Case10,Authorize Supplier's Invoice payment,res_f06e4a8c-3726-431a-8f2d-e849c0367f1b,Role 5,2011-07-06 20:50:43.892700614,51,0,res_f06e4a8c-3726-431a-8f2d-e849c0367f1b,2011-07-06 20:41:32.954529614,0.0
Case10,Pay Invoice,res_f06e4a8c-3726-431a-8f2d-e849c0367f1b,Role 5,2011-07-06 21:19:56.458519614,51,0,res_f06e4a8c-3726-431a-8f2d-e849c0367f1b,2011-07-06 21:19:56.458519614,0.0
Case39,Analyze Purchase Requisition,res_2ebbf15f-b4a5-4b78-9afd-f830b20b6b6f,Role 3,2011-07-06 21:30:12.417747715,50,0,res_2ebbf15f-b4a5-4b78-9afd-f830b20b6b6f,2011-07-06 21:27:52.605790715,0.0
Case39,Create Request for Quotation,res_93e36446-b825-499a-92a3-e39cc0457603,Role 3,2011-07-06 21:59:23.928426715,50,0,res_93e36446-b825-499a-92a3-e39cc0457603,2011-07-06 21:35:35.654083715,0.0
Case20,Deliver Goods Services,res_38e272d4-4b81-4622-bb61-0e21ca2b9e85,Role 2,2011-07-06 22:18:53.350533547,50,2,res_38e272d4-4b81-4622-bb61-0e21ca2b9e85,2011-07-06 22:17:53.242564547,0.0
Case31,Analyze Quotation Comparison Map,res_bd616672-25a3-4e30-9fc1-5ebe35494627,Role 1,2011-07-07 00:04:16.517864968,50,0,res_bd616672-25a3-4e30-9fc1-5ebe35494627,2011-07-07 00:04:16.517864968,0.07142857142857142
Case24,Create Purchase Order,res_c251adc0-cfdc-4666-88c5-225fc69168db,Role 4,2011-07-07 02:49:13.937171420,50,0,res_c251adc0-cfdc-4666-88c5-225fc69168db,2011-07-07 02:25:02.384338420,0.0
Case21,Choose best option,res_7f504b31-097e-4ac2-a7ed-009586f8bd03,Role 1,2011-07-07 02:50:53.506704589,51,0,res_7f504b31-097e-4ac2-a7ed-009586f8bd03,2011-07-06 20:09:00.812945589,0.07142857142857142
Case20,Release Purchase Order,res_bd616672-25a3-4e30-9fc1-5ebe35494627,Role 1,2011-07-07 05:06:15.517648547,51,0,res_bd616672-25a3-4e30-9fc1-5ebe35494627,2011-07-07 05:05:17.262457547,0.14285714285714285
Case40,Create Purchase Requisition,res_34468ceb-4568-4fd1-aa00-6716f6e8a85b,Role 1,2011-07-07 05:06:58.513950582,51,0,res_34468ceb-4568-4fd1-aa00-6716f6e8a85b,2011-07-07 04:59:24.854012582,0.07142857142857142
Case31,Choose best option,res_7d95b5d8-8efa-4b36-b04e-cf2c389cb754,Role 1,2011-07-07 08:04:38.762095968,50,1,res_7d95b5d8-8efa-4b36-b04e-cf2c389cb754,2011-07-07 00:04:16.554606968,0.07142857142857142
Case40,Create Request for Quotation,res_390ce441-578d-4a54-b334-edd2dfb5a552,Role 3,2011-07-07 10:02:54.166432582,51,0,res_390ce441-578d-4a54-b334-edd2dfb5a552,2011-07-07 09:42:37.423403582,0.0
Case41,Create Purchase Requisition,res_dc04fc79-1da4-4556-bf8f-9f5eee53fc94,Role 1,2011-07-07 10:04:17.218909431,52,0,res_dc04fc79-1da4-4556-bf8f-9f5eee53fc94,2011-07-07 09:56:25.420776431,0.0
Case33,Send Request for Quotation to Supplier,res_e5ce286e-828a-4d7d-b23c-cea274f817d5,Role 4,2011-07-07 12:56:55.250757284,51,0,res_e5ce286e-828a-4d7d-b23c-cea274f817d5,2011-07-07 09:47:09.202218284,0.0
Case17,Send Invoice,res_47695c52-10c1-49f2-91ef-e7714376bc65,Role 2,2011-07-07 13:04:23.434046758,52,0,res_47695c52-10c1-49f2-91ef-e7714376bc65,2011-07-07 13:00:24.354483758,0.0
Case21,Settle Conditions With Supplier,res_baff0735-8a2c-4232-8ff8-e542cc82ea59,Role 4,2011-07-07 15:02:44.176811589,52,1,res_baff0735-8a2c-4232-8ff8-e542cc82ea59,2011-07-07 14:52:45.647785589,0.0
Case16,Deliver Goods Services,res_47695c52-10c1-49f2-91ef-e7714376bc65,Role 2,2011-07-07 15:43:28.127225475,52,2,res_47695c52-10c1-49f2-91ef-e7714376bc65,2011-07-07 15:42:27.936650475,0.0
Case23,Analyze Request for Quotation,res_e5ce286e-828a-4d7d-b23c-cea274f817d5,Role 4,2011-07-07 15:59:26.652760438,52,0,res_e5ce286e-828a-4d7d-b23c-cea274f817d5,2011-07-07 15:43:00.174976438,0.0
Case42,Create Purchase Requisition,res_34468ceb-4568-4fd1-aa00-6716f6e8a85b,Role 1,2011-07-07 16:01:26.508641251,53,0,res_34468ceb-4568-4fd1-aa00-6716f6e8a85b,2011-07-07 15:53:52.428786251,0.0
Case31,Settle Conditions With Supplier,res_baff0735-8a2c-4232-8ff8-e542cc82ea59,Role 4,2011-07-07 16:04:40.749806968,53,1,res_baff0735-8a2c-4232-8ff8-e542cc82ea59,2011-07-07 15:54:49.939954968,0.3333333333333333
Case20,Approve Purchase Order for payment,res_e5ce286e-828a-4d7d-b23c-cea274f817d5,Role 4,2011-07-07 16:50:13.638469547,53,0,res_e5ce286e-828a-4d7d-b23c-cea274f817d5,2011-07-07 16:50:13.636854547,0.0
Case23,Amend Request for Quotation,res_dc04fc79-1da4-4556-bf8f-9f5eee53fc94,Role 1,2011-07-07 17:18:08.356154438,53,0,res_dc04fc79-1da4-4556-bf8f-9f5eee53fc94,2011-07-07 16:52:54.975938438,0.0
Case43,Create Purchase Requisition,res_803156c5-8ac1-488d-9311-92e7568cb249,Role 1,2011-07-07 20:17:06.274673311,54,0,res_803156c5-8ac1-488d-9311-92e7568cb249,2011-07-07 20:09:52.947675311,0.0
Case33,Create Quotation comparison Map,res_e5ce286e-828a-4d7d-b23c-cea274f817d5,Role 4,2011-07-07 20:39:33.901085284,54,0,res_e5ce286e-828a-4d7d-b23c-cea274f817d5,2011-07-07 20:22:09.614974284,0.0
Case16,Release Purchase Order,res_803156c5-8ac1-488d-9311-92e7568cb249,Role 1,2011-07-07 22:30:51.826018475,54,0,res_803156c5-8ac1-488d-9311-92e7568cb249,2011-07-07 22:29:53.853127475,0.0
Case44,Create Purchase Requisition,res_7f504b31-097e-4ac2-a7ed-009586f8bd03,Role 1,2011-07-07 22:53:41.275701389,55,0,res_7f504b31-097e-4ac2-a7ed-009586f8bd03,2011-07-07 22:46:30.230351389,0.0
Case42,Create Request for Quotation,res_2ebbf15f-b4a5-4b78-9afd-f830b20b6b6f,Role 3,2011-07-07 23:10:32.408903251,55,0,res_2ebbf15f-b4a5-4b78-9afd-f830b20b6b6f,2011-07-07 22:52:39.321056251,0.0
Case41,Analyze Purchase Requisition,res_2ebbf15f-b4a5-4b78-9afd-f830b20b6b6f,Role 3,2011-07-08 01:22:58.767829431,55,0,res_2ebbf15f-b4a5-4b78-9afd-f830b20b6b6f,2011-07-08 01:20:36.458437431,0.0
Case41,Create Request for Quotation,res_93e36446-b825-499a-92a3-e39cc0457603,Role 3,2011-07-08 01:53:53.078053431,55,0,res_93e36446-b825-499a-92a3-e39cc0457603,2011-07-08 01:28:10.011969431,0.0
Case17,Release Supplier's Invoice,res_852bb91d-e6e5-42c5-98f9-2874e0245d05,Role 5,2011-07-08 01:57:56.617735758,56,0,res_852bb91d-e6e5-42c5-98f9-2874e0245d05,2011-07-08 01:57:56.617735758,0.0
Case45,Create Purchase Requisition,res_00d4cfde-f830-4d2c-acab-0fd16f45aaf3,Role 1,2011-07-08 02:02:38.767809026,56,0,res_00d4cfde-f830-4d2c-acab-0fd16f45aaf3,2011-07-08 01:55:16.471137026,0.0
Case17,Authorize Supplier's Invoice payment,res_f06e4a8c-3726-431a-8f2d-e849c0367f1b,Role 5,2011-07-08 02:07:32.591050758,56,0,res_f06e4a8c-3726-431a-8f2d-e849c0367f1b,2011-07-08 01:57:56.687511758,0.0
Case17,Pay Invoice,res_f06e4a8c-3726-431a-8f2d-e849c0367f1b,Role 5,2011-07-08 02:38:03.546538758,56,0,res_f06e4a8c-3726-431a-8f2d-e849c0367f1b,2011-07-08 02:38:03.546538758,0.0
Case46,Create Purchase Requisition,res_7f504b31-097e-4ac2-a7ed-009586f8bd03,Role 1,2011-07-08 03:02:14.192943154,56,0,res_7f504b31-097e-4ac2-a7ed-009586f8bd03,2011-07-08 02:54:47.799294154,0.0
Case33,Analyze Quotation Comparison Map,res_c2d65c63-57eb-4360-a138-bacc13d98771,Role 1,2011-07-08 03:04:50.674438284,56,0,res_c2d65c63-57eb-4360-a138-bacc13d98771,2011-07-08 03:04:50.674438284,0.0
Case31,Create Purchase Order,res_c251adc0-cfdc-4666-88c5-225fc69168db,Role 4,2011-07-08 03:34:52.522678968,56,0,res_c251adc0-cfdc-4666-88c5-225fc69168db,2011-07-08 03:12:57.989529968,0.0
Case21,Create Purchase Order,res_c251adc0-cfdc-4666-88c5-225fc69168db,Role 4,2011-07-08 03:47:21.787347589,56,1,res_c251adc0-cfdc-4666-88c5-225fc69168db,2011-07-08 03:25:06.686018589,0.3333333333333333
Case45,Create Request for Quotation,res_93e36446-b825-499a-92a3-e39cc0457603,Role 3,2011-07-08 06:52:32.873753026,56,0,res_93e36446-b825-499a-92a3-e39cc0457603,2011-07-08 06:33:05.440693026,0.0
Case16,Approve Purchase Order for payment,res_e5ce286e-828a-4d7d-b23c-cea274f817d5,Role 4,2011-07-08 10:27:36.297984475,56,0,res_e5ce286e-828a-4d7d-b23c-cea274f817d5,2011-07-08 10:27:36.297984475,0.0
Case33,Choose best option,res_bd616672-25a3-4e30-9fc1-5ebe35494627,Role 1,2011-07-08 10:52:50.545005284,56,0,res_bd616672-25a3-4e30-9fc1-5ebe35494627,2011-07-08 03:04:50.680976284,0.0
Case32,Analyze Request for Quotation,res_c251adc0-cfdc-4666-88c5-225fc69168db,Role 4,2011-07-08 11:27:13.181137689,56,0,res_c251adc0-cfdc-4666-88c5-225fc69168db,2011-07-08 11:08:57.673471689,0.0
Case32,Amend Request for Quotation,res_808377b2-c53b-4e67-be7d-0d2f9d145cf8,Role 1,2011-07-08 12:51:18.829566689,56,0,res_808377b2-c53b-4e67-be7d-0d2f9d145cf8,2011-07-08 12:25:46.186098689,0.0
Case43,Analyze Purchase Requisition,res_390ce441-578d-4a54-b334-edd2dfb5a552,Role 3,2011-07-08 14:18:54.713047311,56,0,res_390ce441-578d-4a54-b334-edd2dfb5a552,2011-07-08 14:16:39.118115311,0.0
Case43,Create Request for Quotation,res_390ce441-578d-4a54-b334-edd2dfb5a552,Role 3,2011-07-08 14:49:57.956188311,56,0,res_390ce441-578d-4a54-b334-edd2dfb5a552,2011-07-08 14:24:20.566579311,0.0
Case36,Analyze Request for Quotation,res_c251adc0-cfdc-4666-88c5-225fc69168db,Role 4,2011-07-08 16:52:04.124552743,56,0,res_c251adc0-cfdc-4666-88c5-225fc69168db,2011-07-08 16:36:16.075802743,0.0
Case33,Settle Conditions With Supplier,res_baff0735-8a2c-4232-8ff8-e542cc82ea59,Role 4,2011-07-08 17:18:27.643368284,56,1,res_baff0735-8a2c-4232-8ff8-e542cc82ea59,2011-07-08 17:08:39.041529284,0.0
Case44,Analyze Purchase Requisition,res_93e36446-b825-499a-92a3-e39cc0457603,Role 3,2011-07-08 17:32:55.064113389,56,0,res_93e36446-b825-499a-92a3-e39cc0457603,2011-07-08 17:30:38.350056389,0.0
Case44,Create Request for Quotation,res_93e36446-b825-499a-92a3-e39cc0457603,Role 3,2011-07-08 18:03:15.231344389,56,0,res_93e36446-b825-499a-92a3-e39cc0457603,2011-07-08 17:38:17.185021389,0.0
Case36,Amend Request for Quotation,res_dc04fc79-1da4-4556-bf8f-9f5eee53fc94,Role 1,2011-07-08 18:10:46.665675743,56,0,res_dc04fc79-1da4-4556-bf8f-9f5eee53fc94,2011-07-08 17:45:49.193227743,0.0
Case20,Send Invoice,res_38e272d4-4b81-4622-bb61-0e21ca2b9e85,Role 2,2011-07-08 19:40:42.203959547,56,0,res_38e272d4-4b81-4622-bb61-0e21ca2b9e85,2011-07-08 19:36:29.257079547,0.2
Case34,Analyze Request for Quotation,res_c251adc0-cfdc-4666-88c5-225fc69168db,Role 4,2011-07-08 20:00:27.317270356,56,0,res_c251adc0-cfdc-4666-88c5-225fc69168db,2011-07-08 19:43:09.507565356,0.0
Case46,Analyze Purchase Requisition,res_390ce441-578d-4a54-b334-edd2dfb5a552,Role 3,2011-07-08 21:08:58.588716154,56,0,res_390ce441-578d-4a54-b334-edd2dfb5a552,2011-07-08 21:06:36.036254154,0.0
Case34,Amend Request for Quotation,res_9d47b47b-0964-42f6-9516-efdb73c6ed64,Role 1,2011-07-08 21:22:04.235575356,56,0,res_9d47b47b-0964-42f6-9516-efdb73c6ed64,2011-07-08 20:58:10.570403356,0.0
Case46,Create Request for Quotation,res_390ce441-578d-4a54-b334-edd2dfb5a552,Role 3,2011-07-08 21:39:23.464973154,56,0,res_390ce441-578d-4a54-b334-edd2dfb5a552,2011-07-08 21:14:29.635039154,0.0
Case24,Confirm Purchase Order,res_cf2e0146-b3da-4b3d-ae6a-8bfb80190c28,Role 2,2011-07-08 22:52:08.575080420,55,0,res_cf2e0146-b3da-4b3d-ae6a-8bfb80190c28,2011-07-08 00:32:56.960029420,0.0
Case38,Analyze Request for Quotation,res_e5ce286e-828a-4d7d-b23c-cea274f817d5,Role 4,2011-07-09 00:04:17.472146635,56,0,res_e5ce286e-828a-4d7d-b23c-cea274f817d5,2011-07-08 23:46:30.140407635,0.0
Case38,Amend Request for Quotation,res_7d95b5d8-8efa-4b36-b04e-cf2c389cb754,Role 1,2011-07-09 01:19:39.230008635,56,0,res_7d95b5d8-8efa-4b36-b04e-cf2c389cb754,2011-07-09 00:55:08.665785635,0.0
Case33,Create Purchase Order,res_e5ce286e-828a-4d7d-b23c-cea274f817d5,Role 4,2011-07-09 01:56:14.592415284,56,0,res_e5ce286e-828a-4d7d-b23c-cea274f817d5,2011-07-09 01:32:05.215583284,0.0
Case37,Analyze Request for Quotation,res_baff0735-8a2c-4232-8ff8-e542cc82ea59,Role 4,2011-07-09 03:06:58.583252243,56,0,res_baff0735-8a2c-4232-8ff8-e542cc82ea59,2011-07-09 02:49:25.172640243,0.0
Case37,Amend Request for Quotation,res_9d47b47b-0964-42f6-9516-efdb73c6ed64,Role 1,2011-07-09 04:22:11.681978243,56,0,res_9d47b47b-0964-42f6-9516-efdb73c6ed64,2011-07-09 03:57:36.294828243,0.0
Case47,Create Purchase Requisition,res_6894b22f-3b8e-4256-874b-6e3d7fb32717,Role 1,2011-07-09 07:34:52.700260505,57,0,res_6894b22f-3b8e-4256-874b-6e3d7fb32717,2011-07-09 07:27:11.623630505,0.0
Case20,Release Supplier's Invoice,res_f06e4a8c-3726-431a-8f2d-e849c0367f1b,Role 5,2011-07-09 08:29:03.229914547,57,0,res_f06e4a8c-3726-431a-8f2d-e849c0367f1b,2011-07-09 08:29:03.229914547,0.0
Case20,Authorize Supplier's Invoice payment,res_f06e4a8c-3726-431a-8f2d-e849c0367f1b,Role 5,2011-07-09 08:37:48.625784547,57,0,res_f06e4a8c-3726-431a-8f2d-e849c0367f1b,2011-07-09 08:29:03.284053547,0.0
Case39,Analyze Request for Quotation,res_c251adc0-cfdc-4666-88c5-225fc69168db,Role 4,2011-07-09 09:01:38.761696715,57,0,res_c251adc0-cfdc-4666-88c5-225fc69168db,2011-07-09 08:45:16.944811715,0.0
Case20,Pay Invoice,res_852bb91d-e6e5-42c5-98f9-2874e0245d05,Role 5,2011-07-09 09:07:22.429007547,56,0,res_852bb91d-e6e5-42c5-98f9-2874e0245d05,2011-07-09 09:07:22.429007547,0.0
Case47,Create Request for Quotation,res_93e36446-b825-499a-92a3-e39cc0457603,Role 3,2011-07-09 12:09:08.907417505,55,0,res_93e36446-b825-499a-92a3-e39cc0457603,2011-07-09 11:47:20.623546505,0.0
Case48,Create Purchase Requisition,res_6894b22f-3b8e-4256-874b-6e3d7fb32717,Role 1,2011-07-09 12:10:48.670378607,56,0,res_6894b22f-3b8e-4256-874b-6e3d7fb32717,2011-07-09 12:03:02.585238607,0.0
Case49,Create Purchase Requisition,res_6894b22f-3b8e-4256-874b-6e3d7fb32717,Role 1,2011-07-09 12:43:09.983617418,57,0,res_6894b22f-3b8e-4256-874b-6e3d7fb32717,2011-07-09 12:35:25.572134418,0.0
Case49,Create Request for Quotation,res_93e36446-b825-499a-92a3-e39cc0457603,Role 3,2011-07-09 18:24:16.575789418,57,0,res_93e36446-b825-499a-92a3-e39cc0457603,2011-07-09 18:04:22.928130418,0.0
Case21,Confirm Purchase Order,res_779f4a14-d302-40ef-ac8d-cd3151cb137b,Role 2,2011-07-09 19:54:43.695976589,56,1,res_779f4a14-d302-40ef-ac8d-cd3151cb137b,2011-07-08 21:54:26.401683589,0.2
Case50,Create Purchase Requisition,res_808377b2-c53b-4e67-be7d-0d2f9d145cf8,Role 1,2011-07-09 19:58:19.936926956,58,0,res_808377b2-c53b-4e67-be7d-0d2f9d145cf8,2011-07-09 19:51:09.217369956,0.0
Case16,Send Invoice,res_cf2e0146-b3da-4b3d-ae6a-8bfb80190c28,Role 2,2011-07-09 22:00:39.663039475,58,0,res_cf2e0146-b3da-4b3d-ae6a-8bfb80190c28,2011-07-09 21:56:32.398730475,0.2
Case48,Analyze Purchase Requisition,res_93e36446-b825-499a-92a3-e39cc0457603,Role 3,2011-07-10 03:18:56.677449607,58,0,res_93e36446-b825-499a-92a3-e39cc0457603,2011-07-10 03:16:28.510818607,0.0
Case48,Create Request for Quotation,res_93e36446-b825-499a-92a3-e39cc0457603,Role 3,2011-07-10 03:48:16.526163607,58,0,res_93e36446-b825-499a-92a3-e39cc0457603,2011-07-10 03:23:43.024518607,0.0
Case40,Analyze Request for Quotation,res_baff0735-8a2c-4232-8ff8-e542cc82ea59,Role 4,2011-07-10 05:05:25.018394582,58,0,res_baff0735-8a2c-4232-8ff8-e542cc82ea59,2011-07-10 04:49:30.642022582,0.0
Case31,Confirm Purchase Order,res_38e272d4-4b81-4622-bb61-0e21ca2b9e85,Role 2,2011-07-10 06:19:09.707336968,57,1,res_38e272d4-4b81-4622-bb61-0e21ca2b9e85,2011-07-09 08:47:12.555694968,0.2
Case51,Create Purchase Requisition,res_c2d65c63-57eb-4360-a138-bacc13d98771,Role 1,2011-07-10 07:33:41.242687911,59,0,res_c2d65c63-57eb-4360-a138-bacc13d98771,2011-07-10 07:26:08.782445911,0.0
Case16,Release Supplier's Invoice,res_852bb91d-e6e5-42c5-98f9-2874e0245d05,Role 5,2011-07-10 11:15:55.783875475,59,0,res_852bb91d-e6e5-42c5-98f9-2874e0245d05,2011-07-10 11:15:55.783875475,0.0
Case16,Authorize Supplier's Invoice payment,res_852bb91d-e6e5-42c5-98f9-2874e0245d05,Role 5,2011-07-10 11:23:59.182576475,59,0,res_852bb91d-e6e5-42c5-98f9-2874e0245d05,2011-07-10 11:15:55.836436475,0.0
Case16,Pay Invoice,res_852bb91d-e6e5-42c5-98f9-2874e0245d05,Role 5,2011-07-10 11:51:41.275389475,59,0,res_852bb91d-e6e5-42c5-98f9-2874e0245d05,2011-07-10 11:51:41.275389475,0.0
Case52,Create Purchase Requisition,res_0c43f4f8-a9b4-439e-9084-12cb40ca8578,Role 1,2011-07-10 11:59:31.506363044,59,0,res_0c43f4f8-a9b4-439e-9084-12cb40ca8578,2011-07-10 11:51:55.504189044,0.0
Case51,Create Request for Quotation,res_390ce441-578d-4a54-b334-edd2dfb5a552,Role 3,2011-07-10 12:10:56.845178911,59,0,res_390ce441-578d-4a54-b334-edd2dfb5a552,2011-07-10 11:48:01.473317911,0.0
Case50,Analyze Purchase Requisition,res_2ebbf15f-b4a5-4b78-9afd-f830b20b6b6f,Role 3,2011-07-10 13:12:54.244775956,59,0,res_2ebbf15f-b4a5-4b78-9afd-f830b20b6b6f,2011-07-10 13:10:25.693414956,0.0
Case50,Create Request for Quotation,res_390ce441-578d-4a54-b334-edd2dfb5a552,Role 3,2011-07-10 13:41:30.929023956,59,0,res_390ce441-578d-4a54-b334-edd2dfb5a552,2011-07-10 13:17:51.980183956,0.0
Case53,Create Purchase Requisition,res_bd616672-25a3-4e30-9fc1-5ebe35494627,Role 1,2011-07-10 14:34:25.838698327,60,0,res_bd616672-25a3-4e30-9fc1-5ebe35494627,2011-07-10 14:27:00.597698327,0.0
Case24,Deliver Goods Services,res_47695c52-10c1-49f2-91ef-e7714376bc65,Role 2,2011-07-10 16:23:00.766283420,60,2,res_47695c52-10c1-49f2-91ef-e7714376bc65,2011-07-10 16:22:00.508504420,0.2
Case54,Create Purchase Requisition,res_6894b22f-3b8e-4256-874b-6e3d7fb32717,Role 1,2011-07-10 17:42:51.523842483,61,0,res_6894b22f-3b8e-4256-874b-6e3d7fb32717,2011-07-10 17:35:43.832315483,0.0
Case41,Analyze Request for Quotation,res_c251adc0-cfdc-4666-88c5-225fc69168db,Role 4,2011-07-10 18:23:43.695466431,61,0,res_c251adc0-cfdc-4666-88c5-225fc69168db,2011-07-10 18:07:39.760433431,0.0
Case41,Amend Request for Quotation,res_9d47b47b-0964-42f6-9516-efdb73c6ed64,Role 1,2011-07-10 19:39:57.000314431,61,0,res_9d47b47b-0964-42f6-9516-efdb73c6ed64,2011-07-10 19:15:23.406560431,0.0
Case53,Create Request for Quotation,res_390ce441-578d-4a54-b334-edd2dfb5a552,Role 3,2011-07-10 20:22:17.487526327,61,0,res_390ce441-578d-4a54-b334-edd2dfb5a552,2011-07-10 20:01:57.259594327,0.0
Case52,Create Request for Quotation,res_93e36446-b825-499a-92a3-e39cc0457603,Role 3,2011-07-10 21:00:42.953074044,61,0,res_93e36446-b825-499a-92a3-e39cc0457603,2011-07-10 20:40:20.318346044,0.0
Case55,Create Purchase Requisition,res_c2d65c63-57eb-4360-a138-bacc13d98771,Role 1,2011-07-10 21:30:43.810549346,62,0,res_c2d65c63-57eb-4360-a138-bacc13d98771,2011-07-10 21:23:46.909191346,0.0
Case33,Confirm Purchase Order,res_00e26790-8845-4766-a5ba-1d34068f991f,Role 2,2011-07-10 23:20:49.256321284,58,1,res_00e26790-8845-4766-a5ba-1d34068f991f,2011-07-10 00:44:54.859528284,0.2
Case24,Release Purchase Order,res_4f4bb4d5-6c48-4769-8669-010e7a598051,Role 1,2011-07-10 23:25:45.412899420,62,0,res_4f4bb4d5-6c48-4769-8669-010e7a598051,2011-07-10 23:24:47.045542420,0.0
Case42,Analyze Request for Quotation,res_baff0735-8a2c-4232-8ff8-e542cc82ea59,Role 4,2011-07-11 02:21:05.002329251,62,0,res_baff0735-8a2c-4232-8ff8-e542cc82ea59,2011-07-11 02:04:44.968887251,0.0
Case55,Create Request for Quotation,res_390ce441-578d-4a54-b334-edd2dfb5a552,Role 3,2011-07-11 02:44:35.606465346,62,0,res_390ce441-578d-4a54-b334-edd2dfb5a552,2011-07-11 02:24:16.959691346,0.0
Case23,Analyze Request for Quotation,res_baff0735-8a2c-4232-8ff8-e542cc82ea59,Role 4,2011-07-11 05:14:26.637517438,62,0,res_baff0735-8a2c-4232-8ff8-e542cc82ea59,2011-07-11 04:52:37.562400438,0.0
Case37,Analyze Request for Quotation,res_e5ce286e-828a-4d7d-b23c-cea274f817d5,Role 4,2011-07-11 05:44:51.823490243,62,0,res_e5ce286e-828a-4d7d-b23c-cea274f817d5,2011-07-11 05:27:29.720717243,0.0
Case23,Amend Request for Quotation,res_c2d65c63-57eb-4360-a138-bacc13d98771,Role 1,2011-07-11 06:35:48.582695438,62,0,res_c2d65c63-57eb-4360-a138-bacc13d98771,2011-07-11 06:12:37.440728438,0.0
Case56,Create Purchase Requisition,res_808377b2-c53b-4e67-be7d-0d2f9d145cf8,Role 1,2011-07-11 06:36:19.845477155,63,0,res_808377b2-c53b-4e67-be7d-0d2f9d145cf8,2011-07-11 06:29:00.034617155,0.07142857142857142
Case37,Amend Request for Quotation,res_7f504b31-097e-4ac2-a7ed-009586f8bd03,Role 1,2011-07-11 07:01:12.495964243,63,0,res_7f504b31-097e-4ac2-a7ed-009586f8bd03,2011-07-11 06:36:52.803465243,0.0
Case21,Deliver Goods Services,res_00e26790-8845-4766-a5ba-1d34068f991f,Role 2,2011-07-11 07:27:09.949679589,63,2,res_00e26790-8845-4766-a5ba-1d34068f991f,2011-07-11 07:26:10.088625589,0.0
Case38,Analyze Request for Quotation,res_baff0735-8a2c-4232-8ff8-e542cc82ea59,Role 4,2011-07-11 09:18:49.512418635,63,0,res_baff0735-8a2c-4232-8ff8-e542cc82ea59,2011-07-11 09:01:24.922718635,0.0
Case54,Analyze Purchase Requisition,res_93e36446-b825-499a-92a3-e39cc0457603,Role 3,2011-07-11 09:28:51.177660483,62,0,res_93e36446-b825-499a-92a3-e39cc0457603,2011-07-11 09:26:25.015699483,0.0
Case54,Create Request for Quotation,res_93e36446-b825-499a-92a3-e39cc0457603,Role 3,2011-07-11 09:56:53.606030483,62,0,res_93e36446-b825-499a-92a3-e39cc0457603,2011-07-11 09:33:31.222179483,0.0
Case43,Analyze Request for Quotation,res_baff0735-8a2c-4232-8ff8-e542cc82ea59,Role 4,2011-07-11 10:37:40.659703311,62,0,res_baff0735-8a2c-4232-8ff8-e542cc82ea59,2011-07-11 10:20:44.515536311,0.0
Case24,Approve Purchase Order for payment,res_c251adc0-cfdc-4666-88c5-225fc69168db,Role 4,2011-07-11 10:42:59.211740420,61,0,res_c251adc0-cfdc-4666-88c5-225fc69168db,2011-07-11 10:42:59.209098420,0.0
Case40,Send Request for Quotation to Supplier,res_c251adc0-cfdc-4666-88c5-225fc69168db,Role 4,2011-07-11 14:01:09.463625582,61,0,res_c251adc0-cfdc-4666-88c5-225fc69168db,2011-07-11 11:18:28.202777582,0.0
Case21,Release Purchase Order,res_4f4bb4d5-6c48-4769-8669-010e7a598051,Role 1,2011-07-11 14:26:09.255196589,61,0,res_4f4bb4d5-6c48-4769-8669-010e7a598051,2011-07-11 14:25:10.972704589,0.0
Case44,Analyze Request for Quotation,res_e5ce286e-828a-4d7d-b23c-cea274f817d5,Role 4,2011-07-11 14:56:21.877310389,61,0,res_e5ce286e-828a-4d7d-b23c-cea274f817d5,2011-07-11 14:40:32.681126389,0.0
Case44,Amend Request for Quotation,res_7d95b5d8-8efa-4b36-b04e-cf2c389cb754,Role 1,2011-07-11 16:12:20.216376389,61,0,res_7d95b5d8-8efa-4b36-b04e-cf2c389cb754,2011-07-11 15:47:49.499877389,0.0
Case31,Deliver Goods Services,res_779f4a14-d302-40ef-ac8d-cd3151cb137b,Role 2,2011-07-11 16:16:49.265263968,61,2,res_779f4a14-d302-40ef-ac8d-cd3151cb137b,2011-07-11 16:15:49.157177968,0.0
Case57,Create Purchase Requisition,res_7f504b31-097e-4ac2-a7ed-009586f8bd03,Role 1,2011-07-11 16:47:58.618030080,62,0,res_7f504b31-097e-4ac2-a7ed-009586f8bd03,2011-07-11 16:40:54.370293080,0.0
Case58,Create Purchase Requisition,res_7d95b5d8-8efa-4b36-b04e-cf2c389cb754,Role 1,2011-07-11 17:51:55.148834625,63,0,res_7d95b5d8-8efa-4b36-b04e-cf2c389cb754,2011-07-11 17:44:56.253613625,0.0
Case40,Create Quotation comparison Map,res_e5ce286e-828a-4d7d-b23c-cea274f817d5,Role 4,2011-07-11 18:55:00.521751582,63,0,res_e5ce286e-828a-4d7d-b23c-cea274f817d5,2011-07-11 18:38:21.620832582,0.0
Case48,Analyze Request for Quotation,res_e5ce286e-828a-4d7d-b23c-cea274f817d5,Role 4,2011-07-11 19:29:02.442930607,63,0,res_e5ce286e-828a-4d7d-b23c-cea274f817d5,2011-07-11 19:12:57.526429607,0.0
Case34,Analyze Request for Quotation,res_baff0735-8a2c-4232-8ff8-e542cc82ea59,Role 4,2011-07-11 20:26:43.260993356,63,0,res_baff0735-8a2c-4232-8ff8-e542cc82ea59,2011-07-11 20:11:04.302978356,0.0
Case46,Analyze Request for Quotation,res_e5ce286e-828a-4d7d-b23c-cea274f817d5,Role 4,2011-07-11 20:51:00.549115154,63,0,res_e5ce286e-828a-4d7d-b23c-cea274f817d5,2011-07-11 20:34:47.481527154,0.0
Case56,Analyze Purchase Requisition,res_390ce441-578d-4a54-b334-edd2dfb5a552,Role 3,2011-07-11 21:07:42.244178155,63,0,res_390ce441-578d-4a54-b334-edd2dfb5a552,2011-07-11 21:05:11.634490155,0.0
Case56,Create Request for Quotation,res_93e36446-b825-499a-92a3-e39cc0457603,Role 3,2011-07-11 21:34:30.861056155,63,0,res_93e36446-b825-499a-92a3-e39cc0457603,2011-07-11 21:12:39.446878155,0.0
Case46,Amend Request for Quotation,res_4f4bb4d5-6c48-4769-8669-010e7a598051,Role 1,2011-07-11 22:06:19.789989154,63,0,res_4f4bb4d5-6c48-4769-8669-010e7a598051,2011-07-11 21:42:27.591465154,0.0
Case31,Release Purchase Order,res_dc04fc79-1da4-4556-bf8f-9f5eee53fc94,Role 1,2011-07-11 23:17:57.900176968,63,0,res_dc04fc79-1da4-4556-bf8f-9f5eee53fc94,2011-07-11 23:16:59.645635968,0.0
Case59,Create Purchase Requisition,res_7f504b31-097e-4ac2-a7ed-009586f8bd03,Role 1,2011-07-12 00:38:31.315001515,64,0,res_7f504b31-097e-4ac2-a7ed-009586f8bd03,2011-07-12 00:31:37.323185515,0.0
Case40,Analyze Quotation Comparison Map,res_7f504b31-097e-4ac2-a7ed-009586f8bd03,Role 1,2011-07-12 01:04:15.519201582,64,0,res_7f504b31-097e-4ac2-a7ed-009586f8bd03,2011-07-12 01:04:15.512236582,0.0
Case21,Approve Purchase Order for payment,res_e5ce286e-828a-4d7d-b23c-cea274f817d5,Role 4,2011-07-12 01:34:52.468737589,64,0,res_e5ce286e-828a-4d7d-b23c-cea274f817d5,2011-07-12 01:34:52.468737589,0.0
Case60,Create Purchase Requisition,res_00d4cfde-f830-4d2c-acab-0fd16f45aaf3,Role 1,2011-07-12 03:28:06.960295934,65,0,res_00d4cfde-f830-4d2c-acab-0fd16f45aaf3,2011-07-12 03:21:03.182936934,0.07142857142857142
Case24,Send Invoice,res_cf2e0146-b3da-4b3d-ae6a-8bfb80190c28,Role 2,2011-07-12 03:42:44.281579420,65,0,res_cf2e0146-b3da-4b3d-ae6a-8bfb80190c28,2011-07-12 03:38:43.955205420,0.0
Case59,Create Request for Quotation,res_390ce441-578d-4a54-b334-edd2dfb5a552,Role 3,2011-07-12 06:12:08.296347515,65,0,res_390ce441-578d-4a54-b334-edd2dfb5a552,2011-07-12 05:51:15.559369515,0.0
Case61,Create Purchase Requisition,res_7d95b5d8-8efa-4b36-b04e-cf2c389cb754,Role 1,2011-07-12 06:58:09.350869710,66,0,res_7d95b5d8-8efa-4b36-b04e-cf2c389cb754,2011-07-12 06:50:49.008316710,0.07142857142857142
Case45,Analyze Request for Quotation,res_baff0735-8a2c-4232-8ff8-e542cc82ea59,Role 4,2011-07-12 07:14:46.060048026,66,0,res_baff0735-8a2c-4232-8ff8-e542cc82ea59,2011-07-12 06:59:30.093794026,0.3333333333333333
Case57,Analyze Purchase Requisition,res_2ebbf15f-b4a5-4b78-9afd-f830b20b6b6f,Role 3,2011-07-12 08:12:58.028832080,66,0,res_2ebbf15f-b4a5-4b78-9afd-f830b20b6b6f,2011-07-12 08:10:38.418231080,0.0
Case40,Choose best option,res_6894b22f-3b8e-4256-874b-6e3d7fb32717,Role 1,2011-07-12 08:18:22.165322582,64,0,res_6894b22f-3b8e-4256-874b-6e3d7fb32717,2011-07-12 01:04:15.544963582,0.0
Case45,Amend Request for Quotation,res_4f4bb4d5-6c48-4769-8669-010e7a598051,Role 1,2011-07-12 08:28:42.578047026,66,0,res_4f4bb4d5-6c48-4769-8669-010e7a598051,2011-07-12 08:03:27.322789026,0.07142857142857142
Case60,Create Request for Quotation,res_2ebbf15f-b4a5-4b78-9afd-f830b20b6b6f,Role 3,2011-07-12 08:35:39.352235934,66,0,res_2ebbf15f-b4a5-4b78-9afd-f830b20b6b6f,2011-07-12 08:13:54.807657934,0.0
Case57,Create Request for Quotation,res_390ce441-578d-4a54-b334-edd2dfb5a552,Role 3,2011-07-12 08:41:22.779723080,66,1,res_390ce441-578d-4a54-b334-edd2dfb5a552,2011-07-12 08:17:37.552660080,0.3333333333333333
Case42,Send Request for Quotation to Supplier,res_c251adc0-cfdc-4666-88c5-225fc69168db,Role 4,2011-07-12 09:01:09.672975251,65,0,res_c251adc0-cfdc-4666-88c5-225fc69168db,2011-07-12 06:16:29.390016251,0.0
Case58,Analyze Purchase Requisition,res_390ce441-578d-4a54-b334-edd2dfb5a552,Role 3,2011-07-12 09:21:51.753036625,66,0,res_390ce441-578d-4a54-b334-edd2dfb5a552,2011-07-12 09:19:30.655406625,0.0
Case58,Create Request for Quotation,res_93e36446-b825-499a-92a3-e39cc0457603,Role 3,2011-07-12 09:50:05.969723625,66,0,res_93e36446-b825-499a-92a3-e39cc0457603,2011-07-12 09:26:32.831886625,0.0
Case31,Approve Purchase Order for payment,res_baff0735-8a2c-4232-8ff8-e542cc82ea59,Role 4,2011-07-12 10:04:28.314017968,66,0,res_baff0735-8a2c-4232-8ff8-e542cc82ea59,2011-07-12 10:04:28.314017968,0.0
Case33,Deliver Goods Services,res_cf2e0146-b3da-4b3d-ae6a-8bfb80190c28,Role 2,2011-07-12 10:18:01.382211284,66,2,res_cf2e0146-b3da-4b3d-ae6a-8bfb80190c28,2011-07-12 10:17:01.288547284,0.0
Case37,Analyze Request for Quotation,res_e5ce286e-828a-4d7d-b23c-cea274f817d5,Role 4,2011-07-12 11:49:30.840618243,66,0,res_e5ce286e-828a-4d7d-b23c-cea274f817d5,2011-07-12 11:32:47.047348243,0.0
Case50,Analyze Request for Quotation,res_e5ce286e-828a-4d7d-b23c-cea274f817d5,Role 4,2011-07-12 12:27:58.260809956,66,0,res_e5ce286e-828a-4d7d-b23c-cea274f817d5,2011-07-12 12:11:11.980214956,0.0
Case37,Amend Request for Quotation,res_808377b2-c53b-4e67-be7d-0d2f9d145cf8,Role 1,2011-07-12 13:06:43.723709243,66,0,res_808377b2-c53b-4e67-be7d-0d2f9d145cf8,2011-07-12 12:41:49.921573243,0.0
Case62,Create Purchase Requisition,res_4d387bfd-5044-4f88-a05f-c122ca9bace9,Role 1,2011-07-12 13:22:17.539568344,67,0,res_4d387bfd-5044-4f88-a05f-c122ca9bace9,2011-07-12 13:14:56.300015344,0.0
Case50,Amend Request for Quotation,res_dc04fc79-1da4-4556-bf8f-9f5eee53fc94,Role 1,2011-07-12 13:42:13.336790956,67,0,res_dc04fc79-1da4-4556-bf8f-9f5eee53fc94,2011-07-12 13:17:48.810175956,0.07142857142857142
Case42,Create Quotation comparison Map,res_c251adc0-cfdc-4666-88c5-225fc69168db,Role 4,2011-07-12 14:24:09.462036251,67,0,res_c251adc0-cfdc-4666-88c5-225fc69168db,2011-07-12 14:09:17.777015251,0.0
Case40,Settle Conditions With Supplier,res_e5ce286e-828a-4d7d-b23c-cea274f817d5,Role 4,2011-07-12 15:41:18.565234582,67,1,res_e5ce286e-828a-4d7d-b23c-cea274f817d5,2011-07-12 15:31:24.997840582,0.3333333333333333
Case24,Release Supplier's Invoice,res_852bb91d-e6e5-42c5-98f9-2874e0245d05,Role 5,2011-07-12 16:14:01.312332420,67,0,res_852bb91d-e6e5-42c5-98f9-2874e0245d05,2011-07-12 16:14:01.312332420,0.0
Case24,Authorize Supplier's Invoice payment,res_852bb91d-e6e5-42c5-98f9-2874e0245d05,Role 5,2011-07-12 16:22:37.868576420,67,0,res_852bb91d-e6e5-42c5-98f9-2874e0245d05,2011-07-12 16:14:01.386299420,0.0
Case32,Analyze Request for Quotation,res_c251adc0-cfdc-4666-88c5-225fc69168db,Role 4,2011-07-12 16:28:13.954656689,67,0,res_c251adc0-cfdc-4666-88c5-225fc69168db,2011-07-12 16:11:45.144748689,0.3333333333333333
Case24,Pay Invoice,res_f06e4a8c-3726-431a-8f2d-e849c0367f1b,Role 5,2011-07-12 16:50:33.327314420,67,0,res_f06e4a8c-3726-431a-8f2d-e849c0367f1b,2011-07-12 16:50:33.327314420,0.0
Case49,Analyze Request for Quotation,res_c251adc0-cfdc-4666-88c5-225fc69168db,Role 4,2011-07-12 16:53:07.357330418,67,0,res_c251adc0-cfdc-4666-88c5-225fc69168db,2011-07-12 16:36:36.136458418,0.3333333333333333
Case63,Create Purchase Requisition,res_9d47b47b-0964-42f6-9516-efdb73c6ed64,Role 1,2011-07-12 17:09:52.940976921,67,0,res_9d47b47b-0964-42f6-9516-efdb73c6ed64,2011-07-12 17:02:51.360441921,0.0
Case33,Release Purchase Order,res_9d47b47b-0964-42f6-9516-efdb73c6ed64,Role 1,2011-07-12 17:17:52.244225284,67,0,res_9d47b47b-0964-42f6-9516-efdb73c6ed64,2011-07-12 17:16:53.790294284,0.0
Case32,Amend Request for Quotation,res_00d4cfde-f830-4d2c-acab-0fd16f45aaf3,Role 1,2011-07-12 17:43:32.536546689,67,0,res_00d4cfde-f830-4d2c-acab-0fd16f45aaf3,2011-07-12 17:18:52.654591689,0.0
Case34,Send Request for Quotation to Supplier,res_baff0735-8a2c-4232-8ff8-e542cc82ea59,Role 4,2011-07-12 18:03:05.692321356,67,0,res_baff0735-8a2c-4232-8ff8-e542cc82ea59,2011-07-12 14:26:27.965966356,0.0
Case62,Create Request for Quotation,res_390ce441-578d-4a54-b334-edd2dfb5a552,Role 3,2011-07-12 19:43:05.073103344,67,0,res_390ce441-578d-4a54-b334-edd2dfb5a552,2011-07-12 19:22:40.636447344,0.0
Case21,Send Invoice,res_779f4a14-d302-40ef-ac8d-cd3151cb137b,Role 2,2011-07-12 20:08:03.982545589,67,0,res_779f4a14-d302-40ef-ac8d-cd3151cb137b,2011-07-12 20:03:37.055189589,0.0
Case42,Analyze Quotation Comparison Map,res_bd616672-25a3-4e30-9fc1-5ebe35494627,Role 1,2011-07-12 20:36:26.530828251,67,0,res_bd616672-25a3-4e30-9fc1-5ebe35494627,2011-07-12 20:36:26.530828251,0.0
Case61,Analyze Purchase Requisition,res_2ebbf15f-b4a5-4b78-9afd-f830b20b6b6f,Role 3,2011-07-12 21:26:09.356576710,67,0,res_2ebbf15f-b4a5-4b78-9afd-f830b20b6b6f,2011-07-12 21:23:44.331901710,0.0
Case61,Create Request for Quotation,res_93e36446-b825-499a-92a3-e39cc0457603,Role 3,2011-07-12 21:53:46.215360710,67,0,res_93e36446-b825-499a-92a3-e39cc0457603,2011-07-12 21:31:13.222037710,0.0
Case54,Analyze Request for Quotation,res_c251adc0-cfdc-4666-88c5-225fc69168db,Role 4,2011-07-12 22:20:45.903192483,67,0,res_c251adc0-cfdc-4666-88c5-225fc69168db,2011-07-12 22:04:05.067020483,0.0
Case34,Create Quotation comparison Map,res_e5ce286e-828a-4d7d-b23c-cea274f817d5,Role 4,2011-07-12 23:00:07.304001356,67,0,res_e5ce286e-828a-4d7d-b23c-cea274f817d5,2011-07-12 22:44:50.501794356,0.0
Case23,Analyze Request for Quotation,res_e5ce286e-828a-4d7d-b23c-cea274f817d5,Role 4,2011-07-12 23:19:20.424986438,67,0,res_e5ce286e-828a-4d7d-b23c-cea274f817d5,2011-07-12 23:04:37.061008438,0.3333333333333333
Case54,Amend Request for Quotation,res_bd616672-25a3-4e30-9fc1-5ebe35494627,Role 1,2011-07-12 23:34:47.002739483,67,0,res_bd616672-25a3-4e30-9fc1-5ebe35494627,2011-07-12 23:10:46.580567483,0.07142857142857142
Case40,Create Purchase Order,res_baff0735-8a2c-4232-8ff8-e542cc82ea59,Role 4,2011-07-13 00:20:17.602459582,66,0,res_baff0735-8a2c-4232-8ff8-e542cc82ea59,2011-07-12 23:58:15.576339582,0.3333333333333333
Case64,Create Purchase Requisition,res_808377b2-c53b-4e67-be7d-0d2f9d145cf8,Role 1,2011-07-13 02:09:21.553340929,67,0,res_808377b2-c53b-4e67-be7d-0d2f9d145cf8,2011-07-13 02:02:16.772379929,0.07142857142857142
Case65,Create Purchase Requisition,res_4d387bfd-5044-4f88-a05f-c122ca9bace9,Role 1,2011-07-13 02:15:06.925839856,68,1,res_4d387bfd-5044-4f88-a05f-c122ca9bace9,2011-07-13 02:08:11.500260856,0.14285714285714285
Case48,Send Request for Quotation to Supplier,res_baff0735-8a2c-4232-8ff8-e542cc82ea59,Role 4,2011-07-13 02:49:38.698178607,67,0,res_baff0735-8a2c-4232-8ff8-e542cc82ea59,2011-07-12 22:53:45.022389607,0.3333333333333333
Case66,Create Purchase Requisition,res_34468ceb-4568-4fd1-aa00-6716f6e8a85b,Role 1,2011-07-13 02:59:29.992712199,69,0,res_34468ceb-4568-4fd1-aa00-6716f6e8a85b,2011-07-13 02:52:21.938806199,0.07142857142857142
Case31,Send Invoice,res_cf2e0146-b3da-4b3d-ae6a-8bfb80190c28,Role 2,2011-07-13 03:20:07.923663968,69,0,res_cf2e0146-b3da-4b3d-ae6a-8bfb80190c28,2011-07-13 03:16:04.017299968,0.0
Case67,Create Purchase Requisition,res_c2d65c63-57eb-4360-a138-bacc13d98771,Role 1,2011-07-13 03:23:36.636760087,70,0,res_c2d65c63-57eb-4360-a138-bacc13d98771,2011-07-13 03:16:26.903790087,0.07142857142857142
Case53,Analyze Request for Quotation,res_e5ce286e-828a-4d7d-b23c-cea274f817d5,Role 4,2011-07-13 03:33:22.287099327,69,0,res_e5ce286e-828a-4d7d-b23c-cea274f817d5,2011-07-13 03:14:48.098356327,0.0
Case42,Choose best option,res_34468ceb-4568-4fd1-aa00-6716f6e8a85b,Role 1,2011-07-13 03:35:35.519232251,67,0,res_34468ceb-4568-4fd1-aa00-6716f6e8a85b,2011-07-12 20:36:26.567037251,0.0
Case33,Approve Purchase Order for payment,res_e5ce286e-828a-4d7d-b23c-cea274f817d5,Role 4,2011-07-13 04:43:39.588330284,70,0,res_e5ce286e-828a-4d7d-b23c-cea274f817d5,2011-07-13 04:43:39.588330284,0.0
Case53,Amend Request for Quotation,res_7d95b5d8-8efa-4b36-b04e-cf2c389cb754,Role 1,2011-07-13 04:50:45.543519327,70,0,res_7d95b5d8-8efa-4b36-b04e-cf2c389cb754,2011-07-13 04:26:17.431084327,0.0
Case47,Analyze Request for Quotation,res_c251adc0-cfdc-4666-88c5-225fc69168db,Role 4,2011-07-13 05:46:21.210304505,70,0,res_c251adc0-cfdc-4666-88c5-225fc69168db,2011-07-13 05:28:44.852797505,0.0
Case68,Create Purchase Requisition,res_9d47b47b-0964-42f6-9516-efdb73c6ed64,Role 1,2011-07-13 05:53:24.645209304,71,0,res_9d47b47b-0964-42f6-9516-efdb73c6ed64,2011-07-13 05:46:01.318766304,0.0
Case34,Analyze Quotation Comparison Map,res_808377b2-c53b-4e67-be7d-0d2f9d145cf8,Role 1,2011-07-13 06:03:30.915694356,71,0,res_808377b2-c53b-4e67-be7d-0d2f9d145cf8,2011-07-13 06:03:30.912924356,0.0
Case36,Analyze Request for Quotation,res_c251adc0-cfdc-4666-88c5-225fc69168db,Role 4,2011-07-13 06:54:23.812378743,71,0,res_c251adc0-cfdc-4666-88c5-225fc69168db,2011-07-13 06:36:06.521895743,0.0
Case47,Amend Request for Quotation,res_34468ceb-4568-4fd1-aa00-6716f6e8a85b,Role 1,2011-07-13 07:01:33.372276505,71,0,res_34468ceb-4568-4fd1-aa00-6716f6e8a85b,2011-07-13 06:36:33.454867505,0.07142857142857142
Case65,Create Request for Quotation,res_2ebbf15f-b4a5-4b78-9afd-f830b20b6b6f,Role 3,2011-07-13 07:33:27.297691856,71,0,res_2ebbf15f-b4a5-4b78-9afd-f830b20b6b6f,2011-07-13 07:12:40.401598856,0.0
Case36,Amend Request for Quotation,res_6894b22f-3b8e-4256-874b-6e3d7fb32717,Role 1,2011-07-13 08:11:35.863577743,71,0,res_6894b22f-3b8e-4256-874b-6e3d7fb32717,2011-07-13 07:47:36.500182743,0.07142857142857142
Case48,Create Quotation comparison Map,res_c251adc0-cfdc-4666-88c5-225fc69168db,Role 4,2011-07-13 08:12:52.585396607,71,0,res_c251adc0-cfdc-4666-88c5-225fc69168db,2011-07-13 07:55:02.250998607,0.0
Case67,Create Request for Quotation,res_390ce441-578d-4a54-b334-edd2dfb5a552,Role 3,2011-07-13 08:31:40.784686087,71,0,res_390ce441-578d-4a54-b334-edd2dfb5a552,2011-07-13 08:10:52.187396087,0.0
Case63,Analyze Purchase Requisition,res_390ce441-578d-4a54-b334-edd2dfb5a552,Role 3,2011-07-13 09:06:26.346803921,71,0,res_390ce441-578d-4a54-b334-edd2dfb5a552,2011-07-13 09:04:11.611782921,0.0
Case21,Release Supplier's Invoice,res_f06e4a8c-3726-431a-8f2d-e849c0367f1b,Role 5,2011-07-13 09:14:34.730967589,71,0,res_f06e4a8c-3726-431a-8f2d-e849c0367f1b,2011-07-13 09:14:34.730967589,0.0
Case21,Authorize Supplier's Invoice payment,res_852bb91d-e6e5-42c5-98f9-2874e0245d05,Role 5,2011-07-13 09:22:47.244474589,71,0,res_852bb91d-e6e5-42c5-98f9-2874e0245d05,2011-07-13 09:14:34.795316589,0.0
Case63,Create Request for Quotation,res_390ce441-578d-4a54-b334-edd2dfb5a552,Role 3,2011-07-13 09:35:51.973589921,71,0,res_390ce441-578d-4a54-b334-edd2dfb5a552,2011-07-13 09:11:18.238497921,0.0
Case21,Pay Invoice,res_f06e4a8c-3726-431a-8f2d-e849c0367f1b,Role 5,2011-07-13 09:52:07.375466589,71,0,res_f06e4a8c-3726-431a-8f2d-e849c0367f1b,2011-07-13 09:52:07.375466589,0.0
Case68,Create Request for Quotation,res_390ce441-578d-4a54-b334-edd2dfb5a552,Role 3,2011-07-13 10:53:10.434700304,70,0,res_390ce441-578d-4a54-b334-edd2dfb5a552,2011-07-13 10:31:55.874556304,0.0
Case69,Create Purchase Requisition,res_00d4cfde-f830-4d2c-acab-0fd16f45aaf3,Role 1,2011-07-13 10:55:07.075372731,71,0,res_00d4cfde-f830-4d2c-acab-0fd16f45aaf3,2011-07-13 10:47:33.442749731,0.07142857142857142
Case42,Settle Conditions With Supplier,res_baff0735-8a2c-4232-8ff8-e542cc82ea59,Role 4,2011-07-13 12:57:58.632705251,71,1,res_baff0735-8a2c-4232-8ff8-e542cc82ea59,2011-07-13 12:48:00.353770251,0.0
Case34,Choose best option,res_4d387bfd-5044-4f88-a05f-c122ca9bace9,Role 1,2011-07-13 13:10:17.293109356,71,0,res_4d387bfd-5044-4f88-a05f-c122ca9bace9,2011-07-13 06:03:30.941394356,0.0
Case48,Analyze Quotation Comparison Map,res_4d387bfd-5044-4f88-a05f-c122ca9bace9,Role 1,2011-07-13 14:15:35.684958607,71,0,res_4d387bfd-5044-4f88-a05f-c122ca9bace9,2011-07-13 14:15:35.684958607,0.0
Case45,Analyze Request for Quotation,res_c251adc0-cfdc-4666-88c5-225fc69168db,Role 4,2011-07-13 15:00:42.855438026,71,0,res_c251adc0-cfdc-4666-88c5-225fc69168db,2011-07-13 14:44:55.780963026,0.0
Case51,Analyze Request for Quotation,res_c251adc0-cfdc-4666-88c5-225fc69168db,Role 4,2011-07-13 15:27:25.628907911,71,0,res_c251adc0-cfdc-4666-88c5-225fc69168db,2011-07-13 15:11:16.367176911,0.0
Case55,Analyze Request for Quotation,res_e5ce286e-828a-4d7d-b23c-cea274f817d5,Role 4,2011-07-13 15:39:25.844092346,71,1,res_e5ce286e-828a-4d7d-b23c-cea274f817d5,2011-07-13 15:23:57.759394346,0.3333333333333333
Case31,Release Supplier's Invoice,res_f06e4a8c-3726-431a-8f2d-e849c0367f1b,Role 5,2011-07-13 16:09:22.223587968,70,0,res_f06e4a8c-3726-431a-8f2d-e849c0367f1b,2011-07-13 16:09:22.223587968,0.0
Case31,Authorize Supplier's Invoice payment,res_f06e4a8c-3726-431a-8f2d-e849c0367f1b,Role 5,2011-07-13 16:17:55.030582968,70,0,res_f06e4a8c-3726-431a-8f2d-e849c0367f1b,2011-07-13 16:09:22.311630968,0.0
Case45,Amend Request for Quotation,res_7f504b31-097e-4ac2-a7ed-009586f8bd03,Role 1,2011-07-13 16:21:11.425559026,70,0,res_7f504b31-097e-4ac2-a7ed-009586f8bd03,2011-07-13 15:56:36.682425026,0.07142857142857142
Case56,Analyze Request for Quotation,res_e5ce286e-828a-4d7d-b23c-cea274f817d5,Role 4,2011-07-13 16:30:44.056950155,70,1,res_e5ce286e-828a-4d7d-b23c-cea274f817d5,2011-07-13 16:16:15.528122155,0.3333333333333333
Case41,Analyze Request for Quotation,res_baff0735-8a2c-4232-8ff8-e542cc82ea59,Role 4,2011-07-13 16:31:46.162542431,70,0,res_baff0735-8a2c-4232-8ff8-e542cc82ea59,2011-07-13 16:14:55.017679431,0.0
Case51,Amend Request for Quotation,res_34468ceb-4568-4fd1-aa00-6716f6e8a85b,Role 1,2011-07-13 16:44:15.955306911,70,1,res_34468ceb-4568-4fd1-aa00-6716f6e8a85b,2011-07-13 16:19:48.065622911,0.14285714285714285
Case31,Pay Invoice,res_f06e4a8c-3726-431a-8f2d-e849c0367f1b,Role 5,2011-07-13 16:45:28.686469968,70,0,res_f06e4a8c-3726-431a-8f2d-e849c0367f1b,2011-07-13 16:45:28.686469968,0.0
Case69,Create Request for Quotation,res_2ebbf15f-b4a5-4b78-9afd-f830b20b6b6f,Role 3,2011-07-13 16:46:57.760450731,70,0,res_2ebbf15f-b4a5-4b78-9afd-f830b20b6b6f,2011-07-13 16:26:50.358571731,0.0
Case52,Analyze Request for Quotation,res_e5ce286e-828a-4d7d-b23c-cea274f817d5,Role 4,2011-07-13 16:53:37.546858044,70,0,res_e5ce286e-828a-4d7d-b23c-cea274f817d5,2011-07-13 16:36:28.007000044,0.0
Case46,Analyze Request for Quotation,res_baff0735-8a2c-4232-8ff8-e542cc82ea59,Role 4,2011-07-13 17:46:18.483967154,68,0,res_baff0735-8a2c-4232-8ff8-e542cc82ea59,2011-07-13 17:30:30.238794154,0.0
Case64,Analyze Purchase Requisition,res_2ebbf15f-b4a5-4b78-9afd-f830b20b6b6f,Role 3,2011-07-13 18:06:53.296962929,67,0,res_2ebbf15f-b4a5-4b78-9afd-f830b20b6b6f,2011-07-13 18:04:35.185227929,0.0
Case64,Create Request for Quotation,res_2ebbf15f-b4a5-4b78-9afd-f830b20b6b6f,Role 3,2011-07-13 18:35:45.971337929,67,0,res_2ebbf15f-b4a5-4b78-9afd-f830b20b6b6f,2011-07-13 18:12:19.050450929,0.0
Case66,Analyze Purchase Requisition,res_390ce441-578d-4a54-b334-edd2dfb5a552,Role 3,2011-07-13 18:46:00.228237199,67,0,res_390ce441-578d-4a54-b334-edd2dfb5a552,2011-07-13 18:43:41.561578199,0.0
Case57,Analyze Request for Quotation,res_e5ce286e-828a-4d7d-b23c-cea274f817d5,Role 4,2011-07-13 19:05:51.080984080,67,0,res_e5ce286e-828a-4d7d-b23c-cea274f817d5,2011-07-13 18:50:31.887015080,0.0
Case66,Create Request for Quotation,res_390ce441-578d-4a54-b334-edd2dfb5a552,Role 3,2011-07-13 19:14:52.425089199,67,0,res_390ce441-578d-4a54-b334-edd2dfb5a552,2011-07-13 18:51:26.271345199,0.0
Case57,Amend Request for Quotation,res_7d95b5d8-8efa-4b36-b04e-cf2c389cb754,Role 1,2011-07-13 20:20:33.122141080,67,0,res_7d95b5d8-8efa-4b36-b04e-cf2c389cb754,2011-07-13 19:56:26.269501080,0.07142857142857142
Case44,Analyze Request for Quotation,res_baff0735-8a2c-4232-8ff8-e542cc82ea59,Role 4,2011-07-13 21:39:18.979112389,67,0,res_baff0735-8a2c-4232-8ff8-e542cc82ea59,2011-07-13 21:21:43.089892389,0.0
Case48,Choose best option,res_803156c5-8ac1-488d-9311-92e7568cb249,Role 1,2011-07-13 22:04:41.893987607,71,0,res_803156c5-8ac1-488d-9311-92e7568cb249,2011-07-13 14:15:35.724864607,0.0
Case33,Send Invoice,res_cf2e0146-b3da-4b3d-ae6a-8bfb80190c28,Role 2,2011-07-13 22:56:08.236631284,66,0,res_cf2e0146-b3da-4b3d-ae6a-8bfb80190c28,2011-07-13 22:51:37.595534284,0.2
Case34,Settle Conditions With Supplier,res_baff0735-8a2c-4232-8ff8-e542cc82ea59,Role 4,2011-07-13 23:18:20.224962356,66,1,res_baff0735-8a2c-4232-8ff8-e542cc82ea59,2011-07-13 23:08:14.915454356,0.0
Case58,Analyze Request for Quotation,res_e5ce286e-828a-4d7d-b23c-cea274f817d5,Role 4,2011-07-14 00:38:01.552251625,66,0,res_e5ce286e-828a-4d7d-b23c-cea274f817d5,2011-07-14 00:20:36.894244625,0.0
Case42,Create Purchase Order,res_baff0735-8a2c-4232-8ff8-e542cc82ea59,Role 4,2011-07-14 01:15:15.755415251,65,0,res_baff0735-8a2c-4232-8ff8-e542cc82ea59,2011-07-14 00:50:38.788356251,0.0
Case54,Analyze Request for Quotation,res_c251adc0-cfdc-4666-88c5-225fc69168db,Role 4,2011-07-14 06:12:28.677992483,65,0,res_c251adc0-cfdc-4666-88c5-225fc69168db,2011-07-14 05:54:36.273668483,0.3333333333333333
Case49,Send Request for Quotation to Supplier,res_baff0735-8a2c-4232-8ff8-e542cc82ea59,Role 4,2011-07-14 08:03:57.701966418,65,0,res_baff0735-8a2c-4232-8ff8-e542cc82ea59,2011-07-14 04:43:30.342947418,0.0
Case37,Analyze Request for Quotation,res_c251adc0-cfdc-4666-88c5-225fc69168db,Role 4,2011-07-14 08:38:19.240174243,64,0,res_c251adc0-cfdc-4666-88c5-225fc69168db,2011-07-14 08:22:20.031352243,0.0
Case48,Settle Conditions With Supplier,res_baff0735-8a2c-4232-8ff8-e542cc82ea59,Role 4,2011-07-14 08:38:31.691453607,64,1,res_baff0735-8a2c-4232-8ff8-e542cc82ea59,2011-07-14 08:28:10.832965607,0.3333333333333333
Case37,Amend Request for Quotation,res_7d95b5d8-8efa-4b36-b04e-cf2c389cb754,Role 1,2011-07-14 10:20:00.674897243,64,0,res_7d95b5d8-8efa-4b36-b04e-cf2c389cb754,2011-07-14 09:56:17.910988243,0.0
Case34,Create Purchase Order,res_c251adc0-cfdc-4666-88c5-225fc69168db,Role 4,2011-07-14 10:55:43.713037356,64,0,res_c251adc0-cfdc-4666-88c5-225fc69168db,2011-07-14 10:36:13.839333356,0.0
Case33,Release Supplier's Invoice,res_852bb91d-e6e5-42c5-98f9-2874e0245d05,Role 5,2011-07-14 12:18:26.329191284,64,0,res_852bb91d-e6e5-42c5-98f9-2874e0245d05,2011-07-14 12:18:26.329191284,0.0
Case33,Authorize Supplier's Invoice payment,res_f06e4a8c-3726-431a-8f2d-e849c0367f1b,Role 5,2011-07-14 12:27:07.731326284,64,0,res_f06e4a8c-3726-431a-8f2d-e849c0367f1b,2011-07-14 12:18:26.419872284,0.0
Case33,Pay Invoice,res_f06e4a8c-3726-431a-8f2d-e849c0367f1b,Role 5,2011-07-14 12:55:36.000937284,64,0,res_f06e4a8c-3726-431a-8f2d-e849c0367f1b,2011-07-14 12:55:36.000937284,0.0
Case49,Create Quotation comparison Map,res_baff0735-8a2c-4232-8ff8-e542cc82ea59,Role 4,2011-07-14 16:22:26.072611418,63,0,res_baff0735-8a2c-4232-8ff8-e542cc82ea59,2011-07-14 16:04:58.253143418,0.0
Case50,Analyze Request for Quotation,res_e5ce286e-828a-4d7d-b23c-cea274f817d5,Role 4,2011-07-14 16:56:13.172810956,63,0,res_e5ce286e-828a-4d7d-b23c-cea274f817d5,2011-07-14 16:38:48.660387956,0.0
Case60,Analyze Request for Quotation,res_c251adc0-cfdc-4666-88c5-225fc69168db,Role 4,2011-07-14 17:05:52.102263934,63,1,res_c251adc0-cfdc-4666-88c5-225fc69168db,2011-07-14 16:49:44.520371934,0.3333333333333333
Case60,Amend Request for Quotation,res_7f504b31-097e-4ac2-a7ed-009586f8bd03,Role 1,2011-07-14 18:21:56.761431934,63,0,res_7f504b31-097e-4ac2-a7ed-009586f8bd03,2011-07-14 17:57:33.020076934,0.0
Case40,Confirm Purchase Order,res_00e26790-8845-4766-a5ba-1d34068f991f,Role 2,2011-07-14 18:48:51.430810582,67,0,res_00e26790-8845-4766-a5ba-1d34068f991f,2011-07-13 21:08:46.904737582,0.0
Case70,Create Purchase Requisition,res_9d47b47b-0964-42f6-9516-efdb73c6ed64,Role 1,2011-07-14 22:01:00.806359112,64,0,res_9d47b47b-0964-42f6-9516-efdb73c6ed64,2011-07-14 21:53:52.765751112,0.0
Case49,Analyze Quotation Comparison Map,res_803156c5-8ac1-488d-9311-92e7568cb249,Role 1,2011-07-14 22:43:45.722215418,64,0,res_803156c5-8ac1-488d-9311-92e7568cb249,2011-07-14 22:43:45.722215418,0.0
Case32,Analyze Request for Quotation,res_c251adc0-cfdc-4666-88c5-225fc69168db,Role 4,2011-07-14 23:03:43.478029689,64,0,res_c251adc0-cfdc-4666-88c5-225fc69168db,2011-07-14 22:40:23.535917689,0.3333333333333333
Case61,Analyze Request for Quotation,res_c251adc0-cfdc-4666-88c5-225fc69168db,Role 4,2011-07-14 23:40:54.056588710,64,0,res_c251adc0-cfdc-4666-88c5-225fc69168db,2011-07-14 23:24:35.393291710,0.3333333333333333
Case41,Send Request for Quotation to Supplier,res_e5ce286e-828a-4d7d-b23c-cea274f817d5,Role 4,2011-07-15 00:00:11.637236431,63,0,res_e5ce286e-828a-4d7d-b23c-cea274f817d5,2011-07-14 19:55:19.782014431,0.0
Case48,Create Purchase Order,res_baff0735-8a2c-4232-8ff8-e542cc82ea59,Role 4,2011-07-15 00:12:13.231117607,64,0,res_baff0735-8a2c-4232-8ff8-e542cc82ea59,2011-07-14 23:50:24.118518607,0.3333333333333333
Case71,Create Purchase Requisition,res_803156c5-8ac1-488d-9311-92e7568cb249,Role 1,2011-07-15 00:26:29.548021126,65,0,res_803156c5-8ac1-488d-9311-92e7568cb249,2011-07-15 00:19:16.666687126,0.07142857142857142
Case61,Amend Request for Quotation,res_6894b22f-3b8e-4256-874b-6e3d7fb32717,Role 1,2011-07-15 00:57:12.258476710,65,0,res_6894b22f-3b8e-4256-874b-6e3d7fb32717,2011-07-15 00:32:50.543996710,0.07142857142857142
Case53,Analyze Request for Quotation,res_e5ce286e-828a-4d7d-b23c-cea274f817d5,Role 4,2011-07-15 03:46:16.417597327,65,0,res_e5ce286e-828a-4d7d-b23c-cea274f817d5,2011-07-15 03:27:23.582612327,0.0
Case72,Create Purchase Requisition,res_c2d65c63-57eb-4360-a138-bacc13d98771,Role 1,2011-07-15 04:27:55.897575386,66,0,res_c2d65c63-57eb-4360-a138-bacc13d98771,2011-07-15 04:20:27.359705386,0.07142857142857142
Case36,Analyze Request for Quotation,res_baff0735-8a2c-4232-8ff8-e542cc82ea59,Role 4,2011-07-15 04:28:42.079772743,65,0,res_baff0735-8a2c-4232-8ff8-e542cc82ea59,2011-07-15 04:05:33.284438743,0.0
Case53,Amend Request for Quotation,res_7f504b31-097e-4ac2-a7ed-009586f8bd03,Role 1,2011-07-15 05:09:21.330862327,66,0,res_7f504b31-097e-4ac2-a7ed-009586f8bd03,2011-07-15 04:44:46.508209327,0.07142857142857142
Case62,Analyze Request for Quotation,res_e5ce286e-828a-4d7d-b23c-cea274f817d5,Role 4,2011-07-15 05:14:17.529660344,66,0,res_e5ce286e-828a-4d7d-b23c-cea274f817d5,2011-07-15 04:54:54.413778344,0.0
Case49,Choose best option,res_808377b2-c53b-4e67-be7d-0d2f9d145cf8,Role 1,2011-07-15 06:36:03.203237418,64,0,res_808377b2-c53b-4e67-be7d-0d2f9d145cf8,2011-07-14 22:43:45.746414418,0.0
Case41,Create Quotation comparison Map,res_baff0735-8a2c-4232-8ff8-e542cc82ea59,Role 4,2011-07-15 07:36:41.913023431,66,0,res_baff0735-8a2c-4232-8ff8-e542cc82ea59,2011-07-15 07:19:13.036278431,0.3333333333333333
Case72,Create Request for Quotation,res_390ce441-578d-4a54-b334-edd2dfb5a552,Role 3,2011-07-15 09:06:53.290472386,66,0,res_390ce441-578d-4a54-b334-edd2dfb5a552,2011-07-15 08:46:19.665956386,0.0
Case56,Send Request for Quotation to Supplier,res_c251adc0-cfdc-4666-88c5-225fc69168db,Role 4,2011-07-15 10:35:30.576552155,66,0,res_c251adc0-cfdc-4666-88c5-225fc69168db,2011-07-15 07:04:13.579518155,0.0
Case63,Analyze Request for Quotation,res_c251adc0-cfdc-4666-88c5-225fc69168db,Role 4,2011-07-15 10:38:39.249211921,66,0,res_c251adc0-cfdc-4666-88c5-225fc69168db,2011-07-15 10:22:26.287052921,0.3333333333333333
Case59,Analyze Request for Quotation,res_c251adc0-cfdc-4666-88c5-225fc69168db,Role 4,2011-07-15 11:10:32.833193515,66,0,res_c251adc0-cfdc-4666-88c5-225fc69168db,2011-07-15 10:54:20.815673515,0.0
Case45,Analyze Request for Quotation,res_c251adc0-cfdc-4666-88c5-225fc69168db,Role 4,2011-07-15 12:36:33.885993026,65,0,res_c251adc0-cfdc-4666-88c5-225fc69168db,2011-07-15 12:19:27.990775026,0.0
Case49,Settle Conditions With Supplier,res_c251adc0-cfdc-4666-88c5-225fc69168db,Role 4,2011-07-15 14:07:58.649272418,64,1,res_c251adc0-cfdc-4666-88c5-225fc69168db,2011-07-15 13:58:03.877720418,0.0
Case41,Analyze Quotation Comparison Map,res_00d4cfde-f830-4d2c-acab-0fd16f45aaf3,Role 1,2011-07-15 14:11:34.323997431,64,0,res_00d4cfde-f830-4d2c-acab-0fd16f45aaf3,2011-07-15 14:11:34.323997431,0.0
Case70,Analyze Purchase Requisition,res_93e36446-b825-499a-92a3-e39cc0457603,Role 3,2011-07-15 15:49:21.276691112,64,0,res_93e36446-b825-499a-92a3-e39cc0457603,2011-07-15 15:47:04.392123112,0.0
Case70,Create Request for Quotation,res_390ce441-578d-4a54-b334-edd2dfb5a552,Role 3,2011-07-15 16:20:05.583934112,64,0,res_390ce441-578d-4a54-b334-edd2dfb5a552,2011-07-15 15:54:54.938775112,0.0
Case47,Analyze Request for Quotation,res_baff0735-8a2c-4232-8ff8-e542cc82ea59,Role 4,2011-07-15 16:47:50.135032505,64,0,res_baff0735-8a2c-4232-8ff8-e542cc82ea59,2011-07-15 16:29:51.847432505,0.0
Case71,Analyze Purchase Requisition,res_2ebbf15f-b4a5-4b78-9afd-f830b20b6b6f,Role 3,2011-07-15 18:34:49.358462126,64,0,res_2ebbf15f-b4a5-4b78-9afd-f830b20b6b6f,2011-07-15 18:32:28.942997126,0.0
Case56,Create Quotation comparison Map,res_c251adc0-cfdc-4666-88c5-225fc69168db,Role 4,2011-07-15 19:03:02.202391155,64,0,res_c251adc0-cfdc-4666-88c5-225fc69168db,2011-07-15 18:44:31.027856155,0.0
Case71,Create Request for Quotation,res_390ce441-578d-4a54-b334-edd2dfb5a552,Role 3,2011-07-15 19:05:16.190362126,64,0,res_390ce441-578d-4a54-b334-edd2dfb5a552,2011-07-15 18:40:23.470543126,0.0
Case41,Choose best option,res_00d4cfde-f830-4d2c-acab-0fd16f45aaf3,Role 1,2011-07-15 21:16:38.617410431,64,0,res_00d4cfde-f830-4d2c-acab-0fd16f45aaf3,2011-07-15 14:11:34.361503431,0.0
Case42,Confirm Purchase Order,res_779f4a14-d302-40ef-ac8d-cd3151cb137b,Role 2,2011-07-15 23:57:18.723530251,65,0,res_779f4a14-d302-40ef-ac8d-cd3151cb137b,2011-07-15 01:39:11.145817251,0.0
Case49,Create Purchase Order,res_baff0735-8a2c-4232-8ff8-e542cc82ea59,Role 4,2011-07-16 00:03:20.810802418,64,0,res_baff0735-8a2c-4232-8ff8-e542cc82ea59,2011-07-15 23:39:01.425433418,0.0
Case56,Analyze Quotation Comparison Map,res_808377b2-c53b-4e67-be7d-0d2f9d145cf8,Role 1,2011-07-16 01:24:31.848052155,64,0,res_808377b2-c53b-4e67-be7d-0d2f9d145cf8,2011-07-16 01:24:31.848052155,0.0
Case34,Confirm Purchase Order,res_779f4a14-d302-40ef-ac8d-cd3151cb137b,Role 2,2011-07-16 03:58:36.851097356,65,1,res_779f4a14-d302-40ef-ac8d-cd3151cb137b,2011-07-15 04:08:51.570555356,0.2
Case50,Send Request for Quotation to Supplier,res_e5ce286e-828a-4d7d-b23c-cea274f817d5,Role 4,2011-07-16 08:41:21.234006956,64,0,res_e5ce286e-828a-4d7d-b23c-cea274f817d5,2011-07-16 05:04:16.355678956,0.0
Case64,Analyze Request for Quotation,res_c251adc0-cfdc-4666-88c5-225fc69168db,Role 4,2011-07-16 09:27:37.500439929,64,0,res_c251adc0-cfdc-4666-88c5-225fc69168db,2011-07-16 09:10:59.052845929,0.0
Case69,Analyze Request for Quotation,res_baff0735-8a2c-4232-8ff8-e542cc82ea59,Role 4,2011-07-16 09:59:27.900123731,64,0,res_baff0735-8a2c-4232-8ff8-e542cc82ea59,2011-07-16 09:41:34.027865731,0.0
Case56,Choose best option,res_7d95b5d8-8efa-4b36-b04e-cf2c389cb754,Role 1,2011-07-16 10:28:08.056967155,64,0,res_7d95b5d8-8efa-4b36-b04e-cf2c389cb754,2011-07-16 01:24:31.879738155,0.0
Case51,Analyze Request for Quotation,res_c251adc0-cfdc-4666-88c5-225fc69168db,Role 4,2011-07-16 10:31:28.871302911,64,0,res_c251adc0-cfdc-4666-88c5-225fc69168db,2011-07-16 10:12:26.298094911,0.0
Case64,Amend Request for Quotation,res_7f504b31-097e-4ac2-a7ed-009586f8bd03,Role 1,2011-07-16 10:45:16.518655929,64,0,res_7f504b31-097e-4ac2-a7ed-009586f8bd03,2011-07-16 10:19:57.983187929,0.07142857142857142
Case66,Analyze Request for Quotation,res_c251adc0-cfdc-4666-88c5-225fc69168db,Role 4,2011-07-16 10:46:21.222388199,64,1,res_c251adc0-cfdc-4666-88c5-225fc69168db,2011-07-16 10:30:25.887951199,0.3333333333333333
Case57,Analyze Request for Quotation,res_baff0735-8a2c-4232-8ff8-e542cc82ea59,Role 4,2011-07-16 12:14:34.634248080,64,0,res_baff0735-8a2c-4232-8ff8-e542cc82ea59,2011-07-16 11:56:55.113791080,0.0
Case73,Create Purchase Requisition,res_808377b2-c53b-4e67-be7d-0d2f9d145cf8,Role 1,2011-07-16 13:58:12.128251500,64,0,res_808377b2-c53b-4e67-be7d-0d2f9d145cf8,2011-07-16 13:50:34.839220500,0.0
Case41,Settle Conditions With Supplier,res_baff0735-8a2c-4232-8ff8-e542cc82ea59,Role 4,2011-07-16 14:02:14.011411431,64,1,res_baff0735-8a2c-4232-8ff8-e542cc82ea59,2011-07-16 13:52:20.230211431,0.0
Case40,Deliver Goods Services,res_cf2e0146-b3da-4b3d-ae6a-8bfb80190c28,Role 2,2011-07-16 14:35:30.609324582,64,2,res_cf2e0146-b3da-4b3d-ae6a-8bfb80190c28,2011-07-16 14:34:30.463871582,0.2
Case37,Analyze Request for Quotation,res_c251adc0-cfdc-4666-88c5-225fc69168db,Role 4,2011-07-16 16:11:23.532517243,64,0,res_c251adc0-cfdc-4666-88c5-225fc69168db,2011-07-16 15:55:59.181177243,0.0
Case56,Settle Conditions With Supplier,res_e5ce286e-828a-4d7d-b23c-cea274f817d5,Role 4,2011-07-16 16:45:15.494749155,64,1,res_e5ce286e-828a-4d7d-b23c-cea274f817d5,2011-07-16 16:35:22.767374155,0.0
Case50,Create Quotation comparison Map,res_e5ce286e-828a-4d7d-b23c-cea274f817d5,Role 4,2011-07-16 17:19:48.619766956,64,0,res_e5ce286e-828a-4d7d-b23c-cea274f817d5,2011-07-16 17:01:50.824054956,0.0
Case73,Create Request for Quotation,res_2ebbf15f-b4a5-4b78-9afd-f830b20b6b6f,Role 3,2011-07-16 19:49:45.882997500,64,0,res_2ebbf15f-b4a5-4b78-9afd-f830b20b6b6f,2011-07-16 19:30:20.749824500,0.0
Case40,Release Purchase Order,res_7d95b5d8-8efa-4b36-b04e-cf2c389cb754,Role 1,2011-07-16 21:35:28.728081582,64,0,res_7d95b5d8-8efa-4b36-b04e-cf2c389cb754,2011-07-16 21:34:30.496874582,0.0
Case48,Confirm Purchase Order,res_779f4a14-d302-40ef-ac8d-cd3151cb137b,Role 2,2011-07-16 22:19:08.720456607,64,1,res_779f4a14-d302-40ef-ac8d-cd3151cb137b,2011-07-16 00:27:35.126929607,0.2
Case50,Analyze Quotation Comparison Map,res_803156c5-8ac1-488d-9311-92e7568cb249,Role 1,2011-07-16 23:46:22.022330956,64,0,res_803156c5-8ac1-488d-9311-92e7568cb249,2011-07-16 23:46:22.022330956,0.0
Case56,Create Purchase Order,res_e5ce286e-828a-4d7d-b23c-cea274f817d5,Role 4,2011-07-17 00:43:46.773426155,64,0,res_e5ce286e-828a-4d7d-b23c-cea274f817d5,2011-07-17 00:21:49.756355155,0.3333333333333333
Case41,Create Purchase Order,res_c251adc0-cfdc-4666-88c5-225fc69168db,Role 4,2011-07-17 01:14:17.345323431,64,0,res_c251adc0-cfdc-4666-88c5-225fc69168db,2011-07-17 00:51:47.757305431,0.3333333333333333
Case36,Send Request for Quotation to Supplier,res_c251adc0-cfdc-4666-88c5-225fc69168db,Role 4,2011-07-17 04:01:06.573762743,64,0,res_c251adc0-cfdc-4666-88c5-225fc69168db,2011-07-17 00:06:22.569512743,0.0
Case50,Choose best option,res_7d95b5d8-8efa-4b36-b04e-cf2c389cb754,Role 1,2011-07-17 06:10:01.625124956,64,0,res_7d95b5d8-8efa-4b36-b04e-cf2c389cb754,2011-07-16 23:46:22.049744956,0.0
Case53,Analyze Request for Quotation,res_baff0735-8a2c-4232-8ff8-e542cc82ea59,Role 4,2011-07-17 09:14:27.309337327,64,0,res_baff0735-8a2c-4232-8ff8-e542cc82ea59,2011-07-17 08:57:17.047852327,0.3333333333333333
Case40,Approve Purchase Order for payment,res_baff0735-8a2c-4232-8ff8-e542cc82ea59,Role 4,2011-07-17 10:04:35.099409582,64,0,res_baff0735-8a2c-4232-8ff8-e542cc82ea59,2011-07-17 10:04:35.087764582,1.0
Case53,Amend Request for Quotation,res_7f504b31-097e-4ac2-a7ed-009586f8bd03,Role 1,2011-07-17 10:30:37.650514327,64,0,res_7f504b31-097e-4ac2-a7ed-009586f8bd03,2011-07-17 10:05:20.873286327,0.0
Case62,Send Request for Quotation to Supplier,res_baff0735-8a2c-4232-8ff8-e542cc82ea59,Role 4,2011-07-17 11:20:52.028682344,64,0,res_baff0735-8a2c-4232-8ff8-e542cc82ea59,2011-07-17 08:30:45.160259344,0.0
Case36,Create Quotation comparison Map,res_e5ce286e-828a-4d7d-b23c-cea274f817d5,Role 4,2011-07-17 11:22:44.362089743,64,0,res_e5ce286e-828a-4d7d-b23c-cea274f817d5,2011-07-17 11:05:50.503154743,1.0
Case47,Send Request for Quotation to Supplier,res_c251adc0-cfdc-4666-88c5-225fc69168db,Role 4,2011-07-17 12:32:56.585396505,64,1,res_c251adc0-cfdc-4666-88c5-225fc69168db,2011-07-17 09:03:03.845170505,0.6666666666666666
Case32,Send Request for Quotation to Supplier,res_e5ce286e-828a-4d7d-b23c-cea274f817d5,Role 4,2011-07-17 12:36:51.595866689,64,2,res_e5ce286e-828a-4d7d-b23c-cea274f817d5,2011-07-17 09:46:19.472916689,0.6666666666666666
Case34,Deliver Goods Services,res_47695c52-10c1-49f2-91ef-e7714376bc65,Role 2,2011-07-17 14:41:37.934732356,64,2,res_47695c52-10c1-49f2-91ef-e7714376bc65,2011-07-17 14:40:37.637945356,0.2
Case50,Settle Conditions With Supplier,res_c251adc0-cfdc-4666-88c5-225fc69168db,Role 4,2011-07-17 16:39:34.246342956,64,1,res_c251adc0-cfdc-4666-88c5-225fc69168db,2011-07-17 16:29:37.147854956,0.0
Case36,Analyze Quotation Comparison Map,res_6894b22f-3b8e-4256-874b-6e3d7fb32717,Role 1,2011-07-17 17:50:19.650083743,64,0,res_6894b22f-3b8e-4256-874b-6e3d7fb32717,2011-07-17 17:50:19.650083743,0.0
Case62,Create Quotation comparison Map,res_baff0735-8a2c-4232-8ff8-e542cc82ea59,Role 4,2011-07-17 18:14:31.955191344,64,0,res_baff0735-8a2c-4232-8ff8-e542cc82ea59,2011-07-17 17:58:06.085108344,0.0
Case47,Create Quotation comparison Map,res_baff0735-8a2c-4232-8ff8-e542cc82ea59,Role 4,2011-07-17 20:11:59.548338505,64,0,res_baff0735-8a2c-4232-8ff8-e542cc82ea59,2011-07-17 19:53:49.258343505,0.0
Case34,Release Purchase Order,res_c2d65c63-57eb-4360-a138-bacc13d98771,Role 1,2011-07-17 21:38:35.917002356,64,0,res_c2d65c63-57eb-4360-a138-bacc13d98771,2011-07-17 21:37:37.570986356,0.07142857142857142
Case42,Deliver Goods Services,res_779f4a14-d302-40ef-ac8d-cd3151cb137b,Role 2,2011-07-17 21:50:21.254627251,64,2,res_779f4a14-d302-40ef-ac8d-cd3151cb137b,2011-07-17 21:49:20.935301251,0.6
Case32,Create Quotation comparison Map,res_baff0735-8a2c-4232-8ff8-e542cc82ea59,Role 4,2011-07-17 23:13:02.809612689,64,0,res_baff0735-8a2c-4232-8ff8-e542cc82ea59,2011-07-17 22:54:27.900097689,0.3333333333333333
Case65,Analyze Request for Quotation,res_c251adc0-cfdc-4666-88c5-225fc69168db,Role 4,2011-07-17 23:30:56.924524856,64,0,res_c251adc0-cfdc-4666-88c5-225fc69168db,2011-07-17 23:15:41.213585856,0.3333333333333333
Case36,Choose best option,res_7d95b5d8-8efa-4b36-b04e-cf2c389cb754,Role 1,2011-07-18 00:24:44.686703743,64,0,res_7d95b5d8-8efa-4b36-b04e-cf2c389cb754,2011-07-17 17:50:19.691154743,0.0
Case50,Create Purchase Order,res_e5ce286e-828a-4d7d-b23c-cea274f817d5,Role 4,2011-07-18 00:33:29.463664956,64,0,res_e5ce286e-828a-4d7d-b23c-cea274f817d5,2011-07-18 00:17:22.047103956,0.3333333333333333
Case65,Amend Request for Quotation,res_7d95b5d8-8efa-4b36-b04e-cf2c389cb754,Role 1,2011-07-18 00:45:47.350122856,64,0,res_7d95b5d8-8efa-4b36-b04e-cf2c389cb754,2011-07-18 00:21:30.237314856,0.07142857142857142
Case62,Analyze Quotation Comparison Map,res_9d47b47b-0964-42f6-9516-efdb73c6ed64,Role 1,2011-07-18 00:47:06.191000344,64,0,res_9d47b47b-0964-42f6-9516-efdb73c6ed64,2011-07-18 00:47:06.190619344,0.0
Case63,Send Request for Quotation to Supplier,res_c251adc0-cfdc-4666-88c5-225fc69168db,Role 4,2011-07-18 00:52:44.657054921,64,0,res_c251adc0-cfdc-4666-88c5-225fc69168db,2011-07-17 21:13:01.180137921,0.0
Case49,Confirm Purchase Order,res_779f4a14-d302-40ef-ac8d-cd3151cb137b,Role 2,2011-07-18 01:07:54.619467418,64,0,res_779f4a14-d302-40ef-ac8d-cd3151cb137b,2011-07-17 02:18:41.530998418,0.0
Case47,Analyze Quotation Comparison Map,res_7d95b5d8-8efa-4b36-b04e-cf2c389cb754,Role 1,2011-07-18 02:54:33.049578505,64,0,res_7d95b5d8-8efa-4b36-b04e-cf2c389cb754,2011-07-18 02:54:33.049578505,0.07142857142857142
Case42,Release Purchase Order,res_808377b2-c53b-4e67-be7d-0d2f9d145cf8,Role 1,2011-07-18 04:44:05.990250251,64,0,res_808377b2-c53b-4e67-be7d-0d2f9d145cf8,2011-07-18 04:43:07.708550251,0.14285714285714285
Case51,Send Request for Quotation to Supplier,res_c251adc0-cfdc-4666-88c5-225fc69168db,Role 4,2011-07-18 05:03:40.322494911,64,0,res_c251adc0-cfdc-4666-88c5-225fc69168db,2011-07-18 01:29:11.938573911,0.0
Case61,Analyze Request for Quotation,res_e5ce286e-828a-4d7d-b23c-cea274f817d5,Role 4,2011-07-18 05:38:43.671947710,64,0,res_e5ce286e-828a-4d7d-b23c-cea274f817d5,2011-07-18 05:21:44.499230710,0.3333333333333333
Case63,Create Quotation comparison Map,res_e5ce286e-828a-4d7d-b23c-cea274f817d5,Role 4,2011-07-18 05:45:20.398404921,64,0,res_e5ce286e-828a-4d7d-b23c-cea274f817d5,2011-07-18 05:24:39.705046921,0.6666666666666666
Case67,Analyze Request for Quotation,res_c251adc0-cfdc-4666-88c5-225fc69168db,Role 4,2011-07-18 06:24:28.807655087,64,0,res_c251adc0-cfdc-4666-88c5-225fc69168db,2011-07-18 06:09:39.005916087,0.3333333333333333
Case32,Analyze Quotation Comparison Map,res_7f504b31-097e-4ac2-a7ed-009586f8bd03,Role 1,2011-07-18 06:28:01.324653689,64,0,res_7f504b31-097e-4ac2-a7ed-009586f8bd03,2011-07-18 06:28:01.324653689,0.14285714285714285
Case37,Send Request for Quotation to Supplier,res_c251adc0-cfdc-4666-88c5-225fc69168db,Role 4,2011-07-18 06:39:02.095169243,64,1,res_c251adc0-cfdc-4666-88c5-225fc69168db,2011-07-18 03:19:47.802421243,0.3333333333333333
Case53,Analyze Request for Quotation,res_e5ce286e-828a-4d7d-b23c-cea274f817d5,Role 4,2011-07-18 06:52:47.723280327,64,0,res_e5ce286e-828a-4d7d-b23c-cea274f817d5,2011-07-18 06:30:34.051482327,0.3333333333333333
Case61,Amend Request for Quotation,res_dc04fc79-1da4-4556-bf8f-9f5eee53fc94,Role 1,2011-07-18 06:55:18.785675710,64,0,res_dc04fc79-1da4-4556-bf8f-9f5eee53fc94,2011-07-18 06:31:06.774248710,0.21428571428571427
Case34,Approve Purchase Order for payment,res_e5ce286e-828a-4d7d-b23c-cea274f817d5,Role 4,2011-07-18 08:25:12.328264356,63,0,res_e5ce286e-828a-4d7d-b23c-cea274f817d5,2011-07-18 08:25:12.324395356,0.0
Case62,Choose best option,res_7f504b31-097e-4ac2-a7ed-009586f8bd03,Role 1,2011-07-18 08:36:51.965145344,64,0,res_7f504b31-097e-4ac2-a7ed-009586f8bd03,2011-07-18 00:47:06.228155344,0.0
Case48,Deliver Goods Services,res_38e272d4-4b81-4622-bb61-0e21ca2b9e85,Role 2,2011-07-18 08:53:09.349055607,63,2,res_38e272d4-4b81-4622-bb61-0e21ca2b9e85,2011-07-18 08:52:09.211882607,0.4
Case68,Analyze Request for Quotation,res_e5ce286e-828a-4d7d-b23c-cea274f817d5,Role 4,2011-07-18 09:48:10.644460304,63,0,res_e5ce286e-828a-4d7d-b23c-cea274f817d5,2011-07-18 09:33:14.823059304,0.0
Case36,Settle Conditions With Supplier,res_baff0735-8a2c-4232-8ff8-e542cc82ea59,Role 4,2011-07-18 10:17:30.752964743,63,1,res_baff0735-8a2c-4232-8ff8-e542cc82ea59,2011-07-18 10:07:24.687249743,0.0
Case51,Create Quotation comparison Map,res_c251adc0-cfdc-4666-88c5-225fc69168db,Role 4,2011-07-18 10:46:43.904164911,63,0,res_c251adc0-cfdc-4666-88c5-225fc69168db,2011-07-18 10:29:37.528965911,0.0
Case68,Amend Request for Quotation,res_34468ceb-4568-4fd1-aa00-6716f6e8a85b,Role 1,2011-07-18 11:03:41.462771304,63,0,res_34468ceb-4568-4fd1-aa00-6716f6e8a85b,2011-07-18 10:38:20.137320304,0.14285714285714285
Case40,Send Invoice,res_38e272d4-4b81-4622-bb61-0e21ca2b9e85,Role 2,2011-07-18 11:08:30.652355582,63,0,res_38e272d4-4b81-4622-bb61-0e21ca2b9e85,2011-07-18 11:04:41.067046582,0.4
Case47,Choose best option,res_7d95b5d8-8efa-4b36-b04e-cf2c389cb754,Role 1,2011-07-18 11:37:05.482980505,64,1,res_7d95b5d8-8efa-4b36-b04e-cf2c389cb754,2011-07-18 02:54:33.086261505,0.07142857142857142
Case63,Analyze Quotation Comparison Map,res_0c43f4f8-a9b4-439e-9084-12cb40ca8578,Role 1,2011-07-18 11:51:48.128139921,63,0,res_0c43f4f8-a9b4-439e-9084-12cb40ca8578,2011-07-18 11:51:48.127639921,0.07142857142857142
Case32,Choose best option,res_c2d65c63-57eb-4360-a138-bacc13d98771,Role 1,2011-07-18 12:40:10.490388689,64,2,res_c2d65c63-57eb-4360-a138-bacc13d98771,2011-07-18 06:28:01.366293689,0.14285714285714285
Case74,Create Purchase Requisition,res_6894b22f-3b8e-4256-874b-6e3d7fb32717,Role 1,2011-07-18 12:46:35.908466593,64,0,res_6894b22f-3b8e-4256-874b-6e3d7fb32717,2011-07-18 12:39:14.632008593,0.14285714285714285
Case60,Analyze Request for Quotation,res_e5ce286e-828a-4d7d-b23c-cea274f817d5,Role 4,2011-07-18 14:43:29.504306934,64,0,res_e5ce286e-828a-4d7d-b23c-cea274f817d5,2011-07-18 14:27:44.693387934,0.3333333333333333
Case37,Create Quotation comparison Map,res_c251adc0-cfdc-4666-88c5-225fc69168db,Role 4,2011-07-18 14:52:12.967723243,64,0,res_c251adc0-cfdc-4666-88c5-225fc69168db,2011-07-18 14:35:57.650427243,0.6666666666666666
Case62,Settle Conditions With Supplier,res_c251adc0-cfdc-4666-88c5-225fc69168db,Role 4,2011-07-18 15:07:34.860478344,63,1,res_c251adc0-cfdc-4666-88c5-225fc69168db,2011-07-18 14:57:38.013765344,0.3333333333333333
Case69,Send Request for Quotation to Supplier,res_c251adc0-cfdc-4666-88c5-225fc69168db,Role 4,2011-07-18 15:27:23.018020731,63,0,res_c251adc0-cfdc-4666-88c5-225fc69168db,2011-07-18 12:33:23.888717731,0.0
Case48,Release Purchase Order,res_803156c5-8ac1-488d-9311-92e7568cb249,Role 1,2011-07-18 15:49:45.643628607,63,0,res_803156c5-8ac1-488d-9311-92e7568cb249,2011-07-18 15:48:47.332777607,0.07142857142857142
Case42,Approve Purchase Order for payment,res_baff0735-8a2c-4232-8ff8-e542cc82ea59,Role 4,2011-07-18 16:11:17.162309251,63,0,res_baff0735-8a2c-4232-8ff8-e542cc82ea59,2011-07-18 16:11:17.162309251,0.0
Case72,Analyze Request for Quotation,res_e5ce286e-828a-4d7d-b23c-cea274f817d5,Role 4,2011-07-18 17:09:16.936998386,63,0,res_e5ce286e-828a-4d7d-b23c-cea274f817d5,2011-07-18 16:54:38.283864386,0.3333333333333333
Case70,Analyze Request for Quotation,res_e5ce286e-828a-4d7d-b23c-cea274f817d5,Role 4,2011-07-18 17:13:51.704794112,63,1,res_e5ce286e-828a-4d7d-b23c-cea274f817d5,2011-07-18 16:58:56.807897112,0.6666666666666666
Case51,Analyze Quotation Comparison Map,res_4d387bfd-5044-4f88-a05f-c122ca9bace9,Role 1,2011-07-18 17:19:30.340716911,63,0,res_4d387bfd-5044-4f88-a05f-c122ca9bace9,2011-07-18 17:19:30.340716911,0.07142857142857142
Case41,Confirm Purchase Order,res_47695c52-10c1-49f2-91ef-e7714376bc65,Role 2,2011-07-18 17:45:14.865306431,64,1,res_47695c52-10c1-49f2-91ef-e7714376bc65,2011-07-17 19:58:26.390563431,0.2
Case70,Amend Request for Quotation,res_4d387bfd-5044-4f88-a05f-c122ca9bace9,Role 1,2011-07-18 18:29:49.313013112,63,0,res_4d387bfd-5044-4f88-a05f-c122ca9bace9,2011-07-18 18:05:46.144432112,0.14285714285714285
Case74,Create Request for Quotation,res_390ce441-578d-4a54-b334-edd2dfb5a552,Role 3,2011-07-18 18:34:04.921474593,63,0,res_390ce441-578d-4a54-b334-edd2dfb5a552,2011-07-18 18:12:23.287719593,0.0
Case56,Confirm Purchase Order,res_47695c52-10c1-49f2-91ef-e7714376bc65,Role 2,2011-07-18 18:47:54.009084155,64,2,res_47695c52-10c1-49f2-91ef-e7714376bc65,2011-07-17 21:12:44.853227155,0.4
Case66,Send Request for Quotation to Supplier,res_baff0735-8a2c-4232-8ff8-e542cc82ea59,Role 4,2011-07-18 20:13:42.840769199,63,0,res_baff0735-8a2c-4232-8ff8-e542cc82ea59,2011-07-18 16:50:04.897424199,0.0
Case36,Create Purchase Order,res_baff0735-8a2c-4232-8ff8-e542cc82ea59,Role 4,2011-07-18 20:23:45.727855743,63,0,res_baff0735-8a2c-4232-8ff8-e542cc82ea59,2011-07-18 20:06:47.247130743,0.3333333333333333
Case63,Choose best option,res_803156c5-8ac1-488d-9311-92e7568cb249,Role 1,2011-07-18 20:40:19.263185921,63,1,res_803156c5-8ac1-488d-9311-92e7568cb249,2011-07-18 11:51:48.171899921,0.07142857142857142
Case69,Create Quotation comparison Map,res_e5ce286e-828a-4d7d-b23c-cea274f817d5,Role 4,2011-07-18 20:54:01.310850731,63,0,res_e5ce286e-828a-4d7d-b23c-cea274f817d5,2011-07-18 20:36:19.463160731,0.0
Case47,Settle Conditions With Supplier,res_e5ce286e-828a-4d7d-b23c-cea274f817d5,Role 4,2011-07-18 21:00:44.516714505,63,1,res_e5ce286e-828a-4d7d-b23c-cea274f817d5,2011-07-18 20:50:38.761233505,0.3333333333333333
Case62,Create Purchase Order,res_c251adc0-cfdc-4666-88c5-225fc69168db,Role 4,2011-07-18 21:42:23.851150344,63,0,res_c251adc0-cfdc-4666-88c5-225fc69168db,2011-07-18 21:20:56.699635344,0.0
Case37,Analyze Quotation Comparison Map,res_0c43f4f8-a9b4-439e-9084-12cb40ca8578,Role 1,2011-07-18 21:45:12.746957243,63,0,res_0c43f4f8-a9b4-439e-9084-12cb40ca8578,2011-07-18 21:45:12.746957243,0.07142857142857142
Case71,Analyze Request for Quotation,res_c251adc0-cfdc-4666-88c5-225fc69168db,Role 4,2011-07-18 21:47:26.460973126,63,0,res_c251adc0-cfdc-4666-88c5-225fc69168db,2011-07-18 21:31:00.970102126,0.3333333333333333
Case32,Settle Conditions With Supplier,res_c251adc0-cfdc-4666-88c5-225fc69168db,Role 4,2011-07-18 22:19:41.789366689,63,1,res_c251adc0-cfdc-4666-88c5-225fc69168db,2011-07-18 22:09:46.522446689,0.0
Case40,Release Supplier's Invoice,res_f06e4a8c-3726-431a-8f2d-e849c0367f1b,Role 5,2011-07-18 23:22:54.916320582,63,0,res_f06e4a8c-3726-431a-8f2d-e849c0367f1b,2011-07-18 23:22:54.916320582,0.0
Case40,Authorize Supplier's Invoice payment,res_f06e4a8c-3726-431a-8f2d-e849c0367f1b,Role 5,2011-07-18 23:32:21.080569582,63,0,res_f06e4a8c-3726-431a-8f2d-e849c0367f1b,2011-07-18 23:22:54.973546582,0.0
Case40,Pay Invoice,res_852bb91d-e6e5-42c5-98f9-2874e0245d05,Role 5,2011-07-19 00:00:47.181911582,63,0,res_852bb91d-e6e5-42c5-98f9-2874e0245d05,2011-07-19 00:00:47.181911582,0.0
Case66,Create Quotation comparison Map,res_e5ce286e-828a-4d7d-b23c-cea274f817d5,Role 4,2011-07-19 00:44:20.346071199,62,0,res_e5ce286e-828a-4d7d-b23c-cea274f817d5,2011-07-19 00:25:29.876142199,0.0
Case51,Choose best option,res_34468ceb-4568-4fd1-aa00-6716f6e8a85b,Role 1,2011-07-19 01:31:38.669278911,63,1,res_34468ceb-4568-4fd1-aa00-6716f6e8a85b,2011-07-18 17:19:30.390521911,0.07142857142857142
Case34,Send Invoice,res_47695c52-10c1-49f2-91ef-e7714376bc65,Role 2,2011-07-19 01:59:25.088186356,62,0,res_47695c52-10c1-49f2-91ef-e7714376bc65,2011-07-19 01:55:17.033964356,0.2
Case48,Approve Purchase Order for payment,res_c251adc0-cfdc-4666-88c5-225fc69168db,Role 4,2011-07-19 02:09:43.225472607,62,0,res_c251adc0-cfdc-4666-88c5-225fc69168db,2011-07-19 02:09:43.225472607,0.0
Case75,Create Purchase Requisition,res_4f4bb4d5-6c48-4769-8669-010e7a598051,Role 1,2011-07-19 02:23:28.459872679,63,0,res_4f4bb4d5-6c48-4769-8669-010e7a598051,2011-07-19 02:16:29.248181679,0.07142857142857142
Case69,Analyze Quotation Comparison Map,res_4f4bb4d5-6c48-4769-8669-010e7a598051,Role 1,2011-07-19 03:20:38.699751731,63,0,res_4f4bb4d5-6c48-4769-8669-010e7a598051,2011-07-19 03:20:38.695339731,0.07142857142857142
Case37,Choose best option,res_bd616672-25a3-4e30-9fc1-5ebe35494627,Role 1,2011-07-19 03:49:26.406042243,63,1,res_bd616672-25a3-4e30-9fc1-5ebe35494627,2011-07-18 21:45:12.789254243,0.07142857142857142
Case64,Analyze Request for Quotation,res_baff0735-8a2c-4232-8ff8-e542cc82ea59,Role 4,2011-07-19 04:24:39.772318929,63,0,res_baff0735-8a2c-4232-8ff8-e542cc82ea59,2011-07-19 04:06:09.859244929,0.0
Case76,Create Purchase Requisition,res_0c43f4f8-a9b4-439e-9084-12cb40ca8578,Role 1,2011-07-19 05:25:21.468929811,64,0,res_0c43f4f8-a9b4-439e-9084-12cb40ca8578,2011-07-19 05:18:08.613042811,0.14285714285714285
Case64,Amend Request for Quotation,res_4d387bfd-5044-4f88-a05f-c122ca9bace9,Role 1,2011-07-19 05:40:18.225936929,63,0,res_4d387bfd-5044-4f88-a05f-c122ca9bace9,2011-07-19 05:16:15.939913929,0.07142857142857142
Case63,Settle Conditions With Supplier,res_c251adc0-cfdc-4666-88c5-225fc69168db,Role 4,2011-07-19 05:42:03.751240921,64,1,res_c251adc0-cfdc-4666-88c5-225fc69168db,2011-07-19 05:31:51.663503921,0.0
Case65,Analyze Request for Quotation,res_c251adc0-cfdc-4666-88c5-225fc69168db,Role 4,2011-07-19 05:52:47.010048856,64,0,res_c251adc0-cfdc-4666-88c5-225fc69168db,2011-07-19 05:35:57.754840856,0.3333333333333333
Case47,Create Purchase Order,res_c251adc0-cfdc-4666-88c5-225fc69168db,Role 4,2011-07-19 06:56:21.430183505,64,0,res_c251adc0-cfdc-4666-88c5-225fc69168db,2011-07-19 06:39:15.679895505,0.0
Case32,Create Purchase Order,res_c251adc0-cfdc-4666-88c5-225fc69168db,Role 4,2011-07-19 07:03:04.456089689,64,1,res_c251adc0-cfdc-4666-88c5-225fc69168db,2011-07-19 06:45:25.697946689,0.3333333333333333
Case65,Amend Request for Quotation,res_803156c5-8ac1-488d-9311-92e7568cb249,Role 1,2011-07-19 07:07:55.904401856,64,0,res_803156c5-8ac1-488d-9311-92e7568cb249,2011-07-19 06:44:10.896986856,0.07142857142857142
Case66,Analyze Quotation Comparison Map,res_0c43f4f8-a9b4-439e-9084-12cb40ca8578,Role 1,2011-07-19 07:09:17.925388199,64,0,res_0c43f4f8-a9b4-439e-9084-12cb40ca8578,2011-07-19 07:09:17.924611199,0.07142857142857142
Case69,Choose best option,res_6894b22f-3b8e-4256-874b-6e3d7fb32717,Role 1,2011-07-19 10:55:54.517224731,63,1,res_6894b22f-3b8e-4256-874b-6e3d7fb32717,2011-07-19 03:20:38.730487731,0.07142857142857142
Case77,Create Purchase Requisition,res_0c43f4f8-a9b4-439e-9084-12cb40ca8578,Role 1,2011-07-19 11:19:53.695562399,65,0,res_0c43f4f8-a9b4-439e-9084-12cb40ca8578,2011-07-19 11:12:27.234494399,0.07142857142857142
Case61,Analyze Request for Quotation,res_baff0735-8a2c-4232-8ff8-e542cc82ea59,Role 4,2011-07-19 12:15:45.983288710,65,0,res_baff0735-8a2c-4232-8ff8-e542cc82ea59,2011-07-19 11:58:20.497263710,0.0
Case51,Settle Conditions With Supplier,res_e5ce286e-828a-4d7d-b23c-cea274f817d5,Role 4,2011-07-19 12:53:28.248979911,64,1,res_e5ce286e-828a-4d7d-b23c-cea274f817d5,2011-07-19 12:43:29.514658911,0.0
Case63,Create Purchase Order,res_c251adc0-cfdc-4666-88c5-225fc69168db,Role 4,2011-07-19 13:38:24.253630921,64,0,res_c251adc0-cfdc-4666-88c5-225fc69168db,2011-07-19 13:21:31.199622921,0.0
Case37,Settle Conditions With Supplier,res_baff0735-8a2c-4232-8ff8-e542cc82ea59,Role 4,2011-07-19 13:54:48.045061243,64,1,res_baff0735-8a2c-4232-8ff8-e542cc82ea59,2011-07-19 13:44:51.814933243,0.0
Case50,Confirm Purchase Order,res_38e272d4-4b81-4622-bb61-0e21ca2b9e85,Role 2,2011-07-19 14:28:09.424756956,63,2,res_38e272d4-4b81-4622-bb61-0e21ca2b9e85,2011-07-18 17:05:08.231167956,0.4
Case34,Release Supplier's Invoice,res_852bb91d-e6e5-42c5-98f9-2874e0245d05,Role 5,2011-07-19 14:48:11.709641356,64,0,res_852bb91d-e6e5-42c5-98f9-2874e0245d05,2011-07-19 14:48:11.709641356,0.0
Case34,Authorize Supplier's Invoice payment,res_f06e4a8c-3726-431a-8f2d-e849c0367f1b,Role 5,2011-07-19 14:56:28.232533356,64,0,res_f06e4a8c-3726-431a-8f2d-e849c0367f1b,2011-07-19 14:48:11.794621356,0.0
Case66,Choose best option,res_dc04fc79-1da4-4556-bf8f-9f5eee53fc94,Role 1,2011-07-19 15:02:39.468008199,64,1,res_dc04fc79-1da4-4556-bf8f-9f5eee53fc94,2011-07-19 07:09:17.969196199,0.07142857142857142
Case34,Pay Invoice,res_852bb91d-e6e5-42c5-98f9-2874e0245d05,Role 5,2011-07-19 15:25:06.849340356,64,0,res_852bb91d-e6e5-42c5-98f9-2874e0245d05,2011-07-19 15:25:06.849340356,0.0
Case42,Send Invoice,res_38e272d4-4b81-4622-bb61-0e21ca2b9e85,Role 2,2011-07-19 16:03:27.306287251,63,0,res_38e272d4-4b81-4622-bb61-0e21ca2b9e85,2011-07-19 15:59:30.535238251,0.2
Case75,Analyze Purchase Requisition,res_390ce441-578d-4a54-b334-edd2dfb5a552,Role 3,2011-07-19 17:31:01.574310679,63,0,res_390ce441-578d-4a54-b334-edd2dfb5a552,2011-07-19 17:28:42.342958679,0.0
Case75,Create Request for Quotation,res_2ebbf15f-b4a5-4b78-9afd-f830b20b6b6f,Role 3,2011-07-19 17:58:39.944970679,63,0,res_2ebbf15f-b4a5-4b78-9afd-f830b20b6b6f,2011-07-19 17:36:08.801416679,0.0
Case69,Settle Conditions With Supplier,res_baff0735-8a2c-4232-8ff8-e542cc82ea59,Role 4,2011-07-19 18:11:58.339476731,63,1,res_baff0735-8a2c-4232-8ff8-e542cc82ea59,2011-07-19 18:02:09.116825731,0.3333333333333333
Case67,Send Request for Quotation to Supplier,res_baff0735-8a2c-4232-8ff8-e542cc82ea59,Role 4,2011-07-19 18:43:03.737215087,63,0,res_baff0735-8a2c-4232-8ff8-e542cc82ea59,2011-07-19 15:52:00.317974087,0.0
Case49,Deliver Goods Services,res_cf2e0146-b3da-4b3d-ae6a-8bfb80190c28,Role 2,2011-07-19 19:43:17.139858418,63,2,res_cf2e0146-b3da-4b3d-ae6a-8bfb80190c28,2011-07-19 19:42:16.797779418,0.4
Case76,Analyze Purchase Requisition,res_93e36446-b825-499a-92a3-e39cc0457603,Role 3,2011-07-19 20:07:06.830318811,63,0,res_93e36446-b825-499a-92a3-e39cc0457603,2011-07-19 20:04:44.536574811,0.0
Case76,Create Request for Quotation,res_390ce441-578d-4a54-b334-edd2dfb5a552,Role 3,2011-07-19 20:34:43.516248811,63,0,res_390ce441-578d-4a54-b334-edd2dfb5a552,2011-07-19 20:12:14.190317811,0.0
Case48,Send Invoice,res_00e26790-8845-4766-a5ba-1d34068f991f,Role 2,2011-07-19 21:32:03.093882607,63,0,res_00e26790-8845-4766-a5ba-1d34068f991f,2011-07-19 21:27:39.770640607,0.4
Case67,Create Quotation comparison Map,res_e5ce286e-828a-4d7d-b23c-cea274f817d5,Role 4,2011-07-19 23:16:43.563016087,63,0,res_e5ce286e-828a-4d7d-b23c-cea274f817d5,2011-07-19 22:58:35.567508087,0.0
Case66,Settle Conditions With Supplier,res_e5ce286e-828a-4d7d-b23c-cea274f817d5,Role 4,2011-07-19 23:16:46.524342199,63,1,res_e5ce286e-828a-4d7d-b23c-cea274f817d5,2011-07-19 23:06:44.913091199,0.3333333333333333
Case56,Deliver Goods Services,res_00e26790-8845-4766-a5ba-1d34068f991f,Role 2,2011-07-20 00:22:48.522191155,63,2,res_00e26790-8845-4766-a5ba-1d34068f991f,2011-07-20 00:21:48.311159155,0.8
Case37,Create Purchase Order,res_c251adc0-cfdc-4666-88c5-225fc69168db,Role 4,2011-07-20 00:26:20.369222243,63,0,res_c251adc0-cfdc-4666-88c5-225fc69168db,2011-07-20 00:10:15.932531243,0.0
Case73,Analyze Request for Quotation,res_e5ce286e-828a-4d7d-b23c-cea274f817d5,Role 4,2011-07-20 00:57:45.585191500,63,0,res_e5ce286e-828a-4d7d-b23c-cea274f817d5,2011-07-20 00:38:42.927459500,0.0
Case51,Create Purchase Order,res_baff0735-8a2c-4232-8ff8-e542cc82ea59,Role 4,2011-07-20 00:58:50.491749911,63,0,res_baff0735-8a2c-4232-8ff8-e542cc82ea59,2011-07-20 00:42:02.881262911,0.3333333333333333
Case77,Analyze Purchase Requisition,res_2ebbf15f-b4a5-4b78-9afd-f830b20b6b6f,Role 3,2011-07-20 01:55:26.475920399,62,0,res_2ebbf15f-b4a5-4b78-9afd-f830b20b6b6f,2011-07-20 01:53:03.259732399,0.0
Case41,Deliver Goods Services,res_47695c52-10c1-49f2-91ef-e7714376bc65,Role 2,2011-07-20 02:07:41.961983431,62,2,res_47695c52-10c1-49f2-91ef-e7714376bc65,2011-07-20 02:06:41.644733431,0.8
Case69,Create Purchase Order,res_baff0735-8a2c-4232-8ff8-e542cc82ea59,Role 4,2011-07-20 02:13:49.267521731,62,0,res_baff0735-8a2c-4232-8ff8-e542cc82ea59,2011-07-20 01:49:49.021980731,0.0
Case77,Create Request for Quotation,res_93e36446-b825-499a-92a3-e39cc0457603,Role 3,2011-07-20 02:24:58.685314399,62,0,res_93e36446-b825-499a-92a3-e39cc0457603,2011-07-20 02:00:24.181415399,0.0
Case49,Release Purchase Order,res_803156c5-8ac1-488d-9311-92e7568cb249,Role 1,2011-07-20 02:43:33.768043418,62,0,res_803156c5-8ac1-488d-9311-92e7568cb249,2011-07-20 02:42:34.992011418,0.0
Case64,Analyze Request for Quotation,res_e5ce286e-828a-4d7d-b23c-cea274f817d5,Role 4,2011-07-20 03:13:19.103535929,62,0,res_e5ce286e-828a-4d7d-b23c-cea274f817d5,2011-07-20 02:53:43.944643929,0.0
Case42,Release Supplier's Invoice,res_f06e4a8c-3726-431a-8f2d-e849c0367f1b,Role 5,2011-07-20 04:49:18.825909251,61,0,res_f06e4a8c-3726-431a-8f2d-e849c0367f1b,2011-07-20 04:49:18.825909251,0.0
Case42,Authorize Supplier's Invoice payment,res_852bb91d-e6e5-42c5-98f9-2874e0245d05,Role 5,2011-07-20 04:58:12.077870251,61,0,res_852bb91d-e6e5-42c5-98f9-2874e0245d05,2011-07-20 04:49:18.892643251,0.0
Case42,Pay Invoice,res_852bb91d-e6e5-42c5-98f9-2874e0245d05,Role 5,2011-07-20 05:28:15.287821251,61,0,res_852bb91d-e6e5-42c5-98f9-2874e0245d05,2011-07-20 05:28:15.287821251,0.0
Case67,Analyze Quotation Comparison Map,res_4d387bfd-5044-4f88-a05f-c122ca9bace9,Role 1,2011-07-20 05:40:41.684106087,60,0,res_4d387bfd-5044-4f88-a05f-c122ca9bace9,2011-07-20 05:40:41.675142087,0.0
Case56,Release Purchase Order,res_34468ceb-4568-4fd1-aa00-6716f6e8a85b,Role 1,2011-07-20 07:18:24.570378155,60,0,res_34468ceb-4568-4fd1-aa00-6716f6e8a85b,2011-07-20 07:17:25.812614155,0.07142857142857142
Case68,Analyze Request for Quotation,res_baff0735-8a2c-4232-8ff8-e542cc82ea59,Role 4,2011-07-20 08:01:35.600261304,60,0,res_baff0735-8a2c-4232-8ff8-e542cc82ea59,2011-07-20 07:44:07.197996304,0.6666666666666666
Case66,Create Purchase Order,res_baff0735-8a2c-4232-8ff8-e542cc82ea59,Role 4,2011-07-20 08:26:17.393354199,60,0,res_baff0735-8a2c-4232-8ff8-e542cc82ea59,2011-07-20 08:05:36.977061199,0.6666666666666666
Case78,Create Purchase Requisition,res_bd616672-25a3-4e30-9fc1-5ebe35494627,Role 1,2011-07-20 08:45:48.637923854,61,0,res_bd616672-25a3-4e30-9fc1-5ebe35494627,2011-07-20 08:38:13.534202854,0.07142857142857142
Case41,Release Purchase Order,res_808377b2-c53b-4e67-be7d-0d2f9d145cf8,Role 1,2011-07-20 08:57:52.458353431,61,0,res_808377b2-c53b-4e67-be7d-0d2f9d145cf8,2011-07-20 08:56:53.934811431,0.07142857142857142
Case72,Send Request for Quotation to Supplier,res_c251adc0-cfdc-4666-88c5-225fc69168db,Role 4,2011-07-20 09:07:36.985834386,60,0,res_c251adc0-cfdc-4666-88c5-225fc69168db,2011-07-20 06:05:16.479927386,0.0
Case36,Confirm Purchase Order,res_47695c52-10c1-49f2-91ef-e7714376bc65,Role 2,2011-07-20 09:10:39.222235743,64,1,res_47695c52-10c1-49f2-91ef-e7714376bc65,2011-07-19 10:01:57.960613743,0.2
Case68,Amend Request for Quotation,res_7f504b31-097e-4ac2-a7ed-009586f8bd03,Role 1,2011-07-20 09:22:17.010035304,61,0,res_7f504b31-097e-4ac2-a7ed-009586f8bd03,2011-07-20 08:57:53.985806304,0.07142857142857142
Case71,Send Request for Quotation to Supplier,res_e5ce286e-828a-4d7d-b23c-cea274f817d5,Role 4,2011-07-20 10:06:25.061312126,60,1,res_e5ce286e-828a-4d7d-b23c-cea274f817d5,2011-07-20 06:23:02.280668126,0.3333333333333333
Case65,Analyze Request for Quotation,res_baff0735-8a2c-4232-8ff8-e542cc82ea59,Role 4,2011-07-20 10:54:57.317439856,61,0,res_baff0735-8a2c-4232-8ff8-e542cc82ea59,2011-07-20 10:39:44.221124856,0.0
Case48,Release Supplier's Invoice,res_852bb91d-e6e5-42c5-98f9-2874e0245d05,Role 5,2011-07-20 10:55:30.099245607,61,0,res_852bb91d-e6e5-42c5-98f9-2874e0245d05,2011-07-20 10:55:30.099245607,0.0
Case48,Authorize Supplier's Invoice payment,res_f06e4a8c-3726-431a-8f2d-e849c0367f1b,Role 5,2011-07-20 11:03:13.506936607,61,0,res_f06e4a8c-3726-431a-8f2d-e849c0367f1b,2011-07-20 10:55:30.165677607,0.0
Case48,Pay Invoice,res_852bb91d-e6e5-42c5-98f9-2874e0245d05,Role 5,2011-07-20 11:32:42.920801607,61,0,res_852bb91d-e6e5-42c5-98f9-2874e0245d05,2011-07-20 11:32:42.920801607,0.0
Case65,Amend Request for Quotation,res_c2d65c63-57eb-4360-a138-bacc13d98771,Role 1,2011-07-20 12:12:16.796699856,60,0,res_c2d65c63-57eb-4360-a138-bacc13d98771,2011-07-20 11:47:15.284595856,0.07142857142857142
Case67,Choose best option,res_6894b22f-3b8e-4256-874b-6e3d7fb32717,Role 1,2011-07-20 13:07:15.801293087,60,0,res_6894b22f-3b8e-4256-874b-6e3d7fb32717,2011-07-20 05:40:41.700328087,0.0
Case49,Approve Purchase Order for payment,res_baff0735-8a2c-4232-8ff8-e542cc82ea59,Role 4,2011-07-20 13:31:41.302512418,60,0,res_baff0735-8a2c-4232-8ff8-e542cc82ea59,2011-07-20 13:31:41.302512418,0.0
Case78,Create Request for Quotation,res_2ebbf15f-b4a5-4b78-9afd-f830b20b6b6f,Role 3,2011-07-20 14:09:18.835774854,60,0,res_2ebbf15f-b4a5-4b78-9afd-f830b20b6b6f,2011-07-20 13:48:25.363251854,0.0
Case62,Confirm Purchase Order,res_cf2e0146-b3da-4b3d-ae6a-8bfb80190c28,Role 2,2011-07-20 14:46:30.999705344,63,1,res_cf2e0146-b3da-4b3d-ae6a-8bfb80190c28,2011-07-19 16:05:18.264782344,0.2
Case74,Analyze Request for Quotation,res_baff0735-8a2c-4232-8ff8-e542cc82ea59,Role 4,2011-07-20 15:00:06.610992593,60,0,res_baff0735-8a2c-4232-8ff8-e542cc82ea59,2011-07-20 14:43:20.758261593,0.0
Case72,Create Quotation comparison Map,res_e5ce286e-828a-4d7d-b23c-cea274f817d5,Role 4,2011-07-20 15:57:58.537243386,60,0,res_e5ce286e-828a-4d7d-b23c-cea274f817d5,2011-07-20 15:41:12.222545386,0.0
Case74,Amend Request for Quotation,res_808377b2-c53b-4e67-be7d-0d2f9d145cf8,Role 1,2011-07-20 16:16:57.322702593,60,0,res_808377b2-c53b-4e67-be7d-0d2f9d145cf8,2011-07-20 15:52:49.284868593,0.0
Case71,Create Quotation comparison Map,res_c251adc0-cfdc-4666-88c5-225fc69168db,Role 4,2011-07-20 16:57:26.834675126,60,0,res_c251adc0-cfdc-4666-88c5-225fc69168db,2011-07-20 16:40:05.411115126,0.0
Case79,Create Purchase Requisition,res_00d4cfde-f830-4d2c-acab-0fd16f45aaf3,Role 1,2011-07-20 18:16:23.583779437,61,0,res_00d4cfde-f830-4d2c-acab-0fd16f45aaf3,2011-07-20 18:09:16.840509437,0.0
Case56,Approve Purchase Order for payment,res_e5ce286e-828a-4d7d-b23c-cea274f817d5,Role 4,2011-07-20 18:17:54.376291155,61,0,res_e5ce286e-828a-4d7d-b23c-cea274f817d5,2011-07-20 18:17:54.376291155,0.0
Case70,Analyze Request for Quotation,res_baff0735-8a2c-4232-8ff8-e542cc82ea59,Role 4,2011-07-20 19:15:42.199989112,61,0,res_baff0735-8a2c-4232-8ff8-e542cc82ea59,2011-07-20 18:59:02.273924112,0.0
Case41,Approve Purchase Order for payment,res_e5ce286e-828a-4d7d-b23c-cea274f817d5,Role 4,2011-07-20 20:19:03.220053431,61,0,res_e5ce286e-828a-4d7d-b23c-cea274f817d5,2011-07-20 20:19:03.215945431,0.0
Case80,Create Purchase Requisition,res_6894b22f-3b8e-4256-874b-6e3d7fb32717,Role 1,2011-07-20 20:34:24.209212498,62,0,res_6894b22f-3b8e-4256-874b-6e3d7fb32717,2011-07-20 20:27:24.847015498,0.0
Case67,Settle Conditions With Supplier,res_c251adc0-cfdc-4666-88c5-225fc69168db,Role 4,2011-07-20 21:04:57.616968087,62,1,res_c251adc0-cfdc-4666-88c5-225fc69168db,2011-07-20 20:55:05.169524087,0.0
Case32,Confirm Purchase Order,res_47695c52-10c1-49f2-91ef-e7714376bc65,Role 2,2011-07-20 21:54:37.335716689,63,2,res_47695c52-10c1-49f2-91ef-e7714376bc65,2011-07-20 00:04:15.906231689,0.4
Case72,Analyze Quotation Comparison Map,res_803156c5-8ac1-488d-9311-92e7568cb249,Role 1,2011-07-20 22:17:58.266646386,62,0,res_803156c5-8ac1-488d-9311-92e7568cb249,2011-07-20 22:17:58.266646386,0.0
Case47,Confirm Purchase Order,res_00e26790-8845-4766-a5ba-1d34068f991f,Role 2,2011-07-20 22:22:52.799239505,63,3,res_00e26790-8845-4766-a5ba-1d34068f991f,2011-07-20 00:07:25.855844505,0.6
Case71,Analyze Quotation Comparison Map,res_6894b22f-3b8e-4256-874b-6e3d7fb32717,Role 1,2011-07-20 23:13:47.762346126,62,0,res_6894b22f-3b8e-4256-874b-6e3d7fb32717,2011-07-20 23:13:47.762346126,0.07142857142857142
Case81,Create Purchase Requisition,res_bd616672-25a3-4e30-9fc1-5ebe35494627,Role 1,2011-07-21 00:00:42.140084308,63,0,res_bd616672-25a3-4e30-9fc1-5ebe35494627,2011-07-20 23:53:45.250882308,0.14285714285714285
Case50,Deliver Goods Services,res_38e272d4-4b81-4622-bb61-0e21ca2b9e85,Role 2,2011-07-21 00:00:42.245638956,63,2,res_38e272d4-4b81-4622-bb61-0e21ca2b9e85,2011-07-20 23:59:42.178769956,0.8
Case79,Create Request for Quotation,res_93e36446-b825-499a-92a3-e39cc0457603,Role 3,2011-07-21 01:25:11.076119437,63,0,res_93e36446-b825-499a-92a3-e39cc0457603,2011-07-21 01:06:37.568888437,0.0
Case80,Create Request for Quotation,res_2ebbf15f-b4a5-4b78-9afd-f830b20b6b6f,Role 3,2011-07-21 03:14:56.731562498,63,0,res_2ebbf15f-b4a5-4b78-9afd-f830b20b6b6f,2011-07-21 02:56:01.212840498,0.0
Case81,Create Request for Quotation,res_2ebbf15f-b4a5-4b78-9afd-f830b20b6b6f,Role 3,2011-07-21 05:34:14.324251308,63,0,res_2ebbf15f-b4a5-4b78-9afd-f830b20b6b6f,2011-07-21 05:14:38.212673308,0.0
Case72,Choose best option,res_6894b22f-3b8e-4256-874b-6e3d7fb32717,Role 1,2011-07-21 05:42:16.393757386,62,0,res_6894b22f-3b8e-4256-874b-6e3d7fb32717,2011-07-20 22:17:58.301512386,0.0
Case63,Confirm Purchase Order,res_779f4a14-d302-40ef-ac8d-cd3151cb137b,Role 2,2011-07-21 06:36:10.503940921,60,4,res_779f4a14-d302-40ef-ac8d-cd3151cb137b,2011-07-20 07:27:12.633042921,0.8
Case71,Choose best option,res_7d95b5d8-8efa-4b36-b04e-cf2c389cb754,Role 1,2011-07-21 06:49:16.440147126,62,1,res_7d95b5d8-8efa-4b36-b04e-cf2c389cb754,2011-07-20 23:13:47.807091126,0.07142857142857142
Case67,Create Purchase Order,res_e5ce286e-828a-4d7d-b23c-cea274f817d5,Role 4,2011-07-21 06:50:35.284878087,63,0,res_e5ce286e-828a-4d7d-b23c-cea274f817d5,2011-07-21 06:28:13.067981087,0.0
Case50,Release Purchase Order,res_bd616672-25a3-4e30-9fc1-5ebe35494627,Role 1,2011-07-21 06:56:49.800722956,63,0,res_bd616672-25a3-4e30-9fc1-5ebe35494627,2011-07-21 06:55:51.182646956,0.0
Case49,Send Invoice,res_cf2e0146-b3da-4b3d-ae6a-8bfb80190c28,Role 2,2011-07-21 13:38:11.383291418,63,0,res_cf2e0146-b3da-4b3d-ae6a-8bfb80190c28,2011-07-21 13:34:13.626764418,0.8
Case72,Settle Conditions With Supplier,res_baff0735-8a2c-4232-8ff8-e542cc82ea59,Role 4,2011-07-21 13:54:46.888645386,63,1,res_baff0735-8a2c-4232-8ff8-e542cc82ea59,2011-07-21 13:44:50.928714386,0.0
Case37,Confirm Purchase Order,res_47695c52-10c1-49f2-91ef-e7714376bc65,Role 2,2011-07-21 14:45:25.517222243,60,3,res_47695c52-10c1-49f2-91ef-e7714376bc65,2011-07-20 15:41:37.510453243,0.6
Case71,Settle Conditions With Supplier,res_baff0735-8a2c-4232-8ff8-e542cc82ea59,Role 4,2011-07-21 14:55:57.597980126,63,1,res_baff0735-8a2c-4232-8ff8-e542cc82ea59,2011-07-21 14:46:05.582768126,0.0
Case75,Analyze Request for Quotation,res_e5ce286e-828a-4d7d-b23c-cea274f817d5,Role 4,2011-07-21 15:35:56.384813679,63,0,res_e5ce286e-828a-4d7d-b23c-cea274f817d5,2011-07-21 15:20:49.825369679,0.0
Case51,Confirm Purchase Order,res_47695c52-10c1-49f2-91ef-e7714376bc65,Role 2,2011-07-21 16:59:13.558402911,60,4,res_47695c52-10c1-49f2-91ef-e7714376bc65,2011-07-20 18:07:03.290465911,0.8
Case50,Approve Purchase Order for payment,res_baff0735-8a2c-4232-8ff8-e542cc82ea59,Role 4,2011-07-21 18:51:58.736147956,63,0,res_baff0735-8a2c-4232-8ff8-e542cc82ea59,2011-07-21 18:51:58.736147956,0.0
Case36,Deliver Goods Services,res_cf2e0146-b3da-4b3d-ae6a-8bfb80190c28,Role 2,2011-07-21 18:53:20.333447743,63,2,res_cf2e0146-b3da-4b3d-ae6a-8bfb80190c28,2011-07-21 18:52:20.209158743,0.4
Case56,Send Invoice,res_cf2e0146-b3da-4b3d-ae6a-8bfb80190c28,Role 2,2011-07-21 20:02:16.915112155,63,0,res_cf2e0146-b3da-4b3d-ae6a-8bfb80190c28,2011-07-21 19:57:59.058220155,0.4
Case69,Confirm Purchase Order,res_38e272d4-4b81-4622-bb61-0e21ca2b9e85,Role 2,2011-07-21 20:26:45.141167731,62,5,res_38e272d4-4b81-4622-bb61-0e21ca2b9e85,2011-07-20 21:42:54.916507731,1.0
Case41,Send Invoice,res_47695c52-10c1-49f2-91ef-e7714376bc65,Role 2,2011-07-21 21:06:13.298669431,63,0,res_47695c52-10c1-49f2-91ef-e7714376bc65,2011-07-21 21:01:48.974044431,0.2
Case76,Analyze Request for Quotation,res_baff0735-8a2c-4232-8ff8-e542cc82ea59,Role 4,2011-07-21 22:10:03.672626811,63,0,res_baff0735-8a2c-4232-8ff8-e542cc82ea59,2011-07-21 21:53:57.762593811,0.0
Case32,Deliver Goods Services,res_38e272d4-4b81-4622-bb61-0e21ca2b9e85,Role 2,2011-07-22 00:54:35.659642689,63,2,res_38e272d4-4b81-4622-bb61-0e21ca2b9e85,2011-07-22 00:53:35.607942689,0.2
Case72,Create Purchase Order,res_baff0735-8a2c-4232-8ff8-e542cc82ea59,Role 4,2011-07-22 01:02:40.064927386,63,0,res_baff0735-8a2c-4232-8ff8-e542cc82ea59,2011-07-22 00:39:21.756509386,0.3333333333333333
Case36,Release Purchase Order,res_0c43f4f8-a9b4-439e-9084-12cb40ca8578,Role 1,2011-07-22 01:35:37.003975743,63,0,res_0c43f4f8-a9b4-439e-9084-12cb40ca8578,2011-07-22 01:34:38.878446743,0.0
Case62,Deliver Goods Services,res_38e272d4-4b81-4622-bb61-0e21ca2b9e85,Role 2,2011-07-22 02:27:16.362724344,63,2,res_38e272d4-4b81-4622-bb61-0e21ca2b9e85,2011-07-22 02:26:16.337743344,0.2
Case49,Release Supplier's Invoice,res_f06e4a8c-3726-431a-8f2d-e849c0367f1b,Role 5,2011-07-22 02:47:36.986406418,63,0,res_f06e4a8c-3726-431a-8f2d-e849c0367f1b,2011-07-22 02:47:36.986406418,0.0
Case70,Send Request for Quotation to Supplier,res_baff0735-8a2c-4232-8ff8-e542cc82ea59,Role 4,2011-07-22 02:52:46.566085112,63,0,res_baff0735-8a2c-4232-8ff8-e542cc82ea59,2011-07-21 22:50:38.975540112,0.0
Case49,Authorize Supplier's Invoice payment,res_852bb91d-e6e5-42c5-98f9-2874e0245d05,Role 5,2011-07-22 02:57:20.180269418,63,0,res_852bb91d-e6e5-42c5-98f9-2874e0245d05,2011-07-22 02:47:37.065412418,0.0
Case49,Pay Invoice,res_f06e4a8c-3726-431a-8f2d-e849c0367f1b,Role 5,2011-07-22 03:27:22.170707418,63,0,res_f06e4a8c-3726-431a-8f2d-e849c0367f1b,2011-07-22 03:27:22.170707418,0.0
Case82,Create Purchase Requisition,res_7d95b5d8-8efa-4b36-b04e-cf2c389cb754,Role 1,2011-07-22 03:44:50.613660093,63,0,res_7d95b5d8-8efa-4b36-b04e-cf2c389cb754,2011-07-22 03:37:23.071229093,0.0
Case66,Confirm Purchase Order,res_00e26790-8845-4766-a5ba-1d34068f991f,Role 2,2011-07-22 04:04:08.701901199,63,4,res_00e26790-8845-4766-a5ba-1d34068f991f,2011-07-21 05:12:49.768212199,0.8
Case71,Create Purchase Order,res_e5ce286e-828a-4d7d-b23c-cea274f817d5,Role 4,2011-07-22 04:10:27.078621126,63,0,res_e5ce286e-828a-4d7d-b23c-cea274f817d5,2011-07-22 03:48:22.753516126,0.0
Case77,Analyze Request for Quotation,res_e5ce286e-828a-4d7d-b23c-cea274f817d5,Role 4,2011-07-22 05:42:56.235435399,63,0,res_e5ce286e-828a-4d7d-b23c-cea274f817d5,2011-07-22 05:25:37.631888399,0.0
Case47,Deliver Goods Services,res_00e26790-8845-4766-a5ba-1d34068f991f,Role 2,2011-07-22 06:37:12.973818505,63,2,res_00e26790-8845-4766-a5ba-1d34068f991f,2011-07-22 06:36:13.017501505,0.2
Case83,Create Purchase Requisition,res_c2d65c63-57eb-4360-a138-bacc13d98771,Role 1,2011-07-22 07:00:21.955964447,64,0,res_c2d65c63-57eb-4360-a138-bacc13d98771,2011-07-22 06:52:40.113917447,0.0
Case68,Analyze Request for Quotation,res_e5ce286e-828a-4d7d-b23c-cea274f817d5,Role 4,2011-07-22 07:22:13.473379304,64,0,res_e5ce286e-828a-4d7d-b23c-cea274f817d5,2011-07-22 07:03:22.762256304,0.0
Case32,Release Purchase Order,res_6894b22f-3b8e-4256-874b-6e3d7fb32717,Role 1,2011-07-22 07:39:40.129113689,63,0,res_6894b22f-3b8e-4256-874b-6e3d7fb32717,2011-07-22 07:38:41.478962689,0.0
Case62,Release Purchase Order,res_dc04fc79-1da4-4556-bf8f-9f5eee53fc94,Role 1,2011-07-22 09:19:25.622536344,63,0,res_dc04fc79-1da4-4556-bf8f-9f5eee53fc94,2011-07-22 09:18:27.222162344,0.0
Case56,Release Supplier's Invoice,res_f06e4a8c-3726-431a-8f2d-e849c0367f1b,Role 5,2011-07-22 09:30:18.710103155,63,0,res_f06e4a8c-3726-431a-8f2d-e849c0367f1b,2011-07-22 09:30:18.710103155,0.0
Case56,Authorize Supplier's Invoice payment,res_f06e4a8c-3726-431a-8f2d-e849c0367f1b,Role 5,2011-07-22 09:38:56.697854155,63,0,res_f06e4a8c-3726-431a-8f2d-e849c0367f1b,2011-07-22 09:30:18.783408155,0.0
Case56,Pay Invoice,res_852bb91d-e6e5-42c5-98f9-2874e0245d05,Role 5,2011-07-22 10:08:22.538458155,63,0,res_852bb91d-e6e5-42c5-98f9-2874e0245d05,2011-07-22 10:08:22.538458155,0.0
Case41,Release Supplier's Invoice,res_f06e4a8c-3726-431a-8f2d-e849c0367f1b,Role 5,2011-07-22 11:01:31.323516431,62,0,res_f06e4a8c-3726-431a-8f2d-e849c0367f1b,2011-07-22 11:01:31.323516431,0.0
Case70,Create Quotation comparison Map,res_c251adc0-cfdc-4666-88c5-225fc69168db,Role 4,2011-07-22 11:06:54.397650112,62,0,res_c251adc0-cfdc-4666-88c5-225fc69168db,2011-07-22 10:50:02.924547112,0.0
Case41,Authorize Supplier's Invoice payment,res_f06e4a8c-3726-431a-8f2d-e849c0367f1b,Role 5,2011-07-22 11:09:38.930791431,62,0,res_f06e4a8c-3726-431a-8f2d-e849c0367f1b,2011-07-22 11:01:31.403759431,0.0
Case41,Pay Invoice,res_852bb91d-e6e5-42c5-98f9-2874e0245d05,Role 5,2011-07-22 11:39:07.066156431,62,0,res_852bb91d-e6e5-42c5-98f9-2874e0245d05,2011-07-22 11:39:07.066156431,0.0
Case83,Create Request for Quotation,res_2ebbf15f-b4a5-4b78-9afd-f830b20b6b6f,Role 3,2011-07-22 11:44:41.594093447,62,0,res_2ebbf15f-b4a5-4b78-9afd-f830b20b6b6f,2011-07-22 11:23:48.814668447,0.0
Case65,Analyze Request for Quotation,res_baff0735-8a2c-4232-8ff8-e542cc82ea59,Role 4,2011-07-22 12:58:13.785284856,61,0,res_baff0735-8a2c-4232-8ff8-e542cc82ea59,2011-07-22 12:39:33.601870856,0.0
Case47,Release Purchase Order,res_dc04fc79-1da4-4556-bf8f-9f5eee53fc94,Role 1,2011-07-22 13:25:18.755063505,61,0,res_dc04fc79-1da4-4556-bf8f-9f5eee53fc94,2011-07-22 13:24:19.852770505,0.0
Case65,Amend Request for Quotation,res_6894b22f-3b8e-4256-874b-6e3d7fb32717,Role 1,2011-07-22 14:20:47.042860856,61,0,res_6894b22f-3b8e-4256-874b-6e3d7fb32717,2011-07-22 13:56:23.626245856,0.0
Case36,Approve Purchase Order for payment,res_c251adc0-cfdc-4666-88c5-225fc69168db,Role 4,2011-07-22 15:17:49.210587743,61,0,res_c251adc0-cfdc-4666-88c5-225fc69168db,2011-07-22 15:17:49.206638743,0.0
Case63,Deliver Goods Services,res_38e272d4-4b81-4622-bb61-0e21ca2b9e85,Role 2,2011-07-22 16:14:17.417460921,61,2,res_38e272d4-4b81-4622-bb61-0e21ca2b9e85,2011-07-22 16:13:17.286467921,0.2
Case70,Analyze Quotation Comparison Map,res_4d387bfd-5044-4f88-a05f-c122ca9bace9,Role 1,2011-07-22 17:27:22.064054112,61,0,res_4d387bfd-5044-4f88-a05f-c122ca9bace9,2011-07-22 17:27:22.064054112,0.0
Case32,Approve Purchase Order for payment,res_e5ce286e-828a-4d7d-b23c-cea274f817d5,Role 4,2011-07-22 18:51:56.472205689,61,0,res_e5ce286e-828a-4d7d-b23c-cea274f817d5,2011-07-22 18:51:56.471171689,0.0
Case62,Approve Purchase Order for payment,res_baff0735-8a2c-4232-8ff8-e542cc82ea59,Role 4,2011-07-22 20:21:38.153327344,61,0,res_baff0735-8a2c-4232-8ff8-e542cc82ea59,2011-07-22 20:21:38.147248344,0.0
Case82,Analyze Purchase Requisition,res_390ce441-578d-4a54-b334-edd2dfb5a552,Role 3,2011-07-22 21:25:23.486270093,61,0,res_390ce441-578d-4a54-b334-edd2dfb5a552,2011-07-22 21:23:00.214507093,0.0
Case82,Create Request for Quotation,res_93e36446-b825-499a-92a3-e39cc0457603,Role 3,2011-07-22 21:55:45.831646093,61,0,res_93e36446-b825-499a-92a3-e39cc0457603,2011-07-22 21:30:53.115388093,0.0
Case63,Release Purchase Order,res_bd616672-25a3-4e30-9fc1-5ebe35494627,Role 1,2011-07-22 23:12:19.771500921,61,0,res_bd616672-25a3-4e30-9fc1-5ebe35494627,2011-07-22 23:11:21.957107921,0.07142857142857142
Case70,Choose best option,res_34468ceb-4568-4fd1-aa00-6716f6e8a85b,Role 1,2011-07-22 23:58:08.106460112,61,0,res_34468ceb-4568-4fd1-aa00-6716f6e8a85b,2011-07-22 17:27:22.100394112,0.0
Case47,Approve Purchase Order for payment,res_baff0735-8a2c-4232-8ff8-e542cc82ea59,Role 4,2011-07-23 00:51:08.219685505,61,0,res_baff0735-8a2c-4232-8ff8-e542cc82ea59,2011-07-23 00:51:08.218297505,0.0
Case50,Send Invoice,res_779f4a14-d302-40ef-ac8d-cd3151cb137b,Role 2,2011-07-23 01:02:09.352954956,61,0,res_779f4a14-d302-40ef-ac8d-cd3151cb137b,2011-07-23 00:57:51.610952956,0.2
Case51,Deliver Goods Services,res_47695c52-10c1-49f2-91ef-e7714376bc65,Role 2,2011-07-23 04:02:40.417894911,61,2,res_47695c52-10c1-49f2-91ef-e7714376bc65,2011-07-23 04:01:40.501356911,0.4
Case67,Confirm Purchase Order,res_38e272d4-4b81-4622-bb61-0e21ca2b9e85,Role 2,2011-07-23 04:17:08.946623087,63,0,res_38e272d4-4b81-4622-bb61-0e21ca2b9e85,2011-07-22 05:18:06.928943087,0.0
Case37,Deliver Goods Services,res_00e26790-8845-4766-a5ba-1d34068f991f,Role 2,2011-07-23 06:23:57.275197243,61,2,res_00e26790-8845-4766-a5ba-1d34068f991f,2011-07-23 06:22:57.431292243,0.2
Case66,Deliver Goods Services,res_779f4a14-d302-40ef-ac8d-cd3151cb137b,Role 2,2011-07-23 10:11:17.797781199,61,2,res_779f4a14-d302-40ef-ac8d-cd3151cb137b,2011-07-23 10:10:17.698057199,0.4
Case51,Release Purchase Order,res_00d4cfde-f830-4d2c-acab-0fd16f45aaf3,Role 1,2011-07-23 10:56:53.386270911,61,0,res_00d4cfde-f830-4d2c-acab-0fd16f45aaf3,2011-07-23 10:55:55.326732911,0.0
Case63,Approve Purchase Order for payment,res_e5ce286e-828a-4d7d-b23c-cea274f817d5,Role 4,2011-07-23 11:29:17.995121921,61,0,res_e5ce286e-828a-4d7d-b23c-cea274f817d5,2011-07-23 11:29:17.985206921,0.3333333333333333
Case69,Deliver Goods Services,res_38e272d4-4b81-4622-bb61-0e21ca2b9e85,Role 2,2011-07-23 11:31:23.231259731,61,2,res_38e272d4-4b81-4622-bb61-0e21ca2b9e85,2011-07-23 11:30:23.137275731,0.4
Case74,Analyze Request for Quotation,res_c251adc0-cfdc-4666-88c5-225fc69168db,Role 4,2011-07-23 11:36:27.228346593,61,0,res_c251adc0-cfdc-4666-88c5-225fc69168db,2011-07-23 11:17:37.350124593,0.0
Case37,Release Purchase Order,res_4d387bfd-5044-4f88-a05f-c122ca9bace9,Role 1,2011-07-23 13:20:20.612539243,60,0,res_4d387bfd-5044-4f88-a05f-c122ca9bace9,2011-07-23 13:19:22.228874243,0.0
Case50,Release Supplier's Invoice,res_852bb91d-e6e5-42c5-98f9-2874e0245d05,Role 5,2011-07-23 14:11:34.007460956,60,0,res_852bb91d-e6e5-42c5-98f9-2874e0245d05,2011-07-23 14:11:34.007460956,0.0
Case50,Authorize Supplier's Invoice payment,res_f06e4a8c-3726-431a-8f2d-e849c0367f1b,Role 5,2011-07-23 14:20:07.007668956,60,0,res_f06e4a8c-3726-431a-8f2d-e849c0367f1b,2011-07-23 14:11:34.079477956,0.0
Case50,Pay Invoice,res_f06e4a8c-3726-431a-8f2d-e849c0367f1b,Role 5,2011-07-23 14:48:10.574256956,60,0,res_f06e4a8c-3726-431a-8f2d-e849c0367f1b,2011-07-23 14:48:10.574256956,0.0
Case75,Send Request for Quotation to Supplier,res_c251adc0-cfdc-4666-88c5-225fc69168db,Role 4,2011-07-23 15:58:57.122387679,60,0,res_c251adc0-cfdc-4666-88c5-225fc69168db,2011-07-23 12:28:51.416348679,0.0
Case70,Settle Conditions With Supplier,res_baff0735-8a2c-4232-8ff8-e542cc82ea59,Role 4,2011-07-23 16:30:05.120355112,59,1,res_baff0735-8a2c-4232-8ff8-e542cc82ea59,2011-07-23 16:20:12.302094112,0.0
Case84,Create Purchase Requisition,res_4f4bb4d5-6c48-4769-8669-010e7a598051,Role 1,2011-07-23 16:49:17.623333528,60,0,res_4f4bb4d5-6c48-4769-8669-010e7a598051,2011-07-23 16:41:53.945680528,0.0
Case66,Release Purchase Order,res_803156c5-8ac1-488d-9311-92e7568cb249,Role 1,2011-07-23 17:10:19.932576199,60,0,res_803156c5-8ac1-488d-9311-92e7568cb249,2011-07-23 17:09:21.810994199,0.0
Case69,Release Purchase Order,res_7d95b5d8-8efa-4b36-b04e-cf2c389cb754,Role 1,2011-07-23 18:30:01.552579731,60,0,res_7d95b5d8-8efa-4b36-b04e-cf2c389cb754,2011-07-23 18:29:03.619746731,0.0
Case85,Create Purchase Requisition,res_808377b2-c53b-4e67-be7d-0d2f9d145cf8,Role 1,2011-07-23 20:23:49.106833547,61,0,res_808377b2-c53b-4e67-be7d-0d2f9d145cf8,2011-07-23 20:16:40.387908547,0.0
Case51,Approve Purchase Order for payment,res_c251adc0-cfdc-4666-88c5-225fc69168db,Role 4,2011-07-23 22:05:24.935395911,61,0,res_c251adc0-cfdc-4666-88c5-225fc69168db,2011-07-23 22:05:24.930551911,0.3333333333333333
Case62,Send Invoice,res_cf2e0146-b3da-4b3d-ae6a-8bfb80190c28,Role 2,2011-07-23 22:54:33.897265344,61,0,res_cf2e0146-b3da-4b3d-ae6a-8bfb80190c28,2011-07-23 22:50:17.469221344,0.4
Case75,Create Quotation comparison Map,res_c251adc0-cfdc-4666-88c5-225fc69168db,Role 4,2011-07-23 22:57:24.410228679,61,0,res_c251adc0-cfdc-4666-88c5-225fc69168db,2011-07-23 22:37:15.138251679,0.3333333333333333
Case76,Send Request for Quotation to Supplier,res_e5ce286e-828a-4d7d-b23c-cea274f817d5,Role 4,2011-07-24 00:25:01.501078811,61,0,res_e5ce286e-828a-4d7d-b23c-cea274f817d5,2011-07-23 20:45:35.314221811,0.0
Case37,Approve Purchase Order for payment,res_e5ce286e-828a-4d7d-b23c-cea274f817d5,Role 4,2011-07-24 00:57:47.047311243,61,0,res_e5ce286e-828a-4d7d-b23c-cea274f817d5,2011-07-24 00:57:47.040757243,0.0
Case72,Confirm Purchase Order,res_47695c52-10c1-49f2-91ef-e7714376bc65,Role 2,2011-07-24 01:53:55.567521386,61,1,res_47695c52-10c1-49f2-91ef-e7714376bc65,2011-07-23 03:12:47.427987386,0.2
Case32,Send Invoice,res_47695c52-10c1-49f2-91ef-e7714376bc65,Role 2,2011-07-24 02:03:37.069143689,61,0,res_47695c52-10c1-49f2-91ef-e7714376bc65,2011-07-24 01:59:25.890911689,0.2
Case86,Create Purchase Requisition,res_9d47b47b-0964-42f6-9516-efdb73c6ed64,Role 1,2011-07-24 03:37:49.988352878,62,0,res_9d47b47b-0964-42f6-9516-efdb73c6ed64,2011-07-24 03:30:36.813134878,0.0
Case47,Send Invoice,res_47695c52-10c1-49f2-91ef-e7714376bc65,Role 2,2011-07-24 03:39:20.444844505,62,0,res_47695c52-10c1-49f2-91ef-e7714376bc65,2011-07-24 03:35:00.287001505,0.2
Case78,Analyze Request for Quotation,res_baff0735-8a2c-4232-8ff8-e542cc82ea59,Role 4,2011-07-24 03:46:46.229871854,61,0,res_baff0735-8a2c-4232-8ff8-e542cc82ea59,2011-07-24 03:29:25.924111854,0.0
Case70,Create Purchase Order,res_baff0735-8a2c-4232-8ff8-e542cc82ea59,Role 4,2011-07-24 04:04:38.664745112,62,0,res_baff0735-8a2c-4232-8ff8-e542cc82ea59,2011-07-24 03:45:26.226226112,0.3333333333333333
Case66,Approve Purchase Order for payment,res_c251adc0-cfdc-4666-88c5-225fc69168db,Role 4,2011-07-24 04:06:19.572127199,62,0,res_c251adc0-cfdc-4666-88c5-225fc69168db,2011-07-24 04:06:19.571488199,0.0
Case78,Amend Request for Quotation,res_34468ceb-4568-4fd1-aa00-6716f6e8a85b,Role 1,2011-07-24 05:02:59.821032854,62,0,res_34468ceb-4568-4fd1-aa00-6716f6e8a85b,2011-07-24 04:38:21.416996854,0.0
Case76,Create Quotation comparison Map,res_baff0735-8a2c-4232-8ff8-e542cc82ea59,Role 4,2011-07-24 05:16:13.003774811,62,0,res_baff0735-8a2c-4232-8ff8-e542cc82ea59,2011-07-24 04:58:32.901101811,0.0
Case75,Analyze Quotation Comparison Map,res_00d4cfde-f830-4d2c-acab-0fd16f45aaf3,Role 1,2011-07-24 05:16:45.858084679,62,0,res_00d4cfde-f830-4d2c-acab-0fd16f45aaf3,2011-07-24 05:16:45.858047679,0.0
Case79,Analyze Request for Quotation,res_baff0735-8a2c-4232-8ff8-e542cc82ea59,Role 4,2011-07-24 05:59:57.830993437,62,0,res_baff0735-8a2c-4232-8ff8-e542cc82ea59,2011-07-24 05:43:51.756810437,0.0
Case87,Create Purchase Requisition,res_dc04fc79-1da4-4556-bf8f-9f5eee53fc94,Role 1,2011-07-24 06:33:44.515151601,63,0,res_dc04fc79-1da4-4556-bf8f-9f5eee53fc94,2011-07-24 06:26:18.443946601,0.07142857142857142
Case36,Send Invoice,res_779f4a14-d302-40ef-ac8d-cd3151cb137b,Role 2,2011-07-24 06:47:12.074854743,63,0,res_779f4a14-d302-40ef-ac8d-cd3151cb137b,2011-07-24 06:43:17.441630743,0.2
Case69,Approve Purchase Order for payment,res_c251adc0-cfdc-4666-88c5-225fc69168db,Role 4,2011-07-24 06:52:40.808031731,63,0,res_c251adc0-cfdc-4666-88c5-225fc69168db,2011-07-24 06:52:40.802051731,0.0
Case71,Confirm Purchase Order,res_38e272d4-4b81-4622-bb61-0e21ca2b9e85,Role 2,2011-07-24 07:57:39.984604126,61,1,res_38e272d4-4b81-4622-bb61-0e21ca2b9e85,2011-07-23 09:20:46.755942126,0.2
Case86,Create Request for Quotation,res_2ebbf15f-b4a5-4b78-9afd-f830b20b6b6f,Role 3,2011-07-24 08:13:16.317052878,63,0,res_2ebbf15f-b4a5-4b78-9afd-f830b20b6b6f,2011-07-24 07:51:26.183278878,0.0
Case84,Analyze Purchase Requisition,res_93e36446-b825-499a-92a3-e39cc0457603,Role 3,2011-07-24 09:08:22.351727528,63,0,res_93e36446-b825-499a-92a3-e39cc0457603,2011-07-24 09:05:56.952799528,0.0
Case84,Create Request for Quotation,res_93e36446-b825-499a-92a3-e39cc0457603,Role 3,2011-07-24 09:37:45.160698528,63,0,res_93e36446-b825-499a-92a3-e39cc0457603,2011-07-24 09:13:08.893290528,0.0
Case62,Release Supplier's Invoice,res_852bb91d-e6e5-42c5-98f9-2874e0245d05,Role 5,2011-07-24 11:33:27.367208344,63,0,res_852bb91d-e6e5-42c5-98f9-2874e0245d05,2011-07-24 11:33:27.367208344,0.0
Case62,Authorize Supplier's Invoice payment,res_852bb91d-e6e5-42c5-98f9-2874e0245d05,Role 5,2011-07-24 11:41:53.227816344,63,0,res_852bb91d-e6e5-42c5-98f9-2874e0245d05,2011-07-24 11:33:27.430442344,0.0
Case76,Analyze Quotation Comparison Map,res_803156c5-8ac1-488d-9311-92e7568cb249,Role 1,2011-07-24 11:42:59.505020811,63,0,res_803156c5-8ac1-488d-9311-92e7568cb249,2011-07-24 11:42:59.505020811,0.07142857142857142
Case62,Pay Invoice,res_852bb91d-e6e5-42c5-98f9-2874e0245d05,Role 5,2011-07-24 12:09:31.082564344,63,0,res_852bb91d-e6e5-42c5-98f9-2874e0245d05,2011-07-24 12:09:31.082564344,0.0
Case80,Analyze Request for Quotation,res_baff0735-8a2c-4232-8ff8-e542cc82ea59,Role 4,2011-07-24 12:38:26.737423498,62,0,res_baff0735-8a2c-4232-8ff8-e542cc82ea59,2011-07-24 12:23:15.387732498,0.0
Case88,Create Purchase Requisition,res_34468ceb-4568-4fd1-aa00-6716f6e8a85b,Role 1,2011-07-24 13:32:36.022911721,63,0,res_34468ceb-4568-4fd1-aa00-6716f6e8a85b,2011-07-24 13:25:10.012459721,0.14285714285714285
Case85,Analyze Purchase Requisition,res_390ce441-578d-4a54-b334-edd2dfb5a552,Role 3,2011-07-24 13:35:04.672894547,63,0,res_390ce441-578d-4a54-b334-edd2dfb5a552,2011-07-24 13:32:35.627671547,0.0
Case80,Amend Request for Quotation,res_c2d65c63-57eb-4360-a138-bacc13d98771,Role 1,2011-07-24 13:56:37.190399498,63,0,res_c2d65c63-57eb-4360-a138-bacc13d98771,2011-07-24 13:30:28.846018498,0.21428571428571427
Case85,Create Request for Quotation,res_2ebbf15f-b4a5-4b78-9afd-f830b20b6b6f,Role 3,2011-07-24 14:03:33.137733547,63,0,res_2ebbf15f-b4a5-4b78-9afd-f830b20b6b6f,2011-07-24 13:40:03.220789547,0.0
Case75,Choose best option,res_dc04fc79-1da4-4556-bf8f-9f5eee53fc94,Role 1,2011-07-24 14:23:29.363445679,62,0,res_dc04fc79-1da4-4556-bf8f-9f5eee53fc94,2011-07-24 05:16:45.889099679,0.0
Case32,Release Supplier's Invoice,res_f06e4a8c-3726-431a-8f2d-e849c0367f1b,Role 5,2011-07-24 14:42:25.154698689,63,0,res_f06e4a8c-3726-431a-8f2d-e849c0367f1b,2011-07-24 14:42:25.154698689,0.0
Case32,Authorize Supplier's Invoice payment,res_852bb91d-e6e5-42c5-98f9-2874e0245d05,Role 5,2011-07-24 14:49:48.287276689,63,0,res_852bb91d-e6e5-42c5-98f9-2874e0245d05,2011-07-24 14:42:25.221570689,0.0
Case89,Create Purchase Requisition,res_6894b22f-3b8e-4256-874b-6e3d7fb32717,Role 1,2011-07-24 14:49:54.243275915,64,0,res_6894b22f-3b8e-4256-874b-6e3d7fb32717,2011-07-24 14:42:33.540708915,0.07142857142857142
Case32,Pay Invoice,res_852bb91d-e6e5-42c5-98f9-2874e0245d05,Role 5,2011-07-24 15:17:15.019998689,64,0,res_852bb91d-e6e5-42c5-98f9-2874e0245d05,2011-07-24 15:17:15.019998689,0.0
Case47,Release Supplier's Invoice,res_852bb91d-e6e5-42c5-98f9-2874e0245d05,Role 5,2011-07-24 16:10:52.008478505,63,0,res_852bb91d-e6e5-42c5-98f9-2874e0245d05,2011-07-24 16:10:52.008478505,0.0
Case47,Authorize Supplier's Invoice payment,res_f06e4a8c-3726-431a-8f2d-e849c0367f1b,Role 5,2011-07-24 16:19:29.108757505,63,0,res_f06e4a8c-3726-431a-8f2d-e849c0367f1b,2011-07-24 16:10:52.076171505,0.0
Case47,Pay Invoice,res_852bb91d-e6e5-42c5-98f9-2874e0245d05,Role 5,2011-07-24 16:47:13.180549505,63,0,res_852bb91d-e6e5-42c5-98f9-2874e0245d05,2011-07-24 16:47:13.180549505,0.0
Case77,Send Request for Quotation to Supplier,res_baff0735-8a2c-4232-8ff8-e542cc82ea59,Role 4,2011-07-24 17:19:24.831827399,63,0,res_baff0735-8a2c-4232-8ff8-e542cc82ea59,2011-07-24 14:00:19.394729399,0.0
Case90,Create Purchase Requisition,res_34468ceb-4568-4fd1-aa00-6716f6e8a85b,Role 1,2011-07-24 17:57:42.058672799,63,0,res_34468ceb-4568-4fd1-aa00-6716f6e8a85b,2011-07-24 17:50:37.695135799,0.07142857142857142
Case67,Deliver Goods Services,res_cf2e0146-b3da-4b3d-ae6a-8bfb80190c28,Role 2,2011-07-24 18:33:32.980259087,63,2,res_cf2e0146-b3da-4b3d-ae6a-8bfb80190c28,2011-07-24 18:32:32.720552087,0.0
Case63,Send Invoice,res_00e26790-8845-4766-a5ba-1d34068f991f,Role 2,2011-07-24 19:17:14.802091921,63,0,res_00e26790-8845-4766-a5ba-1d34068f991f,2011-07-24 19:13:21.284300921,0.0
Case36,Release Supplier's Invoice,res_852bb91d-e6e5-42c5-98f9-2874e0245d05,Role 5,2011-07-24 19:52:14.829537743,63,0,res_852bb91d-e6e5-42c5-98f9-2874e0245d05,2011-07-24 19:52:14.829537743,0.0
Case36,Authorize Supplier's Invoice payment,res_f06e4a8c-3726-431a-8f2d-e849c0367f1b,Role 5,2011-07-24 20:00:56.085737743,63,0,res_f06e4a8c-3726-431a-8f2d-e849c0367f1b,2011-07-24 19:52:14.892821743,0.0
Case91,Create Purchase Requisition,res_808377b2-c53b-4e67-be7d-0d2f9d145cf8,Role 1,2011-07-24 20:21:07.752274123,64,0,res_808377b2-c53b-4e67-be7d-0d2f9d145cf8,2011-07-24 20:14:11.369894123,0.07142857142857142
Case36,Pay Invoice,res_852bb91d-e6e5-42c5-98f9-2874e0245d05,Role 5,2011-07-24 20:28:49.183918743,64,0,res_852bb91d-e6e5-42c5-98f9-2874e0245d05,2011-07-24 20:28:49.183918743,0.0
Case76,Choose best option,res_34468ceb-4568-4fd1-aa00-6716f6e8a85b,Role 1,2011-07-24 20:44:27.097896811,63,1,res_34468ceb-4568-4fd1-aa00-6716f6e8a85b,2011-07-24 11:42:59.539247811,0.07142857142857142
Case75,Settle Conditions With Supplier,res_baff0735-8a2c-4232-8ff8-e542cc82ea59,Role 4,2011-07-24 21:06:46.799608679,63,1,res_baff0735-8a2c-4232-8ff8-e542cc82ea59,2011-07-24 20:56:48.659821679,0.0
Case87,Analyze Purchase Requisition,res_2ebbf15f-b4a5-4b78-9afd-f830b20b6b6f,Role 3,2011-07-24 21:54:21.725253601,63,0,res_2ebbf15f-b4a5-4b78-9afd-f830b20b6b6f,2011-07-24 21:51:50.875145601,0.0
Case66,Send Invoice,res_cf2e0146-b3da-4b3d-ae6a-8bfb80190c28,Role 2,2011-07-24 22:14:23.361927199,63,0,res_cf2e0146-b3da-4b3d-ae6a-8bfb80190c28,2011-07-24 22:10:06.615392199,0.0
Case87,Create Request for Quotation,res_93e36446-b825-499a-92a3-e39cc0457603,Role 3,2011-07-24 22:22:13.216460601,63,0,res_93e36446-b825-499a-92a3-e39cc0457603,2011-07-24 21:59:22.119681601,0.0
Case77,Create Quotation comparison Map,res_c251adc0-cfdc-4666-88c5-225fc69168db,Role 4,2011-07-24 22:40:46.669305399,63,0,res_c251adc0-cfdc-4666-88c5-225fc69168db,2011-07-24 22:22:17.616700399,0.0
Case88,Create Request for Quotation,res_390ce441-578d-4a54-b334-edd2dfb5a552,Role 3,2011-07-24 22:48:03.962510721,63,0,res_390ce441-578d-4a54-b334-edd2dfb5a552,2011-07-24 22:27:50.376523721,0.0
Case90,Create Request for Quotation,res_390ce441-578d-4a54-b334-edd2dfb5a552,Role 3,2011-07-24 23:38:54.833593799,63,0,res_390ce441-578d-4a54-b334-edd2dfb5a552,2011-07-24 23:19:07.598329799,0.0
Case67,Release Purchase Order,res_9d47b47b-0964-42f6-9516-efdb73c6ed64,Role 1,2011-07-25 01:42:29.619631087,63,0,res_9d47b47b-0964-42f6-9516-efdb73c6ed64,2011-07-25 01:41:31.132720087,0.0
Case37,Send Invoice,res_00e26790-8845-4766-a5ba-1d34068f991f,Role 2,2011-07-25 02:58:13.018809243,63,0,res_00e26790-8845-4766-a5ba-1d34068f991f,2011-07-25 02:54:01.842260243,0.2
Case51,Send Invoice,res_47695c52-10c1-49f2-91ef-e7714376bc65,Role 2,2011-07-25 03:40:15.315379911,63,0,res_47695c52-10c1-49f2-91ef-e7714376bc65,2011-07-25 03:36:10.707563911,0.2
Case75,Create Purchase Order,res_c251adc0-cfdc-4666-88c5-225fc69168db,Role 4,2011-07-25 03:57:02.741905679,63,0,res_c251adc0-cfdc-4666-88c5-225fc69168db,2011-07-25 03:34:31.537743679,0.0
Case76,Settle Conditions With Supplier,res_baff0735-8a2c-4232-8ff8-e542cc82ea59,Role 4,2011-07-25 04:39:59.733550811,63,1,res_baff0735-8a2c-4232-8ff8-e542cc82ea59,2011-07-25 04:29:49.590021811,0.0
Case77,Analyze Quotation Comparison Map,res_4f4bb4d5-6c48-4769-8669-010e7a598051,Role 1,2011-07-25 05:08:49.789212399,63,0,res_4f4bb4d5-6c48-4769-8669-010e7a598051,2011-07-25 05:08:49.786308399,0.0
Case69,Send Invoice,res_00e26790-8845-4766-a5ba-1d34068f991f,Role 2,2011-07-25 05:20:59.453667731,63,0,res_00e26790-8845-4766-a5ba-1d34068f991f,2011-07-25 05:17:01.452469731,0.2
Case89,Analyze Purchase Requisition,res_93e36446-b825-499a-92a3-e39cc0457603,Role 3,2011-07-25 05:49:36.933759915,63,0,res_93e36446-b825-499a-92a3-e39cc0457603,2011-07-25 05:47:12.687138915,0.0
Case89,Create Request for Quotation,res_2ebbf15f-b4a5-4b78-9afd-f830b20b6b6f,Role 3,2011-07-25 06:18:04.335006915,63,0,res_2ebbf15f-b4a5-4b78-9afd-f830b20b6b6f,2011-07-25 05:54:14.204331915,0.0
Case63,Release Supplier's Invoice,res_852bb91d-e6e5-42c5-98f9-2874e0245d05,Role 5,2011-07-25 08:04:59.086853921,63,0,res_852bb91d-e6e5-42c5-98f9-2874e0245d05,2011-07-25 08:04:59.086853921,0.0
Case63,Authorize Supplier's Invoice payment,res_852bb91d-e6e5-42c5-98f9-2874e0245d05,Role 5,2011-07-25 08:12:10.732601921,63,0,res_852bb91d-e6e5-42c5-98f9-2874e0245d05,2011-07-25 08:04:59.146122921,0.0
Case63,Pay Invoice,res_f06e4a8c-3726-431a-8f2d-e849c0367f1b,Role 5,2011-07-25 08:40:46.355820921,63,0,res_f06e4a8c-3726-431a-8f2d-e849c0367f1b,2011-07-25 08:40:46.355820921,0.0
Case92,Create Purchase Requisition,res_9d47b47b-0964-42f6-9516-efdb73c6ed64,Role 1,2011-07-25 08:58:21.610311433,63,0,res_9d47b47b-0964-42f6-9516-efdb73c6ed64,2011-07-25 08:50:54.534540433,0.07142857142857142
Case66,Release Supplier's Invoice,res_852bb91d-e6e5-42c5-98f9-2874e0245d05,Role 5,2011-07-25 10:30:08.048909199,63,0,res_852bb91d-e6e5-42c5-98f9-2874e0245d05,2011-07-25 10:30:08.048909199,0.0
Case66,Authorize Supplier's Invoice payment,res_f06e4a8c-3726-431a-8f2d-e849c0367f1b,Role 5,2011-07-25 10:37:33.479520199,63,0,res_f06e4a8c-3726-431a-8f2d-e849c0367f1b,2011-07-25 10:30:08.110405199,0.0
Case66,Pay Invoice,res_852bb91d-e6e5-42c5-98f9-2874e0245d05,Role 5,2011-07-25 11:05:55.521348199,63,0,res_852bb91d-e6e5-42c5-98f9-2874e0245d05,2011-07-25 11:05:55.521348199,0.0
Case76,Create Purchase Order,res_c251adc0-cfdc-4666-88c5-225fc69168db,Role 4,2011-07-25 11:54:13.098411811,62,0,res_c251adc0-cfdc-4666-88c5-225fc69168db,2011-07-25 11:35:37.931326811,0.0
Case67,Approve Purchase Order for payment,res_e5ce286e-828a-4d7d-b23c-cea274f817d5,Role 4,2011-07-25 12:01:25.986001087,62,0,res_e5ce286e-828a-4d7d-b23c-cea274f817d5,2011-07-25 12:01:25.986001087,0.0
Case91,Analyze Purchase Requisition,res_2ebbf15f-b4a5-4b78-9afd-f830b20b6b6f,Role 3,2011-07-25 12:13:30.249263123,62,0,res_2ebbf15f-b4a5-4b78-9afd-f830b20b6b6f,2011-07-25 12:10:59.690027123,0.0
Case91,Create Request for Quotation,res_93e36446-b825-499a-92a3-e39cc0457603,Role 3,2011-07-25 12:40:59.198750123,62,0,res_93e36446-b825-499a-92a3-e39cc0457603,2011-07-25 12:18:17.587305123,0.0
Case81,Analyze Request for Quotation,res_c251adc0-cfdc-4666-88c5-225fc69168db,Role 4,2011-07-25 14:03:21.978137308,62,0,res_c251adc0-cfdc-4666-88c5-225fc69168db,2011-07-25 13:49:24.308986308,0.0
Case77,Choose best option,res_4d387bfd-5044-4f88-a05f-c122ca9bace9,Role 1,2011-07-25 14:03:38.005266399,63,0,res_4d387bfd-5044-4f88-a05f-c122ca9bace9,2011-07-25 05:08:49.827569399,0.0
Case81,Amend Request for Quotation,res_808377b2-c53b-4e67-be7d-0d2f9d145cf8,Role 1,2011-07-25 15:19:48.121516308,62,0,res_808377b2-c53b-4e67-be7d-0d2f9d145cf8,2011-07-25 14:53:46.039285308,0.0
Case78,Analyze Request for Quotation,res_baff0735-8a2c-4232-8ff8-e542cc82ea59,Role 4,2011-07-25 15:30:03.502788854,62,0,res_baff0735-8a2c-4232-8ff8-e542cc82ea59,2011-07-25 15:13:05.223300854,0.0
Case37,Release Supplier's Invoice,res_852bb91d-e6e5-42c5-98f9-2874e0245d05,Role 5,2011-07-25 15:34:45.316070243,61,0,res_852bb91d-e6e5-42c5-98f9-2874e0245d05,2011-07-25 15:34:45.316070243,0.0
Case37,Authorize Supplier's Invoice payment,res_852bb91d-e6e5-42c5-98f9-2874e0245d05,Role 5,2011-07-25 15:42:54.408417243,61,0,res_852bb91d-e6e5-42c5-98f9-2874e0245d05,2011-07-25 15:34:45.386840243,0.0
Case37,Pay Invoice,res_852bb91d-e6e5-42c5-98f9-2874e0245d05,Role 5,2011-07-25 16:10:35.453182243,61,0,res_852bb91d-e6e5-42c5-98f9-2874e0245d05,2011-07-25 16:10:35.453182243,0.0
Case51,Release Supplier's Invoice,res_852bb91d-e6e5-42c5-98f9-2874e0245d05,Role 5,2011-07-25 16:37:14.961636911,60,0,res_852bb91d-e6e5-42c5-98f9-2874e0245d05,2011-07-25 16:37:14.961636911,0.0
Case51,Authorize Supplier's Invoice payment,res_852bb91d-e6e5-42c5-98f9-2874e0245d05,Role 5,2011-07-25 16:45:02.582497911,60,0,res_852bb91d-e6e5-42c5-98f9-2874e0245d05,2011-07-25 16:37:15.031321911,0.0
Case51,Pay Invoice,res_852bb91d-e6e5-42c5-98f9-2874e0245d05,Role 5,2011-07-25 17:12:41.095491911,60,0,res_852bb91d-e6e5-42c5-98f9-2874e0245d05,2011-07-25 17:12:41.095491911,0.0
Case69,Release Supplier's Invoice,res_852bb91d-e6e5-42c5-98f9-2874e0245d05,Role 5,2011-07-25 17:28:27.265942731,59,0,res_852bb91d-e6e5-42c5-98f9-2874e0245d05,2011-07-25 17:28:27.265942731,0.0
Case69,Authorize Supplier's Invoice payment,res_852bb91d-e6e5-42c5-98f9-2874e0245d05,Role 5,2011-07-25 17:36:58.600859731,59,0,res_852bb91d-e6e5-42c5-98f9-2874e0245d05,2011-07-25 17:28:27.335156731,0.0
Case69,Pay Invoice,res_f06e4a8c-3726-431a-8f2d-e849c0367f1b,Role 5,2011-07-25 18:04:58.482093731,59,0,res_f06e4a8c-3726-431a-8f2d-e849c0367f1b,2011-07-25 18:04:58.482093731,0.0
Case79,Send Request for Quotation to Supplier,res_c251adc0-cfdc-4666-88c5-225fc69168db,Role 4,2011-07-25 18:41:10.414686437,61,0,res_c251adc0-cfdc-4666-88c5-225fc69168db,2011-07-25 15:56:45.555413437,0.0
Case71,Deliver Goods Services,res_38e272d4-4b81-4622-bb61-0e21ca2b9e85,Role 2,2011-07-25 18:41:49.570436126,58,2,res_38e272d4-4b81-4622-bb61-0e21ca2b9e85,2011-07-25 18:40:49.411890126,0.2
Case70,Confirm Purchase Order,res_779f4a14-d302-40ef-ac8d-cd3151cb137b,Role 2,2011-07-25 19:16:13.860743112,63,0,res_779f4a14-d302-40ef-ac8d-cd3151cb137b,2011-07-24 22:46:54.399630112,0.0
Case77,Settle Conditions With Supplier,res_c251adc0-cfdc-4666-88c5-225fc69168db,Role 4,2011-07-25 21:23:47.966859399,58,1,res_c251adc0-cfdc-4666-88c5-225fc69168db,2011-07-25 21:13:48.988551399,0.0
Case79,Create Quotation comparison Map,res_baff0735-8a2c-4232-8ff8-e542cc82ea59,Role 4,2011-07-25 22:53:07.156257437,58,0,res_baff0735-8a2c-4232-8ff8-e542cc82ea59,2011-07-25 22:36:37.670718437,0.0
Case82,Analyze Request for Quotation,res_e5ce286e-828a-4d7d-b23c-cea274f817d5,Role 4,2011-07-25 23:06:12.720328093,58,0,res_e5ce286e-828a-4d7d-b23c-cea274f817d5,2011-07-25 22:49:40.753053093,0.3333333333333333
Case72,Deliver Goods Services,res_779f4a14-d302-40ef-ac8d-cd3151cb137b,Role 2,2011-07-25 23:06:18.498367386,58,2,res_779f4a14-d302-40ef-ac8d-cd3151cb137b,2011-07-25 23:05:18.285963386,0.2
Case92,Analyze Purchase Requisition,res_93e36446-b825-499a-92a3-e39cc0457603,Role 3,2011-07-25 23:21:27.949261433,57,0,res_93e36446-b825-499a-92a3-e39cc0457603,2011-07-25 23:18:55.089177433,0.0
Case92,Create Request for Quotation,res_390ce441-578d-4a54-b334-edd2dfb5a552,Role 3,2011-07-25 23:48:46.556968433,57,0,res_390ce441-578d-4a54-b334-edd2dfb5a552,2011-07-25 23:26:19.739857433,0.0
Case71,Release Purchase Order,res_c2d65c63-57eb-4360-a138-bacc13d98771,Role 1,2011-07-26 01:39:57.773522126,57,0,res_c2d65c63-57eb-4360-a138-bacc13d98771,2011-07-26 01:38:59.385072126,0.0
Case93,Create Purchase Requisition,res_c2d65c63-57eb-4360-a138-bacc13d98771,Role 1,2011-07-26 02:46:39.675637677,58,0,res_c2d65c63-57eb-4360-a138-bacc13d98771,2011-07-26 02:39:36.108270677,0.0
Case84,Analyze Request for Quotation,res_c251adc0-cfdc-4666-88c5-225fc69168db,Role 4,2011-07-26 04:03:15.431768528,58,0,res_c251adc0-cfdc-4666-88c5-225fc69168db,2011-07-26 03:44:40.080516528,0.0
Case67,Send Invoice,res_cf2e0146-b3da-4b3d-ae6a-8bfb80190c28,Role 2,2011-07-26 04:41:01.689022087,57,0,res_cf2e0146-b3da-4b3d-ae6a-8bfb80190c28,2011-07-26 04:37:04.351316087,0.2
Case77,Create Purchase Order,res_baff0735-8a2c-4232-8ff8-e542cc82ea59,Role 4,2011-07-26 04:58:19.295590399,57,0,res_baff0735-8a2c-4232-8ff8-e542cc82ea59,2011-07-26 04:36:00.371283399,0.0
Case79,Analyze Quotation Comparison Map,res_00d4cfde-f830-4d2c-acab-0fd16f45aaf3,Role 1,2011-07-26 05:20:49.865213437,57,0,res_00d4cfde-f830-4d2c-acab-0fd16f45aaf3,2011-07-26 05:20:49.853192437,0.0
Case72,Release Purchase Order,res_4d387bfd-5044-4f88-a05f-c122ca9bace9,Role 1,2011-07-26 06:05:17.274436386,57,0,res_4d387bfd-5044-4f88-a05f-c122ca9bace9,2011-07-26 06:04:18.660283386,0.07142857142857142
Case94,Create Purchase Requisition,res_6894b22f-3b8e-4256-874b-6e3d7fb32717,Role 1,2011-07-26 07:06:31.383215667,58,0,res_6894b22f-3b8e-4256-874b-6e3d7fb32717,2011-07-26 06:59:08.061009667,0.07142857142857142
Case71,Approve Purchase Order for payment,res_e5ce286e-828a-4d7d-b23c-cea274f817d5,Role 4,2011-07-26 12:13:38.928539126,58,0,res_e5ce286e-828a-4d7d-b23c-cea274f817d5,2011-07-26 12:13:38.924399126,0.3333333333333333
Case85,Analyze Request for Quotation,res_baff0735-8a2c-4232-8ff8-e542cc82ea59,Role 4,2011-07-26 12:24:30.866234547,58,0,res_baff0735-8a2c-4232-8ff8-e542cc82ea59,2011-07-26 12:07:45.748755547,0.0
Case79,Choose best option,res_6894b22f-3b8e-4256-874b-6e3d7fb32717,Role 1,2011-07-26 12:40:42.736882437,57,0,res_6894b22f-3b8e-4256-874b-6e3d7fb32717,2011-07-26 05:20:49.887907437,0.0
Case72,Approve Purchase Order for payment,res_e5ce286e-828a-4d7d-b23c-cea274f817d5,Role 4,2011-07-26 15:57:45.984745386,57,0,res_e5ce286e-828a-4d7d-b23c-cea274f817d5,2011-07-26 15:57:45.984745386,0.0
Case89,Analyze Request for Quotation,res_baff0735-8a2c-4232-8ff8-e542cc82ea59,Role 4,2011-07-26 16:25:26.413866915,57,0,res_baff0735-8a2c-4232-8ff8-e542cc82ea59,2011-07-26 16:10:26.155044915,0.0
Case67,Release Supplier's Invoice,res_f06e4a8c-3726-431a-8f2d-e849c0367f1b,Role 5,2011-07-26 17:09:07.692279087,56,0,res_f06e4a8c-3726-431a-8f2d-e849c0367f1b,2011-07-26 17:09:07.692279087,0.0
Case67,Authorize Supplier's Invoice payment,res_852bb91d-e6e5-42c5-98f9-2874e0245d05,Role 5,2011-07-26 17:17:40.695052087,56,0,res_852bb91d-e6e5-42c5-98f9-2874e0245d05,2011-07-26 17:09:07.765146087,0.0
Case67,Pay Invoice,res_f06e4a8c-3726-431a-8f2d-e849c0367f1b,Role 5,2011-07-26 17:46:28.236611087,56,0,res_f06e4a8c-3726-431a-8f2d-e849c0367f1b,2011-07-26 17:46:28.236611087,0.0
Case93,Analyze Purchase Requisition,res_2ebbf15f-b4a5-4b78-9afd-f830b20b6b6f,Role 3,2011-07-26 17:58:50.401876677,55,0,res_2ebbf15f-b4a5-4b78-9afd-f830b20b6b6f,2011-07-26 17:56:32.066815677,0.0
Case75,Confirm Purchase Order,res_00e26790-8845-4766-a5ba-1d34068f991f,Role 2,2011-07-26 18:15:51.425375679,58,0,res_00e26790-8845-4766-a5ba-1d34068f991f,2011-07-25 21:52:54.691429679,0.0
Case93,Create Request for Quotation,res_390ce441-578d-4a54-b334-edd2dfb5a552,Role 3,2011-07-26 18:26:36.242421677,55,0,res_390ce441-578d-4a54-b334-edd2dfb5a552,2011-07-26 18:03:59.714810677,0.0
Case79,Settle Conditions With Supplier,res_c251adc0-cfdc-4666-88c5-225fc69168db,Role 4,2011-07-26 20:05:55.747503437,55,1,res_c251adc0-cfdc-4666-88c5-225fc69168db,2011-07-26 19:56:02.766123437,0.0
Case65,Analyze Request for Quotation,res_c251adc0-cfdc-4666-88c5-225fc69168db,Role 4,2011-07-26 20:11:56.805326856,55,0,res_c251adc0-cfdc-4666-88c5-225fc69168db,2011-07-26 19:56:42.124541856,0.3333333333333333
Case87,Analyze Request for Quotation,res_e5ce286e-828a-4d7d-b23c-cea274f817d5,Role 4,2011-07-26 20:57:51.864011601,55,0,res_e5ce286e-828a-4d7d-b23c-cea274f817d5,2011-07-26 20:41:39.077387601,0.0
Case80,Analyze Request for Quotation,res_baff0735-8a2c-4232-8ff8-e542cc82ea59,Role 4,2011-07-26 21:48:28.599122498,55,0,res_baff0735-8a2c-4232-8ff8-e542cc82ea59,2011-07-26 21:30:23.690466498,0.0
Case94,Analyze Purchase Requisition,res_93e36446-b825-499a-92a3-e39cc0457603,Role 3,2011-07-26 21:49:12.391047667,55,0,res_93e36446-b825-499a-92a3-e39cc0457603,2011-07-26 21:46:48.773800667,0.0
Case65,Amend Request for Quotation,res_bd616672-25a3-4e30-9fc1-5ebe35494627,Role 1,2011-07-26 21:58:38.748794856,55,0,res_bd616672-25a3-4e30-9fc1-5ebe35494627,2011-07-26 21:35:26.008747856,0.0
Case94,Create Request for Quotation,res_2ebbf15f-b4a5-4b78-9afd-f830b20b6b6f,Role 3,2011-07-26 22:17:05.312479667,54,0,res_2ebbf15f-b4a5-4b78-9afd-f830b20b6b6f,2011-07-26 21:54:17.551017667,0.0
Case70,Deliver Goods Services,res_00e26790-8845-4766-a5ba-1d34068f991f,Role 2,2011-07-27 00:39:14.146996112,54,2,res_00e26790-8845-4766-a5ba-1d34068f991f,2011-07-27 00:38:13.644857112,0.4
Case79,Create Purchase Order,res_c251adc0-cfdc-4666-88c5-225fc69168db,Role 4,2011-07-27 03:54:06.710364437,54,0,res_c251adc0-cfdc-4666-88c5-225fc69168db,2011-07-27 03:30:16.000883437,0.0
Case91,Analyze Request for Quotation,res_baff0735-8a2c-4232-8ff8-e542cc82ea59,Role 4,2011-07-27 04:29:58.315064123,54,0,res_baff0735-8a2c-4232-8ff8-e542cc82ea59,2011-07-27 04:11:59.706793123,0.0
Case95,Create Purchase Requisition,res_9d47b47b-0964-42f6-9516-efdb73c6ed64,Role 1,2011-07-27 04:38:19.412712335,54,0,res_9d47b47b-0964-42f6-9516-efdb73c6ed64,2011-07-27 04:30:57.105048335,0.0
Case76,Confirm Purchase Order,res_779f4a14-d302-40ef-ac8d-cd3151cb137b,Role 2,2011-07-27 07:08:49.541608811,57,1,res_779f4a14-d302-40ef-ac8d-cd3151cb137b,2011-07-26 06:55:23.241807811,0.2
Case70,Release Purchase Order,res_34468ceb-4568-4fd1-aa00-6716f6e8a85b,Role 1,2011-07-27 07:29:14.582500112,54,0,res_34468ceb-4568-4fd1-aa00-6716f6e8a85b,2011-07-27 07:28:15.608498112,0.0
Case71,Send Invoice,res_38e272d4-4b81-4622-bb61-0e21ca2b9e85,Role 2,2011-07-27 08:07:41.863454126,54,0,res_38e272d4-4b81-4622-bb61-0e21ca2b9e85,2011-07-27 08:03:53.924810126,0.2
Case90,Analyze Request for Quotation,res_c251adc0-cfdc-4666-88c5-225fc69168db,Role 4,2011-07-27 09:06:58.963926799,54,0,res_c251adc0-cfdc-4666-88c5-225fc69168db,2011-07-27 08:50:02.155076799,0.0
Case81,Analyze Request for Quotation,res_baff0735-8a2c-4232-8ff8-e542cc82ea59,Role 4,2011-07-27 09:23:06.502170308,54,1,res_baff0735-8a2c-4232-8ff8-e542cc82ea59,2011-07-27 09:05:11.007528308,0.3333333333333333
Case72,Send Invoice,res_47695c52-10c1-49f2-91ef-e7714376bc65,Role 2,2011-07-27 10:20:35.981812386,53,0,res_47695c52-10c1-49f2-91ef-e7714376bc65,2011-07-27 10:16:43.090308386,0.2
Case83,Analyze Request for Quotation,res_baff0735-8a2c-4232-8ff8-e542cc82ea59,Role 4,2011-07-27 12:18:30.233251447,53,0,res_baff0735-8a2c-4232-8ff8-e542cc82ea59,2011-07-27 12:02:10.445838447,0.0
Case92,Analyze Request for Quotation,res_baff0735-8a2c-4232-8ff8-e542cc82ea59,Role 4,2011-07-27 14:43:10.074113433,52,0,res_baff0735-8a2c-4232-8ff8-e542cc82ea59,2011-07-27 14:28:24.849760433,0.0
Case92,Amend Request for Quotation,res_808377b2-c53b-4e67-be7d-0d2f9d145cf8,Role 1,2011-07-27 15:57:56.620545433,52,0,res_808377b2-c53b-4e67-be7d-0d2f9d145cf8,2011-07-27 15:33:29.819612433,0.0
Case86,Analyze Request for Quotation,res_e5ce286e-828a-4d7d-b23c-cea274f817d5,Role 4,2011-07-27 18:35:03.189135878,52,0,res_e5ce286e-828a-4d7d-b23c-cea274f817d5,2011-07-27 18:19:03.506766878,0.0
Case70,Approve Purchase Order for payment,res_e5ce286e-828a-4d7d-b23c-cea274f817d5,Role 4,2011-07-27 18:41:02.698422112,52,0,res_e5ce286e-828a-4d7d-b23c-cea274f817d5,2011-07-27 18:41:02.698422112,0.0
Case77,Confirm Purchase Order,res_38e272d4-4b81-4622-bb61-0e21ca2b9e85,Role 2,2011-07-27 19:29:12.937713399,55,1,res_38e272d4-4b81-4622-bb61-0e21ca2b9e85,2011-07-26 21:45:31.705241399,0.2
Case95,Analyze Purchase Requisition,res_2ebbf15f-b4a5-4b78-9afd-f830b20b6b6f,Role 3,2011-07-27 20:25:21.690893335,52,0,res_2ebbf15f-b4a5-4b78-9afd-f830b20b6b6f,2011-07-27 20:23:03.083361335,0.0
Case95,Create Request for Quotation,res_2ebbf15f-b4a5-4b78-9afd-f830b20b6b6f,Role 3,2011-07-27 20:54:26.649003335,52,0,res_2ebbf15f-b4a5-4b78-9afd-f830b20b6b6f,2011-07-27 20:30:48.465739335,0.0
Case71,Release Supplier's Invoice,res_f06e4a8c-3726-431a-8f2d-e849c0367f1b,Role 5,2011-07-27 21:02:54.925542126,52,0,res_f06e4a8c-3726-431a-8f2d-e849c0367f1b,2011-07-27 21:02:54.925542126,0.0
Case75,Deliver Goods Services,res_47695c52-10c1-49f2-91ef-e7714376bc65,Role 2,2011-07-27 21:09:59.457049679,52,2,res_47695c52-10c1-49f2-91ef-e7714376bc65,2011-07-27 21:08:59.228677679,0.0
Case71,Authorize Supplier's Invoice payment,res_f06e4a8c-3726-431a-8f2d-e849c0367f1b,Role 5,2011-07-27 21:12:15.272044126,52,0,res_f06e4a8c-3726-431a-8f2d-e849c0367f1b,2011-07-27 21:02:55.003901126,0.0
Case71,Pay Invoice,res_852bb91d-e6e5-42c5-98f9-2874e0245d05,Role 5,2011-07-27 21:40:45.917526126,52,0,res_852bb91d-e6e5-42c5-98f9-2874e0245d05,2011-07-27 21:40:45.917526126,0.0
Case72,Release Supplier's Invoice,res_f06e4a8c-3726-431a-8f2d-e849c0367f1b,Role 5,2011-07-27 23:11:33.440934386,51,0,res_f06e4a8c-3726-431a-8f2d-e849c0367f1b,2011-07-27 23:11:33.440934386,0.0
Case72,Authorize Supplier's Invoice payment,res_f06e4a8c-3726-431a-8f2d-e849c0367f1b,Role 5,2011-07-27 23:21:25.511886386,51,0,res_f06e4a8c-3726-431a-8f2d-e849c0367f1b,2011-07-27 23:11:33.519578386,0.0
Case72,Pay Invoice,res_f06e4a8c-3726-431a-8f2d-e849c0367f1b,Role 5,2011-07-27 23:50:56.816077386,51,0,res_f06e4a8c-3726-431a-8f2d-e849c0367f1b,2011-07-27 23:50:56.816077386,0.0
Case88,Analyze Request for Quotation,res_c251adc0-cfdc-4666-88c5-225fc69168db,Role 4,2011-07-28 00:15:14.870117721,50,0,res_c251adc0-cfdc-4666-88c5-225fc69168db,2011-07-27 23:56:52.393741721,0.0
Case88,Amend Request for Quotation,res_7f504b31-097e-4ac2-a7ed-009586f8bd03,Role 1,2011-07-28 01:35:11.112552721,50,0,res_7f504b31-097e-4ac2-a7ed-009586f8bd03,2011-07-28 01:10:36.683933721,0.0
Case96,Create Purchase Requisition,res_c2d65c63-57eb-4360-a138-bacc13d98771,Role 1,2011-07-28 02:29:13.351443648,51,0,res_c2d65c63-57eb-4360-a138-bacc13d98771,2011-07-28 02:21:50.497222648,0.0
Case75,Release Purchase Order,res_9d47b47b-0964-42f6-9516-efdb73c6ed64,Role 1,2011-07-28 03:59:58.052259679,51,0,res_9d47b47b-0964-42f6-9516-efdb73c6ed64,2011-07-28 03:58:59.139796679,0.0
Case87,Send Request for Quotation to Supplier,res_e5ce286e-828a-4d7d-b23c-cea274f817d5,Role 4,2011-07-28 05:37:25.450760601,50,0,res_e5ce286e-828a-4d7d-b23c-cea274f817d5,2011-07-28 01:40:55.754512601,0.0
Case96,Create Request for Quotation,res_93e36446-b825-499a-92a3-e39cc0457603,Role 3,2011-07-28 07:35:38.595772648,51,0,res_93e36446-b825-499a-92a3-e39cc0457603,2011-07-28 07:16:09.795218648,0.0
Case65,Analyze Request for Quotation,res_baff0735-8a2c-4232-8ff8-e542cc82ea59,Role 4,2011-07-28 08:34:27.983677856,51,0,res_baff0735-8a2c-4232-8ff8-e542cc82ea59,2011-07-28 08:18:53.310138856,0.0
Case97,Create Purchase Requisition,res_6894b22f-3b8e-4256-874b-6e3d7fb32717,Role 1,2011-07-28 09:24:17.367966761,52,0,res_6894b22f-3b8e-4256-874b-6e3d7fb32717,2011-07-28 09:16:26.541414761,0.0
Case76,Deliver Goods Services,res_779f4a14-d302-40ef-ac8d-cd3151cb137b,Role 2,2011-07-28 11:33:34.352420811,52,2,res_779f4a14-d302-40ef-ac8d-cd3151cb137b,2011-07-28 11:32:34.186992811,0.2
Case87,Create Quotation comparison Map,res_c251adc0-cfdc-4666-88c5-225fc69168db,Role 4,2011-07-28 12:30:17.760614601,52,0,res_c251adc0-cfdc-4666-88c5-225fc69168db,2011-07-28 12:13:02.937983601,0.0
Case75,Approve Purchase Order for payment,res_c251adc0-cfdc-4666-88c5-225fc69168db,Role 4,2011-07-28 16:10:34.632593679,52,0,res_c251adc0-cfdc-4666-88c5-225fc69168db,2011-07-28 16:10:34.632593679,0.3333333333333333
Case81,Send Request for Quotation to Supplier,res_e5ce286e-828a-4d7d-b23c-cea274f817d5,Role 4,2011-07-28 16:15:59.564059308,52,0,res_e5ce286e-828a-4d7d-b23c-cea274f817d5,2011-07-28 12:26:34.357382308,0.3333333333333333
Case93,Analyze Request for Quotation,res_baff0735-8a2c-4232-8ff8-e542cc82ea59,Role 4,2011-07-28 17:18:24.707133677,52,0,res_baff0735-8a2c-4232-8ff8-e542cc82ea59,2011-07-28 17:03:17.642086677,0.0
Case98,Create Purchase Requisition,res_0c43f4f8-a9b4-439e-9084-12cb40ca8578,Role 1,2011-07-28 18:07:22.076891000,53,0,res_0c43f4f8-a9b4-439e-9084-12cb40ca8578,2011-07-28 18:00:00.000000000,0.0
Case76,Release Purchase Order,res_0c43f4f8-a9b4-439e-9084-12cb40ca8578,Role 1,2011-07-28 18:19:38.692917811,53,0,res_0c43f4f8-a9b4-439e-9084-12cb40ca8578,2011-07-28 18:18:40.437161811,0.0
Case87,Analyze Quotation Comparison Map,res_7f504b31-097e-4ac2-a7ed-009586f8bd03,Role 1,2011-07-28 18:41:48.160214601,53,0,res_7f504b31-097e-4ac2-a7ed-009586f8bd03,2011-07-28 18:41:48.160214601,0.0
Case70,Send Invoice,res_779f4a14-d302-40ef-ac8d-cd3151cb137b,Role 2,2011-07-28 18:46:29.118023112,53,0,res_779f4a14-d302-40ef-ac8d-cd3151cb137b,2011-07-28 18:42:11.281373112,0.2
Case94,Analyze Request for Quotation,res_baff0735-8a2c-4232-8ff8-e542cc82ea59,Role 4,2011-07-28 20:14:14.831728667,53,0,res_baff0735-8a2c-4232-8ff8-e542cc82ea59,2011-07-28 19:58:51.065731667,0.0
Case79,Confirm Purchase Order,res_38e272d4-4b81-4622-bb61-0e21ca2b9e85,Role 2,2011-07-28 20:44:32.128636437,51,0,res_38e272d4-4b81-4622-bb61-0e21ca2b9e85,2011-07-27 22:20:16.484164437,0.0
Case94,Amend Request for Quotation,res_7f504b31-097e-4ac2-a7ed-009586f8bd03,Role 1,2011-07-28 21:31:08.804082667,53,0,res_7f504b31-097e-4ac2-a7ed-009586f8bd03,2011-07-28 21:06:53.908233667,0.07142857142857142
Case81,Create Quotation comparison Map,res_c251adc0-cfdc-4666-88c5-225fc69168db,Role 4,2011-07-29 00:22:02.940090308,53,0,res_c251adc0-cfdc-4666-88c5-225fc69168db,2011-07-29 00:02:08.537403308,0.0
Case97,Analyze Purchase Requisition,res_93e36446-b825-499a-92a3-e39cc0457603,Role 3,2011-07-29 00:49:18.593974761,53,0,res_93e36446-b825-499a-92a3-e39cc0457603,2011-07-29 00:46:55.953868761,0.0
Case98,Create Request for Quotation,res_390ce441-578d-4a54-b334-edd2dfb5a552,Role 3,2011-07-29 01:08:49.085163000,53,0,res_390ce441-578d-4a54-b334-edd2dfb5a552,2011-07-29 00:50:52.265873000,0.0
Case77,Deliver Goods Services,res_38e272d4-4b81-4622-bb61-0e21ca2b9e85,Role 2,2011-07-29 01:18:03.811695399,53,2,res_38e272d4-4b81-4622-bb61-0e21ca2b9e85,2011-07-29 01:17:03.761335399,0.0
Case97,Create Request for Quotation,res_93e36446-b825-499a-92a3-e39cc0457603,Role 3,2011-07-29 01:20:37.392440761,53,1,res_93e36446-b825-499a-92a3-e39cc0457603,2011-07-29 00:54:32.715781761,0.3333333333333333
Case87,Choose best option,res_34468ceb-4568-4fd1-aa00-6716f6e8a85b,Role 1,2011-07-29 02:45:13.920789601,53,0,res_34468ceb-4568-4fd1-aa00-6716f6e8a85b,2011-07-28 18:41:48.199236601,0.0
Case86,Send Request for Quotation to Supplier,res_c251adc0-cfdc-4666-88c5-225fc69168db,Role 4,2011-07-29 04:22:03.850938878,53,0,res_c251adc0-cfdc-4666-88c5-225fc69168db,2011-07-29 01:05:04.276895878,0.0
Case76,Approve Purchase Order for payment,res_e5ce286e-828a-4d7d-b23c-cea274f817d5,Role 4,2011-07-29 05:50:34.294748811,53,0,res_e5ce286e-828a-4d7d-b23c-cea274f817d5,2011-07-29 05:50:34.294748811,0.0
Case81,Analyze Quotation Comparison Map,res_7d95b5d8-8efa-4b36-b04e-cf2c389cb754,Role 1,2011-07-29 06:37:53.286109308,53,0,res_7d95b5d8-8efa-4b36-b04e-cf2c389cb754,2011-07-29 06:37:53.286109308,0.0
Case70,Release Supplier's Invoice,res_852bb91d-e6e5-42c5-98f9-2874e0245d05,Role 5,2011-07-29 08:04:24.047510112,53,0,res_852bb91d-e6e5-42c5-98f9-2874e0245d05,2011-07-29 08:04:24.047510112,0.0
Case77,Release Purchase Order,res_dc04fc79-1da4-4556-bf8f-9f5eee53fc94,Role 1,2011-07-29 08:10:36.131435399,53,0,res_dc04fc79-1da4-4556-bf8f-9f5eee53fc94,2011-07-29 08:09:37.363440399,0.07142857142857142
Case70,Authorize Supplier's Invoice payment,res_f06e4a8c-3726-431a-8f2d-e849c0367f1b,Role 5,2011-07-29 08:12:55.728182112,53,0,res_f06e4a8c-3726-431a-8f2d-e849c0367f1b,2011-07-29 08:04:24.108658112,0.0
Case70,Pay Invoice,res_f06e4a8c-3726-431a-8f2d-e849c0367f1b,Role 5,2011-07-29 08:42:56.258525112,53,0,res_f06e4a8c-3726-431a-8f2d-e849c0367f1b,2011-07-29 08:42:56.258525112,0.0
Case87,Settle Conditions With Supplier,res_c251adc0-cfdc-4666-88c5-225fc69168db,Role 4,2011-07-29 11:27:14.520193601,52,1,res_c251adc0-cfdc-4666-88c5-225fc69168db,2011-07-29 11:17:04.838092601,0.3333333333333333
Case86,Create Quotation comparison Map,res_e5ce286e-828a-4d7d-b23c-cea274f817d5,Role 4,2011-07-29 11:32:44.372661878,52,0,res_e5ce286e-828a-4d7d-b23c-cea274f817d5,2011-07-29 11:15:51.485460878,0.0
Case81,Choose best option,res_c2d65c63-57eb-4360-a138-bacc13d98771,Role 1,2011-07-29 15:14:57.145867308,53,0,res_c2d65c63-57eb-4360-a138-bacc13d98771,2011-07-29 06:37:53.301242308,0.0
Case65,Send Request for Quotation to Supplier,res_e5ce286e-828a-4d7d-b23c-cea274f817d5,Role 4,2011-07-29 16:22:18.329706856,52,0,res_e5ce286e-828a-4d7d-b23c-cea274f817d5,2011-07-29 12:59:05.774906856,0.0
Case86,Analyze Quotation Comparison Map,res_dc04fc79-1da4-4556-bf8f-9f5eee53fc94,Role 1,2011-07-29 17:43:11.765547878,52,0,res_dc04fc79-1da4-4556-bf8f-9f5eee53fc94,2011-07-29 17:43:11.765547878,0.0
Case75,Send Invoice,res_47695c52-10c1-49f2-91ef-e7714376bc65,Role 2,2011-07-29 18:26:06.903327679,52,0,res_47695c52-10c1-49f2-91ef-e7714376bc65,2011-07-29 18:21:49.762463679,0.0
Case77,Approve Purchase Order for payment,res_baff0735-8a2c-4232-8ff8-e542cc82ea59,Role 4,2011-07-29 20:30:19.582822399,52,0,res_baff0735-8a2c-4232-8ff8-e542cc82ea59,2011-07-29 20:30:19.582822399,0.0
Case87,Create Purchase Order,res_c251adc0-cfdc-4666-88c5-225fc69168db,Role 4,2011-07-29 22:04:04.366583601,52,0,res_c251adc0-cfdc-4666-88c5-225fc69168db,2011-07-29 21:42:11.287954601,0.0
Case81,Settle Conditions With Supplier,res_c251adc0-cfdc-4666-88c5-225fc69168db,Role 4,2011-07-29 23:51:15.300278308,52,1,res_c251adc0-cfdc-4666-88c5-225fc69168db,2011-07-29 23:41:11.426815308,0.0
Case86,Choose best option,res_bd616672-25a3-4e30-9fc1-5ebe35494627,Role 1,2011-07-30 01:13:24.514902878,52,0,res_bd616672-25a3-4e30-9fc1-5ebe35494627,2011-07-29 17:43:11.782888878,0.0
Case92,Analyze Request for Quotation,res_baff0735-8a2c-4232-8ff8-e542cc82ea59,Role 4,2011-07-30 01:48:38.200258433,52,0,res_baff0735-8a2c-4232-8ff8-e542cc82ea59,2011-07-30 01:29:15.322487433,0.0
Case65,Create Quotation comparison Map,res_baff0735-8a2c-4232-8ff8-e542cc82ea59,Role 4,2011-07-30 02:32:33.749394856,52,0,res_baff0735-8a2c-4232-8ff8-e542cc82ea59,2011-07-30 02:12:08.356980856,0.0
Case79,Deliver Goods Services,res_38e272d4-4b81-4622-bb61-0e21ca2b9e85,Role 2,2011-07-30 06:23:25.311066437,52,2,res_38e272d4-4b81-4622-bb61-0e21ca2b9e85,2011-07-30 06:22:25.319336437,0.0
Case75,Release Supplier's Invoice,res_f06e4a8c-3726-431a-8f2d-e849c0367f1b,Role 5,2011-07-30 07:16:33.535988679,52,0,res_f06e4a8c-3726-431a-8f2d-e849c0367f1b,2011-07-30 07:16:33.535988679,0.0
Case75,Authorize Supplier's Invoice payment,res_852bb91d-e6e5-42c5-98f9-2874e0245d05,Role 5,2011-07-30 07:25:26.704396679,52,0,res_852bb91d-e6e5-42c5-98f9-2874e0245d05,2011-07-30 07:16:33.592014679,0.0
Case75,Pay Invoice,res_852bb91d-e6e5-42c5-98f9-2874e0245d05,Role 5,2011-07-30 07:54:33.155155679,52,0,res_852bb91d-e6e5-42c5-98f9-2874e0245d05,2011-07-30 07:54:33.155155679,0.0
Case95,Analyze Request for Quotation,res_c251adc0-cfdc-4666-88c5-225fc69168db,Role 4,2011-07-30 08:28:24.707491335,51,0,res_c251adc0-cfdc-4666-88c5-225fc69168db,2011-07-30 08:11:49.001195335,0.0
Case86,Settle Conditions With Supplier,res_baff0735-8a2c-4232-8ff8-e542cc82ea59,Role 4,2011-07-30 08:55:27.874773878,50,1,res_baff0735-8a2c-4232-8ff8-e542cc82ea59,2011-07-30 08:45:18.605157878,0.0
Case65,Analyze Quotation Comparison Map,res_9d47b47b-0964-42f6-9516-efdb73c6ed64,Role 1,2011-07-30 10:01:11.919318856,50,0,res_9d47b47b-0964-42f6-9516-efdb73c6ed64,2011-07-30 10:01:11.919318856,0.0
Case81,Create Purchase Order,res_e5ce286e-828a-4d7d-b23c-cea274f817d5,Role 4,2011-07-30 10:54:59.536321308,50,0,res_e5ce286e-828a-4d7d-b23c-cea274f817d5,2011-07-30 10:37:58.035203308,0.0
Case76,Send Invoice,res_cf2e0146-b3da-4b3d-ae6a-8bfb80190c28,Role 2,2011-07-30 11:54:31.226350811,50,0,res_cf2e0146-b3da-4b3d-ae6a-8bfb80190c28,2011-07-30 11:50:22.394832811,0.0
Case79,Release Purchase Order,res_6894b22f-3b8e-4256-874b-6e3d7fb32717,Role 1,2011-07-30 13:19:10.774412437,50,0,res_6894b22f-3b8e-4256-874b-6e3d7fb32717,2011-07-30 13:18:12.236024437,0.07142857142857142
Case86,Create Purchase Order,res_c251adc0-cfdc-4666-88c5-225fc69168db,Role 4,2011-07-30 16:10:59.608642878,50,0,res_c251adc0-cfdc-4666-88c5-225fc69168db,2011-07-30 15:51:27.701462878,0.3333333333333333
Case93,Send Request for Quotation to Supplier,res_c251adc0-cfdc-4666-88c5-225fc69168db,Role 4,2011-07-30 16:40:50.642039677,50,0,res_c251adc0-cfdc-4666-88c5-225fc69168db,2011-07-30 13:06:33.752971677,0.0
Case65,Choose best option,res_7d95b5d8-8efa-4b36-b04e-cf2c389cb754,Role 1,2011-07-30 16:45:04.954761856,50,0,res_7d95b5d8-8efa-4b36-b04e-cf2c389cb754,2011-07-30 10:01:11.942514856,0.0
Case88,Analyze Request for Quotation,res_e5ce286e-828a-4d7d-b23c-cea274f817d5,Role 4,2011-07-30 16:50:26.104428721,50,0,res_e5ce286e-828a-4d7d-b23c-cea274f817d5,2011-07-30 16:33:39.822392721,0.3333333333333333
Case93,Create Quotation comparison Map,res_e5ce286e-828a-4d7d-b23c-cea274f817d5,Role 4,2011-07-30 22:54:52.635342677,49,0,res_e5ce286e-828a-4d7d-b23c-cea274f817d5,2011-07-30 22:35:21.582998677,0.0
Case77,Send Invoice,res_779f4a14-d302-40ef-ac8d-cd3151cb137b,Role 2,2011-07-31 00:08:16.922801399,49,0,res_779f4a14-d302-40ef-ac8d-cd3151cb137b,2011-07-31 00:03:53.248559399,0.2
Case76,Release Supplier's Invoice,res_f06e4a8c-3726-431a-8f2d-e849c0367f1b,Role 5,2011-07-31 00:26:12.509850811,49,0,res_f06e4a8c-3726-431a-8f2d-e849c0367f1b,2011-07-31 00:26:12.509850811,0.0
Case76,Authorize Supplier's Invoice payment,res_f06e4a8c-3726-431a-8f2d-e849c0367f1b,Role 5,2011-07-31 00:35:18.652554811,49,0,res_f06e4a8c-3726-431a-8f2d-e849c0367f1b,2011-07-31 00:26:12.560842811,0.0
Case79,Approve Purchase Order for payment,res_baff0735-8a2c-4232-8ff8-e542cc82ea59,Role 4,2011-07-31 00:39:31.319785437,49,0,res_baff0735-8a2c-4232-8ff8-e542cc82ea59,2011-07-31 00:39:31.319785437,0.0
Case76,Pay Invoice,res_f06e4a8c-3726-431a-8f2d-e849c0367f1b,Role 5,2011-07-31 01:04:29.059888811,49,0,res_f06e4a8c-3726-431a-8f2d-e849c0367f1b,2011-07-31 01:04:29.059888811,0.0
Case65,Settle Conditions With Supplier,res_e5ce286e-828a-4d7d-b23c-cea274f817d5,Role 4,2011-07-31 04:19:58.949780856,48,1,res_e5ce286e-828a-4d7d-b23c-cea274f817d5,2011-07-31 04:09:53.046726856,0.0
Case93,Analyze Quotation Comparison Map,res_bd616672-25a3-4e30-9fc1-5ebe35494627,Role 1,2011-07-31 05:18:26.393612677,48,0,res_bd616672-25a3-4e30-9fc1-5ebe35494627,2011-07-31 05:18:26.393612677,0.0
Case98,Analyze Request for Quotation,res_c251adc0-cfdc-4666-88c5-225fc69168db,Role 4,2011-07-31 07:33:59.602865000,48,0,res_c251adc0-cfdc-4666-88c5-225fc69168db,2011-07-31 07:17:21.409729000,0.3333333333333333
Case98,Amend Request for Quotation,res_00d4cfde-f830-4d2c-acab-0fd16f45aaf3,Role 1,2011-07-31 08:50:14.345063000,48,0,res_00d4cfde-f830-4d2c-acab-0fd16f45aaf3,2011-07-31 08:24:32.744929000,0.07142857142857142
Case92,Send Request for Quotation to Supplier,res_baff0735-8a2c-4232-8ff8-e542cc82ea59,Role 4,2011-07-31 10:16:08.055960433,48,0,res_baff0735-8a2c-4232-8ff8-e542cc82ea59,2011-07-31 06:51:31.135284433,0.0
Case65,Create Purchase Order,res_baff0735-8a2c-4232-8ff8-e542cc82ea59,Role 4,2011-07-31 12:29:09.559778856,48,0,res_baff0735-8a2c-4232-8ff8-e542cc82ea59,2011-07-31 12:12:03.464269856,0.0
Case77,Release Supplier's Invoice,res_852bb91d-e6e5-42c5-98f9-2874e0245d05,Role 5,2011-07-31 13:04:10.058559399,48,0,res_852bb91d-e6e5-42c5-98f9-2874e0245d05,2011-07-31 13:04:10.058559399,0.0
Case77,Authorize Supplier's Invoice payment,res_f06e4a8c-3726-431a-8f2d-e849c0367f1b,Role 5,2011-07-31 13:12:35.762036399,48,0,res_f06e4a8c-3726-431a-8f2d-e849c0367f1b,2011-07-31 13:04:10.118334399,0.0
Case77,Pay Invoice,res_852bb91d-e6e5-42c5-98f9-2874e0245d05,Role 5,2011-07-31 13:40:37.074568399,48,0,res_852bb91d-e6e5-42c5-98f9-2874e0245d05,2011-07-31 13:40:37.074568399,0.0
Case93,Choose best option,res_dc04fc79-1da4-4556-bf8f-9f5eee53fc94,Role 1,2011-07-31 14:27:22.093501677,48,0,res_dc04fc79-1da4-4556-bf8f-9f5eee53fc94,2011-07-31 05:18:26.425578677,0.0
Case97,Analyze Request for Quotation,res_c251adc0-cfdc-4666-88c5-225fc69168db,Role 4,2011-07-31 14:46:01.791450761,47,0,res_c251adc0-cfdc-4666-88c5-225fc69168db,2011-07-31 14:29:59.516469761,0.0
Case92,Create Quotation comparison Map,res_c251adc0-cfdc-4666-88c5-225fc69168db,Role 4,2011-07-31 16:15:59.635546433,46,0,res_c251adc0-cfdc-4666-88c5-225fc69168db,2011-07-31 15:59:45.078653433,0.0
Case79,Send Invoice,res_47695c52-10c1-49f2-91ef-e7714376bc65,Role 2,2011-07-31 20:19:30.747699437,46,0,res_47695c52-10c1-49f2-91ef-e7714376bc65,2011-07-31 20:15:13.917576437,0.6
Case93,Settle Conditions With Supplier,res_baff0735-8a2c-4232-8ff8-e542cc82ea59,Role 4,2011-07-31 20:58:45.913399677,46,1,res_baff0735-8a2c-4232-8ff8-e542cc82ea59,2011-07-31 20:48:48.683136677,0.0
Case87,Confirm Purchase Order,res_47695c52-10c1-49f2-91ef-e7714376bc65,Role 2,2011-07-31 21:49:26.437431601,49,0,res_47695c52-10c1-49f2-91ef-e7714376bc65,2011-07-30 22:32:07.386488601,0.0
Case92,Analyze Quotation Comparison Map,res_4f4bb4d5-6c48-4769-8669-010e7a598051,Role 1,2011-07-31 22:50:25.466187433,46,0,res_4f4bb4d5-6c48-4769-8669-010e7a598051,2011-07-31 22:50:25.466187433,0.0
Case94,Analyze Request for Quotation,res_baff0735-8a2c-4232-8ff8-e542cc82ea59,Role 4,2011-07-31 23:50:31.717235667,46,0,res_baff0735-8a2c-4232-8ff8-e542cc82ea59,2011-07-31 23:32:59.042439667,0.0
Case96,Analyze Request for Quotation,res_e5ce286e-828a-4d7d-b23c-cea274f817d5,Role 4,2011-08-01 01:03:45.280204648,46,0,res_e5ce286e-828a-4d7d-b23c-cea274f817d5,2011-08-01 00:48:43.149583648,0.0
Case94,Amend Request for Quotation,res_0c43f4f8-a9b4-439e-9084-12cb40ca8578,Role 1,2011-08-01 01:07:22.492852667,46,0,res_0c43f4f8-a9b4-439e-9084-12cb40ca8578,2011-08-01 00:43:21.616287667,0.07142857142857142
Case93,Create Purchase Order,res_c251adc0-cfdc-4666-88c5-225fc69168db,Role 4,2011-08-01 03:12:35.908434677,46,0,res_c251adc0-cfdc-4666-88c5-225fc69168db,2011-08-01 02:49:33.544316677,0.0
Case92,Choose best option,res_4f4bb4d5-6c48-4769-8669-010e7a598051,Role 1,2011-08-01 05:32:08.558700433,46,0,res_4f4bb4d5-6c48-4769-8669-010e7a598051,2011-07-31 22:50:25.498596433,0.0
Case79,Release Supplier's Invoice,res_852bb91d-e6e5-42c5-98f9-2874e0245d05,Role 5,2011-08-01 08:34:16.238850437,46,0,res_852bb91d-e6e5-42c5-98f9-2874e0245d05,2011-08-01 08:34:16.238850437,0.0
Case79,Authorize Supplier's Invoice payment,res_852bb91d-e6e5-42c5-98f9-2874e0245d05,Role 5,2011-08-01 08:42:23.951362437,46,0,res_852bb91d-e6e5-42c5-98f9-2874e0245d05,2011-08-01 08:34:16.297357437,0.0
Case79,Pay Invoice,res_852bb91d-e6e5-42c5-98f9-2874e0245d05,Role 5,2011-08-01 09:10:25.454826437,46,0,res_852bb91d-e6e5-42c5-98f9-2874e0245d05,2011-08-01 09:10:25.454826437,0.0
Case81,Confirm Purchase Order,res_779f4a14-d302-40ef-ac8d-cd3151cb137b,Role 2,2011-08-01 10:35:31.727283308,48,1,res_779f4a14-d302-40ef-ac8d-cd3151cb137b,2011-07-31 10:33:28.618563308,0.2
Case98,Analyze Request for Quotation,res_e5ce286e-828a-4d7d-b23c-cea274f817d5,Role 4,2011-08-01 12:01:22.532551000,45,0,res_e5ce286e-828a-4d7d-b23c-cea274f817d5,2011-08-01 11:44:12.375310000,0.0
Case92,Settle Conditions With Supplier,res_e5ce286e-828a-4d7d-b23c-cea274f817d5,Role 4,2011-08-01 14:31:24.642991433,45,1,res_e5ce286e-828a-4d7d-b23c-cea274f817d5,2011-08-01 14:21:22.715000433,0.0
Case86,Confirm Purchase Order,res_cf2e0146-b3da-4b3d-ae6a-8bfb80190c28,Role 2,2011-08-01 17:40:36.097728878,46,2,res_cf2e0146-b3da-4b3d-ae6a-8bfb80190c28,2011-07-31 15:24:21.366487878,0.4
Case92,Create Purchase Order,res_c251adc0-cfdc-4666-88c5-225fc69168db,Role 4,2011-08-01 20:57:53.858589433,45,0,res_c251adc0-cfdc-4666-88c5-225fc69168db,2011-08-01 20:37:57.825125433,0.0
Case94,Analyze Request for Quotation,res_c251adc0-cfdc-4666-88c5-225fc69168db,Role 4,2011-08-02 02:11:52.826021667,45,0,res_c251adc0-cfdc-4666-88c5-225fc69168db,2011-08-02 01:51:24.640400667,0.3333333333333333
Case96,Send Request for Quotation to Supplier,res_c251adc0-cfdc-4666-88c5-225fc69168db,Role 4,2011-08-02 03:39:36.407719648,45,0,res_c251adc0-cfdc-4666-88c5-225fc69168db,2011-08-02 00:38:07.566533648,0.0
Case87,Deliver Goods Services,res_38e272d4-4b81-4622-bb61-0e21ca2b9e85,Role 2,2011-08-02 04:47:51.400011601,45,2,res_38e272d4-4b81-4622-bb61-0e21ca2b9e85,2011-08-02 04:46:51.172223601,0.4
Case65,Confirm Purchase Order,res_38e272d4-4b81-4622-bb61-0e21ca2b9e85,Role 2,2011-08-02 06:44:41.537651856,46,2,res_38e272d4-4b81-4622-bb61-0e21ca2b9e85,2011-08-01 05:58:19.249889856,0.4
Case96,Create Quotation comparison Map,res_baff0735-8a2c-4232-8ff8-e542cc82ea59,Role 4,2011-08-02 07:57:32.899569648,45,0,res_baff0735-8a2c-4232-8ff8-e542cc82ea59,2011-08-02 07:41:45.744168648,0.3333333333333333
Case98,Send Request for Quotation to Supplier,res_c251adc0-cfdc-4666-88c5-225fc69168db,Role 4,2011-08-02 08:20:18.497955000,45,0,res_c251adc0-cfdc-4666-88c5-225fc69168db,2011-08-02 04:50:07.572988000,0.0
Case87,Release Purchase Order,res_bd616672-25a3-4e30-9fc1-5ebe35494627,Role 1,2011-08-02 11:46:16.623413601,45,0,res_bd616672-25a3-4e30-9fc1-5ebe35494627,2011-08-02 11:45:17.906211601,0.0
Case98,Create Quotation comparison Map,res_e5ce286e-828a-4d7d-b23c-cea274f817d5,Role 4,2011-08-02 13:25:51.808184000,45,0,res_e5ce286e-828a-4d7d-b23c-cea274f817d5,2011-08-02 13:09:04.992863000,0.0
Case96,Analyze Quotation Comparison Map,res_0c43f4f8-a9b4-439e-9084-12cb40ca8578,Role 1,2011-08-02 14:04:48.772229648,45,0,res_0c43f4f8-a9b4-439e-9084-12cb40ca8578,2011-08-02 14:04:48.765825648,0.0
Case81,Deliver Goods Services,res_47695c52-10c1-49f2-91ef-e7714376bc65,Role 2,2011-08-02 15:50:22.227168308,45,2,res_47695c52-10c1-49f2-91ef-e7714376bc65,2011-08-02 15:49:21.941955308,0.4
Case93,Confirm Purchase Order,res_00e26790-8845-4766-a5ba-1d34068f991f,Role 2,2011-08-02 16:40:43.241825677,45,1,res_00e26790-8845-4766-a5ba-1d34068f991f,2011-08-01 19:25:19.095222677,0.2
Case98,Analyze Quotation Comparison Map,res_7f504b31-097e-4ac2-a7ed-009586f8bd03,Role 1,2011-08-02 19:13:04.552245000,45,0,res_7f504b31-097e-4ac2-a7ed-009586f8bd03,2011-08-02 19:13:04.552245000,0.07142857142857142
Case96,Choose best option,res_4f4bb4d5-6c48-4769-8669-010e7a598051,Role 1,2011-08-02 21:11:10.373196648,45,0,res_4f4bb4d5-6c48-4769-8669-010e7a598051,2011-08-02 14:04:48.796877648,0.0
Case87,Approve Purchase Order for payment,res_c251adc0-cfdc-4666-88c5-225fc69168db,Role 4,2011-08-02 22:06:01.720036601,45,0,res_c251adc0-cfdc-4666-88c5-225fc69168db,2011-08-02 22:06:01.720036601,0.0
Case81,Release Purchase Order,res_803156c5-8ac1-488d-9311-92e7568cb249,Role 1,2011-08-02 22:49:31.768184308,45,0,res_803156c5-8ac1-488d-9311-92e7568cb249,2011-08-02 22:48:33.777237308,0.07142857142857142
Case98,Choose best option,res_dc04fc79-1da4-4556-bf8f-9f5eee53fc94,Role 1,2011-08-03 03:05:51.800572000,45,1,res_dc04fc79-1da4-4556-bf8f-9f5eee53fc94,2011-08-02 19:13:04.599926000,0.07142857142857142
Case86,Deliver Goods Services,res_47695c52-10c1-49f2-91ef-e7714376bc65,Role 2,2011-08-03 04:40:21.301418878,45,2,res_47695c52-10c1-49f2-91ef-e7714376bc65,2011-08-03 04:39:21.154770878,0.2
Case96,Settle Conditions With Supplier,res_e5ce286e-828a-4d7d-b23c-cea274f817d5,Role 4,2011-08-03 06:13:28.102507648,45,1,res_e5ce286e-828a-4d7d-b23c-cea274f817d5,2011-08-03 06:03:17.070680648,0.3333333333333333
Case94,Send Request for Quotation to Supplier,res_c251adc0-cfdc-4666-88c5-225fc69168db,Role 4,2011-08-03 06:32:31.366100667,45,0,res_c251adc0-cfdc-4666-88c5-225fc69168db,2011-08-03 02:28:03.536147667,0.0
Case92,Confirm Purchase Order,res_779f4a14-d302-40ef-ac8d-cd3151cb137b,Role 2,2011-08-03 09:00:04.497657433,45,1,res_779f4a14-d302-40ef-ac8d-cd3151cb137b,2011-08-02 09:36:38.687766433,0.2
Case65,Deliver Goods Services,res_47695c52-10c1-49f2-91ef-e7714376bc65,Role 2,2011-08-03 09:39:58.916496856,45,2,res_47695c52-10c1-49f2-91ef-e7714376bc65,2011-08-03 09:38:58.779206856,0.0
Case81,Approve Purchase Order for payment,res_baff0735-8a2c-4232-8ff8-e542cc82ea59,Role 4,2011-08-03 10:07:57.323366308,45,0,res_baff0735-8a2c-4232-8ff8-e542cc82ea59,2011-08-03 10:07:57.319532308,0.0
Case86,Release Purchase Order,res_803156c5-8ac1-488d-9311-92e7568cb249,Role 1,2011-08-03 11:30:01.106770878,45,0,res_803156c5-8ac1-488d-9311-92e7568cb249,2011-08-03 11:29:02.689201878,0.0
Case94,Create Quotation comparison Map,res_baff0735-8a2c-4232-8ff8-e542cc82ea59,Role 4,2011-08-03 12:44:22.952015667,45,0,res_baff0735-8a2c-4232-8ff8-e542cc82ea59,2011-08-03 12:29:54.625085667,0.0
Case98,Settle Conditions With Supplier,res_baff0735-8a2c-4232-8ff8-e542cc82ea59,Role 4,2011-08-03 14:48:26.350568000,45,1,res_baff0735-8a2c-4232-8ff8-e542cc82ea59,2011-08-03 14:38:29.015891000,0.0
Case96,Create Purchase Order,res_c251adc0-cfdc-4666-88c5-225fc69168db,Role 4,2011-08-03 15:10:29.593339648,45,0,res_c251adc0-cfdc-4666-88c5-225fc69168db,2011-08-03 14:52:02.023939648,0.0
Case65,Release Purchase Order,res_9d47b47b-0964-42f6-9516-efdb73c6ed64,Role 1,2011-08-03 16:23:24.169616856,45,0,res_9d47b47b-0964-42f6-9516-efdb73c6ed64,2011-08-03 16:22:25.922590856,0.0
Case93,Deliver Goods Services,res_00e26790-8845-4766-a5ba-1d34068f991f,Role 2,2011-08-03 18:35:52.104253677,45,2,res_00e26790-8845-4766-a5ba-1d34068f991f,2011-08-03 18:34:51.938008677,0.0
Case87,Send Invoice,res_cf2e0146-b3da-4b3d-ae6a-8bfb80190c28,Role 2,2011-08-03 18:51:49.641099601,45,0,res_cf2e0146-b3da-4b3d-ae6a-8bfb80190c28,2011-08-03 18:47:27.370953601,0.0
Case94,Analyze Quotation Comparison Map,res_803156c5-8ac1-488d-9311-92e7568cb249,Role 1,2011-08-03 19:47:54.533109667,45,0,res_803156c5-8ac1-488d-9311-92e7568cb249,2011-08-03 19:47:54.533109667,0.0
Case86,Approve Purchase Order for payment,res_baff0735-8a2c-4232-8ff8-e542cc82ea59,Role 4,2011-08-03 22:40:45.153804878,45,0,res_baff0735-8a2c-4232-8ff8-e542cc82ea59,2011-08-03 22:40:45.152794878,0.0
Case93,Release Purchase Order,res_7f504b31-097e-4ac2-a7ed-009586f8bd03,Role 1,2011-08-04 01:27:55.407597677,45,0,res_7f504b31-097e-4ac2-a7ed-009586f8bd03,2011-08-04 01:26:56.752838677,0.07142857142857142
Case94,Choose best option,res_00d4cfde-f830-4d2c-acab-0fd16f45aaf3,Role 1,2011-08-04 02:44:33.390395667,45,0,res_00d4cfde-f830-4d2c-acab-0fd16f45aaf3,2011-08-03 19:47:54.565307667,0.0
Case81,Send Invoice,res_47695c52-10c1-49f2-91ef-e7714376bc65,Role 2,2011-08-04 03:52:42.673564308,45,0,res_47695c52-10c1-49f2-91ef-e7714376bc65,2011-08-04 03:48:37.871260308,0.0
Case98,Create Purchase Order,res_c251adc0-cfdc-4666-88c5-225fc69168db,Role 4,2011-08-04 04:13:07.036657000,45,0,res_c251adc0-cfdc-4666-88c5-225fc69168db,2011-08-04 03:52:28.948698000,0.0
Case65,Approve Purchase Order for payment,res_e5ce286e-828a-4d7d-b23c-cea274f817d5,Role 4,2011-08-04 04:26:56.263976856,45,0,res_e5ce286e-828a-4d7d-b23c-cea274f817d5,2011-08-04 04:26:56.263976856,0.0
Case87,Release Supplier's Invoice,res_852bb91d-e6e5-42c5-98f9-2874e0245d05,Role 5,2011-08-04 08:06:07.458132601,45,0,res_852bb91d-e6e5-42c5-98f9-2874e0245d05,2011-08-04 08:06:07.458132601,0.0
Case87,Authorize Supplier's Invoice payment,res_f06e4a8c-3726-431a-8f2d-e849c0367f1b,Role 5,2011-08-04 08:14:41.490261601,45,0,res_f06e4a8c-3726-431a-8f2d-e849c0367f1b,2011-08-04 08:06:07.517544601,0.0
Case87,Pay Invoice,res_852bb91d-e6e5-42c5-98f9-2874e0245d05,Role 5,2011-08-04 08:44:05.090407601,45,0,res_852bb91d-e6e5-42c5-98f9-2874e0245d05,2011-08-04 08:44:05.090407601,0.0
Case93,Approve Purchase Order for payment,res_baff0735-8a2c-4232-8ff8-e542cc82ea59,Role 4,2011-08-04 12:14:41.695272677,44,0,res_baff0735-8a2c-4232-8ff8-e542cc82ea59,2011-08-04 12:14:41.695272677,0.0
Case94,Settle Conditions With Supplier,res_e5ce286e-828a-4d7d-b23c-cea274f817d5,Role 4,2011-08-04 13:11:02.443861667,44,1,res_e5ce286e-828a-4d7d-b23c-cea274f817d5,2011-08-04 13:01:01.585277667,0.0
Case92,Deliver Goods Services,res_47695c52-10c1-49f2-91ef-e7714376bc65,Role 2,2011-08-04 14:16:36.342683433,44,2,res_47695c52-10c1-49f2-91ef-e7714376bc65,2011-08-04 14:15:36.221483433,0.2
Case81,Release Supplier's Invoice,res_f06e4a8c-3726-431a-8f2d-e849c0367f1b,Role 5,2011-08-04 16:57:38.331162308,44,0,res_f06e4a8c-3726-431a-8f2d-e849c0367f1b,2011-08-04 16:57:38.331162308,0.0
Case81,Authorize Supplier's Invoice payment,res_852bb91d-e6e5-42c5-98f9-2874e0245d05,Role 5,2011-08-04 17:06:31.258626308,44,0,res_852bb91d-e6e5-42c5-98f9-2874e0245d05,2011-08-04 16:57:38.410287308,0.0
Case81,Pay Invoice,res_852bb91d-e6e5-42c5-98f9-2874e0245d05,Role 5,2011-08-04 17:34:40.445367308,44,0,res_852bb91d-e6e5-42c5-98f9-2874e0245d05,2011-08-04 17:34:40.445367308,0.0
Case92,Release Purchase Order,res_c2d65c63-57eb-4360-a138-bacc13d98771,Role 1,2011-08-04 21:04:38.915975433,43,0,res_c2d65c63-57eb-4360-a138-bacc13d98771,2011-08-04 21:03:40.729065433,0.0
Case86,Send Invoice,res_779f4a14-d302-40ef-ac8d-cd3151cb137b,Role 2,2011-08-04 21:15:22.986939878,43,0,res_779f4a14-d302-40ef-ac8d-cd3151cb137b,2011-08-04 21:11:00.816576878,0.4
Case94,Create Purchase Order,res_baff0735-8a2c-4232-8ff8-e542cc82ea59,Role 4,2011-08-05 01:47:25.159015667,43,0,res_baff0735-8a2c-4232-8ff8-e542cc82ea59,2011-08-05 01:24:57.174918667,0.0
Case65,Send Invoice,res_779f4a14-d302-40ef-ac8d-cd3151cb137b,Role 2,2011-08-05 03:16:12.543207856,43,0,res_779f4a14-d302-40ef-ac8d-cd3151cb137b,2011-08-05 03:11:51.990680856,0.4
Case92,Approve Purchase Order for payment,res_baff0735-8a2c-4232-8ff8-e542cc82ea59,Role 4,2011-08-05 09:21:21.697888433,43,0,res_baff0735-8a2c-4232-8ff8-e542cc82ea59,2011-08-05 09:21:21.697888433,0.0
Case86,Release Supplier's Invoice,res_852bb91d-e6e5-42c5-98f9-2874e0245d05,Role 5,2011-08-05 10:35:39.665794878,43,0,res_852bb91d-e6e5-42c5-98f9-2874e0245d05,2011-08-05 10:35:39.665794878,0.0
Case86,Authorize Supplier's Invoice payment,res_f06e4a8c-3726-431a-8f2d-e849c0367f1b,Role 5,2011-08-05 10:44:04.840185878,43,0,res_f06e4a8c-3726-431a-8f2d-e849c0367f1b,2011-08-05 10:35:39.726730878,0.0
Case93,Send Invoice,res_00e26790-8845-4766-a5ba-1d34068f991f,Role 2,2011-08-05 10:45:23.669201677,43,0,res_00e26790-8845-4766-a5ba-1d34068f991f,2011-08-05 10:41:21.694088677,0.4
Case86,Pay Invoice,res_852bb91d-e6e5-42c5-98f9-2874e0245d05,Role 5,2011-08-05 11:12:49.060807878,43,0,res_852bb91d-e6e5-42c5-98f9-2874e0245d05,2011-08-05 11:12:49.060807878,0.0
Case96,Confirm Purchase Order,res_cf2e0146-b3da-4b3d-ae6a-8bfb80190c28,Role 2,2011-08-05 12:11:56.041655648,44,0,res_cf2e0146-b3da-4b3d-ae6a-8bfb80190c28,2011-08-04 10:42:55.013276648,0.0
Case65,Release Supplier's Invoice,res_f06e4a8c-3726-431a-8f2d-e849c0367f1b,Role 5,2011-08-05 16:03:04.711045856,42,0,res_f06e4a8c-3726-431a-8f2d-e849c0367f1b,2011-08-05 16:03:04.711045856,0.0
Case65,Authorize Supplier's Invoice payment,res_852bb91d-e6e5-42c5-98f9-2874e0245d05,Role 5,2011-08-05 16:11:40.648066856,42,0,res_852bb91d-e6e5-42c5-98f9-2874e0245d05,2011-08-05 16:03:04.781816856,0.0
Case98,Confirm Purchase Order,res_38e272d4-4b81-4622-bb61-0e21ca2b9e85,Role 2,2011-08-05 16:36:38.684951000,43,1,res_38e272d4-4b81-4622-bb61-0e21ca2b9e85,2011-08-04 18:22:24.838270000,0.2
Case65,Pay Invoice,res_852bb91d-e6e5-42c5-98f9-2874e0245d05,Role 5,2011-08-05 16:39:13.355056856,42,0,res_852bb91d-e6e5-42c5-98f9-2874e0245d05,2011-08-05 16:39:13.355056856,0.0
Case93,Release Supplier's Invoice,res_f06e4a8c-3726-431a-8f2d-e849c0367f1b,Role 5,2011-08-05 23:05:12.708277677,41,0,res_f06e4a8c-3726-431a-8f2d-e849c0367f1b,2011-08-05 23:05:12.708277677,0.0
Case93,Authorize Supplier's Invoice payment,res_f06e4a8c-3726-431a-8f2d-e849c0367f1b,Role 5,2011-08-05 23:14:50.799828677,41,0,res_f06e4a8c-3726-431a-8f2d-e849c0367f1b,2011-08-05 23:05:12.767031677,0.0
Case93,Pay Invoice,res_f06e4a8c-3726-431a-8f2d-e849c0367f1b,Role 5,2011-08-05 23:44:45.171978677,41,0,res_f06e4a8c-3726-431a-8f2d-e849c0367f1b,2011-08-05 23:44:45.171978677,0.0
Case94,Confirm Purchase Order,res_47695c52-10c1-49f2-91ef-e7714376bc65,Role 2,2011-08-06 16:16:03.943440667,42,1,res_47695c52-10c1-49f2-91ef-e7714376bc65,2011-08-05 16:29:50.294949667,0.2
Case92,Send Invoice,res_00e26790-8845-4766-a5ba-1d34068f991f,Role 2,2011-08-06 16:53:22.223889433,40,0,res_00e26790-8845-4766-a5ba-1d34068f991f,2011-08-06 16:49:16.394347433,0.0
Case98,Deliver Goods Services,res_cf2e0146-b3da-4b3d-ae6a-8bfb80190c28,Role 2,2011-08-07 00:58:37.052480000,40,2,res_cf2e0146-b3da-4b3d-ae6a-8bfb80190c28,2011-08-07 00:57:37.139515000,0.0
Case96,Deliver Goods Services,res_779f4a14-d302-40ef-ac8d-cd3151cb137b,Role 2,2011-08-07 03:08:48.748940648,40,2,res_779f4a14-d302-40ef-ac8d-cd3151cb137b,2011-08-07 03:07:48.795181648,0.0
Case92,Release Supplier's Invoice,res_f06e4a8c-3726-431a-8f2d-e849c0367f1b,Role 5,2011-08-07 05:28:22.017320433,40,0,res_f06e4a8c-3726-431a-8f2d-e849c0367f1b,2011-08-07 05:28:22.017320433,0.0
Case92,Authorize Supplier's Invoice payment,res_852bb91d-e6e5-42c5-98f9-2874e0245d05,Role 5,2011-08-07 05:37:28.532827433,40,0,res_852bb91d-e6e5-42c5-98f9-2874e0245d05,2011-08-07 05:28:22.056191433,0.0
Case92,Pay Invoice,res_f06e4a8c-3726-431a-8f2d-e849c0367f1b,Role 5,2011-08-07 06:06:23.917392433,40,0,res_f06e4a8c-3726-431a-8f2d-e849c0367f1b,2011-08-07 06:06:23.917392433,0.0
Case98,Release Purchase Order,res_c2d65c63-57eb-4360-a138-bacc13d98771,Role 1,2011-08-07 07:55:28.285574000,39,0,res_c2d65c63-57eb-4360-a138-bacc13d98771,2011-08-07 07:54:30.214799000,0.0
Case96,Release Purchase Order,res_34468ceb-4568-4fd1-aa00-6716f6e8a85b,Role 1,2011-08-07 10:07:58.990685648,39,0,res_34468ceb-4568-4fd1-aa00-6716f6e8a85b,2011-08-07 10:07:00.801546648,0.0
Case98,Approve Purchase Order for payment,res_e5ce286e-828a-4d7d-b23c-cea274f817d5,Role 4,2011-08-07 18:32:58.384725000,39,0,res_e5ce286e-828a-4d7d-b23c-cea274f817d5,2011-08-07 18:32:58.384408000,0.0
Case96,Approve Purchase Order for payment,res_baff0735-8a2c-4232-8ff8-e542cc82ea59,Role 4,2011-08-07 20:31:30.213792648,39,0,res_baff0735-8a2c-4232-8ff8-e542cc82ea59,2011-08-07 20:31:30.213054648,0.0
Case94,Deliver Goods Services,res_38e272d4-4b81-4622-bb61-0e21ca2b9e85,Role 2,2011-08-07 23:12:25.610880667,39,2,res_38e272d4-4b81-4622-bb61-0e21ca2b9e85,2011-08-07 23:11:25.564362667,0.0
Case94,Release Purchase Order,res_7d95b5d8-8efa-4b36-b04e-cf2c389cb754,Role 1,2011-08-08 06:15:42.313438667,39,0,res_7d95b5d8-8efa-4b36-b04e-cf2c389cb754,2011-08-08 06:14:43.889097667,0.0
Case94,Approve Purchase Order for payment,res_e5ce286e-828a-4d7d-b23c-cea274f817d5,Role 4,2011-08-08 16:08:54.377999667,39,0,res_e5ce286e-828a-4d7d-b23c-cea274f817d5,2011-08-08 16:08:54.377999667,0.0
Case98,Send Invoice,res_47695c52-10c1-49f2-91ef-e7714376bc65,Role 2,2011-08-08 16:54:32.134914000,39,0,res_47695c52-10c1-49f2-91ef-e7714376bc65,2011-08-08 16:50:38.096103000,0.0
Case96,Send Invoice,res_cf2e0146-b3da-4b3d-ae6a-8bfb80190c28,Role 2,2011-08-08 19:05:11.099633648,39,0,res_cf2e0146-b3da-4b3d-ae6a-8bfb80190c28,2011-08-08 19:01:08.257971648,0.0
Case98,Release Supplier's Invoice,res_852bb91d-e6e5-42c5-98f9-2874e0245d05,Role 5,2011-08-09 05:12:04.984346000,39,0,res_852bb91d-e6e5-42c5-98f9-2874e0245d05,2011-08-09 05:12:04.984346000,0.0
Case98,Authorize Supplier's Invoice payment,res_852bb91d-e6e5-42c5-98f9-2874e0245d05,Role 5,2011-08-09 05:20:14.271382000,39,0,res_852bb91d-e6e5-42c5-98f9-2874e0245d05,2011-08-09 05:12:05.024037000,0.0
Case98,Pay Invoice,res_852bb91d-e6e5-42c5-98f9-2874e0245d05,Role 5,2011-08-09 05:49:05.266625000,39,0,res_852bb91d-e6e5-42c5-98f9-2874e0245d05,2011-08-09 05:49:05.266625000,0.0
Case96,Release Supplier's Invoice,res_852bb91d-e6e5-42c5-98f9-2874e0245d05,Role 5,2011-08-09 07:36:18.243825648,38,0,res_852bb91d-e6e5-42c5-98f9-2874e0245d05,2011-08-09 07:36:18.243825648,0.0
Case96,Authorize Supplier's Invoice payment,res_f06e4a8c-3726-431a-8f2d-e849c0367f1b,Role 5,2011-08-09 07:43:56.786880648,38,0,res_f06e4a8c-3726-431a-8f2d-e849c0367f1b,2011-08-09 07:36:18.285158648,0.0
Case96,Pay Invoice,res_852bb91d-e6e5-42c5-98f9-2874e0245d05,Role 5,2011-08-09 08:12:10.800851648,38,0,res_852bb91d-e6e5-42c5-98f9-2874e0245d05,2011-08-09 08:12:10.800851648,0.0
Case94,Send Invoice,res_779f4a14-d302-40ef-ac8d-cd3151cb137b,Role 2,2011-08-09 10:42:03.292333667,37,0,res_779f4a14-d302-40ef-ac8d-cd3151cb137b,2011-08-09 10:38:18.692091667,0.0
Case94,Release Supplier's Invoice,res_f06e4a8c-3726-431a-8f2d-e849c0367f1b,Role 5,2011-08-09 23:11:40.353939667,37,0,res_f06e4a8c-3726-431a-8f2d-e849c0367f1b,2011-08-09 23:11:40.353939667,0.0
Case94,Authorize Supplier's Invoice payment,res_852bb91d-e6e5-42c5-98f9-2874e0245d05,Role 5,2011-08-09 23:21:15.417803667,37,0,res_852bb91d-e6e5-42c5-98f9-2874e0245d05,2011-08-09 23:11:40.408160667,0.0
Case94,Pay Invoice,res_f06e4a8c-3726-431a-8f2d-e849c0367f1b,Role 5,2011-08-09 23:51:11.424136667,37,0,res_f06e4a8c-3726-431a-8f2d-e849c0367f1b,2011-08-09 23:51:11.424136667,0.0
