caseid,task,resource,role,end_timestamp,pr_instances,tsk_start_inst,res_id,start_timestamp,rp_start_oc
Case1,Turning Q.C.,res_bd155153-318b-4dd7-bf49-22961fc0151a,Role 3,2012-03-13 01:42:28.815932,42,0,res_bd155153-318b-4dd7-bf49-22961fc0151a,2012-03-12 22:57:47.600000,0.0
Case2,Grinding Rework,res_98ea462c-2a59-4a78-a9f5-7c60586e41e2,Role 2,2012-03-13 03:03:14.860507,43,0,res_98ea462c-2a59-4a78-a9f5-7c60586e41e2,2012-03-13 00:16:34.400000,0.0
Case3,Grinding Rework,res_4344ee96-c738-4415-bbd5-77afd074bc62,Role 2,2012-03-13 04:52:34.449161,44,1,res_4344ee96-c738-4415-bbd5-77afd074bc62,2012-03-13 02:06:39.800000,0.125
Case1,Turning,res_b8c51f92-dc35-4f20-a821-fdb164b8ae09,Role 1,2012-03-13 06:52:18.229454,44,0,res_b8c51f92-dc35-4f20-a821-fdb164b8ae09,2012-03-13 04:41:39.788844,0.0
Case4,Turning Q.C.,res_6e49ca22-8e95-46c6-ba41-96bd0ccc84aa,Role 3,2012-03-13 08:37:36.697735,45,0,res_6e49ca22-8e95-46c6-ba41-96bd0ccc84aa,2012-03-13 05:52:54.200000,0.0
Case1,Turning Q.C.,res_6e49ca22-8e95-46c6-ba41-96bd0ccc84aa,Role 3,2012-03-13 08:40:01.231022,45,1,res_6e49ca22-8e95-46c6-ba41-96bd0ccc84aa,2012-03-13 07:04:55.619579,0.25
Case2,Turning & Milling,res_8cb1380f-3283-45ca-9301-fb888ff96bc6,Role 1,2012-03-13 09:22:12.415420,45,2,res_8cb1380f-3283-45ca-9301-fb888ff96bc6,2012-03-13 07:15:32.255489,0.0
Case2,Turning & Milling Q.C.,res_bd155153-318b-4dd7-bf49-22961fc0151a,Role 3,2012-03-13 11:12:25.262940,45,0,res_bd155153-318b-4dd7-bf49-22961fc0151a,2012-03-13 09:36:33.851757,0.0
Case4,Turning,res_4e4e5bb8-c0ac-4ff6-a1db-4ed3c20041c7,Role 1,2012-03-13 11:17:32.529312,45,0,res_4e4e5bb8-c0ac-4ff6-a1db-4ed3c20041c7,2012-03-13 09:12:28.888364,0.07142857142857142
Case1,Stress Relief,res_7b28db0b-0b67-4a7f-888f-fbb3b32955e4,Role 1,2012-03-13 12:23:08.920194,45,0,res_7b28db0b-0b67-4a7f-888f-fbb3b32955e4,2012-03-13 10:58:34.466238,0.07142857142857142
Case4,Turning Q.C.,res_7c021aac-0c7c-413b-b6c5-c4b22bb8e25d,Role 3,2012-03-13 12:49:46.796856,45,0,res_7c021aac-0c7c-413b-b6c5-c4b22bb8e25d,2012-03-13 11:26:23.982459,0.0
Case1,Turning & Milling,res_9b558f00-20ac-45f3-9ca8-896a9b16baca,Role 1,2012-03-13 14:41:21.700709,45,2,res_9b558f00-20ac-45f3-9ca8-896a9b16baca,2012-03-13 12:55:38.104772,0.0
Case2,Turning & Milling Q.C.,res_bd155153-318b-4dd7-bf49-22961fc0151a,Role 3,2012-03-13 14:57:03.827806,46,0,res_bd155153-318b-4dd7-bf49-22961fc0151a,2012-03-13 13:38:02.746127,0.0
Case4,Turning Q.C.,res_6e49ca22-8e95-46c6-ba41-96bd0ccc84aa,Role 3,2012-03-13 15:22:05.740103,46,0,res_6e49ca22-8e95-46c6-ba41-96bd0ccc84aa,2012-03-13 14:02:39.447090,0.25
Case5,Turning & Milling,res_9b558f00-20ac-45f3-9ca8-896a9b16baca,Role 1,2012-03-13 15:43:27.062829,46,3,res_9b558f00-20ac-45f3-9ca8-896a9b16baca,2012-03-13 12:58:06.800000,0.07142857142857142
Case3,Turning & Milling Q.C.,res_6e49ca22-8e95-46c6-ba41-96bd0ccc84aa,Role 3,2012-03-13 16:10:01.688872,46,1,res_6e49ca22-8e95-46c6-ba41-96bd0ccc84aa,2012-03-13 14:49:58.931012,0.5
Case1,Turning & Milling Q.C.,res_bd155153-318b-4dd7-bf49-22961fc0151a,Role 3,2012-03-13 16:35:00.792738,46,1,res_bd155153-318b-4dd7-bf49-22961fc0151a,2012-03-13 15:15:20.065687,0.5
Case4,Turning & Milling,res_cd26d55b-75b0-412a-86ea-2fca26cb910a,Role 1,2012-03-13 17:30:43.089521,46,2,res_cd26d55b-75b0-412a-86ea-2fca26cb910a,2012-03-13 15:57:06.647369,0.0
Case5,Turning & Milling Q.C.,res_6e49ca22-8e95-46c6-ba41-96bd0ccc84aa,Role 3,2012-03-13 18:00:28.182145,46,1,res_6e49ca22-8e95-46c6-ba41-96bd0ccc84aa,2012-03-13 16:31:49.822337,0.25
Case1,Turning & Milling Q.C.,res_6e49ca22-8e95-46c6-ba41-96bd0ccc84aa,Role 3,2012-03-13 18:35:09.478508,47,1,res_6e49ca22-8e95-46c6-ba41-96bd0ccc84aa,2012-03-13 17:17:04.323101,0.5
Case3,Turning & Milling,res_c558a0d1-e1e0-48b2-8249-7aa241822a52,Role 1,2012-03-13 18:49:23.384713,47,3,res_c558a0d1-e1e0-48b2-8249-7aa241822a52,2012-03-13 17:19:43.574217,0.07142857142857142
Case2,Turning & Milling Q.C.,res_ddb830ac-2ecc-4df4-b4ed-ea1882e6898f,Role 3,2012-03-13 19:00:43.047454,47,2,res_ddb830ac-2ecc-4df4-b4ed-ea1882e6898f,2012-03-13 17:41:29.703284,0.75
Case6,Turning Q.C.,res_7c021aac-0c7c-413b-b6c5-c4b22bb8e25d,Role 3,2012-03-13 19:07:03.681481,47,0,res_7c021aac-0c7c-413b-b6c5-c4b22bb8e25d,2012-03-13 16:59:30.200000,0.25
Case4,Turning & Milling Q.C.,res_bd155153-318b-4dd7-bf49-22961fc0151a,Role 3,2012-03-13 19:15:42.708028,47,2,res_bd155153-318b-4dd7-bf49-22961fc0151a,2012-03-13 18:00:52.479346,0.75
Case5,Turning & Milling Q.C.,res_6e49ca22-8e95-46c6-ba41-96bd0ccc84aa,Role 3,2012-03-13 19:31:25.960933,47,3,res_6e49ca22-8e95-46c6-ba41-96bd0ccc84aa,2012-03-13 18:12:16.473714,1.0
Case1,Turning & Milling Q.C.,res_7c021aac-0c7c-413b-b6c5-c4b22bb8e25d,Role 3,2012-03-13 20:40:01.833161,47,1,res_7c021aac-0c7c-413b-b6c5-c4b22bb8e25d,2012-03-13 19:25:46.874225,0.25
Case4,Turning & Milling,res_5feb0975-ac69-46e4-b52b-f141adee2051,Role 1,2012-03-13 20:52:28.086105,47,3,res_5feb0975-ac69-46e4-b52b-f141adee2051,2012-03-13 19:36:40.185759,0.14285714285714285
Case3,Turning & Milling,res_8cb1380f-3283-45ca-9301-fb888ff96bc6,Role 1,2012-03-13 21:12:41.749222,47,2,res_8cb1380f-3283-45ca-9301-fb888ff96bc6,2012-03-13 19:19:45.709013,0.0
Case6,Turning,res_21c3dd96-4307-4403-9ef9-fb53bde77489,Role 1,2012-03-13 21:26:18.435294,47,0,res_21c3dd96-4307-4403-9ef9-fb53bde77489,2012-03-13 19:26:12.822509,0.07142857142857142
Case4,Turning & Milling,res_91e33ec1-21d0-4cda-9be0-aa406ffd80dd,Role 1,2012-03-13 22:41:45.997831,47,3,res_91e33ec1-21d0-4cda-9be0-aa406ffd80dd,2012-03-13 21:10:18.328043,0.14285714285714285
Case5,Turning & Milling Q.C.,res_ddb830ac-2ecc-4df4-b4ed-ea1882e6898f,Role 3,2012-03-13 22:56:25.927065,47,0,res_ddb830ac-2ecc-4df4-b4ed-ea1882e6898f,2012-03-13 21:37:01.165958,0.0
Case6,Turning,res_b8c51f92-dc35-4f20-a821-fdb164b8ae09,Role 1,2012-03-13 23:39:28.436981,47,0,res_b8c51f92-dc35-4f20-a821-fdb164b8ae09,2012-03-13 21:30:39.403587,0.07142857142857142
Case3,Round Grinding,res_b46b28ce-a57d-4731-88dd-43ba40d2971f,Role 2,2012-03-13 23:40:13.397217,47,1,res_b46b28ce-a57d-4731-88dd-43ba40d2971f,2012-03-13 21:40:43.181284,0.0
Case4,Turning & Milling,res_4e4e5bb8-c0ac-4ff6-a1db-4ed3c20041c7,Role 1,2012-03-14 00:52:20.531974,47,2,res_4e4e5bb8-c0ac-4ff6-a1db-4ed3c20041c7,2012-03-13 23:02:08.637227,0.07142857142857142
Case1,Turning & Milling Q.C.,res_7c021aac-0c7c-413b-b6c5-c4b22bb8e25d,Role 3,2012-03-14 00:58:00.412178,47,0,res_7c021aac-0c7c-413b-b6c5-c4b22bb8e25d,2012-03-13 23:44:39.583791,0.0
Case2,Flat Grinding,res_481e7f0e-70f9-45c8-a108-d019c45c6dc8,Role 5,2012-03-14 01:19:56.941728,47,0,res_481e7f0e-70f9-45c8-a108-d019c45c6dc8,2012-03-13 23:54:47.839124,0.0
Case6,Stress Relief,res_21c3dd96-4307-4403-9ef9-fb53bde77489,Role 1,2012-03-14 02:49:31.586442,47,0,res_21c3dd96-4307-4403-9ef9-fb53bde77489,2012-03-14 00:45:32.501344,0.07142857142857142
Case4,Laser Marking,res_970190d3-3a79-4c78-b10a-39f512b462ce,Role 5,2012-03-14 02:57:37.618506,47,0,res_970190d3-3a79-4c78-b10a-39f512b462ce,2012-03-14 01:11:25.988531,0.5
Case3,Packing,res_9fca8b8c-d456-45a0-a40b-5ef052864531,Role 4,2012-03-14 05:11:16.269806,47,0,res_9fca8b8c-d456-45a0-a40b-5ef052864531,2012-03-14 03:49:59.687545,0.0
Case4,Laser Marking,res_970190d3-3a79-4c78-b10a-39f512b462ce,Role 5,2012-03-14 05:24:30.047344,47,0,res_970190d3-3a79-4c78-b10a-39f512b462ce,2012-03-14 03:22:19.698891,0.0
Case4,Round Grinding,res_3921b31a-d839-4fff-8fe0-87d71eef8ea1,Role 2,2012-03-14 08:01:02.707096,47,1,res_3921b31a-d839-4fff-8fe0-87d71eef8ea1,2012-03-14 05:53:40.896520,0.0
Case2,Flat Grinding,res_481e7f0e-70f9-45c8-a108-d019c45c6dc8,Role 5,2012-03-14 09:04:52.037938,47,0,res_481e7f0e-70f9-45c8-a108-d019c45c6dc8,2012-03-14 07:39:01.333483,0.0
Case1,Flat Grinding,res_970190d3-3a79-4c78-b10a-39f512b462ce,Role 5,2012-03-14 10:39:45.153785,47,0,res_970190d3-3a79-4c78-b10a-39f512b462ce,2012-03-14 09:28:25.339936,0.0
Case5,Lapping,res_481e7f0e-70f9-45c8-a108-d019c45c6dc8,Role 5,2012-03-14 12:32:49.862888,47,0,res_481e7f0e-70f9-45c8-a108-d019c45c6dc8,2012-03-14 11:15:53.508173,0.0
Case7,Grinding Rework,res_4344ee96-c738-4415-bbd5-77afd074bc62,Role 2,2012-03-14 16:48:37.146102,48,0,res_4344ee96-c738-4415-bbd5-77afd074bc62,2012-03-14 14:12:06.200000,0.0
Case4,Packing,res_98504fcc-d2d4-4790-a68d-69e64c661e03,Role 4,2012-03-14 16:50:52.318061,48,0,res_98504fcc-d2d4-4790-a68d-69e64c661e03,2012-03-14 15:31:01.762791,0.0
Case5,Round Grinding,res_9ba95fb9-0eee-40ef-ac4b-dccab0115869,Role 2,2012-03-14 17:43:16.074693,48,1,res_9ba95fb9-0eee-40ef-ac4b-dccab0115869,2012-03-14 16:34:02.951221,0.125
Case5,Round Grinding,res_b46b28ce-a57d-4731-88dd-43ba40d2971f,Role 2,2012-03-14 20:09:16.089407,48,1,res_b46b28ce-a57d-4731-88dd-43ba40d2971f,2012-03-14 18:54:14.435855,0.125
Case2,Flat Grinding,res_481e7f0e-70f9-45c8-a108-d019c45c6dc8,Role 5,2012-03-14 20:23:22.342639,48,0,res_481e7f0e-70f9-45c8-a108-d019c45c6dc8,2012-03-14 19:12:14.388330,0.0
Case1,Laser Marking,res_481e7f0e-70f9-45c8-a108-d019c45c6dc8,Role 5,2012-03-14 20:30:35.588742,48,0,res_481e7f0e-70f9-45c8-a108-d019c45c6dc8,2012-03-14 19:19:40.784444,0.5
Case7,Grinding Rework,res_877906e5-4add-4603-aa1f-b6542907de34,Role 2,2012-03-14 20:46:04.663272,48,0,res_877906e5-4add-4603-aa1f-b6542907de34,2012-03-14 18:49:33.603406,0.0
Case7,Turning & Milling Q.C.,res_ddb830ac-2ecc-4df4-b4ed-ea1882e6898f,Role 3,2012-03-14 23:09:38.643059,48,0,res_ddb830ac-2ecc-4df4-b4ed-ea1882e6898f,2012-03-14 21:27:35.392249,0.0
Case3,Final Inspection Q.C.,res_bd155153-318b-4dd7-bf49-22961fc0151a,Role 3,2012-03-14 23:44:38.832659,48,1,res_bd155153-318b-4dd7-bf49-22961fc0151a,2012-03-14 22:27:39.936452,0.25
Case1,Round Grinding,res_877906e5-4add-4603-aa1f-b6542907de34,Role 2,2012-03-15 00:55:08.695989,48,1,res_877906e5-4add-4603-aa1f-b6542907de34,2012-03-14 23:12:58.526074,0.0
Case7,Turning & Milling,res_6fdaacf3-65f3-4c57-8562-fa8554311cd6,Role 1,2012-03-15 01:56:11.739127,47,2,res_6fdaacf3-65f3-4c57-8562-fa8554311cd6,2012-03-14 23:45:22.098543,0.0
Case1,Round Grinding,res_b46b28ce-a57d-4731-88dd-43ba40d2971f,Role 2,2012-03-15 04:11:12.085371,47,1,res_b46b28ce-a57d-4731-88dd-43ba40d2971f,2012-03-15 01:55:55.468072,0.0
Case5,Packing,res_d9179efc-13a0-4f64-95b5-cdad486a0c45,Role 4,2012-03-15 04:18:29.483423,47,0,res_d9179efc-13a0-4f64-95b5-cdad486a0c45,2012-03-15 02:55:04.516387,0.0
Case6,Turning & Milling Q.C.,res_ddb830ac-2ecc-4df4-b4ed-ea1882e6898f,Role 3,2012-03-15 05:39:42.484649,47,0,res_ddb830ac-2ecc-4df4-b4ed-ea1882e6898f,2012-03-15 03:44:00.502672,0.0
Case7,Flat Grinding,res_970190d3-3a79-4c78-b10a-39f512b462ce,Role 5,2012-03-15 06:21:31.258056,47,0,res_970190d3-3a79-4c78-b10a-39f512b462ce,2012-03-15 04:25:47.163549,0.0
Case4,Final Inspection Q.C.,res_ddb830ac-2ecc-4df4-b4ed-ea1882e6898f,Role 3,2012-03-15 06:50:57.018952,47,1,res_ddb830ac-2ecc-4df4-b4ed-ea1882e6898f,2012-03-15 05:08:52.523981,0.25
Case2,Flat Grinding,res_481e7f0e-70f9-45c8-a108-d019c45c6dc8,Role 5,2012-03-15 09:01:04.191819,47,0,res_481e7f0e-70f9-45c8-a108-d019c45c6dc8,2012-03-15 07:29:36.255070,0.0
Case7,Round Grinding,res_9ba95fb9-0eee-40ef-ac4b-dccab0115869,Role 2,2012-03-15 11:39:06.547026,47,1,res_9ba95fb9-0eee-40ef-ac4b-dccab0115869,2012-03-15 09:48:34.826364,0.0
Case7,Round Grinding,res_9ba95fb9-0eee-40ef-ac4b-dccab0115869,Role 2,2012-03-15 14:32:01.959861,47,1,res_9ba95fb9-0eee-40ef-ac4b-dccab0115869,2012-03-15 12:42:28.975108,0.0
Case1,Packing,res_9fca8b8c-d456-45a0-a40b-5ef052864531,Role 4,2012-03-15 14:43:35.700706,47,0,res_9fca8b8c-d456-45a0-a40b-5ef052864531,2012-03-15 13:27:11.423288,0.0
Case8,Turning & Milling Q.C.,res_ddb830ac-2ecc-4df4-b4ed-ea1882e6898f,Role 3,2012-03-15 16:03:46.807449,48,0,res_ddb830ac-2ecc-4df4-b4ed-ea1882e6898f,2012-03-15 13:32:58.400000,0.0
Case5,Final Inspection Q.C.,res_bd155153-318b-4dd7-bf49-22961fc0151a,Role 3,2012-03-15 18:00:50.706481,48,1,res_bd155153-318b-4dd7-bf49-22961fc0151a,2012-03-15 16:45:37.904640,0.0
Case8,Turning & Milling,res_8cb1380f-3283-45ca-9301-fb888ff96bc6,Role 1,2012-03-15 18:31:20.329520,48,2,res_8cb1380f-3283-45ca-9301-fb888ff96bc6,2012-03-15 16:19:43.160711,0.0
Case2,Round Grinding,res_773e95d4-46b3-4dd6-a89b-3152bc9d794c,Role 2,2012-03-15 20:08:38.830400,49,1,res_773e95d4-46b3-4dd6-a89b-3152bc9d794c,2012-03-15 18:18:54.174140,0.0
Case8,Turning & Milling Q.C.,res_6e49ca22-8e95-46c6-ba41-96bd0ccc84aa,Role 3,2012-03-15 20:45:48.514507,49,0,res_6e49ca22-8e95-46c6-ba41-96bd0ccc84aa,2012-03-15 19:00:16.869491,0.0
Case4,Packing,res_9fca8b8c-d456-45a0-a40b-5ef052864531,Role 4,2012-03-15 21:01:10.600915,49,0,res_9fca8b8c-d456-45a0-a40b-5ef052864531,2012-03-15 19:40:16.337101,0.0
Case7,Packing,res_d9179efc-13a0-4f64-95b5-cdad486a0c45,Role 4,2012-03-15 21:06:01.934741,49,1,res_d9179efc-13a0-4f64-95b5-cdad486a0c45,2012-03-15 19:42:07.568974,0.3333333333333333
Case9,Turning & Milling,res_7b28db0b-0b67-4a7f-888f-fbb3b32955e4,Role 1,2012-03-15 21:13:12.244509,49,3,res_7b28db0b-0b67-4a7f-888f-fbb3b32955e4,2012-03-15 18:15:46.400000,0.07142857142857142
Case8,Turning & Milling,res_ca82a60e-8937-48b6-ba6f-8a60052f9f60,Role 1,2012-03-16 00:34:06.578269,49,2,res_ca82a60e-8937-48b6-ba6f-8a60052f9f60,2012-03-15 21:25:34.124859,0.0
Case1,Final Inspection Q.C.,res_6e49ca22-8e95-46c6-ba41-96bd0ccc84aa,Role 3,2012-03-16 03:13:18.356938,49,1,res_6e49ca22-8e95-46c6-ba41-96bd0ccc84aa,2012-03-16 01:36:47.195164,0.0
Case8,Turning & Milling,res_5feb0975-ac69-46e4-b52b-f141adee2051,Role 1,2012-03-16 03:48:05.963879,49,2,res_5feb0975-ac69-46e4-b52b-f141adee2051,2012-03-16 00:59:53.285804,0.0
Case6,Turning & Milling,res_b1d5f4c3-00bf-4765-a700-70d91347535a,Role 1,2012-03-16 06:53:15.325384,49,2,res_b1d5f4c3-00bf-4765-a700-70d91347535a,2012-03-16 04:45:07.626098,0.0
Case8,Flat Grinding,res_970190d3-3a79-4c78-b10a-39f512b462ce,Role 5,2012-03-16 07:27:37.263061,49,0,res_970190d3-3a79-4c78-b10a-39f512b462ce,2012-03-16 05:25:31.786217,0.0
Case7,Final Inspection Q.C.,res_bd155153-318b-4dd7-bf49-22961fc0151a,Role 3,2012-03-16 08:41:00.395876,49,1,res_bd155153-318b-4dd7-bf49-22961fc0151a,2012-03-16 06:49:33.752857,0.0
Case2,Packing,res_9fca8b8c-d456-45a0-a40b-5ef052864531,Role 4,2012-03-16 10:18:36.588864,48,0,res_9fca8b8c-d456-45a0-a40b-5ef052864531,2012-03-16 08:56:09.674152,0.0
Case9,Turning & Milling Q.C.,res_6e49ca22-8e95-46c6-ba41-96bd0ccc84aa,Role 3,2012-03-16 10:24:57.101734,49,0,res_6e49ca22-8e95-46c6-ba41-96bd0ccc84aa,2012-03-16 08:27:19.297226,0.25
Case5,Packing,res_d9179efc-13a0-4f64-95b5-cdad486a0c45,Role 4,2012-03-16 11:22:47.122001,48,1,res_d9179efc-13a0-4f64-95b5-cdad486a0c45,2012-03-16 10:07:56.567787,0.3333333333333333
Case4,Packing,res_d9179efc-13a0-4f64-95b5-cdad486a0c45,Role 4,2012-03-16 13:05:46.576280,48,0,res_d9179efc-13a0-4f64-95b5-cdad486a0c45,2012-03-16 11:48:29.155978,0.0
Case10,Turn & Mill. & Screw Assem,res_5feb0975-ac69-46e4-b52b-f141adee2051,Role 1,2012-03-16 16:40:58.574571,49,0,res_5feb0975-ac69-46e4-b52b-f141adee2051,2012-03-16 13:51:24.800000,0.0
Case9,Turning & Milling,res_4e4e5bb8-c0ac-4ff6-a1db-4ed3c20041c7,Role 1,2012-03-16 17:34:05.177673,49,2,res_4e4e5bb8-c0ac-4ff6-a1db-4ed3c20041c7,2012-03-16 15:29:39.964046,0.07142857142857142
Case8,Flat Grinding,res_481e7f0e-70f9-45c8-a108-d019c45c6dc8,Role 5,2012-03-16 18:10:41.909891,49,0,res_481e7f0e-70f9-45c8-a108-d019c45c6dc8,2012-03-16 16:46:44.613991,0.0
Case1,Final Inspection Q.C.,res_ddb830ac-2ecc-4df4-b4ed-ea1882e6898f,Role 3,2012-03-16 19:21:07.218047,49,1,res_ddb830ac-2ecc-4df4-b4ed-ea1882e6898f,2012-03-16 17:55:20.977618,0.0
Case9,Laser Marking,res_481e7f0e-70f9-45c8-a108-d019c45c6dc8,Role 5,2012-03-16 21:01:21.362024,49,0,res_481e7f0e-70f9-45c8-a108-d019c45c6dc8,2012-03-16 18:32:30.904637,0.0
Case10,Turn & Mill. & Screw Assem,res_b1d5f4c3-00bf-4765-a700-70d91347535a,Role 1,2012-03-16 21:28:28.910927,49,0,res_b1d5f4c3-00bf-4765-a700-70d91347535a,2012-03-16 18:36:13.250992,0.0
Case9,Lapping,res_970190d3-3a79-4c78-b10a-39f512b462ce,Role 5,2012-03-17 00:54:33.290237,49,0,res_970190d3-3a79-4c78-b10a-39f512b462ce,2012-03-16 22:19:09.396507,0.0
Case2,Final Inspection Q.C.,res_7c021aac-0c7c-413b-b6c5-c4b22bb8e25d,Role 3,2012-03-17 00:59:39.180651,49,1,res_7c021aac-0c7c-413b-b6c5-c4b22bb8e25d,2012-03-16 23:33:52.027106,0.25
Case10,Turning & Milling Q.C.,res_7c021aac-0c7c-413b-b6c5-c4b22bb8e25d,Role 3,2012-03-17 02:04:31.168053,49,0,res_7c021aac-0c7c-413b-b6c5-c4b22bb8e25d,2012-03-16 23:12:59.959694,0.0
Case6,Turning & Milling Q.C.,res_6e49ca22-8e95-46c6-ba41-96bd0ccc84aa,Role 3,2012-03-17 02:08:26.124579,49,1,res_6e49ca22-8e95-46c6-ba41-96bd0ccc84aa,2012-03-17 00:30:05.232787,0.5
Case4,Final Inspection Q.C.,res_6e49ca22-8e95-46c6-ba41-96bd0ccc84aa,Role 3,2012-03-17 05:06:30.857938,48,1,res_6e49ca22-8e95-46c6-ba41-96bd0ccc84aa,2012-03-17 03:41:46.141802,0.0
Case9,Lapping,res_970190d3-3a79-4c78-b10a-39f512b462ce,Role 5,2012-03-17 05:13:23.595313,48,0,res_970190d3-3a79-4c78-b10a-39f512b462ce,2012-03-17 02:57:27.664363,0.0
Case5,Packing,res_98504fcc-d2d4-4790-a68d-69e64c661e03,Role 4,2012-03-17 06:11:22.057227,48,0,res_98504fcc-d2d4-4790-a68d-69e64c661e03,2012-03-17 04:53:56.995604,0.0
Case10,Turning & Milling,res_b8c51f92-dc35-4f20-a821-fdb164b8ae09,Role 1,2012-03-17 06:44:18.266796,48,2,res_b8c51f92-dc35-4f20-a821-fdb164b8ae09,2012-03-17 04:13:34.759966,0.0
Case9,Lapping,res_970190d3-3a79-4c78-b10a-39f512b462ce,Role 5,2012-03-17 11:45:37.053366,47,0,res_970190d3-3a79-4c78-b10a-39f512b462ce,2012-03-17 09:57:42.932819,0.0
Case1,Final Inspection Q.C.,res_7c021aac-0c7c-413b-b6c5-c4b22bb8e25d,Role 3,2012-03-17 12:11:45.325599,47,1,res_7c021aac-0c7c-413b-b6c5-c4b22bb8e25d,2012-03-17 10:47:41.028915,0.0
Case8,Flat Grinding,res_970190d3-3a79-4c78-b10a-39f512b462ce,Role 5,2012-03-17 14:48:16.568314,46,0,res_970190d3-3a79-4c78-b10a-39f512b462ce,2012-03-17 13:22:05.330724,0.0
Case9,Round Grinding,res_9ba95fb9-0eee-40ef-ac4b-dccab0115869,Role 2,2012-03-17 15:19:04.285370,46,1,res_9ba95fb9-0eee-40ef-ac4b-dccab0115869,2012-03-17 13:40:21.136094,0.0
Case10,Turning & Milling Q.C.,res_6e49ca22-8e95-46c6-ba41-96bd0ccc84aa,Role 3,2012-03-17 16:18:06.046555,47,0,res_6e49ca22-8e95-46c6-ba41-96bd0ccc84aa,2012-03-17 14:59:02.151108,0.0
Case11,Turn & Mill. & Screw Assem,res_b8c51f92-dc35-4f20-a821-fdb164b8ae09,Role 1,2012-03-17 17:20:33.035065,47,0,res_b8c51f92-dc35-4f20-a821-fdb164b8ae09,2012-03-17 14:33:05.000000,0.0
Case9,Round Grinding,res_3921b31a-d839-4fff-8fe0-87d71eef8ea1,Role 2,2012-03-17 18:26:34.858313,47,1,res_3921b31a-d839-4fff-8fe0-87d71eef8ea1,2012-03-17 16:20:35.855289,0.0
Case6,Turning & Milling Q.C.,res_bd155153-318b-4dd7-bf49-22961fc0151a,Role 3,2012-03-17 21:40:44.755867,47,0,res_bd155153-318b-4dd7-bf49-22961fc0151a,2012-03-17 19:51:49.903677,0.0
Case9,Round Grinding,res_b46b28ce-a57d-4731-88dd-43ba40d2971f,Role 2,2012-03-17 23:10:11.870545,47,1,res_b46b28ce-a57d-4731-88dd-43ba40d2971f,2012-03-17 19:04:25.069093,0.0
Case5,Final Inspection Q.C.,res_6e49ca22-8e95-46c6-ba41-96bd0ccc84aa,Role 3,2012-03-18 01:40:59.879884,47,1,res_6e49ca22-8e95-46c6-ba41-96bd0ccc84aa,2012-03-18 00:11:10.840103,0.0
Case9,Round Grinding,res_b46b28ce-a57d-4731-88dd-43ba40d2971f,Role 2,2012-03-18 02:39:09.485283,47,1,res_b46b28ce-a57d-4731-88dd-43ba40d2971f,2012-03-17 23:40:37.927641,0.0
Case11,Turning & Milling Q.C.,res_6e49ca22-8e95-46c6-ba41-96bd0ccc84aa,Role 3,2012-03-18 04:53:45.950162,46,0,res_6e49ca22-8e95-46c6-ba41-96bd0ccc84aa,2012-03-18 02:41:22.859634,0.0
Case12,Turn & Mill. & Screw Assem,res_27ca3533-c755-4d80-931a-9e50f7c7a425,Role 1,2012-03-18 06:59:58.838846,47,0,res_27ca3533-c755-4d80-931a-9e50f7c7a425,2012-03-18 04:06:08.000000,0.0
Case11,Turning & Milling,res_b1d5f4c3-00bf-4765-a700-70d91347535a,Role 1,2012-03-18 07:55:16.262443,47,2,res_b1d5f4c3-00bf-4765-a700-70d91347535a,2012-03-18 05:43:31.331574,0.07142857142857142
Case8,Lapping,res_970190d3-3a79-4c78-b10a-39f512b462ce,Role 5,2012-03-18 08:29:19.760507,47,0,res_970190d3-3a79-4c78-b10a-39f512b462ce,2012-03-18 06:02:20.434843,0.0
Case9,Packing,res_98504fcc-d2d4-4790-a68d-69e64c661e03,Role 4,2012-03-18 11:23:02.770262,47,0,res_98504fcc-d2d4-4790-a68d-69e64c661e03,2012-03-18 10:05:31.834078,0.0
Case10,Flat Grinding,res_481e7f0e-70f9-45c8-a108-d019c45c6dc8,Role 5,2012-03-18 13:03:56.832023,47,0,res_481e7f0e-70f9-45c8-a108-d019c45c6dc8,2012-03-18 11:45:02.235551,0.0
Case11,Turning & Milling Q.C.,res_7c021aac-0c7c-413b-b6c5-c4b22bb8e25d,Role 3,2012-03-18 13:57:16.359535,47,0,res_7c021aac-0c7c-413b-b6c5-c4b22bb8e25d,2012-03-18 12:35:39.832303,0.0
Case6,Flat Grinding,res_970190d3-3a79-4c78-b10a-39f512b462ce,Role 5,2012-03-18 15:25:09.616394,47,0,res_970190d3-3a79-4c78-b10a-39f512b462ce,2012-03-18 13:59:51.529147,0.0
Case8,Round Grinding,res_3921b31a-d839-4fff-8fe0-87d71eef8ea1,Role 2,2012-03-18 16:10:04.451396,47,1,res_3921b31a-d839-4fff-8fe0-87d71eef8ea1,2012-03-18 14:29:17.074215,0.0
Case13,Turning Q.C.,res_ddb830ac-2ecc-4df4-b4ed-ea1882e6898f,Role 3,2012-03-18 16:59:38.394157,48,0,res_ddb830ac-2ecc-4df4-b4ed-ea1882e6898f,2012-03-18 14:33:20.600000,0.0
Case12,Turn & Mill. & Screw Assem,res_cd26d55b-75b0-412a-86ea-2fca26cb910a,Role 1,2012-03-18 17:15:38.410583,48,0,res_cd26d55b-75b0-412a-86ea-2fca26cb910a,2012-03-18 15:17:23.247044,0.0
Case11,Turning & Milling,res_6fdaacf3-65f3-4c57-8562-fa8554311cd6,Role 1,2012-03-18 17:32:18.280159,48,2,res_6fdaacf3-65f3-4c57-8562-fa8554311cd6,2012-03-18 15:48:43.787074,0.07142857142857142
Case14,Grinding Rework,res_98ea462c-2a59-4a78-a9f5-7c60586e41e2,Role 2,2012-03-18 19:13:53.110055,49,0,res_98ea462c-2a59-4a78-a9f5-7c60586e41e2,2012-03-18 16:37:34.400000,0.0
Case12,Turning & Milling Q.C.,res_bd155153-318b-4dd7-bf49-22961fc0151a,Role 3,2012-03-18 19:15:34.829029,49,0,res_bd155153-318b-4dd7-bf49-22961fc0151a,2012-03-18 17:51:59.032270,0.0
Case13,Turning,res_b1d5f4c3-00bf-4765-a700-70d91347535a,Role 1,2012-03-18 19:20:57.179410,49,0,res_b1d5f4c3-00bf-4765-a700-70d91347535a,2012-03-18 17:18:44.425411,0.07142857142857142
Case8,Final Inspection Q.C.,res_ddb830ac-2ecc-4df4-b4ed-ea1882e6898f,Role 3,2012-03-18 19:23:37.183600,50,1,res_ddb830ac-2ecc-4df4-b4ed-ea1882e6898f,2012-03-18 18:07:37.007052,0.25
Case11,Turning & Milling Q.C.,res_bd155153-318b-4dd7-bf49-22961fc0151a,Role 3,2012-03-18 20:18:17.124312,51,1,res_bd155153-318b-4dd7-bf49-22961fc0151a,2012-03-18 18:56:00.391499,0.5
Case13,Turning Q.C.,res_ddb830ac-2ecc-4df4-b4ed-ea1882e6898f,Role 3,2012-03-18 20:42:45.226927,51,0,res_ddb830ac-2ecc-4df4-b4ed-ea1882e6898f,2012-03-18 19:22:58.462911,0.5
Case15,Turn & Mill. & Screw Assem,res_b1d5f4c3-00bf-4765-a700-70d91347535a,Role 1,2012-03-18 20:44:09.921384,50,0,res_b1d5f4c3-00bf-4765-a700-70d91347535a,2012-03-18 17:58:22.400000,0.07142857142857142
Case16,Grinding Rework,res_9ba95fb9-0eee-40ef-ac4b-dccab0115869,Role 2,2012-03-18 21:01:33.528163,51,1,res_9ba95fb9-0eee-40ef-ac4b-dccab0115869,2012-03-18 18:25:38.600000,0.125
Case17,Turning Q.C.,res_7c021aac-0c7c-413b-b6c5-c4b22bb8e25d,Role 3,2012-03-18 22:02:06.665227,52,1,res_7c021aac-0c7c-413b-b6c5-c4b22bb8e25d,2012-03-18 19:59:34.400000,0.5
Case14,Turning & Milling,res_ca82a60e-8937-48b6-ba6f-8a60052f9f60,Role 1,2012-03-18 22:10:23.804496,51,2,res_ca82a60e-8937-48b6-ba6f-8a60052f9f60,2012-03-18 19:49:17.679755,0.07142857142857142
Case12,Turning & Milling,res_91e33ec1-21d0-4cda-9be0-aa406ffd80dd,Role 1,2012-03-18 22:33:57.259151,51,3,res_91e33ec1-21d0-4cda-9be0-aa406ffd80dd,2012-03-18 19:50:19.453709,0.14285714285714285
Case18,Turning Q.C.,res_bd155153-318b-4dd7-bf49-22961fc0151a,Role 3,2012-03-18 22:52:10.686821,53,2,res_bd155153-318b-4dd7-bf49-22961fc0151a,2012-03-18 20:39:58.400000,0.5
Case13,Turning,res_8cb1380f-3283-45ca-9301-fb888ff96bc6,Role 1,2012-03-18 23:08:26.543046,53,0,res_8cb1380f-3283-45ca-9301-fb888ff96bc6,2012-03-18 21:07:57.242243,0.14285714285714285
Case11,Turning & Milling Q.C.,res_6e49ca22-8e95-46c6-ba41-96bd0ccc84aa,Role 3,2012-03-18 23:36:48.403070,54,0,res_6e49ca22-8e95-46c6-ba41-96bd0ccc84aa,2012-03-18 22:15:23.058590,0.25
Case14,Turning & Milling Q.C.,res_bd155153-318b-4dd7-bf49-22961fc0151a,Role 3,2012-03-18 23:42:32.700448,54,1,res_bd155153-318b-4dd7-bf49-22961fc0151a,2012-03-18 22:18:22.592855,0.5
Case16,Turning & Milling,res_5feb0975-ac69-46e4-b52b-f141adee2051,Role 1,2012-03-19 00:24:19.515408,54,4,res_5feb0975-ac69-46e4-b52b-f141adee2051,2012-03-18 21:59:04.736917,0.2857142857142857
Case17,Turning,res_6fdaacf3-65f3-4c57-8562-fa8554311cd6,Role 1,2012-03-19 00:45:30.862755,54,2,res_6fdaacf3-65f3-4c57-8562-fa8554311cd6,2012-03-18 22:31:53.973929,0.2857142857142857
Case19,Turning,res_8cb1380f-3283-45ca-9301-fb888ff96bc6,Role 1,2012-03-19 00:52:08.091328,54,1,res_8cb1380f-3283-45ca-9301-fb888ff96bc6,2012-03-18 21:57:44.600000,0.21428571428571427
Case12,Turning & Milling Q.C.,res_ddb830ac-2ecc-4df4-b4ed-ea1882e6898f,Role 3,2012-03-19 00:52:40.729858,54,2,res_ddb830ac-2ecc-4df4-b4ed-ea1882e6898f,2012-03-18 23:23:53.845766,0.5
Case15,Turn & Mill. & Screw Assem,res_b1d5f4c3-00bf-4765-a700-70d91347535a,Role 1,2012-03-19 00:55:31.404000,54,0,res_b1d5f4c3-00bf-4765-a700-70d91347535a,2012-03-18 22:34:01.659653,0.2857142857142857
Case18,Turning,res_6fdaacf3-65f3-4c57-8562-fa8554311cd6,Role 1,2012-03-19 01:50:18.871961,54,2,res_6fdaacf3-65f3-4c57-8562-fa8554311cd6,2012-03-18 23:32:27.617916,0.2857142857142857
Case9,Final Inspection Q.C.,res_bd155153-318b-4dd7-bf49-22961fc0151a,Role 3,2012-03-19 01:57:57.464251,55,1,res_bd155153-318b-4dd7-bf49-22961fc0151a,2012-03-19 00:41:13.774079,0.75
Case13,Turning & Milling Q.C.,res_6e49ca22-8e95-46c6-ba41-96bd0ccc84aa,Role 3,2012-03-19 01:59:04.251403,55,2,res_6e49ca22-8e95-46c6-ba41-96bd0ccc84aa,2012-03-19 00:39:20.221620,0.5
Case16,Turning & Milling Q.C.,res_ddb830ac-2ecc-4df4-b4ed-ea1882e6898f,Role 3,2012-03-19 02:16:16.957446,55,1,res_ddb830ac-2ecc-4df4-b4ed-ea1882e6898f,2012-03-19 00:36:30.854655,0.25
Case14,Turning & Milling,res_91e33ec1-21d0-4cda-9be0-aa406ffd80dd,Role 1,2012-03-19 02:23:06.269433,55,3,res_91e33ec1-21d0-4cda-9be0-aa406ffd80dd,2012-03-19 00:22:54.021380,0.35714285714285715
Case20,Grinding Rework,res_877906e5-4add-4603-aa1f-b6542907de34,Role 2,2012-03-19 02:33:26.081819,55,0,res_877906e5-4add-4603-aa1f-b6542907de34,2012-03-18 23:43:47.600000,0.0
Case11,Laser Marking,res_970190d3-3a79-4c78-b10a-39f512b462ce,Role 5,2012-03-19 02:51:26.185063,55,0,res_970190d3-3a79-4c78-b10a-39f512b462ce,2012-03-19 01:04:08.100879,0.0
Case17,Turning,res_7b28db0b-0b67-4a7f-888f-fbb3b32955e4,Role 1,2012-03-19 03:01:06.864068,55,2,res_7b28db0b-0b67-4a7f-888f-fbb3b32955e4,2012-03-19 00:46:59.975743,0.2857142857142857
Case15,Turn & Mill. & Screw Assem,res_21c3dd96-4307-4403-9ef9-fb53bde77489,Role 1,2012-03-19 03:10:17.864573,55,0,res_21c3dd96-4307-4403-9ef9-fb53bde77489,2012-03-19 00:57:16.650965,0.21428571428571427
Case18,Turning & Milling Q.C.,res_bd155153-318b-4dd7-bf49-22961fc0151a,Role 3,2012-03-19 03:15:04.093733,56,2,res_bd155153-318b-4dd7-bf49-22961fc0151a,2012-03-19 01:53:08.665383,0.75
Case12,Round Grinding,res_9ba95fb9-0eee-40ef-ac4b-dccab0115869,Role 2,2012-03-19 03:46:18.655878,56,1,res_9ba95fb9-0eee-40ef-ac4b-dccab0115869,2012-03-19 01:58:18.326324,0.125
Case19,Turning,res_6fdaacf3-65f3-4c57-8562-fa8554311cd6,Role 1,2012-03-19 04:32:05.668100,56,2,res_6fdaacf3-65f3-4c57-8562-fa8554311cd6,2012-03-19 02:08:00.101776,0.2857142857142857
Case21,Turning,res_9b558f00-20ac-45f3-9ca8-896a9b16baca,Role 1,2012-03-19 04:45:28.774816,56,1,res_9b558f00-20ac-45f3-9ca8-896a9b16baca,2012-03-19 01:52:03.800000,0.21428571428571427
Case13,Turning & Milling,res_27ca3533-c755-4d80-931a-9e50f7c7a425,Role 1,2012-03-19 04:59:04.078310,56,2,res_27ca3533-c755-4d80-931a-9e50f7c7a425,2012-03-19 03:06:20.397171,0.21428571428571427
Case16,Turning & Milling,res_5feb0975-ac69-46e4-b52b-f141adee2051,Role 1,2012-03-19 05:22:38.419965,56,3,res_5feb0975-ac69-46e4-b52b-f141adee2051,2012-03-19 03:15:05.442159,0.21428571428571427
Case18,Turning & Milling,res_b8c51f92-dc35-4f20-a821-fdb164b8ae09,Role 1,2012-03-19 05:37:25.678728,56,4,res_b8c51f92-dc35-4f20-a821-fdb164b8ae09,2012-03-19 03:41:30.786385,0.2857142857142857
Case11,Round Grinding,res_877906e5-4add-4603-aa1f-b6542907de34,Role 2,2012-03-19 05:46:58.073079,57,1,res_877906e5-4add-4603-aa1f-b6542907de34,2012-03-19 03:48:32.642698,0.0
Case17,Stress Relief,res_4e4e5bb8-c0ac-4ff6-a1db-4ed3c20041c7,Role 1,2012-03-19 05:58:57.941477,57,0,res_4e4e5bb8-c0ac-4ff6-a1db-4ed3c20041c7,2012-03-19 04:06:32.036086,0.5
Case15,Turn & Mill. & Screw Assem,res_7b28db0b-0b67-4a7f-888f-fbb3b32955e4,Role 1,2012-03-19 06:01:23.971502,57,1,res_7b28db0b-0b67-4a7f-888f-fbb3b32955e4,2012-03-19 03:57:18.987775,0.42857142857142855
Case22,Turn & Mill. & Screw Assem,res_9b558f00-20ac-45f3-9ca8-896a9b16baca,Role 1,2012-03-19 06:29:07.006325,57,0,res_9b558f00-20ac-45f3-9ca8-896a9b16baca,2012-03-19 03:42:09.200000,0.35714285714285715
Case19,Turning & Milling,res_4e4e5bb8-c0ac-4ff6-a1db-4ed3c20041c7,Role 1,2012-03-19 06:40:27.058167,57,5,res_4e4e5bb8-c0ac-4ff6-a1db-4ed3c20041c7,2012-03-19 04:33:32.604222,0.5
Case10,Flat Grinding,res_970190d3-3a79-4c78-b10a-39f512b462ce,Role 5,2012-03-19 07:10:56.558019,57,0,res_970190d3-3a79-4c78-b10a-39f512b462ce,2012-03-19 05:08:27.896396,0.0
Case13,Lapping,res_481e7f0e-70f9-45c8-a108-d019c45c6dc8,Role 5,2012-03-19 07:48:50.477563,57,0,res_481e7f0e-70f9-45c8-a108-d019c45c6dc8,2012-03-19 06:17:59.763315,0.5
Case6,Flat Grinding,res_481e7f0e-70f9-45c8-a108-d019c45c6dc8,Role 5,2012-03-19 08:00:55.630335,57,1,res_481e7f0e-70f9-45c8-a108-d019c45c6dc8,2012-03-19 06:38:47.441645,1.0
Case11,Round Grinding,res_773e95d4-46b3-4dd6-a89b-3152bc9d794c,Role 2,2012-03-19 08:47:41.837925,57,1,res_773e95d4-46b3-4dd6-a89b-3152bc9d794c,2012-03-19 06:46:40.672644,0.0
Case8,Packing,res_d9179efc-13a0-4f64-95b5-cdad486a0c45,Role 4,2012-03-19 09:21:03.506116,58,0,res_d9179efc-13a0-4f64-95b5-cdad486a0c45,2012-03-19 08:01:12.512146,0.0
Case14,Turning & Milling Q.C.,res_6e49ca22-8e95-46c6-ba41-96bd0ccc84aa,Role 3,2012-03-19 09:51:20.707749,58,0,res_6e49ca22-8e95-46c6-ba41-96bd0ccc84aa,2012-03-19 08:23:45.127526,0.0
Case23,Turning & Milling,res_b1d5f4c3-00bf-4765-a700-70d91347535a,Role 1,2012-03-19 10:09:36.367251,58,2,res_b1d5f4c3-00bf-4765-a700-70d91347535a,2012-03-19 07:19:18.200000,0.0
Case19,Turning & Milling Q.C.,res_ddb830ac-2ecc-4df4-b4ed-ea1882e6898f,Role 3,2012-03-19 10:35:34.444065,58,1,res_ddb830ac-2ecc-4df4-b4ed-ea1882e6898f,2012-03-19 09:12:01.278031,0.25
Case11,Final Inspection Q.C.,res_7c021aac-0c7c-413b-b6c5-c4b22bb8e25d,Role 3,2012-03-19 11:52:19.112956,58,1,res_7c021aac-0c7c-413b-b6c5-c4b22bb8e25d,2012-03-19 10:31:08.132684,0.25
Case20,Turning & Milling Q.C.,res_6e49ca22-8e95-46c6-ba41-96bd0ccc84aa,Role 3,2012-03-19 12:22:38.529011,58,0,res_6e49ca22-8e95-46c6-ba41-96bd0ccc84aa,2012-03-19 10:55:59.361720,0.25
Case13,Lapping,res_481e7f0e-70f9-45c8-a108-d019c45c6dc8,Role 5,2012-03-19 12:39:02.496133,58,0,res_481e7f0e-70f9-45c8-a108-d019c45c6dc8,2012-03-19 11:14:49.058819,0.0
Case18,Turning & Milling Q.C.,res_ddb830ac-2ecc-4df4-b4ed-ea1882e6898f,Role 3,2012-03-19 13:46:13.662849,58,0,res_ddb830ac-2ecc-4df4-b4ed-ea1882e6898f,2012-03-19 12:25:43.200647,0.0
Case20,Turning & Milling,res_ca82a60e-8937-48b6-ba6f-8a60052f9f60,Role 1,2012-03-19 14:28:48.202122,58,2,res_ca82a60e-8937-48b6-ba6f-8a60052f9f60,2012-03-19 12:49:56.996537,0.0
Case13,Round Grinding,res_9ba95fb9-0eee-40ef-ac4b-dccab0115869,Role 2,2012-03-19 15:09:00.908630,58,1,res_9ba95fb9-0eee-40ef-ac4b-dccab0115869,2012-03-19 13:37:50.563489,0.0
Case21,Turning Q.C.,res_7c021aac-0c7c-413b-b6c5-c4b22bb8e25d,Role 3,2012-03-19 15:59:11.328508,58,0,res_7c021aac-0c7c-413b-b6c5-c4b22bb8e25d,2012-03-19 14:30:44.056714,0.0
Case20,Laser Marking,res_481e7f0e-70f9-45c8-a108-d019c45c6dc8,Role 5,2012-03-19 16:34:14.705048,59,0,res_481e7f0e-70f9-45c8-a108-d019c45c6dc8,2012-03-19 15:05:04.876408,0.0
Case24,Turning & Milling Q.C.,res_7c021aac-0c7c-413b-b6c5-c4b22bb8e25d,Role 3,2012-03-19 16:36:41.158998,59,0,res_7c021aac-0c7c-413b-b6c5-c4b22bb8e25d,2012-03-19 14:34:36.800000,0.25
Case12,Packing,res_9fca8b8c-d456-45a0-a40b-5ef052864531,Role 4,2012-03-19 16:51:59.934742,59,0,res_9fca8b8c-d456-45a0-a40b-5ef052864531,2012-03-19 15:34:22.930001,0.0
Case25,Turning Q.C.,res_bd155153-318b-4dd7-bf49-22961fc0151a,Role 3,2012-03-19 17:12:15.906259,60,1,res_bd155153-318b-4dd7-bf49-22961fc0151a,2012-03-19 15:38:14.600000,0.5
Case13,Round Grinding,res_877906e5-4add-4603-aa1f-b6542907de34,Role 2,2012-03-19 17:15:02.848438,59,1,res_877906e5-4add-4603-aa1f-b6542907de34,2012-03-19 15:37:38.542565,0.0
Case16,Turning & Milling Q.C.,res_ddb830ac-2ecc-4df4-b4ed-ea1882e6898f,Role 3,2012-03-19 17:25:03.438986,60,1,res_ddb830ac-2ecc-4df4-b4ed-ea1882e6898f,2012-03-19 16:05:22.866980,0.5
Case22,Turning & Milling Q.C.,res_bd155153-318b-4dd7-bf49-22961fc0151a,Role 3,2012-03-19 17:37:32.213132,60,2,res_bd155153-318b-4dd7-bf49-22961fc0151a,2012-03-19 16:18:03.004957,0.75
Case23,Turning & Milling Q.C.,res_6e49ca22-8e95-46c6-ba41-96bd0ccc84aa,Role 3,2012-03-19 18:24:08.098638,61,2,res_6e49ca22-8e95-46c6-ba41-96bd0ccc84aa,2012-03-19 17:04:20.444175,0.75
Case27,Turning Q.C.,res_bd155153-318b-4dd7-bf49-22961fc0151a,Role 3,2012-03-19 18:32:53.730019,62,1,res_bd155153-318b-4dd7-bf49-22961fc0151a,2012-03-19 17:12:10.400000,1.0
Case20,Laser Marking,res_481e7f0e-70f9-45c8-a108-d019c45c6dc8,Role 5,2012-03-19 18:37:44.223000,61,0,res_481e7f0e-70f9-45c8-a108-d019c45c6dc8,2012-03-19 17:05:47.335798,0.0
Case24,Turning & Milling,res_cd26d55b-75b0-412a-86ea-2fca26cb910a,Role 1,2012-03-19 18:41:41.815828,61,2,res_cd26d55b-75b0-412a-86ea-2fca26cb910a,2012-03-19 16:46:19.814745,0.07142857142857142
Case9,Packing,res_98504fcc-d2d4-4790-a68d-69e64c661e03,Role 4,2012-03-19 18:42:29.230544,62,0,res_98504fcc-d2d4-4790-a68d-69e64c661e03,2012-03-19 17:23:52.160610,0.0
Case13,Round Grinding,res_98ea462c-2a59-4a78-a9f5-7c60586e41e2,Role 2,2012-03-19 19:07:32.925548,62,1,res_98ea462c-2a59-4a78-a9f5-7c60586e41e2,2012-03-19 17:34:10.004767,0.0
Case26,Turning,res_7b28db0b-0b67-4a7f-888f-fbb3b32955e4,Role 1,2012-03-19 19:10:41.455033,61,0,res_7b28db0b-0b67-4a7f-888f-fbb3b32955e4,2012-03-19 16:24:42.200000,0.0
Case25,Turning,res_4e4e5bb8-c0ac-4ff6-a1db-4ed3c20041c7,Role 1,2012-03-19 19:11:54.010627,62,1,res_4e4e5bb8-c0ac-4ff6-a1db-4ed3c20041c7,2012-03-19 17:20:58.488953,0.14285714285714285
Case28,Turning & Milling Q.C.,res_6e49ca22-8e95-46c6-ba41-96bd0ccc84aa,Role 3,2012-03-19 19:21:27.708773,63,1,res_6e49ca22-8e95-46c6-ba41-96bd0ccc84aa,2012-03-19 17:44:29.600000,0.5
Case22,Turning & Milling,res_9b558f00-20ac-45f3-9ca8-896a9b16baca,Role 1,2012-03-19 19:54:16.180626,64,3,res_9b558f00-20ac-45f3-9ca8-896a9b16baca,2012-03-19 18:30:13.966922,0.2857142857142857
Case23,Turning & Milling,res_6fdaacf3-65f3-4c57-8562-fa8554311cd6,Role 1,2012-03-19 19:55:59.803676,64,4,res_6fdaacf3-65f3-4c57-8562-fa8554311cd6,2012-03-19 18:31:26.956455,0.35714285714285715
Case24,Turning & Milling Q.C.,res_6e49ca22-8e95-46c6-ba41-96bd0ccc84aa,Role 3,2012-03-19 20:04:21.781764,64,1,res_6e49ca22-8e95-46c6-ba41-96bd0ccc84aa,2012-03-19 18:44:37.236294,0.25
Case19,Turning & Milling,res_4e4e5bb8-c0ac-4ff6-a1db-4ed3c20041c7,Role 1,2012-03-19 20:09:05.479198,64,4,res_4e4e5bb8-c0ac-4ff6-a1db-4ed3c20041c7,2012-03-19 18:43:51.359432,0.42857142857142855
Case27,Turning,res_21c3dd96-4307-4403-9ef9-fb53bde77489,Role 1,2012-03-19 20:11:43.513129,64,2,res_21c3dd96-4307-4403-9ef9-fb53bde77489,2012-03-19 18:40:35.145208,0.42857142857142855
Case20,Laser Marking,res_970190d3-3a79-4c78-b10a-39f512b462ce,Role 5,2012-03-19 20:24:12.390062,64,0,res_970190d3-3a79-4c78-b10a-39f512b462ce,2012-03-19 18:57:56.686515,0.0
Case25,Turning Q.C.,res_7c021aac-0c7c-413b-b6c5-c4b22bb8e25d,Role 3,2012-03-19 20:33:34.986321,64,0,res_7c021aac-0c7c-413b-b6c5-c4b22bb8e25d,2012-03-19 19:14:18.589725,0.5
Case29,Turn & Mill. & Screw Assem,res_4e4e5bb8-c0ac-4ff6-a1db-4ed3c20041c7,Role 1,2012-03-19 21:08:35.862447,64,0,res_4e4e5bb8-c0ac-4ff6-a1db-4ed3c20041c7,2012-03-19 18:26:54.800000,0.21428571428571427
Case28,Turning & Milling,res_cd26d55b-75b0-412a-86ea-2fca26cb910a,Role 1,2012-03-19 21:14:54.847055,64,5,res_cd26d55b-75b0-412a-86ea-2fca26cb910a,2012-03-19 19:30:01.159452,0.42857142857142855
Case13,Packing,res_9fca8b8c-d456-45a0-a40b-5ef052864531,Role 4,2012-03-19 21:15:16.939610,64,0,res_9fca8b8c-d456-45a0-a40b-5ef052864531,2012-03-19 19:59:03.742731,0.0
Case26,Turning,res_b8c51f92-dc35-4f20-a821-fdb164b8ae09,Role 1,2012-03-19 21:25:04.944452,64,1,res_b8c51f92-dc35-4f20-a821-fdb164b8ae09,2012-03-19 19:18:47.534114,0.35714285714285715
Case27,Turning Q.C.,res_7c021aac-0c7c-413b-b6c5-c4b22bb8e25d,Role 3,2012-03-19 21:35:51.048281,64,1,res_7c021aac-0c7c-413b-b6c5-c4b22bb8e25d,2012-03-19 20:16:27.141554,0.25
Case23,Turning & Milling Q.C.,res_7c021aac-0c7c-413b-b6c5-c4b22bb8e25d,Role 3,2012-03-19 21:49:18.302910,64,0,res_7c021aac-0c7c-413b-b6c5-c4b22bb8e25d,2012-03-19 20:29:31.506932,0.5
Case24,Turning & Milling,res_27ca3533-c755-4d80-931a-9e50f7c7a425,Role 1,2012-03-19 21:50:43.234423,64,4,res_27ca3533-c755-4d80-931a-9e50f7c7a425,2012-03-19 20:21:09.972916,0.2857142857142857
Case6,Flat Grinding,res_481e7f0e-70f9-45c8-a108-d019c45c6dc8,Role 5,2012-03-19 22:02:41.132737,64,0,res_481e7f0e-70f9-45c8-a108-d019c45c6dc8,2012-03-19 20:45:17.311580,0.5
Case17,Stress Relief,res_4e4e5bb8-c0ac-4ff6-a1db-4ed3c20041c7,Role 1,2012-03-19 22:14:55.656693,64,0,res_4e4e5bb8-c0ac-4ff6-a1db-4ed3c20041c7,2012-03-19 20:50:49.950022,0.35714285714285715
Case22,Turning & Milling,res_b8c51f92-dc35-4f20-a821-fdb164b8ae09,Role 1,2012-03-19 22:17:13.251617,64,3,res_b8c51f92-dc35-4f20-a821-fdb164b8ae09,2012-03-19 20:20:09.293976,0.21428571428571427
Case20,Laser Marking,res_970190d3-3a79-4c78-b10a-39f512b462ce,Role 5,2012-03-19 22:24:25.051639,64,0,res_970190d3-3a79-4c78-b10a-39f512b462ce,2012-03-19 20:44:17.470316,0.0
Case28,Turning & Milling Q.C.,res_bd155153-318b-4dd7-bf49-22961fc0151a,Role 3,2012-03-19 22:38:00.341234,64,1,res_bd155153-318b-4dd7-bf49-22961fc0151a,2012-03-19 21:18:24.677894,0.5
Case26,Turning & Milling Q.C.,res_7c021aac-0c7c-413b-b6c5-c4b22bb8e25d,Role 3,2012-03-19 22:47:37.965830,64,2,res_7c021aac-0c7c-413b-b6c5-c4b22bb8e25d,2012-03-19 21:27:37.603351,0.75
Case21,Turning Q.C.,res_7c021aac-0c7c-413b-b6c5-c4b22bb8e25d,Role 3,2012-03-19 22:59:22.120756,65,0,res_7c021aac-0c7c-413b-b6c5-c4b22bb8e25d,2012-03-19 21:39:56.236905,0.75
Case19,Laser Marking,res_970190d3-3a79-4c78-b10a-39f512b462ce,Role 5,2012-03-19 23:15:54.864633,65,1,res_970190d3-3a79-4c78-b10a-39f512b462ce,2012-03-19 21:52:06.536284,1.0
Case10,Flat Grinding,res_481e7f0e-70f9-45c8-a108-d019c45c6dc8,Role 5,2012-03-19 23:24:34.115193,65,0,res_481e7f0e-70f9-45c8-a108-d019c45c6dc8,2012-03-19 22:05:46.306242,1.0
Case29,Turn & Mill. & Screw Assem,res_ca82a60e-8937-48b6-ba6f-8a60052f9f60,Role 1,2012-03-19 23:43:46.922672,65,0,res_ca82a60e-8937-48b6-ba6f-8a60052f9f60,2012-03-19 21:36:00.012241,0.21428571428571427
Case20,Lapping,res_481e7f0e-70f9-45c8-a108-d019c45c6dc8,Role 5,2012-03-20 00:00:47.716192,65,0,res_481e7f0e-70f9-45c8-a108-d019c45c6dc8,2012-03-19 22:43:40.948798,1.0
Case24,Turning & Milling,res_b1d5f4c3-00bf-4765-a700-70d91347535a,Role 1,2012-03-20 00:01:48.034800,65,3,res_b1d5f4c3-00bf-4765-a700-70d91347535a,2012-03-19 22:09:19.284827,0.21428571428571427
Case13,Final Inspection Q.C.,res_bd155153-318b-4dd7-bf49-22961fc0151a,Role 3,2012-03-20 00:07:19.009714,65,1,res_bd155153-318b-4dd7-bf49-22961fc0151a,2012-03-19 22:51:10.260212,0.25
Case30,Grinding Rework,res_9ba95fb9-0eee-40ef-ac4b-dccab0115869,Role 2,2012-03-20 00:18:00.455987,65,0,res_9ba95fb9-0eee-40ef-ac4b-dccab0115869,2012-03-19 21:33:45.800000,0.0
Case8,Packing,res_d9179efc-13a0-4f64-95b5-cdad486a0c45,Role 4,2012-03-20 00:21:08.986283,65,0,res_d9179efc-13a0-4f64-95b5-cdad486a0c45,2012-03-19 23:02:25.581300,0.0
Case14,Turning & Milling,res_b1d5f4c3-00bf-4765-a700-70d91347535a,Role 1,2012-03-20 00:23:18.755410,65,3,res_b1d5f4c3-00bf-4765-a700-70d91347535a,2012-03-19 22:33:11.784243,0.14285714285714285
Case11,Packing,res_9fca8b8c-d456-45a0-a40b-5ef052864531,Role 4,2012-03-20 00:31:33.139404,65,1,res_9fca8b8c-d456-45a0-a40b-5ef052864531,2012-03-19 23:10:53.827042,0.3333333333333333
Case25,Turning Q.C.,res_6e49ca22-8e95-46c6-ba41-96bd0ccc84aa,Role 3,2012-03-20 00:33:15.617911,65,0,res_6e49ca22-8e95-46c6-ba41-96bd0ccc84aa,2012-03-19 23:16:30.930789,0.25
Case28,Turning & Milling,res_8cb1380f-3283-45ca-9301-fb888ff96bc6,Role 1,2012-03-20 00:46:08.267338,65,5,res_8cb1380f-3283-45ca-9301-fb888ff96bc6,2012-03-19 23:03:01.559621,0.2857142857142857
Case26,Turning & Milling,res_21c3dd96-4307-4403-9ef9-fb53bde77489,Role 1,2012-03-20 00:53:50.105525,65,6,res_21c3dd96-4307-4403-9ef9-fb53bde77489,2012-03-19 23:08:43.558209,0.35714285714285715
Case22,Turning & Milling,res_b1d5f4c3-00bf-4765-a700-70d91347535a,Role 1,2012-03-20 01:02:43.451409,65,4,res_b1d5f4c3-00bf-4765-a700-70d91347535a,2012-03-19 22:39:00.359183,0.21428571428571427
Case19,Laser Marking,res_481e7f0e-70f9-45c8-a108-d019c45c6dc8,Role 5,2012-03-20 01:19:41.763210,65,0,res_481e7f0e-70f9-45c8-a108-d019c45c6dc8,2012-03-19 23:42:38.596615,0.5
Case29,Turn & Mill. & Screw Assem,res_b8c51f92-dc35-4f20-a821-fdb164b8ae09,Role 1,2012-03-20 01:51:09.170165,65,0,res_b8c51f92-dc35-4f20-a821-fdb164b8ae09,2012-03-19 23:46:01.942711,0.35714285714285715
Case16,Turning & Milling,res_91e33ec1-21d0-4cda-9be0-aa406ffd80dd,Role 1,2012-03-20 01:59:56.715486,66,6,res_91e33ec1-21d0-4cda-9be0-aa406ffd80dd,2012-03-20 00:18:53.275700,0.35714285714285715
Case24,Turning & Milling,res_91e33ec1-21d0-4cda-9be0-aa406ffd80dd,Role 1,2012-03-20 02:10:20.650931,66,7,res_91e33ec1-21d0-4cda-9be0-aa406ffd80dd,2012-03-20 00:22:21.174310,0.42857142857142855
Case15,Turning & Milling Q.C.,res_ddb830ac-2ecc-4df4-b4ed-ea1882e6898f,Role 3,2012-03-20 02:11:08.486218,66,0,res_ddb830ac-2ecc-4df4-b4ed-ea1882e6898f,2012-03-20 00:42:23.908431,0.25
Case20,Round Grinding,res_253d6c8e-9ddf-455a-8186-a5848e211349,Role 2,2012-03-20 02:11:59.101373,66,1,res_253d6c8e-9ddf-455a-8186-a5848e211349,2012-03-20 00:21:10.153138,0.0
Case27,Turning Q.C.,res_7c021aac-0c7c-413b-b6c5-c4b22bb8e25d,Role 3,2012-03-20 02:20:45.865354,66,1,res_7c021aac-0c7c-413b-b6c5-c4b22bb8e25d,2012-03-20 01:04:59.201219,0.5
Case22,Lapping,res_481e7f0e-70f9-45c8-a108-d019c45c6dc8,Role 5,2012-03-20 02:49:52.674584,66,0,res_481e7f0e-70f9-45c8-a108-d019c45c6dc8,2012-03-20 01:18:43.117287,0.5
Case31,Turning Q.C.,res_7c021aac-0c7c-413b-b6c5-c4b22bb8e25d,Role 3,2012-03-20 02:51:35.108338,66,1,res_7c021aac-0c7c-413b-b6c5-c4b22bb8e25d,2012-03-20 00:09:18.200000,0.25
Case28,Turning & Milling,res_b8c51f92-dc35-4f20-a821-fdb164b8ae09,Role 1,2012-03-20 03:10:31.127406,66,4,res_b8c51f92-dc35-4f20-a821-fdb164b8ae09,2012-03-20 01:06:19.892138,0.21428571428571427
Case19,Laser Marking,res_970190d3-3a79-4c78-b10a-39f512b462ce,Role 5,2012-03-20 03:14:02.951054,66,0,res_970190d3-3a79-4c78-b10a-39f512b462ce,2012-03-20 01:37:55.685679,0.5
Case23,Turning & Milling Q.C.,res_bd155153-318b-4dd7-bf49-22961fc0151a,Role 3,2012-03-20 03:17:36.118454,66,1,res_bd155153-318b-4dd7-bf49-22961fc0151a,2012-03-20 02:00:30.410151,0.75
Case26,Turning & Milling Q.C.,res_bd155153-318b-4dd7-bf49-22961fc0151a,Role 3,2012-03-20 03:35:24.197315,66,1,res_bd155153-318b-4dd7-bf49-22961fc0151a,2012-03-20 02:15:39.423647,0.75
Case29,Turn & Mill. & Screw Assem,res_b1d5f4c3-00bf-4765-a700-70d91347535a,Role 1,2012-03-20 04:30:56.057764,66,0,res_b1d5f4c3-00bf-4765-a700-70d91347535a,2012-03-20 02:21:26.342567,0.07142857142857142
Case24,Turning & Milling,res_cd26d55b-75b0-412a-86ea-2fca26cb910a,Role 1,2012-03-20 04:32:24.093075,66,3,res_cd26d55b-75b0-412a-86ea-2fca26cb910a,2012-03-20 02:29:10.407291,0.14285714285714285
Case22,Lapping,res_481e7f0e-70f9-45c8-a108-d019c45c6dc8,Role 5,2012-03-20 04:44:07.327107,66,0,res_481e7f0e-70f9-45c8-a108-d019c45c6dc8,2012-03-20 03:13:20.957625,0.5
Case28,Laser Marking,res_481e7f0e-70f9-45c8-a108-d019c45c6dc8,Role 5,2012-03-20 05:00:05.168932,66,1,res_481e7f0e-70f9-45c8-a108-d019c45c6dc8,2012-03-20 03:36:15.607772,1.0
Case16,Turning & Milling,res_6fdaacf3-65f3-4c57-8562-fa8554311cd6,Role 1,2012-03-20 05:10:36.712220,66,4,res_6fdaacf3-65f3-4c57-8562-fa8554311cd6,2012-03-20 02:51:54.496447,0.21428571428571427
Case19,Laser Marking,res_481e7f0e-70f9-45c8-a108-d019c45c6dc8,Role 5,2012-03-20 05:12:05.923542,66,0,res_481e7f0e-70f9-45c8-a108-d019c45c6dc8,2012-03-20 03:31:43.034500,0.5
Case30,Turning & Milling Q.C.,res_6e49ca22-8e95-46c6-ba41-96bd0ccc84aa,Role 3,2012-03-20 05:58:59.311050,66,0,res_6e49ca22-8e95-46c6-ba41-96bd0ccc84aa,2012-03-20 03:55:25.548880,0.0
Case31,Turning,res_ca82a60e-8937-48b6-ba6f-8a60052f9f60,Role 1,2012-03-20 06:21:07.151372,66,0,res_ca82a60e-8937-48b6-ba6f-8a60052f9f60,2012-03-20 04:13:23.143529,0.21428571428571427
Case22,Lapping,res_481e7f0e-70f9-45c8-a108-d019c45c6dc8,Role 5,2012-03-20 06:39:28.966098,66,0,res_481e7f0e-70f9-45c8-a108-d019c45c6dc8,2012-03-20 05:09:10.277822,0.5
Case28,Flat Grinding,res_970190d3-3a79-4c78-b10a-39f512b462ce,Role 5,2012-03-20 06:53:54.648180,66,0,res_970190d3-3a79-4c78-b10a-39f512b462ce,2012-03-20 05:30:51.902677,0.5
Case24,Turning & Milling,res_c558a0d1-e1e0-48b2-8249-7aa241822a52,Role 1,2012-03-20 07:00:30.531872,66,3,res_c558a0d1-e1e0-48b2-8249-7aa241822a52,2012-03-20 04:53:44.577758,0.14285714285714285
Case29,Turning & Milling,res_c558a0d1-e1e0-48b2-8249-7aa241822a52,Role 1,2012-03-20 07:06:38.118028,66,4,res_c558a0d1-e1e0-48b2-8249-7aa241822a52,2012-03-20 04:58:22.825842,0.21428571428571427
Case14,Laser Marking,res_970190d3-3a79-4c78-b10a-39f512b462ce,Role 5,2012-03-20 07:12:57.742679,66,0,res_970190d3-3a79-4c78-b10a-39f512b462ce,2012-03-20 05:43:52.056029,1.0
Case16,Laser Marking,res_481e7f0e-70f9-45c8-a108-d019c45c6dc8,Role 5,2012-03-20 07:18:04.502817,66,1,res_481e7f0e-70f9-45c8-a108-d019c45c6dc8,2012-03-20 05:43:58.793247,1.0
Case26,Turning & Milling,res_91e33ec1-21d0-4cda-9be0-aa406ffd80dd,Role 1,2012-03-20 07:24:25.084565,66,4,res_91e33ec1-21d0-4cda-9be0-aa406ffd80dd,2012-03-20 05:41:24.793869,0.21428571428571427
Case19,Round Grinding,res_98ea462c-2a59-4a78-a9f5-7c60586e41e2,Role 2,2012-03-20 07:33:12.114614,66,1,res_98ea462c-2a59-4a78-a9f5-7c60586e41e2,2012-03-20 05:31:07.259593,0.0
Case25,Turning,res_5feb0975-ac69-46e4-b52b-f141adee2051,Role 1,2012-03-20 08:06:27.203345,66,1,res_5feb0975-ac69-46e4-b52b-f141adee2051,2012-03-20 06:18:33.817600,0.35714285714285715
Case30,Turning & Milling,res_ca82a60e-8937-48b6-ba6f-8a60052f9f60,Role 1,2012-03-20 08:16:35.230366,66,5,res_ca82a60e-8937-48b6-ba6f-8a60052f9f60,2012-03-20 06:12:35.258288,0.2857142857142857
Case22,Lapping,res_970190d3-3a79-4c78-b10a-39f512b462ce,Role 5,2012-03-20 08:27:32.367247,66,0,res_970190d3-3a79-4c78-b10a-39f512b462ce,2012-03-20 07:05:56.246345,1.0
Case24,Turning & Milling,res_5feb0975-ac69-46e4-b52b-f141adee2051,Role 1,2012-03-20 09:26:38.221111,66,4,res_5feb0975-ac69-46e4-b52b-f141adee2051,2012-03-20 07:19:06.841707,0.21428571428571427
Case16,Flat Grinding,res_481e7f0e-70f9-45c8-a108-d019c45c6dc8,Role 5,2012-03-20 09:32:55.407224,67,0,res_481e7f0e-70f9-45c8-a108-d019c45c6dc8,2012-03-20 08:14:12.957320,0.5
Case31,Turning Q.C.,res_7c021aac-0c7c-413b-b6c5-c4b22bb8e25d,Role 3,2012-03-20 09:36:16.214051,67,0,res_7c021aac-0c7c-413b-b6c5-c4b22bb8e25d,2012-03-20 07:55:24.110884,0.0
Case26,Turning & Milling,res_8cb1380f-3283-45ca-9301-fb888ff96bc6,Role 1,2012-03-20 09:40:54.197308,67,4,res_8cb1380f-3283-45ca-9301-fb888ff96bc6,2012-03-20 07:50:44.351871,0.2857142857142857
Case28,Flat Grinding,res_481e7f0e-70f9-45c8-a108-d019c45c6dc8,Role 5,2012-03-20 09:42:35.150841,67,1,res_481e7f0e-70f9-45c8-a108-d019c45c6dc8,2012-03-20 08:22:39.383414,1.0
Case20,Packing,res_d9179efc-13a0-4f64-95b5-cdad486a0c45,Role 4,2012-03-20 09:44:02.781303,67,0,res_d9179efc-13a0-4f64-95b5-cdad486a0c45,2012-03-20 08:23:34.433545,0.0
Case32,Turn & Mill. & Screw Assem,res_ca82a60e-8937-48b6-ba6f-8a60052f9f60,Role 1,2012-03-20 10:18:55.454220,67,0,res_ca82a60e-8937-48b6-ba6f-8a60052f9f60,2012-03-20 07:33:42.200000,0.21428571428571427
Case6,Round Grinding,res_98ea462c-2a59-4a78-a9f5-7c60586e41e2,Role 2,2012-03-20 10:23:45.803884,67,2,res_98ea462c-2a59-4a78-a9f5-7c60586e41e2,2012-03-20 08:57:53.315684,0.125
Case12,Final Inspection Q.C.,res_bd155153-318b-4dd7-bf49-22961fc0151a,Role 3,2012-03-20 10:36:24.820725,67,1,res_bd155153-318b-4dd7-bf49-22961fc0151a,2012-03-20 09:18:31.551342,0.25
Case30,Turning & Milling Q.C.,res_ddb830ac-2ecc-4df4-b4ed-ea1882e6898f,Role 3,2012-03-20 10:40:22.112616,67,0,res_ddb830ac-2ecc-4df4-b4ed-ea1882e6898f,2012-03-20 09:21:06.627871,0.5
Case22,Round Grinding,res_877906e5-4add-4603-aa1f-b6542907de34,Role 2,2012-03-20 10:44:10.261933,67,1,res_877906e5-4add-4603-aa1f-b6542907de34,2012-03-20 08:51:02.934244,0.0
Case29,Turning & Milling Q.C.,res_bd155153-318b-4dd7-bf49-22961fc0151a,Role 3,2012-03-20 10:47:54.196719,67,1,res_bd155153-318b-4dd7-bf49-22961fc0151a,2012-03-20 09:27:54.859812,0.75
Case14,Laser Marking,res_481e7f0e-70f9-45c8-a108-d019c45c6dc8,Role 5,2012-03-20 11:06:24.675115,67,0,res_481e7f0e-70f9-45c8-a108-d019c45c6dc8,2012-03-20 09:37:28.148607,0.5
Case18,Flat Grinding,res_970190d3-3a79-4c78-b10a-39f512b462ce,Role 5,2012-03-20 11:18:41.165633,67,0,res_970190d3-3a79-4c78-b10a-39f512b462ce,2012-03-20 09:58:28.162416,0.5
Case26,Laser Marking,res_481e7f0e-70f9-45c8-a108-d019c45c6dc8,Role 5,2012-03-20 11:28:16.987559,67,1,res_481e7f0e-70f9-45c8-a108-d019c45c6dc8,2012-03-20 10:07:34.650719,1.0
Case24,Turning & Milling,res_7b28db0b-0b67-4a7f-888f-fbb3b32955e4,Role 1,2012-03-20 11:57:54.733522,67,2,res_7b28db0b-0b67-4a7f-888f-fbb3b32955e4,2012-03-20 09:43:55.600947,0.07142857142857142
Case28,Round Grinding,res_98ea462c-2a59-4a78-a9f5-7c60586e41e2,Role 2,2012-03-20 11:58:45.742431,67,2,res_98ea462c-2a59-4a78-a9f5-7c60586e41e2,2012-03-20 10:30:02.809943,0.125
Case9,Packing,res_98504fcc-d2d4-4790-a68d-69e64c661e03,Role 4,2012-03-20 12:06:03.991550,67,0,res_98504fcc-d2d4-4790-a68d-69e64c661e03,2012-03-20 10:47:17.075444,0.0
Case13,Packing,res_9fca8b8c-d456-45a0-a40b-5ef052864531,Role 4,2012-03-20 12:12:30.886045,67,1,res_9fca8b8c-d456-45a0-a40b-5ef052864531,2012-03-20 10:56:38.745333,0.3333333333333333
Case10,Flat Grinding,res_481e7f0e-70f9-45c8-a108-d019c45c6dc8,Role 5,2012-03-20 12:48:22.497708,67,0,res_481e7f0e-70f9-45c8-a108-d019c45c6dc8,2012-03-20 11:30:43.822393,0.0
Case32,Turning & Milling Q.C.,res_6e49ca22-8e95-46c6-ba41-96bd0ccc84aa,Role 3,2012-03-20 13:06:29.997215,67,0,res_6e49ca22-8e95-46c6-ba41-96bd0ccc84aa,2012-03-20 11:17:42.421203,0.0
Case14,Round Grinding,res_b46b28ce-a57d-4731-88dd-43ba40d2971f,Role 2,2012-03-20 13:09:08.667532,67,2,res_b46b28ce-a57d-4731-88dd-43ba40d2971f,2012-03-20 11:42:53.985820,0.125
Case26,Flat Grinding,res_481e7f0e-70f9-45c8-a108-d019c45c6dc8,Role 5,2012-03-20 13:19:56.210507,67,1,res_481e7f0e-70f9-45c8-a108-d019c45c6dc8,2012-03-20 11:59:33.519747,0.5
Case30,Laser Marking,res_970190d3-3a79-4c78-b10a-39f512b462ce,Role 5,2012-03-20 13:24:00.039736,67,0,res_970190d3-3a79-4c78-b10a-39f512b462ce,2012-03-20 12:04:27.140712,1.0
Case19,Packing,res_98504fcc-d2d4-4790-a68d-69e64c661e03,Role 4,2012-03-20 13:39:07.013171,67,0,res_98504fcc-d2d4-4790-a68d-69e64c661e03,2012-03-20 12:19:06.014178,0.0
Case16,Flat Grinding,res_481e7f0e-70f9-45c8-a108-d019c45c6dc8,Role 5,2012-03-20 13:43:16.421130,67,2,res_481e7f0e-70f9-45c8-a108-d019c45c6dc8,2012-03-20 12:23:41.905608,1.0
Case28,Round Grinding,res_98ea462c-2a59-4a78-a9f5-7c60586e41e2,Role 2,2012-03-20 13:50:49.258569,67,3,res_98ea462c-2a59-4a78-a9f5-7c60586e41e2,2012-03-20 12:27:06.874168,0.25
Case29,Laser Marking,res_481e7f0e-70f9-45c8-a108-d019c45c6dc8,Role 5,2012-03-20 14:10:53.604766,67,1,res_481e7f0e-70f9-45c8-a108-d019c45c6dc8,2012-03-20 12:50:32.818125,1.0
Case24,Round Grinding,res_b46b28ce-a57d-4731-88dd-43ba40d2971f,Role 2,2012-03-20 14:15:44.153423,67,2,res_b46b28ce-a57d-4731-88dd-43ba40d2971f,2012-03-20 12:16:19.693621,0.125
Case11,Packing,res_98504fcc-d2d4-4790-a68d-69e64c661e03,Role 4,2012-03-20 14:51:37.609052,67,1,res_98504fcc-d2d4-4790-a68d-69e64c661e03,2012-03-20 13:32:12.270697,0.3333333333333333
Case22,Packing,res_98504fcc-d2d4-4790-a68d-69e64c661e03,Role 4,2012-03-20 14:52:06.026508,67,2,res_98504fcc-d2d4-4790-a68d-69e64c661e03,2012-03-20 13:32:53.906386,0.6666666666666666
Case32,Turning & Milling,res_ca82a60e-8937-48b6-ba6f-8a60052f9f60,Role 1,2012-03-20 15:04:36.950959,67,2,res_ca82a60e-8937-48b6-ba6f-8a60052f9f60,2012-03-20 13:16:48.299290,0.0
Case26,Laser Marking,res_970190d3-3a79-4c78-b10a-39f512b462ce,Role 5,2012-03-20 15:06:31.907899,67,1,res_970190d3-3a79-4c78-b10a-39f512b462ce,2012-03-20 13:46:10.270476,0.5
Case30,Lapping,res_970190d3-3a79-4c78-b10a-39f512b462ce,Role 5,2012-03-20 15:27:52.943461,67,0,res_970190d3-3a79-4c78-b10a-39f512b462ce,2012-03-20 14:09:09.051854,1.0
Case16,Round Grinding,res_877906e5-4add-4603-aa1f-b6542907de34,Role 2,2012-03-20 15:51:55.072088,67,1,res_877906e5-4add-4603-aa1f-b6542907de34,2012-03-20 14:30:33.342416,0.0
Case28,Packing,res_98504fcc-d2d4-4790-a68d-69e64c661e03,Role 4,2012-03-20 15:52:46.518455,67,2,res_98504fcc-d2d4-4790-a68d-69e64c661e03,2012-03-20 14:35:18.034972,0.6666666666666666
Case8,Packing,res_d9179efc-13a0-4f64-95b5-cdad486a0c45,Role 4,2012-03-20 16:03:34.688767,68,3,res_d9179efc-13a0-4f64-95b5-cdad486a0c45,2012-03-20 14:48:47.294649,1.0
Case24,Round Grinding,res_9ba95fb9-0eee-40ef-ac4b-dccab0115869,Role 2,2012-03-20 16:21:09.425308,67,2,res_9ba95fb9-0eee-40ef-ac4b-dccab0115869,2012-03-20 14:38:17.064108,0.125
Case26,Laser Marking,res_481e7f0e-70f9-45c8-a108-d019c45c6dc8,Role 5,2012-03-20 16:42:49.756275,68,0,res_481e7f0e-70f9-45c8-a108-d019c45c6dc8,2012-03-20 15:27:04.653188,0.5
Case14,Packing,res_98504fcc-d2d4-4790-a68d-69e64c661e03,Role 4,2012-03-20 16:53:16.025167,68,2,res_98504fcc-d2d4-4790-a68d-69e64c661e03,2012-03-20 15:34:13.419194,0.6666666666666666
Case29,Flat Grinding,res_970190d3-3a79-4c78-b10a-39f512b462ce,Role 5,2012-03-20 16:54:08.658521,68,0,res_970190d3-3a79-4c78-b10a-39f512b462ce,2012-03-20 15:34:56.905553,0.5
Case32,Turning & Milling,res_ca82a60e-8937-48b6-ba6f-8a60052f9f60,Role 1,2012-03-20 17:08:34.149800,68,2,res_ca82a60e-8937-48b6-ba6f-8a60052f9f60,2012-03-20 15:19:10.625089,0.07142857142857142
Case30,Lapping,res_970190d3-3a79-4c78-b10a-39f512b462ce,Role 5,2012-03-20 17:13:21.051242,68,0,res_970190d3-3a79-4c78-b10a-39f512b462ce,2012-03-20 15:57:29.145003,1.0
Case21,Stress Relief,res_c558a0d1-e1e0-48b2-8249-7aa241822a52,Role 1,2012-03-20 17:16:30.712168,68,0,res_c558a0d1-e1e0-48b2-8249-7aa241822a52,2012-03-20 15:56:02.861792,0.14285714285714285
Case33,Turn & Mill. & Screw Assem,res_b8c51f92-dc35-4f20-a821-fdb164b8ae09,Role 1,2012-03-20 17:20:37.509551,68,0,res_b8c51f92-dc35-4f20-a821-fdb164b8ae09,2012-03-20 14:38:54.800000,0.07142857142857142
Case16,Round Grinding,res_b46b28ce-a57d-4731-88dd-43ba40d2971f,Role 2,2012-03-20 17:37:26.743552,67,2,res_b46b28ce-a57d-4731-88dd-43ba40d2971f,2012-03-20 16:17:48.136529,0.125
Case24,Round Grinding,res_98ea462c-2a59-4a78-a9f5-7c60586e41e2,Role 2,2012-03-20 18:12:28.524219,67,2,res_98ea462c-2a59-4a78-a9f5-7c60586e41e2,2012-03-20 16:43:18.307741,0.125
Case25,Stress Relief,res_c558a0d1-e1e0-48b2-8249-7aa241822a52,Role 1,2012-03-20 18:15:25.498812,67,1,res_c558a0d1-e1e0-48b2-8249-7aa241822a52,2012-03-20 17:01:01.215155,0.21428571428571427
Case26,Laser Marking,res_481e7f0e-70f9-45c8-a108-d019c45c6dc8,Role 5,2012-03-20 18:16:54.540056,67,0,res_481e7f0e-70f9-45c8-a108-d019c45c6dc8,2012-03-20 17:02:01.809307,0.5
Case23,Turning & Milling Q.C.,res_bd155153-318b-4dd7-bf49-22961fc0151a,Role 3,2012-03-20 18:21:46.746576,67,0,res_bd155153-318b-4dd7-bf49-22961fc0151a,2012-03-20 17:06:36.019122,0.0
Case28,Final Inspection Q.C.,res_6e49ca22-8e95-46c6-ba41-96bd0ccc84aa,Role 3,2012-03-20 18:26:31.380998,67,1,res_6e49ca22-8e95-46c6-ba41-96bd0ccc84aa,2012-03-20 17:11:04.217412,0.25
Case29,Round Grinding,res_4344ee96-c738-4415-bbd5-77afd074bc62,Role 2,2012-03-20 18:48:07.894708,67,3,res_4344ee96-c738-4415-bbd5-77afd074bc62,2012-03-20 17:31:27.904977,0.25
Case30,Round Grinding,res_773e95d4-46b3-4dd6-a89b-3152bc9d794c,Role 2,2012-03-20 18:48:13.573903,67,4,res_773e95d4-46b3-4dd6-a89b-3152bc9d794c,2012-03-20 17:34:20.708581,0.375
Case17,Turning & Milling Q.C.,res_bd155153-318b-4dd7-bf49-22961fc0151a,Role 3,2012-03-20 19:23:10.933028,67,1,res_bd155153-318b-4dd7-bf49-22961fc0151a,2012-03-20 18:03:42.780156,0.5
Case32,Turning & Milling,res_cd26d55b-75b0-412a-86ea-2fca26cb910a,Role 1,2012-03-20 19:24:43.793553,67,2,res_cd26d55b-75b0-412a-86ea-2fca26cb910a,2012-03-20 17:25:15.211956,0.07142857142857142
Case33,Turn & Mill. & Screw Assem,res_21c3dd96-4307-4403-9ef9-fb53bde77489,Role 1,2012-03-20 19:36:16.152604,67,0,res_21c3dd96-4307-4403-9ef9-fb53bde77489,2012-03-20 17:37:56.968074,0.14285714285714285
Case10,Round Grinding,res_877906e5-4add-4603-aa1f-b6542907de34,Role 2,2012-03-20 19:36:54.575467,67,3,res_877906e5-4add-4603-aa1f-b6542907de34,2012-03-20 18:16:48.834307,0.25
Case16,Packing,res_d9179efc-13a0-4f64-95b5-cdad486a0c45,Role 4,2012-03-20 19:48:46.177609,67,0,res_d9179efc-13a0-4f64-95b5-cdad486a0c45,2012-03-20 18:33:53.883965,0.0
Case24,Final Inspection Q.C.,res_ddb830ac-2ecc-4df4-b4ed-ea1882e6898f,Role 3,2012-03-20 19:51:31.860537,67,1,res_ddb830ac-2ecc-4df4-b4ed-ea1882e6898f,2012-03-20 18:35:59.779952,0.25
Case26,Laser Marking,res_481e7f0e-70f9-45c8-a108-d019c45c6dc8,Role 5,2012-03-20 19:53:36.376647,67,0,res_481e7f0e-70f9-45c8-a108-d019c45c6dc8,2012-03-20 18:36:13.702627,0.0
Case31,Turning Q.C.,res_7c021aac-0c7c-413b-b6c5-c4b22bb8e25d,Role 3,2012-03-20 20:17:22.303773,67,0,res_7c021aac-0c7c-413b-b6c5-c4b22bb8e25d,2012-03-20 19:00:44.165341,0.5
Case30,Round Grinding,res_4344ee96-c738-4415-bbd5-77afd074bc62,Role 2,2012-03-20 20:24:10.212232,67,2,res_4344ee96-c738-4415-bbd5-77afd074bc62,2012-03-20 19:09:23.425899,0.125
Case29,Final Inspection Q.C.,res_bd155153-318b-4dd7-bf49-22961fc0151a,Role 3,2012-03-20 20:28:25.623399,67,2,res_bd155153-318b-4dd7-bf49-22961fc0151a,2012-03-20 19:14:53.290322,0.75
Case28,Final Inspection Q.C.,res_ddb830ac-2ecc-4df4-b4ed-ea1882e6898f,Role 3,2012-03-20 20:51:14.822458,67,3,res_ddb830ac-2ecc-4df4-b4ed-ea1882e6898f,2012-03-20 19:37:45.157006,0.75
Case32,Round Grinding,res_b46b28ce-a57d-4731-88dd-43ba40d2971f,Role 2,2012-03-20 21:10:05.526294,67,2,res_b46b28ce-a57d-4731-88dd-43ba40d2971f,2012-03-20 19:44:34.270186,0.125
Case26,Round Grinding,res_773e95d4-46b3-4dd6-a89b-3152bc9d794c,Role 2,2012-03-20 21:33:26.130209,67,3,res_773e95d4-46b3-4dd6-a89b-3152bc9d794c,2012-03-20 20:15:04.149921,0.25
Case22,Final Inspection Q.C.,res_ddb830ac-2ecc-4df4-b4ed-ea1882e6898f,Role 3,2012-03-20 21:34:31.835579,67,3,res_ddb830ac-2ecc-4df4-b4ed-ea1882e6898f,2012-03-20 20:16:26.648889,0.75
Case33,Turn & Mill. & Screw Assem,res_b1d5f4c3-00bf-4765-a700-70d91347535a,Role 1,2012-03-20 21:42:40.897069,67,0,res_b1d5f4c3-00bf-4765-a700-70d91347535a,2012-03-20 19:42:49.455712,0.0
Case30,Round Grinding,res_b46b28ce-a57d-4731-88dd-43ba40d2971f,Role 2,2012-03-20 22:02:16.708565,67,3,res_b46b28ce-a57d-4731-88dd-43ba40d2971f,2012-03-20 20:45:22.075279,0.25
Case16,Final Inspection Q.C.,res_6e49ca22-8e95-46c6-ba41-96bd0ccc84aa,Role 3,2012-03-20 22:10:51.383318,67,2,res_6e49ca22-8e95-46c6-ba41-96bd0ccc84aa,2012-03-20 20:56:13.755144,0.25
Case10,Round Grinding,res_b46b28ce-a57d-4731-88dd-43ba40d2971f,Role 2,2012-03-20 22:17:37.659917,67,4,res_b46b28ce-a57d-4731-88dd-43ba40d2971f,2012-03-20 20:54:20.806977,0.375
Case32,Final Inspection Q.C.,res_ddb830ac-2ecc-4df4-b4ed-ea1882e6898f,Role 3,2012-03-20 22:56:42.212844,66,2,res_ddb830ac-2ecc-4df4-b4ed-ea1882e6898f,2012-03-20 21:40:52.611618,0.25
Case15,Turning & Milling,res_5feb0975-ac69-46e4-b52b-f141adee2051,Role 1,2012-03-20 23:01:46.979753,67,2,res_5feb0975-ac69-46e4-b52b-f141adee2051,2012-03-20 21:04:09.855124,0.07142857142857142
Case27,Stress Relief,res_7b28db0b-0b67-4a7f-888f-fbb3b32955e4,Role 1,2012-03-20 23:19:29.890034,66,0,res_7b28db0b-0b67-4a7f-888f-fbb3b32955e4,2012-03-20 21:53:11.687818,0.07142857142857142
Case26,Round Grinding,res_877906e5-4add-4603-aa1f-b6542907de34,Role 2,2012-03-20 23:20:08.680104,66,3,res_877906e5-4add-4603-aa1f-b6542907de34,2012-03-20 21:55:18.854230,0.25
Case28,Final Inspection Q.C.,res_ddb830ac-2ecc-4df4-b4ed-ea1882e6898f,Role 3,2012-03-20 23:22:35.645054,66,2,res_ddb830ac-2ecc-4df4-b4ed-ea1882e6898f,2012-03-20 22:13:07.972642,0.25
Case14,Final Inspection Q.C.,res_6e49ca22-8e95-46c6-ba41-96bd0ccc84aa,Role 3,2012-03-20 23:33:49.401408,66,3,res_6e49ca22-8e95-46c6-ba41-96bd0ccc84aa,2012-03-20 22:15:52.452950,0.5
Case20,Final Inspection Q.C.,res_ddb830ac-2ecc-4df4-b4ed-ea1882e6898f,Role 3,2012-03-20 23:41:32.942818,66,4,res_ddb830ac-2ecc-4df4-b4ed-ea1882e6898f,2012-03-20 22:23:35.133261,0.75
Case33,Turn & Mill. & Screw Assem,res_8cb1380f-3283-45ca-9301-fb888ff96bc6,Role 1,2012-03-21 00:11:00.840137,66,0,res_8cb1380f-3283-45ca-9301-fb888ff96bc6,2012-03-20 22:09:04.719991,0.14285714285714285
Case10,Round Grinding,res_3921b31a-d839-4fff-8fe0-87d71eef8ea1,Role 2,2012-03-21 00:39:52.620413,66,2,res_3921b31a-d839-4fff-8fe0-87d71eef8ea1,2012-03-20 22:58:55.851116,0.125
Case6,Packing,res_9fca8b8c-d456-45a0-a40b-5ef052864531,Role 4,2012-03-21 01:19:46.146500,63,0,res_9fca8b8c-d456-45a0-a40b-5ef052864531,2012-03-21 00:01:03.101947,0.0
Case26,Round Grinding,res_4344ee96-c738-4415-bbd5-77afd074bc62,Role 2,2012-03-21 01:30:34.897557,63,2,res_4344ee96-c738-4415-bbd5-77afd074bc62,2012-03-20 23:44:43.891266,0.125
Case24,Packing,res_d9179efc-13a0-4f64-95b5-cdad486a0c45,Role 4,2012-03-21 02:14:33.203594,63,1,res_d9179efc-13a0-4f64-95b5-cdad486a0c45,2012-03-21 00:59:49.929672,0.3333333333333333
Case16,Final Inspection Q.C.,res_bd155153-318b-4dd7-bf49-22961fc0151a,Role 3,2012-03-21 02:19:30.998792,63,2,res_bd155153-318b-4dd7-bf49-22961fc0151a,2012-03-21 01:03:32.596649,0.25
Case12,Packing,res_9fca8b8c-d456-45a0-a40b-5ef052864531,Role 4,2012-03-21 02:22:13.932908,63,2,res_9fca8b8c-d456-45a0-a40b-5ef052864531,2012-03-21 01:03:23.029261,0.6666666666666666
Case30,Packing,res_d9179efc-13a0-4f64-95b5-cdad486a0c45,Role 4,2012-03-21 02:26:21.945444,63,3,res_d9179efc-13a0-4f64-95b5-cdad486a0c45,2012-03-21 01:11:59.781980,1.0
Case18,Flat Grinding,res_481e7f0e-70f9-45c8-a108-d019c45c6dc8,Role 5,2012-03-21 02:26:50.326421,63,0,res_481e7f0e-70f9-45c8-a108-d019c45c6dc8,2012-03-21 00:39:22.212666,0.0
Case19,Final Inspection Q.C.,res_7c021aac-0c7c-413b-b6c5-c4b22bb8e25d,Role 3,2012-03-21 02:29:58.884154,63,1,res_7c021aac-0c7c-413b-b6c5-c4b22bb8e25d,2012-03-21 00:43:22.196486,0.0
Case13,Packing,res_9fca8b8c-d456-45a0-a40b-5ef052864531,Role 4,2012-03-21 02:54:24.475572,63,3,res_9fca8b8c-d456-45a0-a40b-5ef052864531,2012-03-21 01:41:14.682230,1.0
Case29,Packing,res_98504fcc-d2d4-4790-a68d-69e64c661e03,Role 4,2012-03-21 03:03:44.334183,63,4,res_98504fcc-d2d4-4790-a68d-69e64c661e03,2012-03-21 01:50:53.598036,1.0
Case9,Packing,res_d9179efc-13a0-4f64-95b5-cdad486a0c45,Role 4,2012-03-21 03:19:53.783610,63,5,res_d9179efc-13a0-4f64-95b5-cdad486a0c45,2012-03-21 02:03:43.887796,1.0
Case25,Stress Relief,res_27ca3533-c755-4d80-931a-9e50f7c7a425,Role 1,2012-03-21 03:24:49.848090,63,0,res_27ca3533-c755-4d80-931a-9e50f7c7a425,2012-03-21 01:36:29.653076,0.0
Case26,Packing,res_9fca8b8c-d456-45a0-a40b-5ef052864531,Role 4,2012-03-21 04:23:55.826620,62,1,res_9fca8b8c-d456-45a0-a40b-5ef052864531,2012-03-21 03:06:01.696815,0.3333333333333333
Case11,Packing,res_98504fcc-d2d4-4790-a68d-69e64c661e03,Role 4,2012-03-21 05:17:11.962910,63,1,res_98504fcc-d2d4-4790-a68d-69e64c661e03,2012-03-21 04:00:23.386939,0.3333333333333333
Case34,Turning Q.C.,res_7c021aac-0c7c-413b-b6c5-c4b22bb8e25d,Role 3,2012-03-21 06:34:01.256127,63,0,res_7c021aac-0c7c-413b-b6c5-c4b22bb8e25d,2012-03-21 03:46:42.800000,0.0
Case10,Packing,res_98504fcc-d2d4-4790-a68d-69e64c661e03,Role 4,2012-03-21 06:51:34.291147,63,0,res_98504fcc-d2d4-4790-a68d-69e64c661e03,2012-03-21 05:31:16.947488,0.0
Case21,Stress Relief,res_ca82a60e-8937-48b6-ba6f-8a60052f9f60,Role 1,2012-03-21 08:38:29.317269,63,0,res_ca82a60e-8937-48b6-ba6f-8a60052f9f60,2012-03-21 06:36:47.070471,0.0
Case33,Turning & Milling Q.C.,res_bd155153-318b-4dd7-bf49-22961fc0151a,Role 3,2012-03-21 09:35:49.091767,64,0,res_bd155153-318b-4dd7-bf49-22961fc0151a,2012-03-21 07:58:22.087205,0.0
Case17,Turning & Milling,res_4e4e5bb8-c0ac-4ff6-a1db-4ed3c20041c7,Role 1,2012-03-21 10:24:37.209974,64,2,res_4e4e5bb8-c0ac-4ff6-a1db-4ed3c20041c7,2012-03-21 08:20:26.365581,0.07142857142857142
Case23,Flat Grinding,res_481e7f0e-70f9-45c8-a108-d019c45c6dc8,Role 5,2012-03-21 10:29:05.322062,64,0,res_481e7f0e-70f9-45c8-a108-d019c45c6dc8,2012-03-21 09:13:43.501492,0.0
Case35,Grinding Rework,res_98ea462c-2a59-4a78-a9f5-7c60586e41e2,Role 2,2012-03-21 10:33:09.692046,64,0,res_98ea462c-2a59-4a78-a9f5-7c60586e41e2,2012-03-21 07:48:06.200000,0.0
Case31,Turning Q.C.,res_bd155153-318b-4dd7-bf49-22961fc0151a,Role 3,2012-03-21 11:49:56.634033,64,0,res_bd155153-318b-4dd7-bf49-22961fc0151a,2012-03-21 10:28:46.178762,0.0
Case34,Turning,res_cd26d55b-75b0-412a-86ea-2fca26cb910a,Role 1,2012-03-21 11:54:30.209162,64,0,res_cd26d55b-75b0-412a-86ea-2fca26cb910a,2012-03-21 09:50:01.705215,0.07142857142857142
Case15,Turning & Milling Q.C.,res_ddb830ac-2ecc-4df4-b4ed-ea1882e6898f,Role 3,2012-03-21 12:47:26.186103,64,0,res_ddb830ac-2ecc-4df4-b4ed-ea1882e6898f,2012-03-21 11:23:00.809320,0.25
Case34,Turning Q.C.,res_6e49ca22-8e95-46c6-ba41-96bd0ccc84aa,Role 3,2012-03-21 13:27:29.208397,64,0,res_6e49ca22-8e95-46c6-ba41-96bd0ccc84aa,2012-03-21 12:05:57.279591,0.25
Case32,Packing,res_d9179efc-13a0-4f64-95b5-cdad486a0c45,Role 4,2012-03-21 14:40:26.950336,64,0,res_d9179efc-13a0-4f64-95b5-cdad486a0c45,2012-03-21 13:25:18.442539,0.0
Case34,Turning Q.C.,res_6e49ca22-8e95-46c6-ba41-96bd0ccc84aa,Role 3,2012-03-21 15:23:42.022310,64,0,res_6e49ca22-8e95-46c6-ba41-96bd0ccc84aa,2012-03-21 14:03:23.419421,0.0
Case6,Final Inspection Q.C.,res_bd155153-318b-4dd7-bf49-22961fc0151a,Role 3,2012-03-21 15:46:33.558522,64,1,res_bd155153-318b-4dd7-bf49-22961fc0151a,2012-03-21 14:29:23.766974,0.25
Case24,Final Inspection Q.C.,res_ddb830ac-2ecc-4df4-b4ed-ea1882e6898f,Role 3,2012-03-21 16:04:18.262686,64,2,res_ddb830ac-2ecc-4df4-b4ed-ea1882e6898f,2012-03-21 14:49:53.565942,0.5
Case26,Final Inspection Q.C.,res_ddb830ac-2ecc-4df4-b4ed-ea1882e6898f,Role 3,2012-03-21 16:24:20.067724,64,3,res_ddb830ac-2ecc-4df4-b4ed-ea1882e6898f,2012-03-21 15:07:27.784406,0.75
Case30,Final Inspection Q.C.,res_bd155153-318b-4dd7-bf49-22961fc0151a,Role 3,2012-03-21 16:33:25.917380,65,4,res_bd155153-318b-4dd7-bf49-22961fc0151a,2012-03-21 15:18:39.897081,1.0
Case29,Final Inspection Q.C.,res_ddb830ac-2ecc-4df4-b4ed-ea1882e6898f,Role 3,2012-03-21 16:50:25.695498,65,5,res_ddb830ac-2ecc-4df4-b4ed-ea1882e6898f,2012-03-21 15:36:59.095401,1.0
Case9,Packing,res_9fca8b8c-d456-45a0-a40b-5ef052864531,Role 4,2012-03-21 17:05:17.231179,65,0,res_9fca8b8c-d456-45a0-a40b-5ef052864531,2012-03-21 15:50:34.932202,0.0
Case12,Final Inspection Q.C.,res_6e49ca22-8e95-46c6-ba41-96bd0ccc84aa,Role 3,2012-03-21 17:14:59.201487,65,5,res_6e49ca22-8e95-46c6-ba41-96bd0ccc84aa,2012-03-21 15:58:35.750466,1.0
Case34,Turning Q.C.,res_bd155153-318b-4dd7-bf49-22961fc0151a,Role 3,2012-03-21 17:39:40.551060,65,0,res_bd155153-318b-4dd7-bf49-22961fc0151a,2012-03-21 16:21:44.503685,1.0
Case19,Packing,res_98504fcc-d2d4-4790-a68d-69e64c661e03,Role 4,2012-03-21 17:40:09.083573,65,1,res_98504fcc-d2d4-4790-a68d-69e64c661e03,2012-03-21 16:21:00.085613,0.3333333333333333
Case13,Packing,res_d9179efc-13a0-4f64-95b5-cdad486a0c45,Role 4,2012-03-21 17:47:14.680646,64,2,res_d9179efc-13a0-4f64-95b5-cdad486a0c45,2012-03-21 16:31:26.389848,0.6666666666666666
Case36,Turning & Milling,res_27ca3533-c755-4d80-931a-9e50f7c7a425,Role 1,2012-03-21 18:05:54.198437,65,2,res_27ca3533-c755-4d80-931a-9e50f7c7a425,2012-03-21 15:17:33.200000,0.0
Case35,Grinding Rework,res_253d6c8e-9ddf-455a-8186-a5848e211349,Role 2,2012-03-21 18:28:34.923267,64,0,res_253d6c8e-9ddf-455a-8186-a5848e211349,2012-03-21 16:34:34.641142,0.0
Case11,Packing,res_98504fcc-d2d4-4790-a68d-69e64c661e03,Role 4,2012-03-21 18:53:43.935263,63,2,res_98504fcc-d2d4-4790-a68d-69e64c661e03,2012-03-21 17:38:56.511181,0.6666666666666666
Case25,Stress Relief,res_7b28db0b-0b67-4a7f-888f-fbb3b32955e4,Role 1,2012-03-21 19:02:04.311058,63,0,res_7b28db0b-0b67-4a7f-888f-fbb3b32955e4,2012-03-21 17:30:46.269352,0.07142857142857142
Case34,Turning,res_91e33ec1-21d0-4cda-9be0-aa406ffd80dd,Role 1,2012-03-21 19:37:32.122840,62,0,res_91e33ec1-21d0-4cda-9be0-aa406ffd80dd,2012-03-21 18:19:30.496666,0.07142857142857142
Case21,Stress Relief,res_6fdaacf3-65f3-4c57-8562-fa8554311cd6,Role 1,2012-03-21 20:41:07.104478,62,0,res_6fdaacf3-65f3-4c57-8562-fa8554311cd6,2012-03-21 19:22:55.665825,0.07142857142857142
Case18,Flat Grinding,res_481e7f0e-70f9-45c8-a108-d019c45c6dc8,Role 5,2012-03-21 20:52:22.225000,63,0,res_481e7f0e-70f9-45c8-a108-d019c45c6dc8,2012-03-21 19:28:13.172245,0.0
Case10,Final Inspection Q.C.,res_6e49ca22-8e95-46c6-ba41-96bd0ccc84aa,Role 3,2012-03-21 20:58:21.758511,63,1,res_6e49ca22-8e95-46c6-ba41-96bd0ccc84aa,2012-03-21 19:42:45.560483,0.25
Case27,Stress Relief,res_9b558f00-20ac-45f3-9ca8-896a9b16baca,Role 1,2012-03-21 20:59:57.930447,63,1,res_9b558f00-20ac-45f3-9ca8-896a9b16baca,2012-03-21 19:41:14.791284,0.14285714285714285
Case35,Grinding Rework,res_253d6c8e-9ddf-455a-8186-a5848e211349,Role 2,2012-03-21 21:10:06.788997,63,0,res_253d6c8e-9ddf-455a-8186-a5848e211349,2012-03-21 19:28:20.370813,0.0
Case37,Turning Q.C.,res_6e49ca22-8e95-46c6-ba41-96bd0ccc84aa,Role 3,2012-03-21 21:18:38.992359,63,0,res_6e49ca22-8e95-46c6-ba41-96bd0ccc84aa,2012-03-21 18:46:37.400000,0.0
Case34,Turning,res_8cb1380f-3283-45ca-9301-fb888ff96bc6,Role 1,2012-03-21 21:25:58.595791,63,0,res_8cb1380f-3283-45ca-9301-fb888ff96bc6,2012-03-21 19:57:33.981072,0.21428571428571427
Case38,Turning & Milling,res_91e33ec1-21d0-4cda-9be0-aa406ffd80dd,Role 1,2012-03-21 22:16:27.915242,63,2,res_91e33ec1-21d0-4cda-9be0-aa406ffd80dd,2012-03-21 19:23:59.600000,0.14285714285714285
Case34,Turning,res_27ca3533-c755-4d80-931a-9e50f7c7a425,Role 1,2012-03-21 23:28:12.748484,62,1,res_27ca3533-c755-4d80-931a-9e50f7c7a425,2012-03-21 21:45:17.183721,0.2857142857142857
Case33,Turning & Milling,res_27ca3533-c755-4d80-931a-9e50f7c7a425,Role 1,2012-03-21 23:30:22.386001,62,4,res_27ca3533-c755-4d80-931a-9e50f7c7a425,2012-03-21 21:42:09.936398,0.14285714285714285
Case35,Turning & Milling,res_21c3dd96-4307-4403-9ef9-fb53bde77489,Role 1,2012-03-21 23:53:27.149882,62,3,res_21c3dd96-4307-4403-9ef9-fb53bde77489,2012-03-21 21:31:18.343145,0.07142857142857142
Case37,Turning,res_ca82a60e-8937-48b6-ba6f-8a60052f9f60,Role 1,2012-03-22 00:00:36.031853,62,0,res_ca82a60e-8937-48b6-ba6f-8a60052f9f60,2012-03-21 21:43:59.518077,0.21428571428571427
Case17,Turning & Milling Q.C.,res_6e49ca22-8e95-46c6-ba41-96bd0ccc84aa,Role 3,2012-03-22 01:28:51.112379,63,1,res_6e49ca22-8e95-46c6-ba41-96bd0ccc84aa,2012-03-21 23:59:48.214153,0.25
Case39,Turning & Milling Q.C.,res_6e49ca22-8e95-46c6-ba41-96bd0ccc84aa,Role 3,2012-03-22 01:43:56.480067,63,0,res_6e49ca22-8e95-46c6-ba41-96bd0ccc84aa,2012-03-21 22:57:06.200000,0.0
Case34,Turning,res_5feb0975-ac69-46e4-b52b-f141adee2051,Role 1,2012-03-22 01:50:56.918071,63,1,res_5feb0975-ac69-46e4-b52b-f141adee2051,2012-03-21 23:48:55.485625,0.14285714285714285
Case35,Turning & Milling Q.C.,res_bd155153-318b-4dd7-bf49-22961fc0151a,Role 3,2012-03-22 02:11:46.168069,63,2,res_bd155153-318b-4dd7-bf49-22961fc0151a,2012-03-22 00:40:12.884131,0.5
Case37,Stress Relief,res_27ca3533-c755-4d80-931a-9e50f7c7a425,Role 1,2012-03-22 02:41:51.162872,63,0,res_27ca3533-c755-4d80-931a-9e50f7c7a425,2012-03-22 00:22:10.528409,0.07142857142857142
Case23,Laser Marking,res_970190d3-3a79-4c78-b10a-39f512b462ce,Role 5,2012-03-22 02:52:13.122201,63,0,res_970190d3-3a79-4c78-b10a-39f512b462ce,2012-03-22 01:01:39.623848,0.0
Case36,Turning & Milling Q.C.,res_bd155153-318b-4dd7-bf49-22961fc0151a,Role 3,2012-03-22 03:11:18.858499,63,3,res_bd155153-318b-4dd7-bf49-22961fc0151a,2012-03-22 01:11:22.229681,0.75
Case21,Turning & Milling,res_6fdaacf3-65f3-4c57-8562-fa8554311cd6,Role 1,2012-03-22 04:09:28.676559,63,2,res_6fdaacf3-65f3-4c57-8562-fa8554311cd6,2012-03-22 02:01:28.577333,0.07142857142857142
Case34,Turning,res_c558a0d1-e1e0-48b2-8249-7aa241822a52,Role 1,2012-03-22 04:23:11.770478,63,0,res_c558a0d1-e1e0-48b2-8249-7aa241822a52,2012-03-22 02:13:15.933109,0.14285714285714285
Case35,Turning & Milling,res_b8c51f92-dc35-4f20-a821-fdb164b8ae09,Role 1,2012-03-22 04:35:30.144424,63,3,res_b8c51f92-dc35-4f20-a821-fdb164b8ae09,2012-03-22 02:39:18.721300,0.21428571428571427
Case15,Turning & Milling Q.C.,res_6e49ca22-8e95-46c6-ba41-96bd0ccc84aa,Role 3,2012-03-22 05:19:48.685705,63,0,res_6e49ca22-8e95-46c6-ba41-96bd0ccc84aa,2012-03-22 03:25:18.705686,0.0
Case18,Round Grinding,res_3921b31a-d839-4fff-8fe0-87d71eef8ea1,Role 2,2012-03-22 05:51:47.934372,63,1,res_3921b31a-d839-4fff-8fe0-87d71eef8ea1,2012-03-22 03:55:35.054873,0.0
Case31,Stress Relief,res_21c3dd96-4307-4403-9ef9-fb53bde77489,Role 1,2012-03-22 06:05:36.991111,63,0,res_21c3dd96-4307-4403-9ef9-fb53bde77489,2012-03-22 04:05:48.759165,0.2857142857142857
Case36,Turning & Milling,res_6fdaacf3-65f3-4c57-8562-fa8554311cd6,Role 1,2012-03-22 06:07:13.000888,63,4,res_6fdaacf3-65f3-4c57-8562-fa8554311cd6,2012-03-22 03:53:38.818450,0.21428571428571427
Case34,Stress Relief,res_5feb0975-ac69-46e4-b52b-f141adee2051,Role 1,2012-03-22 06:54:37.642499,63,1,res_5feb0975-ac69-46e4-b52b-f141adee2051,2012-03-22 04:49:06.037344,0.14285714285714285
Case29,Packing,res_9fca8b8c-d456-45a0-a40b-5ef052864531,Role 4,2012-03-22 07:02:47.145950,63,1,res_9fca8b8c-d456-45a0-a40b-5ef052864531,2012-03-22 05:51:58.461752,0.3333333333333333
Case6,Packing,res_9fca8b8c-d456-45a0-a40b-5ef052864531,Role 4,2012-03-22 07:09:32.509014,63,0,res_9fca8b8c-d456-45a0-a40b-5ef052864531,2012-03-22 05:50:13.947774,0.0
Case39,Turning & Milling,res_6fdaacf3-65f3-4c57-8562-fa8554311cd6,Role 1,2012-03-22 07:30:36.945513,63,3,res_6fdaacf3-65f3-4c57-8562-fa8554311cd6,2012-03-22 05:16:43.301114,0.21428571428571427
Case25,Stress Relief,res_27ca3533-c755-4d80-931a-9e50f7c7a425,Role 1,2012-03-22 07:51:36.944369,63,2,res_27ca3533-c755-4d80-931a-9e50f7c7a425,2012-03-22 05:45:08.402995,0.2857142857142857
Case35,Turning & Milling Q.C.,res_6e49ca22-8e95-46c6-ba41-96bd0ccc84aa,Role 3,2012-03-22 07:53:49.245407,63,1,res_6e49ca22-8e95-46c6-ba41-96bd0ccc84aa,2012-03-22 06:24:44.741593,0.25
Case24,Packing,res_d9179efc-13a0-4f64-95b5-cdad486a0c45,Role 4,2012-03-22 08:16:24.989984,63,1,res_d9179efc-13a0-4f64-95b5-cdad486a0c45,2012-03-22 07:03:11.367702,0.3333333333333333
Case38,Turning & Milling Q.C.,res_bd155153-318b-4dd7-bf49-22961fc0151a,Role 3,2012-03-22 08:21:59.698968,63,0,res_bd155153-318b-4dd7-bf49-22961fc0151a,2012-03-22 06:17:45.151099,0.0
Case30,Packing,res_d9179efc-13a0-4f64-95b5-cdad486a0c45,Role 4,2012-03-22 09:09:00.336437,64,1,res_d9179efc-13a0-4f64-95b5-cdad486a0c45,2012-03-22 07:53:16.343103,0.3333333333333333
Case39,Laser Marking,res_481e7f0e-70f9-45c8-a108-d019c45c6dc8,Role 5,2012-03-22 10:08:04.501392,64,0,res_481e7f0e-70f9-45c8-a108-d019c45c6dc8,2012-03-22 08:02:56.063733,0.0
Case40,Turning,res_21c3dd96-4307-4403-9ef9-fb53bde77489,Role 1,2012-03-22 10:16:08.774815,64,0,res_21c3dd96-4307-4403-9ef9-fb53bde77489,2012-03-22 07:22:06.200000,0.14285714285714285
Case13,Packing,res_d9179efc-13a0-4f64-95b5-cdad486a0c45,Role 4,2012-03-22 10:35:52.165934,64,0,res_d9179efc-13a0-4f64-95b5-cdad486a0c45,2012-03-22 09:20:14.106910,0.0
Case9,Packing,res_98504fcc-d2d4-4790-a68d-69e64c661e03,Role 4,2012-03-22 10:57:32.443419,64,1,res_98504fcc-d2d4-4790-a68d-69e64c661e03,2012-03-22 09:45:06.742312,0.3333333333333333
Case34,Turning & Milling Q.C.,res_ddb830ac-2ecc-4df4-b4ed-ea1882e6898f,Role 3,2012-03-22 11:05:15.259021,64,0,res_ddb830ac-2ecc-4df4-b4ed-ea1882e6898f,2012-03-22 09:17:33.859135,0.0
Case33,Turning & Milling Q.C.,res_7c021aac-0c7c-413b-b6c5-c4b22bb8e25d,Role 3,2012-03-22 11:17:24.623858,64,1,res_7c021aac-0c7c-413b-b6c5-c4b22bb8e25d,2012-03-22 09:56:20.501314,0.25
Case37,Turning & Milling Q.C.,res_bd155153-318b-4dd7-bf49-22961fc0151a,Role 3,2012-03-22 12:13:30.340876,64,2,res_bd155153-318b-4dd7-bf49-22961fc0151a,2012-03-22 10:52:44.543195,0.5
Case27,Turning & Milling Q.C.,res_bd155153-318b-4dd7-bf49-22961fc0151a,Role 3,2012-03-22 12:17:52.520317,63,3,res_bd155153-318b-4dd7-bf49-22961fc0151a,2012-03-22 11:02:13.954797,0.75
Case39,Laser Marking,res_970190d3-3a79-4c78-b10a-39f512b462ce,Role 5,2012-03-22 12:36:37.411276,64,0,res_970190d3-3a79-4c78-b10a-39f512b462ce,2012-03-22 10:33:01.244485,0.0
Case36,Turning & Milling Q.C.,res_ddb830ac-2ecc-4df4-b4ed-ea1882e6898f,Role 3,2012-03-22 12:46:57.302965,63,2,res_ddb830ac-2ecc-4df4-b4ed-ea1882e6898f,2012-03-22 11:27:20.491531,0.5
Case32,Packing,res_9fca8b8c-d456-45a0-a40b-5ef052864531,Role 4,2012-03-22 13:22:29.752799,63,0,res_9fca8b8c-d456-45a0-a40b-5ef052864531,2012-03-22 12:07:05.762120,0.0
Case17,Turning & Milling,res_91e33ec1-21d0-4cda-9be0-aa406ffd80dd,Role 1,2012-03-22 13:23:24.027232,63,2,res_91e33ec1-21d0-4cda-9be0-aa406ffd80dd,2012-03-22 11:47:32.819025,0.0
Case18,Round Grinding,res_4344ee96-c738-4415-bbd5-77afd074bc62,Role 2,2012-03-22 13:51:55.866072,63,1,res_4344ee96-c738-4415-bbd5-77afd074bc62,2012-03-22 12:01:24.973993,0.0
Case34,Turning & Milling,res_4e4e5bb8-c0ac-4ff6-a1db-4ed3c20041c7,Role 1,2012-03-22 14:43:31.306070,63,3,res_4e4e5bb8-c0ac-4ff6-a1db-4ed3c20041c7,2012-03-22 12:16:51.868487,0.07142857142857142
Case39,Lapping,res_970190d3-3a79-4c78-b10a-39f512b462ce,Role 5,2012-03-22 14:59:33.521404,63,0,res_970190d3-3a79-4c78-b10a-39f512b462ce,2012-03-22 13:03:50.685221,0.0
Case35,Laser Marking,res_970190d3-3a79-4c78-b10a-39f512b462ce,Role 5,2012-03-22 15:38:35.198739,62,0,res_970190d3-3a79-4c78-b10a-39f512b462ce,2012-03-22 14:19:09.392171,0.5
Case21,Turning & Milling Q.C.,res_ddb830ac-2ecc-4df4-b4ed-ea1882e6898f,Role 3,2012-03-22 15:46:35.688514,62,0,res_ddb830ac-2ecc-4df4-b4ed-ea1882e6898f,2012-03-22 14:25:40.859765,0.0
Case38,Lapping,res_970190d3-3a79-4c78-b10a-39f512b462ce,Role 5,2012-03-22 16:06:02.332900,62,1,res_970190d3-3a79-4c78-b10a-39f512b462ce,2012-03-22 14:46:09.085390,1.0
Case34,Laser Marking,res_481e7f0e-70f9-45c8-a108-d019c45c6dc8,Role 5,2012-03-22 16:40:18.701359,62,1,res_481e7f0e-70f9-45c8-a108-d019c45c6dc8,2012-03-22 15:10:42.527895,1.0
Case17,Round Grinding,res_877906e5-4add-4603-aa1f-b6542907de34,Role 2,2012-03-22 18:17:26.318739,63,2,res_877906e5-4add-4603-aa1f-b6542907de34,2012-03-22 16:51:44.710123,0.125
Case41,Turn & Mill. & Screw Assem,res_7b28db0b-0b67-4a7f-888f-fbb3b32955e4,Role 1,2012-03-22 18:22:08.854695,63,0,res_7b28db0b-0b67-4a7f-888f-fbb3b32955e4,2012-03-22 15:33:58.400000,0.0
Case35,Lapping,res_481e7f0e-70f9-45c8-a108-d019c45c6dc8,Role 5,2012-03-22 18:28:58.114210,63,0,res_481e7f0e-70f9-45c8-a108-d019c45c6dc8,2012-03-22 17:05:43.548582,0.5
Case23,Flat Grinding,res_970190d3-3a79-4c78-b10a-39f512b462ce,Role 5,2012-03-22 18:35:51.811718,63,0,res_970190d3-3a79-4c78-b10a-39f512b462ce,2012-03-22 17:19:52.870368,1.0
Case31,Stress Relief,res_8cb1380f-3283-45ca-9301-fb888ff96bc6,Role 1,2012-03-22 18:37:28.224440,63,0,res_8cb1380f-3283-45ca-9301-fb888ff96bc6,2012-03-22 17:13:41.766316,0.07142857142857142
Case39,Round Grinding,res_253d6c8e-9ddf-455a-8186-a5848e211349,Role 2,2012-03-22 18:45:07.181923,62,1,res_253d6c8e-9ddf-455a-8186-a5848e211349,2012-03-22 15:30:28.663754,0.0
Case15,Turning & Milling Q.C.,res_6e49ca22-8e95-46c6-ba41-96bd0ccc84aa,Role 3,2012-03-22 19:29:27.158038,64,1,res_6e49ca22-8e95-46c6-ba41-96bd0ccc84aa,2012-03-22 18:10:58.984221,0.25
Case34,Laser Marking,res_970190d3-3a79-4c78-b10a-39f512b462ce,Role 5,2012-03-22 19:36:01.509460,63,0,res_970190d3-3a79-4c78-b10a-39f512b462ce,2012-03-22 17:02:59.058726,0.0
Case37,Turning & Milling,res_cd26d55b-75b0-412a-86ea-2fca26cb910a,Role 1,2012-03-22 19:36:20.880467,64,2,res_cd26d55b-75b0-412a-86ea-2fca26cb910a,2012-03-22 17:57:05.888906,0.14285714285714285
Case42,Turning & Milling Q.C.,res_bd155153-318b-4dd7-bf49-22961fc0151a,Role 3,2012-03-22 19:54:08.205885,64,0,res_bd155153-318b-4dd7-bf49-22961fc0151a,2012-03-22 17:24:03.800000,0.0
Case40,Stress Relief,res_21c3dd96-4307-4403-9ef9-fb53bde77489,Role 1,2012-03-22 20:33:46.658215,64,1,res_21c3dd96-4307-4403-9ef9-fb53bde77489,2012-03-22 18:28:21.616057,0.14285714285714285
Case35,Lapping,res_970190d3-3a79-4c78-b10a-39f512b462ce,Role 5,2012-03-22 20:39:38.039499,65,0,res_970190d3-3a79-4c78-b10a-39f512b462ce,2012-03-22 19:10:54.837907,0.5
Case43,Turning & Milling Q.C.,res_7c021aac-0c7c-413b-b6c5-c4b22bb8e25d,Role 3,2012-03-22 21:10:48.985049,65,2,res_7c021aac-0c7c-413b-b6c5-c4b22bb8e25d,2012-03-22 18:57:59.600000,0.5
Case38,Lapping,res_970190d3-3a79-4c78-b10a-39f512b462ce,Role 5,2012-03-22 21:20:43.570734,66,1,res_970190d3-3a79-4c78-b10a-39f512b462ce,2012-03-22 20:01:46.683987,1.0
Case25,Stress Relief,res_6fdaacf3-65f3-4c57-8562-fa8554311cd6,Role 1,2012-03-22 21:24:40.255720,66,1,res_6fdaacf3-65f3-4c57-8562-fa8554311cd6,2012-03-22 19:47:45.708658,0.21428571428571427
Case34,Laser Marking,res_481e7f0e-70f9-45c8-a108-d019c45c6dc8,Role 5,2012-03-22 21:30:05.037222,66,0,res_481e7f0e-70f9-45c8-a108-d019c45c6dc8,2012-03-22 19:55:23.603308,0.5
Case41,Turn & Mill. & Screw Assem,res_4e4e5bb8-c0ac-4ff6-a1db-4ed3c20041c7,Role 1,2012-03-22 21:34:30.268914,65,0,res_4e4e5bb8-c0ac-4ff6-a1db-4ed3c20041c7,2012-03-22 19:05:45.439954,0.14285714285714285
Case6,Final Inspection Q.C.,res_ddb830ac-2ecc-4df4-b4ed-ea1882e6898f,Role 3,2012-03-22 22:03:34.754148,66,1,res_ddb830ac-2ecc-4df4-b4ed-ea1882e6898f,2012-03-22 20:45:52.037656,0.25
Case35,Lapping,res_970190d3-3a79-4c78-b10a-39f512b462ce,Role 5,2012-03-22 22:24:19.559569,66,1,res_970190d3-3a79-4c78-b10a-39f512b462ce,2012-03-22 21:05:28.935701,1.0
Case44,Turning,res_b1d5f4c3-00bf-4765-a700-70d91347535a,Role 1,2012-03-22 22:27:29.874781,66,0,res_b1d5f4c3-00bf-4765-a700-70d91347535a,2012-03-22 19:29:18.200000,0.21428571428571427
Case39,Round Grinding,res_9ba95fb9-0eee-40ef-ac4b-dccab0115869,Role 2,2012-03-22 22:37:02.682478,65,1,res_9ba95fb9-0eee-40ef-ac4b-dccab0115869,2012-03-22 19:07:20.242897,0.0
Case17,Round Grinding,res_4344ee96-c738-4415-bbd5-77afd074bc62,Role 2,2012-03-22 22:38:58.862148,66,2,res_4344ee96-c738-4415-bbd5-77afd074bc62,2012-03-22 19:59:05.105791,0.125
Case42,Turning & Milling,res_b1d5f4c3-00bf-4765-a700-70d91347535a,Role 1,2012-03-22 22:45:40.039732,66,2,res_b1d5f4c3-00bf-4765-a700-70d91347535a,2012-03-22 20:11:22.057433,0.2857142857142857
Case29,Packing,res_9fca8b8c-d456-45a0-a40b-5ef052864531,Role 4,2012-03-22 23:14:01.331639,66,0,res_9fca8b8c-d456-45a0-a40b-5ef052864531,2012-03-22 22:05:46.054192,0.0
Case34,Lapping,res_481e7f0e-70f9-45c8-a108-d019c45c6dc8,Role 5,2012-03-22 23:14:03.136726,66,1,res_481e7f0e-70f9-45c8-a108-d019c45c6dc8,2012-03-22 21:50:46.479202,0.5
Case37,Turning & Milling,res_ca82a60e-8937-48b6-ba6f-8a60052f9f60,Role 1,2012-03-22 23:21:42.158297,66,3,res_ca82a60e-8937-48b6-ba6f-8a60052f9f60,2012-03-22 20:36:03.210052,0.2857142857142857
Case43,Turning & Milling,res_8cb1380f-3283-45ca-9301-fb888ff96bc6,Role 1,2012-03-23 00:02:15.640322,66,4,res_8cb1380f-3283-45ca-9301-fb888ff96bc6,2012-03-22 21:31:51.468449,0.2857142857142857
Case35,Lapping,res_481e7f0e-70f9-45c8-a108-d019c45c6dc8,Role 5,2012-03-23 00:12:31.121175,67,1,res_481e7f0e-70f9-45c8-a108-d019c45c6dc8,2012-03-22 22:54:48.280147,0.5
Case40,Stress Relief,res_ca82a60e-8937-48b6-ba6f-8a60052f9f60,Role 1,2012-03-23 00:25:40.085078,66,0,res_ca82a60e-8937-48b6-ba6f-8a60052f9f60,2012-03-22 22:06:13.235788,0.42857142857142855
Case38,Lapping,res_970190d3-3a79-4c78-b10a-39f512b462ce,Role 5,2012-03-23 00:31:39.095227,67,2,res_970190d3-3a79-4c78-b10a-39f512b462ce,2012-03-22 23:13:24.213992,1.0
Case41,Turn & Mill. & Screw Assem,res_cd26d55b-75b0-412a-86ea-2fca26cb910a,Role 1,2012-03-23 00:37:39.707954,66,0,res_cd26d55b-75b0-412a-86ea-2fca26cb910a,2012-03-22 21:48:10.289287,0.35714285714285715
Case42,Turning & Milling Q.C.,res_7c021aac-0c7c-413b-b6c5-c4b22bb8e25d,Role 3,2012-03-23 01:09:54.175718,67,0,res_7c021aac-0c7c-413b-b6c5-c4b22bb8e25d,2012-03-22 23:16:21.202089,0.25
Case37,Laser Marking,res_970190d3-3a79-4c78-b10a-39f512b462ce,Role 5,2012-03-23 01:25:33.181955,67,0,res_970190d3-3a79-4c78-b10a-39f512b462ce,2012-03-22 23:45:14.640179,1.0
Case45,Turning Q.C.,res_7c021aac-0c7c-413b-b6c5-c4b22bb8e25d,Role 3,2012-03-23 01:30:24.394099,67,0,res_7c021aac-0c7c-413b-b6c5-c4b22bb8e25d,2012-03-22 22:38:10.400000,0.0
Case34,Round Grinding,res_4344ee96-c738-4415-bbd5-77afd074bc62,Role 2,2012-03-23 01:34:27.139916,67,2,res_4344ee96-c738-4415-bbd5-77afd074bc62,2012-03-22 23:42:37.599633,0.125
Case21,Turning & Milling,res_5feb0975-ac69-46e4-b52b-f141adee2051,Role 1,2012-03-23 01:48:31.320358,66,5,res_5feb0975-ac69-46e4-b52b-f141adee2051,2012-03-22 21:43:59.908710,0.2857142857142857
Case27,Turning & Milling,res_b8c51f92-dc35-4f20-a821-fdb164b8ae09,Role 1,2012-03-23 01:53:44.969449,67,4,res_b8c51f92-dc35-4f20-a821-fdb164b8ae09,2012-03-22 23:47:47.083858,0.2857142857142857
Case39,Packing,res_d9179efc-13a0-4f64-95b5-cdad486a0c45,Role 4,2012-03-23 01:57:00.785694,67,0,res_d9179efc-13a0-4f64-95b5-cdad486a0c45,2012-03-23 00:20:54.906416,0.0
Case24,Packing,res_d9179efc-13a0-4f64-95b5-cdad486a0c45,Role 4,2012-03-23 02:00:50.948833,67,1,res_d9179efc-13a0-4f64-95b5-cdad486a0c45,2012-03-23 00:47:57.289091,0.3333333333333333
Case17,Round Grinding,res_98ea462c-2a59-4a78-a9f5-7c60586e41e2,Role 2,2012-03-23 02:03:05.704877,67,1,res_98ea462c-2a59-4a78-a9f5-7c60586e41e2,2012-03-22 23:26:13.210765,0.0
Case43,Turning & Milling Q.C.,res_ddb830ac-2ecc-4df4-b4ed-ea1882e6898f,Role 3,2012-03-23 02:08:17.230770,67,1,res_ddb830ac-2ecc-4df4-b4ed-ea1882e6898f,2012-03-23 00:32:15.408861,0.5
Case30,Packing,res_98504fcc-d2d4-4790-a68d-69e64c661e03,Role 4,2012-03-23 02:12:27.572611,67,2,res_98504fcc-d2d4-4790-a68d-69e64c661e03,2012-03-23 01:00:46.583696,0.6666666666666666
Case35,Round Grinding,res_3921b31a-d839-4fff-8fe0-87d71eef8ea1,Role 2,2012-03-23 02:37:33.572922,67,3,res_3921b31a-d839-4fff-8fe0-87d71eef8ea1,2012-03-23 00:51:14.159107,0.25
Case33,Turning & Milling Q.C.,res_6e49ca22-8e95-46c6-ba41-96bd0ccc84aa,Role 3,2012-03-23 03:15:45.369706,67,1,res_6e49ca22-8e95-46c6-ba41-96bd0ccc84aa,2012-03-23 01:42:53.711153,0.25
Case41,Turning & Milling Q.C.,res_6e49ca22-8e95-46c6-ba41-96bd0ccc84aa,Role 3,2012-03-23 03:16:43.025839,67,3,res_6e49ca22-8e95-46c6-ba41-96bd0ccc84aa,2012-03-23 01:50:16.969170,0.75
Case40,Turning & Milling Q.C.,res_7c021aac-0c7c-413b-b6c5-c4b22bb8e25d,Role 3,2012-03-23 03:26:51.406097,67,2,res_7c021aac-0c7c-413b-b6c5-c4b22bb8e25d,2012-03-23 01:44:10.549871,0.5
Case44,Stress Relief,res_c558a0d1-e1e0-48b2-8249-7aa241822a52,Role 1,2012-03-23 03:27:41.775243,67,0,res_c558a0d1-e1e0-48b2-8249-7aa241822a52,2012-03-23 00:40:51.065530,0.14285714285714285
Case13,Packing,res_98504fcc-d2d4-4790-a68d-69e64c661e03,Role 4,2012-03-23 03:49:12.204654,67,1,res_98504fcc-d2d4-4790-a68d-69e64c661e03,2012-03-23 02:37:57.433805,0.3333333333333333
Case34,Round Grinding,res_b46b28ce-a57d-4731-88dd-43ba40d2971f,Role 2,2012-03-23 04:00:16.424778,67,3,res_b46b28ce-a57d-4731-88dd-43ba40d2971f,2012-03-23 01:59:13.326958,0.25
Case17,Final Inspection Q.C.,res_ddb830ac-2ecc-4df4-b4ed-ea1882e6898f,Role 3,2012-03-23 04:11:44.252180,67,1,res_ddb830ac-2ecc-4df4-b4ed-ea1882e6898f,2012-03-23 02:50:32.784024,0.75
Case18,Packing,res_d9179efc-13a0-4f64-95b5-cdad486a0c45,Role 4,2012-03-23 04:14:07.690999,67,0,res_d9179efc-13a0-4f64-95b5-cdad486a0c45,2012-03-23 02:27:09.270241,0.0
Case37,Flat Grinding,res_481e7f0e-70f9-45c8-a108-d019c45c6dc8,Role 5,2012-03-23 04:41:08.121214,67,0,res_481e7f0e-70f9-45c8-a108-d019c45c6dc8,2012-03-23 03:17:12.420286,0.5
Case36,Lapping,res_481e7f0e-70f9-45c8-a108-d019c45c6dc8,Role 5,2012-03-23 04:52:46.267928,67,1,res_481e7f0e-70f9-45c8-a108-d019c45c6dc8,2012-03-23 03:35:00.557195,1.0
Case38,Lapping,res_481e7f0e-70f9-45c8-a108-d019c45c6dc8,Role 5,2012-03-23 05:13:00.319309,67,0,res_481e7f0e-70f9-45c8-a108-d019c45c6dc8,2012-03-23 03:10:51.390038,0.0
Case35,Round Grinding,res_4344ee96-c738-4415-bbd5-77afd074bc62,Role 2,2012-03-23 05:20:58.345079,67,2,res_4344ee96-c738-4415-bbd5-77afd074bc62,2012-03-23 03:17:53.384671,0.125
Case21,Turning & Milling,res_b1d5f4c3-00bf-4765-a700-70d91347535a,Role 1,2012-03-23 05:26:28.084861,67,2,res_b1d5f4c3-00bf-4765-a700-70d91347535a,2012-03-23 02:43:38.469354,0.07142857142857142
Case31,Stress Relief,res_27ca3533-c755-4d80-931a-9e50f7c7a425,Role 1,2012-03-23 05:37:41.758233,67,0,res_27ca3533-c755-4d80-931a-9e50f7c7a425,2012-03-23 03:40:32.626657,0.07142857142857142
Case34,Round Grinding,res_773e95d4-46b3-4dd6-a89b-3152bc9d794c,Role 2,2012-03-23 06:37:05.921827,67,2,res_773e95d4-46b3-4dd6-a89b-3152bc9d794c,2012-03-23 04:31:36.557638,0.125
Case40,Turning & Milling,res_b8c51f92-dc35-4f20-a821-fdb164b8ae09,Role 1,2012-03-23 06:57:54.255386,67,3,res_b8c51f92-dc35-4f20-a821-fdb164b8ae09,2012-03-23 04:21:05.854081,0.14285714285714285
Case37,Laser Marking,res_481e7f0e-70f9-45c8-a108-d019c45c6dc8,Role 5,2012-03-23 07:21:49.212478,67,1,res_481e7f0e-70f9-45c8-a108-d019c45c6dc8,2012-03-23 05:46:22.517006,0.5
Case41,Turning & Milling,res_9b558f00-20ac-45f3-9ca8-896a9b16baca,Role 1,2012-03-23 07:25:37.113944,67,4,res_9b558f00-20ac-45f3-9ca8-896a9b16baca,2012-03-23 05:25:41.988228,0.21428571428571427
Case15,Laser Marking,res_481e7f0e-70f9-45c8-a108-d019c45c6dc8,Role 5,2012-03-23 07:32:47.251827,67,0,res_481e7f0e-70f9-45c8-a108-d019c45c6dc8,2012-03-23 05:35:35.659285,0.0
Case39,Final Inspection Q.C.,res_7c021aac-0c7c-413b-b6c5-c4b22bb8e25d,Role 3,2012-03-23 07:52:01.388916,67,1,res_7c021aac-0c7c-413b-b6c5-c4b22bb8e25d,2012-03-23 06:13:37.310543,0.0
Case44,Stress Relief,res_c558a0d1-e1e0-48b2-8249-7aa241822a52,Role 1,2012-03-23 07:58:08.511755,67,0,res_c558a0d1-e1e0-48b2-8249-7aa241822a52,2012-03-23 05:47:20.083964,0.14285714285714285
Case45,Turning,res_7b28db0b-0b67-4a7f-888f-fbb3b32955e4,Role 1,2012-03-23 08:07:21.412187,67,0,res_7b28db0b-0b67-4a7f-888f-fbb3b32955e4,2012-03-23 05:51:28.592266,0.21428571428571427
Case35,Round Grinding,res_b46b28ce-a57d-4731-88dd-43ba40d2971f,Role 2,2012-03-23 08:14:03.110487,67,2,res_b46b28ce-a57d-4731-88dd-43ba40d2971f,2012-03-23 06:07:53.263392,0.125
Case23,Flat Grinding,res_970190d3-3a79-4c78-b10a-39f512b462ce,Role 5,2012-03-23 08:31:19.422007,67,0,res_970190d3-3a79-4c78-b10a-39f512b462ce,2012-03-23 07:14:55.140216,1.0
Case21,Turning & Milling,res_c558a0d1-e1e0-48b2-8249-7aa241822a52,Role 1,2012-03-23 08:59:18.223082,67,4,res_c558a0d1-e1e0-48b2-8249-7aa241822a52,2012-03-23 06:08:06.783590,0.2857142857142857
Case34,Round Grinding,res_877906e5-4add-4603-aa1f-b6542907de34,Role 2,2012-03-23 09:19:13.693778,67,2,res_877906e5-4add-4603-aa1f-b6542907de34,2012-03-23 07:10:20.132691,0.125
Case38,Round Grinding,res_3921b31a-d839-4fff-8fe0-87d71eef8ea1,Role 2,2012-03-23 09:30:06.738226,67,3,res_3921b31a-d839-4fff-8fe0-87d71eef8ea1,2012-03-23 07:41:21.328549,0.25
Case40,Turning & Milling Q.C.,res_6e49ca22-8e95-46c6-ba41-96bd0ccc84aa,Role 3,2012-03-23 10:22:29.168802,66,0,res_6e49ca22-8e95-46c6-ba41-96bd0ccc84aa,2012-03-23 08:47:39.546015,0.0
Case27,Turning & Milling,res_ca82a60e-8937-48b6-ba6f-8a60052f9f60,Role 1,2012-03-23 10:25:04.285600,66,3,res_ca82a60e-8937-48b6-ba6f-8a60052f9f60,2012-03-23 08:19:23.623603,0.07142857142857142
Case37,Flat Grinding,res_481e7f0e-70f9-45c8-a108-d019c45c6dc8,Role 5,2012-03-23 10:42:14.279051,66,0,res_481e7f0e-70f9-45c8-a108-d019c45c6dc8,2012-03-23 09:07:13.373212,0.0
Case44,Turning & Milling,res_91e33ec1-21d0-4cda-9be0-aa406ffd80dd,Role 1,2012-03-23 11:05:53.491223,66,4,res_91e33ec1-21d0-4cda-9be0-aa406ffd80dd,2012-03-23 08:55:56.962308,0.14285714285714285
Case21,Turning & Milling,res_27ca3533-c755-4d80-931a-9e50f7c7a425,Role 1,2012-03-23 11:26:31.810268,66,4,res_27ca3533-c755-4d80-931a-9e50f7c7a425,2012-03-23 09:21:41.140864,0.14285714285714285
Case45,Stress Relief,res_6fdaacf3-65f3-4c57-8562-fa8554311cd6,Role 1,2012-03-23 11:27:35.749103,66,0,res_6fdaacf3-65f3-4c57-8562-fa8554311cd6,2012-03-23 09:28:00.059879,0.21428571428571427
Case43,Turning & Milling Q.C.,res_bd155153-318b-4dd7-bf49-22961fc0151a,Role 3,2012-03-23 11:34:44.480566,66,1,res_bd155153-318b-4dd7-bf49-22961fc0151a,2012-03-23 10:13:44.202848,0.25
Case25,Stress Relief,res_27ca3533-c755-4d80-931a-9e50f7c7a425,Role 1,2012-03-23 12:20:59.315371,66,1,res_27ca3533-c755-4d80-931a-9e50f7c7a425,2012-03-23 10:23:44.603474,0.2857142857142857
Case44,Turning & Milling Q.C.,res_6e49ca22-8e95-46c6-ba41-96bd0ccc84aa,Role 3,2012-03-23 13:32:57.424355,66,0,res_6e49ca22-8e95-46c6-ba41-96bd0ccc84aa,2012-03-23 11:58:14.288561,0.0
Case27,Turning & Milling,res_ca82a60e-8937-48b6-ba6f-8a60052f9f60,Role 1,2012-03-23 13:33:44.071861,66,2,res_ca82a60e-8937-48b6-ba6f-8a60052f9f60,2012-03-23 11:34:17.151571,0.07142857142857142
Case45,Turning & Milling,res_27ca3533-c755-4d80-931a-9e50f7c7a425,Role 1,2012-03-23 14:04:12.321154,66,4,res_27ca3533-c755-4d80-931a-9e50f7c7a425,2012-03-23 12:00:15.172853,0.21428571428571427
Case21,Turning & Milling,res_b8c51f92-dc35-4f20-a821-fdb164b8ae09,Role 1,2012-03-23 14:26:05.531922,66,3,res_b8c51f92-dc35-4f20-a821-fdb164b8ae09,2012-03-23 11:47:15.586885,0.14285714285714285
Case42,Turning & Milling Q.C.,res_7c021aac-0c7c-413b-b6c5-c4b22bb8e25d,Role 3,2012-03-23 15:35:01.931320,66,0,res_7c021aac-0c7c-413b-b6c5-c4b22bb8e25d,2012-03-23 14:13:55.158761,0.0
Case34,Packing,res_9fca8b8c-d456-45a0-a40b-5ef052864531,Role 4,2012-03-23 16:01:16.123426,66,0,res_9fca8b8c-d456-45a0-a40b-5ef052864531,2012-03-23 14:38:28.919289,0.0
Case45,Turning & Milling Q.C.,res_6e49ca22-8e95-46c6-ba41-96bd0ccc84aa,Role 3,2012-03-23 16:05:59.510095,66,1,res_6e49ca22-8e95-46c6-ba41-96bd0ccc84aa,2012-03-23 14:39:01.921293,0.25
Case27,Turning & Milling,res_8cb1380f-3283-45ca-9301-fb888ff96bc6,Role 1,2012-03-23 16:08:21.713457,66,4,res_8cb1380f-3283-45ca-9301-fb888ff96bc6,2012-03-23 14:00:07.287314,0.14285714285714285
Case17,Packing,res_9fca8b8c-d456-45a0-a40b-5ef052864531,Role 4,2012-03-23 16:50:26.828874,66,1,res_9fca8b8c-d456-45a0-a40b-5ef052864531,2012-03-23 15:34:55.552311,0.3333333333333333
Case41,Turning & Milling Q.C.,res_7c021aac-0c7c-413b-b6c5-c4b22bb8e25d,Role 3,2012-03-23 17:04:10.583267,66,1,res_7c021aac-0c7c-413b-b6c5-c4b22bb8e25d,2012-03-23 15:47:36.622870,0.25
Case44,Turning & Milling Q.C.,res_6e49ca22-8e95-46c6-ba41-96bd0ccc84aa,Role 3,2012-03-23 17:27:13.272271,66,2,res_6e49ca22-8e95-46c6-ba41-96bd0ccc84aa,2012-03-23 15:51:51.332535,0.5
Case37,Lapping,res_970190d3-3a79-4c78-b10a-39f512b462ce,Role 5,2012-03-23 17:34:58.740018,66,0,res_970190d3-3a79-4c78-b10a-39f512b462ce,2012-03-23 15:54:13.836881,0.0
Case33,Turning & Milling Q.C.,res_7c021aac-0c7c-413b-b6c5-c4b22bb8e25d,Role 3,2012-03-23 17:38:28.012966,66,2,res_7c021aac-0c7c-413b-b6c5-c4b22bb8e25d,2012-03-23 16:20:13.861644,0.5
Case30,Final Inspection Q.C.,res_7c021aac-0c7c-413b-b6c5-c4b22bb8e25d,Role 3,2012-03-23 17:39:52.869193,66,1,res_7c021aac-0c7c-413b-b6c5-c4b22bb8e25d,2012-03-23 16:28:09.573944,0.75
Case36,Round Grinding,res_9ba95fb9-0eee-40ef-ac4b-dccab0115869,Role 2,2012-03-23 17:42:48.035922,66,1,res_9ba95fb9-0eee-40ef-ac4b-dccab0115869,2012-03-23 15:58:09.242326,0.0
Case15,Round Grinding,res_3921b31a-d839-4fff-8fe0-87d71eef8ea1,Role 2,2012-03-23 17:54:30.079577,66,2,res_3921b31a-d839-4fff-8fe0-87d71eef8ea1,2012-03-23 16:18:58.957887,0.125
Case27,Flat Grinding,res_970190d3-3a79-4c78-b10a-39f512b462ce,Role 5,2012-03-23 18:06:14.233725,66,0,res_970190d3-3a79-4c78-b10a-39f512b462ce,2012-03-23 16:37:17.406883,0.5
Case35,Packing,res_d9179efc-13a0-4f64-95b5-cdad486a0c45,Role 4,2012-03-23 18:29:14.830481,66,0,res_d9179efc-13a0-4f64-95b5-cdad486a0c45,2012-03-23 17:08:42.506433,0.0
Case43,Turning & Milling,res_c558a0d1-e1e0-48b2-8249-7aa241822a52,Role 1,2012-03-23 18:40:25.302771,66,4,res_c558a0d1-e1e0-48b2-8249-7aa241822a52,2012-03-23 17:03:18.674782,0.14285714285714285
Case25,Turning & Milling,res_27ca3533-c755-4d80-931a-9e50f7c7a425,Role 1,2012-03-23 19:20:05.559859,66,5,res_27ca3533-c755-4d80-931a-9e50f7c7a425,2012-03-23 17:08:55.318142,0.21428571428571427
Case29,Packing,res_9fca8b8c-d456-45a0-a40b-5ef052864531,Role 4,2012-03-23 19:33:52.494183,65,1,res_9fca8b8c-d456-45a0-a40b-5ef052864531,2012-03-23 18:21:37.235054,0.3333333333333333
Case6,Packing,res_d9179efc-13a0-4f64-95b5-cdad486a0c45,Role 4,2012-03-23 20:13:26.542524,65,1,res_d9179efc-13a0-4f64-95b5-cdad486a0c45,2012-03-23 18:58:57.401621,0.3333333333333333
Case18,Final Inspection Q.C.,res_ddb830ac-2ecc-4df4-b4ed-ea1882e6898f,Role 3,2012-03-23 20:14:05.503316,65,1,res_ddb830ac-2ecc-4df4-b4ed-ea1882e6898f,2012-03-23 18:54:18.584054,0.25
Case21,Turning & Milling,res_6fdaacf3-65f3-4c57-8562-fa8554311cd6,Role 1,2012-03-23 20:16:17.848949,66,3,res_6fdaacf3-65f3-4c57-8562-fa8554311cd6,2012-03-23 14:44:55.985125,0.07142857142857142
Case40,Turning & Milling Q.C.,res_6e49ca22-8e95-46c6-ba41-96bd0ccc84aa,Role 3,2012-03-23 20:25:01.987588,65,0,res_6e49ca22-8e95-46c6-ba41-96bd0ccc84aa,2012-03-23 18:53:04.116254,0.0
Case27,Flat Grinding,res_970190d3-3a79-4c78-b10a-39f512b462ce,Role 5,2012-03-23 21:00:42.061996,64,0,res_970190d3-3a79-4c78-b10a-39f512b462ce,2012-03-23 19:35:15.771402,0.5
Case31,Stress Relief,res_8cb1380f-3283-45ca-9301-fb888ff96bc6,Role 1,2012-03-23 21:16:27.010358,65,0,res_8cb1380f-3283-45ca-9301-fb888ff96bc6,2012-03-23 19:06:37.773045,0.21428571428571427
Case45,Turning & Milling,res_91e33ec1-21d0-4cda-9be0-aa406ffd80dd,Role 1,2012-03-23 21:40:42.311585,66,3,res_91e33ec1-21d0-4cda-9be0-aa406ffd80dd,2012-03-23 16:36:01.872835,0.07142857142857142
Case24,Packing,res_d9179efc-13a0-4f64-95b5-cdad486a0c45,Role 4,2012-03-23 21:49:06.266972,64,0,res_d9179efc-13a0-4f64-95b5-cdad486a0c45,2012-03-23 20:34:58.483963,0.0
Case43,Round Grinding,res_877906e5-4add-4603-aa1f-b6542907de34,Role 2,2012-03-23 22:27:51.900747,64,3,res_877906e5-4add-4603-aa1f-b6542907de34,2012-03-23 20:15:56.905540,0.25
Case36,Round Grinding,res_b46b28ce-a57d-4731-88dd-43ba40d2971f,Role 2,2012-03-23 22:33:07.169297,65,2,res_b46b28ce-a57d-4731-88dd-43ba40d2971f,2012-03-23 19:03:05.742610,0.125
Case44,Laser Marking,res_970190d3-3a79-4c78-b10a-39f512b462ce,Role 5,2012-03-23 22:42:15.258720,65,0,res_970190d3-3a79-4c78-b10a-39f512b462ce,2012-03-23 18:28:36.944859,0.0
Case38,Packing,res_d9179efc-13a0-4f64-95b5-cdad486a0c45,Role 4,2012-03-23 23:09:45.345018,64,0,res_d9179efc-13a0-4f64-95b5-cdad486a0c45,2012-03-23 21:50:34.063414,0.0
Case37,Round Grinding,res_3921b31a-d839-4fff-8fe0-87d71eef8ea1,Role 2,2012-03-23 23:10:51.232211,65,1,res_3921b31a-d839-4fff-8fe0-87d71eef8ea1,2012-03-23 18:31:03.469082,0.0
Case21,Lapping,res_970190d3-3a79-4c78-b10a-39f512b462ce,Role 5,2012-03-23 23:32:27.798742,64,0,res_970190d3-3a79-4c78-b10a-39f512b462ce,2012-03-23 20:34:32.040332,1.0
Case27,Flat Grinding,res_481e7f0e-70f9-45c8-a108-d019c45c6dc8,Role 5,2012-03-23 23:46:11.796199,64,0,res_481e7f0e-70f9-45c8-a108-d019c45c6dc8,2012-03-23 22:30:57.061135,1.0
Case23,Flat Grinding,res_481e7f0e-70f9-45c8-a108-d019c45c6dc8,Role 5,2012-03-23 23:58:44.236781,64,1,res_481e7f0e-70f9-45c8-a108-d019c45c6dc8,2012-03-23 22:39:07.347886,1.0
Case13,Packing,res_9fca8b8c-d456-45a0-a40b-5ef052864531,Role 4,2012-03-24 02:02:21.514047,64,0,res_9fca8b8c-d456-45a0-a40b-5ef052864531,2012-03-24 00:48:49.214641,0.0
Case36,Round Grinding,res_773e95d4-46b3-4dd6-a89b-3152bc9d794c,Role 2,2012-03-24 02:06:30.943141,64,2,res_773e95d4-46b3-4dd6-a89b-3152bc9d794c,2012-03-23 23:19:23.587144,0.125
Case34,Final Inspection Q.C.,res_bd155153-318b-4dd7-bf49-22961fc0151a,Role 3,2012-03-24 02:12:21.377331,64,1,res_bd155153-318b-4dd7-bf49-22961fc0151a,2012-03-23 21:50:46.672924,0.0
Case45,Turning & Milling,res_91e33ec1-21d0-4cda-9be0-aa406ffd80dd,Role 1,2012-03-24 02:24:26.112227,64,2,res_91e33ec1-21d0-4cda-9be0-aa406ffd80dd,2012-03-23 21:58:45.954436,0.0
Case27,Round Grinding,res_253d6c8e-9ddf-455a-8186-a5848e211349,Role 2,2012-03-24 02:24:36.765198,64,4,res_253d6c8e-9ddf-455a-8186-a5848e211349,2012-03-24 00:54:16.944877,0.375
Case21,Round Grinding,res_877906e5-4add-4603-aa1f-b6542907de34,Role 2,2012-03-24 02:35:44.742735,64,3,res_877906e5-4add-4603-aa1f-b6542907de34,2012-03-23 23:53:20.597298,0.25
Case44,Round Grinding,res_253d6c8e-9ddf-455a-8186-a5848e211349,Role 2,2012-03-24 02:48:04.039326,64,1,res_253d6c8e-9ddf-455a-8186-a5848e211349,2012-03-23 23:14:22.906186,0.0
Case25,Turning & Milling Q.C.,res_7c021aac-0c7c-413b-b6c5-c4b22bb8e25d,Role 3,2012-03-24 03:39:36.282794,64,0,res_7c021aac-0c7c-413b-b6c5-c4b22bb8e25d,2012-03-24 01:01:51.512256,0.25
Case15,Final Inspection Q.C.,res_ddb830ac-2ecc-4df4-b4ed-ea1882e6898f,Role 3,2012-03-24 03:40:15.056550,64,2,res_ddb830ac-2ecc-4df4-b4ed-ea1882e6898f,2012-03-24 01:47:39.879330,0.5
Case41,Turning & Milling Q.C.,res_6e49ca22-8e95-46c6-ba41-96bd0ccc84aa,Role 3,2012-03-24 04:44:45.397686,63,1,res_6e49ca22-8e95-46c6-ba41-96bd0ccc84aa,2012-03-24 03:22:14.498788,0.5
Case45,Flat Grinding,res_970190d3-3a79-4c78-b10a-39f512b462ce,Role 5,2012-03-24 05:09:55.968590,63,0,res_970190d3-3a79-4c78-b10a-39f512b462ce,2012-03-24 03:00:40.358021,0.0
Case36,Round Grinding,res_3921b31a-d839-4fff-8fe0-87d71eef8ea1,Role 2,2012-03-24 05:27:10.805755,63,2,res_3921b31a-d839-4fff-8fe0-87d71eef8ea1,2012-03-24 02:48:02.828455,0.125
Case44,Round Grinding,res_98ea462c-2a59-4a78-a9f5-7c60586e41e2,Role 2,2012-03-24 05:27:41.853281,63,2,res_98ea462c-2a59-4a78-a9f5-7c60586e41e2,2012-03-24 03:14:01.163266,0.125
Case17,Final Inspection Q.C.,res_7c021aac-0c7c-413b-b6c5-c4b22bb8e25d,Role 3,2012-03-24 05:50:02.816671,63,1,res_7c021aac-0c7c-413b-b6c5-c4b22bb8e25d,2012-03-24 04:30:27.909464,0.25
Case42,Round Grinding,res_253d6c8e-9ddf-455a-8186-a5848e211349,Role 2,2012-03-24 07:29:54.604149,63,1,res_253d6c8e-9ddf-455a-8186-a5848e211349,2012-03-24 05:31:55.258738,0.0
Case44,Round Grinding,res_98ea462c-2a59-4a78-a9f5-7c60586e41e2,Role 2,2012-03-24 08:04:40.479068,63,2,res_98ea462c-2a59-4a78-a9f5-7c60586e41e2,2012-03-24 06:00:07.706941,0.125
Case45,Laser Marking,res_970190d3-3a79-4c78-b10a-39f512b462ce,Role 5,2012-03-24 08:20:02.588584,63,0,res_970190d3-3a79-4c78-b10a-39f512b462ce,2012-03-24 06:16:35.943763,0.0
Case33,Turning & Milling Q.C.,res_7c021aac-0c7c-413b-b6c5-c4b22bb8e25d,Role 3,2012-03-24 09:26:23.348023,63,0,res_7c021aac-0c7c-413b-b6c5-c4b22bb8e25d,2012-03-24 08:07:43.721679,0.0
Case37,Packing,res_9fca8b8c-d456-45a0-a40b-5ef052864531,Role 4,2012-03-24 09:57:33.941874,63,0,res_9fca8b8c-d456-45a0-a40b-5ef052864531,2012-03-24 08:17:36.677558,0.0
Case35,Final Inspection Q.C.,res_ddb830ac-2ecc-4df4-b4ed-ea1882e6898f,Role 3,2012-03-24 10:08:47.166818,63,1,res_ddb830ac-2ecc-4df4-b4ed-ea1882e6898f,2012-03-24 08:32:39.725407,0.25
Case43,Packing,res_d9179efc-13a0-4f64-95b5-cdad486a0c45,Role 4,2012-03-24 10:45:45.061884,63,1,res_d9179efc-13a0-4f64-95b5-cdad486a0c45,2012-03-24 09:25:10.183544,0.3333333333333333
Case45,Round Grinding,res_4344ee96-c738-4415-bbd5-77afd074bc62,Role 2,2012-03-24 11:07:12.805557,63,1,res_4344ee96-c738-4415-bbd5-77afd074bc62,2012-03-24 09:08:24.098049,0.0
Case40,Turning & Milling Q.C.,res_7c021aac-0c7c-413b-b6c5-c4b22bb8e25d,Role 3,2012-03-24 11:12:07.491488,63,0,res_7c021aac-0c7c-413b-b6c5-c4b22bb8e25d,2012-03-24 09:42:14.975715,0.25
Case21,Packing,res_98504fcc-d2d4-4790-a68d-69e64c661e03,Role 4,2012-03-24 12:24:50.856872,62,0,res_98504fcc-d2d4-4790-a68d-69e64c661e03,2012-03-24 11:07:44.711724,0.0
Case45,Final Inspection Q.C.,res_7c021aac-0c7c-413b-b6c5-c4b22bb8e25d,Role 3,2012-03-24 13:36:22.538448,62,2,res_7c021aac-0c7c-413b-b6c5-c4b22bb8e25d,2012-03-24 12:10:45.087060,0.25
Case34,Final Inspection Q.C.,res_6e49ca22-8e95-46c6-ba41-96bd0ccc84aa,Role 3,2012-03-24 13:38:48.473770,62,1,res_6e49ca22-8e95-46c6-ba41-96bd0ccc84aa,2012-03-24 12:03:28.678556,0.0
Case25,Lapping,res_481e7f0e-70f9-45c8-a108-d019c45c6dc8,Role 5,2012-03-24 15:19:07.538271,62,0,res_481e7f0e-70f9-45c8-a108-d019c45c6dc8,2012-03-24 13:55:05.262042,0.0
Case38,Final Inspection Q.C.,res_7c021aac-0c7c-413b-b6c5-c4b22bb8e25d,Role 3,2012-03-24 15:47:52.365157,62,1,res_7c021aac-0c7c-413b-b6c5-c4b22bb8e25d,2012-03-24 14:27:43.982849,0.25
Case31,Turning & Milling Q.C.,res_7c021aac-0c7c-413b-b6c5-c4b22bb8e25d,Role 3,2012-03-24 15:51:05.805314,62,0,res_7c021aac-0c7c-413b-b6c5-c4b22bb8e25d,2012-03-24 14:22:12.718714,0.0
Case18,Packing,res_9fca8b8c-d456-45a0-a40b-5ef052864531,Role 4,2012-03-24 15:52:01.647975,62,0,res_9fca8b8c-d456-45a0-a40b-5ef052864531,2012-03-24 14:32:22.689959,0.0
Case27,Packing,res_d9179efc-13a0-4f64-95b5-cdad486a0c45,Role 4,2012-03-24 16:28:21.591935,62,1,res_d9179efc-13a0-4f64-95b5-cdad486a0c45,2012-03-24 15:12:57.087698,0.3333333333333333
Case23,Flat Grinding,res_970190d3-3a79-4c78-b10a-39f512b462ce,Role 5,2012-03-24 17:11:30.490131,61,0,res_970190d3-3a79-4c78-b10a-39f512b462ce,2012-03-24 15:54:31.712882,0.0
Case40,Turning & Milling,res_5feb0975-ac69-46e4-b52b-f141adee2051,Role 1,2012-03-24 17:25:05.553089,62,2,res_5feb0975-ac69-46e4-b52b-f141adee2051,2012-03-24 14:21:02.592803,0.0
Case6,Final Inspection Q.C.,res_7c021aac-0c7c-413b-b6c5-c4b22bb8e25d,Role 3,2012-03-24 17:32:26.482973,61,1,res_7c021aac-0c7c-413b-b6c5-c4b22bb8e25d,2012-03-24 16:17:05.270538,0.0
Case36,Packing,res_98504fcc-d2d4-4790-a68d-69e64c661e03,Role 4,2012-03-24 18:11:47.495555,61,0,res_98504fcc-d2d4-4790-a68d-69e64c661e03,2012-03-24 16:54:46.325357,0.0
Case44,Packing,res_9fca8b8c-d456-45a0-a40b-5ef052864531,Role 4,2012-03-24 19:00:15.281209,61,1,res_9fca8b8c-d456-45a0-a40b-5ef052864531,2012-03-24 17:42:14.815973,0.3333333333333333
Case15,Packing,res_9fca8b8c-d456-45a0-a40b-5ef052864531,Role 4,2012-03-24 20:07:13.394720,61,1,res_9fca8b8c-d456-45a0-a40b-5ef052864531,2012-03-24 18:48:48.471278,0.3333333333333333
Case40,Turning & Milling Q.C.,res_7c021aac-0c7c-413b-b6c5-c4b22bb8e25d,Role 3,2012-03-24 20:12:06.354593,61,0,res_7c021aac-0c7c-413b-b6c5-c4b22bb8e25d,2012-03-24 18:44:03.447547,0.0
Case41,Turning & Milling Q.C.,res_bd155153-318b-4dd7-bf49-22961fc0151a,Role 3,2012-03-24 20:36:33.949432,61,1,res_bd155153-318b-4dd7-bf49-22961fc0151a,2012-03-24 19:13:51.059783,0.25
Case17,Packing,res_9fca8b8c-d456-45a0-a40b-5ef052864531,Role 4,2012-03-24 21:44:32.856999,61,0,res_9fca8b8c-d456-45a0-a40b-5ef052864531,2012-03-24 20:25:49.100571,0.0
Case37,Final Inspection Q.C.,res_bd155153-318b-4dd7-bf49-22961fc0151a,Role 3,2012-03-24 21:50:15.689495,61,1,res_bd155153-318b-4dd7-bf49-22961fc0151a,2012-03-24 20:25:20.243297,0.25
Case24,Packing,res_98504fcc-d2d4-4790-a68d-69e64c661e03,Role 4,2012-03-24 21:52:40.315650,61,1,res_98504fcc-d2d4-4790-a68d-69e64c661e03,2012-03-24 20:38:43.960473,0.3333333333333333
Case25,Round Grinding,res_253d6c8e-9ddf-455a-8186-a5848e211349,Role 2,2012-03-24 21:58:30.019425,61,1,res_253d6c8e-9ddf-455a-8186-a5848e211349,2012-03-24 19:50:58.369995,0.0
Case45,Packing,res_9fca8b8c-d456-45a0-a40b-5ef052864531,Role 4,2012-03-24 23:16:45.255811,61,2,res_9fca8b8c-d456-45a0-a40b-5ef052864531,2012-03-24 21:31:18.156741,0.6666666666666666
Case40,Round Grinding,res_253d6c8e-9ddf-455a-8186-a5848e211349,Role 2,2012-03-24 23:18:41.755521,61,2,res_253d6c8e-9ddf-455a-8186-a5848e211349,2012-03-24 21:19:41.023311,0.125
Case43,Final Inspection Q.C.,res_7c021aac-0c7c-413b-b6c5-c4b22bb8e25d,Role 3,2012-03-25 01:28:34.297193,60,1,res_7c021aac-0c7c-413b-b6c5-c4b22bb8e25d,2012-03-24 23:56:23.041111,0.0
Case34,Final Inspection Q.C.,res_6e49ca22-8e95-46c6-ba41-96bd0ccc84aa,Role 3,2012-03-25 01:55:32.559647,60,2,res_6e49ca22-8e95-46c6-ba41-96bd0ccc84aa,2012-03-25 00:24:08.735797,0.25
Case33,Turning & Milling Q.C.,res_bd155153-318b-4dd7-bf49-22961fc0151a,Role 3,2012-03-25 02:00:56.250929,60,0,res_bd155153-318b-4dd7-bf49-22961fc0151a,2012-03-25 00:42:33.360075,0.5
Case31,Turning & Milling,res_6fdaacf3-65f3-4c57-8562-fa8554311cd6,Role 1,2012-03-25 03:25:38.240233,60,2,res_6fdaacf3-65f3-4c57-8562-fa8554311cd6,2012-03-24 23:46:20.752646,0.0
Case21,Final Inspection Q.C.,res_ddb830ac-2ecc-4df4-b4ed-ea1882e6898f,Role 3,2012-03-25 03:40:32.752566,59,1,res_ddb830ac-2ecc-4df4-b4ed-ea1882e6898f,2012-03-25 02:11:54.768142,0.0
Case40,Final Inspection Q.C.,res_7c021aac-0c7c-413b-b6c5-c4b22bb8e25d,Role 3,2012-03-25 03:56:31.093482,59,2,res_7c021aac-0c7c-413b-b6c5-c4b22bb8e25d,2012-03-25 02:27:05.483713,0.25
Case27,Final Inspection Q.C.,res_ddb830ac-2ecc-4df4-b4ed-ea1882e6898f,Role 3,2012-03-25 07:24:28.535931,59,1,res_ddb830ac-2ecc-4df4-b4ed-ea1882e6898f,2012-03-25 06:03:38.007364,0.0
Case38,Packing,res_d9179efc-13a0-4f64-95b5-cdad486a0c45,Role 4,2012-03-25 09:16:41.868735,59,0,res_d9179efc-13a0-4f64-95b5-cdad486a0c45,2012-03-25 07:53:16.658216,0.0
Case41,Turning & Milling,res_b8c51f92-dc35-4f20-a821-fdb164b8ae09,Role 1,2012-03-25 09:48:03.058839,59,2,res_b8c51f92-dc35-4f20-a821-fdb164b8ae09,2012-03-25 07:35:27.920802,0.0
Case23,Flat Grinding,res_970190d3-3a79-4c78-b10a-39f512b462ce,Role 5,2012-03-25 09:52:19.099623,59,0,res_970190d3-3a79-4c78-b10a-39f512b462ce,2012-03-25 08:29:23.350182,0.0
Case36,Final Inspection Q.C.,res_ddb830ac-2ecc-4df4-b4ed-ea1882e6898f,Role 3,2012-03-25 10:01:47.514490,59,1,res_ddb830ac-2ecc-4df4-b4ed-ea1882e6898f,2012-03-25 08:40:57.633628,0.0
Case44,Final Inspection Q.C.,res_7c021aac-0c7c-413b-b6c5-c4b22bb8e25d,Role 3,2012-03-25 10:41:47.995764,59,2,res_7c021aac-0c7c-413b-b6c5-c4b22bb8e25d,2012-03-25 09:18:21.734790,0.25
Case25,Packing,res_d9179efc-13a0-4f64-95b5-cdad486a0c45,Role 4,2012-03-25 12:41:54.616548,58,0,res_d9179efc-13a0-4f64-95b5-cdad486a0c45,2012-03-25 11:23:46.108143,0.0
Case45,Final Inspection Q.C.,res_7c021aac-0c7c-413b-b6c5-c4b22bb8e25d,Role 3,2012-03-25 13:35:34.286038,58,1,res_7c021aac-0c7c-413b-b6c5-c4b22bb8e25d,2012-03-25 12:14:00.821792,0.0
Case17,Final Inspection Q.C.,res_ddb830ac-2ecc-4df4-b4ed-ea1882e6898f,Role 3,2012-03-25 13:39:56.129506,58,2,res_ddb830ac-2ecc-4df4-b4ed-ea1882e6898f,2012-03-25 12:23:28.054873,0.25
Case37,Packing,res_9fca8b8c-d456-45a0-a40b-5ef052864531,Role 4,2012-03-25 14:04:43.042506,58,0,res_9fca8b8c-d456-45a0-a40b-5ef052864531,2012-03-25 12:49:02.519736,0.0
Case41,Laser Marking,res_970190d3-3a79-4c78-b10a-39f512b462ce,Role 5,2012-03-25 14:36:38.961204,58,0,res_970190d3-3a79-4c78-b10a-39f512b462ce,2012-03-25 13:06:40.274658,0.0
Case6,Final Inspection Q.C.,res_bd155153-318b-4dd7-bf49-22961fc0151a,Role 3,2012-03-25 15:51:48.891984,58,1,res_bd155153-318b-4dd7-bf49-22961fc0151a,2012-03-25 14:34:44.467504,0.0
Case42,Packing,res_98504fcc-d2d4-4790-a68d-69e64c661e03,Role 4,2012-03-25 16:18:02.336433,58,0,res_98504fcc-d2d4-4790-a68d-69e64c661e03,2012-03-25 15:01:45.696409,0.0
Case15,Packing,res_98504fcc-d2d4-4790-a68d-69e64c661e03,Role 4,2012-03-25 17:21:28.294108,58,1,res_98504fcc-d2d4-4790-a68d-69e64c661e03,2012-03-25 16:03:02.351798,0.3333333333333333
Case33,Laser Marking,res_481e7f0e-70f9-45c8-a108-d019c45c6dc8,Role 5,2012-03-25 17:31:22.917656,58,0,res_481e7f0e-70f9-45c8-a108-d019c45c6dc8,2012-03-25 16:11:51.438877,0.0
Case31,Turning & Milling Q.C.,res_ddb830ac-2ecc-4df4-b4ed-ea1882e6898f,Role 3,2012-03-25 18:01:59.259838,58,0,res_ddb830ac-2ecc-4df4-b4ed-ea1882e6898f,2012-03-25 16:38:39.851496,0.0
Case40,Packing,res_9fca8b8c-d456-45a0-a40b-5ef052864531,Role 4,2012-03-25 18:50:36.462458,58,0,res_9fca8b8c-d456-45a0-a40b-5ef052864531,2012-03-25 17:34:52.971892,0.0
Case43,Packing,res_98504fcc-d2d4-4790-a68d-69e64c661e03,Role 4,2012-03-25 18:59:36.046416,58,1,res_98504fcc-d2d4-4790-a68d-69e64c661e03,2012-03-25 17:44:05.932407,0.3333333333333333
Case41,Flat Grinding,res_481e7f0e-70f9-45c8-a108-d019c45c6dc8,Role 5,2012-03-25 21:03:42.757266,58,0,res_481e7f0e-70f9-45c8-a108-d019c45c6dc8,2012-03-25 19:33:47.679343,0.0
Case21,Packing,res_98504fcc-d2d4-4790-a68d-69e64c661e03,Role 4,2012-03-25 23:40:45.498056,58,0,res_98504fcc-d2d4-4790-a68d-69e64c661e03,2012-03-25 22:22:50.735094,0.0
Case45,Final Inspection Q.C.,res_bd155153-318b-4dd7-bf49-22961fc0151a,Role 3,2012-03-26 00:35:58.792747,58,1,res_bd155153-318b-4dd7-bf49-22961fc0151a,2012-03-25 23:13:50.820291,0.0
Case38,Packing,res_9fca8b8c-d456-45a0-a40b-5ef052864531,Role 4,2012-03-26 01:15:03.907983,58,0,res_9fca8b8c-d456-45a0-a40b-5ef052864531,2012-03-25 23:56:37.503295,0.0
Case27,Packing,res_9fca8b8c-d456-45a0-a40b-5ef052864531,Role 4,2012-03-26 01:44:46.959524,58,1,res_9fca8b8c-d456-45a0-a40b-5ef052864531,2012-03-26 00:25:49.336220,0.3333333333333333
Case23,Flat Grinding,res_481e7f0e-70f9-45c8-a108-d019c45c6dc8,Role 5,2012-03-26 02:46:16.704167,57,0,res_481e7f0e-70f9-45c8-a108-d019c45c6dc8,2012-03-26 01:03:22.187812,0.0
Case33,Laser Marking,res_481e7f0e-70f9-45c8-a108-d019c45c6dc8,Role 5,2012-03-26 02:51:57.433368,57,0,res_481e7f0e-70f9-45c8-a108-d019c45c6dc8,2012-03-26 01:23:41.969038,0.5
Case36,Final Inspection Q.C.,res_6e49ca22-8e95-46c6-ba41-96bd0ccc84aa,Role 3,2012-03-26 03:37:13.095310,57,1,res_6e49ca22-8e95-46c6-ba41-96bd0ccc84aa,2012-03-26 01:53:08.333791,0.0
Case25,Final Inspection Q.C.,res_6e49ca22-8e95-46c6-ba41-96bd0ccc84aa,Role 3,2012-03-26 04:11:22.329494,57,2,res_6e49ca22-8e95-46c6-ba41-96bd0ccc84aa,2012-03-26 02:46:55.691487,0.25
Case17,Final Inspection Q.C.,res_6e49ca22-8e95-46c6-ba41-96bd0ccc84aa,Role 3,2012-03-26 04:45:13.915607,57,3,res_6e49ca22-8e95-46c6-ba41-96bd0ccc84aa,2012-03-26 03:27:19.732299,0.5
Case37,Final Inspection Q.C.,res_bd155153-318b-4dd7-bf49-22961fc0151a,Role 3,2012-03-26 07:16:35.200490,56,1,res_bd155153-318b-4dd7-bf49-22961fc0151a,2012-03-26 05:56:53.748311,0.0
Case41,Flat Grinding,res_970190d3-3a79-4c78-b10a-39f512b462ce,Role 5,2012-03-26 07:22:46.038541,56,0,res_970190d3-3a79-4c78-b10a-39f512b462ce,2012-03-26 05:40:27.050652,0.0
Case31,Turning & Milling Q.C.,res_6e49ca22-8e95-46c6-ba41-96bd0ccc84aa,Role 3,2012-03-26 09:17:56.173170,55,0,res_6e49ca22-8e95-46c6-ba41-96bd0ccc84aa,2012-03-26 07:59:11.123377,0.0
Case6,Final Inspection Q.C.,res_7c021aac-0c7c-413b-b6c5-c4b22bb8e25d,Role 3,2012-03-26 09:35:33.276260,55,1,res_7c021aac-0c7c-413b-b6c5-c4b22bb8e25d,2012-03-26 08:19:48.693404,0.25
Case15,Packing,res_98504fcc-d2d4-4790-a68d-69e64c661e03,Role 4,2012-03-26 09:45:46.597115,55,0,res_98504fcc-d2d4-4790-a68d-69e64c661e03,2012-03-26 08:28:48.661290,0.0
Case42,Final Inspection Q.C.,res_ddb830ac-2ecc-4df4-b4ed-ea1882e6898f,Role 3,2012-03-26 10:58:18.111078,55,1,res_ddb830ac-2ecc-4df4-b4ed-ea1882e6898f,2012-03-26 09:41:12.848403,0.0
Case40,Final Inspection Q.C.,res_ddb830ac-2ecc-4df4-b4ed-ea1882e6898f,Role 3,2012-03-26 11:56:33.940981,54,2,res_ddb830ac-2ecc-4df4-b4ed-ea1882e6898f,2012-03-26 10:38:27.864856,0.25
Case43,Packing,res_9fca8b8c-d456-45a0-a40b-5ef052864531,Role 4,2012-03-26 13:03:04.838527,54,0,res_9fca8b8c-d456-45a0-a40b-5ef052864531,2012-03-26 11:46:38.947239,0.0
Case33,Lapping,res_481e7f0e-70f9-45c8-a108-d019c45c6dc8,Role 5,2012-03-26 15:43:05.595342,54,0,res_481e7f0e-70f9-45c8-a108-d019c45c6dc8,2012-03-26 14:20:20.115556,0.0
Case38,Packing,res_9fca8b8c-d456-45a0-a40b-5ef052864531,Role 4,2012-03-26 16:13:39.365373,54,0,res_9fca8b8c-d456-45a0-a40b-5ef052864531,2012-03-26 14:57:51.126637,0.0
Case23,Flat Grinding,res_970190d3-3a79-4c78-b10a-39f512b462ce,Role 5,2012-03-26 16:51:22.604728,54,0,res_970190d3-3a79-4c78-b10a-39f512b462ce,2012-03-26 15:34:31.839012,0.5
Case21,Packing,res_9fca8b8c-d456-45a0-a40b-5ef052864531,Role 4,2012-03-26 18:17:48.354002,54,0,res_9fca8b8c-d456-45a0-a40b-5ef052864531,2012-03-26 17:00:56.237865,0.0
Case27,Packing,res_98504fcc-d2d4-4790-a68d-69e64c661e03,Role 4,2012-03-26 19:12:18.103627,54,1,res_98504fcc-d2d4-4790-a68d-69e64c661e03,2012-03-26 17:56:11.606683,0.3333333333333333
Case17,Final Inspection Q.C.,res_bd155153-318b-4dd7-bf49-22961fc0151a,Role 3,2012-03-26 20:32:38.854931,54,1,res_bd155153-318b-4dd7-bf49-22961fc0151a,2012-03-26 19:14:40.866888,0.0
Case25,Packing,res_d9179efc-13a0-4f64-95b5-cdad486a0c45,Role 4,2012-03-26 21:07:53.562306,54,0,res_d9179efc-13a0-4f64-95b5-cdad486a0c45,2012-03-26 19:51:02.787794,0.0
Case41,Flat Grinding,res_970190d3-3a79-4c78-b10a-39f512b462ce,Role 5,2012-03-26 21:27:07.905611,54,0,res_970190d3-3a79-4c78-b10a-39f512b462ce,2012-03-26 20:03:46.007356,0.0
Case33,Round Grinding,res_253d6c8e-9ddf-455a-8186-a5848e211349,Role 2,2012-03-26 21:28:01.727828,54,1,res_253d6c8e-9ddf-455a-8186-a5848e211349,2012-03-26 19:54:11.393351,0.0
Case31,Turning & Milling,res_8cb1380f-3283-45ca-9301-fb888ff96bc6,Role 1,2012-03-27 00:35:46.018073,54,2,res_8cb1380f-3283-45ca-9301-fb888ff96bc6,2012-03-26 22:38:57.292007,0.0
Case33,Round Grinding,res_877906e5-4add-4603-aa1f-b6542907de34,Role 2,2012-03-27 00:44:38.424533,54,1,res_877906e5-4add-4603-aa1f-b6542907de34,2012-03-26 22:50:55.403612,0.0
Case6,Final Inspection Q.C.,res_6e49ca22-8e95-46c6-ba41-96bd0ccc84aa,Role 3,2012-03-27 02:38:25.003343,54,2,res_6e49ca22-8e95-46c6-ba41-96bd0ccc84aa,2012-03-27 01:22:16.759347,0.25
Case42,Final Inspection Q.C.,res_bd155153-318b-4dd7-bf49-22961fc0151a,Role 3,2012-03-27 02:42:24.460989,54,1,res_bd155153-318b-4dd7-bf49-22961fc0151a,2012-03-27 01:18:05.076766,0.0
Case33,Round Grinding,res_b46b28ce-a57d-4731-88dd-43ba40d2971f,Role 2,2012-03-27 03:46:13.405378,54,1,res_b46b28ce-a57d-4731-88dd-43ba40d2971f,2012-03-27 01:33:57.667814,0.0
Case43,Packing,res_98504fcc-d2d4-4790-a68d-69e64c661e03,Role 4,2012-03-27 05:13:46.750415,53,0,res_98504fcc-d2d4-4790-a68d-69e64c661e03,2012-03-27 03:55:09.504997,0.0
Case40,Packing,res_d9179efc-13a0-4f64-95b5-cdad486a0c45,Role 4,2012-03-27 05:36:55.944099,53,1,res_d9179efc-13a0-4f64-95b5-cdad486a0c45,2012-03-27 04:18:08.978395,0.3333333333333333
Case31,Turning & Milling,res_6fdaacf3-65f3-4c57-8562-fa8554311cd6,Role 1,2012-03-27 06:54:43.601876,53,2,res_6fdaacf3-65f3-4c57-8562-fa8554311cd6,2012-03-27 04:43:42.130486,0.0
Case23,Lapping,res_481e7f0e-70f9-45c8-a108-d019c45c6dc8,Role 5,2012-03-27 07:51:39.845535,53,0,res_481e7f0e-70f9-45c8-a108-d019c45c6dc8,2012-03-27 06:14:53.656038,0.0
Case33,Final Inspection Q.C.,res_bd155153-318b-4dd7-bf49-22961fc0151a,Role 3,2012-03-27 08:32:13.495952,53,1,res_bd155153-318b-4dd7-bf49-22961fc0151a,2012-03-27 06:52:51.491051,0.0
Case38,Packing,res_d9179efc-13a0-4f64-95b5-cdad486a0c45,Role 4,2012-03-27 09:05:32.310946,53,0,res_d9179efc-13a0-4f64-95b5-cdad486a0c45,2012-03-27 07:48:09.676783,0.0
Case21,Final Inspection Q.C.,res_7c021aac-0c7c-413b-b6c5-c4b22bb8e25d,Role 3,2012-03-27 10:00:24.127967,53,1,res_7c021aac-0c7c-413b-b6c5-c4b22bb8e25d,2012-03-27 08:40:08.355587,0.0
Case17,Final Inspection Q.C.,res_ddb830ac-2ecc-4df4-b4ed-ea1882e6898f,Role 3,2012-03-27 10:36:16.781873,52,2,res_ddb830ac-2ecc-4df4-b4ed-ea1882e6898f,2012-03-27 09:19:05.797779,0.25
Case27,Packing,res_98504fcc-d2d4-4790-a68d-69e64c661e03,Role 4,2012-03-27 11:17:52.100923,52,0,res_98504fcc-d2d4-4790-a68d-69e64c661e03,2012-03-27 09:59:38.943533,0.0
Case31,Round Grinding,res_b46b28ce-a57d-4731-88dd-43ba40d2971f,Role 2,2012-03-27 11:34:16.141716,52,1,res_b46b28ce-a57d-4731-88dd-43ba40d2971f,2012-03-27 09:41:35.027708,0.0
Case41,Flat Grinding,res_970190d3-3a79-4c78-b10a-39f512b462ce,Role 5,2012-03-27 13:24:16.952124,51,0,res_970190d3-3a79-4c78-b10a-39f512b462ce,2012-03-27 12:06:08.636022,0.0
Case25,Packing,res_9fca8b8c-d456-45a0-a40b-5ef052864531,Role 4,2012-03-27 14:53:44.282921,51,0,res_9fca8b8c-d456-45a0-a40b-5ef052864531,2012-03-27 13:36:28.255825,0.0
Case31,Final Inspection Q.C.,res_7c021aac-0c7c-413b-b6c5-c4b22bb8e25d,Role 3,2012-03-27 15:44:43.069997,51,1,res_7c021aac-0c7c-413b-b6c5-c4b22bb8e25d,2012-03-27 14:23:24.021752,0.0
Case6,Final Inspection Q.C.,res_7c021aac-0c7c-413b-b6c5-c4b22bb8e25d,Role 3,2012-03-27 18:14:45.324029,50,1,res_7c021aac-0c7c-413b-b6c5-c4b22bb8e25d,2012-03-27 16:59:28.331774,0.0
Case43,Packing,res_9fca8b8c-d456-45a0-a40b-5ef052864531,Role 4,2012-03-27 19:52:29.209525,50,0,res_9fca8b8c-d456-45a0-a40b-5ef052864531,2012-03-27 18:35:48.456246,0.0
Case23,Round Grinding,res_253d6c8e-9ddf-455a-8186-a5848e211349,Role 2,2012-03-27 20:22:21.503753,50,1,res_253d6c8e-9ddf-455a-8186-a5848e211349,2012-03-27 18:48:15.837263,0.0
Case40,Packing,res_d9179efc-13a0-4f64-95b5-cdad486a0c45,Role 4,2012-03-27 20:56:50.972994,50,1,res_d9179efc-13a0-4f64-95b5-cdad486a0c45,2012-03-27 19:40:16.302643,0.3333333333333333
Case33,Packing,res_98504fcc-d2d4-4790-a68d-69e64c661e03,Role 4,2012-03-27 22:12:42.169869,49,1,res_98504fcc-d2d4-4790-a68d-69e64c661e03,2012-03-27 20:53:38.948611,0.3333333333333333
Case41,Round Grinding,res_3921b31a-d839-4fff-8fe0-87d71eef8ea1,Role 2,2012-03-27 23:14:46.912610,49,1,res_3921b31a-d839-4fff-8fe0-87d71eef8ea1,2012-03-27 21:36:27.652853,0.0
Case23,Round Grinding,res_773e95d4-46b3-4dd6-a89b-3152bc9d794c,Role 2,2012-03-28 01:28:32.192400,49,1,res_773e95d4-46b3-4dd6-a89b-3152bc9d794c,2012-03-27 23:26:45.612138,0.0
Case17,Final Inspection Q.C.,res_7c021aac-0c7c-413b-b6c5-c4b22bb8e25d,Role 3,2012-03-28 01:44:54.870821,49,1,res_7c021aac-0c7c-413b-b6c5-c4b22bb8e25d,2012-03-28 00:24:18.511850,0.0
Case27,Packing,res_9fca8b8c-d456-45a0-a40b-5ef052864531,Role 4,2012-03-28 03:51:51.775870,48,0,res_9fca8b8c-d456-45a0-a40b-5ef052864531,2012-03-28 02:34:08.089686,0.0
Case31,Packing,res_98504fcc-d2d4-4790-a68d-69e64c661e03,Role 4,2012-03-28 04:21:53.396352,48,1,res_98504fcc-d2d4-4790-a68d-69e64c661e03,2012-03-28 03:00:55.528796,0.3333333333333333
Case41,Round Grinding,res_4344ee96-c738-4415-bbd5-77afd074bc62,Role 2,2012-03-28 05:34:16.821552,48,1,res_4344ee96-c738-4415-bbd5-77afd074bc62,2012-03-28 03:22:54.507479,0.0
Case6,Final Inspection Q.C.,res_7c021aac-0c7c-413b-b6c5-c4b22bb8e25d,Role 3,2012-03-28 08:51:55.565497,47,1,res_7c021aac-0c7c-413b-b6c5-c4b22bb8e25d,2012-03-28 07:33:00.210240,0.0
Case40,Packing,res_d9179efc-13a0-4f64-95b5-cdad486a0c45,Role 4,2012-03-28 11:52:34.124132,47,0,res_d9179efc-13a0-4f64-95b5-cdad486a0c45,2012-03-28 10:37:05.790110,0.0
Case33,Final Inspection Q.C.,res_7c021aac-0c7c-413b-b6c5-c4b22bb8e25d,Role 3,2012-03-28 12:27:24.929069,47,1,res_7c021aac-0c7c-413b-b6c5-c4b22bb8e25d,2012-03-28 11:06:52.904624,0.0
Case23,Packing,res_98504fcc-d2d4-4790-a68d-69e64c661e03,Role 4,2012-03-28 14:45:20.526718,47,0,res_98504fcc-d2d4-4790-a68d-69e64c661e03,2012-03-28 13:26:09.480779,0.0
Case41,Final Inspection Q.C.,res_ddb830ac-2ecc-4df4-b4ed-ea1882e6898f,Role 3,2012-03-28 14:53:27.044268,47,1,res_ddb830ac-2ecc-4df4-b4ed-ea1882e6898f,2012-03-28 13:34:06.748786,0.0
Case31,Final Inspection Q.C.,res_ddb830ac-2ecc-4df4-b4ed-ea1882e6898f,Role 3,2012-03-28 18:03:07.366177,47,1,res_ddb830ac-2ecc-4df4-b4ed-ea1882e6898f,2012-03-28 16:43:43.250414,0.0
Case6,Final Inspection Q.C.,res_6e49ca22-8e95-46c6-ba41-96bd0ccc84aa,Role 3,2012-03-28 23:16:31.196393,46,1,res_6e49ca22-8e95-46c6-ba41-96bd0ccc84aa,2012-03-28 21:54:10.746790,0.0
Case40,Final Inspection Q.C.,res_bd155153-318b-4dd7-bf49-22961fc0151a,Role 3,2012-03-29 02:52:38.384695,45,1,res_bd155153-318b-4dd7-bf49-22961fc0151a,2012-03-29 01:31:16.142777,0.0
Case33,Final Inspection Q.C.,res_ddb830ac-2ecc-4df4-b4ed-ea1882e6898f,Role 3,2012-03-29 03:06:43.756146,45,2,res_ddb830ac-2ecc-4df4-b4ed-ea1882e6898f,2012-03-29 01:37:19.722489,0.25
Case23,Final Inspection Q.C.,res_7c021aac-0c7c-413b-b6c5-c4b22bb8e25d,Role 3,2012-03-29 03:13:26.939476,45,3,res_7c021aac-0c7c-413b-b6c5-c4b22bb8e25d,2012-03-29 01:53:15.134359,0.5
Case41,Packing,res_9fca8b8c-d456-45a0-a40b-5ef052864531,Role 4,2012-03-29 04:42:47.859933,44,0,res_9fca8b8c-d456-45a0-a40b-5ef052864531,2012-03-29 03:23:16.804415,0.0
Case33,Final Inspection Q.C.,res_7c021aac-0c7c-413b-b6c5-c4b22bb8e25d,Role 3,2012-03-29 17:24:29.188529,44,1,res_7c021aac-0c7c-413b-b6c5-c4b22bb8e25d,2012-03-29 16:08:51.462809,0.0
Case23,Packing,res_98504fcc-d2d4-4790-a68d-69e64c661e03,Role 4,2012-03-29 19:00:47.259836,43,0,res_98504fcc-d2d4-4790-a68d-69e64c661e03,2012-03-29 17:42:55.532573,0.0
Case41,Final Inspection Q.C.,res_7c021aac-0c7c-413b-b6c5-c4b22bb8e25d,Role 3,2012-03-29 19:45:39.980347,43,1,res_7c021aac-0c7c-413b-b6c5-c4b22bb8e25d,2012-03-29 18:25:37.621037,0.0
Case23,Packing,res_d9179efc-13a0-4f64-95b5-cdad486a0c45,Role 4,2012-03-30 13:52:19.166661,42,0,res_d9179efc-13a0-4f64-95b5-cdad486a0c45,2012-03-30 12:36:35.212337,0.0
Case23,Final Inspection Q.C.,res_bd155153-318b-4dd7-bf49-22961fc0151a,Role 3,2012-03-31 09:21:36.757234,42,1,res_bd155153-318b-4dd7-bf49-22961fc0151a,2012-03-31 08:04:53.233931,0.0
Case23,Final Inspection Q.C.,res_7c021aac-0c7c-413b-b6c5-c4b22bb8e25d,Role 3,2012-04-01 09:05:14.276361,42,1,res_7c021aac-0c7c-413b-b6c5-c4b22bb8e25d,2012-04-01 07:40:31.592018,0.0
