caseid,task,resource,role,end_timestamp,pr_instances,tsk_start_inst,res_id,start_timestamp,rp_start_oc
Case1,Grinding Rework,res_dc6ec240-97a8-4d36-a2c2-db1c8eba59d8,Role 2,2012-03-13 01:43:38.831747,42,0,res_dc6ec240-97a8-4d36-a2c2-db1c8eba59d8,2012-03-12 22:57:47.600000,0.0
Case2,Turn & Mill. & Screw Assem,res_23ea4a6a-ffc0-4264-a49a-0a81be16df02,Role 1,2012-03-13 03:09:19.557069,43,0,res_23ea4a6a-ffc0-4264-a49a-0a81be16df02,2012-03-13 00:16:34.400000,0.0
Case3,Turning & Milling Q.C.,res_efc7a21c-f2d9-4843-8b04-49403e3f4758,Role 3,2012-03-13 04:52:34.847935,44,0,res_efc7a21c-f2d9-4843-8b04-49403e3f4758,2012-03-13 02:06:39.800000,0.0
Case1,Turning & Milling,res_d104647a-ac01-4c67-bbfd-93c458a66fc5,Role 1,2012-03-13 06:00:04.692533,44,2,res_d104647a-ac01-4c67-bbfd-93c458a66fc5,2012-03-13 03:42:37.779727,0.0
Case1,Turning & Milling Q.C.,res_1f201fb6-42f2-487e-acc9-692f9021d889,Role 3,2012-03-13 08:12:47.224266,45,0,res_1f201fb6-42f2-487e-acc9-692f9021d889,2012-03-13 06:27:47.272334,0.25
Case4,Turning Q.C.,res_1f201fb6-42f2-487e-acc9-692f9021d889,Role 3,2012-03-13 08:37:36.697735,45,0,res_1f201fb6-42f2-487e-acc9-692f9021d889,2012-03-13 05:52:54.200000,0.0
Case3,Turning & Milling,res_64b46ba6-dbcd-409f-bfc0-381819580be4,Role 1,2012-03-13 09:55:08.015514,45,2,res_64b46ba6-dbcd-409f-bfc0-381819580be4,2012-03-13 07:49:11.773332,0.0
Case4,Turning,res_901f94b5-5b19-463b-a565-1c394e02b7a7,Role 1,2012-03-13 11:17:32.529312,45,0,res_901f94b5-5b19-463b-a565-1c394e02b7a7,2012-03-13 09:12:28.888364,0.07142857142857142
Case2,Turn & Mill. & Screw Assem,res_bb99c827-b34a-44c8-bbdb-267da0ed83d2,Role 1,2012-03-13 11:29:38.523796,45,0,res_bb99c827-b34a-44c8-bbdb-267da0ed83d2,2012-03-13 09:25:18.356781,0.14285714285714285
Case3,Turning & Milling,res_64b46ba6-dbcd-409f-bfc0-381819580be4,Role 1,2012-03-13 11:58:24.133369,45,2,res_64b46ba6-dbcd-409f-bfc0-381819580be4,2012-03-13 09:58:19.949977,0.14285714285714285
Case4,Turning Q.C.,res_5a28b345-6594-4b08-a56e-ed6855c3591f,Role 3,2012-03-13 12:49:46.796856,45,0,res_5a28b345-6594-4b08-a56e-ed6855c3591f,2012-03-13 11:26:23.982459,0.0
Case2,Turning & Milling Q.C.,res_0f3b9339-d57d-4a2a-b741-2aea0354b48d,Role 3,2012-03-13 13:03:45.482107,45,0,res_0f3b9339-d57d-4a2a-b741-2aea0354b48d,2012-03-13 11:42:59.009528,0.25
Case3,Lapping,res_a720b666-cacb-46ec-a0d7-37fb2f49989f,Role 5,2012-03-13 13:48:20.056394,45,0,res_a720b666-cacb-46ec-a0d7-37fb2f49989f,2012-03-13 12:14:33.190165,0.0
Case4,Turning,res_901f94b5-5b19-463b-a565-1c394e02b7a7,Role 1,2012-03-13 14:49:36.063003,46,0,res_901f94b5-5b19-463b-a565-1c394e02b7a7,2012-03-13 13:10:57.567258,0.07142857142857142
Case2,Turning & Milling,res_d104647a-ac01-4c67-bbfd-93c458a66fc5,Role 1,2012-03-13 14:57:12.760225,46,2,res_d104647a-ac01-4c67-bbfd-93c458a66fc5,2012-03-13 13:28:13.927330,0.14285714285714285
Case5,Turn & Mill. & Screw Assem,res_23ea4a6a-ffc0-4264-a49a-0a81be16df02,Role 1,2012-03-13 15:42:09.038225,46,0,res_23ea4a6a-ffc0-4264-a49a-0a81be16df02,2012-03-13 12:58:06.800000,0.0
Case3,Lapping,res_a720b666-cacb-46ec-a0d7-37fb2f49989f,Role 5,2012-03-13 15:47:16.328594,46,0,res_a720b666-cacb-46ec-a0d7-37fb2f49989f,2012-03-13 14:15:16.362106,0.0
Case1,Turning & Milling Q.C.,res_1f201fb6-42f2-487e-acc9-692f9021d889,Role 3,2012-03-13 16:31:51.446779,46,1,res_1f201fb6-42f2-487e-acc9-692f9021d889,2012-03-13 15:14:03.256447,0.25
Case4,Turning & Milling Q.C.,res_5a28b345-6594-4b08-a56e-ed6855c3591f,Role 3,2012-03-13 16:34:32.956760,46,0,res_5a28b345-6594-4b08-a56e-ed6855c3591f,2012-03-13 15:14:02.296425,0.0
Case2,Turning & Milling Q.C.,res_0f3b9339-d57d-4a2a-b741-2aea0354b48d,Role 3,2012-03-13 16:44:37.573869,46,2,res_0f3b9339-d57d-4a2a-b741-2aea0354b48d,2012-03-13 15:25:17.528121,0.5
Case3,Round Grinding,res_a474f559-dd82-4d4d-947c-0a62a957f30f,Role 2,2012-03-13 17:50:46.659172,46,1,res_a474f559-dd82-4d4d-947c-0a62a957f30f,2012-03-13 16:18:26.490080,0.0
Case5,Turning & Milling,res_d104647a-ac01-4c67-bbfd-93c458a66fc5,Role 1,2012-03-13 17:53:56.546847,46,2,res_d104647a-ac01-4c67-bbfd-93c458a66fc5,2012-03-13 15:52:21.783501,0.0
Case4,Turning & Milling,res_c9e62f02-2aa8-4c90-a380-1a6c1aed5b77,Role 1,2012-03-13 18:30:03.284261,47,4,res_c9e62f02-2aa8-4c90-a380-1a6c1aed5b77,2012-03-13 17:07:12.269272,0.14285714285714285
Case2,Turning & Milling Q.C.,res_1f201fb6-42f2-487e-acc9-692f9021d889,Role 3,2012-03-13 19:20:41.719413,47,1,res_1f201fb6-42f2-487e-acc9-692f9021d889,2012-03-13 18:04:59.307876,0.25
Case5,Turning & Milling Q.C.,res_5a28b345-6594-4b08-a56e-ed6855c3591f,Role 3,2012-03-13 19:23:40.805809,47,0,res_5a28b345-6594-4b08-a56e-ed6855c3591f,2012-03-13 18:00:31.363769,0.0
Case3,Round Grinding,res_fe194c84-ca1e-4108-b9cc-125a173b9442,Role 2,2012-03-13 19:34:29.320210,47,1,res_fe194c84-ca1e-4108-b9cc-125a173b9442,2012-03-13 18:11:36.707017,0.0
Case6,Turning & Milling,res_73812c67-b150-496d-aabc-45283e0f5f91,Role 1,2012-03-13 19:45:38.863324,47,3,res_73812c67-b150-496d-aabc-45283e0f5f91,2012-03-13 16:59:30.200000,0.07142857142857142
Case4,Laser Marking,res_a753e248-f5dc-41d2-8676-3762e647702f,Role 5,2012-03-13 20:09:00.210144,47,0,res_a753e248-f5dc-41d2-8676-3762e647702f,2012-03-13 18:48:05.126690,0.0
Case2,Turning & Milling,res_c9e62f02-2aa8-4c90-a380-1a6c1aed5b77,Role 1,2012-03-13 21:08:07.397277,47,2,res_c9e62f02-2aa8-4c90-a380-1a6c1aed5b77,2012-03-13 19:48:37.784204,0.0
Case3,Round Grinding,res_695b1248-e20f-4c40-b4c4-1946aa9e4715,Role 2,2012-03-13 21:22:57.560543,47,1,res_695b1248-e20f-4c40-b4c4-1946aa9e4715,2012-03-13 19:55:39.361895,0.0
Case4,Flat Grinding,res_a720b666-cacb-46ec-a0d7-37fb2f49989f,Role 5,2012-03-13 21:57:32.239413,47,0,res_a720b666-cacb-46ec-a0d7-37fb2f49989f,2012-03-13 20:40:17.008248,0.0
Case2,Turning & Milling,res_999e6d6c-b81f-46be-ad99-6558d8f0350d,Role 1,2012-03-13 23:12:53.474103,47,2,res_999e6d6c-b81f-46be-ad99-6558d8f0350d,2012-03-13 21:30:14.785888,0.0
Case3,Round Grinding,res_339f895a-7674-4177-9490-76251d142b7e,Role 2,2012-03-13 23:25:37.968522,47,1,res_339f895a-7674-4177-9490-76251d142b7e,2012-03-13 21:44:58.131420,0.0
Case4,Laser Marking,res_a720b666-cacb-46ec-a0d7-37fb2f49989f,Role 5,2012-03-14 00:03:51.140069,47,0,res_a720b666-cacb-46ec-a0d7-37fb2f49989f,2012-03-13 22:23:35.995818,0.0
Case5,Turning & Milling Q.C.,res_0f3b9339-d57d-4a2a-b741-2aea0354b48d,Role 3,2012-03-14 01:07:18.812039,47,0,res_0f3b9339-d57d-4a2a-b741-2aea0354b48d,2012-03-13 23:38:38.909835,0.0
Case2,Turning & Milling,res_901f94b5-5b19-463b-a565-1c394e02b7a7,Role 1,2012-03-14 01:24:18.368325,47,2,res_901f94b5-5b19-463b-a565-1c394e02b7a7,2012-03-13 23:31:47.867243,0.0
Case3,Round Grinding,res_dc6ec240-97a8-4d36-a2c2-db1c8eba59d8,Role 2,2012-03-14 01:41:43.783634,47,1,res_dc6ec240-97a8-4d36-a2c2-db1c8eba59d8,2012-03-13 23:48:40.902026,0.0
Case4,Round Grinding,res_339f895a-7674-4177-9490-76251d142b7e,Role 2,2012-03-14 02:23:37.301728,47,2,res_339f895a-7674-4177-9490-76251d142b7e,2012-03-14 00:30:19.718189,0.125
Case2,Flat Grinding,res_a753e248-f5dc-41d2-8676-3762e647702f,Role 5,2012-03-14 03:53:40.587575,47,0,res_a753e248-f5dc-41d2-8676-3762e647702f,2012-03-14 01:58:44.274436,0.0
Case4,Round Grinding,res_c45794a7-26fe-4913-87a4-053f0a648817,Role 2,2012-03-14 04:50:41.314751,47,1,res_c45794a7-26fe-4913-87a4-053f0a648817,2012-03-14 02:48:48.229470,0.0
Case1,Turning & Milling Q.C.,res_5a28b345-6594-4b08-a56e-ed6855c3591f,Role 3,2012-03-14 05:29:44.035744,47,0,res_5a28b345-6594-4b08-a56e-ed6855c3591f,2012-03-14 03:48:51.759394,0.0
Case6,Turning & Milling Q.C.,res_0f3b9339-d57d-4a2a-b741-2aea0354b48d,Role 3,2012-03-14 06:14:44.289217,47,1,res_0f3b9339-d57d-4a2a-b741-2aea0354b48d,2012-03-14 04:11:50.913809,0.25
Case2,Round Grinding,res_dc6ec240-97a8-4d36-a2c2-db1c8eba59d8,Role 2,2012-03-14 06:42:07.260000,47,2,res_dc6ec240-97a8-4d36-a2c2-db1c8eba59d8,2012-03-14 04:39:33.606143,0.125
Case6,Turning & Milling,res_58579a9a-0734-4260-ba60-6d5879dcf395,Role 1,2012-03-14 08:56:06.144441,47,2,res_58579a9a-0734-4260-ba60-6d5879dcf395,2012-03-14 06:50:00.454995,0.0
Case3,Packing,res_d787994f-df65-48b5-9334-1a5e096084f9,Role 4,2012-03-14 09:43:46.984523,47,0,res_d787994f-df65-48b5-9334-1a5e096084f9,2012-03-14 08:24:23.804808,0.0
Case6,Turning & Milling,res_864842e9-6193-4a5c-b1bb-5a831ab42c5b,Role 1,2012-03-14 11:23:00.006035,47,2,res_864842e9-6193-4a5c-b1bb-5a831ab42c5b,2012-03-14 09:20:23.363631,0.0
Case2,Final Inspection Q.C.,res_efc7a21c-f2d9-4843-8b04-49403e3f4758,Role 3,2012-03-14 12:07:15.228757,47,1,res_efc7a21c-f2d9-4843-8b04-49403e3f4758,2012-03-14 10:39:23.044156,0.0
Case4,Packing,res_ab6b8540-a8ce-4e57-937f-f99590a54a70,Role 4,2012-03-14 13:07:45.227183,47,0,res_ab6b8540-a8ce-4e57-937f-f99590a54a70,2012-03-14 11:47:57.408312,0.0
Case5,Round Grinding,res_339f895a-7674-4177-9490-76251d142b7e,Role 2,2012-03-14 13:21:05.668756,47,1,res_339f895a-7674-4177-9490-76251d142b7e,2012-03-14 11:55:30.240838,0.0
Case6,Turning & Milling,res_03e72c99-2c53-4b43-8d9d-0075f5c92d97,Role 1,2012-03-14 13:43:18.078131,47,2,res_03e72c99-2c53-4b43-8d9d-0075f5c92d97,2012-03-14 11:44:45.317798,0.0
Case6,Turning & Milling,res_73812c67-b150-496d-aabc-45283e0f5f91,Role 1,2012-03-14 16:45:38.565958,47,2,res_73812c67-b150-496d-aabc-45283e0f5f91,2012-03-14 14:06:22.854012,0.0
Case7,Turn & Mill. & Screw Assem,res_d104647a-ac01-4c67-bbfd-93c458a66fc5,Role 1,2012-03-14 16:55:40.035933,48,0,res_d104647a-ac01-4c67-bbfd-93c458a66fc5,2012-03-14 14:12:06.200000,0.07142857142857142
Case7,Turning & Milling,res_901f94b5-5b19-463b-a565-1c394e02b7a7,Role 1,2012-03-14 19:17:05.996522,48,3,res_901f94b5-5b19-463b-a565-1c394e02b7a7,2012-03-14 17:08:39.995529,0.07142857142857142
Case6,Turning & Milling,res_64b46ba6-dbcd-409f-bfc0-381819580be4,Role 1,2012-03-14 20:39:24.697850,48,2,res_64b46ba6-dbcd-409f-bfc0-381819580be4,2012-03-14 17:01:40.854259,0.0
Case7,Turning & Milling Q.C.,res_5a28b345-6594-4b08-a56e-ed6855c3591f,Role 3,2012-03-14 21:11:42.095358,48,0,res_5a28b345-6594-4b08-a56e-ed6855c3591f,2012-03-14 19:33:41.481843,0.0
Case6,Laser Marking,res_a720b666-cacb-46ec-a0d7-37fb2f49989f,Role 5,2012-03-14 23:18:45.730028,48,0,res_a720b666-cacb-46ec-a0d7-37fb2f49989f,2012-03-14 20:59:47.711311,0.0
Case7,Turning & Milling,res_999e6d6c-b81f-46be-ad99-6558d8f0350d,Role 1,2012-03-14 23:53:41.070686,48,2,res_999e6d6c-b81f-46be-ad99-6558d8f0350d,2012-03-14 21:44:45.355433,0.0
Case5,Final Inspection Q.C.,res_5a28b345-6594-4b08-a56e-ed6855c3591f,Role 3,2012-03-15 00:39:27.391455,48,2,res_5a28b345-6594-4b08-a56e-ed6855c3591f,2012-03-14 23:23:39.690661,0.25
Case3,Final Inspection Q.C.,res_efc7a21c-f2d9-4843-8b04-49403e3f4758,Role 3,2012-03-15 00:47:11.566430,48,1,res_efc7a21c-f2d9-4843-8b04-49403e3f4758,2012-03-14 23:22:22.726023,0.0
Case6,Laser Marking,res_a720b666-cacb-46ec-a0d7-37fb2f49989f,Role 5,2012-03-15 01:24:06.642266,48,1,res_a720b666-cacb-46ec-a0d7-37fb2f49989f,2012-03-14 23:41:54.027759,0.5
Case1,Laser Marking,res_a720b666-cacb-46ec-a0d7-37fb2f49989f,Role 5,2012-03-15 01:40:26.178260,48,0,res_a720b666-cacb-46ec-a0d7-37fb2f49989f,2012-03-14 23:30:28.452009,0.0
Case7,Turning & Milling,res_58579a9a-0734-4260-ba60-6d5879dcf395,Role 1,2012-03-15 02:32:14.190066,48,2,res_58579a9a-0734-4260-ba60-6d5879dcf395,2012-03-15 00:18:16.169226,0.0
Case4,Final Inspection Q.C.,res_efc7a21c-f2d9-4843-8b04-49403e3f4758,Role 3,2012-03-15 02:38:53.208026,48,1,res_efc7a21c-f2d9-4843-8b04-49403e3f4758,2012-03-15 00:56:11.264569,0.0
Case6,Laser Marking,res_a753e248-f5dc-41d2-8676-3762e647702f,Role 5,2012-03-15 03:41:25.360251,48,0,res_a753e248-f5dc-41d2-8676-3762e647702f,2012-03-15 01:45:14.675173,0.0
Case2,Packing,res_ab6b8540-a8ce-4e57-937f-f99590a54a70,Role 4,2012-03-15 04:25:12.218429,48,0,res_ab6b8540-a8ce-4e57-937f-f99590a54a70,2012-03-15 02:47:03.915365,0.0
Case7,Flat Grinding,res_a753e248-f5dc-41d2-8676-3762e647702f,Role 5,2012-03-15 04:51:51.336471,48,0,res_a753e248-f5dc-41d2-8676-3762e647702f,2012-03-15 03:14:03.218055,0.5
Case6,Laser Marking,res_a720b666-cacb-46ec-a0d7-37fb2f49989f,Role 5,2012-03-15 05:56:53.098741,48,0,res_a720b666-cacb-46ec-a0d7-37fb2f49989f,2012-03-15 04:03:20.982835,0.5
Case6,Laser Marking,res_a753e248-f5dc-41d2-8676-3762e647702f,Role 5,2012-03-15 08:28:10.642570,48,0,res_a753e248-f5dc-41d2-8676-3762e647702f,2012-03-15 06:21:39.248908,0.0
Case7,Flat Grinding,res_a753e248-f5dc-41d2-8676-3762e647702f,Role 5,2012-03-15 08:39:00.642125,48,0,res_a753e248-f5dc-41d2-8676-3762e647702f,2012-03-15 07:16:35.572080,0.5
Case6,Laser Marking,res_a720b666-cacb-46ec-a0d7-37fb2f49989f,Role 5,2012-03-15 11:06:16.984289,48,0,res_a720b666-cacb-46ec-a0d7-37fb2f49989f,2012-03-15 08:52:49.609650,0.0
Case1,Round Grinding,res_c45794a7-26fe-4913-87a4-053f0a648817,Role 2,2012-03-15 11:08:41.426100,48,1,res_c45794a7-26fe-4913-87a4-053f0a648817,2012-03-15 09:09:07.249290,0.0
Case6,Laser Marking,res_a720b666-cacb-46ec-a0d7-37fb2f49989f,Role 5,2012-03-15 13:54:01.246438,48,0,res_a720b666-cacb-46ec-a0d7-37fb2f49989f,2012-03-15 11:31:49.640920,0.0
Case1,Round Grinding,res_695b1248-e20f-4c40-b4c4-1946aa9e4715,Role 2,2012-03-15 14:38:28.900139,48,1,res_695b1248-e20f-4c40-b4c4-1946aa9e4715,2012-03-15 13:01:13.395372,0.0
Case8,Turning,res_864842e9-6193-4a5c-b1bb-5a831ab42c5b,Role 1,2012-03-15 16:24:56.429512,49,0,res_864842e9-6193-4a5c-b1bb-5a831ab42c5b,2012-03-15 13:32:58.400000,0.0
Case3,Packing,res_d787994f-df65-48b5-9334-1a5e096084f9,Role 4,2012-03-15 16:50:36.449325,49,0,res_d787994f-df65-48b5-9334-1a5e096084f9,2012-03-15 15:31:36.253954,0.0
Case6,Laser Marking,res_a720b666-cacb-46ec-a0d7-37fb2f49989f,Role 5,2012-03-15 16:59:51.583805,49,0,res_a720b666-cacb-46ec-a0d7-37fb2f49989f,2012-03-15 14:16:24.353919,0.0
Case2,Final Inspection Q.C.,res_0f3b9339-d57d-4a2a-b741-2aea0354b48d,Role 3,2012-03-15 17:41:49.279498,49,1,res_0f3b9339-d57d-4a2a-b741-2aea0354b48d,2012-03-15 16:19:21.326563,0.0
Case5,Packing,res_1af86357-3d5b-4de5-9045-d34cea4ada2e,Role 4,2012-03-15 17:46:35.340406,49,1,res_1af86357-3d5b-4de5-9045-d34cea4ada2e,2012-03-15 16:31:11.405827,0.3333333333333333
Case4,Packing,res_1af86357-3d5b-4de5-9045-d34cea4ada2e,Role 4,2012-03-15 17:59:15.293272,49,2,res_1af86357-3d5b-4de5-9045-d34cea4ada2e,2012-03-15 16:40:03.921025,0.6666666666666666
Case1,Final Inspection Q.C.,res_1f201fb6-42f2-487e-acc9-692f9021d889,Role 3,2012-03-15 18:11:04.929461,49,2,res_1f201fb6-42f2-487e-acc9-692f9021d889,2012-03-15 16:44:53.968091,0.25
Case8,Turning,res_bb99c827-b34a-44c8-bbdb-267da0ed83d2,Role 1,2012-03-15 19:08:20.519039,49,0,res_bb99c827-b34a-44c8-bbdb-267da0ed83d2,2012-03-15 16:41:34.490680,0.0
Case9,Turn & Mill. & Screw Assem,res_03e72c99-2c53-4b43-8d9d-0075f5c92d97,Role 1,2012-03-15 21:08:07.680412,49,0,res_03e72c99-2c53-4b43-8d9d-0075f5c92d97,2012-03-15 18:15:46.400000,0.07142857142857142
Case6,Round Grinding,res_339f895a-7674-4177-9490-76251d142b7e,Role 2,2012-03-15 21:13:26.168030,49,1,res_339f895a-7674-4177-9490-76251d142b7e,2012-03-15 17:20:30.294669,0.0
Case7,Flat Grinding,res_a720b666-cacb-46ec-a0d7-37fb2f49989f,Role 5,2012-03-15 22:35:05.946420,49,0,res_a720b666-cacb-46ec-a0d7-37fb2f49989f,2012-03-15 20:58:42.739027,0.0
Case8,Turning,res_999e6d6c-b81f-46be-ad99-6558d8f0350d,Role 1,2012-03-15 22:52:36.410584,49,0,res_999e6d6c-b81f-46be-ad99-6558d8f0350d,2012-03-15 19:19:25.482000,0.07142857142857142
Case6,Round Grinding,res_ff1a6ec6-e6a5-439d-8c2e-43cf725aaf65,Role 2,2012-03-16 01:07:26.499292,49,1,res_ff1a6ec6-e6a5-439d-8c2e-43cf725aaf65,2012-03-15 21:36:08.728431,0.0
Case9,Turn & Mill. & Screw Assem,res_03e72c99-2c53-4b43-8d9d-0075f5c92d97,Role 1,2012-03-16 02:33:03.801977,49,0,res_03e72c99-2c53-4b43-8d9d-0075f5c92d97,2012-03-15 23:32:11.342118,0.0
Case8,Stress Relief,res_23ea4a6a-ffc0-4264-a49a-0a81be16df02,Role 1,2012-03-16 03:16:38.680688,49,0,res_23ea4a6a-ffc0-4264-a49a-0a81be16df02,2012-03-16 00:12:26.184519,0.07142857142857142
Case6,Round Grinding,res_339f895a-7674-4177-9490-76251d142b7e,Role 2,2012-03-16 04:00:03.798596,49,1,res_339f895a-7674-4177-9490-76251d142b7e,2012-03-16 01:32:18.357524,0.0
Case6,Round Grinding,res_fe194c84-ca1e-4108-b9cc-125a173b9442,Role 2,2012-03-16 06:35:54.868671,49,1,res_fe194c84-ca1e-4108-b9cc-125a173b9442,2012-03-16 04:29:27.861588,0.0
Case1,Packing,res_1af86357-3d5b-4de5-9045-d34cea4ada2e,Role 4,2012-03-16 07:01:17.210681,49,0,res_1af86357-3d5b-4de5-9045-d34cea4ada2e,2012-03-16 05:34:02.588299,0.0
Case9,Turning & Milling Q.C.,res_5a28b345-6594-4b08-a56e-ed6855c3591f,Role 3,2012-03-16 08:05:44.796216,49,0,res_5a28b345-6594-4b08-a56e-ed6855c3591f,2012-03-16 06:01:20.515295,0.0
Case6,Round Grinding,res_ff1a6ec6-e6a5-439d-8c2e-43cf725aaf65,Role 2,2012-03-16 09:16:03.939552,49,1,res_ff1a6ec6-e6a5-439d-8c2e-43cf725aaf65,2012-03-16 07:11:09.632658,0.0
Case5,Final Inspection Q.C.,res_efc7a21c-f2d9-4843-8b04-49403e3f4758,Role 3,2012-03-16 09:53:25.048040,49,1,res_efc7a21c-f2d9-4843-8b04-49403e3f4758,2012-03-16 08:33:30.849428,0.0
Case3,Packing,res_d787994f-df65-48b5-9334-1a5e096084f9,Role 4,2012-03-16 10:27:32.284403,49,0,res_d787994f-df65-48b5-9334-1a5e096084f9,2012-03-16 09:08:35.469950,0.0
Case4,Packing,res_ab6b8540-a8ce-4e57-937f-f99590a54a70,Role 4,2012-03-16 11:04:08.297623,49,1,res_ab6b8540-a8ce-4e57-937f-f99590a54a70,2012-03-16 09:46:53.517424,0.3333333333333333
Case6,Packing,res_1af86357-3d5b-4de5-9045-d34cea4ada2e,Role 4,2012-03-16 15:23:23.238558,49,0,res_1af86357-3d5b-4de5-9045-d34cea4ada2e,2012-03-16 14:02:11.538059,0.0
Case7,Flat Grinding,res_a753e248-f5dc-41d2-8676-3762e647702f,Role 5,2012-03-16 15:51:34.777075,49,0,res_a753e248-f5dc-41d2-8676-3762e647702f,2012-03-16 14:20:42.565264,0.0
Case10,Turning & Milling Q.C.,res_0f3b9339-d57d-4a2a-b741-2aea0354b48d,Role 3,2012-03-16 16:22:51.078062,49,0,res_0f3b9339-d57d-4a2a-b741-2aea0354b48d,2012-03-16 13:51:24.800000,0.0
Case8,Stress Relief,res_966320de-0d41-413f-92ba-d366e3d04caa,Role 1,2012-03-16 19:05:53.923340,49,0,res_966320de-0d41-413f-92ba-d366e3d04caa,2012-03-16 17:14:15.030052,0.0
Case10,Turning & Milling,res_c9e62f02-2aa8-4c90-a380-1a6c1aed5b77,Role 1,2012-03-16 19:48:07.665518,49,2,res_c9e62f02-2aa8-4c90-a380-1a6c1aed5b77,2012-03-16 17:15:15.176006,0.07142857142857142
Case9,Turning & Milling,res_966320de-0d41-413f-92ba-d366e3d04caa,Role 1,2012-03-16 19:55:09.690281,49,3,res_966320de-0d41-413f-92ba-d366e3d04caa,2012-03-16 17:31:44.927576,0.14285714285714285
Case1,Final Inspection Q.C.,res_1f201fb6-42f2-487e-acc9-692f9021d889,Role 3,2012-03-16 21:08:47.306675,49,1,res_1f201fb6-42f2-487e-acc9-692f9021d889,2012-03-16 19:46:09.475023,0.0
Case10,Turning & Milling Q.C.,res_efc7a21c-f2d9-4843-8b04-49403e3f4758,Role 3,2012-03-16 22:00:44.969856,49,0,res_efc7a21c-f2d9-4843-8b04-49403e3f4758,2012-03-16 20:15:12.751083,0.25
Case9,Turning & Milling,res_64b46ba6-dbcd-409f-bfc0-381819580be4,Role 1,2012-03-17 01:18:02.403663,49,2,res_64b46ba6-dbcd-409f-bfc0-381819580be4,2012-03-16 21:07:11.785842,0.0
Case5,Packing,res_ab6b8540-a8ce-4e57-937f-f99590a54a70,Role 4,2012-03-17 03:00:07.100740,48,0,res_ab6b8540-a8ce-4e57-937f-f99590a54a70,2012-03-17 01:43:38.785394,0.0
Case4,Packing,res_1af86357-3d5b-4de5-9045-d34cea4ada2e,Role 4,2012-03-17 03:42:39.859722,48,1,res_1af86357-3d5b-4de5-9045-d34cea4ada2e,2012-03-17 02:27:10.540745,0.3333333333333333
Case6,Final Inspection Q.C.,res_0f3b9339-d57d-4a2a-b741-2aea0354b48d,Role 3,2012-03-17 04:47:01.657359,48,1,res_0f3b9339-d57d-4a2a-b741-2aea0354b48d,2012-03-17 00:18:10.498190,0.0
Case7,Lapping,res_a720b666-cacb-46ec-a0d7-37fb2f49989f,Role 5,2012-03-17 06:27:20.589059,48,0,res_a720b666-cacb-46ec-a0d7-37fb2f49989f,2012-03-17 03:39:47.722746,0.0
Case9,Turning & Milling,res_58579a9a-0734-4260-ba60-6d5879dcf395,Role 1,2012-03-17 06:34:58.555614,48,2,res_58579a9a-0734-4260-ba60-6d5879dcf395,2012-03-17 01:57:37.147932,0.0
Case9,Turning & Milling,res_966320de-0d41-413f-92ba-d366e3d04caa,Role 1,2012-03-17 09:34:35.163236,46,2,res_966320de-0d41-413f-92ba-d366e3d04caa,2012-03-17 06:58:13.796084,0.0
Case9,Turning & Milling,res_864842e9-6193-4a5c-b1bb-5a831ab42c5b,Role 1,2012-03-17 11:57:26.807022,46,2,res_864842e9-6193-4a5c-b1bb-5a831ab42c5b,2012-03-17 09:53:00.596481,0.0
Case8,Turning & Milling Q.C.,res_5a28b345-6594-4b08-a56e-ed6855c3591f,Role 3,2012-03-17 13:45:03.470085,46,0,res_5a28b345-6594-4b08-a56e-ed6855c3591f,2012-03-17 12:26:11.329798,0.0
Case9,Flat Grinding,res_a753e248-f5dc-41d2-8676-3762e647702f,Role 5,2012-03-17 14:06:44.882830,46,0,res_a753e248-f5dc-41d2-8676-3762e647702f,2012-03-17 12:22:27.307834,0.0
Case11,Turning & Milling,res_03e72c99-2c53-4b43-8d9d-0075f5c92d97,Role 1,2012-03-17 17:25:02.498112,47,2,res_03e72c99-2c53-4b43-8d9d-0075f5c92d97,2012-03-17 14:33:05.000000,0.0
Case7,Round Grinding,res_dc6ec240-97a8-4d36-a2c2-db1c8eba59d8,Role 2,2012-03-17 17:31:29.105350,47,2,res_dc6ec240-97a8-4d36-a2c2-db1c8eba59d8,2012-03-17 15:49:18.420865,0.125
Case9,Round Grinding,res_a98d4e1a-567b-4714-8d02-370a868585c6,Role 2,2012-03-17 17:54:46.762590,46,1,res_a98d4e1a-567b-4714-8d02-370a868585c6,2012-03-17 14:32:29.758985,0.0
Case10,Turning & Milling Q.C.,res_1f201fb6-42f2-487e-acc9-692f9021d889,Role 3,2012-03-17 18:55:56.130552,47,0,res_1f201fb6-42f2-487e-acc9-692f9021d889,2012-03-17 17:34:30.739472,0.0
Case7,Round Grinding,res_fe194c84-ca1e-4108-b9cc-125a173b9442,Role 2,2012-03-17 21:02:55.609384,47,2,res_fe194c84-ca1e-4108-b9cc-125a173b9442,2012-03-17 19:13:52.767746,0.125
Case8,Turning & Milling,res_999e6d6c-b81f-46be-ad99-6558d8f0350d,Role 1,2012-03-17 22:02:04.842374,47,2,res_999e6d6c-b81f-46be-ad99-6558d8f0350d,2012-03-17 19:01:16.242627,0.0
Case9,Round Grinding,res_695b1248-e20f-4c40-b4c4-1946aa9e4715,Role 2,2012-03-17 22:53:29.047156,47,1,res_695b1248-e20f-4c40-b4c4-1946aa9e4715,2012-03-17 18:15:47.470537,0.0
Case9,Packing,res_ab6b8540-a8ce-4e57-937f-f99590a54a70,Role 4,2012-03-18 02:52:19.225243,47,0,res_ab6b8540-a8ce-4e57-937f-f99590a54a70,2012-03-18 01:23:07.845082,0.0
Case5,Packing,res_d787994f-df65-48b5-9334-1a5e096084f9,Role 4,2012-03-18 03:03:14.053460,47,1,res_d787994f-df65-48b5-9334-1a5e096084f9,2012-03-18 01:47:55.225329,0.3333333333333333
Case11,Turning & Milling Q.C.,res_0f3b9339-d57d-4a2a-b741-2aea0354b48d,Role 3,2012-03-18 05:02:49.216714,47,0,res_0f3b9339-d57d-4a2a-b741-2aea0354b48d,2012-03-18 02:47:32.823917,0.0
Case12,Turn & Mill. & Screw Assem,res_58579a9a-0734-4260-ba60-6d5879dcf395,Role 1,2012-03-18 06:59:58.470755,48,0,res_58579a9a-0734-4260-ba60-6d5879dcf395,2012-03-18 04:06:08.000000,0.0
Case8,Turning & Milling Q.C.,res_0f3b9339-d57d-4a2a-b741-2aea0354b48d,Role 3,2012-03-18 08:43:59.273957,48,0,res_0f3b9339-d57d-4a2a-b741-2aea0354b48d,2012-03-18 06:51:03.375935,0.0
Case7,Packing,res_ab6b8540-a8ce-4e57-937f-f99590a54a70,Role 4,2012-03-18 10:55:42.003146,48,0,res_ab6b8540-a8ce-4e57-937f-f99590a54a70,2012-03-18 09:34:54.961916,0.0
Case9,Final Inspection Q.C.,res_efc7a21c-f2d9-4843-8b04-49403e3f4758,Role 3,2012-03-18 13:53:39.843659,48,1,res_efc7a21c-f2d9-4843-8b04-49403e3f4758,2012-03-18 12:36:17.966710,0.0
Case13,Turning Q.C.,res_5a28b345-6594-4b08-a56e-ed6855c3591f,Role 3,2012-03-18 16:59:30.151500,49,0,res_5a28b345-6594-4b08-a56e-ed6855c3591f,2012-03-18 14:33:20.600000,0.0
Case14,Turning & Milling Q.C.,res_5a28b345-6594-4b08-a56e-ed6855c3591f,Role 3,2012-03-18 18:41:35.088835,50,0,res_5a28b345-6594-4b08-a56e-ed6855c3591f,2012-03-18 16:37:34.400000,0.25
Case12,Turning & Milling Q.C.,res_efc7a21c-f2d9-4843-8b04-49403e3f4758,Role 3,2012-03-18 18:54:00.396023,50,1,res_efc7a21c-f2d9-4843-8b04-49403e3f4758,2012-03-18 17:28:23.444452,0.25
Case11,Turning & Milling Q.C.,res_efc7a21c-f2d9-4843-8b04-49403e3f4758,Role 3,2012-03-18 19:16:53.009558,50,2,res_efc7a21c-f2d9-4843-8b04-49403e3f4758,2012-03-18 17:57:05.843720,0.5
Case13,Turning,res_999e6d6c-b81f-46be-ad99-6558d8f0350d,Role 1,2012-03-18 19:45:30.507686,50,0,res_999e6d6c-b81f-46be-ad99-6558d8f0350d,2012-03-18 17:39:44.622279,0.0
Case15,Grinding Rework,res_dc6ec240-97a8-4d36-a2c2-db1c8eba59d8,Role 2,2012-03-18 20:37:19.364651,51,0,res_dc6ec240-97a8-4d36-a2c2-db1c8eba59d8,2012-03-18 17:58:22.400000,0.0
Case16,Turn & Mill. & Screw Assem,res_c9e62f02-2aa8-4c90-a380-1a6c1aed5b77,Role 1,2012-03-18 21:12:13.720577,52,0,res_c9e62f02-2aa8-4c90-a380-1a6c1aed5b77,2012-03-18 18:25:38.600000,0.07142857142857142
Case14,Turning & Milling,res_58579a9a-0734-4260-ba60-6d5879dcf395,Role 1,2012-03-18 21:15:08.622627,52,2,res_58579a9a-0734-4260-ba60-6d5879dcf395,2012-03-18 19:10:19.946305,0.14285714285714285
Case13,Turning Q.C.,res_0f3b9339-d57d-4a2a-b741-2aea0354b48d,Role 3,2012-03-18 21:19:40.462174,52,0,res_0f3b9339-d57d-4a2a-b741-2aea0354b48d,2012-03-18 19:50:55.747256,0.0
Case5,Final Inspection Q.C.,res_1f201fb6-42f2-487e-acc9-692f9021d889,Role 3,2012-03-18 21:28:26.573523,53,1,res_1f201fb6-42f2-487e-acc9-692f9021d889,2012-03-18 20:13:13.672673,0.5
Case8,Laser Marking,res_a720b666-cacb-46ec-a0d7-37fb2f49989f,Role 5,2012-03-18 21:35:05.497952,52,0,res_a720b666-cacb-46ec-a0d7-37fb2f49989f,2012-03-18 19:58:29.169088,0.0
Case12,Turning & Milling,res_966320de-0d41-413f-92ba-d366e3d04caa,Role 1,2012-03-18 21:52:13.314199,52,3,res_966320de-0d41-413f-92ba-d366e3d04caa,2012-03-18 19:49:55.403801,0.14285714285714285
Case17,Turning Q.C.,res_efc7a21c-f2d9-4843-8b04-49403e3f4758,Role 3,2012-03-18 22:26:25.074252,53,1,res_efc7a21c-f2d9-4843-8b04-49403e3f4758,2012-03-18 19:59:34.400000,0.25
Case10,Turning & Milling Q.C.,res_efc7a21c-f2d9-4843-8b04-49403e3f4758,Role 3,2012-03-18 23:12:04.267116,53,0,res_efc7a21c-f2d9-4843-8b04-49403e3f4758,2012-03-18 21:55:53.246504,0.25
Case18,Grinding Rework,res_dc6ec240-97a8-4d36-a2c2-db1c8eba59d8,Role 2,2012-03-18 23:25:02.798871,54,0,res_dc6ec240-97a8-4d36-a2c2-db1c8eba59d8,2012-03-18 20:39:58.400000,0.0
Case14,Turning & Milling,res_03e72c99-2c53-4b43-8d9d-0075f5c92d97,Role 1,2012-03-18 23:51:24.415576,54,3,res_03e72c99-2c53-4b43-8d9d-0075f5c92d97,2012-03-18 21:17:52.297397,0.07142857142857142
Case15,Turning & Milling Q.C.,res_efc7a21c-f2d9-4843-8b04-49403e3f4758,Role 3,2012-03-19 00:29:48.061169,54,1,res_efc7a21c-f2d9-4843-8b04-49403e3f4758,2012-03-18 22:37:01.024521,0.25
Case19,Grinding Rework,res_ff1a6ec6-e6a5-439d-8c2e-43cf725aaf65,Role 2,2012-03-19 00:43:29.114254,54,1,res_ff1a6ec6-e6a5-439d-8c2e-43cf725aaf65,2012-03-18 21:57:44.600000,0.125
Case12,Turning & Milling,res_966320de-0d41-413f-92ba-d366e3d04caa,Role 1,2012-03-19 01:36:53.760085,54,3,res_966320de-0d41-413f-92ba-d366e3d04caa,2012-03-18 22:17:11.969656,0.07142857142857142
Case16,Turn & Mill. & Screw Assem,res_999e6d6c-b81f-46be-ad99-6558d8f0350d,Role 1,2012-03-19 01:46:55.502589,54,0,res_999e6d6c-b81f-46be-ad99-6558d8f0350d,2012-03-18 23:16:28.687957,0.14285714285714285
Case17,Turning,res_864842e9-6193-4a5c-b1bb-5a831ab42c5b,Role 1,2012-03-19 02:16:21.797679,55,0,res_864842e9-6193-4a5c-b1bb-5a831ab42c5b,2012-03-19 00:00:39.406594,0.21428571428571427
Case20,Turn & Mill. & Screw Assem,res_966320de-0d41-413f-92ba-d366e3d04caa,Role 1,2012-03-19 02:37:05.501473,55,1,res_966320de-0d41-413f-92ba-d366e3d04caa,2012-03-18 23:43:47.600000,0.21428571428571427
Case14,Laser Marking,res_a720b666-cacb-46ec-a0d7-37fb2f49989f,Role 5,2012-03-19 02:38:48.144113,55,0,res_a720b666-cacb-46ec-a0d7-37fb2f49989f,2012-03-19 00:26:57.782807,0.0
Case15,Turning & Milling,res_73812c67-b150-496d-aabc-45283e0f5f91,Role 1,2012-03-19 02:42:15.131693,55,3,res_73812c67-b150-496d-aabc-45283e0f5f91,2012-03-19 00:32:42.236642,0.2857142857142857
Case8,Round Grinding,res_339f895a-7674-4177-9490-76251d142b7e,Role 2,2012-03-19 02:42:58.831393,55,1,res_339f895a-7674-4177-9490-76251d142b7e,2012-03-19 00:46:12.705308,0.0
Case7,Final Inspection Q.C.,res_0f3b9339-d57d-4a2a-b741-2aea0354b48d,Role 3,2012-03-19 02:48:09.941091,55,1,res_0f3b9339-d57d-4a2a-b741-2aea0354b48d,2012-03-19 01:07:47.793087,0.0
Case9,Final Inspection Q.C.,res_1f201fb6-42f2-487e-acc9-692f9021d889,Role 3,2012-03-19 03:45:01.460573,56,2,res_1f201fb6-42f2-487e-acc9-692f9021d889,2012-03-19 02:29:22.427468,0.75
Case17,Turning Q.C.,res_efc7a21c-f2d9-4843-8b04-49403e3f4758,Role 3,2012-03-19 03:49:26.409757,56,0,res_efc7a21c-f2d9-4843-8b04-49403e3f4758,2012-03-19 02:22:34.282659,0.5
Case16,Turn & Mill. & Screw Assem,res_23ea4a6a-ffc0-4264-a49a-0a81be16df02,Role 1,2012-03-19 04:02:12.494141,55,1,res_23ea4a6a-ffc0-4264-a49a-0a81be16df02,2012-03-19 01:48:43.011307,0.21428571428571427
Case12,Laser Marking,res_a753e248-f5dc-41d2-8676-3762e647702f,Role 5,2012-03-19 04:12:55.643336,56,1,res_a753e248-f5dc-41d2-8676-3762e647702f,2012-03-19 02:00:57.439034,0.5
Case21,Turning & Milling Q.C.,res_5a28b345-6594-4b08-a56e-ed6855c3591f,Role 3,2012-03-19 04:35:49.080712,56,0,res_5a28b345-6594-4b08-a56e-ed6855c3591f,2012-03-19 01:52:03.800000,0.25
Case15,Round Grinding,res_a98d4e1a-567b-4714-8d02-370a868585c6,Role 2,2012-03-19 05:20:21.325213,56,1,res_a98d4e1a-567b-4714-8d02-370a868585c6,2012-03-19 03:11:16.920818,0.0
Case13,Turning Q.C.,res_5a28b345-6594-4b08-a56e-ed6855c3591f,Role 3,2012-03-19 05:35:50.226934,57,0,res_5a28b345-6594-4b08-a56e-ed6855c3591f,2012-03-19 04:09:54.189063,0.25
Case14,Laser Marking,res_a720b666-cacb-46ec-a0d7-37fb2f49989f,Role 5,2012-03-19 05:36:42.504194,56,1,res_a720b666-cacb-46ec-a0d7-37fb2f49989f,2012-03-19 03:39:33.017273,0.5
Case12,Laser Marking,res_a753e248-f5dc-41d2-8676-3762e647702f,Role 5,2012-03-19 06:14:17.077079,57,1,res_a753e248-f5dc-41d2-8676-3762e647702f,2012-03-19 04:31:42.793041,0.5
Case22,Turning & Milling,res_73812c67-b150-496d-aabc-45283e0f5f91,Role 1,2012-03-19 06:35:46.199615,57,2,res_73812c67-b150-496d-aabc-45283e0f5f91,2012-03-19 03:42:09.200000,0.07142857142857142
Case16,Turning & Milling,res_901f94b5-5b19-463b-a565-1c394e02b7a7,Role 1,2012-03-19 06:36:17.236303,57,3,res_901f94b5-5b19-463b-a565-1c394e02b7a7,2012-03-19 04:25:32.251224,0.07142857142857142
Case20,Turning & Milling Q.C.,res_5a28b345-6594-4b08-a56e-ed6855c3591f,Role 3,2012-03-19 07:49:54.012165,57,0,res_5a28b345-6594-4b08-a56e-ed6855c3591f,2012-03-19 05:46:19.267023,0.0
Case18,Grinding Rework,res_695b1248-e20f-4c40-b4c4-1946aa9e4715,Role 2,2012-03-19 07:59:33.367303,57,0,res_695b1248-e20f-4c40-b4c4-1946aa9e4715,2012-03-19 05:54:36.779824,0.0
Case8,Final Inspection Q.C.,res_1f201fb6-42f2-487e-acc9-692f9021d889,Role 3,2012-03-19 08:04:50.990768,57,1,res_1f201fb6-42f2-487e-acc9-692f9021d889,2012-03-19 06:35:25.903010,0.25
Case12,Laser Marking,res_a753e248-f5dc-41d2-8676-3762e647702f,Role 5,2012-03-19 08:39:58.651301,57,0,res_a753e248-f5dc-41d2-8676-3762e647702f,2012-03-19 06:38:56.405524,0.0
Case14,Round Grinding,res_695b1248-e20f-4c40-b4c4-1946aa9e4715,Role 2,2012-03-19 08:40:18.715675,57,1,res_695b1248-e20f-4c40-b4c4-1946aa9e4715,2012-03-19 06:43:09.610917,0.125
Case20,Turning & Milling,res_864842e9-6193-4a5c-b1bb-5a831ab42c5b,Role 1,2012-03-19 10:04:28.489107,58,3,res_864842e9-6193-4a5c-b1bb-5a831ab42c5b,2012-03-19 07:59:47.002043,0.07142857142857142
Case23,Turning & Milling,res_c9e62f02-2aa8-4c90-a380-1a6c1aed5b77,Role 1,2012-03-19 10:09:36.367251,58,2,res_c9e62f02-2aa8-4c90-a380-1a6c1aed5b77,2012-03-19 07:19:18.200000,0.0
Case19,Grinding Rework,res_fe194c84-ca1e-4108-b9cc-125a173b9442,Role 2,2012-03-19 10:16:55.617860,58,0,res_fe194c84-ca1e-4108-b9cc-125a173b9442,2012-03-19 08:16:33.787756,0.125
Case21,Turning & Milling,res_03e72c99-2c53-4b43-8d9d-0075f5c92d97,Role 1,2012-03-19 10:17:19.411292,58,4,res_03e72c99-2c53-4b43-8d9d-0075f5c92d97,2012-03-19 08:12:17.029867,0.14285714285714285
Case16,Turning & Milling Q.C.,res_1f201fb6-42f2-487e-acc9-692f9021d889,Role 3,2012-03-19 10:18:18.859251,58,0,res_1f201fb6-42f2-487e-acc9-692f9021d889,2012-03-19 08:42:25.928266,0.0
Case11,Laser Marking,res_a753e248-f5dc-41d2-8676-3762e647702f,Role 5,2012-03-19 11:02:31.907953,58,1,res_a753e248-f5dc-41d2-8676-3762e647702f,2012-03-19 09:42:16.847533,0.5
Case12,Laser Marking,res_a720b666-cacb-46ec-a0d7-37fb2f49989f,Role 5,2012-03-19 11:06:08.415048,58,0,res_a720b666-cacb-46ec-a0d7-37fb2f49989f,2012-03-19 09:03:17.268686,0.0
Case18,Turning & Milling Q.C.,res_0f3b9339-d57d-4a2a-b741-2aea0354b48d,Role 3,2012-03-19 11:06:50.982382,58,1,res_0f3b9339-d57d-4a2a-b741-2aea0354b48d,2012-03-19 09:44:53.246665,0.25
Case20,Turning & Milling Q.C.,res_efc7a21c-f2d9-4843-8b04-49403e3f4758,Role 3,2012-03-19 11:58:50.592385,58,1,res_efc7a21c-f2d9-4843-8b04-49403e3f4758,2012-03-19 10:37:17.417529,0.25
Case19,Grinding Rework,res_a474f559-dd82-4d4d-947c-0a62a957f30f,Role 2,2012-03-19 12:06:41.531363,58,0,res_a474f559-dd82-4d4d-947c-0a62a957f30f,2012-03-19 10:37:32.498724,0.0
Case21,Turning & Milling,res_bb99c827-b34a-44c8-bbdb-267da0ed83d2,Role 1,2012-03-19 12:20:53.469361,58,2,res_bb99c827-b34a-44c8-bbdb-267da0ed83d2,2012-03-19 10:19:42.754136,0.0
Case12,Lapping,res_a753e248-f5dc-41d2-8676-3762e647702f,Role 5,2012-03-19 13:23:01.272824,58,0,res_a753e248-f5dc-41d2-8676-3762e647702f,2012-03-19 11:29:27.798806,0.0
Case21,Flat Grinding,res_a720b666-cacb-46ec-a0d7-37fb2f49989f,Role 5,2012-03-19 13:50:30.030235,58,0,res_a720b666-cacb-46ec-a0d7-37fb2f49989f,2012-03-19 12:33:18.471843,0.5
Case18,Turning & Milling,res_901f94b5-5b19-463b-a565-1c394e02b7a7,Role 1,2012-03-19 13:57:42.388114,58,2,res_901f94b5-5b19-463b-a565-1c394e02b7a7,2012-03-19 12:23:01.100517,0.0
Case19,Grinding Rework,res_dc6ec240-97a8-4d36-a2c2-db1c8eba59d8,Role 2,2012-03-19 14:56:43.105530,58,0,res_dc6ec240-97a8-4d36-a2c2-db1c8eba59d8,2012-03-19 13:36:32.149460,0.0
Case22,Turning & Milling Q.C.,res_1f201fb6-42f2-487e-acc9-692f9021d889,Role 3,2012-03-19 15:03:05.010572,58,0,res_1f201fb6-42f2-487e-acc9-692f9021d889,2012-03-19 13:28:04.490801,0.0
Case12,Round Grinding,res_339f895a-7674-4177-9490-76251d142b7e,Role 2,2012-03-19 15:25:10.747187,58,1,res_339f895a-7674-4177-9490-76251d142b7e,2012-03-19 13:42:51.185427,0.125
Case23,Turning & Milling Q.C.,res_5a28b345-6594-4b08-a56e-ed6855c3591f,Role 3,2012-03-19 15:44:56.518798,58,1,res_5a28b345-6594-4b08-a56e-ed6855c3591f,2012-03-19 14:19:39.031995,0.25
Case21,Flat Grinding,res_a720b666-cacb-46ec-a0d7-37fb2f49989f,Role 5,2012-03-19 15:55:22.673662,58,0,res_a720b666-cacb-46ec-a0d7-37fb2f49989f,2012-03-19 14:34:16.959426,0.0
Case18,Turning & Milling,res_73812c67-b150-496d-aabc-45283e0f5f91,Role 1,2012-03-19 16:02:17.471859,58,2,res_73812c67-b150-496d-aabc-45283e0f5f91,2012-03-19 14:22:35.216201,0.0
Case20,Turning & Milling Q.C.,res_5a28b345-6594-4b08-a56e-ed6855c3591f,Role 3,2012-03-19 16:19:57.355614,59,2,res_5a28b345-6594-4b08-a56e-ed6855c3591f,2012-03-19 14:59:46.830895,0.5
Case17,Turning & Milling Q.C.,res_5a28b345-6594-4b08-a56e-ed6855c3591f,Role 3,2012-03-19 16:20:27.477366,59,3,res_5a28b345-6594-4b08-a56e-ed6855c3591f,2012-03-19 15:02:52.324662,0.75
Case24,Grinding Rework,res_ff1a6ec6-e6a5-439d-8c2e-43cf725aaf65,Role 2,2012-03-19 16:53:39.106328,59,1,res_ff1a6ec6-e6a5-439d-8c2e-43cf725aaf65,2012-03-19 14:34:36.800000,0.25
Case23,Turning & Milling,res_bb99c827-b34a-44c8-bbdb-267da0ed83d2,Role 1,2012-03-19 17:20:52.211040,60,3,res_bb99c827-b34a-44c8-bbdb-267da0ed83d2,2012-03-19 15:50:12.051255,0.14285714285714285
Case12,Packing,res_d787994f-df65-48b5-9334-1a5e096084f9,Role 4,2012-03-19 17:23:51.071698,60,0,res_d787994f-df65-48b5-9334-1a5e096084f9,2012-03-19 16:03:46.063932,0.0
Case19,Turning & Milling Q.C.,res_5a28b345-6594-4b08-a56e-ed6855c3591f,Role 3,2012-03-19 17:46:54.342178,61,0,res_5a28b345-6594-4b08-a56e-ed6855c3591f,2012-03-19 16:27:08.336052,0.0
Case22,Turning & Milling Q.C.,res_efc7a21c-f2d9-4843-8b04-49403e3f4758,Role 3,2012-03-19 18:05:39.524167,61,1,res_efc7a21c-f2d9-4843-8b04-49403e3f4758,2012-03-19 16:46:04.735380,0.25
Case18,Turning & Milling,res_d104647a-ac01-4c67-bbfd-93c458a66fc5,Role 1,2012-03-19 18:08:12.648840,60,3,res_d104647a-ac01-4c67-bbfd-93c458a66fc5,2012-03-19 16:17:27.593383,0.14285714285714285
Case25,Turning,res_64b46ba6-dbcd-409f-bfc0-381819580be4,Role 1,2012-03-19 18:23:15.664809,60,0,res_64b46ba6-dbcd-409f-bfc0-381819580be4,2012-03-19 15:38:14.600000,0.07142857142857142
Case7,Packing,res_1af86357-3d5b-4de5-9045-d34cea4ada2e,Role 4,2012-03-19 18:40:59.781942,62,0,res_1af86357-3d5b-4de5-9045-d34cea4ada2e,2012-03-19 17:25:02.666680,0.0
Case21,Flat Grinding,res_a720b666-cacb-46ec-a0d7-37fb2f49989f,Role 5,2012-03-19 18:43:09.496673,62,0,res_a720b666-cacb-46ec-a0d7-37fb2f49989f,2012-03-19 17:24:03.682202,0.0
Case27,Turning Q.C.,res_5a28b345-6594-4b08-a56e-ed6855c3591f,Role 3,2012-03-19 18:46:23.222407,62,0,res_5a28b345-6594-4b08-a56e-ed6855c3591f,2012-03-19 17:12:10.400000,0.5
Case26,Grinding Rework,res_dc6ec240-97a8-4d36-a2c2-db1c8eba59d8,Role 2,2012-03-19 18:51:31.781869,61,1,res_dc6ec240-97a8-4d36-a2c2-db1c8eba59d8,2012-03-19 16:24:42.200000,0.125
Case23,Turning & Milling Q.C.,res_0f3b9339-d57d-4a2a-b741-2aea0354b48d,Role 3,2012-03-19 19:02:49.030200,62,2,res_0f3b9339-d57d-4a2a-b741-2aea0354b48d,2012-03-19 17:43:16.809487,0.75
Case24,Turning & Milling Q.C.,res_1f201fb6-42f2-487e-acc9-692f9021d889,Role 3,2012-03-19 19:29:26.625156,63,1,res_1f201fb6-42f2-487e-acc9-692f9021d889,2012-03-19 18:09:32.115566,0.5
Case12,Final Inspection Q.C.,res_0f3b9339-d57d-4a2a-b741-2aea0354b48d,Role 3,2012-03-19 19:35:19.964340,63,1,res_0f3b9339-d57d-4a2a-b741-2aea0354b48d,2012-03-19 18:18:04.153928,0.75
Case19,Turning & Milling,res_d104647a-ac01-4c67-bbfd-93c458a66fc5,Role 1,2012-03-19 19:51:14.503790,63,2,res_d104647a-ac01-4c67-bbfd-93c458a66fc5,2012-03-19 18:18:28.077562,0.07142857142857142
Case18,Turning & Milling,res_999e6d6c-b81f-46be-ad99-6558d8f0350d,Role 1,2012-03-19 19:56:27.708644,63,3,res_999e6d6c-b81f-46be-ad99-6558d8f0350d,2012-03-19 18:21:12.538057,0.14285714285714285
Case28,Grinding Rework,res_ff1a6ec6-e6a5-439d-8c2e-43cf725aaf65,Role 2,2012-03-19 20:14:14.300325,63,1,res_ff1a6ec6-e6a5-439d-8c2e-43cf725aaf65,2012-03-19 17:44:29.600000,0.125
Case9,Final Inspection Q.C.,res_0f3b9339-d57d-4a2a-b741-2aea0354b48d,Role 3,2012-03-19 20:34:55.013204,64,2,res_0f3b9339-d57d-4a2a-b741-2aea0354b48d,2012-03-19 19:16:45.981515,0.5
Case29,Grinding Rework,res_a474f559-dd82-4d4d-947c-0a62a957f30f,Role 2,2012-03-19 20:52:33.841722,64,2,res_a474f559-dd82-4d4d-947c-0a62a957f30f,2012-03-19 18:26:54.800000,0.25
Case27,Turning,res_999e6d6c-b81f-46be-ad99-6558d8f0350d,Role 1,2012-03-19 20:53:08.994718,64,0,res_999e6d6c-b81f-46be-ad99-6558d8f0350d,2012-03-19 18:58:09.135238,0.14285714285714285
Case22,Round Grinding,res_dc6ec240-97a8-4d36-a2c2-db1c8eba59d8,Role 2,2012-03-19 20:59:07.547421,64,1,res_dc6ec240-97a8-4d36-a2c2-db1c8eba59d8,2012-03-19 19:34:53.237560,0.25
Case21,Flat Grinding,res_a753e248-f5dc-41d2-8676-3762e647702f,Role 5,2012-03-19 20:59:34.974512,64,0,res_a753e248-f5dc-41d2-8676-3762e647702f,2012-03-19 19:42:51.077941,0.0
Case26,Turning & Milling Q.C.,res_0f3b9339-d57d-4a2a-b741-2aea0354b48d,Role 3,2012-03-19 21:03:16.307163,64,0,res_0f3b9339-d57d-4a2a-b741-2aea0354b48d,2012-03-19 19:37:01.857434,0.25
Case23,Turning & Milling,res_58579a9a-0734-4260-ba60-6d5879dcf395,Role 1,2012-03-19 21:05:40.844202,64,5,res_58579a9a-0734-4260-ba60-6d5879dcf395,2012-03-19 19:43:18.711938,0.35714285714285715
Case24,Turning & Milling,res_d104647a-ac01-4c67-bbfd-93c458a66fc5,Role 1,2012-03-19 21:08:43.994324,64,4,res_d104647a-ac01-4c67-bbfd-93c458a66fc5,2012-03-19 19:33:42.158552,0.21428571428571427
Case20,Turning & Milling Q.C.,res_0f3b9339-d57d-4a2a-b741-2aea0354b48d,Role 3,2012-03-19 21:15:04.538556,64,1,res_0f3b9339-d57d-4a2a-b741-2aea0354b48d,2012-03-19 19:56:13.084328,0.5
Case18,Laser Marking,res_a720b666-cacb-46ec-a0d7-37fb2f49989f,Role 5,2012-03-19 21:30:52.024990,64,0,res_a720b666-cacb-46ec-a0d7-37fb2f49989f,2012-03-19 20:12:55.504791,0.5
Case25,Stress Relief,res_901f94b5-5b19-463b-a565-1c394e02b7a7,Role 1,2012-03-19 21:34:34.247953,64,0,res_901f94b5-5b19-463b-a565-1c394e02b7a7,2012-03-19 19:36:52.120306,0.2857142857142857
Case19,Turning & Milling,res_134379ca-c877-4c81-bc00-1e22e87d2a6a,Role 1,2012-03-19 21:39:49.472252,64,4,res_134379ca-c877-4c81-bc00-1e22e87d2a6a,2012-03-19 20:07:27.944885,0.2857142857142857
Case10,Laser Marking,res_a720b666-cacb-46ec-a0d7-37fb2f49989f,Role 5,2012-03-19 22:01:48.646726,64,1,res_a720b666-cacb-46ec-a0d7-37fb2f49989f,2012-03-19 20:46:33.265635,1.0
Case27,Turning & Milling Q.C.,res_5a28b345-6594-4b08-a56e-ed6855c3591f,Role 3,2012-03-19 22:15:34.942357,64,2,res_5a28b345-6594-4b08-a56e-ed6855c3591f,2012-03-19 20:55:53.604199,0.5
Case8,Packing,res_1af86357-3d5b-4de5-9045-d34cea4ada2e,Role 4,2012-03-19 22:19:58.410883,64,0,res_1af86357-3d5b-4de5-9045-d34cea4ada2e,2012-03-19 21:00:56.026573,0.0
Case23,Laser Marking,res_a753e248-f5dc-41d2-8676-3762e647702f,Role 5,2012-03-19 22:42:16.814451,64,2,res_a753e248-f5dc-41d2-8676-3762e647702f,2012-03-19 21:27:12.605205,1.0
Case24,Flat Grinding,res_a720b666-cacb-46ec-a0d7-37fb2f49989f,Role 5,2012-03-19 22:47:29.784852,64,0,res_a720b666-cacb-46ec-a0d7-37fb2f49989f,2012-03-19 21:28:19.581773,1.0
Case26,Turning & Milling,res_64b46ba6-dbcd-409f-bfc0-381819580be4,Role 1,2012-03-19 23:01:32.028784,64,4,res_64b46ba6-dbcd-409f-bfc0-381819580be4,2012-03-19 21:07:57.826863,0.21428571428571427
Case21,Flat Grinding,res_a720b666-cacb-46ec-a0d7-37fb2f49989f,Role 5,2012-03-19 23:02:34.428630,65,1,res_a720b666-cacb-46ec-a0d7-37fb2f49989f,2012-03-19 21:47:15.264272,1.0
Case18,Laser Marking,res_a753e248-f5dc-41d2-8676-3762e647702f,Role 5,2012-03-19 23:05:36.771553,65,2,res_a753e248-f5dc-41d2-8676-3762e647702f,2012-03-19 21:49:54.455339,1.0
Case25,Turning & Milling Q.C.,res_1f201fb6-42f2-487e-acc9-692f9021d889,Role 3,2012-03-19 23:06:31.574121,65,1,res_1f201fb6-42f2-487e-acc9-692f9021d889,2012-03-19 21:42:56.748499,0.25
Case14,Packing,res_d787994f-df65-48b5-9334-1a5e096084f9,Role 4,2012-03-19 23:29:53.897097,65,1,res_d787994f-df65-48b5-9334-1a5e096084f9,2012-03-19 22:10:14.433058,0.3333333333333333
Case19,Turning & Milling,res_58579a9a-0734-4260-ba60-6d5879dcf395,Role 1,2012-03-19 23:46:04.621836,65,3,res_58579a9a-0734-4260-ba60-6d5879dcf395,2012-03-19 21:56:11.179481,0.14285714285714285
Case22,Round Grinding,res_695b1248-e20f-4c40-b4c4-1946aa9e4715,Role 2,2012-03-19 23:50:31.289022,65,1,res_695b1248-e20f-4c40-b4c4-1946aa9e4715,2012-03-19 21:52:12.280543,0.0
Case23,Laser Marking,res_a720b666-cacb-46ec-a0d7-37fb2f49989f,Role 5,2012-03-20 00:18:02.077328,65,1,res_a720b666-cacb-46ec-a0d7-37fb2f49989f,2012-03-19 23:03:05.577996,0.5
Case30,Turn & Mill. & Screw Assem,res_d104647a-ac01-4c67-bbfd-93c458a66fc5,Role 1,2012-03-20 00:20:28.416358,65,0,res_d104647a-ac01-4c67-bbfd-93c458a66fc5,2012-03-19 21:33:45.800000,0.21428571428571427
Case27,Turning & Milling,res_c9e62f02-2aa8-4c90-a380-1a6c1aed5b77,Role 1,2012-03-20 00:24:44.284794,65,4,res_c9e62f02-2aa8-4c90-a380-1a6c1aed5b77,2012-03-19 22:38:07.066290,0.21428571428571427
Case24,Laser Marking,res_a720b666-cacb-46ec-a0d7-37fb2f49989f,Role 5,2012-03-20 00:50:35.732506,65,1,res_a720b666-cacb-46ec-a0d7-37fb2f49989f,2012-03-19 23:28:19.395232,0.5
Case13,Turning,res_03e72c99-2c53-4b43-8d9d-0075f5c92d97,Role 1,2012-03-20 00:52:12.203422,65,0,res_03e72c99-2c53-4b43-8d9d-0075f5c92d97,2012-03-19 23:03:50.315582,0.21428571428571427
Case28,Grinding Rework,res_a474f559-dd82-4d4d-947c-0a62a957f30f,Role 2,2012-03-20 00:54:41.118975,65,0,res_a474f559-dd82-4d4d-947c-0a62a957f30f,2012-03-19 22:55:38.315956,0.125
Case18,Round Grinding,res_a474f559-dd82-4d4d-947c-0a62a957f30f,Role 2,2012-03-20 00:55:54.838855,65,2,res_a474f559-dd82-4d4d-947c-0a62a957f30f,2012-03-19 23:28:36.085568,0.25
Case21,Lapping,res_a720b666-cacb-46ec-a0d7-37fb2f49989f,Role 5,2012-03-20 01:02:43.334090,65,0,res_a720b666-cacb-46ec-a0d7-37fb2f49989f,2012-03-19 23:46:48.235370,1.0
Case25,Turning & Milling,res_999e6d6c-b81f-46be-ad99-6558d8f0350d,Role 1,2012-03-20 01:33:28.612016,65,4,res_999e6d6c-b81f-46be-ad99-6558d8f0350d,2012-03-19 23:35:10.801919,0.2857142857142857
Case22,Final Inspection Q.C.,res_1f201fb6-42f2-487e-acc9-692f9021d889,Role 3,2012-03-20 01:54:02.861812,66,1,res_1f201fb6-42f2-487e-acc9-692f9021d889,2012-03-20 00:35:57.675122,0.25
Case23,Lapping,res_a720b666-cacb-46ec-a0d7-37fb2f49989f,Role 5,2012-03-20 01:56:33.974865,66,1,res_a720b666-cacb-46ec-a0d7-37fb2f49989f,2012-03-20 00:39:50.486692,1.0
Case19,Turning & Milling,res_23ea4a6a-ffc0-4264-a49a-0a81be16df02,Role 1,2012-03-20 02:01:01.900096,65,4,res_23ea4a6a-ffc0-4264-a49a-0a81be16df02,2012-03-20 00:02:55.001539,0.2857142857142857
Case26,Turning & Milling Q.C.,res_0f3b9339-d57d-4a2a-b741-2aea0354b48d,Role 3,2012-03-20 02:14:55.831556,66,0,res_0f3b9339-d57d-4a2a-b741-2aea0354b48d,2012-03-20 00:51:38.521028,0.5
Case29,Grinding Rework,res_dc6ec240-97a8-4d36-a2c2-db1c8eba59d8,Role 2,2012-03-20 02:32:59.255282,66,1,res_dc6ec240-97a8-4d36-a2c2-db1c8eba59d8,2012-03-20 00:33:16.067718,0.25
Case24,Laser Marking,res_a753e248-f5dc-41d2-8676-3762e647702f,Role 5,2012-03-20 02:42:35.562896,66,0,res_a753e248-f5dc-41d2-8676-3762e647702f,2012-03-20 01:13:38.578245,0.5
Case20,Turning & Milling Q.C.,res_0f3b9339-d57d-4a2a-b741-2aea0354b48d,Role 3,2012-03-20 02:52:34.444683,66,1,res_0f3b9339-d57d-4a2a-b741-2aea0354b48d,2012-03-20 01:36:37.581537,0.75
Case31,Turning Q.C.,res_5a28b345-6594-4b08-a56e-ed6855c3591f,Role 3,2012-03-20 02:54:30.489860,66,0,res_5a28b345-6594-4b08-a56e-ed6855c3591f,2012-03-20 00:09:18.200000,0.0
Case21,Lapping,res_a720b666-cacb-46ec-a0d7-37fb2f49989f,Role 5,2012-03-20 03:02:48.524762,66,1,res_a720b666-cacb-46ec-a0d7-37fb2f49989f,2012-03-20 01:45:08.929487,1.0
Case28,Grinding Rework,res_a474f559-dd82-4d4d-947c-0a62a957f30f,Role 2,2012-03-20 03:04:20.069933,66,1,res_a474f559-dd82-4d4d-947c-0a62a957f30f,2012-03-20 01:07:12.956109,0.125
Case18,Round Grinding,res_ff1a6ec6-e6a5-439d-8c2e-43cf725aaf65,Role 2,2012-03-20 03:11:39.219634,66,1,res_ff1a6ec6-e6a5-439d-8c2e-43cf725aaf65,2012-03-20 01:22:30.115586,0.25
Case11,Flat Grinding,res_a720b666-cacb-46ec-a0d7-37fb2f49989f,Role 5,2012-03-20 03:22:21.849857,66,0,res_a720b666-cacb-46ec-a0d7-37fb2f49989f,2012-03-20 02:02:45.466713,1.0
Case30,Turn & Mill. & Screw Assem,res_03e72c99-2c53-4b43-8d9d-0075f5c92d97,Role 1,2012-03-20 03:42:33.081182,66,0,res_03e72c99-2c53-4b43-8d9d-0075f5c92d97,2012-03-20 01:28:26.039354,0.14285714285714285
Case23,Round Grinding,res_a98d4e1a-567b-4714-8d02-370a868585c6,Role 2,2012-03-20 03:53:27.028823,66,2,res_a98d4e1a-567b-4714-8d02-370a868585c6,2012-03-20 02:20:28.856201,0.375
Case25,Turning & Milling Q.C.,res_0f3b9339-d57d-4a2a-b741-2aea0354b48d,Role 3,2012-03-20 03:55:46.407992,66,1,res_0f3b9339-d57d-4a2a-b741-2aea0354b48d,2012-03-20 02:32:21.144955,0.5
Case16,Turning & Milling Q.C.,res_efc7a21c-f2d9-4843-8b04-49403e3f4758,Role 3,2012-03-20 03:56:06.766053,66,2,res_efc7a21c-f2d9-4843-8b04-49403e3f4758,2012-03-20 02:32:37.247267,0.75
Case29,Turning & Milling Q.C.,res_0f3b9339-d57d-4a2a-b741-2aea0354b48d,Role 3,2012-03-20 04:02:57.237194,66,3,res_0f3b9339-d57d-4a2a-b741-2aea0354b48d,2012-03-20 02:42:39.939486,1.0
Case27,Turning & Milling Q.C.,res_efc7a21c-f2d9-4843-8b04-49403e3f4758,Role 3,2012-03-20 04:22:13.351999,66,3,res_efc7a21c-f2d9-4843-8b04-49403e3f4758,2012-03-20 03:01:10.055259,0.75
Case19,Turning & Milling,res_58579a9a-0734-4260-ba60-6d5879dcf395,Role 1,2012-03-20 04:23:55.421166,66,2,res_58579a9a-0734-4260-ba60-6d5879dcf395,2012-03-20 02:19:22.007532,0.07142857142857142
Case24,Laser Marking,res_a753e248-f5dc-41d2-8676-3762e647702f,Role 5,2012-03-20 04:41:15.185748,66,0,res_a753e248-f5dc-41d2-8676-3762e647702f,2012-03-20 03:03:09.280432,0.5
Case21,Round Grinding,res_a474f559-dd82-4d4d-947c-0a62a957f30f,Role 2,2012-03-20 05:12:00.312417,66,2,res_a474f559-dd82-4d4d-947c-0a62a957f30f,2012-03-20 03:28:58.040704,0.125
Case12,Packing,res_d787994f-df65-48b5-9334-1a5e096084f9,Role 4,2012-03-20 05:31:39.669655,66,1,res_d787994f-df65-48b5-9334-1a5e096084f9,2012-03-20 04:16:10.415484,0.3333333333333333
Case18,Round Grinding,res_695b1248-e20f-4c40-b4c4-1946aa9e4715,Role 2,2012-03-20 05:32:25.461759,66,3,res_695b1248-e20f-4c40-b4c4-1946aa9e4715,2012-03-20 03:36:38.525250,0.25
Case20,Turning & Milling,res_c9e62f02-2aa8-4c90-a380-1a6c1aed5b77,Role 1,2012-03-20 05:35:10.120914,66,3,res_c9e62f02-2aa8-4c90-a380-1a6c1aed5b77,2012-03-20 03:54:01.861558,0.14285714285714285
Case15,Packing,res_d787994f-df65-48b5-9334-1a5e096084f9,Role 4,2012-03-20 05:38:45.268824,66,0,res_d787994f-df65-48b5-9334-1a5e096084f9,2012-03-20 04:08:13.441527,0.0
Case30,Turn & Mill. & Screw Assem,res_d104647a-ac01-4c67-bbfd-93c458a66fc5,Role 1,2012-03-20 05:55:39.759126,66,0,res_d104647a-ac01-4c67-bbfd-93c458a66fc5,2012-03-20 03:47:33.511541,0.07142857142857142
Case29,Turning & Milling,res_73812c67-b150-496d-aabc-45283e0f5f91,Role 1,2012-03-20 06:23:58.864516,66,3,res_73812c67-b150-496d-aabc-45283e0f5f91,2012-03-20 04:24:43.385154,0.14285714285714285
Case31,Turning,res_64b46ba6-dbcd-409f-bfc0-381819580be4,Role 1,2012-03-20 06:41:04.224075,66,0,res_64b46ba6-dbcd-409f-bfc0-381819580be4,2012-03-20 04:33:06.270852,0.21428571428571427
Case19,Flat Grinding,res_a720b666-cacb-46ec-a0d7-37fb2f49989f,Role 5,2012-03-20 06:50:44.516456,66,0,res_a720b666-cacb-46ec-a0d7-37fb2f49989f,2012-03-20 04:50:57.593922,0.0
Case24,Round Grinding,res_339f895a-7674-4177-9490-76251d142b7e,Role 2,2012-03-20 06:57:53.536244,66,3,res_339f895a-7674-4177-9490-76251d142b7e,2012-03-20 05:03:58.334704,0.25
Case20,Laser Marking,res_a720b666-cacb-46ec-a0d7-37fb2f49989f,Role 5,2012-03-20 07:31:29.165152,66,0,res_a720b666-cacb-46ec-a0d7-37fb2f49989f,2012-03-20 06:05:31.681147,0.5
Case21,Round Grinding,res_a98d4e1a-567b-4714-8d02-370a868585c6,Role 2,2012-03-20 07:32:09.334229,66,2,res_a98d4e1a-567b-4714-8d02-370a868585c6,2012-03-20 05:35:50.552965,0.125
Case28,Grinding Rework,res_a474f559-dd82-4d4d-947c-0a62a957f30f,Role 2,2012-03-20 08:24:03.965129,66,0,res_a474f559-dd82-4d4d-947c-0a62a957f30f,2012-03-20 06:41:07.828968,0.25
Case29,Turning & Milling,res_864842e9-6193-4a5c-b1bb-5a831ab42c5b,Role 1,2012-03-20 08:48:44.325606,66,2,res_864842e9-6193-4a5c-b1bb-5a831ab42c5b,2012-03-20 06:43:01.980425,0.0
Case31,Turning,res_03e72c99-2c53-4b43-8d9d-0075f5c92d97,Role 1,2012-03-20 08:50:14.533539,66,0,res_03e72c99-2c53-4b43-8d9d-0075f5c92d97,2012-03-20 06:44:18.521982,0.07142857142857142
Case24,Round Grinding,res_695b1248-e20f-4c40-b4c4-1946aa9e4715,Role 2,2012-03-20 09:18:39.236345,66,2,res_695b1248-e20f-4c40-b4c4-1946aa9e4715,2012-03-20 07:21:49.346993,0.25
Case25,Laser Marking,res_a720b666-cacb-46ec-a0d7-37fb2f49989f,Role 5,2012-03-20 09:30:32.842052,67,0,res_a720b666-cacb-46ec-a0d7-37fb2f49989f,2012-03-20 07:43:59.375065,0.0
Case32,Turning & Milling Q.C.,res_5a28b345-6594-4b08-a56e-ed6855c3591f,Role 3,2012-03-20 10:17:13.059854,67,0,res_5a28b345-6594-4b08-a56e-ed6855c3591f,2012-03-20 07:33:42.200000,0.0
Case19,Flat Grinding,res_a720b666-cacb-46ec-a0d7-37fb2f49989f,Role 5,2012-03-20 10:39:21.964906,67,0,res_a720b666-cacb-46ec-a0d7-37fb2f49989f,2012-03-20 09:19:41.935517,1.0
Case29,Laser Marking,res_a720b666-cacb-46ec-a0d7-37fb2f49989f,Role 5,2012-03-20 10:52:53.657392,67,1,res_a720b666-cacb-46ec-a0d7-37fb2f49989f,2012-03-20 09:08:26.770362,0.5
Case20,Flat Grinding,res_a720b666-cacb-46ec-a0d7-37fb2f49989f,Role 5,2012-03-20 10:56:22.459617,67,1,res_a720b666-cacb-46ec-a0d7-37fb2f49989f,2012-03-20 09:41:39.634709,1.0
Case31,Turning,res_03e72c99-2c53-4b43-8d9d-0075f5c92d97,Role 1,2012-03-20 11:06:41.383225,67,0,res_03e72c99-2c53-4b43-8d9d-0075f5c92d97,2012-03-20 09:04:03.947880,0.0
Case10,Laser Marking,res_a720b666-cacb-46ec-a0d7-37fb2f49989f,Role 5,2012-03-20 11:21:56.238675,67,1,res_a720b666-cacb-46ec-a0d7-37fb2f49989f,2012-03-20 10:05:55.035441,1.0
Case17,Turning & Milling,res_58579a9a-0734-4260-ba60-6d5879dcf395,Role 1,2012-03-20 11:29:06.050277,67,2,res_58579a9a-0734-4260-ba60-6d5879dcf395,2012-03-20 09:58:23.092852,0.07142857142857142
Case25,Laser Marking,res_a720b666-cacb-46ec-a0d7-37fb2f49989f,Role 5,2012-03-20 11:45:20.373821,67,2,res_a720b666-cacb-46ec-a0d7-37fb2f49989f,2012-03-20 10:25:26.088320,1.0
Case24,Round Grinding,res_ff1a6ec6-e6a5-439d-8c2e-43cf725aaf65,Role 2,2012-03-20 11:46:39.041228,67,1,res_ff1a6ec6-e6a5-439d-8c2e-43cf725aaf65,2012-03-20 09:43:25.630472,0.0
Case28,Turning & Milling,res_901f94b5-5b19-463b-a565-1c394e02b7a7,Role 1,2012-03-20 11:48:24.878040,67,3,res_901f94b5-5b19-463b-a565-1c394e02b7a7,2012-03-20 10:01:15.152181,0.14285714285714285
Case30,Turning & Milling Q.C.,res_5a28b345-6594-4b08-a56e-ed6855c3591f,Role 3,2012-03-20 11:52:48.905487,67,0,res_5a28b345-6594-4b08-a56e-ed6855c3591f,2012-03-20 10:23:46.379281,0.0
Case9,Final Inspection Q.C.,res_efc7a21c-f2d9-4843-8b04-49403e3f4758,Role 3,2012-03-20 12:04:33.852284,67,1,res_efc7a21c-f2d9-4843-8b04-49403e3f4758,2012-03-20 10:46:35.650049,0.25
Case7,Packing,res_1af86357-3d5b-4de5-9045-d34cea4ada2e,Role 4,2012-03-20 12:16:55.105939,67,0,res_1af86357-3d5b-4de5-9045-d34cea4ada2e,2012-03-20 10:59:05.294475,0.0
Case29,Laser Marking,res_a720b666-cacb-46ec-a0d7-37fb2f49989f,Role 5,2012-03-20 12:34:15.774003,67,2,res_a720b666-cacb-46ec-a0d7-37fb2f49989f,2012-03-20 11:12:06.894241,1.0
Case18,Packing,res_ab6b8540-a8ce-4e57-937f-f99590a54a70,Role 4,2012-03-20 12:34:35.705507,67,1,res_ab6b8540-a8ce-4e57-937f-f99590a54a70,2012-03-20 11:15:16.799285,0.3333333333333333
Case32,Turning & Milling,res_58579a9a-0734-4260-ba60-6d5879dcf395,Role 1,2012-03-20 12:34:41.742045,67,4,res_58579a9a-0734-4260-ba60-6d5879dcf395,2012-03-20 10:32:08.382768,0.21428571428571427
Case8,Final Inspection Q.C.,res_efc7a21c-f2d9-4843-8b04-49403e3f4758,Role 3,2012-03-20 13:01:17.048300,67,2,res_efc7a21c-f2d9-4843-8b04-49403e3f4758,2012-03-20 11:41:57.179627,0.5
Case23,Packing,res_1af86357-3d5b-4de5-9045-d34cea4ada2e,Role 4,2012-03-20 13:07:24.453091,67,2,res_1af86357-3d5b-4de5-9045-d34cea4ada2e,2012-03-20 11:48:27.512123,0.6666666666666666
Case26,Turning & Milling,res_d104647a-ac01-4c67-bbfd-93c458a66fc5,Role 1,2012-03-20 13:14:05.239955,67,4,res_d104647a-ac01-4c67-bbfd-93c458a66fc5,2012-03-20 11:48:07.136054,0.21428571428571427
Case31,Turning,res_64b46ba6-dbcd-409f-bfc0-381819580be4,Role 1,2012-03-20 13:26:16.236855,67,0,res_64b46ba6-dbcd-409f-bfc0-381819580be4,2012-03-20 11:21:47.333983,0.21428571428571427
Case25,Round Grinding,res_fe194c84-ca1e-4108-b9cc-125a173b9442,Role 2,2012-03-20 13:48:44.508993,66,1,res_fe194c84-ca1e-4108-b9cc-125a173b9442,2012-03-20 12:23:12.347322,0.0
Case32,Turning & Milling Q.C.,res_1f201fb6-42f2-487e-acc9-692f9021d889,Role 3,2012-03-20 13:59:54.529522,66,0,res_1f201fb6-42f2-487e-acc9-692f9021d889,2012-03-20 12:39:42.793252,0.25
Case21,Packing,res_ab6b8540-a8ce-4e57-937f-f99590a54a70,Role 4,2012-03-20 14:02:04.952901,66,2,res_ab6b8540-a8ce-4e57-937f-f99590a54a70,2012-03-20 12:42:54.609355,0.6666666666666666
Case24,Packing,res_ab6b8540-a8ce-4e57-937f-f99590a54a70,Role 4,2012-03-20 14:02:16.468512,66,1,res_ab6b8540-a8ce-4e57-937f-f99590a54a70,2012-03-20 12:42:10.190986,0.3333333333333333
Case28,Turning & Milling Q.C.,res_efc7a21c-f2d9-4843-8b04-49403e3f4758,Role 3,2012-03-20 14:15:38.464375,66,1,res_efc7a21c-f2d9-4843-8b04-49403e3f4758,2012-03-20 12:55:58.982100,0.5
Case22,Packing,res_1af86357-3d5b-4de5-9045-d34cea4ada2e,Role 4,2012-03-20 14:34:48.099674,66,2,res_1af86357-3d5b-4de5-9045-d34cea4ada2e,2012-03-20 13:18:26.156770,0.6666666666666666
Case29,Laser Marking,res_a753e248-f5dc-41d2-8676-3762e647702f,Role 5,2012-03-20 14:36:06.716989,66,0,res_a753e248-f5dc-41d2-8676-3762e647702f,2012-03-20 12:58:27.279045,0.0
Case20,Flat Grinding,res_a720b666-cacb-46ec-a0d7-37fb2f49989f,Role 5,2012-03-20 14:59:19.333668,66,0,res_a720b666-cacb-46ec-a0d7-37fb2f49989f,2012-03-20 13:39:57.044391,0.5
Case32,Laser Marking,res_a720b666-cacb-46ec-a0d7-37fb2f49989f,Role 5,2012-03-20 15:36:30.266759,66,1,res_a720b666-cacb-46ec-a0d7-37fb2f49989f,2012-03-20 14:17:03.469064,1.0
Case25,Round Grinding,res_a474f559-dd82-4d4d-947c-0a62a957f30f,Role 2,2012-03-20 15:43:48.177281,66,1,res_a474f559-dd82-4d4d-947c-0a62a957f30f,2012-03-20 14:14:40.414936,0.0
Case31,Turning,res_23ea4a6a-ffc0-4264-a49a-0a81be16df02,Role 1,2012-03-20 16:08:40.834220,66,0,res_23ea4a6a-ffc0-4264-a49a-0a81be16df02,2012-03-20 13:44:40.016292,0.0
Case29,Laser Marking,res_a720b666-cacb-46ec-a0d7-37fb2f49989f,Role 5,2012-03-20 16:15:41.416252,67,1,res_a720b666-cacb-46ec-a0d7-37fb2f49989f,2012-03-20 14:56:20.775663,1.0
Case26,Laser Marking,res_a720b666-cacb-46ec-a0d7-37fb2f49989f,Role 5,2012-03-20 16:53:37.618373,67,2,res_a720b666-cacb-46ec-a0d7-37fb2f49989f,2012-03-20 15:35:52.744264,1.0
Case24,Final Inspection Q.C.,res_efc7a21c-f2d9-4843-8b04-49403e3f4758,Role 3,2012-03-20 16:53:54.563503,67,1,res_efc7a21c-f2d9-4843-8b04-49403e3f4758,2012-03-20 15:34:11.793042,0.0
Case30,Turning & Milling,res_864842e9-6193-4a5c-b1bb-5a831ab42c5b,Role 1,2012-03-20 16:55:58.518258,67,2,res_864842e9-6193-4a5c-b1bb-5a831ab42c5b,2012-03-20 15:23:59.399403,0.14285714285714285
Case32,Round Grinding,res_339f895a-7674-4177-9490-76251d142b7e,Role 2,2012-03-20 17:16:20.377232,67,1,res_339f895a-7674-4177-9490-76251d142b7e,2012-03-20 15:58:16.486400,0.0
Case33,Turn & Mill. & Screw Assem,res_901f94b5-5b19-463b-a565-1c394e02b7a7,Role 1,2012-03-20 17:20:40.350999,67,0,res_901f94b5-5b19-463b-a565-1c394e02b7a7,2012-03-20 14:38:54.800000,0.07142857142857142
Case25,Round Grinding,res_dc6ec240-97a8-4d36-a2c2-db1c8eba59d8,Role 2,2012-03-20 17:26:15.077080,67,2,res_dc6ec240-97a8-4d36-a2c2-db1c8eba59d8,2012-03-20 16:05:13.788593,0.125
Case14,Final Inspection Q.C.,res_1f201fb6-42f2-487e-acc9-692f9021d889,Role 3,2012-03-20 17:30:36.437334,67,2,res_1f201fb6-42f2-487e-acc9-692f9021d889,2012-03-20 16:10:49.180168,0.25
Case19,Flat Grinding,res_a753e248-f5dc-41d2-8676-3762e647702f,Role 5,2012-03-20 17:35:40.036602,67,0,res_a753e248-f5dc-41d2-8676-3762e647702f,2012-03-20 16:16:07.688429,0.5
Case28,Turning & Milling Q.C.,res_efc7a21c-f2d9-4843-8b04-49403e3f4758,Role 3,2012-03-20 17:36:49.599958,67,0,res_efc7a21c-f2d9-4843-8b04-49403e3f4758,2012-03-20 16:17:30.775444,0.5
Case29,Laser Marking,res_a753e248-f5dc-41d2-8676-3762e647702f,Role 5,2012-03-20 17:49:23.133810,67,1,res_a753e248-f5dc-41d2-8676-3762e647702f,2012-03-20 16:34:26.437173,1.0
Case31,Turning & Milling Q.C.,res_1f201fb6-42f2-487e-acc9-692f9021d889,Role 3,2012-03-20 17:49:38.022210,67,1,res_1f201fb6-42f2-487e-acc9-692f9021d889,2012-03-20 16:29:31.795114,0.75
Case11,Laser Marking,res_a753e248-f5dc-41d2-8676-3762e647702f,Role 5,2012-03-20 18:01:45.434313,67,2,res_a753e248-f5dc-41d2-8676-3762e647702f,2012-03-20 16:45:17.372810,1.0
Case20,Flat Grinding,res_a720b666-cacb-46ec-a0d7-37fb2f49989f,Role 5,2012-03-20 18:19:20.008139,67,1,res_a720b666-cacb-46ec-a0d7-37fb2f49989f,2012-03-20 17:01:03.760811,1.0
Case13,Stress Relief,res_bb99c827-b34a-44c8-bbdb-267da0ed83d2,Role 1,2012-03-20 18:33:48.301045,67,0,res_bb99c827-b34a-44c8-bbdb-267da0ed83d2,2012-03-20 17:14:28.482316,0.07142857142857142
Case16,Lapping,res_a753e248-f5dc-41d2-8676-3762e647702f,Role 5,2012-03-20 18:42:08.708462,67,0,res_a753e248-f5dc-41d2-8676-3762e647702f,2012-03-20 17:22:23.163404,1.0
Case32,Final Inspection Q.C.,res_5a28b345-6594-4b08-a56e-ed6855c3591f,Role 3,2012-03-20 19:02:13.348809,67,1,res_5a28b345-6594-4b08-a56e-ed6855c3591f,2012-03-20 17:47:51.645013,0.25
Case26,Round Grinding,res_695b1248-e20f-4c40-b4c4-1946aa9e4715,Role 2,2012-03-20 19:12:40.871686,67,1,res_695b1248-e20f-4c40-b4c4-1946aa9e4715,2012-03-20 17:53:30.043274,0.0
Case29,Laser Marking,res_a753e248-f5dc-41d2-8676-3762e647702f,Role 5,2012-03-20 19:23:46.200368,67,0,res_a753e248-f5dc-41d2-8676-3762e647702f,2012-03-20 18:09:02.062503,1.0
Case25,Packing,res_d787994f-df65-48b5-9334-1a5e096084f9,Role 4,2012-03-20 19:33:44.691973,67,0,res_d787994f-df65-48b5-9334-1a5e096084f9,2012-03-20 18:18:34.837886,0.0
Case33,Turn & Mill. & Screw Assem,res_bb99c827-b34a-44c8-bbdb-267da0ed83d2,Role 1,2012-03-20 19:37:25.927883,67,0,res_bb99c827-b34a-44c8-bbdb-267da0ed83d2,2012-03-20 17:37:59.978220,0.07142857142857142
Case10,Laser Marking,res_a720b666-cacb-46ec-a0d7-37fb2f49989f,Role 5,2012-03-20 19:38:53.033032,67,1,res_a720b666-cacb-46ec-a0d7-37fb2f49989f,2012-03-20 18:22:03.758039,1.0
Case31,Turning & Milling,res_901f94b5-5b19-463b-a565-1c394e02b7a7,Role 1,2012-03-20 19:44:28.270881,67,2,res_901f94b5-5b19-463b-a565-1c394e02b7a7,2012-03-20 18:18:38.337717,0.14285714285714285
Case28,Laser Marking,res_a753e248-f5dc-41d2-8676-3762e647702f,Role 5,2012-03-20 19:48:13.987849,67,2,res_a753e248-f5dc-41d2-8676-3762e647702f,2012-03-20 18:31:43.663153,1.0
Case30,Turning & Milling Q.C.,res_efc7a21c-f2d9-4843-8b04-49403e3f4758,Role 3,2012-03-20 19:52:25.230671,67,0,res_efc7a21c-f2d9-4843-8b04-49403e3f4758,2012-03-20 18:31:45.789057,0.25
Case12,Packing,res_ab6b8540-a8ce-4e57-937f-f99590a54a70,Role 4,2012-03-20 19:56:50.352718,67,1,res_ab6b8540-a8ce-4e57-937f-f99590a54a70,2012-03-20 18:44:42.551528,0.3333333333333333
Case20,Round Grinding,res_ff1a6ec6-e6a5-439d-8c2e-43cf725aaf65,Role 2,2012-03-20 20:16:43.033517,67,2,res_ff1a6ec6-e6a5-439d-8c2e-43cf725aaf65,2012-03-20 19:00:37.756063,0.125
Case29,Laser Marking,res_a753e248-f5dc-41d2-8676-3762e647702f,Role 5,2012-03-20 20:57:09.967450,67,1,res_a753e248-f5dc-41d2-8676-3762e647702f,2012-03-20 19:42:43.162093,0.5
Case28,Laser Marking,res_a753e248-f5dc-41d2-8676-3762e647702f,Role 5,2012-03-20 21:27:14.778590,67,1,res_a753e248-f5dc-41d2-8676-3762e647702f,2012-03-20 20:12:56.231603,0.5
Case31,Turning & Milling Q.C.,res_0f3b9339-d57d-4a2a-b741-2aea0354b48d,Role 3,2012-03-20 21:29:20.867287,67,0,res_0f3b9339-d57d-4a2a-b741-2aea0354b48d,2012-03-20 20:13:56.669466,0.0
Case33,Turn & Mill. & Screw Assem,res_d104647a-ac01-4c67-bbfd-93c458a66fc5,Role 1,2012-03-20 21:41:47.008314,67,0,res_d104647a-ac01-4c67-bbfd-93c458a66fc5,2012-03-20 19:43:37.134932,0.07142857142857142
Case15,Final Inspection Q.C.,res_efc7a21c-f2d9-4843-8b04-49403e3f4758,Role 3,2012-03-20 22:13:34.825613,67,1,res_efc7a21c-f2d9-4843-8b04-49403e3f4758,2012-03-20 20:53:45.129348,0.25
Case25,Final Inspection Q.C.,res_5a28b345-6594-4b08-a56e-ed6855c3591f,Role 3,2012-03-20 22:17:35.325076,67,2,res_5a28b345-6594-4b08-a56e-ed6855c3591f,2012-03-20 21:02:48.354704,0.5
Case11,Round Grinding,res_a98d4e1a-567b-4714-8d02-370a868585c6,Role 2,2012-03-20 22:22:12.898384,67,1,res_a98d4e1a-567b-4714-8d02-370a868585c6,2012-03-20 21:00:54.869253,0.0
Case29,Laser Marking,res_a753e248-f5dc-41d2-8676-3762e647702f,Role 5,2012-03-20 22:34:04.872763,67,1,res_a753e248-f5dc-41d2-8676-3762e647702f,2012-03-20 21:18:50.391778,0.5
Case26,Packing,res_1af86357-3d5b-4de5-9045-d34cea4ada2e,Role 4,2012-03-20 22:55:54.385186,67,0,res_1af86357-3d5b-4de5-9045-d34cea4ada2e,2012-03-20 21:39:19.386115,0.0
Case28,Laser Marking,res_a720b666-cacb-46ec-a0d7-37fb2f49989f,Role 5,2012-03-20 22:58:44.446540,67,1,res_a720b666-cacb-46ec-a0d7-37fb2f49989f,2012-03-20 21:47:09.381938,0.5
Case32,Packing,res_d787994f-df65-48b5-9334-1a5e096084f9,Role 4,2012-03-20 23:20:46.548248,67,1,res_d787994f-df65-48b5-9334-1a5e096084f9,2012-03-20 22:06:57.292564,0.3333333333333333
Case30,Turning & Milling Q.C.,res_efc7a21c-f2d9-4843-8b04-49403e3f4758,Role 3,2012-03-20 23:56:05.448266,66,0,res_efc7a21c-f2d9-4843-8b04-49403e3f4758,2012-03-20 22:31:37.461707,0.0
Case33,Turning & Milling Q.C.,res_1f201fb6-42f2-487e-acc9-692f9021d889,Role 3,2012-03-20 23:59:37.001396,66,1,res_1f201fb6-42f2-487e-acc9-692f9021d889,2012-03-20 22:35:12.489408,0.25
Case31,Turning & Milling Q.C.,res_efc7a21c-f2d9-4843-8b04-49403e3f4758,Role 3,2012-03-21 00:02:07.338151,66,2,res_efc7a21c-f2d9-4843-8b04-49403e3f4758,2012-03-20 22:48:20.768766,0.5
Case29,Lapping,res_a753e248-f5dc-41d2-8676-3762e647702f,Role 5,2012-03-21 00:12:55.585828,66,0,res_a753e248-f5dc-41d2-8676-3762e647702f,2012-03-20 22:56:35.364630,0.5
Case20,Packing,res_ab6b8540-a8ce-4e57-937f-f99590a54a70,Role 4,2012-03-21 00:23:18.620332,66,1,res_ab6b8540-a8ce-4e57-937f-f99590a54a70,2012-03-20 23:09:26.668264,0.3333333333333333
Case19,Flat Grinding,res_a753e248-f5dc-41d2-8676-3762e647702f,Role 5,2012-03-21 00:31:15.228998,66,0,res_a753e248-f5dc-41d2-8676-3762e647702f,2012-03-20 23:10:47.507565,0.5
Case28,Laser Marking,res_a720b666-cacb-46ec-a0d7-37fb2f49989f,Role 5,2012-03-21 00:31:54.142402,66,0,res_a720b666-cacb-46ec-a0d7-37fb2f49989f,2012-03-20 23:17:22.587956,1.0
Case21,Final Inspection Q.C.,res_5a28b345-6594-4b08-a56e-ed6855c3591f,Role 3,2012-03-21 00:48:33.314294,66,1,res_5a28b345-6594-4b08-a56e-ed6855c3591f,2012-03-20 23:29:16.704454,0.75
Case16,Round Grinding,res_695b1248-e20f-4c40-b4c4-1946aa9e4715,Role 2,2012-03-21 00:49:15.643270,66,1,res_695b1248-e20f-4c40-b4c4-1946aa9e4715,2012-03-20 22:55:31.209990,0.0
Case11,Round Grinding,res_dc6ec240-97a8-4d36-a2c2-db1c8eba59d8,Role 2,2012-03-21 01:10:43.360693,66,2,res_dc6ec240-97a8-4d36-a2c2-db1c8eba59d8,2012-03-20 23:21:06.462645,0.125
Case18,Final Inspection Q.C.,res_1f201fb6-42f2-487e-acc9-692f9021d889,Role 3,2012-03-21 01:51:43.531891,66,2,res_1f201fb6-42f2-487e-acc9-692f9021d889,2012-03-21 00:29:41.694642,0.25
Case29,Lapping,res_a720b666-cacb-46ec-a0d7-37fb2f49989f,Role 5,2012-03-21 02:19:48.670381,66,0,res_a720b666-cacb-46ec-a0d7-37fb2f49989f,2012-03-21 00:35:50.832341,0.0
Case24,Packing,res_ab6b8540-a8ce-4e57-937f-f99590a54a70,Role 4,2012-03-21 02:23:35.072850,65,0,res_ab6b8540-a8ce-4e57-937f-f99590a54a70,2012-03-21 01:04:27.080433,0.0
Case30,Turning & Milling,res_864842e9-6193-4a5c-b1bb-5a831ab42c5b,Role 1,2012-03-21 02:31:50.540138,66,2,res_864842e9-6193-4a5c-b1bb-5a831ab42c5b,2012-03-21 00:35:47.749263,0.0
Case28,Round Grinding,res_339f895a-7674-4177-9490-76251d142b7e,Role 2,2012-03-21 02:34:01.815883,65,2,res_339f895a-7674-4177-9490-76251d142b7e,2012-03-21 00:51:30.595294,0.125
Case33,Turning & Milling,res_864842e9-6193-4a5c-b1bb-5a831ab42c5b,Role 1,2012-03-21 03:32:58.257953,65,3,res_864842e9-6193-4a5c-b1bb-5a831ab42c5b,2012-03-21 01:34:58.520895,0.07142857142857142
Case10,Lapping,res_a753e248-f5dc-41d2-8676-3762e647702f,Role 5,2012-03-21 03:40:47.446511,64,1,res_a753e248-f5dc-41d2-8676-3762e647702f,2012-03-21 02:19:21.705917,0.5
Case11,Round Grinding,res_695b1248-e20f-4c40-b4c4-1946aa9e4715,Role 2,2012-03-21 03:42:22.139658,65,2,res_695b1248-e20f-4c40-b4c4-1946aa9e4715,2012-03-21 01:40:52.432866,0.125
Case7,Final Inspection Q.C.,res_1f201fb6-42f2-487e-acc9-692f9021d889,Role 3,2012-03-21 03:57:38.652083,64,1,res_1f201fb6-42f2-487e-acc9-692f9021d889,2012-03-21 02:27:44.402619,0.0
Case29,Lapping,res_a720b666-cacb-46ec-a0d7-37fb2f49989f,Role 5,2012-03-21 04:22:19.557376,64,1,res_a720b666-cacb-46ec-a0d7-37fb2f49989f,2012-03-21 02:45:33.135271,0.5
Case23,Final Inspection Q.C.,res_5a28b345-6594-4b08-a56e-ed6855c3591f,Role 3,2012-03-21 04:24:34.313949,64,2,res_5a28b345-6594-4b08-a56e-ed6855c3591f,2012-03-21 03:04:17.062192,0.25
Case22,Final Inspection Q.C.,res_1f201fb6-42f2-487e-acc9-692f9021d889,Role 3,2012-03-21 04:40:14.476208,64,3,res_1f201fb6-42f2-487e-acc9-692f9021d889,2012-03-21 03:21:35.835686,0.5
Case27,Turning & Milling Q.C.,res_5a28b345-6594-4b08-a56e-ed6855c3591f,Role 3,2012-03-21 04:42:04.789678,64,0,res_5a28b345-6594-4b08-a56e-ed6855c3591f,2012-03-21 03:26:36.602517,0.75
Case8,Packing,res_d787994f-df65-48b5-9334-1a5e096084f9,Role 4,2012-03-21 04:42:27.161252,64,0,res_d787994f-df65-48b5-9334-1a5e096084f9,2012-03-21 03:21:18.234204,0.0
Case28,Round Grinding,res_c45794a7-26fe-4913-87a4-053f0a648817,Role 2,2012-03-21 04:52:46.297644,64,2,res_c45794a7-26fe-4913-87a4-053f0a648817,2012-03-21 02:54:24.356675,0.125
Case30,Turning & Milling,res_371b27bf-7bdd-40f0-a52d-64bf0bbfa47e,Role 1,2012-03-21 04:55:45.474258,64,3,res_371b27bf-7bdd-40f0-a52d-64bf0bbfa47e,2012-03-21 02:57:30.852093,0.07142857142857142
Case19,Round Grinding,res_339f895a-7674-4177-9490-76251d142b7e,Role 2,2012-03-21 05:01:52.183214,64,3,res_339f895a-7674-4177-9490-76251d142b7e,2012-03-21 03:10:21.412463,0.25
Case17,Turning & Milling Q.C.,res_0f3b9339-d57d-4a2a-b741-2aea0354b48d,Role 3,2012-03-21 06:04:05.366758,65,1,res_0f3b9339-d57d-4a2a-b741-2aea0354b48d,2012-03-21 04:39:07.791282,0.5
Case33,Turning & Milling,res_999e6d6c-b81f-46be-ad99-6558d8f0350d,Role 1,2012-03-21 06:09:10.605195,65,3,res_999e6d6c-b81f-46be-ad99-6558d8f0350d,2012-03-21 04:07:12.119073,0.14285714285714285
Case26,Final Inspection Q.C.,res_1f201fb6-42f2-487e-acc9-692f9021d889,Role 3,2012-03-21 06:30:28.148704,63,1,res_1f201fb6-42f2-487e-acc9-692f9021d889,2012-03-21 05:12:39.704551,0.25
Case34,Turn & Mill. & Screw Assem,res_371b27bf-7bdd-40f0-a52d-64bf0bbfa47e,Role 1,2012-03-21 06:40:04.450837,65,0,res_371b27bf-7bdd-40f0-a52d-64bf0bbfa47e,2012-03-21 03:46:42.800000,0.07142857142857142
Case29,Round Grinding,res_695b1248-e20f-4c40-b4c4-1946aa9e4715,Role 2,2012-03-21 06:40:59.982982,63,3,res_695b1248-e20f-4c40-b4c4-1946aa9e4715,2012-03-21 04:46:12.176254,0.25
Case13,Turning & Milling Q.C.,res_1f201fb6-42f2-487e-acc9-692f9021d889,Role 3,2012-03-21 06:41:52.308069,63,1,res_1f201fb6-42f2-487e-acc9-692f9021d889,2012-03-21 05:21:33.663813,0.5
Case31,Turning & Milling Q.C.,res_0f3b9339-d57d-4a2a-b741-2aea0354b48d,Role 3,2012-03-21 07:28:10.331758,63,1,res_0f3b9339-d57d-4a2a-b741-2aea0354b48d,2012-03-21 06:12:40.455409,0.5
Case30,Turning & Milling Q.C.,res_5a28b345-6594-4b08-a56e-ed6855c3591f,Role 3,2012-03-21 07:38:20.409029,63,2,res_5a28b345-6594-4b08-a56e-ed6855c3591f,2012-03-21 06:21:11.999566,0.75
Case19,Round Grinding,res_695b1248-e20f-4c40-b4c4-1946aa9e4715,Role 2,2012-03-21 07:51:40.925239,63,2,res_695b1248-e20f-4c40-b4c4-1946aa9e4715,2012-03-21 05:58:46.216296,0.125
Case33,Flat Grinding,res_a753e248-f5dc-41d2-8676-3762e647702f,Role 5,2012-03-21 09:06:14.544485,63,0,res_a753e248-f5dc-41d2-8676-3762e647702f,2012-03-21 07:14:06.932844,0.0
Case29,Round Grinding,res_695b1248-e20f-4c40-b4c4-1946aa9e4715,Role 2,2012-03-21 09:08:26.555767,63,2,res_695b1248-e20f-4c40-b4c4-1946aa9e4715,2012-03-21 07:04:52.701670,0.125
Case14,Packing,res_1af86357-3d5b-4de5-9045-d34cea4ada2e,Role 4,2012-03-21 09:51:07.814489,64,0,res_1af86357-3d5b-4de5-9045-d34cea4ada2e,2012-03-21 08:30:50.562732,0.0
Case19,Round Grinding,res_ff1a6ec6-e6a5-439d-8c2e-43cf725aaf65,Role 2,2012-03-21 10:04:40.702681,64,2,res_ff1a6ec6-e6a5-439d-8c2e-43cf725aaf65,2012-03-21 08:24:41.939435,0.25
Case11,Packing,res_d787994f-df65-48b5-9334-1a5e096084f9,Role 4,2012-03-21 10:15:02.336881,64,1,res_d787994f-df65-48b5-9334-1a5e096084f9,2012-03-21 08:57:54.766182,0.3333333333333333
Case35,Grinding Rework,res_fe194c84-ca1e-4108-b9cc-125a173b9442,Role 2,2012-03-21 10:31:01.706249,64,0,res_fe194c84-ca1e-4108-b9cc-125a173b9442,2012-03-21 07:48:06.200000,0.25
Case20,Final Inspection Q.C.,res_0f3b9339-d57d-4a2a-b741-2aea0354b48d,Role 3,2012-03-21 10:37:54.852877,64,1,res_0f3b9339-d57d-4a2a-b741-2aea0354b48d,2012-03-21 09:24:31.589028,0.0
Case10,Round Grinding,res_dc6ec240-97a8-4d36-a2c2-db1c8eba59d8,Role 2,2012-03-21 10:39:11.605383,64,2,res_dc6ec240-97a8-4d36-a2c2-db1c8eba59d8,2012-03-21 09:11:22.964966,0.25
Case12,Final Inspection Q.C.,res_5a28b345-6594-4b08-a56e-ed6855c3591f,Role 3,2012-03-21 10:44:33.824135,64,2,res_5a28b345-6594-4b08-a56e-ed6855c3591f,2012-03-21 09:33:56.100800,0.25
Case29,Round Grinding,res_a474f559-dd82-4d4d-947c-0a62a957f30f,Role 2,2012-03-21 11:27:55.908199,64,3,res_a474f559-dd82-4d4d-947c-0a62a957f30f,2012-03-21 09:34:47.020132,0.375
Case19,Round Grinding,res_ff1a6ec6-e6a5-439d-8c2e-43cf725aaf65,Role 2,2012-03-21 12:10:38.737089,64,3,res_ff1a6ec6-e6a5-439d-8c2e-43cf725aaf65,2012-03-21 10:31:25.755935,0.25
Case16,Packing,res_d787994f-df65-48b5-9334-1a5e096084f9,Role 4,2012-03-21 12:40:14.052627,63,0,res_d787994f-df65-48b5-9334-1a5e096084f9,2012-03-21 11:22:17.362913,0.0
Case32,Final Inspection Q.C.,res_0f3b9339-d57d-4a2a-b741-2aea0354b48d,Role 3,2012-03-21 12:55:41.510194,63,1,res_0f3b9339-d57d-4a2a-b741-2aea0354b48d,2012-03-21 11:40:46.426059,0.0
Case28,Packing,res_1af86357-3d5b-4de5-9045-d34cea4ada2e,Role 4,2012-03-21 13:00:48.867170,63,1,res_1af86357-3d5b-4de5-9045-d34cea4ada2e,2012-03-21 11:42:32.480971,0.3333333333333333
Case29,Round Grinding,res_c45794a7-26fe-4913-87a4-053f0a648817,Role 2,2012-03-21 13:43:48.083553,63,2,res_c45794a7-26fe-4913-87a4-053f0a648817,2012-03-21 11:52:28.274077,0.125
Case19,Round Grinding,res_ff1a6ec6-e6a5-439d-8c2e-43cf725aaf65,Role 2,2012-03-21 14:23:43.723944,63,2,res_ff1a6ec6-e6a5-439d-8c2e-43cf725aaf65,2012-03-21 12:34:22.803051,0.125
Case34,Turn & Mill. & Screw Assem,res_03e72c99-2c53-4b43-8d9d-0075f5c92d97,Role 1,2012-03-21 14:32:07.212704,63,0,res_03e72c99-2c53-4b43-8d9d-0075f5c92d97,2012-03-21 12:31:07.162381,0.0
Case15,Packing,res_d787994f-df65-48b5-9334-1a5e096084f9,Role 4,2012-03-21 14:42:48.668229,63,0,res_d787994f-df65-48b5-9334-1a5e096084f9,2012-03-21 13:23:10.662849,0.0
Case35,Grinding Rework,res_ff1a6ec6-e6a5-439d-8c2e-43cf725aaf65,Role 2,2012-03-21 15:02:41.230119,63,0,res_ff1a6ec6-e6a5-439d-8c2e-43cf725aaf65,2012-03-21 13:22:48.031622,0.25
Case24,Final Inspection Q.C.,res_0f3b9339-d57d-4a2a-b741-2aea0354b48d,Role 3,2012-03-21 15:21:06.601004,63,1,res_0f3b9339-d57d-4a2a-b741-2aea0354b48d,2012-03-21 14:06:26.939300,0.0
Case29,Round Grinding,res_ff1a6ec6-e6a5-439d-8c2e-43cf725aaf65,Role 2,2012-03-21 15:42:55.285885,63,2,res_ff1a6ec6-e6a5-439d-8c2e-43cf725aaf65,2012-03-21 14:05:52.880187,0.25
Case33,Flat Grinding,res_a753e248-f5dc-41d2-8676-3762e647702f,Role 5,2012-03-21 16:04:28.945306,63,0,res_a753e248-f5dc-41d2-8676-3762e647702f,2012-03-21 14:42:04.960038,0.0
Case34,Turning & Milling Q.C.,res_efc7a21c-f2d9-4843-8b04-49403e3f4758,Role 3,2012-03-21 16:11:38.759063,63,0,res_efc7a21c-f2d9-4843-8b04-49403e3f4758,2012-03-21 14:50:44.814732,0.25
Case19,Packing,res_d787994f-df65-48b5-9334-1a5e096084f9,Role 4,2012-03-21 16:26:49.201536,63,0,res_d787994f-df65-48b5-9334-1a5e096084f9,2012-03-21 15:07:04.021648,0.0
Case7,Final Inspection Q.C.,res_efc7a21c-f2d9-4843-8b04-49403e3f4758,Role 3,2012-03-21 16:47:04.909193,64,1,res_efc7a21c-f2d9-4843-8b04-49403e3f4758,2012-03-21 15:30:24.151525,0.25
Case35,Grinding Rework,res_c45794a7-26fe-4913-87a4-053f0a648817,Role 2,2012-03-21 16:48:07.771349,64,0,res_c45794a7-26fe-4913-87a4-053f0a648817,2012-03-21 15:26:33.574215,0.125
Case29,Final Inspection Q.C.,res_0f3b9339-d57d-4a2a-b741-2aea0354b48d,Role 3,2012-03-21 17:25:11.805532,64,2,res_0f3b9339-d57d-4a2a-b741-2aea0354b48d,2012-03-21 16:06:25.254633,0.5
Case30,Turning & Milling Q.C.,res_efc7a21c-f2d9-4843-8b04-49403e3f4758,Role 3,2012-03-21 17:42:02.466062,64,0,res_efc7a21c-f2d9-4843-8b04-49403e3f4758,2012-03-21 16:22:52.217671,0.5
Case36,Turn & Mill. & Screw Assem,res_999e6d6c-b81f-46be-ad99-6558d8f0350d,Role 1,2012-03-21 18:01:42.856942,64,0,res_999e6d6c-b81f-46be-ad99-6558d8f0350d,2012-03-21 15:17:33.200000,0.0
Case34,Turning & Milling,res_23ea4a6a-ffc0-4264-a49a-0a81be16df02,Role 1,2012-03-21 18:25:30.523575,64,2,res_23ea4a6a-ffc0-4264-a49a-0a81be16df02,2012-03-21 16:33:37.078358,0.07142857142857142
Case19,Final Inspection Q.C.,res_1f201fb6-42f2-487e-acc9-692f9021d889,Role 3,2012-03-21 18:43:24.556833,63,1,res_1f201fb6-42f2-487e-acc9-692f9021d889,2012-03-21 17:26:22.213946,0.25
Case35,Grinding Rework,res_dc6ec240-97a8-4d36-a2c2-db1c8eba59d8,Role 2,2012-03-21 18:43:44.019870,63,0,res_dc6ec240-97a8-4d36-a2c2-db1c8eba59d8,2012-03-21 17:21:17.827066,0.0
Case33,Round Grinding,res_c45794a7-26fe-4913-87a4-053f0a648817,Role 2,2012-03-21 19:07:57.099869,63,1,res_c45794a7-26fe-4913-87a4-053f0a648817,2012-03-21 17:22:32.800395,0.125
Case23,Packing,res_1af86357-3d5b-4de5-9045-d34cea4ada2e,Role 4,2012-03-21 19:49:18.823316,63,0,res_1af86357-3d5b-4de5-9045-d34cea4ada2e,2012-03-21 18:30:41.240411,0.0
Case27,Turning & Milling Q.C.,res_0f3b9339-d57d-4a2a-b741-2aea0354b48d,Role 3,2012-03-21 20:12:01.879605,64,0,res_0f3b9339-d57d-4a2a-b741-2aea0354b48d,2012-03-21 18:53:33.975241,0.0
Case13,Turning & Milling,res_73812c67-b150-496d-aabc-45283e0f5f91,Role 1,2012-03-21 20:20:51.187247,63,2,res_73812c67-b150-496d-aabc-45283e0f5f91,2012-03-21 18:29:57.595132,0.0
Case17,Flat Grinding,res_a753e248-f5dc-41d2-8676-3762e647702f,Role 5,2012-03-21 20:40:50.299229,64,0,res_a753e248-f5dc-41d2-8676-3762e647702f,2012-03-21 19:23:16.194354,0.0
Case35,Turning & Milling Q.C.,res_0f3b9339-d57d-4a2a-b741-2aea0354b48d,Role 3,2012-03-21 21:07:05.395515,65,1,res_0f3b9339-d57d-4a2a-b741-2aea0354b48d,2012-03-21 19:50:49.545593,0.25
Case26,Packing,res_ab6b8540-a8ce-4e57-937f-f99590a54a70,Role 4,2012-03-21 21:10:09.567727,65,0,res_ab6b8540-a8ce-4e57-937f-f99590a54a70,2012-03-21 19:55:16.644123,0.0
Case34,Turning & Milling,res_901f94b5-5b19-463b-a565-1c394e02b7a7,Role 1,2012-03-21 21:12:28.690172,64,3,res_901f94b5-5b19-463b-a565-1c394e02b7a7,2012-03-21 18:47:08.482245,0.14285714285714285
Case37,Turn & Mill. & Screw Assem,res_23ea4a6a-ffc0-4264-a49a-0a81be16df02,Role 1,2012-03-21 21:34:03.681436,64,0,res_23ea4a6a-ffc0-4264-a49a-0a81be16df02,2012-03-21 18:46:37.400000,0.07142857142857142
Case11,Final Inspection Q.C.,res_5a28b345-6594-4b08-a56e-ed6855c3591f,Role 3,2012-03-21 21:39:20.115394,65,1,res_5a28b345-6594-4b08-a56e-ed6855c3591f,2012-03-21 20:20:43.724836,0.25
Case33,Round Grinding,res_339f895a-7674-4177-9490-76251d142b7e,Role 2,2012-03-21 21:50:02.085717,65,1,res_339f895a-7674-4177-9490-76251d142b7e,2012-03-21 19:37:37.563182,0.0
Case30,Turning & Milling,res_864842e9-6193-4a5c-b1bb-5a831ab42c5b,Role 1,2012-03-21 21:59:36.656564,65,4,res_864842e9-6193-4a5c-b1bb-5a831ab42c5b,2012-03-21 20:09:45.641297,0.2857142857142857
Case38,Turn & Mill. & Screw Assem,res_64b46ba6-dbcd-409f-bfc0-381819580be4,Role 1,2012-03-21 22:10:28.697509,65,1,res_64b46ba6-dbcd-409f-bfc0-381819580be4,2012-03-21 19:23:59.600000,0.21428571428571427
Case36,Turning & Milling Q.C.,res_0f3b9339-d57d-4a2a-b741-2aea0354b48d,Role 3,2012-03-21 22:14:30.560333,65,1,res_0f3b9339-d57d-4a2a-b741-2aea0354b48d,2012-03-21 20:33:39.196025,0.5
Case29,Packing,res_ab6b8540-a8ce-4e57-937f-f99590a54a70,Role 4,2012-03-21 22:29:05.864820,65,0,res_ab6b8540-a8ce-4e57-937f-f99590a54a70,2012-03-21 21:14:13.099786,0.0
Case35,Turning & Milling,res_d104647a-ac01-4c67-bbfd-93c458a66fc5,Role 1,2012-03-21 23:03:44.697211,65,3,res_d104647a-ac01-4c67-bbfd-93c458a66fc5,2012-03-21 21:32:54.164931,0.21428571428571427
Case34,Laser Marking,res_a753e248-f5dc-41d2-8676-3762e647702f,Role 5,2012-03-21 23:34:30.935457,64,0,res_a753e248-f5dc-41d2-8676-3762e647702f,2012-03-21 21:40:57.552422,0.0
Case10,Packing,res_ab6b8540-a8ce-4e57-937f-f99590a54a70,Role 4,2012-03-21 23:40:18.372055,64,1,res_ab6b8540-a8ce-4e57-937f-f99590a54a70,2012-03-21 22:25:28.361810,0.3333333333333333
Case33,Final Inspection Q.C.,res_5a28b345-6594-4b08-a56e-ed6855c3591f,Role 3,2012-03-21 23:58:28.980128,64,1,res_5a28b345-6594-4b08-a56e-ed6855c3591f,2012-03-21 22:20:11.582589,0.0
Case16,Final Inspection Q.C.,res_1f201fb6-42f2-487e-acc9-692f9021d889,Role 3,2012-03-22 00:12:08.375006,64,2,res_1f201fb6-42f2-487e-acc9-692f9021d889,2012-03-21 22:55:39.157969,0.25
Case20,Packing,res_1af86357-3d5b-4de5-9045-d34cea4ada2e,Role 4,2012-03-22 00:35:46.723707,65,1,res_1af86357-3d5b-4de5-9045-d34cea4ada2e,2012-03-21 23:20:56.126658,0.3333333333333333
Case36,Turning & Milling,res_58579a9a-0734-4260-ba60-6d5879dcf395,Role 1,2012-03-22 00:44:39.175571,64,3,res_58579a9a-0734-4260-ba60-6d5879dcf395,2012-03-21 22:26:09.103453,0.07142857142857142
Case14,Final Inspection Q.C.,res_efc7a21c-f2d9-4843-8b04-49403e3f4758,Role 3,2012-03-22 01:00:05.053275,65,3,res_efc7a21c-f2d9-4843-8b04-49403e3f4758,2012-03-21 23:42:51.736204,0.5
Case30,Round Grinding,res_a98d4e1a-567b-4714-8d02-370a868585c6,Role 2,2012-03-22 01:03:21.837417,64,1,res_a98d4e1a-567b-4714-8d02-370a868585c6,2012-03-21 22:44:45.644130,0.0
Case35,Turning & Milling,res_bb99c827-b34a-44c8-bbdb-267da0ed83d2,Role 1,2012-03-22 01:16:23.378347,65,3,res_bb99c827-b34a-44c8-bbdb-267da0ed83d2,2012-03-21 23:22:58.503296,0.21428571428571427
Case31,Flat Grinding,res_a753e248-f5dc-41d2-8676-3762e647702f,Role 5,2012-03-22 01:38:09.020415,65,0,res_a753e248-f5dc-41d2-8676-3762e647702f,2012-03-22 00:22:47.342182,0.5
Case38,Turn & Mill. & Screw Assem,res_901f94b5-5b19-463b-a565-1c394e02b7a7,Role 1,2012-03-22 01:46:26.444277,65,0,res_901f94b5-5b19-463b-a565-1c394e02b7a7,2012-03-21 23:22:29.886144,0.14285714285714285
Case39,Turning,res_371b27bf-7bdd-40f0-a52d-64bf0bbfa47e,Role 1,2012-03-22 01:52:15.668795,65,0,res_371b27bf-7bdd-40f0-a52d-64bf0bbfa47e,2012-03-21 22:57:06.200000,0.14285714285714285
Case34,Laser Marking,res_a753e248-f5dc-41d2-8676-3762e647702f,Role 5,2012-03-22 01:53:42.869226,65,0,res_a753e248-f5dc-41d2-8676-3762e647702f,2012-03-21 23:55:31.819092,0.0
Case37,Turning & Milling Q.C.,res_5a28b345-6594-4b08-a56e-ed6855c3591f,Role 3,2012-03-22 01:59:19.452770,65,0,res_5a28b345-6594-4b08-a56e-ed6855c3591f,2012-03-22 00:00:46.787415,0.5
Case19,Packing,res_ab6b8540-a8ce-4e57-937f-f99590a54a70,Role 4,2012-03-22 02:32:47.520890,63,0,res_ab6b8540-a8ce-4e57-937f-f99590a54a70,2012-03-22 01:18:08.021561,0.0
Case28,Final Inspection Q.C.,res_efc7a21c-f2d9-4843-8b04-49403e3f4758,Role 3,2012-03-22 03:16:39.064740,63,1,res_efc7a21c-f2d9-4843-8b04-49403e3f4758,2012-03-22 01:52:55.286060,0.25
Case35,Round Grinding,res_fe194c84-ca1e-4108-b9cc-125a173b9442,Role 2,2012-03-22 03:36:42.457564,63,2,res_fe194c84-ca1e-4108-b9cc-125a173b9442,2012-03-22 01:37:03.947966,0.125
Case30,Round Grinding,res_c45794a7-26fe-4913-87a4-053f0a648817,Role 2,2012-03-22 03:47:28.889661,63,1,res_c45794a7-26fe-4913-87a4-053f0a648817,2012-03-22 01:31:39.886906,0.0
Case36,Turning & Milling Q.C.,res_0f3b9339-d57d-4a2a-b741-2aea0354b48d,Role 3,2012-03-22 03:50:49.161141,63,0,res_0f3b9339-d57d-4a2a-b741-2aea0354b48d,2012-03-22 02:05:34.319230,0.25
Case34,Laser Marking,res_a753e248-f5dc-41d2-8676-3762e647702f,Role 5,2012-03-22 04:20:57.767827,63,0,res_a753e248-f5dc-41d2-8676-3762e647702f,2012-03-22 02:19:36.156735,0.0
Case38,Turning & Milling Q.C.,res_1f201fb6-42f2-487e-acc9-692f9021d889,Role 3,2012-03-22 04:46:28.454879,63,1,res_1f201fb6-42f2-487e-acc9-692f9021d889,2012-03-22 02:59:09.719738,0.5
Case32,Packing,res_d787994f-df65-48b5-9334-1a5e096084f9,Role 4,2012-03-22 04:56:17.429772,63,0,res_d787994f-df65-48b5-9334-1a5e096084f9,2012-03-22 03:42:38.846291,0.0
Case37,Turning & Milling,res_864842e9-6193-4a5c-b1bb-5a831ab42c5b,Role 1,2012-03-22 05:00:48.096211,63,2,res_864842e9-6193-4a5c-b1bb-5a831ab42c5b,2012-03-22 02:30:11.400971,0.0
Case24,Packing,res_1af86357-3d5b-4de5-9045-d34cea4ada2e,Role 4,2012-03-22 05:05:15.913879,63,1,res_1af86357-3d5b-4de5-9045-d34cea4ada2e,2012-03-22 03:52:03.946746,0.3333333333333333
Case35,Round Grinding,res_fe194c84-ca1e-4108-b9cc-125a173b9442,Role 2,2012-03-22 06:03:28.371819,63,1,res_fe194c84-ca1e-4108-b9cc-125a173b9442,2012-03-22 03:58:24.573416,0.0
Case13,Turning & Milling Q.C.,res_efc7a21c-f2d9-4843-8b04-49403e3f4758,Role 3,2012-03-22 06:07:01.594700,63,1,res_efc7a21c-f2d9-4843-8b04-49403e3f4758,2012-03-22 04:29:29.401142,0.25
Case30,Round Grinding,res_695b1248-e20f-4c40-b4c4-1946aa9e4715,Role 2,2012-03-22 06:14:37.456486,63,2,res_695b1248-e20f-4c40-b4c4-1946aa9e4715,2012-03-22 04:13:08.486671,0.125
Case33,Packing,res_ab6b8540-a8ce-4e57-937f-f99590a54a70,Role 4,2012-03-22 06:31:17.599374,62,0,res_ab6b8540-a8ce-4e57-937f-f99590a54a70,2012-03-22 05:12:21.801436,0.0
Case34,Lapping,res_a753e248-f5dc-41d2-8676-3762e647702f,Role 5,2012-03-22 07:00:31.501785,63,0,res_a753e248-f5dc-41d2-8676-3762e647702f,2012-03-22 04:57:13.548237,0.0
Case15,Packing,res_1af86357-3d5b-4de5-9045-d34cea4ada2e,Role 4,2012-03-22 08:21:57.008328,61,0,res_1af86357-3d5b-4de5-9045-d34cea4ada2e,2012-03-22 07:00:48.248473,0.0
Case35,Round Grinding,res_a98d4e1a-567b-4714-8d02-370a868585c6,Role 2,2012-03-22 08:41:08.041962,61,1,res_a98d4e1a-567b-4714-8d02-370a868585c6,2012-03-22 06:31:56.291812,0.0
Case30,Round Grinding,res_c45794a7-26fe-4913-87a4-053f0a648817,Role 2,2012-03-22 09:02:03.248835,61,2,res_c45794a7-26fe-4913-87a4-053f0a648817,2012-03-22 06:57:46.005727,0.125
Case38,Turning & Milling,res_d104647a-ac01-4c67-bbfd-93c458a66fc5,Role 1,2012-03-22 09:13:02.285023,61,2,res_d104647a-ac01-4c67-bbfd-93c458a66fc5,2012-03-22 07:05:08.892811,0.0
Case39,Turning,res_58579a9a-0734-4260-ba60-6d5879dcf395,Role 1,2012-03-22 09:29:16.432868,61,0,res_58579a9a-0734-4260-ba60-6d5879dcf395,2012-03-22 07:15:11.693274,0.07142857142857142
Case34,Round Grinding,res_339f895a-7674-4177-9490-76251d142b7e,Role 2,2012-03-22 09:36:38.989714,62,3,res_339f895a-7674-4177-9490-76251d142b7e,2012-03-22 07:30:35.897639,0.25
Case40,Turning & Milling,res_999e6d6c-b81f-46be-ad99-6558d8f0350d,Role 1,2012-03-22 10:16:12.420726,62,3,res_999e6d6c-b81f-46be-ad99-6558d8f0350d,2012-03-22 07:22:06.200000,0.14285714285714285
Case37,Turning & Milling Q.C.,res_0f3b9339-d57d-4a2a-b741-2aea0354b48d,Role 3,2012-03-22 10:40:29.354051,62,0,res_0f3b9339-d57d-4a2a-b741-2aea0354b48d,2012-03-22 08:51:45.773994,0.0
Case17,Lapping,res_a753e248-f5dc-41d2-8676-3762e647702f,Role 5,2012-03-22 10:43:36.185931,62,0,res_a753e248-f5dc-41d2-8676-3762e647702f,2012-03-22 09:15:46.334224,0.0
Case35,Final Inspection Q.C.,res_1f201fb6-42f2-487e-acc9-692f9021d889,Role 3,2012-03-22 11:30:53.593940,62,1,res_1f201fb6-42f2-487e-acc9-692f9021d889,2012-03-22 09:49:57.581400,0.25
Case23,Final Inspection Q.C.,res_5a28b345-6594-4b08-a56e-ed6855c3591f,Role 3,2012-03-22 11:34:33.166691,62,2,res_5a28b345-6594-4b08-a56e-ed6855c3591f,2012-03-22 10:18:46.918888,0.5
Case30,Round Grinding,res_a474f559-dd82-4d4d-947c-0a62a957f30f,Role 2,2012-03-22 11:37:55.694647,62,2,res_a474f559-dd82-4d4d-947c-0a62a957f30f,2012-03-22 09:29:30.075843,0.125
Case38,Laser Marking,res_a753e248-f5dc-41d2-8676-3762e647702f,Role 5,2012-03-22 11:40:33.390403,62,0,res_a753e248-f5dc-41d2-8676-3762e647702f,2012-03-22 09:58:32.171764,0.5
Case39,Turning & Milling Q.C.,res_efc7a21c-f2d9-4843-8b04-49403e3f4758,Role 3,2012-03-22 11:41:10.533798,62,1,res_efc7a21c-f2d9-4843-8b04-49403e3f4758,2012-03-22 10:19:46.861965,0.75
Case34,Round Grinding,res_695b1248-e20f-4c40-b4c4-1946aa9e4715,Role 2,2012-03-22 12:17:06.167657,62,2,res_695b1248-e20f-4c40-b4c4-1946aa9e4715,2012-03-22 10:05:06.754888,0.125
Case26,Packing,res_ab6b8540-a8ce-4e57-937f-f99590a54a70,Role 4,2012-03-22 13:15:38.993664,62,0,res_ab6b8540-a8ce-4e57-937f-f99590a54a70,2012-03-22 12:02:09.946500,0.0
Case27,Turning & Milling Q.C.,res_efc7a21c-f2d9-4843-8b04-49403e3f4758,Role 3,2012-03-22 13:31:51.750519,62,0,res_efc7a21c-f2d9-4843-8b04-49403e3f4758,2012-03-22 12:13:09.426743,0.0
Case39,Turning & Milling,res_bb99c827-b34a-44c8-bbdb-267da0ed83d2,Role 1,2012-03-22 14:02:11.587564,62,2,res_bb99c827-b34a-44c8-bbdb-267da0ed83d2,2012-03-22 12:08:18.426326,0.0
Case29,Packing,res_ab6b8540-a8ce-4e57-937f-f99590a54a70,Role 4,2012-03-22 14:31:31.618864,61,0,res_ab6b8540-a8ce-4e57-937f-f99590a54a70,2012-03-22 13:17:54.110038,0.0
Case38,Round Grinding,res_dc6ec240-97a8-4d36-a2c2-db1c8eba59d8,Role 2,2012-03-22 14:33:43.684999,62,1,res_dc6ec240-97a8-4d36-a2c2-db1c8eba59d8,2012-03-22 12:28:19.353370,0.0
Case34,Round Grinding,res_ff1a6ec6-e6a5-439d-8c2e-43cf725aaf65,Role 2,2012-03-22 15:02:27.672898,62,2,res_ff1a6ec6-e6a5-439d-8c2e-43cf725aaf65,2012-03-22 12:42:31.621088,0.125
Case31,Lapping,res_a720b666-cacb-46ec-a0d7-37fb2f49989f,Role 5,2012-03-22 15:15:44.185548,61,0,res_a720b666-cacb-46ec-a0d7-37fb2f49989f,2012-03-22 14:00:05.624357,0.0
Case30,Packing,res_d787994f-df65-48b5-9334-1a5e096084f9,Role 4,2012-03-22 15:21:23.096805,61,1,res_d787994f-df65-48b5-9334-1a5e096084f9,2012-03-22 14:00:01.134300,0.3333333333333333
Case37,Turning & Milling,res_c9e62f02-2aa8-4c90-a380-1a6c1aed5b77,Role 1,2012-03-22 15:29:19.255325,61,3,res_c9e62f02-2aa8-4c90-a380-1a6c1aed5b77,2012-03-22 13:41:59.420778,0.07142857142857142
Case19,Final Inspection Q.C.,res_1f201fb6-42f2-487e-acc9-692f9021d889,Role 3,2012-03-22 15:42:02.794980,61,1,res_1f201fb6-42f2-487e-acc9-692f9021d889,2012-03-22 14:28:10.453957,0.0
Case39,Turning & Milling Q.C.,res_5a28b345-6594-4b08-a56e-ed6855c3591f,Role 3,2012-03-22 15:56:56.499004,61,0,res_5a28b345-6594-4b08-a56e-ed6855c3591f,2012-03-22 14:34:46.316755,0.25
Case10,Final Inspection Q.C.,res_5a28b345-6594-4b08-a56e-ed6855c3591f,Role 3,2012-03-22 15:57:52.156449,61,2,res_5a28b345-6594-4b08-a56e-ed6855c3591f,2012-03-22 14:40:31.364183,0.5
Case16,Packing,res_ab6b8540-a8ce-4e57-937f-f99590a54a70,Role 4,2012-03-22 17:00:21.904654,61,0,res_ab6b8540-a8ce-4e57-937f-f99590a54a70,2012-03-22 15:42:48.208191,0.0
Case34,Packing,res_d787994f-df65-48b5-9334-1a5e096084f9,Role 4,2012-03-22 17:08:40.726180,61,1,res_d787994f-df65-48b5-9334-1a5e096084f9,2012-03-22 15:46:37.222001,0.3333333333333333
Case38,Round Grinding,res_ff1a6ec6-e6a5-439d-8c2e-43cf725aaf65,Role 2,2012-03-22 17:23:50.409133,61,2,res_ff1a6ec6-e6a5-439d-8c2e-43cf725aaf65,2012-03-22 14:58:41.322512,0.125
Case41,Turn & Mill. & Screw Assem,res_134379ca-c877-4c81-bc00-1e22e87d2a6a,Role 1,2012-03-22 18:22:10.885555,62,0,res_134379ca-c877-4c81-bc00-1e22e87d2a6a,2012-03-22 15:33:58.400000,0.0
Case28,Final Inspection Q.C.,res_1f201fb6-42f2-487e-acc9-692f9021d889,Role 3,2012-03-22 18:24:56.162463,61,1,res_1f201fb6-42f2-487e-acc9-692f9021d889,2012-03-22 17:05:22.507624,0.25
Case30,Final Inspection Q.C.,res_0f3b9339-d57d-4a2a-b741-2aea0354b48d,Role 3,2012-03-22 18:31:58.767381,61,2,res_0f3b9339-d57d-4a2a-b741-2aea0354b48d,2012-03-22 17:10:18.516229,0.5
Case40,Turning & Milling Q.C.,res_0f3b9339-d57d-4a2a-b741-2aea0354b48d,Role 3,2012-03-22 18:33:40.511015,61,0,res_0f3b9339-d57d-4a2a-b741-2aea0354b48d,2012-03-22 16:39:14.572809,0.0
Case39,Turning & Milling Q.C.,res_0f3b9339-d57d-4a2a-b741-2aea0354b48d,Role 3,2012-03-22 18:44:59.415762,62,1,res_0f3b9339-d57d-4a2a-b741-2aea0354b48d,2012-03-22 17:27:13.068561,1.0
Case42,Turning Q.C.,res_0f3b9339-d57d-4a2a-b741-2aea0354b48d,Role 3,2012-03-22 19:02:43.509603,62,0,res_0f3b9339-d57d-4a2a-b741-2aea0354b48d,2012-03-22 17:24:03.800000,0.75
Case37,Turning & Milling,res_134379ca-c877-4c81-bc00-1e22e87d2a6a,Role 1,2012-03-22 19:27:15.629568,61,2,res_134379ca-c877-4c81-bc00-1e22e87d2a6a,2012-03-22 16:11:07.999670,0.07142857142857142
Case34,Final Inspection Q.C.,res_1f201fb6-42f2-487e-acc9-692f9021d889,Role 3,2012-03-22 19:34:37.509257,62,3,res_1f201fb6-42f2-487e-acc9-692f9021d889,2012-03-22 18:17:20.111073,1.0
Case17,Round Grinding,res_a98d4e1a-567b-4714-8d02-370a868585c6,Role 2,2012-03-22 20:10:02.994480,62,2,res_a98d4e1a-567b-4714-8d02-370a868585c6,2012-03-22 18:27:32.078979,0.125
Case13,Turning & Milling Q.C.,res_0f3b9339-d57d-4a2a-b741-2aea0354b48d,Role 3,2012-03-22 20:26:40.701953,63,1,res_0f3b9339-d57d-4a2a-b741-2aea0354b48d,2012-03-22 19:10:55.893671,0.5
Case39,Turning & Milling,res_d104647a-ac01-4c67-bbfd-93c458a66fc5,Role 1,2012-03-22 20:49:37.476685,63,3,res_d104647a-ac01-4c67-bbfd-93c458a66fc5,2012-03-22 19:19:55.171682,0.07142857142857142
Case38,Round Grinding,res_ff1a6ec6-e6a5-439d-8c2e-43cf725aaf65,Role 2,2012-03-22 20:56:22.376956,62,1,res_ff1a6ec6-e6a5-439d-8c2e-43cf725aaf65,2012-03-22 17:46:30.082472,0.0
Case35,Packing,res_ab6b8540-a8ce-4e57-937f-f99590a54a70,Role 4,2012-03-22 21:06:31.412007,64,0,res_ab6b8540-a8ce-4e57-937f-f99590a54a70,2012-03-22 19:33:11.178772,0.0
Case43,Turning & Milling Q.C.,res_5a28b345-6594-4b08-a56e-ed6855c3591f,Role 3,2012-03-22 21:09:39.232249,63,0,res_5a28b345-6594-4b08-a56e-ed6855c3591f,2012-03-22 18:57:59.600000,0.5
Case32,Packing,res_d787994f-df65-48b5-9334-1a5e096084f9,Role 4,2012-03-22 21:17:02.265827,64,1,res_d787994f-df65-48b5-9334-1a5e096084f9,2012-03-22 20:08:07.665372,0.3333333333333333
Case42,Turning,res_999e6d6c-b81f-46be-ad99-6558d8f0350d,Role 1,2012-03-22 21:40:52.737816,63,0,res_999e6d6c-b81f-46be-ad99-6558d8f0350d,2012-03-22 19:29:12.442492,0.14285714285714285
Case41,Turn & Mill. & Screw Assem,res_966320de-0d41-413f-92ba-d366e3d04caa,Role 1,2012-03-22 21:58:43.635303,63,0,res_966320de-0d41-413f-92ba-d366e3d04caa,2012-03-22 19:25:37.908485,0.14285714285714285
Case15,Final Inspection Q.C.,res_1f201fb6-42f2-487e-acc9-692f9021d889,Role 3,2012-03-22 22:21:58.420159,64,1,res_1f201fb6-42f2-487e-acc9-692f9021d889,2012-03-22 21:05:30.122320,0.25
Case44,Turning,res_64b46ba6-dbcd-409f-bfc0-381819580be4,Role 1,2012-03-22 22:28:26.927547,64,1,res_64b46ba6-dbcd-409f-bfc0-381819580be4,2012-03-22 19:29:18.200000,0.21428571428571427
Case39,Turning & Milling Q.C.,res_0f3b9339-d57d-4a2a-b741-2aea0354b48d,Role 3,2012-03-22 22:48:46.498052,62,0,res_0f3b9339-d57d-4a2a-b741-2aea0354b48d,2012-03-22 21:33:01.095806,0.25
Case31,Round Grinding,res_a474f559-dd82-4d4d-947c-0a62a957f30f,Role 2,2012-03-22 23:50:18.030641,62,2,res_a474f559-dd82-4d4d-947c-0a62a957f30f,2012-03-22 21:59:18.946700,0.125
Case36,Turning & Milling Q.C.,res_0f3b9339-d57d-4a2a-b741-2aea0354b48d,Role 3,2012-03-22 23:52:02.554641,62,2,res_0f3b9339-d57d-4a2a-b741-2aea0354b48d,2012-03-22 22:35:40.288298,0.5
Case38,Round Grinding,res_dc6ec240-97a8-4d36-a2c2-db1c8eba59d8,Role 2,2012-03-22 23:53:49.537187,62,1,res_dc6ec240-97a8-4d36-a2c2-db1c8eba59d8,2012-03-22 21:18:36.237785,0.0
Case43,Turning & Milling,res_966320de-0d41-413f-92ba-d366e3d04caa,Role 1,2012-03-23 00:00:41.775603,62,3,res_966320de-0d41-413f-92ba-d366e3d04caa,2012-03-22 21:35:10.765277,0.2857142857142857
Case41,Turning & Milling Q.C.,res_efc7a21c-f2d9-4843-8b04-49403e3f4758,Role 3,2012-03-23 00:01:13.372616,62,1,res_efc7a21c-f2d9-4843-8b04-49403e3f4758,2012-03-22 22:21:01.652643,0.5
Case42,Turning,res_999e6d6c-b81f-46be-ad99-6558d8f0350d,Role 1,2012-03-23 00:33:23.870212,62,1,res_999e6d6c-b81f-46be-ad99-6558d8f0350d,2012-03-22 21:50:58.219080,0.2857142857142857
Case17,Round Grinding,res_a474f559-dd82-4d4d-947c-0a62a957f30f,Role 2,2012-03-23 00:44:08.217496,62,3,res_a474f559-dd82-4d4d-947c-0a62a957f30f,2012-03-22 22:25:18.489330,0.25
Case37,Turning & Milling,res_134379ca-c877-4c81-bc00-1e22e87d2a6a,Role 1,2012-03-23 01:04:20.107431,64,3,res_134379ca-c877-4c81-bc00-1e22e87d2a6a,2012-03-22 19:47:27.847193,0.2857142857142857
Case23,Final Inspection Q.C.,res_0f3b9339-d57d-4a2a-b741-2aea0354b48d,Role 3,2012-03-23 01:33:00.016131,63,1,res_0f3b9339-d57d-4a2a-b741-2aea0354b48d,2012-03-23 00:16:19.578818,0.25
Case45,Turning,res_03e72c99-2c53-4b43-8d9d-0075f5c92d97,Role 1,2012-03-23 01:43:56.168081,63,1,res_03e72c99-2c53-4b43-8d9d-0075f5c92d97,2012-03-22 22:38:10.400000,0.21428571428571427
Case44,Turning,res_864842e9-6193-4a5c-b1bb-5a831ab42c5b,Role 1,2012-03-23 02:14:04.111428,63,2,res_864842e9-6193-4a5c-b1bb-5a831ab42c5b,2012-03-22 23:09:46.417109,0.2857142857142857
Case43,Turning & Milling Q.C.,res_efc7a21c-f2d9-4843-8b04-49403e3f4758,Role 3,2012-03-23 02:19:49.043386,63,1,res_efc7a21c-f2d9-4843-8b04-49403e3f4758,2012-03-23 00:44:35.829504,0.5
Case40,Turning & Milling Q.C.,res_0f3b9339-d57d-4a2a-b741-2aea0354b48d,Role 3,2012-03-23 02:36:02.968398,63,0,res_0f3b9339-d57d-4a2a-b741-2aea0354b48d,2012-03-23 00:10:45.745832,0.0
Case38,Round Grinding,res_695b1248-e20f-4c40-b4c4-1946aa9e4715,Role 2,2012-03-23 02:36:58.394428,63,2,res_695b1248-e20f-4c40-b4c4-1946aa9e4715,2012-03-23 00:14:24.308463,0.125
Case41,Turning & Milling,res_134379ca-c877-4c81-bc00-1e22e87d2a6a,Role 1,2012-03-23 03:15:44.310600,63,3,res_134379ca-c877-4c81-bc00-1e22e87d2a6a,2012-03-23 00:31:24.323890,0.2857142857142857
Case39,Turning & Milling Q.C.,res_0f3b9339-d57d-4a2a-b741-2aea0354b48d,Role 3,2012-03-23 03:17:24.659571,62,2,res_0f3b9339-d57d-4a2a-b741-2aea0354b48d,2012-03-23 02:01:32.748990,0.5
Case42,Stress Relief,res_999e6d6c-b81f-46be-ad99-6558d8f0350d,Role 1,2012-03-23 03:34:23.313970,63,0,res_999e6d6c-b81f-46be-ad99-6558d8f0350d,2012-03-23 01:06:44.939043,0.21428571428571427
Case17,Round Grinding,res_c45794a7-26fe-4913-87a4-053f0a648817,Role 2,2012-03-23 04:03:05.842866,62,2,res_c45794a7-26fe-4913-87a4-053f0a648817,2012-03-23 01:54:34.709886,0.125
Case34,Packing,res_1af86357-3d5b-4de5-9045-d34cea4ada2e,Role 4,2012-03-23 04:28:49.510261,62,0,res_1af86357-3d5b-4de5-9045-d34cea4ada2e,2012-03-23 03:15:19.251675,0.0
Case37,Turning & Milling,res_d104647a-ac01-4c67-bbfd-93c458a66fc5,Role 1,2012-03-23 05:00:50.477413,63,3,res_d104647a-ac01-4c67-bbfd-93c458a66fc5,2012-03-23 01:22:39.168942,0.2857142857142857
Case28,Final Inspection Q.C.,res_5a28b345-6594-4b08-a56e-ed6855c3591f,Role 3,2012-03-23 05:13:24.606253,62,1,res_5a28b345-6594-4b08-a56e-ed6855c3591f,2012-03-23 03:27:18.297869,0.0
Case30,Packing,res_ab6b8540-a8ce-4e57-937f-f99590a54a70,Role 4,2012-03-23 05:23:18.422421,62,1,res_ab6b8540-a8ce-4e57-937f-f99590a54a70,2012-03-23 04:04:37.386760,0.3333333333333333
Case27,Lapping,res_a753e248-f5dc-41d2-8676-3762e647702f,Role 5,2012-03-23 05:29:08.179695,62,0,res_a753e248-f5dc-41d2-8676-3762e647702f,2012-03-23 03:22:54.663890,0.0
Case44,Turning & Milling,res_bb99c827-b34a-44c8-bbdb-267da0ed83d2,Role 1,2012-03-23 05:38:13.930797,62,4,res_bb99c827-b34a-44c8-bbdb-267da0ed83d2,2012-03-23 02:39:33.685787,0.21428571428571427
Case31,Round Grinding,res_ff1a6ec6-e6a5-439d-8c2e-43cf725aaf65,Role 2,2012-03-23 05:44:12.591532,62,2,res_ff1a6ec6-e6a5-439d-8c2e-43cf725aaf65,2012-03-23 03:04:27.469146,0.125
Case41,Lapping,res_a753e248-f5dc-41d2-8676-3762e647702f,Role 5,2012-03-23 06:12:13.804515,62,1,res_a753e248-f5dc-41d2-8676-3762e647702f,2012-03-23 04:25:47.900966,0.5
Case13,Turning & Milling,res_d104647a-ac01-4c67-bbfd-93c458a66fc5,Role 1,2012-03-23 06:57:35.226469,62,4,res_d104647a-ac01-4c67-bbfd-93c458a66fc5,2012-03-23 04:41:12.132605,0.14285714285714285
Case37,Turning & Milling,res_c9e62f02-2aa8-4c90-a380-1a6c1aed5b77,Role 1,2012-03-23 07:32:37.745541,61,4,res_c9e62f02-2aa8-4c90-a380-1a6c1aed5b77,2012-03-23 05:19:53.679523,0.14285714285714285
Case39,Turning & Milling,res_371b27bf-7bdd-40f0-a52d-64bf0bbfa47e,Role 1,2012-03-23 07:37:33.987814,61,4,res_371b27bf-7bdd-40f0-a52d-64bf0bbfa47e,2012-03-23 05:45:57.375195,0.14285714285714285
Case10,Packing,res_1af86357-3d5b-4de5-9045-d34cea4ada2e,Role 4,2012-03-23 07:41:35.378106,61,0,res_1af86357-3d5b-4de5-9045-d34cea4ada2e,2012-03-23 06:22:25.360798,0.0
Case29,Packing,res_ab6b8540-a8ce-4e57-937f-f99590a54a70,Role 4,2012-03-23 08:21:14.548551,61,1,res_ab6b8540-a8ce-4e57-937f-f99590a54a70,2012-03-23 07:07:38.248925,0.3333333333333333
Case37,Laser Marking,res_a720b666-cacb-46ec-a0d7-37fb2f49989f,Role 5,2012-03-23 10:01:03.086275,60,0,res_a720b666-cacb-46ec-a0d7-37fb2f49989f,2012-03-23 07:55:57.691661,0.0
Case45,Stress Relief,res_966320de-0d41-413f-92ba-d366e3d04caa,Role 1,2012-03-23 10:09:03.307170,60,0,res_966320de-0d41-413f-92ba-d366e3d04caa,2012-03-23 08:01:47.878875,0.0
Case39,Turning & Milling,res_966320de-0d41-413f-92ba-d366e3d04caa,Role 1,2012-03-23 10:23:07.762294,60,2,res_966320de-0d41-413f-92ba-d366e3d04caa,2012-03-23 08:20:57.064247,0.07142857142857142
Case41,Round Grinding,res_ff1a6ec6-e6a5-439d-8c2e-43cf725aaf65,Role 2,2012-03-23 10:26:46.598970,59,1,res_ff1a6ec6-e6a5-439d-8c2e-43cf725aaf65,2012-03-23 08:26:19.649099,0.0
Case42,Stress Relief,res_58579a9a-0734-4260-ba60-6d5879dcf395,Role 1,2012-03-23 10:43:37.993250,59,1,res_58579a9a-0734-4260-ba60-6d5879dcf395,2012-03-23 08:46:22.764681,0.14285714285714285
Case17,Final Inspection Q.C.,res_1f201fb6-42f2-487e-acc9-692f9021d889,Role 3,2012-03-23 10:51:39.242443,59,1,res_1f201fb6-42f2-487e-acc9-692f9021d889,2012-03-23 09:05:51.990844,0.0
Case38,Packing,res_d787994f-df65-48b5-9334-1a5e096084f9,Role 4,2012-03-23 12:13:25.142077,59,0,res_d787994f-df65-48b5-9334-1a5e096084f9,2012-03-23 10:55:35.784943,0.0
Case37,Flat Grinding,res_a720b666-cacb-46ec-a0d7-37fb2f49989f,Role 5,2012-03-23 12:40:58.670879,59,0,res_a720b666-cacb-46ec-a0d7-37fb2f49989f,2012-03-23 10:54:43.746094,0.0
Case16,Packing,res_1af86357-3d5b-4de5-9045-d34cea4ada2e,Role 4,2012-03-23 12:57:28.860826,59,1,res_1af86357-3d5b-4de5-9045-d34cea4ada2e,2012-03-23 11:41:22.098164,0.3333333333333333
Case39,Turning & Milling,res_64b46ba6-dbcd-409f-bfc0-381819580be4,Role 1,2012-03-23 13:00:37.224718,59,2,res_64b46ba6-dbcd-409f-bfc0-381819580be4,2012-03-23 10:47:53.553686,0.0
Case43,Laser Marking,res_a753e248-f5dc-41d2-8676-3762e647702f,Role 5,2012-03-23 13:11:01.866319,59,1,res_a753e248-f5dc-41d2-8676-3762e647702f,2012-03-23 11:50:57.701819,1.0
Case40,Laser Marking,res_a753e248-f5dc-41d2-8676-3762e647702f,Role 5,2012-03-23 13:20:27.294423,59,0,res_a753e248-f5dc-41d2-8676-3762e647702f,2012-03-23 11:48:36.749867,0.5
Case41,Round Grinding,res_fe194c84-ca1e-4108-b9cc-125a173b9442,Role 2,2012-03-23 13:30:26.185819,59,1,res_fe194c84-ca1e-4108-b9cc-125a173b9442,2012-03-23 11:28:46.487737,0.0
Case44,Turning & Milling Q.C.,res_0f3b9339-d57d-4a2a-b741-2aea0354b48d,Role 3,2012-03-23 14:10:42.247738,59,0,res_0f3b9339-d57d-4a2a-b741-2aea0354b48d,2012-03-23 12:38:55.538886,0.0
Case37,Lapping,res_a720b666-cacb-46ec-a0d7-37fb2f49989f,Role 5,2012-03-23 16:02:13.617594,59,0,res_a720b666-cacb-46ec-a0d7-37fb2f49989f,2012-03-23 13:22:20.620680,0.0
Case43,Round Grinding,res_fe194c84-ca1e-4108-b9cc-125a173b9442,Role 2,2012-03-23 16:13:45.045130,59,3,res_fe194c84-ca1e-4108-b9cc-125a173b9442,2012-03-23 14:54:38.048987,0.25
Case31,Final Inspection Q.C.,res_5a28b345-6594-4b08-a56e-ed6855c3591f,Role 3,2012-03-23 16:19:20.040219,59,1,res_5a28b345-6594-4b08-a56e-ed6855c3591f,2012-03-23 14:56:04.283414,0.0
Case13,Laser Marking,res_a753e248-f5dc-41d2-8676-3762e647702f,Role 5,2012-03-23 16:38:54.514380,59,0,res_a753e248-f5dc-41d2-8676-3762e647702f,2012-03-23 15:19:22.357396,0.5
Case39,Round Grinding,res_ff1a6ec6-e6a5-439d-8c2e-43cf725aaf65,Role 2,2012-03-23 16:40:19.203496,59,2,res_ff1a6ec6-e6a5-439d-8c2e-43cf725aaf65,2012-03-23 13:23:19.843638,0.125
Case41,Round Grinding,res_fe194c84-ca1e-4108-b9cc-125a173b9442,Role 2,2012-03-23 16:54:58.141172,59,2,res_fe194c84-ca1e-4108-b9cc-125a173b9442,2012-03-23 14:05:17.018459,0.125
Case45,Stress Relief,res_134379ca-c877-4c81-bc00-1e22e87d2a6a,Role 1,2012-03-23 17:22:42.553854,59,0,res_134379ca-c877-4c81-bc00-1e22e87d2a6a,2012-03-23 15:25:55.204762,0.0
Case27,Round Grinding,res_339f895a-7674-4177-9490-76251d142b7e,Role 2,2012-03-23 18:49:52.051952,59,1,res_339f895a-7674-4177-9490-76251d142b7e,2012-03-23 17:03:16.968728,0.0
Case37,Lapping,res_a720b666-cacb-46ec-a0d7-37fb2f49989f,Role 5,2012-03-23 18:52:35.495581,59,0,res_a720b666-cacb-46ec-a0d7-37fb2f49989f,2012-03-23 16:29:20.756105,0.5
Case43,Round Grinding,res_fe194c84-ca1e-4108-b9cc-125a173b9442,Role 2,2012-03-23 18:55:45.000351,59,3,res_fe194c84-ca1e-4108-b9cc-125a173b9442,2012-03-23 17:27:28.187206,0.25
Case30,Final Inspection Q.C.,res_0f3b9339-d57d-4a2a-b741-2aea0354b48d,Role 3,2012-03-23 18:57:05.806046,59,1,res_0f3b9339-d57d-4a2a-b741-2aea0354b48d,2012-03-23 17:42:57.641179,0.0
Case34,Packing,res_ab6b8540-a8ce-4e57-937f-f99590a54a70,Role 4,2012-03-23 19:46:23.728019,59,1,res_ab6b8540-a8ce-4e57-937f-f99590a54a70,2012-03-23 18:33:42.849268,0.3333333333333333
Case15,Packing,res_1af86357-3d5b-4de5-9045-d34cea4ada2e,Role 4,2012-03-23 20:29:38.697863,58,2,res_1af86357-3d5b-4de5-9045-d34cea4ada2e,2012-03-23 19:16:38.984535,0.6666666666666666
Case39,Packing,res_ab6b8540-a8ce-4e57-937f-f99590a54a70,Role 4,2012-03-23 20:48:47.168425,59,0,res_ab6b8540-a8ce-4e57-937f-f99590a54a70,2012-03-23 18:06:19.295503,0.0
Case44,Turning & Milling,res_864842e9-6193-4a5c-b1bb-5a831ab42c5b,Role 1,2012-03-23 20:50:57.368739,59,2,res_864842e9-6193-4a5c-b1bb-5a831ab42c5b,2012-03-23 17:54:36.037019,0.0
Case41,Round Grinding,res_c45794a7-26fe-4913-87a4-053f0a648817,Role 2,2012-03-23 21:50:14.979288,59,2,res_c45794a7-26fe-4913-87a4-053f0a648817,2012-03-23 17:17:52.319732,0.125
Case43,Final Inspection Q.C.,res_efc7a21c-f2d9-4843-8b04-49403e3f4758,Role 3,2012-03-23 22:01:28.676714,57,1,res_efc7a21c-f2d9-4843-8b04-49403e3f4758,2012-03-23 20:18:10.480787,0.0
Case37,Round Grinding,res_ff1a6ec6-e6a5-439d-8c2e-43cf725aaf65,Role 2,2012-03-23 22:37:42.993367,58,2,res_ff1a6ec6-e6a5-439d-8c2e-43cf725aaf65,2012-03-23 19:13:53.181617,0.125
Case40,Flat Grinding,res_a753e248-f5dc-41d2-8676-3762e647702f,Role 5,2012-03-23 23:15:36.293158,57,0,res_a753e248-f5dc-41d2-8676-3762e647702f,2012-03-23 21:37:30.533809,0.5
Case13,Laser Marking,res_a720b666-cacb-46ec-a0d7-37fb2f49989f,Role 5,2012-03-23 23:33:39.133328,57,0,res_a720b666-cacb-46ec-a0d7-37fb2f49989f,2012-03-23 20:01:25.996241,0.0
Case45,Stress Relief,res_58579a9a-0734-4260-ba60-6d5879dcf395,Role 1,2012-03-23 23:54:33.116398,57,0,res_58579a9a-0734-4260-ba60-6d5879dcf395,2012-03-23 20:34:35.854339,0.07142857142857142
Case17,Packing,res_ab6b8540-a8ce-4e57-937f-f99590a54a70,Role 4,2012-03-24 01:14:46.160757,57,0,res_ab6b8540-a8ce-4e57-937f-f99590a54a70,2012-03-23 23:53:16.928307,0.0
Case37,Round Grinding,res_fe194c84-ca1e-4108-b9cc-125a173b9442,Role 2,2012-03-24 01:50:33.466620,57,2,res_fe194c84-ca1e-4108-b9cc-125a173b9442,2012-03-23 23:00:25.965404,0.125
Case36,Turning & Milling Q.C.,res_1f201fb6-42f2-487e-acc9-692f9021d889,Role 3,2012-03-24 02:08:51.429903,57,1,res_1f201fb6-42f2-487e-acc9-692f9021d889,2012-03-24 00:51:41.315956,0.5
Case42,Turning & Milling Q.C.,res_0f3b9339-d57d-4a2a-b741-2aea0354b48d,Role 3,2012-03-24 02:19:55.120884,57,2,res_0f3b9339-d57d-4a2a-b741-2aea0354b48d,2012-03-24 01:00:17.069928,0.75
Case41,Round Grinding,res_a98d4e1a-567b-4714-8d02-370a868585c6,Role 2,2012-03-24 02:25:20.260466,57,2,res_a98d4e1a-567b-4714-8d02-370a868585c6,2012-03-23 22:12:09.324889,0.125
Case39,Final Inspection Q.C.,res_0f3b9339-d57d-4a2a-b741-2aea0354b48d,Role 3,2012-03-24 02:49:53.477496,57,1,res_0f3b9339-d57d-4a2a-b741-2aea0354b48d,2012-03-24 00:44:19.451061,0.25
Case44,Turning & Milling Q.C.,res_efc7a21c-f2d9-4843-8b04-49403e3f4758,Role 3,2012-03-24 02:51:06.221240,57,0,res_efc7a21c-f2d9-4843-8b04-49403e3f4758,2012-03-23 23:10:16.225685,0.0
Case38,Final Inspection Q.C.,res_5a28b345-6594-4b08-a56e-ed6855c3591f,Role 3,2012-03-24 03:39:36.266047,57,2,res_5a28b345-6594-4b08-a56e-ed6855c3591f,2012-03-24 02:21:26.362088,0.5
Case40,Laser Marking,res_a720b666-cacb-46ec-a0d7-37fb2f49989f,Role 5,2012-03-24 04:19:52.538542,57,0,res_a720b666-cacb-46ec-a0d7-37fb2f49989f,2012-03-24 02:14:55.400473,0.0
Case41,Final Inspection Q.C.,res_5a28b345-6594-4b08-a56e-ed6855c3591f,Role 3,2012-03-24 04:20:41.995668,56,2,res_5a28b345-6594-4b08-a56e-ed6855c3591f,2012-03-24 02:50:29.304836,0.5
Case45,Stress Relief,res_58579a9a-0734-4260-ba60-6d5879dcf395,Role 1,2012-03-24 05:56:14.589565,57,0,res_58579a9a-0734-4260-ba60-6d5879dcf395,2012-03-24 02:38:33.571208,0.0
Case13,Lapping,res_a720b666-cacb-46ec-a0d7-37fb2f49989f,Role 5,2012-03-24 07:15:47.919149,56,0,res_a720b666-cacb-46ec-a0d7-37fb2f49989f,2012-03-24 05:08:46.431700,0.0
Case31,Packing,res_ab6b8540-a8ce-4e57-937f-f99590a54a70,Role 4,2012-03-24 08:38:42.181164,56,0,res_ab6b8540-a8ce-4e57-937f-f99590a54a70,2012-03-24 07:21:00.776549,0.0
Case16,Final Inspection Q.C.,res_0f3b9339-d57d-4a2a-b741-2aea0354b48d,Role 3,2012-03-24 10:01:35.011222,56,1,res_0f3b9339-d57d-4a2a-b741-2aea0354b48d,2012-03-24 08:45:34.773776,0.0
Case27,Packing,res_1af86357-3d5b-4de5-9045-d34cea4ada2e,Role 4,2012-03-24 11:26:32.648265,56,0,res_1af86357-3d5b-4de5-9045-d34cea4ada2e,2012-03-24 10:10:39.352377,0.0
Case42,Turning & Milling,res_966320de-0d41-413f-92ba-d366e3d04caa,Role 1,2012-03-24 11:51:02.344095,56,2,res_966320de-0d41-413f-92ba-d366e3d04caa,2012-03-24 09:42:33.255496,0.0
Case37,Packing,res_d787994f-df65-48b5-9334-1a5e096084f9,Role 4,2012-03-24 12:30:14.930212,56,1,res_d787994f-df65-48b5-9334-1a5e096084f9,2012-03-24 11:12:15.545283,0.3333333333333333
Case45,Stress Relief,res_966320de-0d41-413f-92ba-d366e3d04caa,Role 1,2012-03-24 12:40:01.139828,56,0,res_966320de-0d41-413f-92ba-d366e3d04caa,2012-03-24 10:34:44.512045,0.07142857142857142
Case43,Packing,res_1af86357-3d5b-4de5-9045-d34cea4ada2e,Role 4,2012-03-24 13:13:38.296580,56,1,res_1af86357-3d5b-4de5-9045-d34cea4ada2e,2012-03-24 11:57:03.433383,0.3333333333333333
Case44,Turning & Milling Q.C.,res_efc7a21c-f2d9-4843-8b04-49403e3f4758,Role 3,2012-03-24 14:59:54.580664,55,0,res_efc7a21c-f2d9-4843-8b04-49403e3f4758,2012-03-24 13:36:07.101196,0.0
Case42,Round Grinding,res_fe194c84-ca1e-4108-b9cc-125a173b9442,Role 2,2012-03-24 16:05:48.553703,55,1,res_fe194c84-ca1e-4108-b9cc-125a173b9442,2012-03-24 13:33:43.576423,0.0
Case45,Stress Relief,res_d104647a-ac01-4c67-bbfd-93c458a66fc5,Role 1,2012-03-24 17:44:56.689712,55,0,res_d104647a-ac01-4c67-bbfd-93c458a66fc5,2012-03-24 16:08:52.262178,0.0
Case41,Packing,res_1af86357-3d5b-4de5-9045-d34cea4ada2e,Role 4,2012-03-24 18:00:38.441522,55,0,res_1af86357-3d5b-4de5-9045-d34cea4ada2e,2012-03-24 16:43:29.065084,0.0
Case40,Flat Grinding,res_a753e248-f5dc-41d2-8676-3762e647702f,Role 5,2012-03-24 18:10:53.923784,55,0,res_a753e248-f5dc-41d2-8676-3762e647702f,2012-03-24 16:46:04.049360,0.0
Case36,Turning & Milling Q.C.,res_0f3b9339-d57d-4a2a-b741-2aea0354b48d,Role 3,2012-03-24 18:54:32.959987,55,0,res_0f3b9339-d57d-4a2a-b741-2aea0354b48d,2012-03-24 17:35:53.401172,0.0
Case17,Packing,res_1af86357-3d5b-4de5-9045-d34cea4ada2e,Role 4,2012-03-24 19:26:53.129305,55,0,res_1af86357-3d5b-4de5-9045-d34cea4ada2e,2012-03-24 18:07:37.249900,0.0
Case13,Lapping,res_a753e248-f5dc-41d2-8676-3762e647702f,Role 5,2012-03-24 19:32:15.515760,55,0,res_a753e248-f5dc-41d2-8676-3762e647702f,2012-03-24 18:05:43.787002,0.5
Case42,Round Grinding,res_339f895a-7674-4177-9490-76251d142b7e,Role 2,2012-03-24 19:48:37.756751,55,1,res_339f895a-7674-4177-9490-76251d142b7e,2012-03-24 16:57:31.723538,0.0
Case38,Final Inspection Q.C.,res_efc7a21c-f2d9-4843-8b04-49403e3f4758,Role 3,2012-03-24 20:27:52.703552,55,1,res_efc7a21c-f2d9-4843-8b04-49403e3f4758,2012-03-24 19:08:06.204354,0.0
Case15,Packing,res_d787994f-df65-48b5-9334-1a5e096084f9,Role 4,2012-03-24 20:44:31.855147,55,0,res_d787994f-df65-48b5-9334-1a5e096084f9,2012-03-24 19:29:32.575587,0.0
Case44,Round Grinding,res_a474f559-dd82-4d4d-947c-0a62a957f30f,Role 2,2012-03-24 21:40:28.129663,55,1,res_a474f559-dd82-4d4d-947c-0a62a957f30f,2012-03-24 19:50:23.899233,0.0
Case45,Stress Relief,res_23ea4a6a-ffc0-4264-a49a-0a81be16df02,Role 1,2012-03-24 22:59:43.736584,55,0,res_23ea4a6a-ffc0-4264-a49a-0a81be16df02,2012-03-24 20:03:59.911122,0.0
Case13,Round Grinding,res_a98d4e1a-567b-4714-8d02-370a868585c6,Role 2,2012-03-24 23:49:27.563687,54,1,res_a98d4e1a-567b-4714-8d02-370a868585c6,2012-03-24 21:46:30.551450,0.0
Case42,Packing,res_1af86357-3d5b-4de5-9045-d34cea4ada2e,Role 4,2012-03-25 00:45:25.524272,54,0,res_1af86357-3d5b-4de5-9045-d34cea4ada2e,2012-03-24 23:03:29.715626,0.0
Case31,Final Inspection Q.C.,res_5a28b345-6594-4b08-a56e-ed6855c3591f,Role 3,2012-03-25 02:02:16.952203,54,1,res_5a28b345-6594-4b08-a56e-ed6855c3591f,2012-03-25 00:24:02.299099,0.0
Case40,Laser Marking,res_a720b666-cacb-46ec-a0d7-37fb2f49989f,Role 5,2012-03-25 02:06:03.778017,54,0,res_a720b666-cacb-46ec-a0d7-37fb2f49989f,2012-03-25 00:02:07.686583,0.0
Case37,Final Inspection Q.C.,res_5a28b345-6594-4b08-a56e-ed6855c3591f,Role 3,2012-03-25 03:20:55.713672,54,2,res_5a28b345-6594-4b08-a56e-ed6855c3591f,2012-03-25 02:02:02.747274,0.25
Case45,Stress Relief,res_999e6d6c-b81f-46be-ad99-6558d8f0350d,Role 1,2012-03-25 05:13:06.989408,54,0,res_999e6d6c-b81f-46be-ad99-6558d8f0350d,2012-03-25 01:51:44.108519,0.0
Case27,Final Inspection Q.C.,res_5a28b345-6594-4b08-a56e-ed6855c3591f,Role 3,2012-03-25 05:59:08.037787,54,1,res_5a28b345-6594-4b08-a56e-ed6855c3591f,2012-03-25 04:20:35.472250,0.0
Case44,Final Inspection Q.C.,res_1f201fb6-42f2-487e-acc9-692f9021d889,Role 3,2012-03-25 06:15:21.371721,54,2,res_1f201fb6-42f2-487e-acc9-692f9021d889,2012-03-25 04:46:40.997576,0.25
Case40,Laser Marking,res_a720b666-cacb-46ec-a0d7-37fb2f49989f,Role 5,2012-03-25 07:54:04.366531,54,0,res_a720b666-cacb-46ec-a0d7-37fb2f49989f,2012-03-25 05:43:56.071953,0.0
Case16,Final Inspection Q.C.,res_5a28b345-6594-4b08-a56e-ed6855c3591f,Role 3,2012-03-25 09:14:36.296949,53,1,res_5a28b345-6594-4b08-a56e-ed6855c3591f,2012-03-25 07:55:08.248685,0.0
Case45,Stress Relief,res_73812c67-b150-496d-aabc-45283e0f5f91,Role 1,2012-03-25 12:25:00.252156,52,0,res_73812c67-b150-496d-aabc-45283e0f5f91,2012-03-25 10:33:02.521701,0.0
Case36,Turning & Milling Q.C.,res_1f201fb6-42f2-487e-acc9-692f9021d889,Role 3,2012-03-25 13:20:50.110153,52,0,res_1f201fb6-42f2-487e-acc9-692f9021d889,2012-03-25 12:03:08.767787,0.0
Case17,Packing,res_d787994f-df65-48b5-9334-1a5e096084f9,Role 4,2012-03-25 13:59:41.361636,52,0,res_d787994f-df65-48b5-9334-1a5e096084f9,2012-03-25 12:39:57.026098,0.0
Case42,Final Inspection Q.C.,res_0f3b9339-d57d-4a2a-b741-2aea0354b48d,Role 3,2012-03-25 14:01:16.679437,52,1,res_0f3b9339-d57d-4a2a-b741-2aea0354b48d,2012-03-25 12:42:22.548113,0.25
Case40,Laser Marking,res_a720b666-cacb-46ec-a0d7-37fb2f49989f,Role 5,2012-03-25 14:10:53.012487,52,0,res_a720b666-cacb-46ec-a0d7-37fb2f49989f,2012-03-25 12:11:18.219800,0.0
Case41,Packing,res_ab6b8540-a8ce-4e57-937f-f99590a54a70,Role 4,2012-03-25 14:40:49.040917,52,1,res_ab6b8540-a8ce-4e57-937f-f99590a54a70,2012-03-25 13:24:32.042902,0.3333333333333333
Case13,Packing,res_d787994f-df65-48b5-9334-1a5e096084f9,Role 4,2012-03-25 14:52:26.983638,52,2,res_d787994f-df65-48b5-9334-1a5e096084f9,2012-03-25 13:33:05.184939,0.6666666666666666
Case40,Laser Marking,res_a720b666-cacb-46ec-a0d7-37fb2f49989f,Role 5,2012-03-25 17:09:56.070484,50,0,res_a720b666-cacb-46ec-a0d7-37fb2f49989f,2012-03-25 15:40:44.052232,0.0
Case45,Stress Relief,res_134379ca-c877-4c81-bc00-1e22e87d2a6a,Role 1,2012-03-25 18:32:11.276936,50,0,res_134379ca-c877-4c81-bc00-1e22e87d2a6a,2012-03-25 17:06:57.464484,0.0
Case31,Packing,res_ab6b8540-a8ce-4e57-937f-f99590a54a70,Role 4,2012-03-25 19:34:52.092621,50,0,res_ab6b8540-a8ce-4e57-937f-f99590a54a70,2012-03-25 18:16:54.912172,0.0
Case40,Lapping,res_a753e248-f5dc-41d2-8676-3762e647702f,Role 5,2012-03-25 20:14:26.096678,50,0,res_a753e248-f5dc-41d2-8676-3762e647702f,2012-03-25 18:21:47.826017,0.0
Case37,Final Inspection Q.C.,res_efc7a21c-f2d9-4843-8b04-49403e3f4758,Role 3,2012-03-25 20:21:52.864848,50,1,res_efc7a21c-f2d9-4843-8b04-49403e3f4758,2012-03-25 19:04:23.374717,0.0
Case15,Packing,res_ab6b8540-a8ce-4e57-937f-f99590a54a70,Role 4,2012-03-25 22:45:01.390502,49,0,res_ab6b8540-a8ce-4e57-937f-f99590a54a70,2012-03-25 21:29:10.864806,0.0
Case44,Packing,res_ab6b8540-a8ce-4e57-937f-f99590a54a70,Role 4,2012-03-25 23:09:50.749368,49,1,res_ab6b8540-a8ce-4e57-937f-f99590a54a70,2012-03-25 21:52:43.328748,0.3333333333333333
Case40,Lapping,res_a720b666-cacb-46ec-a0d7-37fb2f49989f,Role 5,2012-03-25 23:32:50.705804,49,0,res_a720b666-cacb-46ec-a0d7-37fb2f49989f,2012-03-25 21:18:57.490490,0.0
Case40,Lapping,res_a720b666-cacb-46ec-a0d7-37fb2f49989f,Role 5,2012-03-26 02:24:57.965687,49,0,res_a720b666-cacb-46ec-a0d7-37fb2f49989f,2012-03-26 00:31:26.687906,0.0
Case45,Turning & Milling Q.C.,res_1f201fb6-42f2-487e-acc9-692f9021d889,Role 3,2012-03-26 02:34:16.915080,49,0,res_1f201fb6-42f2-487e-acc9-692f9021d889,2012-03-26 00:55:35.138524,0.0
Case42,Final Inspection Q.C.,res_efc7a21c-f2d9-4843-8b04-49403e3f4758,Role 3,2012-03-26 03:09:34.862841,49,1,res_efc7a21c-f2d9-4843-8b04-49403e3f4758,2012-03-26 01:53:01.572856,0.25
Case40,Round Grinding,res_dc6ec240-97a8-4d36-a2c2-db1c8eba59d8,Role 2,2012-03-26 05:20:17.853259,48,1,res_dc6ec240-97a8-4d36-a2c2-db1c8eba59d8,2012-03-26 03:17:27.473195,0.0
Case36,Flat Grinding,res_a720b666-cacb-46ec-a0d7-37fb2f49989f,Role 5,2012-03-26 05:24:35.319705,48,0,res_a720b666-cacb-46ec-a0d7-37fb2f49989f,2012-03-26 03:49:42.396345,0.0
Case13,Final Inspection Q.C.,res_0f3b9339-d57d-4a2a-b741-2aea0354b48d,Role 3,2012-03-26 07:40:17.933682,48,1,res_0f3b9339-d57d-4a2a-b741-2aea0354b48d,2012-03-26 06:14:23.085862,0.0
Case40,Round Grinding,res_c45794a7-26fe-4913-87a4-053f0a648817,Role 2,2012-03-26 08:16:30.793260,48,1,res_c45794a7-26fe-4913-87a4-053f0a648817,2012-03-26 06:10:53.913458,0.0
Case45,Turning & Milling,res_58579a9a-0734-4260-ba60-6d5879dcf395,Role 1,2012-03-26 09:26:45.643395,48,2,res_58579a9a-0734-4260-ba60-6d5879dcf395,2012-03-26 07:08:08.252306,0.0
Case37,Final Inspection Q.C.,res_1f201fb6-42f2-487e-acc9-692f9021d889,Role 3,2012-03-26 13:52:17.487877,48,1,res_1f201fb6-42f2-487e-acc9-692f9021d889,2012-03-26 12:35:39.204702,0.0
Case44,Packing,res_d787994f-df65-48b5-9334-1a5e096084f9,Role 4,2012-03-26 16:19:31.538846,47,0,res_d787994f-df65-48b5-9334-1a5e096084f9,2012-03-26 15:02:44.241944,0.0
Case45,Turning & Milling Q.C.,res_1f201fb6-42f2-487e-acc9-692f9021d889,Role 3,2012-03-26 18:27:03.987224,47,0,res_1f201fb6-42f2-487e-acc9-692f9021d889,2012-03-26 17:10:41.244424,0.0
Case15,Packing,res_d787994f-df65-48b5-9334-1a5e096084f9,Role 4,2012-03-26 19:58:08.493740,47,0,res_d787994f-df65-48b5-9334-1a5e096084f9,2012-03-26 18:43:21.797283,0.0
Case40,Packing,res_ab6b8540-a8ce-4e57-937f-f99590a54a70,Role 4,2012-03-26 20:09:11.835209,47,1,res_ab6b8540-a8ce-4e57-937f-f99590a54a70,2012-03-26 18:49:38.526421,0.3333333333333333
Case36,Flat Grinding,res_a753e248-f5dc-41d2-8676-3762e647702f,Role 5,2012-03-26 22:06:24.282302,47,0,res_a753e248-f5dc-41d2-8676-3762e647702f,2012-03-26 20:47:09.101469,0.0
Case13,Packing,res_ab6b8540-a8ce-4e57-937f-f99590a54a70,Role 4,2012-03-26 23:21:13.886595,47,0,res_ab6b8540-a8ce-4e57-937f-f99590a54a70,2012-03-26 22:02:56.738772,0.0
Case45,Turning & Milling Q.C.,res_5a28b345-6594-4b08-a56e-ed6855c3591f,Role 3,2012-03-27 07:13:33.430900,47,0,res_5a28b345-6594-4b08-a56e-ed6855c3591f,2012-03-27 05:48:32.951757,0.0
Case44,Packing,res_ab6b8540-a8ce-4e57-937f-f99590a54a70,Role 4,2012-03-27 09:45:35.185425,47,0,res_ab6b8540-a8ce-4e57-937f-f99590a54a70,2012-03-27 08:27:00.148827,0.0
Case40,Final Inspection Q.C.,res_5a28b345-6594-4b08-a56e-ed6855c3591f,Role 3,2012-03-27 10:31:27.038928,47,1,res_5a28b345-6594-4b08-a56e-ed6855c3591f,2012-03-27 09:04:28.091274,0.0
Case36,Round Grinding,res_339f895a-7674-4177-9490-76251d142b7e,Role 2,2012-03-27 12:12:05.527103,47,1,res_339f895a-7674-4177-9490-76251d142b7e,2012-03-27 10:46:41.465758,0.0
Case13,Final Inspection Q.C.,res_0f3b9339-d57d-4a2a-b741-2aea0354b48d,Role 3,2012-03-27 16:03:33.960863,47,1,res_0f3b9339-d57d-4a2a-b741-2aea0354b48d,2012-03-27 14:47:03.390957,0.0
Case15,Packing,res_ab6b8540-a8ce-4e57-937f-f99590a54a70,Role 4,2012-03-27 17:42:24.420221,46,0,res_ab6b8540-a8ce-4e57-937f-f99590a54a70,2012-03-27 16:26:46.252976,0.0
Case45,Turning & Milling Q.C.,res_efc7a21c-f2d9-4843-8b04-49403e3f4758,Role 3,2012-03-27 22:34:30.331410,46,0,res_efc7a21c-f2d9-4843-8b04-49403e3f4758,2012-03-27 21:12:12.510701,0.0
Case40,Packing,res_d787994f-df65-48b5-9334-1a5e096084f9,Role 4,2012-03-28 01:14:16.905183,46,0,res_d787994f-df65-48b5-9334-1a5e096084f9,2012-03-27 23:53:17.364545,0.0
Case44,Packing,res_ab6b8540-a8ce-4e57-937f-f99590a54a70,Role 4,2012-03-28 01:41:30.627848,46,1,res_ab6b8540-a8ce-4e57-937f-f99590a54a70,2012-03-28 00:25:05.851897,0.3333333333333333
Case36,Packing,res_ab6b8540-a8ce-4e57-937f-f99590a54a70,Role 4,2012-03-28 03:06:25.088176,46,0,res_ab6b8540-a8ce-4e57-937f-f99590a54a70,2012-03-28 01:43:07.934949,0.0
Case45,Turning & Milling Q.C.,res_efc7a21c-f2d9-4843-8b04-49403e3f4758,Role 3,2012-03-28 14:23:18.801764,46,0,res_efc7a21c-f2d9-4843-8b04-49403e3f4758,2012-03-28 13:06:47.110732,0.0
Case44,Packing,res_d787994f-df65-48b5-9334-1a5e096084f9,Role 4,2012-03-28 15:24:29.935367,46,0,res_d787994f-df65-48b5-9334-1a5e096084f9,2012-03-28 14:09:16.216532,0.0
Case15,Packing,res_1af86357-3d5b-4de5-9045-d34cea4ada2e,Role 4,2012-03-28 15:44:27.578174,46,1,res_1af86357-3d5b-4de5-9045-d34cea4ada2e,2012-03-28 14:27:50.702759,0.3333333333333333
Case40,Final Inspection Q.C.,res_0f3b9339-d57d-4a2a-b741-2aea0354b48d,Role 3,2012-03-28 16:09:25.680088,46,1,res_0f3b9339-d57d-4a2a-b741-2aea0354b48d,2012-03-28 14:53:26.055941,0.0
Case36,Final Inspection Q.C.,res_5a28b345-6594-4b08-a56e-ed6855c3591f,Role 3,2012-03-28 17:55:18.016295,45,1,res_5a28b345-6594-4b08-a56e-ed6855c3591f,2012-03-28 16:35:31.380124,0.0
Case45,Turning & Milling Q.C.,res_0f3b9339-d57d-4a2a-b741-2aea0354b48d,Role 3,2012-03-29 03:34:31.729680,45,0,res_0f3b9339-d57d-4a2a-b741-2aea0354b48d,2012-03-29 02:11:21.050080,0.0
Case40,Final Inspection Q.C.,res_efc7a21c-f2d9-4843-8b04-49403e3f4758,Role 3,2012-03-29 04:41:17.627629,45,1,res_efc7a21c-f2d9-4843-8b04-49403e3f4758,2012-03-29 03:23:47.432271,0.25
Case44,Packing,res_ab6b8540-a8ce-4e57-937f-f99590a54a70,Role 4,2012-03-29 08:49:44.763332,45,0,res_ab6b8540-a8ce-4e57-937f-f99590a54a70,2012-03-29 07:35:25.574103,0.0
Case36,Packing,res_1af86357-3d5b-4de5-9045-d34cea4ada2e,Role 4,2012-03-29 09:49:28.683964,45,1,res_1af86357-3d5b-4de5-9045-d34cea4ada2e,2012-03-29 08:30:56.583361,0.3333333333333333
Case45,Lapping,res_a720b666-cacb-46ec-a0d7-37fb2f49989f,Role 5,2012-03-29 18:25:36.264947,45,0,res_a720b666-cacb-46ec-a0d7-37fb2f49989f,2012-03-29 17:01:11.893052,0.0
Case40,Final Inspection Q.C.,res_0f3b9339-d57d-4a2a-b741-2aea0354b48d,Role 3,2012-03-29 19:27:47.539007,45,1,res_0f3b9339-d57d-4a2a-b741-2aea0354b48d,2012-03-29 18:09:48.930673,0.0
Case36,Packing,res_d787994f-df65-48b5-9334-1a5e096084f9,Role 4,2012-03-30 01:27:35.798977,45,0,res_d787994f-df65-48b5-9334-1a5e096084f9,2012-03-30 00:09:33.610091,0.0
Case45,Round Grinding,res_c45794a7-26fe-4913-87a4-053f0a648817,Role 2,2012-03-30 05:02:19.651110,45,1,res_c45794a7-26fe-4913-87a4-053f0a648817,2012-03-30 02:58:54.969954,0.0
Case44,Packing,res_ab6b8540-a8ce-4e57-937f-f99590a54a70,Role 4,2012-03-30 05:17:07.644460,45,0,res_ab6b8540-a8ce-4e57-937f-f99590a54a70,2012-03-30 04:00:43.152767,0.0
Case40,Final Inspection Q.C.,res_0f3b9339-d57d-4a2a-b741-2aea0354b48d,Role 3,2012-03-30 10:32:43.132937,44,1,res_0f3b9339-d57d-4a2a-b741-2aea0354b48d,2012-03-30 09:11:01.554134,0.0
Case45,Packing,res_1af86357-3d5b-4de5-9045-d34cea4ada2e,Role 4,2012-03-30 21:04:34.318138,43,0,res_1af86357-3d5b-4de5-9045-d34cea4ada2e,2012-03-30 19:46:13.831155,0.0
Case36,Packing,res_1af86357-3d5b-4de5-9045-d34cea4ada2e,Role 4,2012-03-31 00:29:11.833473,43,0,res_1af86357-3d5b-4de5-9045-d34cea4ada2e,2012-03-30 23:12:38.236776,0.0
Case45,Final Inspection Q.C.,res_efc7a21c-f2d9-4843-8b04-49403e3f4758,Role 3,2012-03-31 16:43:18.289523,43,1,res_efc7a21c-f2d9-4843-8b04-49403e3f4758,2012-03-31 15:22:38.497065,0.0
Case36,Final Inspection Q.C.,res_efc7a21c-f2d9-4843-8b04-49403e3f4758,Role 3,2012-03-31 21:59:37.799996,43,1,res_efc7a21c-f2d9-4843-8b04-49403e3f4758,2012-03-31 20:43:48.046875,0.0
Case45,Packing,res_d787994f-df65-48b5-9334-1a5e096084f9,Role 4,2012-04-01 10:57:45.570520,43,0,res_d787994f-df65-48b5-9334-1a5e096084f9,2012-04-01 09:39:00.475656,0.0
Case36,Final Inspection Q.C.,res_5a28b345-6594-4b08-a56e-ed6855c3591f,Role 3,2012-04-01 20:12:48.871457,43,1,res_5a28b345-6594-4b08-a56e-ed6855c3591f,2012-04-01 18:53:18.798851,0.0
Case45,Final Inspection Q.C.,res_efc7a21c-f2d9-4843-8b04-49403e3f4758,Role 3,2012-04-02 04:48:56.454741,42,1,res_efc7a21c-f2d9-4843-8b04-49403e3f4758,2012-04-02 03:14:07.298657,0.0
Case45,Final Inspection Q.C.,res_0f3b9339-d57d-4a2a-b741-2aea0354b48d,Role 3,2012-04-02 18:53:52.596780,42,1,res_0f3b9339-d57d-4a2a-b741-2aea0354b48d,2012-04-02 17:38:23.433337,0.0
Case45,Final Inspection Q.C.,res_1f201fb6-42f2-487e-acc9-692f9021d889,Role 3,2012-04-03 10:02:33.904525,42,1,res_1f201fb6-42f2-487e-acc9-692f9021d889,2012-04-03 08:44:38.155986,0.0
Case45,Final Inspection Q.C.,res_0f3b9339-d57d-4a2a-b741-2aea0354b48d,Role 3,2012-04-04 00:02:43.452661,42,1,res_0f3b9339-d57d-4a2a-b741-2aea0354b48d,2012-04-03 22:39:23.348031,0.0
Case45,Final Inspection Q.C.,res_0f3b9339-d57d-4a2a-b741-2aea0354b48d,Role 3,2012-04-04 13:02:56.779870,42,1,res_0f3b9339-d57d-4a2a-b741-2aea0354b48d,2012-04-04 11:44:42.825560,0.0
