noise_threshold,strict_exact_bpmn,exact_control_flow,activity_jaccard,gateway_similarity,event_similarity,node_count_similarity,flow_count_similarity,approx_score,candidate_activity_count,candidate_gateway_count,candidate_control_node_count,candidate_sequence_flow_count,error
0.0,False,False,0.5714285714285714,0.7321428571428571,0.3333333333333333,0.8873239436619719,0.0,0.5542085848423877,15,54,71,0,
0.001,False,False,0.5714285714285714,0.7321428571428571,0.3333333333333333,0.8873239436619719,0.0,0.5542085848423877,15,54,71,0,
0.002,False,False,0.5714285714285714,0.7321428571428571,0.3333333333333333,0.8873239436619719,0.0,0.5542085848423877,15,54,71,0,
0.003,False,False,0.5714285714285714,0.7321428571428571,0.3333333333333333,0.8873239436619719,0.0,0.5542085848423877,15,54,71,0,
0.004,False,False,0.5714285714285714,0.7321428571428571,0.3333333333333333,0.8873239436619719,0.0,0.5542085848423877,15,54,71,0,
0.005,False,False,0.5714285714285714,0.7321428571428571,0.3333333333333333,0.8873239436619719,0.0,0.5542085848423877,15,54,71,0,
0.006,False,False,0.5714285714285714,0.7321428571428571,0.3333333333333333,0.8873239436619719,0.0,0.5542085848423877,15,54,71,0,
0.007,False,False,0.5714285714285714,0.7321428571428571,0.3333333333333333,0.8873239436619719,0.0,0.5542085848423877,15,54,71,0,
0.008,False,False,0.5714285714285714,0.7321428571428571,0.3333333333333333,0.8873239436619719,0.0,0.5542085848423877,15,54,71,0,
0.009,False,False,0.5714285714285714,0.7321428571428571,0.3333333333333333,0.8873239436619719,0.0,0.5542085848423877,15,54,71,0,
0.01,False,False,0.5714285714285714,0.7321428571428571,0.3333333333333333,0.8873239436619719,0.0,0.5542085848423877,15,54,71,0,
0.011,False,False,0.5714285714285714,0.7321428571428571,0.3333333333333333,0.8873239436619719,0.0,0.5542085848423877,15,54,71,0,
0.012,False,False,0.5714285714285714,0.7321428571428571,0.3333333333333333,0.8873239436619719,0.0,0.5542085848423877,15,54,71,0,
0.013,False,False,0.5714285714285714,0.7321428571428571,0.3333333333333333,0.8873239436619719,0.0,0.5542085848423877,15,54,71,0,
0.014,False,False,0.5714285714285714,0.7321428571428571,0.3333333333333333,0.8873239436619719,0.0,0.5542085848423877,15,54,71,0,
0.015,False,False,0.5714285714285714,0.7321428571428571,0.3333333333333333,0.8873239436619719,0.0,0.5542085848423877,15,54,71,0,
0.016,False,False,0.5714285714285714,0.7321428571428571,0.3333333333333333,0.8873239436619719,0.0,0.5542085848423877,15,54,71,0,
0.017,False,False,0.5714285714285714,0.7321428571428571,0.3333333333333333,0.8873239436619719,0.0,0.5542085848423877,15,54,71,0,
0.018,False,False,0.5714285714285714,0.7321428571428571,0.3333333333333333,0.8873239436619719,0.0,0.5542085848423877,15,54,71,0,
0.019,False,False,0.5714285714285714,0.7321428571428571,0.3333333333333333,0.8873239436619719,0.0,0.5542085848423877,15,54,71,0,
0.02,False,False,0.5714285714285714,0.7321428571428571,0.3333333333333333,0.8873239436619719,0.0,0.5542085848423877,15,54,71,0,
0.021,False,False,0.5714285714285714,0.7321428571428571,0.3333333333333333,0.8873239436619719,0.0,0.5542085848423877,15,54,71,0,
0.022,False,False,0.5714285714285714,0.7321428571428571,0.3333333333333333,0.8873239436619719,0.0,0.5542085848423877,15,54,71,0,
0.023,False,False,0.5714285714285714,0.7321428571428571,0.3333333333333333,0.8873239436619719,0.0,0.5542085848423877,15,54,71,0,
0.024,False,False,0.5714285714285714,0.7321428571428571,0.3333333333333333,0.8873239436619719,0.0,0.5542085848423877,15,54,71,0,
0.025,False,False,0.5714285714285714,0.7321428571428571,0.3333333333333333,0.8873239436619719,0.0,0.5542085848423877,15,54,71,0,
0.026,False,False,0.5714285714285714,0.7321428571428571,0.3333333333333333,0.8873239436619719,0.0,0.5542085848423877,15,54,71,0,
0.027,False,False,0.5714285714285714,0.7321428571428571,0.3333333333333333,0.8873239436619719,0.0,0.5542085848423877,15,54,71,0,
0.028,False,False,0.5714285714285714,0.7321428571428571,0.3333333333333333,0.8873239436619719,0.0,0.5542085848423877,15,54,71,0,
0.029,False,False,0.5714285714285714,0.7321428571428571,0.3333333333333333,0.8873239436619719,0.0,0.5542085848423877,15,54,71,0,
0.03,False,False,0.5714285714285714,0.7321428571428571,0.3333333333333333,0.8873239436619719,0.0,0.5542085848423877,15,54,71,0,
0.031,False,False,0.5714285714285714,0.7321428571428571,0.3333333333333333,0.8873239436619719,0.0,0.5542085848423877,15,54,71,0,
0.032,False,False,0.5714285714285714,0.7321428571428571,0.3333333333333333,0.8873239436619719,0.0,0.5542085848423877,15,54,71,0,
0.033,False,False,0.5714285714285714,0.7321428571428571,0.3333333333333333,0.8873239436619719,0.0,0.5542085848423877,15,54,71,0,
0.034,False,False,0.5714285714285714,0.7321428571428571,0.3333333333333333,0.8873239436619719,0.0,0.5542085848423877,15,54,71,0,
0.035,False,False,0.5714285714285714,0.7321428571428571,0.3333333333333333,0.8873239436619719,0.0,0.5542085848423877,15,54,71,0,
0.036,False,False,0.5714285714285714,0.7321428571428571,0.3333333333333333,0.8873239436619719,0.0,0.5542085848423877,15,54,71,0,
0.037,False,False,0.5714285714285714,0.7321428571428571,0.3333333333333333,0.8873239436619719,0.0,0.5542085848423877,15,54,71,0,
0.038,False,False,0.5714285714285714,0.7321428571428571,0.3333333333333333,0.8873239436619719,0.0,0.5542085848423877,15,54,71,0,
0.039,False,False,0.5714285714285714,0.7321428571428571,0.3333333333333333,0.8873239436619719,0.0,0.5542085848423877,15,54,71,0,
0.04,False,False,0.5714285714285714,0.7321428571428571,0.3333333333333333,0.8873239436619719,0.0,0.5542085848423877,15,54,71,0,
0.041,False,False,0.5714285714285714,0.7321428571428571,0.3333333333333333,0.8873239436619719,0.0,0.5542085848423877,15,54,71,0,
0.042,False,False,0.5714285714285714,0.7592592592592593,0.3333333333333333,0.9130434782608695,0.0,0.5622038187255579,15,52,69,0,
0.043,False,False,0.5714285714285714,0.7592592592592593,0.3333333333333333,0.9130434782608695,0.0,0.5622038187255579,15,52,69,0,
0.044,False,False,0.5714285714285714,0.7592592592592593,0.3333333333333333,0.9130434782608695,0.0,0.5622038187255579,15,52,69,0,
0.045,False,False,0.5714285714285714,0.7884615384615384,0.3333333333333333,0.9402985074626866,0.0,0.5707697774861954,15,50,67,0,
0.046,False,False,0.5714285714285714,0.7884615384615384,0.3333333333333333,0.9402985074626866,0.0,0.5707697774861954,15,50,67,0,
0.047,False,False,0.5714285714285714,0.7884615384615384,0.3333333333333333,0.9402985074626866,0.0,0.5707697774861954,15,50,67,0,
0.048,False,False,0.5714285714285714,0.7884615384615384,0.3333333333333333,0.9402985074626866,0.0,0.5707697774861954,15,50,67,0,
0.049,False,False,0.5714285714285714,0.7884615384615384,0.3333333333333333,0.9402985074626866,0.0,0.5707697774861954,15,50,67,0,
0.05,False,False,0.5714285714285714,0.7884615384615384,0.3333333333333333,0.9402985074626866,0.0,0.5707697774861954,15,50,67,0,
0.051,False,False,0.5714285714285714,0.7884615384615384,0.3333333333333333,0.9402985074626866,0.0,0.5707697774861954,15,50,67,0,
0.052,False,False,0.5714285714285714,0.7884615384615384,0.3333333333333333,0.9402985074626866,0.0,0.5707697774861954,15,50,67,0,
0.053,False,False,0.5714285714285714,0.7884615384615384,0.3333333333333333,0.9402985074626866,0.0,0.5707697774861954,15,50,67,0,
0.054,False,False,0.5714285714285714,0.7884615384615384,0.3333333333333333,0.9402985074626866,0.0,0.5707697774861954,15,50,67,0,
0.055,False,False,0.5714285714285714,0.7884615384615384,0.3333333333333333,0.9402985074626866,0.0,0.5707697774861954,15,50,67,0,
0.056,False,False,0.5714285714285714,0.7884615384615384,0.3333333333333333,0.9402985074626866,0.0,0.5707697774861954,15,50,67,0,
0.057,False,False,0.5714285714285714,0.7884615384615384,0.3333333333333333,0.9402985074626866,0.0,0.5707697774861954,15,50,67,0,
0.058,False,False,0.5714285714285714,0.7884615384615384,0.3333333333333333,0.9402985074626866,0.0,0.5707697774861954,15,50,67,0,
0.059,False,False,0.5238095238095238,0.671875,0.3333333333333333,0.7875,0.0,0.5083630952380952,14,64,80,0,
0.06,False,False,0.5238095238095238,0.671875,0.3333333333333333,0.7875,0.0,0.5083630952380952,14,64,80,0,
0.061,False,False,0.5238095238095238,0.671875,0.3333333333333333,0.7875,0.0,0.5083630952380952,14,64,80,0,
0.062,False,False,0.5238095238095238,0.671875,0.3333333333333333,0.7875,0.0,0.5083630952380952,14,64,80,0,
0.063,False,False,0.5238095238095238,0.671875,0.3333333333333333,0.7875,0.0,0.5083630952380952,14,64,80,0,
0.064,False,False,0.5238095238095238,0.671875,0.3333333333333333,0.7875,0.0,0.5083630952380952,14,64,80,0,
0.065,False,False,0.5238095238095238,0.671875,0.3333333333333333,0.7875,0.0,0.5083630952380952,14,64,80,0,
0.066,False,False,0.5238095238095238,0.671875,0.3333333333333333,0.7875,0.0,0.5083630952380952,14,64,80,0,
0.067,False,False,0.5238095238095238,0.671875,0.3333333333333333,0.7875,0.0,0.5083630952380952,14,64,80,0,
0.068,False,False,0.5238095238095238,0.671875,0.3333333333333333,0.7875,0.0,0.5083630952380952,14,64,80,0,
0.069,False,False,0.5238095238095238,0.671875,0.3333333333333333,0.7875,0.0,0.5083630952380952,14,64,80,0,
0.07,False,False,0.5238095238095238,0.671875,0.3333333333333333,0.7875,0.0,0.5083630952380952,14,64,80,0,
0.071,False,False,0.5238095238095238,0.671875,0.3333333333333333,0.7875,0.0,0.5083630952380952,14,64,80,0,
0.072,False,False,0.5238095238095238,0.6612903225806451,0.3333333333333333,0.8289473684210527,0.0,0.5103908965963295,14,60,76,0,
0.073,False,False,0.5238095238095238,0.6612903225806451,0.3333333333333333,0.8289473684210527,0.0,0.5103908965963295,14,60,76,0,
0.074,False,False,0.5238095238095238,0.6612903225806451,0.3333333333333333,0.8289473684210527,0.0,0.5103908965963295,14,60,76,0,
0.075,False,False,0.5238095238095238,0.6612903225806451,0.3333333333333333,0.8289473684210527,0.0,0.5103908965963295,14,60,76,0,
0.076,False,False,0.5238095238095238,0.6612903225806451,0.3333333333333333,0.8289473684210527,0.0,0.5103908965963295,14,60,76,0,
0.077,False,False,0.5238095238095238,0.6612903225806451,0.3333333333333333,0.8289473684210527,0.0,0.5103908965963295,14,60,76,0,
0.078,False,False,0.5238095238095238,0.6612903225806451,0.3333333333333333,0.8289473684210527,0.0,0.5103908965963295,14,60,76,0,
0.079,False,False,0.5238095238095238,0.6612903225806451,0.3333333333333333,0.8289473684210527,0.0,0.5103908965963295,14,60,76,0,
0.08,False,False,0.5238095238095238,0.6612903225806451,0.3333333333333333,0.8289473684210527,0.0,0.5103908965963295,14,60,76,0,
0.081,False,False,0.5238095238095238,0.6612903225806451,0.3333333333333333,0.8289473684210527,0.0,0.5103908965963295,14,60,76,0,
0.082,False,False,0.5238095238095238,0.6612903225806451,0.3333333333333333,0.8289473684210527,0.0,0.5103908965963295,14,60,76,0,
0.083,False,False,0.5238095238095238,0.6612903225806451,0.3333333333333333,0.8289473684210527,0.0,0.5103908965963295,14,60,76,0,
0.084,False,False,0.5238095238095238,0.6612903225806451,0.3333333333333333,0.8289473684210527,0.0,0.5103908965963295,14,60,76,0,
0.085,False,False,0.5238095238095238,0.6612903225806451,0.3333333333333333,0.8289473684210527,0.0,0.5103908965963295,14,60,76,0,
0.086,False,False,0.5238095238095238,0.6612903225806451,0.3333333333333333,0.8289473684210527,0.0,0.5103908965963295,14,60,76,0,
0.087,False,False,0.5238095238095238,0.6612903225806451,0.3333333333333333,0.8289473684210527,0.0,0.5103908965963295,14,60,76,0,
0.088,False,False,0.5238095238095238,0.6612903225806451,0.3333333333333333,0.8289473684210527,0.0,0.5103908965963295,14,60,76,0,
0.089,False,False,0.5238095238095238,0.6612903225806451,0.3333333333333333,0.8289473684210527,0.0,0.5103908965963295,14,60,76,0,
0.09,False,False,0.5238095238095238,0.6833333333333333,0.3333333333333333,0.8513513513513513,0.0,0.5170398970398971,14,58,74,0,
0.091,False,False,0.47619047619047616,0.6612903225806451,0.3333333333333333,0.84,0.0,0.48768663594470046,13,60,75,0,
0.092,False,False,0.47619047619047616,0.6612903225806451,0.3333333333333333,0.84,0.0,0.48768663594470046,13,60,75,0,
0.093,False,False,0.47619047619047616,0.6612903225806451,0.3333333333333333,0.84,0.0,0.48768663594470046,13,60,75,0,
0.094,False,False,0.47619047619047616,0.6612903225806451,0.3333333333333333,0.84,0.0,0.48768663594470046,13,60,75,0,
0.095,False,False,0.47619047619047616,0.6612903225806451,0.3333333333333333,0.84,0.0,0.48768663594470046,13,60,75,0,
0.096,False,False,0.47619047619047616,0.6612903225806451,0.3333333333333333,0.84,0.0,0.48768663594470046,13,60,75,0,
0.097,False,False,0.47619047619047616,0.6612903225806451,0.3333333333333333,0.84,0.0,0.48768663594470046,13,60,75,0,
0.098,False,False,0.47619047619047616,0.6612903225806451,0.3333333333333333,0.84,0.0,0.48768663594470046,13,60,75,0,
0.099,False,False,0.47619047619047616,0.6612903225806451,0.3333333333333333,0.84,0.0,0.48768663594470046,13,60,75,0,
0.1,False,False,0.47619047619047616,0.6612903225806451,0.3333333333333333,0.84,0.0,0.48768663594470046,13,60,75,0,
0.101,False,False,0.47619047619047616,0.6612903225806451,0.3333333333333333,0.84,0.0,0.48768663594470046,13,60,75,0,
0.102,False,False,0.47619047619047616,0.6612903225806451,0.3333333333333333,0.84,0.0,0.48768663594470046,13,60,75,0,
0.103,False,False,0.47619047619047616,0.6612903225806451,0.3333333333333333,0.84,0.0,0.48768663594470046,13,60,75,0,
0.104,False,False,0.47619047619047616,0.6612903225806451,0.3333333333333333,0.84,0.0,0.48768663594470046,13,60,75,0,
0.105,False,False,0.47619047619047616,0.6612903225806451,0.3333333333333333,0.84,0.0,0.48768663594470046,13,60,75,0,
0.106,False,False,0.47619047619047616,0.6612903225806451,0.3333333333333333,0.84,0.0,0.48768663594470046,13,60,75,0,
0.107,False,False,0.47619047619047616,0.6612903225806451,0.3333333333333333,0.84,0.0,0.48768663594470046,13,60,75,0,
0.108,False,False,0.47619047619047616,0.6612903225806451,0.3333333333333333,0.84,0.0,0.48768663594470046,13,60,75,0,
0.109,False,False,0.47619047619047616,0.6612903225806451,0.3333333333333333,0.84,0.0,0.48768663594470046,13,60,75,0,
0.11,False,False,0.47619047619047616,0.6612903225806451,0.3333333333333333,0.84,0.0,0.48768663594470046,13,60,75,0,
0.111,False,False,0.47619047619047616,0.6612903225806451,0.3333333333333333,0.84,0.0,0.48768663594470046,13,60,75,0,
0.112,False,False,0.47619047619047616,0.6612903225806451,0.3333333333333333,0.84,0.0,0.48768663594470046,13,60,75,0,
0.113,False,False,0.47619047619047616,0.6612903225806451,0.3333333333333333,0.84,0.0,0.48768663594470046,13,60,75,0,
0.114,False,False,0.47619047619047616,0.6612903225806451,0.3333333333333333,0.84,0.0,0.48768663594470046,13,60,75,0,
0.115,False,False,0.47619047619047616,0.6612903225806451,0.3333333333333333,0.84,0.0,0.48768663594470046,13,60,75,0,
0.116,False,False,0.47619047619047616,0.6612903225806451,0.3333333333333333,0.84,0.0,0.48768663594470046,13,60,75,0,
0.117,False,False,0.47619047619047616,0.6612903225806451,0.3333333333333333,0.84,0.0,0.48768663594470046,13,60,75,0,
0.118,False,False,0.47619047619047616,0.6612903225806451,0.3333333333333333,0.84,0.0,0.48768663594470046,13,60,75,0,
0.119,False,False,0.47619047619047616,0.6612903225806451,0.3333333333333333,0.84,0.0,0.48768663594470046,13,60,75,0,
0.12,False,False,0.47619047619047616,0.6612903225806451,0.3333333333333333,0.84,0.0,0.48768663594470046,13,60,75,0,
0.121,False,False,0.47619047619047616,0.6612903225806451,0.3333333333333333,0.84,0.0,0.48768663594470046,13,60,75,0,
0.122,False,False,0.47619047619047616,0.6612903225806451,0.3333333333333333,0.84,0.0,0.48768663594470046,13,60,75,0,
0.123,False,False,0.47619047619047616,0.6612903225806451,0.3333333333333333,0.84,0.0,0.48768663594470046,13,60,75,0,
0.124,False,False,0.47619047619047616,0.6612903225806451,0.3333333333333333,0.84,0.0,0.48768663594470046,13,60,75,0,
0.125,False,False,0.5238095238095238,0.7962962962962963,0.3333333333333333,0.9,0.0,0.5444973544973545,14,54,70,0,
0.126,False,False,0.5238095238095238,0.7962962962962963,0.3333333333333333,0.9,0.0,0.5444973544973545,14,54,70,0,
0.127,False,False,0.5238095238095238,0.7962962962962963,0.3333333333333333,0.9,0.0,0.5444973544973545,14,54,70,0,
0.128,False,False,0.5238095238095238,0.7962962962962963,0.3333333333333333,0.9,0.0,0.5444973544973545,14,54,70,0,
0.129,False,False,0.5238095238095238,0.7962962962962963,0.3333333333333333,0.9,0.0,0.5444973544973545,14,54,70,0,
0.13,False,False,0.5238095238095238,0.7962962962962963,0.3333333333333333,0.9,0.0,0.5444973544973545,14,54,70,0,
0.131,False,False,0.5238095238095238,0.7962962962962963,0.3333333333333333,0.9,0.0,0.5444973544973545,14,54,70,0,
0.132,False,False,0.5238095238095238,0.7962962962962963,0.3333333333333333,0.9,0.0,0.5444973544973545,14,54,70,0,
0.133,False,False,0.5238095238095238,0.7962962962962963,0.3333333333333333,0.9,0.0,0.5444973544973545,14,54,70,0,
0.134,False,False,0.5238095238095238,0.7962962962962963,0.3333333333333333,0.9,0.0,0.5444973544973545,14,54,70,0,
0.135,False,False,0.5238095238095238,0.7962962962962963,0.3333333333333333,0.9,0.0,0.5444973544973545,14,54,70,0,
0.136,False,False,0.5238095238095238,0.7962962962962963,0.3333333333333333,0.9,0.0,0.5444973544973545,14,54,70,0,
0.137,False,False,0.5238095238095238,0.7962962962962963,0.3333333333333333,0.9,0.0,0.5444973544973545,14,54,70,0,
0.138,False,False,0.5238095238095238,0.7962962962962963,0.3333333333333333,0.9,0.0,0.5444973544973545,14,54,70,0,
0.139,False,False,0.5238095238095238,0.7962962962962963,0.3333333333333333,0.9,0.0,0.5444973544973545,14,54,70,0,
0.14,False,False,0.5238095238095238,0.7962962962962963,0.3333333333333333,0.9,0.0,0.5444973544973545,14,54,70,0,
0.141,False,False,0.5238095238095238,0.7962962962962963,0.3333333333333333,0.9,0.0,0.5444973544973545,14,54,70,0,
0.142,False,False,0.5238095238095238,0.7962962962962963,0.3333333333333333,0.9,0.0,0.5444973544973545,14,54,70,0,
0.143,False,False,0.47619047619047616,0.8958333333333334,0.3333333333333333,1.0,0.0,0.5505952380952381,13,48,63,0,
0.144,False,False,0.47619047619047616,0.8958333333333334,0.3333333333333333,1.0,0.0,0.5505952380952381,13,48,63,0,
0.145,False,False,0.47619047619047616,0.8958333333333334,0.3333333333333333,1.0,0.0,0.5505952380952381,13,48,63,0,
0.146,False,False,0.47619047619047616,0.8958333333333334,0.3333333333333333,1.0,0.0,0.5505952380952381,13,48,63,0,
0.147,False,False,0.47619047619047616,0.8958333333333334,0.3333333333333333,1.0,0.0,0.5505952380952381,13,48,63,0,
0.148,False,False,0.47619047619047616,0.8958333333333334,0.3333333333333333,1.0,0.0,0.5505952380952381,13,48,63,0,
0.149,False,False,0.47619047619047616,0.8958333333333334,0.3333333333333333,1.0,0.0,0.5505952380952381,13,48,63,0,
0.15,False,False,0.47619047619047616,0.8958333333333334,0.3333333333333333,1.0,0.0,0.5505952380952381,13,48,63,0,
0.151,False,False,0.47619047619047616,0.8958333333333334,0.3333333333333333,1.0,0.0,0.5505952380952381,13,48,63,0,
0.152,False,False,0.47619047619047616,0.8958333333333334,0.3333333333333333,1.0,0.0,0.5505952380952381,13,48,63,0,
0.153,False,False,0.47619047619047616,0.8958333333333334,0.3333333333333333,1.0,0.0,0.5505952380952381,13,48,63,0,
0.154,False,False,0.47619047619047616,0.8958333333333334,0.3333333333333333,1.0,0.0,0.5505952380952381,13,48,63,0,
0.155,False,False,0.47619047619047616,0.8958333333333334,0.3333333333333333,1.0,0.0,0.5505952380952381,13,48,63,0,
0.156,False,False,0.47619047619047616,0.8958333333333334,0.3333333333333333,1.0,0.0,0.5505952380952381,13,48,63,0,
0.157,False,False,0.47619047619047616,0.8958333333333334,0.3333333333333333,1.0,0.0,0.5505952380952381,13,48,63,0,
0.158,False,False,0.47619047619047616,0.8958333333333334,0.3333333333333333,1.0,0.0,0.5505952380952381,13,48,63,0,
0.159,False,False,0.47619047619047616,0.8958333333333334,0.3333333333333333,1.0,0.0,0.5505952380952381,13,48,63,0,
0.16,False,False,0.47619047619047616,0.8958333333333334,0.3333333333333333,1.0,0.0,0.5505952380952381,13,48,63,0,
0.161,False,False,0.47619047619047616,0.8958333333333334,0.3333333333333333,1.0,0.0,0.5505952380952381,13,48,63,0,
0.162,False,False,0.47619047619047616,0.8958333333333334,0.3333333333333333,1.0,0.0,0.5505952380952381,13,48,63,0,
0.163,False,False,0.47619047619047616,0.8958333333333334,0.3333333333333333,1.0,0.0,0.5505952380952381,13,48,63,0,
0.164,False,False,0.47619047619047616,0.8958333333333334,0.3333333333333333,1.0,0.0,0.5505952380952381,13,48,63,0,
0.165,False,False,0.47619047619047616,0.8958333333333334,0.3333333333333333,1.0,0.0,0.5505952380952381,13,48,63,0,
0.166,False,False,0.47619047619047616,0.8958333333333334,0.3333333333333333,1.0,0.0,0.5505952380952381,13,48,63,0,
0.167,False,False,0.47619047619047616,0.9347826086956522,0.3333333333333333,0.9682539682539683,0.0,0.5552104899930987,13,46,61,0,
0.168,False,False,0.47619047619047616,0.9347826086956522,0.3333333333333333,0.9682539682539683,0.0,0.5552104899930987,13,46,61,0,
0.169,False,False,0.47619047619047616,0.9347826086956522,0.3333333333333333,0.9682539682539683,0.0,0.5552104899930987,13,46,61,0,
0.17,False,False,0.47619047619047616,0.9347826086956522,0.3333333333333333,0.9682539682539683,0.0,0.5552104899930987,13,46,61,0,
0.171,False,False,0.47619047619047616,0.9347826086956522,0.3333333333333333,0.9682539682539683,0.0,0.5552104899930987,13,46,61,0,
0.172,False,False,0.47619047619047616,0.9347826086956522,0.3333333333333333,0.9682539682539683,0.0,0.5552104899930987,13,46,61,0,
0.173,False,False,0.47619047619047616,0.9347826086956522,0.3333333333333333,0.9682539682539683,0.0,0.5552104899930987,13,46,61,0,
0.174,False,False,0.47619047619047616,0.9347826086956522,0.3333333333333333,0.9682539682539683,0.0,0.5552104899930987,13,46,61,0,
0.175,False,False,0.47619047619047616,0.9347826086956522,0.3333333333333333,0.9682539682539683,0.0,0.5552104899930987,13,46,61,0,
0.176,False,False,0.47619047619047616,0.9347826086956522,0.3333333333333333,0.9682539682539683,0.0,0.5552104899930987,13,46,61,0,
0.177,False,False,0.47619047619047616,0.9347826086956522,0.3333333333333333,0.9682539682539683,0.0,0.5552104899930987,13,46,61,0,
0.178,False,False,0.47619047619047616,0.9347826086956522,0.3333333333333333,0.9682539682539683,0.0,0.5552104899930987,13,46,61,0,
0.179,False,False,0.47619047619047616,0.9347826086956522,0.3333333333333333,0.9682539682539683,0.0,0.5552104899930987,13,46,61,0,
0.18,False,False,0.47619047619047616,0.9347826086956522,0.3333333333333333,0.9682539682539683,0.0,0.5552104899930987,13,46,61,0,
0.181,False,False,0.47619047619047616,0.9347826086956522,0.3333333333333333,0.9682539682539683,0.0,0.5552104899930987,13,46,61,0,
0.182,False,False,0.47619047619047616,0.9347826086956522,0.3333333333333333,0.9682539682539683,0.0,0.5552104899930987,13,46,61,0,
0.183,False,False,0.47619047619047616,0.9347826086956522,0.3333333333333333,0.9682539682539683,0.0,0.5552104899930987,13,46,61,0,
0.184,False,False,0.47619047619047616,0.9347826086956522,0.3333333333333333,0.9682539682539683,0.0,0.5552104899930987,13,46,61,0,
0.185,False,False,0.47619047619047616,0.9347826086956522,0.3333333333333333,0.9682539682539683,0.0,0.5552104899930987,13,46,61,0,
0.186,False,False,0.47619047619047616,0.9347826086956522,0.3333333333333333,0.9682539682539683,0.0,0.5552104899930987,13,46,61,0,
0.187,False,False,0.47619047619047616,0.9347826086956522,0.3333333333333333,0.9682539682539683,0.0,0.5552104899930987,13,46,61,0,
0.188,False,False,0.47619047619047616,0.9347826086956522,0.3333333333333333,0.9682539682539683,0.0,0.5552104899930987,13,46,61,0,
0.189,False,False,0.47619047619047616,0.9347826086956522,0.3333333333333333,0.9682539682539683,0.0,0.5552104899930987,13,46,61,0,
0.19,False,False,0.47619047619047616,0.9347826086956522,0.3333333333333333,0.9682539682539683,0.0,0.5552104899930987,13,46,61,0,
0.191,False,False,0.47619047619047616,0.9347826086956522,0.3333333333333333,0.9682539682539683,0.0,0.5552104899930987,13,46,61,0,
0.192,False,False,0.47619047619047616,0.9347826086956522,0.3333333333333333,0.9682539682539683,0.0,0.5552104899930987,13,46,61,0,
0.193,False,False,0.47619047619047616,0.9347826086956522,0.3333333333333333,0.9682539682539683,0.0,0.5552104899930987,13,46,61,0,
0.194,False,False,0.47619047619047616,0.9347826086956522,0.3333333333333333,0.9682539682539683,0.0,0.5552104899930987,13,46,61,0,
0.195,False,False,0.47619047619047616,0.9347826086956522,0.3333333333333333,0.9682539682539683,0.0,0.5552104899930987,13,46,61,0,
0.196,False,False,0.47619047619047616,0.9347826086956522,0.3333333333333333,0.9682539682539683,0.0,0.5552104899930987,13,46,61,0,
0.197,False,False,0.47619047619047616,0.9347826086956522,0.3333333333333333,0.9682539682539683,0.0,0.5552104899930987,13,46,61,0,
0.198,False,False,0.47619047619047616,0.9347826086956522,0.3333333333333333,0.9682539682539683,0.0,0.5552104899930987,13,46,61,0,
0.199,False,False,0.47619047619047616,0.9347826086956522,0.3333333333333333,0.9682539682539683,0.0,0.5552104899930987,13,46,61,0,
0.2,False,False,0.47619047619047616,0.9347826086956522,0.3333333333333333,0.9682539682539683,0.0,0.5552104899930987,13,46,61,0,
0.201,False,False,0.47619047619047616,0.9347826086956522,0.3333333333333333,0.9682539682539683,0.0,0.5552104899930987,13,46,61,0,
0.202,False,False,0.47619047619047616,0.9347826086956522,0.3333333333333333,0.9682539682539683,0.0,0.5552104899930987,13,46,61,0,
0.203,False,False,0.47619047619047616,0.9347826086956522,0.3333333333333333,0.9682539682539683,0.0,0.5552104899930987,13,46,61,0,
0.204,False,False,0.47619047619047616,0.9347826086956522,0.3333333333333333,0.9682539682539683,0.0,0.5552104899930987,13,46,61,0,
0.205,False,False,0.47619047619047616,0.9347826086956522,0.3333333333333333,0.9682539682539683,0.0,0.5552104899930987,13,46,61,0,
0.206,False,False,0.47619047619047616,0.9347826086956522,0.3333333333333333,0.9682539682539683,0.0,0.5552104899930987,13,46,61,0,
0.207,False,False,0.47619047619047616,0.9347826086956522,0.3333333333333333,0.9682539682539683,0.0,0.5552104899930987,13,46,61,0,
0.208,False,False,0.47619047619047616,0.9347826086956522,0.3333333333333333,0.9682539682539683,0.0,0.5552104899930987,13,46,61,0,
0.209,False,False,0.47619047619047616,0.9347826086956522,0.3333333333333333,0.9682539682539683,0.0,0.5552104899930987,13,46,61,0,
0.21,False,False,0.47619047619047616,0.9347826086956522,0.3333333333333333,0.9682539682539683,0.0,0.5552104899930987,13,46,61,0,
0.211,False,False,0.47619047619047616,0.9347826086956522,0.3333333333333333,0.9682539682539683,0.0,0.5552104899930987,13,46,61,0,
0.212,False,False,0.47619047619047616,0.9347826086956522,0.3333333333333333,0.9682539682539683,0.0,0.5552104899930987,13,46,61,0,
0.213,False,False,0.47619047619047616,0.9347826086956522,0.3333333333333333,0.9682539682539683,0.0,0.5552104899930987,13,46,61,0,
0.214,False,False,0.47619047619047616,0.9347826086956522,0.3333333333333333,0.9682539682539683,0.0,0.5552104899930987,13,46,61,0,
0.215,False,False,0.47619047619047616,0.9347826086956522,0.3333333333333333,0.9682539682539683,0.0,0.5552104899930987,13,46,61,0,
0.216,False,False,0.47619047619047616,0.9347826086956522,0.3333333333333333,0.9682539682539683,0.0,0.5552104899930987,13,46,61,0,
0.217,False,False,0.47619047619047616,0.9347826086956522,0.3333333333333333,0.9682539682539683,0.0,0.5552104899930987,13,46,61,0,
0.218,False,False,0.47619047619047616,0.9347826086956522,0.3333333333333333,0.9682539682539683,0.0,0.5552104899930987,13,46,61,0,
0.219,False,False,0.47619047619047616,0.9347826086956522,0.3333333333333333,0.9682539682539683,0.0,0.5552104899930987,13,46,61,0,
0.22,False,False,0.47619047619047616,0.9347826086956522,0.3333333333333333,0.9682539682539683,0.0,0.5552104899930987,13,46,61,0,
0.221,False,False,0.47619047619047616,0.9347826086956522,0.3333333333333333,0.9682539682539683,0.0,0.5552104899930987,13,46,61,0,
0.222,False,False,0.47619047619047616,0.9347826086956522,0.3333333333333333,0.9682539682539683,0.0,0.5552104899930987,13,46,61,0,
0.223,False,False,0.47619047619047616,0.9347826086956522,0.3333333333333333,0.9682539682539683,0.0,0.5552104899930987,13,46,61,0,
0.224,False,False,0.47619047619047616,0.9347826086956522,0.3333333333333333,0.9682539682539683,0.0,0.5552104899930987,13,46,61,0,
0.225,False,False,0.47619047619047616,0.9347826086956522,0.3333333333333333,0.9682539682539683,0.0,0.5552104899930987,13,46,61,0,
0.226,False,False,0.47619047619047616,0.9347826086956522,0.3333333333333333,0.9682539682539683,0.0,0.5552104899930987,13,46,61,0,
0.227,False,False,0.47619047619047616,0.9347826086956522,0.3333333333333333,0.9682539682539683,0.0,0.5552104899930987,13,46,61,0,
0.228,False,False,0.47619047619047616,0.9347826086956522,0.3333333333333333,0.9682539682539683,0.0,0.5552104899930987,13,46,61,0,
0.229,False,False,0.47619047619047616,0.9347826086956522,0.3333333333333333,0.9682539682539683,0.0,0.5552104899930987,13,46,61,0,
0.23,False,False,0.47619047619047616,0.9347826086956522,0.3333333333333333,0.9682539682539683,0.0,0.5552104899930987,13,46,61,0,
0.231,False,False,0.47619047619047616,0.9347826086956522,0.3333333333333333,0.9682539682539683,0.0,0.5552104899930987,13,46,61,0,
0.232,False,False,0.47619047619047616,0.9347826086956522,0.3333333333333333,0.9682539682539683,0.0,0.5552104899930987,13,46,61,0,
0.233,False,False,0.47619047619047616,0.9347826086956522,0.3333333333333333,0.9682539682539683,0.0,0.5552104899930987,13,46,61,0,
0.234,False,False,0.47619047619047616,0.9347826086956522,0.3333333333333333,0.9682539682539683,0.0,0.5552104899930987,13,46,61,0,
0.235,False,False,0.47619047619047616,0.9347826086956522,0.3333333333333333,0.9682539682539683,0.0,0.5552104899930987,13,46,61,0,
0.236,False,False,0.47619047619047616,0.9347826086956522,0.3333333333333333,0.9682539682539683,0.0,0.5552104899930987,13,46,61,0,
0.237,False,False,0.47619047619047616,0.9347826086956522,0.3333333333333333,0.9682539682539683,0.0,0.5552104899930987,13,46,61,0,
0.238,False,False,0.47619047619047616,0.9347826086956522,0.3333333333333333,0.9682539682539683,0.0,0.5552104899930987,13,46,61,0,
0.239,False,False,0.47619047619047616,0.9347826086956522,0.3333333333333333,0.9682539682539683,0.0,0.5552104899930987,13,46,61,0,
0.24,False,False,0.47619047619047616,0.9347826086956522,0.3333333333333333,0.9682539682539683,0.0,0.5552104899930987,13,46,61,0,
0.241,False,False,0.47619047619047616,0.9347826086956522,0.3333333333333333,0.9682539682539683,0.0,0.5552104899930987,13,46,61,0,
0.242,False,False,0.47619047619047616,0.9347826086956522,0.3333333333333333,0.9682539682539683,0.0,0.5552104899930987,13,46,61,0,
0.243,False,False,0.47619047619047616,0.9347826086956522,0.3333333333333333,0.9682539682539683,0.0,0.5552104899930987,13,46,61,0,
0.244,False,False,0.47619047619047616,0.9347826086956522,0.3333333333333333,0.9682539682539683,0.0,0.5552104899930987,13,46,61,0,
0.245,False,False,0.47619047619047616,0.9347826086956522,0.3333333333333333,0.9682539682539683,0.0,0.5552104899930987,13,46,61,0,
0.246,False,False,0.47619047619047616,0.9347826086956522,0.3333333333333333,0.9682539682539683,0.0,0.5552104899930987,13,46,61,0,
0.247,False,False,0.47619047619047616,0.9347826086956522,0.3333333333333333,0.9682539682539683,0.0,0.5552104899930987,13,46,61,0,
0.248,False,False,0.47619047619047616,0.9347826086956522,0.3333333333333333,0.9682539682539683,0.0,0.5552104899930987,13,46,61,0,
0.249,False,False,0.47619047619047616,0.9347826086956522,0.3333333333333333,0.9682539682539683,0.0,0.5552104899930987,13,46,61,0,
0.25,False,False,0.47619047619047616,0.9772727272727273,0.3333333333333333,0.9365079365079365,0.0,0.5605339105339106,13,44,59,0,
0.251,False,False,0.47619047619047616,0.9772727272727273,0.3333333333333333,0.9365079365079365,0.0,0.5605339105339106,13,44,59,0,
0.252,False,False,0.47619047619047616,0.9772727272727273,0.3333333333333333,0.9365079365079365,0.0,0.5605339105339106,13,44,59,0,
0.253,False,False,0.47619047619047616,0.9772727272727273,0.3333333333333333,0.9365079365079365,0.0,0.5605339105339106,13,44,59,0,
0.254,False,False,0.47619047619047616,0.9772727272727273,0.3333333333333333,0.9365079365079365,0.0,0.5605339105339106,13,44,59,0,
0.255,False,False,0.47619047619047616,0.9772727272727273,0.3333333333333333,0.9365079365079365,0.0,0.5605339105339106,13,44,59,0,
0.256,False,False,0.47619047619047616,0.9772727272727273,0.3333333333333333,0.9365079365079365,0.0,0.5605339105339106,13,44,59,0,
0.257,False,False,0.47619047619047616,0.9772727272727273,0.3333333333333333,0.9365079365079365,0.0,0.5605339105339106,13,44,59,0,
0.258,False,False,0.47619047619047616,0.9772727272727273,0.3333333333333333,0.9365079365079365,0.0,0.5605339105339106,13,44,59,0,
0.259,False,False,0.47619047619047616,0.9772727272727273,0.3333333333333333,0.9365079365079365,0.0,0.5605339105339106,13,44,59,0,
0.26,False,False,0.47619047619047616,0.9772727272727273,0.3333333333333333,0.9365079365079365,0.0,0.5605339105339106,13,44,59,0,
0.261,False,False,0.47619047619047616,0.9772727272727273,0.3333333333333333,0.9365079365079365,0.0,0.5605339105339106,13,44,59,0,
0.262,False,False,0.47619047619047616,0.9772727272727273,0.3333333333333333,0.9365079365079365,0.0,0.5605339105339106,13,44,59,0,
0.263,False,False,0.47619047619047616,0.9772727272727273,0.3333333333333333,0.9365079365079365,0.0,0.5605339105339106,13,44,59,0,
0.264,False,False,0.47619047619047616,0.9772727272727273,0.3333333333333333,0.9365079365079365,0.0,0.5605339105339106,13,44,59,0,
0.265,False,False,0.47619047619047616,0.9772727272727273,0.3333333333333333,0.9365079365079365,0.0,0.5605339105339106,13,44,59,0,
0.266,False,False,0.47619047619047616,0.9772727272727273,0.3333333333333333,0.9365079365079365,0.0,0.5605339105339106,13,44,59,0,
0.267,False,False,0.47619047619047616,0.9772727272727273,0.3333333333333333,0.9365079365079365,0.0,0.5605339105339106,13,44,59,0,
0.268,False,False,0.47619047619047616,0.9772727272727273,0.3333333333333333,0.9365079365079365,0.0,0.5605339105339106,13,44,59,0,
0.269,False,False,0.47619047619047616,0.9772727272727273,0.3333333333333333,0.9365079365079365,0.0,0.5605339105339106,13,44,59,0,
0.27,False,False,0.47619047619047616,0.9772727272727273,0.3333333333333333,0.9365079365079365,0.0,0.5605339105339106,13,44,59,0,
0.271,False,False,0.47619047619047616,0.9772727272727273,0.3333333333333333,0.9365079365079365,0.0,0.5605339105339106,13,44,59,0,
0.272,False,False,0.47619047619047616,0.9772727272727273,0.3333333333333333,0.9365079365079365,0.0,0.5605339105339106,13,44,59,0,
0.273,False,False,0.47619047619047616,0.9772727272727273,0.3333333333333333,0.9365079365079365,0.0,0.5605339105339106,13,44,59,0,
0.274,False,False,0.47619047619047616,0.9772727272727273,0.3333333333333333,0.9365079365079365,0.0,0.5605339105339106,13,44,59,0,
0.275,False,False,0.47619047619047616,0.9772727272727273,0.3333333333333333,0.9365079365079365,0.0,0.5605339105339106,13,44,59,0,
0.276,False,False,0.47619047619047616,0.9772727272727273,0.3333333333333333,0.9365079365079365,0.0,0.5605339105339106,13,44,59,0,
0.277,False,False,0.47619047619047616,0.9772727272727273,0.3333333333333333,0.9365079365079365,0.0,0.5605339105339106,13,44,59,0,
0.278,False,False,0.47619047619047616,0.9772727272727273,0.3333333333333333,0.9365079365079365,0.0,0.5605339105339106,13,44,59,0,
0.279,False,False,0.47619047619047616,0.9772727272727273,0.3333333333333333,0.9365079365079365,0.0,0.5605339105339106,13,44,59,0,
0.28,False,False,0.47619047619047616,0.9772727272727273,0.3333333333333333,0.9365079365079365,0.0,0.5605339105339106,13,44,59,0,
0.281,False,False,0.47619047619047616,0.9772727272727273,0.3333333333333333,0.9365079365079365,0.0,0.5605339105339106,13,44,59,0,
0.282,False,False,0.47619047619047616,0.9772727272727273,0.3333333333333333,0.9365079365079365,0.0,0.5605339105339106,13,44,59,0,
0.283,False,False,0.47619047619047616,0.9772727272727273,0.3333333333333333,0.9365079365079365,0.0,0.5605339105339106,13,44,59,0,
0.284,False,False,0.47619047619047616,0.9772727272727273,0.3333333333333333,0.9365079365079365,0.0,0.5605339105339106,13,44,59,0,
0.285,False,False,0.47619047619047616,0.9772727272727273,0.3333333333333333,0.9365079365079365,0.0,0.5605339105339106,13,44,59,0,
0.286,False,False,0.47619047619047616,0.9772727272727273,0.3333333333333333,0.9365079365079365,0.0,0.5605339105339106,13,44,59,0,
0.287,False,False,0.47619047619047616,0.9772727272727273,0.3333333333333333,0.9365079365079365,0.0,0.5605339105339106,13,44,59,0,
0.288,False,False,0.42857142857142855,0.8863636363636364,0.3333333333333333,0.8571428571428571,0.0,0.5106060606060606,12,40,54,0,
0.289,False,False,0.42857142857142855,0.8863636363636364,0.3333333333333333,0.8571428571428571,0.0,0.5106060606060606,12,40,54,0,
0.29,False,False,0.42857142857142855,0.8863636363636364,0.3333333333333333,0.8571428571428571,0.0,0.5106060606060606,12,40,54,0,
0.291,False,False,0.42857142857142855,0.8863636363636364,0.3333333333333333,0.8571428571428571,0.0,0.5106060606060606,12,40,54,0,
0.292,False,False,0.42857142857142855,0.8837209302325582,0.3333333333333333,0.8253968253968254,0.0,0.5069029162052419,12,38,52,0,
0.293,False,False,0.42857142857142855,0.8837209302325582,0.3333333333333333,0.8253968253968254,0.0,0.5069029162052419,12,38,52,0,
0.294,False,False,0.42857142857142855,0.8837209302325582,0.3333333333333333,0.8253968253968254,0.0,0.5069029162052419,12,38,52,0,
0.295,False,False,0.42857142857142855,0.8837209302325582,0.3333333333333333,0.8253968253968254,0.0,0.5069029162052419,12,38,52,0,
0.296,False,False,0.42857142857142855,0.8837209302325582,0.3333333333333333,0.8253968253968254,0.0,0.5069029162052419,12,38,52,0,
0.297,False,False,0.42857142857142855,0.8837209302325582,0.3333333333333333,0.8253968253968254,0.0,0.5069029162052419,12,38,52,0,
0.298,False,False,0.42857142857142855,0.8837209302325582,0.3333333333333333,0.8253968253968254,0.0,0.5069029162052419,12,38,52,0,
0.299,False,False,0.42857142857142855,0.8837209302325582,0.3333333333333333,0.8253968253968254,0.0,0.5069029162052419,12,38,52,0,
0.3,False,False,0.42857142857142855,0.8837209302325582,0.3333333333333333,0.8253968253968254,0.0,0.5069029162052419,12,38,52,0,
0.301,False,False,0.42857142857142855,0.8837209302325582,0.3333333333333333,0.8253968253968254,0.0,0.5069029162052419,12,38,52,0,
0.302,False,False,0.42857142857142855,0.8837209302325582,0.3333333333333333,0.8253968253968254,0.0,0.5069029162052419,12,38,52,0,
0.303,False,False,0.42857142857142855,0.8837209302325582,0.3333333333333333,0.8253968253968254,0.0,0.5069029162052419,12,38,52,0,
0.304,False,False,0.42857142857142855,0.8837209302325582,0.3333333333333333,0.8253968253968254,0.0,0.5069029162052419,12,38,52,0,
0.305,False,False,0.42857142857142855,0.8837209302325582,0.3333333333333333,0.8253968253968254,0.0,0.5069029162052419,12,38,52,0,
0.306,False,False,0.42857142857142855,0.8837209302325582,0.3333333333333333,0.8253968253968254,0.0,0.5069029162052419,12,38,52,0,
0.307,False,False,0.42857142857142855,0.8837209302325582,0.3333333333333333,0.8253968253968254,0.0,0.5069029162052419,12,38,52,0,
0.308,False,False,0.42857142857142855,0.8837209302325582,0.3333333333333333,0.8253968253968254,0.0,0.5069029162052419,12,38,52,0,
0.309,False,False,0.42857142857142855,0.8837209302325582,0.3333333333333333,0.8253968253968254,0.0,0.5069029162052419,12,38,52,0,
0.31,False,False,0.42857142857142855,0.8837209302325582,0.3333333333333333,0.8253968253968254,0.0,0.5069029162052419,12,38,52,0,
0.311,False,False,0.42857142857142855,0.8837209302325582,0.3333333333333333,0.8253968253968254,0.0,0.5069029162052419,12,38,52,0,
0.312,False,False,0.42857142857142855,0.8837209302325582,0.3333333333333333,0.8253968253968254,0.0,0.5069029162052419,12,38,52,0,
0.313,False,False,0.42857142857142855,0.8837209302325582,0.3333333333333333,0.8253968253968254,0.0,0.5069029162052419,12,38,52,0,
0.314,False,False,0.42857142857142855,0.8837209302325582,0.3333333333333333,0.8253968253968254,0.0,0.5069029162052419,12,38,52,0,
0.315,False,False,0.42857142857142855,0.8837209302325582,0.3333333333333333,0.8253968253968254,0.0,0.5069029162052419,12,38,52,0,
0.316,False,False,0.42857142857142855,0.8837209302325582,0.3333333333333333,0.8253968253968254,0.0,0.5069029162052419,12,38,52,0,
0.317,False,False,0.42857142857142855,0.8837209302325582,0.3333333333333333,0.8253968253968254,0.0,0.5069029162052419,12,38,52,0,
0.318,False,False,0.42857142857142855,0.8837209302325582,0.3333333333333333,0.8253968253968254,0.0,0.5069029162052419,12,38,52,0,
0.319,False,False,0.42857142857142855,0.8837209302325582,0.3333333333333333,0.8253968253968254,0.0,0.5069029162052419,12,38,52,0,
0.32,False,False,0.42857142857142855,0.8837209302325582,0.3333333333333333,0.8253968253968254,0.0,0.5069029162052419,12,38,52,0,
0.321,False,False,0.42857142857142855,0.8837209302325582,0.3333333333333333,0.8253968253968254,0.0,0.5069029162052419,12,38,52,0,
0.322,False,False,0.42857142857142855,0.8837209302325582,0.3333333333333333,0.8253968253968254,0.0,0.5069029162052419,12,38,52,0,
0.323,False,False,0.42857142857142855,0.8837209302325582,0.3333333333333333,0.8253968253968254,0.0,0.5069029162052419,12,38,52,0,
0.324,False,False,0.42857142857142855,0.8837209302325582,0.3333333333333333,0.8253968253968254,0.0,0.5069029162052419,12,38,52,0,
0.325,False,False,0.42857142857142855,0.8837209302325582,0.3333333333333333,0.8253968253968254,0.0,0.5069029162052419,12,38,52,0,
0.326,False,False,0.42857142857142855,0.8837209302325582,0.3333333333333333,0.8253968253968254,0.0,0.5069029162052419,12,38,52,0,
0.327,False,False,0.42857142857142855,0.8837209302325582,0.3333333333333333,0.8253968253968254,0.0,0.5069029162052419,12,38,52,0,
0.328,False,False,0.42857142857142855,0.8837209302325582,0.3333333333333333,0.8253968253968254,0.0,0.5069029162052419,12,38,52,0,
0.329,False,False,0.42857142857142855,0.8837209302325582,0.3333333333333333,0.8253968253968254,0.0,0.5069029162052419,12,38,52,0,
0.33,False,False,0.42857142857142855,0.8837209302325582,0.3333333333333333,0.8253968253968254,0.0,0.5069029162052419,12,38,52,0,
0.331,False,False,0.42857142857142855,0.8837209302325582,0.3333333333333333,0.8253968253968254,0.0,0.5069029162052419,12,38,52,0,
0.332,False,False,0.42857142857142855,0.8837209302325582,0.3333333333333333,0.8253968253968254,0.0,0.5069029162052419,12,38,52,0,
0.333,False,False,0.42857142857142855,0.8837209302325582,0.3333333333333333,0.8253968253968254,0.0,0.5069029162052419,12,38,52,0,
0.334,False,False,0.5714285714285714,0.8913043478260869,0.3333333333333333,0.9682539682539683,0.0,0.5941338854382332,15,44,61,0,
0.335,False,False,0.5714285714285714,0.8913043478260869,0.3333333333333333,0.9682539682539683,0.0,0.5941338854382332,15,44,61,0,
0.336,False,False,0.5714285714285714,0.8913043478260869,0.3333333333333333,0.9682539682539683,0.0,0.5941338854382332,15,44,61,0,
0.337,False,False,0.5714285714285714,0.8913043478260869,0.3333333333333333,0.9682539682539683,0.0,0.5941338854382332,15,44,61,0,
0.338,False,False,0.5714285714285714,0.8913043478260869,0.3333333333333333,0.9682539682539683,0.0,0.5941338854382332,15,44,61,0,
0.339,False,False,0.5714285714285714,0.8913043478260869,0.3333333333333333,0.9682539682539683,0.0,0.5941338854382332,15,44,61,0,
0.34,False,False,0.5714285714285714,0.8913043478260869,0.3333333333333333,0.9682539682539683,0.0,0.5941338854382332,15,44,61,0,
0.341,False,False,0.5714285714285714,0.8913043478260869,0.3333333333333333,0.9682539682539683,0.0,0.5941338854382332,15,44,61,0,
0.342,False,False,0.5714285714285714,0.8913043478260869,0.3333333333333333,0.9682539682539683,0.0,0.5941338854382332,15,44,61,0,
0.343,False,False,0.5714285714285714,0.8913043478260869,0.3333333333333333,0.9682539682539683,0.0,0.5941338854382332,15,44,61,0,
0.344,False,False,0.5714285714285714,0.8913043478260869,0.3333333333333333,0.9682539682539683,0.0,0.5941338854382332,15,44,61,0,
0.345,False,False,0.5714285714285714,0.8913043478260869,0.3333333333333333,0.9682539682539683,0.0,0.5941338854382332,15,44,61,0,
0.346,False,False,0.5714285714285714,0.8913043478260869,0.3333333333333333,0.9682539682539683,0.0,0.5941338854382332,15,44,61,0,
0.347,False,False,0.5714285714285714,0.8913043478260869,0.3333333333333333,0.9682539682539683,0.0,0.5941338854382332,15,44,61,0,
0.348,False,False,0.5714285714285714,0.8913043478260869,0.3333333333333333,0.9682539682539683,0.0,0.5941338854382332,15,44,61,0,
0.349,False,False,0.5714285714285714,0.8913043478260869,0.3333333333333333,0.9682539682539683,0.0,0.5941338854382332,15,44,61,0,
0.35,False,False,0.5714285714285714,0.8913043478260869,0.3333333333333333,0.9682539682539683,0.0,0.5941338854382332,15,44,61,0,
0.351,False,False,0.5714285714285714,0.8913043478260869,0.3333333333333333,0.9682539682539683,0.0,0.5941338854382332,15,44,61,0,
0.352,False,False,0.5714285714285714,0.8913043478260869,0.3333333333333333,0.9682539682539683,0.0,0.5941338854382332,15,44,61,0,
0.353,False,False,0.5714285714285714,0.8913043478260869,0.3333333333333333,0.9682539682539683,0.0,0.5941338854382332,15,44,61,0,
0.354,False,False,0.5714285714285714,0.8913043478260869,0.3333333333333333,0.9682539682539683,0.0,0.5941338854382332,15,44,61,0,
0.355,False,False,0.5714285714285714,0.8913043478260869,0.3333333333333333,0.9682539682539683,0.0,0.5941338854382332,15,44,61,0,
0.356,False,False,0.5714285714285714,0.8913043478260869,0.3333333333333333,0.9682539682539683,0.0,0.5941338854382332,15,44,61,0,
0.357,False,False,0.5714285714285714,0.8913043478260869,0.3333333333333333,0.9682539682539683,0.0,0.5941338854382332,15,44,61,0,
0.358,False,False,0.5714285714285714,0.8913043478260869,0.3333333333333333,0.9682539682539683,0.0,0.5941338854382332,15,44,61,0,
0.359,False,False,0.5714285714285714,0.8913043478260869,0.3333333333333333,0.9682539682539683,0.0,0.5941338854382332,15,44,61,0,
0.36,False,False,0.5714285714285714,0.8913043478260869,0.3333333333333333,0.9682539682539683,0.0,0.5941338854382332,15,44,61,0,
0.361,False,False,0.5714285714285714,0.8913043478260869,0.3333333333333333,0.9682539682539683,0.0,0.5941338854382332,15,44,61,0,
0.362,False,False,0.5714285714285714,0.8913043478260869,0.3333333333333333,0.9682539682539683,0.0,0.5941338854382332,15,44,61,0,
0.363,False,False,0.5714285714285714,0.8913043478260869,0.3333333333333333,0.9682539682539683,0.0,0.5941338854382332,15,44,61,0,
0.364,False,False,0.5714285714285714,0.8913043478260869,0.3333333333333333,0.9682539682539683,0.0,0.5941338854382332,15,44,61,0,
0.365,False,False,0.5714285714285714,0.8913043478260869,0.3333333333333333,0.9682539682539683,0.0,0.5941338854382332,15,44,61,0,
0.366,False,False,0.5714285714285714,0.8913043478260869,0.3333333333333333,0.9682539682539683,0.0,0.5941338854382332,15,44,61,0,
0.367,False,False,0.5714285714285714,0.8913043478260869,0.3333333333333333,0.9682539682539683,0.0,0.5941338854382332,15,44,61,0,
0.368,False,False,0.5714285714285714,0.8913043478260869,0.3333333333333333,0.9682539682539683,0.0,0.5941338854382332,15,44,61,0,
0.369,False,False,0.5714285714285714,0.8913043478260869,0.3333333333333333,0.9682539682539683,0.0,0.5941338854382332,15,44,61,0,
0.37,False,False,0.5714285714285714,0.8913043478260869,0.3333333333333333,0.9682539682539683,0.0,0.5941338854382332,15,44,61,0,
0.371,False,False,0.5714285714285714,0.8913043478260869,0.3333333333333333,0.9682539682539683,0.0,0.5941338854382332,15,44,61,0,
0.372,False,False,0.5714285714285714,0.8913043478260869,0.3333333333333333,0.9682539682539683,0.0,0.5941338854382332,15,44,61,0,
0.373,False,False,0.5714285714285714,0.8913043478260869,0.3333333333333333,0.9682539682539683,0.0,0.5941338854382332,15,44,61,0,
0.374,False,False,0.5714285714285714,0.8913043478260869,0.3333333333333333,0.9682539682539683,0.0,0.5941338854382332,15,44,61,0,
0.375,False,False,0.5714285714285714,0.8913043478260869,0.3333333333333333,0.9682539682539683,0.0,0.5941338854382332,15,44,61,0,
0.376,False,False,0.5714285714285714,0.8913043478260869,0.3333333333333333,0.9682539682539683,0.0,0.5941338854382332,15,44,61,0,
0.377,False,False,0.5714285714285714,0.8913043478260869,0.3333333333333333,0.9682539682539683,0.0,0.5941338854382332,15,44,61,0,
0.378,False,False,0.5714285714285714,0.8913043478260869,0.3333333333333333,0.9682539682539683,0.0,0.5941338854382332,15,44,61,0,
0.379,False,False,0.5714285714285714,0.8913043478260869,0.3333333333333333,0.9682539682539683,0.0,0.5941338854382332,15,44,61,0,
0.38,False,False,0.5714285714285714,0.8913043478260869,0.3333333333333333,0.9682539682539683,0.0,0.5941338854382332,15,44,61,0,
0.381,False,False,0.5714285714285714,0.8913043478260869,0.3333333333333333,0.9682539682539683,0.0,0.5941338854382332,15,44,61,0,
0.382,False,False,0.5714285714285714,0.8913043478260869,0.3333333333333333,0.9682539682539683,0.0,0.5941338854382332,15,44,61,0,
0.383,False,False,0.5714285714285714,0.8913043478260869,0.3333333333333333,0.9682539682539683,0.0,0.5941338854382332,15,44,61,0,
0.384,False,False,0.5714285714285714,0.8913043478260869,0.3333333333333333,0.9682539682539683,0.0,0.5941338854382332,15,44,61,0,
0.385,False,False,0.5714285714285714,0.8913043478260869,0.3333333333333333,0.9682539682539683,0.0,0.5941338854382332,15,44,61,0,
0.386,False,False,0.5714285714285714,0.8913043478260869,0.3333333333333333,0.9682539682539683,0.0,0.5941338854382332,15,44,61,0,
0.387,False,False,0.5714285714285714,0.8913043478260869,0.3333333333333333,0.9682539682539683,0.0,0.5941338854382332,15,44,61,0,
0.388,False,False,0.5714285714285714,0.8913043478260869,0.3333333333333333,0.9682539682539683,0.0,0.5941338854382332,15,44,61,0,
0.389,False,False,0.5714285714285714,0.8913043478260869,0.3333333333333333,0.9682539682539683,0.0,0.5941338854382332,15,44,61,0,
0.39,False,False,0.5714285714285714,0.8913043478260869,0.3333333333333333,0.9682539682539683,0.0,0.5941338854382332,15,44,61,0,
0.391,False,False,0.5714285714285714,0.8913043478260869,0.3333333333333333,0.9682539682539683,0.0,0.5941338854382332,15,44,61,0,
0.392,False,False,0.5714285714285714,0.8913043478260869,0.3333333333333333,0.9682539682539683,0.0,0.5941338854382332,15,44,61,0,
0.393,False,False,0.5714285714285714,0.8913043478260869,0.3333333333333333,0.9682539682539683,0.0,0.5941338854382332,15,44,61,0,
0.394,False,False,0.5714285714285714,0.8913043478260869,0.3333333333333333,0.9682539682539683,0.0,0.5941338854382332,15,44,61,0,
0.395,False,False,0.5714285714285714,0.8913043478260869,0.3333333333333333,0.9682539682539683,0.0,0.5941338854382332,15,44,61,0,
0.396,False,False,0.5714285714285714,0.8913043478260869,0.3333333333333333,0.9682539682539683,0.0,0.5941338854382332,15,44,61,0,
0.397,False,False,0.5714285714285714,0.8913043478260869,0.3333333333333333,0.9682539682539683,0.0,0.5941338854382332,15,44,61,0,
0.398,False,False,0.5714285714285714,0.8913043478260869,0.3333333333333333,0.9682539682539683,0.0,0.5941338854382332,15,44,61,0,
0.399,False,False,0.5714285714285714,0.8913043478260869,0.3333333333333333,0.9682539682539683,0.0,0.5941338854382332,15,44,61,0,
0.4,False,False,0.5714285714285714,0.8913043478260869,0.3333333333333333,0.9682539682539683,0.0,0.5941338854382332,15,44,61,0,
0.401,False,False,0.5714285714285714,0.8913043478260869,0.3333333333333333,0.9682539682539683,0.0,0.5941338854382332,15,44,61,0,
0.402,False,False,0.5714285714285714,0.8913043478260869,0.3333333333333333,0.9682539682539683,0.0,0.5941338854382332,15,44,61,0,
0.403,False,False,0.5714285714285714,0.8913043478260869,0.3333333333333333,0.9682539682539683,0.0,0.5941338854382332,15,44,61,0,
0.404,False,False,0.5714285714285714,0.8913043478260869,0.3333333333333333,0.9682539682539683,0.0,0.5941338854382332,15,44,61,0,
0.405,False,False,0.5714285714285714,0.8913043478260869,0.3333333333333333,0.9682539682539683,0.0,0.5941338854382332,15,44,61,0,
0.406,False,False,0.5714285714285714,0.8913043478260869,0.3333333333333333,0.9682539682539683,0.0,0.5941338854382332,15,44,61,0,
0.407,False,False,0.5714285714285714,0.8913043478260869,0.3333333333333333,0.9682539682539683,0.0,0.5941338854382332,15,44,61,0,
0.408,False,False,0.5714285714285714,0.8913043478260869,0.3333333333333333,0.9682539682539683,0.0,0.5941338854382332,15,44,61,0,
0.409,False,False,0.5714285714285714,0.8913043478260869,0.3333333333333333,0.9682539682539683,0.0,0.5941338854382332,15,44,61,0,
0.41,False,False,0.5714285714285714,0.8913043478260869,0.3333333333333333,0.9682539682539683,0.0,0.5941338854382332,15,44,61,0,
0.411,False,False,0.5714285714285714,0.8913043478260869,0.3333333333333333,0.9682539682539683,0.0,0.5941338854382332,15,44,61,0,
0.412,False,False,0.5714285714285714,0.8913043478260869,0.3333333333333333,0.9682539682539683,0.0,0.5941338854382332,15,44,61,0,
0.413,False,False,0.5714285714285714,0.8913043478260869,0.3333333333333333,0.9682539682539683,0.0,0.5941338854382332,15,44,61,0,
0.414,False,False,0.5714285714285714,0.8913043478260869,0.3333333333333333,0.9682539682539683,0.0,0.5941338854382332,15,44,61,0,
0.415,False,False,0.5714285714285714,0.8913043478260869,0.3333333333333333,0.9682539682539683,0.0,0.5941338854382332,15,44,61,0,
0.416,False,False,0.5714285714285714,0.8913043478260869,0.3333333333333333,0.9682539682539683,0.0,0.5941338854382332,15,44,61,0,
0.417,False,False,0.5714285714285714,0.8913043478260869,0.3333333333333333,0.9682539682539683,0.0,0.5941338854382332,15,44,61,0,
0.418,False,False,0.5714285714285714,0.8913043478260869,0.3333333333333333,0.9682539682539683,0.0,0.5941338854382332,15,44,61,0,
0.419,False,False,0.5714285714285714,0.8913043478260869,0.3333333333333333,0.9682539682539683,0.0,0.5941338854382332,15,44,61,0,
0.42,False,False,0.5714285714285714,0.8913043478260869,0.3333333333333333,0.9682539682539683,0.0,0.5941338854382332,15,44,61,0,
0.421,False,False,0.5714285714285714,0.8913043478260869,0.3333333333333333,0.9682539682539683,0.0,0.5941338854382332,15,44,61,0,
0.422,False,False,0.5714285714285714,0.8913043478260869,0.3333333333333333,0.9682539682539683,0.0,0.5941338854382332,15,44,61,0,
0.423,False,False,0.5714285714285714,0.8913043478260869,0.3333333333333333,0.9682539682539683,0.0,0.5941338854382332,15,44,61,0,
0.424,False,False,0.5714285714285714,0.8913043478260869,0.3333333333333333,0.9682539682539683,0.0,0.5941338854382332,15,44,61,0,
0.425,False,False,0.5714285714285714,0.8913043478260869,0.3333333333333333,0.9682539682539683,0.0,0.5941338854382332,15,44,61,0,
0.426,False,False,0.5714285714285714,0.8913043478260869,0.3333333333333333,0.9682539682539683,0.0,0.5941338854382332,15,44,61,0,
0.427,False,False,0.5714285714285714,0.8913043478260869,0.3333333333333333,0.9682539682539683,0.0,0.5941338854382332,15,44,61,0,
0.428,False,False,0.5714285714285714,0.8913043478260869,0.3333333333333333,0.9682539682539683,0.0,0.5941338854382332,15,44,61,0,
0.429,False,False,0.5714285714285714,0.8913043478260869,0.3333333333333333,0.9682539682539683,0.0,0.5941338854382332,15,44,61,0,
0.43,False,False,0.5714285714285714,0.8913043478260869,0.3333333333333333,0.9682539682539683,0.0,0.5941338854382332,15,44,61,0,
0.431,False,False,0.5714285714285714,0.8913043478260869,0.3333333333333333,0.9682539682539683,0.0,0.5941338854382332,15,44,61,0,
0.432,False,False,0.5714285714285714,0.8913043478260869,0.3333333333333333,0.9682539682539683,0.0,0.5941338854382332,15,44,61,0,
0.433,False,False,0.5714285714285714,0.8913043478260869,0.3333333333333333,0.9682539682539683,0.0,0.5941338854382332,15,44,61,0,
0.434,False,False,0.5714285714285714,0.8913043478260869,0.3333333333333333,0.9682539682539683,0.0,0.5941338854382332,15,44,61,0,
0.435,False,False,0.5714285714285714,0.8913043478260869,0.3333333333333333,0.9682539682539683,0.0,0.5941338854382332,15,44,61,0,
0.436,False,False,0.5714285714285714,0.8913043478260869,0.3333333333333333,0.9682539682539683,0.0,0.5941338854382332,15,44,61,0,
0.437,False,False,0.5714285714285714,0.8913043478260869,0.3333333333333333,0.9682539682539683,0.0,0.5941338854382332,15,44,61,0,
0.438,False,False,0.5714285714285714,0.8913043478260869,0.3333333333333333,0.9682539682539683,0.0,0.5941338854382332,15,44,61,0,
0.439,False,False,0.5714285714285714,0.8913043478260869,0.3333333333333333,0.9682539682539683,0.0,0.5941338854382332,15,44,61,0,
0.44,False,False,0.5714285714285714,0.8913043478260869,0.3333333333333333,0.9682539682539683,0.0,0.5941338854382332,15,44,61,0,
0.441,False,False,0.5714285714285714,0.8913043478260869,0.3333333333333333,0.9682539682539683,0.0,0.5941338854382332,15,44,61,0,
0.442,False,False,0.5714285714285714,0.8913043478260869,0.3333333333333333,0.9682539682539683,0.0,0.5941338854382332,15,44,61,0,
0.443,False,False,0.5714285714285714,0.8913043478260869,0.3333333333333333,0.9682539682539683,0.0,0.5941338854382332,15,44,61,0,
0.444,False,False,0.5714285714285714,0.8913043478260869,0.3333333333333333,0.9682539682539683,0.0,0.5941338854382332,15,44,61,0,
0.445,False,False,0.5714285714285714,0.8913043478260869,0.3333333333333333,0.9682539682539683,0.0,0.5941338854382332,15,44,61,0,
0.446,False,False,0.5714285714285714,0.8913043478260869,0.3333333333333333,0.9682539682539683,0.0,0.5941338854382332,15,44,61,0,
0.447,False,False,0.5714285714285714,0.8913043478260869,0.3333333333333333,0.9682539682539683,0.0,0.5941338854382332,15,44,61,0,
0.448,False,False,0.5714285714285714,0.8913043478260869,0.3333333333333333,0.9682539682539683,0.0,0.5941338854382332,15,44,61,0,
0.449,False,False,0.5714285714285714,0.8913043478260869,0.3333333333333333,0.9682539682539683,0.0,0.5941338854382332,15,44,61,0,
0.45,False,False,0.5714285714285714,0.8913043478260869,0.3333333333333333,0.9682539682539683,0.0,0.5941338854382332,15,44,61,0,
0.451,False,False,0.5714285714285714,0.8913043478260869,0.3333333333333333,0.9682539682539683,0.0,0.5941338854382332,15,44,61,0,
0.452,False,False,0.5714285714285714,0.8913043478260869,0.3333333333333333,0.9682539682539683,0.0,0.5941338854382332,15,44,61,0,
0.453,False,False,0.5714285714285714,0.8913043478260869,0.3333333333333333,0.9682539682539683,0.0,0.5941338854382332,15,44,61,0,
0.454,False,False,0.5714285714285714,0.8913043478260869,0.3333333333333333,0.9682539682539683,0.0,0.5941338854382332,15,44,61,0,
0.455,False,False,0.5714285714285714,0.8913043478260869,0.3333333333333333,0.9682539682539683,0.0,0.5941338854382332,15,44,61,0,
0.456,False,False,0.5714285714285714,0.8913043478260869,0.3333333333333333,0.9682539682539683,0.0,0.5941338854382332,15,44,61,0,
0.457,False,False,0.5714285714285714,0.8913043478260869,0.3333333333333333,0.9682539682539683,0.0,0.5941338854382332,15,44,61,0,
0.458,False,False,0.5714285714285714,0.8913043478260869,0.3333333333333333,0.9682539682539683,0.0,0.5941338854382332,15,44,61,0,
0.459,False,False,0.5714285714285714,0.8913043478260869,0.3333333333333333,0.9682539682539683,0.0,0.5941338854382332,15,44,61,0,
0.46,False,False,0.5714285714285714,0.8913043478260869,0.3333333333333333,0.9682539682539683,0.0,0.5941338854382332,15,44,61,0,
0.461,False,False,0.5714285714285714,0.8913043478260869,0.3333333333333333,0.9682539682539683,0.0,0.5941338854382332,15,44,61,0,
0.462,False,False,0.5714285714285714,0.8913043478260869,0.3333333333333333,0.9682539682539683,0.0,0.5941338854382332,15,44,61,0,
0.463,False,False,0.5714285714285714,0.8913043478260869,0.3333333333333333,0.9682539682539683,0.0,0.5941338854382332,15,44,61,0,
0.464,False,False,0.5714285714285714,0.8913043478260869,0.3333333333333333,0.9682539682539683,0.0,0.5941338854382332,15,44,61,0,
0.465,False,False,0.5714285714285714,0.8913043478260869,0.3333333333333333,0.9682539682539683,0.0,0.5941338854382332,15,44,61,0,
0.466,False,False,0.5714285714285714,0.8913043478260869,0.3333333333333333,0.9682539682539683,0.0,0.5941338854382332,15,44,61,0,
0.467,False,False,0.5714285714285714,0.8913043478260869,0.3333333333333333,0.9682539682539683,0.0,0.5941338854382332,15,44,61,0,
0.468,False,False,0.5714285714285714,0.8913043478260869,0.3333333333333333,0.9682539682539683,0.0,0.5941338854382332,15,44,61,0,
0.469,False,False,0.5714285714285714,0.8913043478260869,0.3333333333333333,0.9682539682539683,0.0,0.5941338854382332,15,44,61,0,
0.47,False,False,0.5714285714285714,0.8913043478260869,0.3333333333333333,0.9682539682539683,0.0,0.5941338854382332,15,44,61,0,
0.471,False,False,0.5714285714285714,0.8913043478260869,0.3333333333333333,0.9682539682539683,0.0,0.5941338854382332,15,44,61,0,
0.472,False,False,0.5714285714285714,0.8913043478260869,0.3333333333333333,0.9682539682539683,0.0,0.5941338854382332,15,44,61,0,
0.473,False,False,0.5714285714285714,0.8913043478260869,0.3333333333333333,0.9682539682539683,0.0,0.5941338854382332,15,44,61,0,
0.474,False,False,0.5714285714285714,0.8913043478260869,0.3333333333333333,0.9682539682539683,0.0,0.5941338854382332,15,44,61,0,
0.475,False,False,0.5714285714285714,0.8913043478260869,0.3333333333333333,0.9682539682539683,0.0,0.5941338854382332,15,44,61,0,
0.476,False,False,0.5714285714285714,0.8913043478260869,0.3333333333333333,0.9682539682539683,0.0,0.5941338854382332,15,44,61,0,
0.477,False,False,0.5714285714285714,0.8913043478260869,0.3333333333333333,0.9682539682539683,0.0,0.5941338854382332,15,44,61,0,
0.478,False,False,0.5714285714285714,0.8913043478260869,0.3333333333333333,0.9682539682539683,0.0,0.5941338854382332,15,44,61,0,
0.479,False,False,0.5714285714285714,0.8913043478260869,0.3333333333333333,0.9682539682539683,0.0,0.5941338854382332,15,44,61,0,
0.48,False,False,0.5714285714285714,0.8913043478260869,0.3333333333333333,0.9682539682539683,0.0,0.5941338854382332,15,44,61,0,
0.481,False,False,0.5714285714285714,0.8913043478260869,0.3333333333333333,0.9682539682539683,0.0,0.5941338854382332,15,44,61,0,
0.482,False,False,0.5714285714285714,0.8913043478260869,0.3333333333333333,0.9682539682539683,0.0,0.5941338854382332,15,44,61,0,
0.483,False,False,0.5714285714285714,0.8913043478260869,0.3333333333333333,0.9682539682539683,0.0,0.5941338854382332,15,44,61,0,
0.484,False,False,0.5714285714285714,0.8913043478260869,0.3333333333333333,0.9682539682539683,0.0,0.5941338854382332,15,44,61,0,
0.485,False,False,0.5714285714285714,0.8913043478260869,0.3333333333333333,0.9682539682539683,0.0,0.5941338854382332,15,44,61,0,
0.486,False,False,0.5714285714285714,0.8913043478260869,0.3333333333333333,0.9682539682539683,0.0,0.5941338854382332,15,44,61,0,
0.487,False,False,0.5714285714285714,0.8913043478260869,0.3333333333333333,0.9682539682539683,0.0,0.5941338854382332,15,44,61,0,
0.488,False,False,0.5714285714285714,0.8913043478260869,0.3333333333333333,0.9682539682539683,0.0,0.5941338854382332,15,44,61,0,
0.489,False,False,0.5714285714285714,0.8913043478260869,0.3333333333333333,0.9682539682539683,0.0,0.5941338854382332,15,44,61,0,
0.49,False,False,0.5714285714285714,0.8913043478260869,0.3333333333333333,0.9682539682539683,0.0,0.5941338854382332,15,44,61,0,
0.491,False,False,0.5714285714285714,0.8913043478260869,0.3333333333333333,0.9682539682539683,0.0,0.5941338854382332,15,44,61,0,
0.492,False,False,0.5714285714285714,0.8913043478260869,0.3333333333333333,0.9682539682539683,0.0,0.5941338854382332,15,44,61,0,
0.493,False,False,0.5714285714285714,0.8913043478260869,0.3333333333333333,0.9682539682539683,0.0,0.5941338854382332,15,44,61,0,
0.494,False,False,0.5714285714285714,0.8913043478260869,0.3333333333333333,0.9682539682539683,0.0,0.5941338854382332,15,44,61,0,
0.495,False,False,0.5714285714285714,0.8913043478260869,0.3333333333333333,0.9682539682539683,0.0,0.5941338854382332,15,44,61,0,
0.496,False,False,0.5714285714285714,0.8913043478260869,0.3333333333333333,0.9682539682539683,0.0,0.5941338854382332,15,44,61,0,
0.497,False,False,0.5714285714285714,0.8913043478260869,0.3333333333333333,0.9682539682539683,0.0,0.5941338854382332,15,44,61,0,
0.498,False,False,0.5714285714285714,0.8913043478260869,0.3333333333333333,0.9682539682539683,0.0,0.5941338854382332,15,44,61,0,
0.499,False,False,0.5714285714285714,0.8913043478260869,0.3333333333333333,0.9682539682539683,0.0,0.5941338854382332,15,44,61,0,
0.5,False,False,0.5714285714285714,0.8913043478260869,0.3333333333333333,0.9682539682539683,0.0,0.5941338854382332,15,44,61,0,
0.501,False,False,0.5714285714285714,0.8913043478260869,0.3333333333333333,0.9682539682539683,0.0,0.5941338854382332,15,44,61,0,
0.502,False,False,0.5714285714285714,0.8913043478260869,0.3333333333333333,0.9682539682539683,0.0,0.5941338854382332,15,44,61,0,
0.503,False,False,0.5714285714285714,0.8913043478260869,0.3333333333333333,0.9682539682539683,0.0,0.5941338854382332,15,44,61,0,
0.504,False,False,0.5714285714285714,0.8913043478260869,0.3333333333333333,0.9682539682539683,0.0,0.5941338854382332,15,44,61,0,
0.505,False,False,0.5714285714285714,0.8913043478260869,0.3333333333333333,0.9682539682539683,0.0,0.5941338854382332,15,44,61,0,
0.506,False,False,0.5714285714285714,0.8913043478260869,0.3333333333333333,0.9682539682539683,0.0,0.5941338854382332,15,44,61,0,
0.507,False,False,0.5714285714285714,0.8913043478260869,0.3333333333333333,0.9682539682539683,0.0,0.5941338854382332,15,44,61,0,
0.508,False,False,0.5714285714285714,0.8913043478260869,0.3333333333333333,0.9682539682539683,0.0,0.5941338854382332,15,44,61,0,
0.509,False,False,0.5714285714285714,0.8913043478260869,0.3333333333333333,0.9682539682539683,0.0,0.5941338854382332,15,44,61,0,
0.51,False,False,0.5714285714285714,0.8913043478260869,0.3333333333333333,0.9682539682539683,0.0,0.5941338854382332,15,44,61,0,
0.511,False,False,0.5714285714285714,0.8913043478260869,0.3333333333333333,0.9682539682539683,0.0,0.5941338854382332,15,44,61,0,
0.512,False,False,0.5714285714285714,0.8913043478260869,0.3333333333333333,0.9682539682539683,0.0,0.5941338854382332,15,44,61,0,
0.513,False,False,0.5714285714285714,0.8913043478260869,0.3333333333333333,0.9682539682539683,0.0,0.5941338854382332,15,44,61,0,
0.514,False,False,0.5714285714285714,0.8913043478260869,0.3333333333333333,0.9682539682539683,0.0,0.5941338854382332,15,44,61,0,
0.515,False,False,0.5714285714285714,0.8913043478260869,0.3333333333333333,0.9682539682539683,0.0,0.5941338854382332,15,44,61,0,
0.516,False,False,0.5714285714285714,0.8913043478260869,0.3333333333333333,0.9682539682539683,0.0,0.5941338854382332,15,44,61,0,
0.517,False,False,0.5714285714285714,0.8913043478260869,0.3333333333333333,0.9682539682539683,0.0,0.5941338854382332,15,44,61,0,
0.518,False,False,0.5714285714285714,0.8913043478260869,0.3333333333333333,0.9682539682539683,0.0,0.5941338854382332,15,44,61,0,
0.519,False,False,0.5714285714285714,0.8913043478260869,0.3333333333333333,0.9682539682539683,0.0,0.5941338854382332,15,44,61,0,
0.52,False,False,0.5714285714285714,0.8913043478260869,0.3333333333333333,0.9682539682539683,0.0,0.5941338854382332,15,44,61,0,
0.521,False,False,0.5714285714285714,0.8913043478260869,0.3333333333333333,0.9682539682539683,0.0,0.5941338854382332,15,44,61,0,
0.522,False,False,0.5714285714285714,0.8913043478260869,0.3333333333333333,0.9682539682539683,0.0,0.5941338854382332,15,44,61,0,
0.523,False,False,0.5714285714285714,0.8913043478260869,0.3333333333333333,0.9682539682539683,0.0,0.5941338854382332,15,44,61,0,
0.524,False,False,0.5714285714285714,0.8913043478260869,0.3333333333333333,0.9682539682539683,0.0,0.5941338854382332,15,44,61,0,
0.525,False,False,0.5714285714285714,0.8913043478260869,0.3333333333333333,0.9682539682539683,0.0,0.5941338854382332,15,44,61,0,
0.526,False,False,0.5714285714285714,0.8913043478260869,0.3333333333333333,0.9682539682539683,0.0,0.5941338854382332,15,44,61,0,
0.527,False,False,0.5714285714285714,0.8913043478260869,0.3333333333333333,0.9682539682539683,0.0,0.5941338854382332,15,44,61,0,
0.528,False,False,0.5714285714285714,0.8913043478260869,0.3333333333333333,0.9682539682539683,0.0,0.5941338854382332,15,44,61,0,
0.529,False,False,0.5714285714285714,0.8913043478260869,0.3333333333333333,0.9682539682539683,0.0,0.5941338854382332,15,44,61,0,
0.53,False,False,0.5714285714285714,0.8913043478260869,0.3333333333333333,0.9682539682539683,0.0,0.5941338854382332,15,44,61,0,
0.531,False,False,0.5714285714285714,0.8913043478260869,0.3333333333333333,0.9682539682539683,0.0,0.5941338854382332,15,44,61,0,
0.532,False,False,0.5714285714285714,0.8913043478260869,0.3333333333333333,0.9682539682539683,0.0,0.5941338854382332,15,44,61,0,
0.533,False,False,0.5714285714285714,0.8913043478260869,0.3333333333333333,0.9682539682539683,0.0,0.5941338854382332,15,44,61,0,
0.534,False,False,0.5714285714285714,0.8913043478260869,0.3333333333333333,0.9682539682539683,0.0,0.5941338854382332,15,44,61,0,
0.535,False,False,0.5714285714285714,0.8913043478260869,0.3333333333333333,0.9682539682539683,0.0,0.5941338854382332,15,44,61,0,
0.536,False,False,0.5714285714285714,0.8913043478260869,0.3333333333333333,0.9682539682539683,0.0,0.5941338854382332,15,44,61,0,
0.537,False,False,0.5714285714285714,0.8913043478260869,0.3333333333333333,0.9682539682539683,0.0,0.5941338854382332,15,44,61,0,
0.538,False,False,0.5714285714285714,0.8913043478260869,0.3333333333333333,0.9682539682539683,0.0,0.5941338854382332,15,44,61,0,
0.539,False,False,0.5714285714285714,0.8913043478260869,0.3333333333333333,0.9682539682539683,0.0,0.5941338854382332,15,44,61,0,
0.54,False,False,0.5714285714285714,0.8913043478260869,0.3333333333333333,0.9682539682539683,0.0,0.5941338854382332,15,44,61,0,
0.541,False,False,0.5714285714285714,0.8913043478260869,0.3333333333333333,0.9682539682539683,0.0,0.5941338854382332,15,44,61,0,
0.542,False,False,0.5714285714285714,0.8913043478260869,0.3333333333333333,0.9682539682539683,0.0,0.5941338854382332,15,44,61,0,
0.543,False,False,0.5714285714285714,0.8913043478260869,0.3333333333333333,0.9682539682539683,0.0,0.5941338854382332,15,44,61,0,
0.544,False,False,0.5714285714285714,0.8913043478260869,0.3333333333333333,0.9682539682539683,0.0,0.5941338854382332,15,44,61,0,
0.545,False,False,0.5714285714285714,0.8913043478260869,0.3333333333333333,0.9682539682539683,0.0,0.5941338854382332,15,44,61,0,
0.546,False,False,0.5714285714285714,0.8913043478260869,0.3333333333333333,0.9682539682539683,0.0,0.5941338854382332,15,44,61,0,
0.547,False,False,0.5714285714285714,0.8913043478260869,0.3333333333333333,0.9682539682539683,0.0,0.5941338854382332,15,44,61,0,
0.548,False,False,0.5714285714285714,0.8913043478260869,0.3333333333333333,0.9682539682539683,0.0,0.5941338854382332,15,44,61,0,
0.549,False,False,0.5714285714285714,0.8913043478260869,0.3333333333333333,0.9682539682539683,0.0,0.5941338854382332,15,44,61,0,
0.55,False,False,0.5714285714285714,0.8913043478260869,0.3333333333333333,0.9682539682539683,0.0,0.5941338854382332,15,44,61,0,
0.551,False,False,0.5714285714285714,0.8913043478260869,0.3333333333333333,0.9682539682539683,0.0,0.5941338854382332,15,44,61,0,
0.552,False,False,0.5714285714285714,0.8913043478260869,0.3333333333333333,0.9682539682539683,0.0,0.5941338854382332,15,44,61,0,
0.553,False,False,0.5714285714285714,0.8913043478260869,0.3333333333333333,0.9682539682539683,0.0,0.5941338854382332,15,44,61,0,
0.554,False,False,0.5714285714285714,0.8913043478260869,0.3333333333333333,0.9682539682539683,0.0,0.5941338854382332,15,44,61,0,
0.555,False,False,0.5714285714285714,0.8913043478260869,0.3333333333333333,0.9682539682539683,0.0,0.5941338854382332,15,44,61,0,
0.556,False,False,0.5714285714285714,0.8913043478260869,0.3333333333333333,0.9682539682539683,0.0,0.5941338854382332,15,44,61,0,
0.557,False,False,0.5714285714285714,0.8913043478260869,0.3333333333333333,0.9682539682539683,0.0,0.5941338854382332,15,44,61,0,
0.558,False,False,0.5714285714285714,0.8913043478260869,0.3333333333333333,0.9682539682539683,0.0,0.5941338854382332,15,44,61,0,
0.559,False,False,0.5714285714285714,0.8913043478260869,0.3333333333333333,0.9682539682539683,0.0,0.5941338854382332,15,44,61,0,
0.56,False,False,0.5714285714285714,0.8913043478260869,0.3333333333333333,0.9682539682539683,0.0,0.5941338854382332,15,44,61,0,
0.561,False,False,0.5714285714285714,0.8913043478260869,0.3333333333333333,0.9682539682539683,0.0,0.5941338854382332,15,44,61,0,
0.562,False,False,0.5714285714285714,0.8913043478260869,0.3333333333333333,0.9682539682539683,0.0,0.5941338854382332,15,44,61,0,
0.563,False,False,0.5714285714285714,0.8913043478260869,0.3333333333333333,0.9682539682539683,0.0,0.5941338854382332,15,44,61,0,
0.564,False,False,0.5714285714285714,0.8913043478260869,0.3333333333333333,0.9682539682539683,0.0,0.5941338854382332,15,44,61,0,
0.565,False,False,0.5714285714285714,0.8913043478260869,0.3333333333333333,0.9682539682539683,0.0,0.5941338854382332,15,44,61,0,
0.566,False,False,0.5714285714285714,0.8913043478260869,0.3333333333333333,0.9682539682539683,0.0,0.5941338854382332,15,44,61,0,
0.567,False,False,0.5714285714285714,0.8913043478260869,0.3333333333333333,0.9682539682539683,0.0,0.5941338854382332,15,44,61,0,
0.568,False,False,0.5714285714285714,0.8913043478260869,0.3333333333333333,0.9682539682539683,0.0,0.5941338854382332,15,44,61,0,
0.569,False,False,0.5714285714285714,0.8913043478260869,0.3333333333333333,0.9682539682539683,0.0,0.5941338854382332,15,44,61,0,
0.57,False,False,0.5714285714285714,0.8913043478260869,0.3333333333333333,0.9682539682539683,0.0,0.5941338854382332,15,44,61,0,
0.571,False,False,0.5714285714285714,0.8913043478260869,0.3333333333333333,0.9682539682539683,0.0,0.5941338854382332,15,44,61,0,
0.572,False,False,0.5714285714285714,0.8913043478260869,0.3333333333333333,0.9682539682539683,0.0,0.5941338854382332,15,44,61,0,
0.573,False,False,0.5714285714285714,0.8913043478260869,0.3333333333333333,0.9682539682539683,0.0,0.5941338854382332,15,44,61,0,
0.574,False,False,0.5714285714285714,0.8913043478260869,0.3333333333333333,0.9682539682539683,0.0,0.5941338854382332,15,44,61,0,
0.575,False,False,0.5714285714285714,0.8913043478260869,0.3333333333333333,0.9682539682539683,0.0,0.5941338854382332,15,44,61,0,
0.576,False,False,0.5714285714285714,0.8913043478260869,0.3333333333333333,0.9682539682539683,0.0,0.5941338854382332,15,44,61,0,
0.577,False,False,0.5714285714285714,0.8913043478260869,0.3333333333333333,0.9682539682539683,0.0,0.5941338854382332,15,44,61,0,
0.578,False,False,0.5714285714285714,0.8913043478260869,0.3333333333333333,0.9682539682539683,0.0,0.5941338854382332,15,44,61,0,
0.579,False,False,0.5714285714285714,0.8913043478260869,0.3333333333333333,0.9682539682539683,0.0,0.5941338854382332,15,44,61,0,
0.58,False,False,0.5714285714285714,0.8913043478260869,0.3333333333333333,0.9682539682539683,0.0,0.5941338854382332,15,44,61,0,
0.581,False,False,0.5714285714285714,0.8913043478260869,0.3333333333333333,0.9682539682539683,0.0,0.5941338854382332,15,44,61,0,
0.582,False,False,0.5714285714285714,0.8913043478260869,0.3333333333333333,0.9682539682539683,0.0,0.5941338854382332,15,44,61,0,
0.583,False,False,0.5714285714285714,0.8913043478260869,0.3333333333333333,0.9682539682539683,0.0,0.5941338854382332,15,44,61,0,
0.584,False,False,0.5714285714285714,0.8913043478260869,0.3333333333333333,0.9682539682539683,0.0,0.5941338854382332,15,44,61,0,
0.585,False,False,0.5714285714285714,0.8913043478260869,0.3333333333333333,0.9682539682539683,0.0,0.5941338854382332,15,44,61,0,
0.586,False,False,0.5714285714285714,0.8913043478260869,0.3333333333333333,0.9682539682539683,0.0,0.5941338854382332,15,44,61,0,
0.587,False,False,0.5714285714285714,0.8913043478260869,0.3333333333333333,0.9682539682539683,0.0,0.5941338854382332,15,44,61,0,
0.588,False,False,0.5714285714285714,0.8913043478260869,0.3333333333333333,0.9682539682539683,0.0,0.5941338854382332,15,44,61,0,
0.589,False,False,0.5714285714285714,0.8913043478260869,0.3333333333333333,0.9682539682539683,0.0,0.5941338854382332,15,44,61,0,
0.59,False,False,0.5714285714285714,0.8913043478260869,0.3333333333333333,0.9682539682539683,0.0,0.5941338854382332,15,44,61,0,
0.591,False,False,0.5714285714285714,0.8913043478260869,0.3333333333333333,0.9682539682539683,0.0,0.5941338854382332,15,44,61,0,
0.592,False,False,0.5714285714285714,0.8913043478260869,0.3333333333333333,0.9682539682539683,0.0,0.5941338854382332,15,44,61,0,
0.593,False,False,0.5714285714285714,0.8913043478260869,0.3333333333333333,0.9682539682539683,0.0,0.5941338854382332,15,44,61,0,
0.594,False,False,0.5714285714285714,0.8913043478260869,0.3333333333333333,0.9682539682539683,0.0,0.5941338854382332,15,44,61,0,
0.595,False,False,0.5714285714285714,0.8913043478260869,0.3333333333333333,0.9682539682539683,0.0,0.5941338854382332,15,44,61,0,
0.596,False,False,0.5714285714285714,0.8913043478260869,0.3333333333333333,0.9682539682539683,0.0,0.5941338854382332,15,44,61,0,
0.597,False,False,0.5714285714285714,0.8913043478260869,0.3333333333333333,0.9682539682539683,0.0,0.5941338854382332,15,44,61,0,
0.598,False,False,0.5714285714285714,0.8913043478260869,0.3333333333333333,0.9682539682539683,0.0,0.5941338854382332,15,44,61,0,
0.599,False,False,0.5714285714285714,0.8913043478260869,0.3333333333333333,0.9682539682539683,0.0,0.5941338854382332,15,44,61,0,
0.6,False,False,0.5714285714285714,0.9318181818181818,0.3333333333333333,0.9365079365079365,0.0,0.5990620490620491,15,42,59,0,
0.601,False,False,0.5714285714285714,0.9318181818181818,0.3333333333333333,0.9365079365079365,0.0,0.5990620490620491,15,42,59,0,
0.602,False,False,0.5714285714285714,0.9318181818181818,0.3333333333333333,0.9365079365079365,0.0,0.5990620490620491,15,42,59,0,
0.603,False,False,0.5714285714285714,0.9318181818181818,0.3333333333333333,0.9365079365079365,0.0,0.5990620490620491,15,42,59,0,
0.604,False,False,0.5714285714285714,0.9318181818181818,0.3333333333333333,0.9365079365079365,0.0,0.5990620490620491,15,42,59,0,
0.605,False,False,0.5714285714285714,0.9318181818181818,0.3333333333333333,0.9365079365079365,0.0,0.5990620490620491,15,42,59,0,
0.606,False,False,0.5714285714285714,0.9318181818181818,0.3333333333333333,0.9365079365079365,0.0,0.5990620490620491,15,42,59,0,
0.607,False,False,0.5714285714285714,0.9318181818181818,0.3333333333333333,0.9365079365079365,0.0,0.5990620490620491,15,42,59,0,
0.608,False,False,0.5714285714285714,0.9318181818181818,0.3333333333333333,0.9365079365079365,0.0,0.5990620490620491,15,42,59,0,
0.609,False,False,0.5714285714285714,0.9318181818181818,0.3333333333333333,0.9365079365079365,0.0,0.5990620490620491,15,42,59,0,
0.61,False,False,0.5714285714285714,0.9318181818181818,0.3333333333333333,0.9365079365079365,0.0,0.5990620490620491,15,42,59,0,
0.611,False,False,0.5714285714285714,0.9318181818181818,0.3333333333333333,0.9365079365079365,0.0,0.5990620490620491,15,42,59,0,
0.612,False,False,0.5714285714285714,0.9318181818181818,0.3333333333333333,0.9365079365079365,0.0,0.5990620490620491,15,42,59,0,
0.613,False,False,0.5714285714285714,0.9318181818181818,0.3333333333333333,0.9365079365079365,0.0,0.5990620490620491,15,42,59,0,
0.614,False,False,0.5714285714285714,0.9318181818181818,0.3333333333333333,0.9365079365079365,0.0,0.5990620490620491,15,42,59,0,
0.615,False,False,0.5714285714285714,0.9318181818181818,0.3333333333333333,0.9365079365079365,0.0,0.5990620490620491,15,42,59,0,
0.616,False,False,0.5714285714285714,0.9318181818181818,0.3333333333333333,0.9365079365079365,0.0,0.5990620490620491,15,42,59,0,
0.617,False,False,0.5714285714285714,0.9318181818181818,0.3333333333333333,0.9365079365079365,0.0,0.5990620490620491,15,42,59,0,
0.618,False,False,0.5714285714285714,0.9318181818181818,0.3333333333333333,0.9365079365079365,0.0,0.5990620490620491,15,42,59,0,
0.619,False,False,0.5714285714285714,0.9318181818181818,0.3333333333333333,0.9365079365079365,0.0,0.5990620490620491,15,42,59,0,
0.62,False,False,0.5714285714285714,0.9318181818181818,0.3333333333333333,0.9365079365079365,0.0,0.5990620490620491,15,42,59,0,
0.621,False,False,0.5714285714285714,0.9318181818181818,0.3333333333333333,0.9365079365079365,0.0,0.5990620490620491,15,42,59,0,
0.622,False,False,0.5714285714285714,0.9318181818181818,0.3333333333333333,0.9365079365079365,0.0,0.5990620490620491,15,42,59,0,
0.623,False,False,0.5714285714285714,0.9318181818181818,0.3333333333333333,0.9365079365079365,0.0,0.5990620490620491,15,42,59,0,
0.624,False,False,0.5714285714285714,0.9318181818181818,0.3333333333333333,0.9365079365079365,0.0,0.5990620490620491,15,42,59,0,
0.625,False,False,0.5714285714285714,0.9318181818181818,0.3333333333333333,0.9365079365079365,0.0,0.5990620490620491,15,42,59,0,
0.626,False,False,0.5714285714285714,0.9318181818181818,0.3333333333333333,0.9365079365079365,0.0,0.5990620490620491,15,42,59,0,
0.627,False,False,0.5714285714285714,0.9318181818181818,0.3333333333333333,0.9365079365079365,0.0,0.5990620490620491,15,42,59,0,
0.628,False,False,0.5714285714285714,0.9318181818181818,0.3333333333333333,0.9365079365079365,0.0,0.5990620490620491,15,42,59,0,
0.629,False,False,0.5714285714285714,0.9318181818181818,0.3333333333333333,0.9365079365079365,0.0,0.5990620490620491,15,42,59,0,
0.63,False,False,0.5714285714285714,0.9318181818181818,0.3333333333333333,0.9365079365079365,0.0,0.5990620490620491,15,42,59,0,
0.631,False,False,0.5714285714285714,0.9318181818181818,0.3333333333333333,0.9365079365079365,0.0,0.5990620490620491,15,42,59,0,
0.632,False,False,0.5714285714285714,0.9318181818181818,0.3333333333333333,0.9365079365079365,0.0,0.5990620490620491,15,42,59,0,
0.633,False,False,0.5714285714285714,0.9318181818181818,0.3333333333333333,0.9365079365079365,0.0,0.5990620490620491,15,42,59,0,
0.634,False,False,0.5714285714285714,0.9318181818181818,0.3333333333333333,0.9365079365079365,0.0,0.5990620490620491,15,42,59,0,
0.635,False,False,0.5714285714285714,0.9318181818181818,0.3333333333333333,0.9365079365079365,0.0,0.5990620490620491,15,42,59,0,
0.636,False,False,0.5714285714285714,0.9318181818181818,0.3333333333333333,0.9365079365079365,0.0,0.5990620490620491,15,42,59,0,
0.637,False,False,0.5714285714285714,0.9318181818181818,0.3333333333333333,0.9365079365079365,0.0,0.5990620490620491,15,42,59,0,
0.638,False,False,0.5714285714285714,0.9318181818181818,0.3333333333333333,0.9365079365079365,0.0,0.5990620490620491,15,42,59,0,
0.639,False,False,0.5714285714285714,0.9318181818181818,0.3333333333333333,0.9365079365079365,0.0,0.5990620490620491,15,42,59,0,
0.64,False,False,0.5714285714285714,0.9318181818181818,0.3333333333333333,0.9365079365079365,0.0,0.5990620490620491,15,42,59,0,
0.641,False,False,0.5714285714285714,0.9318181818181818,0.3333333333333333,0.9365079365079365,0.0,0.5990620490620491,15,42,59,0,
0.642,False,False,0.5714285714285714,0.9318181818181818,0.3333333333333333,0.9365079365079365,0.0,0.5990620490620491,15,42,59,0,
0.643,False,False,0.5714285714285714,0.9318181818181818,0.3333333333333333,0.9365079365079365,0.0,0.5990620490620491,15,42,59,0,
0.644,False,False,0.5714285714285714,0.9318181818181818,0.3333333333333333,0.9365079365079365,0.0,0.5990620490620491,15,42,59,0,
0.645,False,False,0.5714285714285714,0.9318181818181818,0.3333333333333333,0.9365079365079365,0.0,0.5990620490620491,15,42,59,0,
0.646,False,False,0.5714285714285714,0.9318181818181818,0.3333333333333333,0.9365079365079365,0.0,0.5990620490620491,15,42,59,0,
0.647,False,False,0.5714285714285714,0.9318181818181818,0.3333333333333333,0.9365079365079365,0.0,0.5990620490620491,15,42,59,0,
0.648,False,False,0.5714285714285714,0.9318181818181818,0.3333333333333333,0.9365079365079365,0.0,0.5990620490620491,15,42,59,0,
0.649,False,False,0.5714285714285714,0.9318181818181818,0.3333333333333333,0.9365079365079365,0.0,0.5990620490620491,15,42,59,0,
0.65,False,False,0.5714285714285714,0.9318181818181818,0.3333333333333333,0.9365079365079365,0.0,0.5990620490620491,15,42,59,0,
0.651,False,False,0.5714285714285714,0.9318181818181818,0.3333333333333333,0.9365079365079365,0.0,0.5990620490620491,15,42,59,0,
0.652,False,False,0.5714285714285714,0.9318181818181818,0.3333333333333333,0.9365079365079365,0.0,0.5990620490620491,15,42,59,0,
0.653,False,False,0.5714285714285714,0.9318181818181818,0.3333333333333333,0.9365079365079365,0.0,0.5990620490620491,15,42,59,0,
0.654,False,False,0.5714285714285714,0.9318181818181818,0.3333333333333333,0.9365079365079365,0.0,0.5990620490620491,15,42,59,0,
0.655,False,False,0.5714285714285714,0.9318181818181818,0.3333333333333333,0.9365079365079365,0.0,0.5990620490620491,15,42,59,0,
0.656,False,False,0.5714285714285714,0.9318181818181818,0.3333333333333333,0.9365079365079365,0.0,0.5990620490620491,15,42,59,0,
0.657,False,False,0.5714285714285714,0.9318181818181818,0.3333333333333333,0.9365079365079365,0.0,0.5990620490620491,15,42,59,0,
0.658,False,False,0.5714285714285714,0.9318181818181818,0.3333333333333333,0.9365079365079365,0.0,0.5990620490620491,15,42,59,0,
0.659,False,False,0.5714285714285714,0.9318181818181818,0.3333333333333333,0.9365079365079365,0.0,0.5990620490620491,15,42,59,0,
0.66,False,False,0.5714285714285714,0.9318181818181818,0.3333333333333333,0.9365079365079365,0.0,0.5990620490620491,15,42,59,0,
0.661,False,False,0.5714285714285714,0.9318181818181818,0.3333333333333333,0.9365079365079365,0.0,0.5990620490620491,15,42,59,0,
0.662,False,False,0.5714285714285714,0.9318181818181818,0.3333333333333333,0.9365079365079365,0.0,0.5990620490620491,15,42,59,0,
0.663,False,False,0.5714285714285714,0.9318181818181818,0.3333333333333333,0.9365079365079365,0.0,0.5990620490620491,15,42,59,0,
0.664,False,False,0.5714285714285714,0.9318181818181818,0.3333333333333333,0.9365079365079365,0.0,0.5990620490620491,15,42,59,0,
0.665,False,False,0.5714285714285714,0.9318181818181818,0.3333333333333333,0.9365079365079365,0.0,0.5990620490620491,15,42,59,0,
0.666,False,False,0.5714285714285714,0.9318181818181818,0.3333333333333333,0.9365079365079365,0.0,0.5990620490620491,15,42,59,0,
0.667,False,False,0.5714285714285714,0.9318181818181818,0.3333333333333333,0.9365079365079365,0.0,0.5990620490620491,15,42,59,0,
0.668,False,False,0.5714285714285714,0.9318181818181818,0.3333333333333333,0.9365079365079365,0.0,0.5990620490620491,15,42,59,0,
0.669,False,False,0.5714285714285714,0.9318181818181818,0.3333333333333333,0.9365079365079365,0.0,0.5990620490620491,15,42,59,0,
0.67,False,False,0.5714285714285714,0.9318181818181818,0.3333333333333333,0.9365079365079365,0.0,0.5990620490620491,15,42,59,0,
0.671,False,False,0.5714285714285714,0.9318181818181818,0.3333333333333333,0.9365079365079365,0.0,0.5990620490620491,15,42,59,0,
0.672,False,False,0.5714285714285714,0.9318181818181818,0.3333333333333333,0.9365079365079365,0.0,0.5990620490620491,15,42,59,0,
0.673,False,False,0.5714285714285714,0.9318181818181818,0.3333333333333333,0.9365079365079365,0.0,0.5990620490620491,15,42,59,0,
0.674,False,False,0.5714285714285714,0.9318181818181818,0.3333333333333333,0.9365079365079365,0.0,0.5990620490620491,15,42,59,0,
0.675,False,False,0.5714285714285714,0.9318181818181818,0.3333333333333333,0.9365079365079365,0.0,0.5990620490620491,15,42,59,0,
0.676,False,False,0.5714285714285714,0.9318181818181818,0.3333333333333333,0.9365079365079365,0.0,0.5990620490620491,15,42,59,0,
0.677,False,False,0.5714285714285714,0.9318181818181818,0.3333333333333333,0.9365079365079365,0.0,0.5990620490620491,15,42,59,0,
0.678,False,False,0.5714285714285714,0.9318181818181818,0.3333333333333333,0.9365079365079365,0.0,0.5990620490620491,15,42,59,0,
0.679,False,False,0.5714285714285714,0.9318181818181818,0.3333333333333333,0.9365079365079365,0.0,0.5990620490620491,15,42,59,0,
0.68,False,False,0.5714285714285714,0.9318181818181818,0.3333333333333333,0.9365079365079365,0.0,0.5990620490620491,15,42,59,0,
0.681,False,False,0.5714285714285714,0.9318181818181818,0.3333333333333333,0.9365079365079365,0.0,0.5990620490620491,15,42,59,0,
0.682,False,False,0.5714285714285714,0.9318181818181818,0.3333333333333333,0.9365079365079365,0.0,0.5990620490620491,15,42,59,0,
0.683,False,False,0.5714285714285714,0.9318181818181818,0.3333333333333333,0.9365079365079365,0.0,0.5990620490620491,15,42,59,0,
0.684,False,False,0.5714285714285714,0.9318181818181818,0.3333333333333333,0.9365079365079365,0.0,0.5990620490620491,15,42,59,0,
0.685,False,False,0.5714285714285714,0.9318181818181818,0.3333333333333333,0.9365079365079365,0.0,0.5990620490620491,15,42,59,0,
0.686,False,False,0.5714285714285714,0.9318181818181818,0.3333333333333333,0.9365079365079365,0.0,0.5990620490620491,15,42,59,0,
0.687,False,False,0.5714285714285714,0.9318181818181818,0.3333333333333333,0.9365079365079365,0.0,0.5990620490620491,15,42,59,0,
0.688,False,False,0.5714285714285714,0.9318181818181818,0.3333333333333333,0.9365079365079365,0.0,0.5990620490620491,15,42,59,0,
0.689,False,False,0.5714285714285714,0.9318181818181818,0.3333333333333333,0.9365079365079365,0.0,0.5990620490620491,15,42,59,0,
0.69,False,False,0.5714285714285714,0.9318181818181818,0.3333333333333333,0.9365079365079365,0.0,0.5990620490620491,15,42,59,0,
0.691,False,False,0.5714285714285714,0.9318181818181818,0.3333333333333333,0.9365079365079365,0.0,0.5990620490620491,15,42,59,0,
0.692,False,False,0.5714285714285714,0.9318181818181818,0.3333333333333333,0.9365079365079365,0.0,0.5990620490620491,15,42,59,0,
0.693,False,False,0.5714285714285714,0.9318181818181818,0.3333333333333333,0.9365079365079365,0.0,0.5990620490620491,15,42,59,0,
0.694,False,False,0.5714285714285714,0.9318181818181818,0.3333333333333333,0.9365079365079365,0.0,0.5990620490620491,15,42,59,0,
0.695,False,False,0.5714285714285714,0.9318181818181818,0.3333333333333333,0.9365079365079365,0.0,0.5990620490620491,15,42,59,0,
0.696,False,False,0.5714285714285714,0.9318181818181818,0.3333333333333333,0.9365079365079365,0.0,0.5990620490620491,15,42,59,0,
0.697,False,False,0.5714285714285714,0.9318181818181818,0.3333333333333333,0.9365079365079365,0.0,0.5990620490620491,15,42,59,0,
0.698,False,False,0.5714285714285714,0.9318181818181818,0.3333333333333333,0.9365079365079365,0.0,0.5990620490620491,15,42,59,0,
0.699,False,False,0.5714285714285714,0.9318181818181818,0.3333333333333333,0.9365079365079365,0.0,0.5990620490620491,15,42,59,0,
0.7,False,False,0.5714285714285714,0.9318181818181818,0.3333333333333333,0.9365079365079365,0.0,0.5990620490620491,15,42,59,0,
0.701,False,False,0.5714285714285714,0.9318181818181818,0.3333333333333333,0.9365079365079365,0.0,0.5990620490620491,15,42,59,0,
0.702,False,False,0.5714285714285714,0.9318181818181818,0.3333333333333333,0.9365079365079365,0.0,0.5990620490620491,15,42,59,0,
0.703,False,False,0.5714285714285714,0.9318181818181818,0.3333333333333333,0.9365079365079365,0.0,0.5990620490620491,15,42,59,0,
0.704,False,False,0.5714285714285714,0.9318181818181818,0.3333333333333333,0.9365079365079365,0.0,0.5990620490620491,15,42,59,0,
0.705,False,False,0.5714285714285714,0.9318181818181818,0.3333333333333333,0.9365079365079365,0.0,0.5990620490620491,15,42,59,0,
0.706,False,False,0.5714285714285714,0.9318181818181818,0.3333333333333333,0.9365079365079365,0.0,0.5990620490620491,15,42,59,0,
0.707,False,False,0.5714285714285714,0.9318181818181818,0.3333333333333333,0.9365079365079365,0.0,0.5990620490620491,15,42,59,0,
0.708,False,False,0.5714285714285714,0.9318181818181818,0.3333333333333333,0.9365079365079365,0.0,0.5990620490620491,15,42,59,0,
0.709,False,False,0.5714285714285714,0.9318181818181818,0.3333333333333333,0.9365079365079365,0.0,0.5990620490620491,15,42,59,0,
0.71,False,False,0.5714285714285714,0.9318181818181818,0.3333333333333333,0.9365079365079365,0.0,0.5990620490620491,15,42,59,0,
0.711,False,False,0.5714285714285714,0.9318181818181818,0.3333333333333333,0.9365079365079365,0.0,0.5990620490620491,15,42,59,0,
0.712,False,False,0.5714285714285714,0.9318181818181818,0.3333333333333333,0.9365079365079365,0.0,0.5990620490620491,15,42,59,0,
0.713,False,False,0.5714285714285714,0.9318181818181818,0.3333333333333333,0.9365079365079365,0.0,0.5990620490620491,15,42,59,0,
0.714,False,False,0.5714285714285714,0.9318181818181818,0.3333333333333333,0.9365079365079365,0.0,0.5990620490620491,15,42,59,0,
0.715,False,False,0.5714285714285714,0.9318181818181818,0.3333333333333333,0.9365079365079365,0.0,0.5990620490620491,15,42,59,0,
0.716,False,False,0.5714285714285714,0.9318181818181818,0.3333333333333333,0.9365079365079365,0.0,0.5990620490620491,15,42,59,0,
0.717,False,False,0.5714285714285714,0.9318181818181818,0.3333333333333333,0.9365079365079365,0.0,0.5990620490620491,15,42,59,0,
0.718,False,False,0.5714285714285714,0.9318181818181818,0.3333333333333333,0.9365079365079365,0.0,0.5990620490620491,15,42,59,0,
0.719,False,False,0.5714285714285714,0.9318181818181818,0.3333333333333333,0.9365079365079365,0.0,0.5990620490620491,15,42,59,0,
0.72,False,False,0.5714285714285714,0.9318181818181818,0.3333333333333333,0.9365079365079365,0.0,0.5990620490620491,15,42,59,0,
0.721,False,False,0.5714285714285714,0.9318181818181818,0.3333333333333333,0.9365079365079365,0.0,0.5990620490620491,15,42,59,0,
0.722,False,False,0.5714285714285714,0.9318181818181818,0.3333333333333333,0.9365079365079365,0.0,0.5990620490620491,15,42,59,0,
0.723,False,False,0.5714285714285714,0.9318181818181818,0.3333333333333333,0.9365079365079365,0.0,0.5990620490620491,15,42,59,0,
0.724,False,False,0.5714285714285714,0.9318181818181818,0.3333333333333333,0.9365079365079365,0.0,0.5990620490620491,15,42,59,0,
0.725,False,False,0.5714285714285714,0.9318181818181818,0.3333333333333333,0.9365079365079365,0.0,0.5990620490620491,15,42,59,0,
0.726,False,False,0.5714285714285714,0.9318181818181818,0.3333333333333333,0.9365079365079365,0.0,0.5990620490620491,15,42,59,0,
0.727,False,False,0.5714285714285714,0.9318181818181818,0.3333333333333333,0.9365079365079365,0.0,0.5990620490620491,15,42,59,0,
0.728,False,False,0.5714285714285714,0.9318181818181818,0.3333333333333333,0.9365079365079365,0.0,0.5990620490620491,15,42,59,0,
0.729,False,False,0.5714285714285714,0.9318181818181818,0.3333333333333333,0.9365079365079365,0.0,0.5990620490620491,15,42,59,0,
0.73,False,False,0.5714285714285714,0.9318181818181818,0.3333333333333333,0.9365079365079365,0.0,0.5990620490620491,15,42,59,0,
0.731,False,False,0.5714285714285714,0.9318181818181818,0.3333333333333333,0.9365079365079365,0.0,0.5990620490620491,15,42,59,0,
0.732,False,False,0.5714285714285714,0.9318181818181818,0.3333333333333333,0.9365079365079365,0.0,0.5990620490620491,15,42,59,0,
0.733,False,False,0.5714285714285714,0.9318181818181818,0.3333333333333333,0.9365079365079365,0.0,0.5990620490620491,15,42,59,0,
0.734,False,False,0.5714285714285714,0.9318181818181818,0.3333333333333333,0.9365079365079365,0.0,0.5990620490620491,15,42,59,0,
0.735,False,False,0.5714285714285714,0.9318181818181818,0.3333333333333333,0.9365079365079365,0.0,0.5990620490620491,15,42,59,0,
0.736,False,False,0.5714285714285714,0.9318181818181818,0.3333333333333333,0.9365079365079365,0.0,0.5990620490620491,15,42,59,0,
0.737,False,False,0.5714285714285714,0.9318181818181818,0.3333333333333333,0.9365079365079365,0.0,0.5990620490620491,15,42,59,0,
0.738,False,False,0.5714285714285714,0.9318181818181818,0.3333333333333333,0.9365079365079365,0.0,0.5990620490620491,15,42,59,0,
0.739,False,False,0.5714285714285714,0.9318181818181818,0.3333333333333333,0.9365079365079365,0.0,0.5990620490620491,15,42,59,0,
0.74,False,False,0.5714285714285714,0.9318181818181818,0.3333333333333333,0.9365079365079365,0.0,0.5990620490620491,15,42,59,0,
0.741,False,False,0.5714285714285714,0.9318181818181818,0.3333333333333333,0.9365079365079365,0.0,0.5990620490620491,15,42,59,0,
0.742,False,False,0.5714285714285714,0.9318181818181818,0.3333333333333333,0.9365079365079365,0.0,0.5990620490620491,15,42,59,0,
0.743,False,False,0.5714285714285714,0.9318181818181818,0.3333333333333333,0.9365079365079365,0.0,0.5990620490620491,15,42,59,0,
0.744,False,False,0.5714285714285714,0.9318181818181818,0.3333333333333333,0.9365079365079365,0.0,0.5990620490620491,15,42,59,0,
0.745,False,False,0.5714285714285714,0.9318181818181818,0.3333333333333333,0.9365079365079365,0.0,0.5990620490620491,15,42,59,0,
0.746,False,False,0.5714285714285714,0.9318181818181818,0.3333333333333333,0.9365079365079365,0.0,0.5990620490620491,15,42,59,0,
0.747,False,False,0.5714285714285714,0.9318181818181818,0.3333333333333333,0.9365079365079365,0.0,0.5990620490620491,15,42,59,0,
0.748,False,False,0.5714285714285714,0.9318181818181818,0.3333333333333333,0.9365079365079365,0.0,0.5990620490620491,15,42,59,0,
0.749,False,False,0.5714285714285714,0.9318181818181818,0.3333333333333333,0.9365079365079365,0.0,0.5990620490620491,15,42,59,0,
0.75,False,False,0.5714285714285714,0.9318181818181818,0.3333333333333333,0.9365079365079365,0.0,0.5990620490620491,15,42,59,0,
0.751,False,False,0.5714285714285714,0.9318181818181818,0.3333333333333333,0.9365079365079365,0.0,0.5990620490620491,15,42,59,0,
0.752,False,False,0.5714285714285714,0.9318181818181818,0.3333333333333333,0.9365079365079365,0.0,0.5990620490620491,15,42,59,0,
0.753,False,False,0.5714285714285714,0.9318181818181818,0.3333333333333333,0.9365079365079365,0.0,0.5990620490620491,15,42,59,0,
0.754,False,False,0.5714285714285714,0.9318181818181818,0.3333333333333333,0.9365079365079365,0.0,0.5990620490620491,15,42,59,0,
0.755,False,False,0.5714285714285714,0.9318181818181818,0.3333333333333333,0.9365079365079365,0.0,0.5990620490620491,15,42,59,0,
0.756,False,False,0.5714285714285714,0.9318181818181818,0.3333333333333333,0.9365079365079365,0.0,0.5990620490620491,15,42,59,0,
0.757,False,False,0.5714285714285714,0.9318181818181818,0.3333333333333333,0.9365079365079365,0.0,0.5990620490620491,15,42,59,0,
0.758,False,False,0.5714285714285714,0.9318181818181818,0.3333333333333333,0.9365079365079365,0.0,0.5990620490620491,15,42,59,0,
0.759,False,False,0.5714285714285714,0.9318181818181818,0.3333333333333333,0.9365079365079365,0.0,0.5990620490620491,15,42,59,0,
0.76,False,False,0.5714285714285714,0.9318181818181818,0.3333333333333333,0.9365079365079365,0.0,0.5990620490620491,15,42,59,0,
0.761,False,False,0.5714285714285714,0.9318181818181818,0.3333333333333333,0.9365079365079365,0.0,0.5990620490620491,15,42,59,0,
0.762,False,False,0.5714285714285714,0.9318181818181818,0.3333333333333333,0.9365079365079365,0.0,0.5990620490620491,15,42,59,0,
0.763,False,False,0.5714285714285714,0.9318181818181818,0.3333333333333333,0.9365079365079365,0.0,0.5990620490620491,15,42,59,0,
0.764,False,False,0.5714285714285714,0.9318181818181818,0.3333333333333333,0.9365079365079365,0.0,0.5990620490620491,15,42,59,0,
0.765,False,False,0.5714285714285714,0.9318181818181818,0.3333333333333333,0.9365079365079365,0.0,0.5990620490620491,15,42,59,0,
0.766,False,False,0.5714285714285714,0.9318181818181818,0.3333333333333333,0.9365079365079365,0.0,0.5990620490620491,15,42,59,0,
0.767,False,False,0.5714285714285714,0.9318181818181818,0.3333333333333333,0.9365079365079365,0.0,0.5990620490620491,15,42,59,0,
0.768,False,False,0.5714285714285714,0.9318181818181818,0.3333333333333333,0.9365079365079365,0.0,0.5990620490620491,15,42,59,0,
0.769,False,False,0.5714285714285714,0.9318181818181818,0.3333333333333333,0.9365079365079365,0.0,0.5990620490620491,15,42,59,0,
0.77,False,False,0.5714285714285714,0.9318181818181818,0.3333333333333333,0.9365079365079365,0.0,0.5990620490620491,15,42,59,0,
0.771,False,False,0.5714285714285714,0.9318181818181818,0.3333333333333333,0.9365079365079365,0.0,0.5990620490620491,15,42,59,0,
0.772,False,False,0.5714285714285714,0.9318181818181818,0.3333333333333333,0.9365079365079365,0.0,0.5990620490620491,15,42,59,0,
0.773,False,False,0.5714285714285714,0.9318181818181818,0.3333333333333333,0.9365079365079365,0.0,0.5990620490620491,15,42,59,0,
0.774,False,False,0.5714285714285714,0.9318181818181818,0.3333333333333333,0.9365079365079365,0.0,0.5990620490620491,15,42,59,0,
0.775,False,False,0.5714285714285714,0.9318181818181818,0.3333333333333333,0.9365079365079365,0.0,0.5990620490620491,15,42,59,0,
0.776,False,False,0.5714285714285714,0.9318181818181818,0.3333333333333333,0.9365079365079365,0.0,0.5990620490620491,15,42,59,0,
0.777,False,False,0.5714285714285714,0.9318181818181818,0.3333333333333333,0.9365079365079365,0.0,0.5990620490620491,15,42,59,0,
0.778,False,False,0.5714285714285714,0.9318181818181818,0.3333333333333333,0.9365079365079365,0.0,0.5990620490620491,15,42,59,0,
0.779,False,False,0.5714285714285714,0.9318181818181818,0.3333333333333333,0.9365079365079365,0.0,0.5990620490620491,15,42,59,0,
0.78,False,False,0.5714285714285714,0.9318181818181818,0.3333333333333333,0.9365079365079365,0.0,0.5990620490620491,15,42,59,0,
0.781,False,False,0.5714285714285714,0.9318181818181818,0.3333333333333333,0.9365079365079365,0.0,0.5990620490620491,15,42,59,0,
0.782,False,False,0.5714285714285714,0.9318181818181818,0.3333333333333333,0.9365079365079365,0.0,0.5990620490620491,15,42,59,0,
0.783,False,False,0.5714285714285714,0.9318181818181818,0.3333333333333333,0.9365079365079365,0.0,0.5990620490620491,15,42,59,0,
0.784,False,False,0.5714285714285714,0.9318181818181818,0.3333333333333333,0.9365079365079365,0.0,0.5990620490620491,15,42,59,0,
0.785,False,False,0.5714285714285714,0.9318181818181818,0.3333333333333333,0.9365079365079365,0.0,0.5990620490620491,15,42,59,0,
0.786,False,False,0.5714285714285714,0.9318181818181818,0.3333333333333333,0.9365079365079365,0.0,0.5990620490620491,15,42,59,0,
0.787,False,False,0.5714285714285714,0.9318181818181818,0.3333333333333333,0.9365079365079365,0.0,0.5990620490620491,15,42,59,0,
0.788,False,False,0.5714285714285714,0.9318181818181818,0.3333333333333333,0.9365079365079365,0.0,0.5990620490620491,15,42,59,0,
0.789,False,False,0.5714285714285714,0.9318181818181818,0.3333333333333333,0.9365079365079365,0.0,0.5990620490620491,15,42,59,0,
0.79,False,False,0.5714285714285714,0.9318181818181818,0.3333333333333333,0.9365079365079365,0.0,0.5990620490620491,15,42,59,0,
0.791,False,False,0.5714285714285714,0.9318181818181818,0.3333333333333333,0.9365079365079365,0.0,0.5990620490620491,15,42,59,0,
0.792,False,False,0.5714285714285714,0.9318181818181818,0.3333333333333333,0.9365079365079365,0.0,0.5990620490620491,15,42,59,0,
0.793,False,False,0.5714285714285714,0.9318181818181818,0.3333333333333333,0.9365079365079365,0.0,0.5990620490620491,15,42,59,0,
0.794,False,False,0.5714285714285714,0.9318181818181818,0.3333333333333333,0.9365079365079365,0.0,0.5990620490620491,15,42,59,0,
0.795,False,False,0.5714285714285714,0.9318181818181818,0.3333333333333333,0.9365079365079365,0.0,0.5990620490620491,15,42,59,0,
0.796,False,False,0.5714285714285714,0.9318181818181818,0.3333333333333333,0.9365079365079365,0.0,0.5990620490620491,15,42,59,0,
0.797,False,False,0.5714285714285714,0.9318181818181818,0.3333333333333333,0.9365079365079365,0.0,0.5990620490620491,15,42,59,0,
0.798,False,False,0.5714285714285714,0.9318181818181818,0.3333333333333333,0.9365079365079365,0.0,0.5990620490620491,15,42,59,0,
0.799,False,False,0.5714285714285714,0.9318181818181818,0.3333333333333333,0.9365079365079365,0.0,0.5990620490620491,15,42,59,0,
0.8,False,False,0.5714285714285714,0.9318181818181818,0.3333333333333333,0.9365079365079365,0.0,0.5990620490620491,15,42,59,0,
0.801,False,False,0.5714285714285714,0.9318181818181818,0.3333333333333333,0.9365079365079365,0.0,0.5990620490620491,15,42,59,0,
0.802,False,False,0.5714285714285714,0.9318181818181818,0.3333333333333333,0.9365079365079365,0.0,0.5990620490620491,15,42,59,0,
0.803,False,False,0.5714285714285714,0.9318181818181818,0.3333333333333333,0.9365079365079365,0.0,0.5990620490620491,15,42,59,0,
0.804,False,False,0.5714285714285714,0.9318181818181818,0.3333333333333333,0.9365079365079365,0.0,0.5990620490620491,15,42,59,0,
0.805,False,False,0.5714285714285714,0.9318181818181818,0.3333333333333333,0.9365079365079365,0.0,0.5990620490620491,15,42,59,0,
0.806,False,False,0.5714285714285714,0.9318181818181818,0.3333333333333333,0.9365079365079365,0.0,0.5990620490620491,15,42,59,0,
0.807,False,False,0.5714285714285714,0.9318181818181818,0.3333333333333333,0.9365079365079365,0.0,0.5990620490620491,15,42,59,0,
0.808,False,False,0.5714285714285714,0.9318181818181818,0.3333333333333333,0.9365079365079365,0.0,0.5990620490620491,15,42,59,0,
0.809,False,False,0.5714285714285714,0.9318181818181818,0.3333333333333333,0.9365079365079365,0.0,0.5990620490620491,15,42,59,0,
0.81,False,False,0.5714285714285714,0.9318181818181818,0.3333333333333333,0.9365079365079365,0.0,0.5990620490620491,15,42,59,0,
0.811,False,False,0.5714285714285714,0.9318181818181818,0.3333333333333333,0.9365079365079365,0.0,0.5990620490620491,15,42,59,0,
0.812,False,False,0.5714285714285714,0.9318181818181818,0.3333333333333333,0.9365079365079365,0.0,0.5990620490620491,15,42,59,0,
0.813,False,False,0.5714285714285714,0.9318181818181818,0.3333333333333333,0.9365079365079365,0.0,0.5990620490620491,15,42,59,0,
0.814,False,False,0.5714285714285714,0.9318181818181818,0.3333333333333333,0.9365079365079365,0.0,0.5990620490620491,15,42,59,0,
0.815,False,False,0.5714285714285714,0.9302325581395349,0.3333333333333333,0.9047619047619048,0.0,0.5955703211517165,15,40,57,0,
0.816,False,False,0.5714285714285714,0.9302325581395349,0.3333333333333333,0.9047619047619048,0.0,0.5955703211517165,15,40,57,0,
0.817,False,False,0.5714285714285714,0.9302325581395349,0.3333333333333333,0.9047619047619048,0.0,0.5955703211517165,15,40,57,0,
0.818,False,False,0.5714285714285714,0.9302325581395349,0.3333333333333333,0.9047619047619048,0.0,0.5955703211517165,15,40,57,0,
0.819,False,False,0.5714285714285714,0.9302325581395349,0.3333333333333333,0.9047619047619048,0.0,0.5955703211517165,15,40,57,0,
0.82,False,False,0.5714285714285714,0.9302325581395349,0.3333333333333333,0.9047619047619048,0.0,0.5955703211517165,15,40,57,0,
0.821,False,False,0.5714285714285714,0.9302325581395349,0.3333333333333333,0.9047619047619048,0.0,0.5955703211517165,15,40,57,0,
0.822,False,False,0.5714285714285714,0.9302325581395349,0.3333333333333333,0.9047619047619048,0.0,0.5955703211517165,15,40,57,0,
0.823,False,False,0.5714285714285714,0.9302325581395349,0.3333333333333333,0.9047619047619048,0.0,0.5955703211517165,15,40,57,0,
0.824,False,False,0.5714285714285714,0.9302325581395349,0.3333333333333333,0.9047619047619048,0.0,0.5955703211517165,15,40,57,0,
0.825,False,False,0.5714285714285714,0.9302325581395349,0.3333333333333333,0.9047619047619048,0.0,0.5955703211517165,15,40,57,0,
0.826,False,False,0.5714285714285714,0.9302325581395349,0.3333333333333333,0.9047619047619048,0.0,0.5955703211517165,15,40,57,0,
0.827,False,False,0.5714285714285714,0.9302325581395349,0.3333333333333333,0.9047619047619048,0.0,0.5955703211517165,15,40,57,0,
0.828,False,False,0.5714285714285714,0.9302325581395349,0.3333333333333333,0.9047619047619048,0.0,0.5955703211517165,15,40,57,0,
0.829,False,False,0.5714285714285714,0.9302325581395349,0.3333333333333333,0.9047619047619048,0.0,0.5955703211517165,15,40,57,0,
0.83,False,False,0.5714285714285714,0.9302325581395349,0.3333333333333333,0.9047619047619048,0.0,0.5955703211517165,15,40,57,0,
0.831,False,False,0.5714285714285714,0.9302325581395349,0.3333333333333333,0.9047619047619048,0.0,0.5955703211517165,15,40,57,0,
0.832,False,False,0.5714285714285714,0.9302325581395349,0.3333333333333333,0.9047619047619048,0.0,0.5955703211517165,15,40,57,0,
0.833,False,False,0.5714285714285714,0.9302325581395349,0.3333333333333333,0.9047619047619048,0.0,0.5955703211517165,15,40,57,0,
0.834,False,False,0.5714285714285714,0.9302325581395349,0.3333333333333333,0.9047619047619048,0.0,0.5955703211517165,15,40,57,0,
0.835,False,False,0.5714285714285714,0.9302325581395349,0.3333333333333333,0.9047619047619048,0.0,0.5955703211517165,15,40,57,0,
0.836,False,False,0.5714285714285714,0.9302325581395349,0.3333333333333333,0.9047619047619048,0.0,0.5955703211517165,15,40,57,0,
0.837,False,False,0.5714285714285714,0.9302325581395349,0.3333333333333333,0.9047619047619048,0.0,0.5955703211517165,15,40,57,0,
0.838,False,False,0.5714285714285714,0.9302325581395349,0.3333333333333333,0.9047619047619048,0.0,0.5955703211517165,15,40,57,0,
0.839,False,False,0.5714285714285714,0.9302325581395349,0.3333333333333333,0.9047619047619048,0.0,0.5955703211517165,15,40,57,0,
0.84,False,False,0.5714285714285714,0.9302325581395349,0.3333333333333333,0.9047619047619048,0.0,0.5955703211517165,15,40,57,0,
0.841,False,False,0.5714285714285714,0.9302325581395349,0.3333333333333333,0.9047619047619048,0.0,0.5955703211517165,15,40,57,0,
0.842,False,False,0.5714285714285714,0.9302325581395349,0.3333333333333333,0.9047619047619048,0.0,0.5955703211517165,15,40,57,0,
0.843,False,False,0.5714285714285714,0.9302325581395349,0.3333333333333333,0.9047619047619048,0.0,0.5955703211517165,15,40,57,0,
0.844,False,False,0.5714285714285714,0.9302325581395349,0.3333333333333333,0.9047619047619048,0.0,0.5955703211517165,15,40,57,0,
0.845,False,False,0.5714285714285714,0.9302325581395349,0.3333333333333333,0.9047619047619048,0.0,0.5955703211517165,15,40,57,0,
0.846,False,False,0.5714285714285714,0.9302325581395349,0.3333333333333333,0.9047619047619048,0.0,0.5955703211517165,15,40,57,0,
0.847,False,False,0.5714285714285714,0.9302325581395349,0.3333333333333333,0.9047619047619048,0.0,0.5955703211517165,15,40,57,0,
0.848,False,False,0.5714285714285714,0.9302325581395349,0.3333333333333333,0.9047619047619048,0.0,0.5955703211517165,15,40,57,0,
0.849,False,False,0.5714285714285714,0.9302325581395349,0.3333333333333333,0.9047619047619048,0.0,0.5955703211517165,15,40,57,0,
0.85,False,False,0.5714285714285714,0.9302325581395349,0.3333333333333333,0.9047619047619048,0.0,0.5955703211517165,15,40,57,0,
0.851,False,False,0.5714285714285714,0.9302325581395349,0.3333333333333333,0.9047619047619048,0.0,0.5955703211517165,15,40,57,0,
0.852,False,False,0.5714285714285714,0.9302325581395349,0.3333333333333333,0.9047619047619048,0.0,0.5955703211517165,15,40,57,0,
0.853,False,False,0.5714285714285714,0.9302325581395349,0.3333333333333333,0.9047619047619048,0.0,0.5955703211517165,15,40,57,0,
0.854,False,False,0.5714285714285714,0.9302325581395349,0.3333333333333333,0.9047619047619048,0.0,0.5955703211517165,15,40,57,0,
0.855,False,False,0.5714285714285714,0.9302325581395349,0.3333333333333333,0.9047619047619048,0.0,0.5955703211517165,15,40,57,0,
0.856,False,False,0.5714285714285714,0.9302325581395349,0.3333333333333333,0.9047619047619048,0.0,0.5955703211517165,15,40,57,0,
0.857,False,False,0.5714285714285714,0.9302325581395349,0.3333333333333333,0.9047619047619048,0.0,0.5955703211517165,15,40,57,0,
0.858,False,False,0.5714285714285714,0.9302325581395349,0.3333333333333333,0.9047619047619048,0.0,0.5955703211517165,15,40,57,0,
0.859,False,False,0.5714285714285714,0.9302325581395349,0.3333333333333333,0.9047619047619048,0.0,0.5955703211517165,15,40,57,0,
0.86,False,False,0.5714285714285714,0.9302325581395349,0.3333333333333333,0.9047619047619048,0.0,0.5955703211517165,15,40,57,0,
0.861,False,False,0.5714285714285714,0.9302325581395349,0.3333333333333333,0.9047619047619048,0.0,0.5955703211517165,15,40,57,0,
0.862,False,False,0.5714285714285714,0.9302325581395349,0.3333333333333333,0.9047619047619048,0.0,0.5955703211517165,15,40,57,0,
0.863,False,False,0.5714285714285714,0.9302325581395349,0.3333333333333333,0.9047619047619048,0.0,0.5955703211517165,15,40,57,0,
0.864,False,False,0.5714285714285714,0.9302325581395349,0.3333333333333333,0.9047619047619048,0.0,0.5955703211517165,15,40,57,0,
0.865,False,False,0.5714285714285714,0.9302325581395349,0.3333333333333333,0.9047619047619048,0.0,0.5955703211517165,15,40,57,0,
0.866,False,False,0.5714285714285714,0.9302325581395349,0.3333333333333333,0.9047619047619048,0.0,0.5955703211517165,15,40,57,0,
0.867,False,False,0.5714285714285714,0.9302325581395349,0.3333333333333333,0.9047619047619048,0.0,0.5955703211517165,15,40,57,0,
0.868,False,False,0.5714285714285714,0.9302325581395349,0.3333333333333333,0.9047619047619048,0.0,0.5955703211517165,15,40,57,0,
0.869,False,False,0.5714285714285714,0.9302325581395349,0.3333333333333333,0.9047619047619048,0.0,0.5955703211517165,15,40,57,0,
0.87,False,False,0.5714285714285714,0.9302325581395349,0.3333333333333333,0.9047619047619048,0.0,0.5955703211517165,15,40,57,0,
0.871,False,False,0.5714285714285714,0.9302325581395349,0.3333333333333333,0.9047619047619048,0.0,0.5955703211517165,15,40,57,0,
0.872,False,False,0.5714285714285714,0.9302325581395349,0.3333333333333333,0.9047619047619048,0.0,0.5955703211517165,15,40,57,0,
0.873,False,False,0.5714285714285714,0.9302325581395349,0.3333333333333333,0.9047619047619048,0.0,0.5955703211517165,15,40,57,0,
0.874,False,False,0.5714285714285714,0.9302325581395349,0.3333333333333333,0.9047619047619048,0.0,0.5955703211517165,15,40,57,0,
0.875,False,False,0.5714285714285714,0.9302325581395349,0.3333333333333333,0.9047619047619048,0.0,0.5955703211517165,15,40,57,0,
0.876,False,False,0.5714285714285714,0.9302325581395349,0.3333333333333333,0.9047619047619048,0.0,0.5955703211517165,15,40,57,0,
0.877,False,False,0.5714285714285714,0.9302325581395349,0.3333333333333333,0.9047619047619048,0.0,0.5955703211517165,15,40,57,0,
0.878,False,False,0.5714285714285714,0.9302325581395349,0.3333333333333333,0.9047619047619048,0.0,0.5955703211517165,15,40,57,0,
0.879,False,False,0.5714285714285714,0.9302325581395349,0.3333333333333333,0.9047619047619048,0.0,0.5955703211517165,15,40,57,0,
0.88,False,False,0.5714285714285714,0.9302325581395349,0.3333333333333333,0.9047619047619048,0.0,0.5955703211517165,15,40,57,0,
0.881,False,False,0.5714285714285714,0.9302325581395349,0.3333333333333333,0.9047619047619048,0.0,0.5955703211517165,15,40,57,0,
0.882,False,False,0.5714285714285714,0.9302325581395349,0.3333333333333333,0.9047619047619048,0.0,0.5955703211517165,15,40,57,0,
0.883,False,False,0.5714285714285714,0.9302325581395349,0.3333333333333333,0.9047619047619048,0.0,0.5955703211517165,15,40,57,0,
0.884,False,False,0.5714285714285714,0.9302325581395349,0.3333333333333333,0.9047619047619048,0.0,0.5955703211517165,15,40,57,0,
0.885,False,False,0.5714285714285714,0.9302325581395349,0.3333333333333333,0.9047619047619048,0.0,0.5955703211517165,15,40,57,0,
0.886,False,False,0.5714285714285714,0.9302325581395349,0.3333333333333333,0.9047619047619048,0.0,0.5955703211517165,15,40,57,0,
0.887,False,False,0.5714285714285714,0.9302325581395349,0.3333333333333333,0.9047619047619048,0.0,0.5955703211517165,15,40,57,0,
0.888,False,False,0.5714285714285714,0.9302325581395349,0.3333333333333333,0.9047619047619048,0.0,0.5955703211517165,15,40,57,0,
0.889,False,False,0.5714285714285714,0.9302325581395349,0.3333333333333333,0.9047619047619048,0.0,0.5955703211517165,15,40,57,0,
0.89,False,False,0.5714285714285714,0.9302325581395349,0.3333333333333333,0.9047619047619048,0.0,0.5955703211517165,15,40,57,0,
0.891,False,False,0.5714285714285714,0.9302325581395349,0.3333333333333333,0.9047619047619048,0.0,0.5955703211517165,15,40,57,0,
0.892,False,False,0.5714285714285714,0.9302325581395349,0.3333333333333333,0.9047619047619048,0.0,0.5955703211517165,15,40,57,0,
0.893,False,False,0.5714285714285714,0.9302325581395349,0.3333333333333333,0.9047619047619048,0.0,0.5955703211517165,15,40,57,0,
0.894,False,False,0.5714285714285714,0.9302325581395349,0.3333333333333333,0.9047619047619048,0.0,0.5955703211517165,15,40,57,0,
0.895,False,False,0.5714285714285714,0.9302325581395349,0.3333333333333333,0.9047619047619048,0.0,0.5955703211517165,15,40,57,0,
0.896,False,False,0.5714285714285714,0.9302325581395349,0.3333333333333333,0.9047619047619048,0.0,0.5955703211517165,15,40,57,0,
0.897,False,False,0.5714285714285714,0.9302325581395349,0.3333333333333333,0.9047619047619048,0.0,0.5955703211517165,15,40,57,0,
0.898,False,False,0.5714285714285714,0.8837209302325582,0.3333333333333333,0.873015873015873,0.0,0.583093392395718,15,38,55,0,
0.899,False,False,0.5714285714285714,0.8837209302325582,0.3333333333333333,0.873015873015873,0.0,0.583093392395718,15,38,55,0,
0.9,False,False,0.5714285714285714,0.8837209302325582,0.3333333333333333,0.873015873015873,0.0,0.583093392395718,15,38,55,0,
0.901,False,False,0.5714285714285714,0.8837209302325582,0.3333333333333333,0.873015873015873,0.0,0.583093392395718,15,38,55,0,
0.902,False,False,0.5714285714285714,0.8837209302325582,0.3333333333333333,0.873015873015873,0.0,0.583093392395718,15,38,55,0,
0.903,False,False,0.5714285714285714,0.8837209302325582,0.3333333333333333,0.873015873015873,0.0,0.583093392395718,15,38,55,0,
0.904,False,False,0.5714285714285714,0.8837209302325582,0.3333333333333333,0.873015873015873,0.0,0.583093392395718,15,38,55,0,
0.905,False,False,0.5714285714285714,0.8837209302325582,0.3333333333333333,0.873015873015873,0.0,0.583093392395718,15,38,55,0,
0.906,False,False,0.5714285714285714,0.8837209302325582,0.3333333333333333,0.873015873015873,0.0,0.583093392395718,15,38,55,0,
0.907,False,False,0.5714285714285714,0.8837209302325582,0.3333333333333333,0.873015873015873,0.0,0.583093392395718,15,38,55,0,
0.908,False,False,0.5714285714285714,0.8837209302325582,0.3333333333333333,0.873015873015873,0.0,0.583093392395718,15,38,55,0,
0.909,False,False,0.5714285714285714,0.8837209302325582,0.3333333333333333,0.873015873015873,0.0,0.583093392395718,15,38,55,0,
0.91,False,False,0.5714285714285714,0.8837209302325582,0.3333333333333333,0.873015873015873,0.0,0.583093392395718,15,38,55,0,
0.911,False,False,0.5714285714285714,0.8837209302325582,0.3333333333333333,0.873015873015873,0.0,0.583093392395718,15,38,55,0,
0.912,False,False,0.5714285714285714,0.8372093023255814,0.3333333333333333,0.8412698412698413,0.0,0.5706164636397195,15,36,53,0,
0.913,False,False,0.5714285714285714,0.8372093023255814,0.3333333333333333,0.8412698412698413,0.0,0.5706164636397195,15,36,53,0,
0.914,False,False,0.5714285714285714,0.8372093023255814,0.3333333333333333,0.8412698412698413,0.0,0.5706164636397195,15,36,53,0,
0.915,False,False,0.5714285714285714,0.8372093023255814,0.3333333333333333,0.8412698412698413,0.0,0.5706164636397195,15,36,53,0,
0.916,False,False,0.5714285714285714,0.8372093023255814,0.3333333333333333,0.8412698412698413,0.0,0.5706164636397195,15,36,53,0,
0.917,False,False,0.5714285714285714,0.8372093023255814,0.3333333333333333,0.8412698412698413,0.0,0.5706164636397195,15,36,53,0,
0.918,False,False,0.5714285714285714,0.8372093023255814,0.3333333333333333,0.8412698412698413,0.0,0.5706164636397195,15,36,53,0,
0.919,False,False,0.5714285714285714,0.8372093023255814,0.3333333333333333,0.8412698412698413,0.0,0.5706164636397195,15,36,53,0,
0.92,False,False,0.5714285714285714,0.8372093023255814,0.3333333333333333,0.8412698412698413,0.0,0.5706164636397195,15,36,53,0,
0.921,False,False,0.5714285714285714,0.8372093023255814,0.3333333333333333,0.8412698412698413,0.0,0.5706164636397195,15,36,53,0,
0.922,False,False,0.5714285714285714,0.8372093023255814,0.3333333333333333,0.8412698412698413,0.0,0.5706164636397195,15,36,53,0,
0.923,False,False,0.5714285714285714,0.8372093023255814,0.3333333333333333,0.8412698412698413,0.0,0.5706164636397195,15,36,53,0,
0.924,False,False,0.5714285714285714,0.8372093023255814,0.3333333333333333,0.8412698412698413,0.0,0.5706164636397195,15,36,53,0,
0.925,False,False,0.5714285714285714,0.8372093023255814,0.3333333333333333,0.8412698412698413,0.0,0.5706164636397195,15,36,53,0,
0.926,False,False,0.5714285714285714,0.8372093023255814,0.3333333333333333,0.8412698412698413,0.0,0.5706164636397195,15,36,53,0,
0.927,False,False,0.5714285714285714,0.8372093023255814,0.3333333333333333,0.8412698412698413,0.0,0.5706164636397195,15,36,53,0,
0.928,False,False,0.5714285714285714,0.8372093023255814,0.3333333333333333,0.8412698412698413,0.0,0.5706164636397195,15,36,53,0,
0.929,False,False,0.5714285714285714,0.8372093023255814,0.3333333333333333,0.8412698412698413,0.0,0.5706164636397195,15,36,53,0,
0.93,False,False,0.5714285714285714,0.8372093023255814,0.3333333333333333,0.8412698412698413,0.0,0.5706164636397195,15,36,53,0,
0.931,False,False,0.5714285714285714,0.8372093023255814,0.3333333333333333,0.8412698412698413,0.0,0.5706164636397195,15,36,53,0,
0.932,False,False,0.5714285714285714,0.8372093023255814,0.3333333333333333,0.8412698412698413,0.0,0.5706164636397195,15,36,53,0,
0.933,False,False,0.5714285714285714,0.8372093023255814,0.3333333333333333,0.8412698412698413,0.0,0.5706164636397195,15,36,53,0,
0.934,False,False,0.5714285714285714,0.7906976744186046,0.3333333333333333,0.8095238095238095,0.0,0.5581395348837209,15,34,51,0,
0.935,False,False,0.5714285714285714,0.7906976744186046,0.3333333333333333,0.8095238095238095,0.0,0.5581395348837209,15,34,51,0,
0.936,False,False,0.5714285714285714,0.7906976744186046,0.3333333333333333,0.8095238095238095,0.0,0.5581395348837209,15,34,51,0,
0.937,False,False,0.5714285714285714,0.7906976744186046,0.3333333333333333,0.8095238095238095,0.0,0.5581395348837209,15,34,51,0,
0.938,False,False,0.5714285714285714,0.7441860465116279,0.3333333333333333,0.7777777777777778,0.0,0.5456626061277223,15,32,49,0,
0.939,False,False,0.5714285714285714,0.7441860465116279,0.3333333333333333,0.7777777777777778,0.0,0.5456626061277223,15,32,49,0,
0.94,False,False,0.5714285714285714,0.7441860465116279,0.3333333333333333,0.7777777777777778,0.0,0.5456626061277223,15,32,49,0,
0.941,False,False,0.5714285714285714,0.7441860465116279,0.3333333333333333,0.7777777777777778,0.0,0.5456626061277223,15,32,49,0,
0.942,False,False,0.5714285714285714,0.7441860465116279,0.3333333333333333,0.7777777777777778,0.0,0.5456626061277223,15,32,49,0,
0.943,False,False,0.5714285714285714,0.7441860465116279,0.3333333333333333,0.7777777777777778,0.0,0.5456626061277223,15,32,49,0,
0.944,False,False,0.5714285714285714,0.7441860465116279,0.3333333333333333,0.7777777777777778,0.0,0.5456626061277223,15,32,49,0,
0.945,False,False,0.5714285714285714,0.7441860465116279,0.3333333333333333,0.7777777777777778,0.0,0.5456626061277223,15,32,49,0,
0.946,False,False,0.5714285714285714,0.7441860465116279,0.3333333333333333,0.7777777777777778,0.0,0.5456626061277223,15,32,49,0,
0.947,False,False,0.5714285714285714,0.7441860465116279,0.3333333333333333,0.7777777777777778,0.0,0.5456626061277223,15,32,49,0,
0.948,False,False,0.5714285714285714,0.7441860465116279,0.3333333333333333,0.7777777777777778,0.0,0.5456626061277223,15,32,49,0,
0.949,False,False,0.5714285714285714,0.6976744186046512,0.3333333333333333,0.746031746031746,0.0,0.5331856773717238,15,30,47,0,
0.95,False,False,0.5714285714285714,0.6976744186046512,0.3333333333333333,0.746031746031746,0.0,0.5331856773717238,15,30,47,0,
0.951,False,False,0.5714285714285714,0.6976744186046512,0.3333333333333333,0.746031746031746,0.0,0.5331856773717238,15,30,47,0,
0.952,False,False,0.5714285714285714,0.6976744186046512,0.3333333333333333,0.746031746031746,0.0,0.5331856773717238,15,30,47,0,
0.953,False,False,0.5714285714285714,0.6976744186046512,0.3333333333333333,0.746031746031746,0.0,0.5331856773717238,15,30,47,0,
0.954,False,False,0.5714285714285714,0.6976744186046512,0.3333333333333333,0.746031746031746,0.0,0.5331856773717238,15,30,47,0,
0.955,False,False,0.5714285714285714,0.6976744186046512,0.3333333333333333,0.746031746031746,0.0,0.5331856773717238,15,30,47,0,
0.956,False,False,0.5714285714285714,0.6976744186046512,0.3333333333333333,0.746031746031746,0.0,0.5331856773717238,15,30,47,0,
0.957,False,False,0.5714285714285714,0.6976744186046512,0.3333333333333333,0.746031746031746,0.0,0.5331856773717238,15,30,47,0,
0.958,False,False,0.5714285714285714,0.6976744186046512,0.3333333333333333,0.746031746031746,0.0,0.5331856773717238,15,30,47,0,
0.959,False,False,0.5714285714285714,0.6976744186046512,0.3333333333333333,0.746031746031746,0.0,0.5331856773717238,15,30,47,0,
0.96,False,False,0.5714285714285714,0.6976744186046512,0.3333333333333333,0.746031746031746,0.0,0.5331856773717238,15,30,47,0,
0.961,False,False,0.5714285714285714,0.6976744186046512,0.3333333333333333,0.746031746031746,0.0,0.5331856773717238,15,30,47,0,
0.962,False,False,0.5714285714285714,0.6976744186046512,0.3333333333333333,0.746031746031746,0.0,0.5331856773717238,15,30,47,0,
0.963,False,False,0.5714285714285714,0.6976744186046512,0.3333333333333333,0.746031746031746,0.0,0.5331856773717238,15,30,47,0,
0.964,False,False,0.5714285714285714,0.6976744186046512,0.3333333333333333,0.746031746031746,0.0,0.5331856773717238,15,30,47,0,
0.965,False,False,0.5714285714285714,0.6976744186046512,0.3333333333333333,0.746031746031746,0.0,0.5331856773717238,15,30,47,0,
0.966,False,False,0.5714285714285714,0.6976744186046512,0.3333333333333333,0.746031746031746,0.0,0.5331856773717238,15,30,47,0,
0.967,False,False,0.5714285714285714,0.6976744186046512,0.3333333333333333,0.746031746031746,0.0,0.5331856773717238,15,30,47,0,
0.968,False,False,0.5714285714285714,0.6976744186046512,0.3333333333333333,0.746031746031746,0.0,0.5331856773717238,15,30,47,0,
0.969,False,False,0.5714285714285714,0.6976744186046512,0.3333333333333333,0.746031746031746,0.0,0.5331856773717238,15,30,47,0,
0.97,False,False,0.5714285714285714,0.6976744186046512,0.3333333333333333,0.746031746031746,0.0,0.5331856773717238,15,30,47,0,
0.971,False,False,0.5714285714285714,0.6976744186046512,0.3333333333333333,0.746031746031746,0.0,0.5331856773717238,15,30,47,0,
0.972,False,False,0.5714285714285714,0.6976744186046512,0.3333333333333333,0.746031746031746,0.0,0.5331856773717238,15,30,47,0,
0.973,False,False,0.5714285714285714,0.6976744186046512,0.3333333333333333,0.746031746031746,0.0,0.5331856773717238,15,30,47,0,
0.974,False,False,0.5714285714285714,0.6976744186046512,0.3333333333333333,0.746031746031746,0.0,0.5331856773717238,15,30,47,0,
0.975,False,False,0.5714285714285714,0.6976744186046512,0.3333333333333333,0.746031746031746,0.0,0.5331856773717238,15,30,47,0,
0.976,False,False,0.5714285714285714,0.6976744186046512,0.3333333333333333,0.746031746031746,0.0,0.5331856773717238,15,30,47,0,
0.977,False,False,0.5714285714285714,0.6511627906976745,0.3333333333333333,0.7142857142857143,0.0,0.5207087486157254,15,28,45,0,
0.978,False,False,0.5714285714285714,0.6046511627906976,0.3333333333333333,0.6825396825396826,0.0,0.5082318198597268,15,26,43,0,
0.979,False,False,0.5714285714285714,0.6046511627906976,0.3333333333333333,0.6825396825396826,0.0,0.5082318198597268,15,26,43,0,
0.98,False,False,0.5714285714285714,0.6046511627906976,0.3333333333333333,0.6825396825396826,0.0,0.5082318198597268,15,26,43,0,
0.981,False,False,0.5714285714285714,0.6046511627906976,0.3333333333333333,0.6825396825396826,0.0,0.5082318198597268,15,26,43,0,
0.982,False,False,0.5714285714285714,0.6046511627906976,0.3333333333333333,0.6825396825396826,0.0,0.5082318198597268,15,26,43,0,
0.983,False,False,0.5714285714285714,0.6046511627906976,0.3333333333333333,0.6825396825396826,0.0,0.5082318198597268,15,26,43,0,
0.984,False,False,0.5714285714285714,0.6046511627906976,0.3333333333333333,0.6825396825396826,0.0,0.5082318198597268,15,26,43,0,
0.985,False,False,0.5714285714285714,0.6046511627906976,0.3333333333333333,0.6825396825396826,0.0,0.5082318198597268,15,26,43,0,
0.986,False,False,0.5714285714285714,0.6046511627906976,0.3333333333333333,0.6825396825396826,0.0,0.5082318198597268,15,26,43,0,
0.987,False,False,0.5714285714285714,0.6046511627906976,0.3333333333333333,0.6825396825396826,0.0,0.5082318198597268,15,26,43,0,
0.988,False,False,0.5714285714285714,0.6046511627906976,0.3333333333333333,0.6825396825396826,0.0,0.5082318198597268,15,26,43,0,
0.989,False,False,0.5714285714285714,0.6046511627906976,0.3333333333333333,0.6825396825396826,0.0,0.5082318198597268,15,26,43,0,
0.99,False,False,0.5714285714285714,0.6046511627906976,0.3333333333333333,0.6825396825396826,0.0,0.5082318198597268,15,26,43,0,
0.991,False,False,0.5714285714285714,0.6046511627906976,0.3333333333333333,0.6825396825396826,0.0,0.5082318198597268,15,26,43,0,
0.992,False,False,0.5714285714285714,0.6046511627906976,0.3333333333333333,0.6825396825396826,0.0,0.5082318198597268,15,26,43,0,
0.993,False,False,0.5714285714285714,0.6046511627906976,0.3333333333333333,0.6825396825396826,0.0,0.5082318198597268,15,26,43,0,
0.994,False,False,0.5714285714285714,0.6046511627906976,0.3333333333333333,0.6825396825396826,0.0,0.5082318198597268,15,26,43,0,
0.995,False,False,0.5714285714285714,0.6046511627906976,0.3333333333333333,0.6825396825396826,0.0,0.5082318198597268,15,26,43,0,
0.996,False,False,0.5714285714285714,0.6046511627906976,0.3333333333333333,0.6825396825396826,0.0,0.5082318198597268,15,26,43,0,
0.997,False,False,0.5714285714285714,0.6046511627906976,0.3333333333333333,0.6825396825396826,0.0,0.5082318198597268,15,26,43,0,
0.998,False,False,0.5714285714285714,0.6046511627906976,0.3333333333333333,0.6825396825396826,0.0,0.5082318198597268,15,26,43,0,
0.999,False,False,0.5714285714285714,0.6046511627906976,0.3333333333333333,0.6825396825396826,0.0,0.5082318198597268,15,26,43,0,
1.0,False,False,0.3333333333333333,0.4186046511627907,0.3333333333333333,0.47619047619047616,0.0,0.33133997785160574,10,18,30,0,
